{
  "type": "FeatureCollection",
  "features": [
    {
      "type": "Feature",
      "geometry": {
        "type": "Polygon",
        "coordinates": [
          [
            [
              77.5919402,
              12.9721135
            ],
            [
              77.5926206,
              12.9721135
            ],
            [
              77.5926206,
              12.9724108
            ],
            [
              77.5919402,
              12.9724108
            ],
            [
              77.5919402,
              12.9721135
            ]
          ]
        ]
      },
      "properties": {
        "id": "bld_0001",
        "building_type": "residential",
        "height": 31,
        "floors": 9
      }
    },
    {
      "type": "Feature",
      "geometry": {
        "type": "Polygon",
        "coordinates": [
          [
            [
              77.5924351,
              12.9744198
            ],
            [
              77.5936309,
              12.9744198
            ],
            [
              77.5936309,
              12.9748703
            ],
            [
              77.5924351,
              12.9748703
            ],
            [
              77.5924351,
              12.9744198
            ]
          ]
        ]
      },
      "properties": {
        "id": "bld_0002",
        "building_type": "commercial",
        "height": 37,
        "floors": 12
      }
    },
    {
      "type": "Feature",
      "geometry": {
        "type": "Polygon",
        "coordinates": [
          [
            [
              77.5801258,
              12.9658793
            ],
            [
              77.5810227,
              12.9658793
            ],
            [
              77.5810227,
              12.9665099
            ],
            [
              77.5801258,
              12.9665099
            ],
            [
              77.5801258,
              12.9658793
            ]
          ]
        ]
      },
      "properties": {
        "id": "bld_0003",
        "building_type": "office",
        "height": 40,
        "floors": 12
      }
    },
    {
      "type": "Feature",
      "geometry": {
        "type": "Polygon",
        "coordinates": [
          [
            [
              77.5772701,
              12.9598432
            ],
            [
              77.5782907,
              12.9598432
            ],
            [
              77.5782907,
              12.9603387
            ],
            [
              77.5772701,
              12.9603387
            ],
            [
              77.5772701,
              12.9598432
            ]
          ]
        ]
      },
      "properties": {
        "id": "bld_0004",
        "building_type": "hospital",
        "height": 42,
        "floors": 14
      }
    },
    {
      "type": "Feature",
      "geometry": {
        "type": "Polygon",
        "coordinates": [
          [
            [
              77.5848474,
              12.9606811
            ],
            [
              77.5856619,
              12.9606811
            ],
            [
              77.5856619,
              12.9617171
            ],
            [
              77.5848474,
              12.9617171
            ],
            [
              77.5848474,
              12.9606811
            ]
          ]
        ]
      },
      "properties": {
        "id": "bld_0005",
        "building_type": "residential",
        "height": 38,
        "floors": 12
      }
    },
    {
      "type": "Feature",
      "geometry": {
        "type": "Polygon",
        "coordinates": [
          [
            [
              77.5929814,
              12.9690685
            ],
            [
              77.5940536,
              12.9690685
            ],
            [
              77.5940536,
              12.9701045
            ],
            [
              77.5929814,
              12.9701045
            ],
            [
              77.5929814,
              12.9690685
            ]
          ]
        ]
      },
      "properties": {
        "id": "bld_0006",
        "building_type": "commercial",
        "height": 70,
        "floors": 22
      }
    },
    {
      "type": "Feature",
      "geometry": {
        "type": "Polygon",
        "coordinates": [
          [
            [
              77.6127649,
              12.9859514
            ],
            [
              77.6131155,
              12.9859514
            ],
            [
              77.6131155,
              12.9862486
            ],
            [
              77.6127649,
              12.9862486
            ],
            [
              77.6127649,
              12.9859514
            ]
          ]
        ]
      },
      "properties": {
        "id": "bld_0007",
        "building_type": "office",
        "height": 81,
        "floors": 26
      }
    },
    {
      "type": "Feature",
      "geometry": {
        "type": "Polygon",
        "coordinates": [
          [
            [
              77.5776412,
              12.9549514
            ],
            [
              77.5780433,
              12.9549514
            ],
            [
              77.5780433,
              12.9554919
            ],
            [
              77.5776412,
              12.9554919
            ],
            [
              77.5776412,
              12.9549514
            ]
          ]
        ]
      },
      "properties": {
        "id": "bld_0008",
        "building_type": "hospital",
        "height": 68,
        "floors": 22
      }
    },
    {
      "type": "Feature",
      "geometry": {
        "type": "Polygon",
        "coordinates": [
          [
            [
              77.5955588,
              12.9511766
            ],
            [
              77.5964866,
              12.9511766
            ],
            [
              77.5964866,
              12.9518072
            ],
            [
              77.5955588,
              12.9518072
            ],
            [
              77.5955588,
              12.9511766
            ]
          ]
        ]
      },
      "properties": {
        "id": "bld_0009",
        "building_type": "residential",
        "height": 57,
        "floors": 19
      }
    },
    {
      "type": "Feature",
      "geometry": {
        "type": "Polygon",
        "coordinates": [
          [
            [
              77.5900639,
              12.9639243
            ],
            [
              77.5910639,
              12.9639243
            ],
            [
              77.5910639,
              12.9646
            ],
            [
              77.5900639,
              12.9646
            ],
            [
              77.5900639,
              12.9639243
            ]
          ]
        ]
      },
      "properties": {
        "id": "bld_0010",
        "building_type": "commercial",
        "height": 53,
        "floors": 17
      }
    },
    {
      "type": "Feature",
      "geometry": {
        "type": "Polygon",
        "coordinates": [
          [
            [
              77.5820948,
              12.9649514
            ],
            [
              77.5827031,
              12.9649514
            ],
            [
              77.5827031,
              12.9652937
            ],
            [
              77.5820948,
              12.9652937
            ],
            [
              77.5820948,
              12.9649514
            ]
          ]
        ]
      },
      "properties": {
        "id": "bld_0011",
        "building_type": "office",
        "height": 48,
        "floors": 16
      }
    },
    {
      "type": "Feature",
      "geometry": {
        "type": "Polygon",
        "coordinates": [
          [
            [
              77.6012598,
              12.9738072
            ],
            [
              77.6023113,
              12.9738072
            ],
            [
              77.6023113,
              12.9741405
            ],
            [
              77.6012598,
              12.9741405
            ],
            [
              77.6012598,
              12.9738072
            ]
          ]
        ]
      },
      "properties": {
        "id": "bld_0012",
        "building_type": "hospital",
        "height": 16,
        "floors": 4
      }
    },
    {
      "type": "Feature",
      "geometry": {
        "type": "Polygon",
        "coordinates": [
          [
            [
              77.5802495,
              12.959582
            ],
            [
              77.5809196,
              12.959582
            ],
            [
              77.5809196,
              12.9599153
            ],
            [
              77.5802495,
              12.9599153
            ],
            [
              77.5802495,
              12.959582
            ]
          ]
        ]
      },
      "properties": {
        "id": "bld_0013",
        "building_type": "residential",
        "height": 23,
        "floors": 7
      }
    },
    {
      "type": "Feature",
      "geometry": {
        "type": "Polygon",
        "coordinates": [
          [
            [
              77.5970433,
              12.9720595
            ],
            [
              77.5981567,
              12.9720595
            ],
            [
              77.5981567,
              12.9724468
            ],
            [
              77.5970433,
              12.9724468
            ],
            [
              77.5970433,
              12.9720595
            ]
          ]
        ]
      },
      "properties": {
        "id": "bld_0014",
        "building_type": "commercial",
        "height": 7,
        "floors": 1
      }
    },
    {
      "type": "Feature",
      "geometry": {
        "type": "Polygon",
        "coordinates": [
          [
            [
              77.5868784,
              12.9698432
            ],
            [
              77.5879918,
              12.9698432
            ],
            [
              77.5879918,
              12.970573
            ],
            [
              77.5868784,
              12.970573
            ],
            [
              77.5868784,
              12.9698432
            ]
          ]
        ]
      },
      "properties": {
        "id": "bld_0015",
        "building_type": "office",
        "height": 63,
        "floors": 20
      }
    },
    {
      "type": "Feature",
      "geometry": {
        "type": "Polygon",
        "coordinates": [
          [
            [
              77.5750536,
              12.9816541
            ],
            [
              77.5757443,
              12.9816541
            ],
            [
              77.5757443,
              12.9821766
            ],
            [
              77.5750536,
              12.9821766
            ],
            [
              77.5750536,
              12.9816541
            ]
          ]
        ]
      },
      "properties": {
        "id": "bld_0016",
        "building_type": "hospital",
        "height": 15,
        "floors": 5
      }
    },
    {
      "type": "Feature",
      "geometry": {
        "type": "Polygon",
        "coordinates": [
          [
            [
              77.5818784,
              12.9646541
            ],
            [
              77.5830639,
              12.9646541
            ],
            [
              77.5830639,
              12.9654108
            ],
            [
              77.5818784,
              12.9654108
            ],
            [
              77.5818784,
              12.9646541
            ]
          ]
        ]
      },
      "properties": {
        "id": "bld_0017",
        "building_type": "residential",
        "height": 79,
        "floors": 25
      }
    },
    {
      "type": "Feature",
      "geometry": {
        "type": "Polygon",
        "coordinates": [
          [
            [
              77.6111155,
              12.9814108
            ],
            [
              77.6120639,
              12.9814108
            ],
            [
              77.6120639,
              12.9820775
            ],
            [
              77.6111155,
              12.9820775
            ],
            [
              77.6111155,
              12.9814108
            ]
          ]
        ]
      },
      "properties": {
        "id": "bld_0018",
        "building_type": "commercial",
        "height": 89,
        "floors": 29
      }
    },
    {
      "type": "Feature",
      "geometry": {
        "type": "Polygon",
        "coordinates": [
          [
            [
              77.6064763,
              12.9873297
            ],
            [
              77.6068474,
              12.9873297
            ],
            [
              77.6068474,
              12.9883117
            ],
            [
              77.6064763,
              12.9883117
            ],
            [
              77.6064763,
              12.9873297
            ]
          ]
        ]
      },
      "properties": {
        "id": "bld_0019",
        "building_type": "office",
        "height": 45,
        "floors": 14
      }
    },
    {
      "type": "Feature",
      "geometry": {
        "type": "Polygon",
        "coordinates": [
          [
            [
              77.5911773,
              12.9827892
            ],
            [
              77.5923526,
              12.9827892
            ],
            [
              77.5923526,
              12.983609
            ],
            [
              77.5911773,
              12.983609
            ],
            [
              77.5911773,
              12.9827892
            ]
          ]
        ]
      },
      "properties": {
        "id": "bld_0020",
        "building_type": "hospital",
        "height": 17,
        "floors": 5
      }
    },
    {
      "type": "Feature",
      "geometry": {
        "type": "Polygon",
        "coordinates": [
          [
            [
              77.6028165,
              12.965636
            ],
            [
              77.6040433,
              12.965636
            ],
            [
              77.6040433,
              12.9662937
            ],
            [
              77.6028165,
              12.9662937
            ],
            [
              77.6028165,
              12.965636
            ]
          ]
        ]
      },
      "properties": {
        "id": "bld_0021",
        "building_type": "residential",
        "height": 24,
        "floors": 7
      }
    },
    {
      "type": "Feature",
      "geometry": {
        "type": "Polygon",
        "coordinates": [
          [
            [
              77.6132598,
              12.982627
            ],
            [
              77.6140124,
              12.982627
            ],
            [
              77.6140124,
              12.9833027
            ],
            [
              77.6132598,
              12.9833027
            ],
            [
              77.6132598,
              12.982627
            ]
          ]
        ]
      },
      "properties": {
        "id": "bld_0022",
        "building_type": "commercial",
        "height": 54,
        "floors": 17
      }
    },
    {
      "type": "Feature",
      "geometry": {
        "type": "Polygon",
        "coordinates": [
          [
            [
              77.6115485,
              12.9794829
            ],
            [
              77.6123216,
              12.9794829
            ],
            [
              77.6123216,
              12.9799243
            ],
            [
              77.6115485,
              12.9799243
            ],
            [
              77.6115485,
              12.9794829
            ]
          ]
        ]
      },
      "properties": {
        "id": "bld_0023",
        "building_type": "office",
        "height": 79,
        "floors": 26
      }
    },
    {
      "type": "Feature",
      "geometry": {
        "type": "Polygon",
        "coordinates": [
          [
            [
              77.5870742,
              12.9729063
            ],
            [
              77.5879711,
              12.9729063
            ],
            [
              77.5879711,
              12.9734649
            ],
            [
              77.5870742,
              12.9734649
            ],
            [
              77.5870742,
              12.9729063
            ]
          ]
        ]
      },
      "properties": {
        "id": "bld_0024",
        "building_type": "hospital",
        "height": 85,
        "floors": 27
      }
    },
    {
      "type": "Feature",
      "geometry": {
        "type": "Polygon",
        "coordinates": [
          [
            [
              77.581734,
              12.9788072
            ],
            [
              77.5825485,
              12.9788072
            ],
            [
              77.5825485,
              12.9793027
            ],
            [
              77.581734,
              12.9793027
            ],
            [
              77.581734,
              12.9788072
            ]
          ]
        ]
      },
      "properties": {
        "id": "bld_0025",
        "building_type": "residential",
        "height": 51,
        "floors": 16
      }
    },
    {
      "type": "Feature",
      "geometry": {
        "type": "Polygon",
        "coordinates": [
          [
            [
              77.613332,
              12.9655459
            ],
            [
              77.6139711,
              12.9655459
            ],
            [
              77.6139711,
              12.966564
            ],
            [
              77.613332,
              12.966564
            ],
            [
              77.613332,
              12.9655459
            ]
          ]
        ]
      },
      "properties": {
        "id": "bld_0026",
        "building_type": "commercial",
        "height": 70,
        "floors": 23
      }
    },
    {
      "type": "Feature",
      "geometry": {
        "type": "Polygon",
        "coordinates": [
          [
            [
              77.5976619,
              12.9772396
            ],
            [
              77.5983113,
              12.9772396
            ],
            [
              77.5983113,
              12.9776721
            ],
            [
              77.5976619,
              12.9776721
            ],
            [
              77.5976619,
              12.9772396
            ]
          ]
        ]
      },
      "properties": {
        "id": "bld_0027",
        "building_type": "office",
        "height": 93,
        "floors": 30
      }
    },
    {
      "type": "Feature",
      "geometry": {
        "type": "Polygon",
        "coordinates": [
          [
            [
              77.6065072,
              12.9864829
            ],
            [
              77.6076619,
              12.9864829
            ],
            [
              77.6076619,
              12.9871495
            ],
            [
              77.6065072,
              12.9871495
            ],
            [
              77.6065072,
              12.9864829
            ]
          ]
        ]
      },
      "properties": {
        "id": "bld_0028",
        "building_type": "hospital",
        "height": 67,
        "floors": 22
      }
    },
    {
      "type": "Feature",
      "geometry": {
        "type": "Polygon",
        "coordinates": [
          [
            [
              77.6008062,
              12.9701315
            ],
            [
              77.6013216,
              12.9701315
            ],
            [
              77.6013216,
              12.9709153
            ],
            [
              77.6008062,
              12.9709153
            ],
            [
              77.6008062,
              12.9701315
            ]
          ]
        ]
      },
      "properties": {
        "id": "bld_0029",
        "building_type": "residential",
        "height": 30,
        "floors": 9
      }
    },
    {
      "type": "Feature",
      "geometry": {
        "type": "Polygon",
        "coordinates": [
          [
            [
              77.5967856,
              12.9822216
            ],
            [
              77.5977856,
              12.9822216
            ],
            [
              77.5977856,
              12.9831045
            ],
            [
              77.5967856,
              12.9831045
            ],
            [
              77.5967856,
              12.9822216
            ]
          ]
        ]
      },
      "properties": {
        "id": "bld_0030",
        "building_type": "commercial",
        "height": 13,
        "floors": 3
      }
    },
    {
      "type": "Feature",
      "geometry": {
        "type": "Polygon",
        "coordinates": [
          [
            [
              77.5900845,
              12.9740595
            ],
            [
              77.5912289,
              12.9740595
            ],
            [
              77.5912289,
              12.9746901
            ],
            [
              77.5900845,
              12.9746901
            ],
            [
              77.5900845,
              12.9740595
            ]
          ]
        ]
      },
      "properties": {
        "id": "bld_0031",
        "building_type": "office",
        "height": 21,
        "floors": 6
      }
    },
    {
      "type": "Feature",
      "geometry": {
        "type": "Polygon",
        "coordinates": [
          [
            [
              77.6009093,
              12.9747351
            ],
            [
              77.6016,
              12.9747351
            ],
            [
              77.6016,
              12.9753928
            ],
            [
              77.6009093,
              12.9753928
            ],
            [
              77.6009093,
              12.9747351
            ]
          ]
        ]
      },
      "properties": {
        "id": "bld_0032",
        "building_type": "hospital",
        "height": 29,
        "floors": 9
      }
    },
    {
      "type": "Feature",
      "geometry": {
        "type": "Polygon",
        "coordinates": [
          [
            [
              77.5710433,
              12.9700144
            ],
            [
              77.5721979,
              12.9700144
            ],
            [
              77.5721979,
              12.9710414
            ],
            [
              77.5710433,
              12.9710414
            ],
            [
              77.5710433,
              12.9700144
            ]
          ]
        ]
      },
      "properties": {
        "id": "bld_0033",
        "building_type": "residential",
        "height": 9,
        "floors": 2
      }
    },
    {
      "type": "Feature",
      "geometry": {
        "type": "Polygon",
        "coordinates": [
          [
            [
              77.6070227,
              12.9633568
            ],
            [
              77.6077959,
              12.9633568
            ],
            [
              77.6077959,
              12.9637441
            ],
            [
              77.6070227,
              12.9637441
            ],
            [
              77.6070227,
              12.9633568
            ]
          ]
        ]
      },
      "properties": {
        "id": "bld_0034",
        "building_type": "commercial",
        "height": 79,
        "floors": 26
      }
    },
    {
      "type": "Feature",
      "geometry": {
        "type": "Polygon",
        "coordinates": [
          [
            [
              77.5810536,
              12.9501135
            ],
            [
              77.5813938,
              12.9501135
            ],
            [
              77.5813938,
              12.9510685
            ],
            [
              77.5810536,
              12.9510685
            ],
            [
              77.5810536,
              12.9501135
            ]
          ]
        ]
      },
      "properties": {
        "id": "bld_0035",
        "building_type": "office",
        "height": 90,
        "floors": 30
      }
    },
    {
      "type": "Feature",
      "geometry": {
        "type": "Polygon",
        "coordinates": [
          [
            [
              77.5699093,
              12.9676541
            ],
            [
              77.5702289,
              12.9676541
            ],
            [
              77.5702289,
              12.9684378
            ],
            [
              77.5699093,
              12.9684378
            ],
            [
              77.5699093,
              12.9676541
            ]
          ]
        ]
      },
      "properties": {
        "id": "bld_0036",
        "building_type": "hospital",
        "height": 81,
        "floors": 27
      }
    },
    {
      "type": "Feature",
      "geometry": {
        "type": "Polygon",
        "coordinates": [
          [
            [
              77.5924557,
              12.9882126
            ],
            [
              77.5936619,
              12.9882126
            ],
            [
              77.5936619,
              12.9889694
            ],
            [
              77.5924557,
              12.9889694
            ],
            [
              77.5924557,
              12.9882126
            ]
          ]
        ]
      },
      "properties": {
        "id": "bld_0037",
        "building_type": "residential",
        "height": 64,
        "floors": 21
      }
    },
    {
      "type": "Feature",
      "geometry": {
        "type": "Polygon",
        "coordinates": [
          [
            [
              77.5822082,
              12.9830505
            ],
            [
              77.5834041,
              12.9830505
            ],
            [
              77.5834041,
              12.9834378
            ],
            [
              77.5822082,
              12.9834378
            ],
            [
              77.5822082,
              12.9830505
            ]
          ]
        ]
      },
      "properties": {
        "id": "bld_0038",
        "building_type": "commercial",
        "height": 31,
        "floors": 9
      }
    },
    {
      "type": "Feature",
      "geometry": {
        "type": "Polygon",
        "coordinates": [
          [
            [
              77.5718371,
              12.9561405
            ],
            [
              77.5728062,
              12.9561405
            ],
            [
              77.5728062,
              12.9564829
            ],
            [
              77.5718371,
              12.9564829
            ],
            [
              77.5718371,
              12.9561405
            ]
          ]
        ]
      },
      "properties": {
        "id": "bld_0039",
        "building_type": "office",
        "height": 56,
        "floors": 18
      }
    },
    {
      "type": "Feature",
      "geometry": {
        "type": "Polygon",
        "coordinates": [
          [
            [
              77.5870536,
              12.9698883
            ],
            [
              77.5882804,
              12.9698883
            ],
            [
              77.5882804,
              12.9707171
            ],
            [
              77.5870536,
              12.9707171
            ],
            [
              77.5870536,
              12.9698883
            ]
          ]
        ]
      },
      "properties": {
        "id": "bld_0040",
        "building_type": "hospital",
        "height": 75,
        "floors": 24
      }
    },
    {
      "type": "Feature",
      "geometry": {
        "type": "Polygon",
        "coordinates": [
          [
            [
              77.6060639,
              12.983573
            ],
            [
              77.6066928,
              12.983573
            ],
            [
              77.6066928,
              12.984627
            ],
            [
              77.6060639,
              12.984627
            ],
            [
              77.6060639,
              12.983573
            ]
          ]
        ]
      },
      "properties": {
        "id": "bld_0041",
        "building_type": "residential",
        "height": 4,
        "floors": 1
      }
    },
    {
      "type": "Feature",
      "geometry": {
        "type": "Polygon",
        "coordinates": [
          [
            [
              77.6035794,
              12.9594018
            ],
            [
              77.6040845,
              12.9594018
            ],
            [
              77.6040845,
              12.9603658
            ],
            [
              77.6035794,
              12.9603658
            ],
            [
              77.6035794,
              12.9594018
            ]
          ]
        ]
      },
      "properties": {
        "id": "bld_0042",
        "building_type": "commercial",
        "height": 31,
        "floors": 9
      }
    },
    {
      "type": "Feature",
      "geometry": {
        "type": "Polygon",
        "coordinates": [
          [
            [
              77.6005897,
              12.9554198
            ],
            [
              77.6010536,
              12.9554198
            ],
            [
              77.6010536,
              12.9558252
            ],
            [
              77.6005897,
              12.9558252
            ],
            [
              77.6005897,
              12.9554198
            ]
          ]
        ]
      },
      "properties": {
        "id": "bld_0043",
        "building_type": "office",
        "height": 85,
        "floors": 28
      }
    },
    {
      "type": "Feature",
      "geometry": {
        "type": "Polygon",
        "coordinates": [
          [
            [
              77.5750021,
              12.9503568
            ],
            [
              77.5760227,
              12.9503568
            ],
            [
              77.5760227,
              12.9514018
            ],
            [
              77.5750021,
              12.9514018
            ],
            [
              77.5750021,
              12.9503568
            ]
          ]
        ]
      },
      "properties": {
        "id": "bld_0044",
        "building_type": "hospital",
        "height": 30,
        "floors": 10
      }
    },
    {
      "type": "Feature",
      "geometry": {
        "type": "Polygon",
        "coordinates": [
          [
            [
              77.5772907,
              12.9603748
            ],
            [
              77.5779814,
              12.9603748
            ],
            [
              77.5779814,
              12.9606991
            ],
            [
              77.5772907,
              12.9606991
            ],
            [
              77.5772907,
              12.9603748
            ]
          ]
        ]
      },
      "properties": {
        "id": "bld_0045",
        "building_type": "residential",
        "height": 66,
        "floors": 21
      }
    },
    {
      "type": "Feature",
      "geometry": {
        "type": "Polygon",
        "coordinates": [
          [
            [
              77.5728062,
              12.9789153
            ],
            [
              77.5732701,
              12.9789153
            ],
            [
              77.5732701,
              12.9795009
            ],
            [
              77.5728062,
              12.9795009
            ],
            [
              77.5728062,
              12.9789153
            ]
          ]
        ]
      },
      "properties": {
        "id": "bld_0046",
        "building_type": "commercial",
        "height": 92,
        "floors": 30
      }
    },
    {
      "type": "Feature",
      "geometry": {
        "type": "Polygon",
        "coordinates": [
          [
            [
              77.5981773,
              12.9498703
            ],
            [
              77.5988474,
              12.9498703
            ],
            [
              77.5988474,
              12.9504649
            ],
            [
              77.5981773,
              12.9504649
            ],
            [
              77.5981773,
              12.9498703
            ]
          ]
        ]
      },
      "properties": {
        "id": "bld_0047",
        "building_type": "office",
        "height": 21,
        "floors": 7
      }
    },
    {
      "type": "Feature",
      "geometry": {
        "type": "Polygon",
        "coordinates": [
          [
            [
              77.5865072,
              12.9550505
            ],
            [
              77.5873113,
              12.9550505
            ],
            [
              77.5873113,
              12.955555
            ],
            [
              77.5865072,
              12.955555
            ],
            [
              77.5865072,
              12.9550505
            ]
          ]
        ]
      },
      "properties": {
        "id": "bld_0048",
        "building_type": "hospital",
        "height": 86,
        "floors": 28
      }
    },
    {
      "type": "Feature",
      "geometry": {
        "type": "Polygon",
        "coordinates": [
          [
            [
              77.5875175,
              12.9879784
            ],
            [
              77.588167,
              12.9879784
            ],
            [
              77.588167,
              12.9887171
            ],
            [
              77.5875175,
              12.9887171
            ],
            [
              77.5875175,
              12.9879784
            ]
          ]
        ]
      },
      "properties": {
        "id": "bld_0049",
        "building_type": "residential",
        "height": 82,
        "floors": 26
      }
    },
    {
      "type": "Feature",
      "geometry": {
        "type": "Polygon",
        "coordinates": [
          [
            [
              77.5767443,
              12.9676991
            ],
            [
              77.5777856,
              12.9676991
            ],
            [
              77.5777856,
              12.9680505
            ],
            [
              77.5767443,
              12.9680505
            ],
            [
              77.5767443,
              12.9676991
            ]
          ]
        ]
      },
      "properties": {
        "id": "bld_0050",
        "building_type": "commercial",
        "height": 76,
        "floors": 24
      }
    },
    {
      "type": "Feature",
      "geometry": {
        "type": "Polygon",
        "coordinates": [
          [
            [
              77.6026928,
              12.9741856
            ],
            [
              77.6033216,
              12.9741856
            ],
            [
              77.6033216,
              12.9748523
            ],
            [
              77.6026928,
              12.9748523
            ],
            [
              77.6026928,
              12.9741856
            ]
          ]
        ]
      },
      "properties": {
        "id": "bld_0051",
        "building_type": "office",
        "height": 12,
        "floors": 4
      }
    },
    {
      "type": "Feature",
      "geometry": {
        "type": "Polygon",
        "coordinates": [
          [
            [
              77.6115485,
              12.9825459
            ],
            [
              77.6122186,
              12.9825459
            ],
            [
              77.6122186,
              12.9833928
            ],
            [
              77.6115485,
              12.9833928
            ],
            [
              77.6115485,
              12.9825459
            ]
          ]
        ]
      },
      "properties": {
        "id": "bld_0052",
        "building_type": "hospital",
        "height": 45,
        "floors": 14
      }
    },
    {
      "type": "Feature",
      "geometry": {
        "type": "Polygon",
        "coordinates": [
          [
            [
              77.595332,
              12.9735279
            ],
            [
              77.5963423,
              12.9735279
            ],
            [
              77.5963423,
              12.9741586
            ],
            [
              77.595332,
              12.9741586
            ],
            [
              77.595332,
              12.9735279
            ]
          ]
        ]
      },
      "properties": {
        "id": "bld_0053",
        "building_type": "residential",
        "height": 15,
        "floors": 5
      }
    },
    {
      "type": "Feature",
      "geometry": {
        "type": "Polygon",
        "coordinates": [
          [
            [
              77.575332,
              12.9731495
            ],
            [
              77.576301,
              12.9731495
            ],
            [
              77.576301,
              12.9742126
            ],
            [
              77.575332,
              12.9742126
            ],
            [
              77.575332,
              12.9731495
            ]
          ]
        ]
      },
      "properties": {
        "id": "bld_0054",
        "building_type": "commercial",
        "height": 24,
        "floors": 8
      }
    },
    {
      "type": "Feature",
      "geometry": {
        "type": "Polygon",
        "coordinates": [
          [
            [
              77.570167,
              12.9725369
            ],
            [
              77.5710742,
              12.9725369
            ],
            [
              77.5710742,
              12.9731586
            ],
            [
              77.570167,
              12.9731586
            ],
            [
              77.570167,
              12.9725369
            ]
          ]
        ]
      },
      "properties": {
        "id": "bld_0055",
        "building_type": "office",
        "height": 80,
        "floors": 26
      }
    },
    {
      "type": "Feature",
      "geometry": {
        "type": "Polygon",
        "coordinates": [
          [
            [
              77.6003629,
              12.9553207
            ],
            [
              77.6014763,
              12.9553207
            ],
            [
              77.6014763,
              12.9562486
            ],
            [
              77.6003629,
              12.9562486
            ],
            [
              77.6003629,
              12.9553207
            ]
          ]
        ]
      },
      "properties": {
        "id": "bld_0056",
        "building_type": "hospital",
        "height": 36,
        "floors": 11
      }
    },
    {
      "type": "Feature",
      "geometry": {
        "type": "Polygon",
        "coordinates": [
          [
            [
              77.6114144,
              12.9568072
            ],
            [
              77.6117237,
              12.9568072
            ],
            [
              77.6117237,
              12.9571405
            ],
            [
              77.6114144,
              12.9571405
            ],
            [
              77.6114144,
              12.9568072
            ]
          ]
        ]
      },
      "properties": {
        "id": "bld_0057",
        "building_type": "residential",
        "height": 35,
        "floors": 11
      }
    },
    {
      "type": "Feature",
      "geometry": {
        "type": "Polygon",
        "coordinates": [
          [
            [
              77.5805485,
              12.9773207
            ],
            [
              77.5817134,
              12.9773207
            ],
            [
              77.5817134,
              12.9776631
            ],
            [
              77.5805485,
              12.9776631
            ],
            [
              77.5805485,
              12.9773207
            ]
          ]
        ]
      },
      "properties": {
        "id": "bld_0058",
        "building_type": "commercial",
        "height": 34,
        "floors": 10
      }
    },
    {
      "type": "Feature",
      "geometry": {
        "type": "Polygon",
        "coordinates": [
          [
            [
              77.5857031,
              12.9548342
            ],
            [
              77.5863835,
              12.9548342
            ],
            [
              77.5863835,
              12.9555369
            ],
            [
              77.5857031,
              12.9555369
            ],
            [
              77.5857031,
              12.9548342
            ]
          ]
        ]
      },
      "properties": {
        "id": "bld_0059",
        "building_type": "office",
        "height": 34,
        "floors": 11
      }
    },
    {
      "type": "Feature",
      "geometry": {
        "type": "Polygon",
        "coordinates": [
          [
            [
              77.5877546,
              12.9496541
            ],
            [
              77.5888887,
              12.9496541
            ],
            [
              77.5888887,
              12.9504739
            ],
            [
              77.5877546,
              12.9504739
            ],
            [
              77.5877546,
              12.9496541
            ]
          ]
        ]
      },
      "properties": {
        "id": "bld_0060",
        "building_type": "hospital",
        "height": 4,
        "floors": 1
      }
    },
    {
      "type": "Feature",
      "geometry": {
        "type": "Polygon",
        "coordinates": [
          [
            [
              77.5930845,
              12.9697171
            ],
            [
              77.5939093,
              12.9697171
            ],
            [
              77.5939093,
              12.9707712
            ],
            [
              77.5930845,
              12.9707712
            ],
            [
              77.5930845,
              12.9697171
            ]
          ]
        ]
      },
      "properties": {
        "id": "bld_0061",
        "building_type": "residential",
        "height": 50,
        "floors": 16
      }
    },
    {
      "type": "Feature",
      "geometry": {
        "type": "Polygon",
        "coordinates": [
          [
            [
              77.6080227,
              12.9811586
            ],
            [
              77.6091567,
              12.9811586
            ],
            [
              77.6091567,
              12.9817081
            ],
            [
              77.6080227,
              12.9817081
            ],
            [
              77.6080227,
              12.9811586
            ]
          ]
        ]
      },
      "properties": {
        "id": "bld_0062",
        "building_type": "commercial",
        "height": 73,
        "floors": 24
      }
    },
    {
      "type": "Feature",
      "geometry": {
        "type": "Polygon",
        "coordinates": [
          [
            [
              77.5716722,
              12.9511676
            ],
            [
              77.5720433,
              12.9511676
            ],
            [
              77.5720433,
              12.9516901
            ],
            [
              77.5716722,
              12.9516901
            ],
            [
              77.5716722,
              12.9511676
            ]
          ]
        ]
      },
      "properties": {
        "id": "bld_0063",
        "building_type": "office",
        "height": 10,
        "floors": 3
      }
    },
    {
      "type": "Feature",
      "geometry": {
        "type": "Polygon",
        "coordinates": [
          [
            [
              77.5810124,
              12.9683027
            ],
            [
              77.5816825,
              12.9683027
            ],
            [
              77.5816825,
              12.9689784
            ],
            [
              77.5810124,
              12.9689784
            ],
            [
              77.5810124,
              12.9683027
            ]
          ]
        ]
      },
      "properties": {
        "id": "bld_0064",
        "building_type": "hospital",
        "height": 25,
        "floors": 7
      }
    },
    {
      "type": "Feature",
      "geometry": {
        "type": "Polygon",
        "coordinates": [
          [
            [
              77.5974763,
              12.9648072
            ],
            [
              77.5979918,
              12.9648072
            ],
            [
              77.5979918,
              12.9652396
            ],
            [
              77.5974763,
              12.9652396
            ],
            [
              77.5974763,
              12.9648072
            ]
          ]
        ]
      },
      "properties": {
        "id": "bld_0065",
        "building_type": "residential",
        "height": 29,
        "floors": 9
      }
    },
    {
      "type": "Feature",
      "geometry": {
        "type": "Polygon",
        "coordinates": [
          [
            [
              77.5875485,
              12.9732036
            ],
            [
              77.5884041,
              12.9732036
            ],
            [
              77.5884041,
              12.9740505
            ],
            [
              77.5875485,
              12.9740505
            ],
            [
              77.5875485,
              12.9732036
            ]
          ]
        ]
      },
      "properties": {
        "id": "bld_0066",
        "building_type": "commercial",
        "height": 81,
        "floors": 27
      }
    },
    {
      "type": "Feature",
      "geometry": {
        "type": "Polygon",
        "coordinates": [
          [
            [
              77.5870639,
              12.9859243
            ],
            [
              77.5881464,
              12.9859243
            ],
            [
              77.5881464,
              12.9867171
            ],
            [
              77.5870639,
              12.9867171
            ],
            [
              77.5870639,
              12.9859243
            ]
          ]
        ]
      },
      "properties": {
        "id": "bld_0067",
        "building_type": "office",
        "height": 76,
        "floors": 25
      }
    },
    {
      "type": "Feature",
      "geometry": {
        "type": "Polygon",
        "coordinates": [
          [
            [
              77.5753629,
              12.9658523
            ],
            [
              77.5765175,
              12.9658523
            ],
            [
              77.5765175,
              12.966609
            ],
            [
              77.5753629,
              12.966609
            ],
            [
              77.5753629,
              12.9658523
            ]
          ]
        ]
      },
      "properties": {
        "id": "bld_0068",
        "building_type": "hospital",
        "height": 88,
        "floors": 29
      }
    },
    {
      "type": "Feature",
      "geometry": {
        "type": "Polygon",
        "coordinates": [
          [
            [
              77.6016412,
              12.9775459
            ],
            [
              77.6026103,
              12.9775459
            ],
            [
              77.6026103,
              12.978564
            ],
            [
              77.6016412,
              12.978564
            ],
            [
              77.6016412,
              12.9775459
            ]
          ]
        ]
      },
      "properties": {
        "id": "bld_0069",
        "building_type": "residential",
        "height": 18,
        "floors": 5
      }
    },
    {
      "type": "Feature",
      "geometry": {
        "type": "Polygon",
        "coordinates": [
          [
            [
              77.6006412,
              12.9549153
            ],
            [
              77.6017856,
              12.9549153
            ],
            [
              77.6017856,
              12.9555189
            ],
            [
              77.6006412,
              12.9555189
            ],
            [
              77.6006412,
              12.9549153
            ]
          ]
        ]
      },
      "properties": {
        "id": "bld_0070",
        "building_type": "commercial",
        "height": 28,
        "floors": 9
      }
    },
    {
      "type": "Feature",
      "geometry": {
        "type": "Polygon",
        "coordinates": [
          [
            [
              77.5863732,
              12.9600595
            ],
            [
              77.5873938,
              12.9600595
            ],
            [
              77.5873938,
              12.9609604
            ],
            [
              77.5863732,
              12.9609604
            ],
            [
              77.5863732,
              12.9600595
            ]
          ]
        ]
      },
      "properties": {
        "id": "bld_0071",
        "building_type": "office",
        "height": 60,
        "floors": 19
      }
    },
    {
      "type": "Feature",
      "geometry": {
        "type": "Polygon",
        "coordinates": [
          [
            [
              77.5717237,
              12.9640324
            ],
            [
              77.5721155,
              12.9640324
            ],
            [
              77.5721155,
              12.964564
            ],
            [
              77.5717237,
              12.964564
            ],
            [
              77.5717237,
              12.9640324
            ]
          ]
        ]
      },
      "properties": {
        "id": "bld_0072",
        "building_type": "hospital",
        "height": 58,
        "floors": 19
      }
    },
    {
      "type": "Feature",
      "geometry": {
        "type": "Polygon",
        "coordinates": [
          [
            [
              77.5745897,
              12.9770234
            ],
            [
              77.5757649,
              12.9770234
            ],
            [
              77.5757649,
              12.9780054
            ],
            [
              77.5745897,
              12.9780054
            ],
            [
              77.5745897,
              12.9770234
            ]
          ]
        ]
      },
      "properties": {
        "id": "bld_0073",
        "building_type": "residential",
        "height": 54,
        "floors": 18
      }
    },
    {
      "type": "Feature",
      "geometry": {
        "type": "Polygon",
        "coordinates": [
          [
            [
              77.5919711,
              12.9511405
            ],
            [
              77.5930845,
              12.9511405
            ],
            [
              77.5930845,
              12.9514378
            ],
            [
              77.5919711,
              12.9514378
            ],
            [
              77.5919711,
              12.9511405
            ]
          ]
        ]
      },
      "properties": {
        "id": "bld_0074",
        "building_type": "commercial",
        "height": 54,
        "floors": 17
      }
    },
    {
      "type": "Feature",
      "geometry": {
        "type": "Polygon",
        "coordinates": [
          [
            [
              77.5857856,
              12.9657261
            ],
            [
              77.5864144,
              12.9657261
            ],
            [
              77.5864144,
              12.9663207
            ],
            [
              77.5857856,
              12.9663207
            ],
            [
              77.5857856,
              12.9657261
            ]
          ]
        ]
      },
      "properties": {
        "id": "bld_0075",
        "building_type": "office",
        "height": 67,
        "floors": 21
      }
    },
    {
      "type": "Feature",
      "geometry": {
        "type": "Polygon",
        "coordinates": [
          [
            [
              77.5809711,
              12.952609
            ],
            [
              77.5821773,
              12.952609
            ],
            [
              77.5821773,
              12.9530775
            ],
            [
              77.5809711,
              12.9530775
            ],
            [
              77.5809711,
              12.952609
            ]
          ]
        ]
      },
      "properties": {
        "id": "bld_0076",
        "building_type": "hospital",
        "height": 75,
        "floors": 24
      }
    },
    {
      "type": "Feature",
      "geometry": {
        "type": "Polygon",
        "coordinates": [
          [
            [
              77.5973629,
              12.9866811
            ],
            [
              77.5978577,
              12.9866811
            ],
            [
              77.5978577,
              12.9876
            ],
            [
              77.5973629,
              12.9876
            ],
            [
              77.5973629,
              12.9866811
            ]
          ]
        ]
      },
      "properties": {
        "id": "bld_0077",
        "building_type": "residential",
        "height": 20,
        "floors": 6
      }
    },
    {
      "type": "Feature",
      "geometry": {
        "type": "Polygon",
        "coordinates": [
          [
            [
              77.5693629,
              12.9781045
            ],
            [
              77.570301,
              12.9781045
            ],
            [
              77.570301,
              12.9789423
            ],
            [
              77.5693629,
              12.9789423
            ],
            [
              77.5693629,
              12.9781045
            ]
          ]
        ]
      },
      "properties": {
        "id": "bld_0078",
        "building_type": "commercial",
        "height": 84,
        "floors": 28
      }
    },
    {
      "type": "Feature",
      "geometry": {
        "type": "Polygon",
        "coordinates": [
          [
            [
              77.6088577,
              12.9857261
            ],
            [
              77.6094763,
              12.9857261
            ],
            [
              77.6094763,
              12.9862757
            ],
            [
              77.6088577,
              12.9862757
            ],
            [
              77.6088577,
              12.9857261
            ]
          ]
        ]
      },
      "properties": {
        "id": "bld_0079",
        "building_type": "office",
        "height": 66,
        "floors": 21
      }
    },
    {
      "type": "Feature",
      "geometry": {
        "type": "Polygon",
        "coordinates": [
          [
            [
              77.6074763,
              12.9697892
            ],
            [
              77.6080021,
              12.9697892
            ],
            [
              77.6080021,
              12.9705459
            ],
            [
              77.6074763,
              12.9705459
            ],
            [
              77.6074763,
              12.9697892
            ]
          ]
        ]
      },
      "properties": {
        "id": "bld_0080",
        "building_type": "hospital",
        "height": 15,
        "floors": 5
      }
    },
    {
      "type": "Feature",
      "geometry": {
        "type": "Polygon",
        "coordinates": [
          [
            [
              77.574899,
              12.9862216
            ],
            [
              77.5759918,
              12.9862216
            ],
            [
              77.5759918,
              12.9870865
            ],
            [
              77.574899,
              12.9870865
            ],
            [
              77.574899,
              12.9862216
            ]
          ]
        ]
      },
      "properties": {
        "id": "bld_0081",
        "building_type": "residential",
        "height": 17,
        "floors": 5
      }
    },
    {
      "type": "Feature",
      "geometry": {
        "type": "Polygon",
        "coordinates": [
          [
            [
              77.575734,
              12.987645
            ],
            [
              77.5764351,
              12.987645
            ],
            [
              77.5764351,
              12.9882577
            ],
            [
              77.575734,
              12.9882577
            ],
            [
              77.575734,
              12.987645
            ]
          ]
        ]
      },
      "properties": {
        "id": "bld_0082",
        "building_type": "commercial",
        "height": 87,
        "floors": 28
      }
    },
    {
      "type": "Feature",
      "geometry": {
        "type": "Polygon",
        "coordinates": [
          [
            [
              77.5693835,
              12.9829063
            ],
            [
              77.5697959,
              12.9829063
            ],
            [
              77.5697959,
              12.983564
            ],
            [
              77.5693835,
              12.983564
            ],
            [
              77.5693835,
              12.9829063
            ]
          ]
        ]
      },
      "properties": {
        "id": "bld_0083",
        "building_type": "office",
        "height": 50,
        "floors": 16
      }
    },
    {
      "type": "Feature",
      "geometry": {
        "type": "Polygon",
        "coordinates": [
          [
            [
              77.5808062,
              12.9689423
            ],
            [
              77.5812082,
              12.9689423
            ],
            [
              77.5812082,
              12.9693748
            ],
            [
              77.5808062,
              12.9693748
            ],
            [
              77.5808062,
              12.9689423
            ]
          ]
        ]
      },
      "properties": {
        "id": "bld_0084",
        "building_type": "hospital",
        "height": 26,
        "floors": 8
      }
    },
    {
      "type": "Feature",
      "geometry": {
        "type": "Polygon",
        "coordinates": [
          [
            [
              77.5809711,
              12.9556901
            ],
            [
              77.5812804,
              12.9556901
            ],
            [
              77.5812804,
              12.9559784
            ],
            [
              77.5809711,
              12.9559784
            ],
            [
              77.5809711,
              12.9556901
            ]
          ]
        ]
      },
      "properties": {
        "id": "bld_0085",
        "building_type": "residential",
        "height": 92,
        "floors": 30
      }
    },
    {
      "type": "Feature",
      "geometry": {
        "type": "Polygon",
        "coordinates": [
          [
            [
              77.5981773,
              12.9866811
            ],
            [
              77.5987134,
              12.9866811
            ],
            [
              77.5987134,
              12.9874018
            ],
            [
              77.5981773,
              12.9874018
            ],
            [
              77.5981773,
              12.9866811
            ]
          ]
        ]
      },
      "properties": {
        "id": "bld_0086",
        "building_type": "commercial",
        "height": 27,
        "floors": 9
      }
    },
    {
      "type": "Feature",
      "geometry": {
        "type": "Polygon",
        "coordinates": [
          [
            [
              77.597466,
              12.9508793
            ],
            [
              77.5985278,
              12.9508793
            ],
            [
              77.5985278,
              12.9513477
            ],
            [
              77.597466,
              12.9513477
            ],
            [
              77.597466,
              12.9508793
            ]
          ]
        ]
      },
      "properties": {
        "id": "bld_0087",
        "building_type": "office",
        "height": 57,
        "floors": 19
      }
    },
    {
      "type": "Feature",
      "geometry": {
        "type": "Polygon",
        "coordinates": [
          [
            [
              77.6022082,
              12.9830144
            ],
            [
              77.6033938,
              12.9830144
            ],
            [
              77.6033938,
              12.9833027
            ],
            [
              77.6022082,
              12.9833027
            ],
            [
              77.6022082,
              12.9830144
            ]
          ]
        ]
      },
      "properties": {
        "id": "bld_0088",
        "building_type": "hospital",
        "height": 45,
        "floors": 14
      }
    },
    {
      "type": "Feature",
      "geometry": {
        "type": "Polygon",
        "coordinates": [
          [
            [
              77.5924763,
              12.9607441
            ],
            [
              77.5930227,
              12.9607441
            ],
            [
              77.5930227,
              12.9614649
            ],
            [
              77.5924763,
              12.9614649
            ],
            [
              77.5924763,
              12.9607441
            ]
          ]
        ]
      },
      "properties": {
        "id": "bld_0089",
        "building_type": "residential",
        "height": 78,
        "floors": 25
      }
    },
    {
      "type": "Feature",
      "geometry": {
        "type": "Polygon",
        "coordinates": [
          [
            [
              77.5810536,
              12.9565369
            ],
            [
              77.5817031,
              12.9565369
            ],
            [
              77.5817031,
              12.9573928
            ],
            [
              77.5810536,
              12.9573928
            ],
            [
              77.5810536,
              12.9565369
            ]
          ]
        ]
      },
      "properties": {
        "id": "bld_0090",
        "building_type": "commercial",
        "height": 21,
        "floors": 7
      }
    },
    {
      "type": "Feature",
      "geometry": {
        "type": "Polygon",
        "coordinates": [
          [
            [
              77.6004041,
              12.963627
            ],
            [
              77.601332,
              12.963627
            ],
            [
              77.601332,
              12.964609
            ],
            [
              77.6004041,
              12.964609
            ],
            [
              77.6004041,
              12.963627
            ]
          ]
        ]
      },
      "properties": {
        "id": "bld_0091",
        "building_type": "office",
        "height": 72,
        "floors": 24
      }
    },
    {
      "type": "Feature",
      "geometry": {
        "type": "Polygon",
        "coordinates": [
          [
            [
              77.6119711,
              12.986591
            ],
            [
              77.6130639,
              12.986591
            ],
            [
              77.6130639,
              12.9874198
            ],
            [
              77.6119711,
              12.9874198
            ],
            [
              77.6119711,
              12.986591
            ]
          ]
        ]
      },
      "properties": {
        "id": "bld_0092",
        "building_type": "hospital",
        "height": 16,
        "floors": 4
      }
    },
    {
      "type": "Feature",
      "geometry": {
        "type": "Polygon",
        "coordinates": [
          [
            [
              77.5717546,
              12.9834018
            ],
            [
              77.5726515,
              12.9834018
            ],
            [
              77.5726515,
              12.9841225
            ],
            [
              77.5717546,
              12.9841225
            ],
            [
              77.5717546,
              12.9834018
            ]
          ]
        ]
      },
      "properties": {
        "id": "bld_0093",
        "building_type": "residential",
        "height": 68,
        "floors": 22
      }
    },
    {
      "type": "Feature",
      "geometry": {
        "type": "Polygon",
        "coordinates": [
          [
            [
              77.5824041,
              12.9739243
            ],
            [
              77.5827649,
              12.9739243
            ],
            [
              77.5827649,
              12.9744288
            ],
            [
              77.5824041,
              12.9744288
            ],
            [
              77.5824041,
              12.9739243
            ]
          ]
        ]
      },
      "properties": {
        "id": "bld_0094",
        "building_type": "commercial",
        "height": 27,
        "floors": 9
      }
    },
    {
      "type": "Feature",
      "geometry": {
        "type": "Polygon",
        "coordinates": [
          [
            [
              77.5826103,
              12.9770414
            ],
            [
              77.5829814,
              12.9770414
            ],
            [
              77.5829814,
              12.9779604
            ],
            [
              77.5826103,
              12.9779604
            ],
            [
              77.5826103,
              12.9770414
            ]
          ]
        ]
      },
      "properties": {
        "id": "bld_0095",
        "building_type": "office",
        "height": 61,
        "floors": 20
      }
    },
    {
      "type": "Feature",
      "geometry": {
        "type": "Polygon",
        "coordinates": [
          [
            [
              77.5748371,
              12.9551586
            ],
            [
              77.5758165,
              12.9551586
            ],
            [
              77.5758165,
              12.9554468
            ],
            [
              77.5748371,
              12.9554468
            ],
            [
              77.5748371,
              12.9551586
            ]
          ]
        ]
      },
      "properties": {
        "id": "bld_0096",
        "building_type": "hospital",
        "height": 74,
        "floors": 24
      }
    },
    {
      "type": "Feature",
      "geometry": {
        "type": "Polygon",
        "coordinates": [
          [
            [
              77.6135175,
              12.9826
            ],
            [
              77.6145794,
              12.9826
            ],
            [
              77.6145794,
              12.9835189
            ],
            [
              77.6135175,
              12.9835189
            ],
            [
              77.6135175,
              12.9826
            ]
          ]
        ]
      },
      "properties": {
        "id": "bld_0097",
        "building_type": "residential",
        "height": 58,
        "floors": 19
      }
    },
    {
      "type": "Feature",
      "geometry": {
        "type": "Polygon",
        "coordinates": [
          [
            [
              77.6076825,
              12.9790595
            ],
            [
              77.6081258,
              12.9790595
            ],
            [
              77.6081258,
              12.9793838
            ],
            [
              77.6076825,
              12.9793838
            ],
            [
              77.6076825,
              12.9790595
            ]
          ]
        ]
      },
      "properties": {
        "id": "bld_0098",
        "building_type": "commercial",
        "height": 85,
        "floors": 28
      }
    },
    {
      "type": "Feature",
      "geometry": {
        "type": "Polygon",
        "coordinates": [
          [
            [
              77.577332,
              12.9865009
            ],
            [
              77.5784454,
              12.9865009
            ],
            [
              77.5784454,
              12.9869964
            ],
            [
              77.577332,
              12.9869964
            ],
            [
              77.577332,
              12.9865009
            ]
          ]
        ]
      },
      "properties": {
        "id": "bld_0099",
        "building_type": "office",
        "height": 91,
        "floors": 29
      }
    },
    {
      "type": "Feature",
      "geometry": {
        "type": "Polygon",
        "coordinates": [
          [
            [
              77.5981773,
              12.958591
            ],
            [
              77.5990845,
              12.958591
            ],
            [
              77.5990845,
              12.959582
            ],
            [
              77.5981773,
              12.959582
            ],
            [
              77.5981773,
              12.958591
            ]
          ]
        ]
      },
      "properties": {
        "id": "bld_0100",
        "building_type": "hospital",
        "height": 91,
        "floors": 29
      }
    },
    {
      "type": "Feature",
      "geometry": {
        "type": "Polygon",
        "coordinates": [
          [
            [
              77.5876206,
              12.9835459
            ],
            [
              77.5886206,
              12.9835459
            ],
            [
              77.5886206,
              12.9841405
            ],
            [
              77.5876206,
              12.9841405
            ],
            [
              77.5876206,
              12.9835459
            ]
          ]
        ]
      },
      "properties": {
        "id": "bld_0101",
        "building_type": "residential",
        "height": 22,
        "floors": 6
      }
    },
    {
      "type": "Feature",
      "geometry": {
        "type": "Polygon",
        "coordinates": [
          [
            [
              77.5975897,
              12.9811586
            ],
            [
              77.5987753,
              12.9811586
            ],
            [
              77.5987753,
              12.981582
            ],
            [
              77.5975897,
              12.981582
            ],
            [
              77.5975897,
              12.9811586
            ]
          ]
        ]
      },
      "properties": {
        "id": "bld_0102",
        "building_type": "commercial",
        "height": 32,
        "floors": 10
      }
    },
    {
      "type": "Feature",
      "geometry": {
        "type": "Polygon",
        "coordinates": [
          [
            [
              77.5970227,
              12.9867892
            ],
            [
              77.5981876,
              12.9867892
            ],
            [
              77.5981876,
              12.9874378
            ],
            [
              77.5970227,
              12.9874378
            ],
            [
              77.5970227,
              12.9867892
            ]
          ]
        ]
      },
      "properties": {
        "id": "bld_0103",
        "building_type": "office",
        "height": 4,
        "floors": 1
      }
    },
    {
      "type": "Feature",
      "geometry": {
        "type": "Polygon",
        "coordinates": [
          [
            [
              77.5753835,
              12.9742577
            ],
            [
              77.5765588,
              12.9742577
            ],
            [
              77.5765588,
              12.9752306
            ],
            [
              77.5753835,
              12.9752306
            ],
            [
              77.5753835,
              12.9742577
            ]
          ]
        ]
      },
      "properties": {
        "id": "bld_0104",
        "building_type": "hospital",
        "height": 3,
        "floors": 1
      }
    },
    {
      "type": "Feature",
      "geometry": {
        "type": "Polygon",
        "coordinates": [
          [
            [
              77.6056309,
              12.9641946
            ],
            [
              77.6062082,
              12.9641946
            ],
            [
              77.6062082,
              12.9644919
            ],
            [
              77.6056309,
              12.9644919
            ],
            [
              77.6056309,
              12.9641946
            ]
          ]
        ]
      },
      "properties": {
        "id": "bld_0105",
        "building_type": "residential",
        "height": 72,
        "floors": 24
      }
    },
    {
      "type": "Feature",
      "geometry": {
        "type": "Polygon",
        "coordinates": [
          [
            [
              77.6069918,
              12.9548432
            ],
            [
              77.6081155,
              12.9548432
            ],
            [
              77.6081155,
              12.9556811
            ],
            [
              77.6069918,
              12.9556811
            ],
            [
              77.6069918,
              12.9548432
            ]
          ]
        ]
      },
      "properties": {
        "id": "bld_0106",
        "building_type": "commercial",
        "height": 85,
        "floors": 28
      }
    },
    {
      "type": "Feature",
      "geometry": {
        "type": "Polygon",
        "coordinates": [
          [
            [
              77.5763732,
              12.9726901
            ],
            [
              77.5775278,
              12.9726901
            ],
            [
              77.5775278,
              12.9733297
            ],
            [
              77.5763732,
              12.9733297
            ],
            [
              77.5763732,
              12.9726901
            ]
          ]
        ]
      },
      "properties": {
        "id": "bld_0107",
        "building_type": "office",
        "height": 75,
        "floors": 25
      }
    },
    {
      "type": "Feature",
      "geometry": {
        "type": "Polygon",
        "coordinates": [
          [
            [
              77.6032804,
              12.9507892
            ],
            [
              77.6037753,
              12.9507892
            ],
            [
              77.6037753,
              12.9518342
            ],
            [
              77.6032804,
              12.9518342
            ],
            [
              77.6032804,
              12.9507892
            ]
          ]
        ]
      },
      "properties": {
        "id": "bld_0108",
        "building_type": "hospital",
        "height": 41,
        "floors": 13
      }
    },
    {
      "type": "Feature",
      "geometry": {
        "type": "Polygon",
        "coordinates": [
          [
            [
              77.5915278,
              12.9702036
            ],
            [
              77.5923113,
              12.9702036
            ],
            [
              77.5923113,
              12.9710595
            ],
            [
              77.5915278,
              12.9710595
            ],
            [
              77.5915278,
              12.9702036
            ]
          ]
        ]
      },
      "properties": {
        "id": "bld_0109",
        "building_type": "residential",
        "height": 76,
        "floors": 25
      }
    },
    {
      "type": "Feature",
      "geometry": {
        "type": "Polygon",
        "coordinates": [
          [
            [
              77.6115278,
              12.951582
            ],
            [
              77.6127546,
              12.951582
            ],
            [
              77.6127546,
              12.9522757
            ],
            [
              77.6115278,
              12.9522757
            ],
            [
              77.6115278,
              12.951582
            ]
          ]
        ]
      },
      "properties": {
        "id": "bld_0110",
        "building_type": "commercial",
        "height": 35,
        "floors": 11
      }
    },
    {
      "type": "Feature",
      "geometry": {
        "type": "Polygon",
        "coordinates": [
          [
            [
              77.5977134,
              12.9606991
            ],
            [
              77.5981567,
              12.9606991
            ],
            [
              77.5981567,
              12.9613928
            ],
            [
              77.5977134,
              12.9613928
            ],
            [
              77.5977134,
              12.9606991
            ]
          ]
        ]
      },
      "properties": {
        "id": "bld_0111",
        "building_type": "office",
        "height": 20,
        "floors": 6
      }
    },
    {
      "type": "Feature",
      "geometry": {
        "type": "Polygon",
        "coordinates": [
          [
            [
              77.6061773,
              12.9870324
            ],
            [
              77.6072186,
              12.9870324
            ],
            [
              77.6072186,
              12.9877802
            ],
            [
              77.6061773,
              12.9877802
            ],
            [
              77.6061773,
              12.9870324
            ]
          ]
        ]
      },
      "properties": {
        "id": "bld_0112",
        "building_type": "hospital",
        "height": 69,
        "floors": 23
      }
    },
    {
      "type": "Feature",
      "geometry": {
        "type": "Polygon",
        "coordinates": [
          [
            [
              77.5749402,
              12.9677622
            ],
            [
              77.5760948,
              12.9677622
            ],
            [
              77.5760948,
              12.9681045
            ],
            [
              77.5749402,
              12.9681045
            ],
            [
              77.5749402,
              12.9677622
            ]
          ]
        ]
      },
      "properties": {
        "id": "bld_0113",
        "building_type": "residential",
        "height": 28,
        "floors": 8
      }
    },
    {
      "type": "Feature",
      "geometry": {
        "type": "Polygon",
        "coordinates": [
          [
            [
              77.5858165,
              12.9818252
            ],
            [
              77.5861979,
              12.9818252
            ],
            [
              77.5861979,
              12.9824919
            ],
            [
              77.5858165,
              12.9824919
            ],
            [
              77.5858165,
              12.9818252
            ]
          ]
        ]
      },
      "properties": {
        "id": "bld_0114",
        "building_type": "commercial",
        "height": 22,
        "floors": 7
      }
    },
    {
      "type": "Feature",
      "geometry": {
        "type": "Polygon",
        "coordinates": [
          [
            [
              77.6075485,
              12.978645
            ],
            [
              77.6082804,
              12.978645
            ],
            [
              77.6082804,
              12.9789153
            ],
            [
              77.6075485,
              12.9789153
            ],
            [
              77.6075485,
              12.978645
            ]
          ]
        ]
      },
      "properties": {
        "id": "bld_0115",
        "building_type": "office",
        "height": 32,
        "floors": 10
      }
    },
    {
      "type": "Feature",
      "geometry": {
        "type": "Polygon",
        "coordinates": [
          [
            [
              77.5804763,
              12.986591
            ],
            [
              77.5815897,
              12.986591
            ],
            [
              77.5815897,
              12.9874649
            ],
            [
              77.5804763,
              12.9874649
            ],
            [
              77.5804763,
              12.986591
            ]
          ]
        ]
      },
      "properties": {
        "id": "bld_0116",
        "building_type": "hospital",
        "height": 36,
        "floors": 11
      }
    },
    {
      "type": "Feature",
      "geometry": {
        "type": "Polygon",
        "coordinates": [
          [
            [
              77.5777856,
              12.9565189
            ],
            [
              77.5781567,
              12.9565189
            ],
            [
              77.5781567,
              12.9568342
            ],
            [
              77.5777856,
              12.9568342
            ],
            [
              77.5777856,
              12.9565189
            ]
          ]
        ]
      },
      "properties": {
        "id": "bld_0117",
        "building_type": "residential",
        "height": 33,
        "floors": 10
      }
    },
    {
      "type": "Feature",
      "geometry": {
        "type": "Polygon",
        "coordinates": [
          [
            [
              77.6111464,
              12.9654829
            ],
            [
              77.6118577,
              12.9654829
            ],
            [
              77.6118577,
              12.9663117
            ],
            [
              77.6111464,
              12.9663117
            ],
            [
              77.6111464,
              12.9654829
            ]
          ]
        ]
      },
      "properties": {
        "id": "bld_0118",
        "building_type": "commercial",
        "height": 34,
        "floors": 11
      }
    },
    {
      "type": "Feature",
      "geometry": {
        "type": "Polygon",
        "coordinates": [
          [
            [
              77.5711773,
              12.9685009
            ],
            [
              77.5718165,
              12.9685009
            ],
            [
              77.5718165,
              12.9688523
            ],
            [
              77.5711773,
              12.9688523
            ],
            [
              77.5711773,
              12.9685009
            ]
          ]
        ]
      },
      "properties": {
        "id": "bld_0119",
        "building_type": "office",
        "height": 88,
        "floors": 29
      }
    },
    {
      "type": "Feature",
      "geometry": {
        "type": "Polygon",
        "coordinates": [
          [
            [
              77.5745794,
              12.9677171
            ],
            [
              77.5751773,
              12.9677171
            ],
            [
              77.5751773,
              12.9686541
            ],
            [
              77.5745794,
              12.9686541
            ],
            [
              77.5745794,
              12.9677171
            ]
          ]
        ]
      },
      "properties": {
        "id": "bld_0120",
        "building_type": "hospital",
        "height": 40,
        "floors": 13
      }
    },
    {
      "type": "Feature",
      "geometry": {
        "type": "Polygon",
        "coordinates": [
          [
            [
              77.611868,
              12.9508613
            ],
            [
              77.6128784,
              12.9508613
            ],
            [
              77.6128784,
              12.9511946
            ],
            [
              77.611868,
              12.9511946
            ],
            [
              77.611868,
              12.9508613
            ]
          ]
        ]
      },
      "properties": {
        "id": "bld_0121",
        "building_type": "residential",
        "height": 91,
        "floors": 30
      }
    },
    {
      "type": "Feature",
      "geometry": {
        "type": "Polygon",
        "coordinates": [
          [
            [
              77.5958165,
              12.9819333
            ],
            [
              77.5966515,
              12.9819333
            ],
            [
              77.5966515,
              12.982591
            ],
            [
              77.5958165,
              12.982591
            ],
            [
              77.5958165,
              12.9819333
            ]
          ]
        ]
      },
      "properties": {
        "id": "bld_0122",
        "building_type": "commercial",
        "height": 62,
        "floors": 20
      }
    },
    {
      "type": "Feature",
      "geometry": {
        "type": "Polygon",
        "coordinates": [
          [
            [
              77.5745175,
              12.958627
            ],
            [
              77.5749814,
              12.958627
            ],
            [
              77.5749814,
              12.9595459
            ],
            [
              77.5745175,
              12.9595459
            ],
            [
              77.5745175,
              12.958627
            ]
          ]
        ]
      },
      "properties": {
        "id": "bld_0123",
        "building_type": "office",
        "height": 63,
        "floors": 20
      }
    },
    {
      "type": "Feature",
      "geometry": {
        "type": "Polygon",
        "coordinates": [
          [
            [
              77.6022392,
              12.9510775
            ],
            [
              77.6029299,
              12.9510775
            ],
            [
              77.6029299,
              12.9516811
            ],
            [
              77.6022392,
              12.9516811
            ],
            [
              77.6022392,
              12.9510775
            ]
          ]
        ]
      },
      "properties": {
        "id": "bld_0124",
        "building_type": "hospital",
        "height": 81,
        "floors": 27
      }
    },
    {
      "type": "Feature",
      "geometry": {
        "type": "Polygon",
        "coordinates": [
          [
            [
              77.5971464,
              12.9833748
            ],
            [
              77.5976309,
              12.9833748
            ],
            [
              77.5976309,
              12.9840054
            ],
            [
              77.5971464,
              12.9840054
            ],
            [
              77.5971464,
              12.9833748
            ]
          ]
        ]
      },
      "properties": {
        "id": "bld_0125",
        "building_type": "residential",
        "height": 37,
        "floors": 12
      }
    },
    {
      "type": "Feature",
      "geometry": {
        "type": "Polygon",
        "coordinates": [
          [
            [
              77.5913938,
              12.9696901
            ],
            [
              77.5923629,
              12.9696901
            ],
            [
              77.5923629,
              12.9700685
            ],
            [
              77.5913938,
              12.9700685
            ],
            [
              77.5913938,
              12.9696901
            ]
          ]
        ]
      },
      "properties": {
        "id": "bld_0126",
        "building_type": "commercial",
        "height": 15,
        "floors": 5
      }
    },
    {
      "type": "Feature",
      "geometry": {
        "type": "Polygon",
        "coordinates": [
          [
            [
              77.5958165,
              12.9732306
            ],
            [
              77.5965485,
              12.9732306
            ],
            [
              77.5965485,
              12.9740234
            ],
            [
              77.5958165,
              12.9740234
            ],
            [
              77.5958165,
              12.9732306
            ]
          ]
        ]
      },
      "properties": {
        "id": "bld_0127",
        "building_type": "office",
        "height": 67,
        "floors": 21
      }
    },
    {
      "type": "Feature",
      "geometry": {
        "type": "Polygon",
        "coordinates": [
          [
            [
              77.608301,
              12.9859964
            ],
            [
              77.6095278,
              12.9859964
            ],
            [
              77.6095278,
              12.9868793
            ],
            [
              77.608301,
              12.9868793
            ],
            [
              77.608301,
              12.9859964
            ]
          ]
        ]
      },
      "properties": {
        "id": "bld_0128",
        "building_type": "hospital",
        "height": 24,
        "floors": 8
      }
    },
    {
      "type": "Feature",
      "geometry": {
        "type": "Polygon",
        "coordinates": [
          [
            [
              77.5960021,
              12.960591
            ],
            [
              77.5966619,
              12.960591
            ],
            [
              77.5966619,
              12.9611495
            ],
            [
              77.5960021,
              12.9611495
            ],
            [
              77.5960021,
              12.960591
            ]
          ]
        ]
      },
      "properties": {
        "id": "bld_0129",
        "building_type": "residential",
        "height": 79,
        "floors": 25
      }
    },
    {
      "type": "Feature",
      "geometry": {
        "type": "Polygon",
        "coordinates": [
          [
            [
              77.5803216,
              12.9740054
            ],
            [
              77.5812495,
              12.9740054
            ],
            [
              77.5812495,
              12.9750775
            ],
            [
              77.5803216,
              12.9750775
            ],
            [
              77.5803216,
              12.9740054
            ]
          ]
        ]
      },
      "properties": {
        "id": "bld_0130",
        "building_type": "commercial",
        "height": 74,
        "floors": 24
      }
    },
    {
      "type": "Feature",
      "geometry": {
        "type": "Polygon",
        "coordinates": [
          [
            [
              77.6032186,
              12.9514198
            ],
            [
              77.6038371,
              12.9514198
            ],
            [
              77.6038371,
              12.9524108
            ],
            [
              77.6032186,
              12.9524108
            ],
            [
              77.6032186,
              12.9514198
            ]
          ]
        ]
      },
      "properties": {
        "id": "bld_0131",
        "building_type": "office",
        "height": 66,
        "floors": 22
      }
    },
    {
      "type": "Feature",
      "geometry": {
        "type": "Polygon",
        "coordinates": [
          [
            [
              77.5865794,
              12.9549423
            ],
            [
              77.5875794,
              12.9549423
            ],
            [
              77.5875794,
              12.9555369
            ],
            [
              77.5865794,
              12.9555369
            ],
            [
              77.5865794,
              12.9549423
            ]
          ]
        ]
      },
      "properties": {
        "id": "bld_0132",
        "building_type": "hospital",
        "height": 26,
        "floors": 8
      }
    },
    {
      "type": "Feature",
      "geometry": {
        "type": "Polygon",
        "coordinates": [
          [
            [
              77.6072907,
              12.9774108
            ],
            [
              77.6076412,
              12.9774108
            ],
            [
              77.6076412,
              12.9779784
            ],
            [
              77.6072907,
              12.9779784
            ],
            [
              77.6072907,
              12.9774108
            ]
          ]
        ]
      },
      "properties": {
        "id": "bld_0133",
        "building_type": "residential",
        "height": 87,
        "floors": 29
      }
    },
    {
      "type": "Feature",
      "geometry": {
        "type": "Polygon",
        "coordinates": [
          [
            [
              77.6117959,
              12.9679423
            ],
            [
              77.6123423,
              12.9679423
            ],
            [
              77.6123423,
              12.9684378
            ],
            [
              77.6117959,
              12.9684378
            ],
            [
              77.6117959,
              12.9679423
            ]
          ]
        ]
      },
      "properties": {
        "id": "bld_0134",
        "building_type": "commercial",
        "height": 19,
        "floors": 6
      }
    },
    {
      "type": "Feature",
      "geometry": {
        "type": "Polygon",
        "coordinates": [
          [
            [
              77.6106206,
              12.9553297
            ],
            [
              77.6110845,
              12.9553297
            ],
            [
              77.6110845,
              12.9561495
            ],
            [
              77.6106206,
              12.9561495
            ],
            [
              77.6106206,
              12.9553297
            ]
          ]
        ]
      },
      "properties": {
        "id": "bld_0135",
        "building_type": "office",
        "height": 37,
        "floors": 12
      }
    },
    {
      "type": "Feature",
      "geometry": {
        "type": "Polygon",
        "coordinates": [
          [
            [
              77.6062804,
              12.9870054
            ],
            [
              77.6069608,
              12.9870054
            ],
            [
              77.6069608,
              12.9879423
            ],
            [
              77.6062804,
              12.9879423
            ],
            [
              77.6062804,
              12.9870054
            ]
          ]
        ]
      },
      "properties": {
        "id": "bld_0136",
        "building_type": "hospital",
        "height": 27,
        "floors": 8
      }
    },
    {
      "type": "Feature",
      "geometry": {
        "type": "Polygon",
        "coordinates": [
          [
            [
              77.5718474,
              12.9835459
            ],
            [
              77.5723938,
              12.9835459
            ],
            [
              77.5723938,
              12.9839964
            ],
            [
              77.5718474,
              12.9839964
            ],
            [
              77.5718474,
              12.9835459
            ]
          ]
        ]
      },
      "properties": {
        "id": "bld_0137",
        "building_type": "residential",
        "height": 35,
        "floors": 11
      }
    },
    {
      "type": "Feature",
      "geometry": {
        "type": "Polygon",
        "coordinates": [
          [
            [
              77.5954866,
              12.9519964
            ],
            [
              77.5958474,
              12.9519964
            ],
            [
              77.5958474,
              12.9523207
            ],
            [
              77.5954866,
              12.9523207
            ],
            [
              77.5954866,
              12.9519964
            ]
          ]
        ]
      },
      "properties": {
        "id": "bld_0138",
        "building_type": "commercial",
        "height": 22,
        "floors": 7
      }
    },
    {
      "type": "Feature",
      "geometry": {
        "type": "Polygon",
        "coordinates": [
          [
            [
              77.6128268,
              12.983609
            ],
            [
              77.6134247,
              12.983609
            ],
            [
              77.6134247,
              12.9844378
            ],
            [
              77.6128268,
              12.9844378
            ],
            [
              77.6128268,
              12.983609
            ]
          ]
        ]
      },
      "properties": {
        "id": "bld_0139",
        "building_type": "office",
        "height": 59,
        "floors": 19
      }
    },
    {
      "type": "Feature",
      "geometry": {
        "type": "Polygon",
        "coordinates": [
          [
            [
              77.6060742,
              12.9878432
            ],
            [
              77.6065278,
              12.9878432
            ],
            [
              77.6065278,
              12.9881225
            ],
            [
              77.6060742,
              12.9881225
            ],
            [
              77.6060742,
              12.9878432
            ]
          ]
        ]
      },
      "properties": {
        "id": "bld_0140",
        "building_type": "hospital",
        "height": 52,
        "floors": 17
      }
    },
    {
      "type": "Feature",
      "geometry": {
        "type": "Polygon",
        "coordinates": [
          [
            [
              77.6131876,
              12.9694198
            ],
            [
              77.6141155,
              12.9694198
            ],
            [
              77.6141155,
              12.9701315
            ],
            [
              77.6131876,
              12.9701315
            ],
            [
              77.6131876,
              12.9694198
            ]
          ]
        ]
      },
      "properties": {
        "id": "bld_0141",
        "building_type": "residential",
        "height": 27,
        "floors": 9
      }
    },
    {
      "type": "Feature",
      "geometry": {
        "type": "Polygon",
        "coordinates": [
          [
            [
              77.6009196,
              12.9680144
            ],
            [
              77.6014969,
              12.9680144
            ],
            [
              77.6014969,
              12.9688523
            ],
            [
              77.6009196,
              12.9688523
            ],
            [
              77.6009196,
              12.9680144
            ]
          ]
        ]
      },
      "properties": {
        "id": "bld_0142",
        "building_type": "commercial",
        "height": 24,
        "floors": 8
      }
    },
    {
      "type": "Feature",
      "geometry": {
        "type": "Polygon",
        "coordinates": [
          [
            [
              77.6137546,
              12.9817892
            ],
            [
              77.6145381,
              12.9817892
            ],
            [
              77.6145381,
              12.9823207
            ],
            [
              77.6137546,
              12.9823207
            ],
            [
              77.6137546,
              12.9817892
            ]
          ]
        ]
      },
      "properties": {
        "id": "bld_0143",
        "building_type": "office",
        "height": 79,
        "floors": 26
      }
    },
    {
      "type": "Feature",
      "geometry": {
        "type": "Polygon",
        "coordinates": [
          [
            [
              77.5766103,
              12.9881856
            ],
            [
              77.5771773,
              12.9881856
            ],
            [
              77.5771773,
              12.9889694
            ],
            [
              77.5766103,
              12.9889694
            ],
            [
              77.5766103,
              12.9881856
            ]
          ]
        ]
      },
      "properties": {
        "id": "bld_0144",
        "building_type": "hospital",
        "height": 42,
        "floors": 13
      }
    },
    {
      "type": "Feature",
      "geometry": {
        "type": "Polygon",
        "coordinates": [
          [
            [
              77.5745485,
              12.9814198
            ],
            [
              77.5752598,
              12.9814198
            ],
            [
              77.5752598,
              12.9817532
            ],
            [
              77.5745485,
              12.9817532
            ],
            [
              77.5745485,
              12.9814198
            ]
          ]
        ]
      },
      "properties": {
        "id": "bld_0145",
        "building_type": "residential",
        "height": 46,
        "floors": 14
      }
    },
    {
      "type": "Feature",
      "geometry": {
        "type": "Polygon",
        "coordinates": [
          [
            [
              77.5904454,
              12.9779874
            ],
            [
              77.5911464,
              12.9779874
            ],
            [
              77.5911464,
              12.9788793
            ],
            [
              77.5904454,
              12.9788793
            ],
            [
              77.5904454,
              12.9779874
            ]
          ]
        ]
      },
      "properties": {
        "id": "bld_0146",
        "building_type": "commercial",
        "height": 43,
        "floors": 14
      }
    },
    {
      "type": "Feature",
      "geometry": {
        "type": "Polygon",
        "coordinates": [
          [
            [
              77.5918371,
              12.9651946
            ],
            [
              77.5929918,
              12.9651946
            ],
            [
              77.5929918,
              12.9662396
            ],
            [
              77.5918371,
              12.9662396
            ],
            [
              77.5918371,
              12.9651946
            ]
          ]
        ]
      },
      "properties": {
        "id": "bld_0147",
        "building_type": "office",
        "height": 70,
        "floors": 23
      }
    },
    {
      "type": "Feature",
      "geometry": {
        "type": "Polygon",
        "coordinates": [
          [
            [
              77.5973835,
              12.9689964
            ],
            [
              77.5978371,
              12.9689964
            ],
            [
              77.5978371,
              12.9697712
            ],
            [
              77.5973835,
              12.9697712
            ],
            [
              77.5973835,
              12.9689964
            ]
          ]
        ]
      },
      "properties": {
        "id": "bld_0148",
        "building_type": "hospital",
        "height": 10,
        "floors": 3
      }
    },
    {
      "type": "Feature",
      "geometry": {
        "type": "Polygon",
        "coordinates": [
          [
            [
              77.5820227,
              12.9732667
            ],
            [
              77.5829505,
              12.9732667
            ],
            [
              77.5829505,
              12.9740054
            ],
            [
              77.5820227,
              12.9740054
            ],
            [
              77.5820227,
              12.9732667
            ]
          ]
        ]
      },
      "properties": {
        "id": "bld_0149",
        "building_type": "residential",
        "height": 6,
        "floors": 2
      }
    },
    {
      "type": "Feature",
      "geometry": {
        "type": "Polygon",
        "coordinates": [
          [
            [
              77.5958577,
              12.9725009
            ],
            [
              77.5966103,
              12.9725009
            ],
            [
              77.5966103,
              12.9734559
            ],
            [
              77.5958577,
              12.9734559
            ],
            [
              77.5958577,
              12.9725009
            ]
          ]
        ]
      },
      "properties": {
        "id": "bld_0150",
        "building_type": "commercial",
        "height": 24,
        "floors": 7
      }
    },
    {
      "type": "Feature",
      "geometry": {
        "type": "Polygon",
        "coordinates": [
          [
            [
              77.6033113,
              12.9649063
            ],
            [
              77.6042082,
              12.9649063
            ],
            [
              77.6042082,
              12.965573
            ],
            [
              77.6033113,
              12.965573
            ],
            [
              77.6033113,
              12.9649063
            ]
          ]
        ]
      },
      "properties": {
        "id": "bld_0151",
        "building_type": "office",
        "height": 88,
        "floors": 29
      }
    },
    {
      "type": "Feature",
      "geometry": {
        "type": "Polygon",
        "coordinates": [
          [
            [
              77.6032701,
              12.9606721
            ],
            [
              77.6038268,
              12.9606721
            ],
            [
              77.6038268,
              12.9613928
            ],
            [
              77.6032701,
              12.9613928
            ],
            [
              77.6032701,
              12.9606721
            ]
          ]
        ]
      },
      "properties": {
        "id": "bld_0152",
        "building_type": "hospital",
        "height": 70,
        "floors": 23
      }
    },
    {
      "type": "Feature",
      "geometry": {
        "type": "Polygon",
        "coordinates": [
          [
            [
              77.5903629,
              12.9640234
            ],
            [
              77.5914144,
              12.9640234
            ],
            [
              77.5914144,
              12.9644919
            ],
            [
              77.5903629,
              12.9644919
            ],
            [
              77.5903629,
              12.9640234
            ]
          ]
        ]
      },
      "properties": {
        "id": "bld_0153",
        "building_type": "residential",
        "height": 70,
        "floors": 23
      }
    },
    {
      "type": "Feature",
      "geometry": {
        "type": "Polygon",
        "coordinates": [
          [
            [
              77.6079505,
              12.9687171
            ],
            [
              77.6085794,
              12.9687171
            ],
            [
              77.6085794,
              12.9690144
            ],
            [
              77.6079505,
              12.9690144
            ],
            [
              77.6079505,
              12.9687171
            ]
          ]
        ]
      },
      "properties": {
        "id": "bld_0154",
        "building_type": "commercial",
        "height": 78,
        "floors": 25
      }
    },
    {
      "type": "Feature",
      "geometry": {
        "type": "Polygon",
        "coordinates": [
          [
            [
              77.6116515,
              12.9593928
            ],
            [
              77.6126103,
              12.9593928
            ],
            [
              77.6126103,
              12.9603387
            ],
            [
              77.6116515,
              12.9603387
            ],
            [
              77.6116515,
              12.9593928
            ]
          ]
        ]
      },
      "properties": {
        "id": "bld_0155",
        "building_type": "office",
        "height": 72,
        "floors": 23
      }
    },
    {
      "type": "Feature",
      "geometry": {
        "type": "Polygon",
        "coordinates": [
          [
            [
              77.5824969,
              12.9836631
            ],
            [
              77.5836825,
              12.9836631
            ],
            [
              77.5836825,
              12.984564
            ],
            [
              77.5824969,
              12.984564
            ],
            [
              77.5824969,
              12.9836631
            ]
          ]
        ]
      },
      "properties": {
        "id": "bld_0156",
        "building_type": "hospital",
        "height": 90,
        "floors": 29
      }
    },
    {
      "type": "Feature",
      "geometry": {
        "type": "Polygon",
        "coordinates": [
          [
            [
              77.5774763,
              12.9842306
            ],
            [
              77.5784144,
              12.9842306
            ],
            [
              77.5784144,
              12.9846541
            ],
            [
              77.5774763,
              12.9846541
            ],
            [
              77.5774763,
              12.9842306
            ]
          ]
        ]
      },
      "properties": {
        "id": "bld_0157",
        "building_type": "residential",
        "height": 70,
        "floors": 22
      }
    },
    {
      "type": "Feature",
      "geometry": {
        "type": "Polygon",
        "coordinates": [
          [
            [
              77.6110948,
              12.9559514
            ],
            [
              77.6119505,
              12.9559514
            ],
            [
              77.6119505,
              12.956618
            ],
            [
              77.6110948,
              12.956618
            ],
            [
              77.6110948,
              12.9559514
            ]
          ]
        ]
      },
      "properties": {
        "id": "bld_0158",
        "building_type": "commercial",
        "height": 84,
        "floors": 27
      }
    },
    {
      "type": "Feature",
      "geometry": {
        "type": "Polygon",
        "coordinates": [
          [
            [
              77.6068268,
              12.9507171
            ],
            [
              77.6073629,
              12.9507171
            ],
            [
              77.6073629,
              12.9514378
            ],
            [
              77.6068268,
              12.9514378
            ],
            [
              77.6068268,
              12.9507171
            ]
          ]
        ]
      },
      "properties": {
        "id": "bld_0159",
        "building_type": "office",
        "height": 36,
        "floors": 12
      }
    },
    {
      "type": "Feature",
      "geometry": {
        "type": "Polygon",
        "coordinates": [
          [
            [
              77.6030639,
              12.9652937
            ],
            [
              77.6041052,
              12.9652937
            ],
            [
              77.6041052,
              12.9661946
            ],
            [
              77.6030639,
              12.9661946
            ],
            [
              77.6030639,
              12.9652937
            ]
          ]
        ]
      },
      "properties": {
        "id": "bld_0160",
        "building_type": "hospital",
        "height": 43,
        "floors": 13
      }
    },
    {
      "type": "Feature",
      "geometry": {
        "type": "Polygon",
        "coordinates": [
          [
            [
              77.5822495,
              12.9607712
            ],
            [
              77.5833732,
              12.9607712
            ],
            [
              77.5833732,
              12.9610685
            ],
            [
              77.5822495,
              12.9610685
            ],
            [
              77.5822495,
              12.9607712
            ]
          ]
        ]
      },
      "properties": {
        "id": "bld_0161",
        "building_type": "residential",
        "height": 33,
        "floors": 10
      }
    },
    {
      "type": "Feature",
      "geometry": {
        "type": "Polygon",
        "coordinates": [
          [
            [
              77.6056206,
              12.955582
            ],
            [
              77.6059918,
              12.955582
            ],
            [
              77.6059918,
              12.9563748
            ],
            [
              77.6056206,
              12.9563748
            ],
            [
              77.6056206,
              12.955582
            ]
          ]
        ]
      },
      "properties": {
        "id": "bld_0162",
        "building_type": "commercial",
        "height": 77,
        "floors": 25
      }
    },
    {
      "type": "Feature",
      "geometry": {
        "type": "Polygon",
        "coordinates": [
          [
            [
              77.5913423,
              12.9594919
            ],
            [
              77.5918165,
              12.9594919
            ],
            [
              77.5918165,
              12.9602667
            ],
            [
              77.5913423,
              12.9602667
            ],
            [
              77.5913423,
              12.9594919
            ]
          ]
        ]
      },
      "properties": {
        "id": "bld_0163",
        "building_type": "office",
        "height": 87,
        "floors": 29
      }
    },
    {
      "type": "Feature",
      "geometry": {
        "type": "Polygon",
        "coordinates": [
          [
            [
              77.6032701,
              12.9840144
            ],
            [
              77.6039918,
              12.9840144
            ],
            [
              77.6039918,
              12.9843297
            ],
            [
              77.6032701,
              12.9843297
            ],
            [
              77.6032701,
              12.9840144
            ]
          ]
        ]
      },
      "properties": {
        "id": "bld_0164",
        "building_type": "hospital",
        "height": 58,
        "floors": 19
      }
    },
    {
      "type": "Feature",
      "geometry": {
        "type": "Polygon",
        "coordinates": [
          [
            [
              77.5827031,
              12.9767171
            ],
            [
              77.5834866,
              12.9767171
            ],
            [
              77.5834866,
              12.9775009
            ],
            [
              77.5827031,
              12.9775009
            ],
            [
              77.5827031,
              12.9767171
            ]
          ]
        ]
      },
      "properties": {
        "id": "bld_0165",
        "building_type": "residential",
        "height": 25,
        "floors": 8
      }
    },
    {
      "type": "Feature",
      "geometry": {
        "type": "Polygon",
        "coordinates": [
          [
            [
              77.6129402,
              12.972573
            ],
            [
              77.6139814,
              12.972573
            ],
            [
              77.6139814,
              12.9735099
            ],
            [
              77.6129402,
              12.9735099
            ],
            [
              77.6129402,
              12.972573
            ]
          ]
        ]
      },
      "properties": {
        "id": "bld_0166",
        "building_type": "commercial",
        "height": 37,
        "floors": 11
      }
    },
    {
      "type": "Feature",
      "geometry": {
        "type": "Polygon",
        "coordinates": [
          [
            [
              77.5906,
              12.9633207
            ],
            [
              77.5909196,
              12.9633207
            ],
            [
              77.5909196,
              12.9642036
            ],
            [
              77.5906,
              12.9642036
            ],
            [
              77.5906,
              12.9633207
            ]
          ]
        ]
      },
      "properties": {
        "id": "bld_0167",
        "building_type": "office",
        "height": 7,
        "floors": 2
      }
    },
    {
      "type": "Feature",
      "geometry": {
        "type": "Polygon",
        "coordinates": [
          [
            [
              77.5962289,
              12.9832757
            ],
            [
              77.5968062,
              12.9832757
            ],
            [
              77.5968062,
              12.9839694
            ],
            [
              77.5962289,
              12.9839694
            ],
            [
              77.5962289,
              12.9832757
            ]
          ]
        ]
      },
      "properties": {
        "id": "bld_0168",
        "building_type": "hospital",
        "height": 69,
        "floors": 23
      }
    },
    {
      "type": "Feature",
      "geometry": {
        "type": "Polygon",
        "coordinates": [
          [
            [
              77.5769402,
              12.9564108
            ],
            [
              77.5772495,
              12.9564108
            ],
            [
              77.5772495,
              12.9567712
            ],
            [
              77.5769402,
              12.9567712
            ],
            [
              77.5769402,
              12.9564108
            ]
          ]
        ]
      },
      "properties": {
        "id": "bld_0169",
        "building_type": "residential",
        "height": 85,
        "floors": 27
      }
    },
    {
      "type": "Feature",
      "geometry": {
        "type": "Polygon",
        "coordinates": [
          [
            [
              77.6022598,
              12.9733658
            ],
            [
              77.6029505,
              12.9733658
            ],
            [
              77.6029505,
              12.9738432
            ],
            [
              77.6022598,
              12.9738432
            ],
            [
              77.6022598,
              12.9733658
            ]
          ]
        ]
      },
      "properties": {
        "id": "bld_0170",
        "building_type": "commercial",
        "height": 76,
        "floors": 25
      }
    },
    {
      "type": "Feature",
      "geometry": {
        "type": "Polygon",
        "coordinates": [
          [
            [
              77.5822186,
              12.9839333
            ],
            [
              77.582868,
              12.9839333
            ],
            [
              77.582868,
              12.984591
            ],
            [
              77.5822186,
              12.984591
            ],
            [
              77.5822186,
              12.9839333
            ]
          ]
        ]
      },
      "properties": {
        "id": "bld_0171",
        "building_type": "office",
        "height": 92,
        "floors": 30
      }
    },
    {
      "type": "Feature",
      "geometry": {
        "type": "Polygon",
        "coordinates": [
          [
            [
              77.6006619,
              12.9649243
            ],
            [
              77.6016722,
              12.9649243
            ],
            [
              77.6016722,
              12.9659604
            ],
            [
              77.6006619,
              12.9659604
            ],
            [
              77.6006619,
              12.9649243
            ]
          ]
        ]
      },
      "properties": {
        "id": "bld_0172",
        "building_type": "hospital",
        "height": 49,
        "floors": 16
      }
    },
    {
      "type": "Feature",
      "geometry": {
        "type": "Polygon",
        "coordinates": [
          [
            [
              77.5933732,
              12.9732216
            ],
            [
              77.5940433,
              12.9732216
            ],
            [
              77.5940433,
              12.973636
            ],
            [
              77.5933732,
              12.973636
            ],
            [
              77.5933732,
              12.9732216
            ]
          ]
        ]
      },
      "properties": {
        "id": "bld_0173",
        "building_type": "residential",
        "height": 19,
        "floors": 6
      }
    },
    {
      "type": "Feature",
      "geometry": {
        "type": "Polygon",
        "coordinates": [
          [
            [
              77.6129814,
              12.951564
            ],
            [
              77.6135691,
              12.951564
            ],
            [
              77.6135691,
              12.9519694
            ],
            [
              77.6129814,
              12.9519694
            ],
            [
              77.6129814,
              12.951564
            ]
          ]
        ]
      },
      "properties": {
        "id": "bld_0174",
        "building_type": "commercial",
        "height": 66,
        "floors": 21
      }
    },
    {
      "type": "Feature",
      "geometry": {
        "type": "Polygon",
        "coordinates": [
          [
            [
              77.5754557,
              12.9743387
            ],
            [
              77.5764866,
              12.9743387
            ],
            [
              77.5764866,
              12.9747351
            ],
            [
              77.5754557,
              12.9747351
            ],
            [
              77.5754557,
              12.9743387
            ]
          ]
        ]
      },
      "properties": {
        "id": "bld_0175",
        "building_type": "office",
        "height": 42,
        "floors": 14
      }
    },
    {
      "type": "Feature",
      "geometry": {
        "type": "Polygon",
        "coordinates": [
          [
            [
              77.585868,
              12.9515099
            ],
            [
              77.5869608,
              12.9515099
            ],
            [
              77.5869608,
              12.9523748
            ],
            [
              77.585868,
              12.9523748
            ],
            [
              77.585868,
              12.9515099
            ]
          ]
        ]
      },
      "properties": {
        "id": "bld_0176",
        "building_type": "hospital",
        "height": 67,
        "floors": 22
      }
    },
    {
      "type": "Feature",
      "geometry": {
        "type": "Polygon",
        "coordinates": [
          [
            [
              77.5977237,
              12.9780324
            ],
            [
              77.5988474,
              12.9780324
            ],
            [
              77.5988474,
              12.9785459
            ],
            [
              77.5977237,
              12.9785459
            ],
            [
              77.5977237,
              12.9780324
            ]
          ]
        ]
      },
      "properties": {
        "id": "bld_0177",
        "building_type": "residential",
        "height": 24,
        "floors": 8
      }
    },
    {
      "type": "Feature",
      "geometry": {
        "type": "Polygon",
        "coordinates": [
          [
            [
              77.5727753,
              12.9735279
            ],
            [
              77.5731052,
              12.9735279
            ],
            [
              77.5731052,
              12.9740144
            ],
            [
              77.5727753,
              12.9740144
            ],
            [
              77.5727753,
              12.9735279
            ]
          ]
        ]
      },
      "properties": {
        "id": "bld_0178",
        "building_type": "commercial",
        "height": 25,
        "floors": 7
      }
    },
    {
      "type": "Feature",
      "geometry": {
        "type": "Polygon",
        "coordinates": [
          [
            [
              77.5899711,
              12.965591
            ],
            [
              77.5908165,
              12.965591
            ],
            [
              77.5908165,
              12.966627
            ],
            [
              77.5899711,
              12.966627
            ],
            [
              77.5899711,
              12.965591
            ]
          ]
        ]
      },
      "properties": {
        "id": "bld_0179",
        "building_type": "office",
        "height": 40,
        "floors": 13
      }
    },
    {
      "type": "Feature",
      "geometry": {
        "type": "Polygon",
        "coordinates": [
          [
            [
              77.5918371,
              12.9875279
            ],
            [
              77.5921773,
              12.9875279
            ],
            [
              77.5921773,
              12.9882036
            ],
            [
              77.5918371,
              12.9882036
            ],
            [
              77.5918371,
              12.9875279
            ]
          ]
        ]
      },
      "properties": {
        "id": "bld_0180",
        "building_type": "hospital",
        "height": 33,
        "floors": 10
      }
    },
    {
      "type": "Feature",
      "geometry": {
        "type": "Polygon",
        "coordinates": [
          [
            [
              77.6115278,
              12.9504018
            ],
            [
              77.6122804,
              12.9504018
            ],
            [
              77.6122804,
              12.9512937
            ],
            [
              77.6115278,
              12.9512937
            ],
            [
              77.6115278,
              12.9504018
            ]
          ]
        ]
      },
      "properties": {
        "id": "bld_0181",
        "building_type": "residential",
        "height": 12,
        "floors": 4
      }
    },
    {
      "type": "Feature",
      "geometry": {
        "type": "Polygon",
        "coordinates": [
          [
            [
              77.571899,
              12.964609
            ],
            [
              77.5729711,
              12.964609
            ],
            [
              77.5729711,
              12.9649063
            ],
            [
              77.571899,
              12.9649063
            ],
            [
              77.571899,
              12.964609
            ]
          ]
        ]
      },
      "properties": {
        "id": "bld_0182",
        "building_type": "commercial",
        "height": 64,
        "floors": 21
      }
    },
    {
      "type": "Feature",
      "geometry": {
        "type": "Polygon",
        "coordinates": [
          [
            [
              77.5821979,
              12.9879153
            ],
            [
              77.5832392,
              12.9879153
            ],
            [
              77.5832392,
              12.9887532
            ],
            [
              77.5821979,
              12.9887532
            ],
            [
              77.5821979,
              12.9879153
            ]
          ]
        ]
      },
      "properties": {
        "id": "bld_0183",
        "building_type": "office",
        "height": 7,
        "floors": 1
      }
    },
    {
      "type": "Feature",
      "geometry": {
        "type": "Polygon",
        "coordinates": [
          [
            [
              77.6030227,
              12.9812036
            ],
            [
              77.6039093,
              12.9812036
            ],
            [
              77.6039093,
              12.9822667
            ],
            [
              77.6030227,
              12.9822667
            ],
            [
              77.6030227,
              12.9812036
            ]
          ]
        ]
      },
      "properties": {
        "id": "bld_0184",
        "building_type": "hospital",
        "height": 9,
        "floors": 2
      }
    },
    {
      "type": "Feature",
      "geometry": {
        "type": "Polygon",
        "coordinates": [
          [
            [
              77.6076412,
              12.9557441
            ],
            [
              77.6081464,
              12.9557441
            ],
            [
              77.6081464,
              12.9564739
            ],
            [
              77.6076412,
              12.9564739
            ],
            [
              77.6076412,
              12.9557441
            ]
          ]
        ]
      },
      "properties": {
        "id": "bld_0185",
        "building_type": "residential",
        "height": 61,
        "floors": 19
      }
    },
    {
      "type": "Feature",
      "geometry": {
        "type": "Polygon",
        "coordinates": [
          [
            [
              77.6071773,
              12.9607081
            ],
            [
              77.6077443,
              12.9607081
            ],
            [
              77.6077443,
              12.9613838
            ],
            [
              77.6071773,
              12.9613838
            ],
            [
              77.6071773,
              12.9607081
            ]
          ]
        ]
      },
      "properties": {
        "id": "bld_0186",
        "building_type": "commercial",
        "height": 33,
        "floors": 10
      }
    },
    {
      "type": "Feature",
      "geometry": {
        "type": "Polygon",
        "coordinates": [
          [
            [
              77.5703423,
              12.9644378
            ],
            [
              77.5715485,
              12.9644378
            ],
            [
              77.5715485,
              12.9649694
            ],
            [
              77.5703423,
              12.9649694
            ],
            [
              77.5703423,
              12.9644378
            ]
          ]
        ]
      },
      "properties": {
        "id": "bld_0187",
        "building_type": "office",
        "height": 75,
        "floors": 24
      }
    },
    {
      "type": "Feature",
      "geometry": {
        "type": "Polygon",
        "coordinates": [
          [
            [
              77.6111052,
              12.9597261
            ],
            [
              77.6114969,
              12.9597261
            ],
            [
              77.6114969,
              12.9603207
            ],
            [
              77.6111052,
              12.9603207
            ],
            [
              77.6111052,
              12.9597261
            ]
          ]
        ]
      },
      "properties": {
        "id": "bld_0188",
        "building_type": "hospital",
        "height": 25,
        "floors": 8
      }
    },
    {
      "type": "Feature",
      "geometry": {
        "type": "Polygon",
        "coordinates": [
          [
            [
              77.5929814,
              12.959645
            ],
            [
              77.5938577,
              12.959645
            ],
            [
              77.5938577,
              12.960591
            ],
            [
              77.5929814,
              12.960591
            ],
            [
              77.5929814,
              12.959645
            ]
          ]
        ]
      },
      "properties": {
        "id": "bld_0189",
        "building_type": "residential",
        "height": 53,
        "floors": 17
      }
    },
    {
      "type": "Feature",
      "geometry": {
        "type": "Polygon",
        "coordinates": [
          [
            [
              77.6070845,
              12.9607171
            ],
            [
              77.6082392,
              12.9607171
            ],
            [
              77.6082392,
              12.9617532
            ],
            [
              77.6070845,
              12.9617532
            ],
            [
              77.6070845,
              12.9607171
            ]
          ]
        ]
      },
      "properties": {
        "id": "bld_0190",
        "building_type": "commercial",
        "height": 33,
        "floors": 11
      }
    },
    {
      "type": "Feature",
      "geometry": {
        "type": "Polygon",
        "coordinates": [
          [
            [
              77.606734,
              12.9815459
            ],
            [
              77.6075691,
              12.9815459
            ],
            [
              77.6075691,
              12.9821766
            ],
            [
              77.606734,
              12.9821766
            ],
            [
              77.606734,
              12.9815459
            ]
          ]
        ]
      },
      "properties": {
        "id": "bld_0191",
        "building_type": "office",
        "height": 64,
        "floors": 20
      }
    },
    {
      "type": "Feature",
      "geometry": {
        "type": "Polygon",
        "coordinates": [
          [
            [
              77.5864041,
              12.9781856
            ],
            [
              77.5868371,
              12.9781856
            ],
            [
              77.5868371,
              12.9788613
            ],
            [
              77.5864041,
              12.9788613
            ],
            [
              77.5864041,
              12.9781856
            ]
          ]
        ]
      },
      "properties": {
        "id": "bld_0192",
        "building_type": "hospital",
        "height": 60,
        "floors": 20
      }
    },
    {
      "type": "Feature",
      "geometry": {
        "type": "Polygon",
        "coordinates": [
          [
            [
              77.5750742,
              12.9563027
            ],
            [
              77.5762907,
              12.9563027
            ],
            [
              77.5762907,
              12.9568703
            ],
            [
              77.5750742,
              12.9568703
            ],
            [
              77.5750742,
              12.9563027
            ]
          ]
        ]
      },
      "properties": {
        "id": "bld_0193",
        "building_type": "residential",
        "height": 27,
        "floors": 8
      }
    },
    {
      "type": "Feature",
      "geometry": {
        "type": "Polygon",
        "coordinates": [
          [
            [
              77.5798268,
              12.9691405
            ],
            [
              77.5807856,
              12.9691405
            ],
            [
              77.5807856,
              12.9699694
            ],
            [
              77.5798268,
              12.9699694
            ],
            [
              77.5798268,
              12.9691405
            ]
          ]
        ]
      },
      "properties": {
        "id": "bld_0194",
        "building_type": "commercial",
        "height": 9,
        "floors": 3
      }
    },
    {
      "type": "Feature",
      "geometry": {
        "type": "Polygon",
        "coordinates": [
          [
            [
              77.5861979,
              12.977555
            ],
            [
              77.5871464,
              12.977555
            ],
            [
              77.5871464,
              12.9784018
            ],
            [
              77.5861979,
              12.9784018
            ],
            [
              77.5861979,
              12.977555
            ]
          ]
        ]
      },
      "properties": {
        "id": "bld_0195",
        "building_type": "office",
        "height": 79,
        "floors": 26
      }
    },
    {
      "type": "Feature",
      "geometry": {
        "type": "Polygon",
        "coordinates": [
          [
            [
              77.5877546,
              12.987573
            ],
            [
              77.5885175,
              12.987573
            ],
            [
              77.5885175,
              12.9881225
            ],
            [
              77.5877546,
              12.9881225
            ],
            [
              77.5877546,
              12.987573
            ]
          ]
        ]
      },
      "properties": {
        "id": "bld_0196",
        "building_type": "hospital",
        "height": 22,
        "floors": 7
      }
    },
    {
      "type": "Feature",
      "geometry": {
        "type": "Polygon",
        "coordinates": [
          [
            [
              77.5871773,
              12.9722937
            ],
            [
              77.5882186,
              12.9722937
            ],
            [
              77.5882186,
              12.972573
            ],
            [
              77.5871773,
              12.972573
            ],
            [
              77.5871773,
              12.9722937
            ]
          ]
        ]
      },
      "properties": {
        "id": "bld_0197",
        "building_type": "residential",
        "height": 73,
        "floors": 23
      }
    },
    {
      "type": "Feature",
      "geometry": {
        "type": "Polygon",
        "coordinates": [
          [
            [
              77.6069711,
              12.9861766
            ],
            [
              77.6081567,
              12.9861766
            ],
            [
              77.6081567,
              12.9868793
            ],
            [
              77.6069711,
              12.9868793
            ],
            [
              77.6069711,
              12.9861766
            ]
          ]
        ]
      },
      "properties": {
        "id": "bld_0198",
        "building_type": "commercial",
        "height": 83,
        "floors": 27
      }
    },
    {
      "type": "Feature",
      "geometry": {
        "type": "Polygon",
        "coordinates": [
          [
            [
              77.5904454,
              12.9570234
            ],
            [
              77.5910845,
              12.9570234
            ],
            [
              77.5910845,
              12.9573027
            ],
            [
              77.5904454,
              12.9573027
            ],
            [
              77.5904454,
              12.9570234
            ]
          ]
        ]
      },
      "properties": {
        "id": "bld_0199",
        "building_type": "office",
        "height": 64,
        "floors": 21
      }
    },
    {
      "type": "Feature",
      "geometry": {
        "type": "Polygon",
        "coordinates": [
          [
            [
              77.6007443,
              12.9783297
            ],
            [
              77.6015072,
              12.9783297
            ],
            [
              77.6015072,
              12.9792486
            ],
            [
              77.6007443,
              12.9792486
            ],
            [
              77.6007443,
              12.9783297
            ]
          ]
        ]
      },
      "properties": {
        "id": "bld_0200",
        "building_type": "hospital",
        "height": 73,
        "floors": 24
      }
    }
  ]
}