date,open,high,low,close,volume,returns_daily,rsi_14,macd,ma_20,ma_50,volatility_20d,correlation_spy
2010-01-04,15.0000,15.0166,14.8693,15.0000,17038503,0.000000,,0.000000,,,,
2010-01-05,14.9863,15.1538,14.9810,15.0196,9354070,0.001308,,0.001565,,,,
2010-01-06,15.1032,15.1080,15.0532,15.0617,12855580,0.002803,,0.006132,,,,
2010-01-07,15.1247,15.3730,15.1247,15.2525,9483101,0.012666,,0.024858,,,,
2010-01-08,15.2780,15.6123,15.2780,15.4940,10939907,0.015837,,0.058516,,,,
2010-01-11,15.5403,15.5403,14.9507,15.1156,8575135,-0.024426,,0.054028,,,,
2010-01-12,15.1971,15.1971,14.8756,14.9057,7188641,-0.013888,,0.033151,,,,
2010-01-13,14.8575,15.2237,14.8575,15.1019,11588251,0.013166,,0.032071,,,,
2010-01-14,15.1053,15.1053,15.0307,15.0408,10917532,-0.004044,,0.025988,,,,
2010-01-15,14.9751,15.1597,14.9751,15.0443,9582160,0.000231,,0.021204,,,,
2010-01-18,15.0423,15.0423,14.8062,14.8945,16977541,-0.009958,,0.005263,,,,
2010-01-19,14.9018,15.0677,14.9018,15.0443,9197164,0.010059,,0.004665,,,,
2010-01-20,15.0145,15.4363,15.0145,15.2783,9401545,0.015549,,0.022804,,,,
2010-01-21,15.2543,15.2964,15.1948,15.2803,17083476,0.000134,,0.036919,,,,
2010-01-22,15.2321,15.6937,15.2321,15.5983,9064964,0.020813,,0.072927,,,,
2010-01-25,15.6234,15.9562,15.6234,15.7261,12743836,0.008191,65.762105,0.110498,,,,
2010-01-26,15.6608,15.7387,15.5715,15.6719,12251395,-0.003443,64.039589,0.134357,,,,
2010-01-27,15.6402,15.9292,15.6402,15.8028,11542891,0.008350,66.334914,0.161958,,,,
2010-01-28,15.7824,15.7824,15.5675,15.5903,12554476,-0.013450,59.672538,0.164780,,,,
2010-01-29,15.5017,15.7848,15.5017,15.6529,9807439,0.004020,60.918991,0.170114,15.278798,,0.011527,
2010-02-01,15.6802,15.7297,15.5967,15.6429,9937418,-0.000638,60.597654,0.171558,15.310945,,0.011535,
2010-02-02,15.6575,15.6925,15.5909,15.6312,13159945,-0.000749,60.196571,0.169799,15.341526,,0.011552,
2010-02-03,15.6425,15.6932,15.4370,15.5710,10999200,-0.003852,58.068448,0.161683,15.366991,,0.011625,
2010-02-04,15.5675,15.9332,15.5675,15.9244,7336279,0.022695,65.726280,0.181672,15.400588,,0.012317,
2010-02-05,15.8920,16.2179,15.8905,15.9329,10438432,0.000535,65.887942,0.195942,15.422531,,0.011896,
2010-02-08,15.8514,16.0173,15.8371,15.8953,14854788,-0.002360,64.442639,0.201890,15.461519,,0.010282,
2010-02-09,15.8174,15.8174,15.6763,15.7721,9747438,-0.007755,59.810435,0.194417,15.504839,,0.009847,
2010-02-10,15.7288,16.0120,15.7288,15.9471,8308137,0.011096,63.790156,0.200307,15.547097,,0.009744,
2010-02-11,15.9417,16.2484,15.9417,16.1446,19683073,0.012386,67.680034,0.218395,15.602284,,0.009831,
2010-02-12,16.0600,16.3744,16.0600,16.2837,14640000,0.008615,70.114647,0.241173,15.664252,,0.009859,
2010-02-15,16.4095,16.4654,16.2479,16.3971,9450433,0.006967,71.969344,0.265319,15.739382,,0.009308,
2010-02-16,16.3594,16.9802,16.3594,16.8903,11159627,0.030077,78.280066,0.320555,15.831679,,0.010846,
2010-02-17,16.9570,16.9570,16.6792,16.8228,15096359,-0.003997,75.765496,0.354793,15.908905,,0.010807,
2010-02-18,16.9721,16.9721,16.6271,16.8441,7670429,0.001270,76.027894,0.379278,15.987097,,0.010784,
2010-02-19,16.7844,16.8126,16.6220,16.6515,10583918,-0.011434,68.795293,0.378776,16.039758,,0.010696,
2010-02-22,16.5766,16.8625,16.5766,16.7904,8413085,0.008339,70.941690,0.385143,16.092974,,0.010699,
2010-02-23,16.7094,17.0684,16.7094,17.0181,13779112,0.013563,74.089401,0.403909,16.160283,,0.010808,
2010-02-24,17.0073,17.1333,16.8135,16.8751,5591826,-0.008404,69.031794,0.402599,16.213898,,0.011113,
2010-02-25,16.8231,16.8231,16.6698,16.7426,11872226,-0.007853,64.629615,0.386414,16.271514,,0.010731,
2010-02-26,16.7733,16.7795,16.5381,16.7090,9201552,-0.002008,63.522659,0.366647,16.324316,,0.010804,
2010-03-01,16.7288,16.9220,16.7288,16.8192,12320397,0.006597,65.602634,0.355776,16.383129,,0.010786,
2010-03-02,16.9615,16.9888,16.8916,16.9221,13458259,0.006116,67.467000,0.351411,16.447670,,0.010746,
2010-03-03,16.7930,17.2173,16.7930,17.0617,8406271,0.008251,69.855226,0.355124,16.522204,,0.010619,
2010-03-04,17.0641,17.2109,17.0641,17.1438,10927767,0.004814,71.194906,0.360539,16.583176,,0.009734,
2010-03-05,17.1693,17.3088,17.1412,17.2428,7658867,0.005774,72.765632,0.368569,16.648671,,0.009714,
2010-03-08,17.0885,17.1530,17.0792,17.1027,22135001,-0.008128,67.180297,0.359481,16.709039,,0.009994,
2010-03-09,17.0784,17.2348,17.0784,17.1512,16022930,0.002838,68.093841,0.352136,16.777998,,0.009628,
2010-03-10,17.0982,17.4123,17.0982,17.3721,13451582,0.012875,71.922651,0.359984,16.849247,,0.009703,
2010-03-11,17.3512,17.3512,17.2444,17.3250,11259426,-0.002707,69.996566,0.358280,16.908269,,0.009630,
2010-03-12,17.3417,17.4256,17.3123,17.3859,9057521,0.003516,71.077151,0.357721,16.963382,16.071778,0.009557,
2010-03-15,17.3891,17.5790,17.3599,17.4039,9292450,0.001035,71.404928,0.354642,17.013724,16.119856,0.009530,
2010-03-16,17.3978,17.7606,17.3978,17.6237,9055248,0.012629,75.113527,0.365723,17.050397,16.171939,0.007508,
2010-03-17,17.6086,17.9773,17.6086,17.7408,12786040,0.006640,76.836099,0.379572,17.096297,16.225520,0.007425,
2010-03-18,17.6908,17.6908,17.2458,17.3047,13910936,-0.024580,60.133540,0.351310,17.119326,16.266565,0.009613,
2010-03-19,17.3690,17.3690,17.2306,17.2399,11522868,-0.003747,58.110675,0.319991,17.148742,16.301481,0.009218,
2010-03-22,17.1882,17.3129,17.0769,17.1068,14356955,-0.007717,54.090174,0.281194,17.164562,16.341305,0.009316,
2010-03-23,17.1338,17.1338,16.7177,16.9051,11972755,-0.011794,48.598862,0.231498,17.158908,16.381293,0.009237,
2010-03-24,16.9152,16.9204,16.8413,16.8902,11363493,-0.000877,48.211580,0.188741,17.159664,16.417060,0.009041,
2010-03-25,16.8362,17.1165,16.8362,17.1006,9196259,0.012458,53.835030,0.169877,17.177567,16.458256,0.009241,
2010-03-26,17.1539,17.1752,16.9478,17.0472,8668743,-0.003125,52.282418,0.148899,17.194479,16.498313,0.009264,0.879765
2010-03-29,16.9980,17.3831,16.9980,17.1602,9099923,0.006629,55.223538,0.139781,17.211530,16.543627,0.009265,0.876658
2010-03-30,17.1014,17.1014,16.7124,16.7979,14251901,-0.021112,45.533995,0.102143,17.205322,16.578699,0.010410,0.887185
2010-03-31,16.8517,16.8517,16.5637,16.6051,9315304,-0.011477,41.373781,0.056112,17.182494,16.605237,0.010490,0.899357
2010-04-01,16.5953,16.6918,16.5088,16.5510,5383555,-0.003262,40.260772,0.015087,17.152850,16.630650,0.010397,0.895173
2010-04-02,16.6006,16.7279,16.4329,16.6392,6897154,0.005329,42.951817,-0.010191,17.122667,16.651467,0.010381,0.892371
2010-04-05,16.6466,17.0357,16.6466,16.9111,8103100,0.016344,50.375013,-0.008185,17.113089,16.675168,0.011010,0.880458
2010-04-06,16.7790,17.1093,16.7790,17.0897,17083045,0.010561,54.557097,0.007728,17.110013,16.703523,0.011266,0.876696
2010-04-07,16.9771,17.2740,16.9771,17.1632,14748988,0.004298,56.192050,0.025966,17.099570,16.730730,0.010903,0.879507
2010-04-08,17.2461,17.2461,16.9093,16.9846,8133967,-0.010406,51.353436,0.025711,17.082546,16.758617,0.011117,0.879073
2010-04-09,16.9447,17.2767,16.9447,17.1405,13020660,0.009181,54.996792,0.037657,17.070274,16.788368,0.011307,0.879632
2010-04-12,17.1239,17.1239,16.8506,17.0386,20068641,-0.005943,52.243833,0.038461,17.052008,16.816281,0.011360,0.876130
2010-04-13,17.0512,17.0512,16.7356,16.8693,6726110,-0.009936,47.948492,0.025148,17.014287,16.841043,0.011051,0.876256
2010-04-14,16.9299,16.9299,16.6218,16.6872,5140844,-0.010797,43.778245,-0.000098,16.961608,16.863367,0.011011,0.877979
2010-04-15,16.6275,16.6803,16.4563,16.6379,12705651,-0.002954,42.695920,-0.023809,16.928269,16.877637,0.009772,0.874337
2010-04-16,16.6311,16.8393,16.6311,16.7444,8596301,0.006403,45.813681,-0.033617,16.903497,16.893867,0.009934,0.870820
2010-04-19,16.7476,16.9677,16.7272,16.7990,7045263,0.003256,47.391324,-0.036569,16.888105,16.911940,0.009870,0.870095
2010-04-20,16.8578,16.9297,16.7328,16.8617,13767947,0.003734,49.222990,-0.033461,16.885936,16.933732,0.009571,0.870340
2010-04-21,17.1064,17.1064,16.6168,16.6899,10715020,-0.010185,44.640367,-0.044344,16.875922,16.948590,0.009835,0.869925
2010-04-22,16.6683,16.8461,16.6297,16.6829,6099263,-0.000421,44.457877,-0.052926,16.855036,16.959356,0.009348,0.865013
2010-04-23,16.7351,16.8082,16.7351,16.7754,16356820,0.005542,47.497234,-0.051672,16.841444,16.969190,0.009454,0.869221
2010-04-26,16.7489,16.7489,16.6176,16.6347,7955888,-0.008383,43.589915,-0.061319,16.815170,16.973943,0.009432,0.868501
2010-04-27,16.5377,16.7443,16.5377,16.6591,8089720,0.001463,44.441851,-0.066236,16.808228,16.969319,0.008238,0.866686
2010-04-28,16.6745,16.6745,16.5438,16.5894,18126492,-0.004180,42.465854,-0.074889,16.807444,16.964652,0.007874,0.867119
2010-04-29,16.6369,16.6369,16.3140,16.4425,8960542,-0.008861,38.567736,-0.092541,16.802018,16.956618,0.008092,0.861724
2010-04-30,16.5188,16.5188,16.2948,16.3911,10749010,-0.003123,37.280350,-0.109412,16.789615,16.951410,0.008003,0.862454
2010-05-03,16.2933,16.2933,16.0844,16.1746,11102207,-0.013209,32.373272,-0.138655,16.752789,16.939094,0.007392,0.867694
2010-05-04,16.2855,16.2874,16.0563,16.1988,9316133,0.001495,33.427277,-0.158057,16.708241,16.922706,0.006824,0.865857
2010-05-05,16.2049,16.2049,15.7227,15.8320,10785886,-0.022641,26.644672,-0.200714,16.641683,16.901845,0.007947,0.848897
2010-05-06,15.8329,15.8329,15.6417,15.7054,5457967,-0.008000,24.775050,-0.241952,16.577722,16.881100,0.007862,0.847478
2010-05-07,15.7345,15.9427,15.7345,15.9169,16415459,0.013468,33.204104,-0.254630,16.516541,16.865258,0.008284,0.845354
2010-05-10,15.9109,16.1385,15.8984,15.9847,8761814,0.004263,35.693326,-0.256249,16.463845,16.848568,0.008449,0.845067
2010-05-11,15.9631,16.1409,15.9631,16.0716,8194541,0.005436,38.836847,-0.247666,16.423959,16.831559,0.008499,0.819217
2010-05-12,16.1215,16.2720,16.0061,16.1341,17476672,0.003888,41.067789,-0.233134,16.396304,16.813007,0.008367,0.816034
2010-05-13,16.1592,16.1592,16.0082,16.0164,11442645,-0.007297,38.237673,-0.228484,16.365226,16.790457,0.008458,0.823741
2010-05-14,16.0944,16.1913,15.7509,15.9687,8202613,-0.002974,37.123132,-0.226036,16.326441,16.764975,0.008233,0.819617
2010-05-17,15.9276,15.9276,15.4038,15.5170,12249538,-0.028287,28.606774,-0.257576,16.262345,16.733262,0.009948,0.834923
2010-05-18,15.4676,15.4676,15.3634,15.4361,11339011,-0.005218,27.393587,-0.285811,16.191063,16.698958,0.009786,0.813446
2010-05-19,15.4234,15.4234,15.2225,15.2989,9257836,-0.008883,25.427112,-0.315613,16.121512,16.657496,0.009749,0.814809
2010-05-20,15.3013,15.3013,15.0127,15.1792,15353871,-0.007824,23.819499,-0.344915,16.046328,16.614580,0.009735,0.813924
2010-05-21,15.2265,15.2729,15.1991,15.2029,13083632,0.001556,24.829538,-0.362057,15.967702,16.570918,0.009554,0.819741
2010-05-24,15.2010,15.2010,15.0937,15.1090,13147976,-0.006175,23.496233,-0.378851,15.891413,16.525018,0.009524,0.816186
2010-05-25,14.9545,15.3192,14.9545,15.1068,11084896,-0.000147,23.464216,-0.387868,15.813796,16.474678,0.009475,0.811799
2010-05-26,15.2145,15.4252,15.2145,15.2903,10101900,0.012149,31.760642,-0.375872,15.748838,16.425668,0.010210,0.816422
2010-05-27,15.3229,15.3229,15.1082,15.2043,9469208,-0.005620,30.114579,-0.369045,15.686933,16.383661,0.010154,0.832714
2010-05-28,15.1904,15.2285,15.1710,15.1896,6293633,-0.000973,29.827948,-0.360670,15.626855,16.342655,0.010174,0.825786
2010-05-31,15.2135,15.3208,15.1700,15.2501,7751309,0.003985,32.652392,-0.345170,15.580630,16.305521,0.010058,0.810229
2010-06-01,15.3213,15.4139,15.3213,15.3565,11912702,0.006975,37.418934,-0.320607,15.538514,16.274549,0.010257,0.801838
2010-06-02,15.4547,15.4547,15.2322,15.2371,7456340,-0.007775,34.469927,-0.307234,15.508766,16.241485,0.009215,0.795926
2010-06-03,15.2821,15.2821,15.1794,15.2207,9951780,-0.001076,34.072713,-0.294563,15.484532,16.203886,0.009102,0.797279
2010-06-04,15.1389,15.2871,15.1389,15.2309,14889854,0.000676,34.581945,-0.280458,15.450236,16.167561,0.008416,0.790971
2010-06-07,15.3051,15.3051,14.8479,14.8937,13094178,-0.022142,27.171790,-0.293114,15.395685,16.122230,0.009372,0.804691
2010-06-08,14.8909,15.0199,14.7736,14.8743,14814468,-0.001305,26.815099,-0.301240,15.335817,16.083757,0.009153,0.805574
2010-06-09,14.8801,15.0283,14.7658,14.8603,7341542,-0.000938,26.545817,-0.305287,15.272128,16.048860,0.009001,0.801634
2010-06-10,14.7221,14.8323,14.6362,14.7784,13012471,-0.005514,24.960157,-0.311515,15.210228,16.013408,0.008976,0.792318
2010-06-11,14.7500,14.7500,14.4543,14.4950,12788029,-0.019173,20.418293,-0.335448,15.136543,15.970525,0.009591,0.801999
2010-06-14,14.5141,14.5141,14.3869,14.4824,7167025,-0.000873,20.241085,-0.351386,15.084809,15.921950,0.007858,0.801710
2010-06-15,14.5619,14.5619,14.2749,14.4248,16003059,-0.003973,19.416229,-0.364458,15.034248,15.868652,0.007847,0.800620
2010-06-16,14.3995,14.5076,14.3043,14.3675,14445302,-0.003977,18.602264,-0.375123,14.987674,15.812737,0.007741,0.797945
2010-06-17,14.3081,14.4106,14.0570,14.3679,7414009,0.000035,18.634192,-0.379164,14.947110,15.760405,0.007689,0.787021
2010-06-18,14.3822,14.6629,14.3822,14.6356,18980311,0.018627,33.672674,-0.356660,14.918747,15.710307,0.009020,0.810256
2010-06-21,14.5879,14.7187,14.5704,14.6844,8192687,0.003339,35.998447,-0.331065,14.897521,15.663223,0.009031,0.803533
2010-06-22,14.6325,14.6325,14.3546,14.4707,5604861,-0.014555,30.895363,-0.324289,14.865719,15.615251,0.009490,0.794724
2010-06-23,14.5476,14.5515,14.4572,14.4771,8739666,0.000439,31.207302,-0.314778,14.825059,15.571049,0.008908,0.798422
2010-06-24,14.4415,14.5036,14.4301,14.4586,10619951,-0.001279,30.771022,-0.305217,14.787769,15.527462,0.008886,0.799692
2010-06-25,14.3328,14.7955,14.3328,14.7095,9057079,0.017358,42.504432,-0.274227,14.763768,15.486763,0.009932,0.811153
2010-06-28,14.7817,15.1872,14.7817,15.0309,12723320,0.021846,53.396175,-0.221187,14.752808,15.451402,0.011181,0.808595
2010-06-29,14.9715,15.0859,14.9715,15.0625,10175259,0.002106,54.314139,-0.174586,14.738111,15.415419,0.011059,0.803901
2010-06-30,15.1674,15.5437,15.1674,15.4374,23290748,0.024886,63.487123,-0.106184,14.748127,15.390367,0.012330,0.824700
2010-07-01,15.3942,15.3942,15.1182,15.2239,9283348,-0.013829,56.526019,-0.068412,14.748288,15.361187,0.012750,0.829600
2010-07-02,15.2386,15.2386,15.1644,15.1665,8835964,-0.003772,54.785921,-0.042620,14.745064,15.329008,0.012778,0.824799
2010-07-05,15.1574,15.1574,14.9823,15.0293,8953074,-0.009041,50.766954,-0.032866,14.751846,15.296900,0.011896,0.827240
2010-07-06,15.0231,15.0516,14.9849,15.0383,14440504,0.000597,51.019992,-0.024134,14.760048,15.264485,0.011888,0.824119
2010-07-07,15.0820,15.0820,14.7120,14.7230,7948393,-0.020966,42.708295,-0.042169,14.753183,15.227156,0.012832,0.829231
2010-07-08,14.6877,14.8834,14.6877,14.8423,15915347,0.008100,46.273521,-0.046306,14.756378,15.195152,0.012907,0.836927
2010-07-09,14.9214,14.9214,14.5594,14.7994,15199035,-0.002890,45.184503,-0.052440,14.771596,15.163318,0.012103,0.835134
2010-07-12,14.6787,14.6787,14.5302,14.5576,13732578,-0.016339,39.535281,-0.075938,14.775356,15.130977,0.012714,0.840444
2010-07-13,14.5496,14.5988,14.3515,14.4415,9172192,-0.007970,37.136021,-0.102738,14.776193,15.095833,0.012817,0.840278
2010-07-14,14.4103,14.7297,14.4103,14.5993,11428709,0.010920,42.264678,-0.109984,14.787783,15.071177,0.012997,0.840507
2010-07-15,14.7170,14.8634,14.7170,14.7494,8278161,0.010282,46.720306,-0.102434,14.806853,15.052058,0.013163,0.844728
2010-07-16,14.8248,15.3199,14.8248,15.2790,10693040,0.035908,58.801185,-0.053101,14.839023,15.039300,0.014817,0.861215
2010-07-19,15.2723,15.9440,15.2723,15.8765,16146267,0.039109,67.699984,0.033823,14.898627,15.037136,0.016958,0.886158
2010-07-20,15.9325,16.2670,15.9325,16.1456,11078708,0.016946,70.762185,0.123003,14.982371,15.038616,0.016599,0.883729
2010-07-21,16.1703,16.2686,16.0983,16.1498,9798314,0.000261,70.808837,0.191808,15.066007,15.038930,0.016602,0.876852
2010-07-22,16.1621,16.1621,15.7205,15.7297,11222470,-0.026015,60.447066,0.210014,15.129563,15.033196,0.018004,0.885619
2010-07-23,15.7948,15.9015,15.6577,15.8691,8646730,0.008865,62.413065,0.233009,15.187542,15.031204,0.017781,0.885412
2010-07-26,15.8631,15.8631,15.7065,15.7069,12359038,-0.010221,58.754793,0.235430,15.221344,15.035002,0.017526,0.884479
2010-07-27,15.7627,15.7627,15.5347,15.5474,10053762,-0.010154,55.321041,0.221921,15.245589,15.037229,0.017748,0.885003
2010-07-28,15.5522,15.5522,15.0813,15.3167,17486487,-0.014837,50.705404,0.190407,15.239558,15.037585,0.017236,0.895595
2010-07-29,15.4055,15.5216,15.3434,15.4119,19155064,0.006214,52.467661,0.171139,15.248960,15.042239,0.016986,0.897957
2010-07-30,15.4426,15.7399,15.4426,15.7008,8587361,0.018740,57.439735,0.177133,15.275674,15.052198,0.017411,0.900784
2010-08-02,15.6765,15.9880,15.6765,15.7669,11318168,0.004211,58.509667,0.185085,15.312551,15.065356,0.017225,0.901099
2010-08-03,15.7599,15.8972,15.6443,15.7377,15316020,-0.001848,57.819733,0.186882,15.347523,15.077975,0.017248,0.901623
2010-08-04,15.7664,15.7664,15.5279,15.5624,21418438,-0.011143,53.714882,0.172170,15.389491,15.083417,0.016678,0.903265
2010-08-05,15.6475,15.6475,15.2507,15.2919,13704059,-0.017380,48.048911,0.137105,15.411972,15.085168,0.017224,0.906159
2010-08-06,15.2665,15.2701,15.0781,15.1998,6182211,-0.006024,46.259178,0.100722,15.431991,15.085372,0.017282,0.906879
2010-08-09,15.2410,15.2962,14.9250,15.0388,13191637,-0.010591,43.228819,0.058226,15.456052,15.081146,0.017016,0.898400
2010-08-10,14.9757,15.5006,14.9757,15.4465,8242850,0.027113,51.834992,0.056794,15.506301,15.082947,0.017752,0.910333
2010-08-11,15.5300,15.5300,15.2872,15.3460,9018074,-0.006508,49.829386,0.047006,15.543638,15.085126,0.017797,0.907186
2010-08-12,15.3866,15.5917,15.3866,15.5531,14712702,0.013496,53.795964,0.055324,15.583825,15.091775,0.017884,0.908668
2010-08-13,15.6677,15.7969,15.5872,15.6334,11199707,0.005162,55.272303,0.067615,15.601546,15.099824,0.016124,0.904860
2010-08-16,15.5974,15.5974,15.2847,15.2883,13087418,-0.022073,48.151261,0.048947,15.572136,15.107717,0.014263,0.905842
2010-08-17,15.2475,15.2475,14.9056,14.9449,9605784,-0.022465,42.308698,0.006366,15.512100,15.109129,0.014261,0.904544
2010-08-18,15.0113,15.0113,14.9224,14.9581,9790947,0.000887,42.598276,-0.026011,15.452517,15.111086,0.014271,0.900911
2010-08-19,14.9908,15.3295,14.9908,15.2706,11754031,0.020888,49.083775,-0.026156,15.429562,15.120930,0.014270,0.902155
2010-08-20,15.2764,15.2885,15.0256,15.1052,19140529,-0.010832,46.113385,-0.039167,15.391365,15.133133,0.014205,0.908952
2010-08-23,15.0464,15.5032,15.0464,15.3079,6127250,0.013418,50.098509,-0.032745,15.371413,15.149643,0.014498,0.919559
2010-08-24,15.3488,15.3488,15.1724,15.1882,7045172,-0.007820,47.847997,-0.036890,15.353449,15.164910,0.014431,0.922565
2010-08-25,15.1623,15.3840,15.1496,15.3282,11848146,0.009220,50.641365,-0.028546,15.354021,15.184124,0.014224,0.922616
2010-08-26,15.3754,15.6339,15.3085,15.4634,11299347,0.008824,53.246241,-0.010894,15.356597,15.206034,0.014294,0.922932
2010-08-27,15.5006,15.5006,15.2357,15.3918,11935602,-0.004632,51.690463,-0.002654,15.341150,15.221159,0.013645,0.927952
2010-08-30,15.4305,15.4435,15.2680,15.3486,12538835,-0.002809,50.726992,0.000383,15.320235,15.234441,0.013597,0.924383
2010-08-31,15.3784,15.5189,15.0355,15.3093,11813289,-0.002561,49.817791,-0.000378,15.298812,15.251212,0.013599,0.926290
2010-09-01,15.2629,15.3346,15.1931,15.2736,15026003,-0.002332,48.959411,-0.003817,15.284372,15.267142,0.013405,0.923653
2010-09-02,15.3208,15.3208,15.0962,15.1742,14669878,-0.006507,46.554813,-0.014397,15.278487,15.281455,0.012910,0.923655
2010-09-03,15.1671,15.1671,14.7588,14.9090,9027471,-0.017476,40.797195,-0.043677,15.263948,15.285444,0.013421,0.923005
2010-09-06,14.9377,14.9377,14.5682,14.6403,10354488,-0.018024,35.945954,-0.087555,15.244022,15.277632,0.013802,0.925281
2010-09-07,14.6366,14.8412,14.6020,14.6992,7617634,0.004024,37.695288,-0.116235,15.206656,15.270365,0.012174,0.925377
2010-09-08,14.7986,14.9997,14.7401,14.8396,9450247,0.009550,41.775258,-0.126182,15.181334,15.258409,0.012416,0.922210
2010-09-09,14.9099,14.9099,14.7516,14.8650,9762671,0.001711,42.508651,-0.130513,15.146926,15.251230,0.011932,0.922205
2010-09-10,14.9089,14.9089,14.6565,14.7684,12127138,-0.006498,40.422605,-0.140124,15.103673,15.243268,0.011838,0.919144
2010-09-13,14.8029,14.9145,14.8029,14.8800,9854869,0.007560,43.852211,-0.137151,15.083257,15.240281,0.011129,0.920417
2010-09-14,14.9290,15.1353,14.9290,15.1224,6050344,0.016290,50.512713,-0.113922,15.092133,15.241963,0.010611,0.920687
2010-09-15,15.1063,15.2053,15.0807,15.1231,7667350,0.000045,50.530393,-0.094371,15.100380,15.249964,0.010611,0.920430
2010-09-16,15.0738,15.0738,14.9257,15.0037,10840982,-0.007897,47.323871,-0.087504,15.087034,15.253192,0.009621,0.921470
2010-09-17,15.0833,15.2458,15.0372,15.1273,9124717,0.008240,50.804454,-0.071264,15.088139,15.259750,0.009523,0.917855
2010-09-20,15.1140,15.2262,15.1140,15.1317,7758424,0.000294,50.930088,-0.057373,15.079333,15.271234,0.008996,0.918098
2010-09-21,15.2766,15.4980,15.2766,15.4671,9606929,0.022165,59.357219,-0.019082,15.093282,15.291745,0.010144,0.921667
2010-09-22,15.5175,15.5678,15.5175,15.5507,15174387,0.005404,61.147983,0.017804,15.104408,15.310774,0.010016,0.918813
2010-09-23,15.5788,15.5788,15.3471,15.3642,11347329,-0.011992,55.294362,0.031624,15.099447,15.323072,0.010214,0.918132
2010-09-24,15.3981,15.3981,14.8464,15.0450,6588356,-0.020779,46.999187,0.016624,15.082105,15.318392,0.011170,0.920953
2010-09-27,15.0848,15.3679,15.0848,15.3377,12004758,0.019458,53.837931,0.028036,15.081563,15.307616,0.012063,0.922934
2010-09-28,15.2903,15.7746,15.2903,15.6408,13437117,0.019757,59.642797,0.060831,15.098137,15.297519,0.012819,0.926196
2010-09-29,15.5879,15.7358,15.4333,15.5959,13190494,-0.002868,58.470831,0.082253,15.114254,15.286441,0.012827,0.923976
2010-09-30,15.6430,15.6430,15.2736,15.4489,6406003,-0.009426,54.678254,0.086373,15.127990,15.280826,0.012934,0.923238
2010-10-01,15.4242,15.8616,15.4242,15.7738,6845495,0.021030,60.739079,0.114534,15.171230,15.278919,0.012909,0.925504
2010-10-04,15.8083,15.8083,15.2833,15.4594,9656661,-0.019934,53.308776,0.110208,15.212184,15.273968,0.013078,0.924801
2010-10-05,15.4565,15.4565,15.2914,15.3414,5967217,-0.007629,50.798622,0.096155,15.244295,15.269848,0.013279,0.925181
2010-10-06,15.3756,15.4855,15.3661,15.4579,9734163,0.007591,53.144810,0.093339,15.275211,15.272670,0.013229,0.926867
2010-10-07,15.4796,15.4796,15.1843,15.3648,10135752,-0.006018,51.050731,0.082648,15.300205,15.271728,0.013354,0.926588
2010-10-08,15.3822,15.3885,15.2433,15.2776,11721210,-0.005681,49.095888,0.066367,15.325665,15.263264,0.013329,0.922369
2010-10-11,15.2960,15.2960,15.0827,15.2060,10495173,-0.004682,47.490916,0.047148,15.341966,15.252047,0.013331,0.909681
2010-10-12,15.1569,15.5051,15.1569,15.4166,8161852,0.013849,52.421896,0.048353,15.356677,15.245625,0.013195,0.911455
2010-10-13,15.4079,15.8234,15.4079,15.8051,7819569,0.025198,59.902253,0.079735,15.390777,15.250479,0.014251,0.922816
2010-10-14,15.7969,15.7969,15.5908,15.6899,16749081,-0.007288,57.038617,0.094224,15.425089,15.258439,0.014229,0.914189
2010-10-15,15.7341,15.8294,15.6924,15.7777,10727611,0.005593,58.660132,0.111503,15.457608,15.269997,0.014183,0.915710
2010-10-18,15.8045,15.8045,15.3003,15.4070,8300116,-0.023494,50.064966,0.094201,15.471370,15.277361,0.015305,0.919233
2010-10-19,15.4377,15.5022,15.3808,15.4722,18484117,0.004233,51.413791,0.084774,15.471623,15.277874,0.014505,0.917927
2010-10-20,15.4356,15.4356,15.1601,15.3281,21341014,-0.009314,48.308331,0.064926,15.460492,15.277516,0.014596,0.919164
2010-10-21,15.2250,15.2250,14.9439,14.9558,14077513,-0.024285,41.359345,0.018941,15.440072,15.265571,0.015340,0.923479
2010-10-22,15.0508,15.0508,14.7813,14.8637,8198922,-0.006158,39.832709,-0.024650,15.431011,15.250177,0.014694,0.921099
2010-10-25,14.7087,14.8898,14.7087,14.8373,8389099,-0.001782,39.382441,-0.060634,15.405987,15.241156,0.013923,0.920866
2010-10-26,14.7818,15.0889,14.7818,14.9902,9935836,0.010311,43.364420,-0.075932,15.373461,15.242063,0.013308,0.921900
2010-10-27,14.9772,14.9772,14.6803,14.7699,10172192,-0.014701,39.354002,-0.104632,15.332159,15.238298,0.013606,0.922595
2010-10-28,14.8197,14.8197,14.6038,14.7309,15698004,-0.002637,38.673174,-0.129033,15.296260,15.227505,0.013512,0.920943
2010-10-29,14.7221,14.7506,14.6958,14.7225,8770921,-0.000569,38.518844,-0.147348,15.243697,15.219852,0.012365,0.918592
2010-11-01,14.7183,14.7183,14.6052,14.6141,12865251,-0.007367,36.488533,-0.168671,15.201433,15.205976,0.011784,0.922447
2010-11-02,14.6442,15.0086,14.6442,14.9447,6231539,0.022627,45.858295,-0.157076,15.181600,15.201108,0.013003,0.915786
2010-11-03,14.9521,15.0226,14.9521,15.0148,9547745,0.004690,47.622319,-0.140610,15.159448,15.194841,0.012915,0.918853
2010-11-04,14.9931,15.2479,14.9931,15.1893,9250049,0.011619,51.828917,-0.112190,15.150671,15.189358,0.013181,0.917419
2010-11-05,15.1673,15.2619,15.0865,15.2141,12640162,0.001632,52.413874,-0.086667,15.147498,15.185804,0.013131,0.924300
2010-11-08,15.3171,15.3171,15.0575,15.1504,14119791,-0.004189,50.709340,-0.070767,15.144715,15.181839,0.013122,0.921813
2010-11-09,15.1525,15.2524,15.1136,15.2165,18724553,0.004362,52.436751,-0.052231,15.134707,15.179983,0.012758,0.920768
2010-11-10,15.1218,15.3441,15.1218,15.2549,15089560,0.002529,53.459508,-0.034043,15.107199,15.179610,0.011267,0.926874
2010-11-11,15.1925,15.4445,15.1752,15.1758,7670130,-0.005185,51.030572,-0.025716,15.081497,15.179643,0.011222,0.921571
2010-11-12,15.1283,15.1283,14.8791,14.9313,7091027,-0.016113,44.325730,-0.038404,15.039180,15.180090,0.011535,0.922574
2010-11-15,15.0024,15.0172,14.9710,15.0124,7149165,0.005433,46.822164,-0.041436,15.019453,15.187533,0.010561,0.920366
2010-11-16,14.9889,15.2790,14.9889,15.1384,5608724,0.008393,50.532044,-0.033288,15.002765,15.196318,0.010715,0.919015
2010-11-17,15.1024,15.5726,15.1024,15.5396,6888858,0.026500,60.081332,0.005477,15.013341,15.210319,0.012154,0.923872
2010-11-18,15.4471,16.1136,15.4471,16.0521,14329143,0.032982,68.458634,0.076672,15.068156,15.234063,0.012679,0.927483
2010-11-19,16.0437,16.1060,15.9202,15.9736,9457590,-0.004893,66.166991,0.125312,15.123649,15.258168,0.012631,0.925904
2010-11-22,15.8979,16.0461,15.8979,15.9942,16298484,0.001289,66.483740,0.163635,15.181495,15.280451,0.012579,0.924717
2010-11-23,15.9821,15.9821,15.6869,15.7345,20270497,-0.016234,58.984625,0.171083,15.218710,15.292694,0.013243,0.928365
2010-11-24,15.7262,15.7262,15.3052,15.4479,11399577,-0.018216,52.010328,0.152103,15.252613,15.299191,0.013504,0.927934
2010-11-25,15.3821,15.7037,15.3821,15.4852,10580094,0.002412,52.791822,0.138473,15.290326,15.308821,0.013453,0.927548
2010-11-26,15.4854,15.8549,15.4854,15.8161,16438427,0.021371,59.153719,0.152615,15.345005,15.322598,0.014063,0.926437
2010-11-29,15.8242,15.9282,15.7281,15.7308,10488324,-0.005397,57.019423,0.155147,15.400840,15.334578,0.013989,0.923464
2010-11-30,15.7861,15.7861,15.6074,15.6414,12170416,-0.005681,54.790240,0.148234,15.435672,15.338064,0.013401,0.923642
2010-12-01,15.6779,15.6779,15.1879,15.2201,10116407,-0.026933,45.717385,0.107521,15.445935,15.331452,0.014895,0.934395
2010-12-02,15.1592,15.1592,15.0338,15.1026,9102655,-0.007720,43.551277,0.065026,15.441601,15.326220,0.014782,0.933147
2010-12-03,15.0339,15.1352,14.8313,14.9725,6923037,-0.008613,41.222543,0.020615,15.429523,15.324771,0.014893,0.933639
2010-12-06,15.1112,15.1112,14.9130,14.9425,5857547,-0.002008,40.681227,-0.016814,15.419129,15.316866,0.014874,0.933040
2010-12-07,14.9185,14.9373,14.7188,14.8356,16947706,-0.007150,38.734194,-0.054470,15.400088,15.300763,0.014895,0.931036
2010-12-08,14.8020,14.8940,14.7987,14.8284,6920532,-0.000490,38.598707,-0.083932,15.378759,15.285412,0.014871,0.931526
2010-12-09,14.8769,14.8769,14.3695,14.4544,10899009,-0.025221,32.337851,-0.135892,15.342686,15.265521,0.015792,0.934902
2010-12-10,14.5075,14.5075,14.2087,14.2483,10346701,-0.014255,29.498843,-0.191489,15.308536,15.235012,0.015711,0.936820
2010-12-13,14.1899,14.5959,14.1899,14.5270,7817703,0.019559,37.492183,-0.210634,15.284265,15.216366,0.016377,0.937505
2010-12-14,14.6098,14.6098,14.1544,14.2009,13014056,-0.022452,32.804429,-0.249252,15.237386,15.193554,0.016841,0.935158
2010-12-15,14.2176,14.2176,13.9203,13.9688,10563626,-0.016341,29.936468,-0.295180,15.158845,15.163773,0.015559,0.936073
2010-12-16,13.9876,14.4646,13.9876,14.3131,11480373,0.024649,38.524376,-0.300333,15.071894,15.142738,0.014562,0.939451
2010-12-17,14.2372,14.7922,14.2372,14.6922,9805792,0.026482,46.324355,-0.270710,15.007822,15.131030,0.016238,0.937285
2010-12-20,14.7812,14.7812,14.3824,14.4005,13730307,-0.019852,41.917218,-0.267682,14.928137,15.114920,0.016557,0.935774
2010-12-21,14.3871,14.7911,14.3871,14.4859,8650276,0.005928,43.608363,-0.255450,14.865704,15.096305,0.016515,0.929240
2010-12-22,14.5442,14.6110,14.3088,14.5080,11945069,0.001529,44.063301,-0.241188,14.818709,15.070363,0.016207,0.928930
2010-12-23,14.5005,14.8084,14.5005,14.7177,13489870,0.014451,48.314700,-0.210542,14.780333,15.050919,0.016637,0.928860
2010-12-24,14.5818,14.7051,14.5418,14.6181,16949925,-0.006763,46.507378,-0.192072,14.720433,15.027728,0.015683,0.925511
2010-12-27,14.6077,14.6475,14.4673,14.5647,7365641,-0.003658,45.522276,-0.179678,14.662128,15.010882,0.015678,0.925475
2010-12-28,14.6171,14.8171,14.5938,14.7035,8236943,0.009533,48.568597,-0.156844,14.615233,14.995508,0.015945,0.926185
2010-12-29,14.6578,14.7255,14.5949,14.7172,7108161,0.000929,48.871617,-0.136077,14.590085,14.983289,0.014926,0.924844
2010-12-30,14.7745,14.7961,14.6477,14.6834,10569768,-0.002291,48.118140,-0.120946,14.569126,14.977841,0.014857,0.924607
2010-12-31,14.7306,14.7935,14.6581,14.7036,6368510,0.001372,48.627727,-0.106106,14.555678,14.974638,0.014766,0.925761
2011-01-03,14.6241,14.7996,14.6203,14.6491,10259497,-0.003705,47.275677,-0.097615,14.541010,14.970875,0.014778,0.919736
2011-01-04,14.6038,14.6713,14.5516,14.5970,11241217,-0.003560,45.958347,-0.094010,14.529076,14.963009,0.014720,0.922384
2011-01-05,14.5355,14.6497,14.4766,14.5922,10168660,-0.000328,45.832063,-0.090496,14.517267,14.959455,0.014720,0.920628
2011-01-06,14.5601,14.8529,14.5601,14.7207,10362423,0.008806,49.817374,-0.076462,14.530582,14.959251,0.013665,0.923270
2011-01-07,14.7863,14.7863,14.6427,14.7257,8551061,0.000342,49.972848,-0.064192,14.554451,14.959314,0.013189,0.921404
2011-01-10,14.7508,14.9562,14.7508,14.8924,11905675,0.011318,54.943831,-0.040553,14.572719,14.964880,0.012723,0.917135
2011-01-11,14.8020,15.0954,14.8020,15.0896,9211596,0.013245,60.008772,-0.005836,14.617157,14.967778,0.011674,0.919287
2011-01-12,15.1265,15.1535,15.0257,15.1362,15565723,0.003084,61.119083,0.025143,14.675525,14.970204,0.010742,0.918706
2011-01-13,15.0962,15.1852,15.0264,15.0954,9493474,-0.002691,59.560313,0.045879,14.714641,14.968326,0.009672,0.917727
2011-01-14,15.1805,15.1805,14.9037,14.9996,6623923,-0.006348,55.944755,0.053957,14.730013,14.964036,0.008080,0.914985
2011-01-17,15.0383,15.2445,14.9792,15.1087,12846186,0.007276,58.997266,0.068377,14.765424,14.963203,0.006507,0.913075
2011-01-18,14.9920,15.1307,14.9920,15.0988,14658109,-0.000656,58.600016,0.078105,14.796071,14.960851,0.006487,0.909746
2011-01-19,15.0909,15.1834,15.0909,15.1600,9501245,0.004053,60.373785,0.089718,14.828671,14.958952,0.006500,0.907682
2011-01-20,15.0930,15.0930,14.9193,15.0053,16926482,-0.010203,54.068588,0.085455,14.843055,14.955542,0.006395,0.903957
2011-01-21,15.0064,15.3994,15.0064,15.2645,15888245,0.017274,61.352216,0.101818,14.875375,14.962206,0.007084,0.905119
2011-01-24,15.2106,15.4954,15.2106,15.4425,7438379,0.011657,65.407588,0.127672,14.919265,14.970807,0.007244,0.904535
2011-01-25,15.4366,15.6993,15.4366,15.5822,9263511,0.009051,68.227964,0.157623,14.963202,14.979682,0.007222,0.906503
2011-01-26,15.5739,15.5739,15.2468,15.2951,9194775,-0.018425,57.802880,0.156389,14.992101,14.974793,0.008658,0.903802
2011-01-27,15.2780,15.3672,15.1882,15.3427,12185958,0.003111,58.922934,0.157436,15.025064,14.960604,0.008603,0.891225
2011-01-28,15.3007,15.6827,15.3007,15.5856,12214333,0.015830,64.153863,0.175836,15.069164,14.952844,0.009118,0.894003
2011-01-31,15.5614,15.8154,15.5614,15.6461,13450694,0.003884,65.338550,0.193077,15.119013,14.945882,0.008984,0.894263
2011-02-01,15.6439,15.9775,15.6439,15.8732,16070068,0.014517,69.422186,0.222503,15.182827,14.948656,0.009161,0.894102
2011-02-02,15.9679,15.9679,15.6932,15.7014,11577393,-0.010828,63.340805,0.229311,15.238286,14.953725,0.009720,0.892847
2011-02-03,15.6580,15.7369,15.6580,15.6992,11545100,-0.000134,63.267502,0.231864,15.287215,14.958006,0.009679,0.889556
2011-02-04,15.7602,15.8420,15.7497,15.7707,10669765,0.004553,64.755007,0.236924,15.339466,14.957098,0.009658,0.888027
2011-02-07,15.7614,15.7614,15.3310,15.5654,10128460,-0.013022,57.545210,0.221806,15.373116,14.953791,0.010140,0.890545
2011-02-08,15.6341,15.6341,15.3942,15.4351,9175855,-0.008372,53.476299,0.197038,15.390388,14.949664,0.010059,0.891502
2011-02-09,15.4542,15.6110,15.4542,15.5186,11033808,0.005415,55.642656,0.182056,15.409512,14.955635,0.010096,0.883310
2011-02-10,15.5384,15.5384,15.3487,15.4518,11565296,-0.004307,53.497237,0.162910,15.427331,14.962618,0.010136,0.876928
2011-02-11,15.3366,15.4066,15.3366,15.4062,9210858,-0.002950,52.023924,0.142417,15.447662,14.971292,0.010030,0.877568
2011-02-14,15.3902,15.3902,15.2638,15.3100,9393656,-0.006248,48.958175,0.117060,15.457723,14.978641,0.010068,0.877319
2011-02-15,15.2583,15.2789,15.1384,15.2096,10877206,-0.006557,45.919056,0.087851,15.463261,14.986120,0.010196,0.873094
2011-02-16,15.2012,15.3672,15.1803,15.2521,12527479,0.002795,47.407976,0.067357,15.467865,14.994595,0.010176,0.878507
2011-02-17,15.2041,15.5772,15.2041,15.5144,16171541,0.017199,55.541946,0.071459,15.493319,15.015795,0.010519,0.882800
2011-02-18,15.4059,15.4059,15.0201,15.0426,11703280,-0.030414,42.737867,0.036218,15.482221,15.031680,0.012095,0.892590
2011-02-21,14.9949,14.9949,14.6783,14.7079,16579816,-0.022245,36.339937,-0.018498,15.445495,15.035298,0.012641,0.874616
2011-02-22,14.6590,14.8049,14.6441,14.7917,13496356,0.005697,38.810370,-0.054472,15.405970,15.047116,0.012503,0.873919
2011-02-23,14.8625,15.0447,14.8493,14.9080,12717714,0.007857,42.162733,-0.072764,15.386612,15.065899,0.012119,0.864091
2011-02-24,14.8714,14.9822,14.8671,14.9373,7587553,0.001966,43.010819,-0.083928,15.366340,15.078383,0.012100,0.863395
2011-02-25,14.9396,14.9396,14.6152,14.6701,7348183,-0.017884,37.599909,-0.113029,15.320568,15.077942,0.011940,0.867695
2011-02-28,14.6942,14.8479,14.6934,14.7347,8887540,0.004398,39.577214,-0.129393,15.274996,15.084625,0.011956,0.868639
2011-03-01,14.7616,15.1935,14.7616,15.1160,9310742,0.025879,49.717399,-0.110320,15.237133,15.097228,0.013049,0.874035
2011-03-02,15.1030,15.1030,14.8408,14.8872,9776874,-0.015132,44.854666,-0.112367,15.196428,15.104812,0.013230,0.877333
2011-03-03,14.8907,15.0815,14.8907,15.0595,8822294,0.011574,48.908528,-0.098945,15.164442,15.111650,0.013598,0.872761
2011-03-04,15.0645,15.0645,14.9057,14.9842,10586027,-0.005003,47.272049,-0.093312,15.125116,15.118972,0.013524,0.869575
2011-03-07,15.0221,15.2340,15.0221,15.1849,18888950,0.013391,51.889002,-0.071828,15.106091,15.131376,0.013727,0.854522
2011-03-08,15.0845,15.1869,15.0845,15.1231,17917026,-0.004065,50.426208,-0.059102,15.090494,15.139769,0.013641,0.849336
2011-03-09,15.0972,15.1335,14.8361,14.9139,12091387,-0.013835,45.721336,-0.065149,15.060258,15.143704,0.013847,0.841356
2011-03-10,14.8461,15.3589,14.8461,15.2279,9843407,0.021052,52.833121,-0.044097,15.049062,15.154592,0.014746,0.836179
2011-03-11,15.2138,15.4641,15.2138,15.3744,6460196,0.009622,55.747091,-0.015414,15.047471,15.168009,0.014909,0.822442
2011-03-14,15.3727,15.8454,15.3727,15.7804,8783047,0.026405,62.634907,0.039619,15.070991,15.190634,0.015941,0.829087
2011-03-15,15.7815,16.1490,15.7815,16.0346,5904278,0.016113,66.185129,0.102569,15.112243,15.219387,0.016133,0.838781
2011-03-16,16.0914,16.4339,16.0914,16.2950,6538872,0.016236,69.391749,0.171487,15.164387,15.253443,0.016411,0.835656
2011-03-17,16.3224,16.7581,16.3224,16.5450,6948999,0.015345,72.125852,0.243475,15.215918,15.289929,0.016335,0.836672
2011-03-18,16.6363,16.8367,16.4627,16.6435,12118943,0.005951,73.143213,0.304957,15.295964,15.328285,0.014272,0.835610
2011-03-21,16.5530,17.0827,16.5530,16.9155,7909290,0.016345,75.773973,0.371352,15.406343,15.368748,0.012916,0.836519
2011-03-22,16.9319,16.9484,16.8130,16.8459,7049422,-0.004113,73.783339,0.413588,15.509053,15.403874,0.013156,0.835980
2011-03-23,16.7761,17.0237,16.7761,16.9267,7144238,0.004796,74.617175,0.448411,15.609991,15.439686,0.013158,0.837344
2011-03-24,16.8935,16.9688,16.6977,16.7280,10851795,-0.011740,68.819056,0.454732,15.699528,15.472338,0.013748,0.838821
2011-03-25,16.7419,16.9062,16.7419,16.7824,9451371,0.003250,69.516890,0.458838,15.805140,15.507993,0.012598,0.833783
2011-03-28,16.8018,16.8018,16.5440,16.5962,18432846,-0.011092,64.216905,0.441977,15.898219,15.537743,0.013216,0.843659
2011-03-29,16.6113,16.9367,16.6113,16.8736,11035530,0.016715,68.117839,0.445860,15.986101,15.573240,0.012639,0.843802
2011-03-30,16.8023,16.9289,16.7393,16.7401,15221019,-0.007916,64.473197,0.433165,16.078742,15.604841,0.012108,0.842727
2011-03-31,16.8126,16.9388,16.7119,16.8866,7325439,0.008756,66.585907,0.429975,16.170096,15.642467,0.012055,0.843062
2011-04-01,16.9811,17.1341,16.8582,17.0036,12687026,0.006928,68.210967,0.431908,16.271067,15.677249,0.011784,0.845283
2011-04-04,17.0246,17.4597,17.0246,17.4132,12869884,0.024085,73.136050,0.461170,16.382482,15.716663,0.012347,0.853673
2011-04-05,17.4307,17.7453,17.4307,17.7048,12477033,0.016748,75.988911,0.502105,16.511565,15.759114,0.012247,0.851154
2011-04-06,17.6268,17.6268,17.2635,17.4076,19462343,-0.016785,68.057730,0.504749,16.636251,15.801364,0.012538,0.857504
2011-04-07,17.4439,17.5153,17.3660,17.4674,7891745,0.003434,68.763955,0.505836,16.748227,15.843858,0.012174,0.859668
2011-04-08,17.4378,17.4378,17.1443,17.2092,7428382,-0.014782,62.350917,0.480326,16.839967,15.876330,0.013082,0.866247
2011-04-11,17.2702,17.2702,16.9846,17.1630,9834432,-0.002682,61.251212,0.451183,16.909101,15.906668,0.012254,0.868383
2011-04-12,17.2854,17.4861,17.2854,17.4296,13793363,0.015532,65.081510,0.444474,16.978849,15.937796,0.012225,0.872938
2011-04-13,17.3907,17.6897,17.3907,17.6277,12294580,0.011367,67.641651,0.449956,17.045487,15.976323,0.012020,0.873266
2011-04-14,17.7132,17.7132,17.4718,17.5502,8374691,-0.004396,65.615469,0.442942,17.095748,16.013343,0.011849,0.877108
2011-04-15,17.5152,17.5152,17.2565,17.3667,13091863,-0.010455,60.958496,0.417762,17.131911,16.045263,0.012199,0.879649
2011-04-18,17.4247,17.5372,17.4104,17.5248,8038621,0.009100,63.369918,0.405880,17.162374,16.084451,0.011859,0.879208
2011-04-19,17.5493,17.5493,16.9672,17.1158,13507629,-0.023339,54.063391,0.359318,17.175865,16.118065,0.013083,0.881109
2011-04-20,17.0985,17.4367,17.0985,17.3133,8089597,0.011543,57.323632,0.334504,17.195196,16.153959,0.013275,0.865537
2011-04-21,17.3704,17.3704,17.1320,17.3039,10743486,-0.000544,57.115569,0.310499,17.223991,16.191002,0.012932,0.875750
2011-04-22,17.2467,17.5552,17.2467,17.5390,13712874,0.013583,60.927960,0.306903,17.261820,16.233657,0.013197,0.874952
2011-04-25,17.5324,17.5324,17.3908,17.4440,9753580,-0.005416,58.658486,0.293011,17.304208,16.276337,0.012953,0.865157
2011-04-26,17.5185,17.5185,17.0971,17.1946,14229417,-0.014294,53.070188,0.258897,17.320258,16.316038,0.013027,0.864390
2011-04-27,17.1630,17.4611,17.0457,17.3580,6568316,0.009501,56.026173,0.242252,17.351155,16.358157,0.012980,0.864689
2011-04-28,17.3006,17.3901,17.2784,17.3301,11237026,-0.001610,55.383348,0.224220,17.373326,16.394470,0.012899,0.872020
2011-04-29,17.2829,17.3894,17.2829,17.3381,8429797,0.000465,55.541617,0.208180,17.390050,16.440381,0.012833,0.870464
2011-05-02,17.3010,17.7408,17.3010,17.5726,9868861,0.013524,59.991225,0.211944,17.398021,16.497673,0.012027,0.867350
2011-05-03,17.5580,17.5580,17.2904,17.3125,16597846,-0.014800,53.584935,0.191732,17.378407,16.548089,0.011855,0.868323
2011-05-04,17.3060,17.3060,17.1796,17.2576,7059529,-0.003171,52.315076,0.169332,17.370906,16.595081,0.011281,0.868375
2011-05-05,17.3431,17.3431,17.2378,17.2596,13707096,0.000118,52.360074,0.150014,17.360518,16.641529,0.011247,0.866747
2011-05-06,17.3047,17.3047,16.6708,16.8978,11846236,-0.020965,44.335588,0.104305,17.344948,16.686082,0.011733,0.872104
2011-05-09,16.8926,17.3302,16.8926,17.2279,14123174,0.019533,51.619382,0.093634,17.348190,16.735946,0.012572,0.877105
2011-05-10,17.1540,17.3386,17.1540,17.3266,7169073,0.005732,53.576638,0.092085,17.343041,16.780159,0.012129,0.877695
2011-05-11,17.3121,17.4610,17.3121,17.4489,8244737,0.007056,55.952412,0.099574,17.334099,16.831391,0.011949,0.877291
2011-05-12,17.4779,17.4779,17.3139,17.3207,8248545,-0.007343,52.897210,0.094086,17.322624,16.876615,0.012018,0.875301
2011-05-13,17.3501,17.7499,17.3501,17.5135,7898233,0.011131,56.726424,0.104095,17.329965,16.927202,0.012055,0.862539
2011-05-16,17.3994,17.8889,17.3994,17.8758,13061115,0.020685,62.839501,0.139649,17.347517,16.981022,0.012749,0.881811
2011-05-17,17.9306,18.2437,17.9020,18.0363,8865148,0.008975,65.185174,0.178713,17.393542,17.039284,0.011477,0.881108
2011-05-18,18.0909,18.2536,18.0238,18.1603,13459061,0.006875,66.922864,0.217173,17.435888,17.104211,0.011334,0.881102
2011-05-19,18.0344,18.2056,18.0344,18.1025,16672204,-0.003181,65.287882,0.240222,17.475817,17.161704,0.011385,0.878969
2011-05-20,18.0471,18.0471,17.8409,17.9269,8242964,-0.009701,60.452596,0.241534,17.495213,17.212753,0.011364,0.874754
2011-05-23,17.9999,18.1370,17.7749,17.9099,5128985,-0.000948,59.989510,0.238453,17.518508,17.255344,0.011271,0.874992
2011-05-24,17.8247,17.9098,17.7503,17.8452,6833914,-0.003614,58.162399,0.228158,17.551034,17.291555,0.010729,0.868812
2011-05-25,17.9529,17.9529,17.7068,17.7849,10953130,-0.003375,56.439788,0.212689,17.572380,17.321354,0.010636,0.858484
2011-05-26,17.8485,17.8485,17.6951,17.7257,11676234,-0.003333,54.721997,0.193416,17.592160,17.344967,0.010668,0.841700
2011-05-27,17.8035,17.8035,17.5974,17.6096,14039361,-0.006548,51.421808,0.166853,17.605734,17.364289,0.010807,0.842101
2011-05-30,17.7014,17.7467,17.6903,17.7381,11914142,0.007299,54.681535,0.154395,17.614012,17.380741,0.010508,0.848004
2011-05-31,17.7478,18.4834,17.7478,18.3134,11011016,0.032433,65.756741,0.188767,17.664058,17.410091,0.012074,0.849643
2011-06-01,18.3168,18.3168,18.0741,18.1490,8774789,-0.008980,61.155852,0.200427,17.708627,17.434536,0.012295,0.855432
2011-06-02,18.1655,18.1655,18.0868,18.1279,9790392,-0.001160,60.571364,0.205599,17.752041,17.462534,0.012312,0.849629
2011-06-03,18.0691,18.3721,18.0691,18.2298,8163674,0.005618,62.440817,0.215432,17.818639,17.491481,0.011008,0.848915
2011-06-06,18.1967,18.4709,18.1967,18.4383,12399094,0.011442,65.996690,0.237319,17.879163,17.528324,0.010540,0.842329
2011-06-07,18.3303,18.6775,18.3303,18.5369,10870739,0.005347,67.559896,0.259627,17.939678,17.561589,0.010536,0.837893
2011-06-08,18.5956,19.1117,18.5956,18.9914,18036189,0.024519,73.588550,0.310403,18.016806,17.606617,0.011529,0.845648
2011-06-09,19.0753,19.3399,18.9778,19.0579,10746964,0.003502,74.340085,0.351953,18.103666,17.650043,0.011203,0.840234
2011-06-10,19.0221,19.3502,19.0221,19.2094,10071676,0.007948,76.013876,0.392579,18.188458,17.694159,0.011131,0.840265
2011-06-13,19.1526,19.4615,19.1526,19.2646,17156213,0.002871,76.612138,0.424334,18.257895,17.731187,0.010477,0.837848
2011-06-14,19.2314,19.6886,19.2314,19.6630,13041720,0.020681,80.412701,0.476160,18.339231,17.770350,0.011091,0.842975
2011-06-15,19.6226,19.7104,19.5771,19.6340,11615593,-0.001474,79.401962,0.509026,18.412918,17.814878,0.011149,0.843863
2011-06-16,19.5598,19.5598,19.1137,19.1743,7513929,-0.023414,65.366506,0.492304,18.466508,17.849016,0.012649,0.853922
2011-06-17,19.1677,19.5251,19.1677,19.4513,9508802,0.014446,68.930229,0.495688,18.542728,17.893858,0.012529,0.860060
2011-06-20,19.4607,19.5490,19.2182,19.4176,18092990,-0.001733,68.012872,0.490001,18.618113,17.938949,0.012547,0.856905
2011-06-21,19.4159,19.4576,19.2518,19.3101,10692579,-0.005536,65.040744,0.471387,18.691359,17.976558,0.012617,0.854367
2011-06-22,19.2743,19.6743,19.2743,19.6122,12219370,0.015644,69.124290,0.475529,18.782721,18.016247,0.012745,0.858753
2011-06-23,19.5298,19.5298,19.1236,19.2906,7641999,-0.016396,60.961607,0.447705,18.860969,18.051055,0.013506,0.865286
2011-06-24,19.3528,19.3528,19.1959,19.2044,10582313,-0.004470,58.951190,0.413923,18.940708,18.087808,0.013426,0.862767
2011-06-27,19.1872,19.1872,18.7453,18.8611,15004765,-0.017875,51.648909,0.355355,18.996857,18.114534,0.014294,0.861454
2011-06-28,18.9191,18.9191,18.6788,18.7186,7687628,-0.007553,48.939660,0.294055,19.017117,18.146592,0.012693,0.863203
2011-06-29,18.6250,19.0067,18.6250,18.8690,9131624,0.008033,51.812738,0.254671,19.053119,18.177705,0.012546,0.858220
2011-06-30,18.8580,19.2547,18.8580,19.0983,5777923,0.012153,55.889356,0.239206,19.101639,18.213593,0.012720,0.858506
2011-07-01,18.9895,19.3644,18.9895,19.2404,7650697,0.007440,58.246433,0.235698,19.152171,18.247622,0.012749,0.854549
2011-07-04,19.3433,19.3433,18.9459,19.0252,15334084,-0.011184,53.577230,0.213097,19.181515,18.279246,0.012942,0.857310
2011-07-05,18.8798,18.8798,18.6075,18.6289,12785911,-0.020830,46.227750,0.161350,19.186116,18.307932,0.013841,0.862670
2011-07-06,18.6961,18.7511,18.5001,18.5986,12201798,-0.001629,45.710491,0.116546,19.166473,18.332744,0.012617,0.861170
2011-07-07,18.7209,18.7209,18.3844,18.4815,8862238,-0.006293,43.681184,0.070780,19.137653,18.355774,0.012625,0.861177
2011-07-08,18.6275,18.6572,18.5709,18.5819,10223419,0.005429,45.898647,0.042120,19.106277,18.380649,0.012538,0.859349
2011-07-11,18.6623,18.7660,18.5642,18.6989,15607522,0.006296,48.447711,0.028519,19.077993,18.403175,0.012625,0.862586
2011-07-12,18.7644,18.9122,18.7644,18.8475,10136817,0.007950,51.569926,0.029396,19.037221,18.433876,0.011743,0.861588
2011-07-13,18.8596,19.0831,18.7035,18.8890,11917130,0.002199,52.434829,0.033054,18.999969,18.466503,0.011781,0.877878
2011-07-14,18.8929,18.9309,18.7719,18.8670,9578896,-0.001166,51.904393,0.033787,18.984602,18.498650,0.010634,0.878046
2011-07-15,18.9444,19.3050,18.8430,18.9725,7751748,0.005593,54.290397,0.042393,18.960661,18.540143,0.010140,0.875963
2011-07-18,18.8969,18.8969,18.7191,18.7564,10369411,-0.011387,48.937293,0.031419,18.927604,18.570714,0.010394,0.886807
2011-07-19,18.7775,18.8003,18.7128,18.7932,5638929,0.001963,49.844972,0.025400,18.901763,18.600047,0.010383,0.886351
2011-07-20,18.6440,18.8983,18.6440,18.8332,18253613,0.002127,50.866241,0.023584,18.862816,18.627734,0.009634,0.887627
2011-07-21,18.8900,19.0771,18.8644,19.0733,8197366,0.012745,56.582619,0.041041,18.851948,18.662784,0.009543,0.889259
2011-07-22,19.1494,19.3754,19.0688,19.0889,8154179,0.000819,56.933777,0.055496,18.846173,18.694291,0.009501,0.889795
2011-07-25,19.2773,19.2773,19.2166,19.2174,11723981,0.006735,59.814566,0.076445,18.863990,18.721123,0.008655,0.889318
2011-07-26,19.2693,19.2693,19.0308,19.1047,9527090,-0.005865,56.261615,0.082996,18.883296,18.742493,0.008575,0.886768
2011-07-27,19.0829,19.0829,18.6789,18.8331,7394177,-0.014217,48.746930,0.065516,18.881502,18.755950,0.009052,0.876485
2011-07-28,18.9686,19.1774,18.9686,19.0870,10107974,0.013478,54.820380,0.071323,18.880935,18.775640,0.009151,0.881358
2011-07-29,19.1010,19.1010,18.3072,18.5353,11694585,-0.028902,42.917622,0.031053,18.845680,18.787809,0.011016,0.884654
2011-08-01,18.5433,18.5433,18.1308,18.2591,23490870,-0.014905,38.418858,-0.022889,18.807372,18.794792,0.011212,0.883899
2011-08-02,18.2382,18.2382,17.9286,17.9616,6001798,-0.016291,34.255199,-0.088619,18.774005,18.797121,0.010851,0.887945
2011-08-03,18.0049,18.0049,17.5269,17.6266,7682842,-0.018649,30.276052,-0.165828,18.725408,18.793955,0.011489,0.890962
2011-08-04,17.6618,17.6618,17.3859,17.4504,11858294,-0.009997,28.406652,-0.238487,18.673851,18.788450,0.011580,0.891050
2011-08-05,17.5273,17.7431,17.5273,17.6996,10203670,0.014280,34.560129,-0.272817,18.629737,18.790251,0.012070,0.890376
2011-08-08,17.6679,17.6679,17.3946,17.5278,8396172,-0.009709,32.486451,-0.310313,18.571181,18.786043,0.011997,0.886915
2011-08-09,17.5322,17.5583,17.4403,17.4629,8145151,-0.003700,31.713062,-0.341328,18.501950,18.769033,0.011708,0.885642
2011-08-10,17.5407,17.6180,17.5407,17.6180,12567638,0.008879,35.656861,-0.349369,18.438399,18.758412,0.011979,0.886683
2011-08-11,17.5893,17.9033,17.5893,17.8315,9747704,0.012123,40.734281,-0.334650,18.386628,18.752485,0.012468,0.891058
2011-08-12,17.8858,17.9394,17.8155,17.9014,5989605,0.003917,42.336864,-0.313732,18.333074,18.745917,0.012415,0.888828
2011-08-15,17.9904,18.3399,17.9904,18.1564,7014366,0.014243,47.877602,-0.273429,18.303070,18.740277,0.012801,0.891519
2011-08-16,17.9817,18.2577,17.9817,18.1961,14584743,0.002187,48.704359,-0.235568,18.273211,18.733460,0.012805,0.891689
2011-08-17,18.2858,18.3595,18.2033,18.2659,11872514,0.003840,50.200862,-0.197647,18.244846,18.718950,0.012836,0.886480
2011-08-18,18.2984,18.2984,18.0797,18.0930,11546606,-0.009470,46.577654,-0.179484,18.195831,18.699650,0.012500,0.900573
2011-08-19,18.0988,18.0988,17.6698,17.6964,17761277,-0.021916,39.533561,-0.194840,18.126208,18.669391,0.013191,0.903648
2011-08-22,17.6509,17.7417,17.6409,17.7146,8205123,0.001028,39.982127,-0.203199,18.051066,18.638392,0.013014,0.901007
2011-08-23,17.6659,17.6659,17.5279,17.5564,11413495,-0.008929,37.385811,-0.220051,17.973651,18.596261,0.013056,0.903590
2011-08-24,17.5025,17.6454,17.4248,17.4987,11371768,-0.003291,36.454599,-0.235355,17.906927,18.553554,0.012838,0.893168
2011-08-25,17.4688,17.8439,17.4688,17.6743,8819504,0.010038,41.246002,-0.230651,17.836295,18.523555,0.012619,0.894106
2011-08-26,17.6796,17.6796,17.3640,17.4812,13373179,-0.010927,37.865489,-0.239743,17.783588,18.484153,0.011306,0.895445
2011-08-29,17.5039,17.5130,17.3272,17.3820,12214007,-0.005673,36.223650,-0.252045,17.739736,18.443442,0.010972,0.888270
2011-08-30,17.3345,17.3345,17.0187,17.1244,12467377,-0.014819,32.305558,-0.279360,17.697878,18.399729,0.010878,0.891303
2011-08-31,17.1247,17.3952,17.1247,17.2310,9470518,0.006224,35.418529,-0.289074,17.678098,18.352106,0.010322,0.892176
2011-09-01,17.2765,17.2765,16.9830,17.0373,19996615,-0.011244,32.493633,-0.308845,17.657441,18.307039,0.010382,0.888067
2011-09-02,17.0560,17.0560,16.7531,16.7692,14363023,-0.015733,28.933517,-0.342199,17.610922,18.258336,0.010202,0.888999
2011-09-05,16.7042,16.7762,16.5795,16.7118,10670692,-0.003425,28.220062,-0.369013,17.570124,18.215350,0.010069,0.878976
2011-09-06,16.7607,16.8074,16.6480,16.6773,18214605,-0.002065,27.776915,-0.388569,17.530843,18.174523,0.010064,0.867715
2011-09-07,16.6835,16.6835,16.4538,16.6002,14524726,-0.004619,26.766357,-0.405608,17.479957,18.129148,0.009726,0.867765
2011-09-08,16.5786,16.5786,16.2238,16.3094,14617880,-0.017521,23.317148,-0.437537,17.403851,18.073370,0.009569,0.861040
2011-09-09,16.4078,16.4078,16.0443,16.0540,6756315,-0.015657,20.784794,-0.477936,17.311484,18.009642,0.009673,0.851735
2011-09-12,16.0517,16.2392,16.0517,16.1807,9171933,0.007887,25.127225,-0.494040,17.212699,17.952751,0.009081,0.853668
2011-09-13,16.2201,16.4385,16.1399,16.2141,10784615,0.002064,26.275397,-0.498363,17.113600,17.904454,0.009075,0.854983
2011-09-14,16.2285,16.2819,16.2285,16.2562,10565159,0.002596,27.778381,-0.492712,17.013111,17.857605,0.009010,0.848751
2011-09-15,16.2828,16.2828,16.2029,16.2172,6583126,-0.002395,27.225528,-0.485776,16.919325,17.812319,0.008996,0.841900
2011-09-16,16.1641,16.5881,16.1641,16.4124,6966304,0.012036,34.286469,-0.459235,16.855125,17.768930,0.008922,0.853557
2011-09-19,16.4194,16.4194,16.2373,16.3633,14199092,-0.002992,33.408291,-0.437125,16.787560,17.722219,0.008855,0.847756
2011-09-20,16.2413,16.2413,15.9095,16.0568,12987693,-0.018732,28.500785,-0.439273,16.712577,17.666404,0.009401,0.852657
2011-09-21,15.9697,16.1777,15.9697,16.1161,13021366,0.003696,30.625806,-0.431215,16.643451,17.610947,0.009573,0.850369
2011-09-22,16.0646,16.0646,15.9330,15.9759,11199549,-0.008699,28.473098,-0.431171,16.558532,17.553127,0.009022,0.850657
2011-09-23,15.9391,16.0847,15.9391,16.0388,9076226,0.003933,30.820322,-0.421211,16.486412,17.494453,0.009119,0.850629
2011-09-26,15.9632,16.2194,15.9252,16.1415,15765551,0.006406,34.599326,-0.400411,16.424387,17.442155,0.009416,0.850325
2011-09-27,16.1166,16.1166,15.9040,15.9072,6381315,-0.014516,30.506682,-0.398242,16.363527,17.384434,0.009397,0.833135
2011-09-28,15.8955,16.1226,15.8955,15.9264,8487687,0.001206,31.224154,-0.390475,16.298296,17.326298,0.009184,0.833529
2011-09-29,15.9011,16.5162,15.9011,16.4641,18327480,0.033764,47.562878,-0.337043,16.269639,17.274116,0.012280,0.844014
2011-09-30,16.5620,16.9502,16.5620,16.9081,6059110,0.026967,56.707916,-0.255920,16.276585,17.230501,0.013364,0.856781
2011-10-03,16.8536,16.9037,16.6227,16.8675,13368468,-0.002401,55.750466,-0.192685,16.284372,17.183503,0.013350,0.855449
2011-10-04,16.7469,17.0312,16.7469,16.9394,14854012,0.004259,57.129675,-0.135216,16.297476,17.140195,0.013360,0.857775
2011-10-05,16.8541,17.1237,16.8541,17.0053,12998295,0.003893,58.411276,-0.083388,16.317730,17.103639,0.013312,0.856940
2011-10-06,17.0996,17.0996,16.7469,16.7784,10370059,-0.013344,52.585906,-0.059935,16.341180,17.057468,0.013031,0.859054
2011-10-07,16.8019,16.9235,16.7352,16.8492,8887962,0.004219,54.122844,-0.035229,16.380937,17.023745,0.012396,0.858514
2011-10-10,16.7283,16.9831,16.7283,16.8427,10028017,-0.000387,53.949252,-0.015993,16.414037,16.995417,0.012345,0.857136
2011-10-11,16.7231,17.0743,16.7231,16.9234,15380827,0.004797,55.838070,0.005706,16.449506,16.974654,0.012359,0.859060
2011-10-12,17.0770,17.0770,16.4575,16.6218,12095361,-0.017827,47.931685,-0.001425,16.467785,16.954557,0.013145,0.859717
2011-10-13,16.7312,16.7312,16.5588,16.5619,4422227,-0.003604,46.523135,-0.011775,16.485017,16.936785,0.013165,0.843746
2011-10-14,16.6104,16.6104,16.2641,16.2694,9739075,-0.017661,40.295992,-0.043082,16.477864,16.908180,0.013540,0.849696
2011-10-17,16.3318,16.3318,15.7900,15.9370,14856166,-0.020426,34.625334,-0.093630,16.456550,16.876366,0.014261,0.850618
2011-10-18,15.8476,15.9096,15.7370,15.8229,9935578,-0.007164,32.911689,-0.141274,16.444853,16.843565,0.013739,0.850876
2011-10-19,15.8842,15.8842,15.8179,15.8200,9933979,-0.000179,32.868323,-0.177217,16.430048,16.807606,0.013702,0.856073
2011-10-20,15.8127,16.0663,15.8127,16.0317,11213128,0.013379,39.316554,-0.186475,16.432835,16.771609,0.013922,0.858032
2011-10-21,16.0508,16.1085,15.9580,16.0999,11369851,0.004253,41.273486,-0.186164,16.435889,16.735579,0.013927,0.848804
2011-10-24,16.0880,16.0880,15.8464,15.8617,8803197,-0.014792,36.808490,-0.202796,16.421899,16.689686,0.014240,0.847634
2011-10-25,15.9480,15.9480,15.6568,15.7250,8925533,-0.008620,34.500887,-0.224423,16.412787,16.640265,0.013999,0.836569
2011-10-26,15.6156,15.6156,15.4482,15.5313,14671567,-0.012314,31.489770,-0.254256,16.393034,16.585573,0.014238,0.831524
2011-10-27,15.4910,15.5943,15.1747,15.4543,7644417,-0.004963,30.354130,-0.280882,16.342541,16.532800,0.011633,0.830308
2011-10-28,15.5354,15.6114,15.2794,15.3826,9117522,-0.004637,29.296350,-0.304258,16.266264,16.486523,0.009234,0.829322
2011-10-31,15.4657,15.5390,15.4657,15.5321,8671556,0.009721,34.431130,-0.307176,16.199494,16.442874,0.009773,0.830246
2011-11-01,15.5378,15.5378,15.3416,15.3910,13469274,-0.009088,32.063979,-0.317222,16.122075,16.399565,0.009629,0.831291
2011-11-02,15.3408,15.6886,15.3408,15.6286,11196334,0.015437,39.592437,-0.302525,16.053238,16.362163,0.010482,0.831680
2011-11-03,15.6187,15.6187,15.2895,15.3393,10001479,-0.018512,34.568834,-0.310641,15.981282,16.315462,0.010780,0.831041
2011-11-04,15.2782,15.4005,15.2782,15.3406,8936420,0.000090,34.611310,-0.313350,15.905855,16.272652,0.010644,0.833467
2011-11-07,15.2954,15.9157,15.2954,15.8788,15735560,0.035079,48.655629,-0.268974,15.857661,16.242587,0.013857,0.849318
2011-11-08,15.8848,15.9868,15.6631,15.8845,8056419,0.000360,48.781491,-0.230685,15.805713,16.217788,0.013763,0.849851
2011-11-09,15.8781,16.2925,15.8781,16.2244,10500979,0.021399,55.729913,-0.170943,15.785845,16.197655,0.014333,0.867919
2011-11-10,16.2419,16.3017,16.1694,16.2287,9602113,0.000263,55.811029,-0.121847,15.769186,16.181483,0.014324,0.866983
2011-11-11,16.3224,16.3224,16.2189,16.2418,9193575,0.000811,56.078077,-0.080943,15.767810,16.170935,0.013772,0.860818
2011-11-14,16.1065,16.1065,15.9929,16.0788,12278961,-0.010040,51.892962,-0.060982,15.774896,16.158275,0.013143,0.869346
2011-11-15,16.0412,16.1231,16.0280,16.0641,11006368,-0.000910,51.521426,-0.045816,15.786960,16.146012,0.013024,0.868146
2011-11-16,16.1566,16.1566,15.8354,15.9320,10170937,-0.008227,48.166927,-0.043953,15.792557,16.132646,0.013181,0.874408
2011-11-17,15.9477,16.0003,15.7782,15.9616,6903041,0.001860,48.969452,-0.039629,15.789053,16.125691,0.012832,0.875337
2011-11-18,15.8812,15.8812,15.4348,15.5682,8321962,-0.024649,40.095679,-0.067174,15.762469,16.115973,0.013895,0.874172
2011-11-21,15.6451,15.6451,15.4151,15.6084,10642219,0.002584,41.267475,-0.084781,15.749804,16.104528,0.013565,0.877498
2011-11-22,15.6379,15.8792,15.6379,15.7770,6829015,0.010802,46.033004,-0.084159,15.752405,16.095787,0.013664,0.877111
2011-11-23,15.7888,15.9804,15.7888,15.9284,10299575,0.009594,49.958649,-0.070638,15.772256,16.089231,0.013481,0.874852
2011-11-24,15.9124,16.0636,15.9002,15.9186,10471339,-0.000613,49.707311,-0.060018,15.795474,16.083259,0.013408,0.875446
2011-11-25,15.9250,16.1139,15.9250,16.1113,8009691,0.012105,54.562449,-0.035642,15.831909,16.077237,0.013523,0.872681
2011-11-28,16.0971,16.1734,15.9684,16.0972,9920074,-0.000878,54.149016,-0.017267,15.860159,16.071914,0.013428,0.880786
2011-11-29,16.0871,16.7460,16.0871,16.5850,12452880,0.030307,64.215506,0.036243,15.919861,16.082478,0.014576,0.870698
2011-11-30,16.6615,16.6615,16.1786,16.2242,9242803,-0.021756,54.657554,0.048971,15.949641,16.084639,0.015370,0.877120
2011-12-01,16.2183,16.2183,16.0111,16.0739,12686168,-0.009264,51.236484,0.046395,15.986372,16.086598,0.014851,0.874096
2011-12-02,16.0810,16.0810,15.4027,15.5933,7074584,-0.029898,42.151862,0.005512,15.999006,16.077689,0.016522,0.883008
2011-12-05,15.5818,15.5818,15.3139,15.3698,8162485,-0.014334,38.713720,-0.044413,15.973557,16.062255,0.014748,0.883874
2011-12-06,15.3551,15.6278,15.3551,15.5601,10874500,0.012382,42.978386,-0.067840,15.957338,16.055312,0.015071,0.887260
2011-12-07,15.5551,15.7215,15.5551,15.7111,13447031,0.009701,46.177435,-0.073380,15.931671,16.051005,0.014369,0.888262
2011-12-08,15.7391,15.8380,15.6195,15.6393,6461174,-0.004565,44.888823,-0.082605,15.902204,16.034509,0.014379,0.888030
2011-12-09,15.6155,15.6155,15.4486,15.4625,10279564,-0.011310,41.791254,-0.103002,15.863235,16.005596,0.014520,0.884593
2011-12-12,15.4892,15.4892,14.9681,15.0275,8893352,-0.028129,35.334528,-0.152505,15.810672,15.968795,0.015550,0.889889
2011-12-13,15.1087,15.1245,15.0231,15.0766,12172254,0.003266,36.526401,-0.185636,15.761295,15.931539,0.015612,0.881376
2011-12-14,15.1149,15.5827,15.1149,15.3669,11731057,0.019256,43.195150,-0.186319,15.733043,15.898771,0.016325,0.885337
2011-12-15,15.4310,15.4310,15.2218,15.2598,5960228,-0.006968,41.464763,-0.193272,15.697954,15.868400,0.016344,0.880374
2011-12-16,15.2605,15.3266,15.0854,15.1078,9974845,-0.009963,39.071398,-0.208645,15.674934,15.833572,0.015591,0.883386
2011-12-19,15.0263,15.2215,15.0263,15.0901,8594997,-0.001170,38.790971,-0.219723,15.649020,15.798521,0.015563,0.882066
2011-12-20,15.0695,15.0695,14.7868,14.8337,13833347,-0.016994,34.880897,-0.246355,15.601853,15.756726,0.015641,0.889277
2011-12-21,14.7316,14.8240,14.6414,14.6855,24303610,-0.009986,32.822839,-0.276229,15.539711,15.718002,0.015425,0.888680
2011-12-22,14.7259,14.7612,14.7259,14.7518,8039741,0.004514,34.680252,-0.291199,15.481372,15.681801,0.015526,0.883356
2011-12-23,14.7604,14.9521,14.7604,14.7933,16256164,0.002813,35.875639,-0.296299,15.415474,15.652281,0.015163,0.873567
2011-12-26,14.7681,14.9842,14.7681,14.9425,13198013,0.010086,40.118528,-0.285015,15.357743,15.632391,0.015482,0.875254
2011-12-27,14.8968,15.2290,14.8968,15.0607,6253663,0.007910,43.318240,-0.263498,15.281529,15.617149,0.013596,0.875165
2011-12-28,15.1245,15.3263,15.1243,15.2747,10765035,0.014205,48.665086,-0.226570,15.234053,15.606242,0.013602,0.877055
2011-12-29,15.3679,15.3679,14.9443,15.1568,13684893,-0.007720,46.084605,-0.204463,15.188197,15.588743,0.013569,0.876322
2011-12-30,15.1391,15.1958,15.1090,15.1851,11117641,0.001871,46.814794,-0.182551,15.167786,15.570448,0.012004,0.873491
2012-01-02,15.3317,15.4067,15.2359,15.3210,9917553,0.008949,50.289891,-0.152463,15.165346,15.559634,0.011796,0.871812
2012-01-03,15.3112,15.3112,15.2047,15.2797,12640416,-0.002699,49.235814,-0.130450,15.151323,15.550727,0.011434,0.867555
2012-01-04,15.3022,15.3022,15.0432,15.1104,22333811,-0.011077,45.070987,-0.125219,15.121291,15.542308,0.011368,0.868779
2012-01-05,15.0944,15.5759,15.0944,15.4241,14313907,0.020762,53.005973,-0.094667,15.110530,15.541705,0.012417,0.882834
2012-01-06,15.5537,15.5537,15.3332,15.4126,12521459,-0.000750,52.703727,-0.070574,15.108035,15.542304,0.012160,0.881081
2012-01-09,15.4585,15.6633,15.4585,15.6253,7871458,0.013801,57.503372,-0.033926,15.137923,15.544166,0.010584,0.881509
2012-01-10,15.6882,15.6882,15.3694,15.5535,9266302,-0.004593,55.458500,-0.010551,15.161768,15.547417,0.010680,0.881141
2012-01-11,15.4984,15.9272,15.4984,15.7920,9817361,0.015335,60.487510,0.026909,15.183023,15.550685,0.010371,0.884874
2012-01-12,15.6744,15.7425,15.6415,15.7233,8970326,-0.004353,58.439446,0.050468,15.206194,15.558365,0.010275,0.884539
2012-01-13,15.7504,15.8177,15.6439,15.6903,12714281,-0.002099,57.434164,0.065718,15.235317,15.565357,0.009957,0.886297
2012-01-16,15.6961,16.0622,15.6961,16.0158,13268560,0.020745,64.010779,0.102883,15.281600,15.568097,0.010770,0.888467
2012-01-17,15.9427,15.9427,15.7659,15.8759,8256170,-0.008731,59.740465,0.119674,15.333713,15.567926,0.010099,0.895055
2012-01-18,15.9632,15.9632,15.7946,15.8330,7437703,-0.002702,58.452276,0.128043,15.391087,15.560098,0.009712,0.892344
2012-01-19,15.8651,15.8730,15.7215,15.7822,5731501,-0.003209,56.887682,0.129088,15.442607,15.551170,0.009836,0.892003
2012-01-20,15.7234,16.0583,15.7234,16.0446,15787548,0.016627,62.474806,0.149369,15.505171,15.547226,0.010266,0.889297
2012-01-23,16.0202,16.0202,15.7519,15.7713,16116467,-0.017039,54.544019,0.141748,15.546607,15.541075,0.011187,0.892169
2012-01-24,15.6016,15.9344,15.6016,15.7940,11011383,0.001444,55.056009,0.135978,15.583272,15.535673,0.011123,0.891003
2012-01-25,15.8197,15.8197,15.5671,15.6241,7898630,-0.010757,50.488715,0.116356,15.600745,15.529517,0.011134,0.889485
2012-01-26,15.6023,15.9132,15.6023,15.8801,18516126,0.016384,56.362824,0.120077,15.636914,15.527887,0.011420,0.889359
2012-01-27,15.8678,15.8678,15.4492,15.4751,11981383,-0.025503,46.885436,0.089317,15.651415,15.526026,0.013015,0.896370
2012-01-30,15.3978,15.3978,15.1989,15.3606,11598711,-0.007403,44.600759,0.055061,15.653394,15.521070,0.013004,0.885563
2012-01-31,15.2836,15.2836,15.0055,15.1346,13095215,-0.014709,40.417881,0.009571,15.646143,15.508222,0.013417,0.887487
2012-02-01,15.0841,15.0841,14.9923,15.0326,15466614,-0.006741,38.654857,-0.034318,15.642254,15.490307,0.013269,0.883709
2012-02-02,14.9789,15.1955,14.9789,15.1484,7668334,0.007704,41.760288,-0.059073,15.628469,15.474903,0.012483,0.883110
2012-02-03,15.1771,15.2446,15.0856,15.1044,7260343,-0.002907,40.912086,-0.081309,15.613060,15.454765,0.012491,0.884675
2012-02-06,15.1460,15.1460,14.8517,14.9623,19671790,-0.009408,38.214945,-0.109140,15.579910,15.432067,0.012123,0.887065
2012-02-07,14.9900,14.9900,14.8147,14.9004,7738151,-0.004133,37.069601,-0.134635,15.547257,15.398375,0.012118,0.886879
2012-02-08,14.9294,14.9361,14.7847,14.8743,15259720,-0.001755,36.570511,-0.155161,15.501370,15.371377,0.011408,0.885402
2012-02-09,14.8608,14.8608,14.6879,14.7494,11924587,-0.008397,34.201832,-0.179438,15.452676,15.344886,0.011470,0.886045
2012-02-10,14.7451,14.8557,14.7451,14.7974,9591956,0.003259,35.921817,-0.192579,15.408035,15.328969,0.011558,0.893034
2012-02-13,14.7348,14.9552,14.7348,14.9023,7897753,0.007084,39.628204,-0.192319,15.352360,15.319618,0.010439,0.894899
2012-02-14,14.9474,15.1464,14.9198,15.0870,10014580,0.012394,45.599097,-0.175190,15.312911,15.310155,0.010943,0.891569
2012-02-15,15.2114,15.2444,15.0763,15.1895,10081989,0.006800,48.637753,-0.151589,15.280737,15.299725,0.011138,0.892677
2012-02-16,15.1234,15.3255,15.0984,15.2065,5824645,0.001116,49.143411,-0.130018,15.251950,15.291068,0.011155,0.892675
2012-02-17,15.2579,15.7382,15.2579,15.7043,14450329,0.032735,61.214588,-0.071927,15.234933,15.295905,0.012987,0.899706
2012-02-20,15.7744,15.7744,15.5514,15.6679,10697618,-0.002317,60.092002,-0.028497,15.229766,15.308713,0.012435,0.899843
2012-02-21,15.6829,15.8497,15.6829,15.8193,8842852,0.009660,63.122001,0.017928,15.231027,15.323566,0.012628,0.904705
2012-02-22,15.7821,15.7821,15.6247,15.6642,6432608,-0.009800,58.244005,0.041730,15.233031,15.329512,0.012586,0.900965
2012-02-23,15.5950,15.5950,15.3781,15.5044,17348368,-0.010201,53.642433,0.047155,15.214246,15.334404,0.012185,0.903327
2012-02-24,15.5538,15.5538,15.3343,15.3724,9971613,-0.008518,50.118021,0.040333,15.209108,15.339696,0.010923,0.899399
2012-02-27,15.3979,15.4946,15.3979,15.4046,10599626,0.002099,50.965602,0.037102,15.211311,15.345986,0.010803,0.889302
2012-02-28,15.3652,15.4469,15.3490,15.4314,7158097,0.001741,51.700208,0.036287,15.226151,15.357942,0.010218,0.887086
2012-02-29,15.4932,15.5431,15.4548,15.5297,15236609,0.006364,54.394657,0.043069,15.251003,15.374824,0.010114,0.885859
2012-03-01,15.6024,15.6024,15.4809,15.4955,6207760,-0.002201,53.280733,0.045166,15.268356,15.389696,0.010046,0.885064
2012-03-02,15.5021,15.5021,15.2903,15.3512,9939749,-0.009308,48.743689,0.034788,15.280699,15.400854,0.010282,0.884699
2012-03-05,15.2823,15.5417,15.2823,15.4075,11420840,0.003664,50.513472,0.030747,15.302960,15.410154,0.010006,0.867959
2012-03-06,15.3745,15.3816,15.3287,15.3802,7812489,-0.001773,49.617251,0.025052,15.326947,15.416542,0.009950,0.866349
2012-03-07,15.3929,15.3999,15.3600,15.3619,13425067,-0.001187,48.991799,0.018848,15.351328,15.418287,0.009941,0.861281
2012-03-08,15.3657,15.3657,15.1794,15.2723,12004216,-0.005832,45.931854,0.006625,15.377475,15.420598,0.009820,0.872944
2012-03-09,15.3072,15.5110,15.2882,15.2988,9541650,0.001731,46.984343,-0.000917,15.402541,15.422871,0.009814,0.871117
2012-03-12,15.3257,15.3844,15.3105,15.3769,12521998,0.005107,50.076705,-0.000583,15.426273,15.423989,0.009767,0.874571
2012-03-13,15.2894,15.2894,15.0251,15.1566,14659038,-0.014327,42.541800,-0.017889,15.429754,15.421527,0.010038,0.873055
2012-03-14,15.0919,15.2687,15.0919,15.2284,10709059,0.004740,45.425684,-0.025513,15.431698,15.423888,0.009978,0.874351
2012-03-15,15.2062,15.5066,15.2062,15.3608,17176608,0.008690,50.367272,-0.020638,15.439411,15.422621,0.010158,0.873632
2012-03-16,15.3200,15.3200,15.2147,15.2437,7809533,-0.007620,46.368215,-0.025921,15.416383,15.419244,0.006922,0.875629
2012-03-19,15.2283,15.3450,15.0827,15.2865,9083751,0.002809,47.994922,-0.026349,15.397315,15.412469,0.006983,0.873951
2012-03-20,15.3284,15.3284,14.8845,14.9335,13288746,-0.023094,37.811728,-0.054546,15.353027,15.400070,0.008058,0.877836
2012-03-21,14.9792,15.4206,14.9792,15.3342,13408364,0.026832,50.618486,-0.044052,15.336526,15.390914,0.010257,0.879140
2012-03-22,15.3250,15.5298,15.3250,15.4319,6689707,0.006369,53.150758,-0.027537,15.332897,15.385086,0.010145,0.874391
2012-03-23,15.4226,15.4226,15.2717,15.3530,11165402,-0.005108,50.882468,-0.020573,15.331930,15.378341,0.010025,0.879404
2012-03-26,15.3769,15.5495,15.3249,15.4606,6866683,0.007009,53.782120,-0.006298,15.334731,15.367238,0.010139,0.885518
2012-03-27,15.4535,15.4535,14.8812,14.9729,10554577,-0.031550,41.750720,-0.033954,15.311801,15.349177,0.012366,0.900983
2012-03-28,15.0089,15.0089,14.7524,14.8472,11013698,-0.008392,39.311102,-0.065258,15.277679,15.329460,0.012317,0.899599
2012-03-29,14.8955,14.8955,14.7850,14.7855,11857929,-0.004159,38.131940,-0.093966,15.242178,15.309525,0.012325,0.895290
2012-03-30,14.7488,14.8104,14.7225,14.7290,9750010,-0.003819,37.037834,-0.119892,15.211066,15.283212,0.012220,0.891758
2012-04-02,14.7821,14.9000,14.7821,14.8888,13824994,0.010848,42.100579,-0.126091,15.185130,15.265563,0.012498,0.890811
2012-04-03,14.8429,15.1449,14.8429,15.1088,11503175,0.014777,48.268731,-0.111960,15.171562,15.251858,0.013025,0.889425
2012-04-04,15.1695,15.1695,15.0766,15.0812,13565538,-0.001825,47.584469,-0.101813,15.157527,15.240999,0.013027,0.878621
2012-04-05,15.1617,15.1762,15.0558,15.0697,8760957,-0.000762,47.283654,-0.093619,15.147398,15.224791,0.012974,0.878030
2012-04-06,15.0482,15.1261,14.9552,14.9668,15796193,-0.006831,44.565804,-0.094344,15.130799,15.214624,0.013035,0.873298
2012-04-09,14.9168,15.4471,14.9168,15.3856,13602069,0.027986,55.718758,-0.060425,15.131236,15.215126,0.014520,0.873440
2012-04-10,15.3513,15.3513,15.1001,15.1192,13550487,-0.017316,48.969969,-0.054413,15.129368,15.214817,0.014691,0.877343
2012-04-11,15.0797,15.1749,14.8636,15.1384,9082471,0.001270,49.445248,-0.047552,15.124868,15.216933,0.014652,0.879645
2012-04-12,15.1472,15.5569,15.1472,15.5100,12699577,0.024545,57.662658,-0.011993,15.132329,15.224165,0.015559,0.887765
2012-04-13,15.4509,15.4509,15.0582,15.1548,14646432,-0.022904,49.396066,-0.012335,15.127881,15.225173,0.016339,0.895265
2012-04-16,15.1387,15.1387,14.7747,14.9038,9716706,-0.016559,44.538567,-0.032481,15.108745,15.224003,0.016723,0.894452
2012-04-17,14.8713,14.9154,14.7712,14.8477,9800812,-0.003765,43.508203,-0.052371,15.104454,15.222949,0.015927,0.897089
2012-04-18,14.9205,14.9205,14.6789,14.7302,10655140,-0.007911,41.351817,-0.076728,15.074256,15.220068,0.014672,0.897927
2012-04-19,14.6768,15.1014,14.6768,14.9391,9210147,0.014178,46.435295,-0.078276,15.049617,15.223862,0.015004,0.896438
2012-04-20,14.9551,15.0417,14.7740,14.9304,11299296,-0.000579,46.256374,-0.079288,15.028487,15.226522,0.014981,0.887263
2012-04-23,14.9810,14.9810,14.5177,14.5499,7177398,-0.025484,39.119510,-0.109529,14.982951,15.219475,0.015775,0.892134
2012-04-24,14.5794,14.8057,14.5794,14.7588,12087023,0.014358,44.209219,-0.115310,14.972250,15.212913,0.014692,0.889665
2012-04-25,14.9070,14.9070,14.5096,14.6171,15933316,-0.009603,41.664275,-0.129830,14.960745,15.201464,0.014728,0.889565
2012-04-26,14.6490,14.9953,14.6490,14.9387,11254051,0.022000,48.857887,-0.114075,14.968407,15.196108,0.015541,0.893566
2012-04-27,14.9929,14.9929,14.6142,14.6858,8424224,-0.016926,44.238529,-0.120601,14.966249,15.175739,0.016008,0.890685
2012-04-30,14.6780,14.6938,14.5609,14.5947,14580804,-0.006208,42.671950,-0.131613,14.951543,15.154274,0.015852,0.893103
2012-05-01,14.5521,14.8072,14.5521,14.7115,6059172,0.008004,45.342664,-0.129422,14.931677,15.132118,0.015570,0.894250
2012-05-02,14.8101,15.1027,14.8101,14.8285,10651900,0.007955,47.958450,-0.116895,14.919042,15.115404,0.015703,0.896187
2012-05-03,14.8252,14.9895,14.8252,14.9465,12844691,0.007959,50.529697,-0.096333,14.912882,15.104246,0.015822,0.896242
2012-05-04,14.8995,14.8995,14.5214,14.6121,13882007,-0.022378,43.908661,-0.105807,14.895146,15.089039,0.016527,0.902924
2012-05-07,14.6157,14.7542,14.6157,14.7189,6522982,0.007313,46.328254,-0.103500,14.861809,15.075325,0.015208,0.903165
2012-05-08,14.7033,14.7033,14.4976,14.5749,11230886,-0.009785,43.598245,-0.112003,14.834592,15.058194,0.014901,0.904766
2012-05-09,14.6011,14.6011,14.3567,14.4758,7278590,-0.006798,41.774464,-0.125293,14.801461,15.037117,0.014925,0.898680
2012-05-10,14.4972,14.4972,14.2224,14.2565,13906540,-0.015149,37.987121,-0.151770,14.738786,15.012337,0.013787,0.901253
2012-05-11,14.2971,14.5254,14.2971,14.4165,10804415,0.011223,42.110931,-0.158022,14.701873,14.993642,0.013447,0.892068
2012-05-14,14.4596,14.4596,14.3359,14.3542,10469057,-0.004322,40.968433,-0.166089,14.674392,14.972576,0.013042,0.891382
2012-05-15,14.3694,14.3694,13.9924,14.0202,6846085,-0.023270,35.420371,-0.197162,14.633017,14.945377,0.013898,0.899647
2012-05-16,13.9744,14.1801,13.9744,14.1716,8293253,0.010798,39.424551,-0.207183,14.605084,14.921570,0.014161,0.900603
2012-05-17,14.1876,14.2469,14.1876,14.2214,11409824,0.003518,40.727828,-0.208697,14.569201,14.900552,0.013720,0.900163
2012-05-18,14.2327,14.2956,14.0700,14.1093,12909661,-0.007881,38.711379,-0.216445,14.528147,14.876764,0.013767,0.901816
2012-05-21,14.1056,14.3509,14.1056,14.2220,11125635,0.007984,41.828747,-0.211062,14.511750,14.853666,0.012860,0.905714
2012-05-22,14.2418,14.3274,14.0866,14.2094,14813536,-0.000886,41.573912,-0.205446,14.484278,14.834722,0.012339,0.904976
2012-05-23,14.3325,14.3325,14.0998,14.1826,14511741,-0.001887,41.001643,-0.200843,14.462551,14.813805,0.012203,0.904349
2012-05-24,14.2251,14.2555,14.1625,14.2408,7639606,0.004106,42.841620,-0.190303,14.427657,14.791406,0.010990,0.905084
2012-05-25,14.2403,14.2403,14.0709,14.1283,10253778,-0.007899,40.231495,-0.188850,14.399781,14.769098,0.010535,0.904857
2012-05-28,14.1235,14.2044,14.1235,14.1911,8327412,0.004445,42.343665,-0.180549,14.379604,14.747189,0.010574,0.907818
2012-05-29,14.2065,14.2065,13.9917,14.0462,9067360,-0.010213,38.925040,-0.183550,14.346339,14.729443,0.010511,0.914384
2012-05-30,14.0763,14.0763,13.9471,13.9757,11420343,-0.005021,37.344948,-0.189435,14.303697,14.702272,0.010244,0.914497
2012-05-31,13.9841,14.1005,13.9557,13.9953,8217861,0.001407,38.099381,-0.190319,14.256136,14.673541,0.009980,0.901692
2012-06-01,14.0070,14.0070,13.6533,13.7637,9305515,-0.016549,33.051302,-0.207319,14.213719,14.641755,0.009463,0.904131
2012-06-04,13.7775,13.7775,13.2474,13.2796,6582576,-0.035174,25.458123,-0.256895,14.141752,14.598134,0.011573,0.911811
2012-06-05,13.2881,13.5480,13.2881,13.5214,13704444,0.018212,33.657515,-0.273517,14.089080,14.569105,0.012618,0.914305
2012-06-06,13.4940,13.9761,13.4940,13.8791,5912479,0.026455,43.548419,-0.254888,14.059246,14.549744,0.014267,0.920350
2012-06-07,13.8490,13.8490,13.6848,13.7186,17765550,-0.011569,40.620908,-0.250196,14.032350,14.528406,0.014115,0.920127
2012-06-08,13.7388,13.7388,13.2064,13.3610,6568645,-0.026068,34.980597,-0.272197,13.979572,14.501045,0.014749,0.924036
2012-06-11,13.3436,13.3519,13.1864,13.2904,12184791,-0.005282,33.977927,-0.291961,13.926382,14.469077,0.014753,0.923966
2012-06-12,13.3196,13.4765,13.2528,13.3389,7907991,0.003650,35.349874,-0.300249,13.892318,14.433679,0.014091,0.919937
2012-06-13,13.2495,13.3698,13.2495,13.3398,10511127,0.000070,35.377649,-0.303246,13.850730,14.398851,0.013762,0.919711
2012-06-14,13.3387,13.3387,13.1776,13.2207,11008240,-0.008932,33.401614,-0.311643,13.800693,14.361870,0.013737,0.921431
2012-06-15,13.2119,13.3529,13.1947,13.3331,8734504,0.008501,36.977570,-0.305705,13.761880,14.329196,0.013952,0.922170
2012-06-18,13.3093,13.4471,13.3093,13.4303,9627569,0.007292,39.979874,-0.289813,13.722295,14.290089,0.013925,0.922549
2012-06-19,13.4735,13.4735,13.2211,13.2664,7654057,-0.012207,36.796544,-0.287137,13.675143,14.253032,0.014074,0.915899
2012-06-20,13.2152,13.5024,13.2152,13.4548,12039378,0.014205,42.467079,-0.266736,13.638754,14.219359,0.014610,0.917025
2012-06-21,13.5451,13.7392,13.5451,13.7391,9336185,0.021127,49.785753,-0.225036,13.613667,14.183941,0.015487,0.920340
2012-06-22,13.6414,13.6414,13.4973,13.5403,9601149,-0.014464,45.434654,-0.205653,13.584268,14.151653,0.015694,0.913496
2012-06-25,13.5092,13.6565,13.4177,13.5435,10383251,0.000231,45.515535,-0.187873,13.551886,14.124446,0.015631,0.911684
2012-06-26,13.5418,13.6070,13.5173,13.5283,9336678,-0.001120,45.166730,-0.173011,13.525992,14.098058,0.015518,0.912988
2012-06-27,13.4723,13.6980,13.4723,13.5353,10022940,0.000516,45.374113,-0.158840,13.503974,14.074160,0.015506,0.919105
2012-06-28,13.5269,13.5269,13.2433,13.2892,14060712,-0.018183,39.672660,-0.165559,13.468667,14.041162,0.015927,0.925344
2012-06-29,13.2141,13.4213,13.2141,13.3519,15259059,0.004721,41.684118,-0.163932,13.448077,14.009591,0.015644,0.928609
2012-07-02,13.2955,13.2955,13.1761,13.1898,8911362,-0.012144,38.144017,-0.173724,13.443587,13.982388,0.013762,0.925027
2012-07-03,13.2417,13.4491,13.2417,13.3838,11618802,0.014709,44.245541,-0.163939,13.436705,13.954887,0.013535,0.923544
2012-07-04,13.4226,13.4669,13.2721,13.3974,6193584,0.001016,44.657662,-0.153320,13.412618,13.930492,0.011982,0.922720
2012-07-05,13.3889,13.7461,13.3889,13.7162,8729219,0.023798,53.360964,-0.117819,13.412500,13.906043,0.013014,0.921944
2012-07-06,13.7622,13.7622,13.3801,13.4742,11626127,-0.017642,47.283067,-0.107967,13.418163,13.881811,0.012236,0.920101
2012-07-09,13.4973,13.6169,13.4309,13.5934,8236891,0.008846,50.286737,-0.089508,13.433315,13.861786,0.012293,0.918810
2012-07-10,13.5170,13.6991,13.5170,13.6142,12063191,0.001529,50.813005,-0.072369,13.447081,13.839840,0.012280,0.918991
2012-07-11,13.6207,13.6978,13.5332,13.5983,10556790,-0.001172,50.372323,-0.059388,13.460002,13.815235,0.012289,0.913609
2012-07-12,13.5212,13.8172,13.5212,13.6400,7687528,0.003068,51.555713,-0.045213,13.480966,13.789104,0.012068,0.913102
2012-07-13,13.7020,14.0924,13.7020,13.9746,20378541,0.024536,59.831398,-0.006895,13.513044,13.776356,0.013041,0.912927
2012-07-16,13.9086,14.0488,13.9086,14.0108,8257517,0.002585,60.613573,0.026088,13.542068,13.762193,0.012991,0.906036
2012-07-17,13.9244,13.9244,13.7133,13.7775,12180797,-0.016652,53.384093,0.033020,13.567624,13.746245,0.013286,0.909875
2012-07-18,13.7883,13.9297,13.7883,13.8447,11276780,0.004884,55.049206,0.043442,13.587121,13.733624,0.012994,0.908175
2012-07-19,13.9314,13.9314,13.6404,13.7111,13156724,-0.009653,51.141576,0.040451,13.585723,13.722716,0.012356,0.907041
2012-07-20,13.6703,13.8418,13.6703,13.7545,13073702,0.003166,52.325209,0.041109,13.596431,13.709476,0.011892,0.906739
2012-07-23,13.7618,13.7662,13.6956,13.7039,7321419,-0.003677,50.781627,0.037122,13.604454,13.696471,0.011934,0.906261
2012-07-24,13.8141,13.8141,13.4000,13.4548,11410108,-0.018183,43.908261,0.013698,13.600776,13.685162,0.012656,0.908553
2012-07-25,13.4809,13.4809,13.0594,13.1156,10892140,-0.025208,36.639117,-0.031866,13.579791,13.664042,0.013832,0.910363
2012-07-26,13.1748,13.1981,13.1141,13.1820,6828312,0.005061,38.775292,-0.061907,13.574430,13.643253,0.013323,0.910512
2012-07-27,13.1047,13.1364,13.0677,13.1171,7916351,-0.004924,37.445696,-0.089916,13.562687,13.623407,0.013305,0.906999
2012-07-30,13.1160,13.1160,12.6530,12.7103,16581073,-0.031011,30.408776,-0.143284,13.538712,13.593173,0.014743,0.913869
2012-07-31,12.6950,12.9599,12.6950,12.9383,11172675,0.017943,37.500306,-0.165271,13.516440,13.567752,0.014949,0.912523
2012-08-01,13.0045,13.1091,13.0045,13.0142,7038761,0.005860,39.700309,-0.174566,13.497279,13.544384,0.015032,0.916664
2012-08-02,12.9930,12.9930,12.7309,12.8559,8175305,-0.012164,36.788647,-0.192487,13.454262,13.516685,0.013981,0.915435
2012-08-03,12.8008,12.8008,12.6006,12.6403,6816980,-0.016766,33.216409,-0.221528,13.412566,13.486925,0.013934,0.917760
2012-08-06,12.6503,12.7997,12.6503,12.7522,12821589,0.008854,36.655682,-0.232829,13.370507,13.458147,0.013935,0.920029
2012-08-07,12.7944,12.9009,12.7234,12.7986,10214872,0.003638,38.079342,-0.235329,13.329728,13.433196,0.013979,0.920086
2012-08-08,12.8006,13.1833,12.8006,13.0994,15755460,0.023503,46.478283,-0.210610,13.304787,13.415671,0.015185,0.923476
2012-08-09,13.1095,13.2626,13.1095,13.1495,8376312,0.003821,47.748414,-0.184850,13.280263,13.398755,0.015199,0.923562
2012-08-10,13.2109,13.3518,13.0767,13.2192,9404070,0.005305,49.545448,-0.156996,13.242493,13.387865,0.014012,0.923449
2012-08-13,13.3185,13.3185,13.1189,13.1524,10360513,-0.005059,47.846491,-0.138719,13.199573,13.385321,0.013965,0.925934
2012-08-14,13.2329,13.2693,13.1369,13.2473,12776869,0.007221,50.445244,-0.115242,13.173067,13.379839,0.013761,0.927265
2012-08-15,13.2452,13.3111,13.1992,13.2397,12142494,-0.000578,50.228046,-0.096146,13.142814,13.367051,0.013674,0.924839
2012-08-16,13.2726,13.3929,13.2726,13.3395,8458963,0.007542,53.067130,-0.072124,13.124236,13.359470,0.013718,0.923469
2012-08-17,13.2955,13.2955,13.0611,13.1577,14398300,-0.013633,47.727133,-0.066988,13.094395,13.355405,0.013943,0.921851
2012-08-20,13.1058,13.2144,13.1058,13.2060,11699784,0.003669,49.188868,-0.058350,13.069496,13.353716,0.013997,0.917621
2012-08-21,13.2169,13.2169,13.1269,13.1462,8063916,-0.004526,47.420716,-0.055686,13.054067,13.349862,0.013477,0.917625
2012-08-22,13.1721,13.4518,13.1721,13.3274,8686863,0.013783,52.942475,-0.038510,13.064656,13.349613,0.012593,0.917753
2012-08-23,13.2869,13.6830,13.2869,13.6158,8654970,0.021642,60.121981,-0.001605,13.086348,13.357515,0.013403,0.929378
2012-08-24,13.4874,13.6825,13.4189,13.5442,10450874,-0.005256,57.766949,0.021618,13.107708,13.361739,0.013411,0.928780
2012-08-27,13.5267,13.5267,13.3158,13.3934,15578574,-0.011139,53.049582,0.027532,13.141862,13.361000,0.011455,0.922046
2012-08-28,13.3628,13.6101,13.3628,13.5912,11645167,0.014771,57.904252,0.047633,13.174506,13.367497,0.011252,0.914639
2012-08-29,13.6156,13.6857,13.5689,13.6009,6550263,0.000716,58.133489,0.063615,13.203845,13.370420,0.011231,0.908153
2012-08-30,13.5692,13.6616,13.5692,13.6585,10820791,0.004232,59.537488,0.080003,13.243977,13.368809,0.010708,0.907182
2012-08-31,13.6306,13.6306,13.2596,13.3043,7000792,-0.025929,48.712795,0.063680,13.277178,13.364089,0.011748,0.908325
2012-09-03,13.3274,13.3274,12.9806,13.0534,11292695,-0.018865,42.776833,0.030143,13.292234,13.354286,0.012581,0.906333
2012-09-04,13.0004,13.0371,13.0004,13.0062,11254442,-0.003610,41.748302,-0.000234,13.302615,13.343845,0.012612,0.907382
2012-09-05,12.9487,12.9487,12.4202,12.5208,13781000,-0.037319,32.957526,-0.062752,13.273686,13.323556,0.014114,0.913360
2012-09-06,12.5686,12.5686,12.3448,12.3988,13868308,-0.009746,31.179907,-0.120753,13.236152,13.305749,0.014137,0.914176
2012-09-07,12.4007,12.4484,12.2780,12.3011,8747348,-0.007880,29.794328,-0.172613,13.190246,13.284733,0.014045,0.913543
2012-09-10,12.3032,12.3073,12.2308,12.2836,6939969,-0.001425,29.540622,-0.212675,13.146806,13.266609,0.014047,0.912956
2012-09-11,12.3348,12.5221,12.3074,12.3850,9919670,0.008256,33.089731,-0.233549,13.103689,13.246633,0.014090,0.912959
2012-09-12,12.3509,12.4293,12.3488,12.3609,5921235,-0.001942,32.669415,-0.249161,13.059752,13.225904,0.014079,0.912871
2012-09-13,12.3971,12.3971,12.1892,12.2389,15724772,-0.009870,30.549859,-0.268285,13.004722,13.196359,0.013909,0.909072
2012-09-14,12.2748,12.2748,11.9741,12.2121,8496439,-0.002193,30.087312,-0.282352,12.957444,13.171117,0.013735,0.921925
2012-09-17,12.2617,12.5323,12.2617,12.4036,12595378,0.015680,37.371634,-0.274881,12.917325,13.147320,0.014321,0.924585
2012-09-18,12.4331,12.4331,12.2655,12.3109,12751872,-0.007473,35.446215,-0.273289,12.875560,13.121254,0.014352,0.924069
2012-09-19,12.3147,12.3147,12.1168,12.1907,13600952,-0.009764,33.067038,-0.278517,12.818726,13.093102,0.013844,0.926999
2012-09-20,12.1722,12.4678,12.1722,12.3220,5937656,0.010770,37.964867,-0.268965,12.754034,13.066743,0.012954,0.925489
2012-09-21,12.2400,12.2587,12.2046,12.2470,7428402,-0.006086,36.329682,-0.264399,12.689172,13.032189,0.012957,0.925024
2012-09-24,12.2255,12.3431,12.2255,12.2684,12226796,0.001750,37.162781,-0.256098,12.632924,12.997342,0.012953,0.925279
2012-09-25,12.2854,12.3576,12.1464,12.3331,12691667,0.005275,39.726793,-0.241514,12.570020,12.968456,0.012379,0.925719
2012-09-26,12.3763,12.5609,12.3763,12.5228,11321785,0.015377,46.603590,-0.212206,12.516112,12.942017,0.013132,0.926021
2012-09-27,12.5709,12.5737,12.4727,12.5500,11756697,0.002173,47.528682,-0.184655,12.460687,12.918795,0.013072,0.910622
2012-09-28,12.4955,12.6912,12.4955,12.6514,7136470,0.008076,50.938120,-0.152880,12.428038,12.896732,0.012276,0.907260
2012-10-01,12.6829,12.6829,12.5495,12.5948,13804792,-0.004472,49.023196,-0.130756,12.405109,12.874548,0.011669,0.905965
2012-10-02,12.5795,12.5795,12.3173,12.4779,15697017,-0.009280,45.239751,-0.121256,12.378692,12.855011,0.011786,0.906114
2012-10-03,12.3756,12.3756,12.1719,12.2383,13145564,-0.019203,38.653522,-0.131546,12.364564,12.837465,0.009379,0.912885
2012-10-04,12.1951,12.3253,12.1951,12.3193,7868691,0.006616,41.740278,-0.131649,12.360586,12.820211,0.009298,0.913007
2012-10-05,12.3701,12.3701,12.2184,12.2500,9597881,-0.005622,39.891376,-0.135755,12.358030,12.802870,0.009215,0.911383
2012-10-08,12.1422,12.2496,12.1236,12.1749,12429212,-0.006133,37.928878,-0.143417,12.352594,12.792162,0.009308,0.911741
2012-10-09,12.1434,12.2688,12.1434,12.2252,5823571,0.004135,40.057151,-0.143770,12.344605,12.777899,0.009151,0.908921
2012-10-10,12.2427,12.4184,12.2427,12.2960,6685588,0.005786,43.013613,-0.136765,12.341356,12.763535,0.009254,0.906739
2012-10-11,12.3733,12.3733,11.9500,11.9678,14427007,-0.026690,34.509480,-0.155897,12.327797,12.745773,0.010810,0.912283
2012-10-12,12.0249,12.0249,11.6300,11.6946,14639992,-0.022829,29.313501,-0.190905,12.301921,12.726858,0.011858,0.916655
2012-10-15,11.6954,11.6954,11.4296,11.5156,5704523,-0.015304,26.498813,-0.230434,12.257521,12.702126,0.011429,0.917269
2012-10-16,11.5217,11.7479,11.5217,11.7149,10617565,0.017303,34.087054,-0.242883,12.227719,12.680450,0.012302,0.918639
2012-10-17,11.7530,11.9232,11.7506,11.7964,12557636,0.006965,36.957383,-0.243360,12.208008,12.654391,0.012344,0.916365
2012-10-18,11.7977,11.9811,11.7977,11.9104,9840686,0.009664,40.833859,-0.231866,12.187431,12.629610,0.012288,0.917114
2012-10-19,11.9377,11.9377,11.7049,11.7738,11690416,-0.011475,37.830335,-0.231122,12.163770,12.600700,0.012449,0.917782
2012-10-22,11.8314,11.8314,11.7101,11.7628,8409025,-0.000935,37.590466,-0.228783,12.138487,12.572908,0.012422,0.901780
2012-10-23,11.7778,11.9881,11.7668,11.8664,8849312,0.008809,41.359084,-0.216077,12.115150,12.545289,0.012556,0.902655
2012-10-24,11.9207,11.9414,11.8805,11.8924,7170607,0.002196,42.302650,-0.201581,12.083633,12.518344,0.011935,0.902490
2012-10-25,11.8863,12.0073,11.7309,11.9415,8048590,0.004121,44.123695,-0.184017,12.053205,12.490382,0.011983,0.902380
2012-10-26,11.9435,12.0468,11.9435,12.0139,13538081,0.006067,46.796796,-0.162379,12.021333,12.467507,0.011898,0.896458
2012-10-29,12.0103,12.0193,11.8742,11.9631,17265018,-0.004229,45.165117,-0.147629,11.989749,12.442650,0.011896,0.891473
2012-10-30,11.9925,12.1252,11.9599,12.0261,16723196,0.005264,47.603951,-0.129367,11.967158,12.420247,0.011905,0.891084
2012-10-31,12.1064,12.1740,12.1064,12.1640,7888447,0.011473,52.580140,-0.102578,11.963446,12.396981,0.011511,0.885396
2012-11-01,12.2408,12.2408,12.0863,12.2264,11136502,0.005124,54.674498,-0.075448,11.958802,12.369192,0.011469,0.884319
2012-11-02,12.1357,12.1357,11.8006,11.9115,8349230,-0.025754,44.082748,-0.078451,11.941877,12.336538,0.012769,0.888011
2012-11-05,11.9345,11.9345,11.4713,11.5625,9693552,-0.029298,35.804077,-0.107749,11.911259,12.299920,0.014199,0.897186
2012-11-06,11.4737,11.8090,11.4737,11.7798,9941840,0.018796,42.984950,-0.112138,11.888991,12.263693,0.014918,0.899137
2012-11-07,11.7588,11.9782,11.7588,11.9370,7581455,0.013342,47.553858,-0.101762,11.871044,12.230415,0.015212,0.905666
2012-11-08,11.8491,11.8491,11.6298,11.7439,10075878,-0.016179,42.994312,-0.107879,11.859849,12.192122,0.014454,0.909513
2012-11-09,11.7238,11.7238,11.3614,11.4585,15788004,-0.024301,37.302756,-0.134209,11.848045,12.155205,0.014575,0.915944
2012-11-12,11.4612,11.4996,11.4612,11.4850,7795545,0.002316,38.122944,-0.151191,11.846517,12.123839,0.014187,0.919266
2012-11-13,11.4652,11.6833,11.4652,11.6345,8875301,0.013012,42.671729,-0.150851,11.842498,12.096404,0.013941,0.921023
2012-11-14,11.6721,11.9048,11.6721,11.8413,9886898,0.017779,48.333149,-0.132366,11.844741,12.082813,0.014437,0.921392
2012-11-15,11.8588,12.1008,11.8588,11.9606,8599768,0.010069,51.317483,-0.106863,11.847247,12.074048,0.014451,0.917981
2012-11-16,11.9991,12.1308,11.9580,12.0587,11260632,0.008210,53.689930,-0.077831,11.861495,12.069200,0.014275,0.911304
2012-11-19,12.0460,12.0460,11.8759,11.9176,11428666,-0.011708,49.922801,-0.065461,11.869235,12.061880,0.014564,0.913746
2012-11-20,11.9061,12.1483,11.9061,11.9883,12532472,0.005937,51.749903,-0.049380,11.875332,12.053946,0.014494,0.916035
2012-11-21,11.9436,12.0142,11.9264,11.9589,10352902,-0.002452,50.918690,-0.038562,11.878656,12.045906,0.014505,0.916396
2012-11-22,11.9430,11.9916,11.9063,11.9362,6663158,-0.001899,50.247086,-0.031459,11.878393,12.039851,0.014486,0.915048
2012-11-23,11.9258,12.2079,11.9258,12.1261,13064020,0.015910,55.528609,-0.010387,11.884004,12.038131,0.014862,0.907715
2012-11-26,12.1069,12.4111,12.1069,12.2982,6347566,0.014192,59.703166,0.019970,11.900759,12.036023,0.015118,0.910043
2012-11-27,12.2943,12.6984,12.2943,12.5978,8870096,0.024363,65.734136,0.067427,11.929347,12.041762,0.015949,0.910857
2012-11-28,12.6531,12.7196,12.6121,12.6348,10276683,0.002936,66.402640,0.106792,11.952886,12.050645,0.015808,0.897820
2012-11-29,12.7043,12.9794,12.7043,12.9424,25399984,0.024344,71.399483,0.160952,11.988687,12.063053,0.016573,0.892492
2012-11-30,12.9222,13.1155,12.9222,13.0909,8996057,0.011474,73.452318,0.213397,12.047657,12.079931,0.015210,0.892461
2012-12-03,13.0763,13.1313,13.0567,13.1053,14472909,0.001103,73.650401,0.253207,12.124798,12.096670,0.012973,0.890701
2012-12-04,13.1564,13.3378,13.1564,13.2972,14414258,0.014639,76.191753,0.296815,12.200665,12.115951,0.012796,0.894157
2012-12-05,13.2897,13.5438,13.2897,13.4383,14724204,0.010610,77.881228,0.338854,12.275728,12.134261,0.012729,0.894861
2012-12-06,13.4083,13.6337,13.4083,13.5265,13604192,0.006563,78.889680,0.374963,12.364857,12.153790,0.011608,0.892958
2012-12-07,13.4764,13.6888,13.4694,13.5818,8888132,0.004088,79.520212,0.403392,12.471020,12.172398,0.009003,0.892170
2012-12-10,13.5968,13.6905,13.5968,13.6591,14526987,0.005691,80.401395,0.427235,12.579722,12.193684,0.008911,0.890351
2012-12-11,13.6237,13.6694,13.5045,13.5571,17453239,-0.007468,75.768261,0.432909,12.675851,12.215267,0.009548,0.884312
2012-12-12,13.5184,13.7149,13.4672,13.6701,9437314,0.008340,77.327808,0.441441,12.767291,12.243904,0.009254,0.881332
2012-12-13,13.7079,13.7079,13.5026,13.5680,11446451,-0.007470,72.772605,0.434949,12.847664,12.268879,0.009788,0.881305
2012-12-14,13.5692,13.5692,13.2039,13.3635,10789517,-0.015071,64.569895,0.408594,12.912903,12.291149,0.010881,0.885377
2012-12-17,13.3218,13.7075,13.3218,13.6332,9555558,0.020179,69.458977,0.404801,12.998684,12.320316,0.010605,0.892448
2012-12-18,13.6155,13.9009,13.6155,13.8710,7241799,0.017443,72.997655,0.416186,13.092819,12.353231,0.010864,0.895126
2012-12-19,13.9254,14.1736,13.9254,14.1605,8980118,0.020874,76.558993,0.443462,13.202900,12.390523,0.011005,0.897968
2012-12-20,14.1930,14.1930,13.9647,14.0673,7802771,-0.006587,73.209166,0.452336,13.309453,12.432513,0.011285,0.899866
2012-12-21,14.1436,14.2844,14.1436,14.2349,8494042,0.011917,75.300803,0.467507,13.414893,12.483320,0.011178,0.902094
2012-12-24,14.1512,14.3958,14.1512,14.2638,9134798,0.002033,75.654113,0.476374,13.513174,12.538285,0.011161,0.902248
2012-12-25,14.2277,14.4093,14.2277,14.3807,9168331,0.008194,77.080237,0.487215,13.602318,12.591602,0.010437,0.900428
2012-12-26,14.3278,14.3278,14.0846,14.2073,16590830,-0.012056,70.483967,0.476326,13.680944,12.639819,0.011229,0.898302
2012-12-27,14.1761,14.4856,14.1761,14.2986,9584989,0.006424,71.849605,0.469646,13.748754,12.687582,0.010365,0.898527
2012-12-28,14.3863,14.4483,14.3863,14.4442,11858129,0.010185,73.922890,0.470678,13.816420,12.740991,0.010327,0.895354
2012-12-31,14.3768,14.3768,13.9105,14.0576,8551580,-0.026768,61.064026,0.435280,13.864033,12.786888,0.012525,0.894221
2013-01-01,14.0833,14.1092,13.9712,13.9855,15391498,-0.005130,59.002515,0.396833,13.898447,12.829270,0.012386,0.893970
2013-01-02,13.9556,13.9844,13.9097,13.9119,13787734,-0.005261,56.891979,0.356319,13.922128,12.869659,0.012354,0.896299
2013-01-03,13.9655,14.2487,13.9655,14.2100,6631580,0.021428,62.711414,0.344297,13.956305,12.915030,0.013081,0.891307
2013-01-04,14.2288,14.4119,14.2288,14.3581,12768040,0.010420,65.222778,0.342766,13.995120,12.961913,0.013197,0.887017
2013-01-07,14.3037,14.3391,14.3037,14.3167,7652244,-0.002878,63.928808,0.334364,14.028004,13.008986,0.013239,0.884397
2013-01-08,14.2548,14.5137,14.2548,14.4506,9358797,0.009352,66.264283,0.334652,14.072683,13.057477,0.013110,0.880699
2013-01-09,14.4751,14.4774,14.4350,14.4764,7845795,0.001782,66.710737,0.333119,14.112997,13.103724,0.013059,0.880947
2013-01-10,14.4946,14.4946,14.4313,14.4651,8136946,-0.000782,66.295483,0.327218,14.157850,13.148498,0.012862,0.880654
2013-01-11,14.4985,14.5383,14.4095,14.4161,12242646,-0.003385,64.427235,0.314960,14.210480,13.198590,0.012235,0.875245
2013-01-14,14.4726,14.4726,14.3751,14.4210,9192774,0.000341,64.535223,0.302159,14.249871,13.255761,0.011632,0.881090
2013-01-15,14.3862,14.4200,14.0974,14.2733,13134560,-0.010242,58.759643,0.276904,14.269988,13.305630,0.011453,0.882925
2013-01-16,14.2247,14.2589,14.1494,14.2484,9821014,-0.001747,57.818705,0.251973,14.274380,13.351858,0.010517,0.876455
2013-01-17,14.2427,14.5145,14.2427,14.3622,8144392,0.007990,60.896849,0.238649,14.289128,13.404225,0.010516,0.877406
2013-01-18,14.2929,14.6414,14.2760,14.5003,8459149,0.009614,64.299804,0.236505,14.302398,13.465061,0.010403,0.879638
2013-01-21,14.4279,14.4279,14.0247,14.0917,13170203,-0.028178,50.339368,0.199537,14.293792,13.517195,0.012267,0.889822
2013-01-22,14.1405,14.1405,13.8953,13.9012,7988089,-0.013520,45.390463,0.153100,14.269816,13.562529,0.012414,0.883314
2013-01-23,13.8800,13.9761,13.8800,13.9555,11443942,0.003907,46.990247,0.119306,14.257225,13.604813,0.012220,0.878674
2013-01-24,13.9352,14.2130,13.9352,14.1969,10354358,0.017301,53.510654,0.110730,14.252143,13.649541,0.012788,0.881629
2013-01-25,14.2281,14.4955,14.0680,14.3106,4991849,0.008008,56.240063,0.111818,14.245463,13.694578,0.012703,0.874929
2013-01-28,14.2827,14.3228,14.2290,14.2797,14188193,-0.002165,55.287448,0.108925,14.256566,13.741820,0.011105,0.860855
2013-01-29,14.2784,14.3354,14.0371,14.1287,10868967,-0.010571,50.774897,0.093375,14.263728,13.784628,0.011323,0.862580
2013-01-30,14.1125,14.1165,14.0211,14.0510,16916192,-0.005503,48.575413,0.073926,14.270681,13.826469,0.011330,0.860509
2013-01-31,14.0960,14.2293,14.0511,14.1606,12756866,0.007805,51.749916,0.066593,14.268212,13.870957,0.010379,0.857047
2013-02-01,14.1501,14.2106,13.9874,14.1716,11717797,0.000773,52.067948,0.060963,14.258886,13.911866,0.010083,0.843413
2013-02-04,14.1366,14.4851,14.1366,14.4466,12078278,0.019408,59.323640,0.077797,14.265379,13.954834,0.011008,0.847126
2013-02-05,14.5024,14.5935,14.3359,14.5528,15119023,0.007352,61.732799,0.098573,14.270488,13.993934,0.010932,0.843550
2013-02-06,14.5028,14.7631,14.5028,14.6431,12222677,0.006206,63.701540,0.120932,14.278825,14.034100,0.011006,0.836854
2013-02-07,14.5152,14.6055,14.4105,14.5493,13427182,-0.006405,60.236056,0.129590,14.283039,14.066239,0.011115,0.837363
2013-02-08,14.6386,14.6792,14.4460,14.6374,6109164,0.006055,62.310196,0.141924,14.294105,14.097170,0.011148,0.840713
2013-02-11,14.6385,14.6385,14.4068,14.4484,9562151,-0.012916,55.606925,0.134889,14.295474,14.124031,0.011565,0.821384
2013-02-12,14.4452,14.6538,14.3866,14.4894,14118726,0.002836,56.694325,0.131108,14.306275,14.147874,0.011313,0.821802
2013-02-13,14.4203,14.6152,14.4203,14.5177,8358564,0.001955,57.470104,0.128913,14.319741,14.169463,0.011299,0.818051
2013-02-14,14.4346,14.7651,14.4346,14.6371,9714008,0.008227,60.668758,0.135251,14.333486,14.191677,0.011307,0.820031
2013-02-15,14.6671,14.6671,14.5159,14.5619,8444828,-0.005140,57.724086,0.132675,14.336567,14.211280,0.011197,0.821145
2013-02-18,14.6765,14.7307,14.4452,14.5142,10332730,-0.003275,55.872744,0.125341,14.357692,14.228383,0.009044,0.821738
2013-02-19,14.5084,14.6991,14.5084,14.5884,12698258,0.005112,58.123134,0.124085,14.392053,14.249010,0.008346,0.818960
2013-02-20,14.5379,14.6872,14.4752,14.5286,10718755,-0.004099,55.659422,0.116916,14.420709,14.266180,0.008464,0.830560
2013-02-21,14.5043,14.7187,14.4938,14.5265,7350308,-0.000149,55.567837,0.109795,14.437185,14.285349,0.007671,0.834104
2013-02-22,14.5016,14.6577,14.4832,14.5986,6760685,0.004967,58.051967,0.108721,14.451584,14.310051,0.007558,0.833094
2013-02-25,14.6356,14.6356,14.2510,14.3445,8619560,-0.017406,47.896146,0.086370,14.454827,14.324277,0.008594,0.840700
2013-02-26,14.3843,14.3843,14.0894,14.2868,5678484,-0.004023,45.930995,0.063270,14.462732,14.332594,0.008278,0.836939
2013-02-27,14.3350,14.5997,14.3350,14.5080,16396234,0.015485,53.763141,0.062099,14.485586,14.339543,0.008780,0.840772
2013-02-28,14.4732,14.5652,14.2976,14.3864,11139140,-0.008383,49.516449,0.050772,14.496875,14.345926,0.008927,0.842093
2013-03-01,14.4219,14.4219,13.9410,14.0068,17887134,-0.026385,39.128271,0.011038,14.488638,14.341364,0.010804,0.857213
2013-03-04,14.0042,14.0439,13.7663,13.7778,10679348,-0.016348,34.435209,-0.038485,14.455200,14.331644,0.010277,0.861896
2013-03-05,13.8048,13.8743,13.7586,13.8621,10966135,0.006115,37.410014,-0.070125,14.420664,14.321272,0.010219,0.867809
2013-03-06,13.8609,14.0092,13.8609,13.9710,6629675,0.007856,41.127867,-0.085428,14.387057,14.316545,0.010299,0.867587
2013-03-07,13.9758,13.9758,13.8117,13.8698,14584326,-0.007241,38.820760,-0.104515,14.353080,14.307969,0.010318,0.864535
2013-03-08,13.7648,14.0141,13.7648,14.0044,16922573,0.009703,43.371695,-0.107542,14.321428,14.299173,0.010505,0.860377
2013-03-11,14.0761,14.0761,13.5011,13.6188,8542495,-0.027538,35.274324,-0.139452,14.279946,14.290396,0.011730,0.867847
2013-03-12,13.6439,13.6439,13.5735,13.5946,7874353,-0.001773,34.835797,-0.164789,14.235208,14.282579,0.011657,0.859172
2013-03-13,13.6342,13.9391,13.6342,13.8896,13952243,0.021700,43.996245,-0.159230,14.203803,14.282133,0.012881,0.860887
2013-03-14,13.9647,13.9647,13.4728,13.5785,13062375,-0.022395,37.939864,-0.177874,14.150874,14.269504,0.013395,0.867605
2013-03-15,13.5539,13.6578,13.4762,13.6464,9234009,0.004999,39.884706,-0.185039,14.105099,14.255271,0.013527,0.861267
2013-03-18,13.6956,13.6956,13.3351,13.4033,9715499,-0.017815,35.583914,-0.207937,14.049554,14.237003,0.013919,0.859154
2013-03-19,13.4594,13.4594,13.0718,13.2390,13972258,-0.012258,32.994544,-0.236614,13.982084,14.212770,0.013870,0.861230
2013-03-20,13.1891,13.3465,13.1891,13.3362,17987364,0.007340,35.962504,-0.248633,13.922462,14.189966,0.014132,0.852896
2013-03-21,13.3230,13.4759,13.3230,13.4754,13789177,0.010438,40.058743,-0.244113,13.869909,14.170173,0.014484,0.852009
2013-03-22,13.3883,13.6393,13.3883,13.6160,15021213,0.010433,43.957778,-0.226573,13.820778,14.154170,0.014705,0.851425
2013-03-25,13.6973,13.6973,13.3992,13.5081,12597854,-0.007921,41.715904,-0.218854,13.778958,14.135912,0.014378,0.850740
2013-03-26,13.5126,13.8330,13.5126,13.7372,6365205,0.016958,47.804559,-0.192038,13.751478,14.125190,0.015042,0.857422
2013-03-27,13.7119,13.9687,13.7119,13.7500,16807173,0.000933,48.131007,-0.167817,13.713578,14.115222,0.014502,0.858602
2013-03-28,13.6731,13.9611,13.6731,13.9023,12966878,0.011075,51.974628,-0.134781,13.689372,14.106024,0.014743,0.848972
2013-03-29,13.9460,13.9927,13.8761,13.8984,8961272,-0.000279,51.869283,-0.107672,13.683953,14.093986,0.013540,0.846594
2013-04-01,13.8855,14.0240,13.8855,13.9959,7868430,0.007013,54.374161,-0.077429,13.694856,14.092070,0.013083,0.846157
2013-04-02,14.0024,14.2656,14.0024,14.1750,9118299,0.012794,58.633165,-0.038569,13.710499,14.097545,0.013307,0.845158
2013-04-03,14.2130,14.6697,14.2130,14.6472,13682516,0.033314,67.301906,0.029988,13.744308,14.111378,0.015077,0.865986
2013-04-04,14.6303,14.8508,14.5650,14.7293,5453629,0.005610,68.537334,0.089912,13.787284,14.122026,0.014914,0.865820
2013-04-05,14.7623,14.7623,14.5977,14.6322,11469423,-0.006596,65.391237,0.128087,13.818673,14.128457,0.014980,0.869555
2013-04-08,14.5547,14.8727,14.5547,14.8327,13380591,0.013707,68.596015,0.172535,13.879373,14.139519,0.013413,0.871539
2013-04-09,14.7274,14.9694,14.7274,14.7858,6492017,-0.003163,67.032089,0.201650,13.938934,14.152661,0.013450,0.870548
2013-04-10,14.8413,14.9704,14.7678,14.7907,8349238,0.000329,67.115698,0.222551,13.983988,14.167456,0.012829,0.875889
2013-04-11,14.8429,15.0417,14.8429,15.0229,7703882,0.015700,70.912349,0.254913,14.056205,14.184702,0.011594,0.876380
2013-04-12,15.0214,15.1784,15.0076,15.0252,11867822,0.000155,70.948530,0.277549,14.125145,14.201775,0.011647,0.877086
2013-04-15,15.0229,15.2527,15.0229,15.2082,19359380,0.012178,73.718100,0.306717,14.215389,14.217007,0.010438,0.867866
2013-04-16,15.2052,15.2730,15.1715,15.1764,8763693,-0.002091,72.425752,0.323538,14.312258,14.229478,0.009704,0.875324
2013-04-17,15.1781,15.1781,15.0333,15.0627,10060707,-0.007493,67.845810,0.323958,14.398582,14.237869,0.010222,0.870448
2013-04-18,15.1069,15.1136,14.9089,15.0788,9257228,0.001071,68.153512,0.321882,14.478753,14.248459,0.010230,0.867835
2013-04-19,15.0761,15.0761,14.6541,14.7721,7581494,-0.020343,56.986839,0.292118,14.536557,14.251151,0.011689,0.874764
2013-04-22,14.7824,15.1130,14.7824,15.0969,8483742,0.021991,63.758787,0.291383,14.615996,14.264121,0.011973,0.867954
2013-04-23,15.1543,15.1543,14.8544,14.9011,12577309,-0.012970,57.846728,0.271866,14.674191,14.272356,0.012349,0.868483
2013-04-24,14.9595,14.9595,14.5988,14.6026,10548217,-0.020034,50.203618,0.229662,14.716818,14.274053,0.013475,0.873648
2013-04-25,14.5838,14.5838,14.4068,14.5341,14529178,-0.004691,48.616395,0.188514,14.748406,14.271992,0.013445,0.872931
2013-04-26,14.4607,14.8742,14.4607,14.7487,11250665,0.014771,53.570896,0.171254,14.790923,14.275728,0.013711,0.865712
2013-04-29,14.7310,14.7761,14.6147,14.7570,10200559,0.000559,53.755375,0.156437,14.828978,14.280584,0.013689,0.858904
2013-04-30,14.7166,14.8861,14.7121,14.8556,11220498,0.006683,56.006227,0.150912,14.863010,14.285928,0.013520,0.859700
2013-05-01,14.8187,14.8187,14.6594,14.6837,18777957,-0.011570,51.317706,0.131152,14.864838,14.289030,0.011731,0.864319
2013-05-02,14.6313,14.7760,14.6313,14.7104,5334514,0.001815,51.988959,0.116303,14.863890,14.292708,0.011669,0.863815
2013-05-03,14.6976,14.7061,14.5397,14.6220,7651159,-0.006009,49.549253,0.096292,14.863380,14.293175,0.011653,0.868704
2013-05-06,14.6761,14.6956,14.5101,14.5631,10476808,-0.004024,47.936454,0.074823,14.849900,14.297548,0.011224,0.880958
2013-05-07,14.5102,14.6683,14.5102,14.5731,9838268,0.000686,48.244543,0.057946,14.839266,14.303275,0.011215,0.881543
2013-05-08,14.4724,14.4724,14.1972,14.3161,14884377,-0.017641,41.449029,0.023556,14.815535,14.299435,0.011834,0.885617
2013-05-09,14.2459,14.5937,14.2459,14.4966,10813595,0.012608,47.084482,0.010742,14.789217,14.301638,0.011615,0.887174
2013-05-10,14.5382,14.5948,14.5227,14.5655,12446178,0.004758,49.100481,0.006082,14.766233,14.312812,0.011699,0.886272
2013-05-13,14.5593,14.5593,14.3805,14.3923,9725113,-0.011892,44.513812,-0.011456,14.725438,14.325102,0.011455,0.885310
2013-05-14,14.4135,14.4135,14.1023,14.1277,12346714,-0.018383,38.584818,-0.046171,14.673006,14.330415,0.011978,0.889075
2013-05-15,14.1288,14.1912,13.8732,14.0504,13547698,-0.005475,37.031943,-0.079013,14.622392,14.332003,0.011951,0.887349
2013-05-16,14.0754,14.0818,13.9384,14.0695,7227771,0.001357,37.697517,-0.102323,14.571924,14.335996,0.011957,0.887314
2013-05-17,14.1000,14.1745,14.0834,14.1082,9329062,0.002755,39.106772,-0.116327,14.538732,14.338073,0.011332,0.886591
2013-05-20,14.0687,14.1008,14.0687,14.0920,8362300,-0.001148,38.712859,-0.127265,14.488488,14.347538,0.009807,0.885145
2013-05-21,13.9836,14.0758,13.9681,14.0275,11929165,-0.004578,37.108755,-0.139531,14.444809,14.356196,0.009552,0.882001
2013-05-22,14.0314,14.3682,14.0314,14.2567,12894628,0.016340,45.714912,-0.129267,14.427518,14.363539,0.009595,0.880127
2013-05-23,14.2954,14.2954,14.0011,14.1079,12588619,-0.010440,41.722248,-0.131625,14.406209,14.374126,0.009791,0.881156
2013-05-24,14.0673,14.0673,13.7560,13.9278,11402632,-0.012767,37.458636,-0.146341,14.365160,14.379753,0.009316,0.875484
2013-05-27,13.8652,13.8652,13.6350,13.6706,10638854,-0.018464,32.372311,-0.176718,14.310840,14.385098,0.009905,0.873050
2013-05-28,13.6859,13.8717,13.6859,13.8391,8829853,0.012324,38.284939,-0.185063,14.260014,14.397100,0.010291,0.871618
2013-05-29,13.7824,14.1574,13.7824,14.0697,13696015,0.016660,45.329134,-0.171099,14.229311,14.411769,0.011034,0.877185
2013-05-30,14.1072,14.1072,13.9005,14.0110,10533432,-0.004165,43.955732,-0.162885,14.194344,14.422482,0.011004,0.879178
2013-05-31,14.0270,14.0270,13.4540,13.5869,11082234,-0.030271,35.559102,-0.188426,14.142590,14.421901,0.012641,0.888920
2013-06-03,13.5289,13.5289,13.2658,13.4133,17418582,-0.012775,32.797865,-0.220136,14.085100,14.420005,0.012807,0.880459
2013-06-04,13.4467,13.4467,13.2581,13.3308,8316366,-0.006155,31.543185,-0.249057,14.022983,14.411877,0.012766,0.883192
2013-06-05,13.3846,13.4285,13.2877,13.3318,7435656,0.000079,31.578999,-0.268794,13.973772,14.403513,0.012406,0.876068
2013-06-06,13.2898,13.2898,13.1700,13.2208,10658553,-0.008331,29.801277,-0.290054,13.909983,14.389882,0.011848,0.876855
2013-06-07,13.3296,13.4892,13.2707,13.3374,6067097,0.008820,34.001910,-0.294104,13.848575,14.378662,0.012048,0.878170
2013-06-10,13.3220,13.3220,13.0026,13.1250,11629896,-0.015926,30.429660,-0.310869,13.785208,14.361243,0.012214,0.873082
2013-06-11,13.1479,13.2329,13.0861,13.2240,9319372,0.007543,33.914786,-0.312564,13.740019,14.342223,0.012041,0.871664
2013-06-12,13.2299,13.2299,12.7877,12.9781,22374028,-0.018592,29.907981,-0.329943,13.686405,14.308842,0.012518,0.873011
2013-06-13,13.0037,13.0037,12.7655,12.7860,14045803,-0.014799,27.204227,-0.355120,13.622234,14.269976,0.012682,0.873265
2013-06-14,12.7884,12.9756,12.7884,12.9364,9593270,0.011759,32.359526,-0.358805,13.563642,14.236060,0.013112,0.877533
2013-06-17,12.8794,12.8794,12.4506,12.6178,10677753,-0.024631,27.857113,-0.383021,13.489929,14.191761,0.013851,0.881574
2013-06-18,12.6928,12.6928,12.5184,12.6163,17483019,-0.000115,27.838132,-0.397744,13.419369,14.148370,0.013901,0.877082
2013-06-19,12.6862,12.6862,12.5342,12.5665,15092129,-0.003951,27.153137,-0.408724,13.334856,14.103886,0.012955,0.875105
2013-06-20,12.4800,12.6245,12.4633,12.5565,12884782,-0.000797,27.009412,-0.413466,13.257284,14.054557,0.012969,0.878622
2013-06-21,12.5997,12.8075,12.5997,12.7781,17975915,0.017652,35.189906,-0.394789,13.199802,14.009615,0.013853,0.883467
2013-06-24,12.7387,12.8574,12.6811,12.7450,8947720,-0.002589,34.567142,-0.378295,13.153522,13.960352,0.013442,0.883076
2013-06-25,12.6344,13.1679,12.6344,13.0901,16945490,0.027074,45.416739,-0.333536,13.116072,13.918626,0.014697,0.893784
2013-06-26,13.1391,13.2269,13.0816,13.1373,9892052,0.003609,46.719344,-0.290898,13.069456,13.880119,0.014070,0.878138
2013-06-27,13.1486,13.1486,12.6907,12.9261,10066793,-0.016082,41.903284,-0.271031,13.015207,13.837063,0.014357,0.881814
2013-06-28,12.9214,13.0216,12.9214,12.9999,8398912,0.005710,44.072464,-0.246489,12.985854,13.801619,0.013079,0.881434
2013-07-01,12.9930,12.9930,12.8418,12.8573,11339227,-0.010965,40.896775,-0.235823,12.958053,13.756828,0.013007,0.879017
2013-07-02,12.8111,12.8111,12.6956,12.7262,11878476,-0.010200,38.171521,-0.235241,12.927823,13.713329,0.013106,0.879570
2013-07-03,12.7189,12.7424,12.7158,12.7420,9503292,0.001247,38.703944,-0.230838,12.898333,13.676119,0.013119,0.880208
2013-07-04,12.7831,12.8937,12.7831,12.8816,8124810,0.010951,43.324285,-0.213626,12.881374,13.643070,0.013350,0.878278
2013-07-05,12.8952,12.9194,12.6637,12.7974,11553151,-0.006538,41.300794,-0.204425,12.854374,13.604042,0.013183,0.878471
2013-07-08,12.7728,12.9166,12.6891,12.8946,7644500,0.007601,44.523587,-0.187127,12.842858,13.566795,0.012920,0.879786
2013-07-09,12.9244,13.2662,12.9244,13.2126,6483249,0.024661,53.509586,-0.146075,12.842291,13.533936,0.014022,0.883961
2013-07-10,13.2154,13.5326,13.2154,13.5155,8726069,0.022920,60.132569,-0.088088,12.869159,13.510571,0.014189,0.898972
2013-07-11,13.5427,13.5640,13.4347,13.5042,14292489,-0.000834,59.791288,-0.042553,12.905067,13.486447,0.013645,0.896459
2013-07-12,13.5638,13.7717,13.5638,13.7261,21318149,0.016433,64.111676,0.011311,12.944554,13.468530,0.013845,0.896137
2013-07-15,13.7056,13.7056,13.4711,13.5042,10418070,-0.016169,57.461840,0.035679,12.988875,13.447350,0.013062,0.900614
2013-07-16,13.5081,13.5081,13.4170,13.4276,7996106,-0.005668,55.330171,0.048257,13.029441,13.424440,0.013200,0.899244
2013-07-17,13.3972,13.4350,13.2896,13.3209,12229090,-0.007949,52.410553,0.049047,13.067162,13.404537,0.013344,0.896689
2013-07-18,13.2046,13.4431,13.2046,13.4180,13775155,0.007293,54.750890,0.056857,13.110242,13.382967,0.013345,0.897494
2013-07-19,13.4784,13.5202,13.3070,13.3085,12892700,-0.008166,51.664678,0.053587,13.136760,13.357826,0.013142,0.904671
2013-07-22,13.3927,13.4478,13.3024,13.4015,11161081,0.006987,54.032733,0.057832,13.169582,13.338009,0.013136,0.905150
2013-07-23,13.3997,13.7370,13.3997,13.6687,15821864,0.019938,60.084201,0.081815,13.198511,13.328828,0.012518,0.909560
2013-07-24,13.7087,13.7087,13.5391,13.6512,12052987,-0.001277,59.532712,0.098279,13.224205,13.320844,0.012538,0.909084
2013-07-25,13.6436,13.7690,13.6436,13.7402,11289270,0.006522,61.474656,0.117161,13.264914,13.314259,0.011821,0.911531
2013-07-26,13.6541,13.7696,13.6541,13.6928,6404146,-0.003453,59.827114,0.126835,13.299560,13.305951,0.011893,0.911229
2013-07-29,13.5511,13.7720,13.5511,13.6889,13297487,-0.000285,59.685353,0.132657,13.341139,13.297888,0.011481,0.911955
2013-07-30,13.6436,13.7579,13.6261,13.6776,13827264,-0.000828,59.246378,0.134803,13.388708,13.290889,0.011090,0.912427
2013-07-31,13.5998,13.8706,13.5998,13.7400,10071151,0.004569,60.951220,0.139933,13.438608,13.280555,0.011077,0.912386
2013-08-01,13.7351,14.0286,13.7351,13.9564,8244728,0.015745,66.219872,0.159615,13.492347,13.277525,0.011289,0.913864
2013-08-02,14.0888,14.4108,14.0888,14.3068,9915214,0.025105,72.655007,0.201166,13.567817,13.285105,0.011923,0.918871
2013-08-05,14.2596,14.4266,14.2596,14.4013,10382444,0.006609,74.089580,0.238972,13.643151,13.299719,0.011916,0.923041
2013-08-06,14.4610,14.5145,14.3925,14.4978,9074122,0.006702,75.502219,0.273567,13.707410,13.312894,0.011050,0.921527
2013-08-07,14.4100,14.4100,14.1651,14.2699,12477198,-0.015724,66.306319,0.279368,13.745130,13.316898,0.011077,0.925135
2013-08-08,14.2444,14.3233,14.2232,14.2908,13295953,0.001471,66.708275,0.282404,13.784462,13.322494,0.011049,0.925585
2013-08-09,14.2556,14.5185,14.2556,14.4678,8107317,0.012379,69.961712,0.295676,13.821543,13.340111,0.010823,0.927300
2013-08-12,14.4409,14.6242,14.4409,14.5174,7163197,0.003433,70.823713,0.306667,13.872205,13.362192,0.009871,0.924089
2013-08-13,14.4372,14.6344,14.4372,14.5557,7587177,0.002634,71.501871,0.314834,13.928606,13.386690,0.009629,0.927335
2013-08-14,14.5374,14.5992,14.4705,14.5868,6922891,0.002136,72.070273,0.320125,13.991899,13.411788,0.009221,0.921624
2013-08-15,14.6677,15.0608,14.6677,14.7881,15557328,0.013801,75.480395,0.336681,14.060400,13.443134,0.009434,0.919277
2013-08-16,14.8289,15.0524,14.8289,15.0393,11594413,0.016989,78.936824,0.365858,14.146942,13.477173,0.009273,0.919660
2013-08-19,14.9757,15.1609,14.9757,15.1287,13027717,0.005942,80.015964,0.391677,14.233302,13.517247,0.009271,0.918010
2013-08-20,15.0751,15.1153,15.0198,15.1046,6048443,-0.001594,78.842290,0.405518,14.305097,13.554859,0.008822,0.920820
2013-08-21,15.0760,15.2447,15.0760,15.2364,8238792,0.008729,80.524544,0.422259,14.384357,13.600025,0.008728,0.918220
2013-08-22,15.2218,15.2218,14.8057,14.8470,14134504,-0.025556,64.271886,0.399501,14.439696,13.641244,0.011150,0.920870
2013-08-23,14.7977,14.8216,14.6628,14.8017,10635883,-0.003052,62.686473,0.373504,14.495142,13.678551,0.011136,0.907745
2013-08-26,14.8292,14.8292,14.0993,14.1451,13398259,-0.044360,45.261545,0.296502,14.517954,13.709098,0.015519,0.926333
2013-08-27,14.1593,14.1593,13.7522,13.8585,7600060,-0.020266,40.029835,0.209925,14.526999,13.733941,0.016279,0.929608
2013-08-28,13.8384,14.0419,13.8225,13.9422,5161074,0.006041,42.133379,0.146380,14.537105,13.761455,0.016301,0.931757
2013-08-29,13.9022,14.0606,13.9022,14.0374,9249187,0.006832,44.517962,0.102524,14.541157,13.791074,0.015991,0.932099
2013-08-30,14.0471,14.0471,13.7793,13.8136,7281176,-0.015948,40.313178,0.049137,14.516496,13.811783,0.015274,0.936319
2013-09-02,13.7758,13.7758,13.6993,13.7035,17263626,-0.007968,38.393101,-0.002030,14.481604,13.830952,0.015207,0.942701
2013-09-03,13.7990,14.0813,13.7990,13.9475,15218557,0.017805,44.682670,-0.022632,14.454086,13.848100,0.015748,0.945401
2013-09-04,13.9041,13.9041,13.7636,13.8015,10354050,-0.010465,41.925189,-0.050159,14.430669,13.861383,0.015546,0.948704
2013-09-05,13.6674,14.2470,13.6674,14.1623,9108101,0.026138,50.118741,-0.042376,14.424240,13.886107,0.016732,0.951482
2013-09-06,14.0888,14.2333,14.0888,14.2131,7942904,0.003590,51.164439,-0.031740,14.411507,13.910372,0.016495,0.952020
2013-09-09,14.1176,14.3605,14.1176,14.3383,12744228,0.008809,53.736543,-0.013058,14.402551,13.939991,0.016610,0.951251
2013-09-10,14.3139,14.7321,14.3139,14.6669,6780699,0.022917,59.731148,0.027940,14.408112,13.978806,0.017411,0.954217
2013-09-11,14.6648,14.8421,14.6368,14.7077,11768268,0.002785,60.417834,0.063002,14.414162,14.018120,0.017414,0.955859
2013-09-12,14.6923,14.6923,14.5667,14.5753,10506155,-0.009003,57.023574,0.079191,14.403525,14.051994,0.017247,0.956252
2013-09-13,14.6240,14.6240,14.5429,14.5937,6361246,0.001262,57.381676,0.092439,14.381246,14.087921,0.016756,0.955456
2013-09-16,14.6288,14.7224,14.5719,14.6124,10686357,0.001278,57.766165,0.103254,14.355431,14.122276,0.016681,0.955954
2013-09-17,14.6892,14.6892,14.3435,14.3913,10874189,-0.015131,51.801657,0.092912,14.319767,14.145849,0.016953,0.954617
2013-09-18,14.4259,14.4259,14.3030,14.3511,8516982,-0.002792,50.775737,0.080546,14.275501,14.162561,0.016754,0.956008
2013-09-19,14.3485,14.4028,14.1625,14.2411,7714093,-0.007665,47.974159,0.061165,14.245205,14.177299,0.015936,0.955260
2013-09-20,14.2775,14.3944,14.1346,14.3593,12437070,0.008303,51.097500,0.054715,14.223085,14.189963,0.016096,0.955529
2013-09-23,14.3242,14.4584,14.3098,14.3460,15054512,-0.000932,50.726341,0.047971,14.233127,14.206799,0.012528,0.954594
2013-09-24,14.4047,14.4047,14.0985,14.2468,9302498,-0.006911,47.947564,0.034232,14.252545,14.223182,0.011674,0.953516
2013-09-25,14.2573,14.4518,14.2573,14.3596,5252187,0.007918,51.221880,0.032076,14.273418,14.243957,0.011721,0.951128
2013-09-26,14.4101,14.5177,14.3909,14.4314,9409850,0.005001,53.238601,0.035751,14.293119,14.264225,0.011684,0.951292
2013-09-27,14.4696,14.4864,14.3213,14.4242,8626386,-0.000502,53.000575,0.037645,14.323651,14.286539,0.010962,0.947016
2013-09-30,14.5232,14.5232,14.2660,14.2701,7780194,-0.010684,48.076085,0.026406,14.351981,14.303912,0.011111,0.948928
2013-10-01,14.3036,14.3036,14.0776,14.0949,9803386,-0.012273,43.167118,0.003329,14.359355,14.312437,0.010905,0.952735
2013-10-02,14.1193,14.2803,14.0683,14.2246,12406053,0.009197,47.444734,-0.004449,14.380509,14.323905,0.010742,0.951459
2013-10-03,14.2239,14.2239,14.0489,14.0699,15654032,-0.010873,43.261308,-0.022829,14.375892,14.330499,0.009388,0.952695
2013-10-04,14.1112,14.1112,13.7779,13.8675,15172417,-0.014387,38.478998,-0.053116,14.358612,14.333993,0.009847,0.952475
2013-10-07,13.9340,13.9340,13.8251,13.8595,14733572,-0.000580,38.297955,-0.076882,14.334671,14.337404,0.009565,0.949999
2013-10-08,13.9082,13.9975,13.7482,13.8690,6527189,0.000685,38.664783,-0.093869,14.294774,14.341232,0.007662,0.948650
2013-10-09,13.9259,13.9259,13.5424,13.6601,11249423,-0.015061,33.888016,-0.122770,14.242391,14.339633,0.008013,0.949558
2013-10-10,13.6039,13.7292,13.6039,13.7190,11206961,0.004310,36.277873,-0.139318,14.199572,14.334884,0.008098,0.951040
2013-10-11,13.6681,13.9055,13.6039,13.7405,8895057,0.001569,37.172276,-0.148977,14.156911,14.323559,0.008107,0.947960
2013-10-14,13.8109,13.8109,13.5466,13.6994,6517996,-0.002993,36.129126,-0.158128,14.111260,14.309520,0.008045,0.949077
2013-10-15,13.6820,13.8739,13.6820,13.8389,6756855,0.010184,42.067878,-0.152367,14.083640,14.296340,0.008059,0.947014
2013-10-16,13.8886,13.8886,13.4685,13.6841,10580768,-0.011184,37.861754,-0.158464,14.050289,14.284625,0.008321,0.946629
2013-10-17,13.6955,13.7904,13.6108,13.7096,11171812,0.001861,38.943713,-0.159402,14.023713,14.272999,0.008272,0.946347
2013-10-18,13.7340,13.7340,13.6276,13.7115,13183868,0.000139,39.029387,-0.158169,13.991320,14.257874,0.007939,0.945628
2013-10-21,13.6801,13.6801,13.5374,13.5733,12683042,-0.010074,35.182064,-0.166419,13.952689,14.238992,0.008119,0.945015
2013-10-22,13.5429,13.9762,13.5429,13.7310,5865877,0.011618,42.188284,-0.158407,13.926900,14.222500,0.008656,0.945738
2013-10-23,13.6927,14.1008,13.6927,13.9889,10586652,0.018780,51.433058,-0.129754,13.908364,14.210543,0.009589,0.947495
2013-10-24,13.9127,14.1394,13.9127,14.1128,6605676,0.008858,55.145072,-0.095942,13.892433,14.197038,0.009759,0.939513
2013-10-25,13.9957,14.3855,13.9957,14.2157,11968969,0.007290,58.014290,-0.060150,13.882008,14.180566,0.009937,0.935751
2013-10-28,14.2554,14.3362,14.2554,14.3038,13056414,0.006194,60.351923,-0.024398,13.883691,14.164067,0.009757,0.932936
2013-10-29,14.2762,14.4572,14.1118,14.3195,12992999,0.001099,60.771974,0.005145,13.894918,14.148366,0.009308,0.932247
2013-10-30,14.3763,14.6119,14.3763,14.4970,12664916,0.012395,65.247462,0.042392,13.908537,14.133577,0.009485,0.930931
2013-10-31,14.4871,14.5906,14.4566,14.5026,6010807,0.000388,65.382145,0.071540,13.930170,14.126688,0.009069,0.931299
2013-11-01,14.4864,14.6920,14.4864,14.6195,7374983,0.008063,68.147926,0.102889,13.967772,14.123045,0.008353,0.928029
2013-11-04,14.6307,14.7944,14.6307,14.7502,9418796,0.008941,70.942493,0.136704,14.012310,14.135147,0.008429,0.930661
2013-11-05,14.8241,14.9086,14.8047,14.8394,8637555,0.006045,72.701879,0.168752,14.060832,14.154766,0.008431,0.928132
2013-11-06,14.8595,14.8595,14.5085,14.5693,13038287,-0.018198,60.711411,0.170396,14.106296,14.167309,0.008814,0.927778
2013-11-07,14.6992,14.8560,14.5094,14.5507,12837886,-0.001278,59.976857,0.168256,14.147884,14.177575,0.008867,0.929933
2013-11-08,14.6306,14.6727,14.4869,14.5623,6662541,0.000796,60.298556,0.165586,14.188975,14.192550,0.008875,0.926262
2013-11-11,14.4779,14.7326,14.4779,14.5846,14534454,0.001533,60.950388,0.163388,14.233239,14.210173,0.008773,0.926342
2013-11-12,14.6845,14.7471,14.6284,14.6831,11379880,0.006751,63.774558,0.167659,14.275450,14.224886,0.008662,0.926458
2013-11-13,14.7082,14.9268,14.7082,14.8776,14851256,0.013247,68.604894,0.184611,14.335126,14.246408,0.008270,0.926696
2013-11-14,14.7520,14.7617,14.5073,14.6878,21103457,-0.012758,60.173038,0.180647,14.384038,14.256919,0.009094,0.919939
2013-11-15,14.6848,14.8981,14.6848,14.7828,9531628,0.006469,62.647843,0.183062,14.437604,14.268313,0.009082,0.923286
2013-11-18,14.7762,15.1416,14.7762,14.9441,7662308,0.010911,66.458188,0.195734,14.506142,14.280429,0.008592,0.896349
2013-11-19,14.9503,14.9503,14.6003,14.7211,5949780,-0.014921,57.695576,0.185645,14.555647,14.281514,0.009495,0.892777
2013-11-20,14.6538,15.0855,14.6538,15.0104,14541596,0.019651,64.276575,0.198701,14.606722,14.287567,0.009571,0.897134
2013-11-21,15.0563,15.0563,14.7489,14.8101,12819591,-0.013347,57.594504,0.190685,14.641585,14.292262,0.010193,0.895270
2013-11-22,14.9230,14.9230,14.2686,14.4883,13654311,-0.021728,48.816093,0.156561,14.655214,14.290153,0.011457,0.898765
2013-11-25,14.4865,14.4865,14.3421,14.3973,11506397,-0.006277,46.651887,0.120786,14.659892,14.285852,0.011499,0.895994
2013-11-26,14.4270,14.4270,14.2200,14.3172,10162167,-0.005563,44.769400,0.084992,14.659780,14.284371,0.011574,0.889869
2013-11-27,14.3318,14.4370,14.1826,14.2957,14183103,-0.001507,44.251383,0.054258,14.649714,14.283262,0.011205,0.889800
2013-11-28,14.3961,14.3961,14.2272,14.2279,7039668,-0.004738,42.585713,0.024158,14.635980,14.282999,0.011239,0.876868
2013-11-29,14.1796,14.2889,14.1196,14.1654,8415649,-0.004397,41.048635,-0.004691,14.613272,14.279119,0.011060,0.878422
2013-12-02,14.1752,14.3153,14.1752,14.3111,7940910,0.010286,45.942343,-0.015617,14.591314,14.278422,0.011131,0.879713
2013-12-03,14.3249,14.5919,14.3249,14.5418,12221420,0.016120,52.644903,-0.005596,14.576432,14.284320,0.011702,0.860233
2013-12-04,14.5383,14.7368,14.5383,14.6097,9570868,0.004671,54.436432,0.007737,14.578449,14.289322,0.011025,0.860639
2013-12-05,14.5632,14.9103,14.5632,14.8159,8665141,0.014113,59.450839,0.034543,14.591707,14.297011,0.011446,0.853707
2013-12-06,14.8753,15.0092,14.8385,14.9066,11729496,0.006123,61.460579,0.062389,14.608921,14.306659,0.011503,0.855213
2013-12-09,14.9209,14.9209,14.4502,14.5278,10094252,-0.025409,50.260434,0.053279,14.606081,14.311813,0.012953,0.870659
2013-12-10,14.4627,14.4770,14.3924,14.4425,7196908,-0.005877,48.131294,0.038725,14.594049,14.318764,0.012908,0.865896
2013-12-11,14.4955,14.4955,14.1551,14.1587,8917676,-0.019645,41.794831,0.004248,14.558107,14.317447,0.013125,0.873356
2013-12-12,14.1266,14.1654,14.0299,14.0909,9830984,-0.004795,40.423388,-0.028229,14.528259,14.317865,0.012913,0.870348
2013-12-13,14.1414,14.1414,14.0383,14.1142,8676405,0.001654,41.137499,-0.051492,14.494827,14.322799,0.012791,0.868697
2013-12-16,14.0740,14.5667,14.0740,14.4431,12285255,0.023305,50.207809,-0.042892,14.469776,14.334471,0.013727,0.867806
2013-12-17,14.3989,14.7882,14.3989,14.7018,8530064,0.017911,55.956142,-0.015029,14.468809,14.351128,0.014013,0.872350
2013-12-18,14.6808,14.8347,14.6741,14.7226,6020229,0.001419,56.393377,0.008637,14.454421,14.372379,0.013240,0.877620
2013-12-19,14.7009,14.8281,14.7009,14.7671,8611032,0.003018,57.364275,0.030625,14.452272,14.393342,0.012932,0.872269
2013-12-20,14.7489,14.9168,14.7489,14.8997,7478050,0.008982,60.211746,0.058084,14.472845,14.416526,0.012015,0.877215
2013-12-23,14.8728,14.8728,14.5770,14.6079,10509658,-0.019589,51.984269,0.055652,14.483371,14.434696,0.012809,0.867025
2013-12-24,14.6233,14.6233,14.5011,14.5071,9017663,-0.006895,49.472062,0.045078,14.492866,14.448062,0.012848,0.861137
2013-12-25,14.4211,14.7804,14.4211,14.7689,16783349,0.018042,55.491372,0.057159,14.516527,14.469757,0.013400,0.863054
2013-12-26,14.7163,14.7163,14.5499,14.6289,5807421,-0.009475,51.929521,0.054809,14.536577,14.488144,0.013560,0.864745
2013-12-27,14.6619,14.7906,14.6619,14.7905,10785054,0.011043,55.482263,0.065232,14.567833,14.509725,0.013648,0.862082
2013-12-30,14.8687,14.8687,14.7179,14.8058,8839375,0.001034,55.815068,0.073873,14.592568,14.534373,0.013517,0.860953
2013-12-31,14.7793,14.8658,14.6611,14.7758,10658017,-0.002021,54.949059,0.077415,14.604272,14.555269,0.013107,0.857561
2014-01-01,14.8766,14.9186,14.8621,14.8807,9427261,0.007095,57.440094,0.087670,14.617822,14.573105,0.013155,0.851200
2014-01-02,14.9737,15.0631,14.9016,14.9351,7574067,0.003657,58.716167,0.099046,14.623783,14.589551,0.012810,0.849655
2014-01-03,14.9950,14.9950,14.9066,14.9451,5296849,0.000670,58.959923,0.107629,14.625708,14.604139,0.012741,0.853619
2014-01-06,15.0144,15.0144,14.5939,14.7341,17380326,-0.014119,51.990968,0.096295,14.636021,14.612746,0.011759,0.860147
2014-01-07,14.6796,14.7626,14.6796,14.6970,7694777,-0.002518,50.853065,0.083358,14.648748,14.620296,0.011683,0.855696
2014-01-08,14.6167,14.6167,14.5093,14.5773,13991073,-0.008142,47.259690,0.062727,14.669678,14.621903,0.010871,0.855168
2014-01-09,14.5397,14.8902,14.5397,14.8866,10624777,0.021213,55.926762,0.070515,14.709464,14.629583,0.011607,0.847678
2014-01-10,14.9025,14.9025,14.8171,14.8309,11594681,-0.003740,54.199851,0.071373,14.745301,14.633810,0.011698,0.845602
2014-01-13,14.9387,15.0780,14.9387,15.0034,10930724,0.011631,58.478057,0.084992,14.773316,14.638873,0.010869,0.844416
2014-01-14,14.8934,14.8934,14.7444,14.7602,5487351,-0.016207,51.215349,0.075296,14.776238,14.637290,0.010912,0.848377
2014-01-15,14.7333,14.7333,14.6419,14.7019,12875585,-0.003952,49.623196,0.062188,14.775200,14.639941,0.010948,0.841690
2014-01-16,14.6701,14.6898,14.6378,14.6833,14203654,-0.001264,49.099669,0.049727,14.771012,14.642593,0.010927,0.853307
2014-01-17,14.6870,15.1901,14.6870,15.1336,7501624,0.030665,60.089457,0.075316,14.782704,14.654018,0.012803,0.875943
2014-01-20,15.1035,15.1035,14.7388,14.8334,9223156,-0.019834,52.025243,0.070561,14.793982,14.658994,0.012824,0.883873
2014-01-21,14.8264,15.0053,14.8264,14.9882,9389591,0.010435,55.352713,0.078380,14.818035,14.665096,0.012859,0.881327
2014-01-22,15.1113,15.2926,15.0257,15.2093,9859833,0.014750,59.656761,0.101248,14.840056,14.671729,0.012659,0.873214
2014-01-23,15.2392,15.5078,15.2392,15.3893,14574936,0.011839,62.802131,0.132375,14.878077,14.685760,0.012579,0.873193
2014-01-24,15.4657,15.4657,15.3524,15.3736,14753198,-0.001021,62.345518,0.154001,14.907235,14.697577,0.012442,0.873584
2014-01-27,15.4394,15.5004,15.3307,15.3941,12170223,0.001331,62.725757,0.170822,14.936651,14.706577,0.012441,0.871233
2014-01-28,15.3973,15.3973,15.1785,15.1838,11373680,-0.013664,56.419027,0.165274,14.957047,14.715830,0.012904,0.866248
2014-01-29,15.1825,15.5312,15.1825,15.3867,7128558,0.013368,60.541803,0.175236,14.982350,14.723356,0.013123,0.867856
2014-01-30,15.4282,15.4282,15.2612,15.2801,12960702,-0.006930,57.466359,0.172538,14.999600,14.732757,0.013255,0.869076
2014-01-31,15.3003,15.4716,15.3003,15.4482,9703231,0.011001,60.843415,0.181868,15.024755,14.751955,0.013432,0.873486
2014-02-03,15.4760,15.4760,15.4452,15.4501,6869304,0.000123,60.881173,0.187256,15.060556,14.773011,0.012915,0.870329
2014-02-04,15.3642,15.5721,15.3642,15.5689,14862378,0.007689,63.269060,0.198820,15.104150,14.798044,0.012909,0.867071
2014-02-05,15.5511,15.5511,15.3056,15.3306,13064519,-0.015307,55.897296,0.186603,15.141812,14.818743,0.013327,0.869210
2014-02-06,15.3516,15.4579,15.3171,15.4291,8415375,0.006429,58.072980,0.182767,15.168941,14.842767,0.012632,0.872172
2014-02-07,15.4727,15.6343,15.3076,15.4582,12791696,0.001885,58.720224,0.179999,15.200307,14.868624,0.012563,0.856042
2014-02-10,15.4218,15.6731,15.4218,15.5683,7010855,0.007121,61.163650,0.184561,15.228553,14.893769,0.012424,0.853709
2014-02-11,15.5354,15.7022,15.5354,15.6192,8221380,0.003267,62.274776,0.190089,15.271499,14.915317,0.011668,0.847896
2014-02-12,15.7465,15.7465,15.4725,15.5361,11550190,-0.005315,59.292818,0.185631,15.313212,14.933846,0.011714,0.839254
2014-02-13,15.5112,15.6965,15.5112,15.6439,13530860,0.006934,61.846026,0.188617,15.361240,14.950406,0.011707,0.836258
2014-02-14,15.6025,15.6025,15.1258,15.2410,11204443,-0.025751,49.375387,0.156671,15.366613,14.957095,0.011546,0.835786
2014-02-17,15.3346,15.3346,15.0319,15.0643,15673944,-0.011597,45.080201,0.115758,15.378157,14.967824,0.010915,0.838893
2014-02-18,15.0443,15.4142,15.0443,15.1813,9066983,0.007766,48.286898,0.091716,15.387811,14.982600,0.010808,0.839480
2014-02-19,15.2116,15.5094,15.2116,15.4568,22786741,0.018148,54.956643,0.093813,15.400186,15.008561,0.011064,0.845458
2014-02-20,15.3578,15.9403,15.3578,15.8482,12827818,0.025320,62.379454,0.125607,15.423126,15.043707,0.012127,0.851443
2014-02-21,15.8124,15.8124,15.6955,15.7583,16385705,-0.005670,59.937280,0.141918,15.442359,15.076590,0.012223,0.851924
2014-02-24,15.7713,16.3282,15.7713,16.0085,5701677,0.015879,64.146861,0.173040,15.473081,15.107899,0.012650,0.854359
2014-02-25,16.0217,16.0929,15.8769,15.9788,7147381,-0.001856,63.296459,0.193082,15.512834,15.133439,0.012144,0.857732
2014-02-26,16.0528,16.0528,15.8013,15.9155,14800809,-0.003962,61.427685,0.201534,15.539273,15.157297,0.011954,0.857549
2014-02-27,15.9130,16.1628,15.9130,16.1382,11410581,0.013994,65.308195,0.223626,15.582179,15.184719,0.012069,0.857908
2014-02-28,16.2156,16.4970,16.2156,16.3593,6679463,0.013700,68.677014,0.256023,15.627734,15.213911,0.012180,0.850702
2014-03-03,16.4099,16.4099,16.2482,16.3122,5121720,-0.002883,67.178331,0.274725,15.670837,15.247997,0.012235,0.836399
2014-03-04,16.2941,16.3554,16.1177,16.2752,6819441,-0.002266,65.963596,0.283298,15.706152,15.283358,0.012227,0.835932
2014-03-05,16.2332,16.2332,15.9644,16.0554,13196496,-0.013504,59.117631,0.269255,15.742394,15.309089,0.012097,0.831498
2014-03-06,16.0322,16.0322,15.6355,15.7707,11738527,-0.017736,51.639538,0.232467,15.759470,15.331924,0.012854,0.841017
2014-03-07,15.7972,16.2336,15.7972,16.0158,9671978,0.015542,56.714821,0.220548,15.787346,15.356429,0.013251,0.840952
2014-03-10,15.9700,15.9960,15.8617,15.9285,11851415,-0.005445,54.522395,0.201740,15.805358,15.378885,0.013286,0.840288
2014-03-11,15.9233,15.9233,15.7185,15.7487,11955968,-0.011292,50.211088,0.170357,15.811834,15.398342,0.013564,0.837113
2014-03-12,15.7525,15.7525,15.6215,15.6666,5171001,-0.005210,48.333302,0.137282,15.818359,15.414061,0.013562,0.835640
2014-03-13,15.6407,15.9243,15.6407,15.8725,19966538,0.013142,53.075167,0.126229,15.829791,15.432809,0.013786,0.841814
2014-03-14,15.9374,16.0014,15.9242,15.9696,8304058,0.006117,55.164974,0.123876,15.866219,15.453299,0.012317,0.840858
2014-03-17,15.9747,15.9747,15.7294,15.7986,16748693,-0.010710,50.867344,0.106976,15.902934,15.474589,0.012265,0.848430
2014-03-18,15.6883,16.1859,15.6883,16.0229,16983657,0.014196,55.736856,0.110408,15.945012,15.501106,0.012494,0.854248
2014-03-19,16.0375,16.6792,16.0375,16.5509,15900485,0.032954,64.625629,0.153959,15.999717,15.540577,0.013821,0.855318
2014-03-20,16.4955,16.7107,16.4204,16.5654,11722341,0.000879,64.835117,0.187487,16.035580,15.574154,0.012837,0.852182
2014-03-21,16.5211,16.5722,16.3977,16.5681,8651637,0.000163,64.876687,0.211833,16.076071,15.608898,0.012712,0.842345
2014-03-24,16.6041,16.6041,16.5483,16.5843,12652643,0.000980,65.143499,0.229789,16.104862,15.640517,0.012323,0.834025
2014-03-25,16.5327,16.8909,16.5327,16.7982,10831539,0.012892,68.534597,0.258294,16.145828,15.681276,0.012530,0.839854
2014-03-26,16.9368,17.1503,16.9368,17.0713,12809810,0.016261,72.249183,0.299474,16.203618,15.728664,0.012788,0.838995
2014-03-27,16.9906,17.2150,16.9906,17.1934,11602923,0.007150,73.740984,0.338062,16.256376,15.778865,0.012584,0.840856
2014-03-28,17.1782,17.4536,17.1782,17.2573,14236438,0.003717,74.513499,0.369540,16.301274,15.821339,0.012344,0.840433
2014-03-31,17.3136,17.3136,16.7199,16.9921,12281559,-0.015366,65.856363,0.368838,16.335272,15.864513,0.012944,0.842901
2014-04-01,17.0080,17.0501,16.8365,17.0337,5691397,0.002445,66.512855,0.367399,16.373195,15.905423,0.012903,0.842612
2014-04-02,17.0113,17.0113,16.6586,16.6698,8776301,-0.021359,56.303767,0.333061,16.403916,15.934634,0.013516,0.848142
2014-04-03,16.6930,16.6930,16.3373,16.3764,12378962,-0.017603,49.680417,0.278954,16.434203,15.954374,0.013506,0.856866
2014-04-04,16.4773,16.6043,16.3387,16.5129,17043693,0.008335,52.480670,0.244273,16.459060,15.977159,0.013218,0.857567
2014-04-07,16.4768,16.6585,16.4768,16.5965,11066640,0.005066,54.164243,0.220990,16.492460,16.001208,0.013131,0.858126
2014-04-08,16.4746,16.8363,16.4746,16.7656,9616093,0.010186,57.445279,0.213716,16.543305,16.032845,0.012851,0.851824
2014-04-09,16.6609,16.6609,16.3821,16.4902,9513152,-0.016429,51.035113,0.183609,16.584482,16.054913,0.013468,0.846735
2014-04-10,16.4059,16.4059,16.3536,16.3657,13140456,-0.007545,48.407410,0.148003,16.609142,16.076626,0.013414,0.846515
2014-04-11,16.2833,16.4471,16.2833,16.4067,12386316,0.002504,49.332705,0.121689,16.630997,16.095796,0.013374,0.829676
2014-04-14,16.4216,16.5160,16.3997,16.4587,15806348,0.003171,50.545521,0.103836,16.664005,16.115969,0.013067,0.820843
2014-04-15,16.3844,16.3844,16.2610,16.3185,8155296,-0.008521,47.261812,0.077478,16.678788,16.130961,0.012950,0.817295
2014-04-16,16.2667,16.6905,16.2667,16.6031,8379070,0.017440,53.818580,0.078648,16.681399,16.156411,0.011294,0.829984
2014-04-17,16.5741,16.5741,16.3799,16.4819,8837203,-0.007298,50.916195,0.069002,16.677225,16.177467,0.011416,0.833111
2014-04-18,16.6205,16.6555,16.5235,16.6273,7020058,0.008822,54.114271,0.072258,16.680186,16.200850,0.011593,0.832227
2014-04-21,16.6907,16.6907,16.2411,16.3571,7422480,-0.016251,47.871964,0.052429,16.668825,16.216626,0.012161,0.837481
2014-04-22,16.4483,16.6650,16.3799,16.4513,10342449,0.005756,50.034852,0.043808,16.651481,16.233268,0.011845,0.842392
2014-04-23,16.4118,16.7124,16.4118,16.5547,13029804,0.006286,52.372351,0.044804,16.625651,16.253639,0.011277,0.837347
2014-04-24,16.4997,16.4997,16.3587,16.3914,8786256,-0.009866,48.512552,0.032046,16.585551,16.268589,0.011234,0.838585
2014-04-25,16.3963,16.3963,16.1762,16.3101,6610188,-0.004956,46.670049,0.015204,16.538193,16.289971,0.011156,0.837090
2014-04-28,16.3085,16.3085,16.2146,16.2574,11732941,-0.003236,45.462173,-0.002375,16.501456,16.313833,0.010757,0.841304
2014-04-29,16.2575,16.3776,16.1733,16.2333,9460983,-0.001482,44.890878,-0.018042,16.461436,16.334873,0.010704,0.845596
2014-04-30,16.3360,16.7265,16.3360,16.6828,8661926,0.027692,55.999853,0.005749,16.462085,16.359393,0.011693,0.850092
2014-05-01,16.6299,16.9259,16.6299,16.8278,12460178,0.008689,58.878596,0.035887,16.484654,16.378985,0.011058,0.844079
2014-05-02,16.9389,16.9389,16.6550,16.7138,7020779,-0.006771,55.788970,0.050001,16.494701,16.398096,0.011077,0.858382
2014-05-05,16.6520,16.6520,16.4036,16.4067,7038239,-0.018375,48.414667,0.035991,16.485209,16.406060,0.011803,0.866150
2014-05-06,16.4130,16.4130,16.1933,16.2283,5639393,-0.010874,44.716733,0.010371,16.458344,16.411049,0.011738,0.870060
2014-05-07,16.2014,16.2326,16.1364,16.1815,12071318,-0.002884,43.772329,-0.013553,16.442912,16.416369,0.011214,0.873328
2014-05-08,16.1691,16.1691,15.9160,15.9947,9623773,-0.011546,40.128648,-0.047045,16.424359,16.413498,0.011373,0.880284
2014-05-09,15.9278,16.3318,15.9278,16.3270,12347683,0.020779,48.363446,-0.046237,16.420375,16.412852,0.012367,0.877398
2014-05-12,16.3851,16.3851,16.0168,16.1746,15621344,-0.009339,45.285993,-0.057240,16.406166,16.410100,0.012505,0.873606
2014-05-13,16.2376,16.6006,16.2376,16.5906,9106246,0.025719,53.903877,-0.032024,16.419769,16.416407,0.013681,0.876149
2014-05-14,16.5342,16.6907,16.5121,16.5283,6837973,-0.003754,52.568768,-0.016871,16.416027,16.425865,0.013144,0.872077
2014-05-15,16.4228,16.4228,16.3119,16.3874,7387214,-0.008521,49.578545,-0.016042,16.411302,16.438200,0.013181,0.864605
2014-05-16,16.3058,16.5526,16.2990,16.4002,9106492,0.000782,49.858055,-0.014188,16.399947,16.445890,0.013013,0.863853
2014-05-19,16.4025,16.4644,16.0844,16.2560,11868541,-0.008795,46.719143,-0.024079,16.394891,16.452439,0.012643,0.857047
2014-05-20,16.2911,16.5640,16.2911,16.4988,14949208,0.014939,52.178019,-0.012182,16.397269,16.467442,0.013033,0.859491
2014-05-21,16.5235,16.5235,15.9967,16.0625,14734032,-0.026450,43.544140,-0.037535,16.372657,16.475359,0.014232,0.870298
2014-05-22,16.0240,16.0240,15.3980,15.6068,10167619,-0.028365,36.713743,-0.093315,16.333430,16.470045,0.015366,0.882563
2014-05-23,15.6047,15.7132,15.3612,15.4996,9668735,-0.006872,35.309632,-0.144510,16.292902,16.460644,0.015389,0.891211
2014-05-26,15.5159,15.5159,15.2202,15.3341,9839100,-0.010677,33.199715,-0.196175,16.246739,16.451355,0.015499,0.887570
2014-05-27,15.3218,15.6187,15.3218,15.4130,9979650,0.005148,35.189110,-0.228121,16.205727,16.439159,0.015600,0.888574
2014-05-28,15.4074,15.4567,15.3741,15.3991,11657482,-0.000904,34.990959,-0.251661,16.141541,16.416123,0.013908,0.886349
2014-05-29,15.3656,15.4607,15.3656,15.4322,20480935,0.002149,35.913838,-0.264597,16.071763,16.393459,0.013671,0.879147
2014-05-30,15.4329,15.6366,15.4329,15.5505,14012605,0.007664,39.233444,-0.262281,16.013595,16.373105,0.013909,0.880695
2014-06-02,15.5627,15.8806,15.5627,15.7353,12620714,0.011884,44.105561,-0.242735,15.980023,16.356124,0.013852,0.882252
2014-06-03,15.7971,15.7971,15.5552,15.6412,14562566,-0.005979,42.248400,-0.232161,15.950667,16.332985,0.013730,0.878836
2014-06-04,15.6123,15.8699,15.6123,15.8115,14754295,0.010890,46.629666,-0.207643,15.932168,16.307789,0.014013,0.880808
2014-06-05,15.7125,15.7595,15.7125,15.7485,5410885,-0.003987,45.261095,-0.191096,15.919858,16.278891,0.013816,0.878387
2014-06-06,15.7150,15.8449,15.6430,15.6498,8932092,-0.006264,43.127988,-0.183823,15.885998,16.246742,0.012897,0.879980
2014-06-09,15.6563,15.8281,15.6563,15.8140,9443807,0.010492,47.558511,-0.162932,15.867972,16.223180,0.013067,0.879202
2014-06-10,15.8439,15.8439,15.7834,15.8064,6837091,-0.000483,47.373688,-0.145316,15.828764,16.198635,0.011457,0.876482
2014-06-11,15.8311,15.8311,15.6888,15.7472,9307078,-0.003742,45.886008,-0.134577,15.789713,16.180183,0.011457,0.876233
2014-06-12,15.6871,15.8626,15.6871,15.8286,10693020,0.005167,48.291391,-0.118140,15.761772,16.169228,0.011478,0.870700
2014-06-13,15.9750,15.9750,15.3136,15.4804,13021870,-0.021996,40.081165,-0.131689,15.715782,16.148579,0.012321,0.879880
2014-06-16,15.3943,15.3943,15.2384,15.2929,9190846,-0.012114,36.483197,-0.155764,15.667627,16.122506,0.012428,0.888103
2014-06-17,15.3404,15.3404,15.0983,15.1797,9778761,-0.007406,34.470723,-0.181885,15.601667,16.090787,0.011717,0.882700
2014-06-18,15.1357,15.2408,14.8914,15.0314,6267446,-0.009767,31.983434,-0.212106,15.550114,16.061612,0.010580,0.885649
2014-06-19,14.9447,14.9824,14.9109,14.9654,9636696,-0.004387,30.914937,-0.238626,15.518044,16.033606,0.008793,0.884804
2014-06-20,14.8619,14.8619,14.6022,14.6825,7848502,-0.018908,26.780573,-0.279258,15.477188,15.999121,0.009521,0.888081
2014-06-23,14.7631,14.7631,14.4929,14.4956,7315651,-0.012725,24.455163,-0.322814,15.435265,15.959859,0.009622,0.887449
2014-06-24,14.4613,14.6301,14.4613,14.5914,8768460,0.006603,27.908829,-0.345624,15.394181,15.925316,0.009691,0.869280
2014-06-25,14.5490,14.9497,14.5490,14.9151,12109880,0.022186,38.199406,-0.333734,15.369980,15.891555,0.011176,0.874499
2014-06-26,14.8416,15.3900,14.8416,15.2428,8742159,0.021971,46.521441,-0.294473,15.360508,15.866772,0.012339,0.881841
2014-06-27,15.2428,15.2930,15.0459,15.1536,11751746,-0.005851,44.755119,-0.267472,15.340664,15.837297,0.012235,0.882082
2014-06-30,15.1061,15.1061,15.0009,15.0070,6175370,-0.009672,41.937109,-0.254960,15.304252,15.810295,0.011966,0.881488
2014-07-01,15.0367,15.0367,14.8691,14.9037,14377055,-0.006882,40.024578,-0.250491,15.267380,15.779344,0.011983,0.878880
2014-07-02,14.8688,14.8688,14.5396,14.6660,8613171,-0.015954,35.958722,-0.263103,15.210102,15.741569,0.011926,0.887762
2014-07-03,14.6291,14.6774,14.6227,14.6453,12938239,-0.001407,35.620598,-0.271632,15.154945,15.706648,0.011936,0.888967
2014-07-04,14.6771,14.6771,14.3894,14.4469,10734273,-0.013551,32.458837,-0.291051,15.094797,15.669383,0.012133,0.892213
2014-07-07,14.4079,14.4079,14.0756,14.1899,10651663,-0.017785,28.884279,-0.323444,15.013591,15.628034,0.012012,0.879866
2014-07-08,14.2000,14.2000,13.9137,13.9146,6507372,-0.019403,25.627461,-0.367100,14.919002,15.581661,0.012350,0.887239
2014-07-09,13.9610,13.9610,13.7534,13.7968,6959277,-0.008467,24.361546,-0.406519,14.821479,15.523941,0.012344,0.884773
2014-07-10,13.8646,13.8668,13.5711,13.7738,13735312,-0.001664,24.111690,-0.434601,14.718741,15.462862,0.012095,0.884621
2014-07-11,13.7670,13.8227,13.6856,13.7619,8063960,-0.000864,23.974368,-0.452600,14.632815,15.403825,0.011617,0.884501
2014-07-14,13.7451,13.7451,13.6330,13.7139,13534939,-0.003489,23.395555,-0.465373,14.553866,15.349969,0.011530,0.880741
2014-07-15,13.7148,13.7148,13.4201,13.4786,6210588,-0.017156,20.751438,-0.488846,14.468816,15.294976,0.011823,0.882529
2014-07-16,13.5516,13.5516,13.3352,13.4426,5212491,-0.002677,20.371203,-0.504544,14.389375,15.240197,0.011806,0.878827
2014-07-17,13.4190,13.5155,13.3157,13.3584,9334609,-0.006261,19.474802,-0.517808,14.309023,15.187471,0.011804,0.877559
2014-07-18,13.3876,13.5430,13.3876,13.4822,7910891,0.009268,24.721950,-0.512422,14.249010,15.130575,0.011813,0.878599
2014-07-21,13.4401,13.5816,13.4401,13.5173,7305182,0.002606,26.191696,-0.499561,14.200094,15.077430,0.011727,0.877920
2014-07-22,13.5845,13.5845,13.0438,13.1970,7836514,-0.023700,21.977689,-0.509347,14.130375,15.009558,0.012307,0.880198
2014-07-23,13.2892,13.2892,13.0772,13.1133,11815500,-0.006341,21.026069,-0.517885,14.040286,14.941259,0.010522,0.873836
2014-07-24,13.1912,13.2019,13.1461,13.1653,13498384,0.003967,23.250601,-0.514524,13.936413,14.876817,0.008557,0.881255
2014-07-25,13.1695,13.3255,13.1695,13.3159,8473715,0.011440,29.447737,-0.494012,13.844530,14.815130,0.009526,0.881462
2014-07-28,13.3772,13.3772,13.2053,13.2732,11497957,-0.003206,28.739293,-0.475717,13.757839,14.755474,0.009518,0.879536
2014-07-29,13.2559,13.5244,13.2559,13.4032,6575620,0.009796,33.950554,-0.445590,13.682815,14.693562,0.010153,0.880245
2014-07-30,13.4080,13.6481,13.4080,13.6451,16755718,0.018041,42.388586,-0.397619,13.631769,14.645214,0.011070,0.880795
2014-07-31,13.7501,13.7501,13.4777,13.5830,5551853,-0.004550,40.942272,-0.360456,13.578651,14.604737,0.011060,0.880172
2014-08-01,13.6348,13.8533,13.6348,13.7464,7537034,0.012030,46.149779,-0.314197,13.543626,14.569673,0.011337,0.877293
2014-08-04,13.8010,14.1207,13.8010,14.0011,12400497,0.018532,53.093989,-0.254052,13.534186,14.543013,0.011651,0.885357
2014-08-05,13.9741,14.5528,13.9741,14.4161,20638161,0.029636,61.746684,-0.170934,13.559258,14.523074,0.012607,0.893343
2014-08-06,14.3898,14.3898,14.1266,14.1964,6131010,-0.015237,55.870870,-0.121388,13.579238,14.499020,0.012984,0.895686
2014-08-07,14.1072,14.1072,13.9200,14.0623,10424137,-0.009445,52.581526,-0.091884,13.593661,14.471622,0.013199,0.898754
2014-08-08,14.1306,14.2440,14.1306,14.2228,7118265,0.011410,55.925421,-0.054921,13.616702,14.445068,0.013386,0.901202
2014-08-11,14.2290,14.2290,13.9699,14.0303,4741519,-0.013529,51.257244,-0.040685,13.632523,14.410969,0.013775,0.905001
2014-08-12,14.0697,14.0697,13.9053,13.9970,19324058,-0.002375,50.471665,-0.031725,13.658441,14.378085,0.013117,0.892420
2014-08-13,14.0059,14.0430,13.8531,13.8770,10183407,-0.008576,47.638798,-0.033920,13.680162,14.339395,0.013292,0.885304
2014-08-14,13.8310,14.1010,13.8310,14.0473,11557679,0.012276,51.775693,-0.021663,13.714610,14.305372,0.013356,0.875698
2014-08-15,13.9807,14.0554,13.9080,14.0095,6861996,-0.002694,50.815210,-0.014832,13.740975,14.272565,0.013309,0.875262
2014-08-18,13.9966,14.0632,13.9966,14.0599,8443922,0.003596,52.089324,-0.005293,13.768102,14.237482,0.013313,0.872650
2014-08-19,14.0040,14.2209,13.9498,14.0725,14063703,0.000897,52.421714,0.003248,13.811878,14.202804,0.011867,0.867298
2014-08-20,14.0857,14.0857,13.8884,13.9242,11185863,-0.010537,48.189642,-0.001927,13.852423,14.166343,0.012081,0.869722
2014-08-21,13.8889,13.8889,13.7668,13.7866,12612532,-0.009880,44.592949,-0.016934,13.883490,14.125503,0.012419,0.873628
2014-08-22,13.6255,14.1578,13.6255,14.1491,9806917,0.026292,54.276602,0.000418,13.925150,14.098877,0.013395,0.883191
2014-08-25,14.2155,14.2155,14.0694,14.0707,7125666,-0.005545,52.152168,0.007749,13.965022,14.074432,0.013463,0.877249
2014-08-26,14.0365,14.2324,14.0365,14.1777,6873212,0.007611,54.755432,0.021948,14.003747,14.054394,0.013414,0.881434
2014-08-27,14.2359,14.2359,14.0488,14.1486,10999047,-0.002056,53.895689,0.030496,14.028924,14.036738,0.012965,0.878613
2014-08-28,14.0977,14.3560,14.0977,14.2519,8581712,0.007299,56.501098,0.045084,14.062368,14.022467,0.012926,0.876014
2014-08-29,14.2034,14.2856,14.1666,14.2786,9562411,0.001875,57.175621,0.058131,14.088979,14.014389,0.012729,0.870274
2014-09-01,14.2697,14.2697,13.6764,13.7488,8674422,-0.037101,42.957407,0.025432,14.076366,13.999453,0.014827,0.879816
2014-09-02,13.7596,13.7596,13.4766,13.5107,11939750,-0.017324,38.340874,-0.019476,14.031096,13.977840,0.013403,0.882186
2014-09-03,13.5119,13.5119,13.2126,13.2628,15842707,-0.018346,34.219475,-0.074212,13.984417,13.944794,0.013567,0.885774
2014-09-04,13.2630,13.2630,12.9601,12.9792,7791530,-0.021381,30.217552,-0.138871,13.930263,13.899524,0.014103,0.893775
2014-09-05,12.9861,12.9861,12.7569,12.7649,8700149,-0.016513,27.591122,-0.205044,13.857371,13.851750,0.013888,0.891620
2014-09-08,12.7299,13.0547,12.7299,12.9671,13195968,0.015840,33.466612,-0.238423,13.804210,13.810952,0.014511,0.894715
2014-09-09,13.0369,13.0417,12.8687,12.8882,8694424,-0.006089,32.362399,-0.268155,13.748767,13.770640,0.014515,0.894703
2014-09-10,12.8142,13.0787,12.8142,13.0657,11248220,0.013774,37.366473,-0.274232,13.708201,13.738635,0.014998,0.898421
2014-09-11,13.0294,13.0932,12.9643,13.0515,10004449,-0.001083,37.130749,-0.276997,13.658411,13.706759,0.014578,0.897161
2014-09-12,13.1172,13.2686,13.0691,13.1505,13500855,0.007581,39.982816,-0.268114,13.615460,13.680831,0.014790,0.895550
2014-09-15,13.1760,13.2531,12.9033,13.0765,9535016,-0.005624,38.574085,-0.263998,13.566293,13.658563,0.014715,0.893773
2014-09-16,13.0970,13.1577,12.8241,13.0260,11597362,-0.003867,37.598792,-0.261799,13.513966,13.640790,0.014679,0.902668
2014-09-17,13.0469,13.1437,12.9126,13.0787,7605827,0.004048,39.321767,-0.252886,13.471690,13.626427,0.014686,0.897154
2014-09-18,13.0680,13.0680,12.9847,13.0186,8464706,-0.004591,38.034036,-0.247811,13.433291,13.611324,0.014603,0.890721
2014-09-19,12.9809,13.1227,12.9809,13.0917,8555912,0.005614,40.584901,-0.235180,13.380422,13.597919,0.013092,0.891413
2014-09-22,13.1200,13.2113,13.1200,13.1446,6342421,0.004042,42.432519,-0.218383,13.334121,13.586534,0.013200,0.892747
2014-09-23,13.1720,13.1720,13.0239,13.0891,15318309,-0.004228,40.990847,-0.207167,13.279687,13.578742,0.012947,0.894236
2014-09-24,13.1338,13.1338,12.8652,12.9760,9930808,-0.008639,38.150271,-0.205039,13.221057,13.569411,0.012981,0.892838
2014-09-25,12.9073,12.9258,12.8187,12.9146,14391155,-0.004734,36.664087,-0.205936,13.154193,13.560534,0.012694,0.888727
2014-09-26,12.8318,12.9906,12.8318,12.8741,11785389,-0.003133,35.678205,-0.207518,13.083969,13.548373,0.012604,0.886658
2014-09-29,12.8035,12.9993,12.8035,12.8852,11434522,0.000860,36.183904,-0.205510,13.040786,13.535730,0.010148,0.900097
2014-09-30,12.8396,12.9285,12.8396,12.8944,10939248,0.000714,36.629476,-0.200862,13.009972,13.529678,0.009613,0.891058
2014-10-01,12.9573,12.9573,12.6965,12.7161,8622956,-0.013828,31.967712,-0.209154,12.982635,13.521734,0.009263,0.879969
2014-10-02,12.6707,13.1002,12.6707,12.9579,14799119,0.019020,42.633218,-0.193974,12.981571,13.517587,0.009233,0.874950
2014-10-03,12.8829,13.0725,12.8483,13.0220,10358615,0.004941,45.087437,-0.174762,12.994424,13.511708,0.008430,0.876657
2014-10-06,13.0041,13.4476,13.0041,13.2967,14559932,0.021099,54.151691,-0.135801,13.010904,13.512178,0.008981,0.885560
2014-10-07,13.3215,13.7235,13.3215,13.6258,9639754,0.024752,62.200836,-0.077473,13.047788,13.516630,0.010210,0.883613
2014-10-08,13.7420,13.7420,13.3086,13.3454,12703743,-0.020580,53.571289,-0.053262,13.061775,13.510637,0.011122,0.891515
2014-10-09,13.3541,13.6669,13.3541,13.5624,9822973,0.016255,58.381727,-0.016380,13.087316,13.510225,0.011607,0.893714
2014-10-10,13.5853,13.5853,13.2112,13.4218,6300907,-0.010363,54.446004,0.001491,13.100883,13.503734,0.011842,0.892979
2014-10-13,13.4181,13.6372,13.4181,13.5734,8564462,0.011294,57.754176,0.027568,13.125728,13.495180,0.011942,0.894574
2014-10-14,13.5902,13.6239,13.4837,13.6092,7398156,0.002638,58.520485,0.050542,13.154891,13.479043,0.011864,0.892632
2014-10-15,13.6103,13.6304,13.4890,13.6053,11352681,-0.000289,58.395109,0.067651,13.181221,13.467221,0.011869,0.891943
2014-10-16,13.6482,13.6482,13.2861,13.3207,9563821,-0.020917,50.046158,0.057583,13.196324,13.452389,0.012868,0.896619
2014-10-17,13.3269,13.3708,13.2456,13.3032,10871628,-0.001315,49.576214,0.047641,13.206897,13.433997,0.012837,0.896324
2014-10-20,13.3076,13.3076,13.1521,13.1762,9538122,-0.009546,46.190441,0.029179,13.208474,13.416914,0.013019,0.895117
2014-10-21,13.2416,13.4508,13.2416,13.4269,10075407,0.019026,53.012300,0.034379,13.225364,13.405512,0.013627,0.897636
2014-10-22,13.4683,13.7639,13.4683,13.7071,19152280,0.020867,59.232978,0.060412,13.261917,13.402113,0.014077,0.900129
2014-10-23,13.6878,13.6878,13.4875,13.5609,8040612,-0.010661,55.133054,0.068462,13.294235,13.392385,0.014305,0.900980
2014-10-24,13.5870,13.5870,13.4344,13.5148,9342216,-0.003397,53.867196,0.070314,13.326271,13.382492,0.014311,0.897364
2014-10-27,13.5287,13.5287,13.3744,13.3883,14176719,-0.009364,50.441114,0.060868,13.351427,13.369060,0.014554,0.894851
2014-10-28,13.3209,13.3644,13.2008,13.2660,8932353,-0.009131,47.310811,0.043021,13.370010,13.352931,0.014766,0.887549
2014-10-29,13.2434,13.2970,13.1380,13.2587,7713212,-0.000553,47.121830,0.027964,13.397142,13.339621,0.014331,0.880308
2014-10-30,13.2960,13.3710,13.2282,13.2609,11074365,0.000167,47.190434,0.016024,13.412291,13.329107,0.013775,0.879334
2014-10-31,13.2775,13.7952,13.2775,13.6477,14207448,0.029167,57.546505,0.037342,13.443578,13.319079,0.015117,0.885034
2014-11-03,13.6587,13.6709,13.5810,13.5823,12509616,-0.004795,55.561284,0.048399,13.457856,13.309311,0.014534,0.883541
2014-11-04,13.6443,13.9160,13.6443,13.8544,13113391,0.020039,61.508856,0.078221,13.469286,13.302845,0.014165,0.892159
2014-11-05,13.9316,13.9516,13.8012,13.8999,6180091,0.003283,62.414080,0.104323,13.497011,13.297872,0.013232,0.892072
2014-11-06,13.8686,14.0998,13.8686,14.0550,12408354,0.011155,65.401507,0.135953,13.521642,13.293934,0.012992,0.894269
2014-11-07,14.0341,14.1666,13.9880,14.0326,10582046,-0.001592,64.603355,0.157400,13.552181,13.289014,0.012703,0.894032
2014-11-10,14.0479,14.0479,13.8647,14.0123,6036134,-0.001449,63.840906,0.170787,13.574123,13.294283,0.012547,0.899686
2014-11-11,13.9205,14.1257,13.8816,13.9611,8203859,-0.003654,61.861629,0.175245,13.591715,13.303291,0.012600,0.903055
2014-11-12,13.9660,13.9660,13.7210,13.7693,6391747,-0.013733,54.985967,0.161446,13.599918,13.313421,0.013043,0.903131
2014-11-13,13.7537,14.1242,13.7537,14.0589,10038442,0.021031,61.877879,0.171896,13.636829,13.335015,0.012757,0.897525
2014-11-14,14.0206,14.2728,14.0206,14.2522,5539667,0.013748,65.657376,0.193543,13.684280,13.364761,0.012946,0.890556
2014-11-17,14.2296,14.4565,14.2296,14.2947,6380962,0.002981,66.444826,0.211687,13.740204,13.391312,0.012578,0.894248
2014-11-18,14.3248,14.5346,14.3248,14.4433,7169700,0.010398,69.113139,0.235346,13.791027,13.422416,0.012183,0.891630
2014-11-19,14.4328,14.7326,14.4328,14.6637,10988138,0.015259,72.593333,0.268781,13.838860,13.454376,0.011827,0.894202
2014-11-20,14.5836,14.5836,14.4375,14.5157,10038629,-0.010094,67.123366,0.280107,13.886599,13.483660,0.011792,0.897311
2014-11-21,14.4931,14.5081,14.4311,14.4890,17979008,-0.001838,66.155859,0.283661,13.935308,13.510431,0.011749,0.900590
2014-11-24,14.5191,14.5191,14.4217,14.4314,11195808,-0.003977,64.009409,0.278615,13.987463,13.537528,0.011496,0.886750
2014-11-25,14.3974,14.5568,14.3974,14.5567,9592480,0.008681,66.550187,0.281480,14.051995,13.568143,0.011124,0.878823
2014-11-26,14.5648,14.5877,14.4921,14.5278,13465043,-0.001982,65.405071,0.278216,14.115450,13.597125,0.011164,0.871741
2014-11-27,14.4663,14.7115,14.4663,14.6336,5801184,0.007278,67.605191,0.280922,14.184082,13.629424,0.011127,0.854109
2014-11-28,14.5458,14.7901,14.5458,14.6990,13564160,0.004472,68.922603,0.285062,14.236647,13.661569,0.009564,0.847822
2014-12-01,14.6871,14.7274,14.6666,14.7205,7957067,0.001462,69.363049,0.286771,14.293557,13.693086,0.009370,0.842732
2014-12-02,14.7473,14.9439,14.7473,14.8904,11256398,0.011539,72.662225,0.298392,14.345353,13.729111,0.008782,0.845655
2014-12-03,14.8828,14.8828,14.7270,14.7364,12673902,-0.010341,65.750175,0.291813,14.387175,13.764319,0.009324,0.835321
2014-12-04,14.7335,14.7335,14.3143,14.4250,10369569,-0.021131,54.466464,0.258492,14.405675,13.794527,0.010546,0.849796
2014-12-05,14.4762,14.5689,14.4761,14.5454,10491093,0.008347,57.503359,0.239046,14.431314,13.827953,0.010634,0.850087
2014-12-08,14.5341,14.5341,14.3573,14.4462,15735624,-0.006816,54.292499,0.213177,14.453014,13.859174,0.010788,0.846244
2014-12-09,14.5203,14.5301,14.3066,14.4600,9296645,0.000949,54.669346,0.191574,14.477958,13.890485,0.010719,0.852646
2014-12-10,14.5038,14.5038,14.1668,14.1977,8196129,-0.018134,46.731007,0.151547,14.499378,13.920118,0.011094,0.859716
2014-12-11,14.2445,14.2445,14.1115,14.1711,10786969,-0.001878,45.999634,0.116334,14.504986,13.944381,0.010121,0.858939
2014-12-12,14.1664,14.7523,14.1664,14.7048,7583542,0.037660,59.622484,0.129992,14.527613,13.978037,0.012826,0.866185
2014-12-15,14.5874,14.7993,14.5874,14.7831,10936227,0.005330,61.171714,0.145464,14.552036,14.007765,0.012850,0.865511
2014-12-16,14.8428,14.8428,14.5789,14.7194,10564751,-0.004310,59.183595,0.150845,14.565840,14.029637,0.012750,0.862671
2014-12-17,14.7313,14.8311,14.6111,14.7188,27772132,-0.000042,59.163448,0.153293,14.568595,14.057104,0.012302,0.860463
2014-12-18,14.7377,14.7377,14.4614,14.5227,9163316,-0.013325,53.014882,0.137818,14.568943,14.076310,0.012465,0.862104
2014-12-19,14.5786,14.5786,14.2132,14.3545,9609391,-0.011578,48.373375,0.110710,14.562218,14.094964,0.012732,0.857820
2014-12-22,14.3688,14.5546,14.3517,14.4316,11764819,0.005368,50.511736,0.094357,14.562226,14.112128,0.012765,0.858522
2014-12-23,14.3777,14.5231,14.3301,14.5222,6732102,0.006276,52.977055,0.087694,14.560500,14.130386,0.012691,0.862515
2014-12-24,14.5692,14.5692,14.1107,14.2532,9389330,-0.018517,45.698065,0.060023,14.546771,14.143345,0.013346,0.877469
2014-12-25,14.3051,14.3051,13.8730,14.0191,15567814,-0.016428,40.482124,0.018980,14.516047,14.157313,0.013633,0.880788
2014-12-26,14.0187,14.0187,13.7170,13.8114,20655780,-0.014811,36.503345,-0.029956,14.471669,14.167478,0.013828,0.883844
2014-12-29,13.8446,13.8446,13.5675,13.5819,7918177,-0.016618,32.679951,-0.086263,14.414741,14.175593,0.014108,0.880917
2014-12-30,13.6372,13.7734,13.5460,13.6169,9172942,0.002577,33.818302,-0.126604,14.351070,14.179394,0.013728,0.878975
2014-12-31,13.6580,13.6580,13.1927,13.2660,7416414,-0.025774,28.596280,-0.184764,14.277550,14.170572,0.014494,0.887069
2015-01-01,13.3426,13.5387,13.3426,13.4460,12086619,0.013574,34.209606,-0.213861,14.228603,14.168275,0.014556,0.884145
2015-01-02,13.4606,13.5362,13.3196,13.4843,5916322,0.002846,35.372166,-0.231168,14.175549,14.167664,0.014373,0.882158
2015-01-05,13.4767,13.4767,13.3964,13.4176,13839849,-0.004946,34.236409,-0.247414,14.124117,14.168250,0.014358,0.880450
2015-01-06,13.3725,13.3725,13.1101,13.2156,8402394,-0.015058,30.990291,-0.273440,14.061898,14.167240,0.014537,0.876149
2015-01-07,13.2233,13.2233,13.0056,13.0392,15703260,-0.013346,28.454029,-0.304785,14.003970,14.162850,0.014336,0.878570
2015-01-08,13.0034,13.3020,13.0034,13.2016,8597237,0.012457,33.825210,-0.312912,13.955497,14.161663,0.014806,0.875264
2015-01-09,13.1520,13.1520,12.6556,12.7945,11288226,-0.030835,28.126190,-0.348187,13.859986,14.144600,0.012551,0.886777
2015-01-12,12.7863,12.8969,12.7863,12.8965,7010413,0.007971,31.251467,-0.363720,13.765656,14.130885,0.012699,0.882139
2015-01-13,13.0006,13.0006,12.5113,12.6849,13027601,-0.016413,28.483308,-0.388630,13.663928,14.107493,0.012865,0.883319
2015-01-14,12.6658,12.9942,12.6658,12.8353,11503607,0.011859,33.023699,-0.391718,13.569752,14.086201,0.013480,0.879983
2015-01-15,12.8363,12.8363,12.7124,12.7478,9971328,-0.006818,31.760442,-0.396654,13.481008,14.060057,0.013391,0.879543
2015-01-16,12.7779,12.7779,12.7013,12.7428,6247730,-0.000391,31.686077,-0.396398,13.400421,14.034260,0.013398,0.880749
2015-01-19,12.6551,12.9502,12.6551,12.7976,14348845,0.004304,33.529855,-0.387306,13.318724,14.009968,0.013353,0.880125
2015-01-20,12.7864,13.1178,12.7864,13.0303,11032236,0.018184,40.827895,-0.357205,13.244133,13.991353,0.014165,0.883769
2015-01-21,12.9292,13.1321,12.9292,13.0671,12628465,0.002818,41.911514,-0.326621,13.184825,13.977308,0.013920,0.887354
2015-01-22,13.0862,13.3097,13.0862,13.2083,6749009,0.010811,46.008367,-0.287669,13.144287,13.960296,0.013997,0.886599
2015-01-23,13.2048,13.2048,13.0664,13.0747,11208220,-0.010121,42.923313,-0.264536,13.107447,13.936745,0.013825,0.881557
2015-01-26,13.0605,13.4058,13.0605,13.3603,11898446,0.021848,50.553472,-0.220610,13.096366,13.918057,0.014441,0.883177
2015-01-27,13.4345,13.4345,13.0951,13.2204,9990427,-0.010474,47.223007,-0.194844,13.076538,13.893598,0.014578,0.883253
2015-01-28,13.2425,13.2425,13.1303,13.1561,9815756,-0.004858,45.733758,-0.177560,13.071047,13.863447,0.013441,0.883441
2015-01-29,13.1773,13.2919,13.1758,13.2364,8348587,0.006104,47.944138,-0.155589,13.060567,13.837862,0.013135,0.880505
2015-01-30,13.2529,13.2529,12.9341,12.9344,22250668,-0.022823,41.153087,-0.160701,13.033069,13.806768,0.013996,0.884038
2015-02-02,12.9758,13.1205,12.9758,12.9932,8511445,0.004553,42.852325,-0.158177,13.011851,13.778005,0.014051,0.884354
2015-02-03,12.9633,13.2748,12.9633,13.2332,9156159,0.018466,49.278976,-0.135257,13.012731,13.751535,0.014347,0.885964
2015-02-04,13.2143,13.2573,13.2143,13.2416,12850008,0.000634,49.492849,-0.115090,13.022850,13.725809,0.013990,0.885129
2015-02-05,13.2650,13.2650,13.0691,13.0843,9623164,-0.011879,45.609532,-0.110525,13.016982,13.694824,0.013987,0.890245
2015-02-06,13.0700,13.1524,12.9592,13.0443,10521716,-0.003053,44.651384,-0.108875,13.029471,13.661730,0.012045,0.889918
2015-02-09,13.1283,13.3860,13.1283,13.2378,10855982,0.014832,50.117486,-0.090908,13.046535,13.632076,0.012347,0.890846
2015-02-10,13.2415,13.2415,12.8986,12.9594,13792470,-0.021029,43.466067,-0.098002,13.060262,13.593457,0.012734,0.895543
2015-02-11,12.9209,12.9209,12.7820,12.8469,13957254,-0.008679,41.093128,-0.111416,13.060845,13.555669,0.012653,0.892586
2015-02-12,12.8654,13.0904,12.8654,13.0308,6846029,0.014314,46.258876,-0.105986,13.074998,13.527786,0.012922,0.896325
2015-02-13,12.9557,13.0755,12.9557,13.0400,12398197,0.000706,46.511548,-0.099791,13.089860,13.497679,0.012917,0.898306
2015-02-16,13.0476,13.1209,13.0023,13.0640,14525996,0.001842,47.209435,-0.091884,13.103180,13.470035,0.012898,0.897932
2015-02-17,13.1228,13.4781,13.1228,13.4433,13313306,0.029032,56.796641,-0.054386,13.123829,13.449702,0.013847,0.905634
2015-02-18,13.3964,13.6278,13.3964,13.5932,9674636,0.011146,59.895469,-0.012434,13.150134,13.437611,0.014008,0.906296
2015-02-19,13.6609,13.8254,13.6609,13.7765,10587567,0.013484,63.357556,0.035198,13.178541,13.429718,0.014109,0.913063
2015-02-20,13.8260,14.2852,13.8260,14.2479,20046900,0.034225,70.429412,0.109726,13.237205,13.420582,0.015487,0.921558
2015-02-23,14.2810,14.3771,14.1987,14.2507,8636752,0.000191,70.464828,0.167084,13.281724,13.409933,0.014952,0.921768
2015-02-24,14.2658,14.2658,14.0899,14.1460,7920059,-0.007344,67.133462,0.201770,13.328006,13.398465,0.014816,0.921593
2015-02-25,14.1720,14.3841,14.1720,14.2209,9853769,0.005291,68.288057,0.232617,13.381241,13.388506,0.014688,0.928720
2015-02-26,14.1632,14.5914,14.1632,14.3704,13210544,0.010515,70.516645,0.266062,13.437938,13.385460,0.014754,0.926000
2015-02-27,14.3958,14.3958,14.1131,14.1465,10883085,-0.015580,63.339173,0.271373,13.498545,13.381299,0.014131,0.922361
2015-03-02,14.1193,14.1193,13.8988,13.9339,9041673,-0.015027,57.368536,0.255483,13.545579,13.371346,0.014796,0.926065
2015-03-03,13.9114,14.2974,13.9114,14.2352,15514434,0.021622,62.730612,0.264156,13.595680,13.365607,0.014979,0.927217
2015-03-04,14.2998,14.3434,14.2337,14.2830,12469339,0.003358,63.514807,0.271755,13.647752,13.366202,0.014961,0.925833
2015-03-05,14.3798,14.3798,14.0149,14.1199,9357607,-0.011418,58.957385,0.261602,13.699535,13.368219,0.014936,0.926243
2015-03-06,14.1288,14.4276,14.1288,14.3316,10619006,0.014995,62.699420,0.267555,13.763901,13.378622,0.015037,0.926062
2015-03-09,14.3347,14.3347,14.1434,14.2729,9649719,-0.004099,61.036668,0.264485,13.815656,13.392442,0.014970,0.926440
2015-03-10,14.3085,14.3085,14.2040,14.2047,17337180,-0.004779,59.077369,0.253623,13.877919,13.404197,0.013953,0.928521
2015-03-11,14.1848,14.3971,14.1848,14.2738,14423021,0.004867,60.462613,0.247739,13.949263,13.424354,0.013594,0.929174
2015-03-12,14.2752,14.2752,14.1023,14.1277,18157164,-0.010235,56.138367,0.228651,14.004108,13.437988,0.013850,0.932715
2015-03-13,14.1122,14.3600,14.1122,14.2730,10102644,0.010283,59.258937,0.222680,14.065757,13.453762,0.013890,0.937633
2015-03-16,14.3463,14.6957,14.3463,14.6053,13200675,0.023282,65.334338,0.241973,14.142821,13.477516,0.014480,0.940459
2015-03-17,14.5732,14.8253,14.5732,14.7954,8635367,0.013011,68.250118,0.269491,14.210422,13.509112,0.013533,0.940256
2015-03-18,14.7656,14.7656,14.6218,14.6459,7719524,-0.010104,63.710090,0.276053,14.263057,13.541245,0.013846,0.936924
2015-03-19,14.6874,14.6874,14.3926,14.5283,5611288,-0.008024,60.313783,0.268674,14.300651,13.567780,0.013892,0.939680
2015-03-20,14.5707,14.5744,14.3735,14.4417,9420514,-0.005966,57.863629,0.252917,14.310337,13.600722,0.011857,0.938640
2015-03-23,14.2962,14.3974,14.2962,14.3055,7161494,-0.009430,54.141934,0.226826,14.313077,13.628901,0.012074,0.936791
2015-03-24,14.3357,14.3357,14.1084,14.2020,8053728,-0.007234,51.434577,0.195543,14.315876,13.659244,0.012070,0.936436
2015-03-25,14.2742,14.3251,14.2742,14.3221,16769163,0.008456,54.290931,0.178385,14.320937,13.688980,0.012160,0.932186
2015-03-26,14.4814,14.4814,13.9534,13.9756,14107109,-0.024194,45.902353,0.135268,14.301197,13.713536,0.013086,0.935288
2015-03-27,13.9944,14.1906,13.9944,14.1777,18595334,0.014461,50.688291,0.116068,14.302756,13.742233,0.013086,0.938145
2015-03-30,14.0906,14.1637,14.0423,14.1248,18451224,-0.003733,49.454488,0.095481,14.312298,13.768776,0.012630,0.938524
2015-03-31,14.1279,14.2747,14.1279,14.1974,8888366,0.005145,51.210513,0.084060,14.310410,13.792117,0.011701,0.945405
2015-04-01,14.2777,14.2777,13.9993,14.0307,7075182,-0.011746,47.161239,0.060851,14.297793,13.811389,0.011953,0.945378
2015-04-02,13.9478,14.1884,13.8893,14.0612,8269410,0.002175,47.971979,0.044409,14.294857,13.828446,0.011702,0.934523
2015-04-03,14.0511,14.2709,14.0464,14.2079,7855649,0.010431,51.800097,0.042721,14.288668,13.851111,0.011433,0.926418
2015-04-06,14.2401,14.4183,14.2401,14.3769,13960847,0.011897,55.833121,0.054395,14.293867,13.871442,0.011715,0.934120
2015-04-07,14.3333,14.3333,14.1100,14.1530,9692804,-0.015570,49.880686,0.045065,14.291285,13.890095,0.012205,0.934248
2015-04-08,14.0626,14.2028,14.0626,14.1450,10325748,-0.000571,49.674797,0.036597,14.284841,13.909872,0.012149,0.927356
2015-04-09,14.1705,14.2011,14.1534,14.1764,14152334,0.002225,50.531397,0.032057,14.287277,13.928672,0.011935,0.926359
2015-04-10,14.2374,14.2374,13.7961,13.8380,10538567,-0.023876,42.211420,0.001133,14.265524,13.946744,0.012832,0.931111
2015-04-13,13.7955,14.1035,13.7955,13.9089,13981941,0.005124,44.281076,-0.017452,14.230701,13.965056,0.011569,0.930211
2015-04-14,13.8522,14.0501,13.8522,13.9824,9453399,0.005286,46.423837,-0.025948,14.190052,13.980040,0.011150,0.929290
2015-04-15,13.9478,13.9478,13.8220,13.8996,6214013,-0.005918,44.356358,-0.038911,14.152742,13.993202,0.011044,0.922025
2015-04-16,13.8926,14.2124,13.8926,14.0509,15885569,0.010880,48.840519,-0.036559,14.128868,14.012534,0.011355,0.920116
2015-04-17,14.0722,14.2399,14.0722,14.2166,13837379,0.011793,53.282796,-0.021081,14.117613,14.035979,0.011686,0.919298
2015-04-20,14.1262,14.7026,14.1262,14.4413,9497007,0.015806,58.540222,0.009210,14.124403,14.060049,0.012053,0.920182
2015-04-21,14.4863,14.7636,14.4863,14.6892,13495656,0.017165,63.429573,0.052612,14.148761,14.094643,0.012452,0.920821
2015-04-22,14.6221,14.6221,14.1784,14.2334,6541357,-0.031028,51.421753,0.049658,14.144326,14.122372,0.014325,0.928342
2015-04-23,14.2560,14.2560,14.1775,14.2205,15056322,-0.000908,51.126218,0.045747,14.156570,14.146164,0.013173,0.929762
2015-04-24,14.2434,14.2434,14.1180,14.1379,10830609,-0.005806,49.181479,0.035576,14.154580,14.168122,0.012855,0.926344
2015-04-27,14.0544,14.0544,13.8076,13.8858,12343283,-0.017829,43.714278,0.007093,14.142634,14.184557,0.013440,0.928768
2015-04-28,13.7962,13.9101,13.7878,13.8840,10946584,-0.000128,43.677310,-0.015445,14.126964,14.193371,0.013369,0.929116
2015-04-29,13.8838,14.0905,13.8838,14.0586,4705892,0.012573,48.290193,-0.019002,14.128361,14.202680,0.013449,0.930233
2015-04-30,14.0073,14.0073,13.9171,13.9329,7403848,-0.008942,45.406140,-0.031601,14.121947,14.205809,0.013591,0.931175
2015-05-01,13.9887,14.1052,13.9887,14.0226,14314205,0.006441,47.802851,-0.033952,14.112686,14.201303,0.013453,0.931054
2015-05-04,13.9838,14.0599,13.9838,14.0075,7785380,-0.001081,47.424313,-0.036616,14.094216,14.196439,0.013129,0.927241
2015-05-05,14.0083,14.0083,13.8196,13.9188,12200746,-0.006335,45.168466,-0.045364,14.082502,14.191894,0.012755,0.923854
2015-05-06,13.8297,14.2392,13.8297,14.2343,7421005,0.022672,53.618072,-0.026528,14.086970,14.192163,0.013790,0.925614
2015-05-07,14.3032,14.3032,13.9271,13.9719,7018050,-0.018432,47.116854,-0.032398,14.076745,14.184194,0.014406,0.920603
2015-05-08,14.0106,14.0106,13.8404,13.8979,7874692,-0.005300,45.442142,-0.042535,14.079743,14.179222,0.013391,0.915513
2015-05-11,13.8596,13.8596,13.4816,13.5044,11926724,-0.028312,37.761660,-0.081381,14.059521,14.170633,0.014773,0.920536
2015-05-12,13.5189,13.8413,13.5189,13.7581,17180378,0.018783,44.297744,-0.090653,14.048305,14.161090,0.015389,0.919272
2015-05-13,13.7041,14.0198,13.7041,13.8300,10010149,0.005225,46.027733,-0.091150,14.044822,14.152030,0.015391,0.920453
2015-05-14,13.8169,13.9484,13.8169,13.9018,14260500,0.005192,47.772609,-0.084772,14.037368,14.147667,0.015229,0.918287
2015-05-15,13.8229,14.0892,13.8229,14.0124,6616899,0.007957,50.431061,-0.069984,14.027159,14.141282,0.015090,0.908881
2015-05-18,13.9827,13.9827,13.8388,13.8855,8766350,-0.009055,47.447633,-0.067723,13.999371,14.133535,0.014685,0.907255
2015-05-19,13.9065,14.1813,13.9065,14.0645,9846770,0.012887,51.779968,-0.050906,13.968136,14.130730,0.014422,0.908681
2015-05-20,14.0350,14.0350,13.9087,13.9221,7984736,-0.010125,48.363080,-0.048509,13.952570,14.123695,0.012889,0.907500
2015-05-21,13.8815,13.9642,13.8815,13.9125,10025436,-0.000685,48.133951,-0.046839,13.937173,14.119390,0.012889,0.908261
2015-05-22,13.9699,13.9699,13.8575,13.8768,5978417,-0.002567,47.231795,-0.047846,13.924119,14.111466,0.012846,0.910043
2015-05-25,13.8276,13.8276,13.5914,13.6719,5683417,-0.014768,42.328673,-0.064436,13.913422,14.092797,0.012650,0.907016
2015-05-26,13.6408,13.8105,13.6408,13.7751,11289587,0.007549,45.402633,-0.068468,13.907974,14.072392,0.012784,0.903426
2015-05-27,13.7739,13.9967,13.7739,13.8639,10676332,0.006445,47.971774,-0.063763,13.898237,14.056752,0.012530,0.902793
2015-05-28,13.8778,13.8879,13.8190,13.8816,10322430,0.001277,48.492299,-0.057939,13.895671,14.043817,0.012380,0.899989
2015-05-29,13.8114,14.0540,13.8114,13.9528,15463426,0.005134,50.633438,-0.047029,13.892181,14.034040,0.012347,0.897213
2015-06-01,13.9723,14.2294,13.9353,14.1871,11659386,0.016792,56.966253,-0.019256,13.901163,14.031673,0.012912,0.892798
2015-06-02,14.1906,14.2154,14.0343,14.1063,9738513,-0.005698,54.374401,-0.003726,13.910540,14.029760,0.012895,0.893057
2015-06-03,14.0671,14.5604,14.0671,14.4657,9725261,0.025479,62.535805,0.037155,13.922110,14.032632,0.013159,0.900324
2015-06-04,14.4843,14.4843,14.1480,14.1570,11880989,-0.021337,53.658728,0.044138,13.931365,14.036262,0.013397,0.904477
2015-06-05,14.1503,14.3488,14.1503,14.3227,14187576,0.011700,57.172121,0.062319,13.952604,14.039162,0.013532,0.906980
2015-06-08,14.3477,14.5602,14.3477,14.5399,15415380,0.015168,61.314928,0.093184,14.004379,14.047465,0.011864,0.904100
2015-06-09,14.5281,14.5281,14.2770,14.3782,11433149,-0.011126,56.901061,0.103400,14.035383,14.051080,0.011757,0.907471
2015-06-10,14.4164,14.9422,14.4164,14.8976,8359235,0.036130,65.491696,0.151665,14.088767,14.068419,0.013985,0.913430
2015-06-11,14.9307,15.0640,14.8788,14.9714,10031682,0.004951,66.512384,0.193635,14.142248,14.086624,0.013984,0.911293
2015-06-12,14.9051,15.1955,14.8916,15.0418,5738388,0.004699,67.499744,0.229923,14.193716,14.103302,0.013952,0.909334
2015-06-15,15.0720,15.2566,15.0720,15.1906,7711624,0.009895,69.545654,0.267608,14.258971,14.119576,0.013685,0.905870
2015-06-16,15.1819,15.1975,15.1015,15.1926,9104591,0.000130,69.573117,0.294241,14.315377,14.140367,0.013575,0.905192
2015-06-17,15.0988,15.1005,14.9229,15.0050,8905044,-0.012346,63.716368,0.296792,14.369525,14.157568,0.013705,0.901707
2015-06-18,14.9676,14.9887,14.7707,14.9886,7852979,-0.001096,63.213701,0.294095,14.423328,14.173811,0.013712,0.894947
2015-06-19,14.9302,15.0504,14.9302,14.9989,6235164,0.000690,63.409180,0.289456,14.479433,14.197030,0.013651,0.883038
2015-06-22,14.9603,15.0394,14.8711,14.9809,10106307,-0.001198,62.785059,0.281090,14.544886,14.218471,0.012992,0.882527
2015-06-23,14.9074,14.9074,14.7369,14.7882,17044472,-0.012867,56.375223,0.255955,14.595540,14.234587,0.013543,0.884519
2015-06-24,14.8436,14.9579,14.8189,14.8639,7661900,0.005122,58.181957,0.239388,14.645543,14.253873,0.013532,0.882332
2015-06-25,14.8177,15.0628,14.8177,15.0134,12449710,0.010055,61.564427,0.235602,14.702134,14.273123,0.013596,0.891004
2015-06-26,14.9433,15.2591,14.9433,15.2527,19575221,0.015939,66.268687,0.249041,14.767125,14.293845,0.013855,0.888391
2015-06-29,15.1922,15.5112,15.1922,15.4647,6935546,0.013904,69.796771,0.273648,14.831006,14.314315,0.013735,0.887134
2015-06-30,15.4788,15.4788,15.3503,15.4015,9249270,-0.004088,67.529058,0.284766,14.895767,14.328562,0.013677,0.884231
2015-07-01,15.3423,15.3423,15.0346,15.0598,13000848,-0.022186,56.789930,0.262973,14.925473,14.345091,0.013977,0.888973
2015-07-02,14.9824,15.0306,14.9414,14.9719,10514522,-0.005838,54.392919,0.235888,14.966216,14.360120,0.013005,0.888557
2015-07-03,15.0804,15.0804,14.7259,14.7281,9222033,-0.016287,48.303536,0.192528,14.986485,14.371923,0.013502,0.886068
2015-07-06,14.7352,14.8929,14.7352,14.8903,5693568,0.011017,52.142991,0.169306,15.004004,14.392013,0.013311,0.884769
2015-07-07,14.8413,14.8413,14.7565,14.7649,12274064,-0.008420,49.108106,0.139181,15.023343,14.409631,0.013192,0.882961
2015-07-08,14.7730,14.8552,14.6620,14.7270,15891818,-0.002571,48.193375,0.110964,15.014810,14.422999,0.010367,0.889959
2015-07-09,14.6351,14.6351,14.0994,14.3528,12636959,-0.025410,40.237639,0.057741,14.983878,14.431396,0.011665,0.897366
2015-07-10,14.3819,14.3819,14.1044,14.2556,9501364,-0.006773,38.461334,0.007629,14.944568,14.436054,0.011597,0.897902
2015-07-13,14.2409,14.6755,14.2409,14.4738,21405811,0.015313,44.397215,-0.014306,14.908730,14.445382,0.011963,0.897292
2015-07-14,14.4852,14.4852,14.2240,14.3103,8798765,-0.011302,41.190902,-0.044377,14.864614,14.453212,0.012110,0.895497
2015-07-15,14.2562,14.4608,14.2562,14.4286,14911692,0.008266,44.322205,-0.057995,14.835792,14.457097,0.012143,0.884333
2015-07-16,14.4134,14.4134,13.8534,14.0572,18239075,-0.025739,37.560265,-0.097630,14.789222,14.458801,0.013257,0.887048
2015-07-17,14.0643,14.2809,14.0643,14.1939,9234450,0.009729,41.122461,-0.116660,14.748974,14.464722,0.013545,0.886434
2015-07-20,14.1365,14.1514,14.1006,14.1383,7111991,-0.003918,40.120115,-0.134677,14.706843,14.477400,0.013543,0.882805
2015-07-21,14.1994,14.5668,14.1994,14.3200,11055937,0.012851,44.849884,-0.132764,14.683435,14.488639,0.013757,0.879259
2015-07-22,14.3219,14.7254,14.3219,14.6335,9984343,0.021895,51.909016,-0.104741,14.671916,14.504710,0.014664,0.882145
2015-07-23,14.6661,15.0794,14.6661,14.9535,13519368,0.021868,57.840377,-0.056065,14.668924,14.525746,0.015341,0.885201
2015-07-24,14.9010,15.1295,14.9010,15.0603,10961954,0.007137,59.628648,-0.008777,14.659303,14.546703,0.014979,0.879762
2015-07-27,15.1181,15.1181,14.7222,14.8955,10910536,-0.010942,55.699606,0.015226,14.630839,14.566902,0.014748,0.885097
2015-07-28,14.9060,14.9060,14.6746,14.7529,18024870,-0.009571,52.478192,0.022486,14.598409,14.580671,0.014844,0.884444
2015-07-29,14.7420,14.9756,14.7420,14.9120,18825699,0.010784,55.566809,0.040610,14.591018,14.600470,0.014310,0.880691
2015-07-30,14.8855,15.1299,14.8855,14.9834,15775208,0.004787,56.919818,0.060042,14.591593,14.621888,0.014295,0.881780
2015-07-31,15.0260,15.0260,14.7712,14.8276,5286133,-0.010400,53.117786,0.062151,14.596569,14.640903,0.013997,0.886715
2015-08-03,14.7930,15.2421,14.7930,15.1185,13116332,0.019617,58.667826,0.086299,14.607975,14.669835,0.014463,0.882576
2015-08-04,15.0690,15.2931,15.0690,15.2746,7891484,0.010325,61.314538,0.116688,14.633456,14.699824,0.014438,0.872608
2015-08-05,15.2766,15.5874,15.2766,15.5682,12264099,0.019226,65.757117,0.162594,14.675518,14.733911,0.014906,0.874133
2015-08-06,15.5128,15.6417,15.4049,15.5572,10470812,-0.000710,65.452511,0.195825,14.735738,14.767423,0.013383,0.876697
2015-08-07,15.6475,15.9464,15.6475,15.9413,10775961,0.024690,70.557567,0.250270,14.820024,14.807192,0.013875,0.881476
2015-08-10,15.9845,16.1955,15.9642,16.0709,7441951,0.008129,72.057761,0.300412,14.899875,14.844866,0.013705,0.881633
2015-08-11,15.9731,16.3442,15.9731,16.2029,18052513,0.008213,73.536800,0.346803,14.994504,14.886797,0.013141,0.880362
2015-08-12,16.2131,16.2131,15.9850,16.0344,5558829,-0.010397,68.549661,0.365758,15.074796,14.918171,0.013648,0.882452
2015-08-13,16.0004,16.2454,15.9152,16.0472,11906576,0.000799,68.723439,0.377464,15.174298,14.955975,0.011600,0.876982
2015-08-14,16.0840,16.1679,15.9774,16.0383,11418901,-0.000558,68.439052,0.381619,15.266514,14.990286,0.011686,0.875335
2015-08-17,16.0176,16.2213,16.0176,16.1135,6320089,0.004692,69.578924,0.386528,15.365273,15.021758,0.011451,0.873292
2015-08-18,16.1249,16.1533,16.0881,16.1392,8071712,0.001596,69.977903,0.388020,15.456233,15.056979,0.011405,0.872954
2015-08-19,16.1605,16.1605,15.8195,15.9602,9568864,-0.011095,63.710680,0.370484,15.522564,15.078229,0.011379,0.875546
2015-08-20,15.9449,15.9727,15.7927,15.8107,14117169,-0.009367,58.962652,0.340597,15.565420,15.095014,0.010994,0.877984
2015-08-21,15.8996,15.8996,15.5540,15.5822,7895877,-0.014452,52.520051,0.295071,15.591514,15.105822,0.011594,0.882453
2015-08-24,15.6833,15.6833,15.2524,15.3459,9733042,-0.015161,46.823625,0.237196,15.614037,15.108929,0.011873,0.888952
2015-08-25,15.2661,15.3632,15.1041,15.2474,7615702,-0.006420,44.648632,0.181289,15.638762,15.110025,0.011738,0.886064
2015-08-26,15.2503,15.5412,15.2503,15.4192,10284603,0.011265,49.088492,0.149123,15.664119,15.118308,0.011758,0.880431
2015-08-27,15.4211,15.4211,15.2923,15.3391,8790854,-0.005190,47.189289,0.115838,15.681906,15.125319,0.011833,0.874336
2015-08-28,15.2778,15.2778,14.8772,14.9283,24083959,-0.026784,38.873770,0.055667,15.686942,15.123907,0.013172,0.882322
2015-08-31,14.9249,14.9575,14.9171,14.9285,9333879,0.000011,38.878473,0.007903,15.677442,15.122857,0.012374,0.879555
2015-09-01,14.9075,15.1812,14.9075,15.0916,11511688,0.010929,43.466442,-0.016593,15.668295,15.128926,0.012403,0.870775
2015-09-02,15.0443,15.5666,15.0443,15.5586,9461680,0.030943,54.088703,0.001655,15.667814,15.142820,0.013603,0.870610
2015-09-03,15.5981,15.5981,15.1191,15.1632,11563286,-0.025412,46.177529,-0.015607,15.648116,15.145816,0.014750,0.875022
2015-09-04,15.1211,15.1751,14.8072,15.0639,11495392,-0.006552,44.419372,-0.036879,15.604246,15.142040,0.013464,0.876862
2015-09-07,15.0648,15.2425,15.0648,15.2280,7185213,0.010894,47.944988,-0.040033,15.562101,15.137305,0.013595,0.878989
2015-09-08,15.2880,15.3385,15.2219,15.3278,10746656,0.006557,50.022306,-0.034082,15.518350,15.135831,0.013531,0.879626
2015-09-09,15.2682,15.4998,15.2682,15.4358,16201788,0.007042,52.240852,-0.020422,15.488418,15.143349,0.013570,0.883673
2015-09-10,15.3416,15.5882,15.3416,15.5464,9250195,0.007167,54.471703,-0.000661,15.463377,15.154839,0.013708,0.883935
2015-09-11,15.5599,15.6492,15.4780,15.5596,7122663,0.000851,54.743798,0.015883,15.439445,15.171470,0.013717,0.895071
2015-09-14,15.5937,15.7180,15.5937,15.6970,11601093,0.008829,57.580505,0.039623,15.418619,15.187604,0.013845,0.896412
2015-09-15,15.7944,15.7944,15.1686,15.4797,6728971,-0.013840,52.027043,0.040441,15.385646,15.201900,0.014107,0.895703
2015-09-16,15.5124,15.7574,15.5124,15.6786,13256670,0.012844,56.191427,0.056482,15.371567,15.220932,0.014308,0.897634
2015-09-17,15.5773,15.5773,15.3492,15.4309,12050161,-0.015797,50.330323,0.048649,15.352579,15.242494,0.014581,0.899395
2015-09-18,15.4860,15.6629,15.4860,15.6250,9790477,0.012579,54.349181,0.057441,15.354721,15.269884,0.014532,0.898297
2015-09-21,15.6896,15.7111,15.5183,15.6178,8648518,-0.000460,54.174558,0.063103,15.368316,15.292763,0.014077,0.897420
2015-09-22,15.5638,15.6281,15.5638,15.6199,10102817,0.000134,54.220836,0.066986,15.386942,15.318956,0.013971,0.895334
2015-09-23,15.5494,15.8255,15.5494,15.6709,10177440,0.003264,55.399552,0.073332,15.399529,15.343803,0.013784,0.898647
2015-09-24,15.6933,15.7063,15.5769,15.6367,12883258,-0.002180,54.389096,0.074744,15.414410,15.375394,0.013731,0.897923
2015-09-25,15.6301,15.6301,15.4155,15.4332,13029278,-0.013020,48.688446,0.058757,15.439653,15.400179,0.012557,0.896483
2015-09-28,15.5528,15.5528,15.0986,15.1824,24304497,-0.016249,42.745267,0.025557,15.452349,15.421060,0.013185,0.892294
2015-09-29,15.1437,15.1437,14.8791,14.9370,6462506,-0.016160,37.874296,-0.020318,15.444619,15.433400,0.013492,0.896627
2015-09-30,14.9309,14.9332,14.8764,14.8964,6473717,-0.002722,37.119457,-0.059271,15.411508,15.438657,0.011292,0.894397
2015-10-01,14.8153,14.8153,14.6544,14.6747,11907195,-0.014880,33.230849,-0.106797,15.387083,15.433080,0.010355,0.891124
2015-10-02,14.7467,14.8166,14.6571,14.7273,6470170,0.003587,34.972951,-0.138616,15.370257,15.426421,0.010348,0.892091
2015-10-05,14.7074,14.7074,14.4519,14.5758,11221278,-0.010293,32.354833,-0.174058,15.337646,15.420027,0.010140,0.890848
2015-10-06,14.4784,14.5811,14.4784,14.5034,9397749,-0.004965,31.155690,-0.205616,15.296425,15.415037,0.009945,0.890478
2015-10-07,14.4776,14.4776,14.3837,14.4181,13812533,-0.005881,29.755868,-0.234802,15.245542,15.405159,0.009695,0.891102
2015-10-08,14.4402,14.7558,14.4402,14.6924,10080069,0.019025,39.214204,-0.233111,15.202842,15.399339,0.010685,0.892985
2015-10-09,14.7004,14.7590,14.7004,14.7385,11531307,0.003139,40.660922,-0.225450,15.161787,15.397558,0.010737,0.894559
2015-10-12,14.6993,14.8358,14.5614,14.7453,10634105,0.000459,40.883005,-0.216340,15.114201,15.390094,0.010425,0.894464
2015-10-13,14.7564,14.8268,14.7113,14.7821,8846052,0.002500,42.154448,-0.203797,15.079320,15.380246,0.010174,0.897238
2015-10-14,14.7270,14.7270,14.3819,14.3962,12582658,-0.026107,33.927614,-0.222432,15.015203,15.356806,0.010838,0.900271
2015-10-15,14.3167,14.5195,14.3167,14.3994,14169342,0.000224,34.043208,-0.234240,14.963630,15.333651,0.010523,0.895667
2015-10-16,14.3450,14.9117,14.3450,14.7598,11655898,0.025027,45.534892,-0.212075,14.920370,15.310022,0.011808,0.908483
2015-10-19,14.7677,14.9096,14.7677,14.9066,8744708,0.009942,49.400950,-0.180585,14.884807,15.286736,0.012140,0.905576
2015-10-20,14.9285,14.9285,14.7264,14.7792,13914603,-0.008547,46.326505,-0.164019,14.842769,15.258262,0.012205,0.902241
2015-10-21,14.8430,15.0725,14.8430,14.9476,7086007,0.011396,50.694945,-0.135735,14.806603,15.236526,0.012544,0.902282
2015-10-22,14.9607,15.0287,14.9607,14.9875,15088287,0.002668,51.697277,-0.108848,14.774139,15.215331,0.012593,0.900773
2015-10-23,14.8978,14.9242,14.5447,14.7515,7092865,-0.015741,45.768799,-0.105362,14.740059,15.189597,0.012732,0.902755
2015-10-26,14.6978,14.6978,14.5805,14.6224,8483377,-0.008758,42.869627,-0.111735,14.712058,15.159774,0.012402,0.895343
2015-10-27,14.5659,14.8158,14.5659,14.7094,14076813,0.005952,45.379840,-0.108512,14.700676,15.131177,0.012035,0.901413
2015-10-28,14.6831,14.8086,14.6531,14.7677,9048786,0.003962,47.057363,-0.100101,14.694241,15.107327,0.012069,0.891195
2015-10-29,14.6716,15.1462,14.6716,15.0868,12938762,0.021612,55.176116,-0.066911,14.714847,15.092851,0.012509,0.894847
2015-10-30,15.1520,15.2508,15.0058,15.1058,10012991,0.001259,55.612220,-0.038630,14.733770,15.083324,0.012499,0.886949
2015-11-02,15.1349,15.1349,14.7895,14.8452,7546703,-0.017255,48.619147,-0.036825,14.747240,15.073309,0.012930,0.889899
2015-11-03,14.9308,14.9308,14.7733,14.7854,7519058,-0.004027,47.154601,-0.039760,14.761340,15.064068,0.012909,0.884539
2015-11-04,14.8154,14.8154,14.1243,14.3149,9042525,-0.031822,37.563734,-0.079139,14.756179,15.041983,0.014805,0.894986
2015-11-05,14.3778,14.4159,14.2838,14.3963,7631128,0.005689,39.844325,-0.102594,14.741376,15.023127,0.014178,0.897137
2015-11-06,14.4304,14.4333,14.2899,14.3973,8017614,0.000067,39.872212,-0.119724,14.724314,15.012506,0.014148,0.899413
2015-11-09,14.4128,14.4128,14.1967,14.2945,16035980,-0.007141,37.848815,-0.139982,14.701774,14.999827,0.014207,0.901403
2015-11-10,14.3381,14.6792,14.3381,14.5981,10683517,0.021239,46.484656,-0.130041,14.692570,14.989955,0.015073,0.903025
2015-11-11,14.5736,14.7477,14.5736,14.7439,7042721,0.009993,50.074353,-0.109133,14.709955,14.973662,0.013969,0.902490
2015-11-12,14.7137,14.7137,14.6558,14.6943,11073863,-0.003368,48.872539,-0.095470,14.724697,14.964283,0.014006,0.902602
2015-11-13,14.7584,14.7584,14.2473,14.4161,13933817,-0.018931,42.691216,-0.105869,14.707511,14.951328,0.013495,0.903417
2015-11-16,14.4927,14.5999,14.4772,14.5779,10447123,0.011226,46.898930,-0.099900,14.691079,14.938327,0.013553,0.902803
2015-11-17,14.5695,14.7001,14.5695,14.6822,9588265,0.007153,49.473296,-0.085765,14.686231,14.925415,0.013549,0.907236
2015-11-18,14.6932,14.7581,14.6932,14.7472,7363207,0.004425,51.065148,-0.068531,14.676211,14.911643,0.013322,0.906474
2015-11-19,14.7715,14.9098,14.7121,14.8826,16489730,0.009180,54.296129,-0.043448,14.670967,14.898367,0.013484,0.908821
2015-11-20,14.8612,14.8612,14.6027,14.7379,13399361,-0.009724,50.460722,-0.034845,14.670282,14.881932,0.013184,0.903154
2015-11-23,14.6056,15.1486,14.6056,15.0810,12010417,0.023286,58.031706,-0.000331,14.693216,14.869612,0.013982,0.908626
2015-11-24,15.0123,15.0540,14.8490,14.9041,9164987,-0.011732,53.492654,0.012599,14.702952,14.858099,0.014252,0.915677
2015-11-25,14.9460,15.0861,14.8874,14.9868,9181547,0.005551,55.255174,0.029186,14.713910,14.844265,0.014275,0.908561
2015-11-26,15.0188,15.0188,14.4490,14.5340,13430981,-0.030216,45.166232,0.005725,14.686269,14.826327,0.014991,0.907936
2015-11-27,14.4906,14.5309,14.3942,14.4540,8681743,-0.005503,43.650290,-0.019102,14.653679,14.802907,0.014995,0.907697
2015-11-30,14.3471,14.8314,14.3471,14.7893,12786110,0.023193,51.064148,-0.011593,14.650883,14.786335,0.015560,0.915046
2015-12-01,14.8161,14.8161,14.5766,14.6676,12022563,-0.008224,48.567488,-0.015280,14.644995,14.767289,0.015644,0.912761
2015-12-02,14.6894,14.9031,14.6894,14.8917,8327210,0.015275,53.114910,-0.000123,14.673834,14.751705,0.014117,0.913382
2015-12-03,14.9326,15.1265,14.9326,15.0087,9738861,0.007857,55.335919,0.021088,14.704452,14.739143,0.014155,0.913804
2015-12-04,14.9385,14.9737,14.7991,14.8712,11334749,-0.009160,52.206717,0.026500,14.728148,14.727904,0.014376,0.910775
2015-12-07,14.9263,15.1707,14.9263,15.1360,12915951,0.017806,57.224387,0.051561,14.770224,14.726977,0.014646,0.913040
2015-12-08,15.1713,15.2272,15.0594,15.0621,8803169,-0.004884,55.473496,0.064711,14.793425,14.729478,0.014085,0.912891
2015-12-09,15.0153,15.0153,14.5954,14.6599,14229858,-0.026702,47.040121,0.042193,14.789222,14.724748,0.015282,0.914048
2015-12-10,14.6661,14.6661,14.4716,14.5681,12438499,-0.006263,45.345298,0.016745,14.782912,14.722615,0.015327,0.912348
2015-12-11,14.5217,14.7152,14.5217,14.7108,9526013,0.009797,48.454199,0.008002,14.797647,14.722284,0.014829,0.914586
2015-12-14,14.7952,14.7952,14.7193,14.7648,9464965,0.003673,49.622431,0.005370,14.806991,14.726065,0.014653,0.915237
2015-12-15,14.7604,14.7604,14.2662,14.3877,11306393,-0.025544,42.398604,-0.026839,14.792264,14.723750,0.015688,0.918156
2015-12-16,14.4062,14.4701,14.2230,14.3150,8899122,-0.005054,41.154762,-0.057568,14.770652,14.721688,0.015662,0.918159
2015-12-17,14.3536,14.3536,14.0879,14.3199,6268397,0.000346,41.281124,-0.080593,14.742519,14.714238,0.015472,0.917139
2015-12-18,14.4150,14.4150,14.0499,14.1514,10870617,-0.011764,38.270830,-0.111152,14.713199,14.702496,0.015533,0.913546
2015-12-21,14.1143,14.1143,14.0126,14.0241,17427117,-0.009000,36.125810,-0.143988,14.660352,14.688073,0.014414,0.919202
2015-12-22,14.0054,14.0054,13.8005,13.8534,12484803,-0.012170,33.422406,-0.181688,14.607817,14.669498,0.014428,0.917636
2015-12-23,13.8459,13.8459,13.7713,13.7774,16954348,-0.005485,32.264722,-0.215217,14.547345,14.657122,0.014271,0.920501
2015-12-24,13.7665,13.9562,13.7665,13.8969,5851680,0.008671,36.016813,-0.229504,14.515489,14.647071,0.013130,0.920120
2015-12-25,13.8971,14.1963,13.8971,14.1145,14783271,0.015662,42.289250,-0.220719,14.498515,14.634165,0.013687,0.922520
2015-12-28,14.1393,14.1393,13.9032,14.0232,13645420,-0.006472,40.494853,-0.218608,14.460212,14.616497,0.012469,0.920350
2015-12-29,14.0763,14.0764,14.0191,14.0457,10866885,0.001605,41.157135,-0.212668,14.429114,14.601827,0.012429,0.919093
2015-12-30,14.0054,14.1304,13.9780,14.0541,7976916,0.000601,41.420564,-0.204917,14.387237,14.583958,0.011765,0.918582
2015-12-31,14.0687,14.0687,13.8652,13.9324,7688986,-0.008661,38.728434,-0.206220,14.333423,14.562857,0.011553,0.916268
2016-01-01,13.9173,13.9173,13.5420,13.6919,7429766,-0.017260,34.023620,-0.224073,14.274460,14.541665,0.011894,0.917000
2016-01-04,13.6718,13.6718,13.4447,13.5826,7970601,-0.007987,32.112958,-0.244231,14.196788,14.520869,0.010741,0.917361
2016-01-05,13.5204,13.5204,13.2335,13.3451,12950823,-0.017483,28.385580,-0.276184,14.110940,14.493583,0.011077,0.913895
2016-01-06,13.3831,13.3831,13.1276,13.2433,12992162,-0.007632,26.941224,-0.306195,14.040108,14.463095,0.009964,0.908421
2016-01-07,13.2267,13.3624,13.2267,13.3350,12141158,0.006930,30.379280,-0.318897,13.978457,14.428059,0.010308,0.908285
2016-01-08,13.3312,13.5173,13.3312,13.4083,12482912,0.005496,33.087031,-0.319368,13.913334,14.394109,0.010038,0.900956
2016-01-11,13.3982,13.3982,13.1301,13.1726,9841692,-0.017579,29.159072,-0.334901,13.833724,14.360659,0.010242,0.905041
2016-01-12,13.0998,13.1157,13.0235,13.0451,9149407,-0.009677,27.273294,-0.353422,13.766599,14.325854,0.009178,0.904443
2016-01-13,13.0893,13.1429,13.0590,13.0861,6947488,0.003138,28.864097,-0.360641,13.705155,14.301278,0.009349,0.902618
2016-01-14,13.1500,13.1500,12.7861,12.8777,7570531,-0.015921,25.773647,-0.378806,13.633047,14.270906,0.009615,0.884246
2016-01-15,12.7843,12.9628,12.7843,12.9512,11929413,0.005708,28.675111,-0.382858,13.573036,14.241985,0.009784,0.883368
2016-01-18,12.9809,12.9809,12.5757,12.5888,7414222,-0.027987,23.745791,-0.410585,13.501270,14.207871,0.011091,0.888630
2016-01-19,12.5787,12.5787,12.3540,12.3679,9418219,-0.017546,21.338530,-0.445249,13.426995,14.163268,0.011328,0.890209
2016-01-20,12.2993,12.4931,12.2993,12.3797,9493704,0.000953,21.794172,-0.466394,13.357108,14.115983,0.011422,0.897544
2016-01-21,12.3753,12.4746,12.3753,12.4548,9668117,0.006072,24.786324,-0.471648,13.285006,14.071194,0.011269,0.891227
2016-01-22,12.5410,12.5410,12.0931,12.2660,7675054,-0.015165,22.461076,-0.485457,13.192578,14.028192,0.010303,0.888152
2016-01-25,12.2796,12.3597,12.2636,12.2650,8426430,-0.000079,22.449376,-0.490821,13.104669,13.981933,0.010417,0.886276
2016-01-26,12.3399,12.5307,12.3052,12.3972,14368096,0.010781,27.935379,-0.478882,13.022246,13.936233,0.010985,0.894315
2016-01-27,12.3114,12.3444,12.2250,12.3236,7850833,-0.005938,26.798753,-0.469944,12.935721,13.887762,0.010870,0.883331
2016-01-28,12.3363,12.5258,12.3363,12.3881,9466528,0.005232,29.504435,-0.452442,12.858505,13.837872,0.011164,0.887844
2016-01-29,12.3826,12.4614,12.3375,12.3513,15400324,-0.002967,28.849878,-0.436505,12.791475,13.790142,0.010844,0.886295
2016-02-01,12.4104,12.4104,12.2677,12.3027,10460747,-0.003937,27.965822,-0.422923,12.727483,13.734575,0.010825,0.885960
2016-02-02,12.3270,12.3270,12.0802,12.0817,12740032,-0.017964,24.318470,-0.425094,12.664312,13.678127,0.010855,0.886621
2016-02-03,12.0671,12.0671,11.8585,11.8916,12966168,-0.015734,21.697345,-0.437114,12.596729,13.616223,0.011110,0.879645
2016-02-04,11.8306,11.9739,11.8306,11.9580,6583360,0.005584,24.748846,-0.436252,12.527878,13.564703,0.011036,0.879660
2016-02-05,11.9968,11.9968,11.7874,11.8546,8979099,-0.008648,23.230713,-0.438854,12.450192,13.512715,0.010752,0.877575
2016-02-08,11.8852,11.8933,11.8154,11.8809,11177405,0.002221,24.500479,-0.433792,12.385607,13.454548,0.010548,0.872470
2016-02-09,11.8927,11.8927,11.5369,11.6340,17085368,-0.020784,20.993105,-0.444580,12.315050,13.393876,0.011081,0.873787
2016-02-10,11.5921,11.5921,11.4405,11.4863,11416736,-0.012699,19.220187,-0.459752,12.235059,13.325768,0.010985,0.873341
2016-02-11,11.4263,11.6066,11.4263,11.5334,12147019,0.004102,21.497147,-0.462641,12.167841,13.256262,0.010988,0.868924
2016-02-12,11.5024,11.5024,11.2992,11.3703,12219304,-0.014138,19.453589,-0.472640,12.088795,13.186244,0.010823,0.868850
2016-02-15,11.3642,11.4837,11.3202,11.3462,12509434,-0.002117,19.163992,-0.477007,12.026669,13.110449,0.009587,0.853239
2016-02-16,11.3007,11.5916,11.3007,11.5695,8369582,0.019676,29.628312,-0.457184,11.986749,13.040598,0.010610,0.847218
2016-02-17,11.5310,11.6718,11.5310,11.6370,8858839,0.005830,32.472733,-0.431061,11.949613,12.980139,0.010767,0.847337
2016-02-18,11.6588,11.8375,11.6588,11.7223,8156970,0.007330,35.995806,-0.398878,11.912984,12.923223,0.010827,0.843163
2016-02-19,11.7613,12.0545,11.7613,11.9868,11111955,0.022564,45.492475,-0.348018,11.899023,12.868742,0.011831,0.856198
2016-02-22,12.0792,12.0792,11.6214,11.7272,12146064,-0.021650,39.327025,-0.324906,11.872135,12.807991,0.012686,0.845354
2016-02-23,11.7196,11.8427,11.7054,11.7500,11391078,0.001944,40.095258,-0.301277,11.839777,12.755238,0.012362,0.846835
2016-02-24,11.7659,11.9328,11.6661,11.8654,8227488,0.009820,43.961957,-0.270126,11.816868,12.706248,0.012637,0.845469
2016-02-25,11.8090,12.2191,11.8090,12.0334,10199511,0.014156,49.111407,-0.229243,11.799134,12.660518,0.013050,0.851458
2016-02-26,12.0282,12.0282,11.9073,11.9431,8598119,-0.007506,46.630046,-0.201804,11.778721,12.616351,0.013118,0.850466
2016-02-29,11.8684,11.9199,11.8583,11.8977,5640188,-0.003798,45.389895,-0.181625,11.758472,12.573823,0.013117,0.841608
2016-03-01,11.9453,12.0462,11.8859,12.0129,7451109,0.009679,49.091902,-0.154559,11.755031,12.537013,0.012752,0.844305
2016-03-02,11.9883,12.0660,11.9720,12.0613,8645269,0.004032,50.608766,-0.127728,11.763517,12.502691,0.012241,0.838143
2016-03-03,12.0448,12.1105,12.0118,12.0637,5535989,0.000195,50.685409,-0.105064,11.768800,12.466027,0.012189,0.838487
2016-03-04,12.0932,12.1092,11.9271,11.9823,15713212,-0.006746,47.908507,-0.092601,11.775184,12.423382,0.012121,0.835208
2016-03-07,12.0056,12.0255,11.9713,11.9718,9143044,-0.000878,47.545772,-0.082621,11.779725,12.382354,0.012119,0.833049
2016-03-08,12.0558,12.1561,12.0558,12.1248,10908100,0.012783,53.106583,-0.061653,11.804265,12.343936,0.011322,0.824914
2016-03-09,12.0872,12.2400,12.0838,12.1236,16056165,-0.000097,53.059920,-0.044616,11.836133,12.305326,0.010792,0.824869
2016-03-10,12.0841,12.1474,12.0472,12.0596,13997226,-0.005281,50.466222,-0.035867,11.862444,12.267870,0.010933,0.826779
2016-03-11,11.9612,12.0926,11.9612,12.0387,9142853,-0.001735,49.612820,-0.030273,11.895862,12.234805,0.010285,0.829224
2016-03-14,12.0250,12.0250,11.7942,11.8046,13200570,-0.019439,41.216674,-0.044213,11.918782,12.199247,0.011399,0.825945
2016-03-15,11.7214,11.9205,11.7214,11.9068,11710536,0.008657,45.550155,-0.046479,11.935650,12.170482,0.010750,0.827990
2016-03-16,11.9494,12.3891,11.9494,12.3006,9384542,0.033068,58.304038,-0.016316,11.968831,12.151628,0.012849,0.854975
2016-03-17,12.2612,12.2612,12.0588,12.0603,8626699,-0.019535,50.526034,-0.011665,11.985733,12.126133,0.013731,0.858450
2016-03-18,12.0636,12.0975,12.0337,12.0735,9396571,0.001097,50.914269,-0.006834,11.990072,12.099437,0.012806,0.856581
2016-03-21,12.0926,12.0926,11.8712,11.9083,9291892,-0.013688,46.052419,-0.016153,11.999123,12.074150,0.012192,0.858018
2016-03-22,11.8783,12.1049,11.8783,12.0755,9922197,0.014044,51.137463,-0.009930,12.015396,12.054757,0.012545,0.860361
2016-03-23,12.0979,12.2373,12.0979,12.1395,12854159,0.005298,52.963853,0.000162,12.029098,12.035825,0.012427,0.859354
2016-03-24,12.1133,12.3483,12.1133,12.3120,9315756,0.014213,57.570396,0.021831,12.043029,12.024511,0.012430,0.860499
2016-03-25,12.3379,12.6200,12.3379,12.6139,14363828,0.024515,64.179363,0.062638,12.076568,12.017763,0.013280,0.860179
2016-03-28,12.6238,12.6380,12.4845,12.5427,19275948,-0.005640,61.738268,0.088219,12.108817,12.016842,0.013335,0.856554
2016-03-29,12.5565,12.7085,12.5565,12.6984,15159149,0.012416,64.886635,0.119680,12.143095,12.023453,0.013424,0.861825
2016-03-30,12.6775,12.6775,12.3831,12.4609,10130616,-0.018704,57.161535,0.124018,12.163076,12.025078,0.014256,0.865128
2016-03-31,12.5260,12.9051,12.5260,12.8070,6326058,0.027771,63.904364,0.153608,12.200241,12.032121,0.015389,0.871151
2016-04-01,12.8172,12.9960,12.8172,12.9451,13072602,0.010785,66.191721,0.186059,12.248382,12.045704,0.015297,0.870431
2016-04-04,12.9192,13.2117,12.9192,13.1502,7918373,0.015841,69.302035,0.225721,12.307302,12.063407,0.015473,0.869148
2016-04-05,13.0427,13.0427,12.8892,12.9244,10035667,-0.017168,62.486198,0.236214,12.347281,12.073950,0.016099,0.876617
2016-04-06,12.9405,12.9405,12.7294,12.7844,15109260,-0.010829,58.636142,0.230578,12.380322,12.083167,0.016395,0.879143
2016-04-07,12.7446,12.8959,12.6330,12.7917,9188665,0.000568,58.778007,0.224113,12.416927,12.091239,0.016295,0.897887
2016-04-08,12.7187,12.7187,12.4153,12.5988,9919635,-0.015083,53.523578,0.201104,12.444932,12.096188,0.016769,0.889055
2016-04-11,12.6344,12.7932,12.5793,12.6125,9876586,0.001093,53.840715,0.181883,12.485326,12.102384,0.015971,0.887998
2016-04-12,12.6166,12.8248,12.6166,12.7788,7953487,0.013180,57.602216,0.178012,12.528922,12.116326,0.016080,0.887077
2016-04-13,12.8598,12.8598,12.4080,12.5050,6581412,-0.021426,50.327711,0.151109,12.539141,12.128593,0.015439,0.892276
2016-04-14,12.4361,12.8041,12.4361,12.7433,9291320,0.019062,55.586298,0.147324,12.573292,12.144299,0.015155,0.894536
2016-04-15,12.6311,12.8510,12.5825,12.7592,11095944,0.001243,55.920312,0.143943,12.607575,12.162390,0.015154,0.896333
2016-04-18,12.7188,12.7740,12.4753,12.6054,8639090,-0.012055,51.843940,0.127385,12.642430,12.176879,0.015064,0.893605
2016-04-19,12.5690,12.6121,12.4147,12.5071,14754547,-0.007796,49.367594,0.105120,12.664009,12.194341,0.015010,0.889957
2016-04-20,12.4197,12.5826,12.4197,12.5087,6962875,0.000130,49.410655,0.086608,12.682471,12.214790,0.014992,0.888650
2016-04-21,12.5601,12.5601,12.2083,12.2136,14841017,-0.023590,42.369422,0.047579,12.677552,12.228395,0.015686,0.894163
2016-04-22,12.1688,12.3801,12.1688,12.3508,19978598,0.011230,46.206881,0.027400,12.664399,12.248005,0.014839,0.895800
2016-04-25,12.3655,12.3655,12.0101,12.1723,13536067,-0.014450,42.263522,-0.002959,12.645880,12.264527,0.015114,0.898088
2016-04-26,12.1288,12.2641,12.1288,12.2335,12024433,0.005024,44.026287,-0.021833,12.622632,12.277806,0.014846,0.894434
2016-04-27,12.2317,12.2443,12.1471,12.2160,8734018,-0.001429,43.616206,-0.037766,12.610386,12.289387,0.014301,0.897158
2016-04-28,12.2973,12.3842,12.2973,12.3439,7231150,0.010468,47.469423,-0.039617,12.587231,12.301820,0.012934,0.899049
2016-04-29,12.4780,12.4780,12.1421,12.2953,10013667,-0.003932,46.179360,-0.044489,12.554743,12.307991,0.012597,0.898339
2016-05-02,12.3057,12.3057,12.1782,12.2137,10653963,-0.006638,44.013362,-0.054310,12.507920,12.317721,0.011856,0.901361
2016-05-03,12.2155,12.2807,12.1309,12.1816,5325347,-0.002630,43.155613,-0.063947,12.470781,12.326352,0.011419,0.897834
2016-05-04,12.1510,12.3735,12.1510,12.3357,9343439,0.012647,48.355202,-0.058479,12.448342,12.335757,0.011762,0.897300
2016-05-05,12.3342,12.3884,12.3284,12.3804,9289920,0.003628,49.791967,-0.049958,12.427778,12.342697,0.011813,0.898509
2016-05-06,12.4109,12.4109,12.2980,12.3319,7238713,-0.003919,48.225739,-0.046583,12.414435,12.350473,0.011397,0.898308
2016-05-09,12.3989,12.3989,12.2196,12.2253,11761028,-0.008644,44.885088,-0.051911,12.395074,12.357025,0.011510,0.899714
2016-05-10,12.2636,12.2636,11.8805,11.9924,8234875,-0.019051,38.594296,-0.074073,12.355757,12.356616,0.011603,0.910886
2016-05-11,11.9119,12.1581,11.9119,12.0651,9582651,0.006061,41.356657,-0.084794,12.333763,12.356691,0.010927,0.911004
2016-05-12,12.1489,12.1489,11.7279,11.8134,11430481,-0.020860,35.415817,-0.112304,12.287267,12.351686,0.010569,0.915550
2016-05-13,11.8016,11.9635,11.8016,11.9434,14089787,0.011001,40.193496,-0.122210,12.246478,12.350908,0.011026,0.912806
2016-05-16,11.8532,12.0239,11.8532,11.9905,14064431,0.003948,41.873514,-0.124817,12.215736,12.351284,0.010933,0.913436
2016-05-17,11.9998,12.4572,11.9998,12.4562,12152149,0.038836,55.244901,-0.088290,12.213192,12.357911,0.014211,0.920121
2016-05-18,12.4345,12.4350,12.2861,12.3443,14451266,-0.008979,52.142206,-0.067589,12.204974,12.362326,0.014349,0.920518
2016-05-19,12.2716,12.3121,12.2716,12.3046,7849241,-0.003219,51.045221,-0.053770,12.209522,12.367226,0.013314,0.919022
2016-05-20,12.3647,12.6559,12.3647,12.5795,7728223,0.022344,57.678549,-0.020398,12.220959,12.378043,0.014002,0.925680
2016-05-23,12.6351,12.7662,12.6351,12.7614,15790212,0.014454,61.403296,0.020485,12.250410,12.397178,0.013812,0.926713
2016-05-24,12.8048,12.8048,12.5845,12.6157,13885824,-0.011413,57.070521,0.040664,12.269522,12.411355,0.014136,0.929169
2016-05-25,12.6604,12.8364,12.6244,12.6603,6884167,0.003530,58.045319,0.059562,12.291735,12.418549,0.014123,0.929472
2016-05-26,12.5859,12.7291,12.5024,12.6124,11128184,-0.003776,56.560426,0.069877,12.305163,12.429592,0.014026,0.929088
2016-05-27,12.7013,12.9347,12.7013,12.7556,10692613,0.011348,59.870162,0.088578,12.328174,12.443232,0.014150,0.927916
2016-05-30,12.7555,12.7555,12.5527,12.5596,7725253,-0.015365,53.822762,0.086587,12.345468,12.456259,0.014556,0.927575
2016-05-31,12.4921,12.5838,12.4246,12.5288,11623594,-0.002452,52.918280,0.081584,12.362827,12.465324,0.014554,0.930131
2016-06-01,12.4865,12.4865,12.3186,12.3574,8996425,-0.013677,48.076776,0.063065,12.363915,12.469683,0.014683,0.930380
2016-06-02,12.2828,12.3876,12.2828,12.3420,8126175,-0.001249,47.653757,0.046606,12.361994,12.470283,0.014663,0.930903
2016-06-03,12.3889,12.5368,12.3889,12.5313,17574126,0.015336,53.102074,0.048278,12.371962,12.468631,0.015024,0.928752
2016-06-06,12.5326,12.7135,12.4736,12.5112,14177428,-0.001603,52.477946,0.047436,12.386256,12.468001,0.014870,0.932662
2016-06-07,12.5527,12.5527,12.2462,12.2896,14226638,-0.017712,46.047012,0.028559,12.401115,12.459824,0.014777,0.934352
2016-06-08,12.2529,12.2793,12.1679,12.2536,12299042,-0.002928,45.080883,0.010573,12.410541,12.455677,0.014762,0.916380
2016-06-09,12.2693,12.2929,12.1263,12.2719,13308831,0.001489,45.703002,-0.002184,12.433463,12.444975,0.013847,0.912627
2016-06-10,12.3119,12.3119,12.1872,12.2057,7902698,-0.005388,43.768303,-0.017428,12.446581,12.430188,0.013771,0.913105
2016-06-13,12.1645,12.1645,12.0726,12.0893,8315633,-0.009541,40.515090,-0.038463,12.451518,12.408970,0.013957,0.911283
2016-06-14,12.0154,12.0154,11.8847,11.9175,19175318,-0.014211,36.236203,-0.068209,12.424582,12.388832,0.011020,0.913193
2016-06-15,11.9565,11.9565,11.7615,11.7996,13121553,-0.009893,33.612634,-0.100142,12.397344,12.369135,0.011052,0.914510
2016-06-16,11.7971,11.7976,11.6249,11.6931,15515754,-0.009025,31.401040,-0.132515,12.366768,12.347163,0.011156,0.913941
2016-06-17,11.7028,11.7818,11.7028,11.7675,8254868,0.006365,34.637886,-0.150431,12.326167,12.330538,0.009770,0.911195
2016-06-20,11.7739,11.8076,11.7570,11.7877,6037198,0.001715,35.526069,-0.161144,12.277484,12.314041,0.008932,0.910274
2016-06-21,11.8072,11.8110,11.7400,11.7679,5871349,-0.001682,35.022392,-0.169283,12.235091,12.293823,0.008766,0.903806
2016-06-22,11.8289,11.8289,11.6523,11.7177,5660795,-0.004261,33.720550,-0.177730,12.187965,12.278078,0.008612,0.903658
2016-06-23,11.7441,11.8066,11.6764,11.7666,6404575,0.004173,36.211072,-0.178422,12.145674,12.258544,0.008796,0.899897
2016-06-24,11.6931,11.8093,11.6601,11.7544,9970907,-0.001040,35.848028,-0.177907,12.095615,12.238449,0.008110,0.900993
2016-06-27,11.7470,11.8130,11.6446,11.7468,8725260,-0.000643,35.610692,-0.176078,12.054978,12.221278,0.007686,0.891510
2016-06-28,11.7907,11.7907,11.6785,11.6953,9786994,-0.004387,33.959047,-0.176750,12.013303,12.205042,0.007686,0.888813
2016-06-29,11.7324,11.7324,11.2573,11.3843,8103350,-0.026589,26.094214,-0.200069,11.964648,12.182555,0.009021,0.890848
2016-06-30,11.4540,11.4540,11.0954,11.1538,10442942,-0.020247,22.022792,-0.234447,11.905240,12.161358,0.009686,0.893830
2016-07-01,11.2192,11.2366,11.0323,11.1363,12652360,-0.001570,21.745226,-0.260106,11.835492,12.137069,0.008480,0.903756
2016-07-04,11.0414,11.0453,10.9615,11.0349,11817909,-0.009111,20.159688,-0.285338,11.761676,12.114319,0.008448,0.902951
2016-07-05,11.0100,11.1466,11.0100,11.0459,14086917,0.000997,20.833613,-0.300979,11.699489,12.090567,0.008139,0.899568
2016-07-06,11.0433,11.0433,10.9337,10.9991,14468642,-0.004233,20.058605,-0.313532,11.636764,12.066229,0.008125,0.894973
2016-07-07,11.0208,11.3538,11.0208,11.3509,12964568,0.031982,38.573766,-0.291733,11.590714,12.046368,0.011596,0.906415
2016-07-08,11.3016,11.3016,10.9545,11.0380,7857580,-0.027563,31.570271,-0.296287,11.532328,12.021222,0.012755,0.909293
2016-07-11,11.0715,11.0783,10.9407,11.0732,8931864,0.003187,33.042520,-0.293672,11.481524,11.998411,0.012830,0.913832
2016-07-12,11.0706,11.0706,10.8996,10.9205,9040323,-0.013785,30.024272,-0.300453,11.431677,11.973190,0.012813,0.919397
2016-07-13,10.9504,10.9562,10.8227,10.8659,8845635,-0.005003,29.003152,-0.306700,11.384993,11.943795,0.012747,0.921045
2016-07-14,10.8112,10.9581,10.8112,10.8683,7346019,0.000220,29.116796,-0.307909,11.343754,11.913553,0.012724,0.917770
2016-07-15,10.8459,10.8459,10.5391,10.5678,11897805,-0.027647,23.933100,-0.329317,11.283769,11.878271,0.013571,0.922889
2016-07-18,10.5807,10.6914,10.5060,10.6206,9559406,0.004997,26.412383,-0.338125,11.225415,11.846177,0.013679,0.922265
2016-07-19,10.6080,10.8442,10.6080,10.7507,12331892,0.012243,32.266982,-0.330799,11.174555,11.821342,0.014207,0.919896
2016-07-20,10.7209,10.7903,10.7209,10.7542,8389742,0.000326,32.422865,-0.321011,11.126376,11.795124,0.014247,0.917883
2016-07-21,10.7310,10.9231,10.7310,10.8575,7017943,0.009612,37.031112,-0.301438,11.080921,11.776006,0.014465,0.915143
2016-07-22,10.8386,11.0551,10.8386,11.0087,8892137,0.013927,43.139656,-0.270605,11.043638,11.757313,0.014999,0.917185
2016-07-25,11.0681,11.0681,10.9015,10.9738,8133741,-0.003171,42.123879,-0.246148,11.004988,11.736979,0.014987,0.917076
2016-07-26,11.0191,11.0191,10.9058,10.9167,8222378,-0.005203,40.446153,-0.228737,10.966060,11.706190,0.014991,0.917687
2016-07-27,10.8301,10.8301,10.5016,10.5571,9336715,-0.032945,31.842798,-0.241179,10.924698,11.670444,0.015566,0.921660
2016-07-28,10.5866,10.7277,10.5866,10.6982,13127550,0.013364,37.462393,-0.236924,10.901915,11.638316,0.015494,0.921689
2016-07-29,10.7093,10.7093,10.5594,10.6367,8750472,-0.005748,36.066576,-0.235796,10.876933,11.599458,0.015517,0.920933
2016-08-01,10.6265,10.6265,10.4288,10.4911,8643473,-0.013683,32.938324,-0.243836,10.849746,11.554054,0.015657,0.923055
2016-08-02,10.5672,10.5901,10.3911,10.4815,12564388,-0.000916,32.736378,-0.248123,10.821529,11.511370,0.015641,0.920695
2016-08-03,10.4645,10.4645,10.3771,10.4218,13425851,-0.005696,31.446758,-0.253416,10.792665,11.466601,0.015653,0.920288
2016-08-04,10.4022,10.5233,10.3726,10.4718,9827731,0.004798,33.799090,-0.250687,10.748712,11.423788,0.013531,0.911040
2016-08-05,10.5454,10.5454,10.4398,10.5084,11973450,0.003490,35.540161,-0.242776,10.722230,11.378844,0.012413,0.909387
2016-08-08,10.4729,10.4729,10.3859,10.4084,9805474,-0.009515,32.984495,-0.241787,10.688990,11.335820,0.012438,0.907905
2016-08-09,10.4242,10.5159,10.4242,10.5014,9698995,0.008933,37.486229,-0.230840,10.668031,11.295272,0.012440,0.898657
2016-08-10,10.5446,10.5446,10.1216,10.2510,10329689,-0.023841,31.374544,-0.239605,10.637285,11.253143,0.013367,0.900466
2016-08-11,10.1743,10.1743,10.0550,10.0630,15285415,-0.018338,27.720210,-0.258737,10.597020,11.207563,0.013783,0.896886
2016-08-12,10.0864,10.3905,10.0864,10.2893,16325369,0.022485,37.201803,-0.252727,10.583094,11.162724,0.013766,0.897309
2016-08-15,10.3472,10.3472,10.3305,10.3382,11804870,0.004754,39.062636,-0.241237,10.568972,11.119264,0.013761,0.891461
2016-08-16,10.3072,10.3957,10.3072,10.3465,13452435,0.000805,39.391928,-0.228822,10.548766,11.080403,0.013403,0.891285
2016-08-17,10.3021,10.3021,10.2665,10.2854,11158988,-0.005908,37.778009,-0.221364,10.525328,11.041038,0.013423,0.889226
2016-08-18,10.2720,10.2720,10.1571,10.2050,11146914,-0.007817,35.705870,-0.219412,10.492701,10.999701,0.013184,0.889929
2016-08-19,10.2255,10.2978,10.0418,10.1746,5291781,-0.002976,34.926526,-0.217805,10.450995,10.959078,0.012568,0.892094
2016-08-22,10.2430,10.2633,10.1110,10.1996,9605601,0.002458,36.162086,-0.212069,10.412284,10.921285,0.012647,0.893101
2016-08-23,10.1758,10.3347,10.1731,10.2118,11967381,0.001193,36.790827,-0.204188,10.377037,10.887171,0.012684,0.892739
2016-08-24,10.1283,10.3512,10.1283,10.3225,9225809,0.010842,42.355146,-0.186854,10.365308,10.857630,0.010950,0.885586
2016-08-25,10.3180,10.3180,10.1638,10.2070,5944503,-0.011192,38.542471,-0.180360,10.340749,10.827908,0.010619,0.882486
2016-08-26,10.2103,10.2103,9.9870,10.0574,17130138,-0.014652,34.245184,-0.185146,10.311786,10.793706,0.010953,0.887734
2016-08-29,10.0677,10.0677,9.9374,9.9617,9614190,-0.009516,31.801445,-0.194421,10.285316,10.757186,0.010772,0.887865
2016-08-30,9.9929,10.0375,9.9467,9.9982,13283399,0.003664,33.743478,-0.196561,10.261151,10.721794,0.010856,0.884024
2016-08-31,9.9846,9.9846,9.7405,9.7573,12529730,-0.024096,28.063573,-0.215216,10.227926,10.682585,0.011890,0.896024
2016-09-01,9.8232,9.9042,9.7088,9.8065,7778208,0.005040,30.630197,-0.223456,10.194658,10.643382,0.011898,0.892554
2016-09-02,9.7582,9.8849,9.7534,9.7873,11326493,-0.001951,30.179129,-0.228892,10.158607,10.604041,0.011799,0.889228
2016-09-05,9.8255,9.8255,9.7660,9.8097,8129016,0.002285,31.449984,-0.228758,10.128673,10.565299,0.011776,0.891017
2016-09-06,9.7499,9.9133,9.7499,9.8718,10336861,0.006325,34.986296,-0.221097,10.097193,10.528828,0.011652,0.882941
2016-09-07,9.8877,10.1348,9.8877,9.9848,12405390,0.011452,40.962383,-0.203556,10.083884,10.500837,0.010987,0.884155
2016-09-08,9.9832,10.1514,9.9832,10.1130,10063283,0.012839,46.920434,-0.177267,10.086383,10.480021,0.010642,0.883351
2016-09-09,10.0961,10.0961,9.9386,10.0184,8227548,-0.009358,43.435338,-0.162200,10.072837,10.457662,0.009466,0.884074
2016-09-12,10.0556,10.1420,10.0556,10.1169,8098511,0.009834,47.783403,-0.140688,10.061772,10.439302,0.009702,0.890711
2016-09-13,10.1033,10.1763,10.1033,10.1256,16477711,0.000866,48.165094,-0.121531,10.050728,10.420898,0.009702,0.889586
2016-09-14,10.1194,10.1859,10.0264,10.0828,12058444,-0.004227,46.381779,-0.108551,10.040601,10.402573,0.009665,0.889462
2016-09-15,10.0637,10.1240,9.9767,9.9837,12011977,-0.009832,42.460751,-0.105053,10.029537,10.375230,0.009751,0.879034
2016-09-16,10.0024,10.0457,9.9388,10.0364,14766531,0.005276,45.115926,-0.096913,10.022626,10.355198,0.009839,0.872408
2016-09-19,9.9527,10.4425,9.9527,10.3160,10394074,0.027863,56.572631,-0.067124,10.028446,10.340054,0.011720,0.873888
2016-09-20,10.2466,10.2672,10.2226,10.2303,13678540,-0.008315,52.923479,-0.049861,10.029370,10.326249,0.011888,0.874444
2016-09-21,10.2390,10.2390,10.1184,10.1800,9714173,-0.004914,50.852863,-0.039779,10.022244,10.312530,0.011662,0.870688
2016-09-22,10.1551,10.1551,9.9750,10.0807,18863913,-0.009757,46.944980,-0.039351,10.015928,10.296777,0.011598,0.867642
2016-09-23,10.0846,10.0846,9.9232,9.9256,10418444,-0.015381,41.574242,-0.050935,10.009336,10.283933,0.011646,0.866094
2016-09-26,10.0183,10.0969,10.0183,10.0813,17649816,0.015689,48.007580,-0.047009,10.015317,10.273147,0.011988,0.870713
2016-09-27,10.0306,10.2647,10.0306,10.1217,14164541,0.004001,49.556819,-0.040180,10.021488,10.260567,0.011993,0.871251
2016-09-28,10.1583,10.2937,10.1583,10.2429,11459263,0.011981,53.995578,-0.024698,10.045769,10.250342,0.010715,0.869823
2016-09-29,10.3051,10.5764,10.3051,10.5180,16450745,0.026855,62.134927,0.009657,10.081346,10.243552,0.012020,0.866552
2016-09-30,10.4938,10.5005,10.3679,10.3865,17462350,-0.012503,56.947478,0.025972,10.111303,10.231107,0.012497,0.862107
2016-10-03,10.3730,10.4479,10.3526,10.4015,9770881,0.001448,57.385696,0.039659,10.140894,10.219661,0.012501,0.861943
2016-10-04,10.3760,10.3760,10.2182,10.2360,12027314,-0.015911,51.209205,0.036727,10.159107,10.206046,0.013162,0.862411
2016-10-05,10.2679,10.2679,10.0786,10.1926,18141675,-0.004238,49.699253,0.030552,10.169499,10.198758,0.013029,0.861256
2016-10-06,10.1753,10.1753,10.0822,10.0998,10644437,-0.009114,46.534935,0.017954,10.168836,10.186789,0.012913,0.862064
2016-10-07,10.1397,10.1397,9.9881,10.0427,9533200,-0.005651,44.653972,0.003328,10.170052,10.174909,0.012798,0.848290
2016-10-10,10.0575,10.0950,9.9759,10.0334,10716412,-0.000927,44.339069,-0.008913,10.165877,10.165754,0.012596,0.841090
2016-10-11,10.0039,10.1826,10.0039,10.1016,7891596,0.006797,47.272082,-0.012961,10.164672,10.158155,0.012695,0.840170
2016-10-12,10.0825,10.1649,10.0074,10.0536,12223491,-0.004748,45.457887,-0.019811,10.163210,10.150791,0.012705,0.837707
2016-10-13,10.1064,10.1785,10.0170,10.0888,7367467,0.003497,47.061716,-0.022147,10.168463,10.143130,0.012514,0.835649
2016-10-14,10.1294,10.1294,9.9530,9.9858,21228525,-0.010208,43.066859,-0.031941,10.165932,10.132678,0.012687,0.832554
2016-10-17,10.0816,10.3283,10.0816,10.3010,20501802,0.031563,55.513078,-0.014107,10.165179,10.130530,0.013136,0.854149
2016-10-18,10.3272,10.3272,10.1948,10.2594,8577742,-0.004031,53.843171,-0.003286,10.166638,10.125692,0.013028,0.854009
2016-10-19,10.3031,10.4062,10.1608,10.2766,10848244,0.001674,54.453434,0.006599,10.171469,10.126204,0.012975,0.840981
2016-10-20,10.2954,10.2954,10.0559,10.2337,6400129,-0.004176,52.582561,0.010846,10.179122,10.129618,0.012800,0.834884
2016-10-21,10.1699,10.4853,10.1699,10.4187,13224662,0.018078,59.105818,0.028808,10.203777,10.132206,0.012756,0.843865
2016-10-24,10.4350,10.5726,10.4350,10.5422,12691312,0.011853,62.785927,0.052403,10.226820,10.136286,0.012575,0.844382
2016-10-25,10.5966,10.6542,10.5937,10.6343,4350852,0.008740,65.295314,0.077642,10.252454,10.142042,0.012653,0.844779
2016-10-26,10.6255,10.6257,10.5096,10.5443,8607470,-0.008468,60.967881,0.089347,10.267522,10.147220,0.012677,0.844643
2016-10-27,10.5355,10.5900,10.4577,10.5369,14079325,-0.000695,60.615961,0.096915,10.268469,10.153859,0.011189,0.849175
2016-10-28,10.5281,10.5281,10.4770,10.4785,22232319,-0.005547,57.751641,0.097078,10.273070,10.159937,0.010879,0.848886
2016-10-31,10.4861,10.6994,10.4861,10.6084,10979124,0.012396,62.044305,0.106461,10.283413,10.168112,0.011200,0.849817
2016-11-01,10.5969,10.7532,10.5969,10.6852,7954550,0.007242,64.351468,0.118728,10.305873,10.177581,0.010532,0.849495
2016-11-02,10.6431,10.6788,10.6258,10.6492,10641412,-0.003371,62.435463,0.124113,10.328702,10.184115,0.010506,0.844761
2016-11-03,10.6806,10.6806,10.3501,10.4541,9220231,-0.018324,53.194363,0.111351,10.346418,10.189057,0.011208,0.857007
2016-11-04,10.4779,10.4779,10.2495,10.2945,12336018,-0.015267,47.059169,0.087351,10.359007,10.193798,0.011738,0.848647
2016-11-07,10.2756,10.4769,10.2756,10.4248,6733956,0.012658,51.933637,0.077948,10.378578,10.203059,0.011992,0.853560
2016-11-08,10.4486,10.6360,10.4486,10.6121,8560414,0.017967,57.929653,0.084634,10.404103,10.215336,0.012478,0.858141
2016-11-09,10.5757,10.9045,10.5757,10.8239,18839591,0.019961,63.478289,0.105806,10.442619,10.236669,0.012934,0.860332
2016-11-10,10.8461,10.8461,10.5371,10.5829,10192719,-0.022270,54.645942,0.101959,10.467324,10.252196,0.014186,0.864990
2016-11-11,10.5477,10.6072,10.4952,10.4970,10737777,-0.008113,51.877090,0.090933,10.492885,10.266389,0.014095,0.857449
2016-11-14,10.5066,10.7097,10.5066,10.6548,11395800,0.015030,56.262499,0.093845,10.510575,10.283291,0.012724,0.860152
2016-11-15,10.6380,10.6380,10.3070,10.4549,8871906,-0.018757,50.041439,0.079113,10.520349,10.294954,0.013481,0.865447
2016-11-16,10.4480,10.5819,10.4480,10.5402,7852022,0.008159,52.457779,0.073475,10.533530,10.306062,0.013575,0.867738
2016-11-17,10.6260,10.6260,10.4445,10.4648,6965546,-0.007152,50.149379,0.062206,10.545087,10.313099,0.013655,0.865380
2016-11-18,10.4598,10.5235,10.4262,10.4717,16609181,0.000659,50.364570,0.053219,10.547738,10.322166,0.013065,0.861408
2016-11-21,10.4069,10.4069,10.3157,10.3289,7541969,-0.013636,45.942419,0.034180,10.537075,10.326407,0.013125,0.864537
2016-11-22,10.2768,10.2768,10.2636,10.2683,12024179,-0.005872,44.168371,0.014036,10.518773,10.329260,0.012964,0.866992
2016-11-23,10.2426,10.3087,10.1720,10.2496,8587629,-0.001823,43.608650,-0.003400,10.504038,10.332595,0.012865,0.866979
2016-11-24,10.2406,10.2406,10.1567,10.2157,7715926,-0.003301,42.558996,-0.019721,10.487977,10.337235,0.012871,0.868067
2016-11-25,10.1803,10.1803,10.0385,10.0780,6340633,-0.013484,38.496247,-0.043271,10.467951,10.338067,0.013124,0.866842
2016-11-28,10.1234,10.1234,9.8500,9.8883,8734797,-0.018824,33.721625,-0.076363,10.431945,10.329512,0.013195,0.857110
2016-11-29,9.9053,10.0585,9.9053,9.9985,12986499,0.011150,38.495944,-0.092624,10.397610,10.324877,0.013389,0.856801
2016-11-30,9.9718,10.0958,9.9718,10.0356,9828605,0.003712,40.061153,-0.101348,10.366932,10.321990,0.013478,0.856000
2016-12-01,10.0421,10.0421,9.9234,9.9273,8583953,-0.010793,37.094201,-0.115669,10.340595,10.318924,0.013124,0.853155
2016-12-02,9.9402,9.9825,9.9366,9.9725,12952810,0.004552,39.119987,-0.121966,10.324498,10.319862,0.012855,0.848584
2016-12-05,10.0245,10.1208,9.9789,10.0913,5730950,0.011910,44.205692,-0.116035,10.307823,10.320062,0.012813,0.843142
2016-12-06,10.1124,10.1124,9.8471,9.9161,9044695,-0.017363,39.026261,-0.124043,10.273023,10.315950,0.012410,0.852253
2016-12-07,9.9730,10.0768,9.9681,10.0341,6346193,0.011900,43.801839,-0.119490,10.233531,10.311773,0.011726,0.852194
2016-12-08,10.0216,10.1290,10.0216,10.1199,8201238,0.008552,47.049641,-0.107716,10.210382,10.303811,0.011172,0.861067
2016-12-09,10.0689,10.1212,10.0360,10.1180,7588419,-0.000183,46.986440,-0.097412,10.191433,10.298442,0.011090,0.865447
2016-12-12,10.0697,10.3549,10.0697,10.2737,8418849,0.015389,52.728018,-0.075808,10.172382,10.295886,0.011119,0.875452
2016-12-13,10.2440,10.2880,10.1603,10.1899,12578241,-0.008165,49.610803,-0.064709,10.159129,10.294963,0.010502,0.869043
2016-12-14,10.1851,10.1851,9.8573,9.8963,9965798,-0.028805,40.572353,-0.078690,10.126935,10.289037,0.011920,0.874209
2016-12-15,9.8907,9.9621,9.8907,9.9110,12357465,0.001483,41.149859,-0.087576,10.099244,10.285262,0.011921,0.873716
2016-12-16,9.9067,9.9454,9.8633,9.9088,7024562,-0.000228,41.083624,-0.093720,10.071096,10.282584,0.011909,0.877436
2016-12-19,9.9428,10.0489,9.9113,9.9707,13094142,0.006249,43.753260,-0.092527,10.053183,10.281330,0.011777,0.874472
2016-12-20,9.9954,10.0696,9.8644,9.9837,16702976,0.001308,44.325244,-0.089497,10.038954,10.278973,0.011752,0.873698
2016-12-21,10.0321,10.0407,9.9811,9.9872,9622802,0.000353,44.489542,-0.085822,10.025838,10.277646,0.011758,0.870523
2016-12-22,10.0597,10.2806,10.0597,10.1612,7999810,0.017419,52.018405,-0.068088,10.023112,10.279095,0.012458,0.860935
2016-12-23,10.2105,10.3136,10.0607,10.1626,13081149,0.000137,52.074279,-0.053306,10.027343,10.282631,0.012059,0.856582
2016-12-26,10.2197,10.2197,10.1409,10.1627,10820795,0.000009,52.078290,-0.041111,10.041063,10.279866,0.011174,0.856446
2016-12-27,10.1977,10.1977,9.8640,9.8840,13728113,-0.027421,40.973592,-0.053318,10.035338,10.272357,0.012640,0.862988
2016-12-28,9.8797,9.9062,9.8702,9.8926,7279945,0.000868,41.387935,-0.061589,10.028185,10.264677,0.012607,0.858695
2016-12-29,9.9590,10.1040,9.9512,10.0058,10384934,0.011443,46.704188,-0.058338,10.032109,10.260119,0.012645,0.860475
2016-12-30,10.0124,10.0925,9.9565,10.0769,9840933,0.007106,49.785065,-0.049454,10.037328,10.253283,0.012701,0.861643
2017-01-02,10.0899,10.0899,9.9690,10.0017,10073102,-0.007462,46.709917,-0.047928,10.032848,10.242473,0.012530,0.867264
2017-01-03,10.0070,10.0929,9.9846,10.0785,9144096,0.007678,50.100017,-0.040060,10.040970,10.231356,0.011982,0.870889
2017-01-04,10.1425,10.3038,10.1425,10.2148,9561077,0.013523,55.509224,-0.022568,10.050006,10.224767,0.012066,0.875151
2017-01-05,10.2327,10.4212,10.2327,10.3459,10184629,0.012831,60.000051,0.001850,10.061304,10.220945,0.012244,0.878404
2017-01-06,10.3451,10.3451,10.1854,10.2404,10464688,-0.010192,55.174966,0.012549,10.067423,10.216183,0.012504,0.878304
2017-01-09,10.2464,10.2762,10.2153,10.2380,9315099,-0.000235,55.065967,0.020595,10.065636,10.208775,0.012015,0.862794
2017-01-10,10.3045,10.3045,10.2436,10.2776,16706340,0.003865,56.582720,0.029822,10.070022,10.200622,0.011891,0.861275
2017-01-11,10.2777,10.4596,10.2777,10.3194,11919783,0.004071,58.189741,0.040049,10.091176,10.194027,0.009697,0.861014
2017-01-12,10.3256,10.3256,10.0807,10.0918,5074341,-0.022055,47.821710,0.029449,10.100217,10.186782,0.011107,0.865386
2017-01-13,10.0527,10.2095,10.0527,10.1360,18698740,0.004378,49.695568,0.024334,10.111580,10.183613,0.011129,0.859971
2017-01-16,10.1221,10.2801,10.1221,10.2714,6196278,0.013355,55.024826,0.030847,10.126614,10.180545,0.011409,0.857713
2017-01-17,10.1982,10.3667,10.1982,10.2630,11505212,-0.000816,54.638878,0.034930,10.140578,10.173563,0.011421,0.857507
2017-01-18,10.2375,10.4459,10.2375,10.3100,18073163,0.004578,56.481725,0.041479,10.156715,10.163284,0.011439,0.858502
2017-01-19,10.3016,10.3016,10.2368,10.2610,13609753,-0.004749,54.019123,0.042232,10.161706,10.156848,0.010892,0.859262
2017-01-20,10.2504,10.4323,10.2008,10.3722,6137372,0.010831,58.447964,0.051206,10.172184,10.154351,0.011130,0.861280
2017-01-23,10.3416,10.3416,10.1142,10.1334,10193662,-0.023015,47.797989,0.038610,10.170722,10.143924,0.012369,0.856182
2017-01-24,10.1067,10.1067,9.9156,9.9590,12084492,-0.017218,41.802518,0.014383,10.174469,10.134005,0.011350,0.852299
2017-01-25,9.9240,10.0781,9.9240,10.0271,12149280,0.006837,44.716610,0.000670,10.181192,10.123742,0.011440,0.851832
2017-01-26,10.0089,10.1391,10.0089,10.0934,14760096,0.006613,47.475045,-0.004793,10.185570,10.116312,0.011251,0.851519
2017-01-27,10.0769,10.0769,9.8276,9.9144,13913066,-0.017731,41.461767,-0.023295,10.177445,10.105165,0.011839,0.854000
2017-01-30,9.9473,9.9473,9.7331,9.7644,9200885,-0.015127,37.208562,-0.049489,10.165580,10.093875,0.012186,0.855882
2017-01-31,9.7136,9.7136,9.4771,9.5364,14266613,-0.023352,31.857647,-0.087637,10.138475,10.079237,0.012957,0.858854
2017-02-01,9.5210,9.6156,9.4618,9.5955,14566593,0.006194,34.485842,-0.111815,10.107508,10.066155,0.012573,0.853005
2017-02-02,9.6410,9.6410,9.4425,9.4818,8454600,-0.011841,31.934343,-0.138547,10.064307,10.051477,0.012136,0.848417
2017-02-03,9.4712,9.4712,9.3123,9.3624,13131465,-0.012598,29.466046,-0.167440,10.020406,10.037165,0.012209,0.854238
2017-02-06,9.4484,9.5117,9.3588,9.4532,15436951,0.009704,33.665617,-0.180922,9.981168,10.028464,0.012584,0.851890
2017-02-07,9.4440,9.4618,9.2923,9.4409,7145504,-0.001303,33.375428,-0.190406,9.939335,10.017312,0.012469,0.843603
2017-02-08,9.4569,9.5501,9.4421,9.5062,13460236,0.006916,36.499596,-0.190458,9.898675,10.006724,0.012583,0.846745
2017-02-09,9.5168,9.6164,9.4651,9.4869,7956468,-0.002033,35.961941,-0.189870,9.868428,9.997915,0.011848,0.853900
2017-02-10,9.5430,9.6540,9.5331,9.6049,7278809,0.012437,41.615378,-0.177834,9.841871,9.990562,0.012243,0.857067
2017-02-13,9.6475,9.6475,9.5403,9.5486,13747547,-0.005861,39.809659,-0.170867,9.805731,9.979708,0.011664,0.848598
2017-02-14,9.6120,9.6120,9.3852,9.3949,13419657,-0.016098,35.304964,-0.175724,9.762325,9.969284,0.011970,0.848106
2017-02-15,9.3587,9.4500,9.3553,9.4170,14703118,0.002358,36.421651,-0.175759,9.717677,9.956943,0.011893,0.847282
2017-02-16,9.4384,9.5237,9.4384,9.5043,9057134,0.009268,40.759813,-0.166821,9.679841,9.944631,0.012281,0.849089
2017-02-17,9.5238,9.5238,9.4079,9.4796,10368379,-0.002596,39.930350,-0.159886,9.635214,9.931863,0.011800,0.846079
2017-02-20,9.4879,9.4879,9.3679,9.3892,8819862,-0.009536,36.962445,-0.159841,9.598004,9.914173,0.011043,0.852805
2017-02-21,9.4171,9.5688,9.3897,9.4840,6103733,0.010094,41.843032,-0.150424,9.574256,9.900056,0.010978,0.861546
2017-02-22,9.4871,9.4871,9.3444,9.3654,8213375,-0.012504,37.890175,-0.150792,9.541175,9.889438,0.010975,0.863716
2017-02-23,9.3670,9.4490,9.3670,9.4408,9408266,0.008048,41.662617,-0.143348,9.508547,9.880034,0.011048,0.863412
2017-02-24,9.4061,9.5425,9.4061,9.5385,7683557,0.010344,46.220077,-0.128093,9.489751,9.872627,0.010897,0.870939
2017-02-27,9.5382,9.6848,9.5231,9.5356,8185149,-0.000303,46.105325,-0.114912,9.478308,9.863925,0.010443,0.876457
2017-02-28,9.5415,9.5570,9.4862,9.5559,15305298,0.002133,47.101009,-0.101652,9.479284,9.855369,0.009051,0.872701
2017-03-01,9.5575,9.5782,9.4903,9.5255,7235411,-0.003182,45.740191,-0.092532,9.475786,9.846134,0.008964,0.873877
2017-03-02,9.5699,9.6516,9.5543,9.6155,9215110,0.009447,50.314353,-0.077153,9.482467,9.835219,0.008787,0.880055
2017-03-03,9.6240,9.6694,9.5252,9.5786,24437788,-0.003835,48.509378,-0.067167,9.493278,9.823539,0.008292,0.880150
2017-03-06,9.6028,9.6028,9.5169,9.5527,9452081,-0.002701,47.229297,-0.060642,9.498252,9.811340,0.008081,0.876388
2017-03-07,9.5562,9.6698,9.5562,9.5993,10260692,0.004871,49.795003,-0.051127,9.506168,9.805644,0.008124,0.890290
2017-03-08,9.6382,9.6382,9.4382,9.5208,9022131,-0.008170,45.756924,-0.049345,9.506899,9.798209,0.008232,0.880238
2017-03-09,9.4741,9.4741,9.3615,9.3960,10508860,-0.013108,40.173492,-0.057343,9.502356,9.786014,0.008741,0.880727
2017-03-10,9.4438,9.4438,9.2804,9.3003,9866743,-0.010184,36.496437,-0.070588,9.487129,9.770483,0.008445,0.881121
2017-03-13,9.2674,9.2674,9.1769,9.2136,9478419,-0.009327,33.502511,-0.087081,9.470380,9.754720,0.008572,0.882990
2017-03-14,9.1898,9.1898,9.0298,9.0565,8628299,-0.017052,28.881385,-0.111544,9.453460,9.734280,0.008658,0.890618
2017-03-15,9.1049,9.2212,9.1049,9.1987,10485355,0.015699,37.308302,-0.118098,9.442541,9.713957,0.009471,0.892003
2017-03-16,9.2190,9.3450,9.2190,9.3285,9175823,0.014111,43.849938,-0.111532,9.433749,9.693609,0.009807,0.893881
2017-03-17,9.3232,9.4547,9.3232,9.4112,11596541,0.008873,47.604326,-0.098514,9.430328,9.677025,0.010034,0.894505
2017-03-20,9.3979,9.3979,9.1171,9.1675,9105001,-0.025894,39.277270,-0.106632,9.419243,9.655616,0.011399,0.900159
2017-03-21,9.0985,9.2542,9.0462,9.2246,11934658,0.006220,41.840777,-0.107228,9.406270,9.634555,0.011230,0.892176
2017-03-22,9.2748,9.3283,9.2748,9.3164,11784319,0.009958,45.809747,-0.099146,9.403819,9.614495,0.011177,0.895584
2017-03-23,9.3308,9.3308,9.2108,9.2320,11515814,-0.009057,42.912914,-0.098414,9.393381,9.597299,0.011166,0.893480
2017-03-24,9.2185,9.2909,9.1768,9.2831,11334384,0.005530,45.171995,-0.092647,9.380613,9.580241,0.010958,0.890745
2017-03-27,9.3069,9.3069,8.9945,9.0653,15538160,-0.023465,38.221673,-0.104449,9.357097,9.556118,0.012019,0.898151
2017-03-28,9.0576,9.1343,9.0576,9.0858,13403099,0.002264,39.171165,-0.110869,9.333591,9.532574,0.012022,0.897321
2017-03-29,9.1482,9.1482,8.9793,8.9861,15269991,-0.010974,36.255287,-0.122589,9.306620,9.506096,0.012172,0.897279
2017-03-30,8.9862,9.0460,8.9862,9.0100,10424928,0.002657,37.456089,-0.128469,9.276344,9.481074,0.011903,0.894479
2017-03-31,9.0520,9.0520,8.8759,8.9413,6111152,-0.007619,35.392190,-0.137088,9.244480,9.452457,0.011944,0.886308
2017-04-03,8.8744,9.0841,8.8744,9.0549,19804832,0.012698,41.166853,-0.133221,9.219586,9.430885,0.012474,0.885597
2017-04-04,9.0586,9.2730,9.0586,9.1788,8622225,0.013689,46.761418,-0.118785,9.198564,9.415282,0.012901,0.888559
2017-04-05,9.1214,9.1779,9.0462,9.1113,8968169,-0.007353,44.291700,-0.111506,9.178088,9.396967,0.012882,0.889649
2017-04-06,9.0925,9.0925,8.9946,9.0012,16616964,-0.012081,40.531954,-0.113312,9.158348,9.375125,0.012838,0.891690
2017-04-07,8.9938,8.9938,8.7949,8.7979,7855209,-0.022588,34.676551,-0.129655,9.133227,9.352796,0.013531,0.897386
2017-04-10,8.7490,8.7490,8.6051,8.6398,8498241,-0.017977,30.932878,-0.153599,9.104535,9.330302,0.013888,0.887647
2017-04-11,8.6664,8.7219,8.5975,8.6546,12059545,0.001718,31.678316,-0.169424,9.084442,9.312667,0.013527,0.882195
2017-04-12,8.6404,8.6404,8.4405,8.5279,15990910,-0.014645,28.818091,-0.190002,9.050902,9.291315,0.013111,0.884029
2017-04-13,8.5039,8.6605,8.5039,8.6401,9737996,0.013157,34.459521,-0.195009,9.016482,9.274479,0.013045,0.881630
2017-04-14,8.6324,8.7149,8.6171,8.6748,16478809,0.004024,36.148307,-0.193936,8.979661,9.260727,0.012841,0.873917
2017-04-17,8.6519,8.6519,8.4827,8.5452,9521789,-0.014944,32.758921,-0.201227,8.948544,9.242566,0.012068,0.881454
2017-04-18,8.5859,8.5964,8.4857,8.5158,7388464,-0.003436,32.026529,-0.206988,8.913108,9.224064,0.011853,0.886221
2017-04-19,8.5256,8.6756,8.5256,8.6700,13415891,0.018106,39.656724,-0.196843,8.880788,9.207340,0.012478,0.891062
2017-04-20,8.7383,8.7993,8.6936,8.6949,7169401,0.002866,40.809729,-0.184669,8.853929,9.191500,0.012484,0.889927
2017-04-21,8.6820,8.6820,8.6106,8.6372,14390216,-0.006630,38.950146,-0.177625,8.821636,9.172147,0.012347,0.885019
2017-04-24,8.6667,8.8240,8.6667,8.7947,14220815,0.018237,46.168425,-0.157517,8.808109,9.157070,0.012324,0.878147
2017-04-25,8.7841,8.7841,8.6021,8.6061,9058443,-0.021451,40.059141,-0.155018,8.784124,9.141294,0.013067,0.870748
2017-04-26,8.6219,8.6554,8.5949,8.6322,13387647,0.003038,41.219897,-0.149207,8.766431,9.125597,0.012971,0.872187
2017-04-27,8.6321,8.6964,8.6321,8.6475,14182238,0.001774,41.929197,-0.141733,8.748310,9.108462,0.012956,0.870449
2017-04-28,8.6752,8.6752,8.4746,8.5788,12646488,-0.007947,39.618361,-0.139744,8.730184,9.090445,0.012964,0.873680
2017-05-01,8.5817,8.6516,8.4704,8.5002,6516305,-0.009166,37.098909,-0.142867,8.702450,9.072664,0.012576,0.859269
2017-05-02,8.5016,8.5016,8.3566,8.3867,9266612,-0.013344,33.763679,-0.152733,8.662847,9.050718,0.012124,0.862863
2017-05-03,8.3800,8.3864,8.3601,8.3856,9571934,-0.000131,33.732023,-0.158810,8.626563,9.031122,0.012140,0.861835
2017-05-04,8.3081,8.5124,8.3081,8.4872,9618595,0.012116,39.387728,-0.153657,8.600863,9.012051,0.012500,0.862006
2017-05-05,8.4772,8.4772,8.0216,8.2100,10747440,-0.032664,31.490412,-0.169983,8.571468,8.985482,0.013500,0.877102
2017-05-08,8.2667,8.2929,8.2548,8.2724,7205719,0.007605,34.667436,-0.175857,8.553102,8.960220,0.013252,0.884120
2017-05-09,8.2471,8.2471,7.9028,7.9295,16115418,-0.041452,27.205328,-0.205810,8.516849,8.927693,0.015859,0.899821
2017-05-10,7.9709,7.9709,7.7970,7.8329,10300275,-0.012181,25.537862,-0.234637,8.482103,8.893842,0.015784,0.900576
2017-05-11,7.8359,7.9059,7.8359,7.8948,6708187,0.007892,28.555926,-0.249617,8.444839,8.859427,0.015522,0.900007
2017-05-12,7.8741,7.8960,7.8428,7.8671,11822041,-0.003501,28.009239,-0.260713,8.404454,8.825198,0.015398,0.902007
2017-05-15,7.8399,7.8399,7.7230,7.7422,7819013,-0.015884,25.621206,-0.276405,8.364302,8.788987,0.015432,0.905471
2017-05-16,7.7562,7.7698,7.7193,7.7353,11434704,-0.000888,25.492472,-0.286097,8.325275,8.751707,0.015455,0.896800
2017-05-17,7.7224,7.8371,7.7224,7.8203,11677121,0.010987,30.165249,-0.283651,8.282788,8.717696,0.014977,0.898001
2017-05-18,7.8568,7.8568,7.7167,7.7468,7840149,-0.009396,28.500977,-0.284363,8.235385,8.684712,0.014887,0.892001
2017-05-19,7.6922,7.8901,7.6922,7.8623,12442418,0.014904,34.606157,-0.272470,8.196637,8.655950,0.015575,0.893051
2017-05-22,7.9051,7.9051,7.8546,7.8699,14193596,0.000978,35.004212,-0.259434,8.150397,8.629077,0.014698,0.893457
2017-05-23,7.8465,7.8465,7.6846,7.7186,12087665,-0.019228,31.004523,-0.258336,8.106025,8.602320,0.014579,0.893891
2017-05-24,7.7001,7.7001,7.6464,7.6641,9829310,-0.007062,29.688646,-0.258879,8.057620,8.571629,0.014448,0.894036
2017-05-25,7.6931,7.6931,7.5091,7.5565,14128764,-0.014045,27.230631,-0.264942,8.003067,8.536189,0.014443,0.893251
2017-05-26,7.5301,7.7104,7.5301,7.5910,7040997,0.004572,29.255216,-0.263916,7.953678,8.499785,0.014652,0.893102
2017-05-29,7.6480,7.6728,7.5720,7.5870,11593771,-0.000529,29.153660,-0.260426,7.908019,8.468174,0.014681,0.891083
2017-05-30,7.5712,7.5712,7.4226,7.4778,8245115,-0.014400,26.463060,-0.263438,7.862570,8.433238,0.014713,0.891258
2017-05-31,7.4918,7.5210,7.4301,7.5115,7780801,0.004520,28.656634,-0.260100,7.818865,8.397141,0.014840,0.887355
2017-06-01,7.4639,7.5035,7.4627,7.4766,5201500,-0.004658,27.734222,-0.257312,7.768331,8.362031,0.014262,0.887356
2017-06-02,7.5217,7.6267,7.5217,7.5922,10848023,0.015462,35.159948,-0.242973,7.737438,8.328213,0.013611,0.891091
2017-06-05,7.5980,7.5980,7.4543,7.5141,9399437,-0.010287,32.714243,-0.235201,7.699519,8.297189,0.013407,0.890575
2017-06-06,7.5105,7.7305,7.5105,7.6296,11004138,0.015373,39.425820,-0.217216,7.684521,8.268065,0.011019,0.892272
2017-06-07,7.6049,7.6049,7.5681,7.5830,9003472,-0.006102,37.789756,-0.204363,7.672025,8.240004,0.010801,0.890774
2017-06-08,7.5851,7.5851,7.4172,7.4469,22270014,-0.017953,33.422133,-0.202825,7.649631,8.208742,0.011151,0.889317
2017-06-09,7.3959,7.3959,7.3311,7.3734,9768175,-0.009872,31.317250,-0.205173,7.624943,8.177383,0.011261,0.889662
2017-06-12,7.3552,7.4181,7.3255,7.3690,10833897,-0.000592,31.191646,-0.205023,7.606285,8.143666,0.010865,0.884080
2017-06-13,7.3998,7.3998,7.2484,7.2591,13241944,-0.014915,28.131950,-0.211336,7.582475,8.105272,0.011208,0.884410
2017-06-14,7.2556,7.3506,7.2262,7.3148,10277761,0.007675,31.784842,-0.209430,7.557201,8.069342,0.011012,0.882777
2017-06-15,7.2647,7.2860,7.2357,7.2789,15561233,-0.004905,30.702589,-0.208412,7.533808,8.034895,0.010926,0.879816
2017-06-16,7.3457,7.3457,7.0836,7.1256,9581647,-0.021069,26.542465,-0.217472,7.496973,8.001448,0.010774,0.883256
2017-06-19,7.1417,7.1588,7.0672,7.1107,8399249,-0.002087,26.172066,-0.223280,7.459011,7.970867,0.010709,0.878616
2017-06-20,7.1396,7.1396,6.9982,7.0159,14600161,-0.013336,23.883711,-0.232850,7.423873,7.938092,0.010372,0.877717
2017-06-21,7.0319,7.0319,6.9360,6.9481,6398471,-0.009654,22.378673,-0.243097,7.388074,7.906498,0.010419,0.877215
2017-06-22,6.9962,6.9962,6.8637,6.8977,11899343,-0.007262,21.301706,-0.252380,7.355135,7.871650,0.010212,0.876455
2017-06-23,6.8547,6.8585,6.8053,6.8497,11425500,-0.006955,20.301411,-0.260604,7.318069,7.835148,0.009996,0.880421
2017-06-26,6.8046,7.0137,6.8046,7.0029,11112891,0.022358,31.379922,-0.251860,7.288862,7.804301,0.011708,0.888490
2017-06-27,6.9985,6.9996,6.9613,6.9757,7863927,-0.003879,30.568196,-0.244307,7.263759,7.773498,0.011446,0.883641
2017-06-28,7.0101,7.0191,6.9497,6.9870,8958982,0.001616,31.361455,-0.234705,7.237529,7.739837,0.011359,0.883989
2017-06-29,6.9203,6.9203,6.7546,6.8167,9772438,-0.024367,26.446175,-0.238090,7.204537,7.702274,0.012277,0.886248
2017-06-30,6.8508,6.8508,6.7506,6.7636,9777901,-0.007796,25.122555,-0.242267,7.163107,7.664801,0.011350,0.882130
2017-07-03,6.7796,6.8041,6.7764,6.7912,6566105,0.004091,27.166358,-0.240572,7.126966,7.624731,0.011498,0.894216
2017-07-04,6.8044,6.8044,6.6917,6.7076,10372377,-0.012322,24.948270,-0.243178,7.080865,7.586761,0.010546,0.898008
2017-07-05,6.6979,6.7621,6.6979,6.7424,12273442,0.005197,27.600041,-0.239668,7.038834,7.548965,0.010859,0.896642
2017-07-06,6.7747,6.7747,6.5953,6.6220,10050481,-0.017858,24.393954,-0.243791,6.997590,7.508454,0.010854,0.898202
2017-07-07,6.6176,6.6260,6.6133,6.6239,5412222,0.000280,24.539233,-0.244096,6.960115,7.469355,0.010890,0.901817
2017-07-10,6.6214,6.6214,6.5274,6.5809,13718719,-0.006481,23.416544,-0.244977,6.920711,7.430971,0.010836,0.901272
2017-07-11,6.5888,6.5914,6.5790,6.5795,12717052,-0.000224,23.376996,-0.242994,6.886730,7.394825,0.010667,0.901756
2017-07-12,6.5681,6.5681,6.4549,6.5041,11401197,-0.011460,21.387295,-0.244686,6.846192,7.357193,0.010337,0.898598
2017-07-13,6.4954,6.5422,6.4359,6.4548,10449267,-0.007572,20.179144,-0.247151,6.804986,7.316544,0.010342,0.897359
2017-07-14,6.4455,6.4922,6.4455,6.4838,9995273,0.004498,22.942418,-0.243951,6.772899,7.282021,0.009946,0.896198
2017-07-17,6.4753,6.4753,6.3167,6.3523,18082530,-0.020282,19.627744,-0.249153,6.734981,7.243618,0.010514,0.892927
2017-07-18,6.3756,6.3756,6.2437,6.3333,17429364,-0.002994,19.195858,-0.251907,6.700854,7.211694,0.010366,0.891235
2017-07-19,6.3209,6.4177,6.3209,6.3806,13646380,0.007459,23.688385,-0.247425,6.672474,7.182646,0.010668,0.890963
2017-07-20,6.3731,6.3954,6.3137,6.3924,5173745,0.001850,24.813372,-0.240153,6.647209,7.152598,0.010724,0.890164
2017-07-21,6.3876,6.3965,6.3449,6.3863,11614875,-0.000956,24.611120,-0.232205,6.624036,7.122981,0.010714,0.889429
2017-07-24,6.3559,6.4883,6.3559,6.4680,8625654,0.012795,32.529836,-0.216814,6.597291,7.097497,0.009664,0.902776
2017-07-25,6.4198,6.4909,6.4198,6.4727,11954628,0.000726,32.965628,-0.201910,6.572139,7.072244,0.009719,0.902959
2017-07-26,6.5250,6.5677,6.4660,6.4730,10119328,0.000054,33.000373,-0.187905,6.546442,7.045299,0.009681,0.904073
2017-07-27,6.4337,6.5427,6.4337,6.5413,10840966,0.010546,39.576901,-0.169345,6.532670,7.021188,0.008886,0.900232
2017-07-28,6.5456,6.7352,6.5456,6.7216,9838638,0.027568,52.766450,-0.138488,6.530572,6.998375,0.010954,0.896728
2017-07-31,6.7361,6.7361,6.5644,6.6071,7606993,-0.017034,45.913523,-0.121868,6.521365,6.973118,0.011517,0.898893
2017-08-01,6.6029,6.7211,6.6029,6.7053,11062180,0.014867,51.707877,-0.099622,6.521255,6.952853,0.011751,0.887230
2017-08-02,6.7192,6.7192,6.6488,6.6525,11708954,-0.007878,48.687030,-0.085272,6.516759,6.932621,0.011814,0.880545
2017-08-03,6.6267,6.6864,6.6267,6.6781,10291123,0.003850,50.205872,-0.071014,6.519565,6.915054,0.011122,0.880159
2017-08-04,6.6319,7.0026,6.6319,6.8941,11526790,0.032338,60.754693,-0.041806,6.533076,6.901115,0.013206,0.884064
2017-08-07,6.9285,7.0470,6.9285,6.9823,13390500,0.012798,64.100958,-0.011409,6.553144,6.889021,0.013252,0.881961
2017-08-08,6.9902,6.9902,6.9628,6.9656,9393181,-0.002399,63.002696,0.011201,6.572449,6.878777,0.013289,0.886030
2017-08-09,6.9556,7.0054,6.9127,6.9294,16713042,-0.005190,60.589688,0.025904,6.593717,6.867134,0.013002,0.883967
2017-08-10,6.9239,7.0213,6.9239,6.9765,11285294,0.006801,62.600460,0.040887,6.619803,6.857133,0.012768,0.889653
2017-08-11,6.9633,6.9779,6.8291,6.9284,8912851,-0.006898,59.274537,0.048321,6.642031,6.843858,0.012995,0.884181
2017-08-14,6.9488,6.9595,6.8603,6.9058,12609737,-0.003264,57.722710,0.051791,6.669704,6.831692,0.011871,0.882745
2017-08-15,6.9360,6.9837,6.9185,6.9275,11916331,0.003142,58.836450,0.055651,6.699413,6.817651,0.011753,0.880329
2017-08-16,6.9000,6.9967,6.9000,6.9574,11932630,0.004313,60.384113,0.060424,6.728254,6.805138,0.011733,0.880662
2017-08-17,6.9809,6.9809,6.8727,6.9372,7388733,-0.002905,58.774479,0.061863,6.755493,6.794943,0.011835,0.878248
2017-08-18,6.9199,6.9199,6.8376,6.8823,14554167,-0.007904,54.527915,0.057911,6.780297,6.785123,0.012092,0.881451
2017-08-21,6.8553,6.8824,6.7109,6.7827,6717111,-0.014469,47.776361,0.046211,6.796037,6.773397,0.012555,0.891800
2017-08-22,6.7582,6.7688,6.7582,6.7676,7682412,-0.002227,46.829183,0.035313,6.810786,6.763569,0.012594,0.885001
2017-08-23,6.8237,6.8377,6.7542,6.7866,13082042,0.002808,48.219991,0.027888,6.826468,6.753005,0.012583,0.887117
2017-08-24,6.8082,6.8614,6.7835,6.8002,12561381,0.001991,49.236660,0.022831,6.839412,6.743430,0.012437,0.887842
2017-08-25,6.7965,6.9276,6.7965,6.8615,7661447,0.009022,53.683548,0.023502,6.846407,6.738149,0.011045,0.884295
2017-08-28,6.8345,6.9906,6.8345,6.9279,9337968,0.009675,57.973903,0.029056,6.862446,6.734493,0.010331,0.881903
2017-08-29,6.9131,6.9659,6.8757,6.9203,9200925,-0.001090,57.323417,0.032474,6.873196,6.732582,0.009927,0.874829
2017-08-30,6.9222,6.9496,6.9222,6.9468,12639084,0.003824,59.057086,0.036893,6.887911,6.732555,0.009679,0.878803
2017-08-31,6.9353,7.0389,6.9353,6.9754,11374170,0.004123,60.908116,0.042220,6.902777,6.734111,0.009682,0.876345
2017-09-01,6.9819,6.9819,6.9314,6.9346,8807692,-0.005859,56.951866,0.042652,6.904803,6.735808,0.006754,0.876330
2017-09-04,6.9133,7.1218,6.9133,7.0427,7749138,0.015597,63.676679,0.051132,6.907824,6.736606,0.007049,0.876072
2017-09-05,7.0362,7.1138,7.0362,7.0691,20418107,0.003739,65.105855,0.059294,6.913000,6.738473,0.007052,0.868809
2017-09-06,7.0649,7.0649,6.9804,7.0048,5620419,-0.009088,59.005875,0.059888,6.916771,6.738831,0.007275,0.870376
2017-09-07,6.9991,7.1091,6.9861,7.0886,10436457,0.011954,63.770401,0.066351,6.922373,6.744267,0.007592,0.874071
2017-09-08,7.0901,7.0901,7.0492,7.0609,6271258,-0.003906,61.236181,0.068450,6.928996,6.750214,0.007460,0.860651
2017-09-11,7.0675,7.0675,6.9686,6.9780,17901017,-0.011734,54.284031,0.062705,6.932608,6.753949,0.007938,0.863072
2017-09-12,6.9752,7.1734,6.9752,7.1439,9948321,0.023769,63.273341,0.070720,6.943428,6.762676,0.009482,0.865081
2017-09-13,7.1335,7.2716,7.1335,7.2112,15153529,0.009423,66.180065,0.081564,6.956119,6.772052,0.009628,0.858450
2017-09-14,7.2468,7.2468,7.0566,7.1004,8793917,-0.015364,58.038468,0.080293,6.964282,6.781620,0.010328,0.861238
2017-09-15,7.0662,7.3216,7.0662,7.2357,12118331,0.019060,63.883325,0.089177,6.981952,6.793858,0.010823,0.865606
2017-09-18,7.2903,7.3047,7.1979,7.2310,7376325,-0.000653,63.550373,0.094745,7.004366,6.806859,0.010096,0.850008
2017-09-19,7.2295,7.2597,7.1795,7.1798,11990867,-0.007083,59.907052,0.093941,7.024974,6.818866,0.010291,0.850799
2017-09-20,7.2448,7.3874,7.2448,7.3707,22997013,0.026589,67.407469,0.107470,7.054177,6.836199,0.011562,0.863342
2017-09-21,7.4489,7.4489,7.3613,7.4436,14241757,0.009893,69.736242,0.122662,7.086350,6.855975,0.011617,0.854347
2017-09-22,7.4028,7.4205,7.3806,7.4155,7781878,-0.003777,67.726820,0.130923,7.114050,6.874609,0.011712,0.851160
2017-09-25,7.4168,7.5419,7.4168,7.5191,9816201,0.013973,71.039050,0.144170,7.143611,6.897945,0.011861,0.851749
2017-09-26,7.5322,7.6571,7.5322,7.6081,10185210,0.011837,73.550074,0.160005,7.178001,6.923441,0.011912,0.844339
2017-09-27,7.5581,7.6051,7.5581,7.5834,11669588,-0.003249,71.690779,0.168616,7.209831,6.947498,0.012047,0.846668
2017-09-28,7.6167,7.6167,7.4768,7.5250,14576465,-0.007705,67.356531,0.168780,7.237307,6.970150,0.012351,0.842472
2017-09-29,7.5694,7.6739,7.5694,7.6133,9316438,0.011739,70.281755,0.174032,7.271244,6.994691,0.012248,0.843779
2017-10-02,7.6404,7.6404,7.6083,7.6116,9351446,-0.000225,70.150635,0.176027,7.299687,7.017564,0.012019,0.837817
2017-10-03,7.6152,7.6895,7.5996,7.6296,11976014,0.002364,70.768365,0.177020,7.327713,7.040703,0.012025,0.838858
2017-10-04,7.5859,7.5859,7.5152,7.5631,10351789,-0.008712,65.385821,0.170477,7.355628,7.062505,0.012003,0.840153
2017-10-05,7.5386,7.6248,7.5386,7.6097,16338569,0.006164,67.266388,0.167128,7.381688,7.083875,0.011868,0.840889
2017-10-06,7.6069,7.7169,7.6069,7.6889,11164712,0.010401,70.224067,0.168914,7.413089,7.103221,0.011822,0.837389
2017-10-09,7.6922,7.6922,7.5138,7.5370,14238138,-0.019754,59.174525,0.156271,7.441038,7.121819,0.012512,0.849772
2017-10-10,7.5236,7.5236,7.2830,7.4146,11668158,-0.016246,52.062524,0.134817,7.454572,7.136003,0.012372,0.865623
2017-10-11,7.4116,7.5119,7.3995,7.4207,17230272,0.000830,52.372316,0.116963,7.465048,7.151367,0.012246,0.860954
2017-10-12,7.4237,7.4237,7.2709,7.3231,12291287,-0.013149,47.167075,0.093858,7.476185,7.164268,0.012095,0.854858
2017-10-13,7.3596,7.3625,7.2800,7.3196,21008441,-0.000484,46.984288,0.074403,7.480377,7.172778,0.011380,0.852966
2017-10-16,7.3058,7.3058,7.2442,7.2553,12304553,-0.008782,43.680323,0.053185,7.481592,7.178238,0.011572,0.850621
2017-10-17,7.2877,7.3673,7.2877,7.3420,14082922,0.011942,48.896904,0.042867,7.489700,7.185766,0.011720,0.851589
2017-10-18,7.3460,7.3460,7.2319,7.2562,15811187,-0.011675,44.504981,0.027457,7.483977,7.192303,0.010403,0.849958
2017-10-19,7.2709,7.3963,7.2709,7.3223,14316950,0.009103,48.354473,0.020339,7.477911,7.199218,0.010362,0.853782
2017-10-20,7.2934,7.3476,7.2924,7.2978,18136919,-0.003350,47.049157,0.012574,7.472023,7.206606,0.010356,0.844967
2017-10-23,7.3144,7.3367,7.2037,7.2787,9964778,-0.002610,46.010788,0.004828,7.460003,7.214064,0.009762,0.836768
2017-10-24,7.2801,7.4177,7.2801,7.3617,9533724,0.011401,51.077640,0.005324,7.447682,7.222748,0.009731,0.836864
2017-10-25,7.3464,7.3741,7.2720,7.3483,13184281,-0.001817,50.259033,0.004585,7.435928,7.230568,0.009724,0.842581
2017-10-26,7.3902,7.4156,7.3735,7.4106,10615948,0.008478,53.960877,0.008924,7.430211,7.240037,0.009855,0.842708
2017-10-27,7.4801,7.4801,7.2870,7.3667,6144119,-0.005931,51.072940,0.008715,7.417879,7.249724,0.009464,0.839242
2017-10-30,7.3449,7.4370,7.3449,7.4143,8912539,0.006462,53.947352,0.012249,7.408013,7.262354,0.009632,0.840277
2017-10-31,7.4344,7.5920,7.4344,7.5305,13954117,0.015675,60.109436,0.024150,7.403058,7.277611,0.010330,0.845785
2017-11-01,7.5000,7.5915,7.5000,7.5742,12386361,0.005809,62.161758,0.036688,7.403613,7.293363,0.010240,0.844830
2017-11-02,7.5563,7.8171,7.5563,7.7409,20339777,0.022003,68.756578,0.059388,7.410171,7.312178,0.011291,0.857380
2017-11-03,7.7283,7.7283,7.6911,7.6972,10175117,-0.005648,65.529862,0.073008,7.410585,7.328892,0.011150,0.859936
2017-11-06,7.6983,7.6983,7.5485,7.5742,7349813,-0.015983,57.371051,0.073034,7.412442,7.341817,0.010824,0.866060
2017-11-07,7.5855,7.5855,7.5009,7.5338,12700939,-0.005328,54.953845,0.069002,7.418404,7.354086,0.010203,0.868136
2017-11-08,7.5712,7.7561,7.5712,7.6867,15484016,0.020297,61.562018,0.077255,7.431704,7.368884,0.011091,0.862367
2017-11-09,7.6925,7.7451,7.6464,7.7409,19835141,0.007045,63.598623,0.087161,7.452590,7.384193,0.010563,0.863385
2017-11-10,7.7168,7.8246,7.7168,7.7902,10551663,0.006377,65.398290,0.097866,7.476122,7.401306,0.010561,0.860488
2017-11-13,7.7314,7.7722,7.7314,7.7515,10886039,-0.004969,62.777059,0.102050,7.500932,7.415481,0.010367,0.854059
2017-11-14,7.7563,7.9579,7.7563,7.8362,11326740,0.010927,65.989151,0.110922,7.525645,7.430824,0.010325,0.860217
2017-11-15,7.8186,7.8186,7.6679,7.7109,34162357,-0.015990,58.013473,0.106613,7.548378,7.444946,0.010693,0.866438
2017-11-16,7.6415,7.8102,7.6415,7.7996,9412630,0.011506,61.556410,0.109099,7.572245,7.459167,0.010777,0.868193
2017-11-17,7.8450,8.0317,7.8450,8.0314,15464441,0.029712,68.931214,0.128291,7.608926,7.478578,0.012163,0.881074
2017-11-20,8.0753,8.1124,8.0319,8.0579,12491520,0.003305,69.649434,0.143983,7.647887,7.500176,0.012043,0.883724
2017-11-21,8.0927,8.1966,8.0925,8.1507,12726039,0.011511,72.078307,0.162036,7.687336,7.520312,0.012046,0.886792
2017-11-22,8.1298,8.1298,8.1075,8.1131,23501273,-0.004613,69.645075,0.171333,7.725573,7.538349,0.012148,0.887528
2017-11-23,8.1192,8.1192,7.9502,8.0129,8703819,-0.012353,63.492836,0.168670,7.755685,7.556598,0.012716,0.890454
2017-11-24,7.9748,7.9848,7.9569,7.9603,11253909,-0.006554,60.477881,0.160473,7.785368,7.571090,0.012743,0.890630
2017-11-27,7.9697,7.9697,7.8432,7.8655,9571279,-0.011917,55.364000,0.144654,7.807928,7.583779,0.013207,0.895957
2017-11-28,7.8541,7.8541,7.6519,7.7141,7878219,-0.019243,48.340462,0.118538,7.817110,7.594466,0.013746,0.902155
2017-11-29,7.7606,7.9240,7.7606,7.8901,16715800,0.022816,55.422407,0.110765,7.832904,7.604854,0.014543,0.906300
2017-11-30,7.8894,7.9489,7.8894,7.9315,12384830,0.005238,56.916063,0.106711,7.842432,7.614611,0.013802,0.907298
2017-12-01,7.9631,7.9631,7.8417,7.8874,9028714,-0.005557,54.807144,0.098802,7.851942,7.624049,0.013800,0.903906
2017-12-04,7.8946,7.8946,7.8287,7.8348,13003370,-0.006670,52.315172,0.087283,7.864973,7.630362,0.013335,0.901155
2017-12-05,7.8366,7.8749,7.8366,7.8571,8214932,0.002855,53.287506,0.079048,7.881140,7.635342,0.013230,0.901798
2017-12-06,7.8950,8.0178,7.8950,7.9820,11521954,0.015891,58.388788,0.081655,7.895904,7.643314,0.012946,0.907670
2017-12-07,7.9973,8.0300,7.9278,7.9851,7590841,0.000392,58.511048,0.083017,7.908117,7.652517,0.012894,0.905937
2017-12-08,8.0110,8.1149,8.0110,8.0446,15993763,0.007451,60.866066,0.087884,7.920837,7.661143,0.012918,0.904614
2017-12-11,8.0253,8.1370,8.0253,8.0747,10199788,0.003736,62.038204,0.093094,7.936995,7.670405,0.012828,0.908377
2017-12-12,8.0620,8.0981,7.9311,8.0468,14083927,-0.003451,60.236601,0.093891,7.947525,7.678749,0.012711,0.909032
2017-12-13,8.0583,8.0583,7.8213,7.9185,14905108,-0.015947,52.653784,0.083209,7.957904,7.685856,0.012708,0.907634
2017-12-14,7.9271,7.9271,7.6774,7.6837,12030360,-0.029645,42.190889,0.055166,7.952110,7.687336,0.014227,0.910757
2017-12-15,7.6999,7.6999,7.6437,7.6589,9061003,-0.003230,41.257313,0.030586,7.933487,7.686737,0.012303,0.912045
2017-12-18,7.6944,7.7394,7.6944,7.7381,9380757,0.010333,45.405110,0.017293,7.917494,7.690758,0.012569,0.907573
2017-12-19,7.7038,7.7067,7.5773,7.5953,16268143,-0.018452,39.927359,-0.004709,7.889724,7.694372,0.012666,0.912999
2017-12-20,7.6165,7.6165,7.5478,7.5731,13572344,-0.002918,39.137951,-0.023662,7.862725,7.697420,0.012663,0.913176
2017-12-21,7.5424,7.6493,7.5424,7.6492,12100533,0.010041,43.280851,-0.032175,7.844540,7.703940,0.012815,0.909312
2017-12-22,7.6741,7.6741,7.4218,7.4456,11651253,-0.026617,36.179708,-0.054720,7.818801,7.706460,0.013909,0.915102
2017-12-25,7.4613,7.5177,7.3369,7.4135,7203333,-0.004307,35.200086,-0.074317,7.796202,7.709623,0.013763,0.916771
2017-12-26,7.4189,7.5451,7.4189,7.4876,15263289,0.009991,39.289024,-0.082916,7.784874,7.712535,0.013481,0.916728
2017-12-27,7.4692,7.5700,7.4692,7.5584,5809381,0.009466,42.995873,-0.083054,7.768289,7.718579,0.012515,0.916176
2017-12-28,7.5567,7.5567,7.4247,7.4678,9792047,-0.011993,39.660540,-0.089447,7.745106,7.721489,0.012578,0.917747
2017-12-29,7.4187,7.5186,7.4104,7.4994,8686347,0.004236,41.369895,-0.090913,7.725708,7.725522,0.012661,0.922524
2018-01-01,7.4653,7.6253,7.4653,7.6200,11431862,0.016075,47.476114,-0.081408,7.714968,7.732348,0.013268,0.923241
2018-01-02,7.5967,7.7234,7.5967,7.7062,8281207,0.011316,51.376836,-0.066155,7.707422,7.739238,0.013540,0.921847
2018-01-03,7.7488,7.7516,7.6690,7.7122,15261713,0.000784,51.647772,-0.052969,7.693934,7.746516,0.012964,0.924766
2018-01-04,7.7329,7.7329,7.6933,7.6965,9486443,-0.002045,50.850983,-0.043293,7.679501,7.752233,0.012956,0.935533
2018-01-05,7.6860,7.7132,7.5972,7.6461,12013949,-0.006540,48.290958,-0.039234,7.659577,7.757822,0.012809,0.937046
2018-01-08,7.5950,7.6733,7.5950,7.6726,9497863,0.003458,49.722704,-0.033497,7.639472,7.762988,0.012802,0.937035
2018-01-09,7.6771,7.7448,7.6537,7.6714,7832880,-0.000160,49.654154,-0.028719,7.620699,7.765806,0.012810,0.936633
2018-01-10,7.6894,7.7335,7.6329,7.7095,14679999,0.004974,51.881298,-0.021604,7.610250,7.768511,0.012488,0.938132
2018-01-11,7.7610,7.7834,7.7610,7.7813,12985422,0.009316,55.841117,-0.010053,7.615130,7.769320,0.010744,0.935749
2018-01-12,7.7106,7.8634,7.7106,7.8609,8615947,0.010223,59.788131,0.005456,7.625228,7.772594,0.010906,0.936180
2018-01-15,7.8489,7.9231,7.8489,7.8959,24626259,0.004450,61.421136,0.020337,7.633118,7.779028,0.010729,0.937986
2018-01-16,7.8660,7.9584,7.8485,7.9366,12145845,0.005154,63.288756,0.035009,7.650182,7.787083,0.009720,0.935355
2018-01-17,7.9542,7.9802,7.9406,7.9495,7562519,0.001636,63.889512,0.047142,7.669004,7.792340,0.009646,0.929176
2018-01-18,7.9531,7.9531,7.8253,7.8926,13012221,-0.007169,59.302782,0.051564,7.681174,7.795374,0.009703,0.930595
2018-01-19,7.8474,7.8474,7.6103,7.6681,10419941,-0.028445,45.458058,0.036532,7.692299,7.792931,0.009987,0.933020
2018-01-22,7.7098,7.8883,7.7098,7.8450,16919091,0.023072,54.477346,0.038451,7.713873,7.794800,0.010974,0.935863
2018-01-23,7.8567,7.8902,7.7280,7.7905,12473680,-0.006942,51.646328,0.035173,7.729021,7.793886,0.011050,0.928294
2018-01-24,7.7684,7.7684,7.6057,7.6265,7717266,-0.021051,44.197394,0.019121,7.732425,7.792198,0.012034,0.931799
2018-01-25,7.6882,7.6882,7.5900,7.6002,11348204,-0.003447,43.123831,0.004230,7.739047,7.788210,0.011714,0.927718
2018-01-26,7.6167,7.7121,7.6146,7.6484,14995049,0.006341,45.726947,-0.003640,7.746497,7.780551,0.011755,0.927134
2018-01-29,7.6451,7.6695,7.6449,7.6627,7368681,0.001863,46.506540,-0.008628,7.748633,7.772646,0.011216,0.924163
2018-01-30,7.6682,7.6682,7.5277,7.6288,9928010,-0.004417,44.858425,-0.015137,7.744764,7.762209,0.010954,0.925639
2018-01-31,7.6601,7.8268,7.6601,7.7585,14523957,0.016992,51.890825,-0.009724,7.747075,7.755117,0.011629,0.932320
2018-02-01,7.7490,7.7573,7.7128,7.7152,7935098,-0.005581,49.614863,-0.008826,7.748010,7.749163,0.011694,0.930374
2018-02-02,7.7224,7.7224,7.5879,7.6257,8089244,-0.011595,45.203412,-0.015157,7.746989,7.742471,0.011900,0.931470
2018-02-05,7.6201,7.6401,7.5652,7.6022,8216456,-0.003082,44.094303,-0.021820,7.743471,7.737205,0.011888,0.932085
2018-02-06,7.5701,7.7263,7.5701,7.6743,8004570,0.009487,48.288189,-0.021038,7.743620,7.736410,0.012092,0.930904
2018-02-07,7.6700,7.8210,7.6700,7.7559,5837124,0.010622,52.614680,-0.013682,7.745937,7.733724,0.012276,0.929209
2018-02-08,7.7797,7.7797,7.6882,7.7635,5477019,0.000981,53.009935,-0.007157,7.745044,7.730364,0.012097,0.921905
2018-02-09,7.7459,7.8197,7.7371,7.7888,9993547,0.003261,54.373293,0.000057,7.741438,7.728392,0.011884,0.914707
2018-02-12,7.8038,7.8039,7.7140,7.7542,13380954,-0.004435,52.149802,0.002952,7.734356,7.726781,0.011860,0.906580
2018-02-13,7.8185,7.8185,7.6620,7.6916,6275681,-0.008078,48.293237,0.000190,7.722108,7.723471,0.011877,0.904309
2018-02-14,7.7162,7.7871,7.7162,7.7322,10091331,0.005273,50.829072,0.001260,7.711239,7.718474,0.011955,0.903502
2018-02-15,7.7950,7.9083,7.7363,7.7659,6873803,0.004363,52.898352,0.004775,7.704906,7.714089,0.011936,0.906703
2018-02-16,7.7955,7.8092,7.7951,7.7960,14429644,0.003882,54.731544,0.009880,7.711305,7.709118,0.010022,0.906408
2018-02-19,7.8230,7.9173,7.8230,7.9059,11517447,0.014093,60.730057,0.022531,7.714352,7.705743,0.009138,0.906008
2018-02-20,7.8563,8.0563,7.8563,8.0241,8451915,0.014952,65.956930,0.041615,7.726032,7.705289,0.009512,0.900032
2018-02-21,8.0648,8.0648,8.0005,8.0405,4009900,0.002040,66.619624,0.057399,7.746731,7.707729,0.007892,0.892708
2018-02-22,7.9995,7.9995,7.9561,7.9945,23734924,-0.005720,62.914272,0.065443,7.766444,7.713944,0.008000,0.892126
2018-02-23,7.9554,8.0091,7.9554,8.0021,10422535,0.000945,63.275648,0.071601,7.784125,7.720806,0.007957,0.901108
2018-02-26,7.9856,8.0451,7.9535,7.9869,15769057,-0.001888,61.975145,0.074405,7.800338,7.725784,0.008011,0.901127
2018-02-27,8.0290,8.0290,7.9204,7.9760,9676391,-0.001370,60.997128,0.074881,7.817697,7.733398,0.007909,0.900713
2018-02-28,7.9914,8.1553,7.9914,8.1502,11060209,0.021837,69.299268,0.088294,7.837282,7.744939,0.008441,0.902330
2018-03-01,8.1700,8.1700,8.1301,8.1361,7266923,-0.001728,68.038340,0.096673,7.858327,7.754678,0.008289,0.901325
2018-03-02,8.1579,8.1787,8.1125,8.1696,11433091,0.004125,69.464580,0.104814,7.885524,7.769160,0.007578,0.900646
2018-03-05,8.2142,8.2932,8.2142,8.2894,7456711,0.014656,73.933387,0.119549,7.919883,7.786678,0.007804,0.905371
2018-03-06,8.3156,8.3156,8.1888,8.2498,12086246,-0.004770,70.276054,0.126578,7.948658,7.801923,0.007961,0.902427
2018-03-07,8.3002,8.5599,8.3002,8.5312,11106185,0.034103,78.446565,0.153085,7.987425,7.821378,0.010401,0.910679
2018-03-08,8.5864,8.5864,8.4516,8.5334,11128132,0.000254,78.495628,0.172282,8.025920,7.842690,0.010416,0.900713
2018-03-09,8.5605,8.6073,8.5551,8.5896,14689958,0.006594,79.781861,0.189847,8.065962,7.864494,0.010417,0.900427
2018-03-12,8.5681,8.5681,8.4331,8.4470,14757699,-0.016609,68.581768,0.190065,8.100599,7.881034,0.011312,0.905381
2018-03-13,8.4655,8.4937,8.3333,8.3958,13569239,-0.006056,65.055257,0.183989,8.135809,7.894826,0.011204,0.901340
2018-03-14,8.3590,8.4395,8.3590,8.4057,7668954,0.001182,65.426611,0.177923,8.169488,7.908695,0.011225,0.901347
2018-03-15,8.4051,8.4740,8.4051,8.4727,8433456,0.007973,67.907288,0.176489,8.204830,7.924221,0.011256,0.906569
2018-03-16,8.4569,8.4945,8.4569,8.4866,7155707,0.001633,68.411269,0.174458,8.239357,7.941030,0.011273,0.893701
2018-03-19,8.4982,8.5756,8.4982,8.5643,11231122,0.009162,71.152603,0.177081,8.272279,7.958865,0.011101,0.893816
2018-03-20,8.5670,8.5670,8.4811,8.5018,13663374,-0.007302,66.178236,0.172130,8.296163,7.975474,0.011067,0.893224
2018-03-21,8.5247,8.5247,8.3621,8.4011,10945056,-0.011844,59.022602,0.158256,8.314193,7.989306,0.011552,0.892416
2018-03-22,8.4078,8.6692,8.4078,8.6677,17400516,0.031739,68.679825,0.166854,8.347856,8.007034,0.013121,0.903221
2018-03-23,8.6714,8.8865,8.6431,8.7216,8553402,0.006217,70.207915,0.175987,8.383835,8.024249,0.013106,0.903643
2018-03-26,8.6945,8.7206,8.6702,8.6843,7128538,-0.004276,67.744801,0.178163,8.418706,8.040019,0.013177,0.901620
2018-03-27,8.6677,8.6677,8.5432,8.5432,7633522,-0.016253,59.268988,0.166578,8.447066,8.052152,0.013913,0.900899
2018-03-28,8.4622,8.4948,8.4300,8.4855,10547152,-0.006750,56.176574,0.151003,8.463835,8.062872,0.013392,0.900738
2018-03-29,8.4993,8.6319,8.4993,8.6249,7111526,0.016426,61.416842,0.148198,8.488277,8.077519,0.013729,0.902049
2018-03-30,8.6487,8.7066,8.6487,8.6811,14702710,0.006512,63.320054,0.148792,8.513849,8.097780,0.013750,0.892380
2018-04-02,8.6546,8.6873,8.5938,8.6697,13097888,-0.001314,62.643929,0.146651,8.532863,8.114274,0.013507,0.892271
2018-04-03,8.6293,8.7090,8.6239,8.7046,9081480,0.004030,63.914488,0.146090,8.555601,8.132556,0.013406,0.890858
2018-04-04,8.6850,8.8012,8.6850,8.7690,11729390,0.007396,66.196128,0.149122,8.567492,8.155405,0.011283,0.891463
2018-04-05,8.7763,8.7763,8.6198,8.6935,9350295,-0.008613,61.299388,0.143772,8.575497,8.177270,0.011504,0.896833
2018-04-06,8.6763,8.6961,8.6396,8.6805,8874171,-0.001496,60.469894,0.136905,8.580039,8.197910,0.011439,0.887408
2018-04-09,8.6535,8.8418,8.6535,8.8184,14286889,0.015886,65.760313,0.140965,8.598608,8.221024,0.011172,0.878401
2018-04-10,8.8559,8.8976,8.7836,8.8858,9889221,0.007642,68.013404,0.147915,8.623105,8.246162,0.011058,0.879954
2018-04-11,8.9275,8.9645,8.9163,8.9246,13551903,0.004373,69.269002,0.154775,8.649049,8.269485,0.011055,0.885615
2018-04-12,8.9496,8.9496,8.8279,8.8617,9023241,-0.007047,64.832897,0.153368,8.668498,8.292416,0.011213,0.885536
2018-04-13,8.8199,9.0577,8.7934,8.8977,9843437,0.004060,66.167573,0.153388,8.689053,8.317856,0.011218,0.873564
2018-04-16,8.9319,8.9319,8.7274,8.8199,19170556,-0.008742,60.794774,0.145451,8.701831,8.342209,0.011366,0.869528
2018-04-17,8.8332,8.8440,8.6730,8.7731,7217938,-0.005304,57.757539,0.133843,8.715397,8.364185,0.011293,0.878340
2018-04-18,8.7817,8.7817,8.6532,8.6724,12171879,-0.011478,51.762634,0.115190,8.728964,8.382517,0.011270,0.871473
2018-04-19,8.6108,8.8045,8.6108,8.7775,16925469,0.012120,56.802740,0.107649,8.734453,8.402798,0.009171,0.873387
2018-04-20,8.8502,8.8747,8.8457,8.8510,5813957,0.008375,59.954151,0.106377,8.740923,8.424044,0.009252,0.874429
2018-04-23,8.8581,8.8927,8.8526,8.8754,10593246,0.002754,60.970912,0.106113,8.750477,8.446467,0.009184,0.874361
2018-04-24,8.8530,9.1278,8.8530,9.0390,20538319,0.018428,67.021548,0.117743,8.775265,8.473415,0.009001,0.877011
2018-04-25,9.0844,9.4587,9.0844,9.3886,11176086,0.038683,75.696216,0.153406,8.820420,8.506544,0.011758,0.892970
2018-04-26,9.3873,9.3873,9.1505,9.2327,18868778,-0.016610,67.205255,0.167159,8.850807,8.535880,0.012392,0.899584
2018-04-27,9.1727,9.1897,9.0286,9.1247,7523511,-0.011695,62.017907,0.167415,8.872988,8.562453,0.012819,0.899256
2018-04-30,9.1212,9.1212,8.9605,9.0556,9363781,-0.007569,58.886984,0.160198,8.892285,8.585447,0.012994,0.902715
2018-05-01,9.0244,9.0966,8.9332,8.9690,10359631,-0.009569,55.126812,0.145805,8.905503,8.604344,0.013250,0.905518
2018-05-02,8.9991,8.9991,8.9099,8.9374,7930944,-0.003522,53.778789,0.130348,8.913923,8.622282,0.013223,0.901942
2018-05-03,8.9592,8.9592,8.7957,8.8637,8421966,-0.008241,50.667563,0.110877,8.922437,8.639667,0.013208,0.908151
2018-05-04,8.8320,8.8848,8.7658,8.7843,6524436,-0.008961,47.477465,0.088022,8.927630,8.655312,0.013389,0.908439
2018-05-07,8.7539,8.8646,8.7425,8.8081,9335449,0.002705,48.521747,0.071009,8.927115,8.671735,0.012917,0.915468
2018-05-08,8.8056,8.8656,8.7430,8.8342,16707625,0.002966,49.705604,0.058954,8.924538,8.688899,0.012813,0.916580
2018-05-09,8.8255,8.8255,8.7235,8.7992,13632277,-0.003961,48.109472,0.046045,8.918268,8.701880,0.012792,0.910751
2018-05-10,8.7392,9.0147,8.7392,8.9554,8434646,0.017747,55.046346,0.047864,8.922950,8.718265,0.013327,0.905454
2018-05-11,8.9146,9.1684,8.9146,9.0768,9609964,0.013559,59.571891,0.058430,8.931905,8.736408,0.013623,0.904703
2018-05-14,9.0791,9.3165,9.0791,9.1812,11868571,0.011504,63.019588,0.074372,8.949970,8.754244,0.013606,0.890931
2018-05-15,9.2120,9.3986,9.2120,9.3765,12980178,0.021275,68.441585,0.101596,8.980140,8.776778,0.014133,0.896560
2018-05-16,9.3131,9.5479,9.3131,9.4992,8032216,0.013083,71.288666,0.131554,9.021479,8.796138,0.013834,0.892162
2018-05-17,9.4986,9.4986,9.2813,9.3144,15927445,-0.019458,62.185343,0.138781,9.048321,8.811759,0.014711,0.897704
2018-05-18,9.2611,9.2611,9.1905,9.2033,11503611,-0.011920,57.440387,0.134005,9.065935,8.824033,0.015023,0.899920
2018-05-21,9.2251,9.2251,8.9762,8.9916,17623732,-0.023010,49.657615,0.111842,9.071743,8.834925,0.016031,0.905612
2018-05-22,9.0237,9.1003,9.0204,9.0316,9817733,0.004448,51.007790,0.096394,9.071372,8.847640,0.015518,0.906158
2018-05-23,9.0482,9.0482,8.9402,8.9670,15278591,-0.007154,48.734034,0.078038,9.050289,8.858864,0.012632,0.901443
2018-05-24,8.9571,8.9571,8.8272,8.8791,11135581,-0.009800,45.746983,0.055758,9.032609,8.866991,0.012311,0.901641
2018-05-25,8.8541,9.1548,8.8541,9.1336,15410151,0.028664,54.454001,0.057969,9.033054,8.879931,0.013831,0.908028
2018-05-28,9.1401,9.1833,9.1401,9.1796,16004025,0.005034,55.832927,0.062708,9.039250,8.892236,0.013748,0.906357
2018-05-29,9.1779,9.3186,9.1779,9.3129,5644074,0.014525,59.648539,0.076343,9.056447,8.908458,0.013850,0.908685
2018-05-30,9.3173,9.5382,9.2951,9.3221,12923304,0.000984,59.905015,0.086887,9.075680,8.926877,0.013792,0.893397
2018-05-31,9.3463,9.3573,9.2165,9.2333,13247830,-0.009518,56.182977,0.087080,9.094160,8.938189,0.013846,0.895440
2018-06-01,9.2256,9.2853,9.1715,9.2431,7824087,0.001053,56.501838,0.087014,9.117098,8.948617,0.013603,0.895280
2018-06-04,9.3102,9.3102,9.2001,9.2067,10190527,-0.003931,54.893890,0.083073,9.137030,8.959065,0.013682,0.893445
2018-06-05,9.2117,9.2117,8.9087,8.9751,7900651,-0.025157,45.922070,0.060562,9.144076,8.967703,0.014992,0.899645
2018-06-06,8.9148,8.9148,8.8433,8.8630,15235178,-0.012496,42.315377,0.033288,9.147264,8.975251,0.015257,0.894599
2018-06-07,8.7899,8.8077,8.7832,8.8061,8613480,-0.006410,40.576859,0.007008,9.139803,8.978876,0.014766,0.891839
2018-06-08,8.8439,8.8439,8.8221,8.8385,12564065,0.003672,42.036421,-0.011082,9.127888,8.982024,0.014424,0.890963
2018-06-11,8.8740,8.8740,8.6914,8.7207,10322434,-0.013328,38.341429,-0.034527,9.104862,8.983044,0.014338,0.893231
2018-06-12,8.6957,8.7653,8.6915,8.7019,9401143,-0.002151,37.772171,-0.053997,9.071131,8.982990,0.013208,0.895193
2018-06-13,8.7326,8.7326,8.6064,8.6174,14177140,-0.009713,35.233233,-0.075380,9.027041,8.979958,0.012661,0.895007
2018-06-14,8.6028,8.6691,8.5860,8.5938,6481307,-0.002738,34.535503,-0.093155,8.991012,8.977965,0.012184,0.881339
2018-06-15,8.6310,8.7807,8.6310,8.7162,7718201,0.014244,41.058162,-0.096255,8.966656,8.978680,0.012678,0.881451
2018-06-18,8.7262,8.8614,8.7262,8.8279,11145338,0.012811,46.312814,-0.088679,8.958472,8.978870,0.012169,0.883722
2018-06-19,8.8075,8.8430,8.6644,8.8049,10357136,-0.002599,45.416800,-0.083564,8.947140,8.977254,0.012109,0.885678
2018-06-20,8.8300,8.8300,8.7309,8.7560,6046633,-0.005561,43.483512,-0.082509,8.936591,8.973881,0.012073,0.885775
2018-06-21,8.7922,8.7986,8.6984,8.7839,19226873,0.003185,44.921410,-0.078519,8.931830,8.972324,0.011930,0.882893
2018-06-22,8.7515,8.9570,8.7515,8.9553,10409778,0.019520,52.863314,-0.060819,8.922917,8.973477,0.010884,0.885220
2018-06-25,8.9895,8.9895,8.8122,8.8763,9505541,-0.008825,49.332594,-0.052563,8.907753,8.974604,0.010926,0.885826
2018-06-26,8.8623,8.9899,8.8623,8.9753,11828648,0.011152,53.520182,-0.037599,8.890872,8.978648,0.010687,0.887891
2018-06-27,8.9755,9.1246,8.9755,9.0937,6202775,0.013198,57.994296,-0.015997,8.879456,8.987074,0.011191,0.889662
2018-06-28,9.1211,9.2094,9.0520,9.1427,18752590,0.005382,59.719585,0.005014,8.874923,8.994377,0.011102,0.881573
2018-06-29,9.1251,9.3050,9.1251,9.2912,13452283,0.016239,64.484865,0.033262,8.877327,9.003179,0.011712,0.888614
2018-07-02,9.3272,9.3272,9.0557,9.1624,10327650,-0.013861,58.067749,0.044742,8.875109,9.008918,0.012105,0.896760
2018-07-03,9.1019,9.1888,9.0819,9.0961,6250062,-0.007228,55.034611,0.047943,8.881160,9.010061,0.010745,0.893349
2018-07-04,9.1393,9.1961,9.0966,9.1178,9694397,0.002384,55.847859,0.051634,8.893903,9.004645,0.010287,0.893005
2018-07-05,9.1474,9.1474,8.9418,9.0259,24670963,-0.010082,51.588653,0.046605,8.904891,9.000509,0.010466,0.888934
2018-07-06,8.9818,8.9818,8.8148,8.8997,7638470,-0.013977,46.362862,0.032069,8.907954,8.996010,0.010985,0.889665
2018-07-09,8.8864,8.8864,8.7306,8.7335,11569645,-0.018678,40.536175,0.007056,8.908596,8.989568,0.011395,0.892705
2018-07-10,8.7250,8.8374,8.7250,8.8159,9018571,0.009438,44.275963,-0.006047,8.914298,8.986508,0.011566,0.889727
2018-07-11,8.7851,8.7851,8.6594,8.7059,13149478,-0.012481,40.604670,-0.025021,8.918723,8.981878,0.011713,0.889294
2018-07-12,8.6795,8.7561,8.6689,8.6950,8414027,-0.001250,40.249142,-0.040470,8.923784,8.978504,0.011695,0.888028
2018-07-13,8.6693,8.6764,8.6693,8.6746,11467759,-0.002347,39.549990,-0.053741,8.921704,8.976310,0.011261,0.884622
2018-07-16,8.6573,8.6573,8.4172,8.4786,8914067,-0.022600,33.524917,-0.079165,8.904239,8.969720,0.011878,0.886310
2018-07-17,8.4750,8.5263,8.4750,8.5173,11940320,0.004568,35.611830,-0.095092,8.889857,8.963382,0.011965,0.882615
2018-07-18,8.5444,8.5959,8.5444,8.5901,8546987,0.008542,39.456889,-0.100683,8.881562,8.959199,0.012133,0.859068
2018-07-19,8.6025,8.6418,8.5910,8.6290,8315809,0.004534,41.471665,-0.100809,8.873819,8.952672,0.012161,0.855655
2018-07-20,8.6376,8.9224,8.6376,8.8655,15628851,0.027412,51.934353,-0.080890,8.869330,8.948447,0.012957,0.867721
2018-07-23,8.8892,9.0735,8.8892,8.9328,6657054,0.007584,54.428225,-0.058999,8.872155,8.943478,0.012917,0.866844
2018-07-24,8.9485,8.9789,8.9485,8.9729,7761057,0.004487,55.897270,-0.037978,8.872034,8.935405,0.012709,0.865569
2018-07-25,8.9014,8.9936,8.8261,8.8975,9243705,-0.008400,52.472060,-0.027088,8.862221,8.923371,0.012449,0.870586
2018-07-26,8.8898,8.8898,8.6994,8.7072,12294089,-0.021382,44.979575,-0.033423,8.840449,8.911228,0.013144,0.875351
2018-07-27,8.7003,8.9306,8.7003,8.8744,9998894,0.019201,51.529469,-0.024670,8.819613,8.904650,0.013379,0.881123
2018-07-30,8.8757,8.8757,8.7288,8.7890,6698814,-0.009623,48.362572,-0.024342,8.800946,8.900599,0.013218,0.882261
2018-07-31,8.7712,8.7712,8.5629,8.6997,12386576,-0.010162,45.231547,-0.030933,8.781126,8.893962,0.013295,0.883389
2018-08-01,8.7320,8.7320,8.5002,8.5773,8858225,-0.014075,41.285165,-0.045512,8.754098,8.886169,0.013508,0.880626
2018-08-02,8.6294,8.6294,8.3633,8.4805,8181472,-0.011286,38.430416,-0.064139,8.726826,8.878196,0.013544,0.879760
2018-08-03,8.4786,8.4786,8.3307,8.3979,10716453,-0.009741,36.134213,-0.084591,8.701732,8.863482,0.013396,0.880359
2018-08-06,8.3859,8.4889,8.3132,8.3891,9200790,-0.001047,35.888459,-0.100352,8.684509,8.847672,0.012866,0.893648
2018-08-07,8.3991,8.5535,8.3991,8.5507,19326644,0.019273,43.499098,-0.098659,8.671249,8.832429,0.013496,0.892644
2018-08-08,8.6176,8.6176,8.4919,8.4942,11716645,-0.006617,41.636259,-0.100723,8.660662,8.815870,0.013306,0.896270
2018-08-09,8.5352,8.5352,8.3487,8.3927,6980295,-0.011946,38.455760,-0.109286,8.645545,8.799057,0.013524,0.892663
2018-08-10,8.4069,8.4684,8.2931,8.3778,17561992,-0.001771,37.997775,-0.115936,8.630705,8.781753,0.013523,0.881293
2018-08-13,8.3872,8.4986,8.3872,8.4692,9859614,0.010912,42.530023,-0.112532,8.630238,8.767003,0.012850,0.874505
2018-08-14,8.4633,8.4633,8.3477,8.3733,10909178,-0.011333,39.283363,-0.116239,8.623036,8.754966,0.013044,0.876640
2018-08-15,8.3736,8.3736,8.1419,8.1860,12394204,-0.022366,33.853022,-0.132758,8.602832,8.741426,0.013697,0.883605
2018-08-16,8.1806,8.1806,8.0913,8.0978,5543319,-0.010768,31.636313,-0.151218,8.576274,8.727260,0.013722,0.884476
2018-08-17,8.0968,8.1482,8.0257,8.0551,12347014,-0.005274,30.591179,-0.167365,8.535754,8.711593,0.011696,0.871434
2018-08-20,8.0910,8.1629,8.0785,8.1195,5540980,0.007992,34.124122,-0.172973,8.495091,8.699570,0.011719,0.870543
2018-08-21,8.1695,8.1695,7.9962,8.0264,13689015,-0.011469,31.617058,-0.182824,8.447768,8.686060,0.011603,0.870490
2018-08-22,8.0320,8.0808,7.9150,7.9879,13242145,-0.004791,30.616633,-0.191527,8.402290,8.673470,0.011584,0.881934
2018-08-23,8.0006,8.0953,8.0006,8.0081,11163316,0.002524,31.834503,-0.194554,8.367333,8.661756,0.011060,0.881251
2018-08-24,8.0098,8.0098,7.5724,7.7175,10531297,-0.036282,25.019663,-0.217886,8.309489,8.641783,0.011834,0.894262
2018-08-27,7.7439,7.8327,7.7439,7.8020,10314272,0.010938,29.726549,-0.226950,8.260135,8.621264,0.012461,0.897708
2018-08-28,7.8276,7.8276,7.7477,7.7511,18857373,-0.006525,28.562141,-0.235525,8.212702,8.600187,0.012421,0.886589
2018-08-29,7.7873,7.7873,7.7336,7.7367,5826279,-0.001846,28.227411,-0.240701,8.170676,8.579802,0.012287,0.889098
2018-08-30,7.7799,7.7799,7.6059,7.6075,11262059,-0.016705,25.339059,-0.252323,8.127028,8.556275,0.012489,0.872254
2018-08-31,7.6263,7.7603,7.6263,7.7176,14081833,0.014467,31.743945,-0.249774,8.093013,8.531520,0.013194,0.879007
2018-09-03,7.7369,7.8967,7.7369,7.7912,19265580,0.009536,35.715128,-0.239060,8.063118,8.509817,0.013532,0.878141
2018-09-04,7.7729,7.7729,7.5748,7.6111,11089232,-0.023112,30.967453,-0.242306,8.016134,8.482533,0.013072,0.883887
2018-09-05,7.6194,7.6441,7.5362,7.5614,9509322,-0.006524,29.791484,-0.246049,7.969498,8.451887,0.013071,0.884796
2018-09-06,7.5854,7.5854,7.4014,7.5017,13707847,-0.007905,28.393527,-0.250946,7.924946,8.419067,0.013001,0.881648
2018-09-07,7.4800,7.4800,7.3915,7.4325,10938812,-0.009225,26.824280,-0.257442,7.877678,8.381893,0.012995,0.881344
2018-09-10,7.4246,7.5028,7.4246,7.4687,10517908,0.004877,29.036595,-0.256707,7.827651,8.348019,0.012650,0.879015
2018-09-11,7.4701,7.5397,7.4701,7.4886,10390322,0.002663,30.282057,-0.251620,7.783417,8.315868,0.012737,0.878415
2018-09-12,7.5128,7.6477,7.5128,7.6212,14256736,0.017705,38.083786,-0.234189,7.755176,8.285935,0.013090,0.874866
2018-09-13,7.6415,7.6522,7.6315,7.6435,10978490,0.002926,39.313718,-0.216086,7.732458,8.258287,0.013047,0.872012
2018-09-14,7.6302,7.6302,7.4759,7.4935,10236631,-0.019620,34.368839,-0.211402,7.704376,8.230162,0.013573,0.880587
2018-09-17,7.5195,7.5195,7.3949,7.3978,12465510,-0.012773,31.633870,-0.212959,7.668290,8.203448,0.013440,0.879614
2018-09-18,7.4096,7.4163,7.3103,7.3954,14162751,-0.000322,31.566564,-0.211942,7.636741,8.175037,0.013369,0.877258
2018-09-19,7.4041,7.4041,7.2066,7.3034,7851774,-0.012447,28.998250,-0.216073,7.602512,8.146986,0.013502,0.875382
2018-09-20,7.3063,7.4182,7.2783,7.3011,10318124,-0.000312,28.935424,-0.217029,7.567161,8.119107,0.013441,0.875789
2018-09-21,7.3206,7.3961,7.3206,7.3557,14196654,0.007484,32.697273,-0.210946,7.549070,8.092729,0.011407,0.871909
2018-09-24,7.3534,7.3709,7.2979,7.3663,10472072,0.001433,33.429155,-0.202935,7.527284,8.070483,0.011016,0.870836
2018-09-25,7.3728,7.3728,7.1542,7.1673,6991264,-0.027014,27.375460,-0.210220,7.498095,8.043482,0.012262,0.876783
2018-09-26,7.2171,7.2171,7.0638,7.1027,13233408,-0.009014,25.745433,-0.218686,7.466391,8.013734,0.012305,0.875012
2018-09-27,7.1164,7.2163,7.1164,7.2120,10106018,0.015389,33.012821,-0.214107,7.446614,7.985393,0.012675,0.882207
2018-09-28,7.2546,7.2546,7.1190,7.1684,6870265,-0.006042,31.681635,-0.211556,7.419156,7.951450,0.012036,0.882633
2018-10-01,7.2034,7.2034,7.0314,7.0725,7874051,-0.013372,28.918934,-0.214793,7.383225,7.914245,0.011806,0.876570
2018-10-02,7.1068,7.1424,7.0946,7.1100,9175427,0.005301,31.437307,-0.211890,7.358172,7.876989,0.011174,0.879158
2018-10-03,7.1078,7.1841,7.0907,7.1657,12763141,0.007828,35.112718,-0.202761,7.338385,7.842353,0.011417,0.875146
2018-10-04,7.1625,7.3306,7.1625,7.2550,11591807,0.012462,40.613200,-0.186175,7.326051,7.813308,0.011823,0.878134
2018-10-05,7.2906,7.2906,7.2258,7.2383,6987910,-0.002295,39.933427,-0.172386,7.316346,7.780586,0.011688,0.880409
2018-10-08,7.2093,7.2881,7.2093,7.2672,14464455,0.003992,41.755267,-0.157314,7.306272,7.750150,0.011665,0.881668
2018-10-09,7.2465,7.3257,7.2465,7.3210,15034131,0.007404,45.094946,-0.139420,7.297895,7.722576,0.011798,0.881519
2018-10-10,7.3533,7.5156,7.3533,7.4702,11776909,0.020373,53.119249,-0.111913,7.290346,7.700435,0.012034,0.878418
2018-10-11,7.4383,7.7009,7.4383,7.6357,10707558,0.022152,60.088492,-0.075886,7.289956,7.683539,0.013081,0.885331
2018-10-12,7.6689,7.7915,7.6689,7.7871,8409031,0.019829,65.187898,-0.034717,7.304635,7.671323,0.012935,0.875444
2018-10-15,7.7968,7.7968,7.6567,7.6660,10664487,-0.015555,58.723870,-0.011729,7.318043,7.656861,0.013116,0.878381
2018-10-16,7.6793,7.8381,7.6793,7.7473,18857160,0.010616,61.487094,0.012908,7.335639,7.640793,0.013247,0.877047
2018-10-17,7.7033,7.7945,7.7033,7.7934,10024800,0.005939,62.995498,0.035733,7.360139,7.626777,0.012792,0.876989
2018-10-18,7.7830,7.8798,7.7830,7.8619,8646040,0.008797,65.183502,0.058678,7.388180,7.616161,0.012818,0.876122
2018-10-19,7.8531,7.9556,7.8531,7.8831,10793485,0.002702,65.857088,0.077681,7.414552,7.606268,0.012790,0.867275
2018-10-22,7.8811,8.0796,7.8811,8.0054,8801793,0.015514,69.514182,0.101439,7.446511,7.596992,0.013052,0.869328
2018-10-23,8.0786,8.1376,8.0690,8.0780,10174945,0.009067,71.467655,0.124688,7.492049,7.591087,0.010803,0.869826
2018-10-24,8.1800,8.3453,8.1800,8.3140,10375824,0.029207,76.694971,0.160303,7.552614,7.593647,0.011363,0.887759
2018-10-25,8.2725,8.3244,8.1978,8.2503,13627693,-0.007659,72.817542,0.181301,7.604531,7.596696,0.011734,0.892106
2018-10-26,8.2057,8.2633,8.1961,8.2015,9560073,-0.005912,69.902101,0.191794,7.656187,7.599623,0.011726,0.891461
2018-10-29,8.1903,8.2492,8.1168,8.1786,9694282,-0.002799,68.511919,0.195999,7.711488,7.600804,0.010983,0.891868
2018-10-30,8.2037,8.2208,8.1223,8.1734,8281510,-0.000630,68.183921,0.196648,7.764657,7.603744,0.011120,0.889057
2018-10-31,8.1563,8.1563,8.0755,8.1054,10758152,-0.008320,63.842502,0.189491,7.811643,7.606094,0.011635,0.889499
2018-11-01,8.1248,8.1248,7.8173,7.8841,9434728,-0.027302,52.196000,0.164071,7.843099,7.603614,0.013726,0.896326
2018-11-02,7.8216,7.8992,7.8216,7.8602,9988475,-0.003030,51.112152,0.140380,7.874193,7.606467,0.013746,0.902296
2018-11-05,7.9063,7.9867,7.7794,7.8985,6000125,0.004870,52.803427,0.123272,7.905756,7.608398,0.013746,0.903310
2018-11-06,7.9208,7.9727,7.8780,7.9450,6058435,0.005893,54.849005,0.112177,7.936957,7.612278,0.013732,0.896936
2018-11-07,7.9214,8.1357,7.9214,8.1167,15407813,0.021611,61.481117,0.115902,7.969284,7.619878,0.013812,0.898947
2018-11-08,8.1506,8.1977,8.1196,8.1732,8878499,0.006958,63.386175,0.122005,7.996161,7.631192,0.013178,0.896175
2018-11-09,8.1436,8.2666,8.1436,8.2662,10333512,0.011382,66.339399,0.132818,8.020120,7.642166,0.012756,0.898222
2018-11-12,8.2719,8.3286,8.1601,8.2486,9992452,-0.002136,65.263380,0.138367,8.049251,7.651314,0.012059,0.897192
2018-11-13,8.2597,8.3803,8.2597,8.3399,8293984,0.011073,68.141856,0.148423,8.078881,7.665891,0.012073,0.896512
2018-11-14,8.3225,8.3915,8.3165,8.3791,6906195,0.004697,69.316197,0.157736,8.108168,7.682245,0.012064,0.897082
2018-11-15,8.3779,8.5901,8.3779,8.5495,7692058,0.020339,73.835265,0.176830,8.142548,7.703202,0.012586,0.899925
2018-11-16,8.5737,8.5737,8.4997,8.5133,9280838,-0.004232,71.429900,0.186888,8.174058,7.724820,0.012726,0.893307
2018-11-19,8.5458,8.6863,8.5458,8.6164,17541336,0.012104,74.025136,0.200858,8.204605,7.747773,0.012585,0.890854
2018-11-20,8.6245,8.7582,8.6245,8.7431,13955011,0.014712,76.815127,0.219627,8.237860,7.772864,0.012772,0.886483
2018-11-21,8.7588,8.7588,8.4601,8.6515,7793887,-0.010480,70.887901,0.224519,8.254737,7.793471,0.011694,0.886144
2018-11-22,8.6257,8.6752,8.6257,8.6567,15652098,0.000601,71.024615,0.226209,8.275058,7.813736,0.011476,0.904950
2018-11-23,8.6242,8.9031,8.6242,8.9006,19106039,0.028174,76.577607,0.244411,8.310013,7.841878,0.012638,0.909493
2018-11-26,8.9211,8.9285,8.8388,8.8632,7775957,-0.004206,74.225921,0.252899,8.344244,7.871186,0.012683,0.909621
2018-11-27,8.8317,9.0545,8.8317,8.9684,11126969,0.011873,76.417926,0.265062,8.383993,7.902646,0.012745,0.900818
2018-11-28,8.9770,9.1737,8.9770,9.1476,12071440,0.019979,79.599443,0.285864,8.436102,7.939530,0.012791,0.900699
2018-11-29,9.0832,9.2940,9.0832,9.2278,8224560,0.008773,80.845853,0.305305,8.503288,7.978065,0.010083,0.905264
2018-11-30,9.2233,9.3500,9.1830,9.2456,12313818,0.001925,81.120790,0.318475,8.572556,8.015862,0.009858,0.907960
2018-12-03,9.2085,9.2085,8.9760,9.0072,12938231,-0.025780,67.184179,0.306150,8.627993,8.048681,0.012445,0.915733
2018-12-04,9.0369,9.0633,9.0369,9.0457,14951479,0.004271,68.135604,0.296073,8.683025,8.086250,0.012456,0.917931
2018-12-05,9.0266,9.0266,8.7508,8.7931,12518925,-0.027921,56.543701,0.264656,8.716845,8.120059,0.014123,0.926886
2018-12-06,8.8162,8.9415,8.8162,8.9319,9455664,0.015780,60.517862,0.248095,8.754778,8.154458,0.014352,0.928962
2018-12-07,8.8907,8.9448,8.8907,8.9421,7780493,0.001142,60.801752,0.233106,8.788570,8.189932,0.014278,0.925374
2018-12-10,8.9773,9.1231,8.9773,9.0704,5998478,0.014351,64.280230,0.228943,8.829662,8.229889,0.014379,0.928435
2018-12-11,9.0534,9.0534,8.9400,8.9844,7470605,-0.009481,60.411205,0.216212,8.861887,8.267377,0.014643,0.931193
2018-12-12,8.9660,8.9660,8.7339,8.8139,12217503,-0.018979,53.531308,0.190172,8.883627,8.300342,0.015501,0.932206
2018-12-13,8.7848,8.9601,8.7848,8.9436,7545441,0.014714,57.496151,0.177948,8.903331,8.334114,0.015212,0.930639
2018-12-14,8.9427,8.9565,8.8298,8.9398,9392605,-0.000427,57.340887,0.166038,8.924653,8.368142,0.015149,0.931114
2018-12-17,8.9680,8.9970,8.8086,8.8862,10813385,-0.005990,55.095942,0.150544,8.938145,8.400522,0.015089,0.931466
2018-12-18,8.8752,8.8978,8.7485,8.8390,15782456,-0.005319,53.118884,0.132918,8.942936,8.430881,0.014839,0.922539
2018-12-19,8.8468,9.1461,8.8468,9.0383,13800452,0.022549,59.687709,0.133493,8.962274,8.462242,0.015364,0.921050
2018-12-20,9.0352,9.2479,9.0352,9.0929,11022255,0.006045,61.288869,0.136781,8.984083,8.491387,0.015380,0.920883
2018-12-21,9.0683,9.1095,9.0468,9.1095,10118549,0.001820,61.783930,0.139118,8.994526,8.517835,0.014151,0.914364
2018-12-24,9.0496,9.3267,9.0496,9.2604,9045181,0.016571,66.049815,0.151406,9.014388,8.549724,0.014488,0.912246
2018-12-25,9.2378,9.5425,9.2378,9.4435,8308754,0.019773,70.370239,0.173914,9.038143,8.583647,0.014866,0.918354
2018-12-26,9.4507,9.5037,9.4367,9.4816,13251338,0.004029,71.190565,0.192602,9.054843,8.617411,0.014307,0.919313
2018-12-27,9.4743,9.4743,9.2131,9.2304,12677329,-0.026489,59.482164,0.185013,9.054971,8.644781,0.015534,0.924622
2018-12-28,9.2174,9.2427,9.0880,9.1426,10332738,-0.009510,56.014817,0.169956,9.049823,8.669971,0.015674,0.924070
2018-12-31,9.1809,9.2542,9.1629,9.2436,9673168,0.011047,58.977976,0.164280,9.061642,8.694734,0.014672,0.924553
2019-01-01,9.1887,9.2234,9.1887,9.2194,11206870,-0.002623,57.968460,0.156027,9.070326,8.717561,0.014682,0.922816
2019-01-02,9.2204,9.2722,9.1458,9.1952,10770880,-0.002625,56.920931,0.145852,9.090429,8.735185,0.013054,0.927973
2019-01-03,9.1043,9.2194,9.1043,9.1692,14885861,-0.002827,55.755827,0.134144,9.102293,8.753563,0.012702,0.925695
2019-01-04,9.1513,9.4898,9.1513,9.4400,10397204,0.029531,64.019001,0.145043,9.127187,8.778332,0.014174,0.924753
2019-01-07,9.3910,9.4870,9.3910,9.4606,11794693,0.002182,64.561318,0.153573,9.146694,8.803972,0.013912,0.919516
2019-01-08,9.4684,9.4684,9.3848,9.4036,7626493,-0.006024,61.786861,0.153960,9.167651,8.828575,0.013780,0.911071
2019-01-09,9.3627,9.4792,9.3627,9.4619,6259595,0.006205,63.515537,0.157163,9.200052,8.855705,0.012845,0.913692
2019-01-10,9.4651,9.4869,9.3884,9.4748,9687966,0.001357,63.902596,0.158906,9.226610,8.887518,0.012583,0.914795
2019-01-11,9.4217,9.5319,9.3832,9.4219,8593505,-0.005584,61.030230,0.154240,9.250714,8.918751,0.012708,0.914070
2019-01-14,9.3766,9.4519,9.3317,9.3826,6974774,-0.004171,58.911882,0.145691,9.275531,8.948432,0.012649,0.909973
2019-01-15,9.3934,9.3934,9.2082,9.2087,10023659,-0.018529,50.552684,0.123465,9.294018,8.973705,0.013417,0.912820
2019-01-16,9.1873,9.3443,9.1873,9.3387,7272370,0.014121,55.624569,0.115018,9.309041,8.998145,0.012863,0.900241
2019-01-17,9.3435,9.3847,9.3412,9.3464,9793878,0.000823,55.912391,0.107702,9.321717,9.021610,0.012823,0.898581
2019-01-18,9.3473,9.5494,9.3473,9.4565,10496146,0.011780,59.922905,0.109525,9.339071,9.045415,0.013030,0.898684
2019-01-21,9.4893,9.8436,9.4893,9.7620,6276619,0.032302,68.487665,0.134073,9.364150,9.075683,0.014365,0.896688
2019-01-22,9.8038,9.9468,9.8038,9.9416,6527197,0.018398,72.243615,0.166105,9.389054,9.107716,0.014282,0.899437
2019-01-23,9.9922,9.9922,9.7004,9.7609,8148648,-0.018171,63.982896,0.174898,9.403023,9.135353,0.015015,0.899175
2019-01-24,9.7418,9.7418,9.6396,9.6623,14361178,-0.010108,59.950902,0.171922,9.424616,9.157608,0.013802,0.889357
2019-01-25,9.6357,9.7022,9.6357,9.6767,11260722,0.001495,60.344865,0.168785,9.451321,9.180876,0.013520,0.887916
2019-01-28,9.6492,10.0483,9.6492,10.0472,16328848,0.038285,68.817799,0.193956,9.491500,9.209492,0.015594,0.896329
2019-01-29,10.1023,10.2016,10.0807,10.1440,9786990,0.009640,70.587112,0.219193,9.537733,9.237510,0.015548,0.899246
2019-01-30,10.1612,10.3063,10.1612,10.2645,12110682,0.011870,72.663833,0.246073,9.591197,9.269769,0.015517,0.896981
2019-01-31,10.1828,10.2192,10.1088,10.1677,8264097,-0.009424,68.480815,0.256612,9.641124,9.299989,0.015774,0.899269
2019-02-01,10.1586,10.1617,9.9568,10.1262,13865057,-0.004081,66.706620,0.258634,9.675437,9.324501,0.014818,0.898353
2019-02-04,10.0730,10.1776,10.0730,10.1717,9868915,0.004495,67.695276,0.260903,9.710996,9.350673,0.014815,0.898324
2019-02-05,10.1437,10.1437,9.7503,9.8650,8167370,-0.030161,55.691812,0.235233,9.734065,9.368604,0.016535,0.893899
2019-02-06,9.8277,9.8322,9.7876,9.8157,18492237,-0.004995,54.034490,0.208510,9.751753,9.381966,0.016594,0.894312
2019-02-07,9.8145,9.8443,9.7564,9.7763,9722863,-0.004015,52.684012,0.182053,9.766828,9.392935,0.016647,0.892425
2019-02-08,9.8444,9.9819,9.8444,9.9466,22479746,0.017420,57.613439,0.172836,9.793064,9.406954,0.016910,0.894870
2019-02-11,9.9789,9.9789,9.7929,9.8663,10882640,-0.008074,54.718596,0.157238,9.817249,9.424135,0.017018,0.896317
2019-02-12,9.8210,9.8210,9.5853,9.6009,8583286,-0.026894,46.419083,0.122059,9.836860,9.435239,0.017657,0.906437
2019-02-13,9.6148,9.7272,9.6139,9.6487,12690159,0.004972,47.948801,0.096914,9.852356,9.452350,0.017450,0.907240
2019-02-14,9.6771,9.6771,9.5335,9.5642,7462478,-0.008754,45.475096,0.069372,9.863244,9.464996,0.017608,0.908615
2019-02-15,9.5820,9.7148,9.5820,9.6657,15238823,0.010612,48.887611,0.055099,9.873703,9.479468,0.017573,0.899549
2019-02-18,9.6373,9.7361,9.5521,9.6753,11450966,0.000995,49.211933,0.044056,9.869369,9.491566,0.015983,0.899121
2019-02-19,9.6498,9.7223,9.6498,9.7102,9541542,0.003607,50.441077,0.037686,9.857800,9.506082,0.015403,0.898428
2019-02-20,9.7245,9.7933,9.7245,9.7728,16109369,0.006448,52.654669,0.037261,9.858395,9.525260,0.014941,0.896813
2019-02-21,9.7916,9.7916,9.5094,9.5943,8870749,-0.018265,46.304867,0.022264,9.854997,9.538275,0.015342,0.900178
2019-02-22,9.5525,9.5525,9.4263,9.5412,15987902,-0.005538,44.581315,0.006022,9.848221,9.550303,0.015381,0.900643
2019-02-25,9.5069,9.7458,9.5069,9.7321,6957438,0.020004,51.556457,0.008454,9.832465,9.567220,0.013359,0.891007
2019-02-26,9.7382,9.7382,9.6396,9.6686,12280162,-0.006516,49.334700,0.005204,9.808695,9.583814,0.013136,0.891608
2019-02-27,9.5318,9.5318,9.4324,9.4392,15144484,-0.023731,42.241565,-0.015705,9.767432,9.591832,0.013519,0.888516
2019-02-28,9.4903,9.4903,9.4288,9.4648,7823096,0.002713,43.222844,-0.029865,9.732286,9.599270,0.013540,0.885354
2019-03-01,9.4382,9.6865,9.4382,9.6626,9229311,0.020901,50.252915,-0.024838,9.709106,9.610333,0.014594,0.886458
2019-03-04,9.7207,9.7225,9.6382,9.6707,9436427,0.000835,50.522120,-0.019973,9.684054,9.618539,0.014528,0.884993
2019-03-05,9.7270,9.7270,9.3760,9.4575,9114909,-0.022040,43.784219,-0.032936,9.663683,9.618820,0.013807,0.889091
2019-03-06,9.4657,9.5937,9.4657,9.5697,14845250,0.011856,47.733123,-0.033773,9.651383,9.620582,0.014126,0.885765
2019-03-07,9.5837,9.5837,9.3217,9.4269,11287161,-0.014919,43.539261,-0.045433,9.633915,9.624512,0.014448,0.891867
2019-03-08,9.3938,9.5224,9.3938,9.4706,12728574,0.004630,45.126615,-0.050568,9.610115,9.631071,0.013826,0.891914
2019-03-11,9.5399,9.5399,9.3317,9.3920,30380893,-0.008295,42.794706,-0.060282,9.586402,9.634038,0.013831,0.892099
2019-03-12,9.4490,9.4490,9.2551,9.2834,8849643,-0.011565,39.736922,-0.075871,9.570525,9.635318,0.012786,0.894845
2019-03-13,9.3513,9.3513,9.0758,9.1402,14711700,-0.015419,36.078500,-0.098638,9.545104,9.634220,0.013044,0.893122
2019-03-14,9.1350,9.1350,9.0666,9.0782,10388804,-0.006785,34.592445,-0.120299,9.520804,9.632400,0.013003,0.893039
2019-03-15,9.0726,9.0726,8.8664,8.9625,8915753,-0.012747,31.948321,-0.145130,9.485645,9.622851,0.012809,0.898887
2019-03-18,8.9533,9.0634,8.9533,9.0548,8983662,0.010300,36.141749,-0.155567,9.454620,9.614736,0.013152,0.898641
2019-03-19,9.0488,9.0502,8.9219,8.9725,15809880,-0.009089,34.122988,-0.168536,9.417735,9.606115,0.013111,0.895066
2019-03-20,8.9701,9.0993,8.9701,9.0822,10310977,0.012230,39.014596,-0.168022,9.383206,9.598522,0.013411,0.898192
2019-03-21,9.0708,9.1755,9.0708,9.1250,13171315,0.004703,40.855670,-0.162297,9.359738,9.591526,0.013066,0.892121
2019-03-22,9.1096,9.1096,8.9722,9.0981,11927402,-0.002943,40.037325,-0.158105,9.337584,9.585051,0.013046,0.892555
2019-03-25,9.0860,9.0860,8.9796,9.0533,13703511,-0.004929,38.645267,-0.156596,9.303644,9.578465,0.011948,0.890250
2019-03-26,9.0480,9.0480,8.7514,8.8283,6544036,-0.024853,32.533643,-0.171578,9.261625,9.570856,0.012857,0.898414
2019-03-27,8.8285,8.8758,8.8102,8.8195,14768681,-0.000992,32.319363,-0.182060,9.230640,9.560471,0.012043,0.897393
2019-03-28,8.7842,8.8179,8.7165,8.7568,9679977,-0.007104,30.758729,-0.193195,9.195242,9.548680,0.011984,0.898891
2019-03-29,8.7753,8.7753,8.4846,8.5332,11869737,-0.025543,25.942688,-0.217561,9.138769,9.530213,0.011430,0.901385
2019-04-01,8.5091,8.5125,8.3632,8.4626,9949591,-0.008266,24.632799,-0.239799,9.078366,9.504226,0.011319,0.903597
2019-04-02,8.4337,8.4337,8.3458,8.3688,12901643,-0.011090,22.970973,-0.261975,9.023928,9.472769,0.010784,0.913242
2019-04-03,8.3542,8.5905,8.3542,8.5058,8391990,0.016375,30.359016,-0.265432,8.970735,9.447667,0.011218,0.914911
2019-04-04,8.5392,8.5392,8.1756,8.3235,7553994,-0.021433,26.691354,-0.279659,8.915566,9.420892,0.011585,0.917686
2019-04-05,8.3681,8.3681,8.0989,8.1229,10283786,-0.024097,23.349155,-0.303619,8.848185,9.389817,0.011954,0.921693
2019-04-08,8.1167,8.3394,8.1167,8.2977,15426905,0.021520,31.410014,-0.304986,8.793473,9.354828,0.013605,0.927201
2019-04-09,8.3488,8.5969,8.3488,8.5181,6616381,0.026551,39.977478,-0.285007,8.755207,9.322308,0.015354,0.930067
2019-04-10,8.4860,8.5614,8.4302,8.4921,10056395,-0.003045,39.354196,-0.268175,8.722801,9.286861,0.015125,0.932889
2019-04-11,8.5032,8.5032,8.3562,8.3568,9689949,-0.015934,36.184913,-0.262726,8.686730,9.250643,0.015364,0.932028
2019-04-12,8.3310,8.4716,8.3310,8.4545,10184610,0.011693,39.946282,-0.247667,8.661332,9.217209,0.015603,0.932196
2019-04-15,8.4600,8.4600,8.1876,8.2355,24319613,-0.025904,34.971270,-0.250517,8.620367,9.178485,0.016096,0.933850
2019-04-16,8.2726,8.2726,8.0035,8.0520,10298771,-0.022280,31.438461,-0.264532,8.574343,9.142226,0.016553,0.933430
2019-04-17,8.0979,8.0979,7.9963,8.0092,7372306,-0.005319,30.659906,-0.275915,8.520690,9.106096,0.016034,0.933400
2019-04-18,8.0733,8.2275,8.0733,8.1538,16803582,0.018051,36.386794,-0.270156,8.472131,9.073647,0.016770,0.936566
2019-04-19,8.1491,8.1767,8.1275,8.1410,11564033,-0.001569,36.102628,-0.263585,8.424274,9.037535,0.016784,0.936787
2019-04-22,8.1546,8.2332,8.0677,8.2153,9949341,0.009123,39.077117,-0.249509,8.382374,9.004515,0.017096,0.926899
2019-04-23,8.2163,8.3665,8.2163,8.3663,12376589,0.018390,44.714680,-0.223585,8.359277,8.979823,0.017149,0.932307
2019-04-24,8.3817,8.6143,8.3817,8.5901,13133822,0.026741,51.824148,-0.182880,8.347805,8.958651,0.018359,0.936302
2019-04-25,8.5711,8.5711,8.4342,8.4559,10653386,-0.015618,47.850407,-0.159606,8.332758,8.936485,0.018601,0.934771
2019-04-26,8.4617,8.4829,8.2817,8.3449,9959177,-0.013132,44.789055,-0.148411,8.323342,8.910068,0.017956,0.930070
2019-04-29,8.3339,8.5083,8.3339,8.4971,13206488,0.018246,49.554533,-0.125802,8.325065,8.886504,0.018362,0.932330
2019-04-30,8.5099,8.5099,8.3672,8.3705,25105633,-0.014900,45.998983,-0.116756,8.325151,8.859710,0.018507,0.939829
2019-05-01,8.3264,8.4305,8.3264,8.4282,11679193,0.006894,47.836104,-0.103734,8.321270,8.832818,0.018188,0.938775
2019-05-02,8.4640,8.4640,8.3701,8.4101,7165497,-0.002150,47.292154,-0.093795,8.325599,8.809133,0.017508,0.934976
2019-05-03,8.3717,8.5085,8.3668,8.3871,11846118,-0.002734,46.568339,-0.086773,8.338807,8.786051,0.016543,0.932316
2019-05-06,8.4277,8.4549,8.2882,8.3857,10172321,-0.000172,46.520374,-0.080398,8.343202,8.759123,0.015874,0.932730
2019-05-07,8.4093,8.4528,8.3524,8.3718,9589331,-0.001657,46.027072,-0.075595,8.335887,8.733185,0.014658,0.925289
2019-05-08,8.4002,8.4138,8.3021,8.3375,9121469,-0.004093,44.766764,-0.073704,8.328156,8.711151,0.014669,0.922778
2019-05-09,8.3357,8.4026,8.3357,8.3858,11804028,0.005798,46.972819,-0.067527,8.329607,8.689572,0.014290,0.922868
2019-05-10,8.4093,8.6482,8.4093,8.5608,10720350,0.020863,54.115939,-0.047961,8.334921,8.667535,0.014813,0.926472
2019-05-13,8.4961,8.6300,8.4961,8.5559,10180051,-0.000568,53.898516,-0.032473,8.350941,8.645239,0.013435,0.926492
2019-05-14,8.5128,8.5899,8.5128,8.5858,11186858,0.003497,55.093644,-0.017581,8.377632,8.627805,0.012160,0.928033
2019-05-15,8.5844,8.7248,8.5844,8.6921,9376522,0.012371,59.142515,0.002760,8.411775,8.610253,0.012144,0.928853
2019-05-16,8.7081,8.7081,8.4344,8.5151,14688371,-0.020365,50.905268,0.004544,8.429839,8.592016,0.012850,0.925665
2019-05-17,8.4893,8.5703,8.4893,8.5659,12553570,0.005967,52.931712,0.009943,8.451083,8.573922,0.012843,0.925185
2019-05-20,8.5160,8.5899,8.5160,8.5897,10791478,0.002788,53.895101,0.015966,8.469808,8.557877,0.012752,0.924656
2019-05-21,8.5633,8.8688,8.5633,8.8564,13833408,0.031045,63.000698,0.041775,8.494312,8.549338,0.013858,0.930846
2019-05-22,8.8899,8.8899,8.7803,8.8055,9236890,-0.005744,60.544132,0.057462,8.505087,8.542644,0.012784,0.928873
2019-05-23,8.8375,8.8375,8.7585,8.7793,11588440,-0.002986,59.258064,0.067000,8.521254,8.536665,0.012202,0.930121
2019-05-24,8.7862,8.8451,8.7862,8.8311,15650635,0.005902,61.015523,0.077842,8.545565,8.534036,0.011696,0.928836
2019-05-27,8.8367,8.8996,8.8367,8.8906,8341543,0.006741,62.990767,0.090199,8.565239,8.530752,0.011173,0.928736
2019-05-28,8.8267,8.9225,8.7701,8.8828,10521507,-0.000872,62.546297,0.098233,8.590857,8.528959,0.010451,0.924713
2019-05-29,8.8491,8.8544,8.7713,8.8276,10853766,-0.006214,59.336064,0.099006,8.610829,8.523867,0.010606,0.924070
2019-05-30,8.7955,8.9989,8.7955,8.8922,11793309,0.007311,61.804652,0.103631,8.634934,8.519211,0.010605,0.924230
2019-05-31,8.8753,8.8753,8.8194,8.8298,10096155,-0.007021,58.128568,0.101094,8.657067,8.513844,0.010765,0.923937
2019-06-03,8.8176,8.8176,8.6023,8.6632,7371663,-0.018867,49.643685,0.084664,8.670942,8.506042,0.011785,0.916863
2019-06-04,8.6407,8.6867,8.5814,8.6266,11523552,-0.004219,47.988609,0.067911,8.683685,8.502009,0.011837,0.915162
2019-06-05,8.6608,8.8024,8.6608,8.7360,10620403,0.012685,53.036965,0.062742,8.703612,8.500340,0.012008,0.919632
2019-06-06,8.7354,8.7354,8.5641,8.6696,9014306,-0.007610,49.870017,0.052673,8.717799,8.498594,0.012182,0.920695
2019-06-07,8.6486,8.6570,8.5727,8.6007,10769129,-0.007946,46.754585,0.038689,8.719793,8.499944,0.011484,0.912604
2019-06-10,8.6467,8.6467,8.3615,8.4113,6239137,-0.022018,39.457453,0.012185,8.712561,8.498918,0.012524,0.915552
2019-06-11,8.4959,8.4959,8.3030,8.3317,7567565,-0.009458,36.855278,-0.015065,8.699856,8.498177,0.012626,0.915397
2019-06-12,8.3638,8.3638,8.1530,8.2334,9837080,-0.011806,33.879912,-0.044090,8.676922,8.492728,0.012390,0.914466
2019-06-13,8.2122,8.3266,8.0974,8.2043,13314950,-0.003533,33.030703,-0.068649,8.661384,8.490344,0.011673,0.914016
2019-06-14,8.2420,8.2420,8.0080,8.0082,7284859,-0.023905,27.944761,-0.102753,8.633499,8.488048,0.012509,0.913734
2019-06-17,8.0449,8.0449,7.9151,7.9240,8486533,-0.010505,26.089121,-0.135012,8.600214,8.480574,0.012523,0.915091
2019-06-18,7.9154,7.9154,7.8357,7.8521,15622872,-0.009075,24.586186,-0.164485,8.549999,8.467255,0.009461,0.913095
2019-06-19,7.8094,7.8094,7.7590,7.7772,12076016,-0.009545,23.092986,-0.191680,8.498581,8.452956,0.009494,0.913530
2019-06-20,7.7895,8.0300,7.7895,7.8809,6729933,0.013337,29.476604,-0.202528,8.453664,8.443438,0.010435,0.915238
2019-06-21,7.8283,7.9535,7.8283,7.9126,10033192,0.004024,31.352796,-0.206190,8.407741,8.432600,0.010337,0.910367
2019-06-24,7.9255,7.9299,7.8451,7.9142,10951656,0.000204,31.452933,-0.206579,8.358923,8.426175,0.010031,0.910173
2019-06-25,7.9392,7.9392,7.8838,7.8873,10096059,-0.003404,30.650768,-0.206679,8.309146,8.422880,0.009982,0.909232
2019-06-26,7.8724,7.9938,7.8724,7.9185,18670835,0.003961,32.791585,-0.201910,8.263691,8.421067,0.010220,0.903267
2019-06-27,7.8741,7.9492,7.8741,7.9286,17178374,0.001268,33.502194,-0.195072,8.215511,8.416563,0.009910,0.899079
2019-06-28,7.8803,8.1098,7.8803,7.9913,8139446,0.007904,37.913552,-0.182491,8.173586,8.413569,0.010355,0.897450
2019-07-01,7.9647,7.9647,7.9303,7.9358,5402114,-0.006934,35.661081,-0.174975,8.137220,8.407981,0.009841,0.896207
2019-07-02,7.9028,7.9145,7.8326,7.8897,10893620,-0.005814,33.857191,-0.170773,8.100375,8.398448,0.009846,0.892561
2019-07-03,7.8966,7.8966,7.7448,7.7488,12403977,-0.017861,29.027716,-0.176777,8.051012,8.381623,0.009415,0.896465
2019-07-04,7.7715,7.8265,7.7715,7.8223,11226943,0.009493,34.296164,-0.173598,8.008651,8.368952,0.010013,0.897396
2019-07-05,7.8052,7.9743,7.8052,7.9341,14797593,0.014288,41.412671,-0.160213,7.975323,8.360737,0.010875,0.897616
2019-07-08,7.9649,7.9649,7.8733,7.8995,12584779,-0.004368,39.967235,-0.150664,7.949731,8.348784,0.010015,0.889739
2019-07-09,7.8852,8.0728,7.8852,8.0576,9976768,0.020016,48.755890,-0.128853,7.936022,8.342525,0.011134,0.889242
2019-07-10,8.0708,8.0708,7.9001,7.9133,16600167,-0.017899,42.625939,-0.121802,7.920021,8.332228,0.011505,0.888705
2019-07-11,7.8730,7.9448,7.8730,7.9081,12039349,-0.000669,42.415095,-0.115311,7.905209,8.322187,0.011502,0.883378
2019-07-12,7.9626,7.9626,7.8568,7.8997,8575845,-0.001057,42.061538,-0.109579,7.899786,8.312440,0.010255,0.883936
2019-07-15,7.9214,7.9972,7.8940,7.9460,11238326,0.005864,44.808156,-0.100143,7.900884,8.303647,0.010077,0.884262
2019-07-16,7.9662,7.9662,7.9109,7.9562,9245219,0.001281,45.420645,-0.090798,7.906088,8.295336,0.009840,0.880991
2019-07-17,7.9036,7.9168,7.8277,7.8746,5752874,-0.010255,41.450826,-0.088950,7.910960,8.286078,0.009880,0.860637
2019-07-18,7.7586,7.9230,7.7586,7.9103,11371646,0.004536,43.767752,-0.083639,7.912431,8.276568,0.009473,0.862853
2019-07-19,7.9311,8.1099,7.9311,8.0797,9614455,0.021414,53.222093,-0.065012,7.920785,8.266946,0.010574,0.878359
2019-07-22,8.0852,8.0852,7.9568,8.0309,10683020,-0.006039,50.583808,-0.053570,7.926620,8.256446,0.010693,0.869517
2019-07-23,8.0544,8.1603,8.0206,8.0597,16052839,0.003579,52.090337,-0.041702,7.935238,8.245923,0.010663,0.863877
2019-07-24,8.0852,8.0852,7.9295,7.9445,11256667,-0.014292,46.033303,-0.041118,7.936535,8.230971,0.011178,0.863868
2019-07-25,7.9088,8.0845,7.9088,8.0671,8773694,0.015438,52.382197,-0.030407,7.943461,8.222012,0.011685,0.871024
2019-07-26,8.1254,8.1254,7.9089,7.9462,14663282,-0.014994,46.563831,-0.031319,7.941207,8.209618,0.012081,0.872474
2019-07-29,7.9538,8.1227,7.9538,8.1079,7746520,0.020350,53.930797,-0.018777,7.949807,8.199980,0.012801,0.875650
2019-07-30,8.0479,8.3335,8.0479,8.3223,13686228,0.026446,61.508706,0.008369,7.971436,8.189298,0.013865,0.891836
2019-07-31,8.2916,8.4143,8.2768,8.2840,11912552,-0.004601,59.622452,0.026486,7.998197,8.178867,0.013125,0.894879
2019-08-01,8.2770,8.2770,8.0849,8.0966,18568638,-0.022619,51.328084,0.025431,8.011910,8.165214,0.014259,0.900534
2019-08-02,8.1300,8.1300,8.0493,8.0783,12805204,-0.002267,50.585575,0.022851,8.019117,8.150158,0.013974,0.899978
2019-08-05,8.0471,8.2396,8.0471,8.2031,6038877,0.015455,55.319304,0.030528,8.034300,8.136408,0.014274,0.902940
2019-08-06,8.1173,8.2230,8.1173,8.2171,9259958,0.001706,55.830200,0.037312,8.042276,8.123093,0.013629,0.902431
2019-08-07,8.2202,8.2878,8.1416,8.2575,8535200,0.004915,57.345645,0.045423,8.059483,8.111690,0.012893,0.903016
2019-08-08,8.2368,8.3537,8.2368,8.3354,7811150,0.009434,60.183292,0.057475,8.080850,8.100554,0.012972,0.904707
2019-08-09,8.3092,8.3895,8.3092,8.3668,10126760,0.003771,61.302074,0.068769,8.104206,8.091295,0.012943,0.904558
2019-08-12,8.3998,8.4355,8.3545,8.4049,9249394,0.004557,62.672085,0.079876,8.127152,8.086131,0.012931,0.902279
2019-08-13,8.4276,8.6968,8.4276,8.6297,8766385,0.026740,69.521702,0.105596,8.160827,8.086193,0.013975,0.880076
2019-08-14,8.6179,8.7778,8.6179,8.7611,10023646,0.015232,72.679466,0.135030,8.205154,8.086695,0.013751,0.883141
2019-08-15,8.7485,8.9790,8.7184,8.8514,11828858,0.010297,74.622694,0.163748,8.252205,8.090330,0.013792,0.882037
2019-08-16,8.8485,8.9669,8.8485,8.9103,7282488,0.006657,75.831897,0.189083,8.293734,8.096523,0.013294,0.881881
2019-08-19,8.9314,8.9314,8.8615,8.8683,12383668,-0.004711,73.157742,0.203429,8.335603,8.105663,0.013239,0.881824
2019-08-20,8.8610,8.8610,8.7105,8.7329,11756026,-0.015269,65.173066,0.201548,8.369264,8.113686,0.013999,0.882679
2019-08-21,8.7101,8.9536,8.7101,8.8707,9065173,0.015776,68.892947,0.208767,8.415574,8.126431,0.013525,0.885073
2019-08-22,8.8494,8.9085,8.8494,8.9075,9003362,0.004149,69.820317,0.214981,8.457591,8.140495,0.013327,0.884471
2019-08-23,8.9152,9.0015,8.9152,8.9468,12711261,0.004420,70.822395,0.220539,8.507625,8.159268,0.012470,0.883402
2019-08-26,8.9240,8.9344,8.8342,8.8734,9024637,-0.008208,66.393876,0.216522,8.545901,8.178255,0.012378,0.886197
2019-08-27,8.8734,8.8734,8.7610,8.7906,9877640,-0.009332,61.708322,0.204302,8.569317,8.197025,0.011615,0.888293
2019-08-28,8.8352,8.9118,8.8044,8.8088,7738450,0.002068,62.336807,0.193850,8.595556,8.217656,0.011486,0.886116
2019-08-29,8.8173,9.0362,8.8173,8.9432,7253724,0.015265,66.691212,0.194179,8.637887,8.238903,0.010049,0.888297
2019-08-30,8.9403,9.1633,8.9403,9.1167,13224874,0.019395,71.300472,0.206061,8.689809,8.262985,0.010382,0.891090
2019-09-02,9.0761,9.0761,8.8915,8.9080,15191901,-0.022897,60.457836,0.196370,8.725051,8.282859,0.011985,0.891211
2019-09-03,8.9039,8.9305,8.8517,8.8683,16590449,-0.004448,58.635027,0.183378,8.757612,8.302479,0.012130,0.892264
2019-09-04,8.8662,8.9939,8.8662,8.9816,9710404,0.012773,62.148338,0.180146,8.793818,8.323741,0.012291,0.889209
2019-09-05,8.9186,8.9969,8.9186,8.9623,7660645,-0.002152,61.193232,0.174018,8.825162,8.344414,0.012309,0.889000
2019-09-06,8.9623,8.9623,8.8010,8.8308,15186521,-0.014666,55.002735,0.156749,8.848363,8.361206,0.012976,0.887070
2019-09-09,8.8389,9.0759,8.8389,9.0555,13221452,0.025447,62.067809,0.159359,8.880892,8.383600,0.013932,0.891493
2019-09-10,9.1068,9.1068,9.0422,9.0722,12630900,0.001835,62.536238,0.160914,8.903016,8.407249,0.012847,0.887857
2019-09-11,9.0643,9.1538,9.0643,9.1420,12007416,0.007697,64.519104,0.165868,8.922058,8.435113,0.012564,0.882261
2019-09-12,9.1761,9.1978,9.1016,9.1839,12610864,0.004582,65.692216,0.171201,8.938685,8.462344,0.012434,0.875579
2019-09-13,9.1668,9.3711,9.1668,9.3341,12839199,0.016360,69.577552,0.185414,8.959877,8.490344,0.012812,0.877986
2019-09-16,9.3202,9.3309,9.2833,9.2847,13449173,-0.005294,66.894152,0.190495,8.980698,8.518049,0.012830,0.878823
2019-09-17,9.3344,9.5030,9.3344,9.3704,12348976,0.009234,69.119238,0.199143,9.012576,8.544307,0.012212,0.878140
2019-09-18,9.3859,9.5059,9.3859,9.4634,15848726,0.009915,71.365351,0.211062,9.042210,8.575307,0.011972,0.882912
2019-09-19,9.4727,9.5130,9.4727,9.5072,8639493,0.004632,72.385863,0.221491,9.072197,8.607290,0.011974,0.883009
2019-09-20,9.4857,9.5953,9.4857,9.5866,17024687,0.008349,74.180343,0.233470,9.104184,8.641028,0.012025,0.880300
2019-09-23,9.5574,9.6800,9.5537,9.5814,7483085,-0.000544,73.840796,0.239779,9.139582,8.673734,0.011751,0.879567
2019-09-24,9.5903,9.7297,9.5745,9.6931,13379573,0.011664,76.339908,0.250904,9.184708,8.708473,0.011439,0.881890
2019-09-25,9.7604,9.7604,9.5166,9.5990,11309511,-0.009705,70.255997,0.249258,9.224222,8.742961,0.011890,0.879344
2019-09-26,9.6396,9.6396,9.3603,9.4083,16128735,-0.019873,59.840864,0.229909,9.247475,8.772921,0.012760,0.889683
2019-09-27,9.3352,9.5212,9.3352,9.4592,10739844,0.005414,61.482832,0.216194,9.264601,8.800511,0.012161,0.890022
2019-09-30,9.4532,9.5314,9.4532,9.5171,11033763,0.006113,63.316572,0.207597,9.295056,8.830234,0.010686,0.889402
2019-10-01,9.5293,9.6096,9.5293,9.5911,12715129,0.007784,65.577509,0.204406,9.331197,8.860863,0.010565,0.885392
2019-10-02,9.5365,9.6491,9.5365,9.6283,11292933,0.003872,66.686010,0.202539,9.363530,8.894539,0.010360,0.882821
2019-10-03,9.7109,9.7109,9.6190,9.6224,11773224,-0.000607,66.324047,0.198302,9.396538,8.925645,0.010321,0.882843
2019-10-04,9.5378,9.6674,9.5378,9.6331,10104237,0.001114,66.681194,0.193578,9.436654,8.959385,0.009414,0.878396
2019-10-07,9.6046,9.6817,9.6046,9.6286,9945535,-0.000468,66.362229,0.187310,9.465309,8.989800,0.008049,0.882075
2019-10-08,9.6532,9.6532,9.4117,9.4889,10821288,-0.014517,57.225874,0.169115,9.486143,9.013132,0.008963,0.882176
2019-10-09,9.5053,9.5649,9.4910,9.5094,9747286,0.002165,58.138159,0.154571,9.504514,9.037640,0.008872,0.885618
2019-10-10,9.5631,9.8004,9.5631,9.7334,16261541,0.023556,66.521837,0.159284,9.531990,9.070376,0.010093,0.892976
2019-10-11,9.7632,9.7632,9.4332,9.4548,11018144,-0.028628,52.450202,0.138933,9.538022,9.097906,0.011815,0.898534
2019-10-14,9.4642,9.5949,9.4642,9.5111,8992922,0.005963,54.545418,0.125903,9.549343,9.124067,0.011782,0.899703
2019-10-15,9.5325,9.5325,9.3060,9.3889,12368897,-0.012855,49.456226,0.104506,9.550264,9.147502,0.012029,0.901959
2019-10-16,9.3744,9.3744,9.2043,9.3085,10774974,-0.008560,46.392034,0.080139,9.542522,9.168523,0.011950,0.899353
2019-10-17,9.3417,9.3417,9.2414,9.2486,11877172,-0.006430,44.195928,0.055361,9.529594,9.186788,0.011944,0.900992
2019-10-18,9.2659,9.2659,9.0304,9.0524,9389497,-0.021214,37.867782,0.019665,9.502888,9.200500,0.012502,0.905974
2019-10-21,8.9926,9.1401,8.9926,9.0821,8374435,0.003276,39.283039,-0.006160,9.477925,9.214043,0.012567,0.906379
2019-10-22,9.0437,9.0705,8.9836,9.0340,22395608,-0.005297,37.779772,-0.030161,9.444969,9.222129,0.012118,0.900078
2019-10-23,9.0758,9.0758,8.8744,8.9133,8910438,-0.013359,34.240005,-0.058248,9.410682,9.225173,0.012244,0.897815
2019-10-24,8.9310,9.0601,8.9310,8.9827,17739252,0.007781,37.844374,-0.074058,9.389401,9.227799,0.011869,0.890528
2019-10-25,8.9802,9.1330,8.9802,9.1218,15010320,0.015485,44.423327,-0.074504,9.372528,9.232029,0.012412,0.893616
2019-10-28,9.1391,9.3230,9.0980,9.2288,9236635,0.011736,48.905947,-0.065464,9.358116,9.239239,0.012661,0.891629
2019-10-29,9.2191,9.2686,9.2191,9.2621,11203098,0.003602,50.247905,-0.054984,9.341663,9.249822,0.012534,0.892808
2019-10-30,9.3064,9.4426,9.3064,9.4332,20937671,0.018482,56.572866,-0.032491,9.331912,9.261074,0.013277,0.875576
2019-10-31,9.4367,9.4829,9.4367,9.4749,15961762,0.004413,57.971991,-0.011177,9.324534,9.272422,0.013331,0.868546
2019-11-01,9.4396,9.7676,9.4396,9.6500,8845226,0.018484,63.325818,0.019620,9.325377,9.286486,0.014004,0.872806
2019-11-04,9.6693,9.8274,9.6510,9.7281,10397634,0.008096,65.440768,0.049757,9.330352,9.303581,0.014113,0.876800
2019-11-05,9.7210,9.7210,9.5873,9.6050,12732833,-0.012663,59.604225,0.062976,9.336157,9.319868,0.014015,0.889710
2019-11-06,9.5619,9.8093,9.5619,9.7298,16367199,0.012998,63.187666,0.082573,9.347176,9.338288,0.014281,0.881016
2019-11-07,9.8129,9.8720,9.7462,9.7613,8012842,0.003240,64.054856,0.099501,9.348572,9.354650,0.013299,0.882691
2019-11-08,9.7611,9.7611,9.4388,9.5142,9546859,-0.025319,53.429429,0.091915,9.351543,9.362600,0.012937,0.889936
2019-11-11,9.4760,9.5854,9.4760,9.5302,12364053,0.001686,53.963077,0.086203,9.352496,9.375045,0.012875,0.888969
2019-11-12,9.5145,9.8646,9.5145,9.8236,9785450,0.030787,62.442711,0.104152,9.374234,9.394151,0.014182,0.898176
2019-11-13,9.8765,9.9680,9.8765,9.9344,11136602,0.011275,65.059048,0.125863,9.405528,9.413207,0.014071,0.896388
2019-11-14,9.8967,10.2384,9.8967,10.0914,22312051,0.015802,68.417339,0.153961,9.447664,9.435789,0.014135,0.898633
2019-11-15,10.1407,10.1407,9.9445,10.0048,7632601,-0.008577,64.723564,0.167317,9.495283,9.459268,0.013177,0.894365
2019-11-18,9.9741,10.1086,9.9741,10.0502,9144125,0.004540,65.767987,0.179497,9.543689,9.479162,0.013171,0.897236
2019-11-19,10.0690,10.2336,10.0690,10.1290,23020218,0.007835,67.560960,0.193275,9.598438,9.500298,0.012948,0.896100
2019-11-20,10.1436,10.1436,10.0531,10.0772,9897098,-0.005107,65.146754,0.197741,9.656635,9.519003,0.012425,0.896322
2019-11-21,10.0759,10.0759,9.7685,9.8516,15960274,-0.022393,55.782599,0.180986,9.700081,9.532358,0.013964,0.892250
2019-11-22,9.8204,10.0277,9.8204,9.9428,9634358,0.009257,58.385777,0.173070,9.741132,9.544530,0.013779,0.898089
2019-11-25,9.9839,10.1374,9.9839,10.1224,13928230,0.018062,63.004927,0.179222,9.785809,9.561283,0.014027,0.894858
2019-11-26,10.1180,10.1180,9.9684,10.0136,8333021,-0.010742,58.752796,0.173326,9.823387,9.574147,0.014447,0.896602
2019-11-27,9.9897,10.1504,9.9897,10.1057,9024119,0.009196,61.144459,0.174077,9.857011,9.586994,0.014103,0.898389
2019-11-28,10.0991,10.2558,10.0991,10.1631,9722610,0.005675,62.598894,0.177256,9.891420,9.600112,0.014110,0.895974
2019-11-29,10.1930,10.2246,10.1586,10.2051,9847454,0.004132,63.671360,0.181077,9.919173,9.612481,0.013671,0.893639
2019-12-02,10.2067,10.3509,10.1755,10.2867,12337580,0.008004,65.729688,0.188523,9.947103,9.626589,0.013670,0.887892
2019-12-03,10.3204,10.5145,10.3204,10.4632,9629519,0.017154,69.721025,0.206284,9.990016,9.641991,0.013510,0.890786
2019-12-04,10.5193,10.5277,10.4099,10.5042,9776346,0.003921,70.578936,0.221122,10.028737,9.660094,0.013356,0.894149
2019-12-05,10.5361,10.7565,10.5361,10.6357,12424312,0.012518,73.199953,0.240717,10.072457,9.684643,0.013492,0.899102
2019-12-06,10.6271,10.6440,10.5537,10.6047,16088096,-0.002912,71.582531,0.250855,10.126985,9.707553,0.011708,0.895752
2019-12-09,10.6205,10.7709,10.6205,10.7136,9825033,0.010265,73.776069,0.264623,10.186155,9.731484,0.011718,0.895070
2019-12-10,10.7822,10.7822,10.4796,10.5332,6719609,-0.016836,64.844323,0.258005,10.221635,9.750326,0.011230,0.896008
2019-12-11,10.5718,10.8593,10.5718,10.7942,10729770,0.024774,70.423062,0.270697,10.264625,9.773645,0.012091,0.902114
2019-12-12,10.8272,10.9052,10.7972,10.8046,8452334,0.000965,70.623389,0.278386,10.300286,9.797288,0.011795,0.901381
2019-12-13,10.8211,10.9729,10.8211,10.8912,10430117,0.008017,72.303816,0.288148,10.344606,9.822449,0.011482,0.904215
2019-12-16,10.8672,10.8672,10.5302,10.5885,12956125,-0.027793,59.495534,0.268366,10.371520,9.841647,0.013540,0.908188
2019-12-17,10.6096,10.6096,10.3389,10.5224,13270056,-0.006244,57.115681,0.244534,10.391192,9.862318,0.013625,0.907136
2019-12-18,10.5173,10.6354,10.5173,10.6057,7444033,0.007918,59.323779,0.229722,10.417615,9.884244,0.013579,0.904685
2019-12-19,10.6008,10.7738,10.6008,10.7355,12091750,0.012237,62.557920,0.225852,10.461811,9.904286,0.012372,0.895846
2019-12-20,10.7293,10.7293,10.5287,10.5391,15316676,-0.018298,55.380476,0.204577,10.491625,9.925972,0.013300,0.899679
2019-12-23,10.5673,10.8291,10.5673,10.6883,5468470,0.014160,59.209425,0.197481,10.519921,9.949515,0.013094,0.900588
2019-12-24,10.6769,10.6957,10.5727,10.6460,11046497,-0.003957,57.698261,0.186297,10.551540,9.974657,0.012809,0.900692
2019-12-25,10.7609,10.8687,10.7553,10.8255,8046316,0.016860,62.117055,0.189730,10.587528,10.004997,0.013111,0.902753
2019-12-26,10.8382,10.8891,10.7520,10.8346,8130494,0.000838,62.331250,0.190981,10.621103,10.036715,0.013114,0.903015
2019-12-27,10.8867,10.8867,10.7283,10.7479,8048241,-0.008003,58.903471,0.182868,10.648243,10.070623,0.013351,0.901657
2019-12-30,10.7792,10.9696,10.7792,10.9541,9247153,0.019192,63.978590,0.190883,10.681612,10.108064,0.013813,0.902436
2019-12-31,11.0139,11.0139,10.8006,10.8418,9317187,-0.010251,59.659234,0.186029,10.700544,10.144221,0.013719,0.905241
2020-01-01,10.8526,10.8526,10.7048,10.7440,12403287,-0.009021,56.106482,0.172304,10.712534,10.180835,0.013920,0.907823
2020-01-02,10.7662,10.8873,10.7662,10.8025,11815330,0.005443,57.727526,0.164252,10.720874,10.217232,0.013706,0.900560
2020-01-03,10.8145,11.0316,10.8145,10.9753,7752049,0.015997,62.173232,0.169858,10.739402,10.254303,0.014079,0.895305
2020-01-06,11.0266,11.0266,10.7951,10.8645,15410012,-0.010101,57.961755,0.163470,10.746945,10.287016,0.014172,0.896044
2020-01-07,10.9279,10.9279,10.6925,10.7090,8752121,-0.014308,52.583420,0.144202,10.755734,10.315955,0.014017,0.897260
2020-01-08,10.6883,10.7691,10.6883,10.7380,5752245,0.002711,53.452016,0.129778,10.752927,10.342051,0.012861,0.896869
2020-01-09,10.7968,10.7968,10.5837,10.6409,11668698,-0.009051,50.140247,0.109246,10.744740,10.365370,0.013008,0.897227
2020-01-10,10.6325,10.6325,10.3453,10.4516,12033204,-0.017782,44.375671,0.076820,10.722761,10.381403,0.013374,0.884816
2020-01-13,10.4663,10.4663,10.1427,10.1944,9845281,-0.024612,37.982216,0.030020,10.703055,10.390728,0.013066,0.892203
2020-01-14,10.1707,10.2207,9.9972,10.1352,11465095,-0.005803,36.673639,-0.011708,10.683697,10.401334,0.013059,0.892199
2020-01-15,10.0026,10.2778,10.0026,10.2205,15040298,0.008417,39.889644,-0.037463,10.664439,10.411149,0.013079,0.891327
2020-01-16,10.2535,10.3024,10.2535,10.3008,15268168,0.007852,42.831136,-0.050813,10.642704,10.421938,0.012867,0.891101
2020-01-17,10.3030,10.3030,10.2297,10.2739,7212226,-0.002609,42.088291,-0.062836,10.629447,10.437133,0.012285,0.887359
2020-01-20,10.1989,10.5118,10.1989,10.4629,18302527,0.018394,48.810647,-0.056465,10.618177,10.455787,0.012596,0.890901
2020-01-21,10.5506,10.5506,10.3288,10.3788,7659676,-0.008042,46.237061,-0.057543,10.604815,10.466890,0.012680,0.892022
2020-01-22,10.3785,10.4279,10.2261,10.2762,10507838,-0.009884,43.243399,-0.065915,10.577349,10.473726,0.012071,0.907687
2020-01-23,10.2438,10.4410,10.2438,10.4191,11619491,0.013913,48.270243,-0.060318,10.556579,10.480281,0.012606,0.914415
2020-01-24,10.4699,10.5636,10.4626,10.4930,10670241,0.007086,50.698456,-0.049356,10.543834,10.490044,0.012671,0.911037
2020-01-27,10.5348,10.5348,10.4494,10.4588,6657721,-0.003252,49.540803,-0.042927,10.519070,10.498216,0.011737,0.911757
2020-01-28,10.4209,10.5623,10.4209,10.5081,13203182,0.004708,51.269804,-0.033473,10.502383,10.505798,0.011676,0.908012
2020-01-29,10.5416,10.7321,10.5416,10.6847,6246756,0.016805,56.964852,-0.011598,10.499415,10.517947,0.012216,0.914937
2020-01-30,10.6810,10.8485,10.6810,10.8222,7534883,0.012868,60.805607,0.016641,10.500398,10.537359,0.012506,0.915216
2020-01-31,10.8359,10.8359,10.7066,10.7227,7239276,-0.009190,56.852974,0.030642,10.487767,10.552957,0.012089,0.910882
2020-02-03,10.7228,10.7290,10.6347,10.6608,15194440,-0.005776,54.477951,0.036321,10.477583,10.563726,0.011957,0.911414
2020-02-04,10.6206,10.6428,10.5414,10.5488,9781062,-0.010499,50.381942,0.031429,10.469575,10.574430,0.011761,0.892336
2020-02-05,10.6095,10.6095,10.0452,10.0637,9615683,-0.045988,37.293852,-0.011462,10.435859,10.573590,0.015475,0.914207
2020-02-06,10.0681,10.1184,9.9792,10.0151,9498768,-0.004828,36.277310,-0.048812,10.404573,10.570631,0.015419,0.912193
2020-02-07,9.9587,9.9587,9.8796,9.9151,8652799,-0.009988,34.210010,-0.085498,10.377746,10.564832,0.015119,0.912904
2020-02-10,9.8590,10.5012,9.8590,10.4241,10747963,0.051337,49.866112,-0.072660,10.389232,10.567580,0.018449,0.931564
2020-02-11,10.4549,11.0379,10.4549,10.8875,10738058,0.044454,59.349955,-0.024809,10.426846,10.576066,0.020718,0.937320
2020-02-12,10.8809,10.8809,10.5887,10.6125,14562733,-0.025261,52.947921,-0.008976,10.446442,10.578231,0.021668,0.937099
2020-02-13,10.6624,10.6624,10.3130,10.4705,9463392,-0.013379,49.952262,-0.007794,10.454927,10.574927,0.021891,0.939579
2020-02-14,10.5386,10.8683,10.5386,10.7482,8861012,0.026525,55.281883,0.015375,10.478642,10.577796,0.022593,0.942159
2020-02-17,10.7854,10.7854,10.4686,10.5818,10599385,-0.015481,51.727807,0.020079,10.484589,10.575161,0.022609,0.939308
2020-02-18,10.6034,10.8721,10.6034,10.8263,13002783,0.023105,56.185374,0.043039,10.506968,10.581023,0.023036,0.940511
2020-02-19,10.8230,10.8906,10.7070,10.8013,7946625,-0.002311,55.619476,0.058543,10.533225,10.581166,0.022886,0.940216
2020-02-20,10.8040,10.8040,10.3347,10.3443,17135469,-0.042309,46.420826,0.033566,10.529484,10.571960,0.024813,0.947837
2020-02-21,10.3303,10.3303,9.8663,9.8686,9981324,-0.045988,39.160407,-0.024333,10.498266,10.551508,0.026769,0.952713
2020-02-24,9.8696,10.6389,9.8696,10.5647,8577888,0.070536,51.190304,-0.013890,10.503559,10.551032,0.031380,0.961587
2020-02-25,10.5670,10.5670,10.3331,10.3360,11127700,-0.021649,47.842980,-0.023794,10.494955,10.547304,0.031765,0.959002
2020-02-26,10.3238,11.1708,10.3238,11.0675,14183151,0.070773,57.430872,0.027071,10.514096,10.556539,0.035385,0.965915
2020-02-27,11.0421,11.0421,10.7671,10.8298,10039292,-0.021481,53.959078,0.047649,10.514476,10.558425,0.035680,0.966322
2020-02-28,10.7562,10.9176,10.7562,10.8772,10100978,0.004379,54.549251,0.067011,10.522199,10.565187,0.035613,0.965895
2020-03-02,10.7953,12.1664,10.7953,12.1452,17583558,0.116580,66.803665,0.182573,10.596422,10.594326,0.043881,0.976021
2020-03-03,12.2385,12.2385,11.3693,11.4672,17161419,-0.055826,57.826093,0.216945,10.642341,10.610750,0.045976,0.977205
2020-03-04,11.4763,11.4763,10.4687,10.4731,18056767,-0.086688,47.703864,0.162104,10.662812,10.603703,0.049150,0.980106
2020-03-05,10.4510,10.9501,10.4510,10.9345,12034566,0.044055,51.911457,0.154096,10.708783,10.605703,0.049943,0.979146
2020-03-06,10.9315,10.9315,10.5140,10.5569,14142350,-0.034533,48.474131,0.115944,10.740874,10.601885,0.050642,0.979519
2020-03-09,10.5157,10.6910,10.5157,10.5744,6766104,0.001653,48.643365,0.086123,10.748388,10.594290,0.049419,0.979796
2020-03-10,10.6132,10.6132,10.2325,10.3202,7691247,-0.024041,46.259588,0.041499,10.720021,10.583857,0.048680,0.980073
2020-03-11,10.3073,10.5834,10.3073,10.4848,17531680,0.015953,48.035643,0.019197,10.713638,10.578673,0.048496,0.980081
2020-03-12,10.5000,10.5000,10.0614,10.0860,9092236,-0.038038,44.222875,-0.030310,10.694412,10.564342,0.049176,0.981290
2020-03-13,10.1117,10.1117,9.9713,10.0456,10580518,-0.004004,43.843400,-0.071973,10.659281,10.545748,0.048757,0.981080
2020-03-16,10.0558,10.3044,10.0558,10.2218,10733879,0.017536,46.019472,-0.089742,10.641278,10.532894,0.048845,0.981236
2020-03-17,10.2589,10.2589,9.6915,9.7419,7436459,-0.046942,41.322506,-0.140918,10.587058,10.513553,0.049561,0.981959
2020-03-18,9.7532,9.7532,9.3149,9.3422,6867617,-0.041029,37.856358,-0.211292,10.514104,10.485637,0.050238,0.981692
2020-03-19,9.3465,9.3465,9.1503,9.2035,12806771,-0.014850,36.705538,-0.275087,10.457064,10.456890,0.049566,0.981799
2020-03-20,9.2160,9.2160,8.4749,8.6273,11300656,-0.062611,32.311632,-0.367902,10.394997,10.420402,0.050427,0.983402
2020-03-23,8.6317,8.6317,8.3804,8.4605,12005037,-0.019330,31.149521,-0.449730,10.289787,10.385725,0.047194,0.983779
2020-03-24,8.4341,8.4394,8.4125,8.4385,9861352,-0.002601,30.991096,-0.510471,10.194913,10.351790,0.047139,0.983480
2020-03-25,8.4038,8.4038,8.2142,8.2570,7431030,-0.021504,29.652081,-0.566719,10.054390,10.312520,0.043272,0.983616
2020-03-26,8.2549,8.2620,8.1725,8.1961,5126812,-0.007378,29.195987,-0.609189,9.922708,10.270426,0.043253,0.983969
2020-03-27,8.1768,8.2392,8.1768,8.1905,10158035,-0.000685,29.151497,-0.635968,9.788374,10.228758,0.043161,0.984431
2020-03-30,8.1912,8.1912,7.9212,7.9267,9056839,-0.032208,27.064145,-0.670746,9.577448,10.178034,0.030609,0.984910
2020-03-31,7.9034,8.2247,7.9034,8.1650,9721705,0.030062,31.813741,-0.671340,9.412337,10.133759,0.031429,0.985427
2020-04-01,8.1663,8.3780,8.1663,8.3365,8004736,0.021009,35.090537,-0.650472,9.305506,10.094966,0.027757,0.985330
2020-04-02,8.3695,8.3695,8.2848,8.3034,7394103,-0.003980,34.742777,-0.629355,9.173947,10.052651,0.024648,0.985255
2020-04-03,8.2588,8.3581,8.2588,8.3329,11869319,0.003558,35.357070,-0.603282,9.062745,10.009449,0.024398,0.986248
2020-04-06,8.3316,8.4058,8.2851,8.3147,10660879,-0.002188,35.137170,-0.577435,8.949759,9.966566,0.024304,0.986169
2020-04-07,8.3279,8.3491,8.2841,8.3191,16081980,0.000537,35.243352,-0.550247,8.849707,9.922786,0.024267,0.986228
2020-04-08,8.3213,8.4027,8.3213,8.3888,9925779,0.008374,36.977055,-0.517118,8.744906,9.876869,0.023889,0.986642
2020-04-09,8.4069,8.4776,8.4069,8.4627,10739041,0.008814,38.848263,-0.479372,8.663743,9.829680,0.023371,0.986450
2020-04-10,8.5083,8.5083,8.3080,8.3266,9802552,-0.016087,36.688120,-0.455196,8.577792,9.781758,0.023405,0.986742
2020-04-13,8.3137,8.5240,8.3137,8.5011,12245042,0.020953,41.200278,-0.417150,8.491756,9.738563,0.023621,0.984401
2020-04-14,8.5283,8.8057,8.5283,8.7189,14100769,0.025627,46.342806,-0.365208,8.440604,9.701964,0.023037,0.983234
2020-04-15,8.6843,8.6868,8.6145,8.6517,12846149,-0.007711,45.033830,-0.325715,8.406076,9.673723,0.021467,0.983125
2020-04-16,8.7093,8.8159,8.7093,8.7822,9091679,0.015086,48.098579,-0.280650,8.385010,9.649065,0.021684,0.982941
2020-04-17,8.8146,8.8146,8.6863,8.7167,9497397,-0.007462,46.690944,-0.247371,8.389480,9.625096,0.016465,0.983193
2020-04-20,8.7625,8.7625,8.5026,8.5245,11336372,-0.022043,42.741163,-0.233807,8.392680,9.587104,0.016648,0.983304
2020-04-21,8.5334,8.5828,8.5257,8.5675,10465049,0.005037,43.883500,-0.217090,8.399128,9.540703,0.016661,0.983601
2020-04-22,8.5585,8.5585,8.3518,8.3565,15339585,-0.024624,39.693026,-0.218348,8.404100,9.495583,0.016894,0.983604
2020-04-23,8.3676,8.3822,8.3267,8.3309,9354725,-0.003063,39.203897,-0.218887,8.410839,9.452791,0.016813,0.983550
2020-04-24,8.3304,8.4811,8.3304,8.4326,18801927,0.012214,42.250519,-0.208698,8.422946,9.406479,0.016993,0.983621
2020-04-27,8.4016,8.4016,8.2034,8.2239,11174764,-0.024750,38.039748,-0.214986,8.437807,9.359321,0.016279,0.983731
2020-04-28,8.2214,8.2615,8.1303,8.1367,9256978,-0.010603,36.407226,-0.224418,8.436395,9.305529,0.015081,0.984764
2020-04-29,8.0738,8.2287,8.0738,8.1309,5788162,-0.000717,36.294975,-0.229716,8.426113,9.252121,0.014242,0.983260
2020-04-30,8.1681,8.1961,8.1159,8.1474,9719299,0.002033,36.888777,-0.229930,8.418317,9.208184,0.014243,0.983158
2020-05-01,8.1798,8.1798,8.0603,8.1219,7001929,-0.003133,36.325789,-0.229513,8.407768,9.173250,0.014212,0.983749
2020-05-04,8.0803,8.0985,8.0754,8.0937,10220611,-0.003478,35.676873,-0.228825,8.396718,9.123829,0.014220,0.980379
2020-05-05,8.0613,8.2418,8.0613,8.1615,12110549,0.008382,38.517386,-0.220266,8.388837,9.080339,0.014379,0.980411
2020-05-06,8.1394,8.1882,7.9988,8.1683,7093174,0.000830,38.807968,-0.210510,8.377812,9.022355,0.014222,0.980927
2020-05-07,8.1764,8.2656,8.1764,8.2171,5991504,0.005974,40.972053,-0.196575,8.365529,8.970101,0.014130,0.980761
2020-05-08,8.2463,8.3172,8.2354,8.3049,7188970,0.010682,44.756855,-0.176415,8.364443,8.918655,0.013930,0.980169
2020-05-11,8.2816,8.2816,8.1321,8.1763,7731550,-0.015485,40.645005,-0.168868,8.348203,8.839275,0.013413,0.981027
2020-05-12,8.1912,8.3406,8.1912,8.2927,12565394,0.014246,45.526406,-0.151739,8.326894,8.775786,0.012388,0.980707
2020-05-13,8.2555,8.2555,8.2014,8.2287,8218383,-0.007718,43.413665,-0.141696,8.305747,8.730897,0.012388,0.980507
2020-05-14,8.2397,8.3515,8.2397,8.3030,14910544,0.009024,46.515104,-0.126288,8.281787,8.678266,0.012005,0.980066
2020-05-15,8.2799,8.5368,8.2799,8.4716,17178034,0.020306,52.835578,-0.099328,8.269533,8.636559,0.012995,0.979164
2020-05-18,8.4855,8.4855,8.4217,8.4623,9029302,-0.001095,52.468197,-0.077814,8.266422,8.594318,0.012048,0.977069
2020-05-19,8.4887,8.5234,8.4873,8.5082,8726754,0.005426,54.167002,-0.056408,8.263461,8.558079,0.012058,0.978281
2020-05-20,8.5230,8.5943,8.5230,8.5784,10548534,0.008245,56.712666,-0.033398,8.274556,8.519950,0.010732,0.975876
2020-05-21,8.6008,8.6008,8.3101,8.3418,9573912,-0.027573,47.194821,-0.033858,8.275103,8.485067,0.012515,0.975834
2020-05-22,8.3032,8.4371,8.2806,8.4103,13492987,0.008204,49.818981,-0.028374,8.273985,8.452361,0.012343,0.976464
2020-05-25,8.4274,8.4274,8.3230,8.4134,9469670,0.000369,49.940422,-0.023506,8.283458,8.416193,0.010891,0.965387
2020-05-26,8.4618,8.4618,8.3528,8.3673,11456103,-0.005483,48.077189,-0.023104,8.294984,8.388700,0.010656,0.963610
2020-05-27,8.3929,8.5534,8.3929,8.5085,11792170,0.016875,53.763348,-0.011262,8.313861,8.372024,0.011181,0.952545
2020-05-28,8.5031,8.5031,8.4088,8.4587,10094745,-0.005850,51.617469,-0.005827,8.329423,8.357127,0.011330,0.952292
2020-05-29,8.4542,8.4542,8.3454,8.3494,11965934,-0.012924,47.164829,-0.010222,8.340795,8.351569,0.011764,0.950246
2020-06-01,8.2859,8.3855,8.2833,8.3054,10675876,-0.005271,45.464376,-0.017060,8.351380,8.348466,0.011810,0.949831
2020-06-02,8.3369,8.3872,8.3245,8.3480,8506904,0.005140,47.443734,-0.018818,8.360707,8.346657,0.011731,0.948613
2020-06-03,8.2979,8.4179,8.2979,8.3792,10743867,0.003734,48.902051,-0.017494,8.371253,8.349100,0.011744,0.947888
2020-06-04,8.3868,8.4946,8.3868,8.4492,14596102,0.008349,52.113607,-0.010676,8.382858,8.354162,0.011805,0.944110
2020-06-05,8.4147,8.6012,8.4147,8.5641,12411542,0.013597,56.903638,0.003952,8.395818,8.361633,0.011942,0.945344
2020-06-08,8.5464,8.5464,8.4605,8.4918,9537058,-0.008435,53.293756,0.009604,8.411597,8.372935,0.011507,0.944274
2020-06-09,8.4812,8.5092,8.4066,8.4481,21741555,-0.005154,51.175297,0.010432,8.419363,8.378596,0.011231,0.935190
2020-06-10,8.4431,8.5579,8.4431,8.5409,10511638,0.010991,55.239955,0.018369,8.434971,8.382683,0.011247,0.931911
2020-06-11,8.4908,8.4908,8.1996,8.2525,9057903,-0.033772,43.206464,0.001368,8.432445,8.381665,0.013641,0.928237
2020-06-12,8.2677,8.3401,8.2205,8.2817,9778215,0.003540,44.524659,-0.009637,8.422949,8.380641,0.012803,0.903547
2020-06-15,8.2762,8.2762,8.2491,8.2541,4771201,-0.003330,43.498281,-0.020350,8.412539,8.379430,0.012813,0.899947
2020-06-16,8.2129,8.2497,8.2073,8.2159,11434033,-0.004632,42.051258,-0.031560,8.397921,8.377364,0.012738,0.903597
2020-06-17,8.1849,8.1849,8.0296,8.1496,13876792,-0.008062,39.593641,-0.045267,8.376483,8.372581,0.012591,0.900534
2020-06-18,8.2076,8.2117,8.0428,8.1469,12447695,-0.000337,39.490680,-0.055710,8.366735,8.366264,0.011122,0.900982
2020-06-19,8.1440,8.3335,8.1440,8.2770,11084588,0.015971,46.584461,-0.052877,8.360071,8.365273,0.011591,0.901675
2020-06-22,8.2486,8.2486,8.0681,8.1776,9924087,-0.012015,42.484918,-0.057987,8.348279,8.358803,0.011856,0.892859
2020-06-23,8.1529,8.1529,7.9251,8.0130,11820756,-0.020123,36.725555,-0.074458,8.330566,8.344685,0.012556,0.884045
2020-06-24,8.0045,8.0045,7.8870,7.9121,11086328,-0.012586,33.709527,-0.094559,8.300751,8.329894,0.011927,0.880720
2020-06-25,7.9266,8.1761,7.9266,8.0987,6606817,0.023579,43.030045,-0.094347,8.282752,8.316224,0.013359,0.887445
2020-06-26,8.1056,8.1533,8.1056,8.1364,13121245,0.004657,44.722061,-0.090098,8.272105,8.304619,0.013185,0.882971
2020-06-29,8.1205,8.1618,8.1205,8.1453,12211275,0.001086,45.133256,-0.085037,8.264100,8.297034,0.013159,0.882923
2020-06-30,8.1058,8.2360,8.1058,8.1991,8901507,0.006609,47.686036,-0.075809,8.256653,8.289667,0.013198,0.878490
2020-07-01,8.1186,8.1412,8.0297,8.0773,10236460,-0.014850,42.831554,-0.077428,8.241558,8.284084,0.013512,0.885347
2020-07-02,8.0970,8.1263,8.0747,8.0936,16048833,0.002019,43.658764,-0.076513,8.223781,8.279338,0.013336,0.883747
2020-07-03,8.0611,8.3369,8.0611,8.3302,7646285,0.029233,54.048537,-0.056050,8.212090,8.277290,0.014691,0.891536
2020-07-06,8.3760,8.4642,8.3604,8.4195,9014848,0.010720,57.252707,-0.032256,8.208475,8.281202,0.014824,0.897725
2020-07-07,8.4381,8.4381,8.2433,8.3134,7168518,-0.012605,52.561944,-0.021712,8.201743,8.284735,0.015044,0.898102
2020-07-08,8.3026,8.4775,8.3026,8.3711,7388021,0.006943,54.734198,-0.008599,8.193254,8.289540,0.014905,0.899971
2020-07-09,8.3181,8.3900,8.3072,8.3304,11109236,-0.004865,52.893727,-0.001476,8.197151,8.293199,0.012803,0.897210
2020-07-10,8.3291,8.3291,8.1029,8.1050,17602346,-0.027055,44.063823,-0.013858,8.188319,8.292861,0.014180,0.900741
2020-07-13,8.0917,8.3241,8.0917,8.2783,13483402,0.021377,50.855889,-0.009579,8.189528,8.296554,0.015016,0.898319
2020-07-14,8.2438,8.5019,8.2438,8.4541,8269880,0.021233,56.611671,0.007904,8.201438,8.302405,0.015673,0.900358
2020-07-15,8.4194,8.6235,8.4194,8.6066,10381821,0.018044,60.892646,0.033681,8.224287,8.311171,0.015916,0.897486
2020-07-16,8.6437,8.6437,8.4076,8.4552,7539083,-0.017587,55.085034,0.041418,8.239704,8.315934,0.016552,0.891882
2020-07-17,8.4635,8.4635,8.3531,8.3546,11576505,-0.011905,51.563122,0.038978,8.243583,8.316929,0.016487,0.886546
2020-07-20,8.3391,8.5445,8.3391,8.4872,9067289,0.015870,55.590884,0.047199,8.259064,8.323147,0.016543,0.880382
2020-07-21,8.4648,8.4735,8.3979,8.4564,11054001,-0.003621,54.460600,0.050651,8.281237,8.326422,0.015776,0.875334
2020-07-22,8.4467,8.4467,8.2877,8.3590,12559909,-0.011525,50.924087,0.045004,8.303579,8.329027,0.015723,0.880873
2020-07-23,8.3198,8.3198,8.1347,8.2094,10288526,-0.017894,45.988170,0.028134,8.309114,8.327155,0.015582,0.885139
2020-07-24,8.1951,8.1951,7.9830,8.0919,9647070,-0.014310,42.503614,0.005225,8.306889,8.319562,0.015908,0.874486
2020-07-27,8.1150,8.2657,8.1150,8.1448,10173353,0.006535,44.540537,-0.008565,8.306867,8.313212,0.015977,0.894423
2020-07-28,8.1823,8.1823,7.9389,7.9896,8968289,-0.019051,40.056089,-0.031649,8.296395,8.302840,0.016452,0.896900
2020-07-29,8.0158,8.0509,7.9908,8.0201,7267893,0.003808,41.303986,-0.046947,8.293532,8.291674,0.016161,0.897640
2020-07-30,8.0539,8.1170,8.0539,8.0963,7640678,0.009505,44.425770,-0.052317,8.293665,8.286763,0.016302,0.897603
2020-07-31,8.1132,8.3163,8.1132,8.2720,13096463,0.021705,50.907815,-0.041909,8.290755,8.283998,0.015670,0.895343
2020-08-03,8.2334,8.4332,8.2334,8.3785,8547185,0.012870,54.379428,-0.024784,8.288703,8.283300,0.015756,0.895655
2020-08-04,8.2828,8.2828,8.0844,8.2330,8217086,-0.017365,49.253322,-0.022691,8.284683,8.280615,0.015989,0.893289
2020-08-05,8.1923,8.1923,8.0633,8.0860,12996594,-0.017851,44.672439,-0.032517,8.270428,8.272167,0.016350,0.897195
2020-08-06,8.0787,8.1591,8.0787,8.1045,12875166,0.002278,45.358341,-0.038375,8.259131,8.265082,0.016353,0.892986
2020-08-07,8.1100,8.2256,8.0831,8.1416,7287844,0.004589,46.792603,-0.039561,8.260962,8.260928,0.015215,0.888127
2020-08-10,8.1803,8.1803,7.9896,8.0950,16362530,-0.005725,45.191468,-0.043758,8.251799,8.256721,0.014429,0.889094
2020-08-11,8.1005,8.1005,7.8450,7.9370,15129190,-0.019527,40.171273,-0.059157,8.225944,8.248500,0.013993,0.889133
2020-08-12,7.9472,7.9472,7.6015,7.6569,10196033,-0.035283,33.146336,-0.092888,8.178459,8.234054,0.014817,0.892609
2020-08-13,7.6965,7.8089,7.6934,7.7562,10698446,0.012961,37.329003,-0.110339,8.143505,8.220193,0.015101,0.887955
2020-08-14,7.8088,7.8704,7.7835,7.8220,10410655,0.008494,40.012226,-0.117499,8.116878,8.205353,0.015242,0.889068
2020-08-17,7.7918,7.9212,7.7918,7.9046,10469937,0.010556,43.289164,-0.115183,8.087750,8.193608,0.014935,0.890529
2020-08-18,7.8966,7.9574,7.8609,7.9284,10404271,0.003005,44.232969,-0.110161,8.061345,8.183215,0.015004,0.887874
2020-08-19,7.9245,7.9945,7.9245,7.9641,21188262,0.004509,45.697596,-0.102119,8.041601,8.171679,0.014959,0.888541
2020-08-20,7.9328,7.9626,7.8913,7.9184,13445418,-0.005744,44.101250,-0.098304,8.027049,8.164997,0.014534,0.889114
2020-08-21,7.9057,7.9067,7.8603,7.8954,12937493,-0.002900,43.284015,-0.096027,8.017222,8.157271,0.014234,0.887985
2020-08-24,7.8806,7.8806,7.8010,7.8512,7787223,-0.005599,41.682312,-0.096675,8.002541,8.149213,0.014148,0.888280
2020-08-25,7.8594,8.1467,7.8594,8.1298,10955172,0.035485,53.388087,-0.073856,8.009548,8.147491,0.015795,0.900449
2020-08-26,8.1555,8.1555,8.0028,8.1092,12096602,-0.002534,52.548127,-0.056780,8.014004,8.146683,0.015800,0.897821
2020-08-27,8.1246,8.1246,7.9566,8.0431,12541543,-0.008149,49.839560,-0.048026,8.011345,8.144607,0.015773,0.900015
2020-08-28,8.0120,8.0776,8.0120,8.0725,9587519,0.003654,51.047955,-0.038275,8.001368,8.140517,0.014948,0.898601
2020-08-31,8.0572,8.0572,7.9611,7.9854,9273526,-0.010794,47.401574,-0.037151,7.981711,8.136673,0.014718,0.900321
2020-09-01,7.9881,8.2687,7.9881,8.1576,11714241,0.021566,54.343263,-0.022108,7.977940,8.139565,0.015187,0.904936
2020-09-02,8.1866,8.1866,8.1129,8.1135,7737636,-0.005400,52.436783,-0.013585,7.979314,8.143592,0.014678,0.904152
2020-09-03,8.1379,8.1698,8.1221,8.1512,7458513,0.004643,53.925379,-0.003748,7.981651,8.144642,0.014705,0.900692
2020-09-04,8.2025,8.3188,8.2025,8.2967,9142090,0.017847,59.231472,0.015608,7.989403,8.147847,0.015195,0.902171
2020-09-07,8.2880,8.4607,8.2506,8.3724,18533038,0.009133,61.705284,0.036639,8.003274,8.152391,0.015209,0.902585
2020-09-08,8.3951,8.4414,8.3951,8.4292,10789178,0.006777,63.491621,0.057224,8.027885,8.156993,0.014383,0.900911
2020-09-09,8.4908,8.5607,8.3909,8.4555,8949578,0.003124,64.323482,0.074802,8.067815,8.164556,0.011198,0.900455
2020-09-10,8.4363,8.5137,8.4363,8.4557,12331921,0.000021,64.329434,0.087735,8.102792,8.171798,0.011089,0.900646
2020-09-11,8.4228,8.5067,8.3770,8.4387,6807598,-0.002014,63.249014,0.095509,8.133624,8.173966,0.011133,0.899263
2020-09-14,8.4601,8.4601,8.2847,8.3578,13306116,-0.009586,58.243641,0.094059,8.156282,8.172731,0.011403,0.899455
2020-09-15,8.3618,8.4419,8.3618,8.4219,9302240,0.007676,60.887009,0.096968,8.180960,8.174901,0.011454,0.891719
2020-09-16,8.4621,8.4621,8.4045,8.4336,9811367,0.001386,61.366103,0.099073,8.204435,8.176151,0.011455,0.890314
2020-09-17,8.4721,8.4721,8.2507,8.3491,10814785,-0.010021,56.014535,0.092852,8.225971,8.176524,0.011664,0.886489
2020-09-18,8.3631,8.3631,8.1919,8.2102,17315266,-0.016640,48.523352,0.075837,8.241708,8.178627,0.012394,0.891956
2020-09-21,8.2230,8.3919,8.2230,8.3541,8909120,0.017528,55.206115,0.073121,8.266852,8.180142,0.012719,0.894149
2020-09-22,8.3281,8.4924,8.3281,8.4708,9785080,0.013977,59.769682,0.079475,8.283904,8.180478,0.010573,0.901525
2020-09-23,8.4587,8.5457,8.4587,8.5090,8140080,0.004508,61.163059,0.086594,8.303895,8.178526,0.010527,0.899458
2020-09-24,8.5656,8.5820,8.4840,8.4866,11450286,-0.002630,59.854378,0.089399,8.326071,8.179154,0.010304,0.901342
2020-09-25,8.4630,8.5886,8.4630,8.5345,7950702,0.005637,61.738618,0.094393,8.349169,8.182751,0.010323,0.894143
2020-09-28,8.5635,8.5635,8.3754,8.4416,7923054,-0.010879,56.222568,0.089824,8.371982,8.181840,0.010329,0.896431
2020-09-29,8.4321,8.4696,8.3701,8.3702,9500863,-0.008459,52.348770,0.079524,8.382613,8.180115,0.009620,0.894922
2020-09-30,8.3552,8.5229,8.3552,8.4881,11679375,0.014090,57.550822,0.079956,8.401344,8.182698,0.009886,0.896098
2020-10-01,8.4560,8.6206,8.4560,8.5218,10269390,0.003962,58.927730,0.082066,8.419873,8.188945,0.009879,0.897033
2020-10-02,8.5068,8.5068,8.3631,8.4345,11117229,-0.010241,54.029730,0.075821,8.426764,8.195797,0.009539,0.889373
2020-10-05,8.4278,8.4278,8.3143,8.3201,6119592,-0.013561,48.356803,0.060941,8.424147,8.199303,0.009849,0.891377
2020-10-06,8.3453,8.3528,8.2949,8.3411,9804048,0.002523,49.406769,0.050262,8.419743,8.206332,0.009734,0.889018
2020-10-07,8.3197,8.4982,8.3197,8.4933,20689659,0.018245,56.336914,0.053463,8.421632,8.215796,0.010579,0.890954
2020-10-08,8.4959,8.4959,8.4024,8.4062,16248873,-0.010257,51.950121,0.048412,8.419156,8.221994,0.010838,0.881428
2020-10-09,8.4171,8.4862,8.4104,8.4446,9013320,0.004571,53.663904,0.046968,8.419452,8.225445,0.010882,0.883841
2020-10-12,8.4296,8.4296,8.3316,8.3530,9200148,-0.010842,49.163981,0.037998,8.419215,8.224936,0.010944,0.883387
2020-10-13,8.3199,8.3627,8.2171,8.3039,6725836,-0.005886,46.890068,0.026615,8.413313,8.226353,0.010865,0.886322
2020-10-14,8.3050,8.3050,8.1624,8.2750,10076396,-0.003476,45.557880,0.015090,8.405383,8.230133,0.010871,0.886769
2020-10-15,8.3176,8.3176,8.2426,8.2543,8807773,-0.002501,44.580069,0.004239,8.400645,8.233130,0.010667,0.882047
2020-10-16,8.3012,8.3080,8.2301,8.2571,10974831,0.000342,44.754187,-0.004087,8.402994,8.235440,0.009969,0.890108
2020-10-19,8.2787,8.2824,8.1854,8.2356,7418913,-0.002603,43.629745,-0.012277,8.397073,8.238252,0.009122,0.891519
2020-10-20,8.2304,8.2800,8.1847,8.2168,10729378,-0.002285,42.620054,-0.020055,8.384373,8.243850,0.008447,0.886703
2020-10-21,8.2368,8.2368,8.0563,8.0837,10278917,-0.016207,36.230066,-0.036544,8.363106,8.252384,0.008929,0.891088
2020-10-22,8.0440,8.2058,8.0440,8.1871,9073557,0.012797,43.337207,-0.040794,8.348130,8.261003,0.009564,0.893273
2020-10-23,8.1720,8.4261,8.1720,8.2443,6392192,0.006992,46.865907,-0.039092,8.333624,8.269450,0.009623,0.899439
2020-10-26,8.2685,8.3229,8.2064,8.3152,10915774,0.008588,50.936099,-0.031665,8.327301,8.277660,0.009629,0.898983
2020-10-27,8.3100,8.3100,8.0930,8.1287,6374206,-0.022422,41.846034,-0.040359,8.315226,8.281667,0.010670,0.905516
2020-10-28,8.1645,8.1645,8.0628,8.1057,20927263,-0.002836,40.874550,-0.048549,8.296102,8.284498,0.010028,0.899470
2020-10-29,8.1031,8.1601,8.1012,8.1486,10039734,0.005297,43.504951,-0.050987,8.277443,8.289103,0.010076,0.905090
2020-10-30,8.2026,8.2026,8.0524,8.0909,9249174,-0.007078,40.874571,-0.056917,8.260264,8.293013,0.009967,0.905238
2020-11-02,8.0676,8.1190,8.0466,8.0731,6674461,-0.002206,40.067332,-0.062338,8.247912,8.297451,0.009592,0.904769
2020-11-03,8.0608,8.1239,7.9664,8.0727,5509544,-0.000043,40.050897,-0.065903,8.234493,8.296310,0.009553,0.908419
2020-11-04,8.1284,8.4299,8.1284,8.3472,14270185,0.033995,55.661871,-0.046052,8.227187,8.301069,0.011685,0.909081
2020-11-05,8.4164,8.7343,8.4164,8.6565,17122907,0.037065,66.312208,-0.005295,8.239705,8.313338,0.014192,0.912334
2020-11-06,8.6989,8.6989,8.4508,8.5126,7882428,-0.016625,59.189991,0.015218,8.243107,8.322141,0.014737,0.915087
2020-11-09,8.4756,8.8542,8.4756,8.8103,18727611,0.034966,67.068399,0.054861,8.265970,8.338639,0.016352,0.923344
2020-11-10,8.8248,8.9220,8.8099,8.8195,8605934,0.001048,67.279401,0.086031,8.291752,8.351878,0.016231,0.921091
2020-11-11,8.8177,8.9266,8.7659,8.8936,9622170,0.008404,68.996861,0.115384,8.322684,8.367481,0.016194,0.920976
2020-11-12,8.9085,8.9208,8.8525,8.9032,13649459,0.001074,69.221147,0.137829,8.355128,8.382521,0.016141,0.914191
2020-11-13,8.8805,8.8805,8.7306,8.7415,12040407,-0.018159,61.159278,0.140947,8.379348,8.391418,0.016870,0.914979
2020-11-16,8.7339,8.7710,8.6553,8.7444,6266277,0.000333,61.246747,0.142015,8.404788,8.398858,0.016832,0.912584
2020-11-17,8.7534,8.7534,8.6269,8.6324,9691697,-0.012815,56.014416,0.132295,8.425565,8.402922,0.017171,0.895310
2020-11-18,8.6288,8.7738,8.6288,8.7179,8334713,0.009909,58.900881,0.129995,8.457278,8.408170,0.016650,0.900897
2020-11-19,8.7094,8.9146,8.7094,8.8204,7884943,0.011755,62.108839,0.134887,8.488943,8.415464,0.016623,0.897444
2020-11-20,8.8193,9.0812,8.8193,8.9821,9787690,0.018331,66.545732,0.150081,8.525830,8.426332,0.016926,0.900274
2020-11-23,8.9634,9.1002,8.9554,9.0168,9890389,0.003860,67.426441,0.163040,8.560910,8.439512,0.016897,0.898228
2020-11-24,9.0222,9.0222,8.9097,8.9745,12804954,-0.004686,65.174440,0.167964,8.603199,8.450563,0.015861,0.893898
2020-11-25,9.0203,9.1089,9.0078,9.0133,8260607,0.004325,66.288414,0.173005,8.648583,8.462158,0.015753,0.888173
2020-11-26,8.9738,9.1758,8.9738,9.1118,11569793,0.010925,68.997727,0.182838,8.696743,8.477412,0.015801,0.888586
2020-11-27,9.0822,9.1660,9.0822,9.1380,12140261,0.002881,69.696790,0.190552,8.749099,8.495970,0.015531,0.884138
2020-11-30,9.1847,9.1847,8.9988,9.0376,5493112,-0.010991,63.771038,0.186413,8.797325,8.509640,0.015901,0.885790
2020-12-01,8.9846,8.9846,8.8173,8.8413,8325947,-0.021717,54.092599,0.165388,8.835756,8.517051,0.017018,0.888272
2020-12-02,8.8524,8.8524,8.7077,8.7483,13636026,-0.010528,50.201274,0.139606,8.855810,8.521835,0.015856,0.889470
2020-12-03,8.7243,8.7659,8.6125,8.6621,18855774,-0.009844,46.843593,0.110945,8.856089,8.525345,0.013806,0.890487
2020-12-04,8.6650,8.7864,8.6650,8.7674,11384601,0.012150,51.143914,0.095621,8.868826,8.530004,0.013464,0.892959
2020-12-07,8.8499,8.8868,8.7751,8.8666,7538440,0.011318,54.852708,0.090441,8.871642,8.538503,0.011229,0.893878
2020-12-08,8.8566,8.8566,8.7075,8.7665,15682291,-0.011292,50.673117,0.077365,8.868990,8.546429,0.011525,0.896184
2020-12-09,8.7258,8.8383,8.7258,8.8072,11625425,0.004646,52.266694,0.069489,8.864669,8.552811,0.011407,0.887842
2020-12-10,8.8413,8.9881,8.8413,8.9573,8910381,0.017038,57.689542,0.074496,8.867373,8.561521,0.012057,0.889391
2020-12-11,8.9638,9.0123,8.8269,8.9753,7843046,0.002007,58.300870,0.079004,8.879059,8.572336,0.011242,0.891492
2020-12-14,8.9970,8.9970,8.7271,8.8082,13291491,-0.018612,50.937360,0.068310,8.882247,8.582098,0.012100,0.890025
2020-12-15,8.7736,9.0282,8.7736,9.0002,9331294,0.021796,57.569993,0.074468,8.900638,8.595279,0.012571,0.894657
2020-12-16,8.9844,9.0411,8.9224,8.9360,14326136,-0.007137,54.896110,0.073320,8.911540,8.604133,0.012596,0.893490
2020-12-17,8.8626,8.9731,8.8626,8.9264,13507795,-0.001068,54.491249,0.070824,8.916841,8.614538,0.012361,0.893220
2020-12-18,8.8615,9.0145,8.8615,8.9322,11820569,0.000642,54.707488,0.068519,8.914344,8.624289,0.011643,0.891502
2020-12-21,8.9134,8.9341,8.8525,8.9063,13904076,-0.002890,53.476031,0.063873,8.908823,8.635355,0.011616,0.886979
2020-12-22,8.9302,8.9302,8.7216,8.7307,9331735,-0.019724,45.902538,0.045492,8.896632,8.643891,0.012361,0.892022
2020-12-23,8.7472,8.8789,8.7472,8.8434,9319922,0.012909,50.724243,0.039563,8.888135,8.655258,0.012711,0.890408
2020-12-24,8.8534,8.8534,8.7695,8.7831,11949640,-0.006814,48.248055,0.029660,8.871701,8.665834,0.012460,0.892749
2020-12-25,8.7207,9.1104,8.7207,9.0252,13151285,0.027560,57.271338,0.040873,8.866058,8.681195,0.014063,0.895003
2020-12-28,9.0186,9.0186,8.8401,8.9101,14763713,-0.012752,52.577487,0.040011,8.859682,8.694684,0.014137,0.895454
2020-12-29,8.8702,8.8702,8.7673,8.7930,10928897,-0.013143,48.244664,0.029538,8.857265,8.706207,0.013583,0.897462
2020-12-30,8.7597,8.7631,8.7198,8.7628,5877953,-0.003437,47.164519,0.018586,8.857990,8.719789,0.013390,0.890445
2020-12-31,8.7797,8.8855,8.7797,8.8729,6353163,0.012563,51.430723,0.018575,8.868527,8.733504,0.013446,0.896705
2021-01-01,8.9341,8.9351,8.7940,8.8984,7995560,0.002881,52.391821,0.020394,8.875079,8.746586,0.013209,0.896427
2021-01-04,8.9266,8.9891,8.9263,8.9376,6858554,0.004401,53.897121,0.024710,8.878627,8.759034,0.013009,0.896621
2021-01-05,8.9479,8.9479,8.6326,8.7044,9078550,-0.026088,44.811640,0.009210,8.875523,8.770548,0.014089,0.902730
2021-01-06,8.6312,8.6947,8.6312,8.6777,10502160,-0.003064,43.900050,-0.005166,8.869049,8.781990,0.014054,0.901253
2021-01-07,8.6518,8.7065,8.6518,8.6938,20278864,0.001846,44.628648,-0.015093,8.855873,8.792893,0.013445,0.890706
2021-01-08,8.6801,8.6801,8.5355,8.5555,12518242,-0.015899,39.822787,-0.033725,8.834887,8.802185,0.013797,0.893937
2021-01-11,8.5961,8.7058,8.5803,8.5943,11504875,0.004530,41.717824,-0.044846,8.824191,8.812609,0.013319,0.893591
2021-01-12,8.5344,8.5344,8.3723,8.4521,8401545,-0.016539,37.102659,-0.064388,8.796789,8.820198,0.012582,0.893361
2021-01-13,8.4680,8.4680,8.2916,8.3167,18057378,-0.016019,33.321221,-0.089765,8.765829,8.819590,0.012887,0.893265
2021-01-14,8.3934,8.3934,8.2586,8.3059,10069640,-0.001300,33.031793,-0.109487,8.734805,8.812577,0.012885,0.891526
2021-01-15,8.2540,8.2911,8.2444,8.2739,11155741,-0.003855,32.141167,-0.126245,8.701893,8.807803,0.012847,0.889832
2021-01-18,8.3344,8.4109,8.3344,8.3651,10474443,0.011014,37.321144,-0.130666,8.674829,8.798898,0.013265,0.888207
2021-01-19,8.3793,8.5229,8.3645,8.3929,9961761,0.003327,38.856085,-0.130421,8.657939,8.790365,0.012731,0.884306
2021-01-20,8.3875,8.5642,8.3875,8.5083,8296884,0.013750,44.883852,-0.119537,8.641184,8.782658,0.012783,0.887261
2021-01-21,8.4960,8.5830,8.4960,8.5290,6808534,0.002433,45.913737,-0.107995,8.628477,8.775174,0.012762,0.885517
2021-01-22,8.5085,8.7156,8.5085,8.6728,8339033,0.016867,52.549975,-0.086247,8.610861,8.773800,0.011662,0.887544
2021-01-25,8.6757,8.6913,8.5899,8.6344,10664086,-0.004435,50.756694,-0.071293,8.597075,8.771599,0.011401,0.887045
2021-01-26,8.5956,8.7489,8.5956,8.6639,17276217,0.003415,52.106021,-0.056412,8.590619,8.772229,0.011109,0.887141
2021-01-27,8.6939,8.7664,8.6939,8.7483,16461877,0.009749,55.838882,-0.037372,8.589897,8.772837,0.011326,0.884364
2021-01-28,8.7702,8.8987,8.7477,8.7930,10060995,0.005105,57.715414,-0.018466,8.585904,8.772289,0.011008,0.882511
2021-01-29,8.8457,8.8457,8.6144,8.7424,6404799,-0.005756,54.869742,-0.007481,8.578102,8.767495,0.011042,0.878973
2021-02-01,8.6945,8.7317,8.6107,8.6987,8595064,-0.004996,52.465619,-0.002274,8.566158,8.761133,0.011008,0.865547
2021-02-02,8.6974,8.7153,8.5970,8.6418,10354400,-0.006537,49.429404,-0.002704,8.563030,8.754480,0.009448,0.874300
2021-02-03,8.6182,8.7683,8.6182,8.7552,7904112,0.013122,55.019823,0.006036,8.566905,8.749318,0.009883,0.870109
2021-02-04,8.7606,8.8380,8.7493,8.7551,8050092,-0.000013,55.013459,0.012805,8.569973,8.742185,0.009879,0.875453
2021-02-05,8.7631,8.7631,8.6682,8.6797,10626664,-0.008620,50.688599,0.011943,8.576179,8.733017,0.009367,0.875235
2021-02-08,8.6889,8.6889,8.4890,8.5983,6138362,-0.009369,46.451086,0.004643,8.576381,8.724232,0.009586,0.877861
2021-02-09,8.6252,8.6252,8.4503,8.4739,10268391,-0.014471,40.827188,-0.011054,8.577468,8.716883,0.009407,0.888043
2021-02-10,8.4711,8.5841,8.4711,8.5555,7665718,0.009632,45.489230,-0.016716,8.589407,8.713028,0.008814,0.889084
2021-02-11,8.5331,8.6539,8.4930,8.5960,15326697,0.004732,47.690574,-0.017732,8.603910,8.711706,0.008818,0.892478
2021-02-12,8.5864,8.5864,8.3604,8.3923,18809068,-0.023700,39.126855,-0.034578,8.609827,8.704203,0.010448,0.882635
2021-02-15,8.4571,8.5370,8.4571,8.5256,7440461,0.015891,45.966927,-0.036744,8.617856,8.697384,0.010752,0.883307
2021-02-16,8.5359,8.5359,8.3202,8.4403,11634812,-0.010007,42.664210,-0.044828,8.620228,8.690861,0.011011,0.883825
2021-02-17,8.4279,8.4608,8.3739,8.3923,14140607,-0.005688,40.884058,-0.054480,8.614429,8.682562,0.010616,0.881284
2021-02-18,8.4401,8.5301,8.4401,8.5026,16178556,0.013136,46.413309,-0.052627,8.613108,8.673468,0.011040,0.883389
2021-02-19,8.5114,8.6398,8.5114,8.5472,15725008,0.005256,48.515590,-0.047011,8.606828,8.664908,0.010387,0.877311
2021-02-22,8.5489,8.5489,8.4357,8.4637,8028039,-0.009772,44.965296,-0.048737,8.598295,8.658018,0.010556,0.875995
2021-02-23,8.4832,8.4832,8.3656,8.3875,7748516,-0.009007,41.947880,-0.055616,8.584476,8.645764,0.010651,0.872062
2021-02-24,8.3662,8.6166,8.3662,8.4977,10507631,0.013136,47.437986,-0.051582,8.571944,8.636998,0.010865,0.875162
2021-02-25,8.4844,8.4844,8.3856,8.4242,10024557,-0.008646,44.421081,-0.053694,8.553504,8.626954,0.010867,0.870014
2021-02-26,8.4178,8.4786,8.3665,8.3877,13686353,-0.004335,42.958692,-0.057651,8.535769,8.616065,0.010846,0.864405
2021-03-01,8.3903,8.5541,8.3903,8.5248,10916712,0.016346,49.658961,-0.049157,8.527073,8.608433,0.011563,0.859070
2021-03-02,8.5738,8.5738,8.4848,8.5130,10526815,-0.001377,49.126865,-0.042879,8.520633,8.604081,0.011489,0.863668
2021-03-03,8.4904,8.7365,8.4904,8.7261,11317168,0.025024,57.935528,-0.020477,8.519175,8.601734,0.012506,0.880631
2021-03-04,8.7011,8.8112,8.7011,8.7725,6243537,0.005318,59.577369,0.001009,8.520042,8.601522,0.012564,0.875365
2021-03-05,8.8022,8.8022,8.5016,8.5145,15014839,-0.029405,48.292709,-0.002746,8.511786,8.591308,0.014096,0.884604
2021-03-08,8.5316,8.7195,8.5316,8.5971,17132630,0.009699,51.462487,0.000931,8.511724,8.585049,0.014135,0.887415
2021-03-09,8.6149,8.7917,8.6149,8.7849,8463763,0.021843,57.797697,0.018781,8.527274,8.584887,0.014495,0.888394
2021-03-10,8.7736,8.9324,8.7736,8.9070,7066293,0.013905,61.333166,0.042297,8.544850,8.587772,0.014645,0.892910
2021-03-11,8.9440,9.1235,8.9440,9.0627,9661343,0.017477,65.320256,0.072657,8.568186,8.591569,0.015037,0.896713
2021-03-12,9.0560,9.0560,8.8882,8.9652,10869107,-0.010760,61.072065,0.087837,8.596833,8.592905,0.014087,0.898598
2021-03-15,8.9138,9.0334,8.9064,8.9975,7910898,0.003606,61.955434,0.101308,8.620428,8.594104,0.013778,0.897647
2021-03-16,8.9552,8.9552,8.8104,8.8868,11858649,-0.012310,57.168506,0.101871,8.642750,8.597751,0.013900,0.894666
2021-03-17,8.8574,8.9662,8.8242,8.8559,7330329,-0.003473,55.873166,0.098690,8.665930,8.601315,0.013839,0.892320
2021-03-18,8.8323,8.8323,8.7886,8.7967,9566265,-0.006681,53.376224,0.090353,8.680639,8.603374,0.013768,0.890371
2021-03-19,8.8054,8.8548,8.7205,8.8525,12968714,0.006341,55.400003,0.087242,8.695903,8.609314,0.013784,0.872070
2021-03-22,8.8411,8.8411,8.7628,8.8287,8772726,-0.002689,54.316649,0.081911,8.714152,8.614003,0.013559,0.869284
2021-03-23,8.8373,8.9856,8.7391,8.7857,9705939,-0.004870,52.325942,0.073371,8.734064,8.620674,0.013410,0.850884
2021-03-24,8.8195,8.8195,8.6955,8.7337,12479087,-0.005917,49.942788,0.061698,8.745867,8.629014,0.013284,0.842020
2021-03-25,8.6746,8.7622,8.6746,8.7165,17468823,-0.001979,49.141512,0.050470,8.760480,8.637224,0.013099,0.837263
2021-03-26,8.7390,8.7390,8.5295,8.5720,8820095,-0.016578,42.938221,0.029571,8.769694,8.643185,0.013674,0.841818
2021-03-29,8.5263,8.5713,8.4588,8.5190,9478795,-0.006179,40.900061,0.008635,8.769405,8.646264,0.013281,0.841236
2021-03-30,8.4977,8.5303,8.4510,8.4919,3780780,-0.003184,39.856770,-0.010030,8.768346,8.648244,0.013297,0.831373
2021-03-31,8.5152,8.5915,8.5152,8.5899,6323607,0.011540,45.287168,-0.016722,8.761536,8.649875,0.012261,0.834708
2021-04-01,8.5885,8.7861,8.5885,8.7610,13563618,0.019918,53.227340,-0.008126,8.760960,8.654515,0.013048,0.849595
2021-04-02,8.7901,8.8916,8.7901,8.8705,9901940,0.012500,57.480795,0.007438,8.778758,8.658467,0.011326,0.847518
2021-04-05,8.8693,9.0083,8.8051,8.8686,4811708,-0.000209,57.385800,0.019399,8.792333,8.663152,0.011193,0.844310
2021-04-06,8.8867,8.8867,8.5999,8.6313,18248119,-0.026760,46.724155,0.009617,8.784653,8.662500,0.011828,0.855528
2021-04-07,8.6357,8.6357,8.4960,8.5079,9114512,-0.014301,42.320110,-0.008003,8.764694,8.657691,0.011661,0.854607
2021-04-08,8.5195,8.7349,8.5195,8.7269,15055804,0.025742,51.123022,-0.004246,8.747902,8.656368,0.012511,0.859646
2021-04-09,8.6976,8.7216,8.6615,8.6628,9758477,-0.007344,48.776912,-0.006366,8.732780,8.654776,0.012405,0.860499
2021-04-12,8.6715,8.6715,8.4390,8.5635,13102959,-0.011465,45.307032,-0.015878,8.711077,8.652071,0.012527,0.862503
2021-04-13,8.5855,8.7113,8.5855,8.7001,12832155,0.015962,50.523386,-0.012246,8.701746,8.653238,0.012938,0.865910
2021-04-14,8.6869,8.9010,8.6869,8.8768,8670834,0.020303,56.320931,0.004830,8.702789,8.655668,0.013763,0.867574
2021-04-15,8.8623,8.9617,8.8112,8.8741,8065239,-0.000297,56.215082,0.017943,8.706660,8.658049,0.013668,0.869784
2021-04-16,8.8197,8.8815,8.8031,8.8369,8666184,-0.004197,54.652073,0.025042,8.705878,8.661194,0.013635,0.866969
2021-04-19,8.7878,8.8248,8.7878,8.7935,12177847,-0.004913,52.808812,0.026855,8.704117,8.665097,0.013668,0.867549
2021-04-20,8.6972,8.8782,8.6972,8.8317,15217431,0.004345,54.270502,0.031017,8.706415,8.672253,0.013654,0.867539
2021-04-21,8.8336,8.9228,8.8331,8.9097,6186290,0.008832,57.186328,0.040147,8.715213,8.679336,0.013696,0.863654
2021-04-22,8.8991,9.0188,8.8777,8.9915,11099167,0.009179,60.061506,0.053367,8.728964,8.687246,0.013791,0.863970
2021-04-23,9.0356,9.1305,9.0356,9.1251,10936942,0.014861,64.282296,0.073775,8.756621,8.701903,0.013391,0.863909
2021-04-26,9.0963,9.3915,9.0963,9.3151,15614696,0.020821,69.257204,0.104080,8.796427,8.717692,0.013750,0.865875
2021-04-27,9.2443,9.2473,9.1511,9.1994,11107364,-0.012425,63.458686,0.117405,8.831801,8.732873,0.014173,0.867773
2021-04-28,9.1670,9.4121,9.1670,9.3645,17003189,0.017955,67.624631,0.139683,8.870534,8.752317,0.014421,0.868487
2021-04-29,9.3091,9.4189,9.2072,9.3377,7101412,-0.002860,66.304480,0.153408,8.899374,8.769021,0.014027,0.868693
2021-04-30,9.3482,9.3482,9.0368,9.0680,13117035,-0.028884,54.720719,0.140898,8.909252,8.779437,0.015564,0.878771
2021-05-03,9.0788,9.0788,8.8395,8.8657,13841730,-0.022310,47.953486,0.113352,8.909107,8.787477,0.016431,0.884080
2021-05-04,8.8780,8.9090,8.7700,8.8098,12361777,-0.006309,46.250354,0.086017,8.918032,8.795923,0.015266,0.881639
2021-05-05,8.7891,8.9695,8.7891,8.9106,6822462,0.011445,49.717108,0.071663,8.938170,8.804182,0.014979,0.880963
2021-05-06,8.9380,9.0204,8.9380,8.9587,13773763,0.005394,51.328516,0.063435,8.949761,8.814871,0.013968,0.880937
2021-05-07,8.9673,9.0339,8.9673,9.0152,11302066,0.006306,53.226080,0.060772,8.967381,8.827421,0.013851,0.886435
2021-05-10,8.9929,9.2820,8.9929,9.2225,9692729,0.022993,59.469884,0.074529,9.000331,8.841375,0.014215,0.891200
2021-05-11,9.2548,9.2548,9.0746,9.0894,13897206,-0.014425,54.446565,0.073845,9.019795,8.852902,0.014470,0.893606
2021-05-12,9.1204,9.1528,8.9504,9.0837,10283905,-0.000634,54.232703,0.072008,9.030139,8.860054,0.013842,0.896255
2021-05-13,9.0908,9.1783,9.0908,9.1452,10323464,0.006776,56.209776,0.074658,9.043693,8.867509,0.013890,0.894895
2021-05-14,9.0924,9.0938,9.0258,9.0779,13256507,-0.007355,53.490442,0.070518,9.055745,8.878778,0.013977,0.900592
2021-05-17,9.0562,9.1733,8.9591,9.0484,9434535,-0.003253,52.294145,0.064115,9.068491,8.887804,0.013943,0.900643
2021-05-18,9.0516,9.0516,8.8957,8.9445,11696109,-0.011485,48.208675,0.050077,9.074131,8.890996,0.014221,0.905816
2021-05-19,8.9266,9.0542,8.9266,9.0250,8788253,0.008996,51.376117,0.044927,9.079894,8.893354,0.014225,0.902498
2021-05-20,8.9517,9.0289,8.9118,8.9692,9763592,-0.006179,49.133366,0.035931,9.078780,8.891483,0.014160,0.907211
2021-05-21,8.9224,9.3031,8.9224,9.2953,10219403,0.036364,60.103210,0.054492,9.087291,8.898086,0.016042,0.911264
2021-05-24,9.3140,9.4171,9.3140,9.3883,10965194,0.010005,62.581149,0.075831,9.090953,8.905902,0.015513,0.910166
2021-05-25,9.3168,9.5645,9.3168,9.5522,13713029,0.017456,66.526727,0.104759,9.108597,8.919211,0.015641,0.911197
2021-05-26,9.5506,9.5876,9.5308,9.5791,13134796,0.002809,67.137651,0.128370,9.119323,8.933674,0.015188,0.907033
2021-05-27,9.5330,9.5588,9.4569,9.4961,9648726,-0.008661,63.291149,0.138788,9.127240,8.947661,0.015325,0.904276
2021-05-28,9.4696,9.5143,9.4386,9.4438,11004374,-0.005512,60.919863,0.141193,9.146026,8.959486,0.013739,0.898027
2021-05-31,9.4644,9.4926,9.4644,9.4876,17683560,0.004642,62.197318,0.144965,9.177119,8.972663,0.012481,0.898384
2021-06-01,9.5032,9.6201,9.5032,9.5774,4470410,0.009464,64.739892,0.153432,9.215498,8.988496,0.012328,0.893443
2021-06-02,9.5618,9.5618,9.4865,9.4981,10487468,-0.008278,60.848173,0.151991,9.244872,9.003784,0.012510,0.893718
2021-06-03,9.5134,9.5766,9.5134,9.5519,8595906,0.005664,62.495647,0.153423,9.274533,9.020492,0.012513,0.889974
2021-06-04,9.5335,9.6300,9.4923,9.5207,14498650,-0.003264,60.896238,0.150308,9.299810,9.039467,0.012574,0.888425
2021-06-07,9.5150,9.9392,9.5150,9.8714,13770363,0.036830,70.148373,0.174127,9.332255,9.066515,0.014039,0.900755
2021-06-08,9.8427,9.9059,9.7760,9.8737,4796293,0.000240,70.199732,0.190993,9.371470,9.094152,0.013423,0.900741
2021-06-09,9.8545,10.0816,9.8545,10.0757,7284778,0.020459,74.261539,0.218145,9.421073,9.123869,0.013842,0.906732
2021-06-10,10.0130,10.0267,9.9458,10.0204,13633610,-0.005487,71.393546,0.232522,9.464835,9.149059,0.014043,0.906795
2021-06-11,10.0516,10.0516,9.9617,10.0076,9732731,-0.001281,70.710438,0.240111,9.511318,9.171802,0.013833,0.912064
2021-06-14,10.0815,10.0815,9.8307,9.8466,8954305,-0.016093,62.617865,0.230474,9.551225,9.191360,0.014516,0.914836
2021-06-15,9.9021,9.9430,9.8500,9.8630,11943912,0.001666,63.081298,0.221605,9.597148,9.215994,0.014053,0.927002
2021-06-16,9.8697,9.9626,9.8697,9.9543,14189815,0.009266,65.637288,0.219421,9.643617,9.244923,0.014057,0.940173
2021-06-17,9.9868,10.2470,9.9868,10.2252,13737862,0.027208,71.856008,0.236815,9.706417,9.274889,0.014629,0.944361
2021-06-18,10.1239,10.2408,10.1239,10.2325,13168207,0.000711,72.002580,0.248324,9.753273,9.306283,0.012890,0.941995
2021-06-21,10.1881,10.4408,10.1881,10.4175,11462706,0.018087,75.498457,0.269276,9.804733,9.343365,0.013182,0.943675
2021-06-22,10.4110,10.5507,10.4086,10.5003,7236577,0.007949,76.888991,0.289228,9.852139,9.379369,0.012889,0.943833
2021-06-23,10.4522,10.7704,10.4522,10.7264,7923702,0.021525,80.193021,0.319595,9.909505,9.416361,0.013404,0.945132
2021-06-24,10.7982,10.7982,10.6367,10.6897,5162184,-0.003418,78.239355,0.336820,9.969186,9.452672,0.013156,0.943472
2021-06-25,10.6496,11.0370,10.6496,10.9756,12348261,0.026748,81.936033,0.369286,10.045780,9.495447,0.013637,0.945069
2021-06-28,10.8908,11.0049,10.8252,10.9688,10079868,-0.000621,81.580079,0.389970,10.119842,9.538953,0.013748,0.946568
2021-06-29,10.9483,10.9940,10.9346,10.9584,7453742,-0.000948,81.002145,0.400902,10.188894,9.581488,0.013861,0.940920
2021-06-30,10.9794,10.9794,10.8406,10.8882,8778496,-0.006405,77.035397,0.399299,10.258401,9.621059,0.013760,0.938998
2021-07-01,10.8434,11.1896,10.8434,11.1605,11706883,0.025003,80.934951,0.415209,10.338830,9.664439,0.014333,0.939667
2021-07-02,11.1762,11.3217,11.1207,11.2459,11856242,0.007651,81.969215,0.429755,10.425088,9.706854,0.014091,0.939259
2021-07-05,11.1881,11.2531,11.1881,11.2316,16347613,-0.001270,81.175876,0.435114,10.493099,9.745183,0.012543,0.939158
2021-07-06,11.2000,11.3505,11.2000,11.3377,20164915,0.009447,82.528474,0.442818,10.566296,9.787950,0.012468,0.937325
2021-07-07,11.3671,11.4917,11.3671,11.4740,9177117,0.012026,84.108756,0.454685,10.636211,9.830140,0.012127,0.936535
2021-07-08,11.4435,11.7857,11.4435,11.7576,8726605,0.024718,86.786013,0.481425,10.723071,9.878538,0.012422,0.939223
2021-07-09,11.6538,11.6538,11.4589,11.5470,8077978,-0.017918,76.479055,0.480084,10.800040,9.928117,0.013585,0.941788
2021-07-12,11.5597,11.6076,11.4192,11.5612,9243087,0.001230,76.680154,0.474695,10.885771,9.982026,0.012529,0.942684
2021-07-13,11.5315,11.5615,11.4834,11.4939,6562853,-0.005817,73.476965,0.459698,10.967320,10.035709,0.012840,0.942896
2021-07-14,11.4786,11.4786,11.2253,11.2450,8860494,-0.021658,62.988401,0.422852,11.031853,10.082396,0.014414,0.952815
2021-07-15,11.2250,11.3946,11.2250,11.3223,8884750,0.006872,64.674152,0.395330,11.086707,10.129668,0.013546,0.950047
2021-07-16,11.2667,11.3424,11.1989,11.3292,12932405,0.000614,64.829433,0.369816,11.141546,10.175949,0.013548,0.950209
2021-07-19,11.4087,11.5162,11.3959,11.4698,9724902,0.012408,67.900523,0.356827,11.194159,10.220896,0.013321,0.950233
2021-07-20,11.5702,11.8932,11.5702,11.8393,27406529,0.032214,74.261961,0.372058,11.261106,10.275893,0.014651,0.952330
2021-07-21,11.8222,11.8546,11.7777,11.8520,6600655,0.001072,74.449334,0.380764,11.317387,10.331260,0.014227,0.953331
2021-07-22,11.8134,11.8134,11.6660,11.7160,7814431,-0.011472,68.682484,0.372399,11.368702,10.382676,0.014590,0.950897
2021-07-23,11.7174,11.7341,11.5742,11.6347,16120259,-0.006943,65.417798,0.355113,11.401654,10.433810,0.013835,0.941661
2021-07-26,11.6354,11.9124,11.6354,11.8099,15302372,0.015065,68.853338,0.351505,11.443710,10.489041,0.014061,0.938012
2021-07-27,11.8196,11.8196,11.6213,11.7444,8102013,-0.005547,66.206002,0.339447,11.483011,10.545040,0.014180,0.938515
2021-07-28,11.7190,11.7190,11.5581,11.5949,15591489,-0.012730,60.489972,0.314205,11.518346,10.596440,0.014482,0.938111
2021-07-29,11.5961,11.6706,11.5961,11.6509,6925957,0.004824,61.818221,0.295309,11.542866,10.650073,0.013560,0.934219
2021-07-30,11.6151,11.7456,11.6151,11.7359,10936255,0.007296,63.809272,0.283921,11.567367,10.698884,0.013552,0.934508
2021-08-02,11.7527,11.7527,11.4088,11.4100,10897395,-0.027766,52.505449,0.245768,11.576289,10.739318,0.015117,0.937139
2021-08-03,11.4231,11.4231,11.1467,11.2064,9157206,-0.017845,46.913055,0.196833,11.569725,10.772401,0.015530,0.936911
2021-08-04,11.1662,11.3921,11.1662,11.3062,9458223,0.008905,49.738478,0.164211,11.561333,10.806944,0.015413,0.932200
2021-08-05,11.3205,11.3754,11.2787,11.3332,15780227,0.002389,50.506437,0.138936,11.540110,10.843686,0.014246,0.931797
2021-08-06,11.3594,11.3594,11.1791,11.2437,7548778,-0.007901,47.894080,0.110406,11.524944,10.879684,0.013817,0.931874
2021-08-09,11.2242,11.3556,11.2242,11.2880,9616875,0.003946,49.293459,0.090335,11.511286,10.915693,0.013855,0.931554
2021-08-10,11.2854,11.4052,11.2386,11.3426,10873766,0.004834,51.035175,0.077934,11.503719,10.950997,0.013869,0.931181
2021-08-11,11.3979,11.5201,11.3403,11.4737,10753264,0.011558,55.031871,0.077787,11.515154,10.990509,0.013183,0.935281
2021-08-12,11.4568,11.4568,11.2270,11.2532,6677910,-0.019214,47.944973,0.059200,11.511702,11.024536,0.013854,0.936981
2021-08-13,11.2364,11.2364,11.0964,11.1528,7766565,-0.008928,45.094945,0.035948,11.502879,11.057177,0.013988,0.936961
2021-08-16,11.0907,11.0930,11.0429,11.0479,7761526,-0.009400,42.271130,0.008958,11.481785,11.080708,0.013761,0.933053
2021-08-17,11.0232,11.1250,11.0232,11.0991,7991161,0.004628,44.109319,-0.008211,11.444774,11.105215,0.011345,0.931395
2021-08-18,11.1348,11.3667,11.1348,11.2512,7722480,0.013704,49.282931,-0.009436,11.414732,11.128723,0.011929,0.930644
2021-08-19,11.2379,11.2379,10.9810,11.0167,8810873,-0.020834,42.719768,-0.028987,11.379769,11.148649,0.012470,0.934854
2021-08-20,11.0141,11.0489,11.0028,11.0104,10022642,-0.000577,42.554134,-0.044482,11.348555,11.168705,0.012445,0.933056
2021-08-23,11.0226,11.1386,11.0226,11.1338,11617560,0.011212,46.859561,-0.046268,11.314749,11.194451,0.012183,0.933501
2021-08-24,11.1357,11.2728,11.1357,11.2341,6130255,0.009010,50.130392,-0.039138,11.289234,11.221874,0.012447,0.934376
2021-08-25,11.2715,11.2715,11.1934,11.2089,10166554,-0.002245,49.308590,-0.035118,11.269933,11.246966,0.012196,0.932859
2021-08-26,11.1914,11.1914,11.1030,11.1127,9668146,-0.008583,46.197626,-0.039242,11.243025,11.264717,0.012192,0.932928
2021-08-27,11.1649,11.1649,11.0415,11.0424,6438771,-0.006328,44.011934,-0.047636,11.208352,11.280916,0.012007,0.933342
2021-08-30,11.0700,11.0700,10.8849,10.9103,7117736,-0.011965,40.166585,-0.064209,11.183365,11.290770,0.010743,0.924478
2021-08-31,10.8696,11.0711,10.8696,11.0394,13958204,0.011832,45.204209,-0.066164,11.175013,11.301551,0.010513,0.924885
2021-09-01,11.0133,11.0138,10.8712,10.9586,18173852,-0.007317,42.777259,-0.073385,11.157633,11.306195,0.010358,0.921395
2021-09-02,10.9157,10.9402,10.8047,10.8303,17619428,-0.011703,39.180658,-0.088437,11.132491,11.309008,0.010556,0.922780
2021-09-03,10.8140,10.8140,10.5207,10.7760,7417501,-0.005016,37.733429,-0.103555,11.109109,11.305016,0.010494,0.923879
2021-09-06,10.8232,10.8280,10.7499,10.8220,12445805,0.004271,39.763426,-0.110549,11.085810,11.302080,0.010504,0.921277
2021-09-07,10.8052,10.8052,10.6715,10.7273,11009719,-0.008754,37.083252,-0.122326,11.055046,11.297458,0.010474,0.923904
2021-09-08,10.6716,10.8073,10.6716,10.7852,8308679,0.005400,39.757210,-0.125537,11.020624,11.295398,0.010116,0.926319
2021-09-09,10.8086,10.8644,10.8067,10.8306,7002918,0.004206,41.841300,-0.123005,10.999492,11.288800,0.009481,0.925581
2021-09-10,10.8363,11.0379,10.8082,10.9579,5655909,0.011756,47.347735,-0.109462,10.989749,11.283041,0.009794,0.926358
2021-09-13,10.9734,11.2266,10.9734,11.2041,12165495,0.022463,56.017632,-0.077968,10.997556,11.282491,0.010861,0.925747
2021-09-14,11.1917,11.4338,11.1917,11.3384,10118484,0.011990,59.898408,-0.041689,11.009523,11.282506,0.011120,0.926313
2021-09-15,11.3558,11.4123,11.3210,11.3826,9368010,0.003897,61.113789,-0.009265,11.016094,11.280677,0.010746,0.910588
2021-09-16,11.3571,11.3571,11.1183,11.1600,13149840,-0.019553,52.484831,-0.001511,11.023258,11.268724,0.010615,0.910162
2021-09-17,11.1514,11.1727,11.1207,11.1362,11317366,-0.002134,51.644484,0.002681,11.029549,11.260509,0.010630,0.903039
2021-09-20,11.1424,11.1424,10.8955,10.9983,9855099,-0.012383,46.956671,-0.005065,11.022772,11.249251,0.010702,0.903836
2021-09-21,10.9854,10.9854,10.7222,10.7901,12170482,-0.018932,40.917161,-0.027686,11.000570,11.235174,0.011200,0.910456
2021-09-22,10.7374,10.7745,10.6844,10.7001,13457044,-0.008339,38.606334,-0.052271,10.975129,11.224276,0.011291,0.914880
2021-09-23,10.6890,10.8117,10.6242,10.6288,14547303,-0.006667,36.830375,-0.076628,10.950932,11.210407,0.011242,0.909181
2021-09-24,10.6122,10.6122,10.5127,10.5695,9456052,-0.005574,35.374837,-0.099565,10.927288,11.195212,0.011229,0.908024
2021-09-27,10.5047,10.5496,10.4991,10.5069,10687463,-0.005920,33.853250,-0.121392,10.907122,11.175955,0.011029,0.909047
2021-09-28,10.4481,10.6992,10.4481,10.6491,19720469,0.013533,40.153087,-0.125766,10.887610,11.152152,0.011146,0.911596
2021-09-29,10.6745,10.6745,10.4729,10.5626,10815224,-0.008128,37.793568,-0.134665,10.867810,11.126365,0.011169,0.906022
2021-09-30,10.5674,10.8357,10.5674,10.8010,11880746,0.022570,47.026832,-0.121085,10.866342,11.108064,0.012152,0.902737
2021-10-01,10.7756,10.9417,10.7756,10.8141,10732435,0.001218,47.489933,-0.108016,10.868248,11.091653,0.012098,0.899557
2021-10-04,10.8372,10.8372,10.6502,10.7007,14188350,-0.010491,43.923230,-0.105596,10.862180,11.069468,0.012289,0.900628
2021-10-05,10.7075,10.7478,10.5821,10.6088,10398639,-0.008584,41.223640,-0.109824,10.856257,11.046756,0.012283,0.897914
2021-10-06,10.6667,10.6667,10.4347,10.5246,14107024,-0.007942,38.864007,-0.118606,10.843224,11.025349,0.012309,0.887965
2021-10-07,10.5459,10.5563,10.3911,10.5203,5703023,-0.000403,38.743829,-0.124473,10.827711,11.002738,0.012246,0.887213
2021-10-08,10.5050,10.8472,10.5050,10.7527,13704980,0.022085,48.197663,-0.109117,10.817450,10.983075,0.013023,0.896437
2021-10-11,10.7392,10.7392,10.6498,10.7072,10445293,-0.004228,46.679567,-0.099468,10.792608,10.969019,0.011818,0.892389
2021-10-12,10.6943,10.9747,10.6943,10.8905,6508107,0.017121,53.095032,-0.076152,10.770215,10.962702,0.012192,0.877828
2021-10-13,10.9271,10.9644,10.9271,10.9636,9264593,0.006710,55.398659,-0.051186,10.749267,10.955850,0.012279,0.879668
2021-10-14,10.9530,10.9530,10.7232,10.7559,12366146,-0.018946,48.158384,-0.047613,10.729061,10.944305,0.012233,0.884467
2021-10-15,10.7208,10.8363,10.6908,10.7670,6940700,0.001031,48.545077,-0.043387,10.710601,10.934771,0.012249,0.884389
2021-10-18,10.7574,10.8519,10.7574,10.8427,11335063,0.007035,51.221018,-0.033538,10.702823,10.925866,0.012119,0.881137
2021-10-19,10.9062,10.9062,10.7024,10.7668,10120268,-0.007005,48.497463,-0.031499,10.701658,10.914350,0.011447,0.880429
2021-10-20,10.7258,10.8583,10.7258,10.8405,13175028,0.006844,51.208204,-0.023664,10.708677,10.901686,0.011371,0.874848
2021-10-21,10.8614,10.8614,10.6024,10.6116,6946906,-0.021116,43.541435,-0.035516,10.707817,10.888852,0.012287,0.882788
2021-10-22,10.5620,10.5620,10.4131,10.5103,13012361,-0.009544,40.642025,-0.052477,10.704855,10.876003,0.012413,0.881458
2021-10-25,10.5614,10.8097,10.5614,10.7479,10484425,0.022607,49.190126,-0.046212,10.716903,10.870002,0.013327,0.869778
2021-10-26,10.6923,10.7895,10.6923,10.7255,9366112,-0.002080,48.482767,-0.042561,10.720723,10.862532,0.013022,0.863778
2021-10-27,10.7097,10.7644,10.6366,10.6612,14059287,-0.006001,46.413038,-0.044350,10.725652,10.850733,0.012956,0.862023
2021-10-28,10.6616,10.9464,10.6616,10.7842,9965703,0.011535,50.739810,-0.035436,10.724811,10.846081,0.012181,0.857683
2021-10-29,10.8057,10.8057,10.7280,10.7517,13400351,-0.003012,49.600563,-0.030639,10.721688,10.840906,0.012195,0.855940
2021-11-01,10.7204,10.7204,10.4597,10.5830,6493268,-0.015684,44.068986,-0.039984,10.715805,10.829891,0.012477,0.856458
2021-11-02,10.6461,10.6724,10.5236,10.6582,15245624,0.007102,46.910983,-0.040854,10.718274,10.818372,0.012434,0.859466
2021-11-03,10.6652,10.6652,10.2467,10.4505,11713013,-0.019488,40.748869,-0.057639,10.714570,10.803203,0.013088,0.862035
2021-11-04,10.4812,10.5180,10.4243,10.4545,12570946,0.000386,40.911109,-0.069812,10.711279,10.790040,0.013089,0.846512
2021-11-05,10.4254,10.5644,10.3468,10.4437,8813897,-0.001032,40.590734,-0.079414,10.695832,10.778067,0.011989,0.845119
2021-11-08,10.4577,10.6016,10.4556,10.4591,9630252,0.001475,41.297698,-0.084802,10.683428,10.769044,0.011985,0.848387
2021-11-09,10.4141,10.6886,10.4141,10.6288,19150964,0.016224,48.557415,-0.074521,10.670342,10.760833,0.011915,0.856204
2021-11-10,10.6300,10.6300,10.4260,10.5170,8645576,-0.010525,44.638142,-0.074541,10.648010,10.752001,0.011940,0.858940
2021-11-11,10.4737,10.6309,10.4737,10.6182,11108852,0.009627,48.675750,-0.065630,10.641125,10.747758,0.011509,0.856060
2021-11-12,10.6692,10.6692,10.4645,10.4995,10174132,-0.011185,44.569541,-0.067375,10.627748,10.742227,0.011740,0.858986
2021-11-15,10.4717,10.6960,10.4717,10.6515,8699882,0.014484,50.345729,-0.055843,10.618188,10.738817,0.012127,0.859319
2021-11-16,10.7457,10.7457,10.4902,10.5061,9715311,-0.013652,45.466726,-0.057772,10.605154,10.734393,0.012394,0.862446
2021-11-17,10.4862,10.7677,10.4862,10.7022,8111332,0.018660,52.193074,-0.042986,10.598237,10.732731,0.013059,0.867676
2021-11-18,10.6528,10.7091,10.6307,10.6968,7173038,-0.000497,52.005836,-0.031335,10.602501,10.730056,0.012131,0.865530
2021-11-19,10.6983,10.9900,10.6983,10.9276,9696072,0.021573,58.901443,-0.003442,10.623367,10.729450,0.012759,0.873806
2021-11-22,10.9892,11.0246,10.9785,10.9886,9900891,0.005578,60.515210,0.023314,10.635400,10.725140,0.011849,0.879173
2021-11-23,10.9455,10.9604,10.8703,10.8726,8022475,-0.010556,56.008286,0.034758,10.642751,10.715823,0.012120,0.878739
2021-11-24,10.9057,10.9057,10.6632,10.7851,6061155,-0.008040,52.815904,0.036354,10.648949,10.703874,0.012188,0.880612
2021-11-25,10.8040,11.0486,10.8040,10.9859,12529967,0.018616,58.646021,0.053206,10.659038,10.700393,0.012616,0.876300
2021-11-26,11.0179,11.1407,10.9511,11.0778,8088483,0.008360,61.018926,0.073130,10.675342,10.699224,0.012682,0.876394
2021-11-29,11.0326,11.0712,10.9889,11.0357,13186551,-0.003802,59.337616,0.084547,10.697973,10.699971,0.012096,0.876522
2021-11-30,11.1520,11.1520,10.9807,11.0013,8228811,-0.003112,57.935741,0.089789,10.715128,10.704195,0.012092,0.875943
2021-12-01,10.9912,11.1407,10.9912,11.1250,7073768,0.011241,61.466146,0.102738,10.748852,10.712693,0.011182,0.876531
2021-12-02,11.1050,11.1113,11.0441,11.1043,14557652,-0.001855,60.552796,0.110066,10.781343,10.722204,0.011223,0.875986
2021-12-03,11.1369,11.1369,10.9774,11.0117,8046858,-0.008340,56.495897,0.107165,10.809743,10.731048,0.011480,0.873187
2021-12-06,10.9570,11.0911,10.9322,11.0104,7462044,-0.000119,56.438372,0.103567,10.837307,10.741118,0.011494,0.863449
2021-12-07,11.0113,11.1273,10.9613,11.0416,10009677,0.002831,57.547374,0.102054,10.857944,10.748967,0.011042,0.861115
2021-12-08,11.0654,11.1974,11.0654,11.1572,18498856,0.010474,61.467490,0.108931,10.889958,10.760860,0.010787,0.877101
2021-12-09,11.1925,11.5674,11.1925,11.4882,10122504,0.029661,70.003376,0.139477,10.933456,10.774604,0.012263,0.879316
2021-12-10,11.5185,11.6920,11.5185,11.6305,11039551,0.012385,72.793917,0.173170,10.990006,10.790930,0.011851,0.880059
2021-12-13,11.6258,11.7066,11.5786,11.6518,8195032,0.001830,73.195690,0.199293,11.040017,10.809952,0.011665,0.880868
2021-12-14,11.6577,11.8005,11.6577,11.7613,8996672,0.009402,75.223347,0.226227,11.102777,10.833001,0.010883,0.878554
2021-12-15,11.6886,11.7694,11.6757,11.7112,10256435,-0.004264,72.518989,0.240750,11.153227,10.856732,0.010653,0.877960
2021-12-16,11.6875,11.7174,11.5927,11.6876,7731376,-0.002014,71.221679,0.247504,11.202763,10.880077,0.010696,0.877270
2021-12-17,11.6275,11.6332,11.5970,11.6178,7331234,-0.005969,67.383020,0.244409,11.237272,10.897379,0.010140,0.877041
2021-12-20,11.6371,11.6371,11.4105,11.4993,11584879,-0.010200,61.335618,0.229747,11.262809,10.913220,0.010544,0.878457
2021-12-21,11.5072,11.5581,11.5072,11.5525,8196278,0.004625,62.943199,0.219884,11.296805,10.926459,0.010105,0.876280
2021-12-22,11.5256,11.5951,11.4837,11.5602,12447645,0.000670,63.183010,0.210268,11.335559,10.938391,0.009783,0.882430
2021-12-23,11.5489,11.7455,11.5489,11.7016,13153310,0.012234,67.342998,0.211619,11.371345,10.957306,0.009359,0.876709
2021-12-24,11.7214,11.9846,11.7214,11.9407,17675239,0.020431,72.914562,0.229338,11.414493,10.980780,0.010072,0.868655
2021-12-27,11.9842,11.9842,11.9257,11.9458,13095856,0.000424,73.019623,0.241011,11.459999,11.002842,0.009947,0.870213
2021-12-28,11.9762,12.0316,11.8818,11.9574,9816112,0.000972,73.275396,0.248336,11.507804,11.026654,0.009834,0.872380
2021-12-29,11.9700,11.9842,11.8933,11.9781,14971076,0.001728,73.752268,0.252893,11.550458,11.049405,0.009706,0.880622
2021-12-30,11.9183,12.1328,11.9183,11.9740,11630211,-0.000339,73.474586,0.253257,11.593941,11.076654,0.009666,0.880886
2021-12-31,11.9961,12.0076,11.7870,11.8376,6327732,-0.011389,64.673363,0.239778,11.635236,11.103201,0.009889,0.875395
2022-01-03,11.7931,12.0102,11.7931,11.9698,5176223,0.011169,68.600550,0.237032,11.683207,11.127640,0.009984,0.874567
2022-01-04,12.0618,12.1527,12.0480,12.1352,10468653,0.013815,72.689728,0.245371,11.737887,11.155833,0.010202,0.874082
2022-01-05,12.1653,12.1653,12.0249,12.0728,7186735,-0.005141,69.036517,0.244130,11.783666,11.184065,0.010340,0.875342
2022-01-06,12.0847,12.1687,12.0427,12.0556,12103863,-0.001428,68.019486,0.239001,11.812036,11.209494,0.008442,0.867342
2022-01-07,12.1434,12.1434,11.9106,11.9212,8416606,-0.011143,60.534406,0.221543,11.826574,11.232885,0.008622,0.873934
2022-01-10,11.9168,11.9168,11.6808,11.7139,18874974,-0.017394,51.173590,0.188799,11.829681,11.255502,0.009575,0.872842
2022-01-11,11.7510,11.7510,11.4807,11.5230,12713349,-0.016300,44.369816,0.145762,11.817764,11.272797,0.010006,0.875828
2022-01-12,11.5157,11.6645,11.5157,11.6580,11051732,0.011724,49.487237,0.121160,11.815109,11.296948,0.010362,0.879048
2022-01-13,11.6371,12.0106,11.6371,11.8638,7063696,0.017648,56.109097,0.116916,11.823920,11.325133,0.011085,0.873343
2022-01-14,11.9107,12.0642,11.9107,12.0143,13292991,0.012684,60.216922,0.124262,11.843744,11.356544,0.011269,0.871600
2022-01-17,12.0033,12.4447,12.0033,12.4302,13038952,0.034622,68.885779,0.161784,11.890290,11.395965,0.013081,0.880776
2022-01-18,12.4544,12.4544,12.2372,12.3261,10093749,-0.008377,65.063516,0.181031,11.928971,11.429910,0.013367,0.879534
2022-01-19,12.3096,12.7669,12.3096,12.7153,14169946,0.031578,71.442031,0.225097,11.986726,11.473877,0.014757,0.891160
2022-01-20,12.6590,12.8303,12.6191,12.6822,10217657,-0.002602,70.267831,0.254418,12.035755,11.515158,0.014741,0.895075
2022-01-21,12.6165,12.8777,12.6165,12.7804,7657607,0.007737,71.750982,0.282318,12.077737,11.560776,0.014268,0.894199
2022-01-24,12.8259,12.8259,12.7188,12.7589,8866243,-0.001683,70.916031,0.299244,12.118391,11.602923,0.014300,0.896892
2022-01-25,12.8462,12.9711,12.8390,12.8608,8709914,0.007993,72.547511,0.317230,12.163563,11.650017,0.014323,0.896686
2022-01-26,12.8711,13.1917,12.8711,13.0831,10830889,0.017282,75.741383,0.345438,12.218815,11.697637,0.014627,0.892323
2022-01-27,13.1101,13.1101,13.0024,13.0341,12314654,-0.003744,73.706045,0.359693,12.271821,11.744382,0.014706,0.899106
2022-01-28,13.0797,13.5127,13.0797,13.4065,10210637,0.028567,78.447005,0.396466,12.350263,11.793959,0.015162,0.904119
2022-01-31,13.3620,13.7342,13.3620,13.5557,11170327,0.011134,80.003599,0.432666,12.429558,11.845303,0.015161,0.908855
2022-02-01,13.5393,13.7995,13.5393,13.7242,4909229,0.012426,81.617036,0.469534,12.509007,11.902335,0.015129,0.903968
2022-02-02,13.6881,13.6881,13.2714,13.4915,10651719,-0.016954,72.870566,0.474508,12.579942,11.956463,0.015813,0.904285
2022-02-03,13.5083,13.6616,13.5083,13.5827,19786370,0.006761,74.044832,0.480273,12.656300,12.008399,0.015725,0.904556
2022-02-04,13.5118,13.5858,13.4845,13.5202,12479829,-0.004600,71.753856,0.474333,12.736250,12.057248,0.015412,0.902185
2022-02-07,13.5930,13.5930,13.4280,13.5200,11867582,-0.000018,71.744378,0.464254,12.826556,12.106935,0.014459,0.904324
2022-02-08,13.5153,13.5153,13.2541,13.2907,13975035,-0.016961,63.396129,0.432774,12.914942,12.152722,0.014517,0.901310
2022-02-09,13.2811,13.7411,13.2811,13.6670,11118911,0.028315,69.639810,0.433199,13.015391,12.203563,0.015241,0.903041
2022-02-10,13.6639,13.6639,13.5345,13.5588,7587216,-0.007922,66.144319,0.419959,13.100139,12.252651,0.015468,0.905046
2022-02-11,13.4702,13.4876,13.4078,13.4308,9618956,-0.009440,62.171246,0.394589,13.170963,12.301032,0.015813,0.901451
2022-02-14,13.4018,13.4018,13.2461,13.2596,14757570,-0.012746,57.220688,0.356560,13.212431,12.346015,0.014767,0.903129
2022-02-15,13.3431,13.3431,13.2586,13.2662,11640200,0.000497,57.361558,0.323228,13.259434,12.390506,0.014528,0.901176
2022-02-16,13.2457,13.4529,13.2457,13.3961,11644524,0.009795,60.146052,0.303795,13.293473,12.435284,0.013078,0.900280
2022-02-17,13.3377,13.4772,13.3377,13.4308,7567679,0.002592,60.881212,0.287877,13.330903,12.474137,0.013019,0.899805
2022-02-18,13.4783,13.6680,13.4783,13.5900,10039702,0.011850,64.145979,0.284822,13.371384,12.513327,0.013131,0.901933
2022-02-21,13.5924,13.5924,13.2957,13.3753,12556080,-0.015795,57.211042,0.262059,13.402208,12.547799,0.013768,0.901823
2022-02-22,13.3591,13.3591,13.3135,13.3150,5842203,-0.004514,55.396724,0.236422,13.424913,12.578872,0.013787,0.897761
2022-02-23,13.3248,13.3248,13.0540,13.0755,15650970,-0.017984,48.788906,0.194539,13.424532,12.606159,0.013961,0.898542
2022-02-24,13.0135,13.0135,12.8394,12.8902,11641937,-0.014169,44.378351,0.144729,13.417337,12.630212,0.014301,0.899651
2022-02-25,12.9066,12.9371,12.7637,12.8281,6898232,-0.004816,42.976424,0.099103,13.388421,12.654419,0.012579,0.899919
2022-02-28,12.8565,12.8565,12.7446,12.7571,13919916,-0.005536,41.366570,0.056561,13.348491,12.679576,0.012201,0.901215
2022-03-01,12.7422,12.9743,12.7422,12.9006,12134074,0.011248,45.785938,0.034034,13.307313,12.706539,0.012125,0.901527
2022-03-02,12.9454,13.1634,12.9416,12.9794,11245310,0.006107,48.098945,0.022281,13.281709,12.734923,0.011823,0.902234
2022-03-03,12.9907,13.1679,12.9907,13.1282,9596501,0.011465,52.243554,0.024690,13.258984,12.763454,0.012049,0.899089
2022-03-04,13.1492,13.1492,12.9782,13.0374,9618041,-0.006922,49.636814,0.019047,13.234840,12.785387,0.012090,0.895563
2022-03-07,13.1478,13.4405,13.1478,13.2030,12416683,0.012708,54.130429,0.027625,13.218991,12.810532,0.012513,0.896728
2022-03-08,13.1605,13.1605,12.8692,12.9217,6584560,-0.021310,46.536723,0.011586,13.200541,12.829817,0.012837,0.902000
2022-03-09,12.9390,13.1513,12.9390,13.1191,15247956,0.015276,51.660371,0.014635,13.173144,12.852637,0.011515,0.903399
2022-03-10,13.1163,13.1163,12.9312,12.9694,4973570,-0.011412,47.910011,0.004914,13.143674,12.872545,0.011635,0.894611
2022-03-11,12.9237,13.0191,12.9237,12.9985,15535003,0.002245,48.690233,-0.000436,13.122060,12.895761,0.011543,0.893203
2022-03-14,12.9420,12.9848,12.8522,12.9692,10408019,-0.002254,47.912605,-0.006959,13.107540,12.915748,0.011243,0.890965
2022-03-15,13.0170,13.0170,12.7230,12.8296,11013789,-0.010765,44.283325,-0.023128,13.085709,12.929635,0.011442,0.892487
2022-03-16,12.7492,12.8243,12.6293,12.6962,8861922,-0.010392,41.082872,-0.046169,13.050716,12.942104,0.011272,0.890230
2022-03-17,12.7294,12.7309,12.5640,12.6396,11384277,-0.004461,39.768065,-0.068212,13.011154,12.953784,0.011211,0.888993
2022-03-18,12.5779,12.7621,12.5779,12.6978,8710789,0.004606,41.829052,-0.080061,12.966545,12.969315,0.010817,0.895270
2022-03-21,12.6901,12.7602,12.6495,12.7445,7992420,0.003680,43.499939,-0.084705,12.935006,12.989929,0.010508,0.894479
2022-03-22,12.8525,12.8525,12.3058,12.4381,12122492,-0.024046,36.163049,-0.111824,12.891162,13.008231,0.011573,0.900175
2022-03-23,12.4136,12.4747,12.2095,12.3474,15915297,-0.007293,34.318022,-0.139033,12.854757,13.022018,0.011098,0.899743
2022-03-24,12.3563,12.3700,12.2738,12.3152,11146449,-0.002606,33.661929,-0.161333,12.826005,13.031046,0.010771,0.899042
2022-03-25,12.3303,12.3481,12.2506,12.2543,10024948,-0.004944,32.399754,-0.181822,12.797314,13.035847,0.010772,0.898185
2022-03-28,12.2421,12.2421,12.0395,12.0718,5626213,-0.014890,28.901930,-0.210359,12.763050,13.028680,0.011121,0.901606
2022-03-29,12.0915,12.0915,11.8386,11.8626,6695589,-0.017335,25.501655,-0.247014,12.711147,13.019409,0.011071,0.904405
2022-03-30,11.8588,11.8588,11.7356,11.7461,11242172,-0.009819,23.821709,-0.282209,12.649481,13.000025,0.010867,0.905560
2022-03-31,11.7790,11.9641,11.7790,11.8744,14199998,0.010919,29.341452,-0.296336,12.586787,12.983867,0.010824,0.901725
2022-04-01,11.9013,11.9013,11.3904,11.6212,16181843,-0.021321,25.425233,-0.324223,12.515979,12.960683,0.011424,0.902991
2022-04-04,11.6219,11.6219,11.4676,11.5860,13802622,-0.003024,24.927943,-0.345181,12.435129,12.937227,0.010605,0.906145
2022-04-05,11.6366,11.7954,11.5798,11.6802,15029676,0.008124,28.937432,-0.350158,12.373054,12.913614,0.010477,0.903475
2022-04-06,11.6349,11.6349,11.4635,11.5283,12321434,-0.013001,26.480256,-0.362181,12.293516,12.882518,0.009457,0.904170
2022-04-07,11.5226,11.6373,11.5226,11.6074,8699859,0.006857,29.821223,-0.361167,12.225417,12.853983,0.009822,0.898242
2022-04-08,11.6455,11.7564,11.6334,11.7046,12157199,0.008375,33.804887,-0.348501,12.160722,12.819945,0.010166,0.898508
2022-04-11,11.7121,11.8453,11.6876,11.6953,8936996,-0.000793,33.608661,-0.335348,12.097028,12.782736,0.010193,0.890959
2022-04-12,11.7273,11.8227,11.6099,11.7350,9755372,0.003396,35.337996,-0.318051,12.042302,12.742953,0.010271,0.886738
2022-04-13,11.7276,12.0693,11.7276,11.9282,6958861,0.016461,43.100010,-0.285466,12.003900,12.711687,0.011163,0.876439
2022-04-14,11.8518,11.9980,11.7340,11.8862,5866270,-0.003522,41.921292,-0.260035,11.966229,12.677756,0.011158,0.876498
2022-04-15,11.8494,12.1476,11.8494,12.1091,13626097,0.018752,49.769539,-0.219365,11.936792,12.649532,0.012077,0.880537
2022-04-18,12.1687,12.2600,12.0456,12.2296,10854432,0.009953,53.433611,-0.175388,11.911044,12.623724,0.012320,0.881269
2022-04-19,12.3128,12.3686,12.1713,12.2374,11595653,0.000640,53.670003,-0.138310,11.901011,12.602659,0.011177,0.879675
2022-04-20,12.2489,12.2489,12.2094,12.2375,9130178,0.000003,53.670994,-0.107682,11.895515,12.574068,0.011071,0.876026
2022-04-21,12.2211,12.2211,12.1220,12.1647,7487414,-0.005942,50.887903,-0.088259,11.887991,12.546187,0.011131,0.870429
2022-04-22,12.1682,12.3608,12.1682,12.2942,5906411,0.010646,55.330328,-0.061705,11.889987,12.523457,0.011351,0.862228
2022-04-25,12.2815,12.2815,12.1161,12.2272,12768913,-0.005456,52.672439,-0.045549,11.897752,12.502808,0.010876,0.865256
2022-04-26,12.2162,12.3544,12.2153,12.2971,7546033,0.005724,55.096140,-0.026788,11.919481,12.483428,0.010055,0.867484
2022-04-27,12.2217,12.3160,12.2041,12.2218,14262108,-0.006127,52.008248,-0.017796,11.943265,12.459942,0.009862,0.864780
2022-04-28,12.1997,12.3441,12.1997,12.2585,7946744,0.003004,53.379378,-0.007618,11.962473,12.436495,0.009643,0.863040
2022-04-29,12.2518,12.2518,12.0575,12.0844,8641537,-0.014205,46.582219,-0.013448,11.985633,12.406383,0.008850,0.865977
2022-05-02,12.0208,12.3543,12.0208,12.1681,6314899,0.006925,49.885177,-0.011187,12.014734,12.382238,0.008833,0.870482
2022-05-03,12.1263,12.4973,12.1263,12.4124,23319103,0.020077,58.041063,0.010200,12.051344,12.364186,0.009604,0.860995
2022-05-04,12.3934,12.3934,12.2066,12.2490,11652600,-0.013159,51.953255,0.013811,12.087380,12.347657,0.009618,0.844425
2022-05-05,12.2826,12.3827,12.2599,12.3752,10791687,0.010300,55.809028,0.026547,12.125771,12.337356,0.009720,0.848276
2022-05-06,12.3164,12.9019,12.3164,12.8067,8054379,0.034870,65.891382,0.070646,12.180878,12.336928,0.011994,0.869069
2022-05-09,12.8260,13.0869,12.8260,12.9980,9018130,0.014936,69.241451,0.119651,12.246013,12.341745,0.012138,0.871209
2022-05-10,12.8978,13.3311,12.8978,13.2321,12407316,0.018011,72.766921,0.175357,12.320868,12.348375,0.012450,0.876405
2022-05-11,13.2942,13.2942,13.0219,13.0743,12477027,-0.011925,67.178090,0.204416,12.378174,12.350273,0.012818,0.867183
2022-05-12,13.0649,13.0649,12.6864,12.7800,12691356,-0.022512,58.198820,0.201374,12.422865,12.343308,0.014097,0.874701
2022-05-13,12.7531,12.7531,12.3365,12.4462,9514670,-0.026118,50.031647,0.170069,12.439722,12.331485,0.015113,0.881057
2022-05-16,12.4678,12.5586,12.4222,12.5158,15898060,0.005589,51.557462,0.149153,12.454031,12.317740,0.015016,0.882058
2022-05-17,12.5425,12.5425,12.4324,12.5022,15045430,-0.001081,51.229728,0.129987,12.467272,12.309351,0.015025,0.883936
2022-05-18,12.5003,12.5738,12.4657,12.4854,9915571,-0.001349,50.796232,0.112144,12.479668,12.296677,0.015033,0.878853
2022-05-19,12.4585,12.4585,12.4006,12.4234,18266942,-0.004962,49.151452,0.091944,12.492602,12.285758,0.015011,0.878664
2022-05-20,12.4263,12.5013,12.3094,12.3613,6773352,-0.004999,47.491219,0.070115,12.495955,12.273015,0.014897,0.871193
2022-05-23,12.3969,12.3969,12.1905,12.1936,8379471,-0.013571,43.242674,0.038832,12.494275,12.257503,0.015173,0.876784
2022-05-24,12.1601,12.1601,12.0856,12.1009,19842609,-0.007595,41.058976,0.006492,12.484465,12.242930,0.015199,0.874994
2022-05-25,12.0739,12.3790,12.0739,12.3318,13890235,0.019075,48.094907,-0.000505,12.489964,12.235641,0.015759,0.879972
2022-05-26,12.3119,12.3119,12.0910,12.1378,13527202,-0.015730,43.405815,-0.021456,12.483929,12.225605,0.016158,0.880135
2022-05-27,12.0510,12.2664,12.0510,12.2139,11462913,0.006270,45.645074,-0.031554,12.490405,12.215927,0.015882,0.882787
2022-05-30,12.1782,12.2470,12.1782,12.2113,10440589,-0.000217,45.577491,-0.039318,12.492565,12.205261,0.015814,0.879352
2022-05-31,12.1468,12.1473,11.9437,12.1034,8372816,-0.008836,42.797375,-0.053560,12.477115,12.198567,0.015221,0.860180
2022-06-01,12.0331,12.3493,12.0331,12.3130,14416899,0.017321,49.271903,-0.047383,12.480313,12.197879,0.015479,0.861807
2022-06-02,12.2909,12.5443,12.2909,12.3983,13213929,0.006929,51.669436,-0.035198,12.481470,12.199542,0.015383,0.872116
2022-06-03,12.4340,12.6621,12.4143,12.5747,11094213,0.014229,56.271533,-0.011177,12.469871,12.205950,0.013514,0.875769
2022-06-06,12.5853,12.5853,12.4426,12.4846,10679586,-0.007168,53.470137,0.000580,12.444201,12.214206,0.013053,0.877211
2022-06-07,12.5159,12.7668,12.5159,12.6497,8372189,0.013224,57.630898,0.022955,12.415081,12.229948,0.012707,0.878287
2022-06-08,12.6354,12.7259,12.4608,12.5410,9764931,-0.008592,54.194997,0.031553,12.388416,12.245847,0.012594,0.880193
2022-06-09,12.4961,12.5205,12.3308,12.5005,9926623,-0.003232,52.927725,0.034696,12.374440,12.258369,0.011644,0.878400
2022-06-10,12.5410,12.5410,12.2888,12.5249,8202986,0.001956,53.632138,0.038714,12.378376,12.276444,0.010044,0.878304
2022-06-13,12.4967,12.8280,12.4967,12.6970,12900382,0.013736,58.354063,0.055145,12.387437,12.298663,0.010425,0.878069
2022-06-14,12.7213,12.8052,12.6742,12.7523,10134214,0.004361,59.773893,0.071807,12.399942,12.320106,0.010445,0.874517
2022-06-15,12.6594,12.7294,12.5398,12.5846,5744569,-0.013157,53.789652,0.070658,12.404902,12.341231,0.010911,0.876255
2022-06-16,12.5620,12.5620,12.2626,12.3246,7474037,-0.020655,46.090656,0.048218,12.399962,12.355577,0.011845,0.882537
2022-06-17,12.4070,12.5446,12.3340,12.4293,16632651,0.008493,49.241101,0.038436,12.403362,12.370071,0.011949,0.882940
2022-06-20,12.4301,12.4634,12.3775,12.4096,8780119,-0.001586,48.664137,0.028761,12.414163,12.384356,0.011507,0.878950
2022-06-21,12.4496,12.4884,12.3876,12.4486,8493185,0.003146,49.915495,0.023968,12.431547,12.398628,0.011337,0.867591
2022-06-22,12.4382,12.4382,12.3502,12.3972,7343101,-0.004127,48.248799,0.015841,12.434820,12.408009,0.010605,0.865351
2022-06-23,12.3943,12.3943,12.1824,12.2396,7226088,-0.012717,43.453938,-0.003283,12.439910,12.415078,0.010384,0.872658
2022-06-24,12.2495,12.5220,12.2495,12.4193,11865160,0.014680,49.601500,-0.003894,12.450179,12.421282,0.010793,0.870934
2022-06-27,12.4315,12.4315,12.1487,12.2550,9840905,-0.013229,44.804867,-0.017436,12.452365,12.421789,0.011246,0.868874
2022-06-28,12.3068,12.3068,12.2889,12.2909,6358498,0.002927,46.031976,-0.024985,12.461739,12.422858,0.011053,0.868998
2022-06-29,12.2623,12.5251,12.2623,12.3545,13302006,0.005177,48.230622,-0.025539,12.463813,12.425199,0.010414,0.855347
2022-06-30,12.3378,12.6412,12.3378,12.5958,15310493,0.019532,55.615308,-0.006433,12.473686,12.433820,0.011193,0.866314
2022-07-01,12.5207,12.6066,12.4140,12.5653,8757683,-0.002419,54.556912,0.006179,12.473214,12.439241,0.010756,0.862714
2022-07-04,12.6248,12.6248,12.4663,12.4685,4543382,-0.007704,51.222053,0.008267,12.472409,12.444068,0.010776,0.864013
2022-07-05,12.5063,12.6661,12.4334,12.4661,10077292,-0.000192,51.138889,0.009619,12.463229,12.447448,0.010317,0.870538
2022-07-06,12.4918,12.4918,12.1973,12.2749,8650005,-0.015337,44.867082,-0.004684,12.449925,12.448510,0.010692,0.871119
2022-07-07,12.2795,12.3847,12.2795,12.3588,12356405,0.006832,47.886187,-0.009147,12.442840,12.450516,0.010819,0.870699
2022-07-08,12.3370,12.6217,12.3370,12.5454,12305783,0.015103,53.932867,0.002351,12.443865,12.459737,0.011362,0.871073
2022-07-11,12.6147,12.6147,12.2991,12.3906,9101615,-0.012346,48.866314,-0.001023,12.428544,12.464187,0.011216,0.871821
2022-07-12,12.4219,12.5529,12.4219,12.4768,7807596,0.006962,51.593717,0.003227,12.414768,12.465476,0.011298,0.873603
2022-07-13,12.4489,12.4489,11.9703,12.0442,15053711,-0.034670,40.055361,-0.027988,12.387752,12.461380,0.013351,0.890510
2022-07-14,12.0230,12.1599,12.0230,12.1579,5911104,0.009433,43.621452,-0.043063,12.379413,12.457033,0.012836,0.889686
2022-07-15,12.2261,12.2261,12.0365,12.0908,12034385,-0.005519,42.031148,-0.059735,12.362486,12.442714,0.012695,0.888606
2022-07-18,12.1392,12.1392,11.9482,11.9607,17999653,-0.010759,39.057996,-0.082493,12.340041,12.421968,0.012870,0.889630
2022-07-19,11.9903,12.0507,11.9562,12.0472,11001588,0.007231,41.995674,-0.092485,12.319968,12.398268,0.012984,0.890432
2022-07-20,12.0817,12.0817,11.9058,11.9168,10530168,-0.010818,38.948814,-0.109655,12.295947,12.375119,0.013139,0.890289
2022-07-21,11.8640,11.9154,11.8640,11.9110,14054626,-0.000487,38.813808,-0.122321,12.279519,12.357739,0.012891,0.891060
2022-07-22,11.9223,12.0203,11.7829,11.9137,13685241,0.000224,38.918848,-0.130638,12.254240,12.347089,0.012343,0.887602
2022-07-25,11.9814,11.9814,11.4398,11.5251,23163721,-0.032621,30.673236,-0.166667,12.217744,12.327275,0.013931,0.894210
2022-07-26,11.5521,11.5521,11.2700,11.3714,16643101,-0.013336,28.134510,-0.205257,12.171770,12.304657,0.014042,0.903064
2022-07-27,11.3874,11.6772,11.3874,11.5750,10864115,0.017908,35.724963,-0.216908,12.132795,12.286450,0.014741,0.902962
2022-07-28,11.5194,11.5194,11.1615,11.2071,9759078,-0.031781,29.635622,-0.252909,12.063363,12.262124,0.015048,0.908949
2022-07-29,11.1320,11.1973,11.0628,11.0998,15920143,-0.009574,28.129610,-0.286791,11.990090,12.236895,0.015051,0.900697
2022-08-01,11.1287,11.1287,10.9202,10.9873,10618428,-0.010142,26.602124,-0.319050,11.916028,12.212769,0.015074,0.897907
2022-08-02,10.9846,11.1970,10.9846,11.0746,17218137,0.007950,29.787879,-0.333720,11.846453,12.192243,0.015352,0.887407
2022-08-03,11.0523,11.3490,11.0523,11.2878,9310039,0.019253,36.978901,-0.324401,11.797099,12.171364,0.016148,0.892425
2022-08-04,11.3602,11.3602,11.0790,11.2355,9702818,-0.004637,36.003957,-0.317580,11.740934,12.153318,0.015943,0.887693
2022-08-05,11.3181,11.3181,11.2907,11.3052,10421968,0.006203,38.335116,-0.303056,11.678921,12.135143,0.015481,0.878344
2022-08-08,11.3440,11.3440,11.0713,11.1807,13679897,-0.011007,35.825886,-0.298150,11.618430,12.114533,0.015451,0.879448
2022-08-09,11.1469,11.2261,11.1469,11.1794,19666085,-0.000121,35.798462,-0.291017,11.553559,12.096054,0.015241,0.875684
2022-08-10,11.1942,11.1942,10.8618,10.9019,12495827,-0.024824,30.618738,-0.304249,11.496440,12.067831,0.014380,0.884874
2022-08-11,10.9446,11.1116,10.8882,10.9732,14987046,0.006542,33.290115,-0.305460,11.437207,12.039329,0.014242,0.885112
2022-08-12,10.8832,11.0875,10.8832,10.9996,9432759,0.002404,34.297871,-0.300824,11.382648,12.007825,0.014337,0.887536
2022-08-15,11.0140,11.0140,10.7953,10.8039,8420084,-0.017791,30.604670,-0.309373,11.324809,11.974211,0.014580,0.888718
2022-08-16,10.8201,10.8201,10.6697,10.7122,7009766,-0.008490,29.026992,-0.319863,11.258060,11.935460,0.014309,0.887749
2022-08-17,10.7411,10.8399,10.7317,10.8257,6683967,0.010594,33.588729,-0.315383,11.203501,11.901153,0.014706,0.880237
2022-08-18,10.7895,10.8697,10.7895,10.8449,7036263,0.001782,34.360981,-0.306741,11.150196,11.868042,0.014748,0.873615
2022-08-19,10.8397,11.0138,10.8397,10.8767,8091962,0.002929,35.687034,-0.293940,11.098346,11.835077,0.014807,0.873094
2022-08-22,10.9454,10.9454,10.6455,10.7033,8806963,-0.015946,31.897369,-0.294397,11.057256,11.795203,0.013553,0.874684
2022-08-23,10.7024,10.8213,10.6993,10.8192,6761331,0.010834,36.734615,-0.282150,11.029649,11.756540,0.013716,0.886140
2022-08-24,10.8124,10.9815,10.8124,10.9430,5134211,0.011438,41.509336,-0.259467,10.998048,11.723708,0.013281,0.882332
2022-08-25,10.9776,10.9776,10.7464,10.8493,8992843,-0.008558,39.103977,-0.246210,10.980157,11.694202,0.011503,0.879223
2022-08-26,10.7912,10.7912,10.6462,10.7194,10654466,-0.011971,35.989344,-0.243379,10.961136,11.660005,0.011603,0.876248
2022-08-29,10.6140,10.7828,10.6140,10.7712,12746555,0.004826,38.103843,-0.234261,10.950330,11.627236,0.011511,0.879068
2022-08-30,10.7966,10.7966,10.7609,10.7834,9617289,0.001137,38.620915,-0.223470,10.935770,11.593932,0.011334,0.874956
2022-08-31,10.7618,11.0163,10.7618,10.9670,16013993,0.017021,45.912250,-0.197827,10.919726,11.565326,0.011130,0.878141
2022-09-01,10.9490,11.0151,10.9108,10.9998,10001519,0.002999,47.124364,-0.172858,10.907944,11.540531,0.011143,0.877396
2022-09-02,11.0035,11.2651,11.0035,11.2359,10884257,0.021457,54.930091,-0.132498,10.904478,11.516863,0.012140,0.876660
2022-09-05,11.2764,11.6091,11.2764,11.6074,10377296,0.033067,63.951364,-0.069729,10.925811,11.503912,0.013948,0.892588
2022-09-06,11.5598,11.7807,11.5598,11.6582,10482090,0.004375,64.983165,-0.015704,10.949751,11.491258,0.013948,0.892826
2022-09-07,11.6514,11.7928,11.5761,11.6737,12165843,0.001329,65.309369,0.028037,10.988341,11.477642,0.012425,0.891264
2022-09-08,11.6594,11.9341,11.6594,11.7838,9353833,0.009437,67.619305,0.070776,11.028874,11.461404,0.012479,0.888423
2022-09-09,11.7860,11.7901,11.7064,11.7155,11100364,-0.005796,64.741005,0.098006,11.064672,11.444408,0.012656,0.885014
2022-09-12,11.7808,11.8557,11.6617,11.7776,12271907,0.005298,66.151018,0.123175,11.113359,11.430591,0.011650,0.878495
2022-09-13,11.7767,11.7767,11.5177,11.5651,10143144,-0.018042,57.650945,0.124539,11.156007,11.412571,0.012379,0.879396
2022-09-14,11.6448,11.7767,11.6448,11.7458,10287235,0.015625,62.109726,0.138603,11.202015,11.401989,0.012571,0.878329
2022-09-15,11.8019,11.9507,11.8019,11.8693,12312654,0.010509,64.833426,0.157889,11.253231,11.392198,0.012636,0.869691
2022-09-16,11.9180,11.9180,11.7162,11.7997,13115107,-0.005860,62.123345,0.165652,11.299381,11.377283,0.012848,0.865945
2022-09-19,11.8079,12.0740,11.8079,12.0541,19975040,0.021560,67.477950,0.190140,11.366923,11.370554,0.012491,0.868351
2022-09-20,11.9888,12.1922,11.9888,12.1614,7512262,0.008899,69.439716,0.215716,11.434031,11.364245,0.012459,0.869244
2022-09-21,12.2195,12.2345,12.1774,12.1976,7898085,0.002979,70.095860,0.236186,11.496763,11.367312,0.012406,0.876734
2022-09-22,12.1761,12.1761,11.9779,12.0526,14741929,-0.011885,64.160256,0.237968,11.556929,11.365208,0.012625,0.873172
2022-09-23,12.0056,12.3633,12.0056,12.2854,17988964,0.019315,68.738432,0.255223,11.635229,11.369102,0.012300,0.879568
2022-09-26,12.3118,12.5472,12.3118,12.5106,17400152,0.018325,72.408999,0.283793,11.722200,11.380100,0.012548,0.878216
2022-09-27,12.4955,12.4955,12.2254,12.2298,14709802,-0.022444,62.545216,0.280544,11.794519,11.383752,0.014187,0.883340
2022-09-28,12.1891,12.2369,12.1220,12.1563,15610188,-0.006009,60.232415,0.268938,11.853985,11.388542,0.014215,0.881300
2022-09-29,12.1574,12.2600,12.0787,12.1507,7755638,-0.000460,60.050601,0.256335,11.911528,11.393335,0.014264,0.881355
2022-09-30,12.1244,12.2925,12.1244,12.2201,7129291,0.005710,61.600618,0.249074,11.960739,11.399463,0.013738,0.879502
2022-10-03,12.2228,12.4330,12.2228,12.3842,9879075,0.013426,65.053390,0.253635,11.999576,11.416645,0.012188,0.880806
2022-10-04,12.3901,12.6096,12.3901,12.5051,10441915,0.009763,67.381138,0.263963,12.041920,11.439319,0.012272,0.879300
2022-10-05,12.4769,12.7301,12.4769,12.6605,14820619,0.012430,70.135172,0.281446,12.091260,11.461028,0.012415,0.864223
2022-10-06,12.6118,12.7407,12.6118,12.7003,8943084,0.003143,70.814533,0.295110,12.137082,11.490891,0.012353,0.868885
2022-10-07,12.7212,12.7212,12.5609,12.5714,12235794,-0.010150,65.607942,0.292170,12.179874,11.520322,0.012568,0.869903
2022-10-10,12.6084,12.6386,12.5527,12.6191,14341037,0.003792,66.586377,0.290340,12.221946,11.552958,0.012562,0.865008
2022-10-11,12.5963,12.6247,12.5107,12.5419,7946721,-0.006115,63.440160,0.279441,12.270784,11.582303,0.011740,0.865010
2022-10-12,12.4988,12.5089,12.3868,12.4927,8154618,-0.003926,61.445253,0.263790,12.308126,11.606400,0.011544,0.865074
2022-10-13,12.5159,12.5159,12.1538,12.1705,8836702,-0.025784,50.301121,0.222827,12.323190,11.625101,0.013077,0.874104
2022-10-14,12.1873,12.2006,12.1862,12.1867,19539968,0.001325,50.782331,0.189480,12.342539,11.642730,0.012968,0.873252
2022-10-17,12.3068,12.3068,12.2165,12.2413,10803402,0.004485,52.462615,0.165555,12.351900,11.663942,0.012126,0.861822
2022-10-18,12.2720,12.2720,12.1147,12.1712,16213803,-0.005727,50.100035,0.139330,12.352392,11.683779,0.012055,0.859220
2022-10-19,12.1529,12.2127,12.1529,12.1641,12905530,-0.000583,49.855181,0.116630,12.350718,11.709024,0.012036,0.857083
2022-10-20,12.1221,12.2479,12.1221,12.2403,9300343,0.006259,52.534210,0.103589,12.360099,11.734365,0.011780,0.840923
2022-10-21,12.2356,12.2356,11.8651,11.9691,11135609,-0.022154,43.599185,0.070559,12.344281,11.753755,0.012004,0.843858
2022-10-24,11.9967,11.9967,11.6799,11.7283,16733346,-0.020118,37.500131,0.024669,12.305167,11.772243,0.011783,0.851229
2022-10-25,11.7403,11.7403,11.5571,11.6585,16456500,-0.005948,35.931819,-0.017132,12.276604,11.791170,0.010907,0.861475
2022-10-26,11.6859,11.8027,11.6859,11.7412,16468855,0.007093,39.178806,-0.043089,12.255851,11.809482,0.011067,0.863001
2022-10-27,11.7132,12.0273,11.7132,11.9590,9073317,0.018551,46.823399,-0.045561,12.246267,11.831763,0.011957,0.867662
2022-10-28,11.9709,12.1533,11.9709,12.0126,9587014,0.004483,48.538010,-0.042701,12.235895,11.854482,0.011926,0.871447
2022-10-31,12.0105,12.0105,11.7899,11.8215,15503328,-0.015910,43.191426,-0.055220,12.207763,11.876847,0.011889,0.873296
2022-11-01,11.7704,11.8752,11.7704,11.8247,14116901,0.000270,43.303877,-0.064144,12.173746,11.896957,0.011570,0.881547
2022-11-02,11.8196,11.9043,11.7468,11.8877,6866449,0.005329,45.591081,-0.065378,12.135107,11.915852,0.011182,0.876011
2022-11-03,11.9088,12.0457,11.9088,11.9774,14113795,0.007540,48.757583,-0.058450,12.098961,11.938413,0.011353,0.877288
2022-11-04,12.0096,12.0267,11.8904,12.0264,11029521,0.004097,50.457404,-0.048441,12.071713,11.964553,0.011319,0.880340
2022-11-07,12.0165,12.0165,11.8062,11.9031,13358234,-0.010255,46.300079,-0.049886,12.035916,11.987192,0.011366,0.878656
2022-11-08,11.8669,12.0472,11.8669,12.0393,16208097,0.011445,51.093517,-0.039582,12.010788,12.012310,0.011772,0.873769
2022-11-09,12.0752,12.1384,12.0696,12.0970,10966490,0.004793,53.006814,-0.026456,11.991006,12.034912,0.011857,0.875852
2022-11-10,12.1290,12.2562,12.1290,12.1924,11149558,0.007886,56.067138,-0.008260,11.992100,12.058763,0.010553,0.879810
2022-11-11,12.1148,12.1148,11.8349,11.9781,11567079,-0.017577,48.436314,-0.011004,11.981673,12.073608,0.011264,0.882333
2022-11-14,11.9947,11.9947,11.7554,11.8866,7519834,-0.007638,45.583853,-0.020328,11.963938,12.079193,0.011290,0.883402
2022-11-15,11.9062,11.9062,11.5036,11.5233,10815060,-0.030564,36.413702,-0.056383,11.931544,12.076496,0.013023,0.895729
2022-11-16,11.4963,11.5485,11.4291,11.4400,7569618,-0.007235,34.689054,-0.090639,11.895336,12.071821,0.013053,0.897327
2022-11-17,11.4566,11.4566,11.2279,11.3417,12694000,-0.008592,32.721328,-0.124286,11.850406,12.062978,0.012921,0.900600
2022-11-18,11.3466,11.3605,11.2030,11.2886,13598023,-0.004678,31.676743,-0.153464,11.816382,12.054439,0.012179,0.898854
2022-11-21,11.2690,11.4252,11.2690,11.3760,6178326,0.007742,35.338423,-0.167603,11.798768,12.046407,0.011683,0.897914
2022-11-22,11.3448,11.3701,11.2927,11.3471,14602633,-0.002538,34.677283,-0.179074,11.783198,12.042047,0.011639,0.899754
2022-11-23,11.3395,11.3395,11.1029,11.1222,10534935,-0.019819,29.973371,-0.203960,11.752249,12.029575,0.012163,0.903303
2022-11-24,11.1369,11.3960,11.1369,11.2861,9732357,0.014736,36.711558,-0.208059,11.718605,12.017913,0.011839,0.903180
2022-11-25,11.2645,11.2645,11.1330,11.1540,6216008,-0.011708,33.881144,-0.219440,11.675674,12.004999,0.011866,0.903982
2022-11-28,11.0843,11.2941,11.0843,11.2800,11868816,0.011297,38.732218,-0.215804,11.648599,11.989518,0.011944,0.894280
2022-11-29,11.3324,11.3324,11.0718,11.0920,9405516,-0.016669,34.647091,-0.225495,11.611963,11.968130,0.012348,0.897744
2022-11-30,11.0387,11.1009,11.0387,11.0443,12291684,-0.004298,33.677201,-0.234322,11.569792,11.945064,0.012188,0.897975
2022-12-01,10.9975,11.0085,10.9624,10.9897,9586337,-0.004941,32.553898,-0.242920,11.520411,11.923806,0.011904,0.896483
2022-12-02,10.9941,11.1943,10.9941,11.1058,8330223,0.010557,37.339345,-0.237633,11.474378,11.900213,0.012225,0.898170
2022-12-05,11.0964,11.1400,11.0754,11.1308,9081309,0.002255,38.355986,-0.228785,11.435764,11.872617,0.012202,0.904039
2022-12-06,11.1680,11.3872,11.1441,11.1854,17296292,0.004903,40.617342,-0.214892,11.393066,11.851729,0.011870,0.907955
2022-12-07,11.2197,11.2197,10.8571,10.9172,7516781,-0.023980,34.013315,-0.222955,11.334073,11.826947,0.012525,0.911204
2022-12-08,10.8831,10.8831,10.6431,10.6855,9521096,-0.021217,29.545818,-0.245210,11.258727,11.797643,0.012634,0.921426
2022-12-09,10.7309,10.7309,10.5343,10.5866,13215392,-0.009261,27.862106,-0.267745,11.189150,11.764973,0.012384,0.925793
2022-12-12,10.5923,10.8068,10.5923,10.6936,9210482,0.010110,32.352500,-0.273811,11.129498,11.731162,0.012892,0.919371
2022-12-13,10.6460,10.8436,10.6460,10.7258,9153670,0.003008,33.688228,-0.272878,11.089620,11.695576,0.011529,0.913263
2022-12-14,10.7278,10.8054,10.7278,10.7799,10973373,0.005046,35.979323,-0.264719,11.056616,11.657964,0.011647,0.913327
2022-12-15,10.8058,10.8059,10.6427,10.7804,7523280,0.000045,36.000607,-0.255271,11.028552,11.619566,0.011585,0.913166
2022-12-16,10.8109,10.8109,10.6246,10.6617,9701630,-0.011006,33.094587,-0.254426,10.997208,11.581372,0.011734,0.909813
2022-12-19,10.6618,10.6618,10.6021,10.6487,15291952,-0.001222,32.781606,-0.251903,10.960842,11.541965,0.011479,0.908370
2022-12-20,10.6691,10.7294,10.6020,10.6474,12245290,-0.000125,32.747622,-0.247162,10.925854,11.504075,0.011499,0.902995
2022-12-21,10.6405,10.7910,10.5948,10.6464,7457610,-0.000088,32.721772,-0.240706,10.902062,11.467150,0.010817,0.901665
2022-12-22,10.6110,10.8660,10.6110,10.8009,20575281,0.014512,40.972958,-0.220579,10.877801,11.439758,0.010798,0.899912
2022-12-23,10.8006,10.8006,10.7127,10.7638,10763992,-0.003437,39.712566,-0.205259,10.858291,11.411300,0.010569,0.899465
2022-12-26,10.7456,10.7961,10.6980,10.7133,12211154,-0.004696,37.998909,-0.194948,10.829953,11.380739,0.010127,0.894672
2022-12-27,10.7290,10.7705,10.7290,10.7686,8873082,0.005163,40.999334,-0.180236,10.813781,11.352686,0.009690,0.895823
2022-12-28,10.7968,10.7968,10.6656,10.6835,10656657,-0.007901,37.956463,-0.173443,10.795740,11.323073,0.009779,0.889645
2022-12-29,10.6616,10.7243,10.6296,10.6877,16021198,0.000398,38.203419,-0.165804,10.780640,11.292023,0.009756,0.886812
2022-12-30,10.7069,10.7069,10.4737,10.5002,9544609,-0.017547,32.131308,-0.172891,10.750362,11.262645,0.009973,0.890112
2023-01-02,10.4752,10.6811,10.4752,10.5272,6243724,0.002575,33.766042,-0.174315,10.720184,11.238624,0.009981,0.887996
2023-01-03,10.5315,10.5315,10.3674,10.3744,14362172,-0.014523,29.447519,-0.185641,10.679633,11.212941,0.010143,0.893004
2023-01-04,10.3900,10.3900,10.0088,10.0102,10127167,-0.035099,22.173486,-0.221446,10.634286,11.178321,0.011523,0.892095
2023-01-05,10.0784,10.0784,9.8437,9.9461,12694281,-0.006404,21.181502,-0.252089,10.597316,11.138063,0.010831,0.885447
2023-01-06,9.9577,9.9577,9.8069,9.8656,12254915,-0.008092,19.973295,-0.279645,10.561270,11.095123,0.010802,0.886618
2023-01-09,9.8474,9.9531,9.8474,9.8930,13701803,0.002777,21.612557,-0.295861,10.521241,11.056553,0.010435,0.885578
2023-01-10,9.7986,10.0401,9.7986,9.9622,10044123,0.006991,25.747031,-0.299678,10.483063,11.019303,0.010609,0.887671
2023-01-11,9.9515,9.9883,9.8090,9.8991,10199518,-0.006329,24.479434,-0.304282,10.439026,10.979531,0.010423,0.886892
2023-01-12,9.8259,9.8745,9.7743,9.8587,5769872,-0.004085,23.674427,-0.307648,10.392942,10.937158,0.010375,0.885308
2023-01-13,9.7670,9.7739,9.6415,9.6473,15938092,-0.021439,19.976510,-0.323640,10.342223,10.889576,0.010970,0.892200
2023-01-16,9.6110,9.6345,9.5158,9.5579,10904399,-0.009268,18.649439,-0.339614,10.287685,10.842673,0.010974,0.887564
2023-01-17,9.5774,9.6587,9.5774,9.6223,9782525,0.006739,22.636714,-0.343121,10.236435,10.794333,0.011249,0.889214
2023-01-18,9.6138,9.7660,9.6138,9.7312,6890650,0.011308,28.969827,-0.333278,10.190671,10.747016,0.011786,0.891087
2023-01-19,9.7544,9.7544,9.6088,9.6253,4682660,-0.010876,26.681831,-0.330211,10.131891,10.695674,0.010980,0.883960
2023-01-20,9.6189,9.7827,9.6189,9.6870,5328424,0.006406,30.143410,-0.319126,10.078050,10.649851,0.011302,0.883376
2023-01-23,9.6966,9.6966,9.4175,9.4825,15043169,-0.021104,25.795035,-0.323113,10.016514,10.601769,0.011846,0.884798
2023-01-24,9.5317,9.5317,9.2445,9.2537,14008109,-0.024137,21.973154,-0.340812,9.940769,10.556376,0.012197,0.884560
2023-01-25,9.2907,9.4781,9.2907,9.3276,10075420,0.007988,25.796871,-0.344898,9.872974,10.514128,0.012677,0.885640
2023-01-26,9.2784,9.6324,9.2784,9.6032,13130067,0.029552,37.998873,-0.322181,9.818749,10.479360,0.014998,0.895789
2023-01-27,9.6264,9.7548,9.6264,9.6799,9475502,0.007986,40.910297,-0.294593,9.777735,10.447186,0.014981,0.897185
2023-01-30,9.6346,9.7545,9.6346,9.7212,7350165,0.004266,42.476462,-0.266327,9.737433,10.414090,0.015024,0.896277
2023-01-31,9.7052,9.7052,9.4690,9.5145,11176880,-0.021260,37.166461,-0.257633,9.694442,10.377438,0.015348,0.902151
2023-02-01,9.5289,9.5289,9.2916,9.3204,9470257,-0.020408,32.993289,-0.263376,9.659949,10.341401,0.014091,0.903648
2023-02-02,9.2984,9.3856,9.2412,9.2985,12285670,-0.002347,32.549816,-0.266619,9.627567,10.301648,0.014076,0.901273
2023-02-03,9.2918,9.3334,9.2848,9.3151,9026394,0.001792,33.285208,-0.264792,9.600043,10.264870,0.014071,0.902236
2023-02-06,9.3791,9.3791,9.1731,9.1891,10358445,-0.013533,30.569329,-0.270400,9.564845,10.223051,0.014205,0.904111
2023-02-07,9.2439,9.2535,9.1338,9.2223,11153132,0.003610,32.138629,-0.269065,9.527848,10.185657,0.014092,0.896018
2023-02-08,9.1271,9.3579,9.1271,9.2347,11481634,0.001353,32.754175,-0.263958,9.494628,10.149465,0.014123,0.896132
2023-02-09,9.2128,9.4566,9.2128,9.3759,12800852,0.015283,39.445705,-0.245690,9.470486,10.117188,0.014723,0.900162
2023-02-10,9.3939,9.3939,9.3160,9.3416,8347314,-0.003659,38.444251,-0.231314,9.455197,10.081904,0.014033,0.900718
2023-02-13,9.4073,9.5738,9.3774,9.4711,7770975,0.013869,44.205120,-0.207080,9.450857,10.048710,0.014312,0.904123
2023-02-14,9.4374,9.5718,9.4374,9.5061,8849705,0.003692,45.682782,-0.182943,9.445044,10.015125,0.014248,0.904439
2023-02-15,9.5090,9.6596,9.5090,9.6296,9156208,0.012996,50.654617,-0.152092,9.439968,9.989374,0.014327,0.895067
2023-02-16,9.5983,9.7479,9.5983,9.7202,4998234,0.009409,53.981399,-0.118961,9.444715,9.970069,0.014266,0.900089
2023-02-17,9.6940,9.6940,9.5232,9.5819,13780626,-0.014232,48.594318,-0.102683,9.439461,9.949975,0.014566,0.900259
2023-02-20,9.6261,9.9220,9.6261,9.8675,9449904,0.029804,57.928283,-0.065978,9.458707,9.933453,0.015200,0.909454
2023-02-21,9.9580,9.9580,9.8641,9.8692,20593123,0.000178,57.978681,-0.036330,9.489486,9.916322,0.013909,0.906365
2023-02-22,9.8694,10.0106,9.8694,9.9478,17286095,0.007963,60.277740,-0.006418,9.520497,9.899681,0.013908,0.908090
2023-02-23,9.9891,10.1344,9.9752,9.9766,5495455,0.002890,61.115872,0.019384,9.539164,9.883605,0.012464,0.907628
2023-02-24,9.9809,10.1744,9.9809,10.1554,6808151,0.017930,65.932566,0.053648,9.562940,9.873479,0.012906,0.911432
2023-02-27,10.1393,10.3163,10.1393,10.2825,14371910,0.012513,68.881678,0.090019,9.591006,9.866156,0.013097,0.912570
2023-02-28,10.2464,10.2464,10.1878,10.2050,11987700,-0.007536,65.176621,0.111307,9.625531,9.857309,0.012085,0.909644
2023-03-01,10.2783,10.3205,10.0614,10.2124,10297451,0.000725,65.368197,0.127308,9.670134,9.848629,0.010725,0.894093
2023-03-02,10.2460,10.2460,10.0656,10.1008,12537938,-0.010935,60.003343,0.129485,9.710248,9.834626,0.011181,0.888821
2023-03-03,10.1565,10.1565,10.0185,10.0235,9060356,-0.007648,56.546062,0.123552,9.745666,9.819820,0.011484,0.884357
2023-03-06,10.0538,10.0538,9.8046,9.9251,8808734,-0.009819,52.403412,0.109645,9.782466,9.804057,0.011217,0.889516
2023-03-07,9.8925,9.9543,9.8683,9.9501,11275385,0.002524,53.340295,0.099497,9.818860,9.787688,0.011221,0.895020
2023-03-08,9.9283,9.9908,9.9173,9.9661,8635888,0.001600,53.960568,0.091683,9.855426,9.773340,0.011218,0.889788
2023-03-09,9.9260,10.0318,9.8991,9.9773,12102212,0.001131,54.422462,0.085415,9.885499,9.759131,0.010903,0.890530
2023-03-10,10.0425,10.0475,9.9708,10.0096,10256637,0.003239,55.792261,0.082109,9.918902,9.749320,0.010784,0.886802
2023-03-13,10.0136,10.4109,10.0136,10.3548,9362527,0.034482,67.147835,0.106116,9.963086,9.745871,0.012649,0.891451
2023-03-14,10.3828,10.4990,10.3828,10.4747,10180287,0.011581,70.028371,0.133282,10.011517,9.747878,0.012744,0.887751
2023-03-15,10.4399,10.5687,10.4258,10.4795,21677831,0.000454,70.140202,0.153427,10.054008,9.757263,0.012635,0.888400
2023-03-16,10.4924,10.4924,10.4069,10.4195,7175754,-0.005720,66.759241,0.162679,10.088973,9.766731,0.012766,0.885928
2023-03-17,10.4086,10.5178,10.4086,10.5126,10401221,0.008931,69.238262,0.175498,10.135507,9.779670,0.012100,0.878264
2023-03-20,10.5091,10.7967,10.5091,10.7319,13709418,0.020862,74.133969,0.201036,10.178727,9.796447,0.011261,0.880362
2023-03-21,10.7078,10.7449,10.6884,10.7444,8514164,0.001168,74.384896,0.219753,10.222487,9.812092,0.011244,0.878980
2023-03-22,10.8239,10.8239,10.5512,10.6350,10339339,-0.010185,68.167459,0.223184,10.256846,9.826809,0.011659,0.881029
2023-03-23,10.6568,10.7495,10.6568,10.7297,14277687,0.008906,70.468099,0.230883,10.294503,9.844229,0.011722,0.883350
2023-03-24,10.7579,10.7579,10.6029,10.6199,11014165,-0.010230,64.637396,0.225528,10.317728,9.863681,0.011615,0.879855
2023-03-27,10.6104,10.7007,10.6104,10.6842,7521455,0.006053,66.391321,0.223891,10.337813,9.886207,0.011404,0.881555
2023-03-28,10.7385,10.7385,10.2959,10.4834,9855707,-0.018800,56.895923,0.204033,10.351729,9.903427,0.012152,0.883559
2023-03-29,10.4404,10.5208,10.4404,10.5202,7867389,0.003511,58.079252,0.189087,10.367116,9.919207,0.012160,0.882590
2023-03-30,10.5217,10.6633,10.5217,10.6578,9919903,0.013087,62.252886,0.186204,10.394970,9.939858,0.012047,0.880208
2023-03-31,10.6727,10.9230,10.6727,10.8322,9520200,0.016355,66.764569,0.195728,10.435403,9.962762,0.012151,0.878101
2023-04-03,10.7641,11.0104,10.7641,10.9899,10676003,0.014567,70.232970,0.213547,10.488646,9.992909,0.011917,0.880973
2023-04-04,11.0061,11.0061,10.7080,10.8705,12219377,-0.010873,64.724342,0.215542,10.534661,10.025245,0.012439,0.882329
2023-04-05,10.9096,10.9847,10.9096,10.9504,6106713,0.007355,66.611502,0.221027,10.583879,10.057702,0.012435,0.881239
2023-04-06,10.9607,10.9607,10.7394,10.7960,13836205,-0.014100,59.942798,0.210489,10.624813,10.081557,0.013119,0.883000
2023-04-07,10.7948,10.7948,10.7245,10.7572,9408331,-0.003592,58.362340,0.196740,10.662193,10.103103,0.013229,0.876519
2023-04-10,10.7102,10.9764,10.7102,10.9219,8647433,0.015306,62.841951,0.196861,10.690547,10.127117,0.011456,0.875656
2023-04-11,10.9573,10.9863,10.9374,10.9436,10849291,0.001987,63.400810,0.196443,10.713991,10.155698,0.011265,0.875611
2023-04-12,10.9633,10.9633,10.6282,10.6850,14142449,-0.023632,53.142672,0.173247,10.724266,10.182990,0.012668,0.878773
2023-04-13,10.6641,10.6641,10.3967,10.5123,9658970,-0.016161,47.604270,0.139324,10.728904,10.207266,0.013166,0.881127
2023-04-14,10.5270,10.5270,10.2495,10.3624,7537901,-0.014262,43.377414,0.099199,10.721393,10.228210,0.013406,0.885304
2023-04-17,10.3750,10.4959,10.3750,10.4647,14520968,0.009874,46.846048,0.074793,10.708032,10.253722,0.012685,0.880593
2023-04-18,10.5250,10.8836,10.5250,10.7695,7784062,0.029133,55.578262,0.079139,10.709288,10.284668,0.014385,0.886331
2023-04-19,10.7263,10.9407,10.7263,10.8789,14354852,0.010155,58.229401,0.090367,10.721484,10.317551,0.014330,0.885106
2023-04-20,10.9117,10.9117,10.5279,10.6898,14814713,-0.017380,52.406354,0.083051,10.719490,10.343831,0.014787,0.887565
2023-04-21,10.7159,10.8716,10.7159,10.8244,15658481,0.012585,55.793804,0.087104,10.729712,10.373487,0.014843,0.888334
2023-04-24,10.7400,10.9717,10.7400,10.8865,11584384,0.005737,57.304469,0.094242,10.739824,10.401794,0.014838,0.888328
2023-04-25,10.9039,10.9039,10.6859,10.6967,5821225,-0.017428,51.512764,0.083624,10.750493,10.425607,0.014744,0.886133
2023-04-26,10.6871,10.7121,10.6808,10.7082,9812370,0.001075,51.830437,0.075270,10.759897,10.447179,0.014733,0.878546
2023-04-27,10.7122,11.0155,10.7122,10.9047,14457410,0.018347,57.013687,0.083539,10.772239,10.470868,0.015005,0.880200
2023-04-28,10.9394,11.0352,10.8979,10.9708,9080092,0.006057,58.625618,0.094335,10.779169,10.498645,0.014631,0.881807
2023-05-01,10.9753,10.9753,10.7238,10.8093,9652206,-0.014718,53.357901,0.088837,10.770136,10.517481,0.014640,0.882564
2023-05-02,10.7541,11.0223,10.7541,10.9479,10298860,0.012825,56.935499,0.094575,10.774009,10.539054,0.014734,0.882143
2023-05-03,10.9562,10.9562,10.7660,10.7776,15465550,-0.015559,51.689287,0.084406,10.765367,10.555650,0.015057,0.884533
2023-05-04,10.8013,10.8568,10.5876,10.7100,18062391,-0.006272,49.730936,0.070084,10.761066,10.570318,0.014789,0.883613
2023-05-05,10.7042,10.9062,10.7042,10.9021,9788355,0.017940,54.955096,0.073392,10.768310,10.585251,0.015311,0.886192
2023-05-08,10.9660,10.9906,10.9472,10.9777,15498258,0.006935,56.855254,0.081179,10.771102,10.599155,0.015005,0.882862
2023-05-09,10.9741,10.9741,10.8125,10.8206,9455191,-0.014311,51.951422,0.073822,10.764954,10.611467,0.015350,0.881334
2023-05-10,10.8262,10.8262,10.6722,10.7099,4928490,-0.010230,48.760062,0.058386,10.766202,10.621417,0.014557,0.870688
2023-05-11,10.6576,10.8618,10.6576,10.7936,12752338,0.007814,51.200507,0.052303,10.780268,10.635274,0.014118,0.870251
2023-05-12,10.7707,10.9257,10.7707,10.9007,8057998,0.009918,54.205290,0.055480,10.807183,10.652817,0.013735,0.867803
2023-05-15,10.9334,11.0682,10.9334,10.9987,13464595,0.008999,56.828439,0.065162,10.833886,10.674290,0.013712,0.856794
2023-05-16,10.9808,11.1168,10.9808,11.0968,17412142,0.008918,59.336651,0.079830,10.850251,10.697224,0.012327,0.858104
2023-05-17,11.1493,11.2078,11.0842,11.1977,13443545,0.009088,61.794327,0.098456,10.866189,10.721856,0.012290,0.859194
2023-05-18,11.2210,11.3040,11.1625,11.2365,13612874,0.003469,62.728814,0.115026,10.893523,10.747040,0.011459,0.859573
2023-05-19,11.2353,11.3797,11.1735,11.2445,8921557,0.000708,62.928842,0.127332,10.914528,10.771737,0.011217,0.855450
2023-05-22,11.2628,11.2628,11.0371,11.0630,9458706,-0.016135,55.601730,0.121050,10.923357,10.785902,0.011877,0.848151
2023-05-23,11.0901,11.0901,10.7902,10.8625,13560730,-0.018127,48.833565,0.098751,10.931645,10.793658,0.011935,0.856694
2023-05-24,10.8577,10.8577,10.7500,10.7895,7729618,-0.006722,46.608993,0.074331,10.935708,10.799859,0.012053,0.868489
2023-05-25,10.7890,10.7991,10.6746,10.7438,15203085,-0.004240,45.218999,0.050701,10.927661,10.806343,0.011324,0.869759
2023-05-26,10.7051,10.8575,10.7051,10.8213,11042991,0.007215,48.046057,0.037794,10.920187,10.812517,0.011363,0.872493
2023-05-29,10.8603,11.0193,10.8603,10.9996,14920970,0.016480,53.935948,0.041476,10.929702,10.817871,0.011467,0.874607
2023-05-30,10.9675,11.0885,10.8817,10.9650,7427663,-0.003141,52.689509,0.041132,10.930559,10.822283,0.011147,0.875108
2023-05-31,10.9541,10.9994,10.7668,10.8867,14430341,-0.007141,49.876812,0.034148,10.936017,10.827318,0.010672,0.861850
2023-06-01,10.8902,11.1152,10.8902,11.0073,8600470,0.011073,53.952575,0.037903,10.950883,10.832870,0.010792,0.863206
2023-06-02,11.0491,11.1866,11.0363,11.0440,6469833,0.003338,55.149544,0.043344,10.957979,10.841352,0.010087,0.863562
2023-06-05,11.0777,11.1448,11.0180,11.1152,8056751,0.006447,57.457532,0.052793,10.964854,10.849972,0.010072,0.859476
2023-06-06,11.1912,11.1912,11.0371,11.0537,8367787,-0.005534,54.832240,0.054687,10.976509,10.861379,0.009563,0.863192
2023-06-07,11.0346,11.2640,11.0346,11.2472,10067908,0.017507,60.886800,0.070985,11.003374,10.875920,0.009839,0.866692
2023-06-08,11.2471,11.3569,11.2471,11.3566,11686546,0.009727,63.838003,0.091672,11.031525,10.889896,0.009903,0.868653
2023-06-09,11.3484,11.3607,11.2620,11.3436,8704381,-0.001146,63.226714,0.105796,11.053673,10.900125,0.009780,0.870229
2023-06-12,11.4076,11.4076,11.3606,11.3850,6562014,0.003646,64.393335,0.118956,11.072984,10.908025,0.009652,0.869773
2023-06-13,11.2536,11.7113,11.2536,11.5867,10382626,0.017721,69.479971,0.144005,11.097478,10.922351,0.010181,0.875684
2023-06-14,11.6097,11.6097,11.3330,11.3635,14247960,-0.019264,59.373897,0.144183,11.105770,10.930613,0.011105,0.863875
2023-06-15,11.3768,11.3787,11.2854,11.3409,8177944,-0.001987,58.447635,0.140878,11.110990,10.941511,0.011103,0.860776
2023-06-16,11.3262,11.5321,11.3262,11.4708,11643990,0.011454,62.109443,0.147045,11.122307,10.955783,0.011370,0.858747
2023-06-19,11.4454,11.4454,11.2780,11.3016,13639346,-0.014755,55.274692,0.136700,11.134234,10.963377,0.011263,0.865055
2023-06-20,11.2671,11.3613,11.2641,11.3342,9754078,0.002889,56.274374,0.129642,11.157820,10.971190,0.010313,0.858476
2023-06-21,11.3258,11.3258,11.0487,11.1623,12286346,-0.015167,49.944809,0.108922,11.176461,10.980737,0.010855,0.863524
2023-06-22,11.1677,11.1677,11.0413,11.1177,11349490,-0.004000,48.421412,0.087884,11.195157,10.992844,0.010848,0.864102
2023-06-23,11.2034,11.3081,11.2034,11.2648,11804646,0.013238,53.460288,0.082141,11.217336,11.010894,0.011088,0.867838
2023-06-26,11.2784,11.4257,11.2784,11.4195,9444190,0.013727,58.092638,0.089040,11.238329,11.029990,0.010916,0.860356
2023-06-27,11.4060,11.4060,11.2036,11.2232,5511420,-0.017186,51.135621,0.077774,11.251238,11.039063,0.011684,0.852157
2023-06-28,11.3047,11.3660,11.0969,11.2390,7589057,0.001407,51.637308,0.069321,11.268851,11.046265,0.011517,0.852909
2023-06-29,11.2555,11.3211,11.2555,11.2884,9653393,0.004392,53.253447,0.065846,11.282904,11.058236,0.011325,0.847693
2023-06-30,11.2634,11.3548,11.2634,11.3074,8328318,0.001691,53.894950,0.063895,11.296075,11.067897,0.011315,0.847023
2023-07-03,11.2571,11.4757,11.1929,11.3730,11496155,0.005801,56.123705,0.066871,11.308965,11.077628,0.011300,0.847537
2023-07-04,11.4301,11.4301,11.3029,11.3141,9495916,-0.005184,53.615013,0.063737,11.321983,11.089975,0.011290,0.847651
2023-07-05,11.3640,11.4369,11.3035,11.3762,7125102,0.005495,55.855847,0.065515,11.328434,11.103335,0.010681,0.838592
2023-07-06,11.3385,11.5420,11.2937,11.4345,15061363,0.005117,57.906597,0.070806,11.332326,11.113930,0.010523,0.826684
2023-07-07,11.4061,11.4061,11.2545,11.2920,11358547,-0.012464,51.588546,0.062775,11.329743,11.120354,0.010907,0.824370
2023-07-10,11.2892,11.2892,11.0744,11.1304,9412874,-0.014309,45.524071,0.042879,11.317014,11.126776,0.011308,0.828764
2023-07-11,11.1108,11.2541,11.1108,11.1996,9817023,0.006223,48.328525,0.032328,11.297660,11.131811,0.010571,0.808615
2023-07-12,11.1851,11.2269,11.1332,11.2084,6416525,0.000778,48.686529,0.024388,11.289903,11.140427,0.009729,0.805877
2023-07-13,11.1486,11.1486,11.0827,11.0997,10746257,-0.009697,44.542582,0.009219,11.277841,11.148221,0.009936,0.798001
2023-07-14,11.1340,11.1340,10.8409,10.9163,9360927,-0.016523,38.576172,-0.017400,11.250113,11.148504,0.010055,0.802397
2023-07-17,10.9103,11.0769,10.9103,11.0147,12610421,0.009020,42.991522,-0.030202,11.235772,11.149245,0.009925,0.794755
2023-07-18,11.0049,11.1778,11.0049,11.1329,11230956,0.010725,47.836086,-0.030465,11.225704,11.155490,0.010246,0.786606
2023-07-19,11.1351,11.1392,10.9969,11.0966,6845779,-0.003262,46.527016,-0.033221,11.222416,11.163222,0.009702,0.788734
2023-07-20,11.0509,11.3348,11.0509,11.2956,9322042,0.017939,53.963393,-0.019121,11.231314,11.173263,0.010466,0.791477
2023-07-21,11.2789,11.3038,11.2397,11.2942,12972840,-0.000124,53.906739,-0.007968,11.232783,11.181134,0.010051,0.789822
2023-07-24,11.2999,11.3237,11.1406,11.2237,12881343,-0.006243,50.996452,-0.004764,11.222995,11.185633,0.009617,0.773581
2023-07-25,11.1687,11.1687,11.0829,11.0847,12969690,-0.012384,45.752658,-0.013288,11.216070,11.185391,0.009239,0.780122
2023-07-26,11.0595,11.3372,11.0595,11.2967,11961969,0.019120,53.589326,-0.002907,11.218954,11.187371,0.010235,0.773892
2023-07-27,11.3347,11.3347,11.0418,11.0851,6945861,-0.018732,46.384525,-0.011621,11.208789,11.184342,0.011025,0.767155
2023-07-28,11.0841,11.2893,11.0841,11.2483,9628474,0.014722,51.769851,-0.005297,11.205829,11.184417,0.011555,0.763979
2023-07-31,11.2379,11.2425,11.0512,11.1827,7834694,-0.005827,49.614297,-0.005512,11.196313,11.186810,0.011530,0.768699
2023-08-01,11.2592,11.3679,11.1764,11.2820,13393633,0.008882,52.819935,0.002306,11.194710,11.195201,0.011675,0.763839
2023-08-02,11.1906,11.3196,11.1906,11.2830,12902303,0.000082,52.850082,0.008479,11.190045,11.205070,0.011602,0.790429
2023-08-03,11.3166,11.3166,11.0566,11.1418,14749687,-0.012512,47.836254,0.001957,11.175410,11.213030,0.011832,0.784796
2023-08-04,11.1457,11.2082,11.1457,11.1687,9088409,0.002412,48.831418,-0.001031,11.169245,11.219978,0.011553,0.782207
2023-08-07,11.1268,11.1656,11.0617,11.1619,9243549,-0.000609,48.578962,-0.003903,11.170819,11.223223,0.011087,0.778859
2023-08-08,11.1065,11.2499,11.1065,11.1525,12762536,-0.000839,48.209110,-0.006856,11.168461,11.226972,0.010997,0.772516
2023-08-09,11.1898,11.5351,11.1898,11.4125,10062964,0.023310,57.809898,0.011647,11.178666,11.237486,0.012187,0.784414
2023-08-10,11.3494,11.6410,11.3494,11.5905,11358586,0.015599,62.883858,0.040212,11.203206,11.249150,0.012334,0.789522
2023-08-11,11.5982,11.5982,11.3447,11.3907,12557716,-0.017238,54.902998,0.046195,11.226925,11.256083,0.012392,0.792518
2023-08-14,11.4286,11.4468,11.3676,11.3819,9830026,-0.000766,54.577285,0.049660,11.245285,11.261417,0.012301,0.795685
2023-08-15,11.4432,11.4432,11.3121,11.3222,13365312,-0.005249,52.289353,0.047042,11.254751,11.266787,0.012204,0.787476
2023-08-16,11.3278,11.3278,11.1770,11.1808,10204305,-0.012487,47.242480,0.033177,11.258964,11.265458,0.012539,0.792332
2023-08-17,11.2718,11.3297,11.1980,11.2881,16192876,0.009596,51.099687,0.030495,11.258588,11.264088,0.012057,0.794162
2023-08-18,11.3464,11.3464,10.8967,10.9579,13670786,-0.029248,41.133675,0.001709,11.241774,11.256375,0.013721,0.810319
2023-08-21,10.9678,11.0964,10.9568,11.0807,8014476,0.011206,45.398947,-0.011069,11.234626,11.250290,0.013951,0.806360
2023-08-22,11.0675,11.1241,11.0675,11.1171,12929061,0.003279,46.631189,-0.018055,11.236244,11.240897,0.013689,0.803407
2023-08-23,11.1568,11.1568,10.9482,10.9892,12754601,-0.011503,42.956667,-0.033524,11.220870,11.233411,0.013168,0.823329
2023-08-24,11.0041,11.0394,10.9970,11.0379,10798257,0.004431,44.742242,-0.041377,11.218512,11.227351,0.012558,0.820799
2023-08-25,11.0038,11.2953,11.0038,11.2863,9823894,0.022503,52.849570,-0.027244,11.220413,11.223660,0.013149,0.815483
2023-08-28,11.2920,11.2920,11.0824,11.1021,12823352,-0.016316,47.307914,-0.030551,11.216384,11.219671,0.013606,0.817670
2023-08-29,11.0869,11.3970,11.0635,11.2353,14471464,0.011999,51.287211,-0.022166,11.214050,11.217693,0.013733,0.819439
2023-08-30,11.2540,11.2540,11.1405,11.1803,14823645,-0.004897,49.620535,-0.019734,11.208919,11.218053,0.013775,0.810779
2023-08-31,11.1491,11.1491,10.9494,11.0094,9360898,-0.015286,44.755039,-0.031236,11.202301,11.215888,0.013917,0.814493
2023-09-01,10.9987,11.0071,10.9647,10.9681,10138022,-0.003754,43.640544,-0.043189,11.192273,11.209953,0.013917,0.826184
2023-09-04,10.9984,11.2627,10.9984,11.2127,9638749,0.022302,51.360419,-0.032548,11.194816,11.205818,0.014846,0.834068
2023-09-05,11.1667,11.4056,11.1667,11.3650,11802886,0.013578,55.450576,-0.011695,11.205439,11.208652,0.015134,0.829377
2023-09-06,11.3851,11.6752,11.3851,11.5158,7087058,0.013271,59.118326,0.016808,11.210606,11.214188,0.014510,0.842559
2023-09-07,11.5364,11.5364,11.3050,11.4204,8934842,-0.008287,55.978082,0.031335,11.202100,11.216828,0.014186,0.845258
2023-09-08,11.3963,11.4934,11.3963,11.4702,9239369,0.004368,57.256296,0.046339,11.206078,11.220084,0.013669,0.844924
2023-09-11,11.4317,11.5939,11.4317,11.5646,14913473,0.008230,59.644104,0.065097,11.215213,11.223916,0.013775,0.842172
2023-09-12,11.5956,11.6921,11.5039,11.5698,13388536,0.000445,59.775974,0.079462,11.227592,11.229030,0.013700,0.838497
2023-09-13,11.5843,11.7370,11.5843,11.6937,6996530,0.010710,62.919217,0.099695,11.253237,11.235379,0.013463,0.835052
2023-09-14,11.7884,11.8128,11.6985,11.7452,13174999,0.004404,64.172231,0.118520,11.276091,11.241594,0.013365,0.835511
2023-09-15,11.7836,11.7836,11.6563,11.7046,6629941,-0.003454,62.383931,0.128682,11.313425,11.249847,0.011263,0.832199
2023-09-18,11.7093,11.7093,11.6436,11.6830,9075466,-0.001844,61.403332,0.133455,11.343540,11.260901,0.011162,0.833825
2023-09-19,11.7365,11.7365,11.3260,11.3831,9136877,-0.025671,49.711672,0.111749,11.356843,11.264570,0.012836,0.853426
2023-09-20,11.3229,11.4039,11.3229,11.3861,6839897,0.000265,49.815067,0.093710,11.376690,11.268126,0.012485,0.853431
2023-09-21,11.4514,11.4514,11.3789,11.4158,8557382,0.002601,50.883922,0.080872,11.395584,11.274448,0.012472,0.855137
2023-09-22,11.4527,11.6003,11.4471,11.5209,8344490,0.009213,54.583100,0.078281,11.407317,11.286541,0.011634,0.856104
2023-09-25,11.5164,11.5164,11.1990,11.2195,19060899,-0.026165,44.287067,0.051312,11.413184,11.290636,0.012580,0.860186
2023-09-26,11.2442,11.4443,11.2442,11.3326,10619543,0.010081,48.232620,0.038620,11.418046,11.294630,0.012495,0.861715
2023-09-27,11.3391,11.5681,11.3391,11.5288,7948035,0.017318,54.282810,0.043892,11.435472,11.303275,0.012968,0.865449
2023-09-28,11.4956,11.6876,11.4956,11.6111,10191910,0.007131,56.572609,0.054080,11.465554,11.309584,0.012386,0.868238
2023-09-29,11.6741,11.6741,11.5934,11.6159,10171254,0.000413,56.708877,0.061829,11.497942,11.316017,0.012306,0.868061
2023-10-02,11.6787,11.7250,11.6593,11.6927,7843568,0.006619,58.932812,0.073329,11.521943,11.325397,0.011480,0.864747
2023-10-03,11.7209,12.0235,11.7209,12.0022,12256123,0.026468,66.412094,0.106192,11.553807,11.343747,0.012473,0.882116
2023-10-04,12.0575,12.0575,11.8641,11.8802,6993329,-0.010168,61.644576,0.120993,11.572027,11.355417,0.012539,0.884090
2023-10-05,11.8747,12.0142,11.8747,11.9461,11497256,0.005547,63.181638,0.136468,11.598313,11.372638,0.012343,0.884690
2023-10-06,11.9161,11.9161,11.7381,11.7921,12691157,-0.012893,57.392737,0.134751,11.614405,11.383514,0.012788,0.883234
2023-10-09,11.7742,11.9304,11.6356,11.7545,8767840,-0.003187,56.043519,0.128872,11.623898,11.394950,0.012725,0.888824
2023-10-10,11.7396,11.9693,11.7396,11.8580,11963872,0.008807,58.909273,0.131055,11.638309,11.406470,0.012846,0.886811
2023-10-11,11.8594,12.2380,11.8594,12.2053,10034413,0.029286,66.742570,0.158975,11.663888,11.424917,0.014165,0.887468
2023-10-12,12.1942,12.6450,12.1942,12.6015,7202213,0.032463,73.054192,0.210646,11.706704,11.454111,0.015698,0.890894
2023-10-13,12.6022,12.8393,12.6022,12.8037,14479123,0.016046,75.599153,0.264857,11.761657,11.486812,0.015839,0.888925
2023-10-16,12.7501,12.7501,12.6970,12.7229,21158827,-0.006314,72.645153,0.297864,11.813649,11.518032,0.015966,0.896987
2023-10-17,12.7531,13.1455,12.7531,13.0452,11480428,0.025332,76.575197,0.346040,11.896750,11.555886,0.014952,0.897601
2023-10-18,13.0630,13.0630,12.8858,12.9435,9131286,-0.007791,73.012884,0.371733,11.974619,11.586507,0.015247,0.897986
2023-10-19,12.8655,13.0230,12.8051,12.8687,8158868,-0.005782,70.415361,0.381657,12.047266,11.612072,0.015475,0.904861
2023-10-20,12.7985,12.7985,12.4492,12.4899,11267234,-0.029433,58.978555,0.354869,12.095716,11.634057,0.017365,0.910367
2023-10-23,12.4566,12.6702,12.4566,12.6385,15010068,0.011896,61.612553,0.341689,12.166667,11.659188,0.015886,0.909752
2023-10-24,12.7096,12.9717,12.7096,12.9151,9040716,0.021885,65.990497,0.349534,12.245794,11.691047,0.016257,0.910569
2023-10-25,12.8935,13.3381,12.8935,13.3215,17744121,0.031464,71.189124,0.384114,12.335426,11.733860,0.017034,0.917362
2023-10-26,13.3813,13.3813,13.1345,13.1970,6976275,-0.009348,67.770386,0.396895,12.414721,11.772037,0.017441,0.918646
2023-10-27,13.1283,13.6203,13.1283,13.5699,11219312,0.028259,72.092728,0.432136,12.512422,11.824276,0.018025,0.919968
2023-10-30,13.6233,13.7238,13.5437,13.6496,8409149,0.005872,72.928099,0.461177,12.610263,11.875652,0.018029,0.919339
2023-10-31,13.6286,13.7786,13.6286,13.7507,15309304,0.007408,73.992036,0.486741,12.697686,11.928324,0.017493,0.920829
2023-11-01,13.6461,13.6461,13.2742,13.4213,11417477,-0.023951,65.027498,0.474950,12.774743,11.976967,0.018449,0.922616
2023-11-02,13.4807,13.8798,13.4807,13.6427,13300572,0.016491,67.846842,0.477956,12.859572,12.029062,0.018588,0.922439
2023-11-03,13.7827,13.7827,13.7149,13.7231,10578232,0.005896,68.830209,0.481280,12.956123,12.077799,0.018004,0.921509
2023-11-06,13.6872,13.7638,13.5635,13.7218,6484703,-0.000098,68.792308,0.478293,13.054486,12.130191,0.017918,0.924413
2023-11-07,13.5888,13.8436,13.5888,13.7884,9848699,0.004859,69.683225,0.475820,13.151007,12.181253,0.017930,0.924013
2023-11-08,13.7991,13.8120,13.6171,13.6597,14773997,-0.009338,65.777936,0.458189,13.223726,12.230840,0.017561,0.923739
2023-11-09,13.5898,13.5898,13.4471,13.5379,14271575,-0.008917,62.225206,0.429438,13.270544,12.281408,0.016668,0.925026
2023-11-10,13.4781,13.4781,13.3252,13.3509,10784775,-0.013807,57.125994,0.387107,13.297906,12.329065,0.016843,0.919907
2023-11-13,13.3724,13.3724,13.2405,13.2435,9989593,-0.008045,54.368906,0.340962,13.323939,12.369682,0.016893,0.910895
2023-11-14,13.2308,13.4103,13.2308,13.3890,10237856,0.010982,57.369194,0.312525,13.341130,12.410162,0.016145,0.912798
2023-11-15,13.3817,13.6402,13.3817,13.5475,20393907,0.011838,60.423202,0.299327,13.371327,12.450796,0.016151,0.914975
2023-11-16,13.5499,13.5499,13.3928,13.5021,9598035,-0.003349,59.117746,0.281957,13.402997,12.492431,0.016096,0.914474
2023-11-17,13.5815,13.5815,13.3226,13.3649,12709695,-0.010161,55.231495,0.254190,13.446746,12.530324,0.014588,0.912717
2023-11-20,13.3984,13.3984,13.3467,13.3821,10348277,0.001288,55.625679,0.230912,13.483926,12.566674,0.014458,0.911153
2023-11-21,13.4878,13.5510,13.4257,13.4289,7992366,0.003492,56.739351,0.213771,13.509613,12.603855,0.013759,0.910844
2023-11-22,13.4765,13.4765,13.2610,13.3082,11663218,-0.008987,53.037744,0.188278,13.508948,12.636145,0.012077,0.913399
2023-11-23,13.3144,13.3144,13.2310,13.2319,9504829,-0.005731,50.782869,0.160075,13.510695,12.665879,0.011956,0.910567
2023-11-24,13.2027,13.5640,13.2027,13.4684,22220517,0.017872,56.900997,0.155019,13.505620,12.701154,0.010847,0.911212
2023-11-27,13.3961,13.4489,13.3778,13.4114,9980071,-0.004229,55.123700,0.144748,13.493714,12.735721,0.010778,0.909061
2023-11-28,13.3905,13.7676,13.3905,13.7663,14138767,0.026462,62.899946,0.163362,13.494496,12.783385,0.012282,0.915077
2023-11-29,13.8081,13.8081,13.5402,13.6192,10200242,-0.010688,58.383279,0.164347,13.504389,12.828046,0.011226,0.910080
2023-11-30,13.6310,13.6310,13.3955,13.4651,11516299,-0.011314,54.009037,0.150954,13.495512,12.869033,0.010896,0.912195
2023-12-01,13.3832,13.6655,13.3832,13.5864,9656456,0.009007,56.755239,0.148415,13.488676,12.910342,0.011015,0.910743
2023-12-04,13.6554,13.9107,13.6554,13.8407,11417494,0.018720,61.894013,0.165023,13.494624,12.962767,0.011820,0.907817
2023-12-05,13.8106,14.0523,13.8106,13.9974,12443611,0.011318,64.678200,0.188651,13.505071,13.016063,0.012032,0.911795
2023-12-06,13.8639,14.3555,13.8639,14.2544,8686323,0.018364,68.717188,0.225519,13.534809,13.070574,0.012390,0.912710
2023-12-07,14.2640,14.2879,14.1099,14.2104,21138148,-0.003085,67.299243,0.248325,13.568438,13.122562,0.012182,0.912239
2023-12-08,14.2831,14.2831,14.1384,14.2154,8543673,0.000351,67.381439,0.263762,13.611662,13.174554,0.011581,0.912404
2023-12-11,14.2314,14.3311,14.2204,14.2594,11615328,0.003092,68.141565,0.276357,13.662455,13.225886,0.011275,0.912393
2023-12-12,14.2563,14.2563,14.0356,14.0553,8957295,-0.014311,61.031262,0.266796,13.695773,13.266948,0.011828,0.908835
2023-12-13,14.0354,14.0354,13.7424,13.8110,6219101,-0.017384,53.793639,0.236774,13.708949,13.305564,0.012404,0.903294
2023-12-14,13.8224,14.1553,13.8224,14.0943,9687782,0.020517,59.754453,0.233159,13.738561,13.348530,0.013089,0.905209
2023-12-15,14.0982,14.2507,14.0716,14.2035,10363889,0.007741,61.798009,0.236373,13.780488,13.396757,0.012806,0.904508
2023-12-18,14.2265,14.2265,13.9569,13.9593,12392594,-0.017187,55.061567,0.216724,13.809350,13.440854,0.013588,0.905761
2023-12-19,13.9831,13.9831,13.6313,13.6893,9104798,-0.019346,48.732603,0.177317,13.822371,13.477480,0.014409,0.909400
2023-12-20,13.7741,13.9058,13.7301,13.8571,8992665,0.012262,52.395225,0.157812,13.849820,13.510517,0.014412,0.908417
2023-12-21,13.8801,13.9778,13.6785,13.8208,11479429,-0.002620,51.537634,0.137836,13.879267,13.534904,0.014340,0.909484
2023-12-22,13.8265,13.8893,13.7182,13.7454,21002575,-0.005458,49.716675,0.114597,13.893118,13.553738,0.013948,0.909844
2023-12-25,13.7644,13.9181,13.7644,13.8350,12026896,0.006517,51.890635,0.102230,13.914296,13.575980,0.013938,0.906551
2023-12-26,13.8658,13.8658,13.5576,13.6255,9027795,-0.015141,46.795938,0.074665,13.907255,13.587587,0.013121,0.904401
2023-12-27,13.6779,13.8350,13.6779,13.7384,12238659,0.008287,49.664756,0.061226,13.913217,13.603485,0.013026,0.898966
2023-12-28,13.7550,13.8698,13.6786,13.7708,7123983,0.002354,50.488102,0.052578,13.928500,13.621527,0.012727,0.897394
2023-12-29,13.7709,13.9062,13.6498,13.8585,5412725,0.006372,52.746892,0.052203,13.942106,13.648898,0.012656,0.890790
2024-01-01,13.8583,13.9222,13.8061,13.9127,15561022,0.003913,54.139309,0.055640,13.945707,13.674383,0.011984,0.890441
2024-01-02,13.7957,14.2978,13.7957,14.1348,12642574,0.015964,59.414450,0.075416,13.952580,13.698777,0.012250,0.894935
2024-01-03,14.1257,14.1471,14.0427,14.1038,12879989,-0.002199,58.401951,0.087571,13.945047,13.714423,0.011519,0.894834
2024-01-04,14.1482,14.1624,13.8969,14.0601,10132647,-0.003092,56.935856,0.092617,13.937532,13.731686,0.011519,0.883644
2024-01-05,13.9668,14.1851,13.9668,14.1550,10805382,0.006745,59.326813,0.103080,13.934509,13.743388,0.011631,0.888007
2024-01-08,14.1691,14.3104,14.1691,14.2853,8413048,0.009205,62.414296,0.120497,13.935803,13.756102,0.011800,0.887779
2024-01-09,14.1880,14.4631,14.1880,14.4410,6182852,0.010905,65.760846,0.145196,13.955089,13.769909,0.011516,0.880006
2024-01-10,14.4427,14.4853,14.4191,14.4539,13609221,0.000890,66.029568,0.163917,13.987234,13.790561,0.010637,0.878755
2024-01-11,14.4815,14.9224,14.4815,14.7949,20834844,0.023594,72.252920,0.203921,14.022262,13.813606,0.010932,0.883510
2024-01-12,14.7757,14.7757,14.5958,14.6056,12897446,-0.012794,65.121716,0.217840,14.042371,13.831256,0.011368,0.878940
2024-01-15,14.6641,14.7061,14.4408,14.5809,10007782,-0.001691,64.230688,0.224292,14.073450,13.848440,0.010528,0.878698
2024-01-16,14.5302,14.7615,14.5302,14.7462,15917343,0.011332,67.439642,0.239971,14.126293,13.867595,0.009392,0.874531
2024-01-17,14.7492,14.8736,14.7492,14.8595,9604542,0.007683,69.462494,0.258559,14.176409,13.891590,0.009228,0.862041
2024-01-18,14.8615,14.8615,14.6644,14.7855,6979578,-0.004978,66.555145,0.264274,14.224641,13.916543,0.009325,0.862440
2024-01-19,14.7998,15.1263,14.7998,14.9679,15346580,0.012340,69.901652,0.280296,14.285768,13.948883,0.009283,0.856655
2024-01-22,15.0509,15.0509,14.8542,14.8900,8810848,-0.005209,66.824626,0.283434,14.338517,13.981811,0.009504,0.858031
2024-01-23,14.8104,14.8104,14.4905,14.6221,6877319,-0.017989,57.465687,0.261296,14.388347,14.006474,0.009817,0.864305
2024-01-24,14.6111,14.6390,14.5256,14.5983,10775132,-0.001626,56.706296,0.239076,14.431342,14.027492,0.009817,0.855412
2024-01-25,14.5717,14.5732,14.4271,14.5119,8396296,-0.005920,53.918072,0.212049,14.468400,14.047688,0.010022,0.849503
2024-01-26,14.5503,14.5712,14.3920,14.4076,8389849,-0.007187,50.679452,0.180138,14.495855,14.068542,0.010215,0.843286
2024-01-29,14.4497,14.4497,14.2691,14.3743,11646921,-0.002315,49.652128,0.150422,14.518932,14.088385,0.010249,0.842086
2024-01-30,14.4033,14.4313,14.3522,14.3962,7631993,0.001528,50.365441,0.127178,14.532001,14.107732,0.009683,0.840882
2024-01-31,14.3687,14.5691,14.3687,14.4682,7251008,0.005002,52.730418,0.113262,14.550225,14.130934,0.009693,0.839132
2024-02-01,14.4289,14.9146,14.4289,14.6236,10980073,0.010741,57.442963,0.113466,14.578400,14.158768,0.009854,0.838328
2024-02-02,14.6578,14.6578,14.1512,14.2427,8626405,-0.026051,45.474616,0.081943,14.582786,14.174254,0.011599,0.853014
2024-02-05,14.2016,14.2016,14.0728,14.1071,11410609,-0.009519,42.111766,0.045496,14.573878,14.188168,0.011604,0.860261
2024-02-06,14.1539,14.5471,14.1539,14.4511,8179667,0.024384,51.842100,0.043862,14.574380,14.201863,0.012650,0.867779
2024-02-07,14.4783,14.4783,14.2209,14.3045,6848458,-0.010143,48.129537,0.030389,14.566911,14.215569,0.012853,0.868128
2024-02-08,14.3856,14.3856,14.1860,14.3033,9488291,-0.000087,48.097967,0.019388,14.542328,14.232332,0.011547,0.865259
2024-02-09,14.3802,14.3802,13.9580,14.1108,12112458,-0.013455,43.371784,-0.004804,14.517587,14.242821,0.011581,0.877676
2024-02-12,14.0423,14.3530,14.0423,14.2069,11651385,0.006811,46.214258,-0.016037,14.498887,14.250145,0.011735,0.877063
2024-02-13,14.2707,14.2707,14.0656,14.1364,6043049,-0.004966,44.450317,-0.030283,14.468397,14.252925,0.011377,0.877447
2024-02-14,14.0892,14.2262,14.0145,14.1774,13602104,0.002900,45.746036,-0.037829,14.434293,14.251384,0.011211,0.875595
2024-02-15,14.1446,14.2180,14.0480,14.1422,9890760,-0.002477,44.782347,-0.046111,14.402131,14.250020,0.011193,0.874347
2024-02-16,14.1145,14.2057,14.1137,14.2049,11666355,0.004430,46.930145,-0.047077,14.363978,14.249809,0.010786,0.867197
2024-02-19,14.1738,14.1738,13.8812,13.9719,8389915,-0.016401,40.604867,-0.065882,14.318076,14.244060,0.011213,0.870564
2024-02-20,13.9206,14.0295,13.9206,14.0098,8693272,0.002713,41.975158,-0.076841,14.287461,14.243150,0.010712,0.859954
2024-02-21,14.0373,14.0373,13.7599,13.8697,11303057,-0.010004,38.443451,-0.095732,14.251027,14.244323,0.010856,0.869683
2024-02-22,13.9059,14.0565,13.9059,13.9783,9408890,0.007832,42.482751,-0.100776,14.224346,14.242002,0.011061,0.867935
2024-02-23,14.0683,14.4925,14.0683,14.4683,16719733,0.035057,56.386344,-0.064488,14.227382,14.247300,0.013700,0.884843
2024-02-26,14.4276,14.8739,14.4276,14.7386,17255973,0.018680,61.862073,-0.013763,14.245599,14.262885,0.014281,0.892222
2024-02-27,14.6618,14.8063,14.6618,14.8027,8499371,0.004347,63.046538,0.031248,14.265922,14.285152,0.014297,0.890449
2024-02-28,14.7332,15.0430,14.7332,14.8713,8889644,0.004637,64.324700,0.071631,14.286075,14.305436,0.014292,0.886455
2024-02-29,14.8450,14.8450,14.3972,14.5680,8348305,-0.020393,55.233429,0.078261,14.283295,14.320380,0.014912,0.893011
2024-03-01,14.5522,14.5522,14.3090,14.3830,13747772,-0.012699,50.541003,0.067807,14.290312,14.333132,0.013956,0.895265
2024-03-04,14.4014,14.6084,14.4014,14.6055,12910843,0.015467,55.443146,0.076589,14.315232,14.348542,0.014122,0.899036
2024-03-05,14.6091,14.6091,14.3426,14.3865,7604094,-0.014997,50.170464,0.065124,14.312001,14.363761,0.013546,0.896266
2024-03-06,14.4039,14.5567,14.2252,14.2869,11848867,-0.006918,47.939427,0.047459,14.311122,14.374731,0.013439,0.907348
2024-03-07,14.3062,14.3062,14.1219,14.1650,7554136,-0.008538,45.281762,0.023348,14.304207,14.382615,0.013575,0.902305
2024-03-08,14.2376,14.2376,14.0020,14.0587,10693576,-0.007500,43.043500,-0.004283,14.301601,14.386619,0.013337,0.903182
2024-03-11,14.0536,14.0536,13.8110,13.8861,10476761,-0.012275,39.618040,-0.039649,14.285562,14.386087,0.013498,0.902364
2024-03-12,13.8197,14.0261,13.8197,14.0055,11185390,0.008596,42.997271,-0.057384,14.279019,14.383500,0.013631,0.894403
2024-03-13,14.0306,14.0306,13.7988,13.8516,6102693,-0.010989,39.896801,-0.082902,14.262731,14.378457,0.013808,0.896038
2024-03-14,13.7275,13.7275,13.5449,13.5530,8865000,-0.021558,34.672901,-0.125772,14.233268,14.368314,0.014549,0.888518
2024-03-15,13.5058,13.5058,13.4070,13.4346,6712783,-0.008735,32.837222,-0.167370,14.194753,14.353907,0.014540,0.889121
2024-03-18,13.4471,13.5441,13.2310,13.3703,10086950,-0.004783,31.851505,-0.203179,14.164674,14.335608,0.014191,0.886657
2024-03-19,13.4594,13.4594,13.2188,13.2437,8918231,-0.009471,29.943985,-0.239021,14.126369,14.311662,0.014235,0.881262
2024-03-20,13.2720,13.3656,13.2720,13.3214,8284989,0.005866,32.610415,-0.258181,14.098955,14.289012,0.014249,0.880264
2024-03-21,13.2117,13.6667,13.2117,13.4619,12980132,0.010550,37.262807,-0.259038,14.073137,14.262352,0.014360,0.883647
2024-03-22,13.4809,13.4994,13.3904,13.4774,15352803,0.001146,37.770568,-0.255528,14.023589,14.239787,0.011497,0.888167
2024-03-25,13.5294,13.5294,13.2922,13.3694,13630908,-0.008008,35.599442,-0.258475,13.955131,14.215557,0.010274,0.887361
2024-03-26,13.3010,13.4213,13.3010,13.3732,7325599,0.000279,35.736965,-0.257541,13.883655,14.188097,0.010122,0.881377
2024-03-27,13.3865,13.4448,13.1806,13.3380,9696236,-0.002627,34.979543,-0.256677,13.806992,14.157669,0.009885,0.876065
2024-03-28,13.3339,13.4451,13.3339,13.4081,11229704,0.005255,37.811504,-0.247483,13.748997,14.130122,0.009491,0.885074
2024-03-29,13.4295,13.4295,13.3103,13.3382,10300069,-0.005213,36.121966,-0.243035,13.696757,14.097528,0.009279,0.881710
2024-04-01,13.3820,13.3820,13.2410,13.2632,14506182,-0.005624,34.348035,-0.242765,13.629643,14.064993,0.008108,0.880156
2024-04-02,13.2320,13.3307,13.1024,13.2909,7042256,0.002089,35.605668,-0.237577,13.574866,14.038369,0.007871,0.872348
2024-04-03,13.3236,13.5094,13.3095,13.3652,10043600,0.005589,38.981044,-0.224879,13.528780,14.013706,0.008114,0.873001
2024-04-04,13.3849,13.4345,13.2064,13.4147,16463485,0.003701,41.191796,-0.208422,13.491266,13.991761,0.008159,0.862165
2024-04-05,13.4651,13.4651,13.2432,13.2993,10079602,-0.008598,37.756858,-0.202354,13.453297,13.969596,0.008197,0.846691
2024-04-08,13.2776,13.5647,13.2776,13.4467,13940193,0.011080,44.163302,-0.183539,13.431324,13.951044,0.008427,0.845406
2024-04-09,13.4479,13.4479,13.2923,13.3726,17176790,-0.005508,41.832813,-0.172614,13.399680,13.930572,0.008116,0.848993
2024-04-10,13.2642,13.5627,13.2642,13.5577,7903719,0.013841,49.066797,-0.147322,13.384986,13.912362,0.008598,0.849919
2024-04-11,13.5983,13.7454,13.5983,13.6737,6970913,0.008556,53.010804,-0.116574,13.391023,13.893363,0.007363,0.851642
2024-04-12,13.6782,13.9175,13.6782,13.7936,12228581,0.008768,56.739375,-0.081592,13.408974,13.884382,0.007251,0.856363
2024-04-15,13.8481,13.8481,13.7075,13.7181,7860820,-0.005476,53.840482,-0.059280,13.426361,13.876601,0.007283,0.855836
2024-04-16,13.7077,13.9222,13.7077,13.9188,11792426,0.014632,59.728175,-0.025112,13.460114,13.865955,0.007399,0.855118
2024-04-17,13.8811,13.9270,13.8724,13.9008,8850659,-0.001291,59.002565,0.000511,13.489085,13.857881,0.007401,0.854343
2024-04-18,13.9412,14.2677,13.9412,14.2135,10458904,0.022494,66.604876,0.045523,13.526663,13.856086,0.008513,0.847921
2024-04-19,14.1309,14.3280,14.1309,14.2910,13154809,0.005452,68.179788,0.086452,13.567345,13.859690,0.008524,0.857151
2024-04-22,14.3175,14.3175,13.9725,14.1810,11140157,-0.007700,63.593797,0.108756,13.607921,13.859171,0.008504,0.851447
2024-04-23,14.1796,14.1796,14.0119,14.0427,13726331,-0.009753,58.287033,0.113958,13.641395,13.857296,0.008955,0.854030
2024-04-24,14.0734,14.2306,14.0734,14.1525,9922832,0.007825,61.066826,0.125501,13.682120,13.856800,0.008946,0.854804
2024-04-25,14.1066,14.7092,14.1066,14.5766,6198397,0.029962,69.510796,0.166940,13.740542,13.865486,0.010789,0.869979
2024-04-26,14.4986,14.6003,14.4094,14.5065,11964961,-0.004809,66.926671,0.191913,13.798954,13.871518,0.010771,0.860269
2024-04-29,14.5599,14.5599,14.4028,14.4273,5983628,-0.005460,64.030144,0.202973,13.857157,13.880625,0.010763,0.858805
2024-04-30,14.4174,14.5201,14.1342,14.4421,9459593,0.001025,64.340500,0.210505,13.914713,13.889270,0.010777,0.844562
2024-05-01,14.4740,14.4740,14.2524,14.2705,14891321,-0.011879,58.080427,0.200322,13.959978,13.897287,0.011353,0.842666
2024-05-02,14.2552,14.6540,14.2552,14.5846,10748434,0.022011,64.827751,0.215117,14.018475,13.909413,0.012097,0.853715
2024-05-03,14.6448,14.6448,14.3471,14.4776,6755354,-0.007337,61.212975,0.215721,14.077388,13.909598,0.012029,0.853339
2024-05-06,14.4611,14.4611,14.3728,14.4128,13304465,-0.004478,59.064026,0.208564,14.125692,13.903081,0.012072,0.855778
2024-05-07,14.3424,14.3424,13.9326,14.0291,11355896,-0.026621,48.265349,0.169972,14.158514,13.887609,0.013717,0.863706
2024-05-08,14.0832,14.0832,13.5195,13.6959,12253629,-0.023750,41.217764,0.111220,14.165422,13.864101,0.014625,0.859695
2024-05-09,13.7790,13.7790,13.3429,13.3620,11801949,-0.024379,35.606825,0.037285,14.149835,13.839980,0.015510,0.868158
2024-05-10,13.4679,13.5521,13.3140,13.4184,9920055,0.004223,37.163689,-0.016564,14.131075,13.820687,0.015392,0.874376
2024-05-13,13.4703,13.8913,13.4703,13.7720,12919180,0.026349,45.976674,-0.030360,14.133770,13.804017,0.016536,0.879318
2024-05-14,13.7477,13.9686,13.7399,13.8273,12445295,0.004018,47.224327,-0.036409,14.129196,13.792833,0.016220,0.874798
2024-05-15,13.7873,13.7873,13.4604,13.4618,16155953,-0.026436,40.560807,-0.069892,14.107244,13.776330,0.017250,0.881143
2024-05-16,13.4220,13.8369,13.4220,13.7894,11977074,0.024340,47.686702,-0.069191,14.086041,13.768820,0.017390,0.877111
2024-05-17,13.7136,13.8188,13.6187,13.8097,9032841,0.001472,48.101693,-0.066234,14.061978,13.763841,0.017330,0.855116
2024-05-20,13.8239,14.0198,13.8239,13.9915,10619797,0.013159,51.789843,-0.048665,14.052504,13.765947,0.017568,0.853027
2024-05-21,14.0601,14.0891,13.9309,14.0813,6935276,0.006418,53.546615,-0.027182,14.054434,13.767462,0.017493,0.847648
2024-05-22,14.0170,14.1638,13.9388,14.0494,14568473,-0.002265,52.810450,-0.012586,14.049276,13.771418,0.017409,0.847700
2024-05-23,14.0142,14.0699,13.9860,13.9970,9697959,-0.003724,51.558415,-0.005180,14.020300,13.780299,0.015899,0.841239
2024-05-24,13.9824,14.1015,13.9824,14.0389,7895559,0.002990,52.528087,0.004020,13.996921,13.792385,0.015920,0.837683
2024-05-27,14.0359,14.0359,13.8161,13.9916,14166092,-0.003369,51.279079,0.007410,13.975138,13.804811,0.015900,0.833015
2024-05-28,13.9508,14.0213,13.7961,13.9038,16562039,-0.006274,48.952245,0.002978,13.948226,13.818013,0.015925,0.831295
2024-05-29,13.8363,14.0714,13.7559,13.8700,11863637,-0.002433,48.047397,-0.003227,13.928201,13.828985,0.015748,0.830674
2024-05-30,13.8776,13.8962,13.7626,13.8274,8002480,-0.003068,46.873868,-0.011447,13.890343,13.836295,0.014762,0.822747
2024-05-31,13.8379,13.9350,13.7709,13.8030,18303247,-0.001768,46.176145,-0.019706,13.856612,13.842808,0.014719,0.820954
2024-06-03,13.8176,13.8176,13.3624,13.4077,9863062,-0.028637,36.670402,-0.057484,13.806360,13.843573,0.015856,0.830766
2024-06-04,13.4477,13.5343,13.3540,13.4085,8810676,0.000058,36.698205,-0.086365,13.775332,13.844280,0.014901,0.833289
2024-06-05,13.3964,13.6917,13.3964,13.5755,12300836,0.012458,42.497178,-0.094683,13.769315,13.849030,0.014328,0.833003
2024-06-06,13.5112,13.6160,13.4903,13.5520,10071771,-0.001736,41.913881,-0.102001,13.778815,13.851907,0.013177,0.832761
2024-06-07,13.5285,13.6458,13.4748,13.5966,11239836,0.003295,43.496669,-0.103009,13.787726,13.857075,0.013166,0.830872
2024-06-10,13.5663,13.6376,13.3923,13.5427,12980156,-0.003969,42.006832,-0.106931,13.776260,13.862663,0.011729,0.837027
2024-06-11,13.6085,13.9681,13.6057,13.7426,17283645,0.014764,48.978953,-0.092835,13.772025,13.871697,0.012197,0.841498
2024-06-12,13.6832,13.9917,13.6832,13.8661,11842418,0.008988,52.757821,-0.070880,13.792242,13.881715,0.010669,0.846898
2024-06-13,13.8007,14.0462,13.8007,13.9544,14774658,0.006363,55.304303,-0.045832,13.800488,13.892509,0.009318,0.846731
2024-06-14,14.0399,14.2775,13.9409,14.1043,12234396,0.010745,59.317339,-0.013725,13.815215,13.908608,0.009589,0.849283
2024-06-17,14.1614,14.4075,14.1614,14.2551,8570286,0.010692,62.923301,0.023617,13.828397,13.924776,0.009440,0.850165
2024-06-18,14.2312,14.2576,14.0597,14.1466,10048149,-0.007611,58.880075,0.043950,13.831664,13.940256,0.009535,0.852520
2024-06-19,14.1131,14.1131,13.8026,13.8902,10156860,-0.018128,50.602700,0.038921,13.823704,13.946905,0.010380,0.863926
2024-06-20,13.9443,14.1052,13.9443,14.0158,11791256,0.009047,54.014106,0.044563,13.824642,13.953747,0.010563,0.866698
2024-06-21,14.1121,14.2997,13.9929,14.1455,14073328,0.009254,57.292527,0.058821,13.829973,13.960785,0.010744,0.868470
2024-06-24,14.1374,14.3256,14.1374,14.2982,4873208,0.010797,60.833233,0.081505,13.845305,13.972389,0.010946,0.869870
2024-06-25,14.2964,14.2964,14.0459,14.0819,10122879,-0.015134,54.001625,0.081087,13.854206,13.975650,0.011430,0.882346
2024-06-26,14.1817,14.1817,14.0086,14.0820,7441830,0.000008,54.004437,0.079843,13.864805,13.979273,0.011408,0.875169
2024-06-27,13.9986,14.3260,13.9986,14.2332,10632725,0.010741,57.842073,0.090025,13.885094,13.979667,0.011577,0.874511
2024-06-28,14.2549,14.4227,14.2549,14.3956,7658757,0.011412,61.551854,0.109933,13.914726,13.981760,0.011754,0.876690
2024-07-01,14.3691,14.3691,14.0920,14.1126,7758348,-0.019662,52.827499,0.101698,13.949969,13.980392,0.010634,0.883997
2024-07-02,14.0996,14.3118,14.0975,14.2167,8008760,0.007380,55.335989,0.102395,13.990381,13.983874,0.010667,0.885538
2024-07-03,14.2475,14.2475,13.8618,13.9269,10272431,-0.020384,47.730111,0.078657,14.007951,13.979362,0.011618,0.890373
2024-07-04,13.9623,13.9623,13.8500,13.8676,8139275,-0.004263,46.325402,0.054426,14.023730,13.965182,0.011667,0.887918
2024-07-05,13.8316,14.1994,13.8316,14.0512,7038466,0.013241,51.117486,0.049470,14.046458,13.956076,0.011968,0.888811
2024-07-08,13.9908,14.5047,13.9908,14.4391,7097128,0.027605,59.369688,0.075966,14.091279,13.956312,0.013198,0.895308
2024-07-09,14.4088,14.4088,14.1905,14.2583,9927754,-0.012519,54.732508,0.081439,14.117065,13.952638,0.013359,0.895279
2024-07-10,14.2085,14.2227,14.1284,14.1482,13391433,-0.007720,52.065685,0.076018,14.131171,13.950192,0.013417,0.895955
2024-07-11,14.1579,14.1579,14.0029,14.0269,14193204,-0.008574,49.219526,0.061228,14.134800,13.939039,0.013523,0.898567
2024-07-12,14.1069,14.3773,14.1069,14.3545,10782691,0.023353,56.184857,0.075073,14.147311,13.936577,0.014305,0.903335
2024-07-15,14.3046,14.3563,14.1243,14.2184,16712260,-0.009482,52.935554,0.074206,14.145475,13.932690,0.014295,0.908390
2024-07-16,14.2397,14.4472,14.2397,14.2429,14436613,0.001724,53.457552,0.074637,14.150290,13.936966,0.014186,0.905202
2024-07-17,14.2103,14.5121,14.2103,14.4860,8159532,0.017071,58.387801,0.093520,14.180084,13.952770,0.013943,0.907040
2024-07-18,14.4761,14.5548,14.4075,14.4486,7421213,-0.002582,57.380939,0.104265,14.201725,13.974503,0.013885,0.899854
2024-07-19,14.4246,14.7075,14.4246,14.6168,11455873,0.011641,60.666157,0.124913,14.225291,13.998471,0.013964,0.900589
2024-07-22,14.6055,14.6055,14.3388,14.3607,9881523,-0.017524,53.857652,0.119234,14.228413,14.010246,0.014425,0.905489
2024-07-23,14.3963,14.3963,14.1812,14.2776,13474375,-0.005788,51.824974,0.106795,14.238200,14.019251,0.014044,0.906638
2024-07-24,14.2215,14.2215,13.7963,13.9436,12896573,-0.023393,44.549536,0.069189,14.231281,14.028887,0.015051,0.911213
2024-07-25,13.8593,13.9552,13.8476,13.9177,8848066,-0.001860,44.032641,0.036868,14.215503,14.031452,0.014823,0.902234
2024-07-26,13.8436,14.1419,13.8436,14.0641,11729078,0.010526,47.722618,0.022811,14.198928,14.036540,0.014785,0.902941
2024-07-29,14.0991,14.2413,13.9921,14.0515,19637823,-0.000896,47.432986,0.010534,14.195876,14.037741,0.014123,0.902775
2024-07-30,13.9775,14.0901,13.9644,14.0005,15663853,-0.003634,46.208977,-0.003279,14.185064,14.036126,0.014030,0.900089
2024-07-31,13.9292,13.9292,13.8465,13.8612,9741760,-0.009946,42.953444,-0.025172,14.181779,14.032363,0.013439,0.908751
2024-08-01,13.9048,13.9561,13.7237,13.8449,7321454,-0.001182,42.573404,-0.043344,14.180644,14.029319,0.013407,0.904585
2024-08-02,13.8113,14.0289,13.8113,13.9579,15792125,0.008166,46.116365,-0.048069,14.175980,14.027700,0.013190,0.905104
2024-08-05,13.9178,14.1099,13.9178,14.0764,13069458,0.008487,49.623559,-0.041773,14.157845,14.029395,0.011670,0.900678
2024-08-06,14.0180,14.0180,13.7032,13.7414,10340092,-0.023795,41.415772,-0.063083,14.132001,14.026147,0.012489,0.908573
2024-08-07,13.8299,13.8299,13.3702,13.5658,11982874,-0.012780,37.878114,-0.093069,14.102879,14.020064,0.012666,0.906287
2024-08-08,13.5442,13.6237,13.5136,13.5941,10335299,0.002086,38.785258,-0.113246,14.081238,14.015397,0.012600,0.911039
2024-08-09,13.5622,13.5869,13.4580,13.5430,13625201,-0.003756,37.714797,-0.131836,14.040665,14.010198,0.011163,0.915432
2024-08-12,13.4848,13.7369,13.4848,13.6567,10366293,0.008395,41.580777,-0.135830,14.012582,14.015178,0.011318,0.913921
2024-08-13,13.7127,13.7573,13.5484,13.6403,9564419,-0.001201,41.183541,-0.138719,13.982454,14.019815,0.011287,0.917206
2024-08-14,13.5701,13.6984,13.5701,13.6940,7553042,0.003935,43.098911,-0.135121,13.942852,14.022184,0.010465,0.915467
2024-08-15,13.6773,13.7105,13.6756,13.7025,11937363,0.000619,43.412200,-0.130085,13.905544,14.025194,0.010492,0.913414
2024-08-16,13.6620,13.7524,13.5658,13.5817,11480330,-0.008812,40.029924,-0.134290,13.853788,14.024896,0.010018,0.913633
2024-08-19,13.5002,13.8737,13.5002,13.8329,10765905,0.018490,48.940016,-0.116021,13.827396,14.030700,0.010606,0.916092
2024-08-20,13.8186,13.8186,13.6929,13.7158,7736863,-0.008466,45.541945,-0.109727,13.799305,14.030163,0.010676,0.916493
2024-08-21,13.7163,13.7596,13.6319,13.7212,8154817,0.000396,45.730273,-0.103113,13.788185,14.027265,0.009411,0.916504
2024-08-22,13.8140,13.9136,13.7511,13.8092,8037792,0.006414,48.816765,-0.089735,13.782762,14.024361,0.009541,0.923290
2024-08-23,13.8402,14.2309,13.8402,14.1178,6677316,0.022345,57.865571,-0.053616,13.785442,14.024631,0.010562,0.930184
2024-08-26,14.1445,14.2765,14.0917,14.2211,8931900,0.007321,60.391415,-0.016462,13.793920,14.023951,0.010674,0.922238
2024-08-27,14.1495,14.3309,14.1495,14.2832,8972602,0.004365,61.870057,0.017787,13.808055,14.026682,0.010655,0.919381
2024-08-28,14.2671,14.4788,14.2671,14.4073,8582572,0.008687,64.706089,0.054316,13.835357,14.037025,0.010455,0.916596
2024-08-29,14.4212,14.5177,14.3364,14.4108,16532264,0.000247,64.786995,0.082601,13.863656,14.044925,0.010437,0.918995
2024-08-30,14.3280,14.4824,14.2634,14.3380,13406064,-0.005053,61.672187,0.098011,13.882661,14.048775,0.010449,0.919678
2024-09-02,14.4556,14.4556,14.1991,14.2570,9366775,-0.005650,58.313531,0.102506,13.891692,14.047950,0.010422,0.920494
2024-09-03,14.2091,14.3092,14.1575,14.2378,6323368,-0.001350,57.512161,0.103324,13.916509,14.051068,0.008715,0.918507
2024-09-04,14.1748,14.6276,14.1748,14.4457,12523478,0.014606,63.370099,0.119376,13.960504,14.058343,0.008449,0.919295
2024-09-05,14.4141,14.6051,14.4141,14.5852,9719806,0.009653,66.686917,0.141717,14.010058,14.065383,0.008566,0.917514
2024-09-06,14.6327,14.6720,14.6327,14.6693,10145263,0.005765,68.536834,0.164313,14.066368,14.070855,0.008402,0.916584
2024-09-09,14.7135,14.7135,14.2419,14.4737,12359628,-0.013332,60.167833,0.164544,14.107216,14.078077,0.009177,0.917351
2024-09-10,14.4845,14.4845,14.2558,14.3107,15273810,-0.011259,54.226055,0.149850,14.140737,14.079957,0.009678,0.918929
2024-09-11,14.3605,14.6952,14.3605,14.6882,11290400,0.026379,63.274181,0.166744,14.190449,14.095184,0.011062,0.923146
2024-09-12,14.7452,14.7740,14.6695,14.7073,18978275,0.001300,63.665449,0.179603,14.240691,14.111979,0.011054,0.922823
2024-09-13,14.6869,14.6869,14.5318,14.5626,4910270,-0.009841,58.572100,0.176085,14.289735,14.122207,0.011117,0.923011
2024-09-16,14.5884,14.8962,14.5884,14.8353,9933497,0.018728,64.358456,0.193079,14.339858,14.130132,0.011134,0.925565
2024-09-17,14.8311,14.8599,14.7079,14.8144,14487832,-0.001414,63.622536,0.202519,14.394789,14.141253,0.010840,0.923240
2024-09-18,14.7476,15.0491,14.7476,14.9733,7141660,0.010730,66.727807,0.220288,14.457395,14.157754,0.010910,0.928681
2024-09-19,14.9968,14.9968,14.7954,14.8404,13996221,-0.008880,61.963108,0.221092,14.508953,14.174022,0.011293,0.925392
2024-09-20,14.8571,14.9470,14.8571,14.9449,13519928,0.007047,64.132694,0.227546,14.550312,14.185831,0.010448,0.926758
2024-09-23,15.0468,15.0468,14.9147,14.9358,8959714,-0.000611,63.790805,0.229281,14.586047,14.200180,0.010422,0.922829
2024-09-24,14.8511,14.8511,14.6149,14.7689,5828167,-0.011176,57.728150,0.214712,14.610332,14.210699,0.010847,0.923348
2024-09-25,14.6819,14.8957,14.6819,14.8077,11767569,0.002626,58.709944,0.203943,14.630352,14.217132,0.010726,0.918265
2024-09-26,14.8899,15.0814,14.7721,14.9237,7329864,0.007836,61.584925,0.202439,14.655995,14.226633,0.010816,0.919624
2024-09-27,14.9370,15.3672,14.9370,15.3357,11995726,0.027604,69.661440,0.231817,14.705878,14.241009,0.012113,0.924426
2024-09-30,15.1582,15.5185,15.1582,15.4881,18886729,0.009938,72.006281,0.264349,14.767430,14.263557,0.011999,0.915633
2024-10-01,15.4927,15.4927,15.1300,15.1771,9976146,-0.020076,61.553503,0.262020,14.814398,14.281548,0.013133,0.916898
2024-10-02,15.1651,15.3934,15.1651,15.3145,7305513,0.009052,64.037448,0.268169,14.857838,14.308966,0.012938,0.913506
2024-10-03,15.3485,15.9007,15.3485,15.8889,12015170,0.037503,72.141170,0.315747,14.923021,14.348390,0.015022,0.930823
2024-10-04,15.8338,16.1947,15.8338,16.0822,7952043,0.012169,74.245151,0.364849,14.993668,14.388751,0.015121,0.927985
2024-10-07,16.2019,16.2019,15.5530,15.8953,12842817,-0.011624,68.832261,0.384248,15.064746,14.425625,0.015018,0.929322
2024-10-08,15.9579,16.1649,15.9579,15.9888,11355183,0.005887,70.010904,0.402533,15.148651,14.465392,0.014535,0.930833
2024-10-09,15.9738,15.9738,15.7015,15.8359,13305022,-0.009568,65.640811,0.400068,15.206032,14.504885,0.014052,0.929933
2024-10-10,15.6655,15.6655,15.5481,15.5888,9378321,-0.015601,59.212923,0.373870,15.250105,14.539764,0.014707,0.931985
2024-10-11,15.5168,15.5168,15.3803,15.4527,8041492,-0.008731,55.961726,0.338227,15.294611,14.569659,0.014658,0.929720
2024-10-14,15.2798,15.5525,15.1881,15.4833,13217244,0.001977,56.538534,0.308884,15.327007,14.597797,0.014188,0.927007
2024-10-15,15.4322,15.4322,15.0205,15.1428,7706727,-0.021989,48.857440,0.255215,15.343428,14.625824,0.015178,0.932499
2024-10-16,15.1368,15.1368,14.7380,14.8428,9235335,-0.019810,43.278535,0.186328,15.336903,14.651364,0.015696,0.929345
2024-10-17,14.9281,15.1878,14.9225,14.9372,6546776,0.006361,45.392097,0.137765,15.341747,14.678226,0.015629,0.932896
2024-10-18,14.9024,14.9166,14.7566,14.8902,8158683,-0.003146,44.503335,0.094398,15.339012,14.705170,0.015568,0.932398
2024-10-21,14.8835,15.0040,14.8835,14.9910,16550496,0.006770,46.905299,0.067388,15.341773,14.731856,0.015642,0.932798
2024-10-22,14.8955,15.0120,14.8654,14.9335,14819609,-0.003841,45.689027,0.040866,15.350003,14.757719,0.015443,0.928436
2024-10-23,14.9512,15.1066,14.9512,15.0403,7793280,0.007155,48.364902,0.028144,15.361636,14.784645,0.015507,0.927722
2024-10-24,15.0039,15.0039,14.8542,14.9532,13687142,-0.005796,46.358259,0.010902,15.363108,14.809659,0.015485,0.925960
2024-10-25,15.0417,15.4385,15.0417,15.2665,20046467,0.020958,53.782757,0.022269,15.359653,14.843355,0.014928,0.929258
2024-10-28,15.4459,15.4459,14.9858,15.0767,9608342,-0.012435,49.328845,0.015778,15.339085,14.868232,0.014972,0.930103
2024-10-29,15.0960,15.0960,14.8509,14.9585,10126022,-0.007843,46.732782,0.001080,15.328152,14.893086,0.014401,0.926037
2024-10-30,14.8610,15.1813,14.8610,15.1326,14793435,0.011644,50.837024,0.003446,15.319058,14.921316,0.014504,0.925320
2024-10-31,15.1156,15.6185,15.1156,15.6077,8855369,0.031390,59.909332,0.043153,15.304998,14.957285,0.013704,0.927087
2024-11-01,15.8161,15.8161,15.6039,15.7193,13506388,0.007150,61.697691,0.082674,15.286851,14.989315,0.013498,0.928239
2024-11-04,15.6043,15.9298,15.6043,15.8025,9714183,0.005297,63.022894,0.119337,15.282214,15.020943,0.013330,0.927388
2024-11-05,15.8815,15.9305,15.8815,15.9074,17923614,0.006640,64.681345,0.155072,15.278145,15.053428,0.013349,0.929010
2024-11-06,15.8218,15.8277,15.5795,15.6013,11010506,-0.019246,56.691529,0.156879,15.266416,15.077308,0.013873,0.929010
2024-11-07,15.6233,15.6233,15.3933,15.5199,5632670,-0.005214,54.756207,0.150019,15.262973,15.099490,0.013473,0.930461
2024-11-08,15.4484,15.4484,15.1034,15.1624,7671668,-0.023038,47.138703,0.114411,15.248457,15.115978,0.014307,0.931401
2024-11-11,15.0612,15.0612,14.8341,14.8815,8434730,-0.018525,42.175102,0.062803,15.218369,15.128468,0.014819,0.931194
2024-11-12,14.9241,15.0355,14.8883,15.0219,12469347,0.009434,45.276668,0.032853,15.212325,15.144150,0.014228,0.930753
2024-11-13,14.8930,15.0412,14.8930,14.9883,6295600,-0.002236,44.659384,0.006334,15.219599,15.155002,0.013483,0.926633
2024-11-14,14.9860,15.1740,14.9860,15.1102,7905663,0.008136,47.459768,-0.004788,15.228251,15.165503,0.013529,0.926756
2024-11-15,15.0729,15.0729,14.8041,14.8916,14487106,-0.014473,43.234588,-0.030892,15.228317,15.169949,0.013928,0.925356
2024-11-18,14.8766,15.2356,14.8766,15.1208,13064874,0.015393,48.418200,-0.032706,15.234804,15.182891,0.014275,0.925747
2024-11-19,15.1079,15.1079,14.8736,14.9611,6469799,-0.010563,45.313248,-0.046496,15.236183,15.195897,0.014461,0.928909
2024-11-20,14.9684,15.3019,14.9684,15.2398,9637929,0.018629,51.194898,-0.034537,15.246156,15.206928,0.014971,0.934454
2024-11-21,15.2211,15.3103,15.0917,15.2216,9848684,-0.001192,50.811418,-0.026222,15.259579,15.217214,0.014900,0.931795
2024-11-22,15.2280,15.5817,15.2280,15.5630,15389444,0.022427,57.288080,0.007824,15.274402,15.237222,0.015006,0.934412
2024-11-25,15.6384,15.6384,15.1847,15.2554,10626313,-0.019767,50.797063,0.009868,15.283334,15.245622,0.015437,0.930106
2024-11-26,15.2909,15.3423,15.1923,15.2672,8378006,0.000774,51.026462,0.012299,15.298769,15.254679,0.015306,0.929852
2024-11-27,15.2739,15.2739,15.0145,15.0702,8737514,-0.012904,47.082913,-0.001652,15.295646,15.256616,0.015402,0.929666
2024-11-28,15.1526,15.1614,15.0298,15.1540,17470141,0.005564,48.893322,-0.005875,15.272964,15.262889,0.013601,0.926909
2024-11-29,15.2254,15.2610,15.0931,15.1880,13061196,0.002241,49.644644,-0.006407,15.246399,15.267750,0.013483,0.926281
2024-12-02,15.2559,15.2559,14.9464,15.0473,8077892,-0.009262,46.588952,-0.017973,15.208638,15.269979,0.013482,0.925472
2024-12-03,14.9680,15.0515,14.7769,14.8411,13413623,-0.013701,42.463769,-0.043276,15.155323,15.271424,0.013535,0.925964
2024-12-04,14.9399,14.9399,14.6430,14.6770,6775610,-0.011057,39.468215,-0.075698,15.109111,15.268812,0.013148,0.921859
2024-12-05,14.6651,14.6651,14.2095,14.2650,16368521,-0.028071,33.145972,-0.133102,15.046366,15.255638,0.014296,0.927114
2024-12-06,14.3051,14.3051,13.9887,14.0748,12253044,-0.013335,30.700679,-0.191735,14.991987,15.230422,0.013775,0.927611
2024-12-09,14.0512,14.2003,14.0512,14.1603,11230529,0.006073,33.089345,-0.228669,14.955926,15.203866,0.013470,0.924827
2024-12-10,14.1369,14.1369,13.8225,13.8556,6825320,-0.021515,29.222915,-0.279304,14.897613,15.177436,0.013813,0.929370
2024-12-11,13.8651,14.0086,13.5716,13.6606,7906892,-0.014072,27.044884,-0.331346,14.831230,15.144359,0.013988,0.929509
2024-12-12,13.6361,14.1579,13.6361,14.0288,16520081,0.026951,36.646709,-0.338973,14.777158,15.107158,0.015442,0.937429
2024-12-13,14.0950,14.0950,13.5305,13.7330,13340266,-0.021086,32.900060,-0.364684,14.719231,15.060174,0.015755,0.932582
2024-12-16,13.6870,13.7790,13.6870,13.7610,14415641,0.002038,33.591898,-0.378439,14.651242,15.017489,0.015165,0.931898
2024-12-17,13.7185,14.0032,13.7185,13.8752,12044772,0.008302,36.471021,-0.375789,14.596950,14.975217,0.015360,0.932418
2024-12-18,13.8394,14.0570,13.8394,13.9953,8981340,0.008654,39.442789,-0.359853,14.534727,14.938406,0.014748,0.932793
2024-12-19,13.9357,13.9357,13.5750,13.6936,6541341,-0.021557,35.011236,-0.367333,14.458327,14.900503,0.015229,0.934051
2024-12-20,13.5885,13.6814,13.5605,13.6164,6098182,-0.005638,33.959715,-0.375166,14.360998,14.863777,0.013776,0.928820
2024-12-23,13.6446,13.6446,13.2601,13.3316,14685047,-0.020918,30.339518,-0.399749,14.264809,14.820743,0.013836,0.931914
2024-12-24,13.3082,13.7492,13.3082,13.7448,8694403,0.030998,40.285920,-0.381487,14.188692,14.792784,0.016145,0.938084
2024-12-25,13.6925,13.6925,13.3366,13.5158,13671219,-0.016667,37.121689,-0.381107,14.110972,14.766243,0.016262,0.941337
2024-12-26,13.5002,13.5002,13.2803,13.3204,6951415,-0.014457,34.623624,-0.392053,14.019289,14.733906,0.016174,0.934031
2024-12-27,13.3070,13.3070,13.0347,13.1550,7905940,-0.012410,32.623447,-0.409349,13.917642,14.699202,0.016098,0.933239
2024-12-30,13.2079,13.2079,12.9891,13.0400,8834621,-0.008745,31.269642,-0.427412,13.817277,14.660181,0.016095,0.929788
2024-12-31,13.0326,13.2049,12.9013,13.1620,16041334,0.009360,34.380775,-0.426957,13.733323,14.624752,0.016413,0.926789
2025-01-01,13.0931,13.7471,13.0931,13.6376,11423393,0.036131,44.855208,-0.383799,13.681352,14.596698,0.018839,0.934452
2025-01-02,13.6515,13.6515,13.5145,13.5439,10321088,-0.006869,43.385996,-0.353084,13.645296,14.568514,0.017959,0.933476
2025-01-03,13.5694,13.5694,13.3542,13.4305,6740833,-0.008375,41.608888,-0.334045,13.613080,14.531792,0.017835,0.932978
2025-01-06,13.4296,13.4296,12.9370,13.0319,6228874,-0.029678,36.024774,-0.347119,13.556660,14.490896,0.018732,0.936090
2025-01-07,13.0007,13.1525,13.0007,13.0858,5337100,0.004134,37.250487,-0.349108,13.518168,14.453442,0.018342,0.933304
2025-01-08,12.9969,13.1336,12.9805,13.0179,13079417,-0.005188,36.306450,-0.352104,13.486030,14.411147,0.018159,0.933377
2025-01-09,12.9887,12.9887,12.6617,12.8460,7483941,-0.013201,33.960230,-0.364148,13.426890,14.355915,0.016939,0.932740
2025-01-10,12.8785,12.8785,12.6438,12.7442,15712726,-0.007924,32.615811,-0.377554,13.377452,14.296415,0.016501,0.927154
2025-01-13,12.7793,12.8247,12.6319,12.7167,6473036,-0.002162,32.243766,-0.385952,13.325237,14.234698,0.016452,0.923942
2025-01-14,12.7099,12.8173,12.7099,12.7654,10600841,0.003830,33.684198,-0.384247,13.269745,14.171857,0.016308,0.928257
2025-01-15,12.7402,12.7447,12.6833,12.7376,9353457,-0.002178,33.249693,-0.380751,13.206859,14.114584,0.016042,0.928049
2025-01-16,12.7135,12.7135,12.5084,12.6593,7197187,-0.006144,31.998500,-0.379916,13.155146,14.057372,0.015546,0.928866
2025-01-17,12.7303,12.7303,12.6119,12.6424,8195813,-0.001337,31.720532,-0.376282,13.106446,14.006972,0.015549,0.920963
2025-01-20,12.6700,12.6700,12.5753,12.6030,11464933,-0.003119,31.043909,-0.372292,13.070016,13.961402,0.015005,0.922601
2025-01-21,12.6402,12.9198,12.6402,12.8783,17105023,0.021847,40.576837,-0.342959,13.026691,13.918531,0.014032,0.923425
2025-01-22,12.7893,13.1180,12.7893,13.0314,11144961,0.011882,45.117729,-0.303862,13.002471,13.879392,0.014037,0.924636
2025-01-23,13.0040,13.0040,12.7194,12.7739,11716736,-0.019753,39.631270,-0.290302,12.975151,13.832666,0.014337,0.922642
2025-01-24,12.7436,12.7436,12.4927,12.5410,8068443,-0.018234,35.432604,-0.294950,12.944450,13.785655,0.014616,0.923614
2025-01-27,12.5139,12.5139,12.3120,12.3794,15269696,-0.012887,32.833288,-0.308123,12.911420,13.730827,0.014741,0.923241
2025-01-28,12.4791,12.4791,12.2705,12.3590,10286682,-0.001645,32.509673,-0.316557,12.871269,13.678787,0.014478,0.918707
2025-01-29,12.3258,12.3816,12.3143,12.3662,10657596,0.000576,32.759022,-0.318990,12.807697,13.621314,0.011234,0.915586
2025-01-30,12.3894,12.4832,12.3894,12.4434,19264050,0.006247,35.543725,-0.311098,12.752671,13.565750,0.011488,0.916163
2025-01-31,12.5147,12.6990,12.5147,12.6414,7837398,0.015915,42.156972,-0.285572,12.713218,13.507319,0.012277,0.919054
2025-02-03,12.6117,12.7466,12.6025,12.7347,8532256,0.007379,45.018721,-0.254877,12.698359,13.456906,0.010730,0.918393
2025-02-04,12.7167,12.7255,12.4836,12.6874,9353908,-0.003714,43.834740,-0.231696,12.678442,13.405311,0.010671,0.916107
2025-02-05,12.7494,13.0027,12.7494,12.9030,10835493,0.016991,50.256864,-0.193698,12.672698,13.361968,0.011395,0.923956
2025-02-06,12.9046,13.0563,12.9046,12.9744,8981818,0.005533,52.206001,-0.156024,12.679116,13.318376,0.011050,0.924324
2025-02-07,13.0830,13.0830,12.9523,12.9909,9214439,0.001275,52.668760,-0.123410,12.691451,13.274435,0.010869,0.923537
2025-02-10,12.9505,13.2545,12.9505,13.2198,12480166,0.017619,58.636721,-0.078193,12.716608,13.237886,0.011449,0.929937
2025-02-11,13.1707,13.3607,13.1707,13.3561,11787655,0.010311,61.731441,-0.031001,12.746145,13.208186,0.011594,0.927942
2025-02-12,13.3047,13.4275,13.2495,13.3659,7558971,0.000731,61.951040,0.007105,12.777560,13.181964,0.011553,0.924624
2025-02-13,13.3560,13.3560,13.0818,13.1529,4799617,-0.015936,54.591805,0.019888,12.802239,13.159721,0.012130,0.925554
2025-02-14,13.2468,13.3143,13.0582,13.1684,8449617,0.001181,55.011445,0.030916,12.828540,13.141594,0.012107,0.921322
2025-02-17,13.1801,13.3848,13.1801,13.3679,8147722,0.015146,60.110051,0.055114,12.866785,13.125746,0.012378,0.926633
2025-02-18,13.3954,13.4132,13.2722,13.3605,6579106,-0.000552,59.839872,0.072856,12.890894,13.115844,0.011572,0.926594
2025-02-19,13.3527,13.5562,13.3527,13.5458,13236563,0.013869,64.192712,0.100708,12.916617,13.113547,0.011670,0.927313
2025-02-20,13.4938,13.4938,13.2612,13.2935,7113273,-0.018630,55.387908,0.101250,12.942593,13.098840,0.011562,0.932666
2025-02-21,13.3299,13.3299,13.0385,13.0887,11954504,-0.015404,49.459573,0.084186,12.969976,13.085953,0.011316,0.925649
2025-02-24,13.1219,13.2469,13.0837,13.1159,17148638,0.002083,50.223298,0.072031,13.006803,13.073052,0.010746,0.925089
2025-02-25,13.0515,13.1761,12.9410,12.9589,12553349,-0.011974,45.917809,0.049159,13.036795,13.054725,0.011216,0.924494
2025-02-26,12.9966,13.3642,12.9966,13.2928,7129702,0.025765,54.790895,0.057314,13.083126,13.040674,0.012353,0.929900
2025-02-27,13.3390,13.3390,13.2146,13.3136,9590892,0.001569,55.284499,0.064714,13.126637,13.033074,0.012347,0.925288
2025-02-28,13.2813,13.2813,13.0728,13.1655,11408627,-0.011128,51.023544,0.057955,13.152839,13.024055,0.012391,0.923502
2025-03-03,13.2675,13.2675,13.0735,13.1084,16596139,-0.004337,49.441897,0.047445,13.171522,13.019591,0.012406,0.922531
2025-03-04,13.1789,13.1789,12.5939,12.6778,7690555,-0.032849,39.498436,0.004320,13.171039,12.998250,0.014574,0.923414
2025-03-05,12.7376,12.7376,12.5757,12.5769,8233749,-0.007959,37.590688,-0.037565,13.154733,12.979473,0.014109,0.922920
2025-03-06,12.5053,12.8127,12.5053,12.7814,10467998,0.016262,43.543160,-0.053638,13.145083,12.968694,0.014574,0.920005
2025-03-07,12.7367,12.7667,12.5530,12.7081,11913559,-0.005735,41.997086,-0.071467,13.130941,12.959755,0.014610,0.924713
2025-03-10,12.6874,12.7751,12.5501,12.5730,8366703,-0.010631,39.232235,-0.095398,13.098600,12.950415,0.014071,0.925292
2025-03-11,12.5323,12.9151,12.5323,12.7963,13255288,0.017759,45.605894,-0.095249,13.070607,12.943100,0.014517,0.926829
2025-03-12,12.8660,13.2600,12.8660,13.1416,12495593,0.026982,53.693981,-0.066504,13.059389,12.933179,0.015901,0.925866
2025-03-13,13.0696,13.3977,13.0696,13.3721,11616585,0.017541,58.166521,-0.024836,13.070347,12.929741,0.015977,0.920010
2025-03-14,13.3166,13.3166,13.0331,13.1581,12993348,-0.015998,53.045996,-0.008973,13.069832,12.924294,0.016420,0.917215
2025-03-17,13.1325,13.1325,13.0626,13.0681,10064950,-0.006842,51.010854,-0.003623,13.054843,12.925019,0.016092,0.914010
2025-03-18,13.0805,13.1068,12.9328,12.9385,16663113,-0.009915,48.147660,-0.009728,13.033744,12.922074,0.016213,0.906922
2025-03-19,12.9147,12.9147,12.7656,12.7820,15136804,-0.012099,44.870977,-0.026887,12.995553,12.917356,0.015957,0.906290
2025-03-20,12.7005,12.7005,12.5955,12.6202,14775073,-0.012658,41.711392,-0.052931,12.961891,12.912840,0.015699,0.905980
2025-03-21,12.5339,12.5339,12.4340,12.4647,7792253,-0.012326,38.876837,-0.085141,12.930690,12.907248,0.015580,0.905018
2025-03-24,12.5228,12.5228,12.2202,12.3450,9412522,-0.009599,36.805210,-0.118951,12.892143,12.899815,0.015625,0.909435
2025-03-25,12.3487,12.3487,12.1837,12.2215,13744799,-0.010003,34.747058,-0.153936,12.855275,12.888937,0.015571,0.907355
2025-03-26,12.2251,12.3360,12.0940,12.2070,12080273,-0.001189,34.502625,-0.180751,12.800986,12.878325,0.014061,0.894799
2025-03-27,12.1430,12.3486,12.1263,12.2723,13798347,0.005349,36.659422,-0.194491,12.748919,12.870583,0.014167,0.894635
2025-03-28,12.2045,12.6242,12.2045,12.4648,9973725,0.015683,42.653756,-0.187685,12.713883,12.867030,0.014712,0.899450
2025-03-31,12.3915,12.3915,12.1940,12.2877,9191489,-0.014206,38.997122,-0.194341,12.672848,12.860724,0.014936,0.890723
2025-04-01,12.2753,12.3637,12.2301,12.3111,7893855,0.001903,39.731918,-0.195475,12.654512,12.849379,0.013218,0.893950
2025-04-02,12.2649,12.2649,12.1125,12.2607,6857113,-0.004093,38.651500,-0.198156,12.638702,12.833965,0.013145,0.890877
2025-04-03,12.3186,12.5368,12.3186,12.4157,15097833,0.012646,43.722428,-0.185629,12.620418,12.826801,0.012915,0.876669
2025-04-04,12.4623,12.7064,12.4485,12.5665,10338352,0.012142,48.205285,-0.161673,12.613337,12.827310,0.013213,0.883455
2025-04-07,12.5362,12.7407,12.5362,12.6426,11419403,0.006061,50.356769,-0.134986,12.616819,12.832575,0.013064,0.885957
2025-04-08,12.6721,12.8196,12.6721,12.8181,8491995,0.013881,54.995476,-0.098540,12.617911,12.841756,0.012818,0.882411
2025-04-09,12.7875,12.8721,12.7816,12.8071,8802633,-0.000858,54.650795,-0.069740,12.601190,12.850576,0.011157,0.882223
2025-04-10,12.9059,12.9059,12.7146,12.7590,10956992,-0.003757,53.083502,-0.050219,12.570538,12.856888,0.010250,0.884947
2025-04-11,12.8098,12.8098,12.6954,12.7371,9049677,-0.001721,52.345694,-0.036104,12.549484,12.858801,0.009730,0.877783
2025-04-14,12.7669,12.7669,12.5417,12.5591,8835167,-0.013970,46.683438,-0.038828,12.524035,12.855289,0.010058,0.879762
2025-04-15,12.6531,12.6531,12.3472,12.3936,12587391,-0.013178,42.119502,-0.053722,12.496789,12.849413,0.010219,0.880514
2025-04-16,12.3930,12.3930,12.1687,12.2340,9965702,-0.012883,38.235791,-0.077516,12.469386,12.836032,0.010261,0.880668
2025-04-17,12.1822,12.3231,12.1822,12.2542,8053098,0.001657,39.004779,-0.093658,12.451087,12.821628,0.009984,0.875604
2025-04-18,12.2095,12.5888,12.2095,12.5770,9084988,0.026342,49.736248,-0.079487,12.456706,12.813350,0.011405,0.872657
2025-04-21,12.5904,12.6417,12.4971,12.5067,5985060,-0.005594,47.763941,-0.073090,12.464790,12.799087,0.011252,0.870206
2025-04-22,12.5333,12.7374,12.5333,12.6329,10349611,0.010092,51.481339,-0.057177,12.485359,12.784622,0.011141,0.875907
2025-04-23,12.6009,12.6375,12.4706,12.5707,6583816,-0.004926,49.606948,-0.049022,12.503543,12.768718,0.011224,0.878047
2025-04-24,12.6026,12.6026,12.3971,12.4257,12226007,-0.011529,45.455936,-0.053635,12.511216,12.754174,0.011551,0.875569
2025-04-25,12.4546,12.4546,12.1724,12.2482,10818090,-0.014285,40.937687,-0.070797,12.500390,12.735770,0.011446,0.872763
2025-04-28,12.3027,12.4583,12.3027,12.4553,15710055,0.016905,47.494120,-0.066919,12.508771,12.717518,0.011643,0.871445
2025-04-29,12.4672,12.6542,12.4483,12.4718,13721415,0.001323,47.988866,-0.061804,12.516807,12.699744,0.011641,0.869096
2025-04-30,12.5151,12.7683,12.5151,12.6172,7493781,0.011657,52.263344,-0.045495,12.534632,12.681171,0.011829,0.866913
2025-05-01,12.5316,12.5666,12.5316,12.5500,9431830,-0.005325,50.209730,-0.037558,12.541344,12.666301,0.011619,0.866311
2025-05-02,12.4808,12.4808,12.4540,12.4568,6297849,-0.007424,47.426684,-0.038343,12.535861,12.653664,0.011418,0.866954
2025-05-05,12.4832,12.4832,12.1364,12.2426,7617504,-0.017200,41.702109,-0.055613,12.515857,12.636196,0.011902,0.865542
2025-05-06,12.2379,12.2887,12.2365,12.2539,5752006,0.000924,42.099386,-0.067608,12.487643,12.622096,0.011359,0.867509
2025-05-07,12.2336,12.4053,12.2336,12.3798,10914999,0.010279,46.474339,-0.066187,12.466278,12.603837,0.011696,0.870365
2025-05-08,12.3435,12.3800,12.2950,12.3319,8966653,-0.003868,45.079691,-0.068140,12.444923,12.584203,0.011697,0.866129
2025-05-09,12.2386,12.6508,12.2386,12.6350,10285000,0.024579,54.406123,-0.044714,12.439822,12.573594,0.013083,0.877810
2025-05-12,12.7156,13.0914,12.7156,12.9341,7008098,0.023666,61.374630,-0.001997,12.458569,12.570108,0.013708,0.880191
2025-05-13,13.0005,13.0005,12.7068,12.7822,9697964,-0.011737,56.641402,0.019383,12.478000,12.572197,0.013630,0.878041
2025-05-14,12.8355,12.9860,12.7777,12.7910,6944831,0.000683,56.847373,0.036609,12.505851,12.576479,0.013201,0.874772
2025-05-15,12.8204,13.0008,12.8203,12.8822,14878436,0.007130,59.037948,0.056963,12.537248,12.578495,0.013243,0.872796
2025-05-16,12.8573,12.8641,12.7876,12.8077,12415538,-0.005782,56.514692,0.066319,12.548781,12.580486,0.012109,0.882252
2025-05-19,12.8122,13.1569,12.8122,13.1232,8406606,0.024635,63.609605,0.098063,12.579608,12.591490,0.013092,0.885129
2025-05-20,13.1079,13.3398,13.1079,13.2838,11165197,0.012238,66.597151,0.134627,12.612153,12.601241,0.013167,0.883276
2025-05-21,13.3673,13.3673,13.2675,13.3463,8444437,0.004705,67.708163,0.166727,12.650936,12.605336,0.013053,0.877667
2025-05-22,13.2731,13.6880,13.2731,13.5364,7824122,0.014240,70.880026,0.205136,12.706467,12.608622,0.012804,0.879299
2025-05-23,13.5991,14.1094,13.5991,13.9258,9054619,0.028766,76.066929,0.263954,12.790342,12.623974,0.013119,0.888415
2025-05-26,13.9983,14.0076,13.8922,13.9711,8720735,0.003258,76.590120,0.310648,12.866133,12.642034,0.012903,0.890036
2025-05-27,13.9851,13.9851,13.8134,13.8854,25895643,-0.006139,73.326722,0.336849,12.936812,12.660971,0.013146,0.878499
2025-05-28,13.7813,14.0951,13.7813,14.0818,10411881,0.014149,75.863815,0.369211,13.010045,12.686967,0.013219,0.876674
2025-05-29,14.0013,14.3618,14.0013,14.3324,6894196,0.017797,78.653091,0.410350,13.099168,12.721212,0.013226,0.876640
2025-05-30,14.3714,14.3714,14.2251,14.2640,8920961,-0.004776,76.067397,0.432445,13.189527,12.757198,0.013089,0.876255
2025-06-02,14.2192,14.3732,14.2192,14.3515,12420038,0.006136,77.103931,0.451810,13.294975,12.797329,0.011807,0.873039
2025-06-03,14.3971,14.4061,14.2409,14.3454,7284281,-0.000423,76.855511,0.461349,13.399554,12.839807,0.011854,0.868462
2025-06-04,14.3233,14.6618,14.3233,14.5370,14326360,0.013355,79.141352,0.478848,13.507414,12.886408,0.011905,0.861726
2025-06-05,14.4748,14.4748,14.2624,14.3286,8408049,-0.014336,70.934230,0.470476,13.607249,12.927535,0.012666,0.867841
2025-06-06,14.3100,14.3100,14.0574,14.0590,8890052,-0.018815,61.979890,0.437049,13.678448,12.959420,0.013306,0.878121
2025-06-09,14.0704,14.1271,13.9577,13.9853,13137987,-0.005245,59.757801,0.399997,13.731010,12.993372,0.012782,0.878558
2025-06-10,13.9533,13.9533,13.8238,13.8469,15004443,-0.009893,55.721156,0.355372,13.784244,13.024090,0.012668,0.878740
2025-06-11,13.8612,13.8612,13.6488,13.6561,8501848,-0.013782,50.639950,0.301136,13.827499,13.051998,0.013271,0.876030
2025-06-12,13.5815,13.8180,13.5815,13.7746,9059596,0.008678,53.476910,0.264664,13.872120,13.079175,0.013299,0.874013
2025-06-13,13.6748,13.8222,13.6659,13.7546,8825277,-0.001453,52.923623,0.231477,13.919464,13.102937,0.013176,0.873767
2025-06-16,13.7202,13.8517,13.6801,13.8159,8619990,0.004457,54.477114,0.207727,13.954097,13.126402,0.012223,0.871894
2025-06-17,13.7948,14.0119,13.7948,13.8415,8748049,0.001853,55.142949,0.188796,13.981981,13.146869,0.012013,0.857718
2025-06-18,13.8075,13.8321,13.5492,13.7075,7894461,-0.009677,50.945188,0.161127,14.000042,13.164877,0.012278,0.859749
2025-06-19,13.7054,13.8482,13.7054,13.7955,11416109,0.006417,53.451322,0.144630,14.012999,13.185607,0.011968,0.859584
2025-06-20,13.8386,14.0029,13.7086,13.7596,13873505,-0.002604,52.276935,0.127192,14.004690,13.206057,0.010040,0.850452
2025-06-23,13.7650,13.8227,13.6369,13.7321,15812747,-0.001999,51.346541,0.109885,13.992738,13.229516,0.010004,0.848296
2025-06-24,13.7602,13.8673,13.6833,13.7136,11824637,-0.001348,50.692741,0.093598,13.984149,13.255915,0.009927,0.847506
2025-06-25,13.7476,14.1030,13.7476,13.9943,6592524,0.020470,59.181840,0.102163,13.979772,13.291121,0.010504,0.855895
2025-06-26,14.0023,14.0023,13.8097,13.8840,10697082,-0.007879,55.164197,0.098914,13.957351,13.323717,0.009721,0.863311
2025-06-27,13.8950,13.8950,13.6852,13.7789,18766688,-0.007571,51.570149,0.086855,13.933097,13.347755,0.009790,0.863192
2025-06-30,13.8288,13.8288,13.6964,13.7921,11779169,0.000954,51.991479,0.077467,13.905124,13.373462,0.009639,0.864023
2025-07-01,13.8103,13.8477,13.6197,13.7194,8378546,-0.005264,49.433850,0.063437,13.873824,13.395193,0.009660,0.863283
2025-07-02,13.6828,13.7265,13.6706,13.6777,17100586,-0.003043,47.972645,0.048391,13.830857,13.417334,0.008941,0.863184
2025-07-03,13.6460,13.6460,13.3603,13.5266,11250295,-0.011044,43.017444,0.024002,13.790758,13.439352,0.008749,0.855933
2025-07-04,13.4952,13.4952,13.2556,13.3767,9738326,-0.011082,38.740820,-0.007339,13.756643,13.461921,0.008157,0.868994
2025-07-07,13.3167,13.3167,13.0387,13.0553,11193559,-0.024030,31.507683,-0.057452,13.710143,13.473921,0.009471,0.865611
2025-07-08,13.0624,13.1183,13.0339,13.0827,10833720,0.002101,32.663046,-0.093871,13.671933,13.486140,0.009417,0.864447
2025-07-09,13.0344,13.2070,13.0344,13.0594,8938807,-0.001780,32.167026,-0.123192,13.642101,13.494986,0.009056,0.861239
2025-07-10,13.0886,13.0886,12.8320,12.9431,11054006,-0.008910,29.736647,-0.154043,13.600526,13.502848,0.008795,0.863714
2025-07-11,12.9786,13.0371,12.9056,12.9474,7762831,0.000336,29.949942,-0.176111,13.560169,13.512661,0.008821,0.860609
2025-07-14,12.9332,13.0228,12.9084,13.0131,9571968,0.005072,33.241290,-0.186155,13.520031,13.528072,0.008850,0.860672
2025-07-15,13.0455,13.0538,13.0016,13.0218,11107636,0.000668,33.685478,-0.191210,13.479047,13.543430,0.008820,0.853955
2025-07-16,13.0185,13.0185,12.9226,12.9513,7399194,-0.005416,31.834711,-0.198617,13.441233,13.554859,0.008701,0.855974
2025-07-17,12.9969,12.9969,12.8717,12.9177,10250891,-0.002592,30.962759,-0.204835,13.397343,13.566574,0.008427,0.854006
2025-07-18,13.0005,13.0005,12.7293,12.7365,15685560,-0.014025,26.710634,-0.221824,13.346191,13.568604,0.008762,0.852261
2025-07-21,12.7182,12.9560,12.7182,12.9553,16231651,0.017173,37.814297,-0.215159,13.307350,13.569028,0.009941,0.851509
2025-07-22,12.8831,13.1887,12.8831,13.1332,14751028,0.013738,45.102516,-0.193287,13.278333,13.576048,0.010611,0.854856
2025-07-23,13.1098,13.4122,13.1098,13.3030,17223075,0.012925,51.000993,-0.160408,13.243768,13.586288,0.009875,0.855051
2025-07-24,13.3352,13.3722,13.2814,13.2906,7095847,-0.000929,50.574920,-0.133805,13.214098,13.594457,0.009797,0.848003
2025-07-25,13.2905,13.4730,13.2905,13.4689,9175488,0.013416,56.253358,-0.097214,13.198599,13.607682,0.010296,0.846660
2025-07-28,13.4500,13.5644,13.3743,13.4770,9619193,0.000601,56.497794,-0.066792,13.182848,13.614758,0.010292,0.839410
2025-07-29,13.4566,13.5978,13.4566,13.5336,13660356,0.004196,58.252104,-0.037685,13.173554,13.619753,0.010308,0.839906
2025-07-30,13.5547,13.8403,13.5547,13.7042,8744872,0.012608,63.089167,-0.000839,13.174879,13.626911,0.010702,0.840960
2025-07-31,13.7029,13.7029,13.5339,13.5589,15222138,-0.010606,57.027916,0.016443,13.176490,13.627361,0.010679,0.847043
2025-08-01,13.5285,13.6148,13.4032,13.4792,7074132,-0.005879,53.965941,0.023438,13.181611,13.618429,0.010451,0.836561
2025-08-04,13.5407,13.5407,13.3962,13.4447,9298028,-0.002553,52.651497,0.025906,13.201083,13.607901,0.008774,0.824239
2025-08-05,13.4722,13.5153,13.3798,13.4721,6634501,0.002037,53.619563,0.029729,13.220553,13.599637,0.008774,0.825330
2025-08-06,13.5939,13.5939,13.0928,13.1959,17208555,-0.020504,43.874530,0.010349,13.227375,13.581918,0.010049,0.828587
2025-08-07,13.1283,13.2212,13.0077,13.1811,10766068,-0.001123,43.418714,-0.006135,13.239274,13.558890,0.009810,0.827645
2025-08-08,13.1796,13.3627,13.1796,13.3569,10133826,0.013341,50.051221,-0.004951,13.259748,13.540749,0.010191,0.815007
2025-08-11,13.4146,13.4146,12.9057,13.0168,11010583,-0.025465,40.228606,-0.031101,13.259932,13.514055,0.011804,0.826521
2025-08-12,13.0173,13.0857,12.9270,12.9602,8468512,-0.004347,38.862117,-0.055748,13.256852,13.486350,0.011844,0.827996
2025-08-13,13.0047,13.0047,12.8532,12.8728,12921764,-0.006743,36.783942,-0.081395,13.252929,13.453065,0.011879,0.826692
2025-08-14,12.8633,12.9702,12.7783,12.8201,12973652,-0.004095,35.549193,-0.104766,13.248048,13.422894,0.011899,0.824273
2025-08-15,12.7519,13.1185,12.7519,13.0011,16290952,0.014118,42.665953,-0.107444,13.261276,13.401735,0.011856,0.812958
2025-08-18,13.0362,13.0362,12.7062,12.7864,22125878,-0.016517,37.390800,-0.125448,13.252830,13.377757,0.011845,0.819388
2025-08-19,12.7028,12.7028,12.6030,12.6298,11193798,-0.012241,34.082937,-0.150610,13.227660,13.353415,0.011613,0.823307
2025-08-20,12.6584,12.6584,12.2531,12.2686,16863494,-0.028599,27.940148,-0.197420,13.175943,13.325666,0.012503,0.836239
2025-08-21,12.3192,12.3192,12.1061,12.2418,12098953,-0.002190,27.542504,-0.233989,13.123500,13.295009,0.012490,0.829363
2025-08-22,12.2084,12.2668,12.1381,12.1837,10800896,-0.004743,26.659390,-0.264605,13.059239,13.263592,0.011796,0.829398
2025-08-25,12.1496,12.2050,12.1496,12.1957,8839540,0.000982,27.177417,-0.284623,12.995171,13.231187,0.011806,0.827101
2025-08-26,12.1804,12.3374,12.1804,12.3101,10063067,0.009387,32.118702,-0.287930,12.933999,13.200561,0.012071,0.831011
2025-08-27,12.2995,12.5287,12.2995,12.5204,17652438,0.017081,40.151531,-0.270466,12.874809,13.176818,0.012443,0.837274
2025-08-28,12.5795,12.5795,12.3554,12.4637,12034165,-0.004530,38.817177,-0.258226,12.820051,13.150182,0.012359,0.831700
2025-08-29,12.4073,12.4386,12.3833,12.4155,5510003,-0.003869,37.671009,-0.249540,12.766867,13.123300,0.012352,0.823948
2025-09-01,12.4176,12.8158,12.4176,12.7045,12350034,0.023280,47.649694,-0.216834,12.729856,13.102748,0.013782,0.829418
2025-09-02,12.7540,12.7807,12.6119,12.6306,7623011,-0.005819,45.637090,-0.194636,12.687779,13.081089,0.013751,0.826049
2025-09-03,12.6284,12.6284,12.5183,12.5651,6929021,-0.005182,43.870431,-0.180247,12.656241,13.052506,0.013145,0.823688
2025-09-04,12.5181,12.5181,12.1699,12.1831,12011474,-0.030403,35.285007,-0.197394,12.606344,13.018488,0.014555,0.833241
2025-09-05,12.1255,12.1452,12.0349,12.1108,9245674,-0.005934,33.931746,-0.214346,12.544039,12.985126,0.013985,0.833703
2025-09-08,12.1102,12.2560,12.0929,12.2145,12616242,0.008561,37.626437,-0.216913,12.503925,12.953575,0.013395,0.836007
2025-09-09,12.3090,12.4300,12.3090,12.3680,11507741,0.012564,42.731634,-0.204211,12.474313,12.926545,0.013838,0.849335
2025-09-10,12.3240,12.4237,12.3199,12.4065,9725379,0.003114,43.971086,-0.188860,12.450997,12.901121,0.013845,0.848364
2025-09-11,12.4688,12.4688,12.0007,12.1528,7091268,-0.020449,38.118721,-0.194918,12.417632,12.873644,0.014460,0.845812
2025-09-12,12.1325,12.1325,11.9549,11.9574,14089329,-0.016077,34.329407,-0.213029,12.365448,12.845257,0.014200,0.854265
2025-09-15,11.9565,12.1713,11.9118,12.0456,10417998,0.007374,37.356202,-0.217756,12.328410,12.825063,0.014103,0.859576
2025-09-16,12.1061,12.1061,11.8857,11.9308,10972507,-0.009527,35.089589,-0.228133,12.293460,12.802025,0.014021,0.851669
2025-09-17,11.8778,11.9684,11.8778,11.9276,11086998,-0.000273,35.024726,-0.233922,12.276407,12.779388,0.012635,0.839760
2025-09-18,11.9157,12.0940,11.9157,12.0839,11389135,0.013105,40.698585,-0.223323,12.268513,12.762204,0.013036,0.845908
2025-09-19,12.0923,12.2362,12.0923,12.1966,10341697,0.009326,44.463705,-0.203484,12.269158,12.747187,0.013178,0.846148
2025-09-22,12.2910,12.2910,12.1258,12.1279,15430774,-0.005628,42.685979,-0.191097,12.265772,12.729484,0.013238,0.846908
2025-09-23,12.2074,12.2894,12.0504,12.1136,12269783,-0.001187,42.304049,-0.180362,12.255943,12.711319,0.013045,0.845526
2025-09-24,12.2093,12.2211,12.0914,12.1372,16254780,0.001949,43.201888,-0.168013,12.236780,12.695037,0.012380,0.845765
2025-09-25,12.0920,12.0920,11.9321,11.9663,8734517,-0.014079,38.528826,-0.170055,12.211910,12.676009,0.012685,0.852563
2025-09-26,11.9481,12.1882,11.9481,12.1565,14902594,0.015898,45.585714,-0.154540,12.198963,12.664409,0.013284,0.857940
2025-09-29,12.2032,12.2032,12.1265,12.1385,9859116,-0.001482,45.058114,-0.142061,12.170663,12.648074,0.011996,0.858197
2025-09-30,12.1009,12.2266,12.1009,12.2077,8174679,0.005698,47.566883,-0.125148,12.149517,12.629562,0.012090,0.860040
2025-10-01,12.2381,12.2381,11.8543,11.9112,8975194,-0.024286,39.286276,-0.134120,12.116821,12.601727,0.013098,0.868737
2025-10-02,11.8963,12.1783,11.8963,12.0926,16554114,0.015228,45.533632,-0.125152,12.112295,12.577766,0.011918,0.872171
2025-10-03,12.0923,12.3085,12.0923,12.2706,15060425,0.014717,50.874876,-0.102502,12.120282,12.553799,0.012294,0.876414
2025-10-06,12.2478,12.4249,12.1466,12.2630,8327178,-0.000614,50.648541,-0.084189,12.122709,12.529519,0.012157,0.877661
2025-10-07,12.3206,12.3256,12.1352,12.2720,7151364,0.000733,50.929025,-0.068165,12.117911,12.504288,0.011810,0.880749
2025-10-08,12.2785,12.4856,12.2781,12.3267,8438357,0.004459,52.692541,-0.050469,12.113924,12.476739,0.011834,0.881549
2025-10-09,12.2297,12.4136,12.2097,12.2934,9852594,-0.002703,51.479441,-0.038687,12.120956,12.451430,0.010866,0.882398
2025-10-10,12.3091,12.5224,12.3091,12.4573,6497219,0.013327,56.752186,-0.015945,12.145949,12.430992,0.010468,0.882329
2025-10-13,12.4719,12.4719,12.1819,12.2076,12558112,-0.020039,48.163909,-0.017860,12.154051,12.406250,0.011487,0.884299
2025-10-14,12.2190,12.2607,12.1266,12.1652,10288838,-0.003478,46.864721,-0.022544,12.165768,12.380111,0.011280,0.887119
2025-10-15,12.1544,12.2965,12.1544,12.2671,11556038,0.008375,50.327036,-0.017829,12.182741,12.361534,0.011393,0.886170
2025-10-16,12.2831,12.5171,12.2831,12.3927,7007554,0.010241,54.282696,-0.003910,12.198181,12.345767,0.011256,0.891859
2025-10-17,12.3879,12.3879,12.3377,12.3660,8711430,-0.002157,53.310046,0.004908,12.206649,12.325948,0.011118,0.890332
2025-10-20,12.3548,12.3548,12.1474,12.1515,13548712,-0.017344,46.161950,-0.005349,12.207826,12.308641,0.011762,0.889524
2025-10-21,12.1771,12.2032,12.1291,12.1414,6372284,-0.000827,45.851560,-0.014126,12.209219,12.292266,0.011760,0.886194
2025-10-22,12.1681,12.2311,12.0277,12.2045,8786794,0.005195,48.204525,-0.015810,12.212586,12.278900,0.011808,0.884046
2025-10-23,12.2082,12.2082,11.7872,11.9237,15424301,-0.023008,39.893920,-0.039349,12.210456,12.260972,0.012529,0.881784
2025-10-24,11.8647,12.0656,11.8647,11.9919,14501246,0.005719,42.487187,-0.051903,12.202225,12.240788,0.012042,0.882136
2025-10-27,11.9841,12.1693,11.9841,12.1603,13610147,0.014040,48.405721,-0.047716,12.203312,12.228266,0.012475,0.883397
2025-10-28,12.1170,12.2485,12.0795,12.1678,7747156,0.000623,48.661826,-0.043288,12.201320,12.219027,0.012408,0.883061
2025-10-29,12.1877,12.2432,12.1877,12.2425,7071554,0.006139,51.231397,-0.033366,12.217887,12.218505,0.011080,0.884741
2025-10-30,12.2743,12.4006,12.1520,12.2565,12894755,0.001143,51.718841,-0.024096,12.226084,12.218800,0.010593,0.883126
2025-10-31,12.1775,12.2100,12.1458,12.1793,12479336,-0.006299,48.819264,-0.022717,12.221522,12.218712,0.010166,0.894593
2025-11-03,12.2201,12.2201,12.0721,12.1086,11156256,-0.005807,46.260394,-0.027021,12.213800,12.216971,0.010240,0.884830
2025-11-04,12.2189,12.2189,12.1204,12.1916,8567134,0.006852,49.597556,-0.023466,12.209777,12.214599,0.010372,0.884959
2025-11-05,12.1898,12.1898,12.0702,12.1077,10285139,-0.006877,46.457711,-0.027102,12.198825,12.206345,0.010409,0.885810
2025-11-06,12.1159,12.3237,12.1159,12.2003,16776681,0.007644,50.205081,-0.022259,12.194168,12.201077,0.010568,0.885384
2025-11-07,12.1907,12.2673,12.0648,12.1791,9971058,-0.001734,49.354963,-0.019898,12.180261,12.196350,0.010069,0.882056
2025-11-10,12.1462,12.1462,12.0447,12.0464,7955873,-0.010897,44.287354,-0.028408,12.172199,12.183188,0.009344,0.880344
2025-11-11,12.1059,12.1059,11.9448,11.9625,7353826,-0.006969,41.392252,-0.041449,12.162064,12.169825,0.009432,0.879450
2025-11-12,11.9635,12.1621,11.9635,12.1400,9161804,0.014842,48.987757,-0.037030,12.155711,12.161323,0.009864,0.869756
2025-11-13,12.1097,12.2760,12.1097,12.2190,8468187,0.006509,51.971033,-0.026843,12.147028,12.162041,0.009685,0.869515
2025-11-14,12.2590,12.2590,12.0475,12.0482,8131935,-0.013982,45.742122,-0.032184,12.131139,12.160788,0.010132,0.872139
2025-11-17,12.0681,12.1405,12.0220,12.0627,5377830,0.001209,46.332751,-0.034840,12.126702,12.157752,0.009404,0.875844
2025-11-18,12.0764,12.0764,11.9058,11.9476,7062224,-0.009542,42.404956,-0.045706,12.117013,12.149346,0.009628,0.872152
2025-11-19,11.9194,12.4401,11.9194,12.4126,12818203,0.038919,57.923290,-0.016606,12.127419,12.149468,0.013065,0.895594
2025-11-20,12.3535,12.6183,12.3535,12.4633,12651198,0.004085,59.213851,0.010428,12.154400,12.155679,0.011796,0.896543
2025-11-21,12.4241,12.4922,12.2689,12.4303,12745207,-0.002649,57.967028,0.028856,12.176321,12.165137,0.011816,0.896162
2025-11-24,12.4640,12.6091,12.4640,12.5606,15635030,0.010486,61.420341,0.053362,12.196341,12.175439,0.011648,0.901215
2025-11-25,12.5011,12.5011,12.3400,12.3582,11751707,-0.016118,53.999251,0.055804,12.205859,12.183986,0.012311,0.904204
2025-11-26,12.3285,12.4773,12.2983,12.4072,8283173,0.003966,55.404225,0.060991,12.214093,12.193579,0.012272,0.904292
2025-11-27,12.3523,12.7706,12.3523,12.7132,8209320,0.024661,63.000521,0.088768,12.236925,12.206165,0.013388,0.908165
2025-11-28,12.6918,12.8497,12.6918,12.7912,18088632,0.006133,64.652893,0.115739,12.267517,12.218056,0.013275,0.903790
2025-12-01,12.7693,12.7693,12.5593,12.5801,11319461,-0.016501,57.205495,0.118714,12.291092,12.227099,0.013832,0.906590
2025-12-02,12.6179,12.6179,12.5231,12.5712,9142276,-0.000704,56.909463,0.118986,12.310076,12.236253,0.013796,0.911694
2025-12-03,12.5618,12.8214,12.5618,12.7772,8295668,0.016380,61.855390,0.134270,12.343548,12.249053,0.014020,0.914735
2025-12-04,12.8269,13.0938,12.8269,13.0077,6995559,0.018044,66.492694,0.163106,12.383920,12.269881,0.014398,0.909843
2025-12-05,12.9373,12.9373,12.7892,12.9089,6711162,-0.007598,62.958973,0.175954,12.420408,12.284928,0.014564,0.908308
2025-12-08,12.9018,12.9929,12.8956,12.9384,8791640,0.002290,63.582271,0.186374,12.465010,12.300926,0.014195,0.902525
2025-12-09,12.8430,12.8735,12.7224,12.8358,8413659,-0.007931,59.818863,0.184228,12.508678,12.313489,0.014235,0.906400
2025-12-10,12.8699,12.8980,12.7339,12.8456,5118386,0.000764,60.062130,0.181229,12.543959,12.332177,0.013997,0.908310
2025-12-11,12.8353,12.8756,12.7326,12.8588,8105233,0.001027,60.409415,0.177866,12.575948,12.347502,0.013977,0.896312
2025-12-12,12.8197,13.3107,12.8197,13.2043,9403537,0.026869,68.206798,0.200767,12.633756,12.366177,0.014397,0.888846
2025-12-15,13.1672,13.4509,13.1672,13.3519,17840131,0.011177,70.848065,0.228194,12.698214,12.387954,0.014443,0.887685
2025-12-16,13.3281,13.3281,12.9736,13.0844,13546221,-0.020033,60.963501,0.225745,12.755054,12.404203,0.015178,0.894539
2025-12-17,13.1569,13.1569,12.7977,12.8611,11569755,-0.017068,54.168218,0.203439,12.777478,12.414890,0.013609,0.897859
2025-12-18,12.8392,12.9631,12.7820,12.8763,7706993,0.001184,54.540269,0.184859,12.798129,12.426548,0.013600,0.895991
2025-12-19,12.8583,12.8583,12.5974,12.6337,9684093,-0.018841,47.872094,0.148843,12.808300,12.430078,0.014336,0.897773
2025-12-22,12.6807,12.6924,12.6078,12.6362,16068364,0.000192,47.940655,0.119123,12.812076,12.438649,0.014157,0.897635
2025-12-23,12.5493,12.7052,12.5493,12.7043,10554879,0.005394,49.932580,0.099917,12.829383,12.449432,0.013645,0.897926
2025-12-24,12.6580,12.7758,12.5292,12.6723,13523683,-0.002521,48.984301,0.081177,12.842637,12.457537,0.013659,0.884678
2025-12-25,12.7241,12.7241,12.5792,12.5902,16712486,-0.006482,46.542599,0.059017,12.836486,12.461487,0.012569,0.881588
2025-12-26,12.6007,12.6007,12.3189,12.4882,15875563,-0.008099,43.634694,0.032848,12.821338,12.463931,0.012582,0.876054
2025-12-29,12.5190,12.5960,12.4876,12.5446,10629157,0.004518,45.657931,0.016472,12.819564,12.471794,0.012099,0.876312
2025-12-30,12.5812,12.7764,12.5812,12.6306,14834489,0.006853,48.680500,0.010312,12.822531,12.481578,0.012196,0.877441
2025-12-31,12.5799,12.6247,12.5001,12.5824,9927233,-0.003815,47.099204,0.001525,12.812794,12.489136,0.011617,0.870186
