date,open,high,low,close,volume,returns_daily,rsi_14,macd,ma_20,ma_50,volatility_20d,correlation_spy
2010-01-04,25.0000,25.2146,24.8797,25.0000,11348570,0.000000,,0.000000,,,,
2010-01-05,25.0288,25.2798,24.9740,25.1355,8670053,0.005418,,0.010805,,,,
2010-01-06,25.1637,25.1637,24.6347,24.7125,6211588,-0.016825,,-0.014588,,,,
2010-01-07,24.6778,25.1568,24.6778,25.0289,13127565,0.012800,,-0.009084,,,,
2010-01-08,24.9276,25.5342,24.9276,25.4249,14360034,0.015824,,0.026925,,,,
2010-01-11,25.5968,25.5968,24.2562,24.6201,13354783,-0.031656,,-0.009373,,,,
2010-01-12,24.4614,24.4614,23.6430,24.0969,11847112,-0.021249,,-0.079438,,,,
2010-01-13,23.9834,24.1683,23.9834,24.1554,11370370,0.002429,,-0.128758,,,,
2010-01-14,24.1643,24.2504,23.9143,24.0392,9403284,-0.004813,,-0.175207,,,,
2010-01-15,24.0796,24.2421,23.9663,24.0391,9271065,-0.000002,,-0.209606,,,,
2010-01-18,23.9909,23.9909,23.6285,23.7084,11687806,-0.013759,,-0.260552,,,,
2010-01-19,23.7175,24.3339,23.7175,24.0638,10996543,0.014991,,-0.269147,,,,
2010-01-20,24.1170,24.5515,24.0235,24.3845,11888919,0.013329,,-0.247227,,,,
2010-01-21,24.4355,24.5140,24.1796,24.4200,11785971,0.001454,,-0.224408,,,,
2010-01-22,24.4286,24.8839,24.4286,24.8823,11829757,0.018933,,-0.167090,,,,
2010-01-25,24.7660,25.1844,24.7660,25.0841,9021084,0.008110,51.108182,-0.104181,,,,
2010-01-26,25.1810,25.1810,24.5618,24.7347,11835142,-0.013928,46.882503,-0.081577,,,,
2010-01-27,24.5522,24.9432,24.5522,24.8904,9754431,0.006295,48.909848,-0.050517,,,,
2010-01-28,24.9739,24.9739,24.4745,24.5025,10529380,-0.015584,44.366797,-0.056550,,,,
2010-01-29,24.3391,24.8682,24.3391,24.8679,6665300,0.014910,49.156939,-0.031488,24.589558,,0.014374,
2010-02-01,24.8879,25.0441,24.8324,24.8587,14084036,-0.000368,49.042965,-0.012224,24.582494,,0.014374,
2010-02-02,24.7403,24.8858,24.5966,24.7823,9406281,-0.003073,48.042185,-0.003086,24.564838,,0.014325,
2010-02-03,24.8206,24.8206,24.2839,24.5106,16880035,-0.010965,44.558728,-0.017569,24.554740,,0.014033,
2010-02-04,24.6126,25.0433,24.6126,25.0189,10392121,0.020738,51.624456,0.011832,24.554241,,0.014527,
2010-02-05,25.0613,25.1919,24.8878,24.9624,9222664,-0.002257,50.849278,0.030229,24.531118,,0.014051,
2010-02-08,24.8778,25.0048,24.7209,24.7885,8530994,-0.006969,48.436036,0.030422,24.539538,,0.012156,
2010-02-09,24.9549,24.9549,24.6425,24.6487,9047316,-0.005640,46.525038,0.019073,24.567127,,0.011152,
2010-02-10,24.7962,24.9228,24.7962,24.8756,18022314,0.009207,49.975234,0.028067,24.603135,,0.011293,
2010-02-11,24.8419,25.0998,24.8419,25.0349,7794875,0.006402,52.301211,0.047499,24.652920,,0.011240,
2010-02-12,25.1780,25.3007,24.9378,25.2140,9969388,0.007155,54.844378,0.076471,24.711663,,0.011284,
2010-02-15,25.1234,25.5953,25.1234,25.3984,8712043,0.007315,57.365017,0.113013,24.796167,,0.010657,
2010-02-16,25.3246,26.5452,25.3246,26.3219,5928631,0.036358,67.228376,0.214018,24.909072,,0.012738,
2010-02-17,26.4527,26.4527,26.0248,26.1521,21846178,-0.006449,64.284372,0.277174,24.997452,,0.012789,
2010-02-18,26.2518,26.2518,25.6615,25.9335,8093358,-0.008360,60.603358,0.306056,25.073129,,0.013061,
2010-02-19,25.9480,25.9480,25.5495,25.5909,8736260,-0.013213,55.262214,0.297862,25.108556,,0.012986,
2010-02-22,25.8621,25.9009,25.7953,25.8598,10676258,0.010510,58.364087,0.309504,25.147341,,0.013062,
2010-02-23,25.9885,26.4340,25.9885,26.3564,14794349,0.019203,63.408490,0.354711,25.228424,,0.013089,
2010-02-24,26.2212,26.4035,26.1021,26.3119,6901761,-0.001687,62.676080,0.382539,25.299498,,0.013113,
2010-02-25,26.3624,26.3624,25.8070,25.9510,18367617,-0.013717,56.929422,0.371192,25.371922,,0.012981,
2010-02-26,25.8840,25.8840,25.5847,25.6045,15868429,-0.013353,51.999609,0.330429,25.408752,,0.013148,
2010-03-01,25.4979,25.9539,25.4979,25.8852,8408154,0.010962,55.370626,0.317116,25.460074,,0.013305,
2010-03-02,25.8316,26.4619,25.8316,26.2083,17123744,0.012483,58.945400,0.328848,25.531371,,0.013440,
2010-03-03,26.0001,26.4805,26.0001,26.4492,12229297,0.009193,61.426419,0.353513,25.628303,,0.013098,
2010-03-04,26.4405,26.4405,25.8805,26.1624,9822281,-0.010846,57.009030,0.345925,25.685476,,0.012862,
2010-03-05,26.1287,26.4192,25.9711,26.2688,7490643,0.004070,58.210453,0.344532,25.750797,,0.012822,
2010-03-08,26.3713,26.5441,26.1351,26.3239,10280749,0.002095,58.850566,0.343906,25.827568,,0.012623,
2010-03-09,26.4104,26.4746,26.4104,26.4230,8093158,0.003766,60.037874,0.347405,25.916285,,0.012455,
2010-03-10,26.4286,27.0979,26.4286,26.8135,9571333,0.014777,64.395348,0.377335,26.013180,,0.012649,
2010-03-11,27.0339,27.0339,26.8438,26.9162,12101050,0.003832,65.462653,0.404681,26.107249,,0.012634,
2010-03-12,26.9457,27.3065,26.9457,27.2258,9607673,0.011499,68.523364,0.446185,26.207837,25.292850,0.012734,
2010-03-15,27.1511,27.2750,27.0436,27.2574,7309380,0.001164,68.827846,0.476145,26.300787,25.337998,0.012722,
2010-03-16,27.2857,27.6680,27.1480,27.3948,15008560,0.005038,70.174847,0.505147,26.354431,25.383185,0.010146,
2010-03-17,27.2570,27.9322,27.2570,27.6915,16470010,0.010832,72.899658,0.545783,26.431400,25.442764,0.010120,
2010-03-18,27.7954,27.7954,26.7410,27.0309,7971431,-0.023857,59.800597,0.518702,26.486268,25.482804,0.011524,
2010-03-19,27.1367,27.1367,26.7289,26.8979,10352115,-0.004920,57.558178,0.480963,26.551619,25.512264,0.011084,
2010-03-22,26.7793,26.7793,26.5198,26.6956,11615856,-0.007519,54.228165,0.429780,26.593409,25.553775,0.011136,
2010-03-23,26.7496,26.7496,26.2757,26.4194,11333634,-0.010348,49.975371,0.362746,26.596559,25.600224,0.010633,
2010-03-24,26.3769,26.5788,26.2955,26.3072,8454051,-0.004248,48.317588,0.297141,26.596322,25.643259,0.010672,
2010-03-25,26.3333,27.3066,26.3333,26.9674,22781880,0.025097,57.293331,0.295022,26.647141,25.701823,0.011532,
2010-03-26,26.9817,26.9817,26.5103,26.5893,14009501,-0.014020,51.750687,0.259839,26.696382,25.752827,0.011580,0.999970
2010-03-29,26.5339,27.1075,26.5339,27.0277,17435764,0.016486,56.950635,0.264281,26.753507,25.819213,0.011868,0.999970
2010-03-30,27.0754,27.0754,26.0304,26.2911,14576107,-0.027253,47.656160,0.205990,26.757646,25.863758,0.013301,0.999972
2010-03-31,26.2716,26.2716,26.0697,26.1502,9855106,-0.005358,46.106362,0.146735,26.742694,25.899072,0.013183,0.999972
2010-04-01,26.0723,26.3003,26.0723,26.2253,7818665,0.002874,47.094754,0.104633,26.745843,25.935179,0.012971,0.999971
2010-04-02,26.1514,26.6789,26.1514,26.4867,12039267,0.009965,50.494921,0.091301,26.756734,25.967266,0.013129,0.999971
2010-04-05,26.6432,26.9316,26.4285,26.8057,10376299,0.012046,54.352097,0.105267,26.780826,26.001698,0.013379,0.999969
2010-04-06,26.7165,27.2133,26.7165,27.1664,10657213,0.013457,58.307292,0.143784,26.817996,26.050332,0.013658,0.999968
2010-04-07,27.0930,27.1726,26.8898,27.0168,9084084,-0.005510,56.133854,0.160383,26.828159,26.092858,0.013368,0.999968
2010-04-08,26.9499,27.0275,26.7597,26.8219,10010644,-0.007212,53.346064,0.156016,26.823442,26.139246,0.013449,0.999968
2010-04-09,26.9889,27.2659,26.9889,27.2127,12549669,0.014572,57.866215,0.181995,26.822791,26.186143,0.013605,0.999968
2010-04-12,27.1995,27.2071,26.9421,27.1294,9259584,-0.003064,56.606322,0.193625,26.816388,26.231556,0.013620,0.999967
2010-04-13,27.1133,27.1133,26.4400,26.5667,13075033,-0.020740,48.872660,0.155645,26.774985,26.267244,0.014306,0.999969
2010-04-14,26.5089,26.5089,25.8743,26.0763,7499214,-0.018460,43.317661,0.084993,26.694225,26.298558,0.014482,0.999971
2010-04-15,26.1749,26.1749,25.5886,25.6889,6493641,-0.014856,39.498530,-0.002231,26.627127,26.311959,0.013926,0.999972
2010-04-16,25.7650,25.9316,25.6145,25.9061,9665883,0.008455,42.556474,-0.053218,26.577539,26.330832,0.014121,0.999972
2010-04-19,25.8933,25.9961,25.8933,25.9771,10190574,0.002742,43.561200,-0.086892,26.541615,26.354606,0.014088,0.999971
2010-04-20,25.9831,26.3302,25.9831,26.2877,9107215,0.011954,47.854968,-0.087513,26.535029,26.387386,0.014214,0.999968
2010-04-21,26.0235,26.2461,26.0235,26.1055,8946728,-0.006931,45.660051,-0.101537,26.524945,26.411983,0.014267,0.999968
2010-04-22,26.1737,26.2890,26.0389,26.1850,14225735,0.003047,46.807259,-0.105020,26.485827,26.434986,0.012997,0.999965
2010-04-23,26.1116,26.6068,26.1116,26.4601,10432815,0.010506,50.684675,-0.084607,26.479369,26.459909,0.012900,0.999964
2010-04-26,26.5785,26.5785,26.0482,26.3351,9011170,-0.004726,48.938401,-0.077625,26.444740,26.478642,0.012318,0.999965
2010-04-27,26.3905,26.5936,26.3905,26.5423,9907530,0.007869,51.896259,-0.054739,26.457303,26.483051,0.010825,0.999969
2010-04-28,26.5655,26.5655,25.9911,26.2542,7439821,-0.010855,47.754470,-0.059168,26.462504,26.485092,0.011050,0.999967
2010-04-29,26.4126,26.4126,26.0201,26.1098,13054162,-0.005500,45.782518,-0.073482,26.456728,26.488618,0.011104,0.999962
2010-04-30,26.0658,26.1117,25.9370,25.9487,7608545,-0.006171,43.618154,-0.096712,26.429829,26.495775,0.010914,0.999962
2010-05-03,26.0360,26.0360,25.2801,25.4451,10230313,-0.019409,37.629594,-0.153986,26.361797,26.487480,0.011202,0.999964
2010-05-04,25.3668,25.6954,25.3668,25.6572,7451477,0.008338,41.286817,-0.180178,26.286337,26.473497,0.010871,0.999964
2010-05-05,25.4800,25.6298,25.4009,25.4635,10423345,-0.007550,39.036244,-0.214098,26.208676,26.456530,0.010907,0.999965
2010-05-06,25.3644,25.7017,25.3644,25.4738,5076992,0.000403,39.225334,-0.237415,26.141271,26.446985,0.010882,0.999965
2010-05-07,25.4135,26.0593,25.4135,25.6855,9276226,0.008309,43.140837,-0.236093,26.064906,26.448605,0.010445,0.999965
2010-05-10,25.6700,25.8911,25.6700,25.8849,12104746,0.007764,46.629728,-0.216458,26.002682,26.448599,0.010710,0.999965
2010-05-11,25.9210,26.3993,25.9210,26.1804,7828881,0.011416,51.389519,-0.175035,25.983365,26.448041,0.010196,0.999960
2010-05-12,26.1801,26.1801,26.0899,26.1414,7056836,-0.001489,50.746382,-0.143697,25.986620,26.441885,0.009306,0.999960
2010-05-13,26.0594,26.1870,25.9523,25.9620,14253541,-0.006863,47.783110,-0.131820,26.000272,26.437877,0.008784,0.999960
2010-05-14,26.0039,26.0652,25.8871,25.9376,8527694,-0.000940,47.377783,-0.122959,26.001845,26.431251,0.008589,0.999958
2010-05-17,25.8768,25.8768,25.1069,25.2292,12566553,-0.027310,37.449705,-0.171123,25.964448,26.409358,0.010514,0.999960
2010-05-18,25.1621,25.1621,24.4738,24.6409,7680704,-0.023318,31.538659,-0.253838,25.882109,26.373715,0.011097,0.999959
2010-05-19,24.7413,24.7413,23.9225,24.1126,10435227,-0.021440,27.362032,-0.357894,25.782466,26.319697,0.011808,0.999961
2010-05-20,24.0765,24.0765,23.6204,23.7244,16471843,-0.016101,24.766330,-0.466311,25.659432,26.255860,0.011990,0.999962
2010-05-21,23.7425,23.9979,23.7425,23.8894,9815068,0.006955,27.896951,-0.532777,25.530894,26.189132,0.011775,0.999961
2010-05-24,23.8660,23.8660,23.4448,23.5362,13362836,-0.014784,25.455291,-0.606954,25.390949,26.114707,0.011974,0.999961
2010-05-25,23.7336,23.7336,23.2637,23.3920,10753505,-0.006125,24.512211,-0.669653,25.233434,26.034652,0.011551,0.999960
2010-05-26,23.3667,24.1540,23.3667,23.9098,13186698,0.022133,33.973066,-0.669844,25.116211,25.959017,0.013107,0.999960
2010-05-27,23.8833,23.9207,23.7723,23.7757,9331829,-0.005606,32.826039,-0.673053,24.999507,25.893914,0.013107,0.999961
2010-05-28,23.6535,24.4337,23.6535,24.0734,13583520,0.012518,37.844459,-0.644154,24.905739,25.837423,0.013644,0.999961
2010-05-31,24.1913,24.1913,23.5946,23.7108,6497034,-0.015061,34.466389,-0.643095,24.819024,25.777726,0.013412,0.999962
2010-06-01,23.6783,23.8363,23.3214,23.6402,15091974,-0.002977,33.833199,-0.640568,24.718172,25.722142,0.013125,0.999962
2010-06-02,23.7754,23.7754,23.2723,23.2767,18241414,-0.015375,30.705256,-0.660282,24.608831,25.661533,0.013351,0.999961
2010-06-03,23.2847,23.2847,23.0925,23.1469,13088629,-0.005576,29.651010,-0.678558,24.492487,25.585124,0.013305,0.999959
2010-06-04,23.2110,23.4825,23.2110,23.4778,9399332,0.014296,35.711185,-0.658747,24.382105,25.522894,0.013675,0.999960
2010-06-07,23.4438,23.4438,22.7770,22.8179,16479357,-0.028107,30.135938,-0.688359,24.228758,25.438700,0.014333,0.999965
2010-06-08,22.8299,23.1942,22.8299,22.9887,8935729,0.007482,33.048209,-0.690095,24.069171,25.372652,0.014104,0.999965
2010-06-09,23.0333,23.0996,23.0333,23.0857,13525431,0.004220,34.713531,-0.675853,23.916385,25.311361,0.014265,0.999965
2010-06-10,23.1614,23.1614,22.7251,22.8622,13275725,-0.009678,32.696365,-0.674815,23.761399,25.244099,0.014287,0.999964
2010-06-11,22.8852,22.8852,22.1569,22.3256,8373006,-0.023472,28.424114,-0.709120,23.580801,25.160878,0.014728,0.999966
2010-06-14,22.2644,22.7845,22.1984,22.3591,9812979,0.001501,29.047709,-0.725242,23.437298,25.071947,0.014069,0.999966
2010-06-15,22.2703,22.2703,21.9973,22.1695,17658051,-0.008482,27.583264,-0.744738,23.313727,24.972007,0.013483,0.999966
2010-06-16,22.1155,22.2858,22.1155,22.2610,6327745,0.004130,29.432929,-0.744221,23.221148,24.876893,0.013066,0.999966
2010-06-17,22.3331,22.4069,22.1521,22.2726,8066828,0.000518,29.676451,-0.734416,23.148558,24.785906,0.012775,0.999964
2010-06-18,22.2323,23.0692,22.2323,22.8768,19459194,0.027130,41.142726,-0.670162,23.097931,24.699188,0.014313,0.999967
2010-06-21,22.8507,22.9204,22.6736,22.7901,7565958,-0.003791,40.131206,-0.619102,23.060626,24.612402,0.014006,0.999965
2010-06-22,22.7449,22.7449,22.2270,22.4124,4626449,-0.016572,35.982834,-0.602171,23.011644,24.529316,0.014377,0.999964
2010-06-23,22.4608,22.5722,22.2186,22.4855,10085634,0.003263,37.333753,-0.576209,22.940434,24.457500,0.013285,0.999965
2010-06-24,22.4373,22.5803,22.4317,22.5721,11000393,0.003848,38.974662,-0.542399,22.880251,24.395164,0.013355,0.999965
2010-06-25,22.4318,23.2331,22.4318,23.0921,9537559,0.023038,47.817346,-0.468246,22.831188,24.338883,0.014161,0.999967
2010-06-28,22.7685,23.4304,22.7685,23.4202,7731147,0.014207,52.494322,-0.378641,22.816658,24.287744,0.014250,0.999967
2010-06-29,23.3018,23.6218,23.3018,23.5653,8571197,0.006197,54.439606,-0.292546,22.812913,24.233296,0.014314,0.999967
2010-06-30,23.6172,24.4466,23.6172,24.1453,13292354,0.024612,61.265895,-0.175492,22.856342,24.194092,0.014846,0.999968
2010-07-01,24.1966,24.1966,23.4639,23.6774,11959765,-0.019378,54.209420,-0.119108,22.882865,24.143939,0.015519,0.999970
2010-07-02,23.6117,23.6117,23.0519,23.4292,5249038,-0.010483,50.862521,-0.093377,22.880432,24.083319,0.015411,0.999968
2010-07-05,23.6181,23.6181,22.9610,23.0762,10928061,-0.015066,46.468788,-0.100311,22.893344,24.018141,0.014402,0.999970
2010-07-06,23.1122,23.1122,22.8648,22.9323,10317266,-0.006236,44.770936,-0.116079,22.890525,23.945940,0.014386,0.999969
2010-07-07,22.9721,22.9721,22.3411,22.4191,15898490,-0.022379,39.261269,-0.168049,22.857196,23.869238,0.015181,0.999969
2010-07-08,22.5386,22.9097,22.5386,22.6585,10571329,0.010679,42.797817,-0.187753,22.847009,23.800212,0.015276,0.999968
2010-07-09,22.5631,22.7027,22.5535,22.5835,8032704,-0.003311,41.973060,-0.207036,22.859901,23.732907,0.014303,0.999967
2010-07-12,22.6414,22.6414,21.9639,22.0464,8938510,-0.023783,36.543527,-0.262629,22.844263,23.664933,0.015308,0.999969
2010-07-13,22.1327,22.1327,21.4374,21.6853,6848035,-0.016380,33.413840,-0.332000,22.820052,23.585493,0.015621,0.999970
2010-07-14,21.7068,21.8189,21.6175,21.8056,9144813,0.005548,35.398868,-0.372969,22.797279,23.512334,0.015648,0.999970
2010-07-15,21.7531,22.3566,21.7531,22.1162,8894832,0.014245,40.343655,-0.376038,22.789460,23.445182,0.016011,0.999972
2010-07-16,22.1582,22.9907,22.1582,22.8691,11436872,0.034044,50.278441,-0.314096,22.789074,23.388855,0.016693,0.999973
2010-07-19,22.7016,24.0311,22.7016,24.0037,11406749,0.049611,60.856919,-0.171480,22.849753,23.351230,0.019982,0.999978
2010-07-20,23.9296,24.2937,23.9296,24.1757,10268448,0.007167,62.171086,-0.044066,22.937917,23.311137,0.019471,0.999978
2010-07-21,24.1901,24.1901,23.5936,23.7842,10572652,-0.016192,57.444754,0.025034,23.002852,23.263993,0.019987,0.999979
2010-07-22,23.9596,23.9596,22.7036,22.9629,10308662,-0.034534,49.023543,0.013365,23.022392,23.204011,0.021673,0.999981
2010-07-23,22.9037,23.1748,22.7459,23.0706,12633438,0.004694,50.058144,0.012668,23.021319,23.146673,0.021075,0.999982
2010-07-26,23.0500,23.0500,22.6969,22.7667,6924313,-0.013174,47.152003,-0.012267,22.988647,23.097423,0.021003,0.999982
2010-07-27,22.7984,22.7984,22.5357,22.6168,12964852,-0.006584,45.741587,-0.043620,22.941224,23.056942,0.020961,0.999982
2010-07-28,22.4513,22.5800,22.3473,22.3934,11423176,-0.009880,43.645580,-0.085513,22.853629,23.022557,0.020069,0.999982
2010-07-29,22.4939,22.8011,22.2432,22.3445,3514539,-0.002184,43.179285,-0.121262,22.786984,22.994960,0.019722,0.999981
2010-07-30,22.2158,22.8145,22.2158,22.7521,10735931,0.018242,48.151662,-0.115373,22.753130,22.972214,0.020167,0.999981
2010-08-02,22.6778,22.9056,22.6778,22.8151,8281899,0.002771,48.896583,-0.104415,22.740077,22.957793,0.019918,0.999981
2010-08-03,22.8398,22.8398,22.5764,22.7606,16370272,-0.002392,48.250395,-0.098993,22.731491,22.945163,0.019877,0.999980
2010-08-04,22.5788,22.5788,22.0875,22.3792,5603690,-0.016757,43.885117,-0.124042,22.729494,22.914551,0.019584,0.999981
2010-08-05,22.2808,22.2808,21.5269,21.7709,7290882,-0.027179,37.983354,-0.190774,22.685115,22.874455,0.020322,0.999982
2010-08-06,21.7911,21.7911,21.4928,21.5963,6484210,-0.008020,36.467318,-0.254811,22.635757,22.824914,0.020368,0.999981
2010-08-09,21.6408,21.6638,21.5372,21.5830,8447414,-0.000615,36.348540,-0.303137,22.612591,22.782360,0.019715,0.999981
2010-08-10,21.5730,22.4025,21.5730,22.2291,11815652,0.029934,45.631000,-0.286007,22.639783,22.754138,0.020502,0.999983
2010-08-11,22.1400,22.6434,22.1400,22.2835,12219574,0.002447,46.340411,-0.264989,22.663680,22.734274,0.020481,0.999983
2010-08-12,22.2678,22.6842,22.2678,22.6583,11905917,0.016821,51.078318,-0.215600,22.690787,22.724502,0.020575,0.999983
2010-08-13,22.6105,22.6105,22.3857,22.4748,12524922,-0.008098,48.806420,-0.189086,22.671073,22.704442,0.019167,0.999982
2010-08-16,22.6491,22.6491,21.9804,22.0403,13435921,-0.019332,43.834757,-0.200818,22.572907,22.688890,0.015490,0.999983
2010-08-17,21.9598,21.9598,21.5997,21.6954,7046308,-0.015649,40.323310,-0.235234,22.448895,22.663026,0.015453,0.999983
2010-08-18,21.6931,21.6931,21.3910,21.4423,14949016,-0.011668,37.922148,-0.279712,22.331799,22.630159,0.015318,0.999983
2010-08-19,21.4507,22.2315,21.4507,22.2174,11459928,0.036146,48.110211,-0.249544,22.294523,22.617261,0.016282,0.999984
2010-08-20,22.2454,22.2454,21.8126,21.9207,11175363,-0.013354,45.061582,-0.246732,22.237024,22.609162,0.016419,0.999984
2010-08-23,21.8037,22.2864,21.8037,22.2308,8900691,0.014148,48.719683,-0.216977,22.210228,22.606595,0.016613,0.999984
2010-08-24,22.3468,22.3468,21.7993,21.9065,8549943,-0.014590,45.320948,-0.217065,22.174710,22.601335,0.016848,0.999985
2010-08-25,21.8524,22.3666,21.8524,22.2507,13441598,0.015713,49.358577,-0.187202,22.167574,22.601128,0.017144,0.999985
2010-08-26,22.2073,22.4514,22.2073,22.3957,9690249,0.006517,51.000135,-0.150104,22.170134,22.603590,0.017201,0.999986
2010-08-27,22.4810,22.5814,22.1200,22.3437,11335246,-0.002323,50.369324,-0.123478,22.149713,22.592927,0.016676,0.999985
2010-08-30,22.3879,22.3879,22.2078,22.3323,9061882,-0.000509,50.223107,-0.102117,22.125571,22.583771,0.016655,0.999985
2010-08-31,22.4820,22.4820,21.9599,22.0965,7117475,-0.010556,47.165936,-0.103024,22.092370,22.577453,0.016792,0.999985
2010-09-01,22.1474,22.3562,22.1474,22.2689,10798784,0.007801,49.582573,-0.088809,22.086858,22.573121,0.016501,0.999984
2010-09-02,22.2437,22.2437,21.8974,22.1078,10908386,-0.007237,47.399768,-0.089516,22.103701,22.563835,0.015342,0.999985
2010-09-03,22.1433,22.1433,21.6353,21.6662,9344438,-0.019971,41.950680,-0.124270,22.107197,22.535318,0.015928,0.999985
2010-09-06,21.5806,21.5806,21.0573,21.2169,9775533,-0.020740,37.256356,-0.185928,22.088890,22.491253,0.016609,0.999985
2010-09-07,21.1914,21.4796,21.1524,21.2800,6470589,0.002974,38.300282,-0.227085,22.041434,22.445546,0.015006,0.999984
2010-09-08,21.1818,21.9599,21.1818,21.8489,10582875,0.026735,46.882784,-0.211358,22.019704,22.399619,0.016317,0.999985
2010-09-09,21.7724,22.0603,21.7724,21.9135,12871064,0.002957,47.771364,-0.191474,21.982464,22.364341,0.015813,0.999985
2010-09-10,21.9332,22.0431,21.7268,21.8730,12242617,-0.001847,47.238268,-0.176942,21.952374,22.333219,0.015738,0.999984
2010-09-13,21.8993,22.0465,21.7900,21.9835,10600630,0.005049,48.913511,-0.154730,21.949531,22.311365,0.015198,0.999984
2010-09-14,21.9592,22.5601,21.9592,22.4714,7441812,0.022197,55.618532,-0.096637,21.988331,22.302148,0.015503,0.999984
2010-09-15,22.4536,22.5767,22.4180,22.5567,8677043,0.003792,56.687523,-0.043225,22.044049,22.304900,0.015174,0.999984
2010-09-16,22.6300,22.6300,22.4003,22.4090,10000236,-0.006544,54.249665,-0.012661,22.053633,22.299911,0.013070,0.999984
2010-09-17,22.3583,22.8638,22.3583,22.8295,8902369,0.018762,59.581377,0.044969,22.099074,22.304831,0.013249,0.999984
2010-09-20,22.7186,23.1282,22.7186,22.9970,5230149,0.007337,61.506104,0.102971,22.137383,22.323843,0.013009,0.999984
2010-09-21,22.9305,23.7549,22.9305,23.6025,14520093,0.026329,67.525916,0.195541,22.222183,22.362187,0.013508,0.999981
2010-09-22,23.5243,23.8059,23.5243,23.6840,11203550,0.003453,68.245814,0.272340,22.293849,22.399756,0.013215,0.999981
2010-09-23,23.5293,23.5293,22.9668,23.2161,12547823,-0.019755,60.020583,0.292085,22.334870,22.421754,0.014142,0.999980
2010-09-24,23.2583,23.2583,22.6597,22.7012,16525946,-0.022179,52.518680,0.263151,22.352748,22.418396,0.015117,0.999981
2010-09-27,22.6498,23.4164,22.6498,23.3367,11584186,0.027996,59.283343,0.288181,22.402970,22.405058,0.016276,0.999982
2010-09-28,23.3808,24.0338,23.3808,24.0196,19031863,0.029260,65.045505,0.358979,22.499123,22.401936,0.017035,0.999983
2010-09-29,24.0895,24.0895,23.8063,23.9530,7740135,-0.002771,64.093274,0.405046,22.583328,22.405311,0.017085,0.999982
2010-09-30,24.1414,24.1414,23.7466,23.8042,21552073,-0.006212,61.911384,0.424653,22.668150,22.422138,0.017052,0.999982
2010-10-01,23.8429,24.6258,23.8429,24.3932,7883274,0.024744,66.738332,0.482162,22.804499,22.448590,0.016693,0.999983
2010-10-04,24.3966,24.3966,23.9506,23.9559,8984895,-0.017928,60.597848,0.486837,22.941450,22.472373,0.016465,0.999984
2010-10-05,23.9508,23.9508,23.5028,23.6109,9258947,-0.014401,56.204601,0.457431,23.057996,22.492255,0.017092,0.999984
2010-10-06,23.7319,24.0641,23.6279,23.8737,8858895,0.011130,58.663079,0.450144,23.159236,22.521862,0.016407,0.999983
2010-10-07,23.8615,23.8615,23.5744,23.7238,14279475,-0.006279,56.707604,0.427346,23.249751,22.549448,0.016583,0.999983
2010-10-08,23.7365,23.7815,23.6223,23.7277,12154446,0.000163,56.747675,0.404923,23.342482,22.568960,0.016552,0.999983
2010-10-11,23.8908,23.8908,23.4415,23.6714,6802504,-0.002372,55.936375,0.378251,23.426877,22.586085,0.016615,0.999980
2010-10-12,23.5846,23.9118,23.5846,23.8146,9879232,0.006050,57.597345,0.364467,23.494035,22.607166,0.016059,0.999980
2010-10-13,23.8879,24.5016,23.8879,24.3862,8320625,0.024004,63.509899,0.395117,23.585514,22.647308,0.016731,0.999980
2010-10-14,24.4676,24.4676,24.3401,24.4294,13521496,0.001769,63.918778,0.418069,23.686532,22.700477,0.016557,0.999979
2010-10-15,24.3747,25.0553,24.3706,24.7011,11025682,0.011121,66.467032,0.452958,23.780110,22.762572,0.016295,0.999979
2010-10-18,24.7348,24.7348,23.5700,23.8816,11900644,-0.033174,54.064036,0.409763,23.824342,22.808544,0.018267,0.999979
2010-10-19,23.8910,23.9583,23.8238,23.8666,13266728,-0.000631,53.865071,0.370050,23.837547,22.841293,0.017352,0.999978
2010-10-20,23.8799,23.8799,23.3026,23.5420,7928837,-0.013600,49.626598,0.308826,23.830447,22.866463,0.017627,0.999979
2010-10-21,23.5740,23.5740,23.0724,23.0753,9545854,-0.019824,44.236674,0.220109,23.823406,22.874802,0.017631,0.999980
2010-10-22,23.1813,23.1813,22.7171,22.7477,10419320,-0.014198,40.880055,0.121959,23.825729,22.880258,0.017191,0.999980
2010-10-25,22.7356,22.8292,22.5998,22.6254,4831285,-0.005374,39.670545,0.033919,23.790162,22.891960,0.015929,0.999980
2010-10-26,22.6180,23.0209,22.6180,22.9757,11410256,0.015484,44.718548,-0.007498,23.737971,22.917566,0.014789,0.999980
2010-10-27,23.0594,23.0594,22.2878,22.4771,8921009,-0.021703,39.634856,-0.079641,23.664175,22.938262,0.015425,0.999980
2010-10-28,22.5447,22.5447,22.4293,22.4909,9757580,0.000615,39.839008,-0.134153,23.598510,22.943733,0.015428,0.999978
2010-10-29,22.4951,22.4951,22.1111,22.3199,11703385,-0.007604,38.120979,-0.188976,23.494842,22.951717,0.014029,0.999980
2010-11-01,22.3724,22.3724,22.1102,22.2092,9803811,-0.004958,37.008816,-0.238603,23.407508,22.951285,0.013663,0.999978
2010-11-02,22.2666,22.8831,22.2666,22.5881,12864091,0.017058,43.125659,-0.244546,23.356365,22.964917,0.014166,0.999978
2010-11-03,22.4898,22.9027,22.4898,22.7985,15109387,0.009317,46.248451,-0.229626,23.302606,22.975874,0.014082,0.999978
2010-11-04,22.7640,23.3344,22.7640,23.3158,9105955,0.022688,53.068686,-0.174058,23.282203,22.994276,0.015095,0.999978
2010-11-05,23.2402,23.3325,23.2402,23.2609,16106750,-0.002354,52.310298,-0.132916,23.258864,23.012620,0.015097,0.999979
2010-11-08,23.3699,23.3699,22.6602,23.0051,18209081,-0.010997,48.809008,-0.119573,23.225548,23.026076,0.015264,0.999977
2010-11-09,23.1539,23.2418,22.6855,22.9302,10638059,-0.003254,47.800580,-0.113729,23.181329,23.042750,0.015169,0.999975
2010-11-10,23.1404,23.2887,22.9102,23.0286,12983556,0.004290,49.283281,-0.100007,23.113446,23.057943,0.014001,0.999975
2010-11-11,23.0906,23.2675,23.0857,23.1022,3967723,0.003197,50.418448,-0.082243,23.047087,23.077832,0.014029,0.999972
2010-11-12,22.9979,22.9979,22.6227,22.6945,9379395,-0.017647,44.481294,-0.099911,22.946760,23.098397,0.014013,0.999973
2010-11-15,22.6766,22.7594,22.6761,22.7341,14053899,0.001746,45.157357,-0.109453,22.889386,23.128742,0.012271,0.999973
2010-11-16,22.7825,22.9964,22.7825,22.8234,14852318,0.003927,46.730890,-0.108561,22.837229,23.159611,0.012348,0.999972
2010-11-17,22.9495,23.8173,22.9495,23.8011,14160933,0.042836,60.199539,-0.028635,22.850183,23.198654,0.015612,0.999975
2010-11-18,23.7750,24.7641,23.7750,24.5619,13806445,0.031967,67.158863,0.095007,22.924516,23.251622,0.016315,0.999977
2010-11-19,24.4526,24.4532,24.0481,24.2220,10200597,-0.013838,61.947729,0.163680,22.998234,23.298602,0.016295,0.999978
2010-11-22,23.9649,24.2567,23.8218,24.1101,5753604,-0.004619,60.289289,0.206693,23.072470,23.341135,0.016275,0.999977
2010-11-23,24.1157,24.1157,23.3418,23.5343,18254955,-0.023885,52.499185,0.192099,23.100397,23.362392,0.017085,0.999978
2010-11-24,23.5580,23.5580,23.0478,23.3123,11517219,-0.009432,49.826629,0.160768,23.142157,23.377505,0.016422,0.999978
2010-11-25,23.3235,23.4841,23.2983,23.4367,15401545,0.005337,51.322391,0.144314,23.189447,23.398058,0.016435,0.999977
2010-11-26,23.3070,23.9199,23.3070,23.9142,16924522,0.020375,56.662467,0.167870,23.269164,23.419753,0.016746,0.999976
2010-11-29,23.6770,23.7941,23.4613,23.6325,10923807,-0.011779,52.970820,0.161942,23.340330,23.432464,0.016996,0.999976
2010-11-30,23.5183,23.5183,23.3286,23.3850,13125626,-0.010476,49.894112,0.135704,23.380176,23.428115,0.016934,0.999977
2010-12-01,23.3660,23.3660,22.5526,22.5742,8523112,-0.034672,41.410808,0.048921,23.368960,23.405919,0.018682,0.999976
2010-12-02,22.6944,22.6944,22.4792,22.5207,14190330,-0.002370,40.916544,-0.023896,23.329207,23.392010,0.017880,0.999976
2010-12-03,22.5252,22.5252,21.6855,22.1340,6431364,-0.017170,37.437853,-0.111519,23.272864,23.380667,0.018218,0.999977
2010-12-06,22.1741,22.1741,21.8623,21.9445,8431475,-0.008562,35.829944,-0.194018,23.219835,23.352822,0.018165,0.999977
2010-12-07,21.8428,21.8428,21.6153,21.6297,10508288,-0.014345,33.273753,-0.281553,23.154810,23.305024,0.018367,0.999976
2010-12-08,21.7030,21.8061,21.3978,21.6004,6805336,-0.001354,33.037572,-0.349263,23.083402,23.257972,0.018296,0.999977
2010-12-09,21.5976,21.5976,20.9027,20.9859,13189499,-0.028451,28.471204,-0.447356,22.977585,23.201606,0.019080,0.999977
2010-12-10,21.1233,21.1233,20.3841,20.4831,17032121,-0.023959,25.380274,-0.559222,22.867012,23.123402,0.019357,0.999977
2010-12-13,20.5973,21.6457,20.5973,21.2218,11330838,0.036068,36.319429,-0.581559,22.791397,23.068721,0.021395,0.999979
2010-12-14,21.2188,21.2188,20.7467,20.7744,10687826,-0.021082,33.149987,-0.628122,22.688948,23.011992,0.021684,0.999980
2010-12-15,20.6472,20.6472,20.3043,20.4020,13079119,-0.017926,30.745018,-0.687152,22.518997,22.942558,0.018768,0.999980
2010-12-16,20.4255,21.0852,20.4255,21.0378,11938182,0.031163,38.895705,-0.674852,22.342792,22.888839,0.018679,0.999981
2010-12-17,20.9651,22.3013,20.9651,22.0807,26192706,0.049572,49.412754,-0.574330,22.235727,22.855900,0.022538,0.999983
2010-12-20,22.0792,22.0792,21.6207,21.6589,9133451,-0.019105,45.966400,-0.522680,22.113164,22.815650,0.022778,0.999982
2010-12-21,21.6115,21.6115,21.5090,21.5334,8165351,-0.005792,44.962097,-0.486265,22.013121,22.770027,0.022348,0.999981
2010-12-22,21.5861,21.6813,21.5384,21.6564,12051505,0.005709,46.202444,-0.442387,21.930324,22.715429,0.022418,0.999980
2010-12-23,21.6471,22.3996,21.6471,22.2926,10893200,0.029380,52.206386,-0.352212,21.873119,22.672694,0.023530,0.999981
2010-12-24,22.3772,22.3772,21.7486,21.9360,16015551,-0.015999,48.911259,-0.305999,21.774207,22.617392,0.023092,0.999981
2010-12-27,21.9046,21.9046,21.7919,21.8501,10832284,-0.003914,48.123813,-0.273154,21.685085,22.576762,0.023020,0.999980
2010-12-28,21.8823,22.4560,21.8823,22.1417,9514804,0.013345,51.008635,-0.221047,21.622922,22.542264,0.023264,0.999980
2010-12-29,22.1437,22.4087,22.1437,22.3076,10071508,0.007491,52.622588,-0.164472,21.609591,22.517576,0.022073,0.999980
2010-12-30,22.4238,22.4238,22.1285,22.1751,9812474,-0.005937,51.172996,-0.128837,21.592313,22.499573,0.022104,0.999980
2010-12-31,22.1892,22.2138,21.9698,22.1323,11701103,-0.001931,50.686884,-0.102865,21.592228,22.487266,0.021761,0.999980
2011-01-03,22.0306,22.0306,21.6111,21.6358,14213808,-0.022435,45.310906,-0.120955,21.576792,22.467473,0.022271,0.999981
2011-01-04,21.5018,21.6927,21.5018,21.5564,7940512,-0.003668,44.498675,-0.140080,21.573127,22.439087,0.022048,0.999981
2011-01-05,21.5856,21.5856,21.4309,21.4651,7264355,-0.004235,43.531784,-0.160750,21.566362,22.418848,0.022067,0.999981
2011-01-06,21.4986,21.6786,21.4986,21.5503,8343352,0.003970,44.738874,-0.168315,21.594586,22.400036,0.021040,0.999980
2011-01-07,21.5036,21.5036,21.2996,21.3574,24061141,-0.008951,42.523140,-0.187711,21.638305,22.380787,0.020339,0.999980
2011-01-10,21.4758,21.5710,21.3536,21.5253,8884497,0.007860,45.072658,-0.187377,21.653480,22.367110,0.018793,0.999979
2011-01-11,21.5042,21.9223,21.5042,21.8912,8479085,0.016995,50.251399,-0.155797,21.709315,22.353172,0.018375,0.999978
2011-01-12,21.9316,22.0498,21.8785,21.9537,7824031,0.002857,51.100328,-0.124289,21.786898,22.336275,0.017719,0.999978
2011-01-13,22.0545,22.2441,21.9635,22.0889,9312982,0.006160,52.968825,-0.087400,21.839453,22.311739,0.016530,0.999978
2011-01-14,22.0959,22.3742,21.9751,22.1113,9700518,0.001011,53.286210,-0.055721,21.840979,22.288746,0.012283,0.999977
2011-01-17,22.0981,22.2618,22.0970,22.1192,7890667,0.000358,53.406159,-0.029636,21.863993,22.271028,0.011419,0.999977
2011-01-18,22.2355,22.2355,21.8440,21.8666,8058672,-0.011418,49.072909,-0.029007,21.880652,22.249756,0.011665,0.999975
2011-01-19,21.8320,21.9909,21.8320,21.9827,11270875,0.005307,51.038816,-0.018927,21.896968,22.228838,0.011656,0.999974
2011-01-20,22.1631,22.1631,21.7285,21.9498,7334872,-0.001496,50.444611,-0.013436,21.879826,22.205789,0.009523,0.999974
2011-01-21,21.9923,22.8793,21.9923,22.7283,14456423,0.035470,61.787932,0.053126,21.919444,22.206466,0.011850,0.999976
2011-01-24,22.7669,23.3867,22.7669,23.3388,10671679,0.026857,67.977025,0.153364,21.993876,22.218558,0.013005,0.999977
2011-01-25,23.4812,23.5092,23.3468,23.4990,5717557,0.006866,69.379124,0.242933,22.061740,22.232069,0.012823,0.999976
2011-01-26,23.5710,23.5710,23.0327,23.2130,14218897,-0.012171,63.993641,0.287525,22.107012,22.220308,0.013213,0.999975
2011-01-27,23.2797,23.2797,22.7474,22.7910,8424799,-0.018180,56.966559,0.285520,22.137804,22.184889,0.013871,0.999975
2011-01-28,22.7764,23.3634,22.7764,23.2515,12514071,0.020205,61.884725,0.317429,22.193761,22.165477,0.014456,0.999975
2011-01-31,23.3562,23.5186,22.9589,23.3588,12517269,0.004618,62.948049,0.347377,22.279914,22.150451,0.013205,0.999977
2011-02-01,23.2914,23.6060,23.2863,23.5517,13535544,0.008258,64.845456,0.382269,22.379679,22.150800,0.013114,0.999978
2011-02-02,23.5551,23.5551,22.6742,22.8845,11124466,-0.028329,54.457385,0.352025,22.450648,22.142244,0.014939,0.999979
2011-02-03,22.9378,23.5339,22.9378,23.2473,7082731,0.015852,58.363063,0.353258,22.535496,22.138456,0.015201,0.999979
2011-02-04,23.2711,23.4534,23.2711,23.4279,9313777,0.007768,60.193191,0.364604,22.639017,22.128729,0.014914,0.999978
2011-02-07,23.6532,23.6532,22.9682,23.0037,11607516,-0.018104,54.170858,0.335504,22.712939,22.116153,0.015735,0.999979
2011-02-08,23.0190,23.0190,22.7603,22.8312,6782105,-0.007501,51.896017,0.295116,22.759940,22.105077,0.015578,0.999979
2011-02-09,22.7941,23.1137,22.7427,22.9394,13430676,0.004737,53.222059,0.268738,22.809223,22.112381,0.015587,0.999977
2011-02-10,22.8797,23.0168,22.7890,22.9632,6296739,0.001038,53.525856,0.246909,22.852935,22.121230,0.015563,0.999976
2011-02-11,22.9384,22.9609,22.8379,22.8580,13086926,-0.004580,51.922248,0.218603,22.890272,22.135710,0.015633,0.999976
2011-02-14,23.0604,23.0604,22.8228,22.8247,7725981,-0.001457,51.397223,0.191279,22.925549,22.153314,0.015647,0.999976
2011-02-15,22.8589,22.8589,22.6283,22.7329,8173532,-0.004022,49.899071,0.160368,22.968863,22.175377,0.015406,0.999975
2011-02-16,22.8225,22.8342,22.7867,22.7953,8433919,0.002746,50.946113,0.139301,23.009495,22.199275,0.015389,0.999975
2011-02-17,22.7322,23.3739,22.7322,23.3646,11720814,0.024975,59.299970,0.166624,23.080238,22.246850,0.016196,0.999977
2011-02-18,23.2145,23.2145,22.3755,22.3938,18623635,-0.041550,45.172847,0.108690,23.063513,22.285066,0.017254,0.999978
2011-02-21,22.3008,22.3633,22.1653,22.3113,9962013,-0.003684,44.208979,0.055480,23.012142,22.306856,0.016002,0.999978
2011-02-22,22.2064,22.7088,22.2064,22.3840,8266209,0.003257,45.315860,0.018956,22.956392,22.339047,0.015916,0.999978
2011-02-23,22.3425,22.6256,22.3054,22.4974,9876639,0.005065,47.079999,-0.000831,22.920612,22.380954,0.015820,0.999978
2011-02-24,22.5586,22.6133,22.1321,22.3641,12715026,-0.005926,45.232177,-0.026959,22.899267,22.407478,0.015368,0.999978
2011-02-25,22.4123,22.4123,21.6705,21.7277,15141614,-0.028457,37.638312,-0.097891,22.823076,22.400417,0.015711,0.999979
2011-02-28,21.7956,21.9714,21.6911,21.8523,11181600,0.005736,39.770873,-0.142407,22.747749,22.404285,0.015742,0.999979
2011-03-01,21.8343,22.5428,21.8343,22.4901,14393168,0.029189,49.322344,-0.124778,22.694670,22.423419,0.017175,0.999980
2011-03-02,22.4702,22.4702,21.7145,21.9291,12057578,-0.024944,42.881363,-0.154296,22.646901,22.428875,0.016919,0.999980
2011-03-03,21.9229,22.4925,21.9229,22.2569,11950675,0.014946,47.218197,-0.149518,22.597382,22.428161,0.016869,0.999979
2011-03-04,22.2556,22.4097,22.0977,22.1410,9307199,-0.005209,45.890917,-0.153319,22.533036,22.432261,0.016721,0.999978
2011-03-07,22.1072,22.1284,22.1072,22.1206,10528755,-0.000918,45.648566,-0.156172,22.488881,22.437671,0.016324,0.999976
2011-03-08,22.1663,22.1663,21.6320,21.7429,13126601,-0.017078,41.285837,-0.186763,22.434464,22.429694,0.016637,0.999976
2011-03-09,21.7498,21.7498,21.4448,21.6276,9297952,-0.005301,40.028887,-0.217797,22.368876,22.416095,0.016564,0.999976
2011-03-10,21.7534,22.2615,21.7534,22.1016,12035263,0.021917,47.154538,-0.201817,22.325798,22.414624,0.017454,0.999975
2011-03-11,22.0720,22.3371,22.0720,22.3235,11019158,0.010041,50.141462,-0.169294,22.299075,22.418448,0.017635,0.999972
2011-03-14,22.3539,23.0300,22.3539,22.9820,13525635,0.029495,57.768343,-0.089359,22.306938,22.445372,0.018908,0.999972
2011-03-15,22.9385,23.5733,22.9385,23.4436,11888046,0.020088,62.141272,0.011114,22.342474,22.483116,0.019367,0.999972
2011-03-16,23.3220,23.9226,23.1711,23.6183,11182990,0.007450,63.673664,0.103638,22.383621,22.526179,0.019408,0.999973
2011-03-17,23.6521,24.5551,23.6521,24.3193,19869434,0.029680,69.083049,0.230866,22.431353,22.581557,0.019728,0.999973
2011-03-18,24.3183,24.6029,24.3183,24.5006,11497796,0.007459,70.314850,0.342385,22.536694,22.644421,0.016841,0.999972
2011-03-21,24.5981,25.1192,24.5981,24.8462,11929253,0.014104,72.557969,0.453422,22.663437,22.710839,0.016848,0.999973
2011-03-22,24.9024,24.9024,24.6620,24.7302,11910774,-0.004667,70.629079,0.525998,22.780748,22.767620,0.016997,0.999973
2011-03-23,24.7320,24.8158,24.7320,24.7643,11847354,0.001379,70.874367,0.579586,22.894096,22.823833,0.017018,0.999973
2011-03-24,24.7288,24.8674,24.3412,24.4878,9132055,-0.011167,66.058273,0.592906,23.000283,22.871811,0.017233,0.999973
2011-03-25,24.5655,24.9071,24.5655,24.9003,4982789,0.016846,69.398822,0.629493,23.158917,22.927592,0.015542,0.999973
2011-03-28,24.8616,24.8616,24.3254,24.4234,7453853,-0.019153,61.823284,0.612940,23.287473,22.973677,0.016604,0.999973
2011-03-29,24.3152,24.8025,24.3152,24.7477,9567590,0.013277,64.648868,0.618853,23.400350,23.031298,0.015781,0.999973
2011-03-30,24.5863,24.7910,24.5863,24.6771,6411141,-0.002852,63.546399,0.610804,23.537748,23.085187,0.014283,0.999973
2011-03-31,24.6376,25.4811,24.6376,25.1625,21070435,0.019669,67.634110,0.636256,23.683027,23.149441,0.014476,0.999973
2011-04-01,25.1013,25.5245,25.1013,25.4798,13497189,0.012611,70.002397,0.674260,23.849969,23.204470,0.014281,0.999972
2011-04-04,25.3844,26.5122,25.3844,26.2635,11692532,0.030757,74.889247,0.758868,24.057111,23.262965,0.015074,0.999976
2011-04-05,26.2374,26.6575,26.2374,26.5926,7704826,0.012530,76.612249,0.842760,24.299598,23.324837,0.013807,0.999977
2011-04-06,26.7179,26.7179,25.9063,25.9153,18468754,-0.025470,66.498690,0.844853,24.513981,23.378882,0.015617,0.999977
2011-04-07,25.8745,25.9158,25.5916,25.8927,9437900,-0.000869,66.185665,0.835067,24.703537,23.440918,0.015471,0.999977
2011-04-08,25.9953,25.9953,25.3646,25.3997,14401028,-0.019040,59.577797,0.778555,24.857348,23.483883,0.016600,0.999979
2011-04-11,25.5039,25.5039,25.1456,25.1869,11597440,-0.008378,56.935488,0.708433,24.967596,23.520445,0.016001,0.999979
2011-04-12,25.0195,26.1821,25.0195,25.8295,9107410,0.025512,62.363606,0.696679,25.086891,23.566001,0.016319,0.999981
2011-04-13,26.0036,26.1475,25.9077,26.1143,12472497,0.011027,64.499669,0.702253,25.211695,23.630597,0.016367,0.999982
2011-04-14,26.2041,26.2041,25.7476,25.8171,7125254,-0.011382,60.632389,0.674906,25.286587,23.681993,0.015691,0.999983
2011-04-15,25.7738,25.7738,25.2705,25.3912,10605924,-0.016497,55.497523,0.611813,25.331114,23.721260,0.016246,0.999982
2011-04-18,25.2852,25.5867,25.2852,25.4094,23352739,0.000718,55.670589,0.556863,25.359275,23.769373,0.015991,0.999982
2011-04-19,25.3816,25.3816,24.7676,24.9049,10728993,-0.019855,49.888941,0.467220,25.368009,23.810848,0.016634,0.999983
2011-04-20,24.9230,24.9230,24.5811,24.6301,11477378,-0.011035,47.023865,0.369738,25.361296,23.844662,0.016829,0.999983
2011-04-21,24.8728,25.1034,24.6830,24.7607,9611350,0.005303,48.536587,0.299569,25.374941,23.880613,0.016663,0.999982
2011-04-22,24.8377,25.3982,24.8377,25.2443,13670709,0.019532,53.796955,0.279759,25.392141,23.928339,0.016810,0.999982
2011-04-25,25.2483,25.7112,25.2483,25.5097,12857004,0.010512,56.428674,0.282219,25.446454,23.982039,0.016255,0.999982
2011-04-26,25.4478,25.4478,24.2766,24.5642,9497365,-0.037062,46.308019,0.205510,25.437282,24.018666,0.018242,0.999982
2011-04-27,24.4893,24.7331,24.4893,24.6940,7633695,0.005283,47.694751,0.153420,25.438127,24.056640,0.018271,0.999982
2011-04-28,24.6401,24.7617,24.5750,24.7296,8769752,0.001442,48.090920,0.113702,25.416484,24.083940,0.017694,0.999982
2011-04-29,24.6783,25.3072,24.6783,24.9064,8303305,0.007150,50.111667,0.095393,25.387817,24.134192,0.017519,0.999982
2011-05-02,25.0382,25.6191,25.0382,25.5867,12439877,0.027312,57.039982,0.134226,25.353976,24.199699,0.017204,0.999982
2011-05-03,25.6281,25.6281,24.7113,24.7317,7531361,-0.033415,48.014415,0.094919,25.260933,24.246653,0.018311,0.999983
2011-05-04,24.7232,24.8143,24.4762,24.4981,16984295,-0.009448,45.877836,0.044400,25.190072,24.286666,0.017636,0.999983
2011-05-05,24.5028,24.8409,24.5028,24.7457,17862404,0.010109,48.493862,0.024070,25.132721,24.334299,0.017864,0.999984
2011-05-06,24.5629,24.5629,23.9845,24.1143,8089047,-0.025517,42.811701,-0.042504,25.068447,24.382031,0.018241,0.999983
2011-05-09,24.1867,24.7735,24.1867,24.7140,17151033,0.024872,48.932373,-0.046335,25.044801,24.439266,0.019163,0.999983
2011-05-10,24.7273,25.1355,24.7273,24.8698,11924709,0.006302,50.416434,-0.036384,24.996814,24.486859,0.018235,0.999984
2011-05-11,24.8741,25.3114,24.8741,25.2290,10926802,0.014443,53.754348,0.000481,24.952545,24.552855,0.018377,0.999984
2011-05-12,25.2907,25.2907,24.7965,24.9939,5954743,-0.009319,51.319119,0.010603,24.911383,24.607594,0.018324,0.999983
2011-05-13,24.9244,25.4355,24.9244,25.3366,13496280,0.013712,54.551216,0.045751,24.908651,24.671506,0.018264,0.999981
2011-05-16,25.3073,25.8660,25.3073,25.7907,9885372,0.017925,58.484965,0.108996,24.927716,24.744907,0.018698,0.999981
2011-05-17,25.7853,26.2321,25.7853,25.8962,7343261,0.004091,59.364863,0.165722,24.977281,24.827975,0.018053,0.999981
2011-05-18,26.1891,26.1891,25.9108,25.9980,7693619,0.003931,60.240435,0.216397,25.045678,24.915383,0.017788,0.999980
2011-05-19,26.0611,26.1514,25.9445,26.1191,8052966,0.004656,61.308196,0.263290,25.113597,24.995732,0.017784,0.999979
2011-05-20,26.0957,26.0957,25.6594,25.7545,10212290,-0.013958,56.396241,0.267947,25.139106,25.064352,0.017705,0.999979
2011-05-23,25.7109,25.7809,25.7004,25.7005,7656334,-0.002098,55.684163,0.264232,25.148646,25.118722,0.017578,0.999978
2011-05-24,25.6720,25.7027,25.6213,25.6394,11679349,-0.002376,54.841559,0.253439,25.202405,25.162638,0.015229,0.999977
2011-05-25,25.5513,25.8801,25.5513,25.8075,8368829,0.006554,56.780089,0.255501,25.258077,25.206422,0.015245,0.999976
2011-05-26,25.8156,26.3681,25.8156,26.2460,8283727,0.016994,61.433300,0.289190,25.333898,25.244958,0.015590,0.999979
2011-05-27,26.1966,26.1966,25.6553,25.7949,8394116,-0.017189,54.886981,0.276300,25.378320,25.270842,0.016195,0.999979
2011-05-30,25.8513,25.8513,25.7343,25.7433,11428169,-0.001999,54.176302,0.258939,25.386152,25.288785,0.015059,0.999979
2011-05-31,25.6577,26.5639,25.6577,26.3896,13690794,0.025103,60.992362,0.293938,25.469044,25.321971,0.013770,0.999979
2011-06-01,26.1670,26.1670,25.9898,26.0715,11138227,-0.012051,56.535735,0.292640,25.547719,25.348115,0.013909,0.999979
2011-06-02,25.9877,25.9877,25.6847,25.7272,10614830,-0.013207,52.097031,0.260820,25.596794,25.372904,0.014273,0.999979
2011-06-03,25.6059,25.8809,25.4938,25.8168,11644913,0.003481,53.127832,0.240063,25.681920,25.391232,0.012713,0.999978
2011-06-06,25.7070,26.2918,25.7070,26.1858,11362921,0.014296,57.213809,0.250505,25.755511,25.426481,0.011976,0.999979
2011-06-07,26.1132,26.2682,26.1132,26.1941,7004294,0.000316,57.303703,0.256493,25.821729,25.455410,0.011963,0.999980
2011-06-08,26.2973,26.9981,26.2973,26.7811,15349568,0.022407,63.206767,0.305081,25.899334,25.497489,0.012496,0.999981
2011-06-09,26.8459,27.2750,26.8459,27.1683,8710109,0.014460,66.498036,0.370566,26.008058,25.537606,0.012387,0.999982
2011-06-10,27.3664,27.8068,27.3285,27.5514,10597725,0.014099,69.412598,0.448205,26.118799,25.579038,0.012403,0.999982
2011-06-13,27.6893,28.0364,27.6025,27.8107,8327633,0.009412,71.236892,0.524612,26.219797,25.609982,0.012050,0.999982
2011-06-14,27.9294,29.0191,27.9294,28.9137,12304986,0.039660,77.408733,0.666484,26.370670,25.656404,0.014470,0.999980
2011-06-15,28.9247,28.9247,28.4955,28.8204,8018041,-0.003227,75.924467,0.762598,26.511788,25.714506,0.014602,0.999980
2011-06-16,28.9903,28.9903,27.6996,27.8860,13159853,-0.032419,62.915984,0.754679,26.600136,25.754372,0.016862,0.999981
2011-06-17,28.0621,28.6652,28.0621,28.6465,7151525,0.027269,67.757933,0.800535,26.744735,25.819307,0.017145,0.999980
2011-06-20,28.5860,28.5860,28.4063,28.4378,10240534,-0.007284,65.240663,0.810693,26.881602,25.884325,0.017304,0.999980
2011-06-21,28.3741,28.5625,28.2606,28.4941,8142040,0.001981,65.612056,0.813907,27.024339,25.937617,0.017230,0.999980
2011-06-22,28.4452,29.2107,28.4452,29.1242,8073088,0.022111,69.533169,0.857408,27.190174,25.997814,0.017630,0.999980
2011-06-23,29.2044,29.2044,28.2042,28.3682,10000935,-0.025959,60.603101,0.821410,27.296280,26.048835,0.018823,0.999981
2011-06-24,28.5898,28.5898,27.6755,27.7912,5808331,-0.020338,54.817251,0.737821,27.396096,26.096835,0.019022,0.999982
2011-06-27,27.7520,27.7520,26.9321,27.0650,11317148,-0.026131,48.535970,0.605991,27.462179,26.129947,0.020149,0.999981
2011-06-28,26.9575,26.9575,26.5823,26.7147,6850729,-0.012942,45.809442,0.467858,27.478437,26.166143,0.019713,0.999982
2011-06-29,26.5187,27.1857,26.5187,26.9201,13655561,0.007687,47.665557,0.370683,27.520863,26.211942,0.019530,0.999981
2011-06-30,26.9847,27.1706,26.8723,27.1623,9622771,0.008999,49.847874,0.309649,27.592618,26.259974,0.019262,0.999981
2011-07-01,27.1901,27.5609,27.0895,27.2940,10434574,0.004848,51.043017,0.268807,27.666479,26.300968,0.019266,0.999980
2011-07-04,27.4930,27.4930,26.5832,26.6702,14224099,-0.022855,45.510384,0.183982,27.690696,26.324178,0.019897,0.999981
2011-07-05,26.7419,26.7419,25.5651,25.6716,8206358,-0.037442,38.345225,0.035768,27.664571,26.346326,0.021686,0.999981
2011-07-06,25.6547,25.7467,25.4745,25.7002,11012925,0.001113,38.642942,-0.078482,27.610527,26.366449,0.021000,0.999982
2011-07-07,25.5578,25.6577,25.1297,25.5054,7722146,-0.007580,37.319928,-0.182640,27.527379,26.381964,0.020675,0.999982
2011-07-08,25.6091,25.7300,25.6091,25.7067,16009407,0.007892,39.620143,-0.246107,27.435143,26.397968,0.020451,0.999982
2011-07-11,25.7695,26.2521,25.7695,26.0184,16494456,0.012127,43.102515,-0.268160,27.345528,26.406602,0.020548,0.999981
2011-07-12,26.2384,26.2384,25.8535,26.0854,7191092,0.002574,43.851611,-0.277040,27.204112,26.433675,0.017999,0.999981
2011-07-13,26.1895,26.5560,26.1895,26.4223,21055346,0.012917,47.590920,-0.253961,27.084209,26.472160,0.018438,0.999982
2011-07-14,26.6339,26.8148,26.4053,26.5230,8405246,0.003812,48.690803,-0.224951,27.016057,26.507706,0.017259,0.999981
2011-07-15,26.6055,26.8150,26.6055,26.7598,10938591,0.008928,51.279914,-0.180768,26.921724,26.560618,0.016047,0.999980
2011-07-18,26.8028,26.8028,26.3137,26.4536,12305913,-0.011445,47.912625,-0.168523,26.822512,26.595409,0.016128,0.999981
2011-07-19,26.6216,26.6216,26.2079,26.3788,10071000,-0.002827,47.099367,-0.162973,26.716744,26.625589,0.016078,0.999979
2011-07-20,26.4233,26.7884,26.2529,26.4711,11323044,0.003499,48.266448,-0.149407,26.584088,26.650431,0.015007,0.999979
2011-07-21,26.4668,26.8799,26.4668,26.8380,14092507,0.013862,52.731637,-0.107803,26.507582,26.687315,0.014670,0.999979
2011-07-22,26.7815,26.8495,26.5946,26.6738,11484823,-0.006118,50.625961,-0.087077,26.451712,26.714060,0.014102,0.999979
2011-07-25,26.7456,26.9796,26.7456,26.9100,17333356,0.008854,53.502174,-0.051006,26.443963,26.736445,0.013078,0.999978
2011-07-26,26.9877,26.9877,26.7622,26.7965,20883767,-0.004219,51.936040,-0.031220,26.448051,26.754450,0.012772,0.999976
2011-07-27,26.7638,26.7683,26.5992,26.7473,11721623,-0.001835,51.236318,-0.019286,26.439412,26.769436,0.012657,0.999976
2011-07-28,26.5897,27.3923,26.5897,27.1220,6687262,0.014009,56.090156,0.020175,26.437396,26.789494,0.012897,0.999976
2011-07-29,27.4216,27.4216,26.1935,26.2472,11552916,-0.032255,44.862532,-0.018925,26.385055,26.799348,0.014705,0.999977
2011-08-01,26.0785,26.1446,25.3062,25.6959,8184092,-0.021002,39.497431,-0.093316,26.336343,26.799257,0.014571,0.999977
2011-08-02,25.6242,25.6242,24.9135,25.0787,11915109,-0.024021,34.519394,-0.199775,26.306698,26.788043,0.013073,0.999978
2011-08-03,25.1526,25.1526,24.0663,24.1337,22102403,-0.037682,28.580314,-0.356291,26.228373,26.754567,0.015401,0.999979
2011-08-04,24.2159,24.2159,23.7078,23.8685,9987637,-0.010989,27.167635,-0.496014,26.146529,26.707016,0.015472,0.999979
2011-08-05,23.7438,24.4330,23.7438,24.1700,6187104,0.012631,31.323251,-0.575781,26.069694,26.674518,0.015686,0.999979
2011-08-08,24.2103,24.2103,23.9985,24.0614,10086314,-0.004490,30.645442,-0.640372,25.971847,26.640880,0.015280,0.999979
2011-08-09,24.1149,24.3015,24.0824,24.1498,7386187,0.003672,31.937000,-0.676631,25.875069,26.596085,0.015306,0.999978
2011-08-10,24.2424,24.7624,24.2424,24.5913,9655584,0.018282,38.136061,-0.662108,25.783520,26.566481,0.015656,0.999980
2011-08-11,24.6004,25.1689,24.6004,25.1432,7696103,0.022443,44.892790,-0.599157,25.714530,26.554801,0.016635,0.999980
2011-08-12,25.1599,25.2240,24.9134,25.1223,5031848,-0.000834,44.693115,-0.544681,25.632652,26.540911,0.016423,0.999980
2011-08-15,25.1234,25.9814,25.1234,25.6979,16630294,0.022913,51.121900,-0.449874,25.594868,26.531151,0.017271,0.999981
2011-08-16,25.7750,25.8897,25.5314,25.7405,9585815,0.001660,51.571025,-0.367066,25.562956,26.522080,0.017279,0.999981
2011-08-17,25.8128,25.8128,25.1477,25.3926,16310747,-0.013516,47.718759,-0.325758,25.509034,26.494311,0.017460,0.999981
2011-08-18,25.2619,25.2619,24.9516,25.1504,11436028,-0.009541,45.187474,-0.309008,25.424651,26.453952,0.017127,0.999981
2011-08-19,25.2431,25.2431,24.5209,24.5461,10049438,-0.024025,39.552105,-0.340565,25.318267,26.393847,0.017750,0.999981
2011-08-22,24.6889,24.6889,24.1150,24.1877,9135969,-0.014604,36.633356,-0.390003,25.182150,26.321386,0.017630,0.999981
2011-08-23,24.2603,24.2603,23.8887,24.0520,15544639,-0.005607,35.563997,-0.435111,25.044928,26.224154,0.017629,0.999980
2011-08-24,24.1351,24.5110,24.1351,24.3782,8140815,0.013562,40.093259,-0.439473,24.926475,26.135311,0.018115,0.999981
2011-08-25,24.4804,25.1343,24.4804,25.0888,9847745,0.029149,48.573823,-0.381198,24.824816,26.079366,0.019211,0.999981
2011-08-26,25.3576,25.3576,24.3459,24.5236,13083779,-0.022527,43.321022,-0.376281,24.738639,25.996909,0.018563,0.999982
2011-08-29,24.5528,24.8417,24.3812,24.6906,7690780,0.006807,45.205720,-0.354824,24.688370,25.921964,0.018199,0.999982
2011-08-30,24.7610,24.7610,24.2112,24.2757,12740469,-0.016801,41.511524,-0.367061,24.648223,25.837596,0.017803,0.999982
2011-08-31,24.2099,24.5457,24.2099,24.4731,13147181,0.008128,43.861495,-0.356726,24.665191,25.744574,0.015725,0.999982
2011-09-01,24.4979,24.4979,24.3585,24.4225,6593310,-0.002068,43.380128,-0.348599,24.692889,25.665660,0.015498,0.999981
2011-09-02,24.3907,24.3907,23.6585,23.6975,12387647,-0.029683,37.098422,-0.396090,24.669267,25.583786,0.016705,0.999982
2011-09-05,23.6570,24.2933,23.6570,24.0711,7061627,0.015763,41.776917,-0.398985,24.669748,25.523908,0.017083,0.999982
2011-09-06,24.1175,24.1175,23.6053,23.8372,12479159,-0.009717,39.781623,-0.415366,24.654116,25.466357,0.017200,0.999984
2011-09-07,23.8327,23.8327,23.5736,23.6366,10533607,-0.008415,38.101035,-0.439467,24.606379,25.400687,0.016693,0.999983
2011-09-08,23.6492,23.6492,22.7508,23.2266,7991311,-0.017346,34.859425,-0.486049,24.510546,25.321972,0.016003,0.999983
2011-09-09,23.2175,23.2175,22.9465,22.9799,9848845,-0.010619,33.038376,-0.536681,24.403429,25.235691,0.016055,0.999983
2011-09-12,23.0079,23.3568,23.0079,23.1490,11807284,0.007355,35.524168,-0.556750,24.275982,25.165266,0.015009,0.999983
2011-09-13,23.1736,23.2187,23.0665,23.0823,11230232,-0.002878,34.973111,-0.571443,24.143072,25.113480,0.014936,0.999983
2011-09-14,23.0969,23.2704,23.0969,23.2123,7812901,0.005629,37.025028,-0.566077,24.034054,25.063722,0.014997,0.999983
2011-09-15,23.0236,23.4877,23.0236,23.3531,16906732,0.006066,39.261540,-0.544191,23.944189,25.020676,0.015119,0.999981
2011-09-16,23.2558,24.2614,23.2558,23.8724,8209651,0.022240,46.771184,-0.479411,23.910504,24.983991,0.015365,0.999981
2011-09-19,23.8177,23.9430,23.4099,23.7382,8885340,-0.005621,45.215736,-0.433898,23.888033,24.938389,0.015084,0.999980
2011-09-20,23.6403,23.6403,23.0189,23.1676,10716644,-0.024040,39.238892,-0.438820,23.843810,24.880033,0.015931,0.999981
2011-09-21,23.2087,23.6854,23.2087,23.5849,6405122,0.018012,44.967392,-0.404386,23.804142,24.823284,0.016185,0.999982
2011-09-22,23.7089,23.7089,23.4052,23.4585,7059903,-0.005356,43.626463,-0.382877,23.722628,24.761995,0.014494,0.999981
2011-09-23,23.5384,23.9509,23.5384,23.8982,17745436,0.018743,49.294008,-0.326587,23.691357,24.704763,0.014543,0.999982
2011-09-26,23.7683,24.2165,23.7683,24.0551,9303191,0.006566,51.180439,-0.266246,23.659586,24.656794,0.014536,0.999982
2011-09-27,24.0352,24.1300,23.9676,24.0053,12126393,-0.002072,50.537276,-0.219912,23.646064,24.609324,0.014070,0.999979
2011-09-28,24.0503,24.2924,24.0380,24.1497,12638173,0.006015,52.403117,-0.169586,23.629895,24.562897,0.014010,0.999979
2011-09-29,24.2346,25.0521,24.2346,24.9510,14708275,0.033183,61.160268,-0.064299,23.656325,24.525157,0.015901,0.999978
2011-09-30,24.8328,25.9100,24.8328,25.8306,19330148,0.035250,68.097835,0.089086,23.762977,24.508292,0.015895,0.999979
2011-10-03,25.7409,25.9064,25.7409,25.8700,10631989,0.001528,68.370885,0.211392,23.852926,24.487493,0.015678,0.999979
2011-10-04,25.7538,26.0820,25.7538,25.9414,11005854,0.002759,68.889459,0.310502,23.958140,24.470392,0.015360,0.999979
2011-10-05,25.7906,26.4879,25.7906,26.4179,10733785,0.018367,72.169468,0.422621,24.097205,24.463804,0.015356,0.999978
2011-10-06,26.3789,26.3789,25.8406,26.0610,17110181,-0.013507,66.513553,0.477183,24.238929,24.442585,0.015074,0.999979
2011-10-07,26.2608,26.3161,26.1840,26.2107,7698470,0.005742,67.658237,0.526430,24.400468,24.441855,0.014567,0.999979
2011-10-10,26.3138,26.3138,26.1672,26.2022,9516256,-0.000322,67.517997,0.558341,24.553132,24.451982,0.014650,0.999978
2011-10-11,26.2032,26.4390,26.2032,26.3479,15757989,0.005560,68.722574,0.588600,24.716412,24.477366,0.014492,0.999978
2011-10-12,26.3720,26.3720,25.8873,25.9906,7715488,-0.013562,62.590799,0.577094,24.855327,24.514504,0.015188,0.999978
2011-10-13,25.9987,25.9987,25.1828,25.3165,10198722,-0.025937,52.985942,0.507728,24.953498,24.543464,0.016760,0.999979
2011-10-14,25.3298,25.3298,24.3347,24.4681,8092399,-0.033509,43.863675,0.379921,24.983283,24.549427,0.018174,0.999980
2011-10-17,24.5041,24.5041,23.9723,24.0259,14534831,-0.018075,39.997503,0.240178,24.997665,24.548716,0.018635,0.999980
2011-10-18,23.9004,23.9004,23.7876,23.8472,6496115,-0.007436,38.520548,0.113704,25.031647,24.542664,0.017824,0.999980
2011-10-19,23.8587,23.8587,23.7220,23.7406,8762511,-0.004472,37.627248,0.004811,25.039432,24.525649,0.017439,0.999980
2011-10-20,23.7857,24.5524,23.7857,24.5227,13543630,0.032945,47.282297,-0.018166,25.092641,24.513239,0.018814,0.999980
2011-10-21,24.5162,25.0422,24.5162,24.9830,11275032,0.018769,51.991946,0.000756,25.146879,24.510453,0.018815,0.999979
2011-10-24,24.9902,24.9902,24.5010,24.5910,12128573,-0.015691,48.054383,-0.015698,25.173670,24.488315,0.019209,0.999979
2011-10-25,24.5461,24.9277,24.5461,24.7438,13121052,0.006217,49.655628,-0.016216,25.210598,24.468381,0.019222,0.999977
2011-10-26,24.8484,24.8484,24.4559,24.5837,7450420,-0.006474,47.986375,-0.029216,25.232296,24.452202,0.019277,0.999977
2011-10-27,24.5516,24.6311,24.2461,24.4685,9678210,-0.004682,46.769696,-0.048251,25.208171,24.438565,0.017756,0.999975
2011-10-28,24.5342,24.6145,24.4121,24.5469,8653619,0.003204,47.741535,-0.056360,25.143990,24.438582,0.015651,0.999975
2011-10-31,24.6717,25.0069,24.6717,24.8049,13339677,0.010510,50.917420,-0.041490,25.090735,24.450927,0.015897,0.999975
2011-11-01,24.8269,24.8269,24.5715,24.6724,10515500,-0.005342,49.261692,-0.039937,25.027287,24.463336,0.015873,0.999976
2011-11-02,24.6965,25.1756,24.6965,25.1190,5236026,0.018098,54.617658,-0.002644,24.962341,24.478151,0.015855,0.999976
2011-11-03,25.0660,25.0660,24.5267,24.6546,16118755,-0.018487,48.843237,-0.010439,24.892019,24.469466,0.016076,0.999976
2011-11-04,24.7348,24.7348,24.5784,24.6592,5395026,0.000186,48.900567,-0.016063,24.814443,24.472177,0.015971,0.999975
2011-11-07,24.7328,25.8564,24.7328,25.7497,18278664,0.044224,60.315017,0.066708,24.791817,24.493360,0.019144,0.999976
2011-11-08,25.6793,25.9243,25.6793,25.8520,9158012,0.003973,61.190893,0.138958,24.767022,24.524886,0.019120,0.999977
2011-11-09,25.8274,26.5148,25.8274,26.4798,12925886,0.024283,66.130369,0.244059,24.791482,24.565020,0.019653,0.999977
2011-11-10,26.4140,26.7144,26.4140,26.5236,9376939,0.001653,66.451069,0.327114,24.851837,24.607043,0.018594,0.999977
2011-11-11,26.4226,27.0119,26.4226,26.7881,7358386,0.009974,68.398246,0.409561,24.967835,24.668854,0.016598,0.999976
2011-11-14,27.0094,27.0094,26.5482,26.7659,6558343,-0.000828,68.041532,0.467719,25.104838,24.722752,0.015782,0.999976
2011-11-15,26.8344,26.8344,26.5939,26.6904,9991621,-0.002823,66.764599,0.501927,25.246995,24.779816,0.015616,0.999975
2011-11-16,26.7810,26.7810,26.1562,26.3536,20136636,-0.012619,61.247171,0.496141,25.377645,24.834156,0.015998,0.999975
2011-11-17,26.2769,26.6232,26.2769,26.5473,12673166,0.007350,63.134108,0.501405,25.478873,24.900570,0.014641,0.999974
2011-11-18,26.6570,26.6570,26.0734,26.1800,8796193,-0.013834,57.424939,0.470519,25.538724,24.964571,0.014734,0.999973
2011-11-21,26.1611,26.5636,26.1611,26.4728,12464364,0.011183,60.492202,0.464314,25.632815,25.031048,0.014209,0.999972
2011-11-22,26.4284,27.1061,26.4284,26.9594,11798456,0.018382,65.004978,0.492980,25.743594,25.108590,0.014574,0.999973
2011-11-23,26.8861,27.1873,26.8562,27.1295,13126563,0.006309,66.447627,0.523391,25.870886,25.186935,0.014351,0.999973
2011-11-24,27.3350,27.3350,26.8228,27.0072,6998576,-0.004507,64.392759,0.531498,25.997821,25.260018,0.014344,0.999973
2011-11-25,27.1404,27.2651,27.0614,27.2104,6670261,0.007521,66.259545,0.547997,26.130992,25.326777,0.014348,0.999970
2011-11-28,27.0623,27.1013,26.9929,27.0791,8863557,-0.004822,63.927865,0.544211,26.244702,25.393595,0.014462,0.999969
2011-11-29,26.8571,27.6295,26.8571,27.5098,13806191,0.015905,67.918519,0.569400,26.386572,25.480440,0.014481,0.999969
2011-11-30,27.5310,27.5310,26.5324,26.6926,16934427,-0.029707,55.395448,0.517453,26.465253,25.542595,0.016151,0.999972
2011-12-01,26.8394,26.8394,26.2418,26.5504,11840803,-0.005328,53.545081,0.459512,26.560042,25.604432,0.015477,0.999971
2011-12-02,26.6292,26.6292,25.4817,25.6945,7832940,-0.032235,44.016926,0.340605,26.611808,25.640358,0.017450,0.999972
2011-12-05,25.5387,25.5387,24.8317,25.0688,14408157,-0.024353,38.607689,0.193647,26.577762,25.660630,0.015372,0.999973
2011-12-06,25.0233,25.7525,25.0233,25.6491,10277640,0.023148,45.318882,0.122594,26.567614,25.693506,0.016285,0.999974
2011-12-07,25.4334,26.1859,25.4334,26.0361,12587446,0.015088,49.299439,0.096401,26.545429,25.731234,0.015673,0.999974
2011-12-08,25.9157,25.9157,25.5720,25.7366,9148000,-0.011501,46.480092,0.050893,26.506083,25.746946,0.015843,0.999975
2011-12-09,25.8705,25.8705,24.8833,25.1090,9825089,-0.024386,41.166196,-0.035405,26.422129,25.732515,0.016400,0.999975
2011-12-12,25.3031,25.3031,23.7806,23.9102,11646052,-0.047745,33.328087,-0.198248,26.279344,25.693319,0.019178,0.999976
2011-12-13,23.9088,23.9088,23.5716,23.6992,10722790,-0.008827,32.166835,-0.340408,26.129784,25.648473,0.019181,0.999975
2011-12-14,23.8060,24.6903,23.8060,24.6752,14662153,0.041186,42.197241,-0.370044,26.045867,25.613621,0.021766,0.999976
2011-12-15,24.5312,24.8966,24.5312,24.8621,9409893,0.007571,43.906952,-0.374143,25.961607,25.589641,0.021772,0.999976
2011-12-16,24.9960,24.9960,24.6339,24.6400,10775463,-0.008934,42.304907,-0.390808,25.884605,25.558226,0.021671,0.999976
2011-12-19,24.4583,24.8418,24.4583,24.8336,10371715,0.007858,44.215651,-0.383967,25.802643,25.530853,0.021571,0.999976
2011-12-20,24.7427,24.7427,24.1131,24.2010,14369223,-0.025472,39.601111,-0.424692,25.664723,25.487914,0.021515,0.999977
2011-12-21,24.0761,24.2076,24.0576,24.0830,12488421,-0.004877,38.787720,-0.461174,25.512397,25.449762,0.021346,0.999976
2011-12-22,24.1657,24.3308,24.0815,24.1277,7115801,0.001858,39.296792,-0.480932,25.368421,25.425987,0.021412,0.999976
2011-12-23,24.0726,24.1450,24.0164,24.0987,10966074,-0.001205,39.069376,-0.493251,25.212835,25.418598,0.021223,0.999974
2011-12-26,24.2608,24.5639,24.2608,24.4227,12164623,0.013448,43.026273,-0.471429,25.080014,25.426535,0.021658,0.999975
2011-12-27,24.3611,24.5849,24.3611,24.5690,7951332,0.005990,44.769866,-0.437289,24.932973,25.440971,0.021266,0.999976
2011-12-28,24.5088,24.8992,24.5088,24.8460,7021154,0.011273,48.013804,-0.383464,24.840643,25.463079,0.020771,0.999976
2011-12-29,24.9267,24.9267,24.5330,24.5692,25561202,-0.011139,45.159485,-0.359001,24.741585,25.464010,0.020841,0.999977
2011-12-30,24.4151,25.1058,24.4151,24.9421,7718027,0.015175,49.513508,-0.306002,24.703962,25.463191,0.020103,0.999977
2012-01-02,24.9607,25.6483,24.9607,25.6246,8779171,0.027363,56.346127,-0.206547,24.731751,25.483863,0.020306,0.999978
2012-01-03,25.6401,25.6401,25.0947,25.2205,13059801,-0.015768,51.870554,-0.158505,24.710323,25.493396,0.019963,0.999978
2012-01-04,25.1986,25.1986,24.7662,24.8534,7205890,-0.014557,48.129620,-0.148346,24.651187,25.498790,0.019833,0.999977
2012-01-05,24.8833,25.5413,24.8833,25.4115,9540708,0.022458,53.607584,-0.094171,24.634932,25.517650,0.020433,0.999977
2012-01-06,25.2262,25.4701,25.1142,25.3351,10982285,-0.003008,52.785438,-0.056750,24.646234,25.533413,0.019659,0.999977
2012-01-09,25.4186,26.2304,25.4186,25.9385,16100928,0.023815,58.230866,0.021347,24.747646,25.556083,0.016677,0.999977
2012-01-10,25.8828,25.8828,25.7412,25.7565,7032310,-0.007015,56.128567,0.067776,24.850514,25.577764,0.016607,0.999977
2012-01-11,25.6568,26.5192,25.6568,26.3971,9098968,0.024871,61.410830,0.154481,24.936607,25.603327,0.015025,0.999976
2012-01-12,26.4541,26.6234,26.2329,26.4616,9087932,0.002442,61.907820,0.225793,25.016581,25.639466,0.014995,0.999976
2012-01-13,26.3944,26.5912,26.3944,26.5853,9455685,0.004677,62.895965,0.288965,25.113850,25.677989,0.014721,0.999975
2012-01-16,26.6605,27.3223,26.6605,27.2876,15066850,0.026415,67.972676,0.391185,25.236550,25.708746,0.015544,0.999975
2012-01-17,27.4564,27.5208,26.9627,27.1339,9385833,-0.005631,65.849529,0.454556,25.383195,25.734383,0.014072,0.999976
2012-01-18,27.0114,27.0114,26.6623,26.7196,10328436,-0.015270,60.373534,0.465972,25.515024,25.739179,0.014667,0.999976
2012-01-19,26.7218,26.7218,26.4158,26.5234,7074545,-0.007343,57.917356,0.453955,25.634805,25.739175,0.014923,0.999977
2012-01-20,26.3343,26.9944,26.3343,26.7276,10202521,0.007699,59.752476,0.455655,25.766250,25.737963,0.014866,0.999977
2012-01-23,26.8043,26.8043,25.7607,26.0448,12405516,-0.025543,51.643666,0.397333,25.847355,25.723542,0.016234,0.999978
2012-01-24,25.9760,26.4526,25.9760,26.3240,8885144,0.010718,54.370388,0.369380,25.935104,25.716214,0.016309,0.999978
2012-01-25,26.2760,26.3060,25.9978,26.0983,9674386,-0.008572,51.826369,0.325270,25.997721,25.711110,0.016420,0.999977
2012-01-26,26.0690,26.7113,26.0690,26.6043,10812863,0.019387,56.716722,0.327365,26.099475,25.712250,0.016495,0.999977
2012-01-27,26.4536,26.4536,25.5578,25.5732,11038905,-0.038756,46.383237,0.243025,26.131034,25.700115,0.018834,0.999979
2012-01-30,25.6223,25.6223,25.1497,25.2438,8193562,-0.012883,43.646833,0.147895,26.111994,25.675534,0.018050,0.999979
2012-01-31,25.2726,25.2726,24.4076,24.5526,13066157,-0.027381,38.513295,0.016541,26.078598,25.627398,0.018737,0.999979
2012-02-01,24.6785,24.6785,23.9694,24.2230,7161283,-0.013422,36.319887,-0.112851,26.047080,25.569268,0.018696,0.999979
2012-02-02,24.0922,24.6601,24.0922,24.3306,6707894,0.004440,37.569577,-0.204359,25.993033,25.515735,0.017919,0.999979
2012-02-03,24.1935,24.3436,23.9593,24.2629,15623083,-0.002781,37.076700,-0.279122,25.939425,25.456786,0.017918,0.999979
2012-02-06,24.5001,24.5001,23.8970,24.1684,8608817,-0.003897,36.358809,-0.342058,25.850921,25.398571,0.016856,0.999979
2012-02-07,24.3492,24.4758,23.8882,24.1133,10409694,-0.002280,35.922301,-0.391865,25.768759,25.330639,0.016836,0.999981
2012-02-08,24.2203,24.4668,23.9676,24.1986,4449300,0.003538,37.179888,-0.419616,25.658834,25.280759,0.015597,0.999980
2012-02-09,24.2841,24.2841,23.5786,23.8010,12357025,-0.016432,33.845765,-0.468295,25.525805,25.225771,0.015743,0.999980
2012-02-10,23.7480,24.1645,23.7480,24.0882,12033448,0.012069,38.160301,-0.478182,25.400950,25.193645,0.016069,0.999980
2012-02-13,24.0877,24.4548,24.0877,24.3653,12970504,0.011502,42.083502,-0.458378,25.254836,25.179575,0.014844,0.999979
2012-02-14,24.4925,24.6381,24.4370,24.5267,7639494,0.006624,44.300274,-0.424764,25.124474,25.157127,0.015091,0.999979
2012-02-15,24.5383,24.8492,24.5383,24.7627,11194901,0.009623,47.467002,-0.374760,25.026631,25.131659,0.015219,0.999979
2012-02-16,24.7896,25.0269,24.7162,24.8962,14101397,0.005390,49.225041,-0.320665,24.945271,25.114850,0.015324,0.999978
2012-02-17,24.7110,26.0318,24.7110,25.7590,13273075,0.034657,58.819495,-0.205798,24.896843,25.127849,0.017369,0.999980
2012-02-20,25.8119,25.8119,25.6863,25.7267,10487436,-0.001253,58.375000,-0.116033,24.880937,25.164179,0.016438,0.999979
2012-02-21,25.9239,25.9239,25.1719,25.6051,12846763,-0.004728,56.638522,-0.054085,24.844991,25.202297,0.016246,0.999979
2012-02-22,25.5821,25.5821,25.1839,25.2952,20785090,-0.012104,52.364159,-0.029656,24.804832,25.214696,0.016348,0.999978
2012-02-23,25.0838,25.0838,24.7304,24.8716,10739912,-0.016746,47.128879,-0.043971,24.718195,25.214885,0.015917,0.999978
2012-02-24,24.9776,24.9776,24.0915,24.3649,23666762,-0.020369,41.752519,-0.095099,24.657781,25.209385,0.014196,0.999978
2012-02-27,24.3638,24.3638,23.8526,24.0141,10293362,-0.014401,38.478377,-0.162063,24.596295,25.192995,0.014259,0.999977
2012-02-28,24.0639,24.0639,23.9393,23.9893,9786705,-0.001030,38.250756,-0.214654,24.568132,25.188761,0.012990,0.999976
2012-02-29,23.8264,24.3838,23.8264,24.1248,9033555,0.005648,40.333617,-0.242604,24.563222,25.189598,0.012734,0.999975
2012-03-01,24.1481,24.3671,24.1170,24.1519,7828726,0.001122,40.763532,-0.259577,24.554287,25.190081,0.012693,0.999976
2012-03-02,24.1841,24.1841,23.7414,23.8587,11371118,-0.012139,37.603333,-0.293304,24.534076,25.185282,0.012959,0.999973
2012-03-05,23.8813,24.4478,23.8813,24.2230,10647200,0.015270,43.468510,-0.287324,24.536809,25.181288,0.013415,0.999974
2012-03-06,24.2168,24.7005,24.2168,24.5287,11100851,0.012618,47.893788,-0.254981,24.557580,25.180482,0.013682,0.999974
2012-03-07,24.4400,24.4939,24.4400,24.4713,10708611,-0.002338,47.148026,-0.231310,24.571217,25.172989,0.013686,0.999972
2012-03-08,24.3238,24.3508,24.1827,24.2116,11328428,-0.010614,43.819930,-0.230849,24.591748,25.165836,0.013362,0.999972
2012-03-09,24.2061,24.6892,24.2061,24.4382,7194231,0.009359,47.313960,-0.209781,24.609246,25.155759,0.013256,0.999972
2012-03-12,24.4521,24.5729,24.4521,24.5204,7304337,0.003363,48.563547,-0.184327,24.617002,25.133676,0.013034,0.999973
2012-03-13,24.5840,24.5840,23.8389,23.9416,10365813,-0.023603,41.160723,-0.208452,24.587750,25.108098,0.013991,0.999972
2012-03-14,24.0455,24.0455,23.6960,23.9207,11242799,-0.000875,40.917698,-0.226648,24.545650,25.089445,0.013762,0.999974
2012-03-15,23.8826,24.1430,23.8826,24.0272,10514678,0.004453,42.769041,-0.229824,24.502204,25.061758,0.013739,0.999973
2012-03-16,24.0014,24.0014,23.6182,23.6761,11233644,-0.014615,38.487705,-0.257705,24.398057,25.028578,0.011029,0.999974
2012-03-19,23.6311,23.9113,23.6311,23.7570,6563939,0.003417,39.978346,-0.270160,24.299569,24.984948,0.011142,0.999973
2012-03-20,23.8017,23.8017,22.8116,23.1970,11705503,-0.023570,33.861592,-0.321508,24.179165,24.933758,0.011980,0.999974
2012-03-21,23.3568,23.7656,23.3568,23.7253,10815986,0.022775,42.760123,-0.315929,24.100673,24.880322,0.013332,0.999974
2012-03-22,23.7729,24.3727,23.7729,24.2242,7168984,0.021026,49.648628,-0.268165,24.068303,24.835574,0.013960,0.999974
2012-03-23,24.1086,24.5546,24.0892,24.1271,9340763,-0.004007,48.427450,-0.235429,24.056411,24.786410,0.013240,0.999974
2012-03-26,24.1227,24.3307,24.0873,24.2823,6550112,0.006434,50.523471,-0.194715,24.069825,24.726305,0.012896,0.999974
2012-03-27,24.2025,24.2025,23.2164,23.3399,10331025,-0.038813,39.916264,-0.235780,24.037351,24.650424,0.015630,0.999972
2012-03-28,23.2777,23.2777,22.8024,22.8971,9957384,-0.018972,36.083258,-0.300590,23.975964,24.573974,0.016022,0.999972
2012-03-29,22.8948,22.8948,22.7207,22.7915,11801864,-0.004611,35.214928,-0.356364,23.907944,24.499337,0.016006,0.999971
2012-03-30,22.6658,22.6658,22.3706,22.3938,12545835,-0.017448,32.083232,-0.427723,23.834699,24.412662,0.016212,0.999972
2012-04-02,22.4360,22.6926,22.4360,22.6659,7844605,0.012150,36.259751,-0.457054,23.756841,24.345083,0.016041,0.999971
2012-04-03,22.5360,23.5783,22.5360,23.4333,9389109,0.033858,46.292064,-0.413606,23.702072,24.287269,0.017754,0.999974
2012-04-04,23.3997,23.3997,22.7836,22.9870,9132585,-0.019045,42.138478,-0.410453,23.627856,24.225043,0.018153,0.999975
2012-04-05,23.0167,23.0167,22.4381,22.6782,11505650,-0.013434,39.497553,-0.427939,23.551187,24.146521,0.018226,0.999975
2012-04-06,22.7024,22.9970,22.5229,22.7701,9793101,0.004050,40.688322,-0.429434,23.467781,24.090458,0.018073,0.999975
2012-04-09,22.7465,23.4125,22.7465,23.3915,15013880,0.027293,48.126700,-0.376138,23.411338,24.053413,0.019293,0.999975
2012-04-10,23.6294,23.6294,22.8107,22.9266,8727633,-0.019876,43.710199,-0.367182,23.360586,24.020894,0.019093,0.999975
2012-04-11,22.7886,23.0372,22.7661,23.0252,11031649,0.004298,44.865151,-0.348121,23.315809,23.996936,0.019143,0.999975
2012-04-12,22.9518,23.7792,22.9518,23.7310,17960582,0.030656,52.398890,-0.272911,23.300998,23.984945,0.020442,0.999977
2012-04-13,23.9395,23.9395,22.9195,23.0947,12322692,-0.026814,46.262030,-0.261636,23.271930,23.961580,0.021060,0.999978
2012-04-16,23.0828,23.0828,22.5374,22.6128,8032507,-0.020865,42.228560,-0.288261,23.214723,23.930469,0.021486,0.999978
2012-04-17,22.6886,22.6886,22.2977,22.4595,7825902,-0.006779,41.003730,-0.318065,23.177849,23.897394,0.020929,0.999978
2012-04-18,22.4453,22.4453,22.2631,22.2724,6702400,-0.008333,39.497619,-0.352720,23.105202,23.858869,0.020180,0.999978
2012-04-19,22.2528,22.8808,22.2528,22.5795,8631612,0.013791,43.186276,-0.351348,23.022971,23.834441,0.019789,0.999978
2012-04-20,22.3946,22.8048,22.3946,22.6789,14228755,0.004402,44.368296,-0.338340,22.950564,23.806255,0.019863,0.999976
2012-04-23,22.6983,22.6983,22.0187,22.0254,20354890,-0.028816,38.671854,-0.376424,22.837719,23.759458,0.020543,0.999978
2012-04-24,22.1050,22.2561,22.1050,22.2184,5018982,0.008761,41.077561,-0.386579,22.781647,23.713293,0.019083,0.999977
2012-04-25,22.2708,22.2708,21.9750,22.0134,8086246,-0.009228,39.313101,-0.406484,22.737463,23.658307,0.018756,0.999977
2012-04-26,22.0010,22.5082,22.0010,22.4896,11006804,0.021634,45.201271,-0.379457,22.722370,23.610177,0.019454,0.999978
2012-04-27,22.4604,22.4604,22.1396,22.2595,14039386,-0.010232,43.028767,-0.372315,22.715655,23.540187,0.019188,0.999977
2012-04-30,22.2571,22.2571,21.8986,22.0296,13471478,-0.010327,40.913399,-0.380813,22.683843,23.466245,0.019089,0.999977
2012-05-01,22.0208,22.2321,22.0208,22.2310,12912977,0.009141,43.532431,-0.367068,22.623729,23.398764,0.017424,0.999977
2012-05-02,22.2855,22.6132,22.2855,22.5186,16537460,0.012934,47.135688,-0.329177,22.600305,23.343232,0.017292,0.999978
2012-05-03,22.7411,22.8716,22.5964,22.6872,8452810,0.007491,49.184310,-0.282283,22.600757,23.299546,0.017125,0.999976
2012-05-04,22.4368,22.4368,21.8805,22.0658,14415066,-0.027390,42.630486,-0.291897,22.565545,23.253564,0.018161,0.999977
2012-05-07,22.0849,22.4273,22.0849,22.2681,15456117,0.009168,45.190981,-0.279964,22.509375,23.218645,0.017072,0.999978
2012-05-08,22.2516,22.2516,21.7414,21.8942,9823746,-0.016794,41.503332,-0.297257,22.457754,23.176742,0.016919,0.999978
2012-05-09,21.9101,22.1158,21.8121,21.9842,13195116,0.004111,42.715064,-0.300238,22.405705,23.133929,0.016915,0.999978
2012-05-10,22.0241,22.0241,21.3139,21.4733,9595379,-0.023237,37.915043,-0.339903,22.292822,23.080358,0.015656,0.999980
2012-05-11,21.3635,21.8021,21.3635,21.6360,9411394,0.007576,40.218971,-0.354128,22.219888,23.035905,0.014993,0.999980
2012-05-14,21.7020,21.7020,21.3056,21.3545,9642607,-0.013009,37.617918,-0.383692,22.156974,22.978535,0.014602,0.999981
2012-05-15,21.4568,21.4568,20.6858,20.9082,11754545,-0.020900,33.876734,-0.438085,22.079410,22.906126,0.015139,0.999981
2012-05-16,20.7875,21.4468,20.7875,21.1638,11814032,0.012224,37.697917,-0.455319,22.023982,22.839975,0.015485,0.999981
2012-05-17,21.1925,21.4735,21.1925,21.2516,8328134,0.004147,39.001491,-0.456632,21.957584,22.780775,0.015098,0.999981
2012-05-18,21.1748,21.1748,21.0263,21.0451,8455626,-0.009714,37.038340,-0.468926,21.875893,22.712914,0.015068,0.999980
2012-05-21,21.0892,21.6610,21.0892,21.5608,11173969,0.024505,44.547233,-0.432074,21.852664,22.653723,0.015093,0.999981
2012-05-22,21.5873,21.5873,21.3985,21.4085,14900369,-0.007064,42.919167,-0.410428,21.812170,22.603061,0.014971,0.999981
2012-05-23,21.3162,21.5120,21.1696,21.4216,8986332,0.000608,43.110527,-0.387754,21.782578,22.553078,0.014873,0.999981
2012-05-24,21.3530,21.6476,21.3530,21.5208,10273842,0.004632,44.634073,-0.357655,21.734135,22.502949,0.013954,0.999981
2012-05-25,21.5092,21.5092,21.2534,21.3079,9419272,-0.009893,42.032893,-0.346981,21.686553,22.455585,0.013944,0.999982
2012-05-28,21.2252,21.5581,21.2252,21.4830,11089891,0.008217,44.877922,-0.320697,21.659219,22.410105,0.013983,0.999982
2012-05-29,21.6217,21.6217,21.2794,21.2937,14491156,-0.008810,42.452216,-0.311548,21.612353,22.372039,0.013863,0.999980
2012-05-30,21.2315,21.3973,21.1509,21.1559,10286866,-0.006471,40.726381,-0.311821,21.544219,22.320650,0.013431,0.999979
2012-05-31,21.2225,21.6803,21.2225,21.6437,11009053,0.023056,48.680050,-0.269572,21.492040,22.269041,0.014482,0.999980
2012-06-01,21.7120,21.7120,21.0835,21.2753,16489089,-0.017020,43.890234,-0.262783,21.452513,22.212005,0.013699,0.999980
2012-06-04,21.3037,21.3037,20.4022,20.4461,10018426,-0.038974,35.437678,-0.320615,21.361413,22.135280,0.015758,0.999980
2012-06-05,20.5565,21.0721,20.5565,21.0063,7837656,0.027396,43.371615,-0.317588,21.317017,22.088608,0.016944,0.999980
2012-06-06,20.9050,21.9751,20.9050,21.9174,14447249,0.043375,53.402678,-0.238912,21.313679,22.069015,0.019727,0.999981
2012-06-07,21.9680,21.9680,21.5424,21.7759,9365033,-0.006459,51.865490,-0.185842,21.328805,22.048703,0.019029,0.999981
2012-06-08,21.7475,21.7475,21.0547,21.0947,10824090,-0.031280,45.133520,-0.196480,21.301739,22.022721,0.020253,0.999981
2012-06-11,21.0313,21.0313,20.9885,20.9902,17020219,-0.004954,44.185978,-0.210912,21.283523,21.989208,0.020082,0.999981
2012-06-12,21.0424,21.0424,20.8292,20.8937,13837328,-0.004598,43.282222,-0.227514,21.282797,21.938416,0.019542,0.999980
2012-06-13,20.9624,20.9624,20.6852,20.8293,11626844,-0.003082,42.655369,-0.243065,21.266072,21.895262,0.019342,0.999980
2012-06-14,20.7908,20.7908,20.4249,20.4550,17195805,-0.017972,39.108901,-0.282342,21.226241,21.850797,0.019685,0.999979
2012-06-15,20.3772,20.6855,20.3772,20.6542,13212997,0.009742,41.879058,-0.294000,21.206697,21.808480,0.019750,0.999979
2012-06-18,20.4878,20.9071,20.4878,20.8397,10739998,0.008981,44.414108,-0.284986,21.170641,21.757444,0.018996,0.999980
2012-06-19,20.9088,20.9088,20.2704,20.3332,10953599,-0.024306,39.364959,-0.315083,21.116875,21.705577,0.019640,0.999981
2012-06-20,20.3175,20.6302,20.3175,20.5757,10816183,0.011927,42.722463,-0.315726,21.074584,21.656588,0.019893,0.999982
2012-06-21,20.5528,21.3846,20.5528,21.2906,18941432,0.034743,51.285194,-0.255606,21.063076,21.607780,0.021483,0.999983
2012-06-22,21.2840,21.4116,21.2840,21.3550,8287753,0.003024,51.981359,-0.200454,21.065431,21.572986,0.021374,0.999983
2012-06-25,21.2816,21.4062,21.1031,21.2432,13273845,-0.005235,50.628364,-0.163878,21.053443,21.545593,0.021324,0.999982
2012-06-26,21.1539,21.2876,21.1539,21.1969,15134116,-0.002179,50.047573,-0.137045,21.048604,21.520341,0.021237,0.999981
2012-06-27,21.0844,21.4426,21.0844,21.4165,8082465,0.010358,52.813108,-0.096946,21.061633,21.503223,0.021301,0.999981
2012-06-28,21.3887,21.3887,20.7230,20.8108,5883544,-0.028282,45.352989,-0.112744,21.019987,21.467847,0.021573,0.999982
2012-06-29,20.6819,20.8777,20.4918,20.8730,9272928,0.002993,46.194703,-0.118867,20.999874,21.431729,0.021289,0.999982
2012-07-02,20.8875,20.9279,20.7345,20.7453,7465859,-0.006122,44.674462,-0.132504,21.014831,21.406125,0.019364,0.999981
2012-07-03,20.6656,21.4197,20.6656,21.3945,7515215,0.031296,53.116588,-0.089886,21.034243,21.389647,0.019662,0.999981
2012-07-04,21.4213,21.5453,21.2868,21.3397,11459876,-0.002562,52.389740,-0.059844,21.005357,21.376173,0.016962,0.999981
2012-07-05,21.3691,21.9793,21.3691,21.9451,12724751,0.028371,59.054265,0.012671,21.013820,21.365283,0.018140,0.999981
2012-07-06,21.8785,21.8785,21.5157,21.5520,10217101,-0.017913,53.789420,0.037983,21.036686,21.351133,0.017124,0.999980
2012-07-09,21.5794,21.9099,21.5794,21.7734,8769377,0.010271,56.159703,0.075040,21.075844,21.346008,0.017174,0.999979
2012-07-10,21.7315,22.0612,21.7305,21.8970,9626631,0.005679,57.472010,0.113082,21.126011,21.339329,0.017120,0.999978
2012-07-11,22.0153,22.0153,21.4953,21.5902,7425584,-0.014012,53.215433,0.117122,21.164055,21.320762,0.017478,0.999978
2012-07-12,21.5926,21.7155,21.3771,21.6553,5871563,0.003014,53.993720,0.124144,21.224071,21.300123,0.016838,0.999977
2012-07-13,21.8198,22.2002,21.8198,22.1013,17821869,0.020595,59.024457,0.163808,21.296423,21.300831,0.017237,0.999978
2012-07-16,22.1251,22.1504,21.8599,21.9875,11264995,-0.005147,57.303322,0.183942,21.353812,21.295219,0.017292,0.999977
2012-07-17,22.0405,22.0405,21.2437,21.3820,10427109,-0.027541,49.095649,0.149314,21.406249,21.284975,0.017572,0.999978
2012-07-18,21.3117,21.6363,21.2882,21.3803,10624847,-0.000077,49.075104,0.120351,21.446478,21.272897,0.017443,0.999978
2012-07-19,21.4113,21.4113,21.0363,21.0658,13343758,-0.014710,45.179024,0.071198,21.435238,21.264747,0.016013,0.999978
2012-07-20,21.0508,21.0508,20.8863,20.9499,9278847,-0.005502,43.798953,0.022631,21.414985,21.251024,0.016031,0.999978
2012-07-23,21.2125,21.2125,20.8493,20.9246,11531082,-0.001207,43.486802,-0.017695,21.399056,21.242426,0.015998,0.999977
2012-07-24,20.9624,20.9624,20.2929,20.3466,7141412,-0.027623,36.997350,-0.095196,21.356541,21.231193,0.017101,0.999978
2012-07-25,20.4148,20.4148,19.7819,19.8135,12863000,-0.026202,32.221129,-0.197360,21.276392,21.204187,0.017665,0.999978
2012-07-26,19.6775,20.1616,19.6775,19.9758,8751757,0.008191,34.973177,-0.262207,21.234644,21.178671,0.016862,0.999979
2012-07-27,20.0080,20.0080,19.8002,19.8078,7308256,-0.008408,33.458993,-0.323424,21.181383,21.153924,0.016880,0.999979
2012-07-30,19.8253,19.8253,18.9224,18.9893,11255171,-0.041325,27.263867,-0.432999,21.093583,21.102493,0.018984,0.999978
2012-07-31,18.9745,19.2771,18.9745,19.2417,6608500,0.013294,31.477739,-0.493775,20.985944,21.059156,0.017586,0.999978
2012-08-01,19.2672,19.4816,19.2342,19.3342,9499243,0.004804,33.008294,-0.528389,20.885667,21.017409,0.017720,0.999978
2012-08-02,19.3539,19.3539,19.0183,19.1091,19800631,-0.011640,31.182322,-0.567440,20.743867,20.969175,0.015951,0.999977
2012-08-03,19.0360,19.0360,18.6009,18.7029,11497816,-0.021260,28.154516,-0.623976,20.601408,20.917075,0.016091,0.999977
2012-08-06,18.6340,19.1350,18.6340,18.9677,14220118,0.014163,32.740328,-0.640030,20.461126,20.866771,0.016332,0.999978
2012-08-07,18.8312,19.2024,18.8312,19.0812,10051910,0.005979,34.663319,-0.636267,20.320332,20.822520,0.016344,0.999977
2012-08-08,19.0521,19.9190,19.0521,19.8560,16926417,0.040607,46.018409,-0.564257,20.233621,20.796522,0.019350,0.999977
2012-08-09,19.8733,20.0001,19.7844,19.9968,18569472,0.007093,47.794376,-0.490174,20.150698,20.763586,0.019449,0.999977
2012-08-10,19.9816,20.2794,19.9816,20.1267,13584262,0.006495,49.446201,-0.416185,20.051970,20.740614,0.018762,0.999977
2012-08-13,20.0938,20.1635,20.0655,20.0783,11676602,-0.002404,48.826422,-0.357333,19.956510,20.733258,0.018767,0.999976
2012-08-14,20.1399,20.4351,20.1399,20.3597,17007537,0.014015,52.551555,-0.284704,19.905399,20.720327,0.018362,0.999975
2012-08-15,20.3485,20.6676,20.3485,20.5750,12518817,0.010573,55.236029,-0.207384,19.865133,20.693479,0.018582,0.999976
2012-08-16,20.5329,21.0374,20.5329,21.0085,11740668,0.021067,60.127766,-0.109864,19.862265,20.678131,0.018987,0.999977
2012-08-17,21.0500,21.0500,20.8287,20.8322,10396199,-0.008388,57.382260,-0.046266,19.856382,20.672881,0.019042,0.999977
2012-08-20,20.8243,20.9216,20.6709,20.6842,15040059,-0.007107,55.105647,-0.007722,19.844360,20.666761,0.019106,0.999976
2012-08-21,20.6750,20.6750,20.4070,20.5242,9126364,-0.007734,52.674032,0.009803,19.853239,20.659370,0.018106,0.999978
2012-08-22,20.6629,20.8148,20.6505,20.8021,18348413,0.013541,56.283181,0.045592,19.902670,20.658826,0.017167,0.999978
2012-08-23,20.7942,21.4108,20.7942,21.3309,16828619,0.025418,62.191004,0.115291,19.970424,20.676344,0.017881,0.999978
2012-08-24,21.3502,21.3690,20.7112,21.1730,8214029,-0.007403,59.600502,0.155988,20.038681,20.686718,0.017847,0.999978
2012-08-27,21.1045,21.3004,20.9125,21.0276,13472586,-0.006864,57.237576,0.174503,20.140599,20.690476,0.014675,0.999977
2012-08-28,21.0211,21.1584,20.9726,21.1427,6864496,0.005475,58.636491,0.196203,20.235650,20.706666,0.014552,0.999977
2012-08-29,21.1207,21.2422,21.0227,21.0645,11827347,-0.003702,57.264844,0.204724,20.322166,20.716441,0.014676,0.999975
2012-08-30,21.0724,21.4429,21.0724,21.4015,13914814,0.016001,61.447302,0.235956,20.436787,20.718660,0.014385,0.999975
2012-08-31,21.4246,21.4246,20.5489,20.6223,10153991,-0.036408,49.408581,0.195578,20.532760,20.704007,0.016171,0.999976
2012-09-03,20.5659,20.5659,20.1713,20.3500,17139584,-0.013205,46.015519,0.139991,20.601874,20.686143,0.016511,0.999975
2012-09-04,20.4313,20.4313,20.0195,20.0916,12960042,-0.012698,42.997962,0.074230,20.652397,20.664037,0.016897,0.999976
2012-09-05,20.0899,20.0899,19.3077,19.3388,8619958,-0.037469,35.661116,-0.038190,20.626537,20.622484,0.016700,0.999977
2012-09-06,19.2105,19.2105,18.9411,19.0370,16025195,-0.015608,33.213955,-0.149911,20.578544,20.587009,0.016878,0.999978
2012-09-07,19.0302,19.0302,18.7558,18.7565,13874521,-0.014735,31.079515,-0.258110,20.510032,20.544677,0.016962,0.999978
2012-09-10,18.7753,18.7753,18.5560,18.6931,5836969,-0.003379,30.601031,-0.344996,20.440770,20.503634,0.016961,0.999975
2012-09-11,18.8737,19.3580,18.8737,19.0435,12492468,0.018746,36.428761,-0.381184,20.374959,20.456614,0.017247,0.999975
2012-09-12,19.0876,19.0876,18.9299,18.9727,8293628,-0.003717,35.775194,-0.410839,20.294845,20.409274,0.016940,0.999975
2012-09-13,18.9901,18.9901,18.6432,18.6527,7332258,-0.016868,32.901282,-0.454921,20.177056,20.343426,0.016099,0.999972
2012-09-14,18.5471,18.7778,18.5351,18.6356,7149733,-0.000915,32.750244,-0.485634,20.067226,20.285098,0.016123,0.999971
2012-09-17,18.7316,19.1521,18.7174,18.9667,13615698,0.017764,38.637005,-0.477755,19.981352,20.228964,0.016926,0.999972
2012-09-18,19.0594,19.0594,18.5850,18.6669,11506172,-0.015807,35.597876,-0.490053,19.888485,20.164360,0.017111,0.999972
2012-09-19,18.6417,18.6417,18.3051,18.3891,9786919,-0.014881,33.007357,-0.516263,19.767834,20.100337,0.016701,0.999972
2012-09-20,18.4500,18.6440,18.4500,18.5593,12096376,0.009255,36.076759,-0.517338,19.629254,20.038417,0.015443,0.999970
2012-09-21,18.4736,18.7200,18.3599,18.4952,11333242,-0.003455,35.418319,-0.517399,19.495365,19.966295,0.015461,0.999970
2012-09-24,18.6304,18.7774,18.5871,18.7016,10503513,0.011159,39.260813,-0.495087,19.379061,19.900576,0.015963,0.999970
2012-09-25,18.6278,18.7222,18.5962,18.7021,6260553,0.000029,39.271117,-0.471921,19.257029,19.846978,0.015808,0.999968
2012-09-26,18.7018,18.9957,18.7018,18.9220,19858905,0.011756,43.428746,-0.430854,19.149903,19.797811,0.016296,0.999967
2012-09-27,18.9394,18.9394,18.5131,18.6046,11727082,-0.016773,39.251217,-0.419086,19.010056,19.748587,0.015686,0.999968
2012-09-28,18.5588,18.8176,18.3701,18.6068,7370667,0.000121,39.295695,-0.404912,18.909280,19.701725,0.014112,0.999967
2012-10-01,18.6020,18.6213,18.3011,18.5429,10257460,-0.003438,38.432150,-0.394295,18.818922,19.654090,0.013983,0.999968
2012-10-02,18.5790,18.5790,18.1057,18.1738,8838703,-0.019904,33.814870,-0.410926,18.723030,19.610633,0.014294,0.999968
2012-10-03,18.1596,18.1596,17.6716,17.7085,12168822,-0.025601,29.072981,-0.456389,18.641515,19.568533,0.013064,0.999968
2012-10-04,17.6634,18.0131,17.6634,17.9140,9135638,0.011602,33.507116,-0.470417,18.585364,19.527297,0.013241,0.999969
2012-10-05,17.8122,17.9736,17.7465,17.8134,14452430,-0.005613,32.438211,-0.484069,18.538211,19.487408,0.012969,0.999969
2012-10-08,17.8450,17.8450,17.4312,17.5149,12997861,-0.016758,29.436126,-0.513062,18.479301,19.457921,0.013356,0.999968
2012-10-09,17.3497,17.5006,17.3497,17.4903,7818028,-0.001403,29.196632,-0.531890,18.401641,19.422893,0.012337,0.999967
2012-10-10,17.3677,17.8517,17.3677,17.8257,11757764,0.019173,36.759758,-0.513829,18.344288,19.392723,0.013398,0.999967
2012-10-11,17.8666,17.8666,17.1371,17.1670,12739253,-0.036952,29.984538,-0.546369,18.270002,19.353880,0.015130,0.999969
2012-10-12,17.1950,17.1950,16.6213,16.7476,12189559,-0.024429,26.620513,-0.599089,18.175600,19.314774,0.015775,0.999970
2012-10-15,16.8376,16.8376,16.4898,16.4940,11362033,-0.015143,24.807923,-0.653798,18.051966,19.265299,0.014947,0.999970
2012-10-16,16.4427,16.9576,16.4427,16.9032,11334132,0.024812,32.763989,-0.656564,17.963785,19.221741,0.016360,0.999969
2012-10-17,16.9837,17.0144,16.9261,16.9843,10179371,0.004797,34.248592,-0.644780,17.893547,19.164308,0.016315,0.999968
2012-10-18,16.9011,17.3345,16.9011,17.2040,7249233,0.012932,38.227212,-0.610678,17.825781,19.108451,0.016490,0.999968
2012-10-19,17.2674,17.2674,16.6898,16.8846,9435076,-0.018566,34.918227,-0.602481,17.745251,19.043608,0.016823,0.999969
2012-10-22,16.8503,16.8592,16.5677,16.5796,14310091,-0.018061,32.064439,-0.613520,17.639154,18.973633,0.016668,0.999969
2012-10-23,16.5219,16.9103,16.5219,16.7082,8048740,0.007753,34.494698,-0.604923,17.539457,18.900602,0.016899,0.999968
2012-10-24,16.6559,16.9025,16.6559,16.7285,8832715,0.001216,34.890979,-0.589673,17.429782,18.823671,0.016493,0.999968
2012-10-25,16.7596,16.8889,16.7596,16.8886,18565085,0.009573,38.072404,-0.558230,17.343984,18.741274,0.016640,0.999967
2012-10-26,16.8733,16.9812,16.8157,16.8382,5256876,-0.002984,37.452185,-0.531255,17.255553,18.661394,0.016607,0.999967
2012-10-29,16.8668,17.0817,16.8668,16.9225,19186898,0.005005,39.234853,-0.497343,17.174534,18.586160,0.016751,0.999966
2012-10-30,17.0353,17.0876,16.8446,16.9716,10090533,0.002902,40.302456,-0.461189,17.114425,18.515108,0.016415,0.999966
2012-10-31,16.9907,17.3007,16.9907,17.1976,8745300,0.013316,45.084349,-0.409580,17.088879,18.443017,0.015930,0.999964
2012-11-01,17.1083,17.5737,17.1083,17.4341,10884261,0.013752,49.631613,-0.345611,17.064885,18.365081,0.016029,0.999965
2012-11-02,17.3549,17.3549,16.9226,16.9752,13698612,-0.026320,42.311320,-0.328158,17.022977,18.281127,0.016968,0.999967
2012-11-05,16.9658,16.9658,16.3538,16.3600,22236489,-0.036243,34.882412,-0.359824,16.965232,18.187774,0.018347,0.999968
2012-11-06,16.3883,16.7773,16.3883,16.6372,11534735,0.016944,39.994511,-0.358420,16.922576,18.097663,0.018895,0.999969
2012-11-07,16.6253,17.1299,16.6253,16.9674,13665868,0.019846,45.484261,-0.326896,16.879661,18.015721,0.018935,0.999969
2012-11-08,16.8721,16.8721,16.6653,16.6906,5706702,-0.016314,42.013884,-0.320555,16.855841,17.921501,0.017451,0.999966
2012-11-09,16.6719,16.6719,16.1012,16.1876,11091173,-0.030134,36.556162,-0.352055,16.827841,17.832806,0.017891,0.999967
2012-11-12,16.2296,16.2581,16.1020,16.2178,10557941,0.001867,37.084986,-0.370312,16.814031,17.750162,0.017613,0.999968
2012-11-13,16.2131,16.5729,16.2131,16.4724,9939895,0.015699,41.508474,-0.360087,16.792490,17.677778,0.017027,0.999969
2012-11-14,16.4630,17.0325,16.4630,16.9727,16967869,0.030373,49.084551,-0.308060,16.791910,17.630457,0.018402,0.999971
2012-11-15,17.0132,17.1345,17.0132,17.1229,9384262,0.008846,51.130139,-0.251810,16.787855,17.592175,0.018274,0.999970
2012-11-16,17.0873,17.2050,16.8565,17.0236,9922843,-0.005801,49.707403,-0.212794,16.794805,17.557517,0.017812,0.999970
2012-11-19,17.0032,17.0032,16.6384,16.7770,12774979,-0.014481,46.266235,-0.199466,16.804676,17.519196,0.017632,0.999970
2012-11-20,16.8045,16.8249,16.7696,16.7808,13700125,0.000224,46.327326,-0.186450,16.808308,17.473941,0.017554,0.999969
2012-11-21,16.7388,16.7388,16.6830,16.7005,7050951,-0.004785,45.147966,-0.180533,16.806910,17.428497,0.017590,0.999969
2012-11-22,16.7272,16.7272,16.3356,16.4230,12391394,-0.016619,41.240085,-0.195980,16.783627,17.383902,0.017819,0.999969
2012-11-23,16.3580,17.0686,16.3580,16.9939,12483551,0.034763,50.694192,-0.160307,16.791410,17.351067,0.019541,0.999969
2012-11-26,17.0063,17.6277,17.0063,17.5076,5887050,0.030233,57.345478,-0.089546,16.820668,17.321886,0.020621,0.999971
2012-11-27,17.4250,18.1187,17.4250,17.8450,13363840,0.019267,61.059646,-0.006176,16.864337,17.305448,0.020985,0.999972
2012-11-28,17.7969,17.7969,17.5374,17.5786,8746063,-0.014927,56.849914,0.037963,16.883388,17.289238,0.021183,0.999971
2012-11-29,17.5121,17.8656,17.5121,17.8344,13509531,0.014552,59.721856,0.092518,16.903403,17.274741,0.021209,0.999971
2012-11-30,17.8330,18.2155,17.8330,18.0258,20657457,0.010734,61.772334,0.149478,16.955934,17.265354,0.020262,0.999971
2012-12-03,18.0043,18.2001,18.0043,18.1625,11936075,0.007579,63.211714,0.203299,17.046057,17.254572,0.018017,0.999973
2012-12-04,18.1997,18.5799,18.1997,18.5481,7093036,0.021234,66.990291,0.273915,17.141603,17.251493,0.018186,0.999973
2012-12-05,18.6586,18.7757,18.6586,18.7444,10056733,0.010584,68.749840,0.341780,17.230457,17.247942,0.017921,0.999972
2012-12-06,18.7325,19.1070,18.7325,18.9837,11363304,0.012766,70.793416,0.410145,17.345115,17.255525,0.017255,0.999971
2012-12-07,18.9292,19.2085,18.9292,19.1905,6244850,0.010890,72.468509,0.475524,17.495258,17.267198,0.014942,0.999973
2012-12-10,19.1943,19.5012,19.1687,19.3038,6705675,0.005906,73.370172,0.530368,17.649557,17.282416,0.014873,0.999972
2012-12-11,19.3347,19.3347,18.7371,18.7449,15802284,-0.028951,62.499717,0.522711,17.763182,17.293839,0.016991,0.999973
2012-12-12,18.6754,18.9198,18.5925,18.7733,9595109,0.001512,62.800798,0.513017,17.853208,17.315134,0.016068,0.999973
2012-12-13,18.8124,18.8124,18.5027,18.6052,10163326,-0.008955,59.737916,0.486165,17.927322,17.328958,0.016345,0.999975
2012-12-14,18.7509,18.7509,18.0573,18.2188,13248011,-0.020765,53.303981,0.428767,17.987085,17.337066,0.017154,0.999975
2012-12-17,18.2211,18.8236,18.2211,18.7409,8438705,0.028658,59.631734,0.420562,18.085280,17.361587,0.017478,0.999975
2012-12-18,18.8128,19.3374,18.8128,19.2895,11078098,0.029270,64.998236,0.453098,18.210713,17.397570,0.018191,0.999976
2012-12-19,19.3402,19.7320,19.3402,19.7319,12333781,0.022937,68.621641,0.508721,18.362284,17.435695,0.018290,0.999978
2012-12-20,19.6323,19.8304,19.6323,19.8167,5991084,0.004299,69.278314,0.553270,18.531973,17.488691,0.017350,0.999976
2012-12-21,19.8639,20.4865,19.8639,20.2685,15328661,0.022796,72.570292,0.617903,18.695704,17.559108,0.016627,0.999977
2012-12-24,20.2613,20.3130,20.0950,20.2733,4934694,0.000237,72.603845,0.661883,18.833985,17.634694,0.015948,0.999977
2012-12-25,20.2072,20.4622,20.1992,20.3470,9541000,0.003636,73.147707,0.694678,18.959086,17.703569,0.015722,0.999977
2012-12-26,20.2925,20.2925,19.8264,19.9885,11251331,-0.017616,66.259490,0.683861,19.079583,17.763653,0.015927,0.999976
2012-12-27,20.0374,20.3073,20.0000,20.1212,14219372,0.006638,67.480224,0.678178,19.193924,17.821998,0.015816,0.999975
2012-12-28,20.2683,20.2683,20.0843,20.1488,14396606,0.001370,67.741314,0.668195,19.300072,17.887282,0.015812,0.999975
2012-12-31,20.3035,20.3035,19.6314,19.7225,7907098,-0.021159,59.750069,0.618750,19.378072,17.950139,0.016901,0.999976
2013-01-01,19.8082,19.8082,19.5132,19.7107,13604417,-0.000596,59.541340,0.572021,19.436201,18.010190,0.016446,0.999976
2013-01-02,19.6503,19.6971,19.6306,19.6889,7998714,-0.001107,59.128598,0.527151,19.483423,18.069398,0.016376,0.999976
2013-01-03,19.6213,20.3327,19.6213,20.2860,17237072,0.030328,66.059983,0.533623,19.548537,18.137346,0.017390,0.999975
2013-01-04,20.3562,20.7626,20.3562,20.5893,8491223,0.014952,68.941224,0.556808,19.618480,18.212368,0.017505,0.999973
2013-01-07,20.7613,20.8551,20.3255,20.5996,7779866,0.000498,69.036888,0.569445,19.683269,18.285910,0.017510,0.999974
2013-01-08,20.6080,20.7493,20.6080,20.6903,8359961,0.004403,69.919821,0.580092,19.780536,18.360283,0.015768,0.999973
2013-01-09,20.8223,20.8223,20.7036,20.7108,6088555,0.000990,70.127029,0.583458,19.877411,18.430547,0.015775,0.999974
2013-01-10,20.7089,20.8627,20.6216,20.6445,12997058,-0.003197,68.485179,0.574164,19.979380,18.494756,0.015557,0.999974
2013-01-11,20.6439,20.6439,20.2170,20.2846,10409884,-0.017435,60.229413,0.531625,20.082669,18.560943,0.015279,0.999974
2013-01-14,20.1758,20.3436,20.1758,20.2361,15200688,-0.002389,59.194820,0.488374,20.157430,18.638466,0.014350,0.999973
2013-01-15,20.2632,20.2632,19.7444,19.9903,12418534,-0.012150,54.115444,0.429307,20.192470,18.705528,0.013464,0.999973
2013-01-16,19.9653,19.9653,19.5075,19.5825,11763157,-0.020397,46.924584,0.345611,20.185000,18.757831,0.013383,0.999973
2013-01-17,19.5465,19.9581,19.5465,19.7527,11504386,0.008690,49.915797,0.289674,20.181798,18.819074,0.013497,0.999974
2013-01-18,19.8767,19.9391,19.8024,19.8826,13933979,0.006577,52.133566,0.252910,20.162504,18.892974,0.012501,0.999974
2013-01-21,20.0144,20.0144,19.2620,19.3063,8023500,-0.028985,43.030537,0.175253,20.114156,18.954744,0.013983,0.999976
2013-01-22,19.2943,19.4856,19.2597,19.2715,7864399,-0.001804,42.547116,0.109635,20.060381,19.010725,0.013913,0.999976
2013-01-23,19.3384,19.7268,19.3384,19.5967,11724446,0.016874,48.379560,0.082916,20.040787,19.063204,0.014093,0.999977
2013-01-24,19.5733,20.2152,19.5733,19.9504,15122826,0.018050,53.865785,0.089256,20.032247,19.119755,0.014635,0.999976
2013-01-25,20.0391,20.3426,20.0391,20.2974,11111448,0.017393,58.522712,0.120886,20.039678,19.185232,0.015161,0.999975
2013-01-28,20.2678,20.3937,20.1448,20.3161,10759442,0.000920,58.764004,0.145780,20.069358,19.256012,0.014281,0.999975
2013-01-29,20.2783,20.2783,20.0055,20.0369,17199057,-0.013741,53.732768,0.141354,20.085670,19.321135,0.014684,0.999975
2013-01-30,19.9731,19.9731,19.5656,19.6869,11531453,-0.017470,48.164156,0.108352,20.085570,19.380863,0.015248,0.999976
2013-01-31,19.7310,19.8836,19.6243,19.8041,7955999,0.005953,50.031182,0.090608,20.061473,19.448485,0.013589,0.999978
2013-02-01,19.7769,19.9600,19.7769,19.9328,9781334,0.006499,52.072906,0.085942,20.028647,19.507263,0.013188,0.999977
2013-02-04,19.9371,20.6994,19.9371,20.3652,11875486,0.021693,58.245760,0.115800,20.016928,19.564414,0.014175,0.999977
2013-02-05,20.4589,20.8042,20.4589,20.7466,9263994,0.018729,62.797532,0.168301,20.019745,19.622446,0.014784,0.999977
2013-02-06,20.7646,20.8373,20.5747,20.7072,14800221,-0.001898,62.045682,0.204375,20.019569,19.685019,0.014790,0.999976
2013-02-07,20.6258,20.6258,20.1807,20.2912,12242439,-0.020092,54.605561,0.197121,20.001902,19.734155,0.015455,0.999976
2013-02-08,20.3512,20.3512,20.1211,20.1927,12792252,-0.004856,52.985026,0.181331,19.997305,19.777492,0.014990,0.999975
2013-02-11,20.1869,20.3073,19.9919,20.2698,7874342,0.003818,54.131956,0.173043,19.998985,19.819638,0.015004,0.999974
2013-02-12,20.3651,20.3651,20.0816,20.2060,9159036,-0.003143,52.981675,0.159496,20.009774,19.852796,0.014747,0.999976
2013-02-13,20.0937,20.0937,20.0121,20.0167,13447224,-0.009371,49.607612,0.131959,20.031482,19.878241,0.014112,0.999976
2013-02-14,20.0904,20.2033,19.9940,20.1006,13686837,0.004190,51.093220,0.115571,20.048876,19.900578,0.014022,0.999974
2013-02-15,20.0154,20.0154,19.7524,19.9350,10529246,-0.008237,48.079769,0.088207,20.051495,19.915469,0.014101,0.999972
2013-02-18,19.8167,20.0217,19.5719,19.7345,8802976,-0.010058,44.645589,0.049767,20.072904,19.924083,0.012592,0.999971
2013-02-19,19.7669,20.0182,19.7669,19.8405,13298957,0.005373,46.809095,0.027542,20.101355,19.945995,0.012605,0.999970
2013-02-20,19.7644,19.7680,19.7108,19.7133,9050759,-0.006412,44.558732,-0.000334,20.107186,19.964795,0.012181,0.999969
2013-02-21,19.6573,19.9576,19.6573,19.7965,7462908,0.004223,46.375714,-0.015528,20.099493,19.988623,0.011498,0.999969
2013-02-22,19.7597,20.2263,19.7597,19.8892,7011577,0.004680,48.402422,-0.019864,20.079083,20.022031,0.010797,0.999969
2013-02-25,19.7594,19.7594,19.3424,19.5205,16202975,-0.018538,41.655791,-0.052447,20.039304,20.037622,0.011474,0.999970
2013-02-26,19.4954,19.5111,19.2689,19.3661,12191819,-0.007910,39.192158,-0.089694,20.005763,20.039155,0.011230,0.999969
2013-02-27,19.2670,19.9141,19.2670,19.8355,16305093,0.024240,49.057235,-0.080406,20.013197,20.041228,0.011983,0.999972
2013-02-28,19.8050,19.8050,19.3016,19.4633,9994281,-0.018765,43.088406,-0.101904,19.996160,20.034160,0.012642,0.999974
2013-03-01,19.4400,19.4400,18.7184,18.7961,16466527,-0.034279,34.892930,-0.170809,19.939329,20.004713,0.014549,0.999976
2013-03-04,18.7298,18.7298,18.1622,18.2299,10086307,-0.030124,29.725701,-0.268016,19.832567,19.963846,0.014565,0.999976
2013-03-05,18.2820,18.2820,18.1323,18.2419,7679791,0.000656,29.961483,-0.340167,19.707331,19.921744,0.013511,0.999975
2013-03-06,18.1848,18.4365,18.1848,18.2551,12074140,0.000727,30.241061,-0.391762,19.584726,19.887077,0.013568,0.999975
2013-03-07,18.1935,18.3092,18.1935,18.2232,6597404,-0.001749,29.931259,-0.430267,19.481328,19.849117,0.013194,0.999975
2013-03-08,18.1372,18.6717,18.1372,18.5959,8854662,0.020453,37.927532,-0.425799,19.401492,19.818060,0.014396,0.999975
2013-03-11,18.5074,18.5074,17.7881,17.7917,10697694,-0.043249,29.977620,-0.481604,19.277589,19.779444,0.016710,0.999980
2013-03-12,17.8405,17.9467,17.8405,17.9151,13672728,0.006936,32.321857,-0.509992,19.163042,19.743532,0.016962,0.999979
2013-03-13,17.9696,18.4054,17.9696,18.3887,7095233,0.026439,40.548421,-0.488637,19.081645,19.717530,0.018401,0.999978
2013-03-14,18.4606,18.4606,17.9160,18.0533,8521567,-0.018242,37.108182,-0.493097,18.979282,19.672876,0.018554,0.999980
2013-03-15,18.0520,18.0520,17.9338,17.9429,11010801,-0.006115,36.024911,-0.499778,18.879678,19.619948,0.018542,0.999979
2013-03-18,17.9981,17.9981,17.7183,17.7239,12651471,-0.012208,33.909716,-0.516791,18.779147,19.562434,0.018578,0.999980
2013-03-19,17.6787,17.6787,17.2338,17.4665,17573331,-0.014522,31.564515,-0.544763,18.660445,19.497958,0.018515,0.999980
2013-03-20,17.3583,17.3792,17.3583,17.3767,11343446,-0.005137,30.765669,-0.567628,18.543618,19.431278,0.018517,0.999981
2013-03-21,17.3692,17.9617,17.3692,17.7952,15008044,0.024080,38.573020,-0.545694,18.443550,19.374291,0.019601,0.999982
2013-03-22,17.8438,18.4283,17.8438,18.3489,11863651,0.031115,47.077482,-0.478121,18.366534,19.335577,0.021129,0.999984
2013-03-25,18.2797,18.3345,18.1960,18.2519,10181425,-0.005287,45.879099,-0.427468,18.303103,19.295892,0.020849,0.999983
2013-03-26,18.2935,19.0095,18.2935,18.8436,7239579,0.032418,53.632488,-0.335712,18.276976,19.272958,0.022266,0.999982
2013-03-27,18.8996,18.9750,18.6493,18.8594,10503971,0.000839,53.822844,-0.258736,18.228168,19.258495,0.021463,0.999982
2013-03-28,18.8884,19.5604,18.8884,19.4210,8658915,0.029782,60.091331,-0.150673,18.226053,19.251862,0.022235,0.999981
2013-03-29,19.4167,19.4245,19.3082,19.3942,6627166,-0.001383,59.674173,-0.066434,18.255955,19.242094,0.020721,0.999982
2013-04-01,19.3416,19.6232,19.2256,19.4393,5505683,0.002328,60.174594,0.003923,18.316425,19.244754,0.019314,0.999982
2013-04-02,19.5233,19.9343,19.5233,19.5612,13485256,0.006268,61.561119,0.068721,18.382389,19.250548,0.019313,0.999982
2013-04-03,19.7108,20.7362,19.7108,20.6262,9144243,0.054448,71.049446,0.203668,18.500943,19.271139,0.022375,0.999979
2013-04-04,20.6277,20.9926,20.6277,20.9256,18934644,0.014513,73.062041,0.330953,18.636060,19.290642,0.022360,0.999979
2013-04-05,20.9811,20.9811,20.4927,20.6855,11734648,-0.011473,68.923453,0.407755,18.740538,19.298404,0.022501,0.999979
2013-04-08,20.7920,21.0574,20.7920,21.0245,11050390,0.016389,71.388038,0.490324,18.902178,19.312572,0.019433,0.999980
2013-04-09,20.9661,20.9661,20.5862,20.9042,11178678,-0.005723,69.287853,0.539829,19.051632,19.329917,0.019693,0.999980
2013-04-10,20.8642,20.9281,20.6504,20.7406,11626058,-0.007826,66.426100,0.559412,19.169223,19.350991,0.019487,0.999980
2013-04-11,20.7719,21.1865,20.7719,21.0584,14487556,0.015323,69.096257,0.593732,19.319477,19.376077,0.018699,0.999980
2013-04-12,21.0473,21.2111,20.9166,21.0726,11100030,0.000675,69.214234,0.614989,19.475962,19.398874,0.018492,0.999981
2013-04-15,21.0252,21.1944,20.9064,21.1763,15899613,0.004923,70.110698,0.632910,19.648586,19.415097,0.017882,0.999980
2013-04-16,21.1893,21.3838,20.9295,21.1879,12521816,0.000546,70.214814,0.640661,19.834657,19.423923,0.017137,0.999980
2013-04-17,21.2452,21.4246,21.2452,21.3093,12463230,0.005729,71.343380,0.649116,20.031285,19.435964,0.016806,0.999979
2013-04-18,21.2895,21.5932,21.2895,21.4637,18164482,0.007247,72.757470,0.660662,20.214712,19.459415,0.016503,0.999979
2013-04-19,21.5380,21.5380,20.7740,20.7906,13778489,-0.031360,59.073882,0.608484,20.336798,19.471374,0.018045,0.999979
2013-04-22,20.7310,21.0544,20.7310,21.0238,8336105,0.011217,61.757408,0.579273,20.475395,19.486455,0.017858,0.999979
2013-04-23,20.9815,20.9815,20.4789,20.6860,13230353,-0.016067,56.027016,0.522839,20.567518,19.496055,0.017549,0.999978
2013-04-24,20.6626,20.6626,20.1382,20.2033,10066826,-0.023338,49.025382,0.434156,20.634713,19.499787,0.018637,0.999979
2013-04-25,20.1634,20.2807,20.1334,20.1864,12556605,-0.000837,48.795453,0.358379,20.672979,19.501503,0.017603,0.999978
2013-04-26,20.2818,20.2818,20.1874,20.2212,14426039,0.001728,49.323530,0.297707,20.714332,19.507228,0.017584,0.999978
2013-04-29,20.3232,20.3232,19.9326,19.9933,9054840,-0.011270,45.985811,0.228599,20.742032,19.512405,0.017842,0.999978
2013-04-30,19.9011,20.2930,19.9011,20.2777,8830010,0.014221,50.487303,0.194530,20.777857,19.521149,0.018040,0.999978
2013-05-01,20.2856,20.2856,19.8246,19.8321,11887446,-0.021975,44.261551,0.130075,20.738149,19.523524,0.013970,0.999978
2013-05-02,19.7975,19.7975,19.6226,19.7038,8625779,-0.006467,42.631912,0.067863,20.677061,19.521669,0.013453,0.999978
2013-05-03,19.6616,19.6616,19.4592,19.5175,7440803,-0.009454,40.310707,0.003488,20.618663,19.514236,0.013393,0.999979
2013-05-06,19.4414,19.8096,19.3926,19.5099,9427089,-0.000392,40.213863,-0.047598,20.542933,19.514023,0.012631,0.999979
2013-05-07,19.5175,19.6523,19.5175,19.6034,8420879,0.004795,42.047176,-0.079619,20.477895,19.518770,0.012758,0.999978
2013-05-08,19.6052,19.6052,19.2208,19.2790,22766223,-0.016550,37.726033,-0.129680,20.404815,19.507639,0.013073,0.999978
2013-05-09,19.2522,19.7118,19.2522,19.5181,10004410,0.012403,42.422463,-0.148349,20.327801,19.508734,0.012865,0.999980
2013-05-10,19.4889,19.8097,19.3991,19.5415,8662057,0.001199,42.876487,-0.159419,20.251246,19.523641,0.012875,0.999980
2013-05-13,19.4383,19.4383,18.9414,18.9439,19557408,-0.030582,35.234984,-0.213948,20.139623,19.537920,0.014023,0.999980
2013-05-14,18.8297,18.8297,18.1604,18.3411,9261835,-0.031819,29.520287,-0.302316,19.997284,19.539905,0.015118,0.999981
2013-05-15,18.3794,18.3794,18.2580,18.3413,12159341,0.000012,29.524907,-0.368087,19.848887,19.541628,0.014915,0.999981
2013-05-16,18.2347,18.3418,18.2112,18.2809,13908073,-0.003294,28.978532,-0.420242,19.689746,19.542782,0.014554,0.999981
2013-05-17,18.2349,18.4721,18.2349,18.2551,12000747,-0.001413,28.733742,-0.458376,19.562970,19.535965,0.013516,0.999981
2013-05-20,18.2470,18.4154,18.1777,18.2499,11850368,-0.000284,28.681403,-0.483442,19.424275,19.545130,0.012960,0.999981
2013-05-21,18.2469,18.4035,18.0405,18.3241,12780842,0.004065,30.629791,-0.491654,19.306178,19.553310,0.012998,0.999982
2013-05-22,18.2662,18.7048,18.2662,18.6165,8714435,0.015957,37.838135,-0.469159,19.226839,19.557865,0.013202,0.999981
2013-05-23,18.7498,18.7498,18.0941,18.2819,10887497,-0.017974,33.542652,-0.472882,19.131615,19.562436,0.013538,0.999981
2013-05-24,18.2766,18.2766,17.7960,17.9349,16680415,-0.018981,29.768468,-0.498091,19.017296,19.562276,0.013797,0.999981
2013-05-27,17.8131,17.8131,17.5532,17.6186,12926312,-0.017634,26.807838,-0.537395,18.898559,19.560170,0.014000,0.999981
2013-05-28,17.5646,17.8110,17.5583,17.7074,11125468,0.005039,28.944259,-0.554983,18.770045,19.564989,0.013434,0.999981
2013-05-29,17.6778,18.2242,17.6778,18.0796,9599883,0.021023,37.218761,-0.532742,18.682423,19.579046,0.014270,0.999981
2013-05-30,18.0543,18.0571,17.8763,17.9534,11176067,-0.006982,35.700538,-0.519316,18.594903,19.582211,0.014274,0.999981
2013-05-31,17.8375,17.8375,17.1217,17.2308,11072897,-0.040251,28.526611,-0.560525,18.480565,19.559848,0.016343,0.999979
2013-06-03,17.1464,17.1464,16.6207,16.7528,13767157,-0.027738,24.954807,-0.624550,18.342711,19.529867,0.016973,0.999978
2013-06-04,16.7810,16.7810,16.5090,16.5250,13856526,-0.013599,23.447725,-0.685770,18.188789,19.483495,0.016772,0.999978
2013-06-05,16.4538,16.4538,16.3474,16.3762,18217659,-0.009001,22.492669,-0.737784,18.043652,19.433832,0.016663,0.999977
2013-06-06,16.3606,16.3744,16.2147,16.2704,8837340,-0.006461,21.812028,-0.778569,17.881269,19.370820,0.015967,0.999977
2013-06-07,16.2112,16.3511,16.2112,16.2850,8355264,0.000893,22.160439,-0.800491,17.718443,19.308636,0.015957,0.999977
2013-06-10,16.1814,16.3298,16.0728,16.2042,10911004,-0.004959,21.584822,-0.814986,17.581459,19.243933,0.015136,0.999977
2013-06-11,16.1938,16.5430,16.1938,16.4928,9042159,0.017811,28.711134,-0.794032,17.489044,19.182566,0.015037,0.999977
2013-06-12,16.5668,16.5668,16.0899,16.3142,6014934,-0.010831,27.071229,-0.782817,17.387686,19.096325,0.015035,0.999977
2013-06-13,16.3899,16.3899,16.0098,16.0863,15994598,-0.013968,25.101567,-0.783288,17.277954,18.999540,0.015133,0.999977
2013-06-14,16.1152,16.2781,16.1152,16.2184,10789942,0.008211,28.355191,-0.764194,17.176118,18.910198,0.015445,0.999975
2013-06-17,16.2454,16.2454,15.7606,15.8158,15632040,-0.024825,24.816216,-0.772644,17.054411,18.806023,0.015952,0.999975
2013-06-18,15.8093,16.0222,15.8093,15.9227,10211641,0.006760,27.407312,-0.761929,16.934340,18.706393,0.016061,0.999975
2013-06-19,15.9112,16.0961,15.8652,15.9526,17731801,0.001877,28.152810,-0.742467,16.801143,18.610633,0.015298,0.999974
2013-06-20,15.9050,15.9271,15.8856,15.9196,9489080,-0.002067,27.813406,-0.721389,16.683029,18.507857,0.015142,0.999973
2013-06-21,15.8475,16.5505,15.8475,16.3456,11178594,0.026760,38.180483,-0.662671,16.603565,18.413317,0.016588,0.999974
2013-06-24,16.3209,16.3209,16.1526,16.1834,13415830,-0.009924,36.057072,-0.622054,16.531804,18.313458,0.016355,0.999974
2013-06-25,16.1311,16.8564,16.1311,16.7486,13918723,0.034928,47.098339,-0.538051,16.483867,18.224673,0.018464,0.999976
2013-06-26,16.7010,16.8134,16.6690,16.6934,13924849,-0.003296,46.258358,-0.470508,16.414558,18.132356,0.017607,0.999979
2013-06-27,16.6048,16.6048,16.2774,16.3485,14379081,-0.020663,41.301274,-0.439744,16.334314,18.030052,0.017997,0.999979
2013-06-28,16.3048,16.5345,16.3048,16.3731,6208147,0.001503,41.779769,-0.408670,16.291430,17.941701,0.015937,0.999979
2013-07-01,16.3142,16.3142,15.8836,16.0866,12220865,-0.017497,37.899600,-0.402520,16.258119,17.842957,0.015230,0.999978
2013-07-02,16.0652,16.0652,15.8361,15.8923,11889395,-0.012076,35.492503,-0.408611,16.226487,17.747083,0.015172,0.999978
2013-07-03,15.9797,16.0860,15.8406,15.9995,12422923,0.006745,37.838671,-0.400176,16.207652,17.663008,0.015190,0.999978
2013-07-04,15.9561,16.1655,15.9561,16.1491,13027722,0.009349,41.060021,-0.377074,16.201586,17.582263,0.015305,0.999977
2013-07-05,16.0782,16.0782,15.7993,15.9882,9679333,-0.009967,38.733924,-0.367517,16.186745,17.497601,0.015453,0.999978
2013-07-08,16.0343,16.2631,16.0343,16.2558,8349249,0.016737,44.375798,-0.334495,16.189323,17.422850,0.015901,0.999978
2013-07-09,16.2183,16.5856,16.2183,16.5744,7678679,0.019603,50.251015,-0.279391,16.193403,17.348785,0.016010,0.999979
2013-07-10,16.6936,17.0642,16.6936,16.9758,11079559,0.024215,56.485191,-0.201018,16.226482,17.291658,0.016626,0.999981
2013-07-11,17.0412,17.1779,17.0412,17.1280,9904980,0.008965,58.603592,-0.125183,16.278565,17.240141,0.016244,0.999980
2013-07-12,17.2040,17.5505,17.2040,17.5240,13173616,0.023122,63.573120,-0.032749,16.343845,17.200270,0.016815,0.999980
2013-07-15,17.4087,17.4087,16.8963,16.9903,18366398,-0.030453,54.141257,-0.002527,16.402574,17.149879,0.017362,0.999981
2013-07-16,17.0474,17.0474,16.7711,16.9027,12029283,-0.005155,52.757764,0.014193,16.451577,17.095866,0.017456,0.999981
2013-07-17,16.9856,16.9856,16.6538,16.6647,7081647,-0.014085,49.086118,0.008139,16.487182,17.043579,0.017877,0.999981
2013-07-18,16.7459,16.7459,16.6032,16.7042,11123409,0.002374,49.712389,0.006459,16.526414,16.987302,0.017847,0.999981
2013-07-19,16.6661,16.6720,16.4926,16.5507,11033611,-0.009192,47.281321,-0.007179,16.536668,16.927486,0.017075,0.999981
2013-07-22,16.5417,16.5535,16.4891,16.5079,10615412,-0.002585,46.597675,-0.021196,16.552894,16.878766,0.016911,0.999981
2013-07-23,16.4197,17.0364,16.4197,17.0363,9525393,0.032011,55.213061,0.010219,16.567279,16.852671,0.016614,0.999981
2013-07-24,16.9934,16.9992,16.9553,16.9928,7975051,-0.002554,54.434416,0.031245,16.582249,16.825700,0.016605,0.999981
2013-07-25,17.0603,17.2463,17.0255,17.1126,8151914,0.007047,56.262802,0.056915,16.620452,16.802334,0.015839,0.999981
2013-07-26,17.0902,17.1677,17.0031,17.0484,7126898,-0.003749,54.989629,0.071260,16.654219,16.778201,0.015898,0.999980
2013-07-29,17.0737,17.2523,16.8224,17.0739,14966649,0.001495,55.421097,0.083720,16.703585,16.754681,0.015216,0.999981
2013-07-30,17.0912,17.1843,16.9987,17.0766,8549412,0.000155,55.468699,0.092738,16.762795,16.729730,0.014815,0.999980
2013-07-31,17.1422,17.2459,17.0779,17.2101,9302133,0.007820,57.917664,0.109400,16.823323,16.701601,0.014828,0.999981
2013-08-01,17.3135,17.6569,17.3135,17.5542,7202150,0.019993,63.489266,0.148654,16.893575,16.687047,0.015225,0.999979
2013-08-02,17.6217,18.1783,17.6217,18.0424,11321588,0.027816,69.633570,0.216666,16.996289,16.689199,0.015700,0.999980
2013-08-05,18.0904,18.2092,18.0411,18.1414,10737883,0.005485,70.709502,0.275378,17.090572,16.699655,0.015502,0.999979
2013-08-06,18.1208,18.3682,18.1208,18.3258,11464929,0.010163,72.653470,0.332946,17.178140,16.712023,0.015194,0.999978
2013-08-07,18.2613,18.2613,17.9251,17.9799,8116575,-0.018876,64.062749,0.346661,17.228345,16.710027,0.015401,0.999977
2013-08-08,17.9667,18.1013,17.9254,17.9551,11889335,-0.001379,63.483290,0.351477,17.269701,16.710061,0.015364,0.999976
2013-08-09,17.9319,18.3694,17.9319,18.2423,10648360,0.016000,67.186451,0.374162,17.305619,16.730292,0.014937,0.999976
2013-08-12,18.2906,18.5255,18.2906,18.5101,9356372,0.014680,70.218302,0.409033,17.381609,16.765439,0.013047,0.999977
2013-08-13,18.4800,18.5965,18.4800,18.5804,8137048,0.003798,70.976436,0.437301,17.465494,16.806547,0.012855,0.999977
2013-08-14,18.6094,19.1235,18.6094,18.8585,8403340,0.014965,73.815680,0.476645,17.575184,16.856192,0.012232,0.999977
2013-08-15,18.8350,19.0464,18.8350,19.0154,16264205,0.008323,75.285425,0.514559,17.690745,16.911092,0.012205,0.999976
2013-08-16,18.9985,19.4861,18.9985,19.4014,11451090,0.020298,78.483799,0.569190,17.833282,16.973421,0.011980,0.999976
2013-08-19,19.3829,19.6485,19.3415,19.4994,10151739,0.005050,79.219023,0.613322,17.982857,17.039325,0.011742,0.999976
2013-08-20,19.4124,19.4395,19.3688,19.3906,10181291,-0.005582,76.107984,0.632227,18.100568,17.097280,0.010734,0.999976
2013-08-21,19.5367,19.5367,19.4269,19.5035,7874143,0.005824,77.112400,0.648842,18.226101,17.161067,0.010521,0.999975
2013-08-22,19.5800,19.5800,18.4076,18.5840,13080433,-0.047147,56.343564,0.581113,18.299670,17.211020,0.016034,0.999977
2013-08-23,18.5297,18.8609,18.5297,18.7065,11331944,0.006594,57.968324,0.531203,18.382575,17.260783,0.015929,0.999977
2013-08-26,18.7722,18.7722,17.5204,17.6134,15860875,-0.058436,42.701783,0.398844,18.409549,17.296736,0.021307,0.999977
2013-08-27,17.6170,17.6170,17.1144,17.1212,11152331,-0.027943,37.866401,0.251338,18.411782,17.320707,0.022322,0.999978
2013-08-28,17.1176,17.3166,17.0616,17.2567,15165108,0.007912,39.884213,0.143712,18.414112,17.346789,0.022323,0.999978
2013-08-29,17.2415,17.4110,17.2415,17.3975,11657761,0.008158,41.992601,0.068983,18.406277,17.376347,0.021929,0.999978
2013-08-30,17.3667,17.3667,17.0227,17.0690,12853637,-0.018881,38.591766,-0.016555,18.357605,17.390814,0.021264,0.999978
2013-09-02,17.1429,17.1429,16.7693,16.8744,29333673,-0.011401,36.695713,-0.098907,18.294254,17.404635,0.021263,0.999978
2013-09-03,16.9197,17.4404,16.9197,17.2680,11752872,0.023327,42.815742,-0.130900,18.241365,17.415022,0.021899,0.999978
2013-09-04,17.3013,17.3013,17.0075,17.1332,13960561,-0.007807,41.341581,-0.165229,18.199032,17.423817,0.021608,0.999978
2013-09-05,17.0940,17.8182,17.0940,17.7900,9494759,0.038336,50.316708,-0.137846,18.190780,17.452647,0.023433,0.999974
2013-09-06,17.8288,17.8288,17.7268,17.7960,8019045,0.000339,50.391657,-0.114341,18.168464,17.481106,0.023123,0.999974
2013-09-09,17.7977,17.9713,17.7977,17.9197,18016975,0.006951,51.993542,-0.084755,18.138944,17.517769,0.022911,0.999973
2013-09-10,17.8632,18.5772,17.8632,18.4113,12969911,0.027429,57.821902,-0.021399,18.130486,17.568147,0.023784,0.999974
2013-09-11,18.4260,18.4614,18.4260,18.4531,10406427,0.002270,58.285657,0.031816,18.110214,17.617217,0.023527,0.999973
2013-09-12,18.4047,18.4047,18.0967,18.1531,19480489,-0.016254,53.720751,0.049221,18.067098,17.657297,0.023666,0.999974
2013-09-13,18.1225,18.1992,17.9926,18.1263,11271411,-0.001479,53.318081,0.060153,18.003340,17.700059,0.023077,0.999973
2013-09-16,18.1169,18.2829,18.0635,18.1201,7080463,-0.000341,53.219349,0.067541,17.934375,17.737346,0.023008,0.999973
2013-09-17,18.1328,18.1328,17.6117,17.7156,9690274,-0.022325,47.067528,0.040289,17.850625,17.760169,0.023392,0.999971
2013-09-18,17.6683,17.8150,17.6112,17.6432,17812930,-0.004083,46.042790,0.012709,17.757611,17.773518,0.023273,0.999971
2013-09-19,17.7112,17.7112,17.3866,17.4307,9848658,-0.012047,43.074653,-0.026000,17.699947,17.779573,0.021131,0.999971
2013-09-20,17.3024,17.7994,17.3024,17.7024,9684575,0.015590,47.715153,-0.034354,17.649741,17.783142,0.021439,0.999971
2013-09-23,17.6802,17.9300,17.6787,17.7197,14083955,0.000974,48.004768,-0.039132,17.655055,17.797728,0.016927,0.999970
2013-09-24,17.7888,17.7888,17.5701,17.6420,13821332,-0.004384,46.748309,-0.048627,17.681093,17.812513,0.015617,0.999970
2013-09-25,17.6383,17.8574,17.5565,17.6135,6601451,-0.001617,46.269431,-0.057787,17.698932,17.831489,0.015560,0.999970
2013-09-26,17.5516,17.7648,17.5516,17.6842,6700005,0.004019,47.701203,-0.058659,17.713270,17.851089,0.015489,0.999971
2013-09-27,17.6169,18.0264,17.6169,17.8734,10769187,0.010697,51.426442,-0.043582,17.753491,17.877544,0.014899,0.999970
2013-09-30,17.7279,17.7279,17.5679,17.5840,11411081,-0.016194,46.024569,-0.054363,17.788970,17.899065,0.015169,0.999970
2013-10-01,17.5139,17.5139,17.2813,17.2835,16856550,-0.017087,41.188175,-0.086158,17.789746,17.904009,0.014892,0.999969
2013-10-02,17.3242,17.7632,17.3242,17.6059,20106735,0.018650,47.555629,-0.084372,17.813379,17.916269,0.015317,0.999968
2013-10-03,17.5281,17.5281,17.4413,17.4933,15124245,-0.006396,45.694381,-0.090994,17.798541,17.923882,0.012691,0.999968
2013-10-04,17.2980,17.2980,16.9599,17.0895,11871135,-0.023083,39.695069,-0.127357,17.763212,17.924703,0.013630,0.999968
2013-10-07,17.0307,17.4011,17.0307,17.2183,11216802,0.007537,42.297526,-0.144120,17.728139,17.927590,0.013651,0.999966
2013-10-08,17.3152,17.3608,17.3152,17.3553,10278719,0.007961,45.016833,-0.144678,17.675343,17.933166,0.012049,0.999967
2013-10-09,17.3066,17.3066,16.7954,16.9242,12472391,-0.024841,38.819943,-0.177857,17.598900,17.927448,0.012932,0.999968
2013-10-10,16.9533,17.0873,16.9511,16.9959,8261484,0.004235,40.291650,-0.196107,17.541039,17.916283,0.012740,0.999968
2013-10-11,16.9491,17.3894,16.9491,17.2086,5483577,0.012514,44.553431,-0.191205,17.495154,17.899605,0.013215,0.999968
2013-10-14,17.2013,17.3263,17.2013,17.3211,10663500,0.006542,46.721270,-0.176205,17.455207,17.883200,0.013363,0.999968
2013-10-15,17.3416,17.5398,17.3416,17.5103,12536383,0.010920,50.241329,-0.147356,17.444944,17.866890,0.012779,0.999967
2013-10-16,17.4317,17.4317,17.0992,17.1125,16840731,-0.022720,43.701386,-0.154810,17.418405,17.849542,0.013700,0.999968
2013-10-17,17.0217,17.2978,17.0217,17.2113,10608538,0.005773,45.595342,-0.151004,17.407434,17.834666,0.013552,0.999968
2013-10-18,17.2259,17.2259,16.9227,17.1302,11826823,-0.004709,44.279304,-0.152768,17.378823,17.812424,0.013030,0.999970
2013-10-21,17.1749,17.1749,16.9329,16.9987,13709021,-0.007679,42.152729,-0.162902,17.342774,17.782194,0.013085,0.999970
2013-10-22,16.9715,17.3383,16.9715,17.2484,9087731,0.014694,47.325651,-0.149060,17.323097,17.755554,0.013587,0.999971
2013-10-23,17.1856,17.8117,17.1856,17.6795,7903424,0.024990,54.832177,-0.102132,17.326398,17.731974,0.014778,0.999972
2013-10-24,17.6219,18.3393,17.6219,18.2191,11711476,0.030520,62.111241,-0.021158,17.353139,17.716046,0.016245,0.999974
2013-10-25,18.2751,18.6558,18.2751,18.6253,10140120,0.022297,66.489688,0.074930,17.390732,17.700524,0.016785,0.999974
2013-10-28,18.5606,18.6803,18.4797,18.5962,8363195,-0.001562,65.902304,0.147038,17.441343,17.682459,0.016251,0.999974
2013-10-29,18.6731,18.8321,18.6681,18.7080,9724544,0.006011,67.104660,0.210774,17.512566,17.668808,0.015560,0.999973
2013-10-30,18.7046,19.0073,18.7046,18.9505,10722557,0.012964,69.608908,0.277655,17.579797,17.657748,0.015330,0.999974
2013-10-31,18.8865,19.0289,18.8865,18.9913,9145411,0.002154,70.022549,0.330147,17.654701,17.665895,0.015149,0.999975
2013-11-01,19.0495,19.1242,18.9254,19.0369,9768781,0.002401,70.505434,0.371148,17.752074,17.672503,0.013737,0.999975
2013-11-04,19.1188,19.3831,19.1188,19.3034,11117522,0.014000,73.220827,0.420302,17.856332,17.706303,0.013863,0.999975
2013-11-05,19.4941,19.4941,19.0818,19.2888,13623163,-0.000760,72.823610,0.452854,17.953004,17.749655,0.013929,0.999975
2013-11-06,19.2735,19.2735,18.9492,19.0604,8600719,-0.011838,66.750269,0.454980,18.059815,17.785729,0.012693,0.999974
2013-11-07,19.1261,19.1261,18.6039,18.9338,15033553,-0.006643,63.583746,0.441361,18.156711,17.816456,0.013003,0.999975
2013-11-08,18.9267,19.2678,18.9267,19.1380,6740900,0.010784,66.355569,0.441950,18.253182,17.857836,0.012960,0.999974
2013-11-11,19.2022,19.2876,18.9980,19.1411,9139861,0.000163,66.397596,0.437623,18.344180,17.903170,0.013009,0.999973
2013-11-12,19.0733,19.3447,19.0733,19.2541,17002799,0.005906,67.961336,0.438263,18.431372,17.942893,0.012939,0.999973
2013-11-13,19.1625,19.5455,19.1625,19.4728,10774377,0.011356,70.792636,0.451212,18.549389,17.989685,0.011253,0.999973
2013-11-14,19.5624,19.5624,19.3084,19.3557,9154681,-0.006014,67.358994,0.446873,18.656610,18.020998,0.011598,0.999972
2013-11-15,19.3491,19.6915,19.3491,19.6024,11446701,0.012746,70.594701,0.458062,18.780219,18.057126,0.011409,0.999972
2013-11-18,19.6100,19.7767,19.5504,19.7305,8100251,0.006533,72.138500,0.471823,18.916809,18.093340,0.010889,0.999975
2013-11-19,19.8591,19.8591,19.3158,19.3365,12993792,-0.019967,61.449816,0.445801,19.021212,18.111845,0.012350,0.999974
2013-11-20,19.2319,19.8454,19.2319,19.8113,11712128,0.024554,67.667651,0.458209,19.127802,18.139009,0.012315,0.999975
2013-11-21,19.7423,19.7423,19.6396,19.6534,9791791,-0.007968,63.973025,0.450115,19.199521,18.169016,0.011202,0.999975
2013-11-22,19.7043,19.7043,19.0356,19.1241,13059774,-0.026935,53.436818,0.396416,19.224460,18.188972,0.012293,0.999976
2013-11-25,19.0155,19.0155,18.6307,18.8003,10781444,-0.016932,48.206575,0.323995,19.234663,18.202575,0.012950,0.999977
2013-11-26,18.8510,18.8510,18.4173,18.4873,7823801,-0.016646,43.749928,0.238599,19.223630,18.218010,0.013436,0.999977
2013-11-27,18.5507,18.5559,18.3955,18.5086,6255372,0.001152,44.128393,0.170672,19.201535,18.235317,0.013067,0.999977
2013-11-28,18.5352,18.6456,18.4198,18.4264,6935233,-0.004441,42.927468,0.108951,19.173289,18.255232,0.013064,0.999977
2013-11-29,18.4589,18.4589,18.1705,18.3288,10228492,-0.005299,41.483398,0.051563,19.137881,18.267758,0.013059,0.999978
2013-12-02,18.2155,18.6110,18.2155,18.5205,15438817,0.010459,45.369134,0.021306,19.098732,18.283774,0.012856,0.999978
2013-12-03,18.6567,18.7077,18.5512,18.6259,12571532,0.005695,47.437129,0.005771,19.065590,18.303453,0.012969,0.999974
2013-12-04,18.6023,18.9194,18.6023,18.7292,13157968,0.005543,49.454291,0.001770,19.049028,18.325768,0.012833,0.999976
2013-12-05,18.7188,18.8658,18.7018,18.8643,11685323,0.007216,52.048476,0.009397,19.045554,18.349370,0.012875,0.999974
2013-12-06,18.8870,19.2832,18.8870,19.0628,10574019,0.010519,55.647605,0.031095,19.041793,18.373157,0.012863,0.999975
2013-12-09,19.1886,19.1886,18.3978,18.4110,12210651,-0.034189,43.973412,-0.004249,19.005289,18.389698,0.014948,0.999977
2013-12-10,18.4565,18.4565,18.1875,18.3025,14703748,-0.005893,42.379485,-0.040548,18.957708,18.410078,0.014859,0.999976
2013-12-11,18.3365,18.3365,17.5478,17.6567,18558088,-0.035287,34.388701,-0.120045,18.866903,18.411095,0.016183,0.999978
2013-12-12,17.6691,17.7856,17.6679,17.6698,11543496,0.000742,34.657848,-0.179917,18.782608,18.414625,0.016226,0.999977
2013-12-13,17.6663,17.7073,17.6375,17.6703,10450633,0.000031,34.669776,-0.224731,18.686005,18.426243,0.015761,0.999976
2013-12-16,17.6870,18.1631,17.6870,17.9813,6959992,0.017598,41.297300,-0.232475,18.598547,18.441503,0.016371,0.999977
2013-12-17,18.0339,18.3576,18.0339,18.3425,8003378,0.020087,47.907897,-0.207079,18.548846,18.461246,0.016824,0.999978
2013-12-18,18.3539,18.4650,18.2780,18.4111,9788455,0.003738,49.080140,-0.179353,18.478834,18.490983,0.015666,0.999978
2013-12-19,18.4998,18.4998,18.1273,18.2599,10971773,-0.008212,46.590470,-0.167647,18.409156,18.516262,0.015670,0.999977
2013-12-20,18.1994,18.4676,18.1994,18.4122,11830300,0.008342,49.376598,-0.144414,18.373561,18.540335,0.014864,0.999978
2013-12-23,18.4754,18.4754,18.1001,18.2551,8709136,-0.008532,46.672482,-0.137097,18.346303,18.559013,0.014528,0.999977
2013-12-24,18.2005,18.3026,18.1527,18.2612,7310972,0.000333,46.793733,-0.129319,18.334996,18.574031,0.014078,0.999978
2013-12-25,18.1988,18.7394,18.1988,18.5641,12312914,0.016591,52.588301,-0.097582,18.337772,18.603064,0.014588,0.999977
2013-12-26,18.5989,18.5989,18.3749,18.3963,6972791,-0.009040,49.380114,-0.084992,18.336267,18.626765,0.014702,0.999978
2013-12-27,18.5071,18.6559,18.5071,18.6475,7130976,0.013656,53.912481,-0.054120,18.352205,18.657111,0.014950,0.999977
2013-12-30,18.7531,18.9092,18.7088,18.8587,10951372,0.011324,57.367845,-0.012471,18.369116,18.694311,0.014980,0.999976
2013-12-31,18.7012,18.7012,18.2822,18.5676,12278903,-0.015437,51.621760,-0.002921,18.366198,18.720694,0.015372,0.999977
2014-01-01,18.6004,18.9415,18.6004,18.8763,14503047,0.016627,56.587772,0.029223,18.373554,18.744630,0.015779,0.999975
2014-01-02,18.7448,19.0995,18.7448,19.0983,10584188,0.011760,59.784410,0.071782,18.385252,18.762215,0.015913,0.999976
2014-01-03,19.1387,19.2186,19.1215,19.1348,12086262,0.001911,60.301982,0.107219,18.388852,18.772405,0.015750,0.999976
2014-01-06,19.1616,19.1616,18.8555,18.9000,8930383,-0.012269,55.366129,0.115035,18.413302,18.778481,0.013874,0.999976
2014-01-07,18.7718,18.7898,18.5042,18.6354,11808874,-0.014000,50.362410,0.098739,18.429946,18.777030,0.014212,0.999977
2014-01-08,18.6692,18.7245,18.4575,18.4731,6341555,-0.008710,47.524914,0.071898,18.470767,18.767482,0.011653,0.999977
2014-01-09,18.6527,18.6594,18.5153,18.6424,13951130,0.009167,50.648771,0.063558,18.519399,18.760505,0.011745,0.999977
2014-01-10,18.5869,18.5869,18.3074,18.3536,10732434,-0.015492,45.656785,0.033261,18.553564,18.746839,0.012427,0.999977
2014-01-13,18.3679,18.6293,18.3679,18.4907,12753183,0.007469,48.263386,0.020080,18.579036,18.730585,0.011954,0.999978
2014-01-14,18.5802,18.5802,18.0471,18.1145,20559998,-0.020346,42.271033,-0.020486,18.567637,18.707099,0.012057,0.999977
2014-01-15,18.0754,18.0779,18.0301,18.0568,6217074,-0.003186,41.421378,-0.056639,18.549925,18.687027,0.012027,0.999976
2014-01-16,18.0214,18.1508,17.9711,18.0934,4020691,0.002027,42.214691,-0.081399,18.541602,18.670219,0.011917,0.999977
2014-01-17,18.0682,19.0710,18.0682,18.8485,10252489,0.041731,55.578718,-0.039638,18.563416,18.664428,0.015114,0.999974
2014-01-20,18.7751,18.7751,18.2110,18.4271,8427570,-0.022357,48.796025,-0.040083,18.572014,18.650147,0.015883,0.999975
2014-01-21,18.4899,19.0333,18.4899,18.8857,8621915,0.024888,55.203321,-0.003390,18.603240,18.642778,0.016786,0.999976
2014-01-22,18.8489,19.0582,18.8149,18.9379,3951995,0.002764,55.879999,0.029560,18.621927,18.632079,0.016426,0.999976
2014-01-23,18.9639,19.1339,18.9429,19.0753,16154075,0.007256,57.692004,0.066000,18.655876,18.626471,0.016299,0.999975
2014-01-24,19.1451,19.1451,18.8366,19.1169,11139033,0.002181,58.250932,0.097117,18.679344,18.616761,0.016065,0.999975
2014-01-27,19.1575,19.2685,19.1575,19.2630,11917580,0.007641,60.237516,0.132042,18.699557,18.607411,0.015966,0.999975
2014-01-28,19.3430,19.3430,19.2205,19.2208,17093750,-0.002186,59.360477,0.154540,18.732221,18.605098,0.015508,0.999974
2014-01-29,19.3157,19.8458,19.3157,19.6968,8421149,0.024763,65.477857,0.208374,18.773246,18.602808,0.016015,0.999974
2014-01-30,19.6527,19.6527,19.4168,19.5528,7956298,-0.007309,62.417434,0.236693,18.795974,18.600796,0.015987,0.999974
2014-01-31,19.5354,19.9923,19.5354,19.9328,9349999,0.019432,66.824755,0.286493,18.835874,18.616970,0.016494,0.999972
2014-02-03,19.8192,19.8192,19.5570,19.7248,7549750,-0.010433,62.504513,0.305657,18.877116,18.635462,0.016414,0.999972
2014-02-04,19.5634,19.9277,19.5634,19.7112,15288980,-0.000690,62.220975,0.316102,18.930906,18.659941,0.015985,0.999972
2014-02-05,19.8933,19.8933,19.2146,19.3630,9348585,-0.017665,55.308736,0.292907,18.975403,18.677030,0.016446,0.999971
2014-02-06,19.4300,19.6375,19.3727,19.5166,6142871,0.007931,57.548628,0.283647,19.019112,18.698834,0.016422,0.999971
2014-02-07,19.3998,19.9993,19.3998,19.9903,13415545,0.024274,63.608281,0.310951,19.100948,18.732066,0.016546,0.999971
2014-02-10,20.0418,20.0418,19.9187,19.9684,10164285,-0.001097,63.159049,0.327050,19.174833,18.761025,0.016574,0.999971
2014-02-11,19.9765,19.9765,19.8746,19.9100,11785704,-0.002928,61.903232,0.331273,19.264606,18.786706,0.015661,0.999970
2014-02-12,19.8616,19.8616,19.5331,19.5495,11303159,-0.018104,54.684186,0.302052,19.339241,18.803112,0.016401,0.999970
2014-02-13,19.5569,19.5569,19.3211,19.4796,7035001,-0.003574,53.384713,0.270142,19.408553,18.815418,0.016486,0.999971
2014-02-14,19.5217,19.5217,18.8758,18.9751,14347166,-0.025900,45.057756,0.201817,19.414886,18.813666,0.015187,0.999970
2014-02-17,18.9355,18.9355,18.6225,18.6942,11848471,-0.014804,41.203939,0.123576,19.428244,18.819329,0.014676,0.999970
2014-02-18,18.7657,18.8055,18.5488,18.7691,13378619,0.004006,42.613196,0.066843,19.422415,18.828660,0.013575,0.999970
2014-02-19,18.6773,19.2366,18.6773,19.1869,8166155,0.022260,49.836435,0.054961,19.434867,18.859265,0.014471,0.999971
2014-02-20,19.2862,20.1591,19.2862,20.1057,10920015,0.047886,61.355919,0.118318,19.486387,18.907982,0.017882,0.999974
2014-02-21,20.0300,20.0300,19.8872,19.9178,17232006,-0.009346,58.401964,0.151618,19.526431,18.952931,0.018087,0.999974
2014-02-24,19.9153,20.4464,19.9153,20.4043,15699979,0.024430,63.325708,0.214795,19.583501,19.001392,0.018731,0.999975
2014-02-25,20.4388,20.5884,20.4388,20.4919,10469896,0.004290,64.147865,0.268829,19.647053,19.044380,0.018691,0.999976
2014-02-26,20.5536,20.5536,20.0688,20.4495,12442080,-0.002067,63.407142,0.304720,19.684690,19.085150,0.018026,0.999975
2014-02-27,20.4580,20.7995,20.4580,20.6023,7935066,0.007470,64.977780,0.341554,19.737162,19.131998,0.017926,0.999976
2014-02-28,20.6140,20.6336,20.4153,20.6291,12620903,0.001300,65.259332,0.368656,19.771976,19.176336,0.017492,0.999976
2014-03-03,20.6697,20.7487,20.5536,20.6724,9153974,0.002100,65.739122,0.389145,19.819353,19.224682,0.017251,0.999974
2014-03-04,20.6758,20.6758,20.5039,20.5386,10026985,-0.006473,62.851652,0.390087,19.860720,19.270231,0.017355,0.999975
2014-03-05,20.5212,20.5212,20.0729,20.0730,9542109,-0.022668,53.970099,0.349242,19.896219,19.300408,0.017690,0.999974
2014-03-06,20.0982,20.0982,19.5223,19.5707,6924908,-0.025027,46.357765,0.273186,19.898921,19.323895,0.018614,0.999975
2014-03-07,19.4564,19.9710,19.4564,19.7873,5829173,0.011068,49.655232,0.227765,19.888767,19.346690,0.017941,0.999976
2014-03-10,19.8572,19.8572,19.5937,19.7009,10415787,-0.004365,48.378354,0.182694,19.875391,19.363535,0.017963,0.999977
2014-03-11,19.7661,19.7661,19.4294,19.5090,6482563,-0.009742,45.573526,0.129988,19.855342,19.382363,0.018075,0.999976
2014-03-12,19.5199,19.6620,19.4191,19.5200,9362494,0.000564,45.767586,0.088091,19.853865,19.395237,0.017614,0.999975
2014-03-13,19.4522,19.8981,19.4522,19.7826,17757874,0.013456,50.322384,0.075215,19.869015,19.408924,0.017839,0.999976
2014-03-14,19.7670,20.0476,19.6551,19.8472,8593748,0.003266,51.403673,0.069423,19.912621,19.423173,0.016686,0.999976
2014-03-17,19.9804,19.9804,19.5588,19.6377,7435349,-0.010560,47.771556,0.047376,19.959793,19.437926,0.016481,0.999976
2014-03-18,19.6414,20.1787,19.6414,20.0435,8884049,0.020667,54.479217,0.061938,20.023514,19.466088,0.016970,0.999976
2014-03-19,20.0739,20.7445,20.0739,20.5840,16880371,0.026963,61.559046,0.115754,20.093367,19.508305,0.017275,0.999977
2014-03-20,20.5781,20.9158,20.5781,20.7562,8004978,0.008365,63.506551,0.170334,20.125890,19.550579,0.013876,0.999976
2014-03-21,20.8164,21.5206,20.8164,21.0944,10047029,0.016295,67.038803,0.238136,20.184721,19.605394,0.013987,0.999974
2014-03-24,21.0384,21.7052,21.0384,21.5382,15161477,0.021041,71.005087,0.323949,20.241414,19.666344,0.013732,0.999977
2014-03-25,21.6153,21.9614,21.6153,21.9542,6492145,0.019312,74.144906,0.420671,20.314527,19.743136,0.014220,0.999976
2014-03-26,22.0685,22.3766,22.0685,22.1838,9314152,0.010461,75.708987,0.509976,20.401241,19.825677,0.014235,0.999976
2014-03-27,22.3742,22.4312,22.3007,22.4080,7617219,0.010107,77.161628,0.592019,20.491528,19.911969,0.014279,0.999976
2014-03-28,22.5604,22.6679,22.5604,22.6099,13954830,0.009011,78.413527,0.665657,20.590571,19.987199,0.014298,0.999976
2014-03-31,22.7522,22.7522,22.0249,22.2086,8455821,-0.017750,70.179140,0.683751,20.667382,20.062830,0.015151,0.999976
2014-04-01,22.2502,22.6239,22.2502,22.4725,12851771,0.011881,72.243030,0.711185,20.764078,20.134566,0.015058,0.999976
2014-04-02,22.4301,22.4301,21.7852,21.9805,19249371,-0.021893,63.428419,0.685327,20.859452,20.195418,0.014985,0.999976
2014-04-03,22.1565,22.1565,21.3155,21.6991,9732579,-0.012801,58.994908,0.634811,20.965875,20.247895,0.013922,0.999977
2014-04-04,21.6604,22.4987,21.6604,22.1791,8348240,0.022121,63.661200,0.626290,21.085467,20.309140,0.014376,0.999977
2014-04-07,22.1648,22.6801,22.1648,22.4968,10040277,0.014323,66.387442,0.637819,21.225262,20.373817,0.014287,0.999977
2014-04-08,22.5355,23.1882,22.5355,23.0695,12730753,0.025456,70.660649,0.685268,21.403287,20.450790,0.014315,0.999976
2014-04-09,23.0189,23.0518,22.9032,22.9670,7537390,-0.004442,68.970806,0.706457,21.575638,20.516194,0.014504,0.999975
2014-04-10,22.9893,22.9893,22.2132,22.5391,14276391,-0.018631,62.274515,0.680875,21.713462,20.575919,0.015631,0.999975
2014-04-11,22.4996,22.5693,22.4433,22.4582,15800442,-0.003590,61.067202,0.646618,21.844010,20.626427,0.015783,0.999974
2014-04-14,22.2652,22.5569,22.2652,22.4968,6855455,0.001719,61.451303,0.615490,21.986968,20.681867,0.015324,0.999970
2014-04-15,22.5124,22.5858,22.4883,22.5354,15646166,0.001716,61.856447,0.587167,22.111563,20.738350,0.015013,0.999969
2014-04-16,22.5604,23.0421,22.5604,22.9676,8073195,0.019178,66.146387,0.592762,22.230745,20.810442,0.014534,0.999969
2014-04-17,23.0178,23.0178,22.4425,22.8311,15994787,-0.005941,63.710040,0.579504,22.334495,20.876732,0.014741,0.999968
2014-04-18,22.7650,23.0345,22.7650,22.9700,7025156,0.006083,65.118347,0.573593,22.428278,20.936326,0.014499,0.999968
2014-04-21,23.0903,23.0903,22.5676,22.5973,10043704,-0.016226,58.551741,0.532693,22.481234,20.988904,0.014638,0.999968
2014-04-22,22.5883,22.8352,22.5883,22.7687,10761954,0.007582,60.522463,0.508246,22.521959,21.046078,0.014156,0.999967
2014-04-23,22.7482,23.0186,22.7329,22.7756,11079151,0.000304,60.603980,0.483852,22.551547,21.110599,0.014015,0.999967
2014-04-24,22.6695,22.6695,22.4590,22.5013,5767698,-0.012044,55.696915,0.437344,22.556210,21.171032,0.014166,0.999967
2014-04-25,22.5422,22.5422,22.0353,22.4267,15727078,-0.003313,54.407622,0.389977,22.547049,21.240064,0.014035,0.999964
2014-04-28,22.4391,22.4824,22.2989,22.3616,10768956,-0.002906,53.246958,0.343221,22.554696,21.313411,0.013444,0.999963
2014-04-29,22.3860,22.4699,22.1431,22.2663,8025523,-0.004259,51.517537,0.295081,22.544388,21.383355,0.013203,0.999963
2014-04-30,22.0630,22.9349,22.0630,22.9335,6012326,0.029963,61.058813,0.307223,22.592037,21.458286,0.013832,0.999966
2014-05-01,22.9096,23.1430,22.8972,22.9018,10085428,-0.001381,60.450557,0.310708,22.652172,21.514209,0.013409,0.999967
2014-05-02,22.9230,22.9230,22.4882,22.8112,13432072,-0.003956,58.650894,0.302670,22.683776,21.572078,0.012678,0.999966
2014-05-05,22.7816,22.7816,22.0031,22.0369,14855931,-0.033943,46.036603,0.231158,22.660783,21.604730,0.014559,0.999968
2014-05-06,22.0160,22.0160,21.6856,21.7162,7366314,-0.014553,42.006680,0.146913,22.593121,21.629217,0.013449,0.999968
2014-05-07,21.6919,21.6919,21.3599,21.6253,12643365,-0.004185,40.913582,0.071985,22.526038,21.652733,0.013447,0.999967
2014-05-08,21.5083,21.5713,21.3309,21.3844,6975223,-0.011140,38.084717,-0.006758,22.468305,21.668376,0.013086,0.999968
2014-05-09,21.3421,21.9148,21.3421,21.8867,8699241,0.023487,46.404878,-0.028308,22.439729,21.693529,0.014315,0.999967
2014-05-12,21.7942,21.8835,21.7741,21.8334,10322689,-0.002433,45.703602,-0.049117,22.406560,21.716750,0.014301,0.999966
2014-05-13,21.8486,22.4460,21.8486,22.3106,9671308,0.021855,52.613787,-0.026796,22.395320,21.752190,0.015212,0.999967
2014-05-14,22.3156,22.3476,22.2503,22.3389,11893460,0.001266,52.995089,-0.006750,22.363883,21.797507,0.014510,0.999966
2014-05-15,22.3342,22.4060,22.0947,22.3593,8633108,0.000914,53.287622,0.010661,22.340289,21.853279,0.014475,0.999962
2014-05-16,22.2818,22.5245,22.2818,22.3294,13756101,-0.001336,52.770157,0.021798,22.308258,21.904122,0.014380,0.999961
2014-05-19,22.1968,22.4958,22.1968,22.3344,8588370,0.000223,52.852520,0.030674,22.295111,21.956792,0.013947,0.999959
2014-05-20,22.2929,23.0068,22.2929,22.9835,16200770,0.029061,62.111223,0.089055,22.305851,22.026281,0.015357,0.999962
2014-05-21,22.9611,22.9611,21.8800,22.1241,16619104,-0.037390,48.524252,0.065227,22.273277,22.078364,0.017549,0.999964
2014-05-22,21.9693,21.9693,21.2828,21.4100,10934582,-0.032277,40.580246,-0.011150,22.218713,22.110911,0.018744,0.999965
2014-05-23,21.4617,21.4617,21.1608,21.2247,9549311,-0.008655,38.804893,-0.085645,22.158611,22.138460,0.018797,0.999965
2014-05-26,21.1464,21.3007,21.0914,21.2344,11302734,0.000458,38.955705,-0.142259,22.102253,22.170395,0.018809,0.999965
2014-05-27,21.2522,21.7079,21.2522,21.4856,10944866,0.011831,42.875550,-0.164952,22.063219,22.199237,0.019068,0.999965
2014-05-28,21.5583,21.6678,21.5583,21.6595,10840159,0.008090,45.483893,-0.166986,21.999518,22.220747,0.017743,0.999964
2014-05-29,21.6637,21.6637,21.4627,21.5249,9642063,-0.006212,43.816182,-0.177409,21.930673,22.236122,0.017757,0.999962
2014-05-30,21.5361,21.9312,21.5361,21.9000,10377024,0.017426,49.387812,-0.153631,21.885113,22.252235,0.018327,0.999961
2014-06-02,21.8493,22.3658,21.8493,22.2828,9015056,0.017478,54.361554,-0.102717,21.897405,22.267126,0.017162,0.999962
2014-06-03,22.3292,22.4503,22.2447,22.3567,6393314,0.003316,55.275197,-0.055762,21.929427,22.275176,0.016787,0.999962
2014-06-04,22.4794,22.8855,22.4794,22.7167,6989374,0.016105,59.527232,0.010383,21.983995,22.285834,0.017031,0.999962
2014-06-05,22.6268,22.8972,22.6079,22.8255,7272139,0.004789,60.741750,0.070767,22.056048,22.294184,0.016724,0.999962
2014-06-06,22.8699,22.8699,22.3712,22.6167,7508824,-0.009149,57.193680,0.100610,22.092546,22.294319,0.016247,0.999962
2014-06-09,22.6627,22.8906,22.6627,22.8827,8962750,0.011762,60.369280,0.144065,22.145009,22.307800,0.016363,0.999961
2014-06-10,23.0764,23.0764,22.7363,22.9324,13985345,0.002172,60.952157,0.180435,22.176098,22.316998,0.015715,0.999960
2014-06-11,23.1266,23.1266,22.8219,22.9410,7588153,0.000375,61.058959,0.207561,22.206205,22.336208,0.015717,0.999961
2014-06-12,23.1379,23.6786,23.1379,23.5112,17389842,0.024853,67.416902,0.271930,22.263799,22.372449,0.016563,0.999963
2014-06-13,23.4678,23.4678,22.4288,22.5786,11453778,-0.039666,52.358690,0.244869,22.276258,22.380438,0.019075,0.999967
2014-06-16,22.6207,22.6207,21.9521,22.0596,11890820,-0.022984,46.177810,0.179480,22.262520,22.371695,0.019800,0.999968
2014-06-17,22.0304,22.0304,21.5554,21.6351,7646802,-0.019246,41.827340,0.092335,22.195100,22.343007,0.018940,0.999969
2014-06-18,21.6933,21.6933,21.3986,21.5118,7669240,-0.005698,40.630410,0.013173,22.164485,22.313903,0.017138,0.999969
2014-06-19,21.3709,21.6252,21.2939,21.4242,12459347,-0.004073,39.759535,-0.055989,22.165194,22.291604,0.015538,0.999968
2014-06-20,21.3911,21.3911,20.8931,20.9027,7614437,-0.024339,34.957439,-0.151133,22.149097,22.260494,0.016378,0.999969
2014-06-23,20.8580,20.8580,20.4807,20.5665,10279796,-0.016087,32.252188,-0.250778,22.115701,22.221888,0.016734,0.999969
2014-06-24,20.4850,20.4850,20.2014,20.2806,8672292,-0.013899,30.118334,-0.348793,22.055450,22.176792,0.016647,0.999969
2014-06-25,20.4345,21.1741,20.4345,21.1289,15601820,0.041827,42.314970,-0.353941,22.028922,22.140018,0.019301,0.999970
2014-06-26,21.1481,21.9391,21.1481,21.7771,8573568,0.030679,49.559687,-0.302231,22.041533,22.118937,0.020508,0.999970
2014-06-27,21.8331,21.8331,21.5171,21.6356,10604465,-0.006499,48.138109,-0.269564,22.028312,22.092248,0.020181,0.999969
2014-06-30,21.6740,21.6740,21.4600,21.5102,10581478,-0.005795,46.856020,-0.250899,21.989684,22.070506,0.019762,0.999969
2014-07-01,21.5870,21.5870,21.0209,21.1085,6139668,-0.018677,42.911856,-0.265464,21.927274,22.037303,0.020085,0.999971
2014-07-02,21.0892,21.0892,20.4493,20.4558,7489701,-0.030919,37.403523,-0.325914,21.814230,21.990908,0.020518,0.999974
2014-07-03,20.4354,20.5347,20.3612,20.4223,10126118,-0.001640,37.139645,-0.372237,21.694068,21.949327,0.020406,0.999973
2014-07-04,20.4189,20.4189,19.8980,20.0905,5996662,-0.016248,34.543569,-0.430758,21.567757,21.902602,0.020537,0.999974
2014-07-07,19.9838,20.2390,19.9838,20.0677,8998031,-0.001134,34.366014,-0.473516,21.427007,21.856724,0.020159,0.999976
2014-07-08,20.0813,20.0813,19.4156,19.5473,9505585,-0.025929,30.507589,-0.543128,21.257754,21.802345,0.020510,0.999977
2014-07-09,19.5767,19.5767,19.2860,19.3080,11354002,-0.012246,28.900105,-0.610573,21.076102,21.729834,0.020440,0.999976
2014-07-10,19.2691,19.3984,19.2394,19.3614,12690589,0.002769,29.790047,-0.652191,20.868616,21.659027,0.019103,0.999978
2014-07-11,19.3251,19.5203,19.3251,19.4807,7293397,0.006161,31.839625,-0.667850,20.713723,21.592417,0.018010,0.999977
2014-07-14,19.5400,19.6757,19.4327,19.6192,11268569,0.007109,34.239781,-0.661461,20.591701,21.544062,0.017879,0.999978
2014-07-15,19.6503,19.6503,19.0488,19.2000,10586503,-0.021367,30.713894,-0.682358,20.469947,21.493737,0.017969,0.999979
2014-07-16,19.2561,19.6630,19.2215,19.4815,8464018,0.014662,35.516160,-0.668498,20.368433,21.450860,0.018543,0.999978
2014-07-17,19.4477,19.4477,19.1507,19.2316,11285713,-0.012826,33.309416,-0.669952,20.258806,21.407804,0.018628,0.999978
2014-07-18,19.2214,19.5153,19.2214,19.4394,16803857,0.010802,36.824035,-0.646885,20.185638,21.358858,0.018386,0.999981
2014-07-21,19.4403,19.5325,19.3844,19.4412,7724223,0.000094,36.855479,-0.621295,20.129374,21.311013,0.018156,0.999982
2014-07-22,19.4077,19.4077,18.9993,19.0052,9105329,-0.022426,32.667312,-0.628945,20.065604,21.244905,0.018530,0.999982
2014-07-23,18.9513,19.1385,18.8122,18.9105,8941593,-0.004984,31.821234,-0.635327,19.954684,21.176338,0.015220,0.999981
2014-07-24,18.8046,19.1187,18.8046,19.0347,13169610,0.006566,34.225977,-0.623183,19.817561,21.109846,0.013003,0.999980
2014-07-25,19.0505,19.3516,19.0505,19.2351,10525831,0.010533,38.027132,-0.590572,19.697539,21.047961,0.013558,0.999981
2014-07-28,19.2509,19.3474,19.0392,19.1922,10211838,-0.002235,37.526380,-0.561722,19.581636,20.985116,0.013581,0.999979
2014-07-29,19.3223,19.7594,19.3223,19.6902,10613611,0.025949,46.341996,-0.492989,19.510721,20.919251,0.014919,0.999980
2014-07-30,19.6695,20.2984,19.6695,20.0287,11348663,0.017194,51.366171,-0.406514,19.489367,20.877343,0.014098,0.999980
2014-07-31,20.0006,20.0363,19.8698,19.9491,11154002,-0.003976,50.176085,-0.340482,19.465708,20.848125,0.014114,0.999981
2014-08-01,19.9378,20.2596,19.9378,20.2019,8543196,0.012673,53.833186,-0.264700,19.471281,20.827670,0.013958,0.999980
2014-08-04,20.1920,20.8950,20.1920,20.8624,9722907,0.032695,61.735253,-0.149621,19.511018,20.820230,0.015707,0.999981
2014-08-05,20.9255,21.7339,20.9255,21.5563,7811076,0.033258,67.942695,-0.002404,19.611464,20.821643,0.015731,0.999982
2014-08-06,21.6626,21.6626,21.0740,21.1277,14238258,-0.019879,61.325744,0.078779,19.702452,20.811008,0.016256,0.999982
2014-08-07,21.1004,21.1004,20.7218,20.8145,9768432,-0.014825,56.959360,0.116501,19.775107,20.796800,0.016829,0.999982
2014-08-08,20.8522,21.6357,20.8522,21.3383,13507433,0.025164,61.851097,0.186511,19.867986,20.785566,0.017495,0.999983
2014-08-11,21.3240,21.3240,20.8545,20.9694,13688491,-0.017288,56.942594,0.209810,19.935497,20.759299,0.018157,0.999983
2014-08-12,21.1404,21.1404,20.4198,20.5233,11220741,-0.021275,51.608325,0.190084,20.001662,20.722632,0.018150,0.999982
2014-08-13,20.4413,20.4413,20.0610,20.3628,14000586,-0.007818,49.801321,0.159663,20.045729,20.675554,0.018118,0.999982
2014-08-14,20.2606,20.5971,20.2606,20.5097,9138691,0.007213,51.476171,0.145726,20.109632,20.629238,0.017784,0.999982
2014-08-15,20.5683,20.5683,20.2955,20.4806,10070713,-0.001421,51.111720,0.130821,20.161691,20.586516,0.017726,0.999982
2014-08-18,20.5269,20.5269,20.1272,20.2687,18250035,-0.010343,48.428287,0.100754,20.203068,20.534237,0.017960,0.999982
2014-08-19,20.1896,20.1896,20.0188,20.0501,11283016,-0.010787,45.757924,0.058608,20.255311,20.476591,0.017295,0.999982
2014-08-20,20.0085,20.0085,19.7629,19.8193,8242524,-0.011510,43.059022,0.006510,20.300752,20.414157,0.017511,0.999982
2014-08-21,19.7727,19.7727,19.3965,19.5381,8260093,-0.014188,39.965873,-0.056813,20.325925,20.334696,0.017868,0.999983
2014-08-22,19.4758,20.3173,19.4758,20.2923,17472757,0.038602,50.282216,-0.045612,20.378784,20.288971,0.019633,0.999984
2014-08-25,20.2976,20.5385,20.2976,20.3939,14346039,0.005007,51.491599,-0.028211,20.438873,20.255657,0.019601,0.999983
2014-08-26,20.3353,20.8115,20.3353,20.7018,6835673,0.015097,55.058888,0.010304,20.489455,20.236993,0.019082,0.999983
2014-08-27,20.7184,20.7184,20.5105,20.5400,11281010,-0.007817,52.858577,0.027453,20.515019,20.217557,0.018900,0.999984
2014-08-28,20.5445,20.5445,20.4691,20.4811,8625525,-0.002868,52.043249,0.035877,20.541619,20.198695,0.018885,0.999984
2014-08-29,20.4465,20.4465,20.0873,20.2436,10300931,-0.011595,48.776863,0.023124,20.543704,20.185513,0.018908,0.999984
2014-09-01,20.1936,20.1936,19.3783,19.3790,19779922,-0.042712,39.143867,-0.056107,20.469531,20.161762,0.019607,0.999984
2014-09-02,19.3446,19.3446,18.9174,18.9477,10692637,-0.022253,35.389895,-0.151943,20.339104,20.135104,0.017993,0.999985
2014-09-03,18.9866,18.9866,18.3209,18.3875,9080091,-0.029565,31.203579,-0.269985,20.202094,20.080277,0.018501,0.999984
2014-09-04,18.3953,18.3953,17.6976,17.7179,12367963,-0.036418,27.079909,-0.412808,20.047263,19.999093,0.019594,0.999984
2014-09-05,17.7531,17.7531,17.2085,17.3772,11158245,-0.019232,25.251184,-0.547185,19.849206,19.913924,0.018118,0.999983
2014-09-08,17.4273,17.9585,17.4273,17.7641,12039217,0.022266,30.953127,-0.615365,19.688939,19.839001,0.019401,0.999983
2014-09-09,17.7905,17.9549,17.6151,17.7568,7583444,-0.000412,30.905134,-0.662352,19.550613,19.771967,0.019214,0.999983
2014-09-10,17.7199,18.3439,17.7199,18.1457,16441221,0.021901,36.539208,-0.660595,19.439755,19.725764,0.020271,0.999983
2014-09-11,18.3403,18.5028,18.2164,18.2763,14843334,0.007198,38.357126,-0.641271,19.328083,19.682844,0.020270,0.999984
2014-09-12,18.2716,18.7135,18.2716,18.5205,20392450,0.013366,41.719894,-0.599337,19.230082,19.651446,0.020694,0.999984
2014-09-15,18.4529,18.4529,18.1581,18.2509,12275521,-0.014561,39.178853,-0.581165,19.129189,19.615110,0.020775,0.999984
2014-09-16,18.2748,18.4514,18.2748,18.4130,10694808,0.008884,41.486467,-0.547370,19.047335,19.592423,0.020952,0.999984
2014-09-17,18.4323,18.8279,18.4323,18.6367,13328968,0.012147,44.608429,-0.496813,18.988204,19.578997,0.021175,0.999982
2014-09-18,18.7427,18.7427,18.4407,18.4638,8686931,-0.009277,42.711406,-0.465333,18.934487,19.561044,0.021065,0.999982
2014-09-19,18.2860,18.6408,18.2860,18.6401,11128141,0.009550,45.267863,-0.421300,18.851876,19.544232,0.018971,0.999982
2014-09-22,18.6568,18.9289,18.6568,18.8197,12965125,0.009637,47.822414,-0.367670,18.773166,19.528243,0.019115,0.999982
2014-09-23,18.8226,18.8226,18.6395,18.6513,12951269,-0.008948,45.670336,-0.334897,18.670642,19.517270,0.018611,0.999982
2014-09-24,18.5973,18.5973,18.0737,18.3111,8245301,-0.018243,41.597314,-0.332546,18.559196,19.493862,0.018838,0.999981
2014-09-25,18.3124,18.3124,17.9118,17.9562,9912041,-0.019382,37.809579,-0.355225,18.432951,19.468353,0.019074,0.999980
2014-09-26,17.8641,18.0579,17.8641,17.9874,9815304,0.001737,38.340907,-0.366459,18.320139,19.439313,0.019115,0.999980
2014-09-29,17.9077,18.2561,17.9077,18.0920,8457984,0.005816,40.186880,-0.362738,18.255790,19.412329,0.017151,0.999980
2014-09-30,18.0563,18.0563,17.8136,17.8594,14062349,-0.012857,37.498690,-0.374245,18.201373,19.389412,0.016728,0.999979
2014-10-01,18.0001,18.0001,17.8098,17.8684,13241542,0.000505,37.672808,-0.378275,18.175416,19.368570,0.015504,0.999978
2014-10-02,17.9071,18.0998,17.9071,18.0446,5405999,0.009863,41.123910,-0.363064,18.191753,19.348769,0.013284,0.999978
2014-10-03,17.9974,18.3318,17.9974,18.2370,10243130,0.010663,44.722416,-0.331660,18.234747,19.328807,0.012550,0.999979
2014-10-06,18.3905,18.8642,18.3713,18.7150,8888608,0.026209,52.490836,-0.265148,18.282293,19.319264,0.012902,0.999980
2014-10-07,18.7334,19.2356,18.7334,19.1196,12975366,0.021616,57.885645,-0.177744,18.350433,19.307852,0.013548,0.999980
2014-10-08,19.0459,19.0459,18.7119,18.8086,26281472,-0.016263,52.912365,-0.132043,18.383581,19.283450,0.013551,0.999981
2014-10-09,18.8995,19.3904,18.8995,19.3455,12958477,0.028543,59.398392,-0.051908,18.437041,19.271377,0.014776,0.999981
2014-10-10,19.3525,19.3525,19.1743,19.1805,16597269,-0.008530,56.808109,-0.001696,18.470036,19.250948,0.014775,0.999981
2014-10-13,19.1882,19.5871,19.1882,19.5190,7893610,0.017649,60.603557,0.064668,18.533441,19.224079,0.014646,0.999981
2014-10-14,19.5528,19.6192,19.5284,19.5444,6754886,0.001303,60.881583,0.117954,18.590010,19.183842,0.014597,0.999981
2014-10-15,19.5700,19.5700,19.2102,19.4167,9158640,-0.006534,58.642890,0.148170,18.629011,19.149621,0.014584,0.999981
2014-10-16,19.4119,19.4119,18.8370,18.8492,12892378,-0.029228,49.867407,0.124884,18.648281,19.110314,0.016019,0.999983
2014-10-17,18.8318,19.0756,18.7312,18.8025,7944244,-0.002476,49.215127,0.101494,18.656401,19.059598,0.015913,0.999982
2014-10-20,18.7873,18.7873,18.0954,18.3254,8697991,-0.025376,43.020109,0.043950,18.631683,19.006717,0.016764,0.999984
2014-10-21,18.3618,18.6762,18.3618,18.6247,14433452,0.016335,47.486273,0.022244,18.630352,18.968746,0.017099,0.999983
2014-10-22,18.6102,19.1751,18.6102,19.0996,15292222,0.025499,53.688266,0.042869,18.669779,18.943482,0.017428,0.999984
2014-10-23,19.0359,19.0359,18.7642,18.8504,14234583,-0.013048,50.329289,0.038660,18.714492,18.910297,0.017068,0.999983
2014-10-24,18.8195,18.9826,18.8195,18.9487,5959098,0.005213,51.614704,0.042760,18.762558,18.879660,0.017076,0.999983
2014-10-27,18.9739,18.9739,18.6350,18.7257,10159941,-0.011767,48.544738,0.027699,18.794245,18.848799,0.017360,0.999982
2014-10-28,18.6430,18.6430,18.2523,18.5361,7847352,-0.010127,46.036673,0.000456,18.828080,18.818519,0.017249,0.999981
2014-10-29,18.6062,18.8383,18.6062,18.7792,8950365,0.013115,49.629414,-0.001501,18.873620,18.797717,0.017421,0.999981
2014-10-30,18.9268,18.9268,18.6984,18.7712,12429933,-0.000427,49.512201,-0.003658,18.909946,18.782378,0.017348,0.999982
2014-10-31,18.7116,19.4863,18.7116,19.3231,19524531,0.029403,57.027621,0.038723,18.964249,18.762993,0.018313,0.999982
2014-11-03,19.2234,19.2370,19.1703,19.1739,9492215,-0.007721,54.658986,0.059584,18.987194,18.738592,0.017613,0.999983
2014-11-04,19.1552,19.5841,19.1552,19.4999,8493433,0.017001,58.695455,0.101253,19.006209,18.714553,0.017362,0.999983
2014-11-05,19.4849,19.7732,19.4209,19.5355,8013757,0.001828,59.123908,0.135588,19.042554,18.694463,0.016873,0.999983
2014-11-06,19.4466,19.8612,19.4466,19.7974,7893821,0.013405,62.224717,0.181834,19.065149,18.680789,0.015935,0.999983
2014-11-07,19.8256,19.9397,19.5298,19.6595,9657550,-0.006965,59.658386,0.204995,19.089101,18.669107,0.015888,0.999982
2014-11-10,19.6541,19.8457,19.5058,19.6479,12524029,-0.000588,59.436935,0.219881,19.095548,18.674486,0.015420,0.999983
2014-11-11,19.7941,19.7986,19.5543,19.6116,8461508,-0.001849,58.700145,0.226142,19.098909,18.687763,0.015426,0.999982
2014-11-12,19.6829,19.6829,19.3380,19.3473,10975526,-0.013475,53.503184,0.207388,19.095441,18.706959,0.015664,0.999982
2014-11-13,19.4053,19.6264,19.4053,19.5642,8387830,0.011207,56.876758,0.207629,19.131190,18.743885,0.014247,0.999982
2014-11-14,19.6598,20.0665,19.6598,19.7766,9089567,0.010857,59.942835,0.222396,19.179893,18.791873,0.014340,0.999979
2014-11-17,19.7412,20.0327,19.7412,19.9755,7640119,0.010057,62.622768,0.247299,19.262398,18.836101,0.012805,0.999980
2014-11-18,19.8628,20.6474,19.8628,20.4973,6141894,0.026121,68.564274,0.305614,19.356024,18.890911,0.013456,0.999980
2014-11-19,20.5931,21.0745,20.5931,20.9983,13966194,0.024444,73.002238,0.387787,19.450957,18.947963,0.013373,0.999980
2014-11-20,20.9567,20.9692,20.8317,20.8688,10788205,-0.006168,70.241627,0.437418,19.551874,18.999813,0.012971,0.999979
2014-11-21,20.8625,21.3026,20.7936,21.0018,9713190,0.006376,71.436569,0.481930,19.654530,19.049439,0.012974,0.999979
2014-11-24,21.0557,21.0557,20.7377,20.7933,7210714,-0.009928,66.902547,0.494680,19.757909,19.100287,0.012853,0.999978
2014-11-25,20.8749,20.9120,20.6454,20.8011,5942914,0.000375,66.986941,0.499653,19.871160,19.148049,0.012395,0.999976
2014-11-26,20.8672,20.9044,20.5211,20.5991,15621085,-0.009711,62.538608,0.481741,19.962155,19.187298,0.012737,0.999975
2014-11-27,20.5835,21.2942,20.5835,21.1639,21088409,0.027419,68.780999,0.507274,20.081792,19.241300,0.013636,0.999974
2014-11-28,21.1598,21.3101,21.1598,21.3001,8411659,0.006434,70.075719,0.532360,20.180641,19.294499,0.012489,0.999973
2014-12-01,21.4859,21.4859,21.2145,21.2281,13088136,-0.003379,68.459582,0.540205,20.283351,19.342667,0.012294,0.999973
2014-12-02,21.0441,21.6729,21.0441,21.6548,9327485,0.020102,72.507680,0.574236,20.391099,19.402736,0.012469,0.999974
2014-12-03,21.5094,21.5094,20.7992,20.8929,7893059,-0.035185,58.155199,0.533574,20.458969,19.454372,0.015415,0.999976
2014-12-04,21.0485,21.0485,20.1985,20.2119,15083892,-0.032593,48.848663,0.441314,20.479696,19.499487,0.017185,0.999978
2014-12-05,20.1780,20.5295,20.1780,20.4836,7310757,0.013442,52.139475,0.385674,20.520902,19.549412,0.017282,0.999978
2014-12-08,20.4056,20.5320,20.4056,20.5067,7356710,0.001125,52.419135,0.339525,20.563840,19.597706,0.017271,0.999977
2014-12-09,20.6142,20.6950,20.5929,20.5968,6670568,0.004394,53.561689,0.306688,20.613099,19.652454,0.017249,0.999977
2014-12-10,20.5168,20.5168,20.1385,20.1537,18849891,-0.021511,47.519919,0.242122,20.653418,19.698160,0.017730,0.999980
2014-12-11,20.1512,20.3287,19.8658,20.1515,6477495,-0.000109,47.491298,0.188602,20.682786,19.740298,0.017608,0.999979
2014-12-12,20.0879,21.0284,20.0879,20.8351,9098256,0.033923,56.305596,0.199053,20.735714,19.792260,0.018948,0.999980
2014-12-15,20.8574,21.1642,20.8574,21.1252,11155004,0.013923,59.418642,0.228113,20.793200,19.840464,0.019046,0.999980
2014-12-16,21.0572,21.2667,21.0572,21.1887,13759181,0.003005,60.088710,0.253344,20.827771,19.881846,0.018252,0.999981
2014-12-17,21.1974,21.1974,20.7628,21.0388,9114980,-0.007073,57.667542,0.258270,20.829797,19.926450,0.017543,0.999980
2014-12-18,21.0363,21.1606,20.8230,20.9050,10606166,-0.006361,55.516382,0.248510,20.831607,19.957640,0.017546,0.999980
2014-12-19,20.7232,20.7232,20.1307,20.1835,10048886,-0.034512,45.633597,0.180479,20.790692,19.977701,0.019106,0.999982
2014-12-22,20.1444,20.3112,20.1444,20.2723,11846596,0.004399,46.886795,0.132205,20.764642,19.992768,0.019054,0.999982
2014-12-23,20.2877,20.6676,20.2877,20.5645,13217029,0.014415,50.898346,0.116189,20.752814,20.013171,0.019367,0.999982
2014-12-24,20.4959,20.4959,19.8691,20.0397,17580490,-0.025521,44.411026,0.060450,20.724846,20.025632,0.020077,0.999983
2014-12-25,19.9074,19.9074,19.6947,19.8264,11928285,-0.010647,42.063766,-0.000929,20.657968,20.045175,0.018998,0.999984
2014-12-26,19.8959,19.8959,19.3736,19.4553,9812411,-0.018714,38.275357,-0.078604,20.565731,20.058232,0.019166,0.999984
2014-12-29,19.4436,19.4436,18.9595,19.1545,12560218,-0.015464,35.484482,-0.162566,20.462050,20.074814,0.019324,0.999983
2014-12-30,19.2155,19.2155,19.1081,19.1745,9721788,0.001045,35.819884,-0.224898,20.338034,20.085809,0.018475,0.999983
2014-12-31,19.1784,19.1784,18.4321,18.5286,6846509,-0.033685,30.340405,-0.322695,20.219820,20.074388,0.018353,0.999983
2015-01-01,18.5033,18.7337,18.5033,18.7177,6875808,0.010203,33.544742,-0.380558,20.145106,20.071733,0.017545,0.999981
2015-01-02,18.8422,18.9903,18.8422,18.9537,6230827,0.012614,37.416626,-0.402722,20.068612,20.071834,0.017503,0.999981
2015-01-05,18.8579,18.9071,18.8573,18.8786,9422117,-0.003965,36.684043,-0.421492,19.987210,20.074892,0.017466,0.999980
2015-01-06,18.9540,18.9540,18.0958,18.1229,14914172,-0.040029,30.266196,-0.491677,19.863516,20.066628,0.019093,0.999982
2015-01-07,18.0343,18.0343,17.8182,17.8303,14992142,-0.016144,28.208547,-0.564402,19.747346,20.047651,0.018904,0.999982
2015-01-08,17.8742,18.4719,17.8742,18.2031,9990192,0.020906,34.333769,-0.585214,19.649924,20.036289,0.019807,0.999981
2015-01-09,18.2228,18.2228,17.2670,17.3870,9881424,-0.044831,28.583950,-0.659948,19.477520,19.997568,0.019512,0.999983
2015-01-12,17.2893,17.3224,17.2632,17.2898,10811278,-0.005592,27.982701,-0.718736,19.285750,19.959886,0.018789,0.999983
2015-01-13,17.2993,17.2993,16.7714,16.9579,10316892,-0.019194,25.974266,-0.783077,19.074213,19.909048,0.018648,0.999982
2015-01-14,16.9102,17.2581,16.9102,17.1900,17266980,0.013687,29.770695,-0.806049,18.881775,19.862138,0.019434,0.999982
2015-01-15,17.2556,17.2556,16.9941,17.0054,9528566,-0.010740,28.517880,-0.829587,18.686797,19.806299,0.019417,0.999982
2015-01-16,16.9999,17.1365,16.9999,17.1212,13923373,0.006810,30.493813,-0.829337,18.533683,19.755534,0.018872,0.999982
2015-01-19,17.0187,17.5109,17.0187,17.2860,4910861,0.009624,33.318104,-0.806546,18.384367,19.708295,0.019088,0.999982
2015-01-20,17.2203,17.9666,17.2203,17.8253,9006959,0.031198,41.672118,-0.736479,18.247404,19.672569,0.020436,0.999981
2015-01-21,17.9167,17.9167,17.6490,17.7724,7938592,-0.002965,41.128291,-0.677406,18.134039,19.641071,0.019973,0.999980
2015-01-22,17.8797,18.0059,17.8355,17.8872,8243149,0.006461,42.872510,-0.614245,18.037084,19.607533,0.020120,0.999980
2015-01-23,17.9429,17.9429,17.2719,17.4543,12284297,-0.024204,38.268552,-0.592296,17.937032,19.561087,0.020354,0.999980
2015-01-26,17.3324,17.9407,17.3324,17.8078,12160680,0.020252,43.594508,-0.540152,17.869698,19.517733,0.020965,0.999980
2015-01-27,17.9153,17.9153,17.5769,17.5877,11488585,-0.012356,41.210984,-0.510696,17.790360,19.459543,0.021028,0.999980
2015-01-28,17.5808,17.5808,17.2959,17.4293,13757555,-0.009008,39.535005,-0.494436,17.735396,19.388164,0.019894,0.999980
2015-01-29,17.4578,17.4578,17.3194,17.4291,8738197,-0.000011,39.532891,-0.476077,17.670970,19.319371,0.019671,0.999979
2015-01-30,17.5213,17.5213,16.8962,16.9831,16889763,-0.025593,34.898552,-0.491851,17.572436,19.238997,0.019890,0.999979
2015-02-02,16.9474,17.1533,16.8557,17.0505,12668060,0.003970,36.117460,-0.493227,17.481030,19.164140,0.019997,0.999979
2015-02-03,16.9183,17.3907,16.9183,17.3326,11739906,0.016549,41.088983,-0.466175,17.441517,19.094771,0.018726,0.999979
2015-02-04,17.3275,17.5131,17.2845,17.4185,10341846,0.004952,42.553418,-0.432822,17.420925,19.031159,0.018483,0.999979
2015-02-05,17.4668,17.4668,16.8961,16.9705,15288140,-0.025716,37.336756,-0.437490,17.359297,18.947291,0.018514,0.999979
2015-02-06,16.9677,17.0410,16.9319,16.9400,11600771,-0.001799,37.003734,-0.438598,17.336946,18.860090,0.015729,0.999980
2015-02-09,16.9320,17.2298,16.9320,17.1539,16441482,0.012625,40.974854,-0.417407,17.330150,18.778606,0.015986,0.999980
2015-02-10,17.1812,17.1812,16.6240,16.6335,10437386,-0.030339,35.165725,-0.437562,17.313926,18.678178,0.016851,0.999980
2015-02-11,16.6125,16.6125,16.2461,16.3407,8478077,-0.017598,32.384690,-0.471718,17.271461,18.587135,0.016884,0.999979
2015-02-12,16.2374,16.6257,16.2374,16.5839,17798429,0.014883,36.853036,-0.473702,17.250387,18.514575,0.017187,0.999981
2015-02-13,16.5883,16.7394,16.5883,16.6605,10088406,0.004618,38.237311,-0.463748,17.227352,18.438114,0.017141,0.999980
2015-02-16,16.6001,16.7832,16.6001,16.7770,15033014,0.006993,40.378497,-0.441370,17.201905,18.363521,0.017063,0.999980
2015-02-17,16.7203,17.3715,16.7203,17.3042,7163269,0.031422,48.994512,-0.376753,17.175852,18.297670,0.017086,0.999983
2015-02-18,17.2734,17.5733,17.2734,17.4437,11428266,0.008061,51.011860,-0.310707,17.159416,18.243470,0.017208,0.999983
2015-02-19,17.5092,17.7405,17.5047,17.6394,26592156,0.011217,53.773702,-0.239812,17.147022,18.193227,0.017346,0.999983
2015-02-20,17.5877,18.4975,17.5877,18.4563,15272129,0.046314,63.122169,-0.116364,17.197124,18.145651,0.019338,0.999981
2015-02-23,18.4875,18.5692,18.2197,18.3977,11813685,-0.003176,62.150965,-0.022995,17.226620,18.091102,0.018942,0.999980
2015-02-24,18.4273,18.4273,18.0800,18.1616,9327026,-0.012834,58.262193,0.031583,17.255312,18.030560,0.018961,0.999980
2015-02-25,18.2894,18.3140,18.1712,18.2957,10658289,0.007384,59.800577,0.084681,17.298631,17.975698,0.018824,0.999979
2015-02-26,18.1899,18.5009,18.1899,18.4350,15587558,0.007611,61.391989,0.136426,17.348922,17.926297,0.018846,0.999979
2015-02-27,18.4123,18.4123,18.1522,18.2775,9290677,-0.008539,58.569386,0.162855,17.413645,17.888178,0.017844,0.999978
2015-03-02,18.2602,18.2602,17.9198,17.9712,9170404,-0.016760,53.421905,0.157268,17.459680,17.842155,0.018428,0.999979
2015-03-03,17.9795,18.8893,17.9795,18.6760,14955023,0.039218,61.750797,0.207321,17.526847,17.804384,0.019953,0.999980
2015-03-04,18.5635,18.9979,18.5635,18.7794,8635028,0.005537,62.801754,0.252422,17.594893,17.779177,0.019955,0.999979
2015-03-05,18.7905,18.7905,18.4868,18.5568,7689799,-0.011852,59.041150,0.267125,17.674206,17.753786,0.019092,0.999979
2015-03-06,18.5861,18.9004,18.5861,18.8440,11855173,0.015476,62.187247,0.298510,17.769405,17.741559,0.019176,0.999978
2015-03-09,18.9929,18.9929,18.7731,18.8145,12452981,-0.001563,61.664170,0.317348,17.852437,17.734761,0.019161,0.999978
2015-03-10,18.7456,18.7916,18.4938,18.7416,14941762,-0.003875,60.311712,0.322675,17.957846,17.726103,0.017443,0.999978
2015-03-11,18.8249,19.0219,18.8249,18.9211,18053841,0.009578,62.493042,0.337490,18.086866,17.733954,0.016533,0.999978
2015-03-12,18.8007,18.8007,18.4839,18.5228,6579917,-0.021051,55.238399,0.313479,18.183811,17.730058,0.017604,0.999979
2015-03-13,18.5608,18.7179,18.5608,18.6364,12128254,0.006130,56.778853,0.300152,18.282604,17.723710,0.017603,0.999978
2015-03-16,18.5267,19.2577,18.5267,19.2423,10731725,0.032512,63.915023,0.334625,18.405866,17.730984,0.018593,0.999979
2015-03-17,19.2674,19.5622,19.2674,19.3938,7860925,0.007876,65.451452,0.369909,18.510347,17.756403,0.017692,0.999978
2015-03-18,19.3415,19.3735,19.2082,19.2774,8141357,-0.006002,63.224540,0.384052,18.602033,17.785345,0.017878,0.999978
2015-03-19,19.2447,19.2516,18.9806,19.1219,9221054,-0.008068,60.273759,0.378349,18.676159,17.803721,0.018054,0.999978
2015-03-20,19.0140,19.1259,18.9687,18.9967,6240471,-0.006545,57.930733,0.359585,18.703180,17.835915,0.015208,0.999978
2015-03-23,19.1085,19.1085,18.9125,18.9204,13517706,-0.004018,56.488386,0.334696,18.729314,17.868527,0.015223,0.999978
2015-03-24,18.9761,19.0692,18.7516,18.8069,8849317,-0.005997,54.323383,0.302331,18.761582,17.905507,0.014958,0.999978
2015-03-25,18.8219,19.2188,18.8219,19.0992,12217525,0.015540,58.712950,0.296843,18.801757,17.943691,0.015226,0.999978
2015-03-26,19.2976,19.2976,18.4345,18.5640,10584984,-0.028025,49.357834,0.246462,18.808207,17.974861,0.016591,0.999980
2015-03-27,18.5408,19.0091,18.5408,18.8359,12311342,0.014652,53.419442,0.225879,18.836128,18.009156,0.016737,0.999982
2015-03-30,18.7574,18.8715,18.7197,18.7263,5862131,-0.005821,51.622225,0.198432,18.873884,18.037962,0.016277,0.999981
2015-03-31,18.7385,18.9102,18.7385,18.8458,13407762,0.006382,53.460343,0.184201,18.882375,18.058373,0.013814,0.999980
2015-04-01,18.7873,18.7873,18.4543,18.5035,9886166,-0.018164,47.852212,0.143645,18.868582,18.072995,0.014369,0.999980
2015-04-02,18.6214,19.0603,18.6214,18.9203,13343546,0.022526,54.158151,0.143483,18.886757,18.093656,0.015000,0.999980
2015-04-03,18.8876,19.4133,18.8876,19.3205,11158283,0.021153,59.253247,0.173647,18.910585,18.130981,0.015336,0.999980
2015-04-06,19.3653,19.7822,19.3653,19.6357,8448297,0.016315,62.763586,0.220446,18.951646,18.167540,0.015674,0.999980
2015-04-07,19.7756,19.7756,19.0949,19.1496,15440172,-0.024757,54.907313,0.215821,18.972045,18.198777,0.016762,0.999980
2015-04-08,19.1968,19.4516,19.1968,19.4167,13535438,0.013949,58.017016,0.231046,18.996825,18.238525,0.016905,0.999979
2015-04-09,19.4838,19.5713,19.4838,19.5504,11942664,0.006882,59.520848,0.251000,19.048201,18.280950,0.016084,0.999979
2015-04-10,19.5099,19.5099,18.7985,19.0409,15542497,-0.026059,51.888979,0.223132,19.068426,18.322106,0.017300,0.999981
2015-04-13,19.0803,19.0803,18.9716,19.0363,11844810,-0.000242,51.824213,0.198388,19.058126,18.361822,0.015654,0.999981
2015-04-14,19.0023,19.1615,19.0023,19.1538,6904023,0.006173,53.419926,0.186115,19.046123,18.398245,0.015611,0.999980
2015-04-15,19.0865,19.3621,19.0865,19.3384,11368175,0.009637,55.891394,0.189103,19.049171,18.436643,0.015712,0.999980
2015-04-16,19.2989,19.5259,19.2989,19.3988,14573251,0.003126,56.701714,0.194112,19.063018,18.485209,0.015598,0.999980
2015-04-17,19.4544,19.6091,19.4210,19.4959,5810409,0.005004,58.034692,0.203567,19.087976,18.536327,0.015524,0.999979
2015-04-20,19.4322,19.9966,19.4322,19.9838,9370639,0.025025,64.029087,0.247575,19.141145,18.592925,0.016327,0.999979
2015-04-21,19.9881,20.5120,19.9881,20.3956,11307129,0.020605,68.162488,0.312080,19.220575,18.668167,0.016648,0.999978
2015-04-22,20.3537,20.3537,19.2309,19.4557,12215628,-0.046080,53.150204,0.284090,19.238401,18.730467,0.019835,0.999976
2015-04-23,19.4520,19.6133,19.3208,19.3553,8304450,-0.005163,51.836160,0.250909,19.277967,18.785893,0.018693,0.999976
2015-04-24,19.3428,19.3736,19.0085,19.3072,16475599,-0.002486,51.183276,0.218215,19.301527,18.838826,0.018486,0.999976
2015-04-27,19.3135,19.3135,18.7373,18.7567,11658162,-0.028509,44.309065,0.146204,19.303048,18.878419,0.019614,0.999977
2015-04-28,18.7169,18.8168,18.7077,18.7927,9593798,0.001918,44.830660,0.090990,19.300392,18.908189,0.019567,0.999977
2015-04-29,18.6877,19.2507,18.6877,19.1883,9344044,0.021050,50.338059,0.078251,19.334631,18.943081,0.019611,0.999978
2015-04-30,19.2345,19.2345,18.8497,18.8533,13990518,-0.017458,46.137770,0.040655,19.331280,18.967359,0.019446,0.999977
2015-05-01,18.9036,19.1639,18.8802,18.9615,10387392,0.005739,47.657041,0.019368,19.313329,18.977463,0.018860,0.999977
2015-05-04,18.9898,18.9898,18.5195,18.6785,9319287,-0.014928,44.148939,-0.020110,19.265464,18.983077,0.018664,0.999977
2015-05-05,18.7110,18.7110,18.4289,18.4796,5248775,-0.010648,41.819368,-0.066677,19.231961,18.989437,0.018027,0.999976
2015-05-06,18.4755,19.1507,18.4755,18.9424,13395248,0.025047,48.614555,-0.065478,19.208245,19.002371,0.018690,0.999977
2015-05-07,18.9325,18.9325,18.7506,18.7778,9607484,-0.008691,46.532778,-0.076926,19.169617,19.009228,0.018666,0.999977
2015-05-08,18.7902,18.9977,18.7902,18.9271,9465619,0.007951,48.679052,-0.073108,19.163927,19.022219,0.017877,0.999977
2015-05-11,18.9279,18.9279,18.2775,18.3522,10215395,-0.030373,41.732446,-0.115143,19.129723,19.029839,0.019112,0.999979
2015-05-12,18.4628,19.1277,18.4628,18.9295,13235210,0.031457,49.522496,-0.100712,19.118509,19.034910,0.020447,0.999979
2015-05-13,19.0181,19.5011,19.0097,19.1237,7171908,0.010256,51.853770,-0.072770,19.107773,19.041795,0.020463,0.999979
2015-05-14,19.0794,19.0977,19.0315,19.0691,11185322,-0.002853,51.139099,-0.054401,19.091286,19.052041,0.020453,0.999978
2015-05-15,18.9430,19.4043,18.9430,19.2554,7741598,0.009771,53.496529,-0.024526,19.079262,19.060270,0.020550,0.999980
2015-05-18,19.2510,19.2510,18.7949,18.8161,8099400,-0.022813,47.658182,-0.035883,19.020880,19.060302,0.020214,0.999981
2015-05-19,18.8546,19.2146,18.8546,19.1962,17018673,0.020199,52.489380,-0.014053,18.960913,19.069394,0.020190,0.999980
2015-05-20,19.2127,19.2127,19.0049,19.0948,8696115,-0.005285,51.132647,-0.004883,18.942864,19.072866,0.017467,0.999979
2015-05-21,19.0704,19.0704,18.8799,19.0346,17004706,-0.003149,50.302636,-0.002440,18.926831,19.083102,0.017447,0.999979
2015-05-22,19.0374,19.0374,18.7691,18.8815,13608647,-0.008045,48.158976,-0.012713,18.905548,19.088004,0.017521,0.999978
2015-05-25,18.8463,18.8463,18.6169,18.7037,12375242,-0.009416,45.722651,-0.034800,18.902897,19.077232,0.016427,0.999978
2015-05-26,18.7053,19.0593,18.7053,18.9296,11044356,0.012078,49.236784,-0.033687,18.909742,19.067947,0.016646,0.999975
2015-05-27,19.0710,19.0898,18.9322,19.0141,8655198,0.004464,50.527173,-0.025689,18.901033,19.062681,0.015967,0.999975
2015-05-28,19.1001,19.3708,19.1001,19.2242,6448281,0.011049,53.679443,-0.002372,18.919578,19.064727,0.015627,0.999975
2015-05-29,19.1725,19.3413,19.1270,19.2221,7946404,-0.000109,53.642722,0.015757,18.932609,19.069234,0.015590,0.999973
2015-06-01,19.2950,19.4534,19.2324,19.3911,7287545,0.008792,56.242197,0.043263,18.968241,19.078648,0.015229,0.999974
2015-06-02,19.4183,19.4183,19.1353,19.2604,10022474,-0.006743,53.731854,0.053889,19.007281,19.087717,0.015083,0.999973
2015-06-03,19.2892,20.0683,19.2892,19.9916,11580502,0.037963,63.534110,0.119930,19.059738,19.105563,0.016338,0.999974
2015-06-04,19.9501,19.9501,19.4576,19.4826,18105642,-0.025457,54.827611,0.129706,19.094980,19.123937,0.017358,0.999974
2015-06-05,19.4895,19.9746,19.4895,19.8986,11287041,0.021352,59.690176,0.169072,19.143557,19.145191,0.017852,0.999974
2015-06-08,19.9584,20.3960,19.9584,20.3592,7296394,0.023147,64.275552,0.234730,19.243907,19.177849,0.016608,0.999975
2015-06-09,20.3895,20.3895,20.0160,20.0763,12787510,-0.013898,59.776914,0.260924,19.301244,19.202457,0.015936,0.999975
2015-06-10,20.0189,21.0017,20.0189,20.8351,24581270,0.037799,66.540714,0.339010,19.386817,19.249089,0.017685,0.999977
2015-06-11,20.7700,21.1893,20.7700,21.1864,12377009,0.016861,69.128774,0.424349,19.492683,19.294412,0.017806,0.999977
2015-06-12,21.1509,21.7589,21.1509,21.5332,5702569,0.016368,71.474305,0.514037,19.606573,19.338665,0.017951,0.999977
2015-06-15,21.5585,21.6509,21.3194,21.5476,11008894,0.000669,71.570962,0.579597,19.743146,19.376902,0.016709,0.999977
2015-06-16,21.5563,21.5563,21.3822,21.4783,5875549,-0.003218,70.335856,0.618826,19.857249,19.423475,0.016550,0.999976
2015-06-17,21.4207,21.4709,21.2582,21.4086,7296478,-0.003244,69.046550,0.636950,19.972942,19.463313,0.016484,0.999976
2015-06-18,21.5011,21.6793,21.5011,21.5515,8437968,0.006673,70.250675,0.655287,20.098783,19.503334,0.016347,0.999975
2015-06-19,21.6031,22.2219,21.6031,22.0662,11693718,0.023884,74.152494,0.703247,20.258018,19.563840,0.016426,0.999975
2015-06-22,21.9952,22.1772,21.9952,22.1373,10042320,0.003223,74.647295,0.738483,20.429699,19.625861,0.015959,0.999976
2015-06-23,22.1712,22.1712,21.7999,21.8111,7938348,-0.014737,68.198427,0.731649,20.573773,19.679007,0.016756,0.999977
2015-06-24,21.8777,22.1335,21.8777,22.1131,5333260,0.013846,70.720096,0.742047,20.728720,19.734501,0.016806,0.999976
2015-06-25,22.2002,22.4827,22.2002,22.4613,18456753,0.015748,73.344866,0.769517,20.890576,19.795750,0.016888,0.999975
2015-06-26,22.4317,22.7675,22.4317,22.7080,14016715,0.010982,75.050990,0.801948,21.064870,19.859992,0.016791,0.999974
2015-06-29,22.7367,23.0831,22.7367,22.9915,9022984,0.012485,76.882470,0.840835,21.244890,19.920146,0.016815,0.999974
2015-06-30,23.0078,23.0078,22.7714,22.8904,14286108,-0.004396,74.775185,0.853657,21.426394,19.970044,0.016709,0.999972
2015-07-01,22.8391,22.8391,22.3500,22.5477,7727899,-0.014975,67.970387,0.826630,21.554199,20.031883,0.016026,0.999973
2015-07-02,22.5082,22.5082,22.2007,22.2307,11470320,-0.014057,62.322811,0.770750,21.691602,20.089391,0.015013,0.999973
2015-07-03,22.3383,22.3383,21.6055,21.6387,10779609,-0.026629,53.398709,0.670963,21.778607,20.136023,0.016329,0.999973
2015-07-06,21.6088,21.7390,21.5301,21.7279,10329157,0.004121,54.456706,0.592250,21.847042,20.195446,0.015717,0.999973
2015-07-07,21.7744,21.9209,21.5867,21.6993,10820841,-0.001316,54.033000,0.521549,21.928194,20.253578,0.015234,0.999973
2015-07-08,21.6451,21.6451,21.5423,21.5472,10997755,-0.007009,51.728316,0.448081,21.963799,20.300756,0.013155,0.999974
2015-07-09,21.6940,21.6940,20.4400,20.5230,21313302,-0.047531,39.507397,0.303715,21.930629,20.334151,0.016675,0.999974
2015-07-10,20.3602,20.3602,20.0430,20.1064,8359328,-0.020302,35.801728,0.153909,21.859289,20.357049,0.016628,0.999975
2015-07-13,20.1423,20.5781,20.1423,20.4889,8582841,0.019026,41.250285,0.065301,21.806355,20.393259,0.017349,0.999975
2015-07-14,20.5686,20.5686,20.2074,20.2708,7383104,-0.010646,39.206938,-0.022265,21.745982,20.429084,0.017447,0.999975
2015-07-15,20.2541,20.4150,20.2365,20.3976,15377455,0.006253,41.034690,-0.080507,21.695430,20.458186,0.017562,0.999975
2015-07-16,20.3750,20.3750,19.8230,19.9386,11593059,-0.022498,36.728944,-0.161828,21.614789,20.481403,0.017986,0.999977
2015-07-17,19.9676,20.4612,19.9676,20.4237,7840556,0.024330,43.480284,-0.185000,21.532667,20.511337,0.018022,0.999977
2015-07-20,20.4080,20.5447,20.2473,20.3830,10147200,-0.001997,43.064250,-0.204299,21.444950,20.551952,0.017955,0.999976
2015-07-21,20.3228,20.4861,20.3228,20.4852,15877739,0.005016,44.498141,-0.208935,21.378656,20.583066,0.017874,0.999976
2015-07-22,20.5612,21.3764,20.5612,21.2970,20054486,0.039628,54.331651,-0.145428,21.337853,20.626533,0.019959,0.999975
2015-07-23,21.1944,21.9926,21.1944,21.8446,10593362,0.025714,59.539541,-0.050330,21.307018,20.682043,0.020534,0.999976
2015-07-24,22.0589,22.0589,21.5691,21.7337,9778135,-0.005077,58.094587,0.015904,21.258305,20.731609,0.020346,0.999975
2015-07-27,21.9532,21.9532,21.4682,21.5282,21728483,-0.009455,55.411464,0.051223,21.185141,20.785851,0.020114,0.999975
2015-07-28,21.3653,21.4924,21.0801,21.4169,8539795,-0.005170,53.957826,0.069432,21.111465,20.830265,0.020117,0.999976
2015-07-29,21.3002,21.6895,21.3002,21.6077,4685293,0.008909,56.084655,0.098128,21.064469,20.880525,0.020086,0.999974
2015-07-30,21.6317,21.6462,21.3994,21.5759,17383590,-0.001471,55.623624,0.116956,21.031731,20.931351,0.019882,0.999974
2015-07-31,21.6246,21.6246,21.2481,21.4387,10136777,-0.006362,53.575496,0.119423,21.021728,20.982494,0.019022,0.999974
2015-08-03,21.3966,22.0187,21.3966,21.9736,14984241,0.024954,59.789445,0.162673,21.034015,21.047893,0.019829,0.999973
2015-08-04,22.0448,22.1493,21.8429,21.9357,13431463,-0.001725,59.184882,0.191680,21.045837,21.108016,0.019832,0.999971
2015-08-05,21.9329,22.9687,21.9329,22.7938,8854459,0.039117,67.255248,0.280671,21.108166,21.183609,0.021497,0.999973
2015-08-06,22.7390,23.0772,22.6645,22.8306,9825663,0.001616,67.551773,0.350132,21.223545,21.255738,0.017924,0.999972
2015-08-07,22.7207,23.8164,22.7207,23.5220,6433730,0.030281,72.573328,0.455713,21.394323,21.341735,0.017660,0.999973
2015-08-10,23.4450,23.7628,23.4450,23.6663,14323584,0.006138,73.495797,0.544757,21.553193,21.427239,0.017471,0.999973
2015-08-11,23.7350,24.2796,23.7350,24.0561,11100785,0.016471,75.856822,0.639407,21.742460,21.523155,0.017046,0.999973
2015-08-12,24.0992,24.0992,23.7702,23.7776,15359250,-0.011578,70.990693,0.684059,21.911463,21.598876,0.017638,0.999973
2015-08-13,23.7359,23.7359,23.4436,23.4532,12551278,-0.013644,65.703573,0.685368,22.087191,21.678288,0.016934,0.999973
2015-08-14,23.3676,23.6961,23.3676,23.6368,9573621,0.007828,67.192718,0.693229,22.247843,21.753051,0.016508,0.999973
2015-08-17,23.8337,24.1064,23.8337,24.0325,5324429,0.016742,70.196499,0.723056,22.430322,21.826518,0.016474,0.999973
2015-08-18,24.0193,24.2226,23.9864,24.0551,7669581,0.000939,70.363084,0.739984,22.608815,21.906094,0.016544,0.999975
2015-08-19,24.0041,24.0041,23.4500,23.5545,8495113,-0.020810,62.072139,0.704882,22.721691,21.960482,0.016011,0.999975
2015-08-20,23.7558,23.7558,22.9821,23.0330,13136356,-0.022141,54.824185,0.627744,22.781109,21.997413,0.016351,0.999976
2015-08-21,22.9680,22.9680,22.4726,22.4942,8807482,-0.023392,48.520783,0.517175,22.819133,22.016633,0.017300,0.999978
2015-08-24,22.4983,22.4983,21.6440,21.8492,9312811,-0.028675,42.256936,0.373198,22.835180,22.022664,0.018457,0.999978
2015-08-25,21.8488,21.9270,21.8447,21.8910,11268610,0.001916,42.773165,0.259481,22.858885,22.030919,0.018402,0.999978
2015-08-26,21.8903,22.6153,21.8903,22.3116,9029717,0.019214,47.821864,0.200983,22.894080,22.048980,0.018768,0.999977
2015-08-27,22.2056,22.3231,22.2056,22.3116,6037099,-0.000003,47.821067,0.152854,22.930862,22.064182,0.018758,0.999976
2015-08-28,22.3086,22.3086,21.2367,21.4933,6369715,-0.036675,39.882488,0.048129,22.933593,22.052724,0.020591,0.999977
2015-08-31,21.5518,21.5518,21.3164,21.4318,13809997,-0.002859,39.354061,-0.039371,22.906502,22.038614,0.019762,0.999977
2015-09-01,21.3521,21.5104,21.2767,21.3805,10862548,-0.002396,38.890465,-0.111573,22.878739,22.030003,0.019764,0.999977
2015-09-02,21.4210,22.2526,21.4210,22.1447,6420508,0.035744,48.596566,-0.105907,22.846284,22.030635,0.019414,0.999975
2015-09-03,22.1337,22.1337,21.5318,21.6204,13036061,-0.023677,43.492518,-0.142087,22.785772,22.013816,0.020031,0.999976
2015-09-04,21.5488,21.5732,21.4681,21.4865,20020473,-0.006191,42.271975,-0.179491,22.684001,21.989387,0.018487,0.999976
2015-09-07,21.5176,22.2424,21.5176,22.1080,11134168,0.028926,49.376324,-0.157171,22.606086,21.971718,0.019822,0.999977
2015-09-08,22.2748,22.3558,22.0885,22.2827,8562465,0.007901,51.194276,-0.123959,22.517416,21.959564,0.019463,0.999977
2015-09-09,22.2856,22.5600,22.2856,22.4959,9706865,0.009566,53.393759,-0.079521,22.453329,21.958528,0.019583,0.999976
2015-09-10,22.3836,22.6054,22.3836,22.5429,11063031,0.002090,53.887444,-0.040048,22.407814,21.964772,0.019431,0.999977
2015-09-11,22.4744,22.8345,22.4744,22.6711,6957662,0.005686,55.278142,0.001560,22.359528,21.985419,0.019381,0.999976
2015-09-14,22.7444,22.9694,22.7444,22.9683,10699148,0.013109,58.410069,0.057849,22.306316,22.010227,0.019214,0.999976
2015-09-15,22.9770,22.9770,22.6404,22.6696,6157278,-0.013002,54.295432,0.077468,22.237043,22.029634,0.019350,0.999976
2015-09-16,22.6313,23.0910,22.6313,23.0114,8614056,0.015077,57.946704,0.119222,22.209890,22.058918,0.019255,0.999976
2015-09-17,22.8213,22.8213,22.2938,22.4965,9388516,-0.022375,51.298103,0.109502,22.183068,22.098388,0.019268,0.999977
2015-09-18,22.5484,22.8065,22.5484,22.6266,14148563,0.005783,52.772457,0.111017,22.189690,22.148793,0.018576,0.999978
2015-09-21,22.6539,22.7326,22.3670,22.6970,18181018,0.003112,53.591368,0.116554,22.232083,22.192955,0.017265,0.999978
2015-09-22,22.7597,22.7597,22.3633,22.4725,5433113,-0.009894,50.579036,0.101651,22.261156,22.236989,0.017471,0.999979
2015-09-23,22.5515,22.5515,22.4279,22.4693,9968841,-0.000142,50.535625,0.088562,22.269038,22.278423,0.016964,0.999979
2015-09-24,22.5571,22.5571,22.0457,22.2479,12857113,-0.009855,47.485868,0.059635,22.265853,22.324608,0.017122,0.999978
2015-09-25,22.1886,22.1886,21.8546,21.8623,9061738,-0.017331,42.658257,0.005533,22.284303,22.353379,0.015401,0.999978
2015-09-28,21.7365,21.7768,21.7070,21.7417,9813876,-0.005514,41.246326,-0.046535,22.299799,22.380554,0.015447,0.999978
2015-09-29,21.8470,21.8470,21.3004,21.3540,6968462,-0.017833,37.004151,-0.117728,22.298475,22.397930,0.015993,0.999980
2015-09-30,21.4241,21.5645,21.3556,21.4744,7566283,0.005636,39.098085,-0.162564,22.264958,22.401477,0.013711,0.999980
2015-10-01,21.5943,21.5943,20.9904,21.0673,10471898,-0.018955,34.875893,-0.228310,22.237305,22.385931,0.013344,0.999980
2015-10-02,21.1726,21.3549,21.1588,21.3222,8225603,0.012097,39.295794,-0.256889,22.229086,22.377700,0.013609,0.999979
2015-10-05,21.3792,21.3792,20.8140,20.9125,5755834,-0.019211,35.164730,-0.309029,22.169310,22.365386,0.012369,0.999979
2015-10-06,20.8992,20.8992,20.6617,20.7236,6742282,-0.009034,33.419648,-0.361428,22.091355,22.351520,0.012183,0.999979
2015-10-07,20.5596,20.5596,20.4808,20.5151,12172584,-0.010063,31.557987,-0.414998,21.992315,22.329667,0.011857,0.999980
2015-10-08,20.6431,21.0653,20.6431,20.9749,13735641,0.022414,39.553660,-0.415559,21.913915,22.317646,0.013244,0.999980
2015-10-09,20.9233,21.1733,20.9233,21.0950,8971173,0.005725,41.476399,-0.401684,21.835110,22.310772,0.013246,0.999979
2015-10-12,21.1774,21.1774,20.9251,21.0220,11116824,-0.003459,40.630672,-0.392056,21.737796,22.291739,0.012656,0.999978
2015-10-13,21.0679,21.3470,20.9252,21.2001,10220325,0.008474,43.651600,-0.365835,21.664321,22.277028,0.012793,0.999978
2015-10-14,21.1942,21.1942,20.3523,20.4759,9225486,-0.034163,35.698149,-0.398897,21.537544,22.230670,0.013777,0.999978
2015-10-15,20.5842,20.5842,20.3264,20.4622,13987751,-0.000668,35.566382,-0.421346,21.435827,22.183301,0.013241,0.999975
2015-10-16,20.5068,21.3684,20.5068,21.1568,17194979,0.033944,46.390283,-0.378726,21.362335,22.135998,0.015681,0.999979
2015-10-19,21.1417,21.3946,21.1417,21.2091,9005357,0.002473,47.110919,-0.336844,21.287938,22.086853,0.015668,0.999979
2015-10-20,21.2817,21.4211,20.9913,21.2384,11884824,0.001381,47.536023,-0.297857,21.226232,22.030498,0.015620,0.999979
2015-10-21,21.3221,21.6176,21.3221,21.4411,13137351,0.009547,50.502918,-0.247742,21.174825,21.983768,0.015852,0.999979
2015-10-22,21.4882,21.9000,21.4634,21.7659,19222360,0.015148,54.902282,-0.179745,21.150728,21.950023,0.016200,0.999979
2015-10-23,21.8074,21.8074,20.9972,21.0581,17398807,-0.032518,45.426721,-0.180885,21.110521,21.898450,0.017325,0.999980
2015-10-26,20.9557,20.9557,20.3616,20.4846,15125745,-0.027234,39.480780,-0.225466,21.047666,21.827492,0.018231,0.999980
2015-10-27,20.5257,20.6628,20.4331,20.5614,8092648,0.003749,40.601970,-0.251699,21.008038,21.757619,0.017932,0.999981
2015-10-28,20.6212,20.6212,20.1976,20.3226,10503644,-0.011615,38.230117,-0.288434,20.950451,21.692981,0.017974,0.999979
2015-10-29,20.4729,20.9209,20.4729,20.7743,8671081,0.022225,44.798296,-0.277896,20.935801,21.647808,0.018356,0.999981
2015-10-30,20.8703,20.9790,20.6334,20.6699,12820556,-0.005025,43.643239,-0.274801,20.903188,21.611322,0.018133,0.999979
2015-11-02,20.7322,20.7322,19.9206,20.0239,10049394,-0.031255,37.243375,-0.320780,20.858755,21.574816,0.018938,0.999979
2015-11-03,20.0139,20.0139,19.6023,19.6131,14392072,-0.020516,33.844730,-0.385919,20.803227,21.529257,0.019333,0.999979
2015-11-04,19.5612,19.5612,18.6400,18.7412,8680424,-0.044454,28.003845,-0.502107,20.714533,21.457848,0.021448,0.999981
2015-11-05,18.8229,18.8229,18.5985,18.6741,11157464,-0.003581,27.608893,-0.592769,20.599492,21.385098,0.020512,0.999981
2015-11-06,18.6860,18.8546,18.5138,18.6231,9762062,-0.002728,27.294149,-0.661110,20.475899,21.327695,0.020353,0.999981
2015-11-09,18.6917,18.6917,18.4359,18.4951,13053210,-0.006874,26.477476,-0.717331,20.349555,21.268961,0.020344,0.999980
2015-11-10,18.5285,18.8793,18.5285,18.8340,11430979,0.018322,32.256195,-0.726171,20.231247,21.218031,0.020831,0.999981
2015-11-11,18.7102,19.3556,18.7102,19.2164,10468884,0.020302,38.162257,-0.694320,20.168271,21.159464,0.020470,0.999981
2015-11-12,19.1822,19.1822,19.1090,19.1629,9238037,-0.002780,37.668196,-0.665714,20.103307,21.110315,0.020463,0.999980
2015-11-13,19.1185,19.1185,18.3630,18.5016,13394995,-0.034510,32.123377,-0.688470,19.970549,21.050617,0.019654,0.999980
2015-11-16,18.4637,18.7832,18.4637,18.6972,11569066,0.010572,35.163347,-0.682849,19.844956,20.982401,0.019931,0.999980
2015-11-17,18.6586,18.9112,18.6586,18.8737,12053565,0.009439,37.867328,-0.656585,19.726723,20.914221,0.020170,0.999981
2015-11-18,18.8244,19.1505,18.8244,18.9749,15243341,0.005361,39.427037,-0.620454,19.603410,20.843801,0.020024,0.999981
2015-11-19,19.0178,19.4703,19.0178,19.2918,16222456,0.016701,44.155372,-0.559796,19.479703,20.778779,0.020113,0.999981
2015-11-20,19.2888,19.2888,18.8294,18.9246,13979789,-0.019031,40.236604,-0.535180,19.373028,20.703850,0.019384,0.999980
2015-11-23,18.9167,19.5815,18.9167,19.5665,19555787,0.033918,48.793210,-0.458590,19.327123,20.635815,0.020507,0.999981
2015-11-24,19.5002,19.5002,19.0814,19.2613,11272125,-0.015601,45.459939,-0.417708,19.262116,20.567648,0.020673,0.999981
2015-11-25,19.3113,19.5731,19.3113,19.5017,7871664,0.012481,48.446946,-0.361740,19.221070,20.497453,0.020849,0.999980
2015-11-26,19.4857,19.4857,18.8835,18.9656,11284233,-0.027488,42.815844,-0.356532,19.130636,20.426835,0.020791,0.999980
2015-11-27,18.9608,18.9608,18.5900,18.6786,13688200,-0.015133,40.126756,-0.371283,19.031071,20.347875,0.020931,0.999981
2015-11-30,18.5709,19.1914,18.5709,19.1571,13727007,0.025614,46.193481,-0.340444,18.987730,20.277075,0.021016,0.999981
2015-12-01,19.1839,19.2893,18.9400,19.0799,10795388,-0.004026,45.394849,-0.318555,18.961073,20.209224,0.020571,0.999981
2015-12-02,19.0392,19.3874,19.0392,19.3518,6879034,0.014252,48.758245,-0.276084,18.991606,20.146875,0.018111,0.999982
2015-12-03,19.4886,19.5659,19.2472,19.4359,9207671,0.004342,49.787529,-0.232959,19.029695,20.090635,0.018075,0.999981
2015-12-04,19.5467,19.5974,19.3911,19.4059,14167018,-0.001541,49.406633,-0.198906,19.068835,20.041508,0.018060,0.999981
2015-12-07,19.4110,19.9530,19.4110,19.8548,13463721,0.023133,54.968031,-0.134148,19.136821,20.003770,0.018506,0.999981
2015-12-08,19.8805,19.9242,19.6991,19.7821,6131625,-0.003664,53.933351,-0.087687,19.184226,19.972332,0.018244,0.999982
2015-12-09,19.8975,19.8975,19.1101,19.2107,10879724,-0.028884,46.525870,-0.095867,19.183944,19.927058,0.019033,0.999983
2015-12-10,19.2901,19.2901,18.8483,18.9581,12582651,-0.013149,43.670375,-0.121335,19.173702,19.884874,0.019257,0.999982
2015-12-11,18.8620,19.3663,18.8620,19.1350,10001235,0.009333,46.162985,-0.125790,19.205372,19.841132,0.017588,0.999982
2015-12-14,18.9940,19.3944,18.9940,19.2649,7928133,0.006786,47.982164,-0.117488,19.233756,19.808179,0.017509,0.999982
2015-12-15,19.2957,19.2957,18.5756,18.7798,11392257,-0.025181,42.239893,-0.148343,19.229060,19.769303,0.018387,0.999981
2015-12-16,18.8245,18.8245,18.4754,18.5589,14206372,-0.011764,39.898047,-0.188450,19.208259,19.730178,0.018518,0.999981
2015-12-17,18.6506,18.6506,18.2335,18.3821,11495686,-0.009523,38.079259,-0.231824,19.162775,19.678323,0.018127,0.999980
2015-12-18,18.4093,18.4093,18.2495,18.2735,7123949,-0.005911,36.963649,-0.271833,19.130217,19.621893,0.017721,0.999980
2015-12-21,18.3720,18.3720,17.5571,17.8627,11672678,-0.022477,33.024833,-0.332846,19.045026,19.558707,0.016193,0.999980
2015-12-22,17.9170,17.9170,17.5227,17.6823,10657897,-0.010101,31.439950,-0.391249,18.966077,19.488350,0.016039,0.999980
2015-12-23,17.6108,17.7102,17.4483,17.4748,7340528,-0.011735,29.676138,-0.449099,18.864733,19.428329,0.015626,0.999980
2015-12-24,17.5915,17.7858,17.5915,17.7061,6338881,0.013233,34.112434,-0.470859,18.801754,19.373205,0.015239,0.999982
2015-12-25,17.7600,17.9607,17.6516,17.9502,10741209,0.013787,38.521373,-0.463069,18.765331,19.309073,0.015430,0.999982
2015-12-28,18.0136,18.0136,17.8237,17.9114,12122234,-0.002157,38.085980,-0.454777,18.703050,19.243120,0.014010,0.999981
2015-12-29,17.8969,17.8969,17.6272,17.7991,9233051,-0.006273,36.786749,-0.452061,18.639008,19.174334,0.014026,0.999981
2015-12-30,17.8665,17.8906,17.8288,17.8459,11469769,0.002632,37.740421,-0.441045,18.563712,19.102429,0.013488,0.999981
2015-12-31,17.8838,17.8838,17.5136,17.6100,12676987,-0.013219,34.886315,-0.446206,18.472419,19.019311,0.013491,0.999981
2016-01-01,17.6724,17.6724,17.2190,17.2822,6246487,-0.018616,31.339337,-0.471317,18.366232,18.943792,0.013808,0.999981
2016-01-04,17.3150,17.3150,16.9697,17.0174,7631833,-0.015321,28.793000,-0.506742,18.224359,18.874447,0.012163,0.999982
2016-01-05,17.0649,17.0649,16.8062,16.8422,10315609,-0.010295,27.217360,-0.542697,18.077365,18.800062,0.012140,0.999982
2016-01-06,16.8338,16.8338,16.4998,16.5251,7534439,-0.018830,24.593550,-0.589981,17.943083,18.724111,0.011413,0.999981
2016-01-07,16.4502,16.6801,16.4502,16.5725,10303997,0.002873,25.747643,-0.616517,17.823805,18.640076,0.011553,0.999983
2016-01-08,16.5363,16.8921,16.5363,16.7789,9907125,0.012452,30.711176,-0.613819,17.705998,18.562256,0.011798,0.999982
2016-01-11,16.8364,16.8364,16.2899,16.3469,12779254,-0.025746,26.689165,-0.639170,17.560099,18.488717,0.012111,0.999983
2016-01-12,16.3258,16.5298,16.3258,16.3597,10223052,0.000781,26.993512,-0.650730,17.439094,18.423649,0.011564,0.999982
2016-01-13,16.3437,16.4254,16.2966,16.3049,15329805,-0.003352,26.485040,-0.656745,17.326394,18.374923,0.011527,0.999983
2016-01-14,16.2820,16.4574,16.2820,16.4019,12614046,0.005951,29.032677,-0.646233,17.227382,18.329479,0.011821,0.999983
2016-01-15,16.3761,16.5011,16.3620,16.4011,7025066,-0.000045,29.024400,-0.630691,17.133766,18.285039,0.011886,0.999982
2016-01-18,16.4023,16.4023,16.0016,16.0125,11963889,-0.023699,25.000553,-0.642334,17.041253,18.235386,0.011982,0.999982
2016-01-19,16.0925,16.0925,15.6502,15.6848,6633735,-0.020466,22.205389,-0.670277,16.941375,18.172402,0.012413,0.999982
2016-01-20,15.7289,15.8080,15.4953,15.6948,8895668,0.000639,22.490725,-0.683732,16.852374,18.101970,0.012415,0.999982
2016-01-21,15.6793,16.1880,15.6793,15.9685,7072210,0.017440,30.039792,-0.664648,16.765496,18.038081,0.012776,0.999982
2016-01-22,15.9221,15.9221,15.2936,15.3968,11408278,-0.035799,24.641738,-0.687723,16.637830,17.975985,0.013701,0.999982
2016-01-25,15.4414,15.5129,15.4332,15.4881,24464628,0.005930,26.901057,-0.690682,16.516665,17.911803,0.013985,0.999982
2016-01-26,15.4619,15.8150,15.4619,15.8014,7858825,0.020225,34.191092,-0.660140,16.416780,17.850357,0.015269,0.999982
2016-01-27,15.7860,15.8079,15.7479,15.7644,9432580,-0.002339,33.763233,-0.631637,16.312705,17.786148,0.015164,0.999981
2016-01-28,15.7644,15.9322,15.7644,15.9131,7975768,0.009434,37.170060,-0.590244,16.227861,17.718574,0.015445,0.999981
2016-01-29,16.0374,16.0374,15.5960,15.7330,7479783,-0.011321,34.832842,-0.565458,16.150402,17.654741,0.015189,0.999982
2016-02-01,15.6294,15.7849,15.6000,15.7085,10080651,-0.001559,34.514588,-0.541552,16.084955,17.577580,0.014987,0.999981
2016-02-02,15.7613,15.7613,15.2854,15.2932,11926898,-0.026436,29.586484,-0.549777,16.007505,17.498218,0.015765,0.999981
2016-02-03,15.2465,15.2465,14.6425,14.7128,15789362,-0.037954,24.352469,-0.596259,15.916889,17.402439,0.017184,0.999982
2016-02-04,14.6803,15.0220,14.6803,14.9479,7467963,0.015980,29.771850,-0.607126,15.835655,17.322084,0.017766,0.999983
2016-02-05,14.9492,14.9492,14.6996,14.7074,18878006,-0.016089,27.594219,-0.627905,15.732079,17.242659,0.017434,0.999983
2016-02-08,14.6259,14.6424,14.5778,14.5995,10499639,-0.007334,26.652617,-0.645634,15.644708,17.151508,0.016836,0.999983
2016-02-09,14.7120,14.7120,14.2090,14.2720,18125057,-0.022436,23.976837,-0.678297,15.540322,17.055349,0.017177,0.999983
2016-02-10,14.2945,14.2945,13.8566,13.9446,10190042,-0.022937,21.638728,-0.722271,15.422309,16.947204,0.017533,0.999983
2016-02-11,13.9913,13.9913,13.8532,13.9082,10107196,-0.002611,21.388927,-0.751397,15.297624,16.836651,0.017286,0.999983
2016-02-12,13.8535,13.8535,13.7057,13.7439,15706923,-0.011816,20.252353,-0.778763,15.164760,16.723409,0.017199,0.999983
2016-02-15,13.8188,13.8790,13.7119,13.8341,10000750,0.006563,22.680808,-0.784134,15.055839,16.602993,0.017137,0.999981
2016-02-16,13.9087,13.9645,13.9087,13.9412,9726921,0.007748,25.581133,-0.770855,14.968663,16.486176,0.017144,0.999981
2016-02-17,13.9514,14.1658,13.9514,14.0195,10194562,0.005615,27.713598,-0.745422,14.884901,16.382353,0.017277,0.999983
2016-02-18,14.0467,14.0932,13.8986,14.0761,8149476,0.004032,29.289344,-0.712492,14.790279,16.284712,0.016587,0.999982
2016-02-19,14.0400,14.4808,14.0400,14.4506,23674953,0.026607,38.807085,-0.648696,14.742965,16.191022,0.016587,0.999983
2016-02-22,14.4871,14.4871,14.1063,14.2012,9186374,-0.017255,35.391621,-0.611211,14.678620,16.089749,0.016737,0.999982
2016-02-23,14.3112,14.3112,14.1227,14.1937,11118981,-0.000533,35.290002,-0.575482,14.598234,15.998026,0.015758,0.999981
2016-02-24,14.1390,14.4824,14.1390,14.4676,9813395,0.019299,41.797847,-0.519079,14.533392,15.916201,0.016682,0.999981
2016-02-25,14.4295,14.9779,14.4295,14.7788,9012071,0.021513,48.175374,-0.444144,14.476676,15.844135,0.017403,0.999982
2016-02-26,14.7479,14.7479,14.2486,14.4372,7895563,-0.023116,42.650972,-0.407626,14.411886,15.767409,0.017874,0.999982
2016-02-29,14.3856,14.3856,14.3645,14.3664,6881283,-0.004905,41.586533,-0.380019,14.344783,15.697482,0.017864,0.999981
2016-03-01,14.2556,14.7252,14.2556,14.6956,10925810,0.022913,48.074385,-0.327799,14.314901,15.637747,0.018053,0.999982
2016-03-02,14.6995,14.8912,14.6995,14.8224,11935836,0.008634,50.362942,-0.273029,14.320385,15.584700,0.016041,0.999982
2016-03-03,14.8101,14.8777,14.8101,14.8738,11685363,0.003464,51.298332,-0.222911,14.316682,15.528055,0.015645,0.999983
2016-03-04,14.8006,14.8635,14.8006,14.8254,22678309,-0.003256,50.334770,-0.184967,14.322581,15.465559,0.015213,0.999982
2016-03-07,14.9185,14.9185,14.6556,14.7346,10098885,-0.006119,48.497178,-0.160369,14.329337,15.402023,0.015182,0.999982
2016-03-08,14.7451,14.9024,14.7451,14.8084,9301163,0.005009,50.093329,-0.133382,14.356160,15.342210,0.014202,0.999985
2016-03-09,14.7655,14.8349,14.7461,14.7508,12435097,-0.003893,48.820616,-0.115316,14.396470,15.280307,0.013037,0.999985
2016-03-10,14.6506,14.8424,14.6506,14.7443,10525232,-0.000443,48.669685,-0.100369,14.438273,15.222992,0.012998,0.999986
2016-03-11,14.6553,14.9398,14.5880,14.7670,13910227,0.001544,49.258346,-0.085699,14.489431,15.172689,0.012531,0.999987
2016-03-14,14.7448,14.7681,14.5391,14.6058,9238942,-0.010915,45.297640,-0.086086,14.528021,15.124458,0.012922,0.999987
2016-03-15,14.5405,14.7687,14.5405,14.7366,11121005,0.008949,48.887127,-0.074981,14.567787,15.082345,0.012949,0.999986
2016-03-16,14.7563,15.4915,14.7563,15.4717,10666915,0.049888,63.424086,-0.006779,14.640398,15.061279,0.016689,0.999983
2016-03-17,15.5647,15.5647,14.9907,15.0252,17549906,-0.028863,53.475400,0.011110,14.687854,15.030331,0.018336,0.999983
2016-03-18,15.0421,15.2421,14.9576,15.1104,9661894,0.005673,54.928799,0.031799,14.720847,14.996962,0.017523,0.999983
2016-03-21,15.1260,15.1260,14.8474,14.9256,12627957,-0.012232,51.194363,0.032902,14.757065,14.968535,0.017261,0.999983
2016-03-22,14.9857,15.1577,14.9857,15.0711,13332892,0.009747,53.853607,0.044995,14.800935,14.942763,0.017315,0.999983
2016-03-23,15.0493,15.1912,15.0403,15.0845,13151485,0.000889,54.101596,0.055026,14.831779,14.918355,0.016895,0.999982
2016-03-24,15.1168,15.2861,15.1168,15.2810,9773111,0.013028,57.693520,0.077934,14.856887,14.895937,0.016487,0.999982
2016-03-25,15.3057,15.5973,15.3057,15.5857,11976034,0.019942,62.583495,0.119304,14.914313,14.879628,0.015861,0.999982
2016-03-28,15.5663,15.6658,15.5581,15.6392,7712625,0.003431,63.383205,0.154621,14.977952,14.872162,0.015725,0.999982
2016-03-29,15.6075,16.0320,15.6075,15.9380,17772134,0.019108,67.556927,0.204368,15.040075,14.877227,0.015511,0.999983
2016-03-30,15.8619,15.8619,15.2337,15.3338,14838305,-0.037911,54.123830,0.192815,15.065643,14.870008,0.018085,0.999983
2016-03-31,15.2675,15.7584,15.2675,15.7478,11491633,0.027001,59.994007,0.214594,15.109345,14.865594,0.018941,0.999984
2016-04-01,15.7128,15.9618,15.7128,15.8512,10129672,0.006567,61.325262,0.237462,15.160640,14.874683,0.018897,0.999984
2016-04-04,15.7983,16.1969,15.7983,16.1421,13828205,0.018351,64.866480,0.275877,15.231015,14.887763,0.019032,0.999983
2016-04-05,16.1647,16.1647,15.7721,15.8209,8756941,-0.019904,58.495594,0.277201,15.281636,14.888152,0.019813,0.999984
2016-04-06,15.8333,15.8333,15.5064,15.6116,9512887,-0.013224,54.726318,0.258390,15.324678,14.885096,0.020104,0.999983
2016-04-07,15.7038,15.7402,15.5461,15.6526,8371669,0.002621,55.332474,0.243971,15.370092,14.879884,0.020087,0.999982
2016-04-08,15.6767,15.7106,15.6278,15.6543,6654329,0.000113,55.360325,0.230035,15.414457,14.878311,0.020096,0.999982
2016-04-11,15.6020,15.8646,15.6020,15.7304,6572255,0.004858,56.611926,0.222562,15.470683,14.878749,0.019824,0.999981
2016-04-12,15.7911,16.0806,15.7911,16.0201,7532933,0.018419,61.087935,0.237283,15.534861,14.893288,0.020063,0.999981
2016-04-13,16.0404,16.0404,15.4974,15.5623,13789480,-0.028579,51.965227,0.209591,15.539388,14.910278,0.018288,0.999982
2016-04-14,15.5766,15.9880,15.5766,15.8170,14356384,0.016365,55.909634,0.205822,15.578976,14.927660,0.017239,0.999982
2016-04-15,15.8187,15.9066,15.7874,15.8213,11043375,0.000273,55.975586,0.200868,15.614519,14.949938,0.017232,0.999980
2016-04-18,15.8436,15.8436,15.7317,15.7711,8519883,-0.003173,54.945791,0.190693,15.656793,14.973369,0.016943,0.999980
2016-04-19,15.7604,15.7604,15.3766,15.3951,14432791,-0.023839,47.845778,0.150558,15.672995,14.995832,0.017867,0.999981
2016-04-20,15.3893,15.5529,15.3893,15.5251,5665650,0.008442,50.239599,0.127764,15.695026,15.027442,0.017939,0.999980
2016-04-21,15.6017,15.6017,14.8690,14.9190,12789663,-0.039039,40.828424,0.060102,15.676927,15.047658,0.019867,0.999981
2016-04-22,14.9754,15.3221,14.9754,15.0834,11787818,0.011023,43.899144,0.019523,15.651814,15.074449,0.019468,0.999981
2016-04-25,15.0184,15.0184,14.6406,14.7208,11104608,-0.024040,39.082954,-0.041417,15.605897,15.092185,0.020065,0.999981
2016-04-26,14.7890,14.8299,14.6302,14.7362,7045350,0.001040,39.385243,-0.087470,15.545803,15.108083,0.019422,0.999980
2016-04-27,14.7162,14.7610,14.6922,14.7074,8977049,-0.001949,38.994153,-0.124845,15.514485,15.121841,0.017678,0.999977
2016-04-28,14.7700,15.0280,14.7700,14.9995,9054603,0.019856,44.976363,-0.129409,15.477067,15.140310,0.017126,0.999977
2016-04-29,15.0061,15.0478,14.9343,14.9593,16841268,-0.002678,44.332368,-0.134715,15.432468,15.150484,0.016998,0.999977
2016-05-02,14.9270,14.9270,14.7646,14.7922,12251300,-0.011172,41.659804,-0.150668,15.364970,15.162302,0.016338,0.999977
2016-05-03,14.8465,14.8465,14.6664,14.6707,9319294,-0.008213,39.782316,-0.171142,15.307461,15.171843,0.015953,0.999976
2016-05-04,14.6836,15.0358,14.6836,14.9845,9173612,0.021391,46.490695,-0.160198,15.276103,15.182181,0.016718,0.999976
2016-05-05,14.9647,15.1867,14.9647,15.1228,11624457,0.009227,49.177086,-0.138768,15.249614,15.189060,0.016877,0.999976
2016-05-06,15.2207,15.2245,15.0234,15.0266,6761084,-0.006359,47.394786,-0.128069,15.218227,15.200847,0.016905,0.999974
2016-05-09,15.0738,15.1869,14.9323,14.9699,12324727,-0.003771,46.329263,-0.122747,15.180205,15.212918,0.016833,0.999973
2016-05-10,15.0030,15.0030,14.5699,14.5893,14684172,-0.025429,39.848437,-0.147546,15.108662,15.210792,0.016842,0.999974
2016-05-11,14.6581,14.7107,14.6205,14.6882,8763982,0.006782,42.115022,-0.157401,15.064958,15.208107,0.016021,0.999974
2016-05-12,14.6920,14.6920,14.2562,14.2712,15446530,-0.028392,35.963984,-0.196595,14.987668,15.196055,0.016332,0.999975
2016-05-13,14.2371,14.4623,14.2371,14.4533,14094920,0.012763,40.080177,-0.210533,14.919270,15.188614,0.016777,0.999975
2016-05-16,14.5005,14.5445,14.4578,14.4859,12753996,0.002256,40.813744,-0.216453,14.855012,15.183639,0.016841,0.999974
2016-05-17,14.5130,15.1278,14.5130,15.0751,12495678,0.040673,52.199986,-0.171623,14.839012,15.188972,0.018913,0.999974
2016-05-18,14.9916,14.9916,14.7545,14.8057,18444706,-0.017868,47.683565,-0.156032,14.803044,15.190071,0.019144,0.999975
2016-05-19,14.8159,14.9332,14.6603,14.7818,8572209,-0.001618,47.291589,-0.143950,14.796183,15.190822,0.017070,0.999974
2016-05-20,14.7337,15.3117,14.7337,15.2340,8244305,0.030594,54.837531,-0.096767,14.803712,15.200162,0.018273,0.999973
2016-05-23,15.2299,15.5430,15.2299,15.5415,8008172,0.020181,59.122103,-0.034173,14.844743,15.218874,0.017797,0.999974
2016-05-24,15.5640,15.5640,15.2945,15.3688,6794530,-0.011108,55.914405,0.001487,14.876377,15.231519,0.018068,0.999973
2016-05-25,15.3893,15.4416,15.3195,15.4306,10699572,0.004021,56.817626,0.034338,14.912537,15.230697,0.018044,0.999973
2016-05-26,15.3960,15.4976,15.3960,15.4357,11279778,0.000329,56.895675,0.060089,14.934349,15.238908,0.017581,0.999973
2016-05-27,15.4065,15.6046,15.3774,15.5111,12743426,0.004886,58.108160,0.085596,14.961940,15.246921,0.017566,0.999973
2016-05-30,15.5111,15.5111,15.3262,15.3364,10645083,-0.011266,54.296849,0.090665,14.989150,15.255137,0.017570,0.999973
2016-05-31,15.2748,15.3884,15.2213,15.3165,3783535,-0.001296,53.864101,0.092017,15.021441,15.260045,0.017426,0.999973
2016-06-01,15.2535,15.2535,14.7743,14.9204,9603365,-0.025859,45.996944,0.060433,15.018238,15.256764,0.017898,0.999974
2016-06-02,14.9223,14.9661,14.8838,14.9589,15470797,0.002576,46.808722,0.038065,15.010043,15.250322,0.017778,0.999974
2016-06-03,15.0287,15.1761,15.0159,15.0715,14951687,0.007533,49.219280,0.029095,15.012291,15.240039,0.017804,0.999972
2016-06-06,15.0122,15.0906,14.9536,15.0190,13138297,-0.003489,48.123194,0.017541,15.014743,15.227634,0.017801,0.999972
2016-06-07,14.9785,14.9785,14.6190,14.6262,9273421,-0.026151,40.813211,-0.023042,15.016590,15.201398,0.017857,0.999974
2016-06-08,14.5937,14.9335,14.5937,14.8704,6828756,0.016694,46.276763,-0.035098,15.025699,15.192129,0.018181,0.999977
2016-06-09,14.8945,15.1817,14.8180,14.9620,8859878,0.006165,48.209858,-0.036830,15.060242,15.176414,0.016857,0.999975
2016-06-10,14.9328,14.9328,14.6714,14.7862,11659277,-0.011753,44.874484,-0.051795,15.076887,15.155113,0.016963,0.999975
2016-06-13,14.8364,14.8887,14.7121,14.7202,10791688,-0.004467,43.652942,-0.068197,15.088599,15.126673,0.017009,0.999975
2016-06-14,14.8235,14.8235,14.2444,14.3602,12425973,-0.024451,37.639644,-0.108983,15.052856,15.097461,0.015132,0.999975
2016-06-15,14.3894,14.3894,14.0412,14.1214,11858673,-0.016635,34.265776,-0.158751,15.018637,15.067655,0.015068,0.999976
2016-06-16,14.0985,14.0985,13.9927,14.0007,6657123,-0.008544,32.672820,-0.205560,14.979583,15.034618,0.015132,0.999976
2016-06-17,13.9571,14.3486,13.9571,14.2899,13834431,0.020657,39.886927,-0.216819,14.932378,15.007330,0.014113,0.999976
2016-06-20,14.1616,14.2872,14.0138,14.1407,9418089,-0.010443,37.645481,-0.235074,14.862339,14.975536,0.013078,0.999976
2016-06-21,14.1377,14.3393,14.1377,14.2947,9141862,0.010889,41.310308,-0.234414,14.808631,14.941027,0.013425,0.999975
2016-06-22,14.2583,14.2583,14.0900,14.1692,10014693,-0.008775,39.284749,-0.241231,14.745561,14.913166,0.013351,0.999973
2016-06-23,14.1685,14.2850,13.9828,14.2318,13732886,0.004415,40.842596,-0.238834,14.685365,14.881463,0.013454,0.999972
2016-06-24,14.1864,14.2251,14.1672,14.2030,9067691,-0.002022,40.330024,-0.236528,14.619960,14.849098,0.013303,0.999972
2016-06-27,14.1630,14.4545,14.1630,14.4121,10921367,0.014725,45.667440,-0.215344,14.573749,14.821919,0.013846,0.999973
2016-06-28,14.3189,14.4307,14.1850,14.2883,17544541,-0.008594,43.202753,-0.206172,14.522340,14.799783,0.013894,0.999972
2016-06-29,14.2757,14.2757,13.8691,13.9264,11980303,-0.025331,36.930301,-0.225510,14.472636,14.767808,0.013850,0.999973
2016-06-30,13.9248,13.9248,13.6120,13.6124,10515440,-0.022545,32.519493,-0.263136,14.405312,14.741676,0.014412,0.999974
2016-07-01,13.7083,13.7083,13.3829,13.4961,8010037,-0.008542,31.040957,-0.298893,14.326541,14.709930,0.014145,0.999974
2016-07-04,13.5061,13.5061,13.0760,13.2222,12644534,-0.020295,27.830806,-0.345350,14.236703,14.679957,0.014519,0.999975
2016-07-05,13.1726,13.4156,13.1726,13.3173,14354855,0.007190,30.516806,-0.370229,14.171257,14.651579,0.014019,0.999974
2016-07-06,13.3848,13.3848,13.1657,13.2188,10532254,-0.007394,29.300532,-0.393357,14.088680,14.621807,0.013100,0.999973
2016-07-07,13.2526,13.7963,13.2526,13.7531,15040374,0.040416,42.655643,-0.364375,14.028231,14.596879,0.016534,0.999974
2016-07-08,13.8007,13.8007,13.2520,13.3641,14643065,-0.028285,37.152408,-0.368549,13.957124,14.564975,0.017332,0.999975
2016-07-11,13.3573,13.5173,13.3573,13.4128,8040338,0.003651,38.228819,-0.363727,13.891759,14.537389,0.017437,0.999975
2016-07-12,13.3692,13.3692,13.1275,13.1684,7833838,-0.018226,34.994656,-0.375305,13.832166,14.507343,0.017115,0.999975
2016-07-13,13.1862,13.1862,13.0278,13.0647,8305964,-0.007873,33.692890,-0.388369,13.779334,14.468947,0.016890,0.999976
2016-07-14,13.0760,13.1944,13.0195,13.0986,18853839,0.002594,34.550116,-0.391475,13.734230,14.428464,0.016907,0.999974
2016-07-15,13.1843,13.1843,12.5662,12.6045,16366525,-0.037720,28.721095,-0.428861,13.649960,14.380023,0.017598,0.999976
2016-07-18,12.5686,12.6994,12.5429,12.6592,8629594,0.004336,30.125414,-0.448905,13.575885,14.333808,0.017717,0.999976
2016-07-19,12.6084,13.1432,12.6084,13.0691,12903767,0.032384,39.719150,-0.426790,13.514609,14.303406,0.019333,0.999977
2016-07-20,13.1051,13.1051,12.9090,12.9749,9217849,-0.007212,38.413345,-0.412119,13.454891,14.269140,0.019317,0.999979
2016-07-21,12.9748,13.0436,12.9748,13.0356,6745089,0.004677,39.785967,-0.391087,13.395080,14.244428,0.019323,0.999978
2016-07-22,12.9806,13.4081,12.9806,13.2631,19425961,0.017451,44.756596,-0.352005,13.348082,14.220623,0.019920,0.999979
2016-07-25,13.3259,13.3259,13.1426,13.2306,16093572,-0.002446,44.196252,-0.319962,13.289005,14.195517,0.019471,0.999978
2016-07-26,13.2569,13.2569,13.0481,13.1069,11111722,-0.009352,42.034836,-0.301081,13.229934,14.156152,0.019481,0.999979
2016-07-27,13.1440,13.1440,12.5779,12.6246,14468412,-0.036798,34.874840,-0.321332,13.164845,14.112529,0.020290,0.999979
2016-07-28,12.5528,12.7763,12.5528,12.7611,11162147,0.010816,38.090022,-0.322644,13.122281,14.072115,0.020116,0.999979
2016-07-29,12.6708,12.7889,12.6462,12.7398,14049825,-0.001671,37.776347,-0.321695,13.084465,14.022231,0.020076,0.999981
2016-08-01,12.7966,12.7966,12.4968,12.5307,10827263,-0.016412,34.754438,-0.333966,13.049890,13.962016,0.019914,0.999981
2016-08-02,12.5799,12.6704,12.5423,12.5602,12232211,0.002355,35.538323,-0.337419,13.012037,13.905844,0.019820,0.999981
2016-08-03,12.5199,12.5800,12.3918,12.4410,11879758,-0.009490,33.773486,-0.345788,12.973147,13.846051,0.019851,0.999981
2016-08-04,12.4286,12.4363,12.3114,12.3348,7427935,-0.008540,32.236724,-0.356880,12.902233,13.784033,0.017059,0.999981
2016-08-05,12.3205,12.5610,12.3205,12.4625,11515988,0.010356,36.006779,-0.351313,12.857155,13.723061,0.016496,0.999981
2016-08-08,12.4654,12.4654,12.1415,12.1903,8084228,-0.021843,31.929881,-0.364664,12.796027,13.660139,0.016906,0.999982
2016-08-09,12.1458,12.4147,12.1458,12.4067,15146098,0.017751,37.944684,-0.353706,12.757942,13.601943,0.017293,0.999982
2016-08-10,12.3624,12.3624,12.1178,12.1247,11987945,-0.022725,33.759006,-0.363582,12.710943,13.546029,0.017831,0.999982
2016-08-11,12.1358,12.1358,11.9965,11.9966,9087701,-0.010569,32.029655,-0.377398,12.655842,13.486784,0.017834,0.999983
2016-08-12,11.9916,12.4384,11.9916,12.3870,11218955,0.032545,41.810297,-0.352776,12.644966,13.433093,0.017811,0.999984
2016-08-15,12.3903,12.6663,12.3903,12.6248,11621154,0.019199,46.829361,-0.310494,12.643249,13.385211,0.018336,0.999984
2016-08-16,12.5890,12.6600,12.5890,12.6475,6752949,0.001796,47.296032,-0.272020,12.622168,13.345637,0.016697,0.999984
2016-08-17,12.6404,12.6404,12.3166,12.4574,6552362,-0.015033,43.822264,-0.253944,12.596293,13.297378,0.016928,0.999982
2016-08-18,12.4589,12.4589,12.2637,12.3510,12724879,-0.008539,41.965210,-0.245373,12.562065,13.245157,0.016915,0.999982
2016-08-19,12.3300,12.5041,12.2186,12.3675,11888514,0.001333,42.372151,-0.234548,12.517287,13.196782,0.016284,0.999982
2016-08-22,12.4520,12.4520,12.3788,12.3808,5715656,0.001074,42.721138,-0.222335,12.474794,13.149994,0.016314,0.999981
2016-08-23,12.3256,12.4377,12.3256,12.3646,9297622,-0.001305,42.384713,-0.211522,12.437679,13.110081,0.016253,0.999981
2016-08-24,12.4437,12.4506,12.3032,12.3635,17190720,-0.000092,42.359488,-0.200730,12.424624,13.074924,0.014145,0.999980
2016-08-25,12.3829,12.4247,12.2468,12.3231,13051701,-0.003264,41.415519,-0.193207,12.402723,13.041371,0.013877,0.999980
2016-08-26,12.3400,12.3400,11.9760,12.0347,12707330,-0.023405,35.352339,-0.208120,12.367467,12.996266,0.014705,0.999982
2016-08-29,11.9534,12.0179,11.9051,11.9342,12880452,-0.008346,33.512385,-0.225445,12.337643,12.952137,0.014418,0.999982
2016-08-30,11.8966,12.1355,11.8966,12.1185,8352215,0.015442,39.712398,-0.221747,12.315558,12.908614,0.014930,0.999982
2016-08-31,12.1827,12.1827,11.7897,11.8500,8720502,-0.022160,34.643009,-0.237746,12.286005,12.862229,0.015535,0.999982
2016-09-01,11.9112,11.9112,11.8098,11.8146,7109847,-0.002985,34.026914,-0.250392,12.259997,12.813886,0.015467,0.999982
2016-09-02,11.8390,11.8390,11.6283,11.6553,14111757,-0.013482,31.325016,-0.270153,12.219638,12.762932,0.015380,0.999980
2016-09-05,11.6137,11.7173,11.5978,11.6793,8502440,0.002057,32.197636,-0.280645,12.194088,12.708275,0.014775,0.999981
2016-09-06,11.7131,11.7131,11.5311,11.6068,12685582,-0.006211,30.917575,-0.291453,12.154092,12.654644,0.014039,0.999980
2016-09-07,11.5986,11.9365,11.5986,11.8999,13662754,0.025259,41.108790,-0.273212,12.142852,12.614115,0.014621,0.999979
2016-09-08,11.9321,12.0048,11.9152,12.0011,10788301,0.008498,44.168424,-0.247739,12.143076,12.581889,0.014574,0.999978
2016-09-09,11.9850,11.9850,11.7335,11.7426,16858863,-0.021535,38.643018,-0.245576,12.110856,12.546819,0.013193,0.999977
2016-09-12,11.8225,11.9920,11.8099,11.8769,8495009,0.011436,42.657038,-0.230370,12.073459,12.519913,0.012620,0.999978
2016-09-13,11.8408,11.8408,11.6204,11.7270,10014422,-0.012620,39.547212,-0.227788,12.027435,12.488108,0.012744,0.999977
2016-09-14,11.7083,11.7869,11.5822,11.6172,10408563,-0.009365,37.395950,-0.231929,11.985426,12.456076,0.012540,0.999978
2016-09-15,11.6279,11.7094,11.5972,11.6794,17328174,0.005355,39.406628,-0.227569,11.951846,12.414603,0.012626,0.999977
2016-09-16,11.6389,11.6389,11.4941,11.5833,11222670,-0.008225,37.408505,-0.229222,11.912639,12.378988,0.012645,0.999973
2016-09-19,11.6061,11.8685,11.6061,11.7607,11021696,0.015310,43.140059,-0.213759,11.881636,12.345945,0.013283,0.999973
2016-09-20,11.7811,11.7811,11.5135,11.6144,11636990,-0.012436,39.895443,-0.210875,11.844128,12.314866,0.013463,0.999973
2016-09-21,11.5840,11.5840,11.4478,11.4997,7301582,-0.009877,37.512217,-0.215363,11.800941,12.283566,0.013528,0.999974
2016-09-22,11.4389,11.4389,11.3290,11.3757,11315076,-0.010787,35.072349,-0.226321,11.753569,12.249107,0.013624,0.999972
2016-09-23,11.3760,11.3760,11.2533,11.2738,11239643,-0.008951,33.165452,-0.240449,11.715528,12.222493,0.012899,0.999972
2016-09-26,11.3381,11.5391,11.3381,11.4823,11905969,0.018490,40.319095,-0.232150,11.692931,12.198956,0.013704,0.999971
2016-09-27,11.5126,11.6082,11.5126,11.6056,10922957,0.010739,44.128809,-0.213166,11.667285,12.169685,0.013430,0.999972
2016-09-28,11.6175,12.0232,11.6175,11.9398,14956748,0.028794,52.903083,-0.169205,11.671775,12.148983,0.014228,0.999973
2016-09-29,11.8721,12.4257,11.8721,12.4020,15121300,0.038711,61.831461,-0.095963,11.701144,12.136311,0.016559,0.999971
2016-09-30,12.4465,12.4465,12.1166,12.1950,12358312,-0.016687,56.652800,-0.053995,11.728129,12.114951,0.016737,0.999970
2016-10-03,12.1835,12.2624,12.1545,12.2124,7786465,0.001421,56.977740,-0.019117,11.754783,12.094586,0.016738,0.999970
2016-10-04,12.2865,12.2865,11.9228,11.9802,10129635,-0.019013,51.416238,-0.010095,11.773453,12.072051,0.017318,0.999970
2016-10-05,12.0032,12.0032,11.8158,11.8286,7819794,-0.012650,48.115198,-0.015001,11.769887,12.056133,0.016669,0.999970
2016-10-06,11.8235,11.8235,11.6152,11.7088,14597168,-0.010132,45.620696,-0.028234,11.755273,12.035086,0.016680,0.999970
2016-10-07,11.6726,11.6726,11.3868,11.5099,4646471,-0.016981,41.753213,-0.054141,11.743639,12.010489,0.016415,0.999967
2016-10-10,11.4155,11.4155,11.2951,11.3130,12256309,-0.017108,38.291099,-0.089530,11.715445,11.986135,0.016529,0.999968
2016-10-11,11.3249,11.3249,11.1932,11.2879,6988702,-0.002221,37.859743,-0.118240,11.693489,11.960689,0.016350,0.999965
2016-10-12,11.3011,11.3011,10.9982,11.0638,10949237,-0.019852,34.163146,-0.157263,11.665820,11.933145,0.016769,0.999966
2016-10-13,11.0502,11.2338,11.0502,11.2203,15489126,0.014143,38.666496,-0.173561,11.642864,11.910855,0.017092,0.999966
2016-10-14,11.2735,11.2735,11.0034,11.0526,10463696,-0.014946,35.837311,-0.197730,11.616326,11.882657,0.017289,0.999966
2016-10-17,11.0365,11.6391,11.0365,11.5823,9099098,0.047921,48.623601,-0.172161,11.607405,11.870496,0.020302,0.999969
2016-10-18,11.6344,11.6344,11.4087,11.4976,7648381,-0.007306,47.011796,-0.156916,11.601565,11.852315,0.020177,0.999969
2016-10-19,11.5203,11.5919,11.4617,11.5146,10326999,0.001471,47.387294,-0.141835,11.602307,11.840112,0.020053,0.999969
2016-10-20,11.5136,11.5136,11.2471,11.2735,25889429,-0.020936,42.739403,-0.147632,11.597198,11.825649,0.020471,0.999969
2016-10-21,11.2518,11.6345,11.2518,11.6005,15594389,0.029004,49.915138,-0.124409,11.613529,11.809918,0.021362,0.999970
2016-10-24,11.6185,11.9645,11.6185,11.8198,9080396,0.018908,54.072935,-0.087299,11.630404,11.793818,0.021380,0.999970
2016-10-25,11.8693,12.0016,11.8419,11.8798,8984455,0.005080,55.170019,-0.052440,11.644116,11.778464,0.021291,0.999970
2016-10-26,11.8615,11.8615,11.6188,11.6193,13959924,-0.021931,49.629774,-0.045315,11.628093,11.761702,0.020870,0.999971
2016-10-27,11.5915,11.7825,11.5306,11.6615,10846601,0.003634,50.497380,-0.035848,11.591070,11.747913,0.018705,0.999970
2016-10-28,11.6527,11.6527,11.4128,11.4482,16842543,-0.018292,46.170639,-0.045039,11.553729,11.729527,0.018771,0.999971
2016-10-31,11.5088,11.7734,11.5088,11.7327,9100263,0.024848,52.068600,-0.029034,11.529744,11.716566,0.019765,0.999971
2016-11-01,11.7535,11.9012,11.7535,11.8955,18329188,0.013879,55.101413,-0.003174,11.525512,11.707184,0.019627,0.999970
2016-11-02,11.8716,11.9672,11.7411,11.9167,11013386,0.001779,55.495547,0.018812,11.529915,11.698249,0.019408,0.999969
2016-11-03,12.0320,12.0320,11.3858,11.4479,10933827,-0.039336,45.887407,-0.001571,11.516872,11.680745,0.021264,0.999970
2016-11-04,11.5293,11.5293,11.2553,11.2635,5913789,-0.016112,42.750880,-0.032238,11.504548,11.665321,0.021230,0.999968
2016-11-07,11.2351,11.4458,11.2351,11.3951,14562267,0.011682,45.607158,-0.045400,11.508649,11.654538,0.021047,0.999967
2016-11-08,11.4142,11.6442,11.4142,11.6289,9352231,0.020519,50.347588,-0.036543,11.525697,11.644745,0.021497,0.999969
2016-11-09,11.6794,11.9247,11.6794,11.8452,10714154,0.018601,54.314442,-0.011931,11.564765,11.644649,0.021185,0.999969
2016-11-10,11.8750,11.8750,11.4271,11.5396,8181306,-0.025798,48.428115,-0.016890,11.580730,11.639148,0.022008,0.999970
2016-11-11,11.5512,11.6544,11.5313,11.5997,10353277,0.005213,49.586321,-0.015785,11.608087,11.638037,0.021668,0.999970
2016-11-14,11.5960,11.8229,11.5960,11.8004,9328652,0.017296,53.349406,0.001266,11.618993,11.640458,0.019246,0.999972
2016-11-15,11.8353,11.8353,11.3752,11.4823,9066831,-0.026954,47.318922,-0.010763,11.618226,11.637969,0.020178,0.999973
2016-11-16,11.4128,11.5295,11.4128,11.4822,5913760,-0.000008,47.317335,-0.020071,11.616609,11.629614,0.020175,0.999973
2016-11-17,11.4264,11.6706,11.4264,11.5375,11976248,0.004815,48.491132,-0.022725,11.629809,11.620343,0.019578,0.999973
2016-11-18,11.5259,11.5383,11.4797,11.4828,8029462,-0.004743,47.366276,-0.028911,11.623925,11.615146,0.018492,0.999973
2016-11-21,11.4314,11.4314,11.0793,11.1373,20591653,-0.030089,40.913261,-0.060989,11.589799,11.600354,0.019045,0.999974
2016-11-22,11.0731,11.2378,11.0105,11.0782,11883124,-0.005300,39.912829,-0.090135,11.549719,11.587378,0.018960,0.999973
2016-11-23,11.1910,11.1910,11.0150,11.0212,10653295,-0.005149,38.922350,-0.116493,11.519815,11.575458,0.018458,0.999973
2016-11-24,11.0998,11.0998,10.9132,10.9988,10975741,-0.002035,38.517679,-0.137606,11.486677,11.561845,0.018402,0.999972
2016-11-25,10.9583,10.9583,10.8587,10.8995,6653214,-0.009024,36.698842,-0.160497,11.459243,11.548169,0.018105,0.999973
2016-11-28,10.9271,10.9271,10.7756,10.8215,19019524,-0.007163,35.287371,-0.182830,11.413682,11.529384,0.016957,0.999973
2016-11-29,10.7997,10.8307,10.7745,10.8173,10264894,-0.000385,35.209544,-0.198577,11.359771,11.513442,0.016463,0.999973
2016-11-30,10.7744,10.9385,10.7744,10.9003,11711185,0.007678,38.138650,-0.202025,11.308954,11.501454,0.016636,0.999974
2016-12-01,10.8752,10.8752,10.8183,10.8507,11711151,-0.004558,37.059404,-0.206388,11.279091,11.490954,0.014457,0.999973
2016-12-02,10.8564,10.8564,10.7042,10.7807,7552515,-0.006444,35.535296,-0.213032,11.254955,11.481092,0.014139,0.999973
2016-12-05,10.7111,10.8880,10.7111,10.8009,11699021,0.001869,36.347841,-0.214201,11.225247,11.467464,0.013802,0.999973
2016-12-06,10.7829,10.7829,10.4632,10.4638,16823138,-0.031206,29.622875,-0.239565,11.166995,11.444629,0.014088,0.999974
2016-12-07,10.4422,10.5584,10.4422,10.5489,11557857,0.008133,32.993826,-0.249917,11.102184,11.416812,0.013333,0.999974
2016-12-08,10.5217,10.6336,10.5217,10.5515,8701666,0.000243,33.097724,-0.254975,11.052780,11.379803,0.012513,0.999974
2016-12-09,10.5185,10.5889,10.5185,10.5624,13230248,0.001036,33.570943,-0.255161,11.000914,11.347151,0.012378,0.999978
2016-12-12,10.4907,10.8035,10.4907,10.7386,9817665,0.016679,40.834846,-0.238345,10.947826,11.317675,0.012321,0.999975
2016-12-13,10.6397,10.6397,10.3337,10.3987,10377815,-0.031653,33.274535,-0.249569,10.893646,11.286046,0.012805,0.999976
2016-12-14,10.3173,10.3173,10.0339,10.0651,11180848,-0.032080,27.828959,-0.282130,10.822791,11.250776,0.014106,0.999977
2016-12-15,10.0220,10.1828,10.0220,10.1136,6357228,0.004818,29.631872,-0.300557,10.751596,11.218872,0.014106,0.999978
2016-12-16,10.0902,10.1951,10.0902,10.1142,7105358,0.000056,29.654112,-0.311523,10.683166,11.190957,0.014178,0.999978
2016-12-19,10.1471,10.2178,10.1235,10.1467,9019568,0.003216,30.994782,-0.313970,10.633637,11.167630,0.013146,0.999978
2016-12-20,10.0361,10.1131,10.0361,10.0717,8262903,-0.007395,29.593848,-0.318294,10.583309,11.143306,0.013161,0.999978
2016-12-21,10.0734,10.2211,10.0734,10.1869,11114928,0.011442,34.491488,-0.308862,10.541594,11.125768,0.013643,0.999977
2016-12-22,10.1173,10.3806,10.1173,10.3484,14791214,0.015855,40.715819,-0.285068,10.509076,11.108330,0.014336,0.999978
2016-12-23,10.3831,10.4887,10.3831,10.4346,12768222,0.008331,43.786230,-0.256300,10.485832,11.095971,0.014474,0.999978
2016-12-26,10.4590,10.4590,10.3651,10.3911,10002773,-0.004172,42.586915,-0.234312,10.464315,11.072149,0.014434,0.999977
2016-12-27,10.3910,10.3910,10.0154,10.0368,18050761,-0.034093,34.342769,-0.242676,10.425293,11.042933,0.016114,0.999977
2016-12-28,10.0432,10.2026,10.0432,10.1685,9559447,0.013121,39.065125,-0.235957,10.388703,11.016013,0.016359,0.999978
2016-12-29,10.1303,10.4029,10.1303,10.3797,11677543,0.020764,45.796434,-0.211161,10.365154,10.998137,0.017217,0.999978
2016-12-30,10.3792,10.4991,10.3792,10.4929,11715151,0.010908,49.046922,-0.180296,10.350763,10.975986,0.017421,0.999979
2017-01-02,10.4818,10.4818,10.3196,10.3421,11142630,-0.014373,45.161966,-0.166089,10.327823,10.946431,0.017648,0.999978
2017-01-03,10.3072,10.4646,10.3072,10.4617,8658899,0.011564,48.636493,-0.143526,10.327715,10.918068,0.016477,0.999979
2017-01-04,10.5169,10.6316,10.5169,10.6159,12885920,0.014736,52.788912,-0.111914,10.331061,10.898000,0.016711,0.999978
2017-01-05,10.6496,10.9096,10.6496,10.8961,12300031,0.026400,59.240181,-0.063515,10.348292,10.882691,0.017689,0.999980
2017-01-06,10.9027,10.9027,10.6241,10.7416,10566482,-0.014181,54.794586,-0.037197,10.357250,10.868559,0.018045,0.999980
2017-01-09,10.7660,10.7660,10.6430,10.7046,17060949,-0.003441,53.755395,-0.019103,10.355552,10.847999,0.017682,0.999979
2017-01-10,10.6919,10.9693,10.6561,10.8400,10011854,0.012642,56.973036,0.006088,10.377616,10.826888,0.016224,0.999979
2017-01-11,10.8922,10.8922,10.8256,10.8530,6815019,0.001198,57.280134,0.026790,10.417008,10.805613,0.014088,0.999979
2017-01-12,10.8844,10.8844,10.5912,10.6555,9071500,-0.018193,51.285268,0.026953,10.444104,10.789765,0.014922,0.999979
2017-01-13,10.6771,10.7826,10.6771,10.7303,10295795,0.007017,53.279282,0.032739,10.474909,10.779101,0.014937,0.999978
2017-01-16,10.6780,10.8560,10.6780,10.8372,9652177,0.009968,56.050686,0.045430,10.509435,10.767945,0.015017,0.999977
2017-01-17,10.7958,10.9344,10.7958,10.8539,18362699,0.001537,56.483578,0.056185,10.548546,10.752445,0.014810,0.999977
2017-01-18,10.8643,10.9198,10.8379,10.8964,6185868,0.003913,57.629755,0.067359,10.584018,10.733469,0.014703,0.999976
2017-01-19,10.9894,10.9894,10.8309,10.8511,12558610,-0.004154,55.938923,0.071735,10.609152,10.719699,0.014495,0.999976
2017-01-20,10.8329,11.2126,10.8329,11.1233,10434092,0.025086,62.974537,0.096061,10.643585,10.710171,0.015313,0.999977
2017-01-23,11.1664,11.1664,10.8794,10.9615,11811655,-0.014547,57.134369,0.101117,10.672105,10.693393,0.015749,0.999976
2017-01-24,10.8455,10.9645,10.8455,10.8561,9591791,-0.009618,53.643472,0.095516,10.713066,10.680869,0.013526,0.999975
2017-01-25,10.8808,10.9178,10.8555,10.8616,9149134,0.000507,53.802064,0.090477,10.747717,10.668456,0.013372,0.999975
2017-01-26,10.8648,11.0424,10.8648,11.0252,15741840,0.015065,58.365343,0.098552,10.779993,10.658210,0.013039,0.999974
2017-01-27,11.0739,11.0739,10.7283,10.7577,9733505,-0.024262,49.719409,0.082417,10.793233,10.643709,0.014247,0.999976
2017-01-30,10.8419,10.8419,10.5056,10.5290,12012636,-0.021262,43.751427,0.050590,10.802577,10.631543,0.014722,0.999976
2017-01-31,10.5268,10.5268,10.1448,10.1799,15459238,-0.033152,36.542605,-0.002767,10.788489,10.613576,0.016340,0.999977
2017-02-01,10.2316,10.2569,10.1719,10.1879,9910917,0.000783,36.798575,-0.043904,10.767091,10.596910,0.015914,0.999978
2017-02-02,10.1942,10.1942,9.9776,10.0023,14184590,-0.018219,33.416730,-0.090440,10.722399,10.576980,0.014823,0.999977
2017-02-03,9.9649,9.9727,9.9226,9.9399,18733231,-0.006237,32.340865,-0.130845,10.682314,10.557787,0.014646,0.999977
2017-02-06,9.9475,10.0729,9.9475,10.0510,12996107,0.011181,36.276701,-0.152146,10.649633,10.542379,0.015023,0.999976
2017-02-07,10.1468,10.1468,9.8917,9.9470,14325793,-0.010346,34.267979,-0.175396,10.604987,10.524974,0.014635,0.999975
2017-02-08,9.8936,10.0513,9.8936,9.9883,11345229,0.004151,35.788289,-0.188319,10.561755,10.506734,0.014707,0.999976
2017-02-09,9.9804,10.0466,9.8702,9.9401,9948549,-0.004826,34.777035,-0.200143,10.525986,10.488523,0.014328,0.999975
2017-02-10,9.9384,10.1582,9.9384,10.0529,15310739,0.011347,39.112540,-0.198128,10.492118,10.473967,0.014525,0.999975
2017-02-13,10.1209,10.2776,10.0494,10.1361,10083204,0.008274,42.165712,-0.187657,10.457062,10.460671,0.014449,0.999973
2017-02-14,10.1637,10.1637,9.9321,10.0214,11626544,-0.011316,39.243474,-0.186464,10.415437,10.451822,0.014511,0.999974
2017-02-15,10.0330,10.0418,9.9148,9.9956,9170474,-0.002572,38.596176,-0.185460,10.370401,10.440756,0.014400,0.999974
2017-02-16,10.0061,10.2134,10.0061,10.1712,24245072,0.017565,45.224260,-0.168555,10.336405,10.433150,0.015201,0.999974
2017-02-17,10.1745,10.3049,10.1745,10.2408,12004382,0.006844,47.637790,-0.147836,10.292281,10.426717,0.013912,0.999974
2017-02-20,10.2236,10.2236,9.9756,10.0096,15106654,-0.022575,41.152842,-0.148360,10.244687,10.412138,0.014340,0.999975
2017-02-21,10.0195,10.2462,10.0195,10.1221,7263367,0.011237,45.070609,-0.138108,10.207988,10.406606,0.014697,0.999975
2017-02-22,10.0628,10.0628,9.8327,9.9421,6139473,-0.017785,40.430948,-0.142863,10.162014,10.404145,0.015008,0.999974
2017-02-23,9.9556,10.2118,9.9556,10.1794,10490895,0.023867,48.025546,-0.126031,10.119721,10.405460,0.015718,0.999977
2017-02-24,10.1862,10.3889,10.1862,10.3559,15520090,0.017339,52.841631,-0.097328,10.099629,10.410294,0.015629,0.999978
2017-02-27,10.2830,10.4246,10.2830,10.4070,12266043,0.004938,54.166921,-0.069651,10.093530,10.415500,0.014996,0.999977
2017-02-28,10.3975,10.4887,10.3445,10.4340,5672996,0.002593,54.887445,-0.045021,10.106233,10.422746,0.012877,0.999973
2017-03-01,10.4317,10.4717,10.3384,10.4015,11999162,-0.003112,53.791651,-0.027800,10.116914,10.427038,0.012915,0.999972
2017-03-02,10.4481,10.5652,10.4481,10.5209,11499435,0.011477,57.176124,-0.004469,10.142845,10.430487,0.012265,0.999972
2017-03-03,10.5531,10.5531,10.4447,10.4578,15047665,-0.005994,54.888812,0.008830,10.168741,10.430951,0.012256,0.999972
2017-03-06,10.5000,10.5210,10.4597,10.5036,13030480,0.004378,56.257053,0.022802,10.191370,10.433201,0.012099,0.999976
2017-03-07,10.5568,10.6793,10.5568,10.6583,13029800,0.014729,60.604803,0.045831,10.226934,10.445630,0.012022,0.999975
2017-03-08,10.6206,10.7220,10.4891,10.5605,13416118,-0.009179,56.762776,0.055546,10.255542,10.453469,0.012350,0.999972
2017-03-09,10.5637,10.5637,10.4097,10.4542,8245466,-0.010064,52.843652,0.054047,10.281247,10.454960,0.012575,0.999972
2017-03-10,10.4491,10.4491,10.2380,10.2520,14049700,-0.019341,46.294530,0.036127,10.291202,10.450142,0.013303,0.999973
2017-03-13,10.2034,10.2034,10.0182,10.0735,11271857,-0.017410,41.415270,0.007438,10.288073,10.444771,0.013801,0.999974
2017-03-14,10.0470,10.0470,9.6877,9.7737,12853264,-0.029769,34.782171,-0.039047,10.275686,10.431010,0.015134,0.999975
2017-03-15,9.8060,10.0306,9.8060,9.8933,16165327,0.012240,38.980703,-0.065478,10.270569,10.416559,0.015420,0.999975
2017-03-16,9.8894,10.2038,9.8894,10.1969,8061681,0.030691,48.111274,-0.061219,10.271854,10.402575,0.016469,0.999976
2017-03-17,10.1649,10.4421,10.1649,10.4417,11299337,0.024008,54.077810,-0.037655,10.281900,10.396577,0.017259,0.999977
2017-03-20,10.4341,10.4341,10.1237,10.1648,10047817,-0.026517,47.434349,-0.040852,10.289661,10.385781,0.017563,0.999978
2017-03-21,10.1326,10.4029,10.1326,10.2903,11191887,0.012340,50.406782,-0.032885,10.298070,10.374787,0.017599,0.999978
2017-03-22,10.2703,10.6090,10.2703,10.5367,12136004,0.023946,55.705630,-0.006611,10.327801,10.368462,0.017732,0.999978
2017-03-23,10.5333,10.5333,10.3770,10.4593,11349241,-0.007341,53.763782,0.007879,10.341800,10.364539,0.017168,0.999978
2017-03-24,10.5901,10.5901,10.4640,10.4785,11455830,0.001832,54.189710,0.020670,10.347932,10.359503,0.016760,0.999978
2017-03-27,10.4896,10.4896,10.1160,10.1387,9438995,-0.032427,46.081171,0.003351,10.334518,10.345533,0.018279,0.999977
2017-03-28,10.1819,10.2564,10.0554,10.1839,7189150,0.004454,47.211796,-0.006654,10.322013,10.332133,0.018304,0.999976
2017-03-29,10.1851,10.1851,9.9507,10.0088,7726457,-0.017189,43.411948,-0.028381,10.302379,10.314382,0.018655,0.999977
2017-03-30,9.9932,10.0528,9.9498,10.0442,11327814,0.003538,44.387101,-0.042255,10.278546,10.298245,0.018442,0.999976
2017-03-31,10.0577,10.0577,9.7238,9.7904,14972274,-0.025268,39.176546,-0.072890,10.245177,10.271588,0.019143,0.999976
2017-04-03,9.7641,9.8910,9.7641,9.8807,10243351,0.009218,41.793167,-0.088861,10.214031,10.249972,0.019273,0.999976
2017-04-04,9.9160,10.0854,9.9160,10.0518,12759980,0.017316,46.492808,-0.086713,10.183705,10.233886,0.019406,0.999976
2017-04-05,10.0862,10.1045,9.8779,9.9247,15431449,-0.012644,43.672057,-0.094180,10.151915,10.215149,0.019481,0.999976
2017-04-06,9.9384,9.9384,9.7262,9.7409,7991980,-0.018523,39.901082,-0.113622,10.116247,10.189462,0.019735,0.999976
2017-04-07,9.7716,9.7716,9.3850,9.3998,15288505,-0.035015,34.029973,-0.154769,10.073635,10.162303,0.020692,0.999978
2017-04-10,9.3994,9.4590,9.2876,9.3612,7416084,-0.004107,33.430325,-0.188322,10.038017,10.138947,0.020455,0.999978
2017-04-11,9.4031,9.4031,9.2107,9.2732,17222039,-0.009392,32.045524,-0.219478,10.012996,10.120813,0.019563,0.999979
2017-04-12,9.2762,9.2762,9.0283,9.0404,12782844,-0.025108,28.659829,-0.259960,9.970353,10.097864,0.019868,0.999979
2017-04-13,9.0229,9.1573,9.0229,9.1102,15737050,0.007719,31.012443,-0.283147,9.916018,10.080022,0.018344,0.999980
2017-04-14,9.0717,9.0717,8.8794,9.0442,8603960,-0.007244,30.004700,-0.303352,9.846142,10.062108,0.016982,0.999979
2017-04-17,9.0664,9.0664,8.8586,8.8866,6614730,-0.017421,27.691151,-0.328293,9.782232,10.038821,0.016549,0.999979
2017-04-18,8.9569,8.9569,8.7948,8.8056,5574744,-0.009120,26.556885,-0.350558,9.707998,10.015992,0.015943,0.999979
2017-04-19,8.7771,8.9817,8.7771,8.9647,10363679,0.018072,32.411253,-0.351313,9.629400,9.995520,0.015375,0.999980
2017-04-20,8.9365,9.1416,8.9365,9.0573,11330449,0.010328,35.626592,-0.340515,9.559299,9.977864,0.015909,0.999981
2017-04-21,9.0975,9.0975,9.0344,9.0392,10288534,-0.002000,35.272977,-0.329619,9.487335,9.957590,0.015819,0.999980
2017-04-24,9.0013,9.1984,9.0013,9.1345,16587753,0.010546,38.719394,-0.309722,9.437125,9.937559,0.015121,0.999980
2017-04-25,9.1580,9.1580,8.9097,8.9622,11070125,-0.018865,35.082822,-0.304350,9.376042,9.916375,0.015245,0.999979
2017-04-26,8.9238,9.0674,8.9072,8.9690,9648719,0.000752,35.338656,-0.296136,9.324048,9.895841,0.015095,0.999979
2017-04-27,9.0050,9.0482,8.9445,8.9935,10371273,0.002739,36.323616,-0.284365,9.271512,9.872288,0.015071,0.999979
2017-04-28,9.0064,9.0064,8.8440,8.9257,20041492,-0.007541,34.749918,-0.277313,9.228274,9.845985,0.014345,0.999979
2017-05-01,8.8710,9.0464,8.8710,8.9928,10772080,0.007513,37.627192,-0.263278,9.183877,9.825648,0.014264,0.999979
2017-05-02,8.9745,8.9745,8.8449,8.8789,15821742,-0.012662,34.819421,-0.258365,9.125232,9.800784,0.013388,0.999979
2017-05-03,8.8252,9.0080,8.8252,8.9575,13256588,0.008856,38.246334,-0.245299,9.076873,9.781092,0.013694,0.999979
2017-05-04,8.9264,9.0490,8.9264,9.0423,5640855,0.009467,41.799931,-0.225502,9.041946,9.758351,0.013672,0.999979
2017-05-05,9.1182,9.1182,8.6079,8.6172,13365516,-0.047019,31.890910,-0.241338,9.002815,9.723577,0.015291,0.999980
2017-05-08,8.5980,8.8901,8.5980,8.7912,10924008,0.020200,38.336081,-0.237109,8.974317,9.691262,0.016237,0.999981
2017-05-09,8.7392,8.7392,8.2798,8.3594,10797595,-0.049114,30.600677,-0.265537,8.928627,9.649771,0.019215,0.999982
2017-05-10,8.3988,8.3988,8.2546,8.2760,10125045,-0.009981,29.367479,-0.291440,8.890407,9.607261,0.018672,0.999982
2017-05-11,8.2511,8.4989,8.2511,8.4197,5542310,0.017362,34.279256,-0.296950,8.855881,9.565237,0.019116,0.999982
2017-05-12,8.4318,8.4318,8.3470,8.3780,9811045,-0.004949,33.550581,-0.301208,8.822572,9.523641,0.019101,0.999982
2017-05-15,8.3349,8.3349,8.1500,8.1777,11619993,-0.023916,30.223726,-0.317095,8.787123,9.477122,0.019400,0.999983
2017-05-16,8.1633,8.1633,7.9986,8.0314,11268204,-0.017890,28.037585,-0.337599,8.748411,9.424583,0.019621,0.999982
2017-05-17,8.0911,8.1914,8.0789,8.1721,16546969,0.017519,33.052993,-0.338591,8.708777,9.376814,0.019588,0.999983
2017-05-18,8.1546,8.1546,7.8551,7.9184,12904055,-0.031039,29.113718,-0.355745,8.651831,9.326098,0.020124,0.999982
2017-05-19,7.9789,8.1345,7.9789,8.0706,11528362,0.019219,34.182080,-0.352990,8.603401,9.282470,0.020917,0.999981
2017-05-22,8.0326,8.0866,8.0326,8.0656,12736458,-0.000624,34.095185,-0.347211,8.549952,9.242310,0.020615,0.999982
2017-05-23,8.0828,8.0828,7.8814,7.9093,7839176,-0.019370,31.426654,-0.351190,8.497308,9.205023,0.020632,0.999983
2017-05-24,7.9230,7.9230,7.7289,7.8363,9096324,-0.009233,30.235492,-0.356130,8.440675,9.163884,0.020580,0.999983
2017-05-25,7.9256,7.9256,7.7053,7.7072,10953992,-0.016472,28.200706,-0.366239,8.376360,9.114090,0.020573,0.999983
2017-05-26,7.6974,7.8682,7.6974,7.8203,10359291,0.014675,32.487858,-0.360963,8.321092,9.061662,0.021161,0.999984
2017-05-29,7.8269,7.9740,7.8269,7.9171,12975836,0.012371,36.007831,-0.344998,8.267307,9.016706,0.021356,0.999985
2017-05-30,7.9106,7.9106,7.6644,7.6970,8139876,-0.027796,31.929855,-0.346114,8.208213,8.964841,0.021862,0.999985
2017-05-31,7.6723,7.7297,7.6316,7.6480,12941372,-0.006364,31.085897,-0.346951,8.142738,8.907067,0.021548,0.999986
2017-06-01,7.6926,7.6926,7.5028,7.5401,15200777,-0.014106,29.252181,-0.352259,8.067630,8.848683,0.021204,0.999986
2017-06-02,7.5558,7.7787,7.5558,7.7040,13516756,0.021731,35.477754,-0.339333,8.021972,8.793193,0.020238,0.999986
2017-06-05,7.7051,7.7051,7.5161,7.5348,8520017,-0.021956,32.316297,-0.338831,7.959153,8.741115,0.019618,0.999986
2017-06-06,7.5234,7.7399,7.5234,7.7388,12140084,0.027072,39.336832,-0.318305,7.928122,8.692214,0.018475,0.999987
2017-06-07,7.7117,7.8146,7.7117,7.7361,9399347,-0.000355,39.277792,-0.298814,7.901125,8.646759,0.018428,0.999987
2017-06-08,7.6978,7.6978,7.5669,7.5900,8302336,-0.018879,36.167364,-0.291789,7.859642,8.597675,0.018077,0.999987
2017-06-09,7.5801,7.5801,7.4641,7.5073,8396252,-0.010906,34.499759,-0.289564,7.816104,8.552011,0.018125,0.999987
2017-06-12,7.5024,7.5056,7.3505,7.4104,10454091,-0.012904,32.605158,-0.292248,7.777740,8.502605,0.017693,0.999987
2017-06-13,7.4526,7.4526,7.2177,7.2577,14018845,-0.020607,29.824654,-0.303202,7.739056,8.446723,0.017809,0.999987
2017-06-14,7.2510,7.2874,7.2510,7.2703,12093304,0.001735,30.351989,-0.307324,7.693966,8.393634,0.017098,0.999986
2017-06-15,7.2283,7.2283,7.1024,7.1251,15301959,-0.019964,27.761897,-0.318630,7.654302,8.341320,0.016399,0.999986
2017-06-16,7.1620,7.1620,6.8630,6.8742,18931519,-0.035218,23.955708,-0.343874,7.594482,8.290808,0.016660,0.999987
2017-06-19,6.8890,6.8890,6.7957,6.8328,15853865,-0.006019,23.386314,-0.363035,7.532844,8.240241,0.016580,0.999987
2017-06-20,6.8200,6.8200,6.5688,6.6333,17536277,-0.029202,20.816888,-0.389826,7.469042,8.187442,0.017069,0.999988
2017-06-21,6.6347,6.6347,6.5256,6.5517,11872738,-0.012292,19.856806,-0.412879,7.404814,8.137668,0.017089,0.999987
2017-06-22,6.5210,6.5210,6.3724,6.4561,11900471,-0.014605,18.763127,-0.433868,7.342256,8.084585,0.017049,0.999987
2017-06-23,6.4237,6.4237,6.3635,6.3641,9276942,-0.014237,17.751741,-0.452700,7.269447,8.030984,0.016168,0.999986
2017-06-26,6.3404,6.6338,6.3404,6.5810,6487855,0.034076,27.659919,-0.444996,7.202644,7.984871,0.018340,0.999985
2017-06-27,6.5972,6.6368,6.5581,6.5881,6841872,0.001082,27.966619,-0.433321,7.147201,7.940522,0.017917,0.999984
2017-06-28,6.6141,6.6693,6.5667,6.6168,5786111,0.004350,29.267122,-0.416950,7.095639,7.893563,0.018115,0.999984
2017-06-29,6.6153,6.6153,6.4174,6.4266,18112984,-0.028750,25.921857,-0.414547,7.039960,7.840948,0.018702,0.999985
2017-06-30,6.4176,6.4176,6.3077,6.3579,12464760,-0.010689,24.818712,-0.413420,6.972653,7.787321,0.017365,0.999983
2017-07-03,6.3549,6.4056,6.3549,6.3836,7900918,0.004048,26.087934,-0.405772,6.915091,7.732302,0.017350,0.999982
2017-07-04,6.3950,6.3950,6.2688,6.2774,14944930,-0.016640,24.267124,-0.403630,6.842019,7.678605,0.015319,0.999982
2017-07-05,6.3105,6.4205,6.3105,6.3735,6574664,0.015310,29.089460,-0.389685,6.773888,7.626696,0.016228,0.999982
2017-07-06,6.3723,6.3723,6.2118,6.2485,9271810,-0.019611,26.707651,-0.384290,6.706812,7.571795,0.016251,0.999982
2017-07-07,6.2381,6.2381,6.2116,6.2214,7062786,-0.004343,26.205963,-0.377847,6.642517,7.517709,0.016288,0.999982
2017-07-10,6.2400,6.2400,6.1487,6.1618,12896553,-0.009568,25.092521,-0.373242,6.580089,7.461090,0.016265,0.999981
2017-07-11,6.1513,6.2053,6.1492,6.1791,10917632,0.002795,26.071436,-0.364007,6.526159,7.407094,0.016233,0.999982
2017-07-12,6.1820,6.1820,6.0543,6.1149,14316721,-0.010388,24.772295,-0.357743,6.468389,7.350241,0.016080,0.999981
2017-07-13,6.0765,6.1586,6.0284,6.0890,11044320,-0.004237,24.247096,-0.350826,6.416581,7.291174,0.015873,0.999981
2017-07-14,6.0671,6.0783,5.9504,6.0673,11564684,-0.003555,23.793229,-0.343135,6.376237,7.240177,0.014504,0.999981
2017-07-17,6.1056,6.1056,5.9795,5.9949,12151818,-0.011928,22.290838,-0.338972,6.334344,7.184252,0.014562,0.999980
2017-07-18,6.0242,6.0777,6.0242,6.0451,13759504,0.008363,25.786797,-0.327849,6.304934,7.137965,0.013875,0.999980
2017-07-19,6.0502,6.1126,6.0262,6.0692,14089442,0.003994,27.478971,-0.313471,6.280808,7.093829,0.013874,0.999979
2017-07-20,6.0514,6.1394,6.0459,6.0618,12552117,-0.001230,27.271886,-0.299230,6.261093,7.046670,0.013643,0.999979
2017-07-21,6.0398,6.0398,5.9966,6.0202,13863383,-0.006851,26.094090,-0.287975,6.243898,6.999514,0.013423,0.999979
2017-07-24,6.0107,6.1411,6.0107,6.1021,14623712,0.013592,32.298656,-0.269348,6.219951,6.958003,0.011040,0.999979
2017-07-25,6.1119,6.1124,5.9709,6.0788,7599289,-0.003805,31.490875,-0.253536,6.194487,6.918952,0.010982,0.999978
2017-07-26,6.0629,6.0629,6.0335,6.0495,8900364,-0.004836,30.452387,-0.240604,6.166120,6.876500,0.010807,0.999979
2017-07-27,6.0723,6.1364,6.0506,6.0612,7747287,0.001941,31.425396,-0.226793,6.147852,6.839356,0.009234,0.999978
2017-07-28,6.0259,6.3139,6.0259,6.2351,10080289,0.028688,43.932670,-0.199516,6.141713,6.802645,0.011421,0.999979
2017-07-31,6.2554,6.2554,6.0709,6.0990,8394629,-0.021821,38.080204,-0.186726,6.127485,6.763315,0.012263,0.999978
2017-08-01,6.0541,6.2242,6.0541,6.1786,7882869,0.013041,42.871333,-0.168232,6.122544,6.728700,0.012221,0.999977
2017-08-02,6.1761,6.1761,5.9582,5.9887,9860772,-0.030737,35.756978,-0.166975,6.103302,6.691747,0.013329,0.999978
2017-08-03,5.9712,6.0215,5.9699,6.0115,20611843,0.003824,37.112089,-0.162261,6.091455,6.657833,0.012814,0.999978
2017-08-04,6.0192,6.1787,6.0192,6.1727,7177220,0.026811,45.781366,-0.143861,6.089023,6.624881,0.014302,0.999978
2017-08-07,6.1804,6.2757,6.1357,6.2245,10306199,0.008384,48.248244,-0.123677,6.092156,6.591030,0.014253,0.999978
2017-08-08,6.1932,6.2532,6.1932,6.2425,17161447,0.002895,49.116319,-0.105016,6.095328,6.561939,0.014254,0.999977
2017-08-09,6.2281,6.2401,6.1827,6.1862,4977239,-0.009017,46.492819,-0.093689,6.098894,6.532703,0.014201,0.999977
2017-08-10,6.1482,6.1984,6.1482,6.1905,6378550,0.000698,46.727949,-0.083403,6.103973,6.505711,0.014154,0.999977
2017-08-11,6.2075,6.2075,6.1397,6.1663,13115494,-0.003908,45.521250,-0.076323,6.108924,6.474958,0.014160,0.999977
2017-08-14,6.1783,6.1783,6.0589,6.0871,12875186,-0.012843,41.722756,-0.076224,6.113533,6.446004,0.014206,0.999976
2017-08-15,6.0284,6.0659,6.0284,6.0599,9640448,-0.004471,40.472798,-0.077449,6.114276,6.412426,0.014138,0.999976
2017-08-16,6.0833,6.1112,6.0224,6.0820,12108460,0.003637,41.988265,-0.075769,6.114912,6.379344,0.014134,0.999976
2017-08-17,6.0705,6.0705,5.9765,6.0058,7014210,-0.012527,38.353143,-0.079666,6.112113,6.347659,0.014417,0.999976
2017-08-18,6.0473,6.0473,5.8825,5.9275,11299401,-0.013031,35.000974,-0.088055,6.107477,6.316064,0.014628,0.999975
2017-08-21,5.9423,5.9423,5.7801,5.7979,8805986,-0.021873,30.279372,-0.103966,6.092267,6.283813,0.014953,0.999973
2017-08-22,5.8105,5.8813,5.8086,5.8346,14932499,0.006336,33.035544,-0.112317,6.080054,6.255352,0.015076,0.999967
2017-08-23,5.8160,5.9088,5.8160,5.8882,8969406,0.009190,36.953553,-0.113303,6.071992,6.227710,0.015260,0.999967
2017-08-24,5.9094,5.9126,5.8655,5.9120,12149301,0.004036,38.666564,-0.110888,6.064531,6.203448,0.015290,0.999968
2017-08-25,5.8660,6.0139,5.8660,6.0090,8328161,0.016403,45.208024,-0.099997,6.053225,6.186143,0.014239,0.999967
2017-08-28,6.0208,6.0474,6.0040,6.0187,6235030,0.001615,45.830759,-0.089549,6.049207,6.169860,0.013442,0.999966
2017-08-29,6.0460,6.0732,6.0403,6.0584,10139964,0.006605,48.416787,-0.077172,6.043199,6.158362,0.013174,0.999963
2017-08-30,6.0841,6.0931,6.0560,6.0906,10212063,0.005306,50.475631,-0.064031,6.048295,6.149139,0.011193,0.999963
2017-08-31,6.0864,6.0864,6.0799,6.0829,6555210,-0.001251,49.966756,-0.053614,6.051865,6.141677,0.011181,0.999962
2017-09-01,6.0527,6.0573,5.9790,6.0304,12065698,-0.008632,46.487194,-0.049030,6.044750,6.135002,0.009499,0.999962
2017-09-04,6.0630,6.2701,6.0630,6.2566,8277882,0.037500,59.550869,-0.026840,6.046355,6.128514,0.012718,0.999966
2017-09-05,6.2555,6.2555,6.1820,6.2112,16345825,-0.007254,56.566148,-0.012769,6.044790,6.120975,0.012813,0.999966
2017-09-06,6.1787,6.1915,6.1177,6.1434,8195133,-0.010909,52.348091,-0.007005,6.042651,6.111508,0.012888,0.999966
2017-09-07,6.1678,6.1989,6.1632,6.1897,10037440,0.007538,54.827310,0.001285,6.042611,6.106772,0.013005,0.999965
2017-09-08,6.2252,6.2790,6.1492,6.2163,7030948,0.004286,56.232154,0.009882,6.045108,6.103940,0.013002,0.999963
2017-09-11,6.2232,6.2232,6.0357,6.0738,9709050,-0.022912,47.661732,0.005143,6.044442,6.097745,0.013720,0.999964
2017-09-12,6.0630,6.2214,6.0630,6.1898,10639961,0.019089,53.830638,0.010620,6.050935,6.095993,0.014317,0.999964
2017-09-13,6.2295,6.2295,6.1736,6.1812,10471017,-0.001394,53.326938,0.014102,6.055895,6.092146,0.014315,0.999964
2017-09-14,6.1635,6.1635,6.0653,6.0702,7799537,-0.017946,47.210272,0.007821,6.059118,6.088581,0.014631,0.999965
2017-09-15,6.0682,6.1941,6.0682,6.1922,15860903,0.020088,53.521238,0.012537,6.072350,6.087997,0.014875,0.999966
2017-09-18,6.2007,6.2814,6.1996,6.2575,9103473,0.010555,56.521566,0.021304,6.095333,6.089911,0.013833,0.999965
2017-09-19,6.2640,6.2640,6.1253,6.1285,12791403,-0.020625,49.699053,0.017633,6.110027,6.088899,0.014860,0.999966
2017-09-20,6.1428,6.4145,6.1428,6.3137,9449813,0.030220,57.606856,0.029331,6.131299,6.092874,0.016050,0.999967
2017-09-21,6.2862,6.3856,6.2862,6.3839,11979418,0.011125,60.164600,0.043764,6.154895,6.098773,0.016137,0.999967
2017-09-22,6.3651,6.4078,6.3651,6.3842,8262903,0.000051,60.176626,0.054599,6.173658,6.105111,0.015887,0.999967
2017-09-25,6.3582,6.6801,6.3582,6.5566,5937321,0.026998,66.011307,0.076216,6.200554,6.116344,0.016748,0.999970
2017-09-26,6.5706,6.6339,6.5148,6.5750,8957198,0.002811,66.575244,0.093754,6.226384,6.126943,0.016743,0.999970
2017-09-27,6.5574,6.6391,6.5448,6.5733,10918952,-0.000264,66.463385,0.106288,6.250520,6.137024,0.016771,0.999969
2017-09-28,6.5601,6.5601,6.4883,6.5030,10318805,-0.010687,61.928924,0.109292,6.271524,6.145849,0.017055,0.999969
2017-09-29,6.4849,6.5786,6.4849,6.5677,9649938,0.009952,64.342501,0.115564,6.298390,6.156799,0.016866,0.999970
2017-10-02,6.5400,6.6336,6.5400,6.6216,5133377,0.008196,66.258539,0.123454,6.316640,6.167190,0.015011,0.999970
2017-10-03,6.6779,6.6779,6.5281,6.6258,15898908,0.000634,66.410111,0.128564,6.337370,6.178128,0.014831,0.999970
2017-10-04,6.5923,6.5923,6.5224,6.5397,6428767,-0.012987,60.418188,0.124238,6.357184,6.187934,0.014943,0.999969
2017-10-05,6.5479,6.6234,6.5012,6.5558,9259654,0.002451,61.121991,0.120712,6.375485,6.197825,0.014909,0.999969
2017-10-06,6.5877,6.5877,6.4782,6.5490,11300130,-0.001027,60.634414,0.116037,6.392123,6.204104,0.014932,0.999969
2017-10-09,6.5336,6.5336,6.4044,6.4059,11564448,-0.021848,51.272756,0.099637,6.408728,6.210242,0.014838,0.999970
2017-10-10,6.4146,6.4146,6.2217,6.2536,10001832,-0.023785,43.560304,0.073499,6.411918,6.211742,0.015441,0.999969
2017-10-11,6.2471,6.3136,6.2471,6.3126,9994867,0.009439,46.893100,0.056891,6.418490,6.218221,0.015556,0.999970
2017-10-12,6.3027,6.3027,6.0281,6.0480,14480729,-0.041919,36.490070,0.022121,6.417378,6.218950,0.017859,0.999969
2017-10-13,6.0467,6.0780,6.0467,6.0695,10231182,0.003560,37.701233,-0.003654,6.411246,6.216886,0.017251,0.999969
2017-10-16,6.1013,6.1013,6.0159,6.0221,13055127,-0.007808,36.070880,-0.027587,6.399476,6.212839,0.017100,0.999968
2017-10-17,6.0341,6.1761,6.0341,6.1553,7559824,0.022117,43.469941,-0.035399,6.400819,6.211095,0.017290,0.999970
2017-10-18,6.1585,6.1585,6.0887,6.1061,10412088,-0.007991,41.557060,-0.045039,6.390443,6.209494,0.015870,0.999970
2017-10-19,6.0692,6.1833,6.0692,6.1744,12619468,0.011185,45.165295,-0.046631,6.379970,6.209172,0.015872,0.999970
2017-10-20,6.1169,6.2315,6.0550,6.1346,9692334,-0.006456,43.478144,-0.050526,6.367487,6.208536,0.015905,0.999968
2017-10-23,6.1005,6.1583,6.1005,6.1475,10536952,0.002108,44.206193,-0.051971,6.347033,6.209744,0.014432,0.999967
2017-10-24,6.1613,6.2682,6.1613,6.2238,11237597,0.012404,48.425413,-0.046428,6.329469,6.213020,0.014795,0.999966
2017-10-25,6.2175,6.2175,6.1491,6.1785,11085892,-0.007265,46.194690,-0.045163,6.309732,6.214952,0.014818,0.999963
2017-10-26,6.1585,6.3140,6.1585,6.2840,6968503,0.017069,51.774865,-0.035244,6.298781,6.220516,0.015349,0.999962
2017-10-27,6.2828,6.2828,6.1494,6.1824,19378468,-0.016173,46.743713,-0.035178,6.279512,6.225613,0.015426,0.999963
2017-10-30,6.2011,6.2780,6.1878,6.2137,7715953,0.005062,48.406225,-0.032230,6.259116,6.233929,0.015323,0.999962
2017-10-31,6.2535,6.3381,6.2535,6.3110,6061042,0.015668,53.291253,-0.021786,6.243378,6.243458,0.015873,0.999964
2017-11-01,6.2959,6.3941,6.2959,6.3838,9433315,0.011536,56.600437,-0.007548,6.235582,6.253370,0.015951,0.999960
2017-11-02,6.4001,6.5995,6.4001,6.5924,7972955,0.032680,64.386950,0.020335,6.237416,6.266979,0.017646,0.999960
2017-11-03,6.6233,6.6233,6.4521,6.5121,14008165,-0.012187,59.927899,0.035541,6.235570,6.277042,0.017870,0.999959
2017-11-06,6.5407,6.5407,6.3620,6.3678,10469785,-0.022164,52.847035,0.035535,6.233661,6.284024,0.017890,0.999958
2017-11-07,6.3805,6.3805,6.2433,6.2642,8476897,-0.016258,48.427190,0.026867,6.234194,6.288140,0.017440,0.999958
2017-11-08,6.2450,6.3538,6.2450,6.3353,8243484,0.011350,51.431449,0.025441,6.235331,6.293036,0.017498,0.999959
2017-11-09,6.3426,6.4029,6.3426,6.3880,12577852,0.008309,53.587164,0.028233,6.252330,6.299136,0.014456,0.999957
2017-11-10,6.3500,6.4551,6.3402,6.4004,10602227,0.001944,54.104661,0.031090,6.268874,6.306536,0.014456,0.999956
2017-11-13,6.4038,6.4038,6.2692,6.2836,7323525,-0.018240,48.616216,0.023660,6.281950,6.307077,0.015034,0.999959
2017-11-14,6.3127,6.3896,6.3127,6.3665,16327163,0.013178,52.311425,0.024176,6.292507,6.310182,0.014537,0.999964
2017-11-15,6.3799,6.3799,6.2243,6.2398,8603774,-0.019889,46.772469,0.014203,6.299192,6.312110,0.015187,0.999965
2017-11-16,6.2672,6.3667,6.2672,6.3623,9025026,0.019627,52.059714,0.015997,6.308586,6.315562,0.015591,0.999966
2017-11-17,6.3309,6.7091,6.3309,6.6722,11724159,0.048707,62.272142,0.041942,6.335467,6.324680,0.018665,0.999969
2017-11-20,6.6638,6.7179,6.6638,6.7142,9897249,0.006303,63.411197,0.065145,6.363804,6.337488,0.018661,0.999969
2017-11-21,6.7119,6.8216,6.7119,6.7811,12155782,0.009959,65.209882,0.087916,6.391672,6.349315,0.018615,0.999970
2017-11-22,6.7879,6.7879,6.7036,6.7271,7665653,-0.007959,62.537766,0.100449,6.419103,6.360235,0.018639,0.999970
2017-11-23,6.7308,6.7308,6.5013,6.5287,12269638,-0.029500,53.806624,0.093293,6.431337,6.369404,0.019846,0.999972
2017-11-24,6.4975,6.4975,6.3989,6.4653,11248327,-0.009717,51.339183,0.081563,6.445482,6.374866,0.019584,0.999972
2017-11-27,6.4640,6.4640,6.3166,6.3495,8899518,-0.017899,47.096299,0.062212,6.452276,6.376706,0.020088,0.999970
2017-11-28,6.3497,6.3497,6.1801,6.2012,8348946,-0.023359,42.274142,0.034510,6.446786,6.378161,0.020507,0.999970
2017-11-29,6.1660,6.4479,6.1660,6.3826,14778039,0.029248,49.133137,0.026882,6.446725,6.379540,0.021424,0.999971
2017-11-30,6.3333,6.4232,6.3333,6.4124,9986825,0.004665,50.179768,0.022975,6.437721,6.380109,0.020062,0.999971
2017-12-01,6.4036,6.5183,6.4036,6.4550,10822005,0.006643,51.710535,0.023050,6.434864,6.381524,0.019960,0.999972
2017-12-04,6.4415,6.4517,6.3201,6.4238,14938795,-0.004832,50.487385,0.020357,6.437665,6.378868,0.019325,0.999971
2017-12-05,6.4003,6.4531,6.3940,6.4062,14706854,-0.002737,49.772691,0.016614,6.444763,6.375492,0.018936,0.999970
2017-12-06,6.3870,6.5444,6.3870,6.5118,13574764,0.016481,53.985288,0.021914,6.453585,6.374262,0.019114,0.999970
2017-12-07,6.5233,6.5742,6.4971,6.5101,9485204,-0.000259,53.907431,0.025682,6.459691,6.374403,0.019050,0.999970
2017-12-08,6.5392,6.6221,6.5325,6.5677,8777907,0.008845,56.226266,0.032935,6.468055,6.374401,0.019128,0.999968
2017-12-11,6.5858,6.5858,6.4919,6.5469,11264299,-0.003169,55.146322,0.036582,6.481215,6.372907,0.018601,0.999967
2017-12-12,6.5718,6.5718,6.4614,6.5100,10379091,-0.005624,53.199544,0.036085,6.488394,6.370592,0.018492,0.999965
2017-12-13,6.5217,6.5217,6.3483,6.3615,7606408,-0.022817,46.125667,0.023435,6.494477,6.367028,0.018679,0.999965
2017-12-14,6.3838,6.3838,6.1556,6.1579,9654534,-0.031997,38.559286,-0.002981,6.484260,6.359071,0.019536,0.999966
2017-12-15,6.1836,6.1836,6.0980,6.1327,13104191,-0.004108,37.730856,-0.025661,6.457282,6.350744,0.015565,0.999966
2017-12-18,6.1210,6.2312,6.1101,6.1400,8125131,0.001203,38.148067,-0.042549,6.428571,6.345426,0.015427,0.999964
2017-12-19,6.1541,6.1541,5.9955,6.0121,10322028,-0.020837,33.904401,-0.065502,6.390120,6.340596,0.015461,0.999965
2017-12-20,6.0155,6.0243,6.0064,6.0099,9526827,-0.000356,33.836569,-0.082909,6.354260,6.334543,0.015501,0.999965
2017-12-21,6.0354,6.0410,5.9521,6.0170,15424150,0.001182,34.306050,-0.095036,6.328678,6.333924,0.014486,0.999965
2017-12-22,6.0051,6.0051,5.8027,5.8074,14480716,-0.034837,27.991981,-0.120176,6.295787,6.328682,0.016018,0.999966
2017-12-25,5.8115,5.8115,5.6624,5.7202,9550780,-0.015022,25.858829,-0.145461,6.264320,6.322643,0.015911,0.999965
2017-12-26,5.7195,5.7770,5.7093,5.7607,5421923,0.007084,28.581190,-0.160382,6.242294,6.314751,0.015522,0.999965
2017-12-27,5.7736,5.8021,5.7736,5.7989,10907899,0.006623,31.144834,-0.167201,6.213108,6.308606,0.013726,0.999966
2017-12-28,5.7769,5.7769,5.6425,5.6907,10334028,-0.018645,28.069828,-0.179263,6.177027,6.298932,0.013878,0.999967
2017-12-29,5.6957,5.7257,5.6957,5.7070,12323476,0.002855,29.201079,-0.185374,6.139629,6.290381,0.013723,0.999967
2018-01-01,5.7186,5.8067,5.7186,5.8053,8285629,0.017219,35.779881,-0.180210,6.108703,6.283536,0.014679,0.999968
2018-01-02,5.7917,5.8968,5.7917,5.8815,6064731,0.013124,40.403586,-0.168033,6.082466,6.276690,0.015223,0.999968
2018-01-03,5.8520,5.9169,5.8520,5.8734,14475755,-0.001362,40.076919,-0.157216,6.050550,6.270589,0.014453,0.999969
2018-01-04,5.9085,5.9085,5.8048,5.8297,6884097,-0.007448,38.257546,-0.150440,6.016530,6.261503,0.014417,0.999969
2018-01-05,5.8563,5.8563,5.7161,5.7707,10059848,-0.010122,35.890780,-0.148123,5.976681,6.253269,0.014050,0.999969
2018-01-08,5.7601,5.8195,5.7601,5.8172,17545601,0.008051,39.086334,-0.140914,5.940196,6.245339,0.014403,0.999970
2018-01-09,5.8203,5.8407,5.8134,5.8368,14133038,0.003379,40.439045,-0.132091,5.906535,6.235855,0.014549,0.999969
2018-01-10,5.8651,5.9353,5.8623,5.8983,9825046,0.010535,44.584483,-0.118769,5.883376,6.226145,0.014350,0.999968
2018-01-11,5.9113,5.9190,5.8978,5.9134,8973267,0.002552,45.582877,-0.105777,5.871146,6.212563,0.012752,0.999967
2018-01-12,5.9129,6.0153,5.9129,5.9958,11655444,0.013946,50.811852,-0.087814,5.864305,6.202238,0.013221,0.999968
2018-01-15,6.0070,6.0182,5.9855,6.0061,9865715,0.001714,51.438149,-0.071920,5.857609,6.195005,0.013226,0.999968
2018-01-16,6.0432,6.1214,6.0206,6.0864,11290638,0.013362,56.135024,-0.052245,5.861322,6.191447,0.012730,0.999968
2018-01-17,6.0421,6.2398,6.0421,6.1773,14119889,0.014948,60.767552,-0.028978,5.869692,6.188287,0.013118,0.999968
2018-01-18,6.1864,6.1864,6.0771,6.0970,14122982,-0.013000,55.223875,-0.016824,5.873691,6.182468,0.013511,0.999969
2018-01-19,6.1138,6.1138,5.8866,5.9191,11691079,-0.029183,45.351592,-0.021304,5.879275,6.172842,0.012766,0.999969
2018-01-22,5.9142,6.1070,5.9142,6.0734,18485468,0.026072,53.170805,-0.012261,5.896936,6.168638,0.013341,0.999970
2018-01-23,6.0495,6.1111,6.0495,6.1008,7138255,0.004512,54.418014,-0.002850,5.913942,6.163325,0.013313,0.999970
2018-01-24,6.0983,6.0983,5.9293,5.9315,12569730,-0.027757,46.224900,-0.008953,5.920572,6.157158,0.014935,0.999973
2018-01-25,5.9119,5.9119,5.8505,5.8620,16515016,-0.011708,43.343017,-0.019172,5.929137,6.147153,0.014524,0.999972
2018-01-26,5.8042,5.9405,5.8042,5.9379,11945187,0.012932,47.212181,-0.020913,5.940680,6.132466,0.014743,0.999972
2018-01-29,5.9474,5.9474,5.9026,5.9123,12412162,-0.004296,46.071972,-0.024073,5.946033,6.116428,0.014361,0.999973
2018-01-30,5.9466,5.9466,5.8084,5.8630,13344536,-0.008342,43.866224,-0.030209,5.945111,6.098066,0.014210,0.999973
2018-01-31,5.8401,6.0330,5.8401,6.0026,11340890,0.023810,51.014624,-0.023537,5.951570,6.083575,0.015171,0.999974
2018-02-01,6.0388,6.0388,5.8958,5.9010,9528007,-0.016925,46.385192,-0.026145,5.955136,6.071022,0.015597,0.999975
2018-02-02,5.8770,5.9147,5.7814,5.8248,8359714,-0.012911,43.217688,-0.033968,5.957843,6.058214,0.015711,0.999975
2018-02-05,5.8518,5.9255,5.8346,5.8465,6649317,0.003721,44.381221,-0.037981,5.959310,6.048153,0.015633,0.999975
2018-02-06,5.8517,5.8971,5.8517,5.8855,11066189,0.006666,46.503912,-0.037584,5.961743,6.041838,0.015683,0.999975
2018-02-07,5.8570,5.9929,5.8570,5.9366,10061740,0.008680,49.238844,-0.032769,5.963656,6.032918,0.015626,0.999974
2018-02-08,5.9588,6.0595,5.9588,6.0279,12609723,0.015386,53.787762,-0.021337,5.969384,6.025228,0.015977,0.999974
2018-02-09,6.0306,6.1435,6.0306,6.0485,9657809,0.003424,54.774004,-0.010491,5.972020,6.017100,0.015702,0.999971
2018-02-12,6.0615,6.1006,6.0615,6.0996,10425038,0.008434,57.205076,0.002196,5.976692,6.010616,0.015800,0.999971
2018-02-13,6.0734,6.0884,6.0600,6.0752,17317113,-0.003996,55.665478,0.010167,5.976134,6.003995,0.015553,0.999971
2018-02-14,6.0668,6.1402,6.0668,6.0825,10384359,0.001210,56.049720,0.016882,5.971393,5.995410,0.015158,0.999971
2018-02-15,6.0364,6.1117,6.0364,6.0944,7812074,0.001945,56.700198,0.022895,5.971260,5.987096,0.014884,0.999969
2018-02-16,6.0851,6.1272,6.0851,6.1179,11753875,0.003857,58.029132,0.029220,5.981199,5.978100,0.013203,0.999969
2018-02-19,6.1058,6.2051,6.1058,6.1969,10352547,0.012918,62.226498,0.040147,5.987373,5.971101,0.012218,0.999969
2018-02-20,6.2034,6.2790,6.1695,6.2557,12205291,0.009489,65.028916,0.052941,5.995117,5.966014,0.012341,0.999968
2018-02-21,6.2627,6.2853,6.2008,6.2610,11747234,0.000841,65.277172,0.062781,6.011591,5.964004,0.010279,0.999967
2018-02-22,6.2633,6.2633,6.1088,6.1786,14628032,-0.013148,58.303884,0.063209,6.027421,5.964418,0.010390,0.999967
2018-02-23,6.2305,6.2305,6.1266,6.1873,13917876,0.001398,58.801326,0.063512,6.039893,5.965510,0.010107,0.999968
2018-02-26,6.1670,6.2038,6.1632,6.1870,12382524,-0.000052,58.773353,0.063001,6.053624,5.966449,0.010010,0.999966
2018-02-27,6.1957,6.2963,6.1855,6.2083,11699322,0.003456,60.137722,0.063588,6.070891,5.970374,0.009691,0.999967
2018-02-28,6.2579,6.4638,6.2579,6.4408,10070870,0.037436,71.267823,0.081863,6.092798,5.978991,0.011540,0.999970
2018-03-01,6.4667,6.4667,6.3393,6.3869,9082316,-0.008355,66.628853,0.090956,6.117094,5.986389,0.010878,0.999970
2018-03-02,6.4240,6.4326,6.3815,6.4318,10165860,0.007029,68.472637,0.100625,6.147445,5.998877,0.010133,0.999970
2018-03-05,6.4297,6.5626,6.4297,6.5490,7813860,0.018213,72.709413,0.116398,6.182568,6.015453,0.010545,0.999971
2018-03-06,6.5655,6.5885,6.5403,6.5610,13436354,0.001830,73.107634,0.128385,6.216343,6.031458,0.010578,0.999973
2018-03-07,6.5737,6.8303,6.5737,6.8225,15008131,0.039855,79.973398,0.157174,6.260637,6.051929,0.013074,0.999970
2018-03-08,6.8338,6.8651,6.7727,6.7815,7698964,-0.006010,76.668234,0.174667,6.298315,6.073744,0.013231,0.999969
2018-03-09,6.7712,6.8510,6.7712,6.8185,8230917,0.005461,77.569925,0.189336,6.336813,6.095974,0.013218,0.999967
2018-03-12,6.8137,6.8137,6.7199,6.7306,12106749,-0.012888,70.597554,0.191661,6.368365,6.114480,0.013864,0.999968
2018-03-13,6.6982,6.7400,6.6769,6.6936,7865456,-0.005495,67.834067,0.188348,6.399288,6.130724,0.013919,0.999967
2018-03-14,6.6932,6.7542,6.6932,6.7230,10485445,0.004389,68.876344,0.185950,6.431311,6.147715,0.013892,0.999967
2018-03-15,6.7239,6.8603,6.7239,6.8191,8441550,0.014298,72.065593,0.189620,6.467550,6.167504,0.014018,0.999967
2018-03-16,6.7878,6.9170,6.7795,6.8561,6518085,0.005425,73.203550,0.193285,6.504462,6.189212,0.014011,0.999964
2018-03-19,6.8467,7.0717,6.8467,7.0022,12148481,0.021310,77.160917,0.205609,6.544728,6.212914,0.014357,0.999965
2018-03-20,7.0107,7.0120,6.9497,6.9920,7435280,-0.001459,76.312491,0.212106,6.581544,6.236018,0.014434,0.999965
2018-03-21,7.0033,7.0033,6.9394,6.9546,7790072,-0.005347,73.142303,0.211798,6.616227,6.257144,0.014609,0.999965
2018-03-22,6.9892,7.3216,6.9892,7.2756,8250278,0.046150,80.595583,0.234746,6.671074,6.284389,0.016543,0.999965
2018-03-23,7.2652,7.3287,7.2652,7.3264,8631666,0.006977,81.471414,0.254100,6.728028,6.310999,0.016466,0.999964
2018-03-26,7.3215,7.3215,7.2177,7.2407,18857072,-0.011687,75.297932,0.259537,6.780716,6.335692,0.016986,0.999965
2018-03-27,7.2330,7.2330,7.1527,7.1592,8209870,-0.011256,69.870918,0.254337,6.828260,6.357149,0.017505,0.999965
2018-03-28,7.1223,7.1223,7.0244,7.0495,10204529,-0.015332,63.258251,0.238609,6.858695,6.374592,0.016680,0.999966
2018-03-29,7.0760,7.2207,7.0760,7.1616,12197217,0.015907,66.723090,0.232512,6.897427,6.395883,0.016566,0.999967
2018-03-30,7.1881,7.2202,7.1000,7.1205,9862888,-0.005740,64.327949,0.221806,6.931859,6.419911,0.016764,0.999966
2018-04-02,7.1194,7.2306,7.1053,7.1370,10543567,0.002325,64.874848,0.212212,6.961262,6.441183,0.016490,0.999966
2018-04-03,7.1831,7.1831,7.1008,7.1308,12987096,-0.000880,64.471226,0.201775,6.989752,6.461782,0.016524,0.999967
2018-04-04,7.1326,7.2380,7.1326,7.2197,12265704,0.012472,67.550811,0.198394,7.009614,6.487546,0.014424,0.999968
2018-04-05,7.2001,7.2001,7.0695,7.1211,13272063,-0.013658,61.214790,0.185617,7.026596,6.512727,0.014771,0.999969
2018-04-06,7.1279,7.1279,6.9408,6.9964,9052924,-0.017503,54.283856,0.163548,7.035493,6.533899,0.015411,0.999970
2018-04-09,6.9949,7.0311,6.9861,7.0225,8771650,0.003717,55.418157,0.146469,7.050085,6.556101,0.015044,0.999968
2018-04-10,6.9880,7.1261,6.9880,7.0948,7462760,0.010308,58.504185,0.137193,7.070146,6.580738,0.015032,0.999968
2018-04-11,7.1075,7.1466,7.1075,7.1347,8833044,0.005622,60.141521,0.131544,7.090732,6.603380,0.015040,0.999967
2018-04-12,7.1621,7.1621,6.9952,7.0410,6369697,-0.013142,54.680052,0.118140,7.101824,6.626179,0.015214,0.999967
2018-04-13,7.0634,7.1610,7.0634,7.1222,14859970,0.011540,58.220659,0.112773,7.115128,6.652127,0.015353,0.999969
2018-04-16,7.1232,7.1257,7.0034,7.0364,9749990,-0.012044,53.470975,0.100440,7.116839,6.675925,0.014953,0.999968
2018-04-17,7.0189,7.0189,6.9770,6.9783,6116593,-0.008262,50.466223,0.084996,7.116153,6.697782,0.015073,0.999967
2018-04-18,6.9859,6.9859,6.8143,6.8706,15050671,-0.015437,45.377766,0.063334,7.111951,6.716462,0.015427,0.999968
2018-04-19,6.8987,7.0827,6.8987,7.0220,10248954,0.022033,52.609335,0.057716,7.099270,6.736343,0.012192,0.999969
2018-04-20,7.0245,7.1014,7.0245,7.0985,13573303,0.010896,55.794866,0.058760,7.087876,6.757342,0.012369,0.999970
2018-04-23,7.1057,7.1955,7.1057,7.1718,12045891,0.010332,58.663084,0.064759,7.084430,6.778787,0.012395,0.999971
2018-04-24,7.2050,7.3296,7.2050,7.3234,11576391,0.021141,63.880842,0.080817,7.092640,6.803752,0.013004,0.999971
2018-04-25,7.3117,7.6869,7.3117,7.6753,17388380,0.048043,72.542233,0.120543,7.123930,6.835607,0.016111,0.999973
2018-04-26,7.6970,7.6970,7.4360,7.4622,12691839,-0.027767,62.729748,0.133293,7.138958,6.862962,0.017377,0.999975
2018-04-27,7.4297,7.4297,7.3430,7.3727,17340306,-0.011991,59.114198,0.134625,7.151568,6.888058,0.017582,0.999975
2018-04-30,7.3777,7.3777,7.2402,7.3004,7918271,-0.009803,56.291878,0.128370,7.159736,6.910128,0.017774,0.999974
2018-05-01,7.3179,7.3179,7.1424,7.1996,11004197,-0.013801,52.527163,0.113968,7.163180,6.929007,0.018089,0.999975
2018-05-02,7.2105,7.2105,7.0388,7.0753,11508540,-0.017270,48.239517,0.091468,7.155961,6.945294,0.018286,0.999973
2018-05-03,7.0867,7.1038,7.0335,7.0420,8858246,-0.004708,47.129599,0.070140,7.152006,6.962561,0.018064,0.999973
2018-05-04,7.0309,7.0309,6.8411,6.9035,12388504,-0.019672,42.726723,0.041580,7.147358,6.976885,0.018178,0.999974
2018-05-07,6.8973,7.0051,6.8973,6.9438,6946385,0.005848,44.358044,0.021950,7.143428,6.992023,0.018211,0.999974
2018-05-08,6.9301,7.0135,6.9015,6.9520,12023199,0.001176,44.701064,0.006972,7.136286,7.006896,0.018042,0.999974
2018-05-09,6.9509,7.0190,6.9509,7.0084,8430114,0.008109,47.125089,-0.000346,7.129968,7.018248,0.018097,0.999973
2018-05-10,6.9870,7.0704,6.9870,7.0694,13980531,0.008702,49.694227,-0.001210,7.131388,7.031896,0.017968,0.999974
2018-05-11,7.0164,7.1435,7.0164,7.1420,9135454,0.010271,52.644580,0.003919,7.132376,7.046099,0.017928,0.999974
2018-05-14,7.1330,7.1330,7.0576,7.0997,7838718,-0.005919,50.777409,0.004521,7.135539,7.057113,0.017758,0.999976
2018-05-15,7.0873,7.4380,7.0873,7.3560,12154388,0.036105,60.033582,0.025388,7.154426,7.073015,0.019298,0.999977
2018-05-16,7.3632,7.3892,7.3296,7.3870,15496627,0.004216,60.989381,0.043922,7.180249,7.084307,0.018814,0.999978
2018-05-17,7.3656,7.3656,7.0881,7.1645,16426619,-0.030131,51.474639,0.040187,7.187374,7.091967,0.019745,0.999977
2018-05-18,7.1702,7.1702,7.0389,7.0478,11781276,-0.016278,47.309839,0.027499,7.184842,7.096554,0.019976,0.999978
2018-05-21,6.9956,6.9956,6.8382,6.8489,11600151,-0.028228,41.187774,0.001375,7.168696,7.098919,0.020755,0.999979
2018-05-22,6.8575,6.9297,6.8172,6.8516,12195332,0.000399,41.300046,-0.018891,7.145106,7.102079,0.020038,0.999978
2018-05-23,6.8641,6.8748,6.8334,6.8397,11570646,-0.001747,40.931111,-0.035508,7.103325,7.104412,0.016039,0.999976
2018-05-24,6.7966,6.7966,6.7582,6.7883,6947738,-0.007506,39.309306,-0.052219,7.069633,7.103796,0.015184,0.999976
2018-05-25,6.7644,7.0291,6.7644,7.0209,7578357,0.034259,49.139832,-0.046164,7.052043,7.107091,0.017366,0.999979
2018-05-28,6.9884,7.1427,6.9590,7.0860,13163232,0.009270,51.507059,-0.035702,7.041321,7.108765,0.017456,0.999979
2018-05-29,7.1238,7.1955,7.1156,7.1731,9353552,0.012292,54.555504,-0.020151,7.039991,7.112386,0.017451,0.999979
2018-05-30,7.1954,7.1954,7.0078,7.0649,22530361,-0.015075,50.325789,-0.016363,7.039471,7.114592,0.017343,0.999978
2018-05-31,7.0676,7.0676,6.9334,6.9506,9762754,-0.016188,46.242258,-0.022332,7.034899,7.108091,0.017696,0.999978
2018-06-01,6.9596,7.0251,6.9539,6.9560,11526507,0.000786,46.465837,-0.026317,7.037527,7.100685,0.017112,0.999979
2018-06-04,6.9654,7.0253,6.9350,6.9770,11589420,0.003018,47.371333,-0.027465,7.039186,7.095411,0.017077,0.999978
2018-06-05,7.0085,7.0085,6.7486,6.7671,6102079,-0.030090,40.072904,-0.044799,7.029940,7.087568,0.018381,0.999979
2018-06-06,6.7730,6.7852,6.7226,6.7480,13439886,-0.002825,39.476474,-0.059393,7.016919,7.081538,0.018252,0.999979
2018-06-07,6.7616,6.7616,6.7275,6.7504,7759634,0.000353,39.597053,-0.069961,7.000968,7.073313,0.018096,0.999978
2018-06-08,6.7780,6.7912,6.7260,6.7282,9260327,-0.003274,38.823794,-0.079207,6.980282,7.065468,0.017858,0.999979
2018-06-11,6.7491,6.7491,6.6351,6.6380,7495348,-0.013419,35.752392,-0.092750,6.957195,7.055487,0.018005,0.999977
2018-06-12,6.5937,6.6461,6.4813,6.5804,9666686,-0.008670,33.910789,-0.106894,6.918414,7.044480,0.015465,0.999978
2018-06-13,6.6196,6.6196,6.5582,6.5625,8224211,-0.002717,33.336289,-0.118184,6.877189,7.031336,0.015314,0.999978
2018-06-14,6.5947,6.5947,6.5680,6.5742,10967188,0.001783,34.122766,-0.124750,6.847678,7.020399,0.014271,0.999976
2018-06-15,6.5550,6.6522,6.5550,6.6416,19096228,0.010251,38.615409,-0.123096,6.827367,7.013303,0.014321,0.999977
2018-06-18,6.6796,6.7895,6.6796,6.7631,7565998,0.018289,45.791348,-0.110707,6.823077,7.008116,0.013752,0.999977
2018-06-19,6.7432,6.7432,6.6964,6.7325,14344159,-0.004531,44.381739,-0.102184,6.817119,7.000868,0.013778,0.999977
2018-06-20,6.7387,6.7387,6.6615,6.6830,14346731,-0.007348,42.127242,-0.098288,6.809286,6.991834,0.013855,0.999976
2018-06-21,6.6706,6.7346,6.6706,6.7333,12252043,0.007526,45.176292,-0.090104,6.806534,6.985680,0.013895,0.999976
2018-06-22,6.7439,6.8520,6.7275,6.8028,18382083,0.010324,49.163003,-0.077119,6.795630,6.979291,0.011602,0.999976
2018-06-25,6.8178,6.8178,6.6930,6.7549,6543976,-0.007044,46.644975,-0.069890,6.779076,6.973660,0.011376,0.999975
2018-06-26,6.7845,6.8551,6.7845,6.8473,10667769,0.013684,51.776102,-0.056055,6.762789,6.971040,0.011474,0.999974
2018-06-27,6.8510,6.9634,6.8510,6.9618,19349707,0.016720,57.258573,-0.035445,6.757633,6.972864,0.011802,0.999974
2018-06-28,6.9813,7.1840,6.9813,7.1145,14129947,0.021938,63.259521,-0.006710,6.765831,6.974716,0.012235,0.999975
2018-06-29,7.1079,7.3626,7.1079,7.3287,8829743,0.030108,69.687530,0.032968,6.784466,6.979321,0.013831,0.999976
2018-07-02,7.3340,7.3340,7.2241,7.2256,9388823,-0.014068,63.893051,0.055453,6.796897,6.980397,0.014329,0.999978
2018-07-03,7.2216,7.2325,7.2216,7.2282,8469238,0.000350,63.972103,0.072640,6.819950,6.978492,0.012219,0.999978
2018-07-04,7.2185,7.2984,7.1565,7.2315,8937242,0.000456,64.082584,0.085541,6.844124,6.969615,0.012153,0.999979
2018-07-05,7.2160,7.2642,7.2119,7.2213,11158228,-0.001408,63.435232,0.093861,6.867670,6.964798,0.012184,0.999978
2018-07-06,7.2000,7.2000,7.1358,7.1452,9863734,-0.010528,58.670895,0.093245,6.888520,6.960249,0.012499,0.999978
2018-07-09,7.1838,7.1838,6.9362,6.9722,6899956,-0.024218,49.548731,0.077896,6.905231,6.953685,0.013446,0.999979
2018-07-10,6.9796,7.0274,6.9560,6.9847,10759312,0.001788,50.150211,0.065977,6.925444,6.949385,0.013188,0.999979
2018-07-11,6.9716,6.9716,6.8834,6.8983,10604171,-0.012359,46.056533,0.049001,6.942234,6.945846,0.013581,0.999979
2018-07-12,6.9323,6.9802,6.8864,6.9106,10402860,0.001784,46.724199,0.036124,6.959055,6.943219,0.013581,0.999978
2018-07-13,6.8938,6.8938,6.7538,6.8207,10105826,-0.013010,42.578002,0.018451,6.968010,6.941564,0.013883,0.999978
2018-07-16,6.7914,6.7914,6.6807,6.6985,14574382,-0.017926,37.681003,-0.005359,6.964779,6.936657,0.013929,0.999978
2018-07-17,6.7293,6.7383,6.6943,6.7272,9084002,0.004291,39.444130,-0.021660,6.964517,6.932161,0.013930,0.999977
2018-07-18,6.7555,6.7562,6.7103,6.7460,6946428,0.002791,40.625662,-0.032687,6.967666,6.926913,0.013831,0.999975
2018-07-19,6.7188,6.8656,6.7188,6.8132,9344372,0.009966,44.781134,-0.035591,6.971663,6.921790,0.013906,0.999974
2018-07-20,6.8206,7.0705,6.8206,7.0660,16111651,0.037105,56.974978,-0.017293,6.984825,6.920271,0.016013,0.999976
2018-07-23,7.0305,7.1142,7.0289,7.0992,5917358,0.004699,58.278065,-0.000112,7.002042,6.920261,0.015878,0.999976
2018-07-24,7.0995,7.1904,7.0995,7.1577,10045967,0.008233,60.543572,0.018013,7.017560,6.916294,0.015724,0.999975
2018-07-25,7.1588,7.1588,6.9399,7.0322,13537353,-0.017525,53.792609,0.022002,7.021082,6.909198,0.015938,0.999978
2018-07-26,7.0620,7.0620,6.8749,6.8854,10629086,-0.020877,47.163940,0.013165,7.009627,6.903617,0.015800,0.999978
2018-07-27,6.8861,7.0912,6.8861,7.0702,9378841,0.026836,54.725836,0.020831,6.996701,6.904064,0.015468,0.999979
2018-07-30,7.0770,7.0770,6.9474,6.9631,7086033,-0.015151,50.237022,0.018055,6.983573,6.906348,0.015516,0.999979
2018-07-31,6.9085,6.9085,6.7999,6.8448,13322124,-0.016983,45.773463,0.006241,6.964407,6.906212,0.015873,0.999979
2018-08-01,6.8885,6.8926,6.8424,6.8425,12344328,-0.000344,45.686360,-0.003274,6.944958,6.906268,0.015866,0.999980
2018-08-02,6.8230,6.9027,6.8040,6.8341,10247901,-0.001219,45.357217,-0.011358,6.925601,6.907185,0.015867,0.999980
2018-08-03,6.8316,6.8316,6.6868,6.7348,13632759,-0.014537,41.521502,-0.025486,6.905077,6.901463,0.015997,0.999979
2018-08-06,6.7309,6.7309,6.6299,6.7025,18157336,-0.004788,40.329395,-0.038838,6.891594,6.893794,0.015200,0.999979
2018-08-07,6.6982,6.8626,6.6982,6.8423,6993993,0.020853,47.381464,-0.037706,6.884476,6.887179,0.016017,0.999979
2018-08-08,6.8563,6.8563,6.7378,6.7522,13207568,-0.013163,43.789981,-0.043574,6.877171,6.880926,0.016048,0.999979
2018-08-09,6.7833,6.7833,6.5945,6.5992,12028517,-0.022663,38.456347,-0.059883,6.861599,6.873899,0.016745,0.999980
2018-08-10,6.5669,6.7246,6.5669,6.7031,9199786,0.015751,43.491010,-0.063686,6.855719,6.868841,0.016998,0.999978
2018-08-13,6.6876,6.8228,6.6876,6.7592,9889284,0.008363,46.054249,-0.061468,6.858756,6.864485,0.016610,0.999977
2018-08-14,6.8127,6.8127,6.6909,6.6915,20340668,-0.010016,43.488788,-0.064430,6.856971,6.862973,0.016750,0.999978
2018-08-15,6.7066,6.7066,6.4988,6.5195,10278903,-0.025705,37.736983,-0.079738,6.845647,6.858404,0.017674,0.999979
2018-08-16,6.4946,6.4946,6.4059,6.4404,11977807,-0.012136,35.416511,-0.097135,6.827005,6.852205,0.017607,0.999979
2018-08-17,6.4197,6.5006,6.3643,6.4369,9281081,-0.000536,35.314406,-0.109933,6.795551,6.846378,0.014942,0.999978
2018-08-20,6.4190,6.5704,6.4190,6.5642,13142894,0.019777,41.955337,-0.108552,6.768801,6.844904,0.015789,0.999979
2018-08-21,6.5377,6.5377,6.4281,6.4542,13749113,-0.016764,38.295399,-0.115011,6.733627,6.842379,0.015777,0.999979
2018-08-22,6.4244,6.4560,6.4244,6.4461,13335913,-0.001247,38.033994,-0.119404,6.704322,6.840051,0.015517,0.999978
2018-08-23,6.4056,6.5981,6.4056,6.5205,6996117,0.011535,41.973787,-0.115552,6.686075,6.838976,0.015378,0.999978
2018-08-24,6.5089,6.5089,6.2394,6.2698,16159093,-0.038443,34.102389,-0.131214,6.646057,6.831540,0.015724,0.999978
2018-08-27,6.2480,6.4092,6.2480,6.3791,15580859,0.017431,39.435334,-0.133271,6.616859,6.823861,0.016386,0.999978
2018-08-28,6.3458,6.3458,6.2182,6.2566,8652156,-0.019206,35.925398,-0.143138,6.587448,6.814344,0.016484,0.999978
2018-08-29,6.2583,6.3404,6.2583,6.2927,10735804,0.005768,37.684815,-0.146358,6.559959,6.806538,0.016618,0.999978
2018-08-30,6.2691,6.3514,6.2691,6.3194,8748156,0.004238,39.017392,-0.145085,6.534221,6.798259,0.016712,0.999979
2018-08-31,6.2745,6.4635,6.2745,6.4350,8695574,0.018300,44.554479,-0.133210,6.519232,6.790904,0.017204,0.999979
2018-09-03,6.4464,6.5027,6.4464,6.4951,8125976,0.009344,47.237037,-0.117591,6.508862,6.785709,0.017379,0.999981
2018-09-04,6.5129,6.5129,6.2399,6.2458,11773562,-0.038390,38.844160,-0.123905,6.479036,6.773678,0.018401,0.999981
2018-09-05,6.2192,6.2192,6.1569,6.1654,14887608,-0.012865,36.588204,-0.133849,6.449696,6.757751,0.018393,0.999980
2018-09-06,6.1472,6.1963,6.1338,6.1815,10648138,0.002601,37.369874,-0.138836,6.428810,6.739090,0.017933,0.999980
2018-09-07,6.1637,6.1676,6.1473,6.1635,9209236,-0.002902,36.822877,-0.142592,6.401829,6.715786,0.017377,0.999980
2018-09-10,6.1640,6.2173,6.1640,6.2134,7244489,0.008098,39.476834,-0.139928,6.374540,6.695542,0.017367,0.999979
2018-09-11,6.2282,6.3445,6.2282,6.2955,8721332,0.013206,43.666743,-0.129701,6.354740,6.676889,0.017720,0.999978
2018-09-12,6.3248,6.3689,6.3138,6.3609,9839034,0.010381,46.824388,-0.114996,6.346807,6.659477,0.017102,0.999979
2018-09-13,6.3463,6.3587,6.3301,6.3404,8000147,-0.003222,45.954420,-0.103800,6.341806,6.641859,0.016914,0.999978
2018-09-14,6.3020,6.3020,6.1481,6.1504,7944400,-0.029961,38.765638,-0.109000,6.327479,6.621962,0.018139,0.999979
2018-09-17,6.2121,6.2121,6.0697,6.1052,7526478,-0.007347,37.271990,-0.115436,6.304527,6.604622,0.017416,0.999980
2018-09-18,6.1381,6.2329,6.1225,6.1493,11569933,0.007225,39.713899,-0.115644,6.289284,6.587915,0.017278,0.999982
2018-09-19,6.1509,6.1509,6.0265,6.0414,9623640,-0.017550,36.019588,-0.123098,6.269047,6.570776,0.017608,0.999981
2018-09-20,6.0668,6.1319,6.0668,6.1056,8881096,0.010629,39.618832,-0.122413,6.248302,6.554675,0.017570,0.999981
2018-09-21,6.1163,6.2545,6.1163,6.1987,7052501,0.015252,44.495382,-0.113052,6.244748,6.542235,0.015915,0.999980
2018-09-24,6.2144,6.2255,6.1967,6.2141,12457926,0.002475,45.279475,-0.103206,6.236495,6.532547,0.015372,0.999979
2018-09-25,6.2202,6.2202,5.8971,5.9065,8911437,-0.049501,34.696338,-0.118854,6.218989,6.516132,0.018429,0.999982
2018-09-26,5.9283,5.9283,5.7736,5.7832,10531078,-0.020878,31.516175,-0.139596,6.193512,6.496876,0.018744,0.999982
2018-09-27,5.7675,5.9861,5.7675,5.9687,14630863,0.032083,40.371927,-0.139456,6.175979,6.479985,0.020357,0.999982
2018-09-28,5.9780,5.9780,5.8931,5.9168,9446310,-0.008703,38.857002,-0.141900,6.150066,6.457000,0.019781,0.999982
2018-10-01,5.8899,5.8899,5.6238,5.7261,11404842,-0.032224,33.837957,-0.157407,6.111614,6.429537,0.020477,0.999982
2018-10-02,5.6954,5.8648,5.6954,5.8463,11367527,0.020988,39.171476,-0.158176,6.091638,6.403309,0.019840,0.999982
2018-10-03,5.8599,5.8599,5.8338,5.8491,14682235,0.000487,39.296441,-0.156749,6.075822,6.379647,0.019719,0.999982
2018-10-04,5.8396,5.9892,5.8396,5.9587,24887457,0.018728,44.054312,-0.145105,6.064682,6.361112,0.020258,0.999983
2018-10-05,5.9681,6.0763,5.9640,5.9867,11901695,0.004704,45.237073,-0.132093,6.055840,6.339442,0.020305,0.999983
2018-10-08,6.0253,6.0882,5.9838,6.0337,5473655,0.007858,47.252588,-0.116641,6.046855,6.320855,0.020299,0.999983
2018-10-09,6.0504,6.1296,6.0504,6.0710,11383128,0.006181,48.859668,-0.100230,6.035632,6.305379,0.020095,0.999984
2018-10-10,6.0895,6.2086,6.0895,6.1434,8507063,0.011914,51.919162,-0.080460,6.024758,6.291397,0.020146,0.999984
2018-10-11,6.1264,6.4151,6.1264,6.3808,13762675,0.038644,60.311598,-0.045115,6.026779,6.282330,0.022048,0.999984
2018-10-12,6.3962,6.5423,6.3962,6.4861,10114788,0.016507,63.366681,-0.008507,6.043564,6.277357,0.021091,0.999984
2018-10-15,6.5099,6.5099,6.3150,6.3207,9846798,-0.025495,56.069241,0.007080,6.054341,6.269721,0.021928,0.999984
2018-10-16,6.3415,6.3925,6.3415,6.3683,9604062,0.007529,57.583136,0.023007,6.065291,6.260241,0.021932,0.999984
2018-10-17,6.3762,6.5693,6.3762,6.4926,14097572,0.019516,61.331075,0.045138,6.087852,6.255049,0.021760,0.999983
2018-10-18,6.4819,6.6748,6.4819,6.6254,13035226,0.020459,64.900716,0.072560,6.113844,6.255573,0.022031,0.999983
2018-10-19,6.5751,6.6221,6.5604,6.5800,10874610,-0.006864,62.764603,0.089589,6.132905,6.253110,0.022008,0.999982
2018-10-22,6.5522,6.7391,6.5522,6.7104,9724434,0.019815,66.199704,0.112311,6.157719,6.252132,0.022317,0.999983
2018-10-23,6.6924,6.8247,6.6924,6.8161,10381657,0.015754,68.719430,0.137267,6.203199,6.254624,0.018516,0.999983
2018-10-24,6.8040,7.1197,6.8040,7.1153,9052588,0.043905,74.511882,0.179127,6.269808,6.266540,0.018979,0.999982
2018-10-25,7.1349,7.1349,7.0134,7.0281,16859725,-0.012254,70.420253,0.202926,6.322779,6.278295,0.018925,0.999981
2018-10-26,7.0697,7.0697,6.9192,6.9714,12368326,-0.008079,67.809016,0.214731,6.375510,6.288984,0.018896,0.999981
2018-10-29,6.9744,7.0057,6.8981,6.9376,9825468,-0.004849,66.234335,0.218836,6.436083,6.296450,0.016657,0.999981
2018-10-30,6.9158,6.9187,6.7614,6.8826,13164509,-0.007926,63.645000,0.215172,6.487897,6.305018,0.016886,0.999981
2018-10-31,6.9253,6.9253,6.7644,6.7831,20251139,-0.014456,59.139962,0.201912,6.534595,6.311756,0.017568,0.999981
2018-11-01,6.7851,6.7851,6.4780,6.4803,22024072,-0.044631,48.005717,0.165072,6.560678,6.310953,0.020857,0.999982
2018-11-02,6.4915,6.4915,6.4077,6.4352,9284796,-0.006961,46.597953,0.130729,6.583104,6.314261,0.021011,0.999983
2018-11-05,6.4560,6.5195,6.4424,6.4750,9500812,0.006178,48.043979,0.105504,6.605166,6.316178,0.020997,0.999982
2018-11-06,6.4839,6.4839,6.4220,6.4238,10742833,-0.007897,46.307058,0.080460,6.622807,6.319523,0.021146,0.999982
2018-11-07,6.3782,6.6565,6.3782,6.6351,13958587,0.032884,53.746526,0.076772,6.647393,6.326371,0.022108,0.999982
2018-11-08,6.6460,6.6940,6.6171,6.6377,11576184,0.000392,53.831444,0.073216,6.660238,6.332737,0.020561,0.999982
2018-11-09,6.6700,6.8196,6.6700,6.7825,13738397,0.021822,58.406163,0.081150,6.675060,6.339688,0.020789,0.999982
2018-11-12,6.7785,6.8883,6.7785,6.8121,6612053,0.004357,59.292325,0.088799,6.699628,6.346027,0.019722,0.999981
2018-11-13,6.8184,6.9709,6.8184,6.9072,11814535,0.013968,62.092890,0.101370,6.726574,6.359256,0.019836,0.999980
2018-11-14,6.9340,6.9694,6.9316,6.9405,15995284,0.004813,63.049450,0.112716,6.748968,6.374757,0.019511,0.999981
2018-11-15,6.9323,7.1307,6.9323,7.1009,10699895,0.023116,67.333370,0.133119,6.772742,6.393146,0.019641,0.999981
2018-11-16,7.1146,7.1243,7.0695,7.1079,7107263,0.000977,67.508699,0.148141,6.799137,6.412033,0.019498,0.999979
2018-11-19,7.0757,7.1936,7.0757,7.1662,11547860,0.008208,69.015457,0.162876,6.821929,6.431088,0.019174,0.999977
2018-11-20,7.1316,7.2298,7.1316,7.2111,10606388,0.006262,70.161703,0.176144,6.841679,6.449399,0.018970,0.999977
2018-11-21,7.2143,7.2143,7.1445,7.1778,16240899,-0.004620,68.146166,0.181874,6.844801,6.465737,0.016389,0.999977
2018-11-22,7.2367,7.2518,7.2135,7.2279,8033554,0.006985,69.563287,0.188290,6.854789,6.483488,0.016160,0.999977
2018-11-23,7.2428,7.5408,7.2428,7.5022,5595035,0.037944,75.883620,0.213050,6.881329,6.510524,0.017903,0.999978
2018-11-26,7.5138,7.5232,7.4088,7.4705,12716114,-0.004219,73.974388,0.227495,6.907976,6.537830,0.017888,0.999978
2018-11-27,7.4655,7.6184,7.4655,7.5239,12449196,0.007149,75.112263,0.240481,6.940043,6.565321,0.017681,0.999977
2018-11-28,7.5488,7.6842,7.5488,7.6832,12955447,0.021168,78.176367,0.260619,6.985049,6.598157,0.017452,0.999977
2018-11-29,7.6668,7.8374,7.6668,7.8321,11224024,0.019379,80.583165,0.285305,7.052636,6.632686,0.012870,0.999978
2018-11-30,7.8600,7.9109,7.8088,7.8358,10197267,0.000476,80.640682,0.301692,7.122664,6.665428,0.012467,0.999978
2018-12-03,7.8008,7.8008,7.5152,7.5336,8627326,-0.038571,64.058765,0.286982,7.175594,6.691817,0.016535,0.999979
2018-12-04,7.5381,7.6318,7.5381,7.5993,10363176,0.008728,65.710729,0.277432,7.234367,6.725674,0.016121,0.999980
2018-12-05,7.5932,7.5932,7.2675,7.3270,9805311,-0.035834,54.532087,0.245066,7.268963,6.756551,0.017890,0.999980
2018-12-06,7.3242,7.5387,7.3242,7.5092,21246452,0.024868,59.497121,0.231450,7.312539,6.787362,0.018379,0.999980
2018-12-07,7.4911,7.5508,7.4391,7.5308,10621525,0.002869,60.052641,0.219863,7.349950,6.819642,0.018025,0.999979
2018-12-10,7.5930,7.6931,7.5930,7.6591,4344395,0.017039,63.282488,0.218516,7.392300,6.858301,0.018208,0.999978
2018-12-11,7.7084,7.7084,7.5322,7.5461,9414553,-0.014749,58.776981,0.205959,7.424243,6.892298,0.018676,0.999978
2018-12-12,7.5482,7.5482,7.3062,7.3549,14086738,-0.025339,52.025079,0.178520,7.444964,6.922414,0.019839,0.999979
2018-12-13,7.3653,7.4157,7.3288,7.3873,15464169,0.004402,53.009375,0.157571,7.459282,6.950986,0.019278,0.999979
2018-12-14,7.3942,7.4069,7.2982,7.3856,9574415,-0.000226,52.949152,0.139229,7.473169,6.978964,0.019284,0.999979
2018-12-17,7.4389,7.4389,7.2868,7.3278,10773406,-0.007828,50.793410,0.118660,7.481249,7.004845,0.019349,0.999979
2018-12-18,7.2782,7.3632,7.2782,7.3411,10549648,0.001810,51.283450,0.102251,7.487749,7.030246,0.019315,0.999977
2018-12-19,7.2960,7.7278,7.2960,7.6853,16545437,0.046895,61.891711,0.115692,7.513127,7.061085,0.021792,0.999978
2018-12-20,7.6742,7.8140,7.6742,7.7944,11470072,0.014189,64.526627,0.133602,7.541450,7.089357,0.021909,0.999978
2018-12-21,7.7997,7.9641,7.7997,7.9329,11941119,0.017773,67.592218,0.157163,7.562987,7.118293,0.020695,0.999978
2018-12-24,7.9607,8.0844,7.9607,8.0473,7933234,0.014416,69.904501,0.182954,7.591825,7.152823,0.020773,0.999977
2018-12-25,8.0436,8.2849,8.0436,8.2482,10439165,0.024970,73.484429,0.217105,7.628039,7.190421,0.021294,0.999977
2018-12-26,8.2718,8.2718,8.2120,8.2234,10587811,-0.003008,72.340194,0.239409,7.655050,7.225036,0.021001,0.999977
2018-12-27,8.2690,8.2690,7.8915,7.9492,18606343,-0.033338,61.031822,0.232285,7.660908,7.251512,0.022193,0.999978
2018-12-28,7.9705,7.9705,7.8067,7.9270,11536725,-0.002796,60.210201,0.222284,7.665468,7.278453,0.022209,0.999979
2018-12-31,7.9303,8.0700,7.9303,8.0355,14760731,0.013688,62.840731,0.220571,7.690566,7.304956,0.020325,0.999978
2019-01-01,8.0288,8.0288,7.9039,7.9095,10335991,-0.015682,58.041856,0.206663,7.706076,7.326825,0.020719,0.999979
2019-01-02,7.9569,8.0014,7.8606,7.8878,13992820,-0.002744,57.231193,0.191680,7.734116,7.342275,0.018749,0.999979
2019-01-03,7.8879,7.8879,7.7818,7.8014,14670333,-0.010953,53.998009,0.170865,7.748726,7.357740,0.018344,0.999977
2019-01-04,7.8245,8.0009,7.8245,8.0003,11117842,0.025493,59.649024,0.168475,7.772202,7.378319,0.019078,0.999977
2019-01-07,7.9786,8.1232,7.9786,8.1034,11276114,0.012894,62.239955,0.172911,7.794420,7.401636,0.018942,0.999977
2019-01-08,8.0739,8.2907,8.0739,8.1939,6479470,0.011163,64.398857,0.181632,7.826810,7.427863,0.018547,0.999977
2019-01-09,8.2130,8.2928,8.2130,8.2801,8228120,0.010524,66.372621,0.193274,7.873072,7.457805,0.017217,0.999978
2019-01-10,8.3016,8.3016,8.2654,8.2763,11304744,-0.000457,66.199107,0.199891,7.917525,7.493725,0.017277,0.999978
2019-01-11,8.2754,8.3146,8.2754,8.3042,11909129,0.003370,66.886033,0.205022,7.963457,7.531105,0.017229,0.999977
2019-01-14,8.3307,8.3307,8.0776,8.1440,11232788,-0.019293,59.417031,0.193925,8.004268,7.564486,0.017892,0.999978
2019-01-15,8.1194,8.1194,7.8527,7.8555,13815242,-0.035425,48.840478,0.160007,8.029992,7.593120,0.020092,0.999979
2019-01-16,7.8490,7.9705,7.8368,7.8760,9163049,0.002610,49.528188,0.133245,8.039527,7.617939,0.017316,0.999980
2019-01-17,7.8770,7.9709,7.8180,7.9197,15535552,0.005546,51.038097,0.114244,8.045795,7.643580,0.017086,0.999980
2019-01-18,7.8912,8.1723,7.8912,8.0812,5516728,0.020389,56.248568,0.110936,8.053210,7.669553,0.017231,0.999980
2019-01-21,8.1011,8.3592,8.1011,8.2950,15727511,0.026458,62.012923,0.124137,8.065598,7.699211,0.017918,0.999981
2019-01-22,8.3083,8.5345,8.3083,8.5154,9513318,0.026568,66.859665,0.150645,8.078957,7.731374,0.018031,0.999981
2019-01-23,8.4413,8.4413,8.2990,8.3771,11496990,-0.016245,61.551089,0.158662,8.086641,7.760105,0.018453,0.999981
2019-01-24,8.3706,8.3901,8.2975,8.3307,20467100,-0.005538,59.835295,0.159434,8.105712,7.784700,0.016685,0.999979
2019-01-25,8.3325,8.4037,8.3325,8.4008,20439748,0.008421,61.579445,0.163818,8.129403,7.810559,0.016687,0.999978
2019-01-28,8.4109,8.8253,8.4109,8.7632,10577925,0.043133,69.054599,0.194292,8.165785,7.842499,0.018837,0.999979
2019-01-29,8.7474,9.0687,8.7474,8.9839,11178480,0.025191,72.557527,0.233563,8.219506,7.877956,0.018748,0.999978
2019-01-30,8.9848,9.2121,8.9848,9.1521,12467987,0.018716,74.889101,0.275082,8.282719,7.917442,0.018801,0.999977
2019-01-31,9.1879,9.1879,9.0574,9.0962,12619776,-0.006101,72.680712,0.300022,8.347460,7.954809,0.018579,0.999977
2019-02-01,9.1148,9.1148,8.9486,8.9671,6828054,-0.014199,67.706979,0.305840,8.395799,7.984107,0.018717,0.999977
2019-02-04,8.9796,9.1169,8.9796,9.0869,13841739,0.013361,69.773369,0.316471,8.444971,8.016435,0.018726,0.999979
2019-02-05,9.0900,9.0900,8.9201,8.9242,11949423,-0.017903,63.803376,0.308215,8.481486,8.044440,0.019413,0.999979
2019-02-06,8.9558,8.9674,8.8799,8.8918,9350966,-0.003625,62.655294,0.295654,8.512072,8.068614,0.019438,0.999979
2019-02-07,8.9018,8.9018,8.8680,8.8779,12903825,-0.001570,62.135569,0.281330,8.542148,8.089530,0.019452,0.999979
2019-02-08,8.8949,9.1226,8.8949,9.1174,15406702,0.026980,67.166628,0.286008,8.582807,8.115162,0.020136,0.999980
2019-02-11,9.0907,9.0907,9.0075,9.0662,8387632,-0.005614,65.173779,0.282331,8.628916,8.145815,0.019494,0.999982
2019-02-12,9.0436,9.0436,8.6684,8.7074,23091527,-0.039583,53.245368,0.247605,8.671508,8.167976,0.019970,0.999984
2019-02-13,8.6464,8.8002,8.6464,8.7844,18418117,0.008844,55.142687,0.223720,8.716924,8.197123,0.019974,0.999984
2019-02-14,8.7693,8.7693,8.6744,8.6860,10183427,-0.011198,52.227202,0.194610,8.755238,8.220659,0.020327,0.999984
2019-02-15,8.6670,8.6979,8.6270,8.6940,7772277,0.000926,52.448672,0.170227,8.785881,8.243925,0.020006,0.999983
2019-02-18,8.7089,8.7089,8.6038,8.6828,8326113,-0.001293,52.085420,0.148287,8.805271,8.264399,0.019305,0.999983
2019-02-19,8.6551,8.6689,8.6382,8.6444,11315903,-0.004423,50.791016,0.126344,8.811721,8.286365,0.018495,0.999982
2019-02-20,8.5968,8.7994,8.5968,8.7600,13320420,0.013370,54.458754,0.116931,8.830867,8.314466,0.018233,0.999982
2019-02-21,8.7498,8.7498,8.5301,8.5400,12381845,-0.025106,47.242746,0.090680,8.841336,8.337522,0.019181,0.999982
2019-02-22,8.5752,8.5752,8.4678,8.4702,9188551,-0.008175,45.195378,0.063511,8.844806,8.359214,0.019221,0.999982
2019-02-25,8.4178,8.5815,8.4178,8.5684,16835420,0.011587,48.569554,0.049329,8.835066,8.384026,0.016671,0.999981
2019-02-26,8.5415,8.5427,8.4636,8.4836,7511902,-0.009891,45.939336,0.030896,8.810051,8.406877,0.015582,0.999981
2019-02-27,8.4805,8.4805,8.2594,8.2610,18872883,-0.026237,39.837430,-0.001655,8.765499,8.418391,0.015565,0.999982
2019-02-28,8.2713,8.4621,8.2713,8.3563,9951718,0.011532,43.308212,-0.019539,8.728503,8.429630,0.015993,0.999981
2019-03-01,8.3724,8.5518,8.3724,8.5145,14847408,0.018930,48.609481,-0.020710,8.705873,8.441261,0.016597,0.999982
2019-03-04,8.5402,8.5402,8.4432,8.5097,8658161,-0.000559,48.462631,-0.021771,8.677015,8.450511,0.016186,0.999982
2019-03-05,8.5601,8.5601,8.1746,8.2386,19075799,-0.031866,40.884539,-0.043986,8.642733,8.450318,0.017129,0.999983
2019-03-06,8.2190,8.4396,8.2190,8.3369,11156120,0.011937,44.287138,-0.053044,8.614985,8.452588,0.017490,0.999983
2019-03-07,8.3604,8.3604,8.0922,8.1114,10645272,-0.027043,38.776884,-0.077522,8.576663,8.455832,0.018284,0.999984
2019-03-08,8.1014,8.2367,8.1014,8.1559,8404574,0.005480,40.352518,-0.092270,8.528587,8.460410,0.016927,0.999984
2019-03-11,8.2015,8.2015,8.0147,8.0378,6641658,-0.014476,37.585492,-0.112192,8.477167,8.460456,0.017048,0.999984
2019-03-12,8.0369,8.0369,7.8269,7.8861,8818116,-0.018880,34.327150,-0.138628,8.436103,8.459987,0.015446,0.999985
2019-03-13,7.9025,7.9025,7.7903,7.8297,8149877,-0.007153,33.175791,-0.162260,8.388367,8.458824,0.015111,0.999983
2019-03-14,7.7808,7.8469,7.7808,7.8079,6086889,-0.002779,32.719918,-0.180661,8.344462,8.458954,0.015065,0.999983
2019-03-15,7.8264,7.8264,7.6675,7.7266,12973297,-0.010409,31.006152,-0.199503,8.296091,8.453480,0.015036,0.999983
2019-03-18,7.7656,7.8266,7.7464,7.8041,11974417,0.010029,34.527209,-0.205811,8.252156,8.447494,0.015421,0.999983
2019-03-19,7.7747,7.7747,7.7404,7.7474,12892609,-0.007261,33.193074,-0.212927,8.207308,8.438565,0.015427,0.999982
2019-03-20,7.7598,7.9108,7.7598,7.8762,11130624,0.016615,38.962694,-0.205808,8.163118,8.430485,0.015650,0.999982
2019-03-21,7.8926,7.9203,7.8340,7.9132,6571465,0.004695,40.551173,-0.194934,8.131774,8.423221,0.015061,0.999980
2019-03-22,7.9264,7.9264,7.8089,7.8236,10141885,-0.011322,37.972847,-0.191341,8.099440,8.413607,0.015126,0.999980
2019-03-25,7.8603,7.8603,7.6647,7.7129,13448904,-0.014138,35.013132,-0.195168,8.056669,8.404986,0.014835,0.999980
2019-03-26,7.6928,7.6928,7.4970,7.5062,8306015,-0.026799,30.265681,-0.212432,8.007800,8.398000,0.015583,0.999981
2019-03-27,7.4984,7.5515,7.4714,7.5442,12186246,0.005051,32.084821,-0.220512,7.971957,8.391363,0.015003,0.999981
2019-03-28,7.5429,7.5429,7.4263,7.5002,12733182,-0.005832,31.071903,-0.227839,7.929150,8.382972,0.014526,0.999981
2019-03-29,7.5132,7.5132,7.1551,7.2121,8160478,-0.038415,25.413809,-0.253967,7.864029,8.365589,0.015140,0.999982
2019-04-01,7.2368,7.2368,7.0496,7.1495,13936711,-0.008675,24.375787,-0.276535,7.796017,8.342678,0.015034,0.999982
2019-04-02,7.1456,7.1456,6.9479,7.0460,9880834,-0.014480,22.722004,-0.299323,7.736387,8.313290,0.014089,0.999982
2019-04-03,7.0395,7.2474,7.0395,7.2335,13105591,0.026611,31.753311,-0.298808,7.681216,8.290418,0.015478,0.999982
2019-04-04,7.2434,7.2434,6.9943,7.0338,15315397,-0.027601,28.000871,-0.310926,7.627334,8.264481,0.015517,0.999983
2019-04-05,7.0441,7.0441,6.8206,6.8688,9295873,-0.023458,25.336074,-0.330039,7.562981,8.233841,0.015642,0.999984
2019-04-08,6.9107,7.0022,6.9107,6.9977,15569910,0.018763,30.870039,-0.330972,7.510974,8.198531,0.016696,0.999984
2019-04-09,7.0325,7.1620,7.0325,7.1592,11733952,0.023079,37.156073,-0.315047,7.474630,8.162037,0.017701,0.999983
2019-04-10,7.1291,7.1410,7.0727,7.0737,22926811,-0.011945,35.324388,-0.305803,7.436831,8.120469,0.017768,0.999984
2019-04-11,7.0562,7.0562,6.9851,7.0019,13145978,-0.010150,33.817109,-0.300802,7.396530,8.078582,0.017798,0.999984
2019-04-12,7.0129,7.1278,7.0129,7.0758,10017274,0.010557,36.806692,-0.287560,7.363989,8.040756,0.018095,0.999983
2019-04-15,7.0624,7.0624,6.7951,6.8102,10469370,-0.037540,31.329839,-0.295098,7.314292,7.995222,0.019214,0.999982
2019-04-16,6.7981,6.7981,6.5583,6.6037,15199531,-0.030312,27.860223,-0.314108,7.257107,7.948813,0.019933,0.999982
2019-04-17,6.6036,6.6036,6.5667,6.5757,10024035,-0.004253,27.415339,-0.327662,7.192081,7.902489,0.019119,0.999981
2019-04-18,6.5883,6.7876,6.5883,6.7472,9911584,0.026083,34.312940,-0.320867,7.133781,7.859874,0.020465,0.999982
2019-04-19,6.6940,6.7036,6.6828,6.7001,10819118,-0.006972,33.376161,-0.315638,7.077610,7.811529,0.020448,0.999982
2019-04-22,6.7075,6.7185,6.6356,6.7129,12447748,0.001900,33.902094,-0.306929,7.027605,7.764461,0.020489,0.999982
2019-04-23,6.7134,6.9116,6.7134,6.8409,11364176,0.019082,39.110584,-0.286390,6.994340,7.727133,0.020690,0.999983
2019-04-24,6.8616,7.1247,6.8616,7.0867,11806527,0.035924,47.636018,-0.247430,6.971466,7.693180,0.022506,0.999982
2019-04-25,7.1127,7.1127,7.0131,7.0214,10268045,-0.009217,45.800475,-0.219297,6.947527,7.659887,0.022542,0.999983
2019-04-26,7.0083,7.0456,7.0083,7.0206,9747356,-0.000115,45.776904,-0.194821,6.937953,7.626418,0.020950,0.999983
2019-04-29,7.0319,7.2847,7.0319,7.2386,19203004,0.031053,52.811782,-0.156033,6.942407,7.597533,0.022052,0.999982
2019-04-30,7.2618,7.2618,7.0481,7.0594,7559356,-0.024747,47.373205,-0.138155,6.943082,7.565834,0.022542,0.999982
2019-05-01,7.0556,7.2501,7.0556,7.1815,9430969,0.017290,51.070619,-0.112837,6.940484,7.534265,0.022062,0.999982
2019-05-02,7.2303,7.2303,7.0585,7.0625,8535269,-0.016571,47.561962,-0.101209,6.941918,7.504714,0.021469,0.999983
2019-05-03,7.0660,7.0768,7.0279,7.0761,7169411,0.001929,48.002357,-0.089858,6.952283,7.476832,0.020720,0.999982
2019-05-06,7.0895,7.0895,6.9805,7.0486,5051625,-0.003885,47.142049,-0.082134,6.954830,7.446437,0.020353,0.999981
2019-05-07,7.0483,7.0483,6.8809,6.9401,10793920,-0.015394,43.804596,-0.083802,6.943877,7.415567,0.019926,0.999980
2019-05-08,6.9702,6.9702,6.8088,6.8283,7468684,-0.016120,40.612202,-0.093078,6.931605,7.386911,0.020065,0.999980
2019-05-09,6.8524,6.9624,6.8524,6.8613,4328555,0.004846,41.959503,-0.096645,6.924579,7.357012,0.020007,0.999980
2019-05-10,6.8258,7.0292,6.8258,6.9773,21379631,0.016896,46.535855,-0.089091,6.919652,7.326268,0.020246,0.999981
2019-05-13,6.9493,6.9831,6.8828,6.9642,13041151,-0.001878,46.093542,-0.083202,6.927352,7.295357,0.018288,0.999981
2019-05-14,6.9632,7.0737,6.9488,6.9746,12879955,0.001502,46.530437,-0.076806,6.945896,7.270078,0.016712,0.999981
2019-05-15,6.9223,7.0946,6.9223,7.0433,8396470,0.009840,49.427112,-0.065445,6.969276,7.244205,0.016693,0.999981
2019-05-16,7.1213,7.1213,6.8884,6.9329,10068840,-0.015669,45.187649,-0.064602,6.978563,7.220634,0.016336,0.999981
2019-05-17,6.9207,7.0408,6.9207,7.0192,13013890,0.012451,48.880924,-0.056319,6.994517,7.197901,0.016384,0.999982
2019-05-20,7.0239,7.1405,7.0239,7.1178,12038073,0.014039,52.791603,-0.041327,7.014763,7.179499,0.016586,0.999981
2019-05-21,7.0673,7.4652,7.0673,7.4351,18241005,0.044586,62.690462,-0.003794,7.044471,7.170480,0.018725,0.999979
2019-05-22,7.4418,7.4418,7.3647,7.3911,13958603,-0.005913,60.788682,0.022148,7.059693,7.161710,0.017293,0.999978
2019-05-23,7.3964,7.3964,7.2480,7.3356,6759122,-0.007512,58.380127,0.037791,7.075405,7.152264,0.017238,0.999977
2019-05-24,7.3549,7.4628,7.3549,7.4318,11955061,0.013114,61.245286,0.057291,7.095968,7.146368,0.017392,0.999977
2019-05-27,7.4154,7.5438,7.4154,7.5349,11816854,0.013864,64.096066,0.080134,7.110781,7.140983,0.016324,0.999978
2019-05-28,7.4886,7.5255,7.4443,7.4700,10670354,-0.008605,61.052653,0.091947,7.131310,7.135435,0.015292,0.999977
2019-05-29,7.4936,7.4936,7.3714,7.4216,10470982,-0.006483,58.806499,0.096290,7.143314,7.126343,0.015040,0.999977
2019-05-30,7.4103,7.4917,7.4103,7.4902,9940858,0.009244,60.995653,0.104069,7.164699,7.117884,0.014482,0.999976
2019-05-31,7.4569,7.4569,7.3432,7.3901,13600329,-0.013368,56.293299,0.100989,7.180396,7.109214,0.014940,0.999976
2019-06-03,7.3925,7.3925,7.3031,7.3421,11463930,-0.006493,54.139331,0.093598,7.195068,7.101796,0.015008,0.999976
2019-06-04,7.3763,7.3763,7.3230,7.3546,10867733,0.001710,54.628579,0.087742,7.215793,7.098764,0.014432,0.999976
2019-06-05,7.3328,7.5654,7.3328,7.4789,14464370,0.016896,59.260474,0.092067,7.248326,7.097459,0.014012,0.999976
2019-06-06,7.4881,7.4881,7.3547,7.4047,10848349,-0.009925,55.608656,0.088485,7.275492,7.095549,0.014386,0.999975
2019-06-07,7.4015,7.4015,7.1383,7.1840,10867624,-0.029797,46.446323,0.067070,7.285830,7.094989,0.015879,0.999976
2019-06-10,7.2075,7.2075,6.9184,6.9621,12325918,-0.030895,39.411547,0.031821,7.285726,7.091240,0.017459,0.999974
2019-06-11,6.9938,6.9938,6.7646,6.8196,11403432,-0.020463,35.676289,-0.007522,7.277976,7.086714,0.018049,0.999975
2019-06-12,6.8182,6.8182,6.6608,6.6737,8574641,-0.021392,32.300415,-0.049899,7.259500,7.075519,0.018412,0.999975
2019-06-13,6.6909,6.7238,6.6448,6.6581,10018429,-0.002338,31.952100,-0.083776,7.245761,7.068005,0.018151,0.999977
2019-06-14,6.6367,6.6367,6.4560,6.5297,15027876,-0.019293,29.164255,-0.119611,7.221284,7.061222,0.018221,0.999977
2019-06-17,6.5474,6.5474,6.4472,6.4548,10596393,-0.011460,27.650738,-0.152293,7.188138,7.050365,0.017820,0.999977
2019-06-18,6.4601,6.4601,6.3288,6.3743,13716347,-0.012482,26.081394,-0.182590,7.135096,7.034666,0.013571,0.999977
2019-06-19,6.3839,6.3849,6.3210,6.3290,12073278,-0.007100,25.215660,-0.207857,7.081989,7.019773,0.013566,0.999976
2019-06-20,6.2956,6.4788,6.2956,6.4720,9057756,0.022600,32.807242,-0.213873,7.038811,7.009176,0.015159,0.999978
2019-06-21,6.4797,6.5950,6.4797,6.5454,11864077,0.011338,36.375449,-0.210296,6.994491,6.998569,0.015045,0.999977
2019-06-24,6.5787,6.5787,6.5090,6.5478,13793671,0.000356,36.490904,-0.204911,6.945136,6.993321,0.014384,0.999976
2019-06-25,6.5437,6.5437,6.4997,6.4997,11734485,-0.007332,35.079890,-0.202187,6.896623,6.991241,0.014379,0.999976
2019-06-26,6.5159,6.5159,6.3989,6.4556,13820304,-0.006791,33.786305,-0.201270,6.848323,6.988840,0.014379,0.999975
2019-06-27,6.4703,6.5179,6.4410,6.4917,13800521,0.005595,35.870225,-0.195376,6.798400,6.983731,0.014186,0.999974
2019-06-28,6.4654,6.5682,6.4654,6.5563,9930703,0.009942,39.532171,-0.183383,6.756710,6.980854,0.014590,0.999973
2019-07-01,6.5422,6.5422,6.4500,6.4597,9994572,-0.014733,36.200294,-0.179603,6.712590,6.975790,0.014724,0.999973
2019-07-02,6.4567,6.4931,6.4410,6.4649,13607355,0.000810,36.512609,-0.174177,6.668104,6.968270,0.014700,0.999972
2019-07-03,6.4115,6.4115,6.2490,6.2517,9203441,-0.032973,30.060093,-0.184946,6.606745,6.951570,0.014783,0.999973
2019-07-04,6.2306,6.3034,6.2306,6.2750,6531605,0.003729,31.486036,-0.189416,6.550264,6.936644,0.015042,0.999973
2019-07-05,6.2531,6.3816,6.2531,6.3555,10833674,0.012828,36.314587,-0.184338,6.508840,6.923343,0.014829,0.999973
2019-07-08,6.3546,6.3546,6.2877,6.3279,7853949,-0.004355,35.391090,-0.180467,6.477129,6.905129,0.013623,0.999973
2019-07-09,6.3611,6.5484,6.3611,6.5226,12645013,0.030780,45.831061,-0.159840,6.462280,6.894393,0.015222,0.999973
2019-07-10,6.4935,6.4935,6.4262,6.4293,10352675,-0.014311,42.303047,-0.149304,6.450058,6.879349,0.014828,0.999974
2019-07-11,6.4382,6.4697,6.3868,6.4548,12976429,0.003975,43.583504,-0.137309,6.439895,6.867196,0.014882,0.999974
2019-07-12,6.4071,6.5161,6.4071,6.4513,6681021,-0.000544,43.440833,-0.126627,6.435978,6.854700,0.014276,0.999972
2019-07-15,6.4548,6.4548,6.3960,6.4408,8299888,-0.001629,42.987318,-0.117653,6.435278,6.842544,0.014047,0.999971
2019-07-16,6.4231,6.4935,6.3773,6.4304,6530864,-0.001627,42.510820,-0.110117,6.438082,6.832349,0.013746,0.999971
2019-07-17,6.4304,6.4821,6.4039,6.4429,14187376,0.001957,43.323434,-0.101954,6.443779,6.824642,0.013631,0.999969
2019-07-18,6.4647,6.6064,6.4647,6.5362,9042786,0.014478,49.069902,-0.086955,6.446987,6.818140,0.013062,0.999969
2019-07-19,6.5292,6.6966,6.5292,6.6878,12991555,0.023187,56.743666,-0.062124,6.454104,6.812350,0.013822,0.999970
2019-07-22,6.6802,6.6996,6.5578,6.6895,15695090,0.000255,56.822557,-0.041825,6.461190,6.806856,0.013822,0.999969
2019-07-23,6.7084,6.7942,6.7084,6.7828,13545996,0.013947,61.009292,-0.018002,6.475341,6.803019,0.013953,0.999968
2019-07-24,6.7748,6.7748,6.6660,6.7057,11517363,-0.011369,56.161995,-0.005284,6.487844,6.796267,0.014144,0.999969
2019-07-25,6.7045,6.8222,6.7045,6.7928,19918450,0.012990,60.025609,0.011690,6.502896,6.793464,0.014339,0.999968
2019-07-26,6.7575,6.7610,6.6732,6.7100,11551590,-0.012184,55.060247,0.018253,6.510583,6.787280,0.014575,0.999968
2019-07-29,6.7159,6.8605,6.7159,6.8327,10278609,0.018290,60.304066,0.032977,6.529236,6.781580,0.014538,0.999968
2019-07-30,6.8131,7.1012,6.8131,7.0886,8223971,0.037446,68.544760,0.064547,6.560420,6.774649,0.016443,0.999971
2019-07-31,7.0706,7.1249,7.0214,7.0752,9976652,-0.001888,67.752296,0.087478,6.601593,6.768330,0.013974,0.999971
2019-08-01,7.0780,7.0780,6.8022,6.8245,13228482,-0.035436,54.940389,0.084447,6.629065,6.758108,0.016809,0.999972
2019-08-02,6.7947,6.8060,6.7484,6.7661,6876047,-0.008548,52.454854,0.076456,6.649595,6.744794,0.016920,0.999970
2019-08-05,6.8062,6.9244,6.8062,6.9071,11892513,0.020827,57.461184,0.080566,6.678554,6.732238,0.017257,0.999970
2019-08-06,6.8983,6.9971,6.8983,6.9721,8904245,0.009418,59.577189,0.088056,6.701028,6.722280,0.016174,0.999971
2019-08-07,7.0008,7.0048,6.9787,7.0028,9151966,0.004401,60.573364,0.095369,6.729703,6.713905,0.015623,0.999971
2019-08-08,7.0025,7.1834,7.0025,7.1243,6597773,0.017351,64.323007,0.109705,6.763176,6.706587,0.015888,0.999969
2019-08-09,7.0990,7.2392,7.0990,7.1844,10676628,0.008441,66.044216,0.124483,6.799831,6.702474,0.015848,0.999969
2019-08-12,7.1435,7.3490,7.1435,7.3316,18042706,0.020477,69.873372,0.146379,6.844367,6.702264,0.016093,0.999969
2019-08-13,7.3507,7.4511,7.3507,7.4457,7171580,0.015571,72.467982,0.170972,6.895136,6.704085,0.016088,0.999974
2019-08-14,7.4677,7.6835,7.4677,7.6374,12164626,0.025738,76.177099,0.203580,6.954856,6.707255,0.016531,0.999975
2019-08-15,7.6613,7.7927,7.6297,7.6839,12522141,0.006101,76.988794,0.230523,7.012243,6.712840,0.016483,0.999975
2019-08-16,7.6728,7.8100,7.6728,7.8019,8072138,0.015350,78.944604,0.258415,7.067949,6.725197,0.016200,0.999976
2019-08-19,7.8639,7.8639,7.7381,7.7635,11360607,-0.004917,76.662522,0.274263,7.121652,6.741226,0.016368,0.999975
2019-08-20,7.7408,7.7806,7.6624,7.6891,19178494,-0.009583,72.297360,0.277619,7.166971,6.758617,0.016729,0.999975
2019-08-21,7.6352,7.9167,7.6352,7.9101,5124738,0.028733,76.564846,0.294709,7.227192,6.783344,0.016887,0.999976
2019-08-22,7.9202,7.9424,7.8780,7.9398,16014754,0.003761,77.076854,0.307113,7.284544,6.808978,0.016882,0.999976
2019-08-23,7.9373,8.0841,7.9373,8.0490,9830915,0.013747,78.898670,0.322039,7.351493,6.839364,0.016236,0.999975
2019-08-26,8.0743,8.0986,8.0539,8.0676,9802069,0.002310,79.201932,0.331546,7.413235,6.871618,0.016162,0.999975
2019-08-27,8.0450,8.0495,7.9318,7.9915,12467463,-0.009432,74.484733,0.329147,7.458379,6.903963,0.015102,0.999976
2019-08-28,8.0376,8.0376,7.9689,7.9954,9995920,0.000495,74.569614,0.323832,7.504391,6.937291,0.015045,0.999975
2019-08-29,7.9739,8.2313,7.9739,8.1900,11624372,0.024332,78.375891,0.331496,7.572666,6.971650,0.011948,0.999977
2019-08-30,8.1631,8.3272,8.1631,8.2667,6505099,0.009365,79.667993,0.339843,7.647693,7.006075,0.011193,0.999975
2019-09-02,8.2837,8.2837,8.0185,8.0369,10299217,-0.027793,66.793320,0.324181,7.704186,7.035859,0.013737,0.999977
2019-09-03,8.0023,8.0194,7.9807,8.0119,9641462,-0.003118,65.549259,0.306217,7.756174,7.066101,0.013938,0.999975
2019-09-04,7.9676,8.3028,7.9676,8.2530,11027260,0.030101,71.124178,0.307891,7.818686,7.102050,0.014835,0.999975
2019-09-05,8.2064,8.2318,8.2064,8.2256,10425914,-0.003321,69.742818,0.303508,7.873753,7.136728,0.014895,0.999975
2019-09-06,8.2214,8.2214,7.9487,7.9865,15272835,-0.029065,58.982160,0.277543,7.913858,7.165334,0.016964,0.999975
2019-09-09,7.9323,8.2770,7.9323,8.2436,8714149,0.032189,65.199753,0.274545,7.959462,7.201013,0.017697,0.999975
2019-09-10,8.2768,8.3875,8.2359,8.3391,9372773,0.011582,67.189012,0.276683,8.004131,7.238497,0.017606,0.999975
2019-09-11,8.3424,8.3424,8.2840,8.3312,11482859,-0.000948,66.848453,0.274575,8.038824,7.280086,0.017019,0.999975
2019-09-12,8.3346,8.3346,8.2401,8.2813,15015398,-0.005988,64.621376,0.265815,8.068692,7.320211,0.017173,0.999976
2019-09-13,8.2509,8.4534,8.2509,8.4322,9537438,0.018221,68.084822,0.267960,8.100208,7.361745,0.017285,0.999976
2019-09-16,8.4378,8.4378,8.3410,8.3585,12819657,-0.008740,64.750605,0.260707,8.129956,7.402357,0.017410,0.999977
2019-09-17,8.4119,8.5450,8.4119,8.5208,8033225,0.019421,68.419153,0.265003,8.171542,7.442321,0.017441,0.999978
2019-09-18,8.5073,8.6867,8.5073,8.5996,9169403,0.009238,70.047094,0.271629,8.206016,7.485727,0.016586,0.999978
2019-09-19,8.6127,8.6664,8.5968,8.6370,14285056,0.004353,70.817460,0.276711,8.240875,7.529370,0.016585,0.999978
2019-09-20,8.5940,8.6990,8.5940,8.6594,10384346,0.002589,71.292365,0.279322,8.271394,7.573530,0.016439,0.999978
2019-09-23,8.6325,8.6562,8.5680,8.6358,9149277,-0.002718,70.001034,0.276308,8.299806,7.617430,0.016501,0.999977
2019-09-24,8.6927,8.8797,8.6927,8.7890,11875117,0.017735,73.380261,0.283015,8.339681,7.664602,0.016496,0.999977
2019-09-25,8.8136,8.8136,8.6364,8.6656,11278088,-0.014038,66.847537,0.275202,8.373189,7.709055,0.017012,0.999976
2019-09-26,8.6755,8.6755,8.4364,8.4372,16459668,-0.026359,56.770883,0.247723,8.385549,7.747075,0.017615,0.999977
2019-09-27,8.4757,8.5464,8.4757,8.5266,9233072,0.010597,59.353689,0.230504,8.398544,7.783851,0.017646,0.999977
2019-09-30,8.5291,8.6198,8.5291,8.6194,9112705,0.010882,61.897805,0.221788,8.427666,7.822449,0.016313,0.999977
2019-10-01,8.6197,8.7353,8.6197,8.6904,9082926,0.008238,63.766970,0.218096,8.461591,7.860601,0.016263,0.999976
2019-10-02,8.7260,8.7871,8.7260,8.7503,8001086,0.006895,65.313345,0.217498,8.486454,7.901494,0.015104,0.999975
2019-10-03,8.7781,8.7781,8.6552,8.7053,7409346,-0.005144,63.133485,0.210959,8.510437,7.939744,0.015150,0.999975
2019-10-04,8.7443,8.8285,8.7443,8.8219,15812718,0.013395,66.273575,0.212735,8.552204,7.981982,0.013289,0.999977
2019-10-07,8.7781,8.8654,8.7781,8.8171,9061972,-0.000543,66.024659,0.211319,8.580877,8.021669,0.011693,0.999978
2019-10-08,8.8071,8.8071,8.6630,8.7484,9547020,-0.007786,62.408747,0.202325,8.601344,8.054866,0.011784,0.999979
2019-10-09,8.7576,8.7969,8.6020,8.7053,11507460,-0.004930,60.178774,0.189532,8.620050,8.087469,0.011878,0.999979
2019-10-10,8.6919,9.0318,8.6919,9.0053,9237924,0.034462,68.586396,0.201281,8.656250,8.131085,0.013702,0.999977
2019-10-11,9.0253,9.0253,8.7154,8.7528,10030370,-0.028039,57.569013,0.188049,8.672280,8.170819,0.015064,0.999978
2019-10-14,8.8096,8.8767,8.8096,8.8273,8234637,0.008511,59.629425,0.181482,8.695720,8.209223,0.014911,0.999978
2019-10-15,8.8486,8.8486,8.5297,8.5869,9782358,-0.027235,51.019279,0.155091,8.699023,8.241519,0.015803,0.999979
2019-10-16,8.5548,8.5934,8.5548,8.5733,17407366,-0.001581,50.575229,0.131564,8.697711,8.272930,0.015673,0.999979
2019-10-17,8.5687,8.5687,8.4764,8.5132,7816307,-0.007018,48.557797,0.106832,8.691519,8.300707,0.015711,0.999979
2019-10-18,8.5382,8.5382,8.1696,8.2244,16625543,-0.033918,40.258328,0.063204,8.669771,8.321506,0.017355,0.999980
2019-10-21,8.1983,8.2846,8.1983,8.2795,7928118,0.006696,42.284339,0.032695,8.651954,8.340464,0.017474,0.999981
2019-10-22,8.3095,8.3095,8.2082,8.2299,8306019,-0.005989,40.937925,0.004463,8.624000,8.356148,0.016862,0.999980
2019-10-23,8.2389,8.2389,7.8881,7.9515,10267400,-0.033826,34.329437,-0.039914,8.588295,8.362431,0.018072,0.999980
2019-10-24,7.9125,8.0816,7.9125,8.0627,9389377,0.013980,38.592185,-0.065360,8.569569,8.370005,0.017708,0.999977
2019-10-25,8.0402,8.2960,8.0402,8.2588,10935051,0.024331,45.335942,-0.068902,8.556182,8.379144,0.018477,0.999979
2019-10-28,8.3621,8.4812,8.3621,8.4667,17468678,0.025173,51.424245,-0.054307,8.548550,8.393208,0.019239,0.999979
2019-10-29,8.4954,8.5884,8.4954,8.5198,7952250,0.006270,52.867855,-0.038018,8.540023,8.409822,0.019195,0.999979
2019-10-30,8.4491,8.5448,8.4491,8.5279,8811323,0.000950,53.096633,-0.024178,8.528904,8.422179,0.019116,0.999979
2019-10-31,8.5247,8.7249,8.5247,8.7201,7484257,0.022532,58.276234,0.002270,8.529643,8.437784,0.019798,0.999981
2019-11-01,8.7227,9.0220,8.7227,8.9692,12723215,0.028567,63.849864,0.042837,8.537008,8.456188,0.020602,0.999981
2019-11-04,9.0326,9.1528,9.0326,9.1415,18466494,0.019214,67.121962,0.087879,8.553229,8.477667,0.020992,0.999982
2019-11-05,9.1334,9.1432,8.9546,9.0016,12647190,-0.015310,62.198037,0.111003,8.565884,8.497868,0.021243,0.999982
2019-11-06,8.9940,9.0740,8.9385,9.0337,8474256,0.003572,62.871839,0.130419,8.582303,8.518634,0.021190,0.999981
2019-11-07,9.0565,9.2464,9.0436,9.1010,15615647,0.007454,64.306813,0.149517,8.587090,8.536855,0.019834,0.999981
2019-11-08,9.0851,9.0851,8.8037,8.8363,8630402,-0.029086,55.264302,0.141659,8.591266,8.548248,0.019915,0.999980
2019-11-11,8.8970,8.9291,8.8970,8.9081,9679168,0.008127,57.029674,0.139617,8.595308,8.565672,0.019907,0.999980
2019-11-12,8.8727,9.2595,8.8727,9.2513,8522562,0.038519,64.282111,0.163798,8.628527,8.590460,0.020482,0.999981
2019-11-13,9.1983,9.3632,9.1983,9.3517,7412513,0.010851,66.085498,0.188885,8.667444,8.612433,0.020494,0.999981
2019-11-14,9.3032,9.7084,9.3032,9.5853,9457126,0.024989,69.895993,0.225028,8.721053,8.639627,0.020791,0.999981
2019-11-15,9.5914,9.6331,9.5705,9.6158,11099724,0.003176,70.363096,0.253210,8.790622,8.672212,0.018563,0.999981
2019-11-18,9.6409,9.6727,9.5270,9.6060,11610386,-0.001016,69.987607,0.271625,8.856949,8.699459,0.018671,0.999981
2019-11-19,9.5924,9.7925,9.5924,9.6697,11694168,0.006630,71.070971,0.288037,8.928940,8.726071,0.018398,0.999980
2019-11-20,9.6807,9.6807,9.5247,9.5426,14856933,-0.013144,65.953983,0.287473,9.008494,8.750299,0.016379,0.999981
2019-11-21,9.6344,9.6344,9.3904,9.3935,7522931,-0.015619,60.457017,0.271866,9.075039,8.772544,0.017247,0.999981
2019-11-22,9.4434,9.5988,9.4434,9.5934,9510104,0.021276,64.705005,0.272484,9.141767,8.795768,0.017106,0.999981
2019-11-25,9.5981,9.9135,9.5981,9.8184,17020166,0.023449,68.771555,0.287808,9.209349,8.824965,0.017017,0.999979
2019-11-26,9.8715,9.8715,9.5689,9.6597,10677561,-0.016156,63.238551,0.283879,9.266344,8.847743,0.017827,0.999980
2019-11-27,9.6596,9.8727,9.6596,9.8195,14864467,0.016542,66.189510,0.290314,9.330925,8.872142,0.017915,0.999979
2019-11-28,9.8332,9.8332,9.7772,9.8080,5370323,-0.001171,65.780274,0.291129,9.385323,8.895563,0.017631,0.999979
2019-11-29,9.8181,9.8750,9.7686,9.8652,11534295,0.005827,66.876385,0.293009,9.430123,8.919680,0.016816,0.999978
2019-12-02,9.8569,9.9742,9.8569,9.9442,6995767,0.008006,68.383548,0.297444,9.470255,8.945846,0.016498,0.999978
2019-12-03,9.9587,10.2069,9.9587,10.1128,10619120,0.016959,71.378201,0.310981,9.525818,8.972323,0.016046,0.999978
2019-12-04,10.1421,10.1421,10.0399,10.1291,13289656,0.001617,71.658444,0.319347,9.580590,9.001594,0.016067,0.999978
2019-12-05,10.1074,10.5167,10.1074,10.3709,14572575,0.023870,75.482158,0.341550,9.644085,9.040269,0.016565,0.999979
2019-12-06,10.3991,10.4596,10.3428,10.4249,8992224,0.005204,76.252392,0.359359,9.723514,9.078236,0.014285,0.999977
2019-12-09,10.4480,10.5437,10.4480,10.5368,9532590,0.010737,77.809237,0.378146,9.804948,9.116585,0.014295,0.999977
2019-12-10,10.5527,10.5527,10.3482,10.3958,6704613,-0.013388,71.451560,0.377302,9.862173,9.150693,0.013236,0.999977
2019-12-11,10.3966,10.8494,10.3966,10.7759,15622445,0.036567,76.923628,0.402666,9.933386,9.191205,0.014885,0.999978
2019-12-12,10.7441,11.0176,10.6970,10.8623,11622995,0.008012,77.957093,0.424837,9.997231,9.234345,0.014290,0.999978
2019-12-13,10.8440,11.0682,10.8440,10.9926,16897577,0.012000,79.453146,0.447764,10.066072,9.277759,0.014323,0.999978
2019-12-16,10.9744,10.9744,10.6104,10.7060,9087223,-0.026068,68.453752,0.437764,10.121074,9.315538,0.016036,0.999979
2019-12-17,10.6135,10.6135,10.4029,10.5646,19991615,-0.013213,63.761041,0.413657,10.165818,9.351861,0.016571,0.999979
2019-12-18,10.5488,10.7914,10.5488,10.7852,7896475,0.020885,67.503079,0.407656,10.227950,9.393459,0.016403,0.999979
2019-12-19,10.7538,10.9076,10.7538,10.8406,7538927,0.005132,68.385029,0.402725,10.300301,9.430164,0.015582,0.999978
2019-12-20,10.9188,10.9188,10.5020,10.5044,13858309,-0.031014,58.075056,0.367451,10.345849,9.465195,0.017396,0.999979
2019-12-23,10.5188,10.7064,10.5188,10.6902,17285069,0.017691,61.527680,0.350453,10.389441,9.502453,0.017114,0.999979
2019-12-24,10.6345,10.6345,10.4657,10.5968,8791859,-0.008737,58.902142,0.325690,10.436295,9.542652,0.016721,0.999980
2019-12-25,10.5961,10.9065,10.5961,10.8496,14787094,0.023859,63.448943,0.322746,10.487800,9.588178,0.017068,0.999981
2019-12-26,10.8931,10.9382,10.7195,10.8359,12864523,-0.001262,63.042050,0.315669,10.539195,9.634634,0.017070,0.999981
2019-12-27,10.8489,10.8936,10.8489,10.8746,9805003,0.003570,63.749195,0.309613,10.589667,9.687638,0.017073,0.999980
2019-12-30,10.8414,11.2360,10.8414,11.0907,9931130,0.019866,67.490045,0.318574,10.646992,9.743862,0.017385,0.999981
2019-12-31,11.0704,11.0704,10.9001,10.9289,10894484,-0.014586,62.305366,0.309060,10.687797,9.797842,0.017729,0.999981
2020-01-01,10.9416,10.9416,10.7343,10.7535,17268050,-0.016045,57.177591,0.284095,10.719016,9.853882,0.018287,0.999981
2020-01-02,10.7010,10.8145,10.5672,10.7215,8097058,-0.002977,56.267047,0.258744,10.736545,9.907060,0.017661,0.999982
2020-01-03,10.7231,10.8738,10.7231,10.8729,8692701,0.014120,59.547428,0.248010,10.758945,9.959341,0.017863,0.999982
2020-01-06,10.8806,10.8806,10.6056,10.6405,10604297,-0.021376,52.977492,0.218234,10.764128,10.002816,0.018493,0.999981
2020-01-07,10.6419,10.6419,10.3154,10.3524,13396901,-0.027076,46.176282,0.169435,10.761959,10.039467,0.019276,0.999981
2020-01-08,10.3691,10.6593,10.3691,10.4952,17254797,0.013795,49.628202,0.140663,10.747923,10.078813,0.017600,0.999981
2020-01-09,10.5031,10.5031,10.3242,10.3940,13118108,-0.009638,47.313619,0.108449,10.724512,10.112292,0.017558,0.999981
2020-01-10,10.3921,10.3921,10.2060,10.3287,18356584,-0.006288,45.826348,0.076760,10.691316,10.139483,0.017261,0.999980
2020-01-13,10.3690,10.3690,9.9576,10.0179,16953870,-0.030085,39.473300,0.026270,10.656911,10.157011,0.017565,0.999981
2020-01-14,10.0410,10.0410,9.9018,9.9108,9523090,-0.010695,37.540872,-0.022134,10.624223,10.175196,0.017498,0.999980
2020-01-15,9.9003,9.9822,9.8293,9.9130,12368221,0.000226,37.609730,-0.059626,10.580614,10.192783,0.016598,0.999979
2020-01-16,9.9275,10.1895,9.9275,10.0703,14358832,0.015865,42.404730,-0.075775,10.542101,10.212169,0.017078,0.999982
2020-01-17,10.0925,10.0925,9.8679,9.9444,10759874,-0.012507,39.768835,-0.097610,10.514101,10.234330,0.015977,0.999981
2020-01-20,9.9577,10.3008,9.9577,10.2250,7814972,0.028218,47.586125,-0.091221,10.490840,10.260666,0.016831,0.999980
2020-01-21,10.1776,10.1776,10.0353,10.1107,19519745,-0.011174,45.023883,-0.094290,10.466537,10.277856,0.016891,0.999980
2020-01-22,10.0981,10.1175,9.9733,9.9983,9824997,-0.011122,42.592955,-0.104590,10.423969,10.290788,0.015827,0.999980
2020-01-23,9.9937,10.3030,9.9937,10.2579,15628963,0.025970,49.388100,-0.090754,10.395069,10.304240,0.017184,0.999980
2020-01-24,10.2603,10.3169,10.2101,10.2969,5022957,0.003796,50.337543,-0.075774,10.366182,10.317862,0.017189,0.999980
2020-01-27,10.3073,10.3073,10.1348,10.2063,11752780,-0.008799,48.077789,-0.070401,10.321963,10.329867,0.016395,0.999979
2020-01-28,10.2423,10.2423,10.1735,10.1832,11191269,-0.002265,47.491973,-0.067234,10.284676,10.340136,0.016207,0.999979
2020-01-29,10.1440,10.4164,10.1440,10.4155,10994866,0.022819,53.610925,-0.045449,10.267776,10.357595,0.016926,0.999980
2020-01-30,10.4219,10.6842,10.4219,10.6741,15594415,0.024825,59.295179,-0.007237,10.265405,10.383206,0.017908,0.999981
2020-01-31,10.6644,10.6644,10.4752,10.5327,16126578,-0.013245,55.304744,0.011506,10.248395,10.401992,0.017811,0.999982
2020-02-03,10.5924,10.5924,10.4132,10.4735,7330748,-0.005625,53.674587,0.021333,10.240044,10.415094,0.017222,0.999721
2020-02-04,10.3975,10.5611,10.3975,10.5056,15450597,0.003068,54.458657,0.031352,10.247705,10.432012,0.016068,0.999403
2020-02-05,10.4875,10.4875,9.7844,9.8119,9625438,-0.066032,39.080742,-0.016493,10.213540,10.431859,0.021635,0.999438
2020-02-06,9.8615,9.8615,9.6598,9.7476,8040348,-0.006554,38.009211,-0.058921,10.181217,10.430650,0.021597,0.999214
2020-02-07,9.7326,9.8356,9.7024,9.7246,6637337,-0.002359,37.612135,-0.093326,10.151013,10.427839,0.021584,0.999029
2020-02-10,9.6499,10.5244,9.6499,10.4593,14714924,0.075550,54.109166,-0.060609,10.173080,10.438141,0.026837,0.999133
2020-02-11,10.4452,11.3793,10.4452,11.2994,11295921,0.080326,65.382239,0.032736,10.242512,10.461874,0.031750,0.999254
2020-02-12,11.2507,11.2507,10.9819,11.0232,18529703,-0.024448,60.150032,0.083458,10.298019,10.479755,0.032499,0.999147
2020-02-13,11.0383,11.0383,10.7558,10.8365,8239693,-0.016938,56.839409,0.107353,10.336327,10.489066,0.032792,0.999039
2020-02-14,10.7771,11.3482,10.7771,11.2928,9169294,0.042107,62.300523,0.161251,10.403748,10.506423,0.033594,0.998997
2020-02-17,11.2650,11.2650,10.7908,10.8313,17443119,-0.040863,54.754982,0.164829,10.434064,10.512313,0.034816,0.998960
2020-02-18,10.8936,11.2589,10.8936,11.2307,15111804,0.036876,59.344777,0.197616,10.490065,10.529012,0.035407,0.998915
2020-02-19,11.2004,11.2004,11.0127,11.1339,8250927,-0.008626,57.812937,0.213324,10.546844,10.536171,0.035348,0.998836
2020-02-20,11.2533,11.2533,10.3671,10.4100,8801868,-0.065012,47.870070,0.165458,10.554448,10.527127,0.038366,0.998925
2020-02-21,10.4172,10.4172,9.6922,9.7423,9539181,-0.064138,40.885068,0.072808,10.526722,10.502121,0.041058,0.999001
2020-02-24,9.7626,10.7139,9.7626,10.6920,11475870,0.097474,51.683611,0.075144,10.551007,10.501840,0.046627,0.999163
2020-02-25,10.6583,10.6583,10.5177,10.5508,14925074,-0.013208,50.214651,0.064852,10.569386,10.501564,0.046760,0.999118
2020-02-26,10.6026,11.8008,10.6026,11.7305,17627122,0.111819,60.353054,0.150162,10.635137,10.520470,0.052632,0.999283
2020-02-27,11.7766,11.7766,11.2800,11.3056,19662510,-0.036221,55.935189,0.181396,10.666714,10.529771,0.053324,0.999269
2020-02-28,11.2873,11.5744,11.2873,11.4927,8250199,0.016543,57.412986,0.218719,10.714712,10.549537,0.053227,0.999238
2020-03-02,11.4531,13.5128,11.4531,13.4305,16546726,0.168616,69.009810,0.400055,10.862565,10.604344,0.064371,0.999456
2020-03-03,13.3871,13.3871,12.4640,12.4860,16540488,-0.070327,60.379371,0.462221,10.961584,10.642127,0.067086,0.999484
2020-03-04,12.4814,12.4814,10.9349,10.9779,20339080,-0.120784,49.693320,0.385354,11.019883,10.644693,0.071364,0.999551
2020-03-05,10.9708,12.0176,10.9708,11.9217,8888346,0.085970,55.054197,0.396026,11.128587,10.666407,0.073343,0.999573
2020-03-06,11.9228,11.9228,11.1561,11.2522,11157547,-0.056152,50.910063,0.346472,11.204969,10.673959,0.074891,0.999577
2020-03-09,11.2427,11.2427,11.1424,11.2056,8348871,-0.004142,50.624358,0.299982,11.242286,10.676259,0.073320,0.999565
2020-03-10,11.2827,11.2827,10.7440,10.7459,11762234,-0.041027,47.776046,0.223466,11.214608,10.672599,0.071847,0.999564
2020-03-11,10.7765,10.9338,10.7765,10.9048,12807481,0.014791,48.847616,0.173650,11.208691,10.675625,0.071683,0.999548
2020-03-12,10.8291,10.8291,10.1163,10.2076,12610296,-0.063937,44.531239,0.077023,11.177248,10.665347,0.073087,0.999564
2020-03-13,10.2272,10.2272,9.9796,10.0578,9543723,-0.014680,43.638709,-0.011514,11.115497,10.649044,0.072445,0.999557
2020-03-16,10.0838,10.3352,10.0838,10.3326,13399138,0.027327,45.785059,-0.058824,11.090562,10.642887,0.072191,0.999553
2020-03-17,10.3393,10.3393,9.6215,9.6351,14233634,-0.067505,41.469124,-0.150860,11.010782,10.628541,0.073156,0.999571
2020-03-18,9.7027,9.7027,9.1443,9.1726,8675168,-0.048009,38.853362,-0.258150,10.912716,10.602088,0.073781,0.999579
2020-03-19,9.1797,9.1797,8.8974,8.9376,8917743,-0.025619,37.557316,-0.358012,10.839093,10.572959,0.072672,0.999579
2020-03-20,8.9686,8.9686,8.0389,8.1053,11195970,-0.093116,33.318353,-0.498561,10.757242,10.528492,0.074183,0.999609
2020-03-23,8.1296,8.1296,7.8492,7.8572,13600173,-0.030615,32.153081,-0.622790,10.615503,10.485277,0.070143,0.999608
2020-03-24,7.9070,7.9751,7.8731,7.8963,7952763,0.004978,32.553465,-0.709904,10.482780,10.444987,0.070258,0.999607
2020-03-25,7.9291,7.9291,7.6464,7.6671,12410059,-0.029020,31.384810,-0.788346,10.279611,10.400069,0.063960,0.999612
2020-03-26,7.7006,7.7006,7.4902,7.5088,9537103,-0.020648,30.568354,-0.853447,10.089770,10.348839,0.063836,0.999617
2020-03-27,7.5161,7.5161,7.4332,7.4777,12233514,-0.004140,30.401092,-0.897207,9.889024,10.299506,0.063406,0.999620
2020-03-30,7.4782,7.4782,7.1179,7.1397,8004794,-0.045208,28.570489,-0.948235,9.574482,10.237800,0.045547,0.999636
2020-03-31,7.1589,7.4611,7.1589,7.4529,13688087,0.043874,32.619302,-0.952419,9.322829,10.184645,0.047360,0.999648
2020-04-01,7.4805,7.6564,7.4805,7.6347,11474848,0.024383,34.923843,-0.930347,9.155668,10.137372,0.042703,0.999646
2020-04-02,7.6181,7.6250,7.5703,7.5780,11348790,-0.007425,34.527154,-0.906974,8.938484,10.083773,0.035301,0.999648
2020-04-03,7.6034,7.6484,7.6034,7.6418,11226379,0.008415,35.415919,-0.873238,8.757960,10.030671,0.034944,0.999647
2020-04-06,7.6072,7.6385,7.5823,7.6138,10635793,-0.003656,35.190549,-0.839084,8.578369,9.978821,0.034955,0.999648
2020-04-07,7.5792,7.6638,7.5792,7.6616,13448445,0.006273,35.941026,-0.798954,8.424153,9.928390,0.034954,0.999653
2020-04-08,7.6341,7.9196,7.6341,7.8653,11688948,0.026596,39.177212,-0.742152,8.272179,9.877386,0.035598,0.999657
2020-04-09,7.9186,7.9899,7.8681,7.9361,9929186,0.008990,40.304249,-0.683551,8.158600,9.822625,0.034088,0.999654
2020-04-10,7.9798,7.9798,7.6625,7.7078,13922180,-0.028763,37.865145,-0.648058,8.041102,9.766127,0.034292,0.999654
2020-04-13,7.7028,7.8075,7.7028,7.7665,11819714,0.007616,38.889462,-0.608181,7.912796,9.711987,0.033353,0.999656
2020-04-14,7.7680,7.9354,7.7680,7.9295,11913896,0.020985,41.759885,-0.557007,7.827513,9.660465,0.031656,0.999656
2020-04-15,7.9230,7.9412,7.8686,7.9037,14734970,-0.003246,41.428956,-0.512618,7.764073,9.622302,0.030323,0.999653
2020-04-16,7.9017,8.0443,7.9017,8.0372,11924724,0.016891,43.911904,-0.461350,7.719057,9.588095,0.030436,0.999651
2020-04-17,8.0556,8.0556,7.9439,7.9482,11282419,-0.011073,42.615003,-0.423024,7.711203,9.552568,0.022374,0.999651
2020-04-20,7.9480,7.9480,7.7039,7.7578,7964558,-0.023961,39.899260,-0.403367,7.706233,9.498538,0.021951,0.999649
2020-04-21,7.8163,7.8163,7.7416,7.7777,11610547,0.002562,40.326639,-0.381785,7.700302,9.428103,0.021927,0.999651
2020-04-22,7.7956,7.7956,7.5469,7.5581,11519601,-0.028232,37.180771,-0.378041,7.694850,9.358801,0.021874,0.999644
2020-04-23,7.5884,7.5884,7.4145,7.5296,11982447,-0.003773,36.779465,-0.373075,7.695887,9.292663,0.021375,0.999642
2020-04-24,7.5869,7.7467,7.5869,7.6935,11494568,0.021775,40.739468,-0.351854,7.706677,9.220678,0.021868,0.999645
2020-04-27,7.6632,7.6632,7.4494,7.4551,9898437,-0.030990,37.100159,-0.350237,7.722448,9.153154,0.020449,0.999640
2020-04-28,7.5089,7.5089,7.2877,7.3016,14240850,-0.020596,34.935648,-0.357228,7.714879,9.074570,0.018555,0.999634
2020-04-29,7.2701,7.2701,7.1324,7.1787,9523644,-0.016831,33.262992,-0.368437,7.692079,8.995467,0.017880,0.999617
2020-04-30,7.1391,7.1832,7.0706,7.1729,9538232,-0.000810,33.182029,-0.373484,7.671823,8.930723,0.017853,0.999615
2020-05-01,7.1921,7.1921,7.1067,7.1323,5930085,-0.005650,32.586770,-0.376415,7.646353,8.878523,0.017673,0.999611
2020-05-04,7.1289,7.3954,7.1289,7.3024,13807419,0.023849,37.643212,-0.360853,7.630784,8.810732,0.018685,0.999590
2020-05-05,7.3282,7.4292,7.3282,7.4201,23680697,0.016111,40.942738,-0.335162,7.618709,8.748119,0.019038,0.999567
2020-05-06,7.3918,7.4977,7.3918,7.4831,11089177,0.008494,42.692156,-0.306187,7.599598,8.663170,0.018040,0.999567
2020-05-07,7.4813,7.5446,7.4588,7.5032,8056259,0.002687,43.269480,-0.278392,7.577956,8.587122,0.017886,0.999569
2020-05-08,7.4997,7.5808,7.4770,7.5540,12905926,0.006762,44.781182,-0.249396,7.570264,8.508348,0.016892,0.999567
2020-05-11,7.5301,7.5301,7.4279,7.4487,5868940,-0.013936,42.264637,-0.232234,7.554374,8.388711,0.017009,0.999562
2020-05-12,7.3994,7.5818,7.3994,7.5570,7380721,0.014541,45.648817,-0.207501,7.535749,8.290131,0.016608,0.999566
2020-05-13,7.5935,7.5935,7.4155,7.4203,10667866,-0.018093,42.279598,-0.196666,7.511576,8.218978,0.016982,0.999573
2020-05-14,7.4390,7.5276,7.4390,7.5248,14390466,0.014082,45.585033,-0.177600,7.485951,8.131040,0.016819,0.999561
2020-05-15,7.5357,7.7094,7.5357,7.6770,8998778,0.020233,50.071426,-0.148493,7.472389,8.059536,0.017487,0.999548
2020-05-18,7.6994,7.7829,7.6315,7.7062,7004678,0.003807,50.908242,-0.121665,7.469811,7.989548,0.016702,0.999511
2020-05-19,7.6976,7.7003,7.6070,7.6858,10411267,-0.002655,50.272983,-0.100892,7.465215,7.928346,0.016697,0.999524
2020-05-20,7.6955,7.8689,7.6955,7.7390,15273855,0.006923,51.951898,-0.079222,7.474260,7.865028,0.015422,0.999462
2020-05-21,7.7754,7.7754,7.3572,7.3821,10603160,-0.046115,41.765996,-0.089811,7.466886,7.808518,0.018710,0.999467
2020-05-22,7.3915,7.4229,7.3443,7.4214,8989505,0.005325,43.089499,-0.093947,7.453279,7.755791,0.018013,0.999489
2020-05-25,7.4696,7.4696,7.3617,7.4085,7866847,-0.001738,42.746270,-0.097146,7.450949,7.697308,0.016640,0.999242
2020-05-26,7.3877,7.4571,7.3756,7.4044,6689228,-0.000550,42.630657,-0.098871,7.456093,7.652695,0.015934,0.999196
2020-05-27,7.3977,7.5444,7.3977,7.4942,6936004,0.012125,46.088774,-0.091934,7.471870,7.619128,0.015557,0.998999
2020-05-28,7.4954,7.5261,7.4850,7.4887,9119108,-0.000741,45.904570,-0.085893,7.487660,7.590150,0.015556,0.998857
2020-05-29,7.4523,7.4523,7.2731,7.3511,8565607,-0.018367,41.479717,-0.091154,7.498599,7.575066,0.016146,0.998789
2020-06-01,7.3588,7.3802,7.3252,7.3357,7901746,-0.002094,41.003399,-0.095465,7.500264,7.564636,0.015287,0.998850
2020-06-02,7.3324,7.3624,7.2974,7.3461,5976527,0.001416,41.491727,-0.096926,7.496565,7.553633,0.014835,0.998851
2020-06-03,7.3255,7.4332,7.2910,7.3630,11249536,0.002294,42.325755,-0.095622,7.490558,7.547549,0.014704,0.998952
2020-06-04,7.3034,7.4399,7.3034,7.3848,12352234,0.002970,43.451998,-0.091766,7.484638,7.545069,0.014708,0.998863
2020-06-05,7.4414,7.5789,7.4414,7.5154,5695104,0.017684,49.762136,-0.077282,7.482711,7.545823,0.015194,0.998954
2020-06-08,7.5181,7.5181,7.3236,7.3833,14416924,-0.017581,44.367776,-0.075593,7.479442,7.550695,0.015388,0.999053
2020-06-09,7.3934,7.4207,7.3731,7.4064,8911979,0.003126,45.479480,-0.071567,7.471911,7.549764,0.015015,0.998946
2020-06-10,7.4259,7.6428,7.4259,7.5681,9421754,0.021840,52.625506,-0.054694,7.479305,7.548433,0.015261,0.998940
2020-06-11,7.6138,7.6138,7.3514,7.3560,14656729,-0.028031,44.405126,-0.057774,7.470866,7.543993,0.016249,0.999033
2020-06-12,7.4205,7.4205,7.3353,7.3796,17544833,0.003207,45.425870,-0.057647,7.455995,7.538750,0.015507,0.998644
2020-06-15,7.3780,7.3780,7.3096,7.3111,11852915,-0.009285,42.958483,-0.062357,7.436236,7.532695,0.015531,0.998765
2020-06-16,7.3074,7.3363,7.2657,7.2686,12587141,-0.005811,41.454827,-0.068725,7.415376,7.524835,0.015549,0.998980
2020-06-17,7.2754,7.2754,7.0738,7.1624,10399923,-0.014614,37.884605,-0.081405,7.386544,7.510775,0.015595,0.999145
2020-06-18,7.1301,7.1810,7.1121,7.1447,11185273,-0.002465,37.309384,-0.091820,7.374674,7.494947,0.011992,0.999346
2020-06-19,7.1513,7.4342,7.1513,7.3659,12491133,0.030965,47.969253,-0.081285,7.371900,7.488110,0.013974,0.999601
2020-06-22,7.4211,7.4211,7.1235,7.2149,12258126,-0.020505,42.638635,-0.084154,7.362219,7.477078,0.014689,0.999786
2020-06-23,7.2407,7.2407,7.0372,7.0788,9436713,-0.018863,38.488305,-0.096299,7.345937,7.460064,0.015206,0.999981
2020-06-24,7.0877,7.0877,6.9223,6.9300,10985290,-0.021017,34.531322,-0.116586,7.317727,7.440590,0.015375,0.999982
2020-06-25,6.9447,7.1816,6.9447,7.1315,15530038,0.029069,43.066639,-0.115081,7.299867,7.422474,0.017041,0.999982
2020-06-26,7.1573,7.1573,7.0720,7.0783,8463585,-0.007461,41.526617,-0.116835,7.286224,7.405074,0.016671,0.999982
2020-06-29,7.0894,7.0894,7.0497,7.0775,11298547,-0.000104,41.504534,-0.116937,7.273314,7.391469,0.016675,0.999982
2020-06-30,7.0496,7.0980,6.9754,7.0329,8620837,-0.006303,40.110754,-0.119242,7.257654,7.376573,0.016689,0.999982
2020-07-01,7.0146,7.0146,6.8936,6.9255,11634256,-0.015269,36.898302,-0.128256,7.235782,7.363922,0.016909,0.999982
2020-07-02,6.9577,6.9577,6.8132,6.8989,10070704,-0.003851,36.124448,-0.135984,7.211483,7.351307,0.016853,0.999982
2020-07-03,6.9270,7.2241,6.9270,7.1866,9986440,0.041713,48.640155,-0.117533,7.195043,7.341169,0.019128,0.999982
2020-07-06,7.2096,7.3895,7.2096,7.3552,11305669,0.023461,54.291349,-0.088288,7.193640,7.339172,0.019572,0.999984
2020-07-07,7.3730,7.3730,7.2396,7.2536,11836108,-0.013814,50.673017,-0.072474,7.186002,7.338213,0.019794,0.999984
2020-07-08,7.2475,7.3409,7.2475,7.3336,10670540,0.011028,53.311275,-0.052877,7.174277,7.341312,0.019283,0.999985
2020-07-09,7.3624,7.3624,7.2063,7.2344,11873550,-0.013523,49.758051,-0.044832,7.168199,7.342544,0.018484,0.999984
2020-07-10,7.2230,7.2230,6.9967,7.0276,13210748,-0.028599,43.277556,-0.054522,7.150598,7.340448,0.019475,0.999984
2020-07-13,7.0489,7.2512,7.0489,7.1509,12990138,0.017548,47.653748,-0.051655,7.142589,7.337417,0.019885,0.999981
2020-07-14,7.1240,7.3133,7.1240,7.2909,11019974,0.019588,52.167768,-0.037647,7.143707,7.334834,0.020362,0.999982
2020-07-15,7.3267,7.4527,7.3267,7.4194,13108330,0.017614,55.920768,-0.015998,7.156558,7.333559,0.020391,0.999982
2020-07-16,7.4141,7.4377,7.3385,7.3639,6086390,-0.007476,53.951734,-0.003280,7.167518,7.330772,0.020479,0.999983
2020-07-17,7.4062,7.4062,7.3177,7.3452,11417318,-0.002541,53.270323,0.005230,7.166481,7.326597,0.019296,0.999982
2020-07-20,7.3317,7.5363,7.3317,7.4394,5980483,0.012832,56.266780,0.019356,7.177708,7.326412,0.018863,0.999981
2020-07-21,7.4541,7.5404,7.4403,7.4889,8878103,0.006654,57.797344,0.034152,7.198216,7.325051,0.018252,0.999981
2020-07-22,7.4574,7.4909,7.4211,7.4425,12904992,-0.006203,55.822920,0.041649,7.223840,7.325495,0.017513,0.999981
2020-07-23,7.4350,7.4350,7.1895,7.2477,11637691,-0.026170,48.363048,0.031512,7.229652,7.319954,0.017659,0.999982
2020-07-24,7.2840,7.2840,7.2307,7.2635,12114616,0.002178,48.958316,0.024469,7.238915,7.311684,0.017549,0.999982
2020-07-27,7.2688,7.4495,7.2688,7.3949,7826308,0.018095,53.740641,0.029157,7.254785,7.305458,0.017932,0.999983
2020-07-28,7.3755,7.3755,7.2425,7.2515,11624391,-0.019395,48.410283,0.021056,7.265715,7.296773,0.018495,0.999983
2020-07-29,7.2275,7.3708,7.2275,7.3307,7963694,0.010919,51.283083,0.020786,7.285973,7.288607,0.018155,0.999983
2020-07-30,7.3257,7.4222,7.3257,7.3729,7812933,0.005751,52.790593,0.023701,7.309673,7.288422,0.018091,0.999983
2020-07-31,7.3176,7.5122,7.3176,7.4669,8764257,0.012757,56.057411,0.033217,7.323688,7.289333,0.015896,0.999983
2020-08-03,7.4716,7.6062,7.4716,7.5786,8883881,0.014960,59.630286,0.049206,7.334857,7.292735,0.015398,0.999982
2020-08-04,7.5961,7.5961,7.4911,7.4931,16838420,-0.011287,55.883172,0.054348,7.346829,7.294507,0.015275,0.999982
2020-08-05,7.4757,7.4757,7.2959,7.2960,7692439,-0.026303,48.345054,0.042035,7.344947,7.290543,0.016325,0.999982
2020-08-06,7.2721,7.2860,7.1871,7.2334,9230877,-0.008581,46.212577,0.026915,7.344893,7.285437,0.016148,0.999982
2020-08-07,7.1958,7.3659,7.1958,7.3435,14385846,0.015229,50.361338,0.023549,7.360692,7.285285,0.014977,0.999982
2020-08-10,7.3583,7.3583,7.2530,7.2792,9665017,-0.008761,48.031201,0.015511,7.367109,7.284155,0.014721,0.999982
2020-08-11,7.2527,7.2527,7.1818,7.1971,9378195,-0.011281,45.159102,0.002487,7.362415,7.281174,0.014281,0.999982
2020-08-12,7.2147,7.2147,6.8890,6.9859,15544696,-0.029345,38.742437,-0.024594,7.340741,7.273632,0.014980,0.999982
2020-08-13,7.0190,7.2438,7.0190,7.1930,9778718,0.029642,46.733950,-0.029012,7.332194,7.269795,0.016595,0.999981
2020-08-14,7.1983,7.3032,7.1983,7.2940,13048542,0.014054,50.152875,-0.024078,7.329637,7.265367,0.016928,0.999981
2020-08-17,7.2408,7.4330,7.2408,7.3913,7640111,0.013330,53.260177,-0.012183,7.327229,7.265526,0.016949,0.999980
2020-08-18,7.4312,7.5544,7.4312,7.5138,12592608,0.016576,56.905769,0.007050,7.328471,7.267675,0.017301,0.999979
2020-08-19,7.5516,7.6539,7.5516,7.5876,8470712,0.009820,58.980700,0.027924,7.335726,7.268064,0.017355,0.999979
2020-08-20,7.6025,7.6025,7.4929,7.5588,7713554,-0.003799,57.809672,0.041660,7.351277,7.272119,0.016185,0.999980
2020-08-21,7.5170,7.6270,7.5146,7.5409,10432136,-0.002367,57.052374,0.050520,7.365145,7.275345,0.016218,0.999980
2020-08-24,7.5897,7.5897,7.4137,7.4890,18578615,-0.006874,54.812290,0.052751,7.369849,7.278904,0.015871,0.999980
2020-08-25,7.4861,7.8877,7.4861,7.8266,7252009,0.045080,64.569310,0.080829,7.398605,7.290065,0.017972,0.999976
2020-08-26,7.7975,7.9076,7.7975,7.9004,12601882,0.009420,66.281613,0.107787,7.427088,7.304825,0.017945,0.999976
2020-08-27,7.8462,7.9047,7.8141,7.8410,11511137,-0.007518,63.614358,0.122942,7.450493,7.318750,0.018118,0.999976
2020-08-28,7.8661,7.9165,7.8661,7.9039,17313772,0.008021,65.210761,0.138432,7.472340,7.329509,0.018017,0.999976
2020-08-31,7.8283,7.8283,7.6781,7.7737,11982867,-0.016470,59.401452,0.138606,7.482093,7.340684,0.018288,0.999975
2020-09-01,7.7699,8.0067,7.7699,7.9705,10273794,0.025314,64.543602,0.152860,7.505962,7.358518,0.018773,0.999976
2020-09-02,7.9223,7.9223,7.8738,7.8838,12228486,-0.010873,60.886124,0.155373,7.535353,7.377593,0.017786,0.999974
2020-09-03,7.8421,7.9590,7.8421,7.9518,5727891,0.008623,62.672929,0.160994,7.571273,7.393999,0.017558,0.999973
2020-09-04,7.9413,8.1624,7.9413,8.0950,11689555,0.018008,66.177911,0.174986,7.608845,7.414334,0.017655,0.999974
2020-09-07,8.1195,8.2021,8.1050,8.1490,17402029,0.006680,67.422000,0.188269,7.652338,7.435764,0.017355,0.999974
2020-09-08,8.1528,8.2152,8.1266,8.1635,9924922,0.001775,67.763536,0.197683,7.700659,7.458376,0.016919,0.999973
2020-09-09,8.1646,8.2348,8.1646,8.1671,5986134,0.000435,67.852750,0.203090,7.759719,7.483207,0.014777,0.999973
2020-09-10,8.1855,8.1990,8.1582,8.1615,6325426,-0.000685,67.536163,0.204566,7.808145,7.508459,0.013967,0.999973
2020-09-11,8.1852,8.1852,8.0696,8.0860,13125438,-0.009242,63.249155,0.197374,7.847745,7.526448,0.014266,0.999973
2020-09-14,8.0737,8.0737,8.0156,8.0274,19639075,-0.007258,60.054891,0.184808,7.879549,7.539890,0.014395,0.999972
2020-09-15,8.0610,8.2362,8.0610,8.2290,8018088,0.025116,66.343194,0.188940,7.915308,7.559397,0.014899,0.999972
2020-09-16,8.1947,8.3157,8.1947,8.2172,19847076,-0.001428,65.694140,0.189086,7.946790,7.577069,0.014906,0.999972
2020-09-17,8.2336,8.2336,7.9993,8.1124,8233379,-0.012756,60.050088,0.178685,7.974473,7.594628,0.015285,0.999972
2020-09-18,8.1545,8.1545,8.0320,8.0446,8904321,-0.008354,56.660400,0.163094,7.999662,7.614970,0.015467,0.999972
2020-09-21,7.9788,8.2106,7.9788,8.1954,18083949,0.018744,61.823837,0.161048,8.034982,7.635861,0.015635,0.999972
2020-09-22,8.2287,8.3100,8.2287,8.2894,9438751,0.011462,64.649313,0.165103,8.058118,7.655829,0.012563,0.999972
2020-09-23,8.2565,8.4439,8.2565,8.3698,10069150,0.009704,66.907983,0.172816,8.081590,7.674838,0.012571,0.999972
2020-09-24,8.3683,8.3683,8.2601,8.3364,8870769,-0.003986,65.051440,0.174228,8.106364,7.694289,0.012440,0.999973
2020-09-25,8.3773,8.5116,8.3773,8.4181,10241739,0.009802,67.434655,0.179866,8.132079,7.715748,0.012484,0.999971
2020-09-28,8.4288,8.4288,8.2617,8.3319,12820725,-0.010246,62.583252,0.175354,8.159990,7.733597,0.012036,0.999970
2020-09-29,8.3753,8.3753,8.2019,8.2987,11874151,-0.003987,60.769874,0.167170,8.176400,7.749791,0.010984,0.999969
2020-09-30,8.2686,8.4368,8.2686,8.4343,8260291,0.016344,65.203125,0.169673,8.203926,7.769628,0.010981,0.999969
2020-10-01,8.4128,8.5795,8.4128,8.5581,6618628,0.014681,68.682692,0.179578,8.234243,7.795836,0.011213,0.999968
2020-10-02,8.5877,8.5877,8.3838,8.4204,11775321,-0.016098,61.334229,0.174303,8.250513,7.818973,0.011518,0.999969
2020-10-05,8.3775,8.3775,8.2873,8.3034,8388053,-0.013885,55.870747,0.158856,8.258233,7.837143,0.011990,0.999971
2020-10-06,8.3038,8.3561,8.3038,8.3199,7356835,0.001983,56.459063,0.146257,8.266053,7.858511,0.011990,0.999971
2020-10-07,8.3069,8.6016,8.3069,8.5646,11281725,0.029412,64.114579,0.154240,8.285930,7.883190,0.013564,0.999971
2020-10-08,8.5579,8.5579,8.2855,8.2995,15022346,-0.030954,53.201175,0.137589,8.292832,7.901723,0.015486,0.999971
2020-10-09,8.3398,8.4030,8.3040,8.3392,6522277,0.004784,54.451612,0.126142,8.305491,7.919169,0.015317,0.999971
2020-10-12,8.2981,8.2981,8.1332,8.1511,8068818,-0.022552,47.919931,0.100734,8.311680,7.930620,0.016145,0.999971
2020-10-13,8.1317,8.1361,8.0661,8.0667,10322809,-0.010365,45.291445,0.072939,8.303564,7.942091,0.015268,0.999971
2020-10-14,8.0702,8.0702,7.9761,8.0177,7176660,-0.006072,43.791893,0.046424,8.293587,7.956525,0.015312,0.999969
2020-10-15,8.0490,8.0490,7.9025,7.9633,12564027,-0.006785,42.123703,0.020782,8.286131,7.971123,0.015130,0.999968
2020-10-16,7.9854,7.9854,7.8801,7.8954,16833180,-0.008525,40.072126,-0.004961,8.278668,7.982160,0.015135,0.999969
2020-10-19,7.9172,7.9393,7.8905,7.8992,7656658,0.000479,40.246711,-0.024771,8.263856,7.994560,0.014426,0.999969
2020-10-20,7.8814,7.8814,7.8026,7.8314,7940176,-0.008577,38.104995,-0.045415,8.240959,8.007247,0.014154,0.999969
2020-10-21,7.8107,7.8107,7.6379,7.6455,18138247,-0.023745,32.925928,-0.075905,8.204742,8.020438,0.014576,0.999970
2020-10-22,7.6319,7.7888,7.6319,7.7465,10989308,0.013218,37.868247,-0.090866,8.175247,8.031510,0.015101,0.999970
2020-10-23,7.7302,7.8618,7.7302,7.8442,16744152,0.012606,42.292976,-0.093763,8.146548,8.042512,0.015244,0.999968
2020-10-26,7.8461,7.9658,7.8461,7.9558,19846593,0.014227,46.943176,-0.086062,8.127742,8.053802,0.015644,0.999968
2020-10-27,7.9160,7.9160,7.7446,7.7580,14524667,-0.024860,40.685651,-0.094825,8.100708,8.058686,0.016446,0.999967
2020-10-28,7.7423,7.8657,7.7423,7.7999,6900773,0.005406,42.437808,-0.097264,8.068989,8.062933,0.015934,0.999965
2020-10-29,7.7600,7.9116,7.7557,7.8887,9555920,0.011376,46.068087,-0.090988,8.035516,8.069531,0.015749,0.999964
2020-10-30,7.8846,7.8846,7.7271,7.7567,7216320,-0.016723,41.842944,-0.095559,8.002334,8.073849,0.015775,0.999965
2020-11-02,7.7911,7.8444,7.7255,7.7596,9369249,0.000372,41.968277,-0.097820,7.975143,8.079261,0.015625,0.999964
2020-11-03,7.7630,7.7976,7.7411,7.7459,9806517,-0.001763,41.511419,-0.099568,7.946444,8.077647,0.015581,0.999964
2020-11-04,7.7422,8.0324,7.7422,7.9879,8306644,0.031242,51.557871,-0.080499,7.917610,8.079399,0.015788,0.999968
2020-11-05,7.9963,8.3200,7.9963,8.2501,18146555,0.032823,59.645426,-0.043725,7.915141,8.087582,0.016352,0.999967
2020-11-06,8.2420,8.2420,7.9287,8.0271,9230166,-0.027037,51.732309,-0.032210,7.899534,8.090046,0.017362,0.999968
2020-11-09,7.9902,8.3794,7.9902,8.3659,10441841,0.042214,60.340345,0.004210,7.910273,8.101892,0.019221,0.999972
2020-11-10,8.3059,8.3059,8.2277,8.2419,12163739,-0.014825,56.377328,0.022803,7.919035,8.107320,0.019390,0.999973
2020-11-11,8.2480,8.4517,8.2480,8.3795,10054126,0.016698,59.551873,0.048089,7.937128,8.117235,0.019605,0.999973
2020-11-12,8.3333,8.5333,8.3333,8.5171,6750581,0.016413,62.489667,0.078323,7.964817,8.128541,0.019719,0.999973
2020-11-13,8.4893,8.4893,8.3465,8.3777,15381261,-0.016364,57.900108,0.090000,7.988931,8.134195,0.020047,0.999973
2020-11-16,8.3816,8.5027,8.3256,8.4495,8436658,0.008568,59.547954,0.103848,8.016446,8.140203,0.020072,0.999973
2020-11-17,8.4000,8.4771,8.3790,8.4356,14728501,-0.001637,59.068279,0.112412,8.046656,8.145645,0.019910,0.999974
2020-11-18,8.4326,8.5435,8.4326,8.5139,9654071,0.009283,60.984900,0.124088,8.090081,8.152583,0.018836,0.999973
2020-11-19,8.5341,8.5734,8.4427,8.5482,12613555,0.004017,61.825690,0.134550,8.130162,8.160316,0.018752,0.999972
2020-11-20,8.5474,8.7636,8.5474,8.7209,12796775,0.020212,65.831260,0.154995,8.174000,8.173014,0.018988,0.999973
2020-11-23,8.7146,8.8189,8.6761,8.7327,15877479,0.001351,66.092583,0.170188,8.212847,8.187121,0.018894,0.999972
2020-11-24,8.6856,8.7474,8.6158,8.7106,6830326,-0.002530,65.087378,0.178389,8.260478,8.196754,0.017666,0.999971
2020-11-25,8.6474,8.8940,8.6474,8.8732,7927369,0.018664,68.842180,0.195750,8.314141,8.209873,0.017892,0.999972
2020-11-26,8.8183,9.0265,8.8183,8.9600,8561430,0.009781,70.656541,0.214044,8.367706,8.226824,0.017873,0.999972
2020-11-27,8.9761,9.1394,8.9761,9.0723,8193438,0.012536,72.859339,0.234899,8.433484,8.247378,0.017047,0.999971
2020-11-30,9.1026,9.1026,8.8391,8.9739,9452160,-0.010848,68.039678,0.240709,8.494197,8.262947,0.017490,0.999971
2020-12-01,8.9785,8.9785,8.7854,8.8216,12205400,-0.016964,61.286412,0.230375,8.547982,8.273592,0.018226,0.999972
2020-12-02,8.8122,8.8122,8.7265,8.7416,8109911,-0.009078,58.023878,0.213264,8.585663,8.281028,0.017585,0.999972
2020-12-03,8.7306,8.7306,8.6478,8.6542,7911930,-0.009989,54.610059,0.190462,8.605869,8.287384,0.016552,0.999972
2020-12-04,8.6133,8.8667,8.6133,8.7707,6697244,0.013454,58.146139,0.179715,8.643049,8.294435,0.015164,0.999972
2020-12-07,8.7540,9.0424,8.7540,8.9149,13127233,0.016447,62.086861,0.180755,8.670499,8.306095,0.012688,0.999972
2020-12-08,8.9441,8.9441,8.8597,8.8946,7541279,-0.002285,61.210475,0.177885,8.703132,8.318013,0.012041,0.999971
2020-12-09,8.8778,9.1879,8.8778,9.1112,10319043,0.024357,66.609184,0.190891,8.739716,8.331551,0.012580,0.999972
2020-12-10,9.0860,9.3513,9.0860,9.3235,15459163,0.023300,70.885285,0.215841,8.780038,8.346859,0.013016,0.999972
2020-12-11,9.3122,9.3667,9.3046,9.3634,8433941,0.004277,71.620536,0.236110,8.829323,8.365719,0.012047,0.999972
2020-12-14,9.3749,9.3749,9.1309,9.2383,12696246,-0.013357,65.992307,0.239323,8.868766,8.384416,0.012745,0.999972
2020-12-15,9.2419,9.5212,9.2419,9.4841,11296675,0.026604,70.841766,0.258720,8.921189,8.407700,0.013562,0.999973
2020-12-16,9.4697,9.5208,9.4584,9.4778,11475967,-0.000659,70.566161,0.270469,8.969384,8.425965,0.013616,0.999973
2020-12-17,9.4647,9.5594,9.4647,9.4980,8565412,0.002128,70.958723,0.278201,9.016877,8.449934,0.013633,0.999971
2020-12-18,9.4269,9.4568,9.3979,9.4484,12306478,-0.005227,68.535365,0.277128,9.053249,8.472117,0.013359,0.999971
2020-12-21,9.4983,9.4983,9.2883,9.3123,33088808,-0.014403,62.259131,0.262274,9.082228,8.495340,0.013980,0.999972
2020-12-22,9.3633,9.3633,9.0596,9.0903,11584442,-0.023837,53.631520,0.229939,9.101213,8.515813,0.015206,0.999973
2020-12-23,9.1274,9.2372,9.1274,9.1865,12338374,0.010583,56.448419,0.209661,9.116879,8.539190,0.014850,0.999971
2020-12-24,9.1584,9.1584,9.0036,9.0699,5435127,-0.012692,52.301285,0.182082,9.122377,8.561323,0.015066,0.999972
2020-12-25,9.0920,9.5993,9.0920,9.5438,10242719,0.052250,63.907562,0.196204,9.145953,8.594291,0.018848,0.999974
2020-12-28,9.5624,9.5624,9.2243,9.3763,12734150,-0.017548,58.491077,0.191673,9.166076,8.623835,0.019159,0.999974
2020-12-29,9.4299,9.4299,9.1838,9.1848,7207034,-0.020433,52.961056,0.170655,9.184232,8.650902,0.019358,0.999975
2020-12-30,9.1739,9.2816,9.1739,9.2652,9325371,0.008756,54.889131,0.158658,9.210413,8.683296,0.019222,0.999975
2020-12-31,9.2859,9.5129,9.2859,9.5058,9567435,0.025971,60.151789,0.166647,9.252991,8.718482,0.019612,0.999976
2021-01-01,9.4953,9.5236,9.4902,9.5194,9322632,0.001429,60.432416,0.172090,9.290427,8.751986,0.019520,0.999976
2021-01-04,9.5249,9.6183,9.5249,9.6108,9133830,0.009599,62.353082,0.181682,9.325219,8.785086,0.019354,0.999974
2021-01-05,9.5674,9.5674,9.3229,9.3243,7747953,-0.029807,53.573209,0.164275,9.346706,8.816412,0.020748,0.999975
2021-01-06,9.3178,9.3178,9.1116,9.2204,8398016,-0.011143,50.780338,0.140477,9.352165,8.844822,0.020300,0.999976
2021-01-07,9.2447,9.2447,9.0079,9.0593,12755063,-0.017477,46.712901,0.107376,9.338952,8.868233,0.019965,0.999977
2021-01-08,9.1087,9.1087,8.6800,8.7813,10242385,-0.030684,40.662399,0.058043,9.309847,8.888724,0.020961,0.999977
2021-01-11,8.8061,8.8567,8.7581,8.8007,20176358,0.002216,41.236303,0.020284,9.287968,8.909547,0.020845,0.999977
2021-01-12,8.7733,8.7733,8.4704,8.4829,10531798,-0.036113,35.241966,-0.034884,9.237910,8.924286,0.020998,0.999976
2021-01-13,8.5164,8.5164,8.2780,8.3013,7843870,-0.021415,32.347514,-0.092201,9.179081,8.930553,0.021265,0.999976
2021-01-14,8.2800,8.2800,8.1206,8.2306,13060814,-0.008509,31.271966,-0.141691,9.115711,8.930162,0.021173,0.999976
2021-01-15,8.1800,8.1800,8.1117,8.1198,8349906,-0.013465,29.608616,-0.187692,9.049283,8.932017,0.021218,0.999977
2021-01-18,8.0831,8.2176,8.0831,8.1759,5840063,0.006915,31.593835,-0.217114,8.992466,8.928217,0.021380,0.999977
2021-01-19,8.2270,8.2661,8.1491,8.2197,12015770,0.005355,33.176441,-0.234199,8.948937,8.927774,0.021112,0.999977
2021-01-20,8.1532,8.3700,8.1532,8.3438,10587371,0.015094,37.583123,-0.235018,8.906801,8.927059,0.021308,0.999978
2021-01-21,8.3351,8.5689,8.3351,8.4506,6380764,0.012798,41.178507,-0.224464,8.875834,8.925730,0.021559,0.999978
2021-01-22,8.4684,8.6309,8.4684,8.6136,9750200,0.019290,46.266975,-0.200633,8.829322,8.930448,0.018064,0.999978
2021-01-25,8.6649,8.6649,8.4717,8.6153,12787119,0.000202,46.320387,-0.179537,8.791271,8.933765,0.017848,0.999978
2021-01-26,8.6161,8.6987,8.6001,8.6609,10151512,0.005287,47.782707,-0.157330,8.765077,8.938270,0.017531,0.999979
2021-01-27,8.6710,8.7978,8.6710,8.7365,16596007,0.008727,50.206810,-0.132108,8.738640,8.942720,0.017530,0.999978
2021-01-28,8.7523,8.8209,8.7504,8.7589,8560470,0.002573,50.936326,-0.109050,8.701297,8.946936,0.016243,0.999978
2021-01-29,8.7622,8.7622,8.6063,8.7036,10761465,-0.006317,49.032196,-0.094154,8.660507,8.946589,0.016200,0.999977
2021-02-01,8.7333,8.7333,8.5081,8.6570,8904761,-0.005351,47.425116,-0.085126,8.612821,8.945076,0.015865,0.999975
2021-02-02,8.6454,8.6454,8.5220,8.5434,16040839,-0.013124,43.665067,-0.086146,8.573777,8.941732,0.014906,0.999974
2021-02-03,8.5486,8.6123,8.5486,8.6047,11507021,0.007170,46.144381,-0.081076,8.542991,8.936362,0.015023,0.999974
2021-02-04,8.6651,8.6811,8.5468,8.5932,9810905,-0.001336,45.737670,-0.077098,8.519688,8.929026,0.014653,0.999973
2021-02-05,8.6307,8.6307,8.4699,8.5005,12065992,-0.010790,42.484244,-0.080498,8.505647,8.917589,0.013249,0.999974
2021-02-08,8.5089,8.5089,8.3702,8.4103,13016638,-0.010602,39.540245,-0.089435,8.486127,8.906319,0.013367,0.999975
2021-02-09,8.4099,8.4099,8.1427,8.2446,12990588,-0.019705,34.769008,-0.108637,8.474212,8.894778,0.011556,0.999976
2021-02-10,8.2760,8.4010,8.2760,8.3816,7687554,0.016616,41.096476,-0.111516,8.478229,8.887579,0.011206,0.999977
2021-02-11,8.3523,8.4537,8.3523,8.3939,6998272,0.001470,41.644554,-0.111518,8.486394,8.882373,0.011002,0.999977
2021-02-12,8.3801,8.3801,8.2131,8.2770,5154656,-0.013934,38.026315,-0.119578,8.494253,8.872499,0.011035,0.999977
2021-02-15,8.2322,8.3963,8.2322,8.3908,12714596,0.013755,43.199835,-0.115449,8.504996,8.862016,0.011330,0.999978
2021-02-16,8.3899,8.3899,8.2634,8.3147,9450058,-0.009070,40.750831,-0.116969,8.509746,8.850419,0.011520,0.999978
2021-02-17,8.3368,8.3368,8.1040,8.1250,12369318,-0.022817,35.368298,-0.131961,8.498806,8.830695,0.012119,0.999978
2021-02-18,8.1732,8.2697,8.1732,8.2657,6040974,0.017322,41.537559,-0.130976,8.489564,8.809540,0.012433,0.999979
2021-02-19,8.3059,8.3059,8.1773,8.1939,12067426,-0.008690,39.466960,-0.134441,8.468580,8.786150,0.011571,0.999979
2021-02-22,8.1364,8.1489,8.0812,8.1408,10154591,-0.006476,37.961498,-0.139857,8.444855,8.764201,0.011587,0.999979
2021-02-23,8.1872,8.1872,8.0924,8.1488,10342542,0.000980,38.342126,-0.141871,8.419252,8.737495,0.011469,0.999979
2021-02-24,8.1604,8.3316,8.1604,8.3062,10655961,0.019314,45.455110,-0.129277,8.397740,8.714062,0.012255,0.999980
2021-02-25,8.3579,8.3579,8.1706,8.3098,9735825,0.000432,45.609042,-0.117650,8.375282,8.690298,0.012218,0.999979
2021-02-26,8.3042,8.3042,8.1128,8.1483,25274767,-0.019433,40.117582,-0.120082,8.347517,8.664296,0.012770,0.999979
2021-03-01,8.1570,8.2444,8.1570,8.2244,8665183,0.009334,43.564219,-0.114551,8.325884,8.642538,0.013060,0.999979
2021-03-02,8.2186,8.2186,8.1361,8.1601,17793653,-0.007817,41.395368,-0.114041,8.306716,8.623933,0.012885,0.999979
2021-03-03,8.1829,8.4310,8.1829,8.4221,15933702,0.032108,51.904291,-0.091442,8.297586,8.608645,0.014891,0.999979
2021-03-04,8.4249,8.4548,8.3629,8.4247,9327834,0.000312,51.997399,-0.072484,8.289162,8.595740,0.014894,0.999979
2021-03-05,8.4784,8.4784,8.1026,8.1191,13183401,-0.036272,41.862768,-0.081181,8.270095,8.567247,0.016759,0.999981
2021-03-08,8.1217,8.2316,8.1217,8.1699,5896911,0.006252,43.821673,-0.083021,8.258073,8.543117,0.016736,0.999981
2021-03-09,8.2020,8.4951,8.2020,8.4381,18984558,0.032830,52.859476,-0.062120,8.267748,8.528184,0.017787,0.999981
2021-03-10,8.4470,8.7385,8.4470,8.6641,17406112,0.026783,58.864387,-0.027008,8.281872,8.516163,0.018383,0.999981
2021-03-11,8.6519,9.0104,8.6519,8.9320,10800319,0.030921,64.618227,0.022180,8.308777,8.504687,0.019499,0.999984
2021-03-12,8.9212,8.9212,8.7084,8.7835,5195925,-0.016628,59.637837,0.048616,8.334102,8.489969,0.019633,0.999984
2021-03-15,8.7828,8.9682,8.7828,8.9204,11561387,0.015590,62.507013,0.079698,8.360582,8.476162,0.019690,0.999984
2021-03-16,8.8795,8.8795,8.7807,8.8161,20601858,-0.011690,59.063717,0.094824,8.385653,8.465998,0.019784,0.999984
2021-03-17,8.7923,8.8647,8.7923,8.8505,19140305,0.003898,59.848650,0.108334,8.421929,8.458600,0.018819,0.999985
2021-03-18,8.7704,8.7704,8.6275,8.6687,12422503,-0.020543,53.953892,0.103181,8.442076,8.450789,0.019354,0.999984
2021-03-19,8.6848,8.6848,8.5011,8.5780,12341994,-0.010459,51.243349,0.090736,8.461282,8.446724,0.019412,0.999985
2021-03-22,8.6390,8.6390,8.4813,8.4845,10584793,-0.010906,48.533971,0.072488,8.478463,8.440398,0.019544,0.999985
2021-03-23,8.4524,8.6176,8.4524,8.6128,13148249,0.015129,52.263381,0.067604,8.501663,8.442996,0.019751,0.999984
2021-03-24,8.6618,8.8274,8.6618,8.7299,6037174,0.013591,55.434790,0.072345,8.522847,8.451569,0.019542,0.999984
2021-03-25,8.7238,8.8248,8.7238,8.7720,5942471,0.004823,56.552855,0.078594,8.545957,8.462396,0.019540,0.999984
2021-03-26,8.7566,8.7566,8.5256,8.5789,11960704,-0.022012,50.317842,0.067191,8.567485,8.471578,0.019703,0.999985
2021-03-29,8.6149,8.6149,8.4882,8.5360,14577187,-0.005000,49.024843,0.054069,8.583067,8.478779,0.019712,0.999985
2021-03-30,8.5481,8.5481,8.4122,8.4318,12525421,-0.012210,45.935980,0.034859,8.596652,8.483019,0.019851,0.999984
2021-03-31,8.4814,8.5968,8.4814,8.5544,14452478,0.014548,49.934245,0.029196,8.603270,8.487232,0.018802,0.999985
2021-04-01,8.5471,8.7428,8.5471,8.7251,9094344,0.019952,54.928831,0.038042,8.618290,8.492723,0.019274,0.999985
2021-04-02,8.7480,8.9681,8.7480,8.8808,10090397,0.017839,58.950543,0.056955,8.656372,8.498067,0.017329,0.999985
2021-04-05,8.9383,8.9383,8.7244,8.7720,8050537,-0.012245,55.241689,0.062449,8.686479,8.501200,0.017727,0.999985
2021-04-06,8.7639,8.7639,8.3602,8.3847,10981312,-0.044150,44.503321,0.035148,8.683810,8.495678,0.019355,0.999986
2021-04-07,8.3976,8.3976,8.0960,8.1443,7409012,-0.028680,39.383897,-0.005826,8.657818,8.483834,0.019267,0.999987
2021-04-08,8.1455,8.4270,8.1455,8.3400,15431355,0.024030,44.935403,-0.022250,8.628216,8.475455,0.018683,0.999987
2021-04-09,8.3427,8.3427,8.2640,8.2865,8694989,-0.006407,43.757106,-0.039126,8.603369,8.467113,0.018436,0.999987
2021-04-12,8.3229,8.3229,8.1773,8.1863,12262197,-0.012092,41.556333,-0.059896,8.566664,8.457699,0.018022,0.999988
2021-04-13,8.2107,8.5151,8.2107,8.4136,17846370,0.027761,47.950382,-0.057357,8.546537,8.455102,0.019267,0.999988
2021-04-14,8.4562,8.6166,8.4562,8.5934,10969659,0.021367,52.387880,-0.040373,8.533680,8.454876,0.019940,0.999988
2021-04-15,8.6346,8.6603,8.5257,8.5991,9904979,0.000672,52.527954,-0.026146,8.530203,8.454995,0.019419,0.999988
2021-04-16,8.6102,8.6275,8.4592,8.5598,8341364,-0.004574,51.418821,-0.017839,8.529293,8.456182,0.019300,0.999988
2021-04-19,8.5573,8.5573,8.5226,8.5435,8318585,-0.001900,50.939877,-0.012424,8.532247,8.458846,0.019135,0.999988
2021-04-20,8.5764,8.6722,8.4793,8.5797,13939122,0.004229,52.009412,-0.005158,8.530590,8.465548,0.018850,0.999987
2021-04-21,8.5474,8.8820,8.5474,8.8116,8452490,0.027030,58.293576,0.019093,8.534675,8.474147,0.019586,0.999987
2021-04-22,8.7456,8.9372,8.7456,8.8747,10013708,0.007159,59.834402,0.042908,8.539810,8.483762,0.019619,0.999987
2021-04-23,8.8445,9.0149,8.8445,8.9840,5461508,0.012324,62.426066,0.069802,8.560068,8.497904,0.019014,0.999987
2021-04-26,8.9352,9.2287,8.9352,9.1626,9147443,0.019875,66.254386,0.104321,8.591398,8.513339,0.019310,0.999987
2021-04-27,9.1943,9.1943,8.9085,8.9901,8057519,-0.018829,59.903578,0.116415,8.619313,8.526846,0.019651,0.999987
2021-04-28,8.9881,9.1409,8.9881,9.1061,22159241,0.012905,62.506364,0.133819,8.646896,8.546468,0.019605,0.999987
2021-04-29,9.1150,9.1150,9.0291,9.0625,15009936,-0.004786,60.907057,0.142452,8.663766,8.562404,0.019278,0.999986
2021-04-30,9.0676,9.0676,8.6396,8.6952,11929079,-0.040534,49.426836,0.118290,8.654486,8.572429,0.021099,0.999986
2021-05-03,8.7235,8.7235,8.3077,8.3954,11806294,-0.034474,42.403113,0.074099,8.635656,8.577521,0.022283,0.999987
2021-05-04,8.4117,8.4117,8.2143,8.2567,7758906,-0.016520,39.599267,0.027568,8.629256,8.579679,0.020298,0.999987
2021-05-05,8.2687,8.3585,8.2687,8.3306,9747954,0.008948,41.806754,-0.003308,8.638573,8.580167,0.019273,0.999986
2021-05-06,8.3523,8.3629,8.3459,8.3481,8932860,0.002103,42.344854,-0.026063,8.638981,8.580934,0.018522,0.999986
2021-05-07,8.3165,8.4310,8.3165,8.3746,10164026,0.003174,43.200366,-0.041481,8.643386,8.585460,0.018465,0.999986
2021-05-10,8.3597,8.6623,8.3597,8.6509,13254587,0.032995,51.313259,-0.031045,8.666617,8.593992,0.019543,0.999986
2021-05-11,8.6212,8.6212,8.3962,8.4716,11602426,-0.020732,46.655151,-0.036822,8.669517,8.600222,0.019309,0.999986
2021-05-12,8.5015,8.5015,8.4600,8.4703,14290571,-0.000154,46.622076,-0.041032,8.663363,8.601187,0.018676,0.999986
2021-05-13,8.4666,8.5433,8.4666,8.5165,12493130,0.005460,48.031928,-0.040174,8.659233,8.603023,0.018723,0.999985
2021-05-14,8.4637,8.4637,8.3787,8.4145,16179880,-0.011987,45.194303,-0.047188,8.651965,8.608930,0.018884,0.999985
2021-05-17,8.4218,8.4545,8.3591,8.4207,15115605,0.000740,45.406053,-0.051648,8.645821,8.613946,0.018885,0.999985
2021-05-18,8.4454,8.4454,8.0983,8.2020,19217229,-0.025964,39.615451,-0.071996,8.626939,8.609224,0.019673,0.999986
2021-05-19,8.1530,8.4305,8.1530,8.3983,13907974,0.023925,46.241959,-0.071463,8.606273,8.603907,0.019442,0.999985
2021-05-20,8.3876,8.3876,8.2930,8.3063,12420582,-0.010955,43.814257,-0.077571,8.577853,8.591393,0.019404,0.999986
2021-05-21,8.3622,8.6163,8.3622,8.5927,8345115,0.034479,52.222801,-0.058626,8.558284,8.587576,0.020907,0.999986
2021-05-24,8.5694,8.6009,8.5694,8.5897,9764671,-0.000340,52.137198,-0.043348,8.529641,8.580963,0.020271,0.999986
2021-05-25,8.5710,8.7561,8.5710,8.7373,9729036,0.017178,56.060064,-0.019113,8.517003,8.579386,0.020393,0.999985
2021-05-26,8.7449,8.7699,8.6890,8.7312,11389357,-0.000694,55.857514,-0.000391,8.498260,8.577001,0.020122,0.999985
2021-05-27,8.7383,8.7383,8.7242,8.7289,15046317,-0.000272,55.772517,0.014092,8.481577,8.578204,0.020113,0.999986
2021-05-28,8.7492,8.7492,8.6212,8.6475,10053815,-0.009316,52.808497,0.018792,8.479196,8.579595,0.018044,0.999985
2021-05-31,8.6776,8.7262,8.6221,8.6665,11836278,0.002190,53.429331,0.023771,8.492749,8.583235,0.016131,0.999985
2021-06-01,8.6719,8.7439,8.6719,8.7153,10401869,0.005632,55.069547,0.031294,8.515677,8.585285,0.015564,0.999984
2021-06-02,8.6829,8.6829,8.5858,8.6051,11773112,-0.012639,50.727248,0.028044,8.529404,8.582790,0.015862,0.999984
2021-06-03,8.6477,8.7445,8.3772,8.5891,10751241,-0.001865,50.107191,0.023899,8.541452,8.579132,0.015882,0.999983
2021-06-04,8.5843,8.5943,8.4705,8.5042,8427441,-0.009881,46.846709,0.013608,8.547931,8.577639,0.016079,0.999983
2021-06-07,8.5067,8.8550,8.5067,8.8366,15886601,0.039090,58.294043,0.031908,8.557216,8.583652,0.016763,0.999983
2021-06-08,8.8460,8.8876,8.8229,8.8257,5470031,-0.001236,57.853180,0.045012,8.574923,8.591531,0.015968,0.999983
2021-06-09,8.8290,9.1315,8.8290,9.0579,10523739,0.026306,64.072988,0.073286,8.604303,8.601600,0.016838,0.999983
2021-06-10,9.0251,9.0618,9.0081,9.0304,19538745,-0.003036,62.889020,0.092409,8.629995,8.607705,0.016893,0.999983
2021-06-11,9.0232,9.1500,9.0232,9.0719,6904484,0.004594,63.970494,0.109648,8.662867,8.611528,0.016518,0.999983
2021-06-14,9.0788,9.0788,8.8244,8.8784,6556372,-0.021329,55.802278,0.106469,8.685752,8.613655,0.017451,0.999983
2021-06-15,8.8469,8.8603,8.7516,8.8148,11789205,-0.007163,53.389197,0.097691,8.716390,8.622256,0.016288,0.999983
2021-06-16,8.8267,8.8526,8.7840,8.8485,9667576,0.003824,54.511800,0.092390,8.738900,8.636340,0.015581,0.999983
2021-06-17,8.9071,9.1181,8.9071,9.0866,11536035,0.026907,61.555780,0.106176,8.777916,8.651273,0.016122,0.999983
2021-06-18,9.0748,9.1480,9.0748,9.1224,11425996,0.003942,62.496722,0.118625,8.804403,8.667990,0.014511,0.999983
2021-06-21,9.1548,9.3680,9.1548,9.3354,6781866,0.023351,67.578799,0.144019,8.841687,8.690972,0.015168,0.999983
2021-06-22,9.3379,9.4489,9.3379,9.4376,8945996,0.010947,69.700037,0.170426,8.876702,8.711452,0.014951,0.999984
2021-06-23,9.4408,9.7581,9.4408,9.6970,11814503,0.027484,74.296936,0.209865,8.924990,8.733525,0.015793,0.999986
2021-06-24,9.7002,9.7384,9.6502,9.6887,6343061,-0.000859,73.909277,0.237708,8.972980,8.755315,0.015805,0.999985
2021-06-25,9.7640,10.1214,9.7640,10.0810,14528680,0.040491,79.370452,0.288108,9.044652,8.785738,0.017232,0.999986
2021-06-28,10.0542,10.0542,9.9320,10.0029,10918874,-0.007747,75.961760,0.318083,9.111471,8.814925,0.017544,0.999986
2021-06-29,9.9671,9.9671,9.7641,9.8808,16166360,-0.012206,70.839756,0.328203,9.169746,8.840947,0.018081,0.999985
2021-06-30,9.8869,9.8869,9.6125,9.6868,12618299,-0.019636,63.510831,0.316914,9.223827,8.858451,0.018531,0.999984
2021-07-01,9.6924,10.1170,9.6924,10.0726,17262120,0.039832,70.129291,0.335237,9.298003,8.882409,0.019884,0.999982
2021-07-02,10.0799,10.2551,10.0799,10.2147,20605613,0.014105,72.133618,0.357106,9.383527,8.907022,0.019456,0.999981
2021-07-05,10.2692,10.2692,10.1128,10.1627,15187885,-0.005092,70.274420,0.366021,9.449828,8.927023,0.018384,0.999980
2021-07-06,10.1544,10.4872,10.1544,10.3806,8755160,0.021446,73.371408,0.386221,9.527572,8.954834,0.018537,0.999978
2021-07-07,10.3651,10.5126,10.3651,10.5034,8973336,0.011826,74.954247,0.407439,9.599846,8.982780,0.018074,0.999978
2021-07-08,10.4916,10.8562,10.4916,10.8536,12727390,0.033340,78.821452,0.447354,9.691005,9.018601,0.018766,0.999979
2021-07-09,10.8098,10.8098,10.5632,10.5811,10528003,-0.025107,69.790688,0.451790,9.766463,9.056318,0.020281,0.999980
2021-07-12,10.5655,10.5951,10.4615,10.5382,7679501,-0.004051,68.461895,0.446697,9.849454,9.099174,0.019315,0.999979
2021-07-13,10.4844,10.5148,10.4221,10.4604,15762124,-0.007380,66.006350,0.431413,9.931735,9.143248,0.019324,0.999980
2021-07-14,10.4388,10.4388,10.0628,10.1252,14320550,-0.032045,56.585863,0.387781,9.995571,9.179140,0.021364,0.999981
2021-07-15,10.1059,10.3433,10.1059,10.3061,10820769,0.017865,59.910844,0.363607,10.056547,9.218299,0.021013,0.999981
2021-07-16,10.2534,10.3806,10.0924,10.2621,10939646,-0.004265,58.733716,0.337017,10.113534,9.256049,0.021146,0.999981
2021-07-19,10.2431,10.4016,10.2431,10.3903,15352553,0.012493,61.132444,0.322571,10.166280,9.290837,0.020817,0.999981
2021-07-20,10.3091,10.8729,10.3091,10.8084,12113195,0.040239,67.722041,0.340929,10.234821,9.337574,0.022199,0.999981
2021-07-21,10.7359,10.7717,10.6478,10.7481,5091719,-0.005578,65.984892,0.346618,10.287379,9.383131,0.021824,0.999981
2021-07-22,10.7637,10.7637,10.6693,10.6761,9542810,-0.006699,63.877355,0.341381,10.336752,9.426323,0.021951,0.999982
2021-07-23,10.6988,10.7494,10.6697,10.6997,10163271,0.002207,64.279431,0.335267,10.367689,9.472028,0.020309,0.999983
2021-07-26,10.6858,11.0318,10.6858,10.8779,7991278,0.016655,67.248684,0.340872,10.411441,9.521173,0.020352,0.999982
2021-07-27,10.9364,10.9364,10.6515,10.7793,10241355,-0.009068,64.073903,0.333511,10.456366,9.572718,0.020229,0.999981
2021-07-28,10.7275,10.7482,10.5747,10.6712,10169559,-0.010028,60.692549,0.315320,10.505587,9.618176,0.019732,0.999982
2021-07-29,10.7283,10.9563,10.7283,10.8630,9945107,0.017974,64.293501,0.312775,10.545106,9.669310,0.018253,0.999982
2021-07-30,10.8564,10.9892,10.8355,10.9340,8040033,0.006540,65.552225,0.312884,10.581073,9.716138,0.018109,0.999983
2021-08-02,10.9160,10.9160,10.4733,10.5726,11520639,-0.033051,54.941772,0.280576,10.601573,9.755796,0.019812,0.999983
2021-08-03,10.5895,10.5895,10.2918,10.3631,12428510,-0.019822,49.897741,0.235347,10.600696,9.788312,0.019847,0.999983
2021-08-04,10.4131,10.6538,10.4131,10.6268,10903813,0.025446,55.441136,0.218266,10.606866,9.826222,0.020493,0.999983
2021-08-05,10.5649,10.7277,10.5649,10.6993,9520688,0.006827,56.855461,0.208183,10.599154,9.865632,0.019086,0.999983
2021-08-06,10.6697,10.6697,10.5585,10.5664,14223000,-0.012425,53.504083,0.187306,10.598421,9.904009,0.018426,0.999983
2021-08-09,10.5325,10.5439,10.5153,10.5394,12192748,-0.002554,52.823458,0.166662,10.598482,9.941467,0.018411,0.999983
2021-08-10,10.5835,10.6490,10.4758,10.5437,7397694,0.000405,52.925494,0.148929,10.602644,9.978035,0.018325,0.999982
2021-08-11,10.6094,10.7884,10.6094,10.6774,14074827,0.012681,56.125680,0.144004,10.630253,10.019479,0.016803,0.999981
2021-08-12,10.6487,10.6487,10.3986,10.4442,8281444,-0.021841,49.770055,0.119901,10.637156,10.056581,0.017268,0.999980
2021-08-13,10.4191,10.4191,10.2524,10.3024,11892532,-0.013575,46.334889,0.088341,10.639168,10.092544,0.017535,0.999980
2021-08-16,10.2362,10.3908,10.2362,10.3514,12805982,0.004757,47.679328,0.066517,10.637221,10.122839,0.017338,0.999980
2021-08-17,10.3556,10.3556,10.3255,10.3371,11842904,-0.001383,47.306556,0.047519,10.613654,10.153066,0.014516,0.999982
2021-08-18,10.3939,10.4478,10.3939,10.4387,9407010,0.009828,50.277692,0.040197,10.598180,10.180682,0.014730,0.999982
2021-08-19,10.4783,10.4783,10.1371,10.2303,6612875,-0.019958,44.710285,0.017383,10.575890,10.204681,0.015272,0.999983
2021-08-20,10.2777,10.3497,10.2648,10.2902,13011150,0.005850,46.541675,0.004085,10.555414,10.229047,0.015347,0.999979
2021-08-23,10.2708,10.5121,10.2708,10.4805,9171312,0.018492,51.987062,0.008799,10.535542,10.261089,0.015468,0.999979
2021-08-24,10.4591,10.6539,10.4591,10.5666,14810781,0.008221,54.258901,0.019266,10.524910,10.296126,0.015520,0.999978
2021-08-25,10.5110,10.6378,10.5110,10.5936,12835104,0.002548,54.975757,0.029394,10.521029,10.331027,0.015384,0.999978
2021-08-26,10.5810,10.6447,10.5021,10.5780,9896527,-0.001465,54.445830,0.035756,10.506781,10.360856,0.014774,0.999977
2021-08-27,10.6557,10.6557,10.3928,10.4341,17081948,-0.013610,49.664626,0.028848,10.481783,10.387090,0.014903,0.999977
2021-08-30,10.3987,10.5016,10.3832,10.4217,17254856,-0.001184,49.264749,0.022121,10.474235,10.408816,0.013019,0.999974
2021-08-31,10.3181,10.6591,10.3181,10.6446,15851511,0.021392,56.128134,0.034383,10.488314,10.432956,0.013085,0.999974
2021-09-01,10.6929,10.6929,10.5663,10.6259,13036127,-0.001765,55.447282,0.042100,10.488268,10.451534,0.011808,0.999974
2021-09-02,10.5946,10.5946,10.4675,10.4710,11130969,-0.014571,50.059124,0.035315,10.476853,10.467181,0.012128,0.999973
2021-09-03,10.4199,10.5098,10.3250,10.3883,12881585,-0.007896,47.409565,0.023000,10.467951,10.473328,0.011944,0.999974
2021-09-06,10.4259,10.4357,10.3416,10.4255,7650378,0.003572,48.721355,0.016050,10.462253,10.481780,0.011975,0.999973
2021-09-07,10.3790,10.4318,10.2946,10.3635,9669498,-0.005943,46.629798,0.005479,10.453244,10.491434,0.012034,0.999973
2021-09-08,10.3530,10.5192,10.3530,10.4480,14288484,0.008153,49.794865,0.003875,10.441775,10.506658,0.011808,0.999972
2021-09-09,10.4380,10.5801,10.4380,10.5407,6946084,0.008877,53.083954,0.009973,10.446604,10.516021,0.010921,0.999971
2021-09-10,10.6020,10.7581,10.6020,10.7008,9449251,0.015181,58.175070,0.027403,10.466523,10.525743,0.010861,0.999971
2021-09-13,10.6943,10.9769,10.6943,10.9584,8163035,0.024077,64.798256,0.061298,10.496873,10.541657,0.011930,0.999971
2021-09-14,10.9717,11.2177,10.9717,11.1446,13007850,0.016993,68.661184,0.102011,10.537250,10.556937,0.012284,0.999971
2021-09-15,11.0635,11.0635,10.9521,10.9764,7409771,-0.015092,62.039364,0.119330,10.564137,10.566398,0.012893,0.999971
2021-09-16,10.9115,10.9115,10.8130,10.8157,14835793,-0.014640,56.438709,0.118719,10.593407,10.565642,0.012451,0.999972
2021-09-17,10.7815,10.8567,10.7550,10.8058,16503655,-0.000915,56.102982,0.116099,10.619190,10.570137,0.012457,0.999969
2021-09-20,10.8332,10.8332,10.6283,10.7282,9306326,-0.007182,53.418132,0.106532,10.631577,10.573938,0.012040,0.999969
2021-09-21,10.7182,10.7182,10.3648,10.5309,10494486,-0.018397,47.227967,0.082078,10.629789,10.575347,0.012682,0.999971
2021-09-22,10.4962,10.5145,10.4535,10.4582,11848690,-0.006897,45.154329,0.056189,10.623022,10.582008,0.012754,0.999969
2021-09-23,10.4757,10.4757,10.2546,10.3781,12550030,-0.007665,42.914548,0.028871,10.613024,10.583447,0.012852,0.999969
2021-09-24,10.4160,10.4160,10.1884,10.2631,15022605,-0.011078,39.860853,-0.002033,10.604476,10.583467,0.012732,0.999968
2021-09-27,10.2921,10.2921,10.1950,10.2108,11790952,-0.005095,38.518250,-0.030393,10.593931,10.579876,0.012769,0.999969
2021-09-28,10.2184,10.5166,10.2184,10.4167,13151268,0.020167,46.202256,-0.035840,10.582535,10.572042,0.012659,0.999970
2021-09-29,10.4990,10.5301,10.3628,10.4531,6758715,0.003496,47.453014,-0.036794,10.573899,10.566142,0.012697,0.999970
2021-09-30,10.4348,10.9784,10.4348,10.8908,19385676,0.041871,59.608011,-0.002207,10.594888,10.570435,0.015438,0.999972
2021-10-01,10.9020,10.9727,10.7388,10.9245,5144897,0.003091,60.367392,0.027601,10.621696,10.574931,0.015259,0.999970
2021-10-04,10.8512,10.9514,10.8100,10.8726,12875504,-0.004754,58.538991,0.046498,10.644051,10.574824,0.015345,0.999969
2021-10-05,10.8533,10.8993,10.7802,10.8765,8474555,0.000362,58.641297,0.061088,10.669701,10.576768,0.015233,0.999969
2021-10-06,10.8798,11.0453,10.8639,10.9252,10561495,0.004480,59.957834,0.075710,10.693563,10.581849,0.015184,0.999967
2021-10-07,10.9542,11.0919,10.9542,11.0078,11610531,0.007558,62.156194,0.092890,10.716916,10.584745,0.015157,0.999966
2021-10-08,11.0413,11.4235,11.0413,11.3970,8093394,0.035353,70.402996,0.136336,10.751727,10.594004,0.016657,0.999968
2021-10-11,11.4225,11.4225,11.2178,11.2413,15736389,-0.013661,64.360076,0.156401,10.765870,10.607376,0.016312,0.999968
2021-10-12,11.2617,11.4377,11.2502,11.4044,7048199,0.014508,67.506183,0.183349,10.778856,10.628202,0.016196,0.999967
2021-10-13,11.4755,11.4755,11.3728,11.4459,12070247,0.003640,68.273882,0.205683,10.802328,10.644583,0.015735,0.999967
2021-10-14,11.4441,11.4441,11.0061,11.1566,12594904,-0.025274,57.991527,0.197762,10.819371,10.653728,0.016496,0.999965
2021-10-15,11.1322,11.3131,11.1322,11.3049,9197257,0.013292,61.216154,0.201131,10.844322,10.668498,0.016683,0.999964
2021-10-18,11.2791,11.5601,11.2791,11.5460,8068328,0.021333,65.812315,0.220718,10.885213,10.688631,0.017036,0.999964
2021-10-19,11.5312,11.5312,11.2802,11.3841,11784806,-0.014024,60.618271,0.220632,10.927876,10.705440,0.016762,0.999964
2021-10-20,11.4318,11.5117,11.3646,11.3845,10145121,0.000034,60.626271,0.218081,10.974190,10.719583,0.016595,0.999964
2021-10-21,11.3222,11.3222,10.9644,11.0659,13486602,-0.027988,51.374806,0.188179,11.008581,10.732018,0.017939,0.999966
2021-10-22,11.0468,11.0468,10.8232,10.8368,8991337,-0.020704,45.945624,0.144332,11.037266,10.742706,0.018468,0.999965
2021-10-25,10.9037,11.1233,10.9037,11.0296,17361899,0.017796,50.671211,0.123717,11.078207,10.756270,0.018656,0.999964
2021-10-26,11.0731,11.0731,10.8560,10.9475,6806878,-0.007447,48.717787,0.099605,11.104746,10.768479,0.018419,0.999964
2021-10-27,10.9739,10.9739,10.6144,10.7507,11372141,-0.017981,44.309026,0.063875,11.119622,10.774718,0.018985,0.999963
2021-10-28,10.7672,10.8613,10.7283,10.7945,7475235,0.004081,45.493091,0.038654,11.114807,10.786002,0.016478,0.999963
2021-10-29,10.7740,10.7740,10.6267,10.7046,10091877,-0.008334,43.453071,0.011276,11.103811,10.794290,0.016552,0.999963
2021-11-01,10.7239,10.7239,10.5209,10.6231,9505950,-0.007611,41.632320,-0.016801,11.091338,10.797142,0.016599,0.999963
2021-11-02,10.5856,10.8070,10.5856,10.7563,14448284,0.012537,45.641785,-0.027984,11.085326,10.800935,0.016874,0.999964
2021-11-03,10.7349,10.7349,10.5209,10.5534,5972238,-0.018861,41.019239,-0.052610,11.066735,10.800131,0.017318,0.999965
2021-11-04,10.6028,10.6028,10.2368,10.3987,12881296,-0.014658,37.869690,-0.083644,11.036280,10.796545,0.017413,0.999968
2021-11-05,10.3783,10.4895,10.3456,10.4291,7681329,0.002925,38.863597,-0.104580,10.987887,10.796446,0.015030,0.999967
2021-11-08,10.4506,10.6003,10.4506,10.6001,11698675,0.016397,44.262637,-0.106149,10.955830,10.800014,0.015541,0.999967
2021-11-09,10.6240,10.9021,10.6240,10.8220,11982626,0.020934,50.385593,-0.088466,10.926714,10.803562,0.015978,0.999968
2021-11-10,10.8395,10.8395,10.6113,10.7048,7146147,-0.010829,47.422723,-0.082953,10.889663,10.805141,0.016013,0.999968
2021-11-11,10.6910,10.9575,10.6910,10.8753,10507491,0.015927,51.858041,-0.064087,10.875601,10.813227,0.015673,0.999968
2021-11-12,10.9007,10.9007,10.6735,10.7387,9520048,-0.012561,48.339480,-0.059473,10.847294,10.820235,0.015484,0.999972
2021-11-15,10.7941,11.1271,10.7941,11.0711,21943578,0.030954,56.138364,-0.028664,10.823548,10.833149,0.016385,0.999973
2021-11-16,11.0643,11.0643,10.7996,10.8680,8219677,-0.018348,51.064989,-0.020403,10.797742,10.843239,0.016580,0.999974
2021-11-17,10.9162,11.2599,10.9162,11.1140,10171632,0.022635,56.224330,0.005925,10.784216,10.856560,0.017485,0.999974
2021-11-18,11.1828,11.1828,10.8634,10.9950,8279762,-0.010705,53.297655,0.016995,10.780673,10.865645,0.016482,0.999975
2021-11-19,11.0063,11.4684,11.0063,11.3702,10660561,0.034126,60.313995,0.055405,10.807346,10.879035,0.017424,0.999976
2021-11-22,11.3605,11.5103,11.3605,11.4846,8217897,0.010054,62.178431,0.093987,10.830093,10.889558,0.017151,0.999978
2021-11-23,11.4910,11.4910,11.2625,11.2958,13574266,-0.016437,57.384289,0.108085,10.847507,10.892582,0.017530,0.999978
2021-11-24,11.2027,11.2339,11.1800,11.2014,8393369,-0.008355,55.097246,0.110370,10.870045,10.897081,0.017087,0.999978
2021-11-25,11.2217,11.4213,11.2217,11.3501,10462846,0.013271,57.940750,0.122761,10.897822,10.907768,0.017263,0.999979
2021-11-26,11.3434,11.7193,11.3434,11.5527,11949018,0.017857,61.518882,0.147238,10.940231,10.922706,0.017379,0.999979
2021-11-29,11.5573,11.5573,11.5350,11.5434,8875614,-0.000810,61.259851,0.163991,10.986245,10.939009,0.017206,0.999979
2021-11-30,11.6154,11.6154,11.5058,11.5548,6489343,0.000988,61.472876,0.176158,11.026172,10.959488,0.017109,0.999978
2021-12-01,11.5793,11.7486,11.5793,11.7034,8344986,0.012861,64.232384,0.195537,11.083672,10.984391,0.016359,0.999980
2021-12-02,11.6567,11.7421,11.6187,11.7311,9646165,0.002368,64.739684,0.210703,11.150293,11.011452,0.015694,0.999980
2021-12-03,11.6716,11.6716,11.3669,11.4852,11975322,-0.020963,57.013417,0.200566,11.203097,11.035894,0.016822,0.999980
2021-12-06,11.5286,11.5286,11.2950,11.3335,12329405,-0.013212,52.824205,0.178234,11.239764,11.058347,0.017064,0.999980
2021-12-07,11.3245,11.4058,11.1917,11.3795,9088297,0.004064,53.930713,0.162380,11.267638,11.077603,0.016566,0.999979
2021-12-08,11.3349,11.6848,11.3349,11.6133,18652836,0.020543,59.165730,0.166757,11.313060,11.100806,0.016708,0.999979
2021-12-09,11.6883,12.0199,11.6883,11.9337,9595686,0.027590,65.031208,0.193846,11.365978,11.121663,0.017330,0.999978
2021-12-10,11.8774,12.1681,11.8774,12.0922,11612849,0.013280,67.516581,0.225503,11.433651,11.145017,0.016927,0.999979
2021-12-13,12.1475,12.1715,12.1450,12.1514,10451277,0.004895,68.419403,0.252457,11.487662,11.170593,0.015883,0.999978
2021-12-14,12.1452,12.3604,12.1452,12.3056,11711665,0.012694,70.704331,0.283003,11.559543,11.199176,0.014995,0.999978
2021-12-15,12.3168,12.3168,12.1374,12.1722,11774506,-0.010841,66.240340,0.293067,11.612453,11.224116,0.014948,0.999978
2021-12-16,12.1892,12.1892,12.0537,12.1432,14704628,-0.002384,65.274773,0.295297,11.669861,11.246823,0.014610,0.999978
2021-12-17,12.1983,12.1983,11.9284,11.9816,8616841,-0.013307,60.028485,0.280790,11.700429,11.258516,0.013451,0.999980
2021-12-20,11.9723,11.9723,11.7162,11.7406,10339982,-0.020112,53.165745,0.247000,11.713232,11.268503,0.014251,0.999980
2021-12-21,11.7875,11.8216,11.7111,11.8081,11584416,0.005747,54.726346,0.223094,11.738848,11.276578,0.013657,0.999980
2021-12-22,11.8073,11.9074,11.7722,11.8472,6401374,0.003308,55.647854,0.204938,11.771135,11.284604,0.013425,0.999980
2021-12-23,11.8124,12.0266,11.7634,11.9866,14213777,0.011769,58.866041,0.199500,11.802961,11.301204,0.013368,0.999978
2021-12-24,11.9186,12.2455,11.9186,12.0979,18011922,0.009284,61.280904,0.201843,11.830217,11.317064,0.012992,0.999978
2021-12-27,12.1084,12.2104,12.1084,12.1506,13794307,0.004358,62.406935,0.205584,11.860577,11.329155,0.012977,0.999980
2021-12-28,12.0993,12.3058,12.0993,12.2639,11165149,0.009322,64.777034,0.215209,11.896030,11.346749,0.013054,0.999978
2021-12-29,12.3089,12.3089,12.2270,12.2586,17430745,-0.000425,64.575457,0.219881,11.923792,11.364232,0.012866,0.999978
2021-12-30,12.2373,12.3444,12.2373,12.3441,10049804,0.006972,66.422126,0.227854,11.954442,11.389796,0.012907,0.999977
2021-12-31,12.3066,12.3066,12.1404,12.2002,7935068,-0.011661,60.683945,0.220020,11.990190,11.417064,0.012158,0.999977
2022-01-03,12.2222,12.3925,12.2140,12.2770,15426690,0.006299,62.544263,0.217506,12.037368,11.442012,0.011548,0.999977
2022-01-04,12.1947,12.5008,12.1947,12.4174,10280550,0.011435,65.733946,0.224256,12.089262,11.471409,0.011665,0.999977
2022-01-05,12.4190,12.4190,12.2755,12.2832,9870467,-0.010804,60.437081,0.216287,12.122760,11.502061,0.011492,0.999977
2022-01-06,12.1761,12.4266,12.1761,12.2974,10123482,0.001150,60.795206,0.208705,12.140943,11.532118,0.009910,0.999979
2022-01-07,12.2705,12.2705,12.1266,12.1737,9858477,-0.010060,56.012179,0.190518,12.145017,11.561499,0.009830,0.999980
2022-01-10,12.2011,12.2011,12.0551,12.0704,6566785,-0.008480,52.313396,0.165862,12.140969,11.590446,0.009961,0.999980
2022-01-11,12.1081,12.1081,11.7810,11.8490,7524040,-0.018341,45.391026,0.126995,12.118140,11.612301,0.010246,0.999981
2022-01-12,11.8234,12.1885,11.8234,12.1005,13716785,0.021226,53.000001,0.115160,12.114557,11.643244,0.011225,0.999981
2022-01-13,12.1471,12.3848,12.1390,12.3182,7759330,0.017991,58.403014,0.121941,12.123310,11.681635,0.011923,0.999980
2022-01-14,12.2880,12.5136,12.2880,12.4306,8949199,0.009119,60.900544,0.134825,12.145759,11.721665,0.011577,0.999981
2022-01-17,12.4069,12.8958,12.4069,12.8484,13694105,0.033616,68.481757,0.176717,12.201149,11.766631,0.012404,0.999980
2022-01-18,12.9392,12.9946,12.7290,12.8119,8590013,-0.002840,67.255428,0.204613,12.251342,11.806429,0.012510,0.999979
2022-01-19,12.7867,13.5944,12.7867,13.4755,17427173,0.051789,75.756987,0.277068,12.332757,11.861842,0.016421,0.999980
2022-01-20,13.3445,13.5502,13.3445,13.4275,9899893,-0.003563,74.254761,0.326847,12.404801,11.912884,0.016524,0.999980
2022-01-21,13.4313,13.5566,13.4017,13.4874,11873808,0.004462,74.923014,0.366903,12.474276,11.967857,0.016506,0.999980
2022-01-24,13.4809,13.5309,13.3820,13.4007,12414853,-0.006429,72.009697,0.387187,12.536780,12.014447,0.016723,0.999980
2022-01-25,13.4498,13.5560,13.4032,13.4867,12859400,0.006421,73.126445,0.405531,12.597923,12.066821,0.016696,0.999979
2022-01-26,13.5437,13.7700,13.5437,13.6753,7779890,0.013981,75.439003,0.430323,12.668753,12.118047,0.016765,0.999977
2022-01-27,13.6298,13.7736,13.5768,13.6532,6319804,-0.001611,74.631048,0.443086,12.734210,12.171211,0.016838,0.999977
2022-01-28,13.6820,14.0782,13.6820,14.0631,9834806,0.030023,79.113926,0.480735,12.827359,12.225069,0.017219,0.999978
2022-01-31,13.9776,14.1385,13.9776,14.1222,14227757,0.004202,79.671574,0.509467,12.919619,12.277822,0.017231,0.999978
2022-02-01,14.0404,14.2251,14.0404,14.1886,7112153,0.004701,80.307750,0.531468,13.008181,12.335679,0.017209,0.999977
2022-02-02,14.1477,14.1477,13.9528,13.9792,12228131,-0.014763,72.588968,0.525939,13.092977,12.391234,0.017444,0.999978
2022-02-03,13.8678,14.0901,13.8678,14.0807,8976262,0.007264,73.898712,0.523715,13.182144,12.445846,0.017396,0.999978
2022-02-04,14.1706,14.1706,14.0208,14.0544,7184799,-0.001871,72.925080,0.513901,13.276178,12.495879,0.017069,0.999978
2022-02-07,14.0489,14.0489,13.8289,13.9156,9724378,-0.009875,67.853560,0.489285,13.368436,12.543322,0.017139,0.999977
2022-02-08,13.9484,13.9484,13.6955,13.7397,20509627,-0.012635,61.973702,0.450397,13.462971,12.587021,0.016733,0.999977
2022-02-09,13.7274,14.4176,13.7274,14.3668,10246980,0.045640,71.469684,0.464821,13.576285,12.640289,0.018572,0.999977
2022-02-10,14.3040,14.3518,14.2748,14.3072,8152276,-0.004150,69.687771,0.466068,13.675733,12.691811,0.018654,0.999977
2022-02-11,14.2741,14.2741,13.9238,13.9686,9535068,-0.023669,60.466786,0.434720,13.752632,12.741479,0.019918,0.999977
2022-02-14,13.9109,13.9109,13.7958,13.8099,10450678,-0.011360,56.681882,0.392548,13.800705,12.791007,0.019165,0.999977
2022-02-15,13.7552,13.8636,13.7408,13.8010,6964558,-0.000645,56.468160,0.354322,13.850156,12.839437,0.019131,0.999977
2022-02-16,13.7786,14.0929,13.7786,13.9294,13730279,0.009304,58.874751,0.330578,13.872852,12.885758,0.015559,0.999976
2022-02-17,13.9091,14.2063,13.9091,14.0611,8189045,0.009455,61.241674,0.318714,13.904533,12.928306,0.015596,0.999976
2022-02-18,14.1089,14.3843,14.1089,14.2230,13574083,0.011518,63.986516,0.318706,13.941316,12.970923,0.015724,0.999976
2022-02-21,14.2094,14.2094,14.0250,14.0756,9819592,-0.010368,59.831621,0.303305,13.975062,13.009407,0.015869,0.999977
2022-02-22,14.0573,14.1911,13.9902,14.1573,22487363,0.005809,61.330967,0.294304,14.008593,13.046442,0.015862,0.999976
2022-02-23,14.1927,14.1927,13.8833,13.9559,10529239,-0.014226,55.805317,0.267832,14.022626,13.082116,0.016045,0.999977
2022-02-24,13.9284,13.9284,13.7451,13.8171,13868311,-0.009944,52.308129,0.232969,14.030822,13.115595,0.016227,0.999977
2022-02-25,13.8226,13.8226,13.4897,13.6104,17372977,-0.014967,47.528530,0.186503,14.008182,13.148170,0.015025,0.999977
2022-02-28,13.6160,13.6160,13.1448,13.3486,6328676,-0.019228,42.265211,0.127096,13.969503,13.180331,0.015462,0.999977
2022-03-01,13.4579,13.6143,13.4579,13.5865,14705329,0.017821,47.911790,0.098080,13.939399,13.215899,0.016059,0.999976
2022-03-02,13.5717,13.7708,13.5717,13.7437,16155344,0.011568,51.300682,0.086767,13.927626,13.253830,0.016041,0.999974
2022-03-03,13.7542,14.0889,13.7542,13.9705,13003521,0.016503,55.772636,0.095008,13.922117,13.293509,0.016412,0.999975
2022-03-04,13.9512,14.0508,13.9512,13.9830,6999790,0.000895,56.012401,0.101379,13.918551,13.331212,0.016410,0.999975
2022-03-07,14.0010,14.1875,14.0010,14.1689,5804293,0.013295,59.526194,0.120046,13.931219,13.371579,0.016503,0.999976
2022-03-08,14.1453,14.1453,13.6733,13.7661,13502723,-0.028429,50.173994,0.101170,13.932538,13.401624,0.017537,0.999974
2022-03-09,13.7440,14.0126,13.7440,13.9669,11921515,0.014586,54.049441,0.101245,13.912542,13.435789,0.014400,0.999974
2022-03-10,13.9602,14.0775,13.9602,14.0111,9077457,0.003161,54.880422,0.103672,13.897735,13.469128,0.014417,0.999975
2022-03-11,14.0635,14.2199,14.0635,14.1598,10430039,0.010613,57.657895,0.116254,13.907294,13.508320,0.013587,0.999974
2022-03-14,14.1695,14.3234,14.1695,14.2498,7241438,0.006359,59.291966,0.131970,13.929289,13.547776,0.013330,0.999974
2022-03-15,14.2179,14.2179,13.8815,14.0212,12493963,-0.016041,53.632961,0.124544,13.940300,13.579852,0.013902,0.999974
2022-03-16,14.0127,14.0127,13.6291,13.6794,11724298,-0.024374,46.488920,0.090043,13.927804,13.607776,0.014836,0.999975
2022-03-17,13.6408,13.6408,13.4876,13.5202,20913535,-0.011644,43.575609,0.049281,13.900758,13.632232,0.014819,0.999975
2022-03-18,13.5305,13.6687,13.5305,13.6510,15986798,0.009680,46.540105,0.027224,13.872159,13.661780,0.014737,0.999976
2022-03-21,13.6472,13.8904,13.6472,13.8118,13308561,0.011773,50.013175,0.022452,13.858968,13.696607,0.014902,0.999976
2022-03-22,13.8243,13.8243,13.4853,13.5050,11903830,-0.022213,44.120409,-0.006016,13.826349,13.729725,0.015547,0.999978
2022-03-23,13.4357,13.4357,13.2756,13.2904,9860208,-0.015885,40.525013,-0.045365,13.793074,13.753523,0.015619,0.999978
2022-03-24,13.3351,13.3351,13.1005,13.1348,10934121,-0.011713,38.098719,-0.088095,13.758955,13.769853,0.015669,0.999979
2022-03-25,13.1896,13.1896,12.9916,13.0616,8574232,-0.005573,36.977660,-0.126408,13.731515,13.782473,0.015412,0.999979
2022-03-28,13.1201,13.1201,12.6860,12.7725,9139724,-0.022133,32.864459,-0.178046,13.702706,13.780953,0.015596,0.999980
2022-03-29,12.7269,12.7269,12.3247,12.4750,11263254,-0.023287,29.258446,-0.240202,13.647131,13.774215,0.015543,0.999980
2022-03-30,12.4041,12.4041,12.2367,12.3090,12411389,-0.013310,27.447918,-0.299407,13.575396,13.750886,0.015211,0.999980
2022-03-31,12.3803,12.3803,12.3117,12.3287,9811827,0.001599,28.016596,-0.340811,13.493304,13.728910,0.014427,0.999980
2022-04-01,12.3307,12.3307,12.0840,12.0936,12364996,-0.019069,25.450624,-0.388120,13.398831,13.701034,0.014605,0.999979
2022-04-04,12.0234,12.1076,11.9704,12.0730,5268488,-0.001703,25.232609,-0.422406,13.294034,13.674481,0.013867,0.999979
2022-04-05,12.1085,12.3708,12.1085,12.2877,13403526,0.017788,31.793687,-0.427323,13.220115,13.650501,0.014112,0.999979
2022-04-06,12.2355,12.2355,11.9634,12.0285,18271979,-0.021099,28.537831,-0.446987,13.123194,13.617565,0.013678,0.999979
2022-04-07,12.0455,12.0749,11.8400,11.9927,5690878,-0.002978,28.109504,-0.460157,13.022274,13.584354,0.013498,0.999978
2022-04-08,11.9821,12.2144,11.9821,12.1990,8478268,0.017205,34.232636,-0.448772,12.924235,13.547071,0.014037,0.999978
2022-04-11,12.1543,12.1559,12.1121,12.1190,15246327,-0.006555,33.057548,-0.441116,12.817697,13.507007,0.013666,0.999977
2022-04-12,12.0463,12.0463,11.9873,12.0064,7129925,-0.009294,31.421327,-0.439077,12.716957,13.463362,0.013539,0.999977
2022-04-13,12.0368,12.3570,12.0368,12.2435,18671498,0.019751,38.340886,-0.413558,12.645161,13.428650,0.014246,0.999977
2022-04-14,12.2020,12.2438,12.0671,12.1857,7379004,-0.004724,37.351062,-0.393465,12.578437,13.390750,0.014171,0.999977
2022-04-15,12.1169,12.4602,12.1169,12.4125,8333474,0.018614,43.510528,-0.355145,12.516511,13.357913,0.014788,0.999978
2022-04-18,12.4043,12.5097,12.4043,12.5044,9146468,0.007400,45.832951,-0.313748,12.451141,13.329689,0.014563,0.999978
2022-04-19,12.5043,12.5107,12.3227,12.4375,11997902,-0.005347,44.401850,-0.283072,12.397769,13.303644,0.013982,0.999978
2022-04-20,12.4881,12.5566,12.3509,12.5412,12826007,0.008341,47.158708,-0.247537,12.360309,13.267133,0.013949,0.999978
2022-04-21,12.6327,12.6615,12.4843,12.6101,7202157,0.005493,48.968319,-0.211380,12.334078,13.233191,0.013901,0.999978
2022-04-22,12.6584,12.8295,12.6130,12.8295,13045366,0.017392,54.330482,-0.163148,12.322473,13.210409,0.014520,0.999976
2022-04-25,12.7939,12.7939,12.6121,12.7139,7474747,-0.009008,51.273299,-0.132718,12.319544,13.188489,0.013783,0.999975
2022-04-26,12.6515,12.7294,12.6515,12.7275,9648530,0.001071,51.618907,-0.106278,12.332168,13.167020,0.012661,0.999974
2022-04-27,12.6895,12.8285,12.6895,12.7185,12339865,-0.000712,51.358003,-0.085074,12.352640,13.142801,0.012213,0.999974
2022-04-28,12.6956,12.9161,12.6956,12.8723,9764325,0.012098,55.474187,-0.055218,12.379823,13.119026,0.012431,0.999974
2022-04-29,12.8408,12.8408,12.6404,12.6597,8989073,-0.016516,49.270389,-0.048156,12.408130,13.087760,0.012212,0.999974
2022-05-02,12.6635,12.9536,12.6635,12.8765,8414340,0.017120,54.817625,-0.024786,12.448304,13.063777,0.012602,0.999974
2022-05-03,12.8013,13.0529,12.8013,12.9785,12214723,0.007927,57.191761,0.001949,12.482843,13.040201,0.012191,0.999974
2022-05-04,13.0253,13.0253,12.5808,12.7039,17400349,-0.021157,49.635858,0.000970,12.516617,13.015162,0.012197,0.999975
2022-05-05,12.7099,13.0420,12.7099,12.9620,17294160,0.020313,55.576079,0.020777,12.565084,12.998059,0.012717,0.999976
2022-05-06,12.9290,13.5026,12.9290,13.4552,10846600,0.038046,64.253080,0.075398,12.627892,12.994955,0.014576,0.999974
2022-05-09,13.5015,13.7186,13.5015,13.6839,6672973,0.017004,67.431330,0.135585,12.706138,13.001661,0.014544,0.999975
2022-05-10,13.6532,14.0415,13.6532,14.0166,11173773,0.024310,71.411428,0.207731,12.806649,13.010262,0.014602,0.999974
2022-05-11,14.0193,14.1211,14.0073,14.0391,7248093,0.001602,71.663190,0.263681,12.896426,13.016170,0.014387,0.999974
2022-05-12,13.9154,13.9154,13.4219,13.6617,17296373,-0.026882,61.811927,0.274405,12.970225,13.009992,0.016087,0.999975
2022-05-13,13.5463,13.5463,13.1175,13.2536,7268568,-0.029873,53.281990,0.247123,13.012276,12.995403,0.017642,0.999976
2022-05-16,13.2398,13.3219,13.2398,13.3146,9010543,0.004610,54.298795,0.227807,13.052790,12.978318,0.017620,0.999975
2022-05-17,13.2956,13.2956,13.0067,13.1842,15003231,-0.009799,51.710506,0.199669,13.090124,12.966679,0.017762,0.999973
2022-05-18,13.2054,13.2054,12.9882,12.9888,10727593,-0.014821,48.018961,0.159760,13.112501,12.947116,0.018151,0.999973
2022-05-19,13.0398,13.1158,12.9174,12.9761,10805013,-0.000974,47.781100,0.125663,13.130800,12.926417,0.018142,0.999971
2022-05-20,13.0215,13.1482,13.0215,13.1136,8932278,0.010592,50.641502,0.108481,13.145006,12.905494,0.017892,0.999971
2022-05-23,13.0864,13.0864,12.7787,12.8048,15512960,-0.023549,44.715125,0.069149,13.149550,12.876593,0.018612,0.999972
2022-05-24,12.8036,12.8495,12.7117,12.7119,15537055,-0.007249,43.083145,0.030140,13.148771,12.850408,0.018691,0.999972
2022-05-25,12.7035,13.1124,12.7035,13.0378,9126533,0.025632,49.984133,0.025227,13.164737,12.837574,0.019540,0.999973
2022-05-26,13.0545,13.0545,12.8104,12.8127,10890121,-0.017266,45.848213,0.003133,13.161754,12.823424,0.019797,0.999972
2022-05-27,12.8317,13.0932,12.8317,13.0026,11007262,0.014825,49.635166,0.000939,13.178899,12.810456,0.019665,0.999973
2022-05-30,12.9167,12.9329,12.7408,12.9006,7139330,-0.007849,47.704739,-0.008932,13.180103,12.792232,0.019413,0.999972
2022-05-31,12.8401,13.0491,12.8401,13.0217,17776122,0.009394,50.182316,-0.006896,13.182264,12.782567,0.019446,0.999972
2022-06-01,13.0235,13.3374,13.0235,13.2643,15211293,0.018626,54.798148,0.014125,13.210281,12.782044,0.019164,0.999972
2022-06-02,13.2585,13.4645,13.2585,13.4330,11909872,0.012720,57.732085,0.043894,13.233831,12.788009,0.018862,0.999972
2022-06-03,13.3800,13.7435,13.3800,13.6397,14236172,0.015387,61.066082,0.083206,13.243059,12.799572,0.017186,0.999973
2022-06-06,13.6142,13.6142,13.2826,13.3862,8322745,-0.018585,55.304563,0.092835,13.228172,12.811847,0.017264,0.999975
2022-06-07,13.3522,13.8324,13.3522,13.6379,8857796,0.018803,59.400418,0.119400,13.209237,12.835105,0.016880,0.999975
2022-06-08,13.6694,13.6694,13.3684,13.4495,12322888,-0.013813,55.314647,0.123824,13.179760,12.857915,0.017094,0.999974
2022-06-09,13.4574,13.5978,13.4574,13.5118,5583260,0.004632,56.383017,0.130849,13.172267,12.881578,0.016104,0.999975
2022-06-10,13.5710,13.6618,13.5710,13.5736,12926960,0.004573,57.469124,0.139790,13.188269,12.911178,0.014557,0.999975
2022-06-13,13.6045,13.7461,13.6045,13.6891,14269713,0.008507,59.499030,0.154413,13.206991,12.943500,0.014629,0.999974
2022-06-14,13.6945,13.7940,13.6945,13.7687,8472492,0.005816,60.885173,0.170462,13.236216,12.973119,0.014410,0.999973
2022-06-15,13.7743,13.7743,13.4871,13.5816,7408717,-0.013590,56.031533,0.166166,13.265856,13.004181,0.014336,0.999973
2022-06-16,13.6179,13.6179,13.2836,13.2843,12358099,-0.021892,49.305396,0.137190,13.281263,13.030013,0.015319,0.999973
2022-06-17,13.3109,13.4853,13.3109,13.4817,6233936,0.014860,53.312726,0.128671,13.299667,13.055666,0.015484,0.999974
2022-06-20,13.5019,13.6397,13.4166,13.5271,12283317,0.003372,54.210458,0.124158,13.335785,13.083828,0.014318,0.999973
2022-06-21,13.6403,13.8102,13.6403,13.7905,11228702,0.019473,59.115601,0.140219,13.389715,13.119511,0.014571,0.999974
2022-06-22,13.8271,13.8271,13.7298,13.7823,10482485,-0.000597,58.903134,0.150548,13.426941,13.150287,0.013693,0.999973
2022-06-23,13.7500,13.7500,13.4212,13.4687,11466752,-0.022757,51.336197,0.131905,13.459740,13.175946,0.014165,0.999974
2022-06-24,13.4411,13.7131,13.4411,13.6901,14135766,0.016440,55.666253,0.133459,13.494114,13.201497,0.014243,0.999974
2022-06-27,13.7339,13.7339,13.5608,13.6090,6618812,-0.005924,53.778952,0.126687,13.529536,13.223590,0.014174,0.999974
2022-06-28,13.7017,13.8387,13.4466,13.6897,8109022,0.005932,55.399987,0.126376,13.562935,13.248634,0.014110,0.999974
2022-06-29,13.7381,13.7381,13.5218,13.5467,11863460,-0.010449,51.924885,0.113283,13.577054,13.268742,0.013868,0.999974
2022-06-30,13.6162,14.0338,13.6162,13.9269,10296519,0.028069,59.243500,0.132065,13.601749,13.295078,0.014926,0.999974
2022-07-01,13.9776,13.9776,13.6935,13.7296,9160175,-0.014167,54.598877,0.129537,13.606244,13.313081,0.014985,0.999975
2022-07-04,13.6844,13.6844,13.5811,13.6559,7946207,-0.005367,52.929913,0.120201,13.619730,13.331921,0.014381,0.999975
2022-07-05,13.6978,13.7130,13.6723,13.6815,9952839,0.001871,53.461085,0.113556,13.621908,13.351001,0.013769,0.999974
2022-07-06,13.6458,13.6458,13.3563,13.4421,7155132,-0.017499,47.995105,0.087957,13.621535,13.365473,0.013990,0.999972
2022-07-07,13.4215,13.5329,13.4215,13.5191,8400016,0.005733,49.775090,0.073045,13.621900,13.378409,0.014011,0.999972
2022-07-08,13.4492,13.9920,13.4492,13.8892,13509260,0.027373,57.328419,0.090050,13.637679,13.402998,0.015264,0.999973
2022-07-11,13.9107,13.9107,13.6728,13.7795,14249722,-0.007896,54.702874,0.093599,13.642200,13.421059,0.015295,0.999973
2022-07-12,13.8470,13.9091,13.8324,13.8730,9093197,0.006787,56.531275,0.102773,13.647418,13.438949,0.015314,0.999973
2022-07-13,13.8849,13.8849,13.2282,13.2575,13767398,-0.044368,43.956164,0.059688,13.631215,13.450020,0.018097,0.999975
2022-07-14,13.2865,13.4555,13.2424,13.2527,8464938,-0.000361,43.874479,0.024871,13.629639,13.455835,0.017420,0.999976
2022-07-15,13.1850,13.2179,13.0868,13.1870,8737861,-0.004958,42.700611,-0.007933,13.614907,13.450472,0.017092,0.999975
2022-07-18,13.2015,13.2015,12.9858,13.0102,6136470,-0.013406,39.628690,-0.047647,13.589062,13.436998,0.017279,0.999976
2022-07-19,12.9711,13.4532,12.9711,13.2516,10114371,0.018550,45.403134,-0.058966,13.562114,13.421697,0.017220,0.999975
2022-07-20,13.2406,13.2406,13.0175,13.1816,8940364,-0.005283,44.085779,-0.072748,13.532077,13.404547,0.017234,0.999975
2022-07-21,13.2304,13.2828,13.1083,13.1458,8094721,-0.002715,43.392720,-0.085571,13.515934,13.394229,0.016538,0.999974
2022-07-22,13.1088,13.1990,12.9699,13.0656,14362819,-0.006102,41.806250,-0.101041,13.484707,13.390470,0.016041,0.999974
2022-07-25,13.0129,13.0129,12.6084,12.6605,7207140,-0.031000,34.873148,-0.144321,13.437284,13.377387,0.017279,0.999975
2022-07-26,12.6141,12.6141,12.3422,12.4288,12179039,-0.018303,31.640196,-0.195071,13.374238,13.362279,0.017435,0.999975
2022-07-27,12.3826,12.6555,12.3826,12.6294,17835957,0.016138,37.077556,-0.216609,13.328373,13.355091,0.017976,0.999976
2022-07-28,12.5916,12.5916,12.1823,12.1951,5752691,-0.034388,31.276598,-0.265660,13.241781,13.339470,0.017654,0.999977
2022-07-29,12.2258,12.2258,11.9139,12.0430,6079373,-0.012474,29.533617,-0.313197,13.157448,13.318058,0.017619,0.999976
2022-08-01,12.0076,12.0076,11.9243,11.9672,14747596,-0.006293,28.676266,-0.352917,13.073010,13.301306,0.017618,0.999975
2022-08-02,11.9520,12.3838,11.9520,12.3222,15258071,0.029664,37.787331,-0.351697,13.005045,13.293510,0.019321,0.999976
2022-08-03,12.3967,12.4904,12.3220,12.4831,7371484,0.013063,41.440164,-0.333891,12.957099,13.282418,0.019491,0.999976
2022-08-04,12.4928,12.4928,12.2981,12.3704,13371089,-0.009028,39.683366,-0.325127,12.899665,13.273573,0.019402,0.999976
2022-08-05,12.3450,12.7428,12.3450,12.6425,19069942,0.021990,45.670560,-0.292854,12.837330,13.266370,0.018973,0.999975
2022-08-08,12.6426,12.6539,12.4721,12.4906,6875921,-0.012013,43.098452,-0.276347,12.772884,13.258171,0.019034,0.999976
2022-08-09,12.5251,12.7250,12.5251,12.7052,14772765,0.017180,47.589813,-0.243147,12.714492,13.251840,0.019501,0.999979
2022-08-10,12.5947,12.5947,12.3012,12.4227,6883175,-0.022235,42.800216,-0.236900,12.672750,13.235008,0.017641,0.999978
2022-08-11,12.4374,12.7025,12.4374,12.6505,13408818,0.018341,47.398376,-0.211130,12.642640,13.219358,0.018278,0.999979
2022-08-12,12.6049,12.6049,12.4891,12.5680,16819102,-0.006522,45.957611,-0.195116,12.611690,13.197925,0.018294,0.999979
2022-08-15,12.5620,12.5620,12.3525,12.3587,8028759,-0.016651,42.434337,-0.197040,12.579116,13.177376,0.018412,0.999979
2022-08-16,12.3739,12.3846,12.2433,12.3167,16722778,-0.003405,41.741284,-0.199659,12.532370,13.150951,0.017739,0.999979
2022-08-17,12.3380,12.3791,12.2494,12.3758,6939561,0.004801,43.146261,-0.194719,12.492082,13.129476,0.017829,0.999978
2022-08-18,12.3660,12.3660,12.2346,12.2764,7899204,-0.008030,41.341840,-0.196556,12.448614,13.104768,0.017864,0.999978
2022-08-19,12.2714,12.4332,12.2714,12.3921,10337692,0.009420,44.263226,-0.186531,12.414940,13.081138,0.018070,0.999978
2022-08-22,12.4030,12.4030,12.2278,12.2759,9460724,-0.009375,42.000303,-0.185817,12.395708,13.052874,0.016882,0.999979
2022-08-23,12.2073,12.4504,12.2073,12.4062,7839061,0.010612,45.372962,-0.172749,12.394577,13.025624,0.016595,0.999979
2022-08-24,12.4006,12.6244,12.4006,12.4997,15120887,0.007541,47.723897,-0.153078,12.388095,13.003987,0.016264,0.999978
2022-08-25,12.4921,12.5407,12.4619,12.4917,15109464,-0.000642,47.534979,-0.136562,12.402927,12.988136,0.014166,0.999978
2022-08-26,12.4498,12.4729,12.3190,12.4044,7282310,-0.006986,45.428304,-0.129028,12.421001,12.966591,0.013937,0.999977
2022-08-29,12.3580,12.4861,12.3580,12.4383,15366718,0.002734,46.421919,-0.118949,12.444560,12.944816,0.013814,0.999977
2022-08-30,12.3506,12.6816,12.3506,12.5561,14145667,0.009469,49.838316,-0.100302,12.456258,12.920127,0.012348,0.999977
2022-08-31,12.5200,13.1059,12.5200,12.9952,17648078,0.034970,60.062391,-0.049521,12.481861,12.904386,0.014291,0.999979
2022-09-01,13.0135,13.2133,13.0135,13.2050,7838506,0.016141,63.852759,0.007561,12.523588,12.899112,0.014367,0.999978
2022-09-02,13.2630,13.4884,13.2630,13.4229,14307201,0.016506,67.323205,0.069585,12.562612,12.893769,0.014042,0.999978
2022-09-05,13.4159,14.1381,13.4159,14.1308,11662930,0.052733,75.537102,0.173851,12.644621,12.904205,0.017430,0.999981
2022-09-06,14.0742,14.3680,14.0742,14.2559,6838304,0.008851,76.653854,0.263538,12.722154,12.915528,0.017256,0.999981
2022-09-07,14.2155,14.4388,14.2155,14.3732,6043473,0.008230,77.683050,0.340162,12.819679,12.932058,0.015935,0.999981
2022-09-08,14.3200,14.5456,14.3200,14.5438,9545772,0.011867,79.123894,0.409926,12.914340,12.944395,0.015766,0.999980
2022-09-09,14.4713,14.4713,14.2844,14.3056,18811425,-0.016373,72.123192,0.440916,13.001220,12.955915,0.016358,0.999980
2022-09-12,14.3811,14.3811,14.2013,14.2037,11797286,-0.007124,69.297360,0.452042,13.093469,12.966871,0.015772,0.999980
2022-09-13,14.1519,14.1809,14.0383,14.0868,14067718,-0.008229,66.098683,0.446284,13.181977,12.974979,0.015977,0.999979
2022-09-14,14.1345,14.3731,14.1242,14.2435,12575364,0.011122,68.216573,0.449185,13.275363,12.991008,0.015997,0.999980
2022-09-15,14.3365,14.3642,14.1713,14.2046,16130151,-0.002730,67.096420,0.443237,13.371774,13.004718,0.015774,0.999979
2022-09-16,14.1603,14.3186,14.1603,14.2403,11609083,0.002511,67.621794,0.436373,13.464186,13.011741,0.015804,0.999979
2022-09-19,14.0822,14.5158,14.0822,14.5017,14176935,0.018355,71.244651,0.446872,13.575476,13.026184,0.015497,0.999979
2022-09-20,14.4281,14.7954,14.4281,14.7158,11076977,0.014761,73.827420,0.467082,13.690955,13.043038,0.015554,0.999979
2022-09-21,14.7026,14.7026,14.6686,14.6814,8705433,-0.002334,72.699308,0.474853,13.800039,13.071516,0.015748,0.999979
2022-09-22,14.7180,14.7180,14.3932,14.5246,7287183,-0.010684,67.616987,0.463018,13.901682,13.096953,0.016198,0.999979
2022-09-23,14.4646,14.8396,14.4646,14.8044,7690149,0.019264,71.451012,0.470789,14.021678,13.129300,0.016009,0.999979
2022-09-26,14.8440,15.0611,14.8440,14.9958,15205854,0.012932,73.741916,0.486784,14.149551,13.169011,0.015961,0.999977
2022-09-27,15.0622,15.0622,14.5872,14.6058,8515550,-0.026005,62.704408,0.462660,14.252036,13.196096,0.017828,0.999979
2022-09-28,14.5824,14.5824,14.4328,14.5349,11108903,-0.004857,60.918189,0.432828,14.329020,13.223163,0.016822,0.999980
2022-09-29,14.4810,14.6744,14.4810,14.5784,7120224,0.002994,61.640063,0.407994,14.397692,13.251816,0.016651,0.999980
2022-09-30,14.5788,14.8764,14.5788,14.7696,9863531,0.013112,64.722582,0.399137,14.465023,13.285896,0.016545,0.999979
2022-10-03,14.7215,15.0136,14.7215,14.9984,6874506,0.015495,68.034503,0.405905,14.508405,13.332654,0.012476,0.999979
2022-10-04,15.0095,15.0873,14.9099,15.0738,12912011,0.005026,69.064684,0.412595,14.549303,13.385554,0.012412,0.999979
2022-10-05,15.1521,15.2407,15.1521,15.2228,10917696,0.009883,71.050454,0.425019,14.591783,13.437422,0.012455,0.999978
2022-10-06,15.1617,15.3913,15.1617,15.2420,12659053,0.001261,71.306103,0.431441,14.626694,13.498360,0.012280,0.999978
2022-10-07,15.2893,15.2893,15.0048,15.0734,14942708,-0.011063,65.809905,0.418105,14.665081,13.558968,0.011904,0.999978
2022-10-10,15.0172,15.1436,14.8525,15.0102,16997724,-0.004193,63.823933,0.397849,14.705403,13.619828,0.011794,0.999977
2022-10-11,15.0038,15.0562,14.8818,15.0172,8521984,0.000469,63.954505,0.378008,14.751921,13.673729,0.011522,0.999978
2022-10-12,15.0834,15.0834,14.9644,15.0119,11282113,-0.000352,63.768492,0.357733,14.790341,13.724304,0.011395,0.999979
2022-10-13,14.9081,14.9081,14.5399,14.5533,11943569,-0.030547,50.145835,0.301190,14.807776,13.767962,0.013580,0.999979
2022-10-14,14.5201,14.5201,14.2966,14.4616,13684788,-0.006304,47.939388,0.246140,14.818841,13.804345,0.013681,0.999980
2022-10-17,14.5433,14.6920,14.4118,14.4777,8971716,0.001111,48.367846,0.201486,14.817640,13.844086,0.013050,0.999980
2022-10-18,14.4351,14.4881,14.3131,14.4106,11893708,-0.004631,46.642510,0.158856,14.802383,13.878195,0.012608,0.999978
2022-10-19,14.4450,14.4450,14.3215,14.3565,9000865,-0.003758,45.238890,0.119325,14.786136,13.916871,0.012620,0.999979
2022-10-20,14.3792,14.5516,14.3792,14.4765,8616590,0.008361,48.908734,0.096570,14.783733,13.953390,0.012573,0.999976
2022-10-21,14.4478,14.4478,14.0669,14.2200,6951010,-0.017715,42.374703,0.057183,14.754517,13.986430,0.012293,0.999976
2022-10-24,14.2556,14.2556,13.7967,13.8415,6033379,-0.026617,34.952990,-0.004521,14.696804,14.016086,0.012939,0.999978
2022-10-25,13.8924,13.8924,13.6242,13.7645,6580756,-0.005567,33.660482,-0.058959,14.654737,14.045043,0.011865,0.999977
2022-10-26,13.7925,13.9969,13.7925,13.9432,11023224,0.012984,39.270096,-0.086681,14.625154,14.076391,0.012369,0.999977
2022-10-27,13.8687,14.4043,13.8687,14.3408,8510180,0.028516,49.500756,-0.075695,14.613274,14.117680,0.014107,0.999978
2022-10-28,14.4599,14.5559,14.4599,14.5280,8247632,0.013054,53.474909,-0.051291,14.601198,14.160399,0.014104,0.999976
2022-10-31,14.4638,14.4638,14.0015,14.1808,12419936,-0.023902,46.210445,-0.059287,14.560316,14.198497,0.014465,0.999976
2022-11-01,14.2073,14.2073,13.9599,14.1286,8160869,-0.003677,45.217060,-0.069036,14.513058,14.232946,0.014351,0.999976
2022-11-02,14.1484,14.2106,14.1465,14.1925,7089890,0.004520,46.727352,-0.070794,14.461544,14.266801,0.014143,0.999975
2022-11-03,14.1524,14.3330,14.1524,14.2387,7383629,0.003255,47.847597,-0.067678,14.411380,14.301741,0.014185,0.999975
2022-11-04,14.1656,14.4239,14.1656,14.3700,10196680,0.009221,51.000976,-0.053992,14.376212,14.341053,0.014325,0.999975
2022-11-07,14.3387,14.3387,14.0916,14.1546,9916829,-0.014986,46.079485,-0.059834,14.333436,14.375378,0.014601,0.999976
2022-11-08,14.2666,14.3222,14.1657,14.1739,7093480,0.001362,46.576458,-0.062191,14.291272,14.407734,0.014613,0.999975
2022-11-09,14.1754,14.3192,14.1591,14.2744,8636524,0.007090,49.204631,-0.055312,14.254396,14.433318,0.014772,0.999975
2022-11-10,14.2524,14.4924,14.2524,14.4759,10817317,0.014119,54.083469,-0.033216,14.250526,14.458737,0.013627,0.999975
2022-11-11,14.4667,14.4667,14.1180,14.2864,11221594,-0.013097,49.287592,-0.030649,14.241764,14.476006,0.013870,0.999975
2022-11-14,14.3191,14.3191,14.1293,14.2077,17703318,-0.005507,47.408799,-0.034565,14.228264,14.477544,0.013908,0.999975
2022-11-15,14.2218,14.2218,13.4291,13.5887,9272935,-0.043569,35.834805,-0.086619,14.187167,14.464200,0.016874,0.999974
2022-11-16,13.6167,13.6167,13.3964,13.4535,9589443,-0.009944,33.889717,-0.137194,14.142021,14.445807,0.016950,0.999974
2022-11-17,13.5202,13.5202,13.3059,13.3393,8921552,-0.008494,32.293443,-0.184371,14.085160,14.421718,0.016767,0.999974
2022-11-18,13.2319,13.2319,13.0790,13.1184,10646125,-0.016555,29.410405,-0.236848,14.030080,14.397974,0.016719,0.999975
2022-11-21,13.0263,13.2148,13.0263,13.1569,11373183,0.002930,30.572395,-0.272196,13.995846,14.377037,0.015890,0.999975
2022-11-22,13.1372,13.2646,13.0443,13.1501,10827120,-0.000516,30.477043,-0.297330,13.965126,14.358303,0.015878,0.999974
2022-11-23,13.0991,13.0991,12.6623,12.6671,12640168,-0.036728,24.595950,-0.352162,13.901321,14.326775,0.017217,0.999975
2022-11-24,12.7073,12.8167,12.6809,12.7159,14739402,0.003847,26.144539,-0.387220,13.820072,14.296999,0.015516,0.999976
2022-11-25,12.7256,12.7256,12.5180,12.5250,11251351,-0.015006,24.060863,-0.425497,13.719923,14.262694,0.014973,0.999976
2022-11-28,12.5236,12.6404,12.5236,12.6297,9862083,0.008355,27.474644,-0.442288,13.642368,14.225254,0.014825,0.999975
2022-11-29,12.6214,12.6214,12.3485,12.3678,19303942,-0.020739,24.505197,-0.471298,13.554324,14.178294,0.015190,0.999975
2022-11-30,12.3796,12.4755,12.3745,12.3763,6266446,0.000689,24.789966,-0.487977,13.463513,14.132191,0.015067,0.999975
2022-12-01,12.4108,12.4143,12.2978,12.3238,9007554,-0.004243,24.184545,-0.499671,13.367766,14.088175,0.014899,0.999973
2022-12-02,12.3428,12.4013,12.3428,12.3883,13141722,0.005236,26.558138,-0.497992,13.268682,14.039854,0.014694,0.999972
2022-12-05,12.3659,12.4625,12.3490,12.4164,19166471,0.002271,27.622364,-0.488757,13.181771,13.988267,0.014725,0.999972
2022-12-06,12.4556,12.4556,12.3355,12.3663,10779060,-0.004042,26.874475,-0.479954,13.091388,13.943475,0.014624,0.999973
2022-12-07,12.4006,12.4006,12.0208,12.0585,11492812,-0.024884,22.798126,-0.492135,12.980595,13.893948,0.014785,0.999974
2022-12-08,12.1211,12.1211,11.7661,11.7684,14250586,-0.024058,19.755795,-0.519212,12.845219,13.837748,0.014191,0.999975
2022-12-09,11.7463,11.7463,11.5892,11.6593,13884923,-0.009274,18.742429,-0.543216,12.713866,13.775543,0.014176,0.999974
2022-12-12,11.5983,11.7029,11.5676,11.6603,5598795,0.000086,18.783640,-0.555752,12.586497,13.708781,0.014324,0.999973
2022-12-13,11.6976,11.6976,11.3963,11.5465,9353925,-0.009755,17.687595,-0.568314,12.484391,13.638235,0.011912,0.999974
2022-12-14,11.5520,11.7292,11.5520,11.6696,12476848,0.010659,22.927841,-0.561862,12.395195,13.567172,0.012609,0.999975
2022-12-15,11.6243,11.6939,11.5422,11.6164,5601151,-0.004561,22.267627,-0.554650,12.309051,13.494661,0.012616,0.999974
2022-12-16,11.7094,11.7094,11.4026,11.4334,7565265,-0.015749,20.122640,-0.557273,12.224802,13.421862,0.012584,0.999973
2022-12-19,11.4197,11.4197,11.2860,11.3841,8524500,-0.004320,19.574469,-0.556916,12.136161,13.349341,0.012393,0.999974
2022-12-20,11.3226,11.4559,11.3226,11.4285,5427449,0.003903,21.642624,-0.546746,12.050080,13.277566,0.012556,0.999973
2022-12-21,11.3110,11.5412,11.2778,11.4928,8128610,0.005629,24.662983,-0.527416,11.991365,13.207185,0.010697,0.999973
2022-12-22,11.5488,11.9391,11.5488,11.8586,10053915,0.031829,39.050875,-0.477080,11.948504,13.153290,0.013380,0.999975
2022-12-23,11.8739,11.8739,11.5265,11.7305,17587074,-0.010803,36.427176,-0.442425,11.908778,13.098669,0.013221,0.999975
2022-12-26,11.7441,11.7497,11.7135,11.7172,11717765,-0.001136,36.155092,-0.411295,11.863154,13.043459,0.012952,0.999974
2022-12-27,11.7140,11.8843,11.7140,11.8025,17983278,0.007281,39.282369,-0.375412,11.834891,12.991297,0.012516,0.999974
2022-12-28,11.7986,11.9675,11.7952,11.7995,12759981,-0.000256,39.209086,-0.343262,11.806052,12.940157,0.012506,0.999974
2022-12-29,11.7663,11.7663,11.6662,11.7057,8938016,-0.007948,36.908639,-0.321642,11.775149,12.884742,0.012563,0.999973
2022-12-30,11.7010,11.7010,11.3565,11.4112,11393103,-0.025163,30.796841,-0.324535,11.726292,12.828564,0.013391,0.999975
2023-01-02,11.3413,11.3413,11.2613,11.3163,7467833,-0.008312,29.124277,-0.330670,11.671285,12.778059,0.013338,0.999975
2023-01-03,11.3476,11.3476,11.1053,11.1190,11416026,-0.017436,25.965286,-0.347448,11.608922,12.725149,0.013644,0.999976
2023-01-04,11.1665,11.1665,10.7449,10.8072,10217120,-0.028043,21.919226,-0.381507,11.546355,12.662428,0.013900,0.999977
2023-01-05,10.8063,10.8063,10.6066,10.6683,14231367,-0.012853,20.394602,-0.414925,11.491347,12.588978,0.013321,0.999976
2023-01-06,10.6755,10.6755,10.3312,10.4867,13248004,-0.017018,18.575906,-0.450860,11.432719,12.508151,0.013568,0.999976
2023-01-09,10.5204,10.5940,10.4789,10.5914,15513084,0.009985,22.849084,-0.465525,11.379277,12.436365,0.013946,0.999977
2023-01-10,10.5705,10.7373,10.5705,10.7004,9467281,0.010289,27.135120,-0.463015,11.336970,12.367800,0.014280,0.999979
2023-01-11,10.7063,10.7063,10.4929,10.5431,12260788,-0.014704,24.977565,-0.468324,11.280643,12.294812,0.014062,0.999979
2023-01-12,10.4785,10.5421,10.3843,10.5012,14698144,-0.003969,24.421459,-0.470484,11.224885,12.220063,0.014064,0.999979
2023-01-13,10.4474,10.4474,10.1619,10.1836,9422816,-0.030243,20.661368,-0.492150,11.162395,12.136336,0.014993,0.999981
2023-01-16,10.1558,10.1836,10.0975,10.1034,8445656,-0.007881,19.830388,-0.509918,11.098361,12.055311,0.014997,0.999981
2023-01-17,10.1181,10.1786,10.0019,10.1741,13563455,0.006997,22.776393,-0.512389,11.035640,11.975314,0.015118,0.999981
2023-01-18,10.2031,10.3827,10.2031,10.3176,11426762,0.014106,28.519216,-0.497036,10.976879,11.896178,0.015565,0.999980
2023-01-19,10.3508,10.3508,10.1206,10.2000,8337744,-0.011399,26.762810,-0.488726,10.893947,11.810659,0.012919,0.999978
2023-01-20,10.1736,10.5067,10.1736,10.3825,12764132,0.017893,33.597258,-0.462087,10.826546,11.732581,0.014067,0.999980
2023-01-23,10.4001,10.4001,10.0335,10.1247,8681396,-0.024825,29.421513,-0.456510,10.746924,11.650923,0.014623,0.999978
2023-01-24,10.1321,10.1321,9.9041,9.9193,22476874,-0.020292,26.585132,-0.463328,10.652763,11.577535,0.014487,0.999979
2023-01-25,9.9484,10.1757,9.9468,10.0391,13404695,0.012079,30.776253,-0.453832,10.564744,11.509247,0.015108,0.999979
2023-01-26,10.0780,10.3634,10.0780,10.3232,7746780,0.028303,39.584799,-0.418554,10.495621,11.448926,0.017144,0.999981
2023-01-27,10.3092,10.4261,10.3092,10.4104,10368903,0.008438,42.020643,-0.379196,10.445581,11.394765,0.016824,0.999981
2023-01-30,10.4708,10.4832,10.3573,10.4055,12083503,-0.000469,41.918631,-0.344428,10.400039,11.339736,0.016820,0.999981
2023-01-31,10.4125,10.4125,9.9392,10.0356,14091408,-0.035543,34.989142,-0.342766,10.345871,11.277447,0.018023,0.999982
2023-02-01,10.0631,10.0631,9.6984,9.7073,9685246,-0.032720,30.213549,-0.363753,10.290875,11.218250,0.018365,0.999983
2023-02-02,9.6868,9.8116,9.6422,9.7308,8126789,0.002427,30.941761,-0.374171,10.244001,11.158549,0.018348,0.999983
2023-02-03,9.7480,9.7480,9.5635,9.6755,11754323,-0.005683,30.146572,-0.382480,10.203441,11.101559,0.018112,0.999983
2023-02-06,9.6876,9.6876,9.4332,9.5005,7155843,-0.018088,27.718580,-0.398592,10.148894,11.038975,0.018070,0.999982
2023-02-07,9.4864,9.5922,9.4703,9.5129,8584546,0.001306,28.160191,-0.405684,10.089519,10.981878,0.017772,0.999983
2023-02-08,9.5366,9.5383,9.4890,9.5337,14948454,0.002184,28.943282,-0.404959,10.039050,10.925027,0.017724,0.999984
2023-02-09,9.5530,9.7023,9.5530,9.6862,10287652,0.016002,34.582342,-0.387607,9.998301,10.872276,0.018329,0.999984
2023-02-10,9.6991,9.8077,9.6394,9.7097,11084225,0.002423,35.431347,-0.367723,9.974604,10.818705,0.017281,0.999984
2023-02-13,9.5992,9.9240,9.5992,9.9111,12219327,0.020743,42.346038,-0.331887,9.964991,10.768598,0.017961,0.999985
2023-02-14,9.8579,9.9226,9.8579,9.9150,10248792,0.000390,42.473492,-0.299719,9.952037,10.719573,0.017871,0.999986
2023-02-15,9.8870,9.9072,9.8386,9.8982,11454518,-0.001692,42.039575,-0.272439,9.931068,10.676367,0.017507,0.999985
2023-02-16,9.8746,10.1785,9.8746,10.0757,10393605,0.017928,48.082127,-0.233805,9.924852,10.642512,0.017895,0.999985
2023-02-17,10.0856,10.0856,9.9051,9.9145,11102332,-0.015992,43.633965,-0.213726,9.901454,10.607617,0.017669,0.999984
2023-02-20,9.9124,10.4469,9.9124,10.3897,10987621,0.047923,56.433190,-0.157656,9.914701,10.582204,0.020080,0.999986
2023-02-21,10.3480,10.4741,10.3480,10.4587,8859220,0.006640,57.927007,-0.106426,9.941669,10.560447,0.019435,0.999985
2023-02-22,10.4812,10.5340,10.4812,10.5269,9118298,0.006528,59.410409,-0.059630,9.966061,10.537593,0.019336,0.999985
2023-02-23,10.5300,10.7801,10.5300,10.6217,7957041,0.009002,61.442279,-0.014727,9.980984,10.517699,0.018444,0.999987
2023-02-24,10.5571,11.0327,10.5571,10.9600,12737095,0.031848,67.665138,0.047606,10.008466,10.508230,0.019608,0.999987
2023-02-27,10.9642,11.1537,10.9642,11.1067,10529600,0.013383,69.931191,0.107601,10.043525,10.502682,0.019732,0.999987
2023-02-28,11.1042,11.1042,10.7369,10.8182,13094760,-0.025973,60.892867,0.130367,10.082653,10.490476,0.018832,0.999987
2023-03-01,10.8076,11.1288,10.8076,11.0759,13560996,0.023820,65.217502,0.167275,10.151084,10.482137,0.017215,0.999988
2023-03-02,11.1241,11.1241,10.9295,11.0152,8329835,-0.005479,63.438420,0.189444,10.215303,10.465269,0.017410,0.999987
2023-03-03,10.9727,11.0530,10.9727,11.0377,10465416,0.002039,63.831633,0.206445,10.283410,10.451411,0.017213,0.999987
2023-03-06,11.0025,11.0025,10.7799,10.8091,7223822,-0.020704,57.101355,0.199183,10.348840,10.433250,0.017421,0.999987
2023-03-07,10.8506,10.9757,10.8306,10.9036,9875229,0.008737,59.024088,0.198756,10.418373,10.415271,0.017381,0.999985
2023-03-08,10.8887,10.8887,10.7105,10.7903,7443131,-0.010388,55.794208,0.187122,10.481203,10.395087,0.017786,0.999985
2023-03-09,10.7893,10.8138,10.7100,10.8122,18607739,0.002029,56.292095,0.177621,10.537500,10.377217,0.017661,0.999985
2023-03-10,10.8744,10.8744,10.6933,10.7648,18959919,-0.004381,54.852667,0.164374,10.590256,10.364290,0.017792,0.999985
2023-03-13,10.7316,11.1232,10.7316,11.1163,19954379,0.032650,62.512619,0.180160,10.650514,10.360290,0.018519,0.999986
2023-03-14,11.1348,11.5064,11.1348,11.4887,12309885,0.033504,68.593538,0.220185,10.729202,10.367685,0.019456,0.999987
2023-03-15,11.4652,11.5496,11.4652,11.5003,10353127,0.001004,68.762608,0.249954,10.809304,10.381547,0.019398,0.999987
2023-03-16,11.4810,11.5764,11.4002,11.5151,8858294,0.001291,68.993884,0.271614,10.881277,10.398483,0.019293,0.999986
2023-03-17,11.5445,11.5445,11.4300,11.4467,8130911,-0.005946,66.546933,0.280027,10.957882,10.417682,0.018790,0.999986
2023-03-20,11.3904,11.6895,11.3904,11.6620,13701498,0.018814,70.134806,0.300606,11.021498,10.439093,0.016468,0.999987
2023-03-21,11.7012,11.7012,11.5659,11.6004,12749702,-0.005285,67.890586,0.308387,11.078584,10.457092,0.016656,0.999987
2023-03-22,11.5311,11.5336,11.3791,11.5220,10163184,-0.006755,65.041149,0.304718,11.128337,10.476671,0.016869,0.999988
2023-03-23,11.4981,11.7483,11.4981,11.7123,9272706,0.016511,68.498009,0.313547,11.182864,10.500891,0.017053,0.999988
2023-03-24,11.7106,11.7106,11.4996,11.6123,8327118,-0.008538,64.867023,0.308914,11.215478,10.529463,0.016074,0.999987
2023-03-27,11.5934,11.6479,11.5748,11.6081,11054906,-0.000354,64.715173,0.301435,11.240552,10.559559,0.015900,0.999988
2023-03-28,11.6492,11.6492,11.2827,11.3094,11712125,-0.025736,54.693156,0.268309,11.265112,10.582265,0.015878,0.999988
2023-03-29,11.2751,11.4915,11.2751,11.4445,7318847,0.011945,57.870362,0.250075,11.283543,10.604803,0.015242,0.999987
2023-03-30,11.5538,11.8643,11.5538,11.8207,6068011,0.032871,65.190764,0.262948,11.323817,10.637216,0.016634,0.999988
2023-03-31,11.7743,12.0326,11.7743,11.9655,18305870,0.012250,67.529521,0.281588,11.370208,10.668876,0.016737,0.999988
2023-04-03,12.0121,12.3183,12.0121,12.2621,6784335,0.024793,71.721460,0.316648,11.442858,10.711624,0.016263,0.999988
2023-04-04,12.2693,12.2693,12.0836,12.0941,9705744,-0.013705,66.485069,0.327102,11.502384,10.755119,0.016860,0.999988
2023-04-05,12.1641,12.1641,12.0722,12.1425,11530426,0.004007,67.228194,0.335432,11.569996,10.797188,0.016456,0.999987
2023-04-06,12.1460,12.1460,11.9074,11.9566,10336201,-0.015310,61.587314,0.323305,11.627218,10.829856,0.017123,0.999987
2023-04-07,11.9045,11.9374,11.8667,11.9167,10293227,-0.003338,60.415214,0.306935,11.684813,10.859983,0.017093,0.999986
2023-04-10,11.9635,12.1184,11.9635,12.0708,11074094,0.012927,63.316868,0.302901,11.732537,10.893289,0.015960,0.999984
2023-04-11,12.0250,12.1261,12.0250,12.0950,12901728,0.002004,63.765973,0.298218,11.762848,10.934476,0.014399,0.999985
2023-04-12,12.0294,12.0294,11.6846,11.8163,12867972,-0.023036,55.358105,0.268923,11.778652,10.976657,0.015506,0.999985
2023-04-13,11.8557,11.8557,11.4319,11.5645,10764677,-0.021316,49.060411,0.222815,11.781118,11.013330,0.016322,0.999986
2023-04-14,11.5939,11.5939,11.2546,11.3037,10947561,-0.022548,43.538353,0.163350,11.773971,11.045894,0.017064,0.999986
2023-04-17,11.3159,11.5749,11.2633,11.3988,13521852,0.008414,45.928854,0.122485,11.760811,11.083860,0.016597,0.999986
2023-04-18,11.4074,11.8191,11.4074,11.7968,6454011,0.034916,54.593098,0.120823,11.770633,11.129538,0.018390,0.999987
2023-04-19,11.8691,12.1101,11.8691,12.0677,11746865,0.022967,59.366319,0.139757,11.797920,11.180219,0.018923,0.999987
2023-04-20,12.0615,12.0615,11.6804,11.6976,13130883,-0.030670,51.414953,0.123473,11.797189,11.220446,0.019993,0.999986
2023-04-21,11.6583,11.9935,11.6583,11.9783,6819325,0.023993,56.205176,0.131697,11.815491,11.265818,0.020567,0.999987
2023-04-24,12.0552,12.1792,12.0039,12.1676,10304228,0.015805,59.132071,0.151742,11.843464,11.310948,0.020795,0.999987
2023-04-25,12.1838,12.1838,11.7055,11.8611,11835087,-0.025191,52.960529,0.141265,11.871049,11.349870,0.020757,0.999987
2023-04-26,11.7924,11.8460,11.7462,11.8035,10533400,-0.004855,51.865324,0.126854,11.888999,11.387975,0.020698,0.999986
2023-04-27,11.8126,12.2177,11.8126,12.0210,11133220,0.018424,55.599507,0.131465,11.899014,11.426881,0.019787,0.999986
2023-04-28,11.9258,12.1642,11.9258,12.1320,13000637,0.009239,57.416375,0.142439,11.907342,11.471231,0.019708,0.999985
2023-05-01,12.2351,12.2351,11.8220,11.8751,12039219,-0.021174,52.105159,0.128921,11.887993,11.500940,0.019451,0.999985
2023-05-02,11.8931,12.1056,11.8931,11.9987,8186444,0.010408,54.295714,0.126720,11.883226,11.531742,0.019397,0.999986
2023-05-03,11.9533,11.9533,11.5801,11.5814,11550229,-0.034783,46.552868,0.090259,11.855168,11.552831,0.020838,0.999987
2023-05-04,11.6175,11.6344,11.4626,11.5405,17260628,-0.003529,45.863057,0.057403,11.834361,11.571207,0.020612,0.999986
2023-05-05,11.5307,11.8241,11.5307,11.7643,15704635,0.019390,50.212651,0.048858,11.826739,11.587293,0.021129,0.999986
2023-05-08,11.7226,11.8721,11.6876,11.7699,6814914,0.000473,50.319602,0.042051,11.811694,11.600557,0.020897,0.999986
2023-05-09,11.6886,11.6933,11.6626,11.6754,6884103,-0.008022,48.419926,0.028706,11.790717,11.617702,0.020940,0.999986
2023-05-10,11.6650,11.8804,11.6650,11.8515,11717477,0.015081,52.054795,0.031969,11.792476,11.633214,0.020614,0.999986
2023-05-11,11.9088,12.1983,11.9088,12.0475,5959222,0.016535,55.789041,0.049794,11.816626,11.653859,0.020254,0.999986
2023-05-12,12.0664,12.3837,12.0664,12.3124,11028914,0.021988,60.291277,0.084323,11.867059,11.679354,0.019829,0.999986
2023-05-15,12.3504,12.5596,12.3394,12.4965,8600295,0.014954,63.103763,0.125102,11.921943,11.713101,0.019951,0.999985
2023-05-16,12.4999,12.7642,12.4999,12.7244,9006586,0.018241,66.287328,0.173809,11.968323,11.749518,0.018949,0.999986
2023-05-17,12.7285,12.8990,12.7285,12.8852,14103179,0.012638,68.361411,0.222818,12.009198,11.791417,0.018541,0.999985
2023-05-18,12.9511,12.9511,12.9163,12.9450,9175322,0.004638,69.121669,0.263443,12.071566,11.834073,0.016712,0.999985
2023-05-19,12.8455,13.0330,12.8455,12.9680,7345399,0.001776,69.426058,0.294104,12.121051,11.878136,0.016126,0.999985
2023-05-22,12.9401,12.9419,12.9018,12.9188,12587678,-0.003791,67.885210,0.310853,12.158612,11.914187,0.015972,0.999984
2023-05-23,12.9706,12.9706,12.6114,12.6665,10561994,-0.019532,60.466663,0.300304,12.198883,11.937742,0.015487,0.999984
2023-05-24,12.6642,12.6642,12.3400,12.4720,12012800,-0.015353,55.438344,0.273103,12.232309,11.957177,0.015952,0.999984
2023-05-25,12.4358,12.4604,12.3785,12.4176,12179722,-0.004363,54.083226,0.244340,12.252142,11.975228,0.015593,0.999984
2023-05-26,12.4431,12.4746,12.4421,12.4692,10805420,0.004156,55.201771,0.223137,12.269002,11.995679,0.015506,0.999983
2023-05-29,12.4896,12.8052,12.4896,12.7753,16218157,0.024547,61.233469,0.228398,12.314010,12.017945,0.015359,0.999982
2023-05-30,12.7001,12.7716,12.5967,12.7670,8267475,-0.000648,60.994398,0.229258,12.352425,12.041278,0.015306,0.999983
2023-05-31,12.7696,12.9915,12.7696,12.9846,6916572,0.017040,64.877321,0.244673,12.422585,12.070530,0.012699,0.999983
2023-06-01,13.0379,13.2674,12.9993,13.2222,7358909,0.018301,68.559145,0.272918,12.506670,12.100729,0.012791,0.999984
2023-06-02,13.2450,13.3529,13.0041,13.1740,12385879,-0.003643,67.025238,0.288094,12.577158,12.131965,0.012644,0.999984
2023-06-05,13.1362,13.3607,13.1362,13.3067,11051080,0.010067,69.076593,0.307282,12.653999,12.165935,0.012615,0.999983
2023-06-06,13.2873,13.2873,13.1833,13.2579,14161653,-0.003665,67.415891,0.314922,12.733122,12.204906,0.012392,0.999982
2023-06-07,13.2917,13.7229,13.2917,13.5573,6654479,0.022583,71.884900,0.341204,12.818412,12.247162,0.012774,0.999981
2023-06-08,13.5883,13.7847,13.5883,13.7050,10425958,0.010895,73.794531,0.369689,12.901290,12.284849,0.012610,0.999981
2023-06-09,13.7262,13.7262,13.4169,13.4407,17573557,-0.019290,65.252197,0.366705,12.957704,12.314352,0.013308,0.999981
2023-06-12,13.4369,13.6690,13.3845,13.4817,9443204,0.003052,65.911612,0.363461,13.006964,12.338743,0.013079,0.999981
2023-06-13,13.5725,13.9623,13.5725,13.8601,12945128,0.028073,71.319311,0.386968,13.063750,12.374064,0.013811,0.999980
2023-06-14,13.8709,13.8709,13.6535,13.8207,14486182,-0.002847,70.071224,0.397828,13.110522,12.407627,0.013757,0.999980
2023-06-15,13.8465,14.0195,13.8465,13.9242,30407054,0.007487,71.480734,0.410057,13.159480,12.446977,0.013783,0.999979
2023-06-16,13.8602,14.2445,13.8602,14.0519,8525967,0.009175,73.161290,0.425157,13.213676,12.489681,0.013827,0.999978
2023-06-19,14.0780,14.0780,13.7642,13.8150,10731734,-0.016857,65.459209,0.413246,13.258487,12.524567,0.014512,0.999978
2023-06-20,13.8306,14.0124,13.8306,13.9336,12457194,0.008581,67.313905,0.408662,13.321841,12.561339,0.013493,0.999977
2023-06-21,13.9479,13.9479,13.4915,13.6186,8050401,-0.022604,58.350050,0.375289,13.379172,12.597386,0.014147,0.999977
2023-06-22,13.6172,13.6172,13.4548,13.4813,19761246,-0.010083,54.916260,0.333911,13.432357,12.635723,0.014391,0.999976
2023-06-23,13.4458,13.8042,13.4458,13.7278,15054722,0.018285,59.521327,0.317352,13.495287,12.684205,0.014731,0.999976
2023-06-26,13.7438,13.8389,13.7438,13.8109,13594647,0.006050,60.967911,0.307387,13.547066,12.732447,0.013996,0.999975
2023-06-27,13.8035,13.9230,13.7154,13.7444,7925399,-0.004813,59.145889,0.290773,13.595934,12.771399,0.014100,0.999975
2023-06-28,13.7998,14.0076,13.7941,13.8491,8696303,0.007614,61.115865,0.282791,13.639158,12.807025,0.013788,0.999976
2023-06-29,13.8466,13.8497,13.8205,13.8367,7093309,-0.000894,60.742564,0.272327,13.669880,12.849806,0.013351,0.999975
2023-06-30,13.9049,13.9049,13.8358,13.8409,5735843,0.000309,60.831606,0.261366,13.703226,12.887059,0.013286,0.999975
2023-07-03,13.8731,14.0115,13.8731,13.9949,11619206,0.011119,63.994048,0.262078,13.737635,12.923604,0.013320,0.999976
2023-07-04,14.0477,14.0477,13.7013,13.8282,9709894,-0.011907,58.487739,0.246355,13.766151,12.962946,0.013648,0.999976
2023-07-05,13.8626,13.8748,13.7222,13.8417,9778688,0.000973,58.796079,0.232303,13.780369,13.003710,0.012776,0.999975
2023-07-06,13.8826,14.0542,13.7280,13.7715,12192370,-0.005068,56.442693,0.213051,13.783695,13.038721,0.012631,0.999973
2023-07-07,13.7620,13.7620,13.4107,13.4179,8332993,-0.025678,46.366915,0.167329,13.782557,13.064438,0.013220,0.999973
2023-07-10,13.3780,13.3780,13.1096,13.2188,18501701,-0.014835,41.839251,0.113722,13.769415,13.091312,0.013602,0.999973
2023-07-11,13.2500,13.5726,13.2500,13.5698,7380273,0.026548,50.935394,0.098420,13.754897,13.122733,0.013434,0.999972
2023-07-12,13.6040,13.6973,13.6004,13.6576,7112385,0.006471,52.919596,0.092314,13.746742,13.164257,0.013527,0.999971
2023-07-13,13.5898,13.5898,13.3347,13.3635,12369171,-0.021532,46.183818,0.063020,13.718709,13.200717,0.014166,0.999971
2023-07-14,13.3845,13.3845,12.9373,13.0283,8902231,-0.025080,39.943465,0.012614,13.667531,13.225998,0.014805,0.999971
2023-07-17,13.0904,13.0904,12.9917,13.0055,7361231,-0.001752,39.551506,-0.028842,13.627055,13.250711,0.014479,0.999970
2023-07-18,13.0374,13.4033,13.0374,13.3485,13745158,0.026370,47.834324,-0.033635,13.597799,13.284172,0.015716,0.999970
2023-07-19,13.3166,13.3195,13.2207,13.3084,6382471,-0.003000,47.024204,-0.040201,13.582289,13.313311,0.014958,0.999970
2023-07-20,13.2288,13.6095,13.2288,13.6025,14536035,0.022092,53.281008,-0.021433,13.588346,13.344411,0.015649,0.999970
2023-07-21,13.5936,13.8171,13.5936,13.6850,17507809,0.006068,54.891702,0.000099,13.586204,13.371863,0.015151,0.999971
2023-07-24,13.6441,13.8050,13.6441,13.7953,9587467,0.008064,57.025095,0.025772,13.585427,13.397841,0.015201,0.999971
2023-07-25,13.8247,13.8247,13.3527,13.4965,14540405,-0.021661,50.113730,0.021754,13.573033,13.413283,0.015934,0.999972
2023-07-26,13.3986,13.7411,13.3986,13.7104,12325535,0.015849,54.376279,0.035422,13.566101,13.429786,0.016265,0.999969
2023-07-27,13.6758,13.6758,13.5463,13.6393,13183516,-0.005190,52.761165,0.040050,13.556231,13.443672,0.016301,0.999968
2023-07-28,13.5520,13.8771,13.5520,13.8408,10917151,0.014775,56.684873,0.059295,13.556223,13.461128,0.016660,0.999968
2023-07-31,13.8756,13.8756,13.5954,13.6575,9340594,-0.013245,52.419427,0.059073,13.539353,13.475900,0.016705,0.999969
2023-08-01,13.6881,13.7948,13.5902,13.7002,10452612,0.003133,53.302614,0.061640,13.532955,13.496575,0.016530,0.999969
2023-08-02,13.7525,13.7938,13.6385,13.7843,7647773,0.006138,55.068098,0.069657,13.530089,13.522821,0.016591,0.999968
2023-08-03,13.8329,13.8329,13.6068,13.7523,7364984,-0.002324,54.227097,0.072588,13.529128,13.549515,0.016559,0.999968
2023-08-04,13.7081,13.8897,13.6745,13.8469,6852776,0.006874,56.346041,0.081600,13.550576,13.577068,0.015460,0.999967
2023-08-07,13.8145,13.8528,13.6268,13.7895,10707214,-0.004143,54.691611,0.083154,13.579108,13.597351,0.015037,0.999968
2023-08-08,13.7900,13.7900,13.6083,13.6430,11322667,-0.010623,50.605386,0.071738,13.582769,13.614870,0.014143,0.999967
2023-08-09,13.6922,14.1107,13.6922,14.0115,22646897,0.027012,58.920664,0.091375,13.600467,13.635409,0.015308,0.999969
2023-08-10,13.9698,14.3885,13.9698,14.2616,9045760,0.017847,63.420455,0.125667,13.645370,13.656197,0.014725,0.999969
2023-08-11,14.2096,14.2096,14.0381,14.0834,13086023,-0.012497,58.501667,0.136883,13.698121,13.674383,0.013678,0.999969
2023-08-14,14.0875,14.3572,14.0875,14.2192,10325334,0.009643,60.984829,0.154945,13.758803,13.692633,0.013663,0.999969
2023-08-15,14.1555,14.2209,13.9854,14.0467,9941241,-0.012126,56.372821,0.153576,13.793716,13.708410,0.013130,0.999970
2023-08-16,13.9566,13.9566,13.6936,13.7775,15322482,-0.019169,50.011976,0.129273,13.817168,13.712813,0.013967,0.999971
2023-08-17,13.8539,14.1016,13.8539,14.0189,13600820,0.017526,54.923808,0.128021,13.837992,13.719092,0.013652,0.999972
2023-08-18,14.0702,14.0702,13.5949,13.6322,14907565,-0.027584,46.964965,0.094734,13.835355,13.722924,0.015072,0.999973
2023-08-21,13.6069,14.1417,13.6069,13.8486,10282738,0.015871,51.223764,0.084834,13.838018,13.730262,0.015392,0.999972
2023-08-22,13.8458,13.8458,13.7557,13.7925,7180374,-0.004053,50.099694,0.071633,13.852815,13.728909,0.014549,0.999973
2023-08-23,13.8744,13.8744,13.6222,13.7488,12710113,-0.003164,49.195969,0.056993,13.854736,13.727472,0.014157,0.999972
2023-08-24,13.8256,13.8822,13.7919,13.8457,10504320,0.007045,51.296324,0.052601,13.865058,13.725903,0.014174,0.999972
2023-08-25,13.7803,14.0197,13.7803,13.9840,7865509,0.009990,54.207704,0.059595,13.872220,13.724545,0.013966,0.999972
2023-08-28,13.9623,13.9713,13.7160,13.7933,12620543,-0.013638,49.788556,0.049181,13.879012,13.724110,0.013987,0.999970
2023-08-29,13.7550,14.0009,13.7550,13.9613,13365076,0.012182,53.393761,0.053867,13.892067,13.724665,0.014218,0.999971
2023-08-30,13.9854,14.0145,13.9250,13.9936,11308156,0.002308,54.074593,0.059494,13.902528,13.732164,0.014171,0.999971
2023-08-31,13.8944,13.8944,13.6091,13.7071,13664686,-0.020473,47.437958,0.040370,13.900266,13.736679,0.014945,0.999972
2023-09-01,13.6492,13.7125,13.5824,13.6717,18197049,-0.002581,46.676162,0.022105,13.891507,13.735556,0.014864,0.999972
2023-09-04,13.6514,14.1607,13.6514,13.9919,26209681,0.023418,53.892493,0.033083,13.901626,13.739175,0.015762,0.999973
2023-09-05,14.0188,14.4108,14.0188,14.3881,12086702,0.028323,60.938802,0.072919,13.938883,13.752050,0.016651,0.999976
2023-09-06,14.3517,14.6222,14.3517,14.5645,9028579,0.012255,63.604029,0.117365,13.966529,13.766358,0.015828,0.999976
2023-09-07,14.5257,14.5257,14.1430,14.2827,10209827,-0.019347,56.919975,0.128371,13.967584,13.775278,0.016058,0.999978
2023-09-08,14.2757,14.4487,14.2757,14.4040,8829748,0.008492,58.920956,0.145206,13.983614,13.786538,0.015869,0.999978
2023-09-11,14.3880,14.6254,14.3880,14.6139,8874043,0.014573,62.193998,0.173486,14.003350,13.798919,0.016044,0.999977
2023-09-12,14.6797,14.8143,14.6797,14.7933,13609678,0.012280,64.777726,0.207981,14.040679,13.818221,0.015881,0.999978
2023-09-13,14.8662,15.1616,14.8662,14.9894,8805642,0.013255,67.399472,0.248280,14.101276,13.841176,0.015169,0.999977
2023-09-14,14.9682,15.1221,14.8831,15.0826,9274648,0.006215,68.595376,0.284454,14.154457,13.867397,0.014859,0.999977
2023-09-15,15.1693,15.1863,14.9457,15.0684,8231181,-0.000942,68.184674,0.308421,14.226263,13.900406,0.012975,0.999977
2023-09-18,15.1450,15.1450,14.8925,14.9194,7264199,-0.009889,63.864451,0.311797,14.279801,13.934416,0.013127,0.999977
2023-09-19,14.9174,14.9174,14.4532,14.4628,9681434,-0.030599,52.821740,0.274471,14.313319,13.952278,0.015150,0.999976
2023-09-20,14.4017,14.5670,14.3438,14.5467,10381142,0.005801,54.382923,0.248792,14.353214,13.970061,0.015107,0.999975
2023-09-21,14.5479,14.6725,14.5479,14.5949,9889199,0.003314,55.298267,0.229684,14.390676,13.994689,0.015077,0.999976
2023-09-22,14.5040,14.7887,14.5040,14.7359,14067431,0.009658,57.954756,0.223341,14.428270,14.028841,0.015068,0.999976
2023-09-25,14.6322,14.6322,14.4002,14.4143,8133574,-0.021826,50.570438,0.190170,14.459319,14.057016,0.015637,0.999977
2023-09-26,14.4296,14.6731,14.4296,14.5706,13216780,0.010847,53.661494,0.174486,14.489784,14.081459,0.015595,0.999977
2023-09-27,14.6097,15.1339,14.6097,15.0764,8003454,0.034712,61.950510,0.200557,14.543926,14.116819,0.017202,0.999979
2023-09-28,15.0714,15.1380,15.0309,15.1010,6448472,0.001628,62.303024,0.220655,14.613621,14.146789,0.016238,0.999979
2023-09-29,15.0980,15.1100,15.0370,15.0896,6824186,-0.000754,62.016214,0.232979,14.684516,14.174881,0.016199,0.999978
2023-10-02,15.0706,15.2831,15.0706,15.1710,10234832,0.005398,63.317865,0.246478,14.743475,14.202395,0.015615,0.999978
2023-10-03,15.1476,15.8522,15.1476,15.6926,12327985,0.034378,70.328999,0.295851,14.808698,14.246316,0.016157,0.999979
2023-10-04,15.7587,15.7587,15.2465,15.4319,14995939,-0.016615,63.767459,0.310363,14.852068,14.280745,0.016706,0.999981
2023-10-05,15.4680,15.5147,15.4089,15.4867,6598972,0.003552,64.516900,0.322568,14.912268,14.317693,0.015854,0.999980
2023-10-06,15.4280,15.4280,15.2512,15.2864,6206422,-0.012930,59.661375,0.312480,14.956392,14.346606,0.016266,0.999979
2023-10-09,15.3060,15.3060,15.1436,15.1500,10099082,-0.008925,56.539156,0.290131,14.983197,14.376457,0.016242,0.999979
2023-10-10,15.1402,15.2280,15.0527,15.1406,8236867,-0.000623,56.319542,0.268562,15.000559,14.405263,0.016065,0.999978
2023-10-11,15.3181,15.6134,15.3181,15.4856,8039025,0.022792,62.112782,0.276130,15.025369,14.439288,0.016572,0.999980
2023-10-12,15.4639,15.9698,15.4639,15.9549,12847094,0.030301,68.274410,0.316344,15.068984,14.483339,0.017747,0.999979
2023-10-13,15.9379,16.1600,15.8324,16.0782,13759840,0.007728,69.670318,0.354082,15.119474,14.527965,0.017752,0.999979
2023-10-16,16.1043,16.1043,15.8508,15.9797,17649933,-0.006126,67.129646,0.371757,15.172489,14.571769,0.017623,0.999979
2023-10-17,15.9417,17.0467,15.9417,16.6546,7543624,0.042235,74.099747,0.435206,15.282076,14.632000,0.017713,0.999980
2023-10-18,16.6369,16.6478,16.5044,16.5434,17359726,-0.006676,71.413003,0.471088,15.381908,14.682637,0.017983,0.999980
2023-10-19,16.4562,16.4562,16.3840,16.3926,10787087,-0.009112,67.822643,0.481806,15.471792,14.725258,0.018314,0.999980
2023-10-20,16.4676,16.4676,15.9047,15.9196,9497804,-0.028858,57.972411,0.446977,15.530976,14.761983,0.019867,0.999982
2023-10-23,15.8791,16.3809,15.8791,16.2974,10840159,0.023732,62.639292,0.444733,15.625130,14.803547,0.019348,0.999981
2023-10-24,16.2838,16.6654,16.2838,16.5690,14361564,0.016667,65.597213,0.459576,15.725049,14.853992,0.019463,0.999979
2023-10-25,16.4575,17.3258,16.4575,17.2570,12857982,0.041524,71.707267,0.520852,15.834080,14.923583,0.020032,0.999972
2023-10-26,17.2216,17.2216,16.7353,16.8667,18256731,-0.022620,64.687521,0.531785,15.922366,14.980538,0.021078,0.999973
2023-10-27,16.8752,17.4179,16.8752,17.2847,12164711,0.024785,68.269914,0.567639,16.032123,15.053588,0.021434,0.999974
2023-10-30,17.2592,17.3684,17.2160,17.3061,8680775,0.001238,68.446332,0.590968,16.138876,15.122738,0.021471,0.999973
2023-10-31,17.2291,17.7305,17.2291,17.5448,11353034,0.013789,70.421875,0.621548,16.231484,15.197784,0.020554,0.999973
2023-11-01,17.5177,17.5177,17.0048,17.0767,17993703,-0.026681,62.196035,0.601081,16.313723,15.264340,0.021243,0.999974
2023-11-02,17.0097,17.5883,17.0097,17.5025,13995306,0.024936,66.077780,0.612165,16.414513,15.337475,0.021685,0.999974
2023-11-03,17.5115,17.8616,17.4724,17.7355,7839498,0.013316,68.013694,0.632465,16.536969,15.412506,0.021245,0.999975
2023-11-06,17.7850,17.7850,17.6065,17.7294,21846975,-0.000348,67.903054,0.640668,16.665937,15.491227,0.020978,0.999975
2023-11-07,17.7439,18.0033,17.7439,17.9250,6063305,0.011033,69.589663,0.655400,16.805159,15.570499,0.020884,0.999975
2023-11-08,17.8227,17.9338,17.5910,17.7037,7324714,-0.012343,65.403496,0.641823,16.916064,15.644703,0.021112,0.999975
2023-11-09,17.6602,17.6602,17.4882,17.5397,7506694,-0.009268,62.405534,0.610783,16.995304,15.721354,0.020655,0.999975
2023-11-10,17.5098,17.5098,17.2992,17.4059,9170059,-0.007625,59.991607,0.568835,17.061691,15.796039,0.020831,0.999973
2023-11-13,17.3977,17.3977,16.8208,16.8836,12439045,-0.030009,51.596868,0.487819,17.106887,15.853873,0.022099,0.999974
2023-11-14,16.9512,17.2030,16.9512,17.1336,8737690,0.014808,54.853329,0.438730,17.130838,15.908782,0.020314,0.999974
2023-11-15,17.1782,17.4898,17.1782,17.4787,12284051,0.020142,58.957823,0.422800,17.177604,15.967067,0.020620,0.999974
2023-11-16,17.5396,17.5396,17.2520,17.2827,8196042,-0.011212,55.852507,0.389868,17.222108,16.027068,0.020690,0.999974
2023-11-17,17.2042,17.4213,17.2042,17.3884,11252153,0.006113,57.162500,0.368052,17.295549,16.086756,0.019301,0.999974
2023-11-20,17.4112,17.4112,17.1937,17.3140,12991716,-0.004279,55.904430,0.340830,17.346378,16.140758,0.018850,0.999975
2023-11-21,17.3583,17.6773,17.3583,17.4149,12808947,0.005830,57.278191,0.323670,17.388673,16.193190,0.018597,0.999975
2023-11-22,17.4800,17.4800,17.1879,17.2353,14054256,-0.010313,54.051555,0.292210,17.387587,16.238108,0.016374,0.999975
2023-11-23,17.2924,17.2924,16.8728,16.9887,11589633,-0.014306,49.895883,0.244562,17.393690,16.276231,0.015865,0.999974
2023-11-24,16.9464,17.3512,16.9464,17.2947,10191600,0.018009,54.563728,0.228850,17.394188,16.320758,0.015384,0.999974
2023-11-27,17.3923,17.3923,17.1596,17.2804,17901417,-0.000824,54.310004,0.212795,17.392904,16.367979,0.015383,0.999974
2023-11-28,17.2069,17.9719,17.2069,17.8771,12715027,0.034530,62.231795,0.245392,17.409523,16.436266,0.016976,0.999972
2023-11-29,17.8421,18.1483,17.7636,17.8959,11582492,0.001051,62.452562,0.269633,17.450487,16.503249,0.015672,0.999972
2023-11-30,17.8667,17.8667,17.5668,17.6274,10234639,-0.015006,57.297722,0.264130,17.456733,16.563898,0.015195,0.999972
2023-12-01,17.6166,18.0156,17.6166,17.9935,15666834,0.020769,61.913154,0.286014,17.469630,16.629050,0.015612,0.999972
2023-12-04,17.9327,18.4029,17.9327,18.1838,9585599,0.010578,64.086404,0.315082,17.492353,16.704440,0.015759,0.999971
2023-12-05,18.1386,18.4663,18.1386,18.4095,12413855,0.012414,66.526006,0.352273,17.516581,16.781218,0.015806,0.999972
2023-12-06,18.3116,18.8720,18.3116,18.7794,9825120,0.020093,70.109203,0.406904,17.570367,16.855279,0.015980,0.999972
2023-12-07,18.7718,18.8232,18.5188,18.5798,13074190,-0.010631,66.002484,0.429143,17.622373,16.924855,0.016038,0.999972
2023-12-08,18.5949,18.7170,18.4913,18.5432,13651485,-0.001967,65.249041,0.438760,17.679240,16.993928,0.015890,0.999972
2023-12-11,18.4124,18.5927,18.4124,18.4940,10909660,-0.002656,64.185779,0.437367,17.759761,17.060388,0.013929,0.999972
2023-12-12,18.4438,18.4438,18.0867,18.1076,10600739,-0.020893,56.417556,0.400468,17.808462,17.108688,0.014819,0.999973
2023-12-13,18.1645,18.1645,17.9881,18.0305,9743859,-0.004261,54.986484,0.360840,17.836050,17.160660,0.014318,0.999973
2023-12-14,18.1647,18.5449,18.1647,18.4387,12016760,0.022642,60.671245,0.358248,17.893850,17.219700,0.014713,0.999974
2023-12-15,18.4820,18.5337,18.3746,18.5185,12471517,0.004330,61.690164,0.358503,17.950358,17.284343,0.014701,0.999973
2023-12-18,18.6282,18.6282,18.1086,18.1117,9562405,-0.021972,54.010107,0.322158,17.990242,17.343576,0.015678,0.999973
2023-12-19,18.1502,18.1502,17.5668,17.6544,13107700,-0.025244,46.938798,0.253540,18.002218,17.393854,0.016815,0.999975
2023-12-20,17.5625,18.3262,17.5625,18.1536,9580396,0.028275,54.017375,0.236710,18.048134,17.447214,0.017664,0.999975
2023-12-21,18.2332,18.3107,18.0653,18.1264,9475359,-0.001499,53.597546,0.218655,18.105018,17.490645,0.017240,0.999973
2023-12-22,18.1942,18.1942,17.7637,17.9391,21942239,-0.010333,50.678383,0.187077,18.137239,17.527864,0.017139,0.999973
2023-12-25,17.9715,17.9715,17.7480,17.8586,6526942,-0.004485,49.432903,0.153786,18.166150,17.565444,0.017190,0.999972
2023-12-26,17.9091,17.9091,17.3811,17.4307,9840858,-0.023963,43.332812,0.091812,18.143828,17.580966,0.016278,0.999971
2023-12-27,17.4357,17.9449,17.4357,17.8543,12164166,0.024304,49.920991,0.076005,18.141749,17.607186,0.017244,0.999971
2023-12-28,17.8259,18.0396,17.6661,17.7406,11489463,-0.006371,48.297285,0.053681,18.147409,17.634145,0.016954,0.999971
2023-12-29,17.6925,18.2930,17.6925,18.1538,14847615,0.023293,54.133600,0.068543,18.155426,17.678830,0.017121,0.999971
2024-01-01,18.2144,18.2673,18.0907,18.1719,12825042,0.000999,54.376893,0.080852,18.154832,17.716321,0.016960,0.999971
2024-01-02,18.2343,18.6291,18.2343,18.6122,7937393,0.024226,59.935133,0.124692,18.164964,17.757184,0.017605,0.999972
2024-01-03,18.6744,18.8016,18.5996,18.6940,10167360,0.004397,60.889066,0.164148,18.160693,17.785924,0.017035,0.999971
2024-01-04,18.7058,18.9618,18.7058,18.9609,12243877,0.014275,63.906860,0.214478,18.179748,17.827808,0.017134,0.999969
2024-01-05,18.9250,19.2096,18.9250,19.1963,10250628,0.012417,66.372080,0.270248,18.212402,17.866040,0.017297,0.999969
2024-01-08,19.1724,19.4805,19.1724,19.4005,10683634,0.010635,68.388376,0.327148,18.257726,17.907927,0.017369,0.999970
2024-01-09,19.2182,19.5817,19.2182,19.5194,20519254,0.006130,69.534286,0.377487,18.328315,17.947420,0.016479,0.999967
2024-01-10,19.5285,19.5596,19.3297,19.4461,11423593,-0.003757,67.899826,0.406774,18.399096,17.994809,0.016466,0.999967
2024-01-11,19.4915,20.2633,19.4915,20.0799,5705460,0.032595,73.662677,0.475648,18.481156,18.046358,0.017196,0.999969
2024-01-12,20.0205,20.0205,19.6691,19.7853,8594114,-0.014672,67.588811,0.500686,18.544494,18.087353,0.017718,0.999967
2024-01-15,19.8593,19.8593,19.6484,19.7896,8922575,0.000215,67.630400,0.514937,18.628389,18.128557,0.016708,0.999966
2024-01-16,19.7990,19.9389,19.7717,19.8022,9942243,0.000639,67.762618,0.521244,18.735778,18.166102,0.015212,0.999966
2024-01-17,19.7634,19.9427,19.7634,19.9378,11736936,0.006848,69.213978,0.531061,18.824987,18.210783,0.014276,0.999969
2024-01-18,19.8329,19.8827,19.6132,19.8009,7802302,-0.006866,65.984337,0.521781,18.908713,18.256009,0.014450,0.999968
2024-01-19,19.7988,20.0469,19.6484,19.9097,7329749,0.005491,67.289964,0.517238,19.007240,18.306084,0.014021,0.999967
2024-01-22,19.9536,19.9536,19.7319,19.8567,5923374,-0.002658,65.963027,0.503563,19.107145,18.365547,0.013959,0.999968
2024-01-23,19.8551,19.8551,19.2784,19.3462,9411826,-0.025709,54.746480,0.446387,19.202922,18.409800,0.014157,0.999969
2024-01-24,19.3484,19.3917,19.1114,19.3532,9039377,0.000357,54.858387,0.397055,19.277862,18.447289,0.013462,0.999969
2024-01-25,19.3794,19.3794,18.9093,19.0062,8191860,-0.017926,48.389263,0.326204,19.341144,18.481759,0.014166,0.999968
2024-01-26,18.9479,18.9479,18.4516,18.4709,19385036,-0.028165,40.460851,0.224275,19.356998,18.503410,0.015037,0.999970
2024-01-29,18.4229,18.6018,18.4229,18.5154,6665679,0.002410,41.321743,0.145410,19.374172,18.527439,0.015041,0.999969
2024-01-30,18.5571,18.7809,18.5571,18.6728,6533757,0.008498,44.383359,0.094516,19.377202,18.552596,0.014149,0.999969
2024-01-31,18.6583,19.0091,18.6491,18.8420,13816960,0.009063,47.552760,0.067065,19.384601,18.584729,0.014259,0.999969
2024-02-01,18.7962,19.1347,18.7962,19.0238,12751301,0.009647,50.796135,0.059293,19.387745,18.625430,0.014060,0.999969
2024-02-02,19.1052,19.1052,18.3472,18.4290,12864230,-0.031266,41.706774,0.005079,19.349376,18.648116,0.015401,0.999970
2024-02-05,18.4591,18.4591,18.0219,18.0241,8706646,-0.021967,36.870954,-0.069748,19.280559,18.662989,0.015724,0.999969
2024-02-06,18.0062,18.8135,18.0062,18.6276,11076238,0.033484,46.778251,-0.079435,19.235971,18.678000,0.017679,0.999971
2024-02-07,18.5946,18.5946,18.1529,18.3116,11459243,-0.016968,42.974406,-0.111333,19.179246,18.686312,0.017985,0.999971
2024-02-08,18.4853,18.6086,18.4487,18.5013,10553864,0.010360,45.821952,-0.119922,19.100314,18.703790,0.016285,0.999972
2024-02-09,18.4119,18.5108,18.2236,18.2960,17514186,-0.011098,43.301656,-0.141664,19.025847,18.709839,0.016181,0.999972
2024-02-12,18.3174,18.3881,18.3045,18.3218,8120665,0.001415,43.721959,-0.155019,18.952460,18.712600,0.016198,0.999972
2024-02-13,18.3420,18.3420,18.1275,18.1360,5428000,-0.010144,41.352039,-0.178541,18.869149,18.707129,0.016225,0.999972
2024-02-14,18.1209,18.3447,18.1209,18.3063,14147215,0.009391,44.330250,-0.181349,18.787574,18.697667,0.016326,0.999971
2024-02-15,18.4110,18.4168,18.3319,18.3522,10171744,0.002508,45.138939,-0.177819,18.715139,18.693115,0.016378,0.999971
2024-02-16,18.2169,18.2296,18.1648,18.2179,6730215,-0.007318,43.163738,-0.183740,18.630553,18.686609,0.016251,0.999971
2024-02-19,18.2640,18.2640,17.7898,17.9030,11363838,-0.017287,38.868231,-0.211408,18.532866,18.674789,0.016501,0.999970
2024-02-20,17.8941,18.0433,17.8941,17.9872,12759621,0.004706,40.571870,-0.223956,18.464916,18.672381,0.015885,0.999970
2024-02-21,17.9584,17.9584,17.5920,17.6327,12663214,-0.019708,36.022586,-0.259514,18.378895,18.664427,0.016257,0.999971
2024-02-22,17.5707,17.8910,17.5707,17.7619,9215889,0.007323,38.718243,-0.274114,18.316678,18.650890,0.016141,0.999971
2024-02-23,17.7810,18.6526,17.7810,18.5590,12687493,0.044878,52.127398,-0.218840,18.321083,18.651699,0.018324,0.999971
2024-02-26,18.5216,19.0450,18.5216,18.9830,9534639,0.022848,57.459955,-0.139214,18.344464,18.669127,0.019000,0.999973
2024-02-27,18.9416,19.3557,18.9416,19.2153,10514275,0.012237,60.083032,-0.056712,18.371592,18.700345,0.019091,0.999973
2024-02-28,19.2556,19.3133,19.1700,19.1917,17932006,-0.001233,59.678946,0.006683,18.389075,18.721106,0.019018,0.999972
2024-02-29,19.1657,19.1657,18.4771,18.5890,7393925,-0.031404,50.391984,0.008198,18.367335,18.730357,0.020223,0.999973
2024-03-01,18.6302,18.6302,18.0834,18.1881,15262727,-0.021562,45.338768,-0.022683,18.355294,18.735338,0.019564,0.999974
2024-03-04,18.2057,18.7988,18.2057,18.5833,9629123,0.021729,50.598924,-0.015092,18.383255,18.749832,0.019477,0.999974
2024-03-05,18.5840,18.5840,18.2241,18.3487,22393305,-0.012626,47.666128,-0.027691,18.369309,18.768192,0.018205,0.999974
2024-03-06,18.3195,18.3195,18.1073,18.1424,9488650,-0.011244,45.186093,-0.053703,18.360850,18.773953,0.017978,0.999974
2024-03-07,18.3028,18.3028,18.0542,18.0959,5219489,-0.002565,44.622067,-0.077184,18.340580,18.781059,0.017806,0.999973
2024-03-08,18.0970,18.0970,17.7158,17.7805,11424858,-0.017428,40.896844,-0.119859,18.314807,18.773592,0.018050,0.999974
2024-03-11,17.8420,17.8420,17.4106,17.4282,8866334,-0.019814,37.164219,-0.180032,18.270125,18.758717,0.018502,0.999973
2024-03-12,17.4727,17.4727,17.2423,17.4177,5539729,-0.000601,37.055968,-0.225960,18.234211,18.734828,0.018413,0.999972
2024-03-13,17.5282,17.5282,17.1519,17.1645,9514768,-0.014541,34.442712,-0.279572,18.177118,18.704236,0.018421,0.999971
2024-03-14,17.1436,17.1436,16.9348,16.9571,10605815,-0.012081,32.426447,-0.334930,18.107361,18.664160,0.018478,0.999973
2024-03-15,16.9050,16.9050,16.5930,16.7412,10426756,-0.012732,30.429054,-0.391709,18.033524,18.615058,0.018572,0.999974
2024-03-18,16.7908,16.9059,16.7908,16.8906,9724845,0.008926,33.483140,-0.419809,17.982906,18.564861,0.018514,0.999975
2024-03-19,16.8802,16.9160,16.8089,16.8279,7181350,-0.003711,32.832064,-0.442040,17.924942,18.511032,0.018431,0.999974
2024-03-20,16.8036,16.8117,16.7112,16.7830,8598756,-0.002668,32.346834,-0.458003,17.882457,18.457771,0.018015,0.999974
2024-03-21,16.8700,17.0000,16.8700,16.9568,6007967,0.010352,36.271472,-0.451430,17.842202,18.395309,0.018113,0.999974
2024-03-22,16.9519,17.0452,16.9111,16.9158,12685359,-0.002420,35.744070,-0.444409,17.760039,18.337918,0.014343,0.999970
2024-03-25,16.8475,16.9113,16.8288,16.8429,8631526,-0.004306,34.777515,-0.439654,17.653033,18.278985,0.012820,0.999971
2024-03-26,16.8960,17.0774,16.8960,16.9773,12481829,0.007981,38.104090,-0.420195,17.541133,18.222487,0.012536,0.999969
2024-03-27,17.0096,17.2296,16.9583,17.1698,13466568,0.011334,42.616327,-0.384811,17.440039,18.167126,0.013095,0.999970
2024-03-28,17.1167,17.1498,17.0203,17.1333,23791886,-0.002125,41.991381,-0.355613,17.367255,18.113774,0.011593,0.999971
2024-03-29,17.0936,17.3202,17.0484,17.1620,5256732,0.001676,42.703865,-0.326393,17.315948,18.058821,0.010884,0.999971
2024-04-01,17.1101,17.1101,16.8864,16.9449,8558289,-0.012653,38.821790,-0.317103,17.234023,18.000583,0.009415,0.999971
2024-04-02,16.9682,16.9682,16.4857,16.7054,15500366,-0.014129,35.039577,-0.325309,17.151860,17.947767,0.009488,0.999971
2024-04-03,16.7223,17.0126,16.7223,16.9221,18767166,0.012971,40.673261,-0.310746,17.090846,17.899147,0.010124,0.999971
2024-04-04,16.9567,17.0697,16.9560,17.0493,6705088,0.007512,43.755012,-0.285653,17.038516,17.860007,0.010416,0.999970
2024-04-05,16.9048,17.2826,16.9048,17.1837,11380262,0.007883,46.895541,-0.252018,17.008674,17.834262,0.010094,0.999969
2024-04-08,17.2004,17.3144,17.2004,17.2702,15015011,0.005034,48.874324,-0.215892,17.000772,17.809357,0.009234,0.999969
2024-04-09,17.2518,17.4030,17.2094,17.2838,14533358,0.000790,49.195671,-0.184041,16.994075,17.781577,0.009237,0.999968
2024-04-10,17.1549,17.5644,17.1549,17.4902,18440185,0.011941,53.917269,-0.140526,17.010362,17.754541,0.008990,0.999969
2024-04-11,17.5078,17.7690,17.5078,17.7673,9772782,0.015847,59.377496,-0.082720,17.050874,17.729412,0.009024,0.999969
2024-04-12,17.7718,18.2966,17.7718,18.0435,17892368,0.015544,63.959654,-0.014457,17.115991,17.721704,0.008743,0.999970
2024-04-15,18.0086,18.0595,17.9101,18.0169,7301929,-0.001474,63.219935,0.037068,17.172305,17.721559,0.008731,0.999970
2024-04-16,18.1892,18.5016,18.1892,18.4402,14174410,0.023492,69.303268,0.110778,17.252916,17.717810,0.009656,0.999970
2024-04-17,18.4439,18.6986,18.4218,18.5145,13074057,0.004029,70.233877,0.173192,17.339488,17.721868,0.009504,0.999970
2024-04-18,18.5309,18.8059,18.5309,18.7153,14536275,0.010850,72.648507,0.236143,17.427416,17.726149,0.009520,0.999970
2024-04-19,18.6488,18.9855,18.5196,18.8070,12547095,0.004897,73.696855,0.290083,17.521978,17.736370,0.009360,0.999968
2024-04-22,18.8193,18.9086,18.8193,18.8928,9178684,0.004564,74.675935,0.335887,17.624474,17.747790,0.009084,0.999967
2024-04-23,18.7853,18.7853,18.6495,18.6707,18808651,-0.011760,67.656576,0.350221,17.709141,17.758484,0.009872,0.999967
2024-04-24,18.5849,18.9301,18.5849,18.8946,9252734,0.011996,70.651612,0.375329,17.795385,17.770250,0.009896,0.999967
2024-04-25,18.9458,19.9259,18.9458,19.8101,18165093,0.048449,79.149744,0.463748,17.929225,17.799408,0.013738,0.999971
2024-04-26,19.8022,19.8022,19.6332,19.6915,11316694,-0.005985,76.077290,0.518280,18.055700,17.828879,0.014009,0.999971
2024-04-29,19.6922,19.7848,19.5893,19.7171,8971354,0.001297,76.290819,0.557136,18.194310,17.865161,0.013309,0.999971
2024-04-30,19.7287,19.7287,19.4035,19.5778,13791277,-0.007062,72.491870,0.570121,18.337929,17.896972,0.012783,0.999969
2024-05-01,19.5941,19.5941,19.3471,19.4242,8447089,-0.007844,68.444168,0.561547,18.463035,17.932802,0.013201,0.999969
2024-05-02,19.3497,19.9751,19.3497,19.9299,13961696,0.026034,73.659825,0.588770,18.607068,17.976163,0.013872,0.999970
2024-05-03,19.9121,19.9464,19.6134,19.7119,10170207,-0.010939,68.409870,0.585996,18.733481,17.999221,0.014499,0.999970
2024-05-06,19.6983,19.6983,19.4208,19.5615,12043385,-0.007631,64.969319,0.565146,18.848048,18.010790,0.014861,0.999971
2024-05-07,19.3901,19.3901,18.9881,19.0581,10524641,-0.025734,55.000155,0.502213,18.936763,18.007645,0.016479,0.999971
2024-05-08,19.0186,19.0186,18.7415,18.8226,8735296,-0.012357,51.053361,0.428396,19.003383,18.000264,0.016834,0.999973
2024-05-09,18.9114,18.9114,18.0287,18.2984,13759872,-0.027847,43.560886,0.323868,19.029937,17.994453,0.017985,0.999974
2024-05-10,18.2140,18.5856,18.2140,18.4921,11482398,0.010585,46.675063,0.253732,19.052367,18.000533,0.017817,0.999974
2024-05-13,18.5110,19.5149,18.5110,19.3804,7856075,0.048037,58.095521,0.266752,19.120542,18.016474,0.020619,0.999972
2024-05-14,19.3339,19.5315,19.2638,19.2681,15287091,-0.005798,56.448709,0.264951,19.161936,18.034861,0.020186,0.999972
2024-05-15,19.2137,19.2137,18.7264,18.7461,7915645,-0.027087,49.438436,0.218885,19.173520,18.046936,0.021226,0.999972
2024-05-16,18.8450,19.1570,18.8450,19.0305,9175010,0.015170,52.872801,0.202986,19.189279,18.065629,0.021355,0.999972
2024-05-17,19.0846,19.0846,18.6528,18.8077,6687594,-0.011710,50.006430,0.170439,19.189313,18.086173,0.021519,0.999971
2024-05-20,18.7089,19.2547,18.7089,19.2231,9774186,0.022089,54.913736,0.176139,19.205828,18.122071,0.022056,0.999971
2024-05-21,19.3272,19.3272,19.0744,19.1377,13171703,-0.004443,53.745683,0.171783,19.229180,18.156471,0.021891,0.999970
2024-05-22,19.2253,19.2253,18.8917,18.9454,9014980,-0.010048,51.109908,0.151073,19.231719,18.192091,0.021888,0.999970
2024-05-23,18.8725,19.0272,18.8626,18.8945,7508182,-0.002690,50.404447,0.129061,19.185939,18.230839,0.018734,0.999969
2024-05-24,18.9168,19.3011,18.9168,19.1393,12615443,0.012958,53.710296,0.129875,19.158328,18.278801,0.019009,0.999969
2024-05-27,19.2126,19.2270,18.8715,19.0722,13775374,-0.003506,52.674080,0.123680,19.126085,18.322432,0.019006,0.999968
2024-05-28,19.0134,19.0134,18.8185,18.9215,10516615,-0.007900,50.326005,0.105398,19.093271,18.364304,0.019020,0.999968
2024-05-29,18.9743,19.0334,18.8455,18.8619,11591523,-0.003151,49.387683,0.085116,19.065153,18.405881,0.018967,0.999968
2024-05-30,18.7956,18.7956,18.4673,18.4707,10975281,-0.020740,43.639139,0.037048,18.992192,18.436159,0.018291,0.999969
2024-05-31,18.3780,18.7404,18.3780,18.6011,8090989,0.007059,45.899412,0.009368,18.936650,18.469866,0.018355,0.999968
2024-06-03,18.5269,18.5269,18.0382,18.0625,16237579,-0.028957,38.950270,-0.055393,18.861699,18.494257,0.019252,0.999969
2024-06-04,18.0142,18.0142,17.8831,17.9326,5844573,-0.007192,37.476655,-0.115863,18.805422,18.513361,0.018575,0.999969
2024-06-05,17.9782,18.1834,17.9782,18.1652,9735629,0.012974,41.728843,-0.143361,18.772554,18.533270,0.018757,0.999969
2024-06-06,18.1773,18.3066,18.1773,18.2595,13984211,0.005192,43.409223,-0.155746,18.770609,18.555795,0.017753,0.999968
2024-06-07,18.3155,18.5582,18.3071,18.4472,10905721,0.010276,46.701832,-0.148707,18.768361,18.581498,0.017743,0.999967
2024-06-10,18.4587,18.6297,18.3644,18.4304,8574994,-0.000908,46.442050,-0.142834,18.720861,18.611209,0.013684,0.999967
2024-06-11,18.4294,18.8387,18.4294,18.7965,14363495,0.019866,52.643147,-0.107397,18.697285,18.653031,0.014528,0.999968
2024-06-12,18.7718,19.2567,18.7718,19.0937,11727370,0.015807,56.994635,-0.054708,18.714662,18.696462,0.013634,0.999968
2024-06-13,19.0804,19.3185,19.0804,19.2395,8577061,0.007638,58.986664,-0.001169,18.725110,18.740267,0.013323,0.999968
2024-06-14,19.2992,19.5898,19.2992,19.5391,16184330,0.015571,62.798659,0.064687,18.761680,18.787375,0.013389,0.999971
2024-06-17,19.4987,19.8679,19.4987,19.7906,9190145,0.012873,65.682814,0.135612,18.790054,18.837784,0.012807,0.999971
2024-06-18,19.6332,19.7728,19.4499,19.6524,9151607,-0.006986,62.800812,0.178606,18.815785,18.885155,0.012882,0.999971
2024-06-19,19.5237,19.5237,19.1474,19.2248,11287860,-0.021758,54.792990,0.176144,18.829751,18.919847,0.013672,0.999972
2024-06-20,19.1653,19.6486,19.1653,19.3649,6017292,0.007291,56.740371,0.183391,18.853274,18.951798,0.013719,0.999972
2024-06-21,19.4232,19.7922,19.4232,19.5443,12587589,0.009263,59.164536,0.201287,18.873524,18.981814,0.013578,0.999972
2024-06-24,19.4510,19.9850,19.4510,19.9037,9722879,0.018390,63.569699,0.241687,18.915101,19.019550,0.014058,0.999971
2024-06-25,19.8871,19.8871,19.5433,19.6038,11599642,-0.015067,57.952439,0.246663,18.949216,19.042824,0.014417,0.999972
2024-06-26,19.4056,19.4482,19.1831,19.3170,11303522,-0.014632,53.117606,0.224869,18.971972,19.058875,0.014850,0.999972
2024-06-27,19.2732,19.5323,19.2732,19.4711,7954943,0.007979,55.276760,0.217526,19.021994,19.073991,0.013969,0.999973
2024-06-28,19.5043,19.5481,19.4063,19.4553,9423889,-0.000814,54.996367,0.208031,19.064705,19.086956,0.013951,0.999973
2024-07-01,19.5500,19.5500,18.7526,18.8596,17505447,-0.030620,45.625137,0.150699,19.104560,19.086291,0.014151,0.999975
2024-07-02,19.0213,19.0213,18.8280,18.9811,8684139,0.006446,47.587735,0.113760,19.156989,19.092500,0.014000,0.999977
2024-07-03,19.0237,19.0237,18.3726,18.4082,14971553,-0.030183,40.219721,0.037820,19.169140,19.082772,0.015606,0.999978
2024-07-04,18.3201,18.3201,18.0132,18.1268,9337067,-0.015286,37.175239,-0.044555,19.162505,19.049107,0.015969,0.999978
2024-07-05,18.0598,18.9116,18.0598,18.5410,19963994,0.022851,43.906301,-0.075543,19.167198,19.026097,0.016638,0.999978
2024-07-08,18.5303,19.2312,18.5303,19.1165,20023522,0.031039,51.656347,-0.053052,19.201505,19.014087,0.017986,0.999979
2024-07-09,19.0817,19.0817,18.6615,18.7395,21679303,-0.019724,47.067956,-0.064905,19.198652,18.997320,0.018093,0.999979
2024-07-10,18.7958,18.7958,18.6225,18.6404,4897766,-0.005288,45.913649,-0.081357,19.175987,18.981643,0.017734,0.999979
2024-07-11,18.6802,18.7348,18.5466,18.6563,12853597,0.000854,46.142146,-0.092050,19.146827,18.956170,0.017624,0.999978
2024-07-12,18.6850,19.2855,18.6850,19.2224,12882587,0.030344,53.642473,-0.054219,19.130994,18.946380,0.018652,0.999979
2024-07-15,19.0891,19.1278,18.9837,19.0717,12253945,-0.007839,51.583212,-0.035982,19.095050,18.936585,0.018435,0.999980
2024-07-16,19.0769,19.1542,18.8116,18.9262,7738011,-0.007632,49.602516,-0.032895,19.058741,18.933947,0.018446,0.999980
2024-07-17,18.8863,19.7868,18.8863,19.4239,12386278,0.026300,55.846520,0.009606,19.068700,18.945974,0.018824,0.999981
2024-07-18,19.4476,19.4476,19.1690,19.3070,13041433,-0.006021,54.148877,0.033465,19.065802,18.966144,0.018813,0.999978
2024-07-19,19.3679,19.6340,19.3183,19.5461,13072917,0.012385,57.025025,0.070850,19.065891,18.987224,0.018907,0.999978
2024-07-22,19.6066,19.6066,19.0031,19.0810,11006289,-0.023795,50.402164,0.062232,19.024753,18.981235,0.019120,0.999978
2024-07-23,18.9935,19.0925,18.9458,19.0304,6480284,-0.002652,49.725570,0.050734,18.996080,18.976481,0.018871,0.999978
2024-07-24,19.0836,19.0836,18.3972,18.5188,10777915,-0.026884,43.383916,0.000335,18.956168,18.971934,0.019514,0.999978
2024-07-25,18.5195,18.5195,18.1221,18.2028,21918095,-0.017063,39.991520,-0.064362,18.892750,18.955379,0.019648,0.999978
2024-07-26,18.2353,18.5608,18.2353,18.4631,13738087,0.014301,43.884419,-0.093552,18.843140,18.948487,0.020030,0.999978
2024-07-29,18.4909,18.7133,18.3447,18.4482,11488618,-0.000804,43.710194,-0.116540,18.822573,18.932989,0.018899,0.999976
2024-07-30,18.5255,18.5255,18.0096,18.3505,11603063,-0.005297,42.514222,-0.141017,18.791043,18.917245,0.018840,0.999973
2024-07-31,18.3428,18.3428,18.0933,18.1310,15503896,-0.011961,39.875214,-0.176096,18.777184,18.900958,0.017792,0.999973
2024-08-01,18.1139,18.2826,17.8704,18.0673,10780580,-0.003513,39.116293,-0.206655,18.774209,18.884415,0.017473,0.999971
2024-08-02,18.0822,18.1892,17.8732,18.1619,8350089,0.005233,40.913815,-0.220699,18.755252,18.864867,0.016686,0.999973
2024-08-05,18.1503,18.6194,18.1503,18.4623,13013944,0.016539,46.334570,-0.205226,18.722538,18.852668,0.015498,0.999976
2024-08-06,18.4445,18.4445,17.5161,17.6845,20946329,-0.042128,36.895651,-0.252809,18.669788,18.827927,0.017549,0.999973
2024-08-07,17.6329,17.6329,17.3379,17.4465,8812183,-0.013457,34.574844,-0.306191,18.610095,18.799620,0.017705,0.999972
2024-08-08,17.5560,17.6381,17.2179,17.4966,13974261,0.002873,35.495219,-0.340527,18.552112,18.780139,0.017735,0.999972
2024-08-09,17.6086,17.6086,17.3086,17.4714,6437344,-0.001445,35.225985,-0.365565,18.464559,18.757544,0.015915,0.999971
2024-08-12,17.4336,17.5959,17.4225,17.5920,11619589,0.006904,37.655259,-0.371393,18.390572,18.748135,0.016100,0.999970
2024-08-13,17.7583,17.7614,17.6612,17.6743,12477913,0.004678,39.326969,-0.365163,18.327978,18.742969,0.016185,0.999970
2024-08-14,17.5852,17.6148,17.5004,17.5908,11572565,-0.004725,38.207263,-0.362782,18.236319,18.731480,0.014610,0.999971
2024-08-15,17.5257,17.5730,17.4196,17.4430,11481921,-0.008402,36.240751,-0.368572,18.143119,18.715149,0.014630,0.999971
2024-08-16,17.4117,17.4975,17.3723,17.3732,11724723,-0.004002,35.316180,-0.374477,18.034473,18.693668,0.014055,0.999969
2024-08-19,17.3517,17.8014,17.3517,17.7109,13500970,0.019439,42.904990,-0.347896,17.965967,18.679278,0.014457,0.999970
2024-08-20,17.7340,17.7340,17.4861,17.5045,7617320,-0.011652,39.829808,-0.339568,17.889673,18.653437,0.014565,0.999969
2024-08-21,17.4665,17.5591,17.2621,17.4927,6257405,-0.000674,39.654736,-0.330116,17.838369,18.621417,0.013548,0.999970
2024-08-22,17.5932,17.7243,17.5411,17.5495,13028430,0.003247,40.998541,-0.314417,17.805705,18.587617,0.013175,0.999969
2024-08-23,17.4987,18.2704,17.4987,18.0136,13080153,0.026443,50.665871,-0.261515,17.783228,18.557106,0.014194,0.999971
2024-08-26,17.9522,18.0512,17.8500,17.9294,11348106,-0.004674,49.094304,-0.223804,17.757284,18.519881,0.014215,0.999970
2024-08-27,17.9102,18.5109,17.9102,18.2209,8388037,0.016258,54.371666,-0.168454,17.750801,18.491252,0.014707,0.999971
2024-08-28,18.1926,18.6912,18.1926,18.6004,11918007,0.020830,60.162546,-0.092892,17.774269,18.478765,0.015154,0.999972
2024-08-29,18.6910,18.6910,18.4807,18.5857,4279324,-0.000788,59.846523,-0.033803,17.800188,18.463181,0.015120,0.999972
2024-08-30,18.5200,18.5556,18.3794,18.5215,7852102,-0.003453,58.400487,0.007757,17.818171,18.442726,0.015132,0.999971
2024-09-02,18.6250,18.6250,18.3069,18.4280,7361316,-0.005053,56.265785,0.032765,17.816456,18.413210,0.014737,0.999971
2024-09-03,18.4048,18.5058,18.3329,18.3531,7744496,-0.004063,54.547925,0.046013,17.849887,18.388195,0.010991,0.999970
2024-09-04,18.3608,18.6225,18.3608,18.6201,9163298,0.014548,59.318156,0.077166,17.908566,18.374257,0.010710,0.999970
2024-09-05,18.6426,18.7034,18.6426,18.6936,12886017,0.003949,60.546198,0.106560,17.968415,18.358707,0.010710,0.999970
2024-09-06,18.6490,18.9242,18.5238,18.7696,7225148,0.004067,61.829100,0.134439,18.033329,18.344994,0.010650,0.999970
2024-09-09,18.7455,18.7455,18.3564,18.4266,13432445,-0.018279,53.391045,0.127381,18.075057,18.336333,0.011683,0.999970
2024-09-10,18.3883,18.3883,18.0541,18.1367,10827585,-0.015729,47.494256,0.097279,18.098180,18.319445,0.012345,0.999970
2024-09-11,18.1591,18.8669,18.1591,18.7938,13999626,0.036231,58.646007,0.125006,18.158334,18.327157,0.014492,0.999972
2024-09-12,18.6933,19.1342,18.5950,18.7412,9505794,-0.002803,57.590009,0.141102,18.223243,18.339444,0.014304,0.999972
2024-09-13,18.7557,18.7557,18.1180,18.5055,10700822,-0.012574,52.993274,0.133307,18.279861,18.338734,0.014671,0.999972
2024-09-16,18.5536,19.1046,18.5536,18.9558,12958516,0.024334,59.625472,0.161604,18.342110,18.335519,0.014992,0.999972
2024-09-17,19.0260,19.2191,19.0093,19.0480,15286395,0.004860,60.842733,0.189281,18.419283,18.341689,0.014562,0.999971
2024-09-18,19.0705,19.3375,19.0705,19.2336,21643832,0.009745,63.246965,0.223616,18.506327,18.353553,0.014560,0.999971
2024-09-19,19.1897,19.1997,18.9097,19.1937,14207126,-0.002072,62.361759,0.244790,18.588540,18.364302,0.014639,0.999971
2024-09-20,19.2872,19.2872,19.0215,19.0956,11035351,-0.005113,60.129880,0.250761,18.642642,18.361766,0.013838,0.999971
2024-09-23,19.0156,19.0934,18.9961,19.0447,8330211,-0.002666,58.951170,0.248521,18.698409,18.361225,0.013787,0.999968
2024-09-24,19.0934,19.0934,18.5323,18.6172,14575679,-0.022445,50.074863,0.209835,18.718229,18.355047,0.014540,0.999969
2024-09-25,18.5047,18.7864,18.4982,18.5951,9042534,-0.001191,49.657248,0.175366,18.717963,18.338470,0.013788,0.999968
2024-09-26,18.6232,18.7779,18.6232,18.6907,7164636,0.005140,51.533947,0.153986,18.723209,18.326144,0.013832,0.999967
2024-09-27,18.7921,19.5372,18.7921,19.2741,11904160,0.031215,61.073035,0.182022,18.760836,18.320704,0.015409,0.999968
2024-09-30,19.2273,19.3126,19.2273,19.3049,7216473,0.001600,61.504216,0.204373,18.804684,18.325183,0.015318,0.999968
2024-10-01,19.3768,19.3768,18.3166,18.5751,14909022,-0.037804,47.961275,0.161337,18.815784,18.316077,0.017739,0.999970
2024-10-02,18.5657,18.5657,18.5304,18.5478,10669180,-0.001473,47.538738,0.123598,18.812167,18.316657,0.017442,0.999969
2024-10-03,18.5535,19.4336,18.5535,19.4157,10070381,0.046795,59.677360,0.161860,18.848271,18.340915,0.020348,0.999969
2024-10-04,19.3661,19.7771,19.3661,19.7033,14609904,0.014813,62.752884,0.212937,18.894955,18.365720,0.020544,0.999969
2024-10-07,19.5693,19.6300,19.4366,19.4433,10316547,-0.013196,58.415304,0.229786,18.945793,18.385621,0.020302,0.999969
2024-10-08,19.3762,19.8574,19.3762,19.6408,9924000,0.010157,60.640719,0.256123,19.020997,18.411427,0.019874,0.999969
2024-10-09,19.5546,19.5546,19.3834,19.4066,9273593,-0.011924,56.761266,0.255155,19.051635,18.436938,0.018666,0.999968
2024-10-10,19.4716,19.4716,18.9227,18.9802,14158046,-0.021971,50.435302,0.217477,19.063588,18.455196,0.019391,0.999969
2024-10-11,19.0744,19.0744,18.8211,18.8748,12000090,-0.005552,48.982263,0.177071,19.082054,18.469455,0.019199,0.999969
2024-10-14,18.9578,19.0164,18.8062,18.9117,11238081,0.001953,49.530054,0.146338,19.079848,18.478443,0.018413,0.999969
2024-10-15,18.9379,18.9379,18.3103,18.3378,11867437,-0.030349,41.973852,0.074806,19.044338,18.491509,0.019575,0.999970
2024-10-16,18.4070,18.4070,17.8891,17.9945,11291959,-0.018720,38.218256,-0.009475,18.982382,18.502468,0.019732,0.999970
2024-10-17,18.0880,18.0880,17.9084,17.9999,8527667,0.000304,38.312822,-0.074964,18.922692,18.512533,0.019746,0.999969
2024-10-18,17.9755,17.9922,17.7319,17.8819,9935134,-0.006557,36.994936,-0.134833,18.862006,18.520744,0.019757,0.999969
2024-10-21,17.8951,18.0234,17.8766,18.0035,11405663,0.006798,39.310249,-0.170507,18.809944,18.528974,0.019880,0.999970
2024-10-22,18.0882,18.0882,17.5312,17.6456,9686369,-0.019879,35.207752,-0.225063,18.761359,18.528399,0.019754,0.999973
2024-10-23,17.6237,18.0515,17.6237,17.8560,9833737,0.011925,39.223722,-0.248456,18.724404,18.533703,0.020015,0.999972
2024-10-24,17.7442,17.7442,17.3708,17.5132,8187708,-0.019197,35.376911,-0.291297,18.665530,18.535108,0.020306,0.999973
2024-10-25,17.5123,18.0391,17.5123,18.0016,9784237,0.027889,43.829994,-0.282580,18.601906,18.547677,0.020023,0.999974
2024-10-28,18.0091,18.0091,17.3136,17.5002,11086962,-0.027854,38.292280,-0.312530,18.511670,18.543464,0.020720,0.999975
2024-10-29,17.5004,17.5004,17.0347,17.1891,7995915,-0.017776,35.311407,-0.357249,18.442370,18.537156,0.019483,0.999980
2024-10-30,17.1458,17.4491,17.1458,17.3129,11015372,0.007200,37.399126,-0.378342,18.380625,18.533559,0.019631,0.999980
2024-10-31,17.2460,17.8430,17.2460,17.8006,10265370,0.028175,44.941738,-0.351644,18.299872,18.538582,0.017453,0.999980
2024-11-01,17.8491,17.9115,17.7525,17.8972,12430416,0.005427,46.321057,-0.319015,18.209568,18.536256,0.017036,0.999980
2024-11-04,17.7608,18.1531,17.7608,18.0711,6615751,0.009712,48.806272,-0.275949,18.140955,18.539090,0.017201,0.999980
2024-11-05,18.0797,18.2052,18.0013,18.0828,9519642,0.000650,48.978069,-0.238127,18.063055,18.536328,0.016933,0.999980
2024-11-06,18.0974,18.0974,17.7749,17.7790,10867109,-0.016798,44.789402,-0.230011,17.981677,18.519901,0.017087,0.999980
2024-11-07,17.6742,17.7781,17.4814,17.6376,9332221,-0.007955,42.947620,-0.232314,17.914546,18.500939,0.016602,0.999980
2024-11-08,17.5194,17.5194,17.2791,17.2917,7757522,-0.019612,38.750580,-0.259066,17.835389,18.476342,0.016986,0.999981
2024-11-11,17.3347,17.3347,16.9064,16.9328,8884658,-0.020754,34.936209,-0.305700,17.736445,18.446439,0.017306,0.999981
2024-11-12,16.9445,17.1490,16.9445,17.0500,9363344,0.006918,37.112229,-0.329408,17.672056,18.420376,0.016461,0.999982
2024-11-13,17.0654,17.0654,16.6633,16.7391,9965075,-0.018232,33.874480,-0.369027,17.609288,18.382757,0.016437,0.999983
2024-11-14,16.7721,16.8347,16.6793,16.8317,7409403,0.005529,35.673771,-0.388480,17.550874,18.345517,0.016542,0.999983
2024-11-15,16.7706,16.7706,16.4032,16.4742,6105313,-0.021235,32.047057,-0.427804,17.480491,18.299609,0.017016,0.999982
2024-11-18,16.5050,16.6081,16.5050,16.5577,11184489,0.005069,33.741815,-0.447078,17.408206,18.262233,0.016963,0.999982
2024-11-19,16.5860,16.5860,16.3422,16.4290,8955393,-0.007775,32.400102,-0.467354,17.347378,18.228079,0.016580,0.999982
2024-11-20,16.4728,16.9256,16.4728,16.8225,9655985,0.023949,40.223305,-0.446527,17.295702,18.188651,0.017365,0.999981
2024-11-21,16.7876,17.0104,16.7876,16.9142,7142159,0.005456,41.912224,-0.417798,17.265755,18.152113,0.017014,0.999980
2024-11-22,16.7728,17.3854,16.7728,17.2673,12124121,0.020870,47.997386,-0.362369,17.229037,18.127348,0.016437,0.999982
2024-11-25,17.2864,17.2864,17.0222,17.0563,8740836,-0.012216,44.966079,-0.331638,17.206843,18.089357,0.015484,0.999983
2024-11-26,17.0006,17.1073,17.0006,17.0777,6946351,0.001256,45.343579,-0.302074,17.201275,18.049953,0.014986,0.999983
2024-11-27,16.9737,16.9737,16.5765,16.8071,11771348,-0.015848,41.472809,-0.297058,17.175987,18.001423,0.015269,0.999983
2024-11-28,16.8153,16.8153,16.5341,16.6955,8688793,-0.006642,39.957647,-0.298648,17.120728,17.951457,0.013619,0.999983
2024-11-29,16.6655,16.6835,16.5313,16.6267,12380911,-0.004118,39.012439,-0.301975,17.057201,17.902080,0.013471,0.999983
2024-12-02,16.7212,16.7212,16.1290,16.4324,6902528,-0.011688,36.391649,-0.316642,16.975268,17.849833,0.013206,0.999983
2024-12-03,16.3698,16.3698,15.9546,16.1073,8438803,-0.019785,32.462602,-0.350460,16.876491,17.799633,0.013559,0.999983
2024-12-04,16.1653,16.1653,15.6579,15.7394,11582969,-0.022838,28.688504,-0.402307,16.774509,17.742520,0.013883,0.999981
2024-12-05,15.6785,15.6785,14.9773,15.1440,14967262,-0.037830,23.854231,-0.485841,16.649828,17.671586,0.015607,0.999982
2024-12-06,15.0493,15.0493,14.8556,14.8850,8011115,-0.017103,22.109009,-0.566413,16.529492,17.583804,0.015514,0.999982
2024-12-09,14.8413,15.0913,14.8413,15.0439,10058664,0.010678,25.701407,-0.610405,16.435047,17.498584,0.015676,0.999982
2024-12-10,15.0648,15.0648,14.6211,14.6545,12451319,-0.025889,22.912758,-0.668984,16.315272,17.420171,0.015991,0.999982
2024-12-11,14.6551,14.6551,14.2519,14.3294,14843256,-0.022178,20.877036,-0.733182,16.194788,17.335805,0.016155,0.999983
2024-12-12,14.2835,14.8294,14.2835,14.7633,11434469,0.030276,29.838039,-0.740516,16.091369,17.242756,0.018051,0.999984
2024-12-13,14.7552,14.7552,14.5024,14.6118,11685322,-0.010262,28.619102,-0.749909,15.998246,17.140926,0.017740,0.999984
2024-12-16,14.6314,14.8804,14.5546,14.6907,13609910,0.005402,30.218572,-0.742426,15.904895,17.045874,0.017751,0.999983
2024-12-17,14.5862,14.9598,14.5862,14.8535,11116191,0.011081,33.526695,-0.715116,15.826120,16.950128,0.018138,0.999983
2024-12-18,14.8431,15.0347,14.8431,15.0247,18813303,0.011524,36.913548,-0.671916,15.736230,16.862489,0.017292,0.999982
2024-12-19,15.0343,15.0343,14.6334,14.6543,7915927,-0.024649,32.996465,-0.659955,15.623234,16.775971,0.017596,0.999982
2024-12-20,14.6100,14.6302,14.5082,14.6015,10500998,-0.003606,32.466986,-0.647279,15.489946,16.690504,0.016364,0.999981
2024-12-23,14.5581,14.5581,14.1556,14.2187,13054355,-0.026213,28.855710,-0.660504,15.348066,16.596644,0.016836,0.999981
2024-12-24,14.2142,14.9443,14.2142,14.8103,9999320,0.041602,39.969010,-0.616151,15.234692,16.526095,0.020201,0.999982
2024-12-25,14.7549,14.7549,14.3955,14.4270,15497047,-0.025879,36.040600,-0.604954,15.115687,16.454745,0.020556,0.999983
2024-12-26,14.3559,14.3559,14.0648,14.1803,8618048,-0.017100,33.741734,-0.608968,14.989927,16.378352,0.020668,0.999984
2024-12-27,14.1454,14.1454,13.9336,13.9392,12920932,-0.017003,31.619115,-0.624407,14.855550,16.299497,0.020744,0.999983
2024-12-30,13.9141,13.9141,13.5532,13.5990,9524106,-0.024402,28.860686,-0.656520,14.713882,16.211409,0.021037,0.999984
2024-12-31,13.5309,13.9566,13.5309,13.9137,8241567,0.023136,34.548508,-0.649101,14.604202,16.136771,0.022065,0.999982
2025-01-01,13.8813,14.5357,13.8813,14.4860,12799719,0.041135,43.412067,-0.590234,14.541531,16.069371,0.024193,0.999984
2025-01-02,14.4834,14.5091,14.3261,14.3763,11191859,-0.007570,42.231981,-0.546134,14.503149,16.006634,0.022866,0.999984
2025-01-03,14.3995,14.3995,14.0236,14.0703,8695234,-0.021287,39.042427,-0.529772,14.462415,15.928008,0.023027,0.999984
2025-01-06,14.0131,14.0131,13.4887,13.5617,9422982,-0.036149,34.393158,-0.551490,14.388303,15.849238,0.023972,0.999984
2025-01-07,13.5834,13.5834,13.4324,13.5106,10185957,-0.003769,33.955539,-0.566298,14.331109,15.775667,0.023457,0.999984
2025-01-08,13.5928,13.5928,13.3429,13.4456,12221718,-0.004811,33.373990,-0.576632,14.286915,15.698321,0.023059,0.999983
2025-01-09,13.4937,13.4937,13.2043,13.3043,12920143,-0.010504,32.088085,-0.589423,14.213967,15.608395,0.021733,0.999984
2025-01-10,13.3567,13.4080,13.2336,13.3553,11045937,0.003829,33.089573,-0.588663,14.151142,15.517555,0.021781,0.999983
2025-01-13,13.2856,13.4991,13.2856,13.4486,5331590,0.006989,34.981446,-0.573914,14.089037,15.425106,0.021821,0.999983
2025-01-14,13.4779,13.5393,13.4283,13.5226,12620772,0.005501,36.513628,-0.549916,14.022492,15.333902,0.021650,0.999983
2025-01-15,13.5538,13.5538,13.4355,13.4547,14400968,-0.005018,35.682967,-0.530261,13.943995,15.247416,0.021321,0.999984
2025-01-16,13.4529,13.4529,13.2009,13.2148,10871726,-0.017835,32.838049,-0.527962,13.872017,15.158959,0.021048,0.999984
2025-01-17,13.1976,13.6553,13.1976,13.3641,9486464,0.011302,36.245093,-0.508230,13.810149,15.080408,0.021360,0.999984
2025-01-20,13.4046,13.4892,13.3319,13.3695,7660171,0.000401,36.369960,-0.486550,13.767687,15.009141,0.020736,0.999983
2025-01-21,13.4095,13.6174,13.4095,13.5693,11148286,0.014945,41.004070,-0.448081,13.705638,14.939527,0.018459,0.999983
2025-01-22,13.5188,13.7946,13.5188,13.7513,8888362,0.013415,44.938491,-0.398314,13.671855,14.879772,0.018118,0.999983
2025-01-23,13.8483,13.8483,13.3915,13.4320,18357260,-0.023222,39.910047,-0.380258,13.634440,14.811778,0.018432,0.999982
2025-01-24,13.4060,13.4060,13.0992,13.1181,11888041,-0.023369,35.683467,-0.386818,13.593386,14.744655,0.018747,0.999982
2025-01-27,13.1285,13.1285,12.8415,12.9589,14273341,-0.012136,33.732195,-0.400249,13.561379,14.672678,0.018198,0.999982
2025-01-28,13.0035,13.0035,12.6894,12.7376,11584747,-0.017077,31.179910,-0.423864,13.502576,14.598850,0.017451,0.999982
2025-01-29,12.7555,12.9493,12.7555,12.9011,6787774,0.012839,35.088687,-0.424489,13.423333,14.520423,0.014469,0.999983
2025-01-30,12.9290,13.0463,12.7849,12.9784,10415520,0.005991,36.912257,-0.413977,13.353437,14.441707,0.014692,0.999983
2025-01-31,13.0060,13.2840,13.0060,13.2224,12734126,0.018800,42.412776,-0.381559,13.311042,14.360810,0.015082,0.999983
2025-02-03,13.1913,13.3352,13.1913,13.3138,10974388,0.006909,44.368409,-0.344525,13.298646,14.285959,0.013034,0.999983
2025-02-04,13.3783,13.3783,13.3482,13.3630,5989478,0.003701,45.444643,-0.307652,13.291270,14.211665,0.013053,0.999983
2025-02-05,13.3504,13.7079,13.3504,13.6324,15379336,0.020161,51.023442,-0.253766,13.300614,14.148172,0.013789,0.999982
2025-02-06,13.6246,13.7928,13.6246,13.7398,6418773,0.007873,53.081860,-0.200094,13.322387,14.089058,0.013609,0.999981
2025-02-07,13.7045,13.8202,13.7045,13.7582,10514253,0.001338,53.442884,-0.154296,13.342531,14.031687,0.013600,0.999981
2025-02-10,13.8388,14.1688,13.8388,14.1040,10637982,0.025139,59.721091,-0.089066,13.375302,13.985120,0.014552,0.999982
2025-02-11,14.1926,14.3403,14.1162,14.1332,7643727,0.002068,60.208476,-0.034617,13.405832,13.945639,0.014535,0.999981
2025-02-12,14.0915,14.0915,13.9473,14.0618,9484273,-0.005053,58.347024,0.002740,13.436185,13.912086,0.014536,0.999979
2025-02-13,14.0540,14.0540,13.8379,13.8694,7782694,-0.013681,53.544764,0.016630,13.468917,13.886595,0.014260,0.999980
2025-02-14,13.8008,14.1858,13.8008,14.0356,12218235,0.011985,56.849382,0.040582,13.502492,13.869608,0.014283,0.999979
2025-02-17,14.0807,14.5049,14.0807,14.3288,10953837,0.020886,61.985252,0.082271,13.550456,13.855305,0.014844,0.999980
2025-02-18,14.3106,14.3990,14.2611,14.3207,10639427,-0.000564,61.766931,0.113350,13.588026,13.848629,0.014622,0.999980
2025-02-19,14.3423,14.7507,14.3423,14.6401,10922740,0.022307,66.750913,0.161892,13.632467,13.854843,0.015090,0.999980
2025-02-20,14.6947,14.6947,14.1204,14.1730,7773691,-0.031907,55.382228,0.160816,13.669519,13.843038,0.015990,0.999980
2025-02-21,14.1121,14.2447,14.1121,14.1647,8450302,-0.000587,55.202018,0.157476,13.721850,13.834096,0.014793,0.999980
2025-02-24,14.2210,14.2355,14.1207,14.1603,8311275,-0.000313,55.098912,0.152711,13.781919,13.823487,0.014346,0.999980
2025-02-25,14.2801,14.2801,13.9474,13.9953,7611398,-0.011653,51.266295,0.134074,13.844802,13.806323,0.013962,0.999980
2025-02-26,14.0027,14.5887,14.0027,14.5602,6980104,0.040367,61.213699,0.163012,13.927755,13.797033,0.016003,0.999982
2025-02-27,14.4900,14.6770,14.4900,14.5507,17027125,-0.000652,60.988325,0.183068,14.006369,13.794961,0.016076,0.999980
2025-02-28,14.5029,14.5029,14.3537,14.4568,10906373,-0.006457,58.686482,0.189201,14.068086,13.792066,0.015997,0.999980
2025-03-03,14.5096,14.5355,14.4605,14.4668,15194732,0.000696,58.865507,0.192652,14.125739,13.797028,0.016010,0.999980
2025-03-04,14.4589,14.4589,13.8959,14.0007,12787197,-0.032219,48.400247,0.155979,14.157622,13.780837,0.017973,0.999978
2025-03-05,13.9522,13.9522,13.8135,13.8276,8200259,-0.012364,45.187283,0.111659,14.167380,13.768849,0.017760,0.999977
2025-03-06,13.7656,14.2215,13.7656,14.0577,6635524,0.016640,49.943886,0.094019,14.183276,13.766398,0.018048,0.999977
2025-03-07,13.9845,13.9845,13.8704,13.9149,10176759,-0.010156,47.206416,0.067737,14.191114,13.765913,0.018229,0.999977
2025-03-10,13.8907,13.8907,13.5137,13.7264,11251029,-0.013545,43.793934,0.031339,14.172235,13.768461,0.017541,0.999977
2025-03-11,13.7803,14.0318,13.7803,14.0281,8609796,0.021976,50.021054,0.026527,14.166979,13.770750,0.018286,0.999977
2025-03-12,13.9963,14.4455,13.9963,14.3472,10820934,0.022746,55.621914,0.047909,14.181248,13.767973,0.018944,0.999979
2025-03-13,14.2594,14.6696,14.2594,14.4722,11240526,0.008712,57.625221,0.074086,14.211386,13.769890,0.018679,0.999978
2025-03-14,14.5144,14.5144,14.2862,14.3664,7688463,-0.007307,55.348733,0.085315,14.227925,13.775812,0.018651,0.999978
2025-03-17,14.4205,14.4205,14.2518,14.3146,12740334,-0.003609,54.217860,0.089004,14.227215,13.790869,0.018095,0.999977
2025-03-18,14.3138,14.3138,14.0445,14.1275,12397445,-0.013070,50.229650,0.075956,14.217555,13.803208,0.018334,0.999976
2025-03-19,14.1698,14.1698,13.8568,13.8996,6075613,-0.016132,45.809063,0.046688,14.180527,13.812288,0.017823,0.999975
2025-03-20,13.8651,13.8651,13.5397,13.6638,6827183,-0.016962,41.718740,0.004418,14.155067,13.819478,0.016806,0.999975
2025-03-21,13.6686,13.6686,13.4674,13.5276,6505761,-0.009972,39.522406,-0.039619,14.123211,13.822924,0.016905,0.999976
2025-03-24,13.5215,13.5215,13.2563,13.3025,8259923,-0.016637,36.137942,-0.091623,14.080323,13.820002,0.017202,0.999975
2025-03-25,13.2858,13.2858,12.7865,12.9671,14491016,-0.025214,31.771427,-0.158079,14.028915,13.808892,0.017818,0.999976
2025-03-26,12.8927,13.0414,12.8927,13.0157,12821616,0.003750,33.034880,-0.204465,13.951692,13.800112,0.014657,0.999974
2025-03-27,13.0919,13.1361,12.9850,13.0694,10435972,0.004126,34.477845,-0.234193,13.877628,13.797205,0.014779,0.999974
2025-03-28,13.0570,13.5858,13.0570,13.4469,13806334,0.028881,43.665608,-0.224705,13.827135,13.798861,0.016624,0.999974
2025-03-31,13.4295,13.4295,13.2931,13.3010,5934845,-0.010846,41.258175,-0.226345,13.768847,13.797492,0.016672,0.999972
2025-04-01,13.2963,13.4653,13.2963,13.3695,11373316,0.005150,42.851688,-0.219587,13.737288,13.793497,0.015395,0.999973
2025-04-02,13.3733,13.5309,13.3733,13.4409,13785023,0.005337,44.539627,-0.206097,13.717953,13.787288,0.015288,0.999973
2025-04-03,13.5005,13.5005,13.2710,13.3873,5934968,-0.003988,43.500120,-0.197456,13.684433,13.786395,0.014698,0.999973
2025-04-04,13.3903,13.5749,13.3903,13.5563,8176516,0.012628,47.649476,-0.174950,13.666504,13.795160,0.014941,0.999973
2025-04-07,13.5675,13.8227,13.5675,13.7356,13097976,0.013224,51.700361,-0.141022,13.666962,13.810694,0.014975,0.999974
2025-04-08,13.6132,13.9287,13.6132,13.8139,8352470,0.005700,53.396290,-0.106588,13.656252,13.832220,0.014146,0.999975
2025-04-09,13.8694,13.8694,13.7008,13.7576,9107953,-0.004075,51.982740,-0.082887,13.626774,13.849350,0.013036,0.999975
2025-04-10,13.8450,13.8450,13.6392,13.6776,8582131,-0.005816,49.958312,-0.069756,13.587045,13.863333,0.012810,0.999973
2025-04-11,13.7389,13.7389,13.3293,13.3729,9117223,-0.022279,43.078342,-0.082981,13.537367,13.866342,0.013509,0.999974
2025-04-14,13.4377,13.4377,13.1675,13.1971,14226041,-0.013142,39.683841,-0.106418,13.481494,13.864009,0.013681,0.999974
2025-04-15,13.1962,13.1962,12.9799,13.0635,11756524,-0.010124,37.279052,-0.134225,13.428296,13.858018,0.013593,0.999974
2025-04-16,13.1004,13.1004,12.7460,12.8251,10068711,-0.018250,33.390621,-0.173499,13.374572,13.841871,0.013702,0.999974
2025-04-17,12.7549,12.9255,12.7549,12.9230,9133706,0.007637,36.328952,-0.194479,13.337533,13.825537,0.013574,0.999973
2025-04-18,12.8653,13.2642,12.8653,13.1862,5075171,0.020360,43.534816,-0.187712,13.320462,13.814096,0.014388,0.999973
2025-04-21,13.1721,13.1721,12.8484,12.9932,11921166,-0.014631,39.963351,-0.195660,13.304998,13.791880,0.014281,0.999973
2025-04-22,13.0813,13.1163,12.8565,13.0554,9252485,0.004785,41.625349,-0.194698,13.309413,13.770324,0.013143,0.999971
2025-04-23,13.0555,13.0555,12.8293,12.8354,7176110,-0.016854,37.652556,-0.209279,13.300394,13.745796,0.013665,0.999971
2025-04-24,12.8754,12.8754,12.6967,12.7731,9369708,-0.004851,36.588413,-0.223285,13.285577,13.723870,0.013649,0.999972
2025-04-25,12.7406,12.7406,12.4940,12.6297,5349397,-0.011227,34.191636,-0.243153,13.244718,13.695751,0.011846,0.999972
2025-04-28,12.6722,12.8031,12.6722,12.7610,11067652,0.010394,38.183728,-0.245476,13.217714,13.664395,0.012062,0.999972
2025-04-29,12.7721,12.7721,12.5636,12.6187,10256316,-0.011148,35.659176,-0.255847,13.180172,13.630355,0.012104,0.999971
2025-04-30,12.6191,12.9170,12.6191,12.8345,15795872,0.017099,41.930224,-0.243845,13.149852,13.594242,0.012787,0.999971
2025-05-01,12.8494,12.9882,12.6510,12.7882,17838900,-0.003605,41.007372,-0.235353,13.119898,13.566546,0.012785,0.999971
2025-05-02,12.7795,12.7795,12.5794,12.6547,17396611,-0.010437,38.382531,-0.236665,13.074818,13.536347,0.012411,0.999971
2025-05-05,12.6908,12.6908,12.3745,12.3966,7314001,-0.020398,33.867731,-0.255587,13.007868,13.501074,0.012322,0.999971
2025-05-06,12.3530,12.4944,12.2815,12.4519,13048598,0.004459,35.614344,-0.263090,12.939767,13.470206,0.012269,0.999971
2025-05-07,12.4640,12.7462,12.4640,12.6408,8017972,0.015175,41.319462,-0.250897,12.883929,13.431819,0.013082,0.999974
2025-05-08,12.7373,12.8404,12.6770,12.6990,16379494,0.004601,42.993835,-0.233845,12.835000,13.394785,0.013218,0.999973
2025-05-09,12.6644,13.2328,12.6644,13.1833,10745356,0.038136,54.608473,-0.179188,12.825522,13.369316,0.015446,0.999974
2025-05-12,13.0807,13.6638,13.0807,13.5045,9308905,0.024362,60.374479,-0.108702,12.840890,13.350069,0.016106,0.999973
2025-05-13,13.5629,13.5629,13.2844,13.4391,12095165,-0.004838,58.739886,-0.057451,12.859672,13.338838,0.015951,0.999973
2025-05-14,13.3599,13.5630,13.3459,13.3725,12971516,-0.004957,57.043897,-0.021957,12.887043,13.329736,0.015349,0.999973
2025-05-15,13.3289,13.5759,13.3289,13.4813,5969641,0.008136,59.119870,0.014781,12.914957,13.318209,0.015359,0.999972
2025-05-16,13.4350,13.4350,13.1596,13.2953,9172493,-0.013797,54.289552,0.028559,12.920415,13.305817,0.015134,0.999970
2025-05-19,13.2492,13.5580,13.2492,13.5572,14324595,0.019694,59.327319,0.059915,12.948611,13.302431,0.015271,0.999971
2025-05-20,13.4792,13.7400,13.4792,13.6409,8010038,0.006175,60.814271,0.090476,12.977884,13.294687,0.015286,0.999971
2025-05-21,13.6079,13.7098,13.5398,13.7016,10196191,0.004449,61.901688,0.118231,13.021194,13.281774,0.014608,0.999967
2025-05-22,13.7012,13.9521,13.7012,13.8624,6880792,0.011743,64.698610,0.151463,13.075662,13.269580,0.014588,0.999969
2025-05-23,13.8428,14.3388,13.8428,14.2675,15402037,0.029221,70.558905,0.208088,13.157553,13.267602,0.015130,0.999971
2025-05-26,14.3274,14.3412,14.3010,14.3144,11470845,0.003289,71.156193,0.253824,13.235227,13.267600,0.015110,0.999970
2025-05-27,14.2993,14.3033,14.2550,14.2895,9397396,-0.001741,70.339876,0.284776,13.318768,13.270841,0.014693,0.999973
2025-05-28,14.2631,14.6999,14.2631,14.6536,13391520,0.025482,74.874901,0.334827,13.409727,13.285922,0.015130,0.999974
2025-05-29,14.6793,14.8983,14.6793,14.8912,11892826,0.016210,77.311955,0.389174,13.514875,13.310469,0.015064,0.999972
2025-05-30,14.9646,14.9646,14.7663,14.8163,8567218,-0.005030,74.846597,0.421344,13.622951,13.336243,0.014766,0.999972
2025-06-02,14.8279,15.0225,14.6862,14.8229,11306968,0.000445,74.922322,0.442271,13.744264,13.366650,0.013320,0.999971
2025-06-03,14.8079,14.9079,14.7975,14.8746,11785133,0.003490,75.545173,0.457755,13.865399,13.404800,0.013339,0.999972
2025-06-04,14.8901,15.0260,14.8901,14.9662,14176214,0.006158,76.650796,0.471976,13.981667,13.443809,0.013272,0.999970
2025-06-05,14.9579,14.9579,14.5766,14.6379,11810886,-0.021934,65.262466,0.451552,14.078613,13.475179,0.014914,0.999971
2025-06-06,14.6456,14.6456,14.1940,14.2735,15998094,-0.024898,55.417999,0.401331,14.133121,13.491710,0.014698,0.999970
2025-06-09,14.2910,14.2910,14.0542,14.0674,13259376,-0.014438,50.755735,0.340970,14.161266,13.507037,0.014439,0.999971
2025-06-10,14.0149,14.0149,13.8240,13.8483,9966596,-0.015570,46.297634,0.272321,14.181726,13.516613,0.014904,0.999971
2025-06-11,13.8107,13.8107,13.6231,13.7050,13343884,-0.010353,43.598301,0.203995,14.198349,13.521895,0.015077,0.999971
2025-06-12,13.6585,13.8940,13.6585,13.8524,9138232,0.010754,47.018281,0.159897,14.216901,13.531196,0.015150,0.999970
2025-06-13,13.9011,13.9011,13.7919,13.8176,12243194,-0.002507,46.305684,0.120754,14.243017,13.536422,0.014757,0.999970
2025-06-16,13.8173,13.9260,13.7595,13.8677,6750957,0.003623,47.539772,0.092704,14.258543,13.539064,0.014170,0.999970
2025-06-17,13.9489,13.9489,13.5809,13.5920,8671183,-0.019881,41.836931,0.047677,14.256100,13.534625,0.014872,0.999972
2025-06-18,13.6049,13.6049,13.3393,13.4900,5006023,-0.007501,39.929458,0.003724,14.245524,13.529274,0.014921,0.999973
2025-06-19,13.5270,13.6259,13.5270,13.6238,12425568,0.009916,43.565247,-0.020083,14.233592,13.528199,0.014846,0.999972
2025-06-20,13.6161,13.7931,13.6161,13.7614,13012754,0.010097,47.110205,-0.027534,14.208284,13.535969,0.013354,0.999971
2025-06-23,13.8179,13.8179,13.5306,13.5998,10152839,-0.011737,43.643564,-0.045942,14.172554,13.544024,0.013480,0.999971
2025-06-24,13.5870,13.7901,13.5870,13.6410,8224698,0.003028,44.759823,-0.056556,14.140130,13.555574,0.013535,0.999970
2025-06-25,13.6174,14.1873,13.6174,14.1509,10936281,0.037375,56.299194,-0.023556,14.114991,13.582090,0.014999,0.999973
2025-06-26,14.0925,14.1941,14.0925,14.1484,8543492,-0.000176,56.237279,0.002368,14.077850,13.606596,0.014409,0.999973
2025-06-27,14.0392,14.2617,13.9796,13.9918,11097916,-0.011068,52.346286,0.010159,14.036625,13.622708,0.014528,0.999972
2025-06-30,14.0000,14.0000,13.9540,13.9541,8422528,-0.002693,51.424471,0.013143,13.993187,13.641926,0.014509,0.999971
2025-07-01,13.9833,13.9833,13.8699,13.9794,9939954,0.001815,52.035897,0.017351,13.948429,13.660406,0.014475,0.999971
2025-07-02,13.9036,14.0022,13.7909,13.9447,12043613,-0.002484,51.086414,0.017680,13.897354,13.682593,0.014315,0.999970
2025-07-03,13.9357,13.9838,13.8153,13.9388,9506535,-0.000420,50.917667,0.017269,13.862400,13.705908,0.013644,0.999969
2025-07-04,13.9561,13.9561,13.4341,13.6128,7030912,-0.023388,42.500992,-0.009255,13.829370,13.725571,0.013516,0.999969
2025-07-07,13.6414,13.6414,13.3389,13.4012,6958149,-0.015548,38.097887,-0.046814,13.796061,13.738376,0.013571,0.999969
2025-07-08,13.3895,13.4267,13.3431,13.3702,4946737,-0.002309,37.486335,-0.078177,13.772156,13.753407,0.013210,0.999969
2025-07-09,13.4229,13.4229,13.2507,13.3378,7817442,-0.002426,36.819223,-0.104445,13.753798,13.763473,0.013053,0.999968
2025-07-10,13.2212,13.2276,13.2047,13.2159,9396346,-0.009141,34.345103,-0.133561,13.721974,13.772027,0.012845,0.999968
2025-07-11,13.1850,13.2916,13.0953,13.1801,11764867,-0.002710,33.630260,-0.157708,13.690097,13.782534,0.012845,0.999967
2025-07-14,13.1828,13.2248,13.1186,13.1977,7580422,0.001336,34.353883,-0.173424,13.656597,13.798555,0.012800,0.999967
2025-07-15,13.1815,13.4583,13.1815,13.3968,14158063,0.015089,42.047874,-0.167875,13.646839,13.817454,0.012673,0.999969
2025-07-16,13.3214,13.6187,13.3214,13.3788,8072571,-0.001342,41.573993,-0.163049,13.641279,13.832214,0.012573,0.999968
2025-07-17,13.3395,13.5298,13.3265,13.4700,7291267,0.006811,44.958654,-0.150141,13.633587,13.847633,0.012458,0.999968
2025-07-18,13.4947,13.4947,13.3451,13.3538,15266368,-0.008625,41.646009,-0.147584,13.613208,13.851043,0.012323,0.999968
2025-07-21,13.3159,13.6113,13.3159,13.4843,11163295,0.009772,46.421431,-0.133490,13.607430,13.850639,0.012315,0.999968
2025-07-22,13.5106,13.6268,13.3991,13.5711,7709524,0.006438,49.388951,-0.114000,13.603933,13.853279,0.012387,0.999969
2025-07-23,13.5662,13.8837,13.5662,13.7710,11462725,0.014728,55.499779,-0.081487,13.584938,13.861248,0.009463,0.999969
2025-07-24,13.7808,13.9889,13.7808,13.9371,7734501,0.012066,59.840912,-0.041830,13.574377,13.870364,0.009925,0.999971
2025-07-25,13.9237,14.1979,13.9237,14.0776,7027962,0.010080,63.116875,0.000923,13.578669,13.886010,0.009890,0.999971
2025-07-28,14.0931,14.0931,13.9378,14.0604,7645453,-0.001220,62.445990,0.033039,13.583986,13.896076,0.009871,0.999968
2025-07-29,14.0557,14.1756,14.0557,14.1226,12787356,0.004422,63.939856,0.062784,13.591145,13.905711,0.009908,0.999968
2025-07-30,14.1397,14.4426,14.1397,14.3792,7157573,0.018169,69.357201,0.105842,13.612871,13.919264,0.010625,0.999967
2025-07-31,14.4439,14.4439,14.1991,14.2283,8906211,-0.010494,63.331821,0.126333,13.627344,13.926581,0.010958,0.999970
2025-08-01,14.2820,14.2820,14.0613,14.0833,13205180,-0.010191,58.107745,0.129382,13.650868,13.922897,0.009736,0.999968
2025-08-04,14.0829,14.1300,14.0486,14.1289,6395548,0.003235,59.245421,0.133931,13.687252,13.919186,0.008846,0.999968
2025-08-05,14.1777,14.3253,14.1028,14.2314,14247776,0.007254,61.760959,0.144144,13.730308,13.918023,0.008820,0.999968
2025-08-06,14.2673,14.2673,13.9946,14.0411,6396382,-0.013367,54.978049,0.135329,13.765475,13.905773,0.009498,0.999969
2025-08-07,14.0745,14.0745,13.9268,14.0244,8185309,-0.001192,54.411619,0.125544,13.805901,13.888437,0.009140,0.999966
2025-08-08,14.0211,14.1015,13.9821,14.0051,8710937,-0.001378,53.723571,0.114906,13.847151,13.872214,0.009101,0.999968
2025-08-11,14.0156,14.0156,13.3517,13.5018,9577128,-0.035936,39.659124,0.065113,13.862356,13.845792,0.012614,0.999971
2025-08-12,13.5200,13.5200,13.3058,13.4550,15337193,-0.003468,38.645600,0.021625,13.865263,13.817400,0.012216,0.999971
2025-08-13,13.4197,13.5024,13.3639,13.4224,11588064,-0.002418,37.920221,-0.015289,13.867443,13.786524,0.012226,0.999971
2025-08-14,13.4071,13.4496,13.3112,13.3907,8217852,-0.002361,37.188052,-0.046565,13.863481,13.761581,0.012138,0.999971
2025-08-15,13.4107,13.7983,13.4107,13.7110,14757046,0.023915,48.093478,-0.044991,13.881341,13.750331,0.013096,0.999970
2025-08-18,13.6510,13.6680,13.3205,13.4392,12227996,-0.019822,41.507024,-0.064926,13.879087,13.737768,0.013756,0.999973
2025-08-19,13.4281,13.4281,13.2258,13.2601,13316012,-0.013324,37.831021,-0.094089,13.863538,13.726003,0.013972,0.999974
2025-08-20,13.2267,13.2267,12.6275,12.7029,12469632,-0.042020,29.172987,-0.160314,13.810137,13.705963,0.016183,0.999972
2025-08-21,12.7554,12.7554,12.4774,12.6061,11503392,-0.007624,27.974625,-0.218098,13.743585,13.681038,0.015753,0.999972
2025-08-22,12.6689,12.6689,12.4409,12.5264,5275868,-0.006322,26.992038,-0.267242,13.666025,13.655213,0.015355,0.999972
2025-08-25,12.5216,12.5649,12.3379,12.4259,7602477,-0.008022,25.763268,-0.310715,13.584299,13.626378,0.015326,0.999972
2025-08-26,12.5009,12.7570,12.5009,12.6596,6558475,0.018807,33.361229,-0.322592,13.511149,13.607730,0.016158,0.999972
2025-08-27,12.6788,12.8620,12.6788,12.8442,9200885,0.014580,38.697910,-0.313498,13.434399,13.594814,0.015901,0.999973
2025-08-28,12.8042,12.9352,12.8042,12.8649,14345209,0.001609,39.284123,-0.301151,13.366226,13.579635,0.015932,0.999973
2025-08-29,12.7450,12.8465,12.6699,12.7881,8231089,-0.005966,37.836702,-0.294169,13.301465,13.560169,0.015886,0.999972
2025-09-01,12.8224,13.0835,12.7542,13.0103,13519160,0.017375,44.241141,-0.267622,13.245535,13.548378,0.016557,0.999973
2025-09-02,12.9831,13.0460,12.9294,13.0086,8053402,-0.000127,44.204636,-0.243905,13.184398,13.535730,0.016375,0.999972
2025-09-03,12.9927,12.9927,12.8043,12.8366,10821360,-0.013225,40.464153,-0.236268,13.124171,13.509445,0.016371,0.999972
2025-09-04,12.8509,12.8509,12.4210,12.4788,17042978,-0.027870,34.017680,-0.256131,13.046892,13.476054,0.017168,0.999974
2025-09-05,12.4993,12.4993,12.3891,12.3916,10506606,-0.006994,32.651021,-0.275737,12.966216,13.444050,0.017140,0.999974
2025-09-08,12.3117,12.5824,12.3117,12.5541,11536603,0.013118,37.673134,-0.274988,12.918832,13.416050,0.016103,0.999971
2025-09-09,12.4982,13.0580,12.4982,13.0406,16684606,0.038749,49.749569,-0.232462,12.898112,13.397273,0.018671,0.999972
2025-09-10,13.0738,13.1164,12.9994,13.0563,9038012,0.001205,50.085918,-0.195241,12.879804,13.379504,0.018678,0.999972
2025-09-11,13.1621,13.1621,12.6933,12.8954,11401203,-0.012320,46.643401,-0.176686,12.855039,13.358636,0.018842,0.999973
2025-09-12,12.9261,12.9261,12.6016,12.6489,11110159,-0.019115,41.891669,-0.179798,12.801937,13.339358,0.018208,0.999973
2025-09-15,12.6929,12.8728,12.6929,12.7676,8061527,0.009380,44.806471,-0.170722,12.768357,13.326686,0.018031,0.999973
2025-09-16,12.7047,12.7047,12.3331,12.4020,14953387,-0.028638,38.412026,-0.190833,12.725448,13.307320,0.018826,0.999974
2025-09-17,12.4068,12.6752,12.4068,12.5208,8579541,0.009579,41.341132,-0.194939,12.716338,13.290979,0.016630,0.999972
2025-09-18,12.4712,12.8509,12.4712,12.6933,9903729,0.013783,45.403193,-0.182168,12.720699,13.280527,0.016841,0.999973
2025-09-19,12.6961,12.7952,12.6871,12.7893,11720673,0.007560,47.577228,-0.162430,12.733843,13.272712,0.016832,0.999973
2025-09-22,12.7389,12.7947,12.7005,12.7449,12013820,-0.003468,46.652543,-0.148654,12.749793,13.263656,0.016731,0.999973
2025-09-23,12.6599,12.9113,12.6599,12.8670,9627750,0.009575,49.557165,-0.126432,12.760160,13.253059,0.016349,0.999973
2025-09-24,12.8915,13.0014,12.8376,12.9071,10917536,0.003116,50.510724,-0.104382,12.763303,13.243623,0.016044,0.999975
2025-09-25,12.8481,12.8481,12.7258,12.7430,13070553,-0.012709,46.627631,-0.099002,12.757211,13.229084,0.016303,0.999976
2025-09-26,12.7481,13.3122,12.7481,13.1436,12374691,0.031434,55.603171,-0.061706,12.774985,13.224880,0.017709,0.999976
2025-09-29,13.1254,13.1370,13.0280,13.0706,7334438,-0.005554,53.826497,-0.037605,12.778000,13.216606,0.017367,0.999976
2025-09-30,13.0880,13.2620,13.0880,13.2396,11356683,0.012935,57.234463,-0.004808,12.789550,13.209977,0.017592,0.999974
2025-10-01,13.2434,13.2434,12.6476,12.7237,11226713,-0.038973,46.060696,-0.020218,12.783903,13.189030,0.019525,0.999975
2025-10-02,12.7066,12.9997,12.7066,12.9987,18211058,0.021619,51.496932,-0.010119,12.809897,13.170262,0.018970,0.999976
2025-10-03,13.0379,13.4030,13.0379,13.3221,6278441,0.024875,56.985053,0.023703,12.856423,13.155151,0.019487,0.999977
2025-10-06,13.3399,13.4181,13.3246,13.3337,10042881,0.000876,57.173374,0.050862,12.895404,13.140617,0.019372,0.999976
2025-10-07,13.3055,13.5176,13.3055,13.4612,7339782,0.009560,59.271262,0.081731,12.916437,13.127389,0.017567,0.999976
2025-10-08,13.4950,13.7975,13.4687,13.5893,13367075,0.009518,61.322098,0.115205,12.943090,13.111592,0.017652,0.999976
2025-10-09,13.5891,13.5891,13.1948,13.4499,7053811,-0.010263,57.904414,0.128993,12.970812,13.096023,0.017569,0.999976
2025-10-10,13.4571,13.6161,13.4562,13.5768,7736489,0.009440,60.085423,0.148454,13.017208,13.085894,0.016889,0.999976
2025-10-13,13.5877,13.5877,13.3853,13.3977,10898604,-0.013197,55.699478,0.147716,13.048711,13.071270,0.017239,0.999976
2025-10-14,13.4332,13.4332,13.2528,13.2673,10110631,-0.009733,52.685374,0.135052,13.091977,13.051988,0.015905,0.999976
2025-10-15,13.3045,13.5577,13.3045,13.5209,10668418,0.019115,57.501906,0.143821,13.141983,13.041582,0.016236,0.999976
2025-10-16,13.4925,13.7665,13.4925,13.7439,11265273,0.016494,61.238768,0.166843,13.194511,13.035972,0.016333,0.999977
2025-10-17,13.7286,13.7286,13.4641,13.5881,9737608,-0.011333,57.439979,0.170554,13.234454,13.027633,0.016666,0.999977
2025-10-20,13.6115,13.6115,13.3919,13.4248,8054440,-0.012017,53.680306,0.158491,13.268449,13.026093,0.016953,0.999976
2025-10-21,13.3849,13.3849,13.1178,13.2841,6592363,-0.010486,50.605108,0.136004,13.289304,13.022675,0.017120,0.999976
2025-10-22,13.2388,13.6385,13.2388,13.4510,9396355,0.012565,53.972097,0.130152,13.316500,13.023246,0.017289,0.999976
2025-10-23,13.4793,13.4793,13.2100,13.2325,11901145,-0.016240,49.241659,0.106658,13.340976,13.020082,0.017467,0.999976
2025-10-24,13.0919,13.3316,13.0919,13.3172,8786827,0.006397,51.032747,0.093788,13.349656,13.012206,0.016092,0.999975
2025-10-27,13.3249,13.5794,13.3249,13.4848,11252358,0.012583,54.458579,0.096004,13.370365,13.013117,0.016226,0.999975
2025-10-28,13.4475,13.5082,13.3901,13.4708,10389804,-0.001033,54.119519,0.095534,13.381924,13.017331,0.016016,0.999975
2025-10-29,13.4966,13.8068,13.4966,13.7020,9378412,0.017160,58.712128,0.112517,13.430840,13.037312,0.013339,0.999975
2025-10-30,13.7032,13.7032,13.5851,13.6370,16246252,-0.004741,56.985631,0.119358,13.462755,13.057930,0.012776,0.999977
2025-10-31,13.6148,13.6435,13.5699,13.5916,7662088,-0.003333,55.750344,0.119732,13.476229,13.079233,0.011684,0.999977
2025-11-03,13.5061,13.5061,13.3179,13.3755,11720512,-0.015893,50.183212,0.101428,13.478319,13.098225,0.012284,0.999975
2025-11-04,13.4176,13.6150,13.4176,13.6064,16175495,0.017262,55.318984,0.104350,13.485580,13.117162,0.012706,0.999976
2025-11-05,13.6097,13.6097,13.4263,13.4369,12629534,-0.012456,51.150265,0.091930,13.477960,13.129017,0.012844,0.999976
2025-11-06,13.3946,13.5839,13.3946,13.5197,15160732,0.006155,53.011172,0.087749,13.481448,13.142112,0.012711,0.999976
2025-11-07,13.5589,13.5589,13.4311,13.5076,19093439,-0.000894,52.695144,0.082509,13.477984,13.156502,0.012530,0.999975
2025-11-10,13.5692,13.5692,13.2600,13.2776,15233872,-0.017022,46.961639,0.059121,13.471982,13.161848,0.012766,0.999976
2025-11-11,13.2855,13.2855,13.0789,13.1481,15200746,-0.009758,44.052929,0.029788,13.466022,13.164637,0.012767,0.999975
2025-11-12,13.1530,13.5632,13.1530,13.4542,13954068,0.023284,51.670101,0.030889,13.462689,13.176989,0.013131,0.999976
2025-11-13,13.5209,13.5585,13.4161,13.5032,6687672,0.003640,52.777770,0.035306,13.450654,13.197476,0.012575,0.999976
2025-11-14,13.4673,13.4673,13.2746,13.2806,15069814,-0.016487,47.453827,0.020605,13.435275,13.215256,0.012852,0.999976
2025-11-17,13.2251,13.4490,13.2251,13.3509,13849730,0.005297,49.197720,0.014464,13.431579,13.231192,0.012657,0.999977
2025-11-18,13.3244,13.3250,13.2950,13.3200,8479761,-0.002313,48.437865,0.007025,13.433378,13.236782,0.012437,0.999975
2025-11-19,13.3266,14.1819,13.3266,14.1086,13905645,0.059204,63.811559,0.064025,13.466261,13.257829,0.018003,0.999975
2025-11-20,14.0710,14.2078,14.0710,14.1767,9581295,0.004821,64.786859,0.113380,13.513467,13.283453,0.017454,0.999974
2025-11-21,14.1557,14.1557,14.0494,14.0902,13260621,-0.006100,62.481456,0.143857,13.552116,13.312278,0.017572,0.999974
2025-11-24,14.1021,14.4606,14.1021,14.4305,12247643,0.024152,67.398021,0.193244,13.599403,13.345536,0.018088,0.999975
2025-11-25,14.3995,14.3995,13.8521,13.9985,13538109,-0.029934,57.159113,0.195276,13.625788,13.377467,0.019567,0.999976
2025-11-26,13.9710,14.1410,13.9549,14.0227,8762810,0.001729,57.548184,0.196574,13.641826,13.407507,0.019244,0.999976
2025-11-27,14.0968,14.6397,14.0968,14.4976,12836283,0.033868,64.384598,0.233235,13.684857,13.443593,0.020498,0.999976
2025-11-28,14.4070,14.5164,14.4060,14.4742,12727269,-0.001615,63.838910,0.257434,13.728991,13.477292,0.020473,0.999976
2025-12-01,14.4369,14.4369,14.0210,14.0683,6359261,-0.028044,55.115364,0.241078,13.763630,13.503760,0.021240,0.999978
2025-12-02,14.0529,14.0529,13.8616,13.9785,10896933,-0.006385,53.377006,0.218350,13.782233,13.525991,0.021046,0.999976
2025-12-03,13.9594,14.3301,13.9594,14.3216,12219234,0.024546,58.731212,0.225427,13.826467,13.554282,0.021373,0.999977
2025-12-04,14.3115,14.4200,14.3115,14.4123,9675025,0.006330,60.036939,0.235634,13.871098,13.587667,0.021374,0.999976
2025-12-05,14.4893,14.4893,14.1877,14.2155,13691886,-0.013652,55.902678,0.225250,13.906496,13.609106,0.021698,0.999976
2025-12-08,14.2193,14.2193,13.9601,14.0575,11750964,-0.011114,52.760883,0.201945,13.945491,13.628845,0.021453,0.999976
2025-12-09,14.1270,14.1270,13.8757,13.9295,7104212,-0.009104,50.294918,0.171176,13.984565,13.642643,0.021433,0.999975
2025-12-10,14.0410,14.1478,13.9973,14.0169,8290327,0.006271,51.945913,0.152086,14.012700,13.668508,0.020921,0.999976
2025-12-11,13.9807,14.3382,13.9807,14.3360,10672004,0.022768,57.499707,0.160855,14.054342,13.695254,0.021419,0.999976
2025-12-12,14.3767,14.6359,14.3767,14.5912,11306936,0.017797,61.346036,0.186245,14.119873,13.720637,0.021129,0.999976
2025-12-15,14.6118,14.7899,14.6118,14.7080,9992862,0.008008,62.997677,0.213337,14.187730,13.748122,0.021141,0.999976
2025-12-16,14.6805,14.6805,14.2738,14.3907,7739663,-0.021578,55.998750,0.206813,14.241261,13.766711,0.021919,0.999977
2025-12-17,14.3623,14.3623,14.0457,14.0797,15338182,-0.021606,50.123651,0.174542,14.239816,13.776519,0.018390,0.999977
2025-12-18,14.0548,14.2956,14.0548,14.2075,9286987,0.009072,52.335891,0.157459,14.241356,13.791670,0.018473,0.999977
2025-12-19,14.2400,14.2400,13.7676,13.8972,9100490,-0.021834,46.895462,0.117533,14.231709,13.798078,0.019083,0.999977
2025-12-22,13.9208,13.9880,13.6344,13.8470,9567596,-0.003614,46.060703,0.080908,14.202536,13.807065,0.018183,0.999977
2025-12-23,13.8157,14.0517,13.7691,13.9183,7873374,0.005149,47.489879,0.056978,14.198526,13.820087,0.016990,0.999978
2025-12-24,13.9332,13.9332,13.6379,13.6604,17124130,-0.018532,43.046425,0.017004,14.180409,13.822877,0.017469,0.999980
2025-12-25,13.6133,13.6133,13.2526,13.4343,11294302,-0.016549,39.553301,-0.032542,14.127243,13.816686,0.015696,0.999980
2025-12-26,13.4130,13.4243,13.3839,13.4184,9602120,-0.001183,39.311887,-0.072257,14.074452,13.813292,0.015699,0.999978
2025-12-29,13.4411,13.5619,13.4411,13.5342,18208983,0.008625,42.085328,-0.093316,14.047745,13.815479,0.014818,0.999979
2025-12-30,13.4890,13.8145,13.4890,13.7771,15496372,0.017952,47.508572,-0.089370,14.037678,13.825341,0.015412,0.999979
2025-12-31,13.8247,13.9509,13.8247,13.9216,9583894,0.010486,50.477906,-0.073735,14.017677,13.834753,0.014497,0.999979
