sample_idx,Va_1,Vb_1,Vc_1,Ia_1,Ib_1,Ic_1,Va_5,Vb_5,Vc_5,Ia_5,Ib_5,Ic_5,Va_10,Vb_10,Vc_10,Ia_10,Ib_10,Ic_10,Va_30,Vb_30,Vc_30,Ia_30,Ib_30,Ic_30
0,0.99871,-0.500844,-0.494877,0.322044,-0.22382,-0.076122,0.997592,-0.505188,-0.496947,0.326105,-0.248932,-0.051364,0.997687,-0.506732,-0.502819,0.315771,-0.249258,-0.072197,0.999161,-0.49859,-0.498744,0.308341,-0.24729,-0.070765
1,0.986173,-0.480069,-0.522167,0.303117,-0.227707,-0.092568,1.005397,-0.480055,-0.521467,0.302915,-0.226983,-0.068911,0.995126,-0.482888,-0.51296,0.30359,-0.234978,-0.095102,0.995179,-0.482305,-0.51103,0.301812,-0.244052,-0.085261
2,1.000616,-0.464342,-0.531777,0.299746,-0.225417,-0.080464,0.995249,-0.464626,-0.529892,0.315939,-0.224129,-0.075119,0.997053,-0.46142,-0.525832,0.315436,-0.207476,-0.087297,1.008575,-0.465123,-0.532691,0.316895,-0.228521,-0.092622
3,1.000957,-0.450637,-0.545154,0.317994,-0.221115,-0.095074,1.002356,-0.445422,-0.554072,0.3276,-0.239111,-0.08341,1.001635,-0.448945,-0.552696,0.323866,-0.217259,-0.084103,0.995895,-0.445795,-0.549275,0.319808,-0.237022,-0.09002
4,0.998854,-0.427041,-0.571926,0.322422,-0.215581,-0.099175,1.00036,-0.429713,-0.569205,0.30718,-0.205293,-0.108639,1.000153,-0.429791,-0.567446,0.319471,-0.218673,-0.098788,1.001553,-0.431917,-0.565439,0.32044,-0.22957,-0.106068
5,0.996349,-0.418088,-0.585072,0.305056,-0.217732,-0.088801,0.988631,-0.418783,-0.581152,0.313289,-0.221437,-0.118798,0.995293,-0.423728,-0.573596,0.336253,-0.212245,-0.108285,1.000055,-0.425845,-0.586991,0.315499,-0.218786,-0.099449
6,0.995348,-0.393543,-0.590403,0.326397,-0.202425,-0.109429,0.991841,-0.398832,-0.589944,0.298571,-0.200914,-0.102031,0.984813,-0.408255,-0.596513,0.323993,-0.209168,-0.127461,0.994945,-0.403059,-0.595736,0.303041,-0.21785,-0.112561
7,0.997361,-0.38153,-0.61458,0.315609,-0.214774,-0.124743,0.999116,-0.383585,-0.612002,0.343085,-0.207704,-0.117981,0.983998,-0.380786,-0.617359,0.33071,-0.203573,-0.10311,0.989296,-0.383692,-0.607491,0.315877,-0.21168,-0.119927
8,0.986329,-0.363028,-0.62945,0.30696,-0.198399,-0.105781,0.996617,-0.369831,-0.62903,0.328328,-0.194783,-0.111973,0.987752,-0.356105,-0.631391,0.309938,-0.200626,-0.112397,0.990526,-0.370561,-0.620483,0.326662,-0.214924,-0.129802
9,0.981519,-0.343409,-0.640088,0.349399,-0.201765,-0.11719,0.983593,-0.345909,-0.640829,0.325912,-0.183847,-0.117978,0.984724,-0.34814,-0.627267,0.304713,-0.19368,-0.118179,0.984171,-0.343351,-0.639561,0.341002,-0.179641,-0.134078
10,0.978705,-0.327573,-0.656069,0.310426,-0.200935,-0.144071,0.987163,-0.327869,-0.65684,0.325426,-0.187943,-0.133648,0.98531,-0.319636,-0.665019,0.31219,-0.16874,-0.133952,0.981227,-0.332353,-0.654018,0.316978,-0.20312,-0.137414
11,0.976636,-0.313298,-0.676195,0.320686,-0.17662,-0.136079,0.974742,-0.324577,-0.664842,0.341017,-0.163138,-0.126255,0.970545,-0.31114,-0.667789,0.334759,-0.179338,-0.149379,0.974573,-0.309386,-0.662003,0.315862,-0.206198,-0.141455
12,0.970986,-0.291174,-0.684278,0.309194,-0.184936,-0.138331,0.983716,-0.295854,-0.680677,0.323549,-0.193888,-0.142077,0.962412,-0.293666,-0.682337,0.329235,-0.19894,-0.152127,0.982803,-0.296481,-0.68061,0.330317,-0.178091,-0.136456
13,0.973738,-0.272298,-0.694728,0.33445,-0.161753,-0.151042,0.963059,-0.278577,-0.696898,0.338429,-0.186029,-0.151604,0.972301,-0.272189,-0.696064,0.316535,-0.180619,-0.147513,0.975182,-0.270124,-0.696449,0.335642,-0.180777,-0.126618
14,0.959049,-0.26438,-0.713886,0.335977,-0.166658,-0.166789,0.966799,-0.265646,-0.704403,0.325031,-0.185467,-0.157196,0.969101,-0.260295,-0.709179,0.316664,-0.160624,-0.154032,0.960272,-0.260041,-0.711416,0.319786,-0.159275,-0.145007
15,0.962983,-0.247509,-0.725104,0.344972,-0.157181,-0.16521,0.968162,-0.237554,-0.718637,0.308733,-0.171503,-0.158013,0.953552,-0.241942,-0.732494,0.321569,-0.157518,-0.173135,0.953294,-0.231189,-0.724453,0.324042,-0.163582,-0.171129
16,0.952172,-0.224424,-0.731916,0.324332,-0.146886,-0.172721,0.955177,-0.220348,-0.746016,0.339457,-0.157996,-0.162312,0.944825,-0.216297,-0.728171,0.322203,-0.160141,-0.14939,0.957186,-0.221308,-0.737822,0.321603,-0.137018,-0.165028
17,0.952194,-0.192614,-0.749964,0.33326,-0.165706,-0.15695,0.949055,-0.198413,-0.748147,0.328168,-0.157761,-0.183913,0.940474,-0.201851,-0.752823,0.297884,-0.162738,-0.172437,0.955106,-0.194506,-0.734387,0.324398,-0.170022,-0.170466
18,0.94352,-0.188664,-0.754144,0.333417,-0.154593,-0.166456,0.941211,-0.190072,-0.756272,0.333706,-0.14487,-0.179227,0.938798,-0.182227,-0.757984,0.319562,-0.14328,-0.171824,0.938446,-0.18371,-0.760141,0.344088,-0.140397,-0.169677
19,0.938329,-0.154645,-0.772104,0.320737,-0.170073,-0.186766,0.937148,-0.167142,-0.76684,0.317777,-0.147777,-0.186737,0.936949,-0.169872,-0.769959,0.325546,-0.161993,-0.185642,0.92451,-0.160476,-0.771139,0.329692,-0.136263,-0.180377
20,0.936266,-0.137912,-0.787808,0.324958,-0.135997,-0.183889,0.934745,-0.149639,-0.788593,0.351043,-0.128509,-0.18589,0.924421,-0.151162,-0.784177,0.31028,-0.152594,-0.167405,0.942736,-0.149131,-0.785506,0.32396,-0.144584,-0.185672
21,0.924186,-0.136403,-0.796084,0.330627,-0.128031,-0.172178,0.924404,-0.123241,-0.799832,0.328509,-0.151615,-0.193467,0.928855,-0.117539,-0.799271,0.32724,-0.126571,-0.192028,0.924883,-0.130512,-0.796118,0.335403,-0.136069,-0.197027
22,0.915506,-0.108334,-0.810535,0.321183,-0.114086,-0.19463,0.917224,-0.109573,-0.807479,0.320077,-0.122815,-0.197493,0.926208,-0.105137,-0.811893,0.312022,-0.142125,-0.192859,0.925698,-0.109018,-0.806693,0.323518,-0.125768,-0.187768
23,0.903664,-0.093609,-0.817783,0.320412,-0.13462,-0.21295,0.910151,-0.095063,-0.821452,0.32897,-0.152664,-0.2029,0.911784,-0.086487,-0.827804,0.329494,-0.113709,-0.203228,0.899493,-0.083405,-0.820404,0.317267,-0.119133,-0.18238
24,0.894581,-0.067246,-0.824262,0.31438,-0.111857,-0.208984,0.905034,-0.079806,-0.82942,0.329581,-0.117685,-0.20728,0.90389,-0.076606,-0.834902,0.298647,-0.121299,-0.195456,0.900843,-0.074455,-0.822359,0.310634,-0.148656,-0.214394
25,0.885757,-0.056977,-0.841715,0.316259,-0.115939,-0.192881,0.88864,-0.047491,-0.837469,0.313829,-0.12429,-0.203382,0.888955,-0.050399,-0.837427,0.311026,-0.117613,-0.215935,0.891468,-0.05323,-0.831152,0.317974,-0.122794,-0.207265
26,0.872716,-0.031681,-0.852817,0.312937,-0.104713,-0.227577,0.893223,-0.027562,-0.847294,0.334774,-0.100611,-0.207899,0.883436,-0.038052,-0.852083,0.312756,-0.109082,-0.230418,0.872417,-0.032476,-0.85375,0.310374,-0.101014,-0.218784
27,0.867026,-0.014485,-0.863389,0.308076,-0.105522,-0.230114,0.880742,-0.008336,-0.857394,0.325267,-0.097226,-0.210912,0.868439,-0.015503,-0.858651,0.315631,-0.11384,-0.219432,0.880776,-0.019014,-0.863935,0.311272,-0.101218,-0.207376
28,0.864942,0.005155,-0.869155,0.303524,-0.088462,-0.204609,0.86758,-0.001031,-0.872108,0.310241,-0.102514,-0.237023,0.866755,0.001622,-0.871623,0.316102,-0.106353,-0.202587,0.870858,0.013839,-0.876988,0.305176,-0.087098,-0.239071
29,0.851858,0.021994,-0.869503,0.310968,-0.109334,-0.215326,0.847976,0.024738,-0.874386,0.32201,-0.093051,-0.224511,0.848152,0.015837,-0.874765,0.313466,-0.102361,-0.236706,0.862086,0.026103,-0.88318,0.300889,-0.06669,-0.226921
30,0.840979,0.043909,-0.875895,0.305968,-0.087763,-0.236262,0.84031,0.037332,-0.88144,0.311777,-0.102844,-0.228149,0.841196,0.048585,-0.897839,0.30568,-0.079854,-0.227153,0.845106,0.042581,-0.885828,0.324908,-0.071499,-0.242516
31,0.828744,0.065128,-0.897099,0.294375,-0.0805,-0.240554,0.828013,0.060545,-0.899408,0.313733,-0.072743,-0.231043,0.838616,0.056842,-0.890504,0.306715,-0.08632,-0.233066,0.835744,0.061788,-0.888915,0.314287,-0.066264,-0.237528
32,0.825256,0.079376,-0.911826,0.294789,-0.08309,-0.231641,0.826274,0.069559,-0.895328,0.314121,-0.068739,-0.222116,0.831658,0.076576,-0.894749,0.313928,-0.078255,-0.255678,0.826436,0.077591,-0.90479,0.311629,-0.074352,-0.245971
33,0.817994,0.104105,-0.910696,0.313408,-0.064947,-0.245259,0.820254,0.09521,-0.90933,0.316157,-0.075086,-0.24379,0.814547,0.100711,-0.906944,0.303985,-0.066612,-0.221595,0.812378,0.099052,-0.921467,0.303335,-0.080826,-0.246053
34,0.800896,0.125989,-0.914945,0.293835,-0.067348,-0.242016,0.806213,0.116978,-0.919947,0.296118,-0.045771,-0.253055,0.794322,0.111547,-0.916782,0.294205,-0.059203,-0.247827,0.804277,0.110799,-0.912682,0.311796,-0.048818,-0.24368
35,0.800081,0.131198,-0.92633,0.294826,-0.068418,-0.250239,0.79199,0.127749,-0.931646,0.32063,-0.054182,-0.242957,0.785727,0.130631,-0.924679,0.295114,-0.029064,-0.258452,0.79341,0.136722,-0.931265,0.302161,-0.059539,-0.264361
36,0.776012,0.155792,-0.924317,0.289654,-0.057491,-0.258366,0.77868,0.150595,-0.939942,0.304012,-0.046993,-0.242203,0.778092,0.15988,-0.929521,0.307347,-0.055986,-0.244795,0.777004,0.152879,-0.932399,0.306541,-0.060599,-0.244855
37,0.760556,0.165717,-0.944981,0.302569,-0.053164,-0.246904,0.768172,0.173203,-0.928367,0.307309,-0.030972,-0.249304,0.768002,0.17362,-0.940957,0.307441,-0.019545,-0.264003,0.770089,0.16451,-0.933905,0.296957,-0.032614,-0.268963
38,0.757421,0.196119,-0.9462,0.294158,-0.033369,-0.258318,0.751496,0.188436,-0.946403,0.28192,-0.040219,-0.273649,0.757886,0.183882,-0.946667,0.29784,-0.023354,-0.276809,0.761934,0.190916,-0.944642,0.283883,-0.035719,-0.253883
39,0.732702,0.20656,-0.952495,0.297122,-0.03713,-0.259017,0.743148,0.21329,-0.953144,0.284802,-0.021402,-0.263993,0.749739,0.212454,-0.957428,0.290682,-0.046659,-0.268963,0.744885,0.213385,-0.957769,0.300925,-0.039777,-0.264604
40,0.725525,0.217609,-0.952863,0.292838,-0.026072,-0.264714,0.729485,0.231034,-0.954749,0.294738,-0.023618,-0.267835,0.72338,0.225623,-0.957092,0.287767,-0.01329,-0.261489,0.733923,0.227173,-0.947929,0.296738,-0.036123,-0.27141
41,0.707785,0.251344,-0.970918,0.292224,-0.009882,-0.275426,0.712739,0.252554,-0.958399,0.297568,-0.025255,-0.257509,0.714203,0.244442,-0.962374,0.282667,-0.019796,-0.281776,0.71357,0.240218,-0.953327,0.29744,-0.017108,-0.255858
42,0.700574,0.271994,-0.976255,0.285982,-0.006438,-0.258435,0.700126,0.262903,-0.967457,0.293063,-0.008476,-0.274604,0.702082,0.267733,-0.95821,0.295942,-0.018649,-0.280129,0.701391,0.266359,-0.969786,0.28766,-0.011894,-0.270782
43,0.692957,0.285148,-0.96253,0.280094,-0.009976,-0.285438,0.690395,0.277061,-0.975361,0.273212,-0.012403,-0.293974,0.689456,0.279166,-0.970917,0.274652,-0.015722,-0.277075,0.688834,0.283976,-0.979492,0.270848,-0.024044,-0.28801
44,0.670502,0.301166,-0.979694,0.281903,-0.015325,-0.293571,0.669583,0.305119,-0.975029,0.286455,-0.006512,-0.295642,0.676776,0.302435,-0.986785,0.272507,0.002095,-0.286323,0.672728,0.294226,-0.972968,0.278777,-0.01343,-0.25848
45,0.659592,0.324481,-0.980787,0.273821,0.013284,-0.288884,0.663096,0.327298,-0.975424,0.255331,0.004871,-0.274282,0.671624,0.324426,-0.980771,0.284451,0.010396,-0.272153,0.658821,0.316196,-0.979805,0.268665,0.010127,-0.275051
46,0.65029,0.337962,-0.98155,0.264166,0.012514,-0.291844,0.647188,0.339738,-0.988089,0.26812,0.015136,-0.274039,0.651399,0.334729,-0.983888,0.274399,0.001277,-0.290587,0.645168,0.332233,-0.987513,0.298998,0.023651,-0.282717
47,0.634116,0.35003,-0.990478,0.264462,0.020873,-0.292797,0.641962,0.362301,-0.98777,0.269559,0.027419,-0.281557,0.636882,0.350645,-0.992112,0.274445,0.030559,-0.292317,0.632554,0.349746,-0.984892,0.263961,0.00886,-0.27307
48,0.616344,0.371151,-0.991505,0.262489,0.000224,-0.297655,0.618327,0.384811,-0.994059,0.271451,0.034335,-0.301615,0.621241,0.389676,-0.985031,0.273285,0.020622,-0.297396,0.613734,0.371862,-0.993478,0.262797,0.019742,-0.317175
49,0.60339,0.388659,-0.98026,0.264685,0.027744,-0.291678,0.602727,0.388704,-1.000584,0.272406,0.023172,-0.305847,0.612717,0.390298,-1.003266,0.258675,0.044933,-0.310151,0.599404,0.381725,-0.993902,0.253304,0.027078,-0.297398
50,0.586737,0.41203,-0.987618,0.278171,0.051634,-0.284551,0.587796,0.405745,-0.997804,0.267345,0.033153,-0.284431,0.592048,0.413443,-1.000852,0.253117,0.025572,-0.294752,0.582398,0.40059,-0.990608,0.250936,0.028181,-0.288021
51,0.575807,0.421787,-0.989463,0.254966,0.032423,-0.311331,0.571489,0.423316,-0.991081,0.258689,0.04021,-0.299122,0.576457,0.415622,-0.994959,0.251368,0.038121,-0.301215,0.576248,0.427975,-0.997298,0.260223,0.042219,-0.298034
52,0.565046,0.430613,-1.009723,0.266728,0.048141,-0.295302,0.555356,0.437849,-1.002898,0.260648,0.048329,-0.312042,0.552929,0.435399,-0.990986,0.248298,0.051338,-0.31357,0.556058,0.443252,-1.008481,0.238936,0.037367,-0.303726
53,0.547511,0.455307,-0.996338,0.25285,0.043765,-0.313045,0.530978,0.456745,-1.001464,0.256457,0.064157,-0.305683,0.541142,0.450203,-1.001279,0.237244,0.064358,-0.299753,0.538609,0.451262,-0.999612,0.254897,0.076007,-0.309766
54,0.520904,0.477093,-0.9978,0.244767,0.077514,-0.310961,0.523476,0.474221,-0.997954,0.240203,0.075592,-0.300733,0.526849,0.472655,-1.006237,0.26109,0.06384,-0.287985,0.525195,0.467953,-0.996081,0.24843,0.048685,-0.307448
55,0.504391,0.487625,-1.007389,0.227907,0.091213,-0.299986,0.509002,0.483772,-1.001344,0.257182,0.069626,-0.306137,0.50214,0.488765,-0.993524,0.227044,0.06619,-0.311431,0.512016,0.493724,-0.995139,0.240466,0.078593,-0.317139
56,0.499098,0.510266,-1.006324,0.238934,0.064287,-0.314103,0.482499,0.519018,-0.998756,0.230476,0.080514,-0.308293,0.486575,0.503154,-1.000325,0.238627,0.080989,-0.320906,0.498489,0.499793,-1.004559,0.253169,0.079937,-0.31064
57,0.476842,0.522114,-1.003709,0.224935,0.04639,-0.301088,0.476767,0.526194,-1.001911,0.238716,0.099381,-0.316203,0.477993,0.52809,-0.993393,0.226413,0.09043,-0.323539,0.472869,0.526922,-0.996735,0.216911,0.090323,-0.286681
58,0.461849,0.539462,-1.000411,0.218459,0.09316,-0.323879,0.453888,0.533639,-1.008481,0.232713,0.089871,-0.321203,0.463335,0.52838,-0.994987,0.219238,0.078509,-0.298945,0.460075,0.544598,-1.00357,0.230573,0.108154,-0.31473
59,0.442998,0.557453,-0.988975,0.204534,0.11184,-0.312582,0.433913,0.549724,-0.998718,0.235347,0.093612,-0.344146,0.44421,0.556323,-0.995416,0.237938,0.086552,-0.322867,0.449999,0.547584,-1.006753,0.221284,0.085615,-0.313791
60,0.420358,0.569883,-0.984463,0.20371,0.095279,-0.317675,0.430429,0.560292,-0.99845,0.214396,0.100847,-0.337894,0.426848,0.567683,-0.993944,0.233884,0.102745,-0.307214,0.423653,0.578161,-0.988738,0.218213,0.094788,-0.312117
61,0.409072,0.586846,-0.989604,0.206766,0.105809,-0.30775,0.408703,0.587478,-0.980266,0.21818,0.092688,-0.312534,0.42276,0.581469,-0.996823,0.1922,0.110431,-0.308243,0.40887,0.586097,-0.991395,0.205258,0.089501,-0.31911
62,0.384582,0.601983,-0.998308,0.21785,0.117166,-0.329957,0.390507,0.608333,-0.998434,0.207754,0.103494,-0.321691,0.395975,0.595322,-0.988485,0.212518,0.119495,-0.308667,0.398079,0.60871,-0.993149,0.229547,0.096538,-0.314111
63,0.362459,0.614929,-0.99507,0.198125,0.124851,-0.334168,0.382801,0.610835,-0.981862,0.210761,0.114279,-0.317479,0.376593,0.619065,-0.979331,0.203732,0.138348,-0.326683,0.372568,0.622882,-0.997863,0.194961,0.121631,-0.319069
64,0.344085,0.626267,-0.989367,0.188822,0.112293,-0.344845,0.357383,0.635585,-0.985516,0.196851,0.132931,-0.32389,0.350659,0.632229,-0.993085,0.18888,0.119785,-0.314167,0.346441,0.617605,-0.981228,0.201581,0.122451,-0.327276
65,0.328505,0.653098,-0.974709,0.197227,0.130424,-0.325288,0.338957,0.643162,-0.983626,0.1937,0.118956,-0.331,0.342903,0.644907,-0.982461,0.181532,0.113882,-0.314621,0.336754,0.640916,-0.976377,0.197165,0.119898,-0.342999
66,0.326139,0.667018,-0.981599,0.188905,0.133774,-0.320258,0.321489,0.659468,-0.981069,0.183087,0.120828,-0.329873,0.328921,0.654238,-0.975351,0.191651,0.131492,-0.328784,0.324031,0.661973,-0.979228,0.214086,0.138895,-0.330378
67,0.302236,0.671803,-0.986898,0.183049,0.164513,-0.32745,0.304812,0.674934,-0.976444,0.190908,0.135333,-0.307312,0.312447,0.672571,-0.974598,0.202141,0.137497,-0.304686,0.305362,0.673623,-0.975656,0.187762,0.141888,-0.326118
68,0.284436,0.692175,-0.967642,0.177605,0.12993,-0.325932,0.281025,0.686697,-0.973754,0.186025,0.149904,-0.331831,0.275354,0.677539,-0.973158,0.179059,0.142114,-0.322777,0.287217,0.694327,-0.970786,0.171794,0.141763,-0.342
69,0.26475,0.699527,-0.971836,0.182306,0.160175,-0.299686,0.271259,0.7057,-0.975784,0.153319,0.165499,-0.318398,0.262859,0.700889,-0.972586,0.182443,0.171886,-0.312148,0.267279,0.703474,-0.963213,0.168796,0.146084,-0.322129
70,0.245543,0.710074,-0.955652,0.181617,0.167783,-0.319719,0.24613,0.715616,-0.967877,0.178577,0.157159,-0.330102,0.252923,0.714932,-0.96499,0.162409,0.139373,-0.314654,0.236275,0.719376,-0.963236,0.171369,0.156662,-0.3234
71,0.230288,0.720306,-0.961991,0.173736,0.153861,-0.325408,0.23007,0.730049,-0.955039,0.170269,0.167575,-0.321858,0.226532,0.724925,-0.959503,0.160519,0.158896,-0.330524,0.230607,0.723518,-0.94921,0.155029,0.167062,-0.332541
72,0.212404,0.731345,-0.954329,0.149274,0.166414,-0.336602,0.214053,0.740376,-0.96345,0.153859,0.158406,-0.328194,0.21308,0.732578,-0.95123,0.168778,0.175364,-0.312264,0.209635,0.741927,-0.952219,0.151205,0.162808,-0.322895
73,0.200891,0.749651,-0.949155,0.166826,0.159779,-0.316499,0.18665,0.750468,-0.951403,0.162722,0.189233,-0.319625,0.200931,0.750571,-0.95291,0.154681,0.175972,-0.332572,0.204433,0.759324,-0.945228,0.144269,0.191569,-0.32487
74,0.173267,0.767041,-0.933951,0.133711,0.190111,-0.320252,0.184913,0.757908,-0.933583,0.134412,0.183937,-0.315513,0.174254,0.763116,-0.942385,0.161086,0.167703,-0.309275,0.173479,0.752681,-0.936805,0.152634,0.160304,-0.309952
75,0.150921,0.778473,-0.942236,0.140727,0.184296,-0.337348,0.157052,0.770948,-0.923605,0.148876,0.182841,-0.327851,0.149555,0.775464,-0.934153,0.131203,0.180084,-0.317331,0.153345,0.774631,-0.931608,0.14854,0.173945,-0.316028
76,0.128692,0.791612,-0.92733,0.121759,0.176173,-0.332089,0.138527,0.784858,-0.92629,0.138978,0.197051,-0.300826,0.139533,0.778655,-0.930593,0.146612,0.187638,-0.326248,0.136619,0.794887,-0.929242,0.136029,0.197334,-0.331833
77,0.119613,0.800398,-0.918869,0.124051,0.198342,-0.331146,0.122193,0.807119,-0.918482,0.132195,0.193121,-0.317659,0.114373,0.801422,-0.918489,0.150766,0.188558,-0.330405,0.122334,0.797474,-0.920055,0.125187,0.197538,-0.319869
78,0.096009,0.804019,-0.915513,0.135009,0.188223,-0.337814,0.095019,0.803569,-0.910113,0.132449,0.19268,-0.325431,0.10147,0.801704,-0.904441,0.128419,0.194686,-0.309909,0.096586,0.804316,-0.904919,0.12333,0.180802,-0.324182
79,0.079476,0.815159,-0.903239,0.136769,0.197784,-0.319532,0.09274,0.821634,-0.893866,0.118828,0.210203,-0.320527,0.073538,0.826918,-0.91283,0.102402,0.207005,-0.292958,0.079395,0.818766,-0.916661,0.142889,0.224481,-0.315131
80,0.065517,0.837037,-0.892606,0.115021,0.198923,-0.31918,0.062527,0.837669,-0.895055,0.133101,0.192494,-0.322577,0.056438,0.84297,-0.898841,0.12399,0.196651,-0.337447,0.062294,0.829906,-0.902989,0.123065,0.215981,-0.331122
81,0.043466,0.84496,-0.896222,0.091586,0.182368,-0.302571,0.036668,0.841321,-0.888084,0.099822,0.20365,-0.305877,0.043245,0.850024,-0.88612,0.120828,0.208499,-0.323792,0.039356,0.831832,-0.892698,0.102503,0.214892,-0.31454
82,0.021223,0.857224,-0.873628,0.09662,0.214718,-0.300738,0.026403,0.857078,-0.882371,0.118267,0.21568,-0.31564,0.01845,0.854703,-0.878031,0.09658,0.216254,-0.317182,0.028319,0.852336,-0.878424,0.113184,0.222177,-0.316174
83,0.005044,0.867973,-0.882062,0.094954,0.219556,-0.300539,0.003024,0.859308,-0.876928,0.097919,0.227616,-0.317738,0.016545,0.87015,-0.881738,0.095678,0.225892,-0.313777,9.5e-05,0.861296,-0.86123,0.104886,0.217231,-0.312816
84,-0.014092,0.867993,-0.851256,0.0801,0.225588,-0.313195,-0.01386,0.871057,-0.860126,0.108744,0.239136,-0.334268,-0.015995,0.873498,-0.860827,0.076961,0.218474,-0.318245,-0.010615,0.872114,-0.859785,0.093232,0.231841,-0.32192
85,-0.024356,0.881163,-0.851,0.107385,0.237573,-0.308194,-0.026661,0.88642,-0.851131,0.087799,0.235872,-0.306473,-0.033671,0.882275,-0.846551,0.089191,0.227608,-0.324117,-0.03128,0.875728,-0.851926,0.068904,0.215872,-0.307088
86,-0.04985,0.892768,-0.830507,0.066485,0.227729,-0.318227,-0.050029,0.888488,-0.847954,0.091139,0.240076,-0.320476,-0.051679,0.899648,-0.83766,0.070312,0.238907,-0.298012,-0.050911,0.886317,-0.841861,0.066393,0.257558,-0.317463
87,-0.06774,0.894898,-0.831246,0.070275,0.232924,-0.312756,-0.074767,0.892942,-0.829523,0.076935,0.248966,-0.316122,-0.066676,0.897107,-0.827988,0.090637,0.243679,-0.315835,-0.05506,0.901568,-0.824123,0.085574,0.239923,-0.322029
88,-0.090907,0.905192,-0.816568,0.058957,0.242303,-0.312807,-0.084513,0.914447,-0.822301,0.054462,0.22979,-0.311578,-0.088341,0.905796,-0.815712,0.068173,0.231251,-0.297138,-0.082829,0.901171,-0.81763,0.073917,0.234105,-0.298985
89,-0.116881,0.917348,-0.808415,0.067411,0.231118,-0.317744,-0.10756,0.911618,-0.806535,0.054282,0.261264,-0.306777,-0.101247,0.911953,-0.808636,0.047618,0.253681,-0.322712,-0.120425,0.919821,-0.813633,0.072782,0.243474,-0.293795
90,-0.128281,0.92548,-0.797265,0.040661,0.239332,-0.308921,-0.130287,0.929827,-0.798493,0.056901,0.26962,-0.283633,-0.127192,0.920239,-0.800225,0.063483,0.238308,-0.320344,-0.121557,0.922912,-0.800851,0.06552,0.254539,-0.301534
91,-0.142039,0.933559,-0.794587,0.047202,0.260575,-0.311287,-0.141688,0.93615,-0.784138,0.049486,0.247513,-0.293141,-0.15037,0.924761,-0.787398,0.050116,0.260285,-0.308986,-0.135324,0.921066,-0.784252,0.040046,0.23897,-0.312664
92,-0.166188,0.931929,-0.772286,0.050655,0.262026,-0.295517,-0.166328,0.943,-0.767797,0.041487,0.242826,-0.304508,-0.161372,0.931299,-0.779401,0.037031,0.260744,-0.307767,-0.159818,0.927845,-0.772132,0.030099,0.26673,-0.30704
93,-0.179548,0.933569,-0.757593,0.042178,0.260302,-0.289943,-0.184431,0.938498,-0.75428,0.038333,0.2749,-0.308228,-0.181916,0.948407,-0.761976,0.055368,0.263386,-0.304086,-0.183517,0.944146,-0.766382,0.04819,0.273357,-0.299781
94,-0.195653,0.952067,-0.749451,0.019316,0.25766,-0.296986,-0.201685,0.943729,-0.749894,0.037822,0.266768,-0.29133,-0.195138,0.946974,-0.753589,0.030948,0.278996,-0.289078,-0.196478,0.949117,-0.745553,0.031255,0.264511,-0.292639
95,-0.224545,0.954434,-0.736764,0.016454,0.285551,-0.294864,-0.220781,0.95469,-0.736277,0.04772,0.250364,-0.301265,-0.220755,0.955259,-0.735215,0.04337,0.266489,-0.287739,-0.224833,0.95791,-0.7337,0.027938,0.26312,-0.290579
96,-0.243027,0.963298,-0.720346,0.006445,0.26739,-0.30495,-0.241307,0.958487,-0.72141,0.015287,0.269806,-0.282985,-0.236889,0.961098,-0.72569,0.01093,0.275183,-0.29397,-0.226494,0.955943,-0.721238,0.032903,0.25324,-0.295099
97,-0.260569,0.962506,-0.711453,0.024354,0.265531,-0.28597,-0.262342,0.955492,-0.70179,-0.007199,0.279406,-0.27282,-0.251094,0.967345,-0.704139,0.008825,0.268603,-0.29379,-0.255831,0.965516,-0.709714,0.022331,0.280385,-0.2858
98,-0.274175,0.975835,-0.70445,-0.00601,0.274997,-0.256809,-0.274749,0.964754,-0.696713,0.021511,0.283761,-0.293124,-0.27088,0.973906,-0.69655,0.009849,0.273484,-0.285481,-0.269695,0.964543,-0.699682,0.011258,0.279053,-0.286978
99,-0.291959,0.972017,-0.68309,-0.018076,0.27655,-0.281114,-0.29642,0.976318,-0.678303,0.001408,0.296995,-0.297073,-0.292062,0.973287,-0.677848,0.006896,0.281598,-0.292244,-0.29497,0.965335,-0.680652,0.000573,0.285151,-0.274859
100,-0.305982,0.982555,-0.671695,-0.026797,0.285695,-0.283941,-0.306507,0.978905,-0.666556,-0.013491,0.269269,-0.288196,-0.310876,0.98305,-0.662976,-0.008919,0.27631,-0.287558,-0.303916,0.975527,-0.676754,-0.008134,0.297143,-0.281817
101,-0.32303,0.986041,-0.652946,-0.020199,0.274233,-0.283183,-0.324471,0.985363,-0.659388,-0.003188,0.292848,-0.26902,-0.329859,0.982048,-0.651051,-0.008158,0.283086,-0.268368,-0.327636,0.98169,-0.653034,-0.002511,0.288733,-0.282646
102,-0.339107,0.988373,-0.641355,0.000209,0.274418,-0.284056,-0.333909,0.987302,-0.634647,-0.04124,0.283687,-0.274775,-0.344246,0.984523,-0.642456,-0.033584,0.286935,-0.273368,-0.343969,0.983769,-0.643217,-0.00284,0.276086,-0.268717
103,-0.356767,0.988447,-0.627618,-0.033794,0.300824,-0.27239,-0.357655,0.990722,-0.627026,-0.022173,0.303409,-0.263275,-0.355091,0.986364,-0.624117,-0.031437,0.297316,-0.262328,-0.36705,0.993448,-0.627297,-0.018896,0.292935,-0.267129
104,-0.385113,0.988391,-0.61026,-0.00747,0.311785,-0.274362,-0.376495,0.993774,-0.61171,-0.027936,0.311597,-0.271057,-0.384022,0.99226,-0.610701,-0.032528,0.305122,-0.251279,-0.38206,0.998015,-0.598489,-0.027364,0.277818,-0.276553
105,-0.392229,0.995277,-0.595526,-0.04714,0.298115,-0.272528,-0.395915,0.988002,-0.591068,-0.04109,0.304746,-0.257943,-0.388223,0.997545,-0.596653,-0.027147,0.30271,-0.268505,-0.40056,1.002906,-0.596416,-0.043411,0.308294,-0.247017
106,-0.416636,0.994839,-0.577599,-0.058565,0.290892,-0.269598,-0.412009,0.994804,-0.592865,-0.054293,0.277065,-0.256867,-0.409324,0.997277,-0.583453,-0.029944,0.307948,-0.271252,-0.413227,0.992815,-0.57036,-0.048902,0.303835,-0.278455
107,-0.433547,0.994308,-0.563701,-0.04726,0.315359,-0.253161,-0.438157,0.995797,-0.562632,-0.03711,0.301267,-0.23132,-0.430295,1.002755,-0.56986,-0.045286,0.32005,-0.260706,-0.434815,1.001108,-0.56971,-0.039732,0.301809,-0.249614
108,-0.449847,0.996433,-0.545207,-0.035792,0.322087,-0.243913,-0.448831,0.997866,-0.546235,-0.052748,0.293389,-0.250048,-0.45228,0.995608,-0.553393,-0.063255,0.31027,-0.252616,-0.447255,1.004447,-0.558068,-0.041569,0.30025,-0.254273
109,-0.461094,1.009861,-0.53373,-0.05338,0.311168,-0.26815,-0.467187,0.989887,-0.526039,-0.065124,0.310403,-0.242639,-0.468914,0.997972,-0.53744,-0.047391,0.30703,-0.244991,-0.46459,1.001487,-0.540881,-0.058791,0.310938,-0.234271
110,-0.485339,0.997643,-0.517162,-0.064128,0.302103,-0.21806,-0.478541,0.996815,-0.520589,-0.061066,0.291463,-0.249768,-0.479888,1.001356,-0.522674,-0.066093,0.328425,-0.255946,-0.486028,1.002617,-0.521175,-0.051871,0.302852,-0.239454
111,-0.500268,1.004341,-0.50198,-0.071715,0.304595,-0.23564,-0.493345,1.000569,-0.508057,-0.073923,0.322173,-0.234598,-0.497302,1.015658,-0.505429,-0.062363,0.315459,-0.239244,-0.506856,0.999495,-0.506528,-0.057184,0.307796,-0.244214
112,-0.507631,1.002736,-0.485134,-0.069056,0.320493,-0.2264,-0.518729,0.996313,-0.481106,-0.100504,0.312782,-0.220462,-0.511813,1.006753,-0.48797,-0.07554,0.309817,-0.220644,-0.517299,1.002165,-0.487122,-0.067577,0.320845,-0.230281
113,-0.533225,0.999636,-0.469195,-0.067441,0.306355,-0.232343,-0.545172,1.00201,-0.474667,-0.08357,0.318168,-0.227543,-0.532355,1.000975,-0.473246,-0.082282,0.319941,-0.228626,-0.527111,0.998435,-0.470894,-0.070708,0.323413,-0.229602
114,-0.546665,1.000753,-0.457105,-0.089592,0.321618,-0.2332,-0.551858,0.998111,-0.444096,-0.061504,0.315693,-0.223012,-0.546829,0.991769,-0.452994,-0.081858,0.311772,-0.214309,-0.54233,0.999654,-0.462863,-0.098205,0.312441,-0.227088
115,-0.557521,0.99766,-0.441016,-0.093533,0.308329,-0.221591,-0.559753,1.00557,-0.445378,-0.085554,0.320899,-0.224115,-0.568649,1.00195,-0.437173,-0.071707,0.331901,-0.221431,-0.555463,0.991172,-0.447214,-0.075156,0.314786,-0.231772
116,-0.580643,0.998359,-0.418274,-0.098873,0.311158,-0.207561,-0.575193,0.998904,-0.424552,-0.115035,0.313735,-0.226089,-0.577638,0.990904,-0.416704,-0.107822,0.320443,-0.211458,-0.570877,0.991961,-0.421416,-0.104264,0.315409,-0.223261
117,-0.590296,0.995728,-0.400878,-0.10566,0.321811,-0.242667,-0.593706,0.995637,-0.404978,-0.09695,0.333314,-0.209889,-0.589405,0.997882,-0.405121,-0.089824,0.314901,-0.221805,-0.581276,1.001618,-0.393359,-0.102795,0.327368,-0.211388
118,-0.606706,0.983468,-0.384047,-0.136413,0.328606,-0.203657,-0.606554,0.99224,-0.378235,-0.09528,0.33202,-0.194429,-0.606862,0.999148,-0.392551,-0.113822,0.32019,-0.198205,-0.609799,0.992307,-0.389225,-0.108902,0.330093,-0.208525
119,-0.620961,0.984325,-0.369672,-0.125373,0.33039,-0.192947,-0.625268,0.982744,-0.365037,-0.124719,0.312515,-0.173801,-0.622562,0.996754,-0.369859,-0.125525,0.319879,-0.1978,-0.626839,0.987019,-0.36876,-0.119375,0.332198,-0.219225
120,-0.647303,0.989899,-0.354811,-0.124508,0.325911,-0.187514,-0.644172,0.988133,-0.349252,-0.115057,0.303387,-0.185388,-0.637493,0.982897,-0.352062,-0.118099,0.321009,-0.198997,-0.625986,0.985379,-0.354236,-0.117611,0.338675,-0.18993
121,-0.648082,0.978121,-0.335451,-0.117992,0.317533,-0.168473,-0.652573,0.980118,-0.33022,-0.125875,0.31276,-0.197432,-0.653896,0.989844,-0.328369,-0.13158,0.336931,-0.197991,-0.644595,0.980386,-0.329485,-0.129945,0.346966,-0.200834
122,-0.654703,0.982007,-0.303844,-0.150367,0.322307,-0.174615,-0.665212,0.983501,-0.303373,-0.127116,0.314876,-0.19549,-0.670111,0.977795,-0.316471,-0.144767,0.321549,-0.187168,-0.662514,0.976403,-0.309643,-0.116027,0.314837,-0.186435
123,-0.671971,0.970789,-0.307134,-0.134977,0.325032,-0.193466,-0.682176,0.970676,-0.30118,-0.136576,0.326161,-0.191398,-0.678527,0.973414,-0.289103,-0.127055,0.31244,-0.170236,-0.683449,0.968725,-0.297653,-0.136348,0.315926,-0.1617
124,-0.692163,0.963183,-0.272775,-0.149729,0.327894,-0.183222,-0.693037,0.977741,-0.277866,-0.164308,0.320337,-0.176267,-0.689121,0.963293,-0.278587,-0.143395,0.317456,-0.176552,-0.692951,0.97053,-0.270303,-0.12922,0.334271,-0.165039
125,-0.707024,0.965783,-0.249413,-0.149752,0.341025,-0.178328,-0.702312,0.964778,-0.264441,-0.153082,0.325956,-0.185305,-0.709577,0.966986,-0.258438,-0.131598,0.312935,-0.174918,-0.722982,0.971967,-0.257778,-0.139597,0.328025,-0.176892
126,-0.725835,0.962576,-0.239255,-0.140761,0.301697,-0.163063,-0.733366,0.961069,-0.242971,-0.162081,0.33132,-0.16787,-0.728734,0.970285,-0.249386,-0.171116,0.318514,-0.160437,-0.717544,0.960876,-0.244035,-0.159795,0.331178,-0.164817
127,-0.730678,0.959059,-0.23344,-0.158206,0.330071,-0.159022,-0.733071,0.949327,-0.216441,-0.158477,0.308828,-0.146567,-0.7302,0.957426,-0.223812,-0.172893,0.306547,-0.159806,-0.734459,0.954026,-0.231544,-0.151071,0.333347,-0.17108
128,-0.746323,0.948445,-0.200144,-0.166703,0.337043,-0.152825,-0.752286,0.947134,-0.204948,-0.170484,0.318098,-0.151027,-0.734386,0.949484,-0.195674,-0.161032,0.322139,-0.179247,-0.752106,0.953867,-0.202409,-0.162797,0.325446,-0.156611
129,-0.761127,0.940661,-0.185104,-0.17806,0.311669,-0.150883,-0.760922,0.950968,-0.182518,-0.176336,0.336612,-0.155079,-0.757924,0.942608,-0.187071,-0.181459,0.312622,-0.144316,-0.757481,0.950037,-0.191117,-0.178351,0.323883,-0.155136
130,-0.771928,0.939819,-0.170303,-0.171201,0.336666,-0.139927,-0.760926,0.93734,-0.168177,-0.181867,0.309519,-0.138708,-0.768776,0.935222,-0.164988,-0.182494,0.321803,-0.149538,-0.768468,0.93528,-0.167017,-0.181771,0.31148,-0.146377
131,-0.772457,0.925215,-0.146104,-0.193971,0.329212,-0.140535,-0.781384,0.933876,-0.154247,-0.169478,0.321662,-0.149259,-0.783682,0.930919,-0.149564,-0.173406,0.31804,-0.129064,-0.78383,0.929683,-0.159812,-0.183058,0.309587,-0.155302
132,-0.790364,0.922476,-0.133649,-0.204161,0.325573,-0.137619,-0.800129,0.91516,-0.13344,-0.189327,0.308972,-0.12602,-0.7926,0.932618,-0.131013,-0.196523,0.305701,-0.146534,-0.792762,0.92158,-0.124753,-0.18053,0.320782,-0.142283
133,-0.801201,0.923656,-0.106503,-0.185014,0.334378,-0.120966,-0.806761,0.910802,-0.103617,-0.190647,0.332375,-0.133225,-0.808965,0.917544,-0.114594,-0.193764,0.323652,-0.126046,-0.801776,0.920461,-0.119441,-0.188298,0.31903,-0.133563
134,-0.815825,0.905026,-0.097846,-0.200843,0.325953,-0.114504,-0.810549,0.905081,-0.085336,-0.176469,0.319107,-0.135012,-0.818612,0.906864,-0.08399,-0.218502,0.338355,-0.120672,-0.817839,0.902293,-0.084005,-0.210124,0.32043,-0.136685
135,-0.828595,0.899165,-0.072414,-0.192556,0.323431,-0.110788,-0.822349,0.901422,-0.078332,-0.196665,0.327486,-0.11726,-0.838979,0.898363,-0.067751,-0.19626,0.325854,-0.110137,-0.82004,0.899065,-0.080972,-0.206684,0.311135,-0.110821
136,-0.8464,0.893106,-0.046668,-0.187185,0.294614,-0.109778,-0.84383,0.895028,-0.054507,-0.215379,0.316177,-0.112082,-0.839338,0.885255,-0.044198,-0.196712,0.330282,-0.120711,-0.835982,0.880399,-0.056401,-0.227399,0.336371,-0.110444
137,-0.848264,0.886061,-0.033589,-0.21136,0.325822,-0.111002,-0.847076,0.887009,-0.034133,-0.197934,0.342307,-0.118327,-0.854499,0.884867,-0.039102,-0.221393,0.334098,-0.118511,-0.843514,0.877109,-0.030326,-0.212973,0.317941,-0.093837
138,-0.856697,0.867722,-0.016999,-0.207217,0.316436,-0.098158,-0.850731,0.870336,-0.018054,-0.21488,0.314705,-0.111846,-0.862183,0.873854,-0.016592,-0.217644,0.32149,-0.094832,-0.844641,0.876573,-0.016957,-0.224391,0.324837,-0.101821
139,-0.86694,0.864113,0.008751,-0.231492,0.31877,-0.10772,-0.875676,0.870321,0.006325,-0.236921,0.323568,-0.098438,-0.867337,0.857362,0.007491,-0.222418,0.319077,-0.102038,-0.85806,0.856443,-0.004121,-0.222311,0.315486,-0.089737
140,-0.87099,0.853078,0.010095,-0.240104,0.316692,-0.100078,-0.874971,0.853646,0.020806,-0.227825,0.312507,-0.104828,-0.868939,0.855578,0.017433,-0.214028,0.303376,-0.101502,-0.877903,0.845749,0.017316,-0.22328,0.32741,-0.096677
141,-0.890362,0.843593,0.042025,-0.224756,0.30244,-0.070547,-0.885317,0.846105,0.030628,-0.245227,0.322455,-0.082884,-0.891799,0.846913,0.032173,-0.242992,0.310087,-0.07771,-0.886092,0.847472,0.04245,-0.231579,0.314918,-0.091898
142,-0.88682,0.832199,0.063726,-0.224623,0.308167,-0.068134,-0.893585,0.839626,0.055861,-0.23333,0.312611,-0.063291,-0.89157,0.831063,0.060086,-0.237976,0.312899,-0.078661,-0.890291,0.828571,0.071167,-0.253087,0.306957,-0.082917
143,-0.906852,0.82135,0.075764,-0.221109,0.309958,-0.0797,-0.908902,0.821078,0.073732,-0.24065,0.313447,-0.080906,-0.911159,0.827659,0.07964,-0.229591,0.300898,-0.084495,-0.896103,0.832642,0.073448,-0.23731,0.325248,-0.070785
144,-0.916746,0.817931,0.097893,-0.240889,0.318745,-0.069326,-0.912254,0.820958,0.097962,-0.255144,0.312709,-0.061952,-0.912446,0.817235,0.093566,-0.250826,0.297129,-0.05364,-0.912178,0.82055,0.100576,-0.255213,0.310443,-0.068296
145,-0.917099,0.800053,0.113364,-0.245066,0.306999,-0.059785,-0.924768,0.805255,0.115042,-0.26019,0.311359,-0.066689,-0.91921,0.81296,0.113224,-0.250835,0.299831,-0.054621,-0.918943,0.809618,0.115306,-0.261835,0.304911,-0.059155
146,-0.924306,0.785913,0.131658,-0.255277,0.318744,-0.047821,-0.921156,0.7941,0.132589,-0.245215,0.301628,-0.065186,-0.926201,0.787686,0.132424,-0.249848,0.309519,-0.05244,-0.922599,0.788211,0.131555,-0.244445,0.290919,-0.046288
147,-0.930076,0.776521,0.157436,-0.247273,0.306103,-0.042766,-0.934906,0.781417,0.144716,-0.24762,0.313633,-0.061818,-0.929447,0.787969,0.141956,-0.255445,0.305651,-0.042304,-0.937886,0.78462,0.154962,-0.249909,0.31937,-0.044047
148,-0.945042,0.773031,0.175828,-0.250396,0.304328,-0.04482,-0.942451,0.772353,0.177009,-0.239719,0.319893,-0.057238,-0.938559,0.777787,0.170975,-0.277065,0.296628,-0.049812,-0.938245,0.765476,0.168907,-0.239523,0.294498,-0.017557
149,-0.953355,0.768636,0.183444,-0.237957,0.311768,-0.028667,-0.94596,0.758477,0.185773,-0.271125,0.29294,-0.033012,-0.946053,0.764285,0.194856,-0.272228,0.302071,-0.047459,-0.950916,0.749835,0.180906,-0.265385,0.292304,-0.033955
150,-0.948047,0.738241,0.21522,-0.271325,0.295814,-0.050239,-0.95065,0.740547,0.203163,-0.264733,0.290309,-0.035346,-0.94585,0.74342,0.208537,-0.259914,0.294416,-0.022856,-0.95663,0.738086,0.207696,-0.259905,0.293976,-0.019507
151,-0.947047,0.736692,0.227245,-0.263713,0.275007,-0.025446,-0.952659,0.735251,0.230808,-0.253804,0.313054,-0.016185,-0.952736,0.726366,0.216011,-0.276554,0.305903,-0.023098,-0.962419,0.729266,0.222954,-0.29832,0.289147,-0.01535
152,-0.964559,0.721186,0.241842,-0.277856,0.302224,-0.014399,-0.961405,0.71771,0.2453,-0.278612,0.267889,-0.011349,-0.963071,0.713061,0.245503,-0.262891,0.287371,-0.013757,-0.958477,0.717512,0.242971,-0.255301,0.274946,-0.005135
153,-0.965537,0.700394,0.263125,-0.279505,0.287535,-0.035428,-0.963045,0.709327,0.254565,-0.279826,0.301402,-0.006384,-0.978414,0.708198,0.260588,-0.263983,0.271553,-0.0082,-0.970547,0.705203,0.26319,-0.267572,0.275074,-0.008454
154,-0.977069,0.690895,0.282732,-0.266375,0.27027,-0.015476,-0.980492,0.67841,0.273391,-0.273676,0.291695,0.000945,-0.973311,0.686034,0.287368,-0.289133,0.291049,-0.016124,-0.975741,0.692698,0.280768,-0.277423,0.295319,0.005434
155,-0.982344,0.674908,0.301482,-0.287186,0.279626,-0.001809,-0.974938,0.678695,0.30242,-0.27925,0.2845,-0.001306,-0.978938,0.673819,0.29887,-0.276529,0.277596,0.017679,-0.974294,0.681298,0.303115,-0.261782,0.296825,-0.008102
156,-0.970845,0.661737,0.323717,-0.289834,0.269624,0.004669,-0.981791,0.662345,0.316919,-0.285176,0.286916,0.015202,-0.974756,0.65296,0.317823,-0.288991,0.291083,0.012927,-0.981305,0.657902,0.310824,-0.286812,0.291173,0.018829
157,-0.977345,0.650652,0.332367,-0.294678,0.266283,0.003583,-0.976893,0.64739,0.338166,-0.289804,0.273649,0.001027,-0.978016,0.644849,0.338145,-0.294332,0.25877,-0.001415,-0.986244,0.638082,0.339794,-0.298521,0.267562,0.012124
158,-0.987336,0.635217,0.358828,-0.271476,0.271244,0.004804,-0.991671,0.634242,0.34761,-0.292011,0.263179,0.021049,-0.980611,0.642847,0.351139,-0.28443,0.267025,0.014772,-0.989078,0.640884,0.354746,-0.282987,0.248625,-0.004938
159,-0.992499,0.62594,0.365091,-0.272471,0.281863,0.026799,-0.989605,0.616904,0.361509,-0.27948,0.263733,0.028201,-0.990096,0.611704,0.364221,-0.285062,0.264022,0.019725,-0.988425,0.620227,0.375385,-0.274242,0.250388,0.016558
160,-0.99058,0.600691,0.388349,-0.284633,0.249923,0.044449,-0.987737,0.600684,0.385513,-0.303868,0.253901,0.034514,-0.993248,0.607574,0.381962,-0.297835,0.26275,0.037685,-0.991411,0.606925,0.385545,-0.293172,0.254338,0.021539
161,-0.992346,0.587126,0.40676,-0.296338,0.259192,0.04069,-0.996749,0.589709,0.411117,-0.30427,0.264989,0.030516,-0.996678,0.591101,0.407408,-0.29224,0.286253,0.027983,-0.989853,0.596133,0.407498,-0.300867,0.249781,0.029096
162,-0.994927,0.572661,0.422754,-0.300726,0.256884,0.026896,-0.991717,0.576862,0.419286,-0.301812,0.266577,0.055733,-0.993098,0.575727,0.414332,-0.299132,0.25978,0.034668,-0.995618,0.571942,0.422781,-0.300475,0.259849,0.050082
163,-1.001455,0.567777,0.438904,-0.29576,0.272621,0.043565,-0.995003,0.559671,0.441916,-0.327802,0.257838,0.040305,-1.007627,0.558786,0.435269,-0.299273,0.241662,0.05752,-0.999986,0.566336,0.436162,-0.281292,0.250253,0.064044
164,-0.997276,0.544736,0.457939,-0.302835,0.257687,0.06021,-0.995171,0.54095,0.456975,-0.30591,0.231063,0.051677,-0.999173,0.545383,0.452741,-0.30155,0.248842,0.060007,-1.001119,0.547724,0.461682,-0.303578,0.26562,0.033899
165,-0.998655,0.531346,0.473144,-0.300643,0.242595,0.062298,-1.00446,0.530685,0.475787,-0.303947,0.256877,0.064036,-1.001945,0.531976,0.477251,-0.30309,0.242458,0.037698,-0.998645,0.525035,0.470787,-0.303638,0.232837,0.059674
166,-1.000051,0.511275,0.489555,-0.308589,0.254886,0.070295,-0.998226,0.516978,0.496153,-0.317759,0.245307,0.078394,-1.011631,0.51118,0.491671,-0.31097,0.237019,0.065812,-0.998288,0.51016,0.487018,-0.305289,0.237684,0.079157
167,-0.550821,0.531756,0.544716,-0.918211,0.237829,0.075082,-0.429909,0.546711,0.544846,-1.080162,0.247334,0.080828,-0.213227,0.556451,0.575367,-1.398447,0.23013,0.06998,-0.433737,0.534365,0.559028,-1.113332,0.237516,0.088689
168,-0.561991,0.509845,0.557671,-0.917738,0.232484,0.072108,-0.43397,0.517197,0.578475,-1.105196,0.221878,0.087087,-0.201049,0.53663,0.586415,-1.414256,0.227946,0.079038,-0.427373,0.526817,0.571762,-1.114002,0.225161,0.066113
169,-0.557644,0.496874,0.579407,-0.921034,0.232229,0.096933,-0.436044,0.499172,0.583494,-1.117427,0.233219,0.104726,-0.207117,0.520118,0.610333,-1.427401,0.231597,0.107033,-0.427498,0.500169,0.584542,-1.088973,0.225703,0.069939
170,-0.555943,0.480745,0.590931,-0.928497,0.229659,0.097729,-0.43344,0.488009,0.606575,-1.108648,0.218232,0.103688,-0.200554,0.502328,0.628705,-1.426872,0.222699,0.097541,-0.429795,0.490585,0.611935,-1.109083,0.236277,0.105376
171,-0.558349,0.455638,0.610417,-0.938895,0.219333,0.07965,-0.422779,0.466345,0.615299,-1.125119,0.230531,0.096975,-0.195797,0.484669,0.646468,-1.44889,0.215169,0.098067,-0.435339,0.476293,0.627726,-1.111592,0.228573,0.090736
172,-0.549023,0.438196,0.628921,-0.954717,0.21108,0.088883,-0.424962,0.44643,0.643509,-1.112647,0.240775,0.116114,-0.208688,0.450139,0.670694,-1.421471,0.203812,0.080609,-0.442125,0.450665,0.639393,-1.106602,0.235293,0.10948
173,-0.550331,0.417812,0.648312,-0.942052,0.199224,0.122888,-0.434772,0.437979,0.654831,-1.112076,0.19316,0.108849,-0.196114,0.44391,0.685611,-1.452531,0.208858,0.109737,-0.430736,0.422568,0.658069,-1.110665,0.199357,0.107688
174,-0.545945,0.405723,0.661936,-0.945685,0.198257,0.116584,-0.422915,0.406835,0.675037,-1.124517,0.190864,0.112163,-0.204404,0.423899,0.69881,-1.451513,0.22081,0.116419,-0.43041,0.419707,0.666106,-1.117993,0.20099,0.113813
175,-0.556029,0.380682,0.675585,-0.952369,0.208087,0.114538,-0.425393,0.392756,0.680836,-1.152625,0.219391,0.110021,-0.200676,0.397634,0.719123,-1.466989,0.204755,0.10819,-0.421811,0.388771,0.685882,-1.142161,0.201596,0.124644
176,-0.548769,0.356531,0.69152,-0.975322,0.209029,0.136335,-0.429018,0.376971,0.707553,-1.131957,0.19988,0.12382,-0.197785,0.386347,0.728893,-1.478775,0.209276,0.124939,-0.42421,0.376178,0.712351,-1.154833,0.197561,0.133174
177,-0.544338,0.339831,0.705401,-0.956396,0.189247,0.132295,-0.423779,0.344091,0.729297,-1.144211,0.202158,0.114946,-0.196494,0.368698,0.746438,-1.475679,0.159224,0.140893,-0.426478,0.355037,0.725261,-1.152921,0.17268,0.134381
178,-0.543475,0.315735,0.718508,-0.955836,0.184448,0.144555,-0.420999,0.330098,0.73992,-1.127079,0.174842,0.137591,-0.200005,0.351287,0.763734,-1.462716,0.191537,0.123444,-0.424056,0.338607,0.73691,-1.150399,0.200287,0.133062
179,-0.543277,0.309585,0.740888,-0.980582,0.192156,0.135148,-0.42469,0.308617,0.753093,-1.142647,0.164768,0.162042,-0.194071,0.31601,0.767557,-1.472567,0.189423,0.162709,-0.418045,0.325114,0.748474,-1.127331,0.190049,0.159529
180,-0.539717,0.288182,0.750785,-0.950733,0.171443,0.131168,-0.418069,0.296209,0.768028,-1.129598,0.180165,0.143291,-0.200178,0.309979,0.796743,-1.471025,0.185504,0.168142,-0.422273,0.289791,0.775324,-1.15823,0.159202,0.150238
181,-0.541073,0.269082,0.765929,-0.958555,0.174159,0.150884,-0.409842,0.271313,0.776456,-1.147623,0.155009,0.136553,-0.193977,0.282216,0.806483,-1.461511,0.160879,0.150264,-0.412411,0.268571,0.773039,-1.146937,0.159205,0.170608
182,-0.526728,0.245813,0.783508,-0.952074,0.174756,0.171742,-0.416226,0.259226,0.789678,-1.160678,0.159757,0.165193,-0.191261,0.263437,0.82892,-1.488073,0.155725,0.180625,-0.412952,0.245534,0.796273,-1.141066,0.171088,0.163236
183,-0.536412,0.235091,0.790521,-0.973162,0.160156,0.156502,-0.418768,0.233106,0.809414,-1.157937,0.151302,0.16214,-0.197258,0.238227,0.839561,-1.480127,0.176986,0.177019,-0.41238,0.239812,0.812153,-1.166708,0.155601,0.160772
184,-0.53424,0.212107,0.804259,-0.97212,0.159563,0.184246,-0.401697,0.211129,0.821268,-1.156503,0.168543,0.173181,-0.201382,0.213003,0.847165,-1.478404,0.164233,0.184087,-0.411986,0.218684,0.822938,-1.152121,0.114409,0.159823
185,-0.521558,0.190987,0.828066,-0.94768,0.146014,0.171406,-0.399482,0.195554,0.839823,-1.134669,0.162007,0.175393,-0.195729,0.210154,0.861174,-1.468687,0.145102,0.170235,-0.416168,0.182359,0.838445,-1.143513,0.147999,0.168369
186,-0.52206,0.174846,0.830579,-0.95316,0.142959,0.194894,-0.41182,0.181599,0.85151,-1.138992,0.152177,0.194676,-0.190212,0.181819,0.870762,-1.470451,0.140988,0.172115,-0.406086,0.170114,0.851623,-1.15703,0.140364,0.165064
187,-0.512511,0.156952,0.850041,-0.945933,0.130232,0.188254,-0.391691,0.144604,0.864351,-1.134278,0.157094,0.187813,-0.188255,0.158816,0.887155,-1.47498,0.143183,0.185093,-0.404204,0.155304,0.861937,-1.134224,0.152185,0.184594
188,-0.514206,0.131019,0.864301,-0.966764,0.14821,0.189703,-0.395137,0.122623,0.882304,-1.145312,0.125254,0.191835,-0.196413,0.138211,0.897576,-1.471377,0.128434,0.204079,-0.394042,0.142817,0.872548,-1.143358,0.134907,0.195483
189,-0.501266,0.124695,0.864786,-0.967783,0.121225,0.181531,-0.394402,0.105898,0.890765,-1.130358,0.135663,0.200837,-0.186096,0.127538,0.921816,-1.468272,0.136204,0.185185,-0.390918,0.106887,0.89705,-1.134523,0.120848,0.203188
190,-0.503547,0.091864,0.886171,-0.941367,0.125033,0.189552,-0.392593,0.083871,0.883154,-1.159342,0.11305,0.191068,-0.178894,0.099885,0.927381,-1.445194,0.094195,0.213119,-0.3923,0.096832,0.897478,-1.124472,0.130108,0.205457
191,-0.5062,0.072204,0.889354,-0.933442,0.111443,0.203179,-0.383237,0.080269,0.901292,-1.122419,0.121348,0.203932,-0.182786,0.070661,0.93573,-1.455274,0.10076,0.220579,-0.392758,0.070001,0.906974,-1.138424,0.120723,0.210073
192,-0.495752,0.06075,0.899815,-0.939229,0.115632,0.209247,-0.384952,0.041181,0.916843,-1.119635,0.10713,0.202658,-0.174792,0.065432,0.952914,-1.44173,0.09227,0.210561,-0.37716,0.05697,0.925017,-1.120142,0.102646,0.216882
193,-0.494075,0.033458,0.910138,-0.945253,0.096545,0.228311,-0.391157,0.033979,0.924215,-1.123282,0.118519,0.231932,-0.181719,0.035882,0.966866,-1.436455,0.110347,0.2271,-0.382996,0.023123,0.933275,-1.11568,0.106423,0.230799
194,-0.474181,0.014089,0.925106,-0.945051,0.098624,0.223668,-0.361021,0.005183,0.940037,-1.122617,0.096258,0.213082,-0.181185,0.003243,0.97082,-1.448811,0.101439,0.207715,-0.373291,0.005919,0.953786,-1.10458,0.096011,0.224183
195,-0.482993,-0.009925,0.935036,-0.938633,0.084814,0.224317,-0.376414,-0.017409,0.947458,-1.117064,0.091221,0.229806,-0.181035,-0.002306,0.984826,-1.437666,0.092414,0.223935,-0.371782,-0.015527,0.957282,-1.122415,0.085713,0.225643
196,-0.476144,-0.028494,0.944793,-0.927641,0.07079,0.21914,-0.369834,-0.033922,0.963619,-1.078274,0.087973,0.228622,-0.179693,-0.024114,0.994177,-1.422447,0.089419,0.231976,-0.365026,-0.034272,0.967507,-1.111495,0.088766,0.218369
197,-0.47101,-0.057208,0.958918,-0.943169,0.093819,0.22818,-0.355677,-0.054972,0.97832,-1.095563,0.084526,0.23257,-0.170264,-0.055893,0.994715,-1.423566,0.08149,0.237754,-0.375252,-0.047416,0.977196,-1.0976,0.083231,0.228726
198,-0.46112,-0.069015,0.967884,-0.92157,0.05433,0.234391,-0.355145,-0.073982,0.986021,-1.095577,0.101167,0.258525,-0.163815,-0.079904,1.02578,-1.397235,0.089395,0.240257,-0.356921,-0.069277,0.983991,-1.092892,0.06997,0.241476
199,-0.44869,-0.086684,0.977406,-0.916047,0.071653,0.243279,-0.354317,-0.093412,0.980335,-1.097474,0.066883,0.246064,-0.166475,-0.099492,1.034088,-1.385083,0.051481,0.237074,-0.359681,-0.091348,0.991176,-1.090975,0.062581,0.247254
200,-0.451703,-0.109014,0.982861,-0.914037,0.059806,0.237074,-0.351604,-0.109215,0.996409,-1.080364,0.0426,0.243027,-0.161365,-0.12659,1.029511,-1.384192,0.074054,0.237394,-0.344579,-0.116311,0.992938,-1.089829,0.074799,0.236207
201,-0.439082,-0.13639,0.987374,-0.907118,0.058286,0.238422,-0.339645,-0.134315,1.005667,-1.090834,0.048991,0.236889,-0.156063,-0.13204,1.038758,-1.381925,0.057585,0.253381,-0.341818,-0.1313,1.009949,-1.095192,0.077278,0.259229
202,-0.442475,-0.148346,0.996598,-0.898197,0.054189,0.256596,-0.34291,-0.156119,1.007111,-1.053189,0.062015,0.254357,-0.158231,-0.167898,1.049365,-1.368637,0.047299,0.250059,-0.343254,-0.162098,1.025423,-1.069937,0.053434,0.23644
203,-0.43023,-0.171415,1.002266,-0.877136,0.018474,0.257319,-0.335797,-0.184433,1.027511,-1.064276,0.049032,0.257647,-0.158188,-0.179551,1.05195,-1.364158,0.049144,0.24951,-0.330461,-0.181461,1.029001,-1.051795,0.038991,0.272047
204,-0.434834,-0.201066,0.998555,-0.879466,0.035791,0.265752,-0.32794,-0.20074,1.02387,-1.062635,0.031608,0.246504,-0.152541,-0.205856,1.062269,-1.350822,0.033755,0.267664,-0.326353,-0.188604,1.018988,-1.049013,0.022716,0.252381
205,-0.422042,-0.207295,1.026882,-0.876355,0.028918,0.258697,-0.316984,-0.222369,1.037383,-1.036692,0.033694,0.27935,-0.156569,-0.22466,1.071783,-1.358849,0.025803,0.260114,-0.327233,-0.20625,1.038212,-1.062268,0.029381,0.250058
206,-0.404308,-0.231837,1.022149,-0.874721,0.037451,0.260662,-0.30571,-0.238568,1.053343,-1.023838,0.029387,0.277865,-0.159982,-0.244272,1.069977,-1.32784,0.010062,0.280938,-0.319895,-0.237616,1.047328,-1.032807,0.02262,0.251425
207,-0.401406,-0.249051,1.031815,-0.861904,0.022412,0.279792,-0.311912,-0.264462,1.049409,-1.042216,0.037955,0.271875,-0.154332,-0.267826,1.082175,-1.3175,0.000239,0.275808,-0.313948,-0.25089,1.038637,-1.032695,0.022494,0.262096
208,-0.396765,-0.271539,1.037076,-0.860291,0.02817,0.278391,-0.3194,-0.275705,1.05058,-1.02036,0.007253,0.267167,-0.144947,-0.281546,1.090822,-1.299319,0.023497,0.267823,-0.302945,-0.288937,1.058019,-1.011639,0.013513,0.269878
209,-0.397323,-0.29767,1.044747,-0.858011,0.008707,0.271605,-0.298109,-0.294445,1.062113,-1.006852,-0.00525,0.284929,-0.134443,-0.306285,1.100518,-1.307773,0.009099,0.276605,-0.310851,-0.292171,1.054416,-1.005344,-0.015029,0.279784
210,-0.383137,-0.31585,1.051498,-0.849099,0.016578,0.278056,-0.295542,-0.327351,1.071484,-1.004005,0.012911,0.28967,-0.146238,-0.325817,1.101215,-1.297879,0.011756,0.294282,-0.285674,-0.321763,1.068286,-0.991391,-0.002913,0.265669
211,-0.365963,-0.335421,1.050772,-0.812069,-0.005649,0.27519,-0.286168,-0.341792,1.071915,-0.992197,-0.004191,0.28,-0.138642,-0.348614,1.1026,-1.273621,0.003224,0.291874,-0.286515,-0.336048,1.06375,-0.988953,-0.008068,0.27786
212,-0.370503,-0.346218,1.055712,-0.813898,-0.000675,0.271177,-0.278717,-0.363285,1.06524,-0.96402,-0.020192,0.291521,-0.137549,-0.375251,1.112651,-1.256383,-0.02681,0.28627,-0.286037,-0.356874,1.06954,-0.972338,-0.0172,0.314654
213,-0.363622,-0.363948,1.060588,-0.81478,-0.008092,0.305233,-0.277829,-0.372268,1.086714,-0.969537,-0.014952,0.297306,-0.129891,-0.380072,1.117275,-1.224205,-0.002265,0.291821,-0.272414,-0.382297,1.07058,-0.966502,-0.008813,0.283147
214,-0.344116,-0.379711,1.050672,-0.806404,-0.029826,0.293913,-0.273664,-0.389886,1.084031,-0.95427,-0.03477,0.305998,-0.13083,-0.414877,1.111476,-1.215278,-0.02862,0.308675,-0.271181,-0.389745,1.083326,-0.970621,-0.02934,0.2899
215,-0.34613,-0.400389,1.064349,-0.774782,-0.019352,0.316579,-0.277232,-0.419206,1.085696,-0.956775,-0.026761,0.284756,-0.131517,-0.433455,1.118365,-1.213797,-0.038065,0.299414,-0.256212,-0.409779,1.082777,-0.928461,-0.04377,0.288363
216,-0.344493,-0.432288,1.069006,-0.768807,-0.031223,0.307398,-0.25679,-0.430138,1.092708,-0.912551,-0.027968,0.290578,-0.117525,-0.446709,1.126119,-1.191048,-0.022008,0.323835,-0.25784,-0.43713,1.085446,-0.925799,-0.021061,0.288581
217,-0.324035,-0.44186,1.070603,-0.780253,-0.050009,0.288355,-0.250974,-0.45272,1.089231,-0.895051,-0.046737,0.309437,-0.121314,-0.46326,1.122509,-1.181155,-0.027709,0.286941,-0.256084,-0.453948,1.077194,-0.928617,-0.047581,0.312448
218,-0.313855,-0.459262,1.062991,-0.737419,-0.049986,0.297385,-0.241205,-0.464004,1.088185,-0.917994,-0.059217,0.301705,-0.124936,-0.484561,1.124336,-1.174374,-0.062725,0.298792,-0.249875,-0.47537,1.087869,-0.901574,-0.028941,0.305757
219,-0.307766,-0.485765,1.071783,-0.739996,-0.062627,0.315917,-0.242419,-0.495681,1.083534,-0.878795,-0.05838,0.28002,-0.108108,-0.500112,1.125173,-1.140339,-0.054917,0.304246,-0.228224,-0.49118,1.098475,-0.893856,-0.048279,0.317989
220,-0.299697,-0.498576,1.072946,-0.716831,-0.07772,0.290296,-0.226045,-0.51776,1.093718,-0.872365,-0.062704,0.300753,-0.11607,-0.529775,1.126028,-1.146064,-0.063444,0.305909,-0.23789,-0.508923,1.091195,-0.862518,-0.047017,0.299655
221,-0.289113,-0.517166,1.075321,-0.707277,-0.06477,0.311143,-0.219078,-0.51811,1.088529,-0.867893,-0.074347,0.319638,-0.101661,-0.544945,1.129914,-1.092305,-0.064892,0.307232,-0.230103,-0.524148,1.081656,-0.842322,-0.066629,0.317364
222,-0.283946,-0.526289,1.073916,-0.709714,-0.083552,0.30228,-0.219275,-0.53854,1.098336,-0.831834,-0.075097,0.323078,-0.095479,-0.567464,1.125066,-1.066056,-0.056588,0.323207,-0.221227,-0.544821,1.096597,-0.831565,-0.069553,0.309833
223,-0.27833,-0.550578,1.078729,-0.711492,-0.076373,0.322473,-0.222238,-0.559534,1.093313,-0.824548,-0.072983,0.29508,-0.105963,-0.571841,1.134237,-1.081461,-0.048303,0.317623,-0.20629,-0.557153,1.089327,-0.836184,-0.066775,0.330044
224,-0.256274,-0.561569,1.070344,-0.692629,-0.087038,0.303255,-0.205026,-0.573917,1.088307,-0.809453,-0.067509,0.305731,-0.101583,-0.600504,1.1331,-1.02575,-0.081119,0.314236,-0.201027,-0.572681,1.089845,-0.800497,-0.095397,0.329556
225,-0.252996,-0.587931,1.074841,-0.67977,-0.090325,0.321328,-0.199862,-0.594635,1.086322,-0.800013,-0.089813,0.324644,-0.093922,-0.61425,1.119697,-1.032273,-0.103673,0.314316,-0.189438,-0.595187,1.091049,-0.790864,-0.092748,0.318353
226,-0.237883,-0.604655,1.076705,-0.633696,-0.095699,0.324307,-0.191186,-0.617841,1.102495,-0.81853,-0.103432,0.340546,-0.087042,-0.636196,1.125828,-1.023278,-0.075373,0.322319,-0.190022,-0.616817,1.100256,-0.781718,-0.108909,0.312579
227,-0.248094,-0.614686,1.069697,-0.646705,-0.117105,0.319445,-0.192261,-0.631735,1.093947,-0.76667,-0.107783,0.308477,-0.08674,-0.655351,1.130748,-0.986416,-0.090462,0.328945,-0.177845,-0.633017,1.089221,-0.754008,-0.091938,0.308247
228,-0.220299,-0.637672,1.070862,-0.633781,-0.109854,0.333187,-0.176691,-0.652932,1.090097,-0.742404,-0.115028,0.319412,-0.09099,-0.66591,1.120153,-0.97595,-0.102167,0.328401,-0.177056,-0.662473,1.089903,-0.722578,-0.091855,0.318191
229,-0.21577,-0.647992,1.063711,-0.607646,-0.103437,0.32169,-0.171548,-0.655013,1.074719,-0.744317,-0.131494,0.322723,-0.066475,-0.682142,1.123576,-0.941158,-0.115232,0.325071,-0.164888,-0.667942,1.10198,-0.723386,-0.110905,0.327285
230,-0.204637,-0.676785,1.070959,-0.603897,-0.10793,0.332666,-0.163198,-0.677103,1.081302,-0.724052,-0.130263,0.324248,-0.06414,-0.698502,1.117643,-0.92669,-0.100339,0.31236,-0.157112,-0.679927,1.074995,-0.713755,-0.119207,0.325011
231,-0.194241,-0.681852,1.061658,-0.579617,-0.126798,0.317065,-0.155811,-0.690263,1.078576,-0.715216,-0.111091,0.316669,-0.069144,-0.717083,1.122858,-0.893352,-0.130212,0.310847,-0.149612,-0.700664,1.074567,-0.697606,-0.136412,0.322145
232,-0.19546,-0.704774,1.059799,-0.598509,-0.132691,0.314891,-0.139264,-0.712375,1.068209,-0.643691,-0.125141,0.312887,-0.06323,-0.7467,1.109896,-0.879523,-0.109272,0.320379,-0.136816,-0.71468,1.080833,-0.677463,-0.134441,0.324907
233,-0.170122,-0.705259,1.048634,-0.537636,-0.144928,0.325695,-0.136373,-0.730107,1.066058,-0.671628,-0.129223,0.321946,-0.072161,-0.754352,1.097635,-0.85245,-0.13852,0.316841,-0.143615,-0.73304,1.071443,-0.668402,-0.134025,0.325824
234,-0.165845,-0.715985,1.052448,-0.552002,-0.152858,0.323318,-0.128039,-0.745454,1.070376,-0.628602,-0.137203,0.318411,-0.063876,-0.762094,1.106399,-0.831343,-0.145757,0.343405,-0.128926,-0.75013,1.060762,-0.638993,-0.128359,0.312299
235,-0.152447,-0.740241,1.047497,-0.527836,-0.144219,0.337832,-0.118145,-0.755335,1.056731,-0.634523,-0.151195,0.326858,-0.05821,-0.784271,1.100176,-0.799169,-0.146419,0.331159,-0.116554,-0.759049,1.067836,-0.633355,-0.158537,0.320931
236,-0.143179,-0.758475,1.044211,-0.52986,-0.155123,0.328688,-0.112491,-0.779875,1.057715,-0.629621,-0.153739,0.317399,-0.05307,-0.803142,1.09317,-0.761443,-0.152234,0.34102,-0.105349,-0.77693,1.056434,-0.611608,-0.159773,0.32289
237,-0.12694,-0.772461,1.03459,-0.508821,-0.170421,0.333962,-0.117019,-0.792327,1.048382,-0.597585,-0.15335,0.344408,-0.048021,-0.827009,1.086745,-0.779882,-0.144327,0.324261,-0.110989,-0.786783,1.055318,-0.604163,-0.16432,0.330886
238,-0.119116,-0.780107,1.026006,-0.499143,-0.16706,0.313463,-0.106919,-0.806205,1.051164,-0.570745,-0.156905,0.33299,-0.042372,-0.823238,1.081399,-0.713536,-0.178639,0.338044,-0.090233,-0.803623,1.052669,-0.565387,-0.154817,0.307748
239,-0.116799,-0.802747,1.024591,-0.454213,-0.175783,0.334816,-0.090023,-0.812333,1.034849,-0.568769,-0.162926,0.323418,-0.041919,-0.834037,1.085335,-0.704171,-0.156298,0.31834,-0.089207,-0.819546,1.033536,-0.559163,-0.168661,0.311642
240,-0.102759,-0.815465,1.013122,-0.46909,-0.16959,0.339944,-0.080922,-0.82771,1.03625,-0.535776,-0.162428,0.341313,-0.044105,-0.858726,1.069079,-0.677287,-0.168364,0.308903,-0.087436,-0.83084,1.030177,-0.535348,-0.184026,0.32692
241,-0.085136,-0.821421,1.000113,-0.433592,-0.194757,0.315263,-0.076557,-0.841983,1.020896,-0.519798,-0.186396,0.329393,-0.028889,-0.865902,1.065946,-0.678726,-0.179834,0.31259,-0.063016,-0.839865,1.026439,-0.50557,-0.175632,0.329368
242,-0.081697,-0.831628,1.002552,-0.412343,-0.175498,0.313931,-0.058135,-0.861747,1.01069,-0.496548,-0.183972,0.320579,-0.033929,-0.893434,1.05187,-0.629051,-0.190411,0.335877,-0.06035,-0.851228,1.019853,-0.473327,-0.179993,0.304553
243,-0.066849,-0.858616,0.982147,-0.394412,-0.198335,0.324836,-0.059324,-0.869133,1.02114,-0.461678,-0.192005,0.325567,-0.03009,-0.896485,1.050792,-0.611261,-0.179797,0.31481,-0.062092,-0.87209,1.015106,-0.479367,-0.17624,0.325319
244,-0.064838,-0.86681,0.979847,-0.401525,-0.186371,0.341703,-0.047878,-0.878676,1.004794,-0.450786,-0.194911,0.310272,-0.030753,-0.905836,1.029962,-0.602934,-0.208333,0.324712,-0.044569,-0.872414,1.000377,-0.450253,-0.19102,0.308338
245,-0.054177,-0.881393,0.969417,-0.355203,-0.205378,0.337386,-0.035501,-0.902812,0.997793,-0.444383,-0.208084,0.320139,-0.016292,-0.921032,1.029803,-0.563708,-0.175774,0.334043,-0.043874,-0.897851,0.988287,-0.445178,-0.194325,0.32192
246,-0.036268,-0.889726,0.964911,-0.375517,-0.205667,0.315594,-0.028431,-0.902677,0.983985,-0.416235,-0.201276,0.311706,-0.009147,-0.938406,1.017437,-0.547546,-0.210841,0.32645,-0.037206,-0.904411,0.984897,-0.412764,-0.18714,0.320485
247,-0.036116,-0.89311,0.970829,-0.333889,-0.208051,0.325952,-0.030176,-0.924092,0.984788,-0.380877,-0.194184,0.313686,-0.010251,-0.95398,1.011274,-0.51997,-0.196215,0.304779,-0.022132,-0.929468,0.971934,-0.403755,-0.208524,0.299164
248,-0.023009,-0.912471,0.95992,-0.329225,-0.212019,0.32085,-0.017782,-0.931035,0.966969,-0.387535,-0.186653,0.331407,-0.007192,-0.954406,1.005037,-0.470699,-0.217943,0.323287,-0.014738,-0.929936,0.966366,-0.37176,-0.215572,0.325203
249,-0.00837,-0.913103,0.943076,-0.310044,-0.220126,0.3257,-0.006605,-0.938272,0.960506,-0.343022,-0.228431,0.316978,8.7e-05,-0.975508,0.993551,-0.464551,-0.210993,0.318236,-0.017939,-0.937906,0.959115,-0.3757,-0.199513,0.307257
250,-0.0044,-0.932049,0.934167,-0.282828,-0.213783,0.325209,-0.012448,-0.954112,0.946345,-0.317202,-0.220608,0.326455,-0.004443,-0.985615,0.982459,-0.430444,-0.224314,0.320195,0.002419,-0.947753,0.954157,-0.339645,-0.232015,0.287574
251,0.01502,-0.940635,0.912426,-0.281275,-0.227797,0.310899,-0.000945,-0.946371,0.940798,-0.317162,-0.215222,0.309695,0.004999,-0.997753,0.95889,-0.410521,-0.217431,0.29611,0.013221,-0.952351,0.935156,-0.303151,-0.236331,0.322586
252,0.033766,-0.951948,0.913982,-0.240601,-0.250331,0.303171,0.015278,-0.970769,0.926712,-0.294999,-0.232398,0.328809,0.009173,-1.003182,0.955861,-0.388831,-0.231758,0.312241,0.018229,-0.973403,0.925655,-0.297141,-0.214989,0.307378
253,0.035851,-0.955633,0.901131,-0.230246,-0.243584,0.317044,0.020442,-0.982448,0.911611,-0.283906,-0.231995,0.29281,0.007365,-1.003289,0.938301,-0.363671,-0.226141,0.307907,0.023251,-0.970738,0.907118,-0.273682,-0.222964,0.315404
254,0.047008,-0.965152,0.882961,-0.221415,-0.252347,0.305415,0.034196,-0.986961,0.91028,-0.260297,-0.232118,0.293337,0.0212,-1.016172,0.931249,-0.327697,-0.222097,0.303567,0.030591,-0.988312,0.903381,-0.251566,-0.222173,0.315071
255,0.04888,-0.976408,0.864325,-0.204789,-0.241606,0.315946,0.048378,-1.000288,0.892361,-0.238413,-0.242072,0.299402,0.017457,-1.031209,0.917102,-0.300934,-0.232673,0.304895,0.053766,-1.002164,0.888158,-0.247503,-0.247964,0.311511
256,0.06298,-0.985417,0.864743,-0.172195,-0.251782,0.297919,0.047289,-1.004447,0.884613,-0.22909,-0.225173,0.299165,0.025374,-1.04894,0.917497,-0.262543,-0.257722,0.311786,0.04381,-1.009244,0.879059,-0.215236,-0.260579,0.315293
257,0.069845,-0.993744,0.854686,-0.167014,-0.263836,0.312596,0.058558,-1.013278,0.86277,-0.18745,-0.241962,0.301647,0.025129,-1.044363,0.895666,-0.246639,-0.253359,0.28433,0.056787,-1.009142,0.871839,-0.185457,-0.256001,0.307114
258,0.080125,-0.997143,0.840581,-0.17027,-0.25776,0.306897,0.066093,-1.026578,0.856349,-0.147436,-0.25557,0.291505,0.027056,-1.053764,0.88766,-0.221337,-0.260786,0.309722,0.068771,-1.025774,0.861237,-0.187226,-0.255646,0.293947
259,0.078904,-1.003197,0.827064,-0.125016,-0.261619,0.301201,0.076512,-1.033469,0.842468,-0.15829,-0.257289,0.302238,0.036395,-1.057024,0.87697,-0.194785,-0.26116,0.287409,0.07252,-1.024462,0.845319,-0.144021,-0.266658,0.2946
260,0.106943,-1.014282,0.81948,-0.126026,-0.257656,0.301217,0.094813,-1.038699,0.823526,-0.123814,-0.272575,0.29236,0.038938,-1.07128,0.858846,-0.17141,-0.251504,0.281275,0.080377,-1.026586,0.833004,-0.129411,-0.279356,0.298221
261,0.112482,-1.016183,0.800916,-0.092591,-0.27182,0.298778,0.093298,-1.038277,0.81831,-0.102261,-0.277562,0.280788,0.052534,-1.082574,0.845359,-0.148689,-0.269605,0.2985,0.084766,-1.049634,0.817266,-0.127479,-0.277006,0.295957
262,0.128814,-1.021877,0.784856,-0.071033,-0.252809,0.290567,0.092051,-1.047595,0.807863,-0.080844,-0.259825,0.300671,0.042895,-1.093663,0.831848,-0.100194,-0.25395,0.272954,0.098333,-1.050337,0.797131,-0.090447,-0.254203,0.301783
263,0.138298,-1.027763,0.769785,-0.05805,-0.264816,0.299062,0.104124,-1.059317,0.786556,-0.068636,-0.254979,0.293373,0.051972,-1.092226,0.814973,-0.079164,-0.254475,0.292661,0.106073,-1.049199,0.79621,-0.071688,-0.256082,0.297688
264,0.142279,-1.038643,0.764351,-0.024322,-0.292451,0.267976,0.120959,-1.051114,0.763964,-0.057064,-0.269554,0.276884,0.050285,-1.091021,0.796909,-0.06932,-0.268687,0.273204,0.112559,-1.062442,0.772447,-0.036793,-0.260264,0.283761
265,0.157268,-1.048151,0.742549,0.000433,-0.271602,0.283313,0.125879,-1.06212,0.768341,-0.02546,-0.267132,0.281221,0.060098,-1.086962,0.779503,-0.0222,-0.298043,0.282622,0.132069,-1.066011,0.761582,-0.006091,-0.28828,0.306694
266,0.170534,-1.044494,0.729685,0.013434,-0.282389,0.285369,0.129579,-1.068031,0.742128,-0.011014,-0.282344,0.273644,0.063164,-1.112482,0.771038,0.01858,-0.268381,0.289549,0.133725,-1.071147,0.744974,0.021553,-0.280371,0.290019
267,0.177989,-1.053382,0.707495,0.023512,-0.297857,0.264285,0.132212,-1.070566,0.722183,0.012458,-0.29473,0.282063,0.064293,-1.109299,0.759417,0.04032,-0.288319,0.281373,0.13753,-1.074107,0.73274,0.041251,-0.271571,0.286011
268,0.187203,-1.050548,0.696922,0.052355,-0.280637,0.266919,0.143915,-1.078541,0.714874,0.059355,-0.299197,0.274066,0.067424,-1.110636,0.737128,0.051987,-0.280988,0.250767,0.145084,-1.08823,0.708026,0.049982,-0.290245,0.258188
269,0.187367,-1.06701,0.681857,0.059568,-0.303951,0.278035,0.150419,-1.087147,0.694282,0.07389,-0.275951,0.250805,0.076934,-1.109528,0.714744,0.082058,-0.301433,0.27084,0.150447,-1.085321,0.694692,0.074529,-0.284822,0.271328
270,0.198456,-1.06543,0.669653,0.07768,-0.293634,0.269345,0.149064,-1.091783,0.681461,0.096903,-0.289689,0.276408,0.077425,-1.12325,0.718451,0.112134,-0.286168,0.270635,0.161804,-1.077133,0.675786,0.092264,-0.305332,0.266324
271,0.217718,-1.053518,0.654445,0.086078,-0.287576,0.25655,0.167986,-1.084845,0.670797,0.122612,-0.304344,0.258921,0.076105,-1.121412,0.675722,0.158254,-0.296231,0.258218,0.164066,-1.078148,0.657985,0.111015,-0.30956,0.262011
272,0.217533,-1.064183,0.639951,0.09869,-0.304613,0.264062,0.166927,-1.082899,0.645447,0.143334,-0.28856,0.269231,0.077874,-1.129362,0.666301,0.18229,-0.295738,0.260145,0.165999,-1.088894,0.649058,0.139129,-0.301333,0.248825
273,0.234268,-1.070078,0.615407,0.135668,-0.310597,0.253517,0.185119,-1.085673,0.623555,0.168331,-0.299836,0.26219,0.087424,-1.129458,0.654842,0.19181,-0.292873,0.27127,0.188533,-1.097482,0.634984,0.150077,-0.302069,0.246381
274,0.242694,-1.074364,0.608289,0.141326,-0.316567,0.256908,0.186033,-1.095454,0.616196,0.181558,-0.304357,0.244418,0.077967,-1.136573,0.634003,0.218527,-0.297946,0.258808,0.187931,-1.09173,0.608963,0.173166,-0.3066,0.251407
275,0.258806,-1.066269,0.588728,0.170446,-0.306179,0.25184,0.202703,-1.093458,0.598289,0.191705,-0.312467,0.250632,0.080517,-1.129396,0.616467,0.238388,-0.299941,0.254864,0.194148,-1.095509,0.592014,0.198736,-0.30201,0.257692
276,0.27172,-1.076017,0.564201,0.159309,-0.332502,0.262904,0.194344,-1.09111,0.57785,0.201583,-0.317431,0.252821,0.093235,-1.128332,0.598245,0.301127,-0.294558,0.240617,0.20283,-1.085471,0.586675,0.22933,-0.30051,0.264365
277,0.267987,-1.077131,0.543632,0.184002,-0.309163,0.245888,0.215837,-1.100198,0.563426,0.239945,-0.311572,0.246118,0.107435,-1.143699,0.57359,0.294863,-0.304444,0.248069,0.219896,-1.101788,0.56764,0.227379,-0.307153,0.222677
278,0.290548,-1.071167,0.537448,0.220856,-0.315355,0.218966,0.219965,-1.090659,0.55163,0.254289,-0.296708,0.239146,0.118055,-1.132661,0.557504,0.32575,-0.321596,0.238568,0.204254,-1.0822,0.547754,0.251806,-0.312418,0.243852
279,0.285079,-1.084773,0.517718,0.233413,-0.30869,0.237879,0.222649,-1.096299,0.534764,0.272462,-0.294821,0.229454,0.109585,-1.131225,0.536581,0.376915,-0.29357,0.221457,0.228129,-1.092997,0.526084,0.280328,-0.307064,0.240059
280,0.294646,-1.07897,0.498846,0.2371,-0.327835,0.237704,0.2217,-1.096159,0.508615,0.303218,-0.31611,0.223157,0.115485,-1.126589,0.523101,0.378112,-0.30402,0.250082,0.236153,-1.094629,0.514283,0.307396,-0.32585,0.238644
281,0.310915,-1.075965,0.48519,0.269438,-0.323635,0.228976,0.232069,-1.09505,0.483244,0.319795,-0.30591,0.233099,0.112904,-1.131438,0.51187,0.393519,-0.303513,0.238508,0.241002,-1.097418,0.491199,0.325515,-0.316238,0.218117
282,0.316818,-1.06298,0.466568,0.270304,-0.30695,0.225807,0.238747,-1.093964,0.467386,0.340349,-0.323273,0.224768,0.125172,-1.127624,0.483497,0.434575,-0.314481,0.206297,0.246594,-1.095481,0.463975,0.337216,-0.328747,0.222666
283,0.327586,-1.066398,0.44648,0.304933,-0.306436,0.20571,0.249509,-1.093231,0.45922,0.362122,-0.323853,0.221283,0.120831,-1.128445,0.466277,0.454976,-0.315471,0.211145,0.244976,-1.084194,0.452565,0.3517,-0.310345,0.206007
284,0.3378,-1.069014,0.424662,0.318616,-0.313834,0.218743,0.25132,-1.083176,0.433305,0.374635,-0.328659,0.213739,0.130244,-1.121825,0.449012,0.502508,-0.314806,0.211631,0.268023,-1.086695,0.429255,0.381211,-0.310923,0.221153
285,0.344862,-1.05678,0.397902,0.324776,-0.30738,0.204038,0.270753,-1.09347,0.40903,0.38744,-0.313492,0.197783,0.127045,-1.128126,0.42836,0.534051,-0.324566,0.208491,0.270942,-1.085061,0.417769,0.393929,-0.325449,0.20325
286,0.347841,-1.070081,0.393237,0.363798,-0.333025,0.203546,0.269629,-1.091804,0.401348,0.419874,-0.316759,0.179863,0.122129,-1.118619,0.400727,0.524401,-0.312219,0.202531,0.278205,-1.083752,0.391248,0.416906,-0.316387,0.194536
287,0.348877,-1.059323,0.37296,0.367615,-0.326609,0.189899,0.276913,-1.081836,0.378124,0.43747,-0.345062,0.204923,0.130085,-1.117698,0.390873,0.577189,-0.322023,0.208884,0.277762,-1.079675,0.373361,0.427139,-0.330673,0.183168
288,0.369859,-1.049687,0.350229,0.380937,-0.314223,0.18381,0.289691,-1.067922,0.356337,0.451102,-0.329025,0.196895,0.142367,-1.106052,0.374803,0.591759,-0.321883,0.186637,0.296402,-1.086047,0.357311,0.435704,-0.327444,0.188215
289,0.365012,-1.05208,0.3324,0.405881,-0.328059,0.192554,0.289889,-1.08054,0.336491,0.470838,-0.316883,0.189877,0.138235,-1.109041,0.350354,0.617797,-0.3392,0.187704,0.289113,-1.062202,0.338205,0.483753,-0.313545,0.175379
290,0.381368,-1.040136,0.308022,0.417694,-0.331022,0.184895,0.295679,-1.06561,0.313419,0.505451,-0.315003,0.184227,0.139203,-1.115872,0.332337,0.641194,-0.328393,0.181714,0.299654,-1.065608,0.315819,0.495643,-0.321036,0.179492
291,0.392441,-1.035791,0.300877,0.426279,-0.340351,0.174811,0.296077,-1.062641,0.299831,0.509552,-0.343919,0.16174,0.137766,-1.105187,0.305327,0.661506,-0.319492,0.175121,0.297587,-1.068985,0.302151,0.530404,-0.330558,0.198528
292,0.397692,-1.034755,0.276703,0.441368,-0.321304,0.176346,0.299912,-1.054081,0.278762,0.549076,-0.310423,0.158967,0.145188,-1.097552,0.285171,0.681082,-0.322385,0.171782,0.313469,-1.053225,0.274513,0.548431,-0.333961,0.180046
293,0.397337,-1.028315,0.249374,0.465157,-0.320381,0.152477,0.309076,-1.042484,0.253744,0.542136,-0.3199,0.174677,0.156119,-1.091987,0.272481,0.715268,-0.315283,0.155855,0.314251,-1.048934,0.256413,0.566312,-0.325826,0.167671
294,0.409472,-1.019576,0.227587,0.491693,-0.332365,0.173481,0.311132,-1.047236,0.226808,0.575978,-0.309007,0.182335,0.155467,-1.072927,0.242595,0.756436,-0.322069,0.156531,0.315335,-1.050953,0.238261,0.578935,-0.309833,0.16274
295,0.413543,-1.011158,0.202316,0.503896,-0.338317,0.160031,0.328316,-1.033391,0.217097,0.6075,-0.323461,0.152881,0.155239,-1.076548,0.231955,0.765504,-0.331412,0.166848,0.32129,-1.0369,0.218606,0.616298,-0.316652,0.137795
296,0.422444,-1.012817,0.194201,0.528065,-0.342623,0.148449,0.322149,-1.02662,0.193717,0.612816,-0.31668,0.146799,0.160226,-1.062112,0.200378,0.764713,-0.32049,0.14631,0.332036,-1.029571,0.189589,0.626121,-0.329657,0.172875
297,0.436727,-1.0019,0.168975,0.532674,-0.317818,0.110831,0.338268,-1.032414,0.172441,0.62896,-0.305417,0.146883,0.158139,-1.058174,0.184524,0.813184,-0.312891,0.153021,0.343989,-1.021602,0.178501,0.631637,-0.308838,0.14741
298,0.438532,-1.004444,0.157385,0.549076,-0.317507,0.128074,0.344021,-1.01324,0.156429,0.649881,-0.325099,0.149622,0.170146,-1.053012,0.159319,0.838769,-0.336975,0.144658,0.343588,-1.023017,0.167059,0.655471,-0.331468,0.140098
299,0.450983,-0.993147,0.132952,0.549702,-0.314939,0.118117,0.353127,-1.00017,0.137186,0.664507,-0.317595,0.123666,0.173815,-1.0459,0.140109,0.866909,-0.326701,0.144293,0.34478,-1.003091,0.14122,0.664328,-0.326575,0.12519
300,0.449586,-0.986844,0.110526,0.582004,-0.309252,0.128659,0.350452,-0.997903,0.116809,0.70064,-0.314421,0.125126,0.160628,-1.035464,0.102759,0.878441,-0.314044,0.137216,0.349494,-1.002211,0.111014,0.681737,-0.316059,0.122344
301,0.451708,-0.974837,0.095694,0.588487,-0.324883,0.111967,0.361547,-1.003881,0.101956,0.716965,-0.307036,0.125319,0.164383,-1.02206,0.09194,0.90642,-0.34011,0.121558,0.356391,-0.994245,0.094676,0.690191,-0.327264,0.13473
302,0.459937,-0.966121,0.07123,0.612645,-0.310367,0.126204,0.357698,-0.983376,0.083097,0.706299,-0.331175,0.132244,0.169278,-1.014301,0.067369,0.925579,-0.317347,0.091716,0.364708,-0.984183,0.074457,0.721372,-0.321728,0.125352
303,0.483255,-0.959909,0.063862,0.618257,-0.311549,0.081047,0.359211,-0.976712,0.063556,0.734939,-0.311277,0.104405,0.167006,-1.008963,0.053308,0.961718,-0.308126,0.111853,0.36282,-0.973598,0.054076,0.736839,-0.320408,0.086309
304,0.485592,-0.946944,0.018871,0.640181,-0.314631,0.101475,0.36476,-0.961568,0.027337,0.747144,-0.338369,0.11985,0.167737,-0.989093,0.037924,0.950741,-0.315819,0.091124,0.368277,-0.960451,0.039631,0.733999,-0.314513,0.112604
305,0.482716,-0.944032,0.011221,0.636814,-0.319091,0.100637,0.376205,-0.949363,0.011011,0.762573,-0.30262,0.09849,0.17758,-0.984676,0.010288,0.979351,-0.312229,0.079078,0.375124,-0.948729,0.01532,0.774442,-0.318603,0.113532
306,0.488213,-0.922086,-0.008379,0.654557,-0.32777,0.09253,0.375104,-0.948241,-0.012187,0.789151,-0.313889,0.0993,0.183492,-0.96142,-0.011075,0.996727,-0.312955,0.110027,0.377057,-0.942388,-0.006995,0.785835,-0.313903,0.084267
307,0.48858,-0.913162,-0.0384,0.687808,-0.311534,0.087273,0.381529,-0.934912,-0.017717,0.793739,-0.31081,0.073002,0.182864,-0.966466,-0.028817,1.031381,-0.334149,0.087903,0.37772,-0.932412,-0.03301,0.806061,-0.316912,0.056587
308,0.49934,-0.89227,-0.055789,0.688059,-0.295868,0.075899,0.379944,-0.922791,-0.053873,0.817525,-0.304484,0.08322,0.185607,-0.958869,-0.055984,1.052152,-0.298173,0.070903,0.389039,-0.916918,-0.048557,0.819797,-0.32156,0.076383
309,0.500054,-0.892584,-0.069524,0.7034,-0.286362,0.068503,0.390393,-0.900912,-0.075415,0.846593,-0.305932,0.064567,0.17385,-0.945956,-0.073173,1.060572,-0.312167,0.087597,0.385619,-0.914604,-0.068572,0.829384,-0.320949,0.076325
310,0.502633,-0.87477,-0.082877,0.709229,-0.303357,0.066834,0.395734,-0.903278,-0.094361,0.841754,-0.301327,0.066638,0.190705,-0.921433,-0.094649,1.08567,-0.307622,0.090045,0.386494,-0.898877,-0.097748,0.828339,-0.311275,0.06189
311,0.510998,-0.86981,-0.112267,0.72317,-0.298675,0.061824,0.396408,-0.89303,-0.111602,0.869169,-0.295737,0.043194,0.177755,-0.920924,-0.123125,1.114999,-0.309252,0.068817,0.391513,-0.893318,-0.116241,0.854264,-0.311899,0.080573
312,0.525048,-0.859798,-0.123357,0.73438,-0.298803,0.064561,0.398626,-0.871156,-0.137071,0.870653,-0.312254,0.059443,0.189477,-0.898266,-0.13336,1.118521,-0.305449,0.034515,0.382072,-0.873599,-0.134822,0.881206,-0.303806,0.075227
313,0.516962,-0.843285,-0.147276,0.757591,-0.301664,0.04433,0.390482,-0.85428,-0.160226,0.888731,-0.311005,0.039341,0.197439,-0.889588,-0.162291,1.144639,-0.302629,0.043883,0.405069,-0.852228,-0.153426,0.899464,-0.315905,0.040012
314,0.526059,-0.833525,-0.170165,0.745152,-0.301548,0.067473,0.401376,-0.845926,-0.168958,0.900093,-0.302837,0.035118,0.190776,-0.873212,-0.187252,1.145966,-0.282256,0.024952,0.386003,-0.861754,-0.175731,0.89677,-0.303717,0.04318
315,0.524809,-0.819927,-0.19029,0.777266,-0.312926,0.03322,0.405013,-0.837791,-0.186834,0.915818,-0.301173,0.020071,0.188368,-0.866066,-0.20561,1.184762,-0.295933,0.032406,0.40666,-0.834696,-0.200015,0.923349,-0.302034,0.05346
316,0.530851,-0.803884,-0.205958,0.784114,-0.284548,0.032914,0.410858,-0.819384,-0.214806,0.903706,-0.303342,0.03433,0.197189,-0.844339,-0.219729,1.19788,-0.294444,0.027437,0.411134,-0.837869,-0.21956,0.912868,-0.288109,0.03282
317,0.526781,-0.790396,-0.231409,0.789974,-0.31044,0.029593,0.407043,-0.810889,-0.224989,0.929109,-0.299809,0.030375,0.190255,-0.829275,-0.242595,1.220022,-0.272964,0.017914,0.409606,-0.810359,-0.230304,0.931804,-0.296366,0.03885
318,0.539571,-0.78681,-0.24737,0.796068,-0.304652,0.027889,0.413438,-0.797949,-0.250107,0.959495,-0.278965,0.028955,0.192146,-0.825979,-0.267879,1.235744,-0.314628,0.018951,0.409104,-0.794753,-0.252079,0.953264,-0.297218,0.027771
319,0.534069,-0.769365,-0.27788,0.808294,-0.291364,0.021843,0.414565,-0.775633,-0.276838,0.954499,-0.280957,0.008331,0.202266,-0.802344,-0.276943,1.251431,-0.299644,0.01261,0.416383,-0.774551,-0.266714,0.953739,-0.292023,0.031102
320,0.543065,-0.740021,-0.300116,0.82165,-0.274945,0.024405,0.412071,-0.760833,-0.295133,0.983588,-0.274631,0.013943,0.197159,-0.79823,-0.29823,1.267293,-0.299455,0.007675,0.423098,-0.769335,-0.290946,0.96902,-0.270774,-0.011036
321,0.536116,-0.730512,-0.301542,0.827714,-0.277739,-0.000109,0.416432,-0.745589,-0.319092,1.001482,-0.277862,0.001218,0.196618,-0.777493,-0.327065,1.268168,-0.261321,0.008111,0.419335,-0.75202,-0.322345,0.990603,-0.276354,-0.014843
322,0.543994,-0.725498,-0.334783,0.830189,-0.266655,-0.008157,0.42139,-0.728756,-0.328512,0.99519,-0.278119,0.002152,0.206382,-0.760218,-0.349709,1.273855,-0.285157,-0.008807,0.421175,-0.739862,-0.335906,1.003523,-0.287925,-0.008303
323,0.545563,-0.712483,-0.344833,0.847512,-0.289221,-0.01631,0.421142,-0.715806,-0.357751,1.001514,-0.282815,-0.017673,0.196042,-0.743829,-0.358346,1.275531,-0.261626,0.009778,0.412084,-0.720757,-0.34969,1.007074,-0.263128,-0.021957
324,0.544018,-0.69646,-0.373182,0.867073,-0.286663,-0.020287,0.423839,-0.694588,-0.37348,1.00932,-0.273091,-0.009019,0.205316,-0.732013,-0.388435,1.317933,-0.283291,-0.013989,0.424279,-0.706944,-0.371005,1.021173,-0.263163,-0.016993
325,0.547273,-0.67835,-0.383477,0.859629,-0.270753,-0.024817,0.434512,-0.686898,-0.398026,1.01848,-0.260357,-0.015787,0.208966,-0.714528,-0.400149,1.30224,-0.267098,-0.009933,0.42302,-0.686853,-0.38108,1.029811,-0.264016,-0.015737
326,0.548981,-0.659553,-0.406184,0.867581,-0.264428,-0.014018,0.422633,-0.677254,-0.412621,1.048222,-0.252427,-0.033667,0.206366,-0.697291,-0.423787,1.338821,-0.281071,-0.015898,0.42052,-0.675056,-0.416056,1.03782,-0.285495,-0.019681
327,0.555502,-0.642533,-0.422888,0.881393,-0.269075,-0.033028,0.428876,-0.660044,-0.442111,1.025157,-0.274586,-0.025925,0.195381,-0.68174,-0.443086,1.343337,-0.249104,-0.016744,0.42441,-0.652335,-0.430381,1.039179,-0.258465,-0.029671
328,0.547673,-0.620459,-0.43827,0.872419,-0.271007,-0.03881,0.434588,-0.635908,-0.461005,1.039865,-0.279691,-0.039162,0.196763,-0.66582,-0.456471,1.352369,-0.254422,-0.045688,0.421655,-0.641214,-0.451091,1.04017,-0.267178,-0.037954
329,0.562777,-0.617121,-0.457654,0.904947,-0.240035,-0.044166,0.425176,-0.621884,-0.471379,1.073446,-0.258448,-0.041141,0.202911,-0.647755,-0.481487,1.380306,-0.273899,-0.033089,0.425771,-0.615711,-0.477168,1.062311,-0.264013,-0.05259
330,0.564287,-0.59387,-0.478797,0.905406,-0.249464,-0.036983,0.431612,-0.609626,-0.494125,1.084092,-0.248683,-0.062015,0.202872,-0.619308,-0.499356,1.398852,-0.247237,-0.058901,0.432802,-0.601762,-0.485324,1.085101,-0.233801,-0.058363
331,0.559638,-0.57502,-0.502969,0.909565,-0.241493,-0.055522,0.433483,-0.587646,-0.503011,1.071372,-0.253759,-0.046859,0.203414,-0.609223,-0.517641,1.378115,-0.249717,-0.054038,0.438051,-0.596088,-0.505473,1.064471,-0.251376,-0.034969
332,0.551597,-0.55669,-0.51099,0.919095,-0.236193,-0.06321,0.430361,-0.568726,-0.521543,1.085219,-0.242802,-0.086041,0.20242,-0.591675,-0.536259,1.415453,-0.243662,-0.06782,0.429388,-0.56293,-0.525963,1.082238,-0.228318,-0.066328
333,0.552855,-0.548326,-0.528099,0.924825,-0.225127,-0.073869,0.420185,-0.556359,-0.546563,1.085332,-0.241011,-0.072285,0.19578,-0.569012,-0.564755,1.409179,-0.245694,-0.062877,0.434669,-0.561264,-0.541833,1.098562,-0.253132,-0.080449
334,0.560782,-0.522838,-0.552383,0.917457,-0.240825,-0.082359,0.429635,-0.545211,-0.564094,1.095113,-0.235597,-0.071949,0.204142,-0.555854,-0.572164,1.41614,-0.229335,-0.079846,0.433936,-0.53605,-0.555367,1.101726,-0.238297,-0.066917
335,0.572087,-0.503904,-0.566237,0.924312,-0.236076,-0.078172,0.435952,-0.515899,-0.582219,1.103994,-0.22027,-0.061931,0.211088,-0.534564,-0.592043,1.430642,-0.237281,-0.07133,0.442197,-0.521127,-0.577953,1.10959,-0.235515,-0.086853
336,0.558777,-0.492978,-0.582313,0.937989,-0.224248,-0.095044,0.434503,-0.500933,-0.602257,1.110884,-0.225516,-0.095742,0.196804,-0.519241,-0.618965,1.419997,-0.225671,-0.089412,0.429676,-0.500106,-0.595482,1.111096,-0.20544,-0.079329
337,0.558865,-0.476437,-0.598744,0.937469,-0.220433,-0.084197,0.439065,-0.482057,-0.614162,1.119638,-0.223416,-0.113574,0.209831,-0.495859,-0.632769,1.443958,-0.220756,-0.097448,0.42706,-0.475747,-0.620025,1.130173,-0.223257,-0.098042
338,0.548953,-0.454071,-0.612805,0.928648,-0.224092,-0.097231,0.429594,-0.455091,-0.626376,1.113191,-0.202873,-0.088351,0.20424,-0.484612,-0.655917,1.447972,-0.209988,-0.097088,0.427592,-0.452995,-0.635958,1.114567,-0.213541,-0.115007
339,0.549183,-0.430738,-0.622534,0.953235,-0.224037,-0.12064,0.426395,-0.44942,-0.65018,1.123839,-0.22446,-0.112629,0.198863,-0.456733,-0.66737,1.446955,-0.2219,-0.095313,0.43132,-0.44919,-0.640479,1.114109,-0.212718,-0.111981
340,0.551336,-0.414376,-0.653165,0.941771,-0.209151,-0.096298,0.425769,-0.423102,-0.66094,1.126619,-0.213495,-0.092589,0.193359,-0.442402,-0.686829,1.458262,-0.22113,-0.133507,0.430465,-0.427682,-0.655846,1.134004,-0.19427,-0.100571
341,0.556451,-0.389336,-0.669576,0.944383,-0.190175,-0.124673,0.430876,-0.412437,-0.683736,1.132693,-0.205721,-0.095147,0.197616,-0.407989,-0.701224,1.451158,-0.208957,-0.116567,0.427411,-0.39589,-0.676157,1.12494,-0.209921,-0.115972
342,0.545559,-0.378287,-0.67755,0.958117,-0.218948,-0.129263,0.409578,-0.384832,-0.696273,1.133471,-0.20005,-0.113603,0.195569,-0.395974,-0.71689,1.463876,-0.206884,-0.117365,0.428927,-0.393534,-0.691991,1.139718,-0.200279,-0.12203
343,0.553352,-0.358137,-0.701241,0.958856,-0.194388,-0.124034,0.421754,-0.371268,-0.717014,1.139112,-0.179659,-0.149897,0.194051,-0.383043,-0.73476,1.447234,-0.18935,-0.127112,0.431373,-0.362188,-0.709644,1.140942,-0.195717,-0.118491
344,0.534455,-0.32765,-0.719423,0.969112,-0.183534,-0.153541,0.418236,-0.340063,-0.728156,1.133308,-0.200285,-0.142344,0.199415,-0.346035,-0.748699,1.448803,-0.208161,-0.130995,0.410951,-0.347742,-0.724924,1.133821,-0.182882,-0.126351
345,0.537727,-0.315613,-0.721493,0.979617,-0.194789,-0.153331,0.423334,-0.322306,-0.737363,1.133066,-0.190861,-0.124876,0.184659,-0.333725,-0.772425,1.495517,-0.188969,-0.146133,0.412802,-0.319961,-0.73752,1.157625,-0.188419,-0.13852
346,0.541854,-0.3041,-0.748634,0.956849,-0.188763,-0.155515,0.428928,-0.308866,-0.74972,1.15344,-0.169249,-0.149407,0.198415,-0.332378,-0.780855,1.460256,-0.173905,-0.139817,0.417869,-0.308297,-0.754015,1.146076,-0.17219,-0.15831
347,0.54309,-0.286267,-0.751267,0.951208,-0.169582,-0.152855,0.424441,-0.279779,-0.770237,1.117559,-0.174581,-0.156594,0.194043,-0.298066,-0.797149,1.481555,-0.166943,-0.153706,0.410627,-0.283494,-0.770079,1.139976,-0.160715,-0.149216
348,0.532922,-0.269798,-0.767972,0.945295,-0.173697,-0.123795,0.414142,-0.277773,-0.791745,1.143117,-0.168379,-0.14476,0.196771,-0.279293,-0.808407,1.469436,-0.171883,-0.150508,0.415904,-0.27086,-0.784677,1.147558,-0.174052,-0.179562
349,0.538965,-0.23649,-0.786338,0.964406,-0.153539,-0.160656,0.407067,-0.242968,-0.795273,1.139816,-0.172443,-0.157118,0.199324,-0.254121,-0.828423,1.469608,-0.165975,-0.169382,0.408113,-0.252388,-0.798962,1.149237,-0.153871,-0.153712
350,0.534521,-0.225293,-0.797103,0.956412,-0.16946,-0.166424,0.407887,-0.223448,-0.808917,1.14504,-0.160296,-0.154372,0.191683,-0.245257,-0.83298,1.465389,-0.176902,-0.174634,0.412822,-0.22745,-0.803941,1.155684,-0.168797,-0.178964
351,0.534271,-0.204283,-0.812871,0.981846,-0.153858,-0.161002,0.409528,-0.203729,-0.820243,1.138575,-0.155136,-0.156743,0.180729,-0.217847,-0.862805,1.470595,-0.154571,-0.184067,0.416325,-0.203168,-0.821052,1.157528,-0.155476,-0.190302
352,0.532433,-0.184713,-0.816059,0.975944,-0.15683,-0.171599,0.410686,-0.197601,-0.836902,1.122007,-0.158814,-0.18245,0.187841,-0.19001,-0.875031,1.464548,-0.157464,-0.181827,0.401931,-0.182138,-0.835765,1.137827,-0.145314,-0.176947
353,0.518399,-0.15636,-0.833757,0.964006,-0.164574,-0.17771,0.401928,-0.17017,-0.846346,1.144339,-0.14783,-0.17421,0.185081,-0.182328,-0.885981,1.471409,-0.141292,-0.184216,0.397552,-0.171032,-0.84784,1.1469,-0.151367,-0.175446
354,0.516515,-0.146406,-0.851928,0.959043,-0.111598,-0.201196,0.402834,-0.146447,-0.873134,1.14122,-0.165442,-0.182829,0.186244,-0.146243,-0.894464,1.463692,-0.142422,-0.196191,0.398488,-0.147769,-0.86845,1.136607,-0.140396,-0.184493
355,0.512926,-0.122275,-0.86229,0.962089,-0.145151,-0.192045,0.404399,-0.12139,-0.884079,1.132722,-0.141777,-0.189947,0.181522,-0.132677,-0.916197,1.471586,-0.122206,-0.191173,0.392605,-0.134623,-0.872706,1.136462,-0.133166,-0.209606
356,0.519474,-0.099306,-0.866249,0.940066,-0.115878,-0.207788,0.385164,-0.11135,-0.894602,1.141787,-0.106162,-0.199651,0.188916,-0.106941,-0.916129,1.455662,-0.110039,-0.181582,0.390799,-0.106116,-0.89106,1.114566,-0.144065,-0.181278
357,0.510323,-0.080773,-0.888311,0.935993,-0.12628,-0.20213,0.39228,-0.083983,-0.902884,1.144294,-0.122129,-0.209235,0.183295,-0.084884,-0.948548,1.447122,-0.107944,-0.190325,0.392829,-0.08701,-0.912178,1.119113,-0.107721,-0.196761
358,0.503858,-0.058971,-0.891543,0.953789,-0.125435,-0.177388,0.383217,-0.060802,-0.911801,1.124618,-0.110226,-0.214503,0.180458,-0.057473,-0.943862,1.445678,-0.129305,-0.208174,0.388003,-0.059068,-0.914074,1.127112,-0.101847,-0.225759
359,0.495023,-0.045575,-0.920516,0.960764,-0.111972,-0.219566,0.379543,-0.041539,-0.923009,1.132763,-0.099691,-0.233476,0.182595,-0.0418,-0.963104,1.439529,-0.103564,-0.194233,0.374781,-0.04378,-0.922244,1.135272,-0.119617,-0.210266
360,0.48711,-0.026079,-0.919186,0.947508,-0.112034,-0.220298,0.383087,-0.027197,-0.935437,1.122597,-0.111821,-0.222331,0.173489,-0.031414,-0.962065,1.444755,-0.08768,-0.230491,0.376278,-0.026173,-0.933292,1.109907,-0.102476,-0.223043
361,0.484287,-0.001322,-0.932903,0.941226,-0.106598,-0.218128,0.375085,-0.001445,-0.949605,1.105172,-0.112402,-0.222651,0.169247,-0.002588,-0.97653,1.420518,-0.090056,-0.207686,0.376846,-0.007088,-0.948172,1.120851,-0.10722,-0.221672
362,0.478045,0.024049,-0.943946,0.915672,-0.096302,-0.228236,0.372015,0.022848,-0.962061,1.118776,-0.0969,-0.215767,0.175932,0.02042,-0.989713,1.428752,-0.089809,-0.235198,0.372706,0.014813,-0.957348,1.109562,-0.104131,-0.232894
363,0.476774,0.038906,-0.949845,0.938837,-0.092043,-0.228688,0.368272,0.044501,-0.970859,1.103945,-0.065617,-0.228855,0.180295,0.031974,-0.986262,1.426577,-0.087552,-0.214387,0.362701,0.036547,-0.966301,1.10163,-0.071276,-0.224607
364,0.485434,0.062098,-0.961927,0.916296,-0.080182,-0.227932,0.364318,0.061494,-0.973315,1.10322,-0.079279,-0.239502,0.172103,0.064116,-1.007749,1.425909,-0.096219,-0.238434,0.357771,0.054453,-0.981732,1.101267,-0.074537,-0.250196
365,0.466605,0.084162,-0.964411,0.943925,-0.076443,-0.249193,0.355812,0.072465,-0.986905,1.104918,-0.068946,-0.210673,0.174317,0.077214,-1.016002,1.416409,-0.069934,-0.224261,0.359975,0.079047,-0.983308,1.099348,-0.071427,-0.225729
366,0.455878,0.085779,-0.972936,0.921578,-0.083544,-0.256395,0.355938,0.10062,-1.000613,1.093685,-0.077245,-0.235938,0.175156,0.10035,-1.034421,1.416144,-0.044995,-0.259231,0.347084,0.110777,-0.995042,1.081932,-0.065933,-0.237375
367,0.438167,0.129848,-0.981391,0.911813,-0.072617,-0.260494,0.345855,0.130893,-1.00966,1.097996,-0.05159,-0.250324,0.167185,0.124842,-1.042042,1.399618,-0.071799,-0.236695,0.352867,0.115259,-0.997066,1.059021,-0.069336,-0.245959
368,0.443538,0.140362,-0.995466,0.906707,-0.05272,-0.249216,0.335017,0.135927,-1.020345,1.077433,-0.063531,-0.237059,0.163174,0.143564,-1.039589,1.361304,-0.044045,-0.259411,0.343251,0.149754,-1.010596,1.085219,-0.067211,-0.238201
369,0.432625,0.159202,-1.007698,0.888766,-0.039097,-0.251156,0.339029,0.165694,-1.011379,1.055485,-0.048573,-0.263602,0.155919,0.174656,-1.054705,1.375234,-0.048796,-0.245157,0.33938,0.164617,-1.022329,1.050681,-0.04672,-0.272629
370,0.43724,0.165639,-1.002091,0.885104,-0.057008,-0.25475,0.330009,0.186237,-1.030142,1.060874,-0.033976,-0.262374,0.155987,0.187638,-1.075229,1.355863,-0.059569,-0.276701,0.334067,0.190296,-1.030025,1.057084,-0.037701,-0.274338
371,0.419168,0.197161,-1.017424,0.897307,-0.031928,-0.271786,0.317354,0.203838,-1.04237,1.057186,-0.048266,-0.268702,0.159683,0.205208,-1.072396,1.343156,-0.022886,-0.274489,0.342188,0.19593,-1.039952,1.063616,-0.036811,-0.252128
372,0.412466,0.227266,-1.021488,0.867667,-0.030451,-0.259694,0.325768,0.222665,-1.040035,1.03357,-0.028561,-0.269227,0.152903,0.227303,-1.073616,1.338989,-0.014736,-0.251301,0.322566,0.22131,-1.040778,1.046734,-0.02008,-0.298446
373,0.417073,0.242682,-1.033663,0.86458,-0.024819,-0.263322,0.321216,0.250599,-1.047381,1.028829,-0.029377,-0.293512,0.154849,0.253494,-1.078548,1.342959,-0.026346,-0.265202,0.313217,0.244421,-1.047985,1.050972,-0.007031,-0.28771
374,0.412327,0.260883,-1.028623,0.845022,-0.003529,-0.263631,0.309079,0.257533,-1.045343,1.012546,-0.014871,-0.257219,0.147449,0.269601,-1.094007,1.313536,-0.000251,-0.292044,0.29911,0.260881,-1.048267,1.021069,-0.02451,-0.269552
375,0.393716,0.275151,-1.048716,0.851416,-0.002265,-0.278389,0.302002,0.288997,-1.062691,1.005264,-0.024058,-0.28379,0.135213,0.301122,-1.093318,1.30783,-0.021893,-0.261495,0.299878,0.274206,-1.063534,1.005612,-0.005246,-0.266733
376,0.388398,0.296978,-1.048705,0.849058,-0.021695,-0.285076,0.30306,0.304295,-1.061785,1.00506,-0.001133,-0.285011,0.124429,0.304924,-1.099174,1.306883,-0.000376,-0.278614,0.300956,0.302882,-1.061728,0.993261,0.011097,-0.284335
377,0.385416,0.315488,-1.047947,0.823293,0.014073,-0.288178,0.292565,0.319186,-1.068738,1.005046,-0.014974,-0.287019,0.130212,0.340106,-1.104091,1.287717,-0.012647,-0.292942,0.293455,0.319218,-1.076059,0.994948,-0.020243,-0.280838
378,0.372657,0.32781,-1.048538,0.817779,0.020119,-0.29091,0.284806,0.343442,-1.071235,0.981811,0.009764,-0.292223,0.138003,0.355401,-1.105905,1.265941,0.013776,-0.27266,0.290396,0.34419,-1.074657,0.997455,0.008048,-0.302012
379,0.364226,0.351484,-1.048342,0.8315,0.004708,-0.294097,0.285829,0.360869,-1.080529,0.960593,0.012211,-0.279498,0.133821,0.371988,-1.114883,1.264885,-0.002958,-0.284286,0.283123,0.36483,-1.083877,0.955454,0.011083,-0.300234
380,0.357834,0.37688,-1.060113,0.808367,0.016441,-0.290078,0.271944,0.391309,-1.083642,0.95605,0.029992,-0.289624,0.129916,0.398917,-1.123241,1.21628,0.004564,-0.294168,0.275526,0.384394,-1.08832,0.958679,0.031282,-0.297184
381,0.350651,0.39396,-1.055904,0.787651,0.031483,-0.302721,0.262996,0.404413,-1.083425,0.951709,0.032727,-0.276325,0.125646,0.418064,-1.119521,1.216968,0.016113,-0.293143,0.271743,0.403193,-1.09128,0.951444,0.001122,-0.305807
382,0.33906,0.407062,-1.066414,0.79297,0.020471,-0.289935,0.259533,0.416022,-1.079799,0.955644,0.036998,-0.292906,0.123133,0.429777,-1.122046,1.184585,0.033237,-0.298863,0.265949,0.409756,-1.092671,0.922564,0.029923,-0.300585
383,0.32525,0.433076,-1.063467,0.772544,0.018464,-0.289656,0.249624,0.442982,-1.090525,0.931449,0.030211,-0.29833,0.115328,0.458467,-1.126823,1.181028,0.021862,-0.284261,0.247869,0.443752,-1.088586,0.910755,0.044396,-0.287739
384,0.324239,0.448323,-1.077751,0.777118,0.039227,-0.306157,0.252461,0.458772,-1.081573,0.917041,0.054639,-0.302925,0.109077,0.464972,-1.136525,1.165441,0.038661,-0.296758,0.258532,0.459287,-1.090138,0.920746,0.042457,-0.312423
385,0.316925,0.473117,-1.074947,0.758111,0.041012,-0.287436,0.247058,0.479182,-1.091806,0.890351,0.032787,-0.291307,0.11664,0.505119,-1.127116,1.165951,0.063832,-0.321378,0.244284,0.478613,-1.095198,0.893066,0.053949,-0.313743
386,0.304103,0.480735,-1.076181,0.742828,0.04657,-0.307733,0.23272,0.49228,-1.09382,0.877819,0.045539,-0.289477,0.113003,0.514276,-1.12811,1.135169,0.059884,-0.310017,0.238396,0.496822,-1.091528,0.877596,0.05847,-0.30683
387,0.291995,0.500427,-1.070138,0.719093,0.064653,-0.286331,0.238844,0.515029,-1.096476,0.860557,0.066761,-0.289241,0.10673,0.537653,-1.132899,1.136548,0.041788,-0.305973,0.226541,0.508737,-1.099326,0.880319,0.069297,-0.310795
388,0.291243,0.512058,-1.073663,0.724308,0.056355,-0.301463,0.231366,0.531636,-1.096561,0.854804,0.068288,-0.288268,0.114227,0.556826,-1.122997,1.108424,0.056898,-0.3067,0.224815,0.530654,-1.092167,0.852699,0.060588,-0.32998
389,0.277688,0.534104,-1.073825,0.711228,0.050333,-0.311664,0.214919,0.546271,-1.093511,0.844839,0.050414,-0.323774,0.111136,0.565943,-1.132978,1.065275,0.077925,-0.305666,0.214392,0.554192,-1.100357,0.849276,0.07609,-0.295311
390,0.274359,0.566038,-1.080988,0.697306,0.08394,-0.302151,0.201825,0.566682,-1.093848,0.827861,0.080881,-0.297251,0.095838,0.583009,-1.131062,1.044649,0.077713,-0.30489,0.205324,0.572856,-1.100036,0.813857,0.081641,-0.310875
391,0.264742,0.574818,-1.072416,0.693532,0.088198,-0.326862,0.204695,0.581515,-1.094936,0.810458,0.092287,-0.33453,0.092838,0.607121,-1.133242,1.053265,0.092291,-0.320944,0.201166,0.583472,-1.09206,0.805921,0.085586,-0.304233
392,0.250451,0.595157,-1.070723,0.668049,0.099233,-0.323631,0.190667,0.600035,-1.092491,0.78032,0.085209,-0.315392,0.095156,0.622311,-1.123331,1.004153,0.101991,-0.32766,0.197321,0.597109,-1.092379,0.815421,0.091999,-0.295516
393,0.241355,0.613189,-1.065659,0.651532,0.095953,-0.316135,0.186292,0.620884,-1.085313,0.780301,0.079568,-0.29827,0.09143,0.639549,-1.128074,1.008531,0.099113,-0.297328,0.190419,0.617974,-1.090222,0.767072,0.100982,-0.3207
394,0.22848,0.61594,-1.063039,0.650352,0.093149,-0.300415,0.171278,0.638613,-1.09323,0.756721,0.09743,-0.317643,0.084644,0.664937,-1.125412,0.978267,0.092846,-0.310084,0.174483,0.63622,-1.085022,0.747084,0.104146,-0.31129
395,0.2212,0.643395,-1.068297,0.630796,0.124634,-0.347996,0.183165,0.652616,-1.085369,0.775492,0.135226,-0.319098,0.082633,0.678477,-1.125199,0.9598,0.117374,-0.32003,0.169021,0.655734,-1.083148,0.739595,0.089796,-0.308282
396,0.214133,0.651935,-1.07184,0.600034,0.124138,-0.316622,0.1743,0.670871,-1.08163,0.720614,0.100112,-0.323515,0.080607,0.693803,-1.130002,0.940566,0.102754,-0.323326,0.153952,0.674267,-1.084262,0.7103,0.092764,-0.312741
397,0.201123,0.679743,-1.057877,0.60126,0.126372,-0.326943,0.154677,0.68054,-1.082757,0.706844,0.10197,-0.330696,0.072678,0.706064,-1.116446,0.928786,0.136536,-0.327748,0.147733,0.669812,-1.084818,0.705397,0.113507,-0.332031
398,0.195975,0.683693,-1.059952,0.577032,0.126844,-0.326361,0.148963,0.701722,-1.069303,0.691851,0.127948,-0.328308,0.071704,0.722913,-1.119048,0.896856,0.123297,-0.317218,0.146985,0.698351,-1.073994,0.692925,0.136072,-0.32709
399,0.178747,0.702349,-1.053308,0.585918,0.124586,-0.32475,0.139644,0.72246,-1.067796,0.705263,0.138381,-0.316272,0.066854,0.744048,-1.112344,0.86741,0.126552,-0.31349,0.14657,0.714168,-1.071396,0.673907,0.123788,-0.321801
400,0.166996,0.718216,-1.050247,0.548203,0.14474,-0.341533,0.133652,0.725848,-1.072457,0.644187,0.137361,-0.319998,0.063721,0.758287,-1.115526,0.853858,0.120318,-0.311067,0.122515,0.738198,-1.075714,0.667741,0.143471,-0.331133
401,0.1627,0.729193,-1.041381,0.554644,0.142367,-0.328806,0.113418,0.753366,-1.068519,0.652248,0.149513,-0.325706,0.058018,0.776211,-1.110947,0.809328,0.144498,-0.306943,0.126977,0.752072,-1.07992,0.632029,0.16032,-0.340331
402,0.155999,0.738238,-1.037049,0.522564,0.155733,-0.323456,0.110501,0.759471,-1.05978,0.612025,0.162677,-0.307172,0.060489,0.791141,-1.099501,0.791975,0.14061,-0.329551,0.112573,0.757848,-1.074011,0.628298,0.132204,-0.335106
403,0.14516,0.769219,-1.032707,0.502771,0.161748,-0.324833,0.114571,0.777369,-1.063384,0.605983,0.15547,-0.310223,0.056201,0.794979,-1.093741,0.774883,0.160896,-0.320719,0.104984,0.783494,-1.057747,0.599873,0.155888,-0.310288
404,0.136893,0.779194,-1.038818,0.505991,0.170785,-0.316427,0.103877,0.805052,-1.05155,0.593298,0.178008,-0.312381,0.051728,0.825321,-1.086199,0.749384,0.157247,-0.335409,0.098827,0.791589,-1.041757,0.57686,0.163574,-0.323107
405,0.124232,0.787307,-1.019841,0.471775,0.15703,-0.330936,0.093099,0.805305,-1.04777,0.567121,0.14603,-0.315199,0.051617,0.834386,-1.083038,0.723916,0.166088,-0.341875,0.096075,0.804519,-1.040007,0.564846,0.167737,-0.325533
406,0.112602,0.811782,-1.012508,0.47452,0.152833,-0.31509,0.089479,0.821119,-1.03103,0.544189,0.167821,-0.317635,0.052406,0.842383,-1.079998,0.717817,0.171451,-0.3354,0.085895,0.821864,-1.037959,0.538351,0.171554,-0.330235
407,0.10176,0.822387,-1.01402,0.454056,0.165204,-0.32351,0.081526,0.831294,-1.027835,0.527652,0.183651,-0.315917,0.038247,0.85894,-1.064941,0.680271,0.171129,-0.318367,0.067844,0.834707,-1.03027,0.529737,0.172747,-0.315496
408,0.098935,0.822023,-0.999665,0.445831,0.168596,-0.324804,0.065745,0.846259,-1.024629,0.514703,0.17405,-0.323589,0.031964,0.87863,-1.053266,0.642172,0.155946,-0.329355,0.067485,0.847212,-1.029498,0.498928,0.17772,-0.327666
409,0.085772,0.844759,-0.996084,0.407239,0.158016,-0.319801,0.065656,0.848999,-1.0189,0.48023,0.173137,-0.314873,0.03128,0.885491,-1.049926,0.645087,0.171702,-0.344282,0.05466,0.860909,-1.009537,0.476004,0.185325,-0.33256
410,0.078797,0.855038,-0.985907,0.397377,0.19598,-0.325449,0.047282,0.86803,-1.008513,0.465031,0.189411,-0.336201,0.022491,0.907788,-1.044514,0.600591,0.172366,-0.33685,0.04823,0.864572,-1.007526,0.470754,0.182228,-0.333074
411,0.065953,0.876825,-0.983209,0.386643,0.192394,-0.317108,0.053611,0.87578,-1.001989,0.466157,0.190015,-0.32264,0.027397,0.930751,-1.038468,0.585867,0.199946,-0.322375,0.043977,0.881777,-1.001308,0.446061,0.198489,-0.308921
412,0.043286,0.880783,-0.960722,0.366578,0.196583,-0.341547,0.031239,0.887236,-0.99458,0.440802,0.196374,-0.328284,0.009511,0.936135,-1.018383,0.55915,0.219508,-0.32304,0.033231,0.897931,-0.994977,0.430479,0.194102,-0.321878
413,0.035816,0.882097,-0.970925,0.347923,0.210379,-0.321008,0.015935,0.912232,-0.977829,0.396646,0.211636,-0.315288,0.017787,0.943917,-1.012808,0.555781,0.208321,-0.313165,0.025442,0.906228,-0.981015,0.403583,0.20621,-0.322151
414,0.025793,0.895728,-0.949519,0.328528,0.20539,-0.33962,0.02939,0.917678,-0.976461,0.384259,0.227821,-0.323842,0.00583,0.955363,-1.011035,0.515854,0.190894,-0.34129,0.018195,0.921185,-0.983158,0.394058,0.192573,-0.330909
415,0.012632,0.911322,-0.93814,0.301162,0.221209,-0.30838,0.022337,0.935637,-0.962391,0.352863,0.219908,-0.314075,0.008441,0.956264,-0.999398,0.482672,0.21098,-0.316658,0.013018,0.934894,-0.96794,0.378014,0.20237,-0.310612
416,0.011843,0.927293,-0.929316,0.30116,0.199921,-0.333354,0.010995,0.938072,-0.963419,0.334817,0.222339,-0.310714,0.000431,0.97599,-0.990038,0.454927,0.225267,-0.313321,0.00624,0.935508,-0.955154,0.342461,0.205207,-0.304224
417,-0.008553,0.932743,-0.92737,0.266719,0.229934,-0.318081,0.003086,0.950163,-0.945959,0.319096,0.216365,-0.3081,-0.001402,0.982019,-0.981255,0.438531,0.231301,-0.319633,0.002378,0.94816,-0.941215,0.30895,0.213576,-0.311076
418,-0.010027,0.946164,-0.916698,0.268667,0.236798,-0.312214,-0.012364,0.954776,-0.939348,0.307099,0.226948,-0.308031,-0.004604,0.995551,-0.974144,0.39544,0.231502,-0.303837,-0.011247,0.964934,-0.939248,0.315683,0.23292,-0.309084
419,-0.026104,0.952285,-0.91218,0.240415,0.218946,-0.307067,-0.022294,0.976536,-0.920161,0.300533,0.230162,-0.30408,-0.014489,1.004485,-0.953408,0.366264,0.228879,-0.317161,-0.004799,0.969939,-0.92234,0.276069,0.23802,-0.289287
420,-0.0281,0.962082,-0.892699,0.245949,0.234756,-0.308962,-0.029205,0.979683,-0.91542,0.276305,0.244874,-0.317992,-0.01468,1.001778,-0.948872,0.368455,0.232956,-0.305658,-0.02534,0.985684,-0.910365,0.268897,0.240601,-0.300754
421,-0.037689,0.977283,-0.883851,0.214197,0.230309,-0.300039,-0.042583,0.991115,-0.898818,0.25087,0.226035,-0.31468,-0.019099,1.02103,-0.924441,0.345599,0.232953,-0.315431,-0.039294,0.992555,-0.896639,0.252947,0.252603,-0.309393
422,-0.05668,0.972962,-0.869378,0.190443,0.244125,-0.30962,-0.049897,1.002157,-0.898847,0.248225,0.258597,-0.308826,-0.021326,1.036716,-0.9174,0.304605,0.240684,-0.298299,-0.035729,0.999256,-0.887732,0.216755,0.239122,-0.309765
423,-0.069968,0.981434,-0.857526,0.165326,0.248401,-0.29223,-0.047667,1.003421,-0.869566,0.205989,0.220808,-0.301633,-0.017265,1.045511,-0.900946,0.269699,0.270308,-0.299187,-0.048981,1.011412,-0.881404,0.209038,0.243914,-0.303027
424,-0.077905,0.988751,-0.841816,0.147695,0.251517,-0.31434,-0.06277,1.015521,-0.86154,0.200216,0.260894,-0.310523,-0.025543,1.046552,-0.891045,0.219127,0.241866,-0.301469,-0.053723,1.004414,-0.855486,0.186445,0.246745,-0.318363
425,-0.086424,0.993926,-0.842616,0.131835,0.256112,-0.296872,-0.070121,1.016865,-0.850755,0.164315,0.24849,-0.312391,-0.039162,1.061733,-0.875463,0.195411,0.250192,-0.297014,-0.074434,1.019678,-0.847301,0.150374,0.255847,-0.304652
426,-0.087261,1.00525,-0.813425,0.124041,0.255772,-0.285098,-0.078286,1.029032,-0.840018,0.138103,0.252697,-0.308197,-0.043094,1.064316,-0.865089,0.184793,0.260796,-0.292427,-0.070864,1.029353,-0.846466,0.146749,0.2375,-0.290962
427,-0.106283,1.016546,-0.81152,0.100439,0.258202,-0.287633,-0.07816,1.032284,-0.823159,0.134079,0.260854,-0.289068,-0.042046,1.076923,-0.852257,0.14826,0.250798,-0.306716,-0.085447,1.038355,-0.825408,0.120458,0.26258,-0.284473
428,-0.12529,1.017097,-0.79615,0.068572,0.268556,-0.298727,-0.093339,1.048418,-0.81392,0.107819,0.26281,-0.297053,-0.046036,1.070883,-0.837075,0.132693,0.250306,-0.292637,-0.087025,1.043949,-0.815842,0.097656,0.270452,-0.283479
429,-0.114711,1.029092,-0.777488,0.074636,0.253939,-0.306425,-0.086169,1.050745,-0.79803,0.084255,0.24466,-0.291945,-0.049801,1.089036,-0.823909,0.089315,0.259457,-0.280321,-0.111098,1.047066,-0.79593,0.090723,0.268739,-0.287315
430,-0.137653,1.041977,-0.773775,0.063725,0.285716,-0.300729,-0.108072,1.061538,-0.779751,0.051793,0.269467,-0.294272,-0.058986,1.089396,-0.811178,0.066865,0.280271,-0.287145,-0.102654,1.045227,-0.786082,0.050001,0.272334,-0.291286
431,-0.148881,1.040744,-0.744898,0.031238,0.258679,-0.285462,-0.123038,1.059956,-0.766595,0.041719,0.25401,-0.295242,-0.049633,1.102245,-0.795921,0.03263,0.278585,-0.279242,-0.108935,1.068054,-0.764812,0.046612,0.271668,-0.291549
432,-0.160938,1.049204,-0.746485,0.024846,0.285015,-0.281814,-0.121043,1.07346,-0.761981,0.02046,0.279961,-0.289713,-0.058527,1.096054,-0.778337,0.01935,0.283515,-0.284078,-0.124319,1.072607,-0.753345,0.004669,0.279389,-0.267798
433,-0.167422,1.047471,-0.721292,0.004101,0.286429,-0.27393,-0.131444,1.074489,-0.745063,-0.024259,0.298144,-0.27076,-0.064322,1.112279,-0.76507,-0.010113,0.280987,-0.283296,-0.134987,1.067904,-0.738802,-0.035188,0.278083,-0.266331
434,-0.178806,1.053435,-0.708671,-0.015848,0.266812,-0.272752,-0.136773,1.076677,-0.719145,-0.052308,0.273717,-0.24947,-0.06956,1.113937,-0.752423,-0.031703,0.284888,-0.270722,-0.138774,1.074617,-0.723488,-0.01374,0.259262,-0.260613
435,-0.192451,1.047575,-0.69587,-0.042773,0.282375,-0.253096,-0.160299,1.080353,-0.707144,-0.052718,0.302553,-0.274868,-0.074334,1.119782,-0.731157,-0.060785,0.295232,-0.265025,-0.145783,1.080598,-0.709151,-0.04747,0.296704,-0.258679
436,-0.210404,1.049388,-0.679556,-0.043306,0.280193,-0.268699,-0.154425,1.087244,-0.687478,-0.067382,0.289828,-0.2631,-0.071467,1.116821,-0.716227,-0.099384,0.305445,-0.258152,-0.162861,1.083654,-0.691069,-0.075586,0.311171,-0.271079
437,-0.212586,1.05426,-0.670391,-0.071063,0.305481,-0.264524,-0.157756,1.08819,-0.683306,-0.09825,0.274855,-0.270322,-0.074774,1.118725,-0.701242,-0.123765,0.31038,-0.252503,-0.16253,1.082226,-0.666142,-0.086798,0.300611,-0.26092
438,-0.221183,1.067804,-0.649809,-0.075712,0.285108,-0.256459,-0.163138,1.090799,-0.65823,-0.116708,0.297428,-0.267444,-0.075497,1.126005,-0.67045,-0.17187,0.29223,-0.256921,-0.174487,1.092124,-0.650581,-0.125762,0.295079,-0.275179
439,-0.220992,1.071018,-0.630922,-0.116283,0.312248,-0.261919,-0.176106,1.084189,-0.635105,-0.133882,0.305394,-0.264466,-0.085009,1.127901,-0.66075,-0.175282,0.284712,-0.250775,-0.172596,1.083489,-0.642301,-0.126889,0.299995,-0.276915
440,-0.235101,1.065302,-0.614788,-0.142224,0.295431,-0.265352,-0.186841,1.093757,-0.622145,-0.160815,0.30569,-0.267302,-0.085646,1.12958,-0.65655,-0.206601,0.292911,-0.270829,-0.189733,1.095708,-0.624732,-0.158956,0.29873,-0.265909
441,-0.248752,1.068874,-0.59649,-0.15668,0.305025,-0.254728,-0.188708,1.086154,-0.600892,-0.165355,0.318536,-0.246453,-0.094972,1.132293,-0.6288,-0.229137,0.312337,-0.239661,-0.187495,1.096279,-0.597344,-0.183378,0.309587,-0.258767
442,-0.255442,1.078562,-0.574753,-0.172677,0.310651,-0.246698,-0.200022,1.088439,-0.589715,-0.201698,0.310303,-0.234802,-0.088992,1.132023,-0.616243,-0.256516,0.319316,-0.241453,-0.189537,1.095297,-0.588137,-0.19854,0.324729,-0.258286
443,-0.263701,1.075065,-0.568017,-0.192993,0.301552,-0.25741,-0.20312,1.095732,-0.57671,-0.247751,0.321474,-0.250355,-0.097227,1.130108,-0.594902,-0.284254,0.31292,-0.253261,-0.205703,1.094489,-0.573082,-0.232804,0.309834,-0.241187
444,-0.275536,1.08057,-0.545509,-0.205634,0.288116,-0.259507,-0.210698,1.085864,-0.550142,-0.249867,0.319444,-0.220334,-0.101544,1.126412,-0.579841,-0.302191,0.309392,-0.240104,-0.215171,1.091058,-0.553878,-0.258237,0.329077,-0.237825
445,-0.280205,1.067576,-0.531363,-0.225917,0.32506,-0.237504,-0.227018,1.094308,-0.531454,-0.265146,0.306017,-0.250063,-0.106152,1.128226,-0.556635,-0.349214,0.313629,-0.24997,-0.208604,1.093864,-0.538938,-0.267058,0.335241,-0.235818
446,-0.294161,1.075014,-0.503301,-0.247845,0.327318,-0.231274,-0.217316,1.092294,-0.523013,-0.301883,0.308711,-0.220624,-0.122064,1.134306,-0.533828,-0.360256,0.321586,-0.230851,-0.226404,1.089259,-0.520433,-0.296971,0.31471,-0.241902
447,-0.308733,1.059365,-0.497097,-0.277375,0.313228,-0.233977,-0.232585,1.093555,-0.49849,-0.301214,0.305706,-0.224332,-0.109041,1.132868,-0.522568,-0.406085,0.319679,-0.221561,-0.236918,1.09112,-0.503193,-0.302131,0.323452,-0.220164
448,-0.306107,1.074862,-0.481617,-0.267374,0.311826,-0.217328,-0.24466,1.096357,-0.483556,-0.324961,0.311297,-0.228787,-0.118768,1.128927,-0.49487,-0.414491,0.302358,-0.214435,-0.234875,1.096399,-0.481227,-0.323476,0.31557,-0.236788
449,-0.323712,1.074264,-0.455962,-0.290805,0.326794,-0.210794,-0.247034,1.09704,-0.462555,-0.346005,0.316415,-0.226761,-0.113955,1.136542,-0.479877,-0.451795,0.311672,-0.213845,-0.24693,1.092574,-0.474135,-0.366964,0.318097,-0.211658
450,-0.334253,1.059103,-0.429944,-0.300135,0.310701,-0.196527,-0.264449,1.088413,-0.440088,-0.363663,0.310195,-0.202438,-0.124076,1.132696,-0.453372,-0.474715,0.314215,-0.210686,-0.253174,1.084535,-0.444209,-0.382252,0.31723,-0.214188
451,-0.337631,1.057546,-0.42076,-0.324959,0.305855,-0.199722,-0.258803,1.090109,-0.429579,-0.389352,0.3117,-0.214804,-0.120408,1.129022,-0.440998,-0.504907,0.32157,-0.194748,-0.261402,1.084455,-0.418563,-0.398282,0.333549,-0.213717
452,-0.348127,1.057854,-0.396532,-0.362393,0.313497,-0.218272,-0.261023,1.085236,-0.406022,-0.412999,0.317888,-0.197374,-0.122797,1.124335,-0.428727,-0.537228,0.335219,-0.196883,-0.257214,1.078445,-0.411256,-0.421401,0.317374,-0.204542
453,-0.352463,1.05883,-0.380274,-0.369977,0.323386,-0.198373,-0.27023,1.081923,-0.390935,-0.432044,0.315285,-0.203922,-0.123361,1.114905,-0.41238,-0.543422,0.326601,-0.219411,-0.276939,1.084361,-0.394354,-0.440068,0.309144,-0.213616
454,-0.353919,1.05577,-0.3664,-0.378252,0.324579,-0.19323,-0.281172,1.069483,-0.368321,-0.438604,0.317895,-0.194831,-0.128869,1.112078,-0.379876,-0.579248,0.33257,-0.202563,-0.275944,1.076642,-0.373844,-0.441473,0.323039,-0.207687
455,-0.371049,1.050929,-0.349557,-0.409428,0.321312,-0.190743,-0.280334,1.077584,-0.353802,-0.465207,0.308276,-0.172584,-0.138551,1.110606,-0.363617,-0.604185,0.314392,-0.185008,-0.284612,1.078026,-0.339714,-0.473848,0.309615,-0.177266
456,-0.381514,1.049494,-0.324289,-0.423072,0.317667,-0.194284,-0.288447,1.065,-0.330243,-0.505519,0.317826,-0.197356,-0.138876,1.108074,-0.34014,-0.615504,0.320158,-0.189538,-0.296795,1.061211,-0.332925,-0.484768,0.309352,-0.19386
457,-0.387329,1.046505,-0.296385,-0.421177,0.331559,-0.185611,-0.292759,1.061341,-0.308657,-0.521734,0.319532,-0.185767,-0.143002,1.092638,-0.320835,-0.666308,0.324325,-0.18445,-0.306822,1.067705,-0.304574,-0.509828,0.337784,-0.190767
458,-0.388831,1.037226,-0.279042,-0.459492,0.311714,-0.178614,-0.296982,1.062607,-0.290127,-0.52985,0.325371,-0.171861,-0.145094,1.096977,-0.29692,-0.667211,0.320826,-0.170345,-0.310325,1.051109,-0.291569,-0.531968,0.326082,-0.174337
459,-0.401244,1.040434,-0.258528,-0.45817,0.339339,-0.164629,-0.309768,1.057347,-0.264421,-0.538791,0.329382,-0.182635,-0.137845,1.092227,-0.289566,-0.720061,0.346267,-0.172472,-0.307547,1.053387,-0.269452,-0.541549,0.310502,-0.168673
460,-0.411927,1.031184,-0.253637,-0.48449,0.333307,-0.175623,-0.315321,1.052669,-0.242952,-0.547564,0.313732,-0.16836,-0.151161,1.091508,-0.25992,-0.716128,0.324098,-0.170198,-0.312647,1.050185,-0.246022,-0.55968,0.31303,-0.172694
461,-0.411429,1.016065,-0.223028,-0.480392,0.317307,-0.166177,-0.315698,1.039373,-0.230055,-0.587292,0.333388,-0.168802,-0.149354,1.079998,-0.231935,-0.763041,0.311624,-0.153501,-0.32278,1.045305,-0.233812,-0.566593,0.300806,-0.17263
462,-0.424102,1.010744,-0.208619,-0.50563,0.325979,-0.161299,-0.325057,1.029675,-0.211662,-0.599915,0.335281,-0.150211,-0.14222,1.073931,-0.220414,-0.772229,0.328763,-0.156351,-0.316949,1.034132,-0.214387,-0.614404,0.326497,-0.147803
463,-0.432606,1.012859,-0.19198,-0.535452,0.329468,-0.165139,-0.32574,1.0251,-0.191587,-0.628318,0.32424,-0.138472,-0.151181,1.063407,-0.195207,-0.805111,0.341138,-0.143597,-0.329127,1.032078,-0.193441,-0.6303,0.335743,-0.144944
464,-0.430271,1.008224,-0.166352,-0.551764,0.320414,-0.151209,-0.33037,1.015969,-0.175681,-0.648846,0.315851,-0.140893,-0.158853,1.059042,-0.174037,-0.819389,0.342484,-0.152197,-0.33715,1.027336,-0.172278,-0.63709,0.334344,-0.142251
465,-0.439239,0.996353,-0.142123,-0.563594,0.326993,-0.146659,-0.335651,1.008332,-0.141278,-0.639245,0.345802,-0.136521,-0.161548,1.041534,-0.157836,-0.861293,0.333065,-0.153076,-0.351548,1.008917,-0.146234,-0.653388,0.338572,-0.130896
466,-0.446087,0.982407,-0.132438,-0.546477,0.323139,-0.130943,-0.347506,1.009965,-0.126031,-0.656149,0.315975,-0.139781,-0.160928,1.041478,-0.132805,-0.870816,0.331381,-0.134382,-0.348499,1.007985,-0.138006,-0.6731,0.319843,-0.122189
467,-0.449326,0.974984,-0.097454,-0.58017,0.326512,-0.127338,-0.352977,0.98871,-0.106042,-0.679657,0.330006,-0.1024,-0.170719,1.036685,-0.111039,-0.889299,0.325815,-0.129735,-0.344026,0.997922,-0.110681,-0.694059,0.335043,-0.143508
468,-0.455918,0.960702,-0.088623,-0.591652,0.314143,-0.104783,-0.357919,0.982739,-0.092537,-0.712562,0.318802,-0.134103,-0.161067,1.025855,-0.091399,-0.885399,0.318335,-0.119687,-0.350482,0.983455,-0.078544,-0.693617,0.325758,-0.110396
469,-0.46033,0.963354,-0.061313,-0.615406,0.322498,-0.11992,-0.365102,0.979515,-0.06367,-0.71034,0.327329,-0.121422,-0.172619,1.018863,-0.066004,-0.925017,0.338775,-0.116937,-0.357376,0.975323,-0.069697,-0.741639,0.328569,-0.11106
470,-0.469073,0.948734,-0.051851,-0.624653,0.315271,-0.114369,-0.360841,0.9665,-0.044415,-0.737792,0.328285,-0.105493,-0.175113,1.001984,-0.043198,-0.96956,0.332229,-0.100497,-0.366886,0.968771,-0.033488,-0.734766,0.31647,-0.115623
471,-0.457895,0.945434,-0.019799,-0.641588,0.319508,-0.117124,-0.365377,0.963171,-0.020065,-0.761293,0.316589,-0.10093,-0.177182,0.994199,-0.034554,-0.981187,0.319316,-0.113226,-0.370903,0.966964,-0.021951,-0.756351,0.314932,-0.105835
472,-0.482762,0.933244,0.00624,-0.649587,0.307371,-0.096786,-0.378974,0.948926,-0.006265,-0.770854,0.318044,-0.085898,-0.183265,0.980316,0.004512,-0.980706,0.326216,-0.096008,-0.367601,0.947575,-0.00894,-0.775777,0.319081,-0.094522
473,-0.485865,0.926692,0.016283,-0.646336,0.307517,-0.081019,-0.382356,0.939305,0.01806,-0.787099,0.320053,-0.087398,-0.183833,0.966931,0.011279,-1.015964,0.288229,-0.079043,-0.370604,0.937945,0.015963,-0.804487,0.30358,-0.089136
474,-0.499644,0.913023,0.036451,-0.669362,0.300183,-0.090536,-0.379813,0.931572,0.036902,-0.78979,0.294895,-0.08186,-0.184637,0.960773,0.03777,-1.03371,0.29946,-0.072165,-0.383564,0.930224,0.031667,-0.803995,0.304995,-0.096058
475,-0.491283,0.90203,0.060045,-0.674687,0.31046,-0.083497,-0.385437,0.907669,0.06892,-0.818568,0.331269,-0.062294,-0.17956,0.941344,0.061228,-1.039797,0.313422,-0.091291,-0.385861,0.912447,0.055933,-0.826946,0.321861,-0.068452
476,-0.501135,0.888028,0.076382,-0.707382,0.305006,-0.08668,-0.392684,0.903436,0.07893,-0.813312,0.306412,-0.067122,-0.180586,0.942723,0.088549,-1.08183,0.320785,-0.080881,-0.383726,0.895969,0.07257,-0.853804,0.29785,-0.061475
477,-0.497225,0.890464,0.091919,-0.71244,0.314767,-0.041945,-0.384249,0.89866,0.103074,-0.839084,0.312426,-0.054016,-0.183745,0.91835,0.099661,-1.088466,0.309165,-0.055895,-0.392584,0.899372,0.097004,-0.849253,0.306022,-0.0799
478,-0.51249,0.869641,0.118688,-0.728528,0.305247,-0.067027,-0.396719,0.88531,0.111955,-0.856494,0.304865,-0.057673,-0.183522,0.911293,0.11572,-1.121841,0.297307,-0.066794,-0.399145,0.874885,0.120786,-0.864033,0.308783,-0.053238
479,-0.509125,0.851193,0.133561,-0.738587,0.287586,-0.037043,-0.395394,0.867949,0.147398,-0.881593,0.299665,-0.048927,-0.186903,0.907608,0.137703,-1.128785,0.29146,-0.046155,-0.395438,0.866988,0.139277,-0.882136,0.295579,-0.065829
480,-0.522846,0.841586,0.160524,-0.730077,0.303539,-0.042988,-0.398465,0.862369,0.161219,-0.86761,0.307165,-0.049897,-0.190585,0.885878,0.157732,-1.157817,0.305614,-0.042472,-0.394213,0.854621,0.164614,-0.897182,0.297537,-0.032611
481,-0.523405,0.825516,0.177346,-0.764503,0.286819,-0.043711,-0.400925,0.83789,0.182628,-0.892447,0.287895,-0.057861,-0.188892,0.874522,0.196938,-1.16302,0.293124,-0.050212,-0.407685,0.840952,0.173807,-0.90203,0.298182,-0.047393
482,-0.528849,0.818032,0.2019,-0.783742,0.301777,-0.051505,-0.411042,0.828489,0.200198,-0.912904,0.303697,-0.037868,-0.19217,0.858938,0.212221,-1.188358,0.299128,-0.045314,-0.406807,0.831524,0.190964,-0.926226,0.290567,-0.041109
483,-0.523576,0.805205,0.212176,-0.776103,0.294893,-0.05049,-0.406081,0.813872,0.224484,-0.931116,0.284855,-0.02865,-0.19404,0.847339,0.221615,-1.200427,0.29044,-0.008805,-0.403231,0.825177,0.212115,-0.944523,0.303994,-0.025064
484,-0.535671,0.778398,0.232227,-0.790617,0.30291,-0.003283,-0.40997,0.7985,0.24105,-0.937414,0.316078,-0.038836,-0.18269,0.837053,0.24923,-1.219524,0.309728,-0.018909,-0.402178,0.806668,0.242931,-0.949119,0.303903,-0.014016
485,-0.531917,0.773692,0.253957,-0.807489,0.298381,-0.014055,-0.415841,0.793977,0.262655,-0.955331,0.297342,-0.019226,-0.199264,0.819938,0.271807,-1.223642,0.27926,-0.019439,-0.409011,0.784592,0.261913,-0.963664,0.305,-0.020225
486,-0.540047,0.759182,0.268904,-0.811774,0.2877,0.003135,-0.422411,0.77245,0.283002,-0.949435,0.282139,-0.01157,-0.19554,0.803295,0.282032,-1.236342,0.282339,-0.012985,-0.417228,0.77262,0.27672,-0.974536,0.289949,0.00705
487,-0.544596,0.751839,0.294526,-0.826063,0.269943,0.005759,-0.41846,0.757558,0.305607,-0.979399,0.276228,-0.023328,-0.201421,0.793964,0.312626,-1.258975,0.278746,-0.007736,-0.418645,0.75932,0.301801,-0.976689,0.280833,-0.000332
488,-0.546688,0.729788,0.320802,-0.836424,0.28077,-0.002834,-0.416236,0.748586,0.320675,-0.98698,0.289458,0.014326,-0.194315,0.767281,0.337529,-1.272674,0.279858,-0.00956,-0.4227,0.748208,0.32137,-0.997156,0.277902,-0.014177
489,-0.54755,0.718257,0.330899,-0.827613,0.277168,0.016547,-0.424889,0.730823,0.343102,-1.009141,0.284213,0.009002,-0.202095,0.766279,0.354062,-1.294483,0.275191,0.00939,-0.430318,0.731519,0.338365,-1.006154,0.272888,0.014164
490,-0.558668,0.703548,0.345456,-0.863151,0.271326,0.007528,-0.431412,0.705429,0.366873,-1.020278,0.274848,0.022621,-0.188988,0.733318,0.369816,-1.284,0.278852,0.010124,-0.425561,0.713522,0.369746,-1.005433,0.289542,0.020745
491,-0.561361,0.695205,0.370925,-0.873022,0.265321,0.014351,-0.428772,0.705113,0.379291,-0.996603,0.274004,0.025164,-0.200443,0.729343,0.392151,-1.331769,0.284603,0.01613,-0.426594,0.690462,0.385469,-1.028371,0.277283,0.022351
492,-0.547019,0.674811,0.386384,-0.868785,0.271236,0.023968,-0.430332,0.693979,0.401411,-1.014888,0.264487,0.031242,-0.204102,0.698651,0.413044,-1.347163,0.281087,0.025288,-0.419588,0.684631,0.39189,-1.040308,0.258468,0.027105
493,-0.557283,0.649735,0.405511,-0.862102,0.278841,0.040613,-0.422233,0.677831,0.41591,-1.048501,0.249585,0.011487,-0.205017,0.688269,0.434759,-1.32542,0.24907,0.014374,-0.426262,0.659112,0.415156,-1.024628,0.257946,0.022681
494,-0.551992,0.641535,0.424867,-0.897372,0.255351,0.036038,-0.422837,0.654307,0.432317,-1.049331,0.263603,0.031511,-0.192578,0.677171,0.455554,-1.346685,0.253859,0.039814,-0.427125,0.647908,0.434905,-1.05516,0.251444,0.040319
495,-0.556765,0.619753,0.447455,-0.897057,0.253762,0.029479,-0.42183,0.633248,0.461422,-1.06389,0.254964,0.056529,-0.211384,0.660645,0.467578,-1.359172,0.242791,0.052535,-0.431675,0.628899,0.457032,-1.056348,0.277236,0.036346
496,-0.556191,0.601582,0.463291,-0.894726,0.239819,0.045877,-0.428915,0.611485,0.478591,-1.064544,0.258401,0.059161,-0.202762,0.643154,0.497038,-1.381476,0.257288,0.04061,-0.423325,0.61213,0.477545,-1.055773,0.260312,0.050466
497,-0.558973,0.585508,0.484014,-0.913229,0.247965,0.052027,-0.424021,0.595076,0.500376,-1.070137,0.250548,0.042144,-0.205702,0.619292,0.516788,-1.387362,0.23683,0.055526,-0.432426,0.598914,0.490763,-1.08062,0.251268,0.038514
498,-0.562455,0.571178,0.503107,-0.922665,0.237663,0.046927,-0.432617,0.581051,0.50926,-1.071403,0.241812,0.077853,-0.204327,0.600815,0.525649,-1.383773,0.245484,0.053425,-0.435595,0.573326,0.508445,-1.091776,0.248723,0.066166
499,-0.552935,0.561646,0.518428,-0.913499,0.254759,0.070008,-0.429322,0.559257,0.528866,-1.083797,0.25649,0.060289,-0.19927,0.58627,0.549071,-1.397914,0.237775,0.064089,-0.440062,0.576223,0.534498,-1.091688,0.242032,0.070471
500,-0.550186,0.528273,0.544653,-0.919961,0.25001,0.075294,-0.425404,0.540193,0.552264,-1.096229,0.249472,0.07037,-0.217803,0.567164,0.563058,-1.405926,0.25484,0.065317,-0.435417,0.537747,0.550576,-1.105734,0.244418,0.071097
501,-0.552615,0.512433,0.550496,-0.935573,0.229256,0.080078,-0.429538,0.528398,0.560385,-1.081484,0.247391,0.072325,-0.202566,0.549359,0.573504,-1.431317,0.224086,0.090124,-0.427633,0.526606,0.563737,-1.074873,0.239304,0.085723
502,-0.560127,0.502983,0.569391,-0.933706,0.237094,0.081678,-0.438869,0.508943,0.585078,-1.118392,0.20009,0.083349,-0.200212,0.528299,0.605518,-1.430708,0.243,0.077966,-0.437208,0.513839,0.580183,-1.091782,0.211143,0.091968
503,-0.560203,0.484751,0.584272,-0.927168,0.243414,0.089866,-0.441423,0.490548,0.593953,-1.114734,0.235143,0.103224,-0.205277,0.510358,0.616207,-1.429878,0.215893,0.088783,-0.434077,0.48934,0.607025,-1.112537,0.229242,0.084177
504,-0.552781,0.456563,0.601542,-0.929133,0.224826,0.109059,-0.43976,0.480865,0.61591,-1.11225,0.214732,0.085675,-0.197383,0.489857,0.644132,-1.425543,0.221806,0.087541,-0.425305,0.471532,0.615519,-1.114698,0.216027,0.089381
505,-0.542587,0.449765,0.620486,-0.955746,0.20964,0.095812,-0.424367,0.459036,0.635208,-1.138109,0.198584,0.100745,-0.197227,0.471433,0.65666,-1.434304,0.200002,0.118797,-0.4323,0.451322,0.644594,-1.116263,0.230951,0.094425
506,-0.558381,0.431854,0.635888,-0.958984,0.225048,0.114001,-0.421222,0.436319,0.649627,-1.107142,0.211252,0.097501,-0.199765,0.461144,0.673057,-1.455319,0.23394,0.115372,-0.432839,0.437391,0.645486,-1.118776,0.225584,0.114805
507,-0.552003,0.412724,0.662488,-0.939786,0.202844,0.117873,-0.42634,0.4174,0.664198,-1.130444,0.198185,0.109259,-0.192769,0.431557,0.692492,-1.44349,0.22366,0.12856,-0.427511,0.416464,0.669045,-1.138935,0.191665,0.129943
508,-0.548764,0.387759,0.680162,-0.946312,0.217572,0.129844,-0.426427,0.399447,0.686302,-1.123026,0.204122,0.109413,-0.201574,0.414948,0.707255,-1.433121,0.198721,0.113444,-0.434355,0.388814,0.687913,-1.129505,0.198402,0.121853
509,-0.546946,0.367687,0.688091,-0.955352,0.191341,0.13072,-0.428335,0.38168,0.699441,-1.142733,0.202743,0.124547,-0.20064,0.388883,0.727393,-1.463631,0.196197,0.111605,-0.428648,0.378964,0.69458,-1.128194,0.193315,0.130202
510,-0.547117,0.351707,0.696673,-0.958512,0.210482,0.129591,-0.417458,0.35617,0.713725,-1.133603,0.183915,0.133851,-0.197195,0.378957,0.739739,-1.45908,0.184222,0.121656,-0.428013,0.357903,0.711863,-1.133637,0.188792,0.122283
511,-0.546715,0.33649,0.727927,-0.958732,0.207106,0.129611,-0.420739,0.342729,0.730923,-1.156113,0.197473,0.116242,-0.188109,0.355427,0.744056,-1.475013,0.193358,0.120095,-0.426063,0.342114,0.72765,-1.134162,0.183741,0.151687
512,-0.542289,0.312598,0.734618,-0.96882,0.17154,0.133654,-0.421548,0.325962,0.733234,-1.151275,0.201214,0.160321,-0.198646,0.331923,0.777344,-1.481977,0.19607,0.150906,-0.422902,0.32856,0.744785,-1.151241,0.176422,0.130621
513,-0.540211,0.29834,0.746614,-0.966323,0.183604,0.152322,-0.421359,0.296953,0.763327,-1.151631,0.173377,0.134427,-0.191926,0.314404,0.791179,-1.473772,0.159252,0.149692,-0.417066,0.302764,0.76467,-1.154455,0.184358,0.125374
514,-0.531925,0.279098,0.75852,-0.959249,0.183987,0.158781,-0.422677,0.286441,0.773473,-1.129362,0.184622,0.152849,-0.196629,0.293335,0.811042,-1.46809,0.188369,0.147386,-0.414018,0.267514,0.776989,-1.147293,0.175636,0.144513
515,-0.539172,0.256382,0.777665,-0.964896,0.157586,0.164615,-0.412834,0.256858,0.78619,-1.137691,0.174592,0.155545,-0.193268,0.268613,0.81541,-1.476196,0.168097,0.156635,-0.415344,0.258799,0.796713,-1.14354,0.158513,0.146132
516,-0.528872,0.234438,0.785085,-0.960447,0.161473,0.148168,-0.417694,0.253231,0.799341,-1.140865,0.157321,0.164588,-0.188941,0.247832,0.825978,-1.471876,0.169323,0.173348,-0.412328,0.243589,0.80081,-1.131168,0.163535,0.162109
517,-0.52361,0.210946,0.805937,-0.959242,0.159825,0.161197,-0.403679,0.221365,0.818035,-1.162936,0.160834,0.187233,-0.19622,0.23756,0.850959,-1.467535,0.154145,0.170364,-0.412248,0.216674,0.825877,-1.137005,0.150057,0.172693
518,-0.526638,0.196469,0.811078,-0.947423,0.159305,0.163345,-0.402084,0.205219,0.82672,-1.116139,0.139148,0.154597,-0.199253,0.215697,0.845075,-1.469937,0.144301,0.172489,-0.398278,0.205093,0.830868,-1.15206,0.149383,0.158691
519,-0.522568,0.1695,0.842553,-0.959181,0.142196,0.183267,-0.404236,0.183231,0.85097,-1.144871,0.136045,0.182889,-0.188473,0.187784,0.871336,-1.468508,0.148804,0.174757,-0.405054,0.185838,0.847389,-1.144907,0.154905,0.176117
520,-0.516376,0.164282,0.837728,-0.951744,0.139067,0.182334,-0.407196,0.159326,0.856122,-1.134071,0.151105,0.208873,-0.184949,0.165514,0.882751,-1.47085,0.156164,0.160412,-0.406289,0.161363,0.85588,-1.150662,0.127811,0.172027
521,-0.522426,0.122262,0.850996,-0.95146,0.133399,0.173648,-0.395909,0.153944,0.875882,-1.135728,0.118276,0.188077,-0.18895,0.14567,0.901604,-1.44703,0.135583,0.200666,-0.393104,0.136619,0.87405,-1.145074,0.134751,0.185618
522,-0.507449,0.111465,0.87035,-0.970544,0.131296,0.209601,-0.399145,0.116047,0.887557,-1.136587,0.111606,0.202948,-0.190568,0.115809,0.919432,-1.454649,0.119215,0.192788,-0.405422,0.12254,0.883072,-1.124412,0.119955,0.205533
523,-0.507097,0.094237,0.870045,-0.963096,0.134841,0.191557,-0.392822,0.104296,0.896113,-1.136665,0.138688,0.192299,-0.183134,0.105835,0.923834,-1.470486,0.139543,0.19511,-0.395549,0.098092,0.899329,-1.143648,0.124604,0.200537
524,-0.510341,0.075876,0.886533,-0.954929,0.106644,0.204554,-0.391187,0.071078,0.90613,-1.127694,0.112655,0.199898,-0.185445,0.081125,0.944051,-1.455576,0.131452,0.209864,-0.381602,0.077113,0.911353,-1.135673,0.108245,0.212662
525,-0.495364,0.044841,0.898385,-0.952401,0.105522,0.20012,-0.38688,0.059138,0.915702,-1.121602,0.106557,0.206253,-0.187821,0.059153,0.940223,-1.471257,0.117057,0.217194,-0.383114,0.060522,0.920766,-1.150431,0.121094,0.217626
526,-0.494848,0.040057,0.916491,-0.95783,0.095246,0.213977,-0.370849,0.037214,0.929954,-1.136075,0.120751,0.222698,-0.184166,0.038632,0.952536,-1.455547,0.106605,0.218259,-0.383019,0.03857,0.922861,-1.139476,0.116125,0.214574
527,-0.485217,0.016477,0.92186,-0.94026,0.093648,0.195184,-0.378787,0.02478,0.944178,-1.121557,0.095571,0.208644,-0.172643,0.012949,0.976269,-1.433316,0.108679,0.227832,-0.381223,0.008116,0.94001,-1.120547,0.11482,0.211929
528,-0.476574,-0.011222,0.925625,-0.940032,0.092176,0.202203,-0.376219,-0.006982,0.94972,-1.116539,0.091764,0.228493,-0.18248,0.002274,0.975556,-1.435809,0.088574,0.236516,-0.374739,0.001925,0.946587,-1.11129,0.093515,0.229233
529,-0.473154,-0.023788,0.942027,-0.919751,0.072516,0.238128,-0.370746,-0.030321,0.950675,-1.114652,0.089188,0.218467,-0.169833,-0.021462,0.991935,-1.417917,0.076651,0.209937,-0.371967,-0.033461,0.963138,-1.123389,0.086003,0.223513
530,-0.473106,-0.048166,0.948584,-0.945473,0.095776,0.230363,-0.362402,-0.045019,0.973653,-1.09904,0.074257,0.245779,-0.175246,-0.044413,1.003066,-1.434081,0.081261,0.229603,-0.363387,-0.041338,0.974605,-1.094276,0.100044,0.239963
531,-0.466035,-0.063074,0.954553,-0.929538,0.070073,0.248599,-0.364184,-0.059075,0.981029,-1.111991,0.062313,0.226986,-0.171716,-0.068185,1.01365,-1.42164,0.078964,0.244815,-0.360444,-0.065233,0.976068,-1.098085,0.072214,0.243489
532,-0.453205,-0.093858,0.968595,-0.915134,0.078562,0.238286,-0.351184,-0.088263,0.985333,-1.084584,0.075941,0.247483,-0.167658,-0.093146,1.02264,-1.39265,0.05991,0.2465,-0.353858,-0.087971,0.990942,-1.088374,0.068555,0.247294
533,-0.458497,-0.107764,0.973824,-0.91527,0.072758,0.234006,-0.348887,-0.10844,0.998232,-1.08637,0.067094,0.252231,-0.170404,-0.118314,1.031525,-1.396865,0.064405,0.226083,-0.345356,-0.101799,1.006339,-1.089336,0.053438,0.246263
534,-0.440337,-0.121491,0.985817,-0.91188,0.051398,0.229482,-0.345184,-0.130102,1.001565,-1.066444,0.056545,0.224397,-0.167979,-0.133782,1.03765,-1.386801,0.074071,0.258742,-0.338243,-0.126666,1.004125,-1.075405,0.061177,0.263163
535,-0.445507,-0.148962,0.996787,-0.90385,0.063485,0.24386,-0.336296,-0.146303,1.017749,-1.043734,0.048324,0.255079,-0.160713,-0.153089,1.042025,-1.383936,0.072025,0.235356,-0.342201,-0.150068,1.008944,-1.089136,0.054111,0.251095
536,-0.436785,-0.167948,1.010751,-0.895811,0.043669,0.253508,-0.336155,-0.16912,1.022453,-1.057138,0.04025,0.271856,-0.152429,-0.172865,1.05884,-1.372707,0.062676,0.254833,-0.339884,-0.163753,1.031397,-1.064188,0.065636,0.242367
537,-0.422465,-0.186427,1.003611,-0.903097,0.044524,0.248729,-0.328783,-0.185536,1.024785,-1.053702,0.038699,0.253886,-0.157841,-0.201431,1.063348,-1.342751,0.047619,0.268193,-0.3286,-0.184905,1.037962,-1.045873,0.041007,0.260935
538,-0.420862,-0.203647,1.018041,-0.868775,0.037051,0.275616,-0.323019,-0.205868,1.038996,-1.0631,0.034777,0.250451,-0.157127,-0.216421,1.071587,-1.349132,0.030016,0.257989,-0.330197,-0.1972,1.036392,-1.041882,0.029278,0.269361
539,-0.404504,-0.219132,1.026113,-0.868255,0.021631,0.258478,-0.316059,-0.225467,1.033735,-1.042237,0.023026,0.281892,-0.145952,-0.23953,1.08218,-1.334248,0.029265,0.251055,-0.317381,-0.225987,1.047152,-1.046721,0.029484,0.255834
540,-0.406773,-0.245981,1.028849,-0.889131,0.041567,0.275575,-0.307646,-0.245239,1.048656,-1.036518,0.014062,0.287278,-0.146926,-0.258188,1.086246,-1.318267,0.011631,0.276121,-0.322376,-0.248729,1.029396,-1.032229,0.021062,0.260311
541,-0.408331,-0.267783,1.032728,-0.847353,0.016999,0.268893,-0.313813,-0.269377,1.052972,-1.002984,0.007428,0.280824,-0.148684,-0.276263,1.084029,-1.310384,0.003973,0.256758,-0.318106,-0.268822,1.045999,-0.995661,0.00891,0.287959
542,-0.3883,-0.288844,1.032665,-0.84911,0.00926,0.275306,-0.305425,-0.290937,1.058589,-0.995479,-0.010937,0.280391,-0.15459,-0.303806,1.090322,-1.296937,0.008244,0.283289,-0.294252,-0.292737,1.057947,-1.005891,0.006301,0.274081
543,-0.382587,-0.309033,1.042263,-0.822899,-0.006336,0.283715,-0.30223,-0.314092,1.067713,-0.999619,0.003898,0.268063,-0.141056,-0.317118,1.108043,-1.295963,0.01323,0.289072,-0.305234,-0.31576,1.063235,-0.986114,0.003096,0.277292
544,-0.377185,-0.320886,1.055319,-0.848982,-0.000156,0.294336,-0.298509,-0.327437,1.076619,-0.994698,-0.010969,0.286145,-0.143653,-0.333964,1.109399,-1.26162,0.00624,0.276019,-0.286507,-0.32567,1.0702,-0.983541,-0.007296,0.276534
545,-0.377275,-0.342429,1.056088,-0.820853,-0.007519,0.251443,-0.287736,-0.339662,1.074436,-0.987467,-0.026197,0.273177,-0.129061,-0.353454,1.102874,-1.256233,-0.010479,0.287794,-0.280724,-0.347855,1.073631,-0.977079,-0.007005,0.296136
546,-0.354896,-0.374643,1.061156,-0.821653,-0.017095,0.29297,-0.279905,-0.364807,1.07864,-0.978133,-0.021201,0.276695,-0.134748,-0.376729,1.117065,-1.236237,-0.009433,0.284024,-0.293949,-0.367537,1.068274,-0.971179,-0.013583,0.287846
547,-0.347056,-0.389546,1.064965,-0.815281,-0.016684,0.310952,-0.285253,-0.387286,1.078798,-0.942534,-0.011616,0.290145,-0.125422,-0.404493,1.120889,-1.230721,-0.027625,0.285921,-0.270445,-0.38959,1.073744,-0.945103,-0.024742,0.304167
548,-0.348908,-0.391511,1.065144,-0.79418,-0.029678,0.292214,-0.267557,-0.403102,1.084502,-0.949664,-0.033139,0.286151,-0.121913,-0.418628,1.12067,-1.214518,-0.026405,0.288486,-0.275576,-0.411753,1.088948,-0.944181,-0.021821,0.288667
549,-0.335207,-0.417212,1.070942,-0.777628,-0.029247,0.289448,-0.259381,-0.419658,1.089065,-0.927618,-0.026465,0.304068,-0.130434,-0.446371,1.121701,-1.203444,-0.02021,0.295089,-0.257559,-0.426863,1.091656,-0.923092,-0.040695,0.284982
550,-0.328289,-0.43829,1.058319,-0.754128,-0.028549,0.304452,-0.25227,-0.447109,1.09063,-0.924224,-0.048217,0.293721,-0.123934,-0.461557,1.121206,-1.181996,-0.033895,0.299383,-0.259406,-0.445362,1.085278,-0.900142,-0.03686,0.307883
551,-0.326186,-0.460633,1.06459,-0.734297,-0.044617,0.302741,-0.244401,-0.469363,1.089954,-0.927964,-0.063934,0.308852,-0.115555,-0.485065,1.13789,-1.165731,-0.030652,0.287979,-0.25268,-0.469974,1.088815,-0.891205,-0.04234,0.290158
552,-0.320989,-0.472266,1.082819,-0.764794,-0.038787,0.307021,-0.244392,-0.482085,1.088557,-0.909179,-0.045718,0.296864,-0.109442,-0.500474,1.126852,-1.140567,-0.069006,0.307871,-0.232892,-0.484125,1.096157,-0.892125,-0.047549,0.303603
553,-0.305014,-0.495512,1.075086,-0.72223,-0.062903,0.296176,-0.238014,-0.503839,1.08854,-0.874605,-0.075129,0.305135,-0.110991,-0.510442,1.139962,-1.132681,-0.049845,0.295113,-0.236827,-0.501169,1.092941,-0.872347,-0.05555,0.305243
554,-0.291657,-0.508816,1.083216,-0.726767,-0.061417,0.310275,-0.231712,-0.512746,1.101143,-0.853647,-0.081865,0.297605,-0.110434,-0.532251,1.132172,-1.097955,-0.064679,0.28851,-0.23042,-0.506463,1.093394,-0.858181,-0.062127,0.301223
555,-0.273697,-0.542148,1.084473,-0.71302,-0.072551,0.303196,-0.22848,-0.539668,1.097065,-0.853911,-0.072891,0.312939,-0.101078,-0.552644,1.128688,-1.097754,-0.066086,0.330303,-0.221455,-0.531248,1.096501,-0.854749,-0.066461,0.293122
556,-0.27249,-0.542783,1.075985,-0.696941,-0.061214,0.308555,-0.205186,-0.55987,1.099238,-0.837817,-0.06411,0.324268,-0.106159,-0.574688,1.136371,-1.071007,-0.072992,0.319826,-0.218612,-0.554397,1.093712,-0.830941,-0.075616,0.305287
557,-0.269934,-0.553218,1.076685,-0.697591,-0.086635,0.322741,-0.203666,-0.571966,1.088006,-0.802876,-0.074039,0.31294,-0.104962,-0.584789,1.143471,-1.053526,-0.080396,0.322719,-0.205693,-0.571943,1.091532,-0.823245,-0.085248,0.296658
558,-0.254029,-0.58622,1.076295,-0.674377,-0.072515,0.313543,-0.192826,-0.589272,1.095908,-0.808339,-0.089318,0.31475,-0.095569,-0.611648,1.126093,-1.034788,-0.074556,0.314319,-0.194627,-0.593017,1.090132,-0.797692,-0.105718,0.312893
559,-0.250154,-0.60635,1.076904,-0.640632,-0.077153,0.328043,-0.185853,-0.6036,1.085244,-0.795237,-0.083091,0.314814,-0.0939,-0.623984,1.137681,-1.013967,-0.099598,0.332402,-0.192907,-0.60291,1.094291,-0.794184,-0.090379,0.310554
560,-0.234387,-0.617799,1.073108,-0.666539,-0.085505,0.324538,-0.180392,-0.629258,1.094701,-0.778514,-0.102208,0.302275,-0.090176,-0.645893,1.125085,-0.987842,-0.107852,0.31934,-0.181006,-0.627408,1.093246,-0.772011,-0.113822,0.319087
561,-0.236527,-0.628541,1.059199,-0.64486,-0.102796,0.330225,-0.183536,-0.635975,1.080528,-0.754192,-0.100902,0.32708,-0.088464,-0.666463,1.124029,-0.944933,-0.099434,0.328438,-0.168696,-0.63654,1.079899,-0.758124,-0.116531,0.301838
562,-0.213328,-0.641083,1.064959,-0.640352,-0.112525,0.310396,-0.173932,-0.656346,1.089216,-0.751889,-0.103864,0.300815,-0.073681,-0.682035,1.132138,-0.957384,-0.137342,0.319755,-0.169492,-0.649978,1.086728,-0.747764,-0.092775,0.334059
563,-0.200252,-0.660652,1.056045,-0.62382,-0.125961,0.322442,-0.160841,-0.674184,1.078101,-0.735249,-0.106614,0.322481,-0.077125,-0.69735,1.118409,-0.91339,-0.123001,0.311277,-0.157538,-0.680031,1.086577,-0.725062,-0.095474,0.308129
564,-0.188772,-0.675438,1.060516,-0.590676,-0.139138,0.316354,-0.170154,-0.69281,1.091827,-0.700512,-0.114958,0.325816,-0.072187,-0.711298,1.123963,-0.88975,-0.123798,0.303914,-0.155868,-0.690711,1.075444,-0.700439,-0.1267,0.296992
565,-0.176621,-0.697086,1.064982,-0.577459,-0.107809,0.305086,-0.148781,-0.714279,1.075023,-0.695851,-0.132928,0.319517,-0.071013,-0.728901,1.112814,-0.882788,-0.143954,0.316308,-0.146088,-0.708696,1.072876,-0.702867,-0.136467,0.319945
566,-0.177438,-0.697259,1.055694,-0.553343,-0.126633,0.324147,-0.141905,-0.721892,1.076667,-0.662503,-0.130699,0.348609,-0.062815,-0.752279,1.100918,-0.868826,-0.126741,0.315927,-0.140206,-0.728406,1.085212,-0.662841,-0.114181,0.299145
567,-0.167225,-0.722969,1.050387,-0.541987,-0.117081,0.34096,-0.130604,-0.739414,1.069112,-0.656084,-0.140764,0.321968,-0.063635,-0.764744,1.109052,-0.849251,-0.138498,0.332288,-0.133906,-0.738755,1.07572,-0.655497,-0.148914,0.324044
568,-0.157709,-0.741262,1.043555,-0.533204,-0.125461,0.330585,-0.13154,-0.755442,1.060037,-0.646294,-0.139744,0.339668,-0.057573,-0.773802,1.097084,-0.815544,-0.137608,0.33922,-0.123742,-0.753173,1.064711,-0.622881,-0.151711,0.311869
569,-0.149949,-0.754023,1.040202,-0.520466,-0.150022,0.311749,-0.112012,-0.771892,1.063917,-0.633688,-0.144645,0.347111,-0.051144,-0.800103,1.105519,-0.787885,-0.162152,0.341,-0.109297,-0.773586,1.055163,-0.624059,-0.164734,0.341798
570,-0.140535,-0.76864,1.037353,-0.489416,-0.158616,0.328549,-0.100315,-0.778764,1.056162,-0.600155,-0.157976,0.30415,-0.039353,-0.814261,1.086343,-0.774525,-0.153673,0.330902,-0.100877,-0.78214,1.044901,-0.58683,-0.146771,0.327698
571,-0.136986,-0.776926,1.028691,-0.493698,-0.168027,0.335452,-0.102466,-0.809212,1.048192,-0.594152,-0.160353,0.328534,-0.047774,-0.824634,1.085073,-0.749132,-0.165127,0.318419,-0.092064,-0.803647,1.050675,-0.571927,-0.177776,0.313984
572,-0.117251,-0.797063,1.025049,-0.448227,-0.169716,0.313266,-0.088853,-0.813863,1.041621,-0.552525,-0.166822,0.324489,-0.049048,-0.843018,1.091719,-0.724502,-0.13643,0.3388,-0.095007,-0.813664,1.034894,-0.563154,-0.165175,0.319259
573,-0.098576,-0.822123,1.01898,-0.466612,-0.185283,0.323799,-0.089739,-0.817701,1.043882,-0.538854,-0.175886,0.314083,-0.040872,-0.852417,1.068067,-0.681812,-0.165987,0.327972,-0.087431,-0.830698,1.041035,-0.538504,-0.158777,0.330449
574,-0.103852,-0.827461,1.011058,-0.45806,-0.167099,0.324244,-0.083904,-0.841411,1.033342,-0.512151,-0.180491,0.320102,-0.03423,-0.86196,1.057619,-0.656058,-0.172063,0.330588,-0.075909,-0.838198,1.02545,-0.52592,-0.188058,0.318586
575,-0.08839,-0.82969,1.001523,-0.398799,-0.186598,0.312601,-0.066195,-0.849891,1.017477,-0.51079,-0.193335,0.309463,-0.024543,-0.873798,1.049038,-0.635188,-0.176388,0.339888,-0.063,-0.853625,1.025535,-0.51585,-0.173924,0.321969
576,-0.079618,-0.851816,1.007008,-0.41427,-0.203147,0.338023,-0.06605,-0.861221,1.018216,-0.479985,-0.186364,0.31925,-0.029204,-0.893369,1.059317,-0.635893,-0.184683,0.320653,-0.057524,-0.860341,1.012244,-0.491228,-0.188371,0.312618
577,-0.055591,-0.870844,0.991164,-0.379014,-0.189832,0.318777,-0.058735,-0.872863,1.00058,-0.461322,-0.187978,0.333058,-0.028272,-0.904741,1.04961,-0.586197,-0.201616,0.332399,-0.050747,-0.876159,0.99957,-0.474667,-0.192054,0.315922
578,-0.063026,-0.877234,0.98114,-0.383477,-0.202334,0.312171,-0.033976,-0.89193,0.984738,-0.446545,-0.204941,0.323728,-0.01479,-0.918006,1.035018,-0.572071,-0.211099,0.314987,-0.038186,-0.888165,0.996684,-0.438049,-0.192381,0.327956
579,-0.038546,-0.889086,0.963108,-0.365327,-0.201907,0.324899,-0.033664,-0.90959,0.990152,-0.430807,-0.199403,0.310394,-0.015732,-0.935554,1.016414,-0.549435,-0.202694,0.309843,-0.032708,-0.903207,0.981488,-0.422687,-0.215137,0.315279
580,-0.035215,-0.890776,0.972007,-0.351695,-0.199742,0.313912,-0.016573,-0.916146,0.973868,-0.389958,-0.212675,0.311184,-0.012829,-0.944441,1.012187,-0.507975,-0.208401,0.303632,-0.034135,-0.912735,0.971192,-0.386785,-0.190241,0.324484
581,-0.027871,-0.899926,0.958557,-0.330595,-0.209093,0.304848,-0.019736,-0.91677,0.970938,-0.395118,-0.184613,0.320639,-0.007451,-0.952521,1.009168,-0.506405,-0.213649,0.317318,-0.020327,-0.929655,0.969975,-0.368794,-0.215586,0.317493
582,-0.014891,-0.915023,0.947215,-0.300074,-0.209485,0.315655,-0.01073,-0.930166,0.956918,-0.363572,-0.218522,0.332862,-0.00627,-0.964838,0.990854,-0.453774,-0.214771,0.319767,-0.008077,-0.929082,0.964695,-0.359041,-0.215992,0.293051
583,-0.003722,-0.926296,0.934075,-0.312737,-0.223632,0.316515,-0.007101,-0.943265,0.95357,-0.346794,-0.21678,0.310935,-0.002071,-0.983446,0.993331,-0.443218,-0.221156,0.303491,-0.003198,-0.936521,0.953348,-0.347669,-0.228012,0.307772
584,0.006488,-0.940572,0.931731,-0.2724,-0.21722,0.30046,0.009315,-0.954372,0.935506,-0.321143,-0.206047,0.297602,-0.00378,-0.991526,0.980316,-0.422224,-0.224901,0.301458,0.011588,-0.954446,0.947608,-0.314524,-0.217349,0.314899
585,0.015654,-0.938703,0.913373,-0.266383,-0.240271,0.305869,0.020259,-0.970772,0.925377,-0.311407,-0.227374,0.330425,0.000138,-0.994652,0.965594,-0.380673,-0.23313,0.304491,0.011214,-0.958566,0.923866,-0.286531,-0.219583,0.328914
586,0.040365,-0.951319,0.890363,-0.222339,-0.238166,0.322058,0.021107,-0.975581,0.92261,-0.311784,-0.216695,0.310165,0.010141,-1.008504,0.942789,-0.339579,-0.218504,0.300273,0.016021,-0.981479,0.92221,-0.286917,-0.236589,0.303557
587,0.041451,-0.956555,0.894065,-0.219553,-0.224712,0.31725,0.040027,-0.982813,0.901829,-0.280027,-0.24618,0.309149,0.014045,-1.018632,0.941889,-0.336265,-0.237891,0.30552,0.017089,-0.978947,0.905187,-0.255255,-0.243267,0.299175
588,0.044175,-0.983356,0.879459,-0.209686,-0.24176,0.306858,0.042039,-0.991294,0.900759,-0.234879,-0.238175,0.3019,0.023287,-1.027893,0.929916,-0.300062,-0.237764,0.323694,0.046055,-0.999166,0.893932,-0.244663,-0.247286,0.293771
589,0.061309,-0.986067,0.866972,-0.186144,-0.256557,0.307485,0.047523,-1.002256,0.891388,-0.239537,-0.243153,0.283302,0.019236,-1.032829,0.910496,-0.271971,-0.240877,0.302087,0.057393,-0.996052,0.890073,-0.213648,-0.23644,0.317347
590,0.07837,-0.992761,0.860317,-0.172711,-0.24055,0.304775,0.055698,-1.002259,0.871528,-0.189351,-0.243026,0.300968,0.025151,-1.040456,0.901181,-0.238326,-0.244048,0.304231,0.052871,-1.011447,0.868112,-0.202154,-0.250648,0.288267
591,0.080403,-0.999736,0.835015,-0.142377,-0.248648,0.305993,0.06584,-1.017083,0.862377,-0.172181,-0.243564,0.309638,0.031745,-1.047042,0.88283,-0.230781,-0.244689,0.303997,0.063195,-1.020093,0.861249,-0.174,-0.24943,0.317863
592,0.104505,-1.000307,0.827397,-0.127288,-0.25906,0.289617,0.070302,-1.024435,0.839606,-0.163351,-0.248925,0.313408,0.034953,-1.062177,0.874413,-0.209238,-0.248556,0.307963,0.069002,-1.015696,0.851754,-0.167325,-0.248418,0.294597
593,0.10402,-1.007151,0.827329,-0.115725,-0.283863,0.322707,0.072122,-1.037641,0.836749,-0.131288,-0.261671,0.286892,0.03336,-1.07136,0.853437,-0.16542,-0.258748,0.289226,0.068616,-1.033874,0.838351,-0.156257,-0.26222,0.299888
594,0.11372,-1.021645,0.813537,-0.098957,-0.258473,0.283686,0.085879,-1.03982,0.825483,-0.117474,-0.250992,0.287722,0.037513,-1.075794,0.852052,-0.151603,-0.242218,0.286206,0.085823,-1.040397,0.819618,-0.109091,-0.265556,0.283742
595,0.108891,-1.02661,0.786331,-0.078432,-0.271059,0.291949,0.094677,-1.0434,0.810521,-0.087377,-0.266296,0.282141,0.04362,-1.083617,0.829231,-0.117654,-0.280485,0.293668,0.091333,-1.048243,0.813754,-0.087647,-0.275154,0.274343
596,0.134454,-1.031264,0.766536,-0.056017,-0.26933,0.272605,0.099653,-1.041242,0.792451,-0.077361,-0.263194,0.289527,0.058792,-1.081352,0.81799,-0.086066,-0.262138,0.28349,0.109003,-1.052364,0.782245,-0.062354,-0.262823,0.2873
597,0.140487,-1.040062,0.757153,-0.039621,-0.273405,0.291466,0.10971,-1.055889,0.777943,-0.0378,-0.267334,0.290008,0.053952,-1.091499,0.80915,-0.051446,-0.285866,0.287944,0.099933,-1.0603,0.776706,-0.065936,-0.269782,0.300528
598,0.146369,-1.029784,0.746304,-0.032589,-0.266083,0.290269,0.115217,-1.066656,0.772512,-0.015894,-0.270649,0.276471,0.05223,-1.098206,0.784571,-0.04047,-0.258834,0.285748,0.118133,-1.060997,0.762842,-0.042016,-0.267904,0.273284
599,0.161789,-1.047164,0.732824,-0.006625,-0.287696,0.274382,0.120069,-1.057514,0.746265,0.006077,-0.280111,0.27629,0.058802,-1.099641,0.775381,-0.018574,-0.285464,0.259764,0.133441,-1.069454,0.747583,-0.01422,-0.269303,0.279235
600,0.167855,-1.050892,0.715464,0.002335,-0.296514,0.288214,0.143005,-1.063339,0.733853,0.005748,-0.295155,0.276452,0.05972,-1.105138,0.757346,0.020202,-0.292454,0.282608,0.131272,-1.071352,0.735443,0.016518,-0.26861,0.285058
601,0.175955,-1.048204,0.701478,0.041355,-0.291468,0.278655,0.135364,-1.074792,0.724727,0.035799,-0.261565,0.27443,0.061186,-1.114651,0.742165,0.041517,-0.288891,0.277778,0.141387,-1.075736,0.717971,0.038238,-0.298606,0.270517
602,0.190455,-1.060958,0.69027,0.044114,-0.291182,0.276305,0.14902,-1.071054,0.701772,0.049607,-0.304262,0.272195,0.065301,-1.114423,0.717845,0.081656,-0.276843,0.275379,0.152894,-1.081136,0.709584,0.052672,-0.286441,0.258592
603,0.206139,-1.064339,0.676084,0.060882,-0.299104,0.27399,0.151728,-1.084086,0.690329,0.069005,-0.286527,0.258144,0.067982,-1.12037,0.709369,0.104079,-0.301312,0.265479,0.160662,-1.075728,0.68433,0.078924,-0.286205,0.242021
604,0.220475,-1.062917,0.666842,0.094588,-0.301146,0.264445,0.165425,-1.085244,0.671692,0.09457,-0.303125,0.274089,0.076218,-1.126972,0.695066,0.122609,-0.293907,0.268038,0.166917,-1.097322,0.669011,0.099251,-0.282911,0.269563
605,0.217194,-1.069115,0.644418,0.093173,-0.307624,0.264709,0.175879,-1.092568,0.649945,0.132164,-0.303936,0.252652,0.081995,-1.125108,0.670934,0.173821,-0.30266,0.256179,0.162226,-1.085809,0.661651,0.141666,-0.295795,0.256128
606,0.229157,-1.078392,0.616886,0.132548,-0.296928,0.274601,0.187494,-1.09222,0.631953,0.148262,-0.323039,0.252447,0.081759,-1.127157,0.653824,0.189147,-0.296764,0.26602,0.177128,-1.087127,0.639545,0.154246,-0.290549,0.262757
607,0.243672,-1.0657,0.597371,0.153008,-0.302558,0.254942,0.182534,-1.089486,0.6206,0.17715,-0.290391,0.253244,0.091206,-1.133023,0.632773,0.218302,-0.287627,0.244606,0.185009,-1.088954,0.625211,0.169799,-0.311423,0.260308
608,0.26068,-1.07806,0.595983,0.160143,-0.317882,0.249414,0.196522,-1.094543,0.598185,0.179376,-0.303457,0.249565,0.095807,-1.132363,0.619798,0.252467,-0.296636,0.25628,0.188971,-1.090943,0.598849,0.176164,-0.312719,0.251949
609,0.264639,-1.06732,0.578253,0.18944,-0.310652,0.258854,0.194244,-1.094684,0.582917,0.201556,-0.310088,0.247429,0.097504,-1.13386,0.610588,0.269536,-0.310553,0.247796,0.199641,-1.096082,0.585197,0.209608,-0.30823,0.248198
610,0.269932,-1.078058,0.558664,0.206868,-0.337842,0.255279,0.203436,-1.086929,0.561761,0.230003,-0.303684,0.23362,0.095018,-1.135155,0.579213,0.290485,-0.317473,0.238062,0.212993,-1.093541,0.574829,0.233935,-0.301863,0.244292
611,0.279296,-1.072625,0.535849,0.212034,-0.316438,0.253038,0.224701,-1.102342,0.55,0.245925,-0.306573,0.237785,0.099093,-1.129677,0.564479,0.304687,-0.313939,0.242245,0.218579,-1.091647,0.552472,0.261451,-0.298312,0.23883
612,0.288344,-1.06907,0.522378,0.237683,-0.314231,0.237547,0.216013,-1.100417,0.524914,0.273869,-0.31843,0.231389,0.106774,-1.134385,0.553135,0.360617,-0.312301,0.251543,0.223539,-1.102228,0.540331,0.27184,-0.315451,0.219183
613,0.28756,-1.070892,0.509115,0.264051,-0.319219,0.236228,0.22315,-1.102111,0.511886,0.306355,-0.324533,0.237316,0.111073,-1.131627,0.529349,0.375345,-0.312017,0.247556,0.231702,-1.095249,0.513452,0.297709,-0.303589,0.220398
614,0.297738,-1.066071,0.483888,0.267642,-0.312649,0.206791,0.239418,-1.098051,0.505014,0.311214,-0.321679,0.232391,0.102296,-1.134391,0.517046,0.4244,-0.314717,0.223668,0.240587,-1.092234,0.497082,0.310522,-0.330702,0.229594
615,0.309373,-1.071162,0.458474,0.279195,-0.314819,0.22426,0.236973,-1.090125,0.484726,0.334873,-0.296783,0.224458,0.12102,-1.137565,0.493083,0.426964,-0.317023,0.216041,0.248797,-1.08435,0.476358,0.332431,-0.312261,0.213104
616,0.322937,-1.068917,0.456122,0.313745,-0.31428,0.208928,0.24585,-1.091922,0.46146,0.35059,-0.321762,0.214711,0.120741,-1.123446,0.483296,0.448445,-0.335516,0.233948,0.243831,-1.087957,0.456595,0.364876,-0.315786,0.216371
617,0.339714,-1.061303,0.427379,0.312802,-0.339245,0.211746,0.24615,-1.087874,0.431504,0.379748,-0.334271,0.206023,0.107503,-1.123724,0.448804,0.453974,-0.303918,0.219016,0.262166,-1.0979,0.439376,0.40005,-0.328593,0.217531
618,0.343152,-1.059009,0.410586,0.3438,-0.323683,0.20385,0.262695,-1.083211,0.418313,0.395035,-0.318219,0.238085,0.117141,-1.119544,0.426247,0.505469,-0.300442,0.208453,0.264417,-1.084271,0.415379,0.401904,-0.330676,0.199374
619,0.341902,-1.055651,0.399283,0.337974,-0.317625,0.203876,0.274331,-1.089638,0.401091,0.382334,-0.31114,0.19602,0.128258,-1.121883,0.415236,0.532999,-0.319131,0.201174,0.274874,-1.071202,0.39261,0.428059,-0.320326,0.201423
620,0.345465,-1.057771,0.379825,0.373179,-0.314569,0.188249,0.275721,-1.082651,0.380643,0.441798,-0.323404,0.181199,0.129915,-1.123648,0.395818,0.565086,-0.313669,0.192816,0.276354,-1.082297,0.386314,0.425036,-0.313207,0.186898
621,0.369266,-1.058072,0.355766,0.379203,-0.318783,0.178574,0.284474,-1.080778,0.357654,0.4534,-0.316881,0.19729,0.128405,-1.106231,0.372678,0.588363,-0.30954,0.185585,0.284651,-1.074846,0.357358,0.472468,-0.305629,0.19789
622,0.376549,-1.047781,0.335743,0.399852,-0.316955,0.200167,0.283666,-1.070187,0.350044,0.486366,-0.318378,0.198901,0.136509,-1.111081,0.36183,0.608672,-0.320786,0.206175,0.293716,-1.066773,0.342153,0.487951,-0.318036,0.182619
623,0.371302,-1.03958,0.317899,0.419096,-0.329783,0.173796,0.297146,-1.068167,0.321863,0.495589,-0.312684,0.195954,0.132688,-1.105635,0.336349,0.655135,-0.325527,0.181854,0.294844,-1.066225,0.326288,0.495089,-0.331441,0.188277
624,0.382442,-1.039093,0.304485,0.417207,-0.325987,0.169796,0.299808,-1.058511,0.302616,0.509439,-0.320189,0.183835,0.147278,-1.099415,0.320222,0.642826,-0.311048,0.170795,0.30193,-1.070337,0.293414,0.513153,-0.33156,0.178906
625,0.393847,-1.042067,0.272797,0.451727,-0.312153,0.167357,0.3128,-1.054412,0.28388,0.543826,-0.311166,0.171109,0.140711,-1.100204,0.294104,0.689489,-0.341648,0.166899,0.298617,-1.057557,0.274755,0.530519,-0.328684,0.176572
626,0.394825,-1.023695,0.262345,0.474857,-0.315923,0.16822,0.31275,-1.045408,0.262967,0.559134,-0.328532,0.162872,0.137445,-1.08273,0.272645,0.718801,-0.329696,0.15047,0.315897,-1.053009,0.259697,0.558911,-0.312197,0.169351
627,0.404131,-1.027531,0.240659,0.48856,-0.309583,0.174504,0.314713,-1.044541,0.245252,0.57095,-0.325403,0.169551,0.148859,-1.079738,0.254597,0.749307,-0.321935,0.162884,0.312713,-1.038605,0.242632,0.559522,-0.327619,0.169845
628,0.413104,-1.020544,0.221676,0.473889,-0.329927,0.157784,0.323935,-1.042356,0.219935,0.598649,-0.323521,0.154846,0.153999,-1.068995,0.226431,0.778821,-0.321684,0.160724,0.328899,-1.037945,0.221553,0.587065,-0.311432,0.15885
629,0.420198,-1.013104,0.200338,0.506966,-0.320947,0.154156,0.329373,-1.032763,0.203919,0.583325,-0.332421,0.125431,0.153669,-1.069502,0.202668,0.80109,-0.307257,0.154621,0.336406,-1.038973,0.197859,0.603412,-0.326371,0.142032
630,0.441655,-1.001517,0.181254,0.533842,-0.333705,0.168144,0.337631,-1.024386,0.1866,0.642748,-0.32503,0.129863,0.16125,-1.057029,0.191586,0.788343,-0.330838,0.147011,0.329797,-1.029878,0.186069,0.625979,-0.338626,0.154759
631,0.441391,-0.996311,0.165642,0.536383,-0.332446,0.141426,0.328293,-1.02506,0.166759,0.634417,-0.334193,0.147413,0.157389,-1.05771,0.159173,0.811701,-0.318086,0.127267,0.335305,-1.022864,0.162199,0.640622,-0.310633,0.153792
632,0.432509,-0.983329,0.142786,0.557568,-0.334115,0.135034,0.336398,-1.013908,0.141892,0.678834,-0.339679,0.126478,0.160154,-1.053472,0.143628,0.860727,-0.329404,0.124021,0.343026,-1.004139,0.128962,0.648609,-0.334276,0.139318
633,0.447685,-0.981197,0.115391,0.558878,-0.314264,0.127129,0.349718,-0.998074,0.119737,0.676976,-0.338183,0.118539,0.158378,-1.034307,0.121537,0.878898,-0.31556,0.135206,0.358236,-1.012458,0.116135,0.682656,-0.329989,0.124674
634,0.459275,-0.973653,0.102262,0.599266,-0.341701,0.137206,0.358635,-1.006372,0.097448,0.678043,-0.322492,0.114244,0.174275,-1.027757,0.109649,0.902756,-0.344272,0.127119,0.352337,-0.997714,0.103989,0.67624,-0.326814,0.127078
635,0.461809,-0.963463,0.082294,0.599015,-0.316939,0.109935,0.3617,-0.99232,0.082183,0.715837,-0.337443,0.119093,0.164716,-1.01752,0.077805,0.896998,-0.315516,0.107204,0.352501,-0.981317,0.089505,0.708291,-0.334394,0.113833
636,0.464052,-0.950239,0.052746,0.597611,-0.318687,0.105778,0.362188,-0.978406,0.057629,0.715708,-0.312055,0.112242,0.173765,-1.008982,0.061669,0.943908,-0.312351,0.12458,0.360434,-0.974619,0.057135,0.728776,-0.321176,0.126457
637,0.467201,-0.949797,0.034198,0.618514,-0.322329,0.116823,0.375573,-0.96137,0.04101,0.748815,-0.306917,0.089442,0.170057,-0.993114,0.031121,0.985102,-0.328129,0.09893,0.363384,-0.962973,0.038343,0.735328,-0.329602,0.112388
638,0.471485,-0.947133,0.016092,0.630502,-0.314751,0.096913,0.372028,-0.960202,0.019584,0.768762,-0.309906,0.098919,0.171285,-0.998664,0.011621,0.979391,-0.325501,0.093997,0.363954,-0.959932,0.016916,0.747128,-0.321906,0.108158
639,0.476035,-0.920367,0.009998,0.663428,-0.317215,0.076631,0.383211,-0.947331,-0.000415,0.783627,-0.313047,0.092213,0.17003,-0.981505,-0.005636,1.010574,-0.323634,0.080871,0.375354,-0.946708,-0.004072,0.785236,-0.321923,0.106695
640,0.490912,-0.914594,-0.029542,0.677888,-0.30747,0.098809,0.382052,-0.932078,-0.020843,0.816751,-0.315926,0.072825,0.174703,-0.972472,-0.027027,1.034785,-0.329051,0.092154,0.373024,-0.933226,-0.023333,0.777164,-0.316415,0.097364
641,0.49456,-0.898784,-0.046779,0.6817,-0.32723,0.092598,0.382409,-0.929871,-0.047936,0.803964,-0.326689,0.090974,0.175849,-0.957963,-0.050904,1.047172,-0.301529,0.073497,0.372326,-0.920635,-0.038363,0.816665,-0.316768,0.08523
642,0.504139,-0.900901,-0.055673,0.711032,-0.316326,0.077257,0.385058,-0.916343,-0.058639,0.807455,-0.311825,0.066745,0.174412,-0.947683,-0.073357,1.074041,-0.321431,0.077978,0.385671,-0.914354,-0.065159,0.83481,-0.310335,0.083929
643,0.509952,-0.881596,-0.073194,0.716366,-0.326715,0.075983,0.398232,-0.905351,-0.082812,0.862178,-0.316299,0.071983,0.18454,-0.940499,-0.090445,1.081186,-0.315386,0.085228,0.394512,-0.893778,-0.07966,0.844462,-0.329361,0.068346
644,0.512728,-0.876664,-0.099238,0.721231,-0.311665,0.051438,0.398123,-0.88299,-0.104013,0.847986,-0.318714,0.063473,0.18518,-0.925333,-0.101354,1.101041,-0.31509,0.075374,0.389324,-0.89062,-0.092861,0.870221,-0.320763,0.077205
645,0.512762,-0.876208,-0.138964,0.73369,-0.302416,0.056068,0.39886,-0.879197,-0.123277,0.865699,-0.313501,0.04392,0.187222,-0.911199,-0.127873,1.114056,-0.298352,0.070634,0.400633,-0.885308,-0.135229,0.876485,-0.313815,0.054888
646,0.510764,-0.846444,-0.141389,0.725456,-0.310528,0.043399,0.401561,-0.864355,-0.157402,0.884224,-0.317653,0.052805,0.188572,-0.901935,-0.154529,1.14001,-0.294178,0.051714,0.399948,-0.86767,-0.144923,0.888786,-0.314489,0.049684
647,0.526284,-0.838789,-0.160688,0.760377,-0.291447,0.060509,0.404367,-0.852177,-0.164601,0.911402,-0.308327,0.059137,0.189237,-0.885433,-0.172442,1.150467,-0.316602,0.049057,0.406336,-0.844669,-0.163436,0.902146,-0.30022,0.032668
648,0.530368,-0.831906,-0.179694,0.78958,-0.303576,0.055818,0.412517,-0.833837,-0.188143,0.90944,-0.299405,0.032707,0.187656,-0.87056,-0.194767,1.169234,-0.28629,0.032092,0.411902,-0.834895,-0.183207,0.918446,-0.294395,0.060462
649,0.521383,-0.808201,-0.210035,0.77848,-0.300945,0.034223,0.412142,-0.827912,-0.205939,0.930609,-0.316841,0.048226,0.188406,-0.847697,-0.208354,1.189801,-0.299785,0.026971,0.420522,-0.828841,-0.202515,0.920411,-0.294965,0.02168
650,0.523566,-0.801724,-0.230271,0.787646,-0.295321,0.027477,0.40841,-0.812033,-0.224736,0.939464,-0.283839,0.029666,0.194774,-0.838942,-0.232758,1.209532,-0.29557,0.037022,0.406745,-0.811556,-0.230133,0.963628,-0.292045,0.053648
651,0.533392,-0.782624,-0.246955,0.793221,-0.301421,0.007937,0.413753,-0.800348,-0.2497,0.945764,-0.288601,0.029925,0.191094,-0.824006,-0.2476,1.214034,-0.287967,0.017874,0.419166,-0.804772,-0.240803,0.948156,-0.282223,0.015777
652,0.532576,-0.762035,-0.259598,0.807387,-0.287314,0.019251,0.414122,-0.810939,-0.273032,0.952774,-0.301093,0.016124,0.197451,-0.805042,-0.270654,1.227972,-0.29108,0.007679,0.41146,-0.789405,-0.274269,0.945499,-0.304606,0.000634
653,0.529718,-0.749622,-0.291857,0.816705,-0.275915,-0.006124,0.412755,-0.776922,-0.289318,0.969473,-0.280262,0.004586,0.191601,-0.803182,-0.308898,1.258852,-0.303595,-0.000212,0.422049,-0.77595,-0.287418,0.965818,-0.274155,0.022803
654,0.539893,-0.74093,-0.305136,0.828749,-0.290526,0.006463,0.42702,-0.75846,-0.312693,0.967199,-0.281292,0.00597,0.206245,-0.780421,-0.315663,1.254518,-0.269814,0.012842,0.417528,-0.75915,-0.309259,0.97801,-0.26926,0.01355
655,0.546544,-0.727605,-0.316639,0.83312,-0.27838,-0.003296,0.419271,-0.735942,-0.332938,1.003165,-0.277921,-0.005073,0.207997,-0.768529,-0.337364,1.279579,-0.27721,-0.012594,0.415712,-0.728887,-0.325899,0.975812,-0.279071,0.008716
656,0.553015,-0.708562,-0.346965,0.844606,-0.271821,-0.013858,0.424875,-0.72646,-0.35165,1.026169,-0.2762,-0.006918,0.19583,-0.752723,-0.365558,1.290168,-0.293027,0.000257,0.421872,-0.72507,-0.346422,1.010513,-0.260822,-0.008331
657,0.551196,-0.691543,-0.354435,0.844839,-0.288513,-0.023743,0.431372,-0.710721,-0.369285,1.032177,-0.279038,0.007268,0.1992,-0.737802,-0.374214,1.321826,-0.27037,-0.028508,0.427765,-0.706758,-0.373242,1.021552,-0.273552,-0.01273
658,0.54907,-0.682361,-0.386952,0.866165,-0.276681,-0.024019,0.422947,-0.687176,-0.378731,1.015352,-0.271767,-0.028471,0.202086,-0.718116,-0.39771,1.312275,-0.262833,-0.002663,0.428213,-0.692446,-0.400084,1.017286,-0.264233,-0.026484
659,0.558877,-0.67021,-0.395597,0.877956,-0.284945,-0.032608,0.432901,-0.683304,-0.413243,1.034991,-0.271615,-0.021082,0.203284,-0.700525,-0.421011,1.33315,-0.26811,-0.024243,0.421419,-0.673634,-0.396584,1.038575,-0.281913,-0.029946
660,0.543016,-0.651878,-0.416067,0.875638,-0.263165,-0.014936,0.421891,-0.65486,-0.430218,1.022527,-0.261329,-0.020089,0.197796,-0.686039,-0.437879,1.341926,-0.256831,-0.026208,0.432003,-0.657733,-0.425025,1.048305,-0.262582,-0.028994
661,0.557071,-0.630483,-0.423973,0.871897,-0.271718,-0.052914,0.426481,-0.642296,-0.433245,1.042556,-0.279211,-0.026955,0.206585,-0.667474,-0.450887,1.356169,-0.254375,-0.039956,0.425994,-0.643745,-0.447309,1.052107,-0.262294,-0.017849
662,0.551251,-0.611952,-0.439302,0.896497,-0.254853,-0.046328,0.430294,-0.632044,-0.461411,1.055549,-0.267555,-0.041344,0.209434,-0.653762,-0.48545,1.379489,-0.270595,-0.050462,0.423033,-0.628509,-0.474341,1.065073,-0.267384,-0.062606
663,0.55967,-0.598512,-0.471473,0.886124,-0.255654,-0.038487,0.435691,-0.608789,-0.479387,1.069142,-0.249478,-0.033241,0.20548,-0.626945,-0.495942,1.382916,-0.251169,-0.045107,0.439834,-0.62779,-0.470408,1.065336,-0.258579,-0.052607
664,0.560583,-0.57868,-0.484129,0.893463,-0.24067,-0.04394,0.437497,-0.584614,-0.493843,1.07329,-0.236827,-0.061258,0.201772,-0.608453,-0.521914,1.384462,-0.244084,-0.063158,0.426934,-0.594541,-0.518065,1.075103,-0.266568,-0.061924
665,0.558266,-0.56738,-0.512297,0.900585,-0.240698,-0.062461,0.433143,-0.582757,-0.524186,1.073598,-0.250774,-0.052127,0.202794,-0.592716,-0.540842,1.388454,-0.248073,-0.065109,0.434679,-0.577648,-0.524502,1.091216,-0.249702,-0.043309
666,0.557455,-0.541707,-0.526706,0.901376,-0.257021,-0.065712,0.428849,-0.566463,-0.535213,1.075648,-0.239329,-0.06396,0.205331,-0.566232,-0.551948,1.394504,-0.249714,-0.071927,0.438454,-0.56048,-0.539615,1.068372,-0.238175,-0.055406
