sample_idx,Va_1,Vb_1,Vc_1,Ia_1,Ib_1,Ic_1,Va_5,Vb_5,Vc_5,Ia_5,Ib_5,Ic_5,Va_10,Vb_10,Vc_10,Ia_10,Ib_10,Ic_10,Va_30,Vb_30,Vc_30,Ia_30,Ib_30,Ic_30
0,0.998097,-0.507792,-0.509461,0.506717,-0.397265,-0.13276,0.996685,-0.495392,-0.503714,0.52037,-0.393295,-0.10788,0.98934,-0.499981,-0.496256,0.521879,-0.398648,-0.129465,0.999539,-0.506543,-0.491953,0.499393,-0.379957,-0.114649
1,0.992837,-0.488465,-0.512253,0.518609,-0.379815,-0.118987,0.997689,-0.483268,-0.51719,0.516342,-0.383592,-0.111083,0.991291,-0.480456,-0.514586,0.521771,-0.388049,-0.131597,0.993218,-0.482649,-0.510242,0.507901,-0.372816,-0.136305
2,1.002666,-0.45738,-0.526805,0.501774,-0.362461,-0.126087,0.997734,-0.464196,-0.53243,0.510852,-0.386404,-0.152456,0.996848,-0.473485,-0.524029,0.509849,-0.354773,-0.130736,1.009631,-0.465825,-0.52809,0.49309,-0.381307,-0.141739
3,0.994724,-0.447456,-0.551786,0.519244,-0.359061,-0.138466,1.000863,-0.443433,-0.545064,0.527843,-0.366116,-0.147599,0.994556,-0.442752,-0.545611,0.510188,-0.377229,-0.155158,0.997252,-0.443935,-0.551222,0.515321,-0.373467,-0.135204
4,0.995214,-0.426259,-0.553479,0.517774,-0.350587,-0.164426,0.996557,-0.436063,-0.57127,0.520124,-0.353355,-0.158481,0.997435,-0.430505,-0.557835,0.535341,-0.338746,-0.156296,1.004658,-0.435382,-0.559105,0.523419,-0.359144,-0.159727
5,0.993153,-0.412725,-0.574761,0.520814,-0.363052,-0.182937,0.994653,-0.414146,-0.580828,0.512365,-0.338157,-0.185678,0.989063,-0.407721,-0.577635,0.516326,-0.343115,-0.170498,0.985964,-0.420623,-0.57689,0.526727,-0.356532,-0.179344
6,0.992718,-0.39965,-0.592072,0.533608,-0.369015,-0.168601,1.001608,-0.399571,-0.594471,0.507034,-0.354112,-0.175347,1.001398,-0.409259,-0.600106,0.512591,-0.339156,-0.171165,0.998111,-0.402764,-0.600265,0.53265,-0.340437,-0.173774
7,0.990289,-0.378061,-0.604913,0.521295,-0.332558,-0.19144,0.989031,-0.37859,-0.604245,0.512757,-0.346444,-0.181991,0.989774,-0.382707,-0.608248,0.524233,-0.354605,-0.207551,0.992657,-0.38048,-0.608885,0.508323,-0.352538,-0.176578
8,0.990007,-0.362655,-0.620943,0.525995,-0.354674,-0.192059,0.980037,-0.364097,-0.629962,0.528914,-0.31376,-0.206763,0.990089,-0.367483,-0.622491,0.524256,-0.316634,-0.187831,0.990985,-0.371575,-0.626509,0.515575,-0.346517,-0.203244
9,0.986576,-0.347479,-0.637131,0.519911,-0.313236,-0.198108,0.972353,-0.347306,-0.640236,0.515693,-0.323079,-0.208364,0.969889,-0.349103,-0.639819,0.513414,-0.318461,-0.207723,0.981524,-0.345945,-0.644691,0.538564,-0.322103,-0.205612
10,0.979845,-0.336577,-0.654061,0.534212,-0.308758,-0.192321,0.986564,-0.327136,-0.654689,0.516079,-0.31714,-0.214046,0.985779,-0.329768,-0.660451,0.528548,-0.321077,-0.217155,0.97113,-0.330501,-0.645198,0.522563,-0.309567,-0.233343
11,0.968824,-0.318541,-0.669514,0.528111,-0.285592,-0.210881,0.982454,-0.317587,-0.665288,0.534756,-0.29472,-0.229297,0.979212,-0.304486,-0.656339,0.525566,-0.305956,-0.209117,0.983024,-0.306181,-0.669101,0.532925,-0.289117,-0.20843
12,0.979311,-0.299359,-0.691805,0.532664,-0.303084,-0.24557,0.971274,-0.289469,-0.685326,0.53226,-0.308035,-0.22427,0.965713,-0.295853,-0.675626,0.538207,-0.289594,-0.235453,0.97079,-0.285395,-0.681052,0.534218,-0.288657,-0.246798
13,0.980762,-0.276577,-0.697929,0.536229,-0.300718,-0.258638,0.973544,-0.268283,-0.695807,0.531027,-0.30114,-0.234519,0.969861,-0.273149,-0.696772,0.527358,-0.286942,-0.251739,0.967308,-0.277302,-0.701152,0.527995,-0.305097,-0.231341
14,0.966196,-0.254525,-0.711683,0.518974,-0.268144,-0.241032,0.965001,-0.25441,-0.717171,0.501158,-0.286217,-0.242783,0.967013,-0.26308,-0.712696,0.519036,-0.294435,-0.238927,0.970405,-0.259154,-0.707138,0.533895,-0.265799,-0.23293
15,0.962513,-0.233232,-0.723689,0.5323,-0.270362,-0.262093,0.96294,-0.242009,-0.715434,0.530014,-0.275294,-0.260329,0.952901,-0.243077,-0.717505,0.518536,-0.264214,-0.258958,0.967666,-0.236295,-0.722844,0.530218,-0.288002,-0.260602
16,0.956927,-0.22099,-0.736216,0.522527,-0.249284,-0.267029,0.95239,-0.225727,-0.734815,0.534005,-0.259962,-0.275826,0.948248,-0.216994,-0.732573,0.516081,-0.266461,-0.275128,0.960547,-0.224105,-0.739073,0.534489,-0.246521,-0.254735
17,0.954512,-0.199154,-0.754374,0.517836,-0.246901,-0.271016,0.950444,-0.200462,-0.745819,0.506258,-0.239551,-0.270884,0.949092,-0.203587,-0.754173,0.513881,-0.243143,-0.268803,0.952832,-0.210115,-0.749938,0.530322,-0.242872,-0.261734
18,0.936326,-0.188102,-0.764381,0.549457,-0.253791,-0.288439,0.939996,-0.189452,-0.754578,0.543319,-0.257371,-0.272487,0.944315,-0.182341,-0.745873,0.529709,-0.246202,-0.295833,0.944656,-0.183593,-0.754956,0.531645,-0.245982,-0.278797
19,0.933615,-0.172717,-0.77344,0.549844,-0.230449,-0.307537,0.937813,-0.165718,-0.773772,0.553123,-0.239382,-0.309457,0.933389,-0.164493,-0.779202,0.525767,-0.249432,-0.297368,0.93226,-0.171877,-0.76271,0.550693,-0.245941,-0.294125
20,0.930256,-0.139673,-0.783932,0.540056,-0.225796,-0.302744,0.933376,-0.145141,-0.792189,0.514286,-0.220833,-0.323692,0.940401,-0.14787,-0.785379,0.534312,-0.239656,-0.289619,0.929502,-0.146573,-0.788395,0.531787,-0.225089,-0.295393
21,0.9288,-0.133559,-0.79633,0.530071,-0.202891,-0.308815,0.925977,-0.138957,-0.798438,0.537745,-0.198497,-0.294693,0.918887,-0.126776,-0.799853,0.543649,-0.220213,-0.303811,0.917166,-0.118706,-0.79542,0.52871,-0.227279,-0.314536
22,0.920407,-0.110074,-0.81164,0.548348,-0.182971,-0.312305,0.913805,-0.110715,-0.810229,0.521333,-0.208254,-0.296784,0.917757,-0.104726,-0.815993,0.516037,-0.202035,-0.323007,0.919665,-0.109788,-0.804547,0.523699,-0.208896,-0.311919
23,0.910226,-0.08823,-0.820998,0.520551,-0.220939,-0.311941,0.913622,-0.093409,-0.816492,0.527768,-0.204524,-0.319627,0.905751,-0.087563,-0.821029,0.522532,-0.198135,-0.332258,0.909142,-0.095733,-0.824259,0.505819,-0.212126,-0.348242
24,0.896046,-0.073591,-0.828621,0.53886,-0.1901,-0.330473,0.905345,-0.067611,-0.827238,0.530919,-0.197827,-0.332379,0.901737,-0.073435,-0.82747,0.519122,-0.180366,-0.309544,0.902575,-0.074027,-0.832902,0.497314,-0.18587,-0.329934
25,0.887291,-0.048729,-0.839155,0.527119,-0.193561,-0.331095,0.898206,-0.054889,-0.834859,0.528374,-0.172244,-0.336322,0.892894,-0.058869,-0.840521,0.529555,-0.194616,-0.315059,0.894523,-0.048024,-0.838705,0.509948,-0.182661,-0.345264
26,0.882586,-0.037955,-0.850752,0.525076,-0.15032,-0.358979,0.876753,-0.035827,-0.850275,0.508427,-0.170307,-0.356236,0.884853,-0.02818,-0.850388,0.52087,-0.179566,-0.340935,0.88679,-0.043198,-0.845491,0.524804,-0.162641,-0.340203
27,0.873893,-0.011988,-0.853538,0.519544,-0.172546,-0.338251,0.871683,-0.006633,-0.861064,0.52018,-0.165405,-0.375158,0.875613,-0.016387,-0.866542,0.525658,-0.171729,-0.354779,0.871377,-0.012594,-0.857382,0.536407,-0.17087,-0.350593
28,0.860753,0.009464,-0.870557,0.518753,-0.141146,-0.366495,0.862405,-0.000158,-0.867933,0.494107,-0.161394,-0.362466,0.868371,0.009927,-0.872216,0.522685,-0.137679,-0.374847,0.869115,0.012288,-0.86501,0.517323,-0.177303,-0.35662
29,0.85734,0.028219,-0.88041,0.524755,-0.148313,-0.357935,0.847809,0.039651,-0.873704,0.519415,-0.149807,-0.364997,0.856995,0.023228,-0.876251,0.522728,-0.153066,-0.362895,0.847639,0.013587,-0.873415,0.518969,-0.139512,-0.381939
30,0.843794,0.037685,-0.892291,0.509744,-0.114603,-0.390487,0.848602,0.046397,-0.889253,0.490538,-0.15436,-0.375975,0.843833,0.03831,-0.884577,0.511723,-0.133394,-0.367872,0.845817,0.040196,-0.88708,0.523004,-0.140846,-0.380073
31,0.831985,0.055736,-0.884676,0.504856,-0.129365,-0.370452,0.835349,0.064585,-0.89362,0.502118,-0.11893,-0.38899,0.84121,0.057441,-0.889626,0.492789,-0.118092,-0.392936,0.83851,0.063995,-0.901568,0.509752,-0.139765,-0.385594
32,0.819992,0.080949,-0.906762,0.51038,-0.121931,-0.375549,0.829936,0.085073,-0.90319,0.5072,-0.10849,-0.377699,0.830375,0.076023,-0.909001,0.501421,-0.137607,-0.385103,0.819064,0.081063,-0.905854,0.495954,-0.102404,-0.399136
33,0.813325,0.093625,-0.910775,0.509787,-0.125492,-0.409691,0.815765,0.097534,-0.903955,0.507954,-0.108339,-0.409362,0.816085,0.100477,-0.913767,0.497367,-0.106844,-0.397977,0.802333,0.102628,-0.908592,0.516,-0.103308,-0.393905
34,0.80083,0.119318,-0.926481,0.506063,-0.108626,-0.394761,0.80057,0.118331,-0.919083,0.515937,-0.091441,-0.396513,0.79122,0.113384,-0.920126,0.488713,-0.109684,-0.400392,0.79404,0.130705,-0.919859,0.495008,-0.096104,-0.418513
35,0.79257,0.1364,-0.92154,0.499464,-0.085386,-0.406856,0.793219,0.13938,-0.923745,0.497092,-0.094166,-0.415609,0.798995,0.140888,-0.924537,0.487412,-0.080091,-0.414279,0.793462,0.14216,-0.923291,0.490999,-0.078147,-0.4034
36,0.778406,0.151598,-0.924169,0.485627,-0.084126,-0.413783,0.770437,0.164666,-0.929938,0.48694,-0.072677,-0.40486,0.785789,0.156734,-0.929524,0.495776,-0.053672,-0.427327,0.782448,0.14772,-0.930801,0.482653,-0.065599,-0.415778
37,0.766841,0.167857,-0.933631,0.489629,-0.062184,-0.422295,0.762572,0.171767,-0.937785,0.499096,-0.075076,-0.422418,0.760822,0.176363,-0.940971,0.484394,-0.069801,-0.405951,0.768932,0.176107,-0.928496,0.46112,-0.06899,-0.408699
38,0.748782,0.1841,-0.934694,0.473766,-0.037045,-0.430577,0.755804,0.191956,-0.95183,0.480661,-0.066669,-0.430827,0.758779,0.187646,-0.936126,0.486965,-0.064474,-0.431982,0.751318,0.186381,-0.941669,0.471111,-0.044001,-0.426197
39,0.743487,0.215274,-0.958122,0.490255,-0.055958,-0.418572,0.744602,0.200278,-0.948355,0.482655,-0.030385,-0.427345,0.740769,0.215998,-0.946935,0.486017,-0.034668,-0.425247,0.744083,0.209561,-0.943316,0.48848,-0.036416,-0.427085
40,0.732291,0.228798,-0.95842,0.476815,-0.018428,-0.44345,0.729438,0.22867,-0.960164,0.481014,-0.0155,-0.434168,0.719625,0.228017,-0.958742,0.45661,-0.038547,-0.447789,0.727677,0.229749,-0.955173,0.50178,-0.030526,-0.442807
41,0.708389,0.251278,-0.965067,0.489266,-0.012733,-0.450813,0.707741,0.244469,-0.973309,0.46408,-0.009566,-0.464781,0.720629,0.249918,-0.956356,0.465679,-0.030049,-0.441258,0.718412,0.235438,-0.96777,0.486411,-0.036481,-0.449553
42,0.699492,0.264937,-0.958711,0.463494,-0.004571,-0.44458,0.704278,0.267549,-0.970133,0.474211,-0.038624,-0.437346,0.706249,0.258897,-0.962067,0.468978,-0.030775,-0.449129,0.701361,0.255614,-0.969672,0.471224,-0.010079,-0.452032
43,0.690616,0.278692,-0.981107,0.443031,-0.008451,-0.445249,0.695067,0.279621,-0.976772,0.470542,-0.014528,-0.463247,0.693425,0.27515,-0.980869,0.458404,0.000308,-0.447103,0.682197,0.282226,-0.973423,0.467023,0.002792,-0.461119
44,0.676739,0.298017,-0.976088,0.454861,0.01822,-0.466621,0.679162,0.297291,-0.977577,0.44937,0.000504,-0.454833,0.678113,0.300005,-0.981239,0.435247,-0.00644,-0.453468,0.673594,0.305003,-0.98071,0.44062,0.011756,-0.455016
45,0.658383,0.32048,-0.974883,0.454646,0.002763,-0.477682,0.656409,0.325533,-0.970154,0.463075,0.021346,-0.491117,0.657749,0.312944,-0.971877,0.436162,-0.005431,-0.452645,0.656392,0.321893,-0.976478,0.449132,0.005971,-0.472939
46,0.648139,0.334019,-0.979944,0.459333,0.025822,-0.455383,0.642311,0.340993,-0.985199,0.441966,0.022134,-0.469496,0.636921,0.33922,-0.987691,0.464093,0.0001,-0.481123,0.647007,0.338854,-0.988288,0.436353,0.043532,-0.468686
47,0.645775,0.353246,-0.987358,0.450409,0.025423,-0.475044,0.638354,0.35709,-0.987064,0.443904,0.027428,-0.472431,0.626768,0.349878,-0.981789,0.452276,0.040491,-0.47501,0.63112,0.350066,-0.987828,0.449224,0.017992,-0.461076
48,0.617296,0.375862,-0.978972,0.413296,0.018935,-0.486273,0.615244,0.375067,-0.993523,0.424126,0.0549,-0.475171,0.612225,0.370796,-0.991645,0.437633,0.031498,-0.486963,0.609287,0.372171,-0.988918,0.442508,0.053586,-0.469667
49,0.598395,0.384649,-0.995692,0.430894,0.052123,-0.489721,0.598832,0.388944,-0.986378,0.437847,0.049726,-0.472073,0.598791,0.389854,-0.987953,0.417125,0.053092,-0.494863,0.596919,0.386299,-0.993159,0.433907,0.045363,-0.490713
50,0.586382,0.411049,-0.998861,0.420634,0.060272,-0.499851,0.581002,0.39495,-1.002268,0.437784,0.053213,-0.494016,0.586358,0.405398,-0.989877,0.424076,0.072727,-0.496894,0.5887,0.404505,-0.992787,0.435571,0.056956,-0.486356
51,0.574792,0.418096,-0.996257,0.396855,0.052277,-0.482039,0.567905,0.425774,-0.992629,0.429697,0.059229,-0.478058,0.571622,0.428093,-0.993159,0.41307,0.076189,-0.490232,0.567812,0.416132,-1.005161,0.416406,0.062246,-0.488743
52,0.560389,0.43746,-0.999084,0.404235,0.082264,-0.48704,0.552293,0.443612,-1.000265,0.403612,0.078999,-0.488472,0.559024,0.438301,-0.994809,0.400364,0.075276,-0.478905,0.566483,0.44207,-1.008408,0.393094,0.069859,-0.511655
53,0.536521,0.457857,-1.001723,0.394347,0.09757,-0.509652,0.533373,0.461606,-0.997429,0.411962,0.100792,-0.484206,0.543318,0.456474,-1.008529,0.394813,0.098637,-0.494753,0.540968,0.461479,-1.008571,0.402667,0.098089,-0.494747
54,0.520707,0.468196,-0.998294,0.395945,0.105696,-0.512586,0.524287,0.469035,-1.000589,0.402311,0.09538,-0.504613,0.523359,0.479356,-0.989729,0.400532,0.091443,-0.493866,0.530876,0.474749,-0.996225,0.409893,0.110389,-0.508382
55,0.505659,0.493554,-1.007603,0.408204,0.104022,-0.512388,0.50535,0.496285,-1.000841,0.400347,0.117408,-0.495396,0.515812,0.490406,-0.995402,0.385911,0.121223,-0.501611,0.508668,0.491954,-0.999305,0.401584,0.103843,-0.501851
56,0.500372,0.498742,-0.993921,0.380849,0.110539,-0.521141,0.487131,0.508753,-0.996392,0.383611,0.126042,-0.532462,0.496029,0.504284,-1.002668,0.36202,0.13315,-0.498742,0.487524,0.504093,-0.995653,0.389506,0.118608,-0.504595
57,0.480658,0.527097,-0.997492,0.367817,0.147092,-0.504625,0.47922,0.525637,-1.000522,0.373703,0.143205,-0.516243,0.482371,0.525134,-0.994627,0.367772,0.135301,-0.516153,0.476505,0.526982,-1.000177,0.389063,0.120185,-0.48918
58,0.462847,0.544556,-1.013162,0.379258,0.148769,-0.496428,0.452762,0.554667,-0.995471,0.373856,0.142531,-0.517866,0.448018,0.534022,-1.005286,0.36908,0.141889,-0.515404,0.458662,0.54474,-1.000537,0.393814,0.139746,-0.527147
59,0.438906,0.556211,-0.99142,0.376359,0.167983,-0.525044,0.438398,0.552885,-1.002109,0.366615,0.163043,-0.510636,0.43931,0.567933,-1.007635,0.356884,0.150207,-0.524364,0.44781,0.544625,-0.99988,0.375977,0.15282,-0.512391
60,0.423118,0.568426,-0.991792,0.35655,0.164395,-0.516101,0.434766,0.568689,-0.998413,0.367801,0.166137,-0.508972,0.42559,0.572013,-0.997573,0.349966,0.168818,-0.526234,0.418997,0.568749,-0.996349,0.363626,0.174265,-0.521229
61,0.404033,0.584708,-0.989717,0.344847,0.166927,-0.52039,0.40656,0.589088,-0.999886,0.367296,0.15672,-0.514953,0.406977,0.581968,-0.995279,0.345787,0.181072,-0.52218,0.416559,0.590745,-0.995488,0.347764,0.15949,-0.504835
62,0.391614,0.608499,-0.988231,0.343384,0.172543,-0.545506,0.391706,0.600757,-0.999226,0.357103,0.192769,-0.545071,0.387765,0.604638,-0.989659,0.332064,0.171324,-0.530446,0.387835,0.601266,-0.993412,0.367625,0.189006,-0.521053
63,0.376186,0.612112,-0.994013,0.318764,0.175975,-0.542371,0.37329,0.62056,-0.998959,0.330556,0.183476,-0.532388,0.377855,0.612995,-0.992456,0.334362,0.17671,-0.49887,0.375705,0.611901,-0.986017,0.336221,0.177589,-0.526894
64,0.351578,0.636315,-0.982135,0.330387,0.211186,-0.533628,0.352967,0.636471,-0.993378,0.340871,0.208902,-0.520706,0.355578,0.630237,-0.99454,0.321156,0.183999,-0.534317,0.35905,0.620609,-0.98862,0.329929,0.201681,-0.540269
65,0.344555,0.658679,-0.994211,0.319779,0.215566,-0.520813,0.343703,0.648129,-0.990107,0.307462,0.213581,-0.539168,0.337506,0.648932,-0.989614,0.321224,0.19856,-0.528815,0.339024,0.650644,-0.981232,0.323934,0.218461,-0.524177
66,0.32669,0.653407,-0.97711,0.30481,0.207242,-0.529627,0.318916,0.652426,-0.984029,0.311564,0.226302,-0.530807,0.314117,0.663116,-0.986464,0.293154,0.223227,-0.552139,0.322077,0.662406,-0.969633,0.319089,0.213705,-0.515993
67,0.294125,0.672864,-0.974518,0.309418,0.20347,-0.510707,0.30062,0.675045,-0.985658,0.309177,0.230067,-0.519636,0.30921,0.662652,-0.972192,0.296602,0.214733,-0.538222,0.312519,0.667903,-0.976133,0.302129,0.220179,-0.526672
68,0.291343,0.689421,-0.974284,0.294526,0.230575,-0.52638,0.281709,0.690157,-0.967901,0.305146,0.224808,-0.538561,0.282874,0.688612,-0.978006,0.298076,0.221584,-0.529457,0.288199,0.697279,-0.970929,0.296583,0.247849,-0.522135
69,0.269172,0.704048,-0.973371,0.286664,0.251071,-0.522633,0.261724,0.701063,-0.9764,0.286809,0.249898,-0.513833,0.255563,0.705573,-0.964818,0.281059,0.235878,-0.533141,0.259835,0.69857,-0.973704,0.275866,0.249678,-0.523914
70,0.238925,0.709377,-0.96449,0.286199,0.256654,-0.531108,0.242166,0.718781,-0.958605,0.280801,0.262911,-0.533602,0.244929,0.715286,-0.955457,0.273015,0.265925,-0.541642,0.241003,0.710031,-0.963285,0.263155,0.252517,-0.522588
71,0.236884,0.725792,-0.961277,0.261612,0.258857,-0.520848,0.231995,0.720666,-0.964474,0.284507,0.251641,-0.545489,0.233892,0.726192,-0.956778,0.277039,0.266074,-0.515808,0.230259,0.726125,-0.958027,0.270437,0.275862,-0.522916
72,0.216436,0.728916,-0.946959,0.262673,0.283935,-0.53619,0.20727,0.747728,-0.951744,0.265026,0.259811,-0.525147,0.213123,0.739938,-0.950495,0.259795,0.26378,-0.536815,0.212602,0.73366,-0.958802,0.267076,0.259466,-0.533856
73,0.184706,0.746416,-0.941819,0.262271,0.27507,-0.531012,0.195809,0.748093,-0.946624,0.250682,0.265188,-0.510191,0.190272,0.755181,-0.956086,0.250247,0.264765,-0.55084,0.195878,0.75164,-0.944264,0.247066,0.271888,-0.531533
74,0.183288,0.766569,-0.934733,0.242142,0.29916,-0.538212,0.166988,0.758823,-0.935886,0.221285,0.297872,-0.52094,0.18451,0.757455,-0.945039,0.233961,0.300249,-0.529827,0.178502,0.75917,-0.954661,0.243761,0.289159,-0.516435
75,0.151809,0.776767,-0.933352,0.227941,0.304156,-0.516686,0.157103,0.78555,-0.920626,0.234756,0.303979,-0.543035,0.153531,0.775444,-0.936735,0.220346,0.284517,-0.523683,0.159623,0.773998,-0.937626,0.220621,0.286228,-0.535383
76,0.141275,0.788486,-0.924438,0.238356,0.307732,-0.523811,0.13626,0.790829,-0.924707,0.226979,0.304041,-0.535678,0.133316,0.788697,-0.9275,0.217196,0.288529,-0.530197,0.143942,0.792394,-0.931143,0.242565,0.308511,-0.514275
77,0.120729,0.802891,-0.918204,0.2338,0.327002,-0.509642,0.126813,0.801749,-0.910736,0.217824,0.30473,-0.511539,0.124631,0.80236,-0.919896,0.222993,0.306465,-0.528291,0.125091,0.797296,-0.925417,0.221385,0.30762,-0.534416
78,0.090358,0.80508,-0.904834,0.215139,0.322511,-0.527823,0.105547,0.809782,-0.913479,0.219584,0.312511,-0.530856,0.096447,0.809496,-0.919236,0.200037,0.310492,-0.517517,0.094248,0.799033,-0.913453,0.199268,0.308635,-0.531123
79,0.080619,0.833285,-0.909152,0.202211,0.313351,-0.513034,0.076419,0.82282,-0.901999,0.210614,0.331684,-0.512038,0.086378,0.827845,-0.898022,0.218053,0.332923,-0.527859,0.091908,0.817603,-0.904814,0.201616,0.337687,-0.517292
80,0.061932,0.828624,-0.899228,0.207198,0.31519,-0.517053,0.062632,0.831108,-0.897089,0.191399,0.318532,-0.520855,0.064636,0.833482,-0.891542,0.170783,0.336268,-0.529984,0.065257,0.831704,-0.898299,0.183023,0.326697,-0.526896
81,0.040347,0.837519,-0.891505,0.181404,0.343419,-0.519658,0.038142,0.847439,-0.88708,0.173749,0.358086,-0.529546,0.041564,0.838404,-0.881254,0.168193,0.315214,-0.535747,0.03786,0.84452,-0.894985,0.173591,0.335435,-0.522549
82,0.018078,0.848575,-0.879904,0.16833,0.360171,-0.508114,0.021359,0.851587,-0.870244,0.153731,0.345377,-0.517463,0.027175,0.856346,-0.876296,0.174216,0.358813,-0.516001,0.018033,0.853411,-0.876291,0.169961,0.355717,-0.5267
83,0.008662,0.870156,-0.868662,0.164413,0.366755,-0.531441,0.010746,0.856427,-0.864278,0.16271,0.353676,-0.511857,0.00803,0.873242,-0.87031,0.172692,0.333377,-0.534499,0.00451,0.865614,-0.879565,0.164776,0.359799,-0.525429
84,-0.011892,0.868836,-0.871079,0.141604,0.366411,-0.530039,-0.019438,0.865512,-0.852737,0.144969,0.370464,-0.520354,-0.015859,0.86511,-0.862389,0.160967,0.371128,-0.505771,-0.013911,0.875462,-0.856258,0.142784,0.354507,-0.510663
85,-0.043174,0.882974,-0.856093,0.147831,0.373538,-0.516521,-0.027294,0.884156,-0.846964,0.142731,0.358247,-0.512052,-0.031832,0.877525,-0.857339,0.145322,0.379095,-0.495482,-0.03037,0.878478,-0.848373,0.132319,0.342144,-0.540629
86,-0.048634,0.897055,-0.847682,0.115868,0.379255,-0.516548,-0.05232,0.888411,-0.83164,0.127601,0.377928,-0.508585,-0.044663,0.888287,-0.842143,0.123337,0.390659,-0.520677,-0.045306,0.885978,-0.836184,0.111982,0.370116,-0.502621
87,-0.071362,0.899294,-0.824677,0.11454,0.397569,-0.506802,-0.069231,0.894315,-0.837483,0.136501,0.418169,-0.522893,-0.065115,0.901331,-0.815867,0.131092,0.377456,-0.524953,-0.064629,0.899567,-0.829722,0.130381,0.393118,-0.504389
88,-0.096483,0.900911,-0.821014,0.105996,0.388521,-0.502484,-0.090226,0.907644,-0.831053,0.113919,0.392946,-0.497995,-0.081201,0.901507,-0.825539,0.109652,0.38174,-0.515803,-0.092129,0.907771,-0.808928,0.11369,0.387551,-0.507064
89,-0.100898,0.923384,-0.810138,0.109575,0.398055,-0.506435,-0.103452,0.913511,-0.810531,0.112989,0.408456,-0.498319,-0.112912,0.909205,-0.796714,0.104918,0.400177,-0.523131,-0.108612,0.915984,-0.808658,0.10985,0.416454,-0.494854
90,-0.128329,0.913256,-0.795356,0.093499,0.400594,-0.498543,-0.122275,0.918063,-0.801805,0.08442,0.397716,-0.499175,-0.111438,0.921259,-0.797434,0.092313,0.400503,-0.490975,-0.129745,0.92104,-0.801808,0.08407,0.424966,-0.500517
91,-0.139268,0.929237,-0.78218,0.072694,0.426019,-0.494367,-0.146981,0.928404,-0.786771,0.085004,0.418097,-0.492134,-0.150265,0.927497,-0.780004,0.091013,0.410857,-0.513395,-0.143716,0.932248,-0.783472,0.103075,0.397835,-0.493271
92,-0.158754,0.94034,-0.772078,0.068528,0.432993,-0.491495,-0.159983,0.939646,-0.769243,0.075788,0.409992,-0.497835,-0.163795,0.939786,-0.771734,0.065983,0.421228,-0.496509,-0.168239,0.937274,-0.762254,0.07127,0.409431,-0.488929
93,-0.179713,0.945192,-0.764328,0.040392,0.423306,-0.476156,-0.186928,0.945424,-0.754613,0.060492,0.425066,-0.484494,-0.170967,0.943476,-0.764807,0.059173,0.443894,-0.483001,-0.182259,0.935281,-0.76023,0.060033,0.414367,-0.497854
94,-0.198927,0.940731,-0.751943,0.0537,0.417035,-0.467453,-0.200987,0.948936,-0.752706,0.063213,0.425592,-0.474581,-0.200874,0.948609,-0.751199,0.051887,0.434027,-0.480545,-0.189953,0.948601,-0.746685,0.054688,0.426287,-0.497253
95,-0.213703,0.954067,-0.731068,0.02772,0.421502,-0.481453,-0.209113,0.956682,-0.740293,0.049628,0.426397,-0.473825,-0.225479,0.957114,-0.734676,0.053093,0.452384,-0.465393,-0.22401,0.957891,-0.737981,0.053362,0.443732,-0.4793
96,-0.227251,0.957817,-0.725156,0.043776,0.435012,-0.480887,-0.237051,0.956691,-0.722222,0.023843,0.447795,-0.472746,-0.232728,0.95526,-0.724294,0.036568,0.440946,-0.472075,-0.243553,0.960661,-0.728511,0.036167,0.44121,-0.471382
97,-0.256376,0.969747,-0.697514,0.018151,0.449201,-0.453462,-0.25462,0.966165,-0.710571,0.024141,0.461639,-0.476662,-0.262468,0.957445,-0.718283,0.003933,0.437416,-0.469042,-0.2601,0.962641,-0.720111,0.020699,0.44835,-0.460396
98,-0.274802,0.966583,-0.697334,0.025105,0.440753,-0.461876,-0.277243,0.972381,-0.693817,0.00625,0.448243,-0.470178,-0.273675,0.966747,-0.697149,0.01993,0.449932,-0.46756,-0.270264,0.965918,-0.694703,-0.001092,0.447737,-0.481698
99,-0.296328,0.979469,-0.676587,0.008302,0.442404,-0.454869,-0.288078,0.977772,-0.678054,0.002595,0.450445,-0.464774,-0.290186,0.965973,-0.687861,0.013318,0.452175,-0.469302,-0.29398,0.973431,-0.677779,-0.006105,0.453701,-0.456091
100,-0.308083,0.978432,-0.677537,-0.007776,0.454096,-0.462324,-0.307674,0.990807,-0.666262,-0.020014,0.449641,-0.460633,-0.309651,0.973419,-0.672868,-0.016131,0.457252,-0.448459,-0.307524,0.979891,-0.663565,-0.003008,0.470487,-0.455857
101,-0.318013,0.97523,-0.65182,-0.004852,0.444776,-0.43586,-0.335172,0.989622,-0.656741,-0.015904,0.457777,-0.450961,-0.321567,0.976868,-0.655409,-0.009948,0.466294,-0.453764,-0.321676,0.977767,-0.660073,-0.008905,0.473467,-0.441147
102,-0.339404,0.992019,-0.629505,-0.012311,0.477404,-0.444693,-0.350799,0.989303,-0.644389,-0.026008,0.453695,-0.442082,-0.340172,0.978775,-0.646173,-0.014978,0.473664,-0.439109,-0.344934,0.980151,-0.639579,-0.023298,0.457713,-0.455256
103,-0.358679,0.9723,-0.621264,-0.036672,0.487672,-0.445588,-0.359158,1.001077,-0.63093,-0.033961,0.485066,-0.426867,-0.362729,0.98776,-0.625194,-0.032772,0.481299,-0.459465,-0.362832,0.987975,-0.626242,-0.048112,0.460686,-0.448366
104,-0.383364,0.9842,-0.609563,-0.038918,0.473531,-0.435963,-0.373635,0.994083,-0.619204,-0.040911,0.478331,-0.432519,-0.371183,0.996209,-0.607466,-0.048363,0.479865,-0.42834,-0.375852,1.000023,-0.6106,-0.050306,0.494838,-0.440968
105,-0.388322,1.004208,-0.598544,-0.048675,0.482275,-0.432085,-0.395585,1.000094,-0.594801,-0.048934,0.488336,-0.428979,-0.399722,0.993221,-0.598692,-0.056086,0.488448,-0.440022,-0.393944,0.99763,-0.59352,-0.065749,0.485443,-0.440043
106,-0.414721,0.993784,-0.581344,-0.072719,0.486213,-0.430481,-0.414833,1.005454,-0.584087,-0.055712,0.484608,-0.43024,-0.41449,1.001094,-0.574876,-0.07385,0.499875,-0.421097,-0.410869,0.990319,-0.578976,-0.077241,0.492742,-0.426199
107,-0.429578,1.00127,-0.568289,-0.065492,0.496145,-0.408663,-0.422691,0.99906,-0.559996,-0.072758,0.474844,-0.426745,-0.430873,1.012048,-0.569492,-0.084189,0.505769,-0.429033,-0.43806,0.99348,-0.571364,-0.074379,0.494728,-0.409895
108,-0.449448,0.996854,-0.537804,-0.073502,0.475843,-0.426129,-0.450148,0.989523,-0.545428,-0.097501,0.494222,-0.39964,-0.451744,0.987845,-0.543736,-0.089971,0.494634,-0.412197,-0.453354,0.999723,-0.553856,-0.078729,0.493573,-0.416259
109,-0.454878,1.006711,-0.530205,-0.093925,0.502041,-0.399562,-0.482039,0.995958,-0.53199,-0.089989,0.497969,-0.408723,-0.465143,0.99891,-0.527975,-0.104732,0.490973,-0.401943,-0.466666,0.992156,-0.533936,-0.110583,0.503453,-0.385564
110,-0.483394,0.998262,-0.508077,-0.103841,0.505893,-0.394754,-0.487027,0.990246,-0.516914,-0.113631,0.502246,-0.375736,-0.479482,0.99387,-0.524408,-0.116067,0.500732,-0.408151,-0.486897,0.999871,-0.518238,-0.091596,0.501147,-0.408654
111,-0.498918,0.998187,-0.504364,-0.127115,0.494097,-0.378157,-0.495767,1.002663,-0.505536,-0.123009,0.509246,-0.381438,-0.501517,0.999595,-0.497797,-0.11294,0.496597,-0.390514,-0.492647,1.009868,-0.498042,-0.094367,0.520426,-0.373387
112,-0.517838,1.004144,-0.49185,-0.127886,0.516815,-0.388525,-0.512472,1.000763,-0.477207,-0.13762,0.490829,-0.389852,-0.512624,0.992,-0.490107,-0.11049,0.50723,-0.372614,-0.515806,0.994603,-0.48627,-0.114056,0.515676,-0.367965
113,-0.533027,1.000684,-0.470665,-0.141291,0.510178,-0.376502,-0.533249,0.998086,-0.470247,-0.150104,0.509688,-0.371256,-0.525834,1.005165,-0.465544,-0.130005,0.50874,-0.38075,-0.53834,0.996287,-0.467815,-0.132651,0.515464,-0.389683
114,-0.545192,0.998482,-0.447723,-0.164892,0.526138,-0.362706,-0.550185,0.998666,-0.456936,-0.144246,0.522372,-0.364102,-0.545021,1.001264,-0.458986,-0.153868,0.514898,-0.381663,-0.543879,0.992854,-0.455715,-0.145625,0.487328,-0.378384
115,-0.560818,1.003705,-0.431983,-0.155871,0.539877,-0.359558,-0.558871,1.002394,-0.435013,-0.16551,0.502156,-0.371332,-0.563807,0.989318,-0.437566,-0.159065,0.518755,-0.377208,-0.547706,1.010945,-0.442055,-0.141513,0.513751,-0.372939
116,-0.579325,0.994831,-0.416158,-0.184374,0.533802,-0.353404,-0.579124,0.988336,-0.425443,-0.156843,0.535433,-0.378016,-0.570967,0.998919,-0.415045,-0.148233,0.507503,-0.362442,-0.580582,1.00208,-0.424336,-0.157313,0.517152,-0.366608
117,-0.591788,1.001284,-0.397407,-0.18845,0.539429,-0.33853,-0.588137,0.989061,-0.398227,-0.172484,0.514563,-0.349999,-0.590095,0.996032,-0.393835,-0.177901,0.522713,-0.347889,-0.59186,0.996346,-0.396726,-0.16095,0.524571,-0.351699
118,-0.606703,0.987985,-0.394653,-0.189377,0.521629,-0.331133,-0.610292,1.009178,-0.39083,-0.191208,0.522526,-0.348041,-0.609929,0.992972,-0.381424,-0.195885,0.525205,-0.348483,-0.612003,0.997571,-0.378071,-0.190624,0.52788,-0.350491
119,-0.633736,0.998225,-0.359488,-0.178121,0.538477,-0.32613,-0.619981,0.987275,-0.360373,-0.196497,0.531687,-0.310313,-0.615614,0.994168,-0.367543,-0.193586,0.524904,-0.332152,-0.625912,0.991926,-0.363072,-0.190588,0.535847,-0.337583
120,-0.63032,0.992184,-0.347131,-0.21088,0.535389,-0.307402,-0.632849,0.979358,-0.355744,-0.211669,0.527763,-0.318972,-0.642023,0.977632,-0.340175,-0.199957,0.515261,-0.317774,-0.63876,0.978892,-0.351612,-0.201864,0.527648,-0.327113
121,-0.653734,0.978566,-0.331674,-0.216025,0.537359,-0.321886,-0.645003,0.973465,-0.335068,-0.216553,0.540059,-0.332784,-0.650627,0.962709,-0.338391,-0.204065,0.519279,-0.315639,-0.655685,0.994149,-0.337806,-0.203369,0.530403,-0.30938
122,-0.658504,0.980836,-0.312023,-0.220991,0.541425,-0.280159,-0.65519,0.971502,-0.31238,-0.233895,0.522761,-0.311818,-0.664522,0.977573,-0.309812,-0.210716,0.520239,-0.308119,-0.667496,0.981726,-0.316209,-0.238397,0.547676,-0.308054
123,-0.682273,0.968153,-0.292658,-0.240331,0.521023,-0.290829,-0.67135,0.975275,-0.296718,-0.21874,0.52518,-0.28343,-0.679368,0.966914,-0.295081,-0.217805,0.53013,-0.300121,-0.678357,0.969906,-0.307963,-0.228469,0.531398,-0.297267
124,-0.704987,0.969144,-0.278531,-0.242899,0.556304,-0.282913,-0.688639,0.965008,-0.276235,-0.233897,0.533713,-0.284535,-0.688152,0.963642,-0.277518,-0.255237,0.535584,-0.267322,-0.690551,0.962379,-0.269215,-0.245013,0.533264,-0.283172
125,-0.704787,0.96287,-0.255054,-0.240286,0.51151,-0.285533,-0.70511,0.958763,-0.271027,-0.239661,0.525423,-0.282813,-0.698609,0.959875,-0.260518,-0.254453,0.530129,-0.2808,-0.708999,0.951895,-0.267127,-0.246276,0.513351,-0.279602
126,-0.719641,0.968661,-0.235195,-0.258032,0.517453,-0.271455,-0.724601,0.963354,-0.233706,-0.251655,0.541855,-0.271959,-0.7227,0.960205,-0.24444,-0.256416,0.515594,-0.258647,-0.715093,0.967842,-0.241112,-0.264417,0.513227,-0.289504
127,-0.741772,0.956779,-0.228846,-0.288988,0.520078,-0.26295,-0.729009,0.952555,-0.21183,-0.251929,0.53514,-0.264941,-0.729779,0.951008,-0.218842,-0.260271,0.532718,-0.282913,-0.738186,0.951194,-0.223114,-0.264341,0.528785,-0.262097
128,-0.753916,0.956497,-0.195465,-0.277593,0.545407,-0.261485,-0.755922,0.950494,-0.198813,-0.291174,0.521018,-0.25539,-0.750615,0.948476,-0.19801,-0.272379,0.538373,-0.273396,-0.746511,0.951451,-0.210295,-0.2678,0.515996,-0.257878
129,-0.751967,0.943481,-0.184093,-0.281015,0.513984,-0.244665,-0.753371,0.940283,-0.188285,-0.279606,0.508178,-0.254166,-0.763628,0.942318,-0.190095,-0.270531,0.528144,-0.247542,-0.758819,0.94253,-0.188277,-0.279949,0.536132,-0.255154
130,-0.767241,0.936121,-0.164018,-0.30553,0.526881,-0.231845,-0.776076,0.934842,-0.170287,-0.294936,0.526234,-0.22573,-0.768287,0.939047,-0.159717,-0.281751,0.535329,-0.215985,-0.773613,0.935984,-0.165921,-0.324033,0.51158,-0.243093
131,-0.790844,0.936608,-0.146448,-0.283346,0.531816,-0.248115,-0.784985,0.922586,-0.146289,-0.299327,0.509809,-0.231147,-0.781112,0.925361,-0.144474,-0.305497,0.520817,-0.222207,-0.788621,0.927778,-0.148702,-0.302243,0.523238,-0.218607
132,-0.793267,0.927164,-0.131155,-0.314775,0.53764,-0.218132,-0.783576,0.912349,-0.132923,-0.306274,0.522321,-0.208017,-0.788299,0.918908,-0.123323,-0.316266,0.530344,-0.230269,-0.794929,0.918859,-0.123265,-0.310741,0.53734,-0.228952
133,-0.799155,0.910131,-0.108548,-0.319378,0.522211,-0.213429,-0.809819,0.916735,-0.108275,-0.325853,0.524508,-0.202319,-0.802936,0.909947,-0.111331,-0.318067,0.533618,-0.230856,-0.805636,0.912072,-0.111547,-0.31448,0.515725,-0.217141
134,-0.819917,0.916475,-0.098027,-0.328656,0.533512,-0.200033,-0.817372,0.916095,-0.091484,-0.320854,0.515184,-0.200741,-0.812935,0.909869,-0.091557,-0.337857,0.516523,-0.21482,-0.820535,0.908537,-0.098088,-0.337239,0.52955,-0.213846
135,-0.825742,0.897418,-0.064363,-0.322239,0.542949,-0.182451,-0.829125,0.896201,-0.078969,-0.321911,0.532349,-0.200861,-0.830706,0.90448,-0.08254,-0.352491,0.531257,-0.186933,-0.826576,0.902352,-0.072771,-0.328712,0.526666,-0.19312
136,-0.831369,0.8921,-0.05882,-0.338375,0.535102,-0.189059,-0.850045,0.895119,-0.0522,-0.350063,0.516104,-0.177349,-0.840099,0.892163,-0.065512,-0.341957,0.508939,-0.200851,-0.829543,0.892982,-0.052317,-0.345065,0.522555,-0.183286
137,-0.845362,0.879332,-0.037476,-0.360476,0.520893,-0.182343,-0.846671,0.874608,-0.039254,-0.334834,0.516003,-0.184313,-0.841904,0.8785,-0.03179,-0.337478,0.53867,-0.1808,-0.853344,0.877295,-0.042929,-0.338601,0.528403,-0.174657
138,-0.858423,0.869262,-0.025396,-0.346764,0.5197,-0.171821,-0.863797,0.879004,-0.021586,-0.356745,0.524939,-0.158276,-0.850001,0.881013,-0.015829,-0.369145,0.526773,-0.148518,-0.864263,0.876678,-0.020302,-0.354665,0.528607,-0.16889
139,-0.865886,0.870434,0.003397,-0.362033,0.516915,-0.159504,-0.876275,0.866667,0.005004,-0.355876,0.513742,-0.152014,-0.871619,0.873256,-0.00302,-0.339631,0.496364,-0.155164,-0.865318,0.868263,-0.000718,-0.376722,0.524936,-0.155553
140,-0.875533,0.853913,0.014371,-0.369458,0.523922,-0.157938,-0.876628,0.86015,0.022788,-0.370625,0.521781,-0.157605,-0.86581,0.857626,0.028701,-0.37937,0.518701,-0.135048,-0.87959,0.860296,0.02272,-0.356018,0.515921,-0.136844
141,-0.887871,0.839718,0.038764,-0.364431,0.533434,-0.129012,-0.890585,0.84157,0.039039,-0.380902,0.533671,-0.140614,-0.895496,0.85111,0.041783,-0.373529,0.514751,-0.152137,-0.88228,0.844728,0.03831,-0.387621,0.519776,-0.132142
142,-0.890706,0.841588,0.061936,-0.393181,0.505381,-0.134497,-0.899082,0.836762,0.05341,-0.382814,0.501567,-0.114095,-0.89214,0.842292,0.062302,-0.386578,0.52181,-0.127359,-0.89212,0.828281,0.064302,-0.379179,0.510139,-0.109557
143,-0.914225,0.812869,0.080368,-0.404722,0.4991,-0.103901,-0.887291,0.821795,0.074221,-0.39108,0.495226,-0.118332,-0.895815,0.823702,0.073174,-0.390779,0.486543,-0.112436,-0.899877,0.81392,0.075471,-0.380265,0.49944,-0.101209
144,-0.912568,0.819384,0.096023,-0.383199,0.500825,-0.092749,-0.917323,0.819227,0.114353,-0.401077,0.506997,-0.119892,-0.916224,0.823397,0.098876,-0.402159,0.48464,-0.09134,-0.915032,0.806786,0.098351,-0.400581,0.50656,-0.084318
145,-0.917151,0.814953,0.123013,-0.384485,0.512319,-0.102629,-0.921342,0.807842,0.121856,-0.389371,0.511267,-0.119263,-0.918648,0.797505,0.117133,-0.418677,0.507644,-0.09847,-0.912854,0.800114,0.11901,-0.430189,0.484534,-0.101815
146,-0.921074,0.802821,0.128303,-0.420072,0.5105,-0.078543,-0.923652,0.789189,0.141775,-0.400122,0.505957,-0.073843,-0.923572,0.783134,0.134996,-0.409872,0.474428,-0.09713,-0.92743,0.79069,0.142795,-0.413011,0.48569,-0.078406
147,-0.940446,0.784805,0.152872,-0.395158,0.50086,-0.088121,-0.925518,0.77507,0.166018,-0.399729,0.496671,-0.096745,-0.934843,0.778678,0.151651,-0.408663,0.485306,-0.088712,-0.928887,0.783076,0.150685,-0.408636,0.489687,-0.069319
148,-0.941799,0.770198,0.169365,-0.393019,0.497365,-0.071385,-0.931091,0.76985,0.163033,-0.440116,0.488635,-0.067492,-0.930666,0.768319,0.170012,-0.424157,0.48846,-0.064206,-0.935065,0.764124,0.179724,-0.39048,0.508914,-0.067455
149,-0.946253,0.762224,0.189088,-0.414251,0.486668,-0.051081,-0.940748,0.751509,0.189554,-0.413125,0.475865,-0.064172,-0.945375,0.754052,0.176156,-0.424771,0.474012,-0.049941,-0.942836,0.756501,0.193995,-0.421602,0.485862,-0.0535
150,-0.94997,0.74626,0.213581,-0.436082,0.498476,-0.039787,-0.951439,0.738911,0.196549,-0.425985,0.480646,-0.040976,-0.958742,0.736365,0.2139,-0.423095,0.47594,-0.052544,-0.946887,0.74267,0.209643,-0.416992,0.477396,-0.047033
151,-0.947443,0.736558,0.230578,-0.428677,0.477044,-0.035991,-0.959002,0.722859,0.226725,-0.439887,0.455661,-0.038187,-0.961085,0.734064,0.225171,-0.42225,0.476671,-0.033327,-0.952222,0.731765,0.226365,-0.4408,0.468494,-0.036606
152,-0.964135,0.710855,0.240574,-0.45679,0.470702,-0.043573,-0.959001,0.726367,0.231519,-0.442624,0.480924,-0.039574,-0.96309,0.712564,0.232293,-0.433378,0.47126,-0.031997,-0.962091,0.717061,0.240654,-0.431026,0.472946,-0.030225
153,-0.969691,0.707559,0.266719,-0.454749,0.466031,-0.030463,-0.969155,0.698231,0.262239,-0.460802,0.491617,-0.021204,-0.967578,0.70603,0.257291,-0.459176,0.480984,-0.008253,-0.967679,0.707098,0.256482,-0.462072,0.471475,-0.023864
154,-0.969187,0.688441,0.273635,-0.450845,0.474524,-0.001764,-0.968719,0.692949,0.279136,-0.460303,0.466424,-0.007227,-0.969844,0.691555,0.272887,-0.456063,0.47906,-0.007716,-0.97,0.69201,0.286405,-0.450129,0.478924,-0.012252
155,-0.97814,0.681934,0.297548,-0.462498,0.460063,0.000552,-0.977565,0.674173,0.299255,-0.465223,0.465966,-0.004996,-0.974715,0.667677,0.299704,-0.448557,0.453762,0.001646,-0.972976,0.671389,0.300643,-0.45266,0.465369,0.000695
156,-0.984542,0.658968,0.316341,-0.47638,0.466245,0.006213,-0.980002,0.668462,0.31397,-0.464349,0.471148,0.022218,-0.977605,0.665737,0.309713,-0.461669,0.460239,0.011057,-0.981131,0.666724,0.30683,-0.474618,0.463592,0.01805
157,-0.987573,0.648618,0.330619,-0.466772,0.453122,0.036841,-0.981624,0.654502,0.331693,-0.478421,0.466167,0.032152,-0.986831,0.646442,0.329746,-0.444738,0.447405,0.036222,-0.981088,0.653329,0.332255,-0.469966,0.450052,-0.001517
158,-0.99048,0.632595,0.35309,-0.462151,0.444411,0.053343,-0.990423,0.63174,0.360281,-0.496081,0.447939,0.046376,-1.000219,0.636225,0.343954,-0.488579,0.425994,0.014597,-0.984347,0.64236,0.350795,-0.492825,0.457448,0.027528
159,-0.983048,0.610923,0.368954,-0.484393,0.445909,0.036914,-0.98693,0.623987,0.37526,-0.461374,0.443261,0.03716,-0.989353,0.61723,0.36892,-0.490399,0.442603,0.045199,-0.987979,0.61775,0.367639,-0.492031,0.427957,0.040705
160,-0.981106,0.605997,0.390567,-0.478904,0.43756,0.062568,-0.990456,0.603592,0.383369,-0.501393,0.428607,0.050998,-0.995155,0.608679,0.403962,-0.477245,0.433796,0.030904,-0.986797,0.602272,0.385148,-0.486674,0.42809,0.046121
161,-0.984134,0.585125,0.407964,-0.476811,0.427238,0.093607,-1.007158,0.584686,0.410854,-0.480356,0.418629,0.061362,-1.000767,0.601137,0.397207,-0.505835,0.437328,0.051971,-0.992552,0.590966,0.403467,-0.494965,0.433856,0.064509
162,-0.993412,0.581609,0.422799,-0.487384,0.419774,0.065251,-0.995586,0.569941,0.41613,-0.488001,0.396965,0.069195,-0.997119,0.583931,0.42061,-0.489639,0.426952,0.076284,-0.989086,0.571476,0.423615,-0.492956,0.4449,0.058626
163,-0.99783,0.556388,0.43503,-0.480977,0.41513,0.067034,-0.992619,0.563931,0.430025,-0.486548,0.406227,0.074894,-0.999252,0.560866,0.443468,-0.500892,0.40218,0.088055,-0.996787,0.556933,0.433364,-0.491394,0.425878,0.100875
164,-0.995908,0.538817,0.463646,-0.511022,0.418056,0.088048,-1.004018,0.544335,0.464335,-0.504183,0.409674,0.089079,-0.9975,0.537229,0.453306,-0.508673,0.411111,0.090035,-1.003134,0.542958,0.453918,-0.498786,0.400038,0.082487
165,-0.997053,0.525889,0.462496,-0.510236,0.397151,0.096597,-1.005657,0.532049,0.464169,-0.506,0.399252,0.090188,-0.994761,0.530455,0.462852,-0.503556,0.401213,0.100585,-1.013984,0.520311,0.478112,-0.512222,0.402779,0.102412
166,-0.994139,0.503288,0.486638,-0.50221,0.394889,0.118873,-0.991532,0.512025,0.489533,-0.501786,0.395258,0.105069,-1.002607,0.51514,0.480467,-0.527173,0.382919,0.117811,-0.990507,0.499612,0.482883,-0.520839,0.398255,0.117587
167,-0.706072,0.525469,0.52939,-1.172324,0.384215,0.123054,-0.642053,0.535742,0.5408,-1.321622,0.391064,0.139329,-0.534279,0.527746,0.538336,-1.561991,0.386483,0.109815,-0.344014,0.548398,0.547358,-1.966326,0.394999,0.11766
168,-0.699733,0.499532,0.543654,-1.193989,0.377103,0.150817,-0.633427,0.495279,0.545397,-1.337473,0.378261,0.14304,-0.539542,0.508687,0.554887,-1.560437,0.39338,0.12975,-0.342899,0.530251,0.577817,-1.98653,0.377644,0.13159
169,-0.707996,0.486362,0.559253,-1.20112,0.374185,0.119542,-0.631912,0.478909,0.573201,-1.31879,0.357679,0.1552,-0.527314,0.505165,0.57455,-1.557561,0.381361,0.125108,-0.353453,0.515405,0.595199,-1.997229,0.375036,0.131232
170,-0.708799,0.469102,0.578381,-1.184555,0.354596,0.14495,-0.64096,0.467077,0.586773,-1.348796,0.359974,0.14723,-0.53761,0.47154,0.598688,-1.581478,0.352928,0.173509,-0.343388,0.501105,0.613027,-2.015503,0.375387,0.141346
171,-0.704196,0.440668,0.599018,-1.196102,0.352951,0.153344,-0.633629,0.455103,0.616503,-1.34887,0.367002,0.166159,-0.533943,0.456066,0.612862,-1.580862,0.352754,0.159823,-0.352072,0.472719,0.629408,-1.999667,0.339482,0.17652
172,-0.701737,0.427286,0.610024,-1.21265,0.332035,0.184467,-0.637321,0.43448,0.622164,-1.357936,0.354522,0.183188,-0.53327,0.443785,0.631639,-1.595861,0.336519,0.154454,-0.349413,0.456104,0.646176,-2.021635,0.364531,0.16854
173,-0.694314,0.410083,0.631785,-1.212133,0.356307,0.169129,-0.635093,0.416085,0.639783,-1.363875,0.336057,0.186676,-0.536825,0.417903,0.647283,-1.597766,0.322823,0.168914,-0.335236,0.429676,0.665436,-2.038933,0.320879,0.18032
174,-0.702164,0.39381,0.64192,-1.208676,0.332882,0.181594,-0.627718,0.396529,0.650056,-1.356988,0.337407,0.178286,-0.525807,0.401781,0.655208,-1.625247,0.328909,0.192525,-0.350829,0.413034,0.682057,-2.028827,0.328119,0.201475
175,-0.692788,0.377179,0.660945,-1.230598,0.3201,0.198546,-0.628078,0.370722,0.674465,-1.369844,0.324166,0.194023,-0.525345,0.378542,0.676502,-1.613666,0.321154,0.194178,-0.344021,0.392142,0.698366,-2.046638,0.334159,0.211469
176,-0.693374,0.355175,0.666867,-1.213298,0.322105,0.186846,-0.630741,0.364044,0.683625,-1.36901,0.328354,0.214147,-0.520281,0.361821,0.699149,-1.618061,0.3071,0.211981,-0.343836,0.388091,0.719156,-2.066678,0.332779,0.226324
177,-0.678582,0.339464,0.688804,-1.217057,0.313494,0.226801,-0.632211,0.338104,0.686849,-1.378392,0.299031,0.202595,-0.523449,0.358423,0.706091,-1.626563,0.308792,0.204983,-0.343693,0.351204,0.731476,-2.039915,0.304479,0.211101
178,-0.692082,0.316122,0.707695,-1.233245,0.305022,0.230851,-0.625364,0.314363,0.718412,-1.383724,0.311825,0.203698,-0.522173,0.321581,0.739093,-1.615165,0.297715,0.212066,-0.343364,0.345312,0.745145,-2.062986,0.322737,0.216988
179,-0.689444,0.304026,0.711628,-1.218975,0.295782,0.227682,-0.617521,0.306302,0.73116,-1.370145,0.301161,0.229389,-0.521426,0.303502,0.744028,-1.624705,0.293129,0.227637,-0.338703,0.320879,0.763114,-2.056376,0.29198,0.23805
180,-0.692351,0.281689,0.738233,-1.231142,0.281294,0.251616,-0.620677,0.297184,0.743298,-1.390811,0.29699,0.262204,-0.520268,0.291282,0.753422,-1.626607,0.294167,0.24357,-0.327704,0.297412,0.770213,-2.063237,0.298539,0.264686
181,-0.685824,0.264289,0.746861,-1.213988,0.290421,0.243057,-0.616266,0.270695,0.746373,-1.370011,0.296652,0.244536,-0.518827,0.275631,0.768067,-1.614693,0.282341,0.248009,-0.338596,0.267779,0.795598,-2.063286,0.26314,0.269928
182,-0.677622,0.242387,0.76379,-1.212159,0.274531,0.259449,-0.605657,0.249058,0.766193,-1.400441,0.272158,0.255088,-0.517683,0.243826,0.779527,-1.631486,0.290677,0.248806,-0.341512,0.260326,0.804844,-2.059124,0.286198,0.249621
183,-0.668929,0.225489,0.776436,-1.231153,0.261757,0.272461,-0.608565,0.236307,0.780782,-1.360705,0.259856,0.275791,-0.519059,0.236117,0.803106,-1.638332,0.265403,0.273565,-0.327703,0.237057,0.823968,-2.057449,0.255928,0.259075
184,-0.669444,0.203453,0.797321,-1.231856,0.234886,0.277899,-0.610413,0.207455,0.795229,-1.386547,0.262508,0.274099,-0.510321,0.215509,0.804495,-1.62372,0.260185,0.260075,-0.332663,0.217797,0.842031,-2.067092,0.263717,0.278383
185,-0.665528,0.184155,0.805454,-1.211893,0.247708,0.299296,-0.600874,0.192663,0.811766,-1.377569,0.250992,0.284186,-0.503843,0.193104,0.822609,-1.61484,0.240119,0.283691,-0.326739,0.194316,0.846502,-2.044555,0.238554,0.293425
186,-0.656457,0.16953,0.806376,-1.216857,0.224044,0.297569,-0.591527,0.170722,0.828973,-1.388289,0.225548,0.282572,-0.507562,0.166232,0.82259,-1.620727,0.239013,0.29003,-0.335545,0.172856,0.859763,-2.048702,0.232878,0.286011
187,-0.651785,0.150491,0.830051,-1.218417,0.232324,0.30851,-0.590435,0.14775,0.834864,-1.384319,0.214583,0.287198,-0.484715,0.157926,0.849196,-1.618733,0.233136,0.293709,-0.331705,0.157711,0.878829,-2.060944,0.228694,0.31034
188,-0.648458,0.120862,0.840445,-1.219335,0.222464,0.301652,-0.576397,0.127015,0.844801,-1.377882,0.210508,0.31789,-0.486816,0.130742,0.868185,-1.604138,0.22024,0.309545,-0.325378,0.131558,0.89455,-2.052159,0.222443,0.319598
189,-0.650425,0.112561,0.83906,-1.219735,0.222795,0.331775,-0.576375,0.114689,0.860278,-1.370082,0.213044,0.318253,-0.493826,0.111428,0.887937,-1.623233,0.20542,0.316684,-0.313029,0.118277,0.896153,-2.056717,0.212483,0.33241
190,-0.639527,0.088468,0.856764,-1.21888,0.176455,0.309688,-0.569009,0.096368,0.870292,-1.368532,0.196146,0.352975,-0.479306,0.078893,0.885291,-1.602251,0.211956,0.317367,-0.317514,0.086942,0.912406,-2.078676,0.207996,0.328406
191,-0.630423,0.070894,0.871692,-1.203476,0.192301,0.333288,-0.579713,0.064175,0.884622,-1.348326,0.182581,0.342597,-0.476779,0.079437,0.896041,-1.608098,0.194088,0.319959,-0.317909,0.066064,0.921538,-2.031579,0.188,0.336564
192,-0.629601,0.056951,0.886964,-1.215541,0.1869,0.351789,-0.568303,0.049625,0.892639,-1.357403,0.189217,0.353934,-0.479257,0.044577,0.905604,-1.604106,0.184143,0.355633,-0.30087,0.048499,0.930542,-2.03615,0.191106,0.349669
193,-0.621948,0.030421,0.902785,-1.205488,0.194645,0.330224,-0.563192,0.034173,0.906402,-1.353239,0.185732,0.363446,-0.467208,0.025522,0.918016,-1.610425,0.160242,0.340828,-0.30686,0.023333,0.949303,-2.033536,0.182712,0.33674
194,-0.610819,0.003333,0.903755,-1.203919,0.150822,0.344893,-0.553322,0.00158,0.921923,-1.3313,0.158238,0.371326,-0.46572,0.000172,0.927509,-1.594098,0.17889,0.348482,-0.302165,-0.000258,0.955819,-2.007297,0.170748,0.350824
195,-0.596042,-0.010548,0.91142,-1.196901,0.159441,0.375973,-0.544685,-0.014188,0.923985,-1.33133,0.132399,0.375575,-0.460291,-0.015848,0.939925,-1.584977,0.147444,0.373122,-0.291989,-0.016699,0.965212,-1.989049,0.159019,0.357201
196,-0.603324,-0.030671,0.921894,-1.182143,0.140608,0.355191,-0.537783,-0.037813,0.932105,-1.338333,0.140073,0.372518,-0.448676,-0.030241,0.945648,-1.5688,0.132742,0.388505,-0.29566,-0.029752,0.976148,-2.021649,0.13874,0.376881
197,-0.585823,-0.050816,0.92771,-1.190919,0.134612,0.365204,-0.539389,-0.046824,0.953317,-1.331466,0.141608,0.369522,-0.459191,-0.058542,0.957725,-1.573248,0.153093,0.366071,-0.291005,-0.053102,0.994252,-1.977713,0.132954,0.363577
198,-0.585456,-0.067584,0.940492,-1.174511,0.122011,0.378416,-0.53157,-0.07086,0.946494,-1.329001,0.10728,0.393367,-0.435041,-0.069551,0.973568,-1.54478,0.102161,0.378638,-0.295268,-0.074779,0.999593,-1.976507,0.129803,0.384351
199,-0.584336,-0.086833,0.953918,-1.173229,0.107992,0.397793,-0.522717,-0.093553,0.959666,-1.32666,0.092008,0.389789,-0.437418,-0.086647,0.972445,-1.543461,0.118922,0.402303,-0.285543,-0.100868,0.997264,-1.966616,0.099179,0.385975
200,-0.566762,-0.111599,0.949282,-1.170475,0.100795,0.396098,-0.517567,-0.116742,0.966702,-1.312789,0.113006,0.399841,-0.430868,-0.106511,0.981312,-1.557647,0.103411,0.389348,-0.281182,-0.120665,1.019249,-1.949202,0.082681,0.40452
201,-0.558458,-0.127504,0.967878,-1.170258,0.098654,0.407157,-0.504444,-0.121757,0.973941,-1.285198,0.104175,0.406987,-0.423164,-0.130183,0.99211,-1.524594,0.100495,0.413677,-0.27635,-0.133428,1.01526,-1.948485,0.085211,0.401243
202,-0.559213,-0.151857,0.969691,-1.135825,0.08215,0.414985,-0.496091,-0.153266,0.979776,-1.296192,0.093789,0.415013,-0.42248,-0.145197,1.00329,-1.517744,0.091643,0.420803,-0.269192,-0.15995,1.023856,-1.933608,0.085799,0.397386
203,-0.546542,-0.177632,0.97744,-1.142506,0.063355,0.425643,-0.492997,-0.17423,0.994941,-1.300523,0.068077,0.408396,-0.407223,-0.171078,1.014093,-1.520919,0.078817,0.425992,-0.267504,-0.173798,1.040492,-1.912254,0.087652,0.412475
204,-0.540335,-0.189999,0.980234,-1.127027,0.057259,0.426857,-0.476732,-0.190608,1.002493,-1.270928,0.077072,0.433197,-0.411392,-0.187852,1.007315,-1.469747,0.072237,0.440996,-0.266734,-0.195881,1.040028,-1.90356,0.047142,0.426106
205,-0.532446,-0.204087,0.994485,-1.113523,0.048644,0.426547,-0.483889,-0.206896,0.999235,-1.260221,0.055793,0.441493,-0.405862,-0.205838,1.023656,-1.493294,0.053342,0.426727,-0.26682,-0.226109,1.050008,-1.885536,0.041243,0.429445
206,-0.517381,-0.228929,1.005232,-1.128857,0.049861,0.421152,-0.462377,-0.230909,1.013005,-1.258405,0.027929,0.442359,-0.402722,-0.233349,1.024706,-1.481221,0.019569,0.440831,-0.260547,-0.239708,1.046134,-1.86955,0.028674,0.433588
207,-0.517906,-0.250725,0.996962,-1.10505,0.035215,0.423515,-0.457361,-0.244896,1.015127,-1.232624,0.027853,0.434561,-0.384665,-0.256768,1.041838,-1.475148,0.030709,0.434319,-0.251937,-0.265312,1.065949,-1.860078,0.04601,0.443183
208,-0.498185,-0.268857,1.014199,-1.07272,0.00894,0.431576,-0.458546,-0.263182,1.018649,-1.207602,0.037303,0.437297,-0.379949,-0.272412,1.045959,-1.457364,0.017708,0.447235,-0.248757,-0.279965,1.073151,-1.838188,0.03485,0.442111
209,-0.497382,-0.28222,1.022514,-1.082319,0.004413,0.444021,-0.443931,-0.285645,1.030415,-1.235805,0.010087,0.446404,-0.364616,-0.292788,1.050503,-1.428228,0.018485,0.454807,-0.242728,-0.297859,1.068529,-1.811915,-0.007659,0.467966
210,-0.477116,-0.295045,1.018726,-1.069942,-0.019011,0.463922,-0.431853,-0.303553,1.035874,-1.212392,-0.004436,0.468438,-0.372739,-0.310797,1.046785,-1.421448,-0.013791,0.458928,-0.234465,-0.320634,1.085498,-1.794253,0.005193,0.470743
211,-0.472563,-0.329632,1.023155,-1.046843,-0.0173,0.466312,-0.422045,-0.323028,1.038341,-1.18524,-0.009769,0.459232,-0.357081,-0.332303,1.052246,-1.401155,0.005488,0.476327,-0.227787,-0.341817,1.082081,-1.787603,-0.001381,0.458854
212,-0.465007,-0.338055,1.027254,-1.040578,-0.014474,0.467659,-0.418357,-0.340508,1.047388,-1.159794,-0.016057,0.476924,-0.353868,-0.352778,1.055961,-1.383639,-0.018977,0.470947,-0.224656,-0.358482,1.097212,-1.756173,-0.020013,0.461979
213,-0.454157,-0.355359,1.026501,-1.042683,-0.021784,0.46718,-0.408831,-0.358272,1.049118,-1.149672,-0.038963,0.477439,-0.335682,-0.373283,1.064056,-1.377674,-0.034954,0.484603,-0.215617,-0.379221,1.087555,-1.730118,-0.038065,0.454859
214,-0.444338,-0.391136,1.030733,-1.023987,-0.0431,0.475513,-0.399591,-0.378324,1.051479,-1.144086,-0.041783,0.488244,-0.332264,-0.396211,1.068094,-1.337642,-0.015597,0.47484,-0.228159,-0.402316,1.098954,-1.712891,-0.018259,0.476236
215,-0.44021,-0.395759,1.041603,-1.014108,-0.03915,0.473369,-0.38907,-0.400155,1.041112,-1.138927,-0.057768,0.484837,-0.329812,-0.401287,1.064639,-1.33857,-0.035783,0.485054,-0.213012,-0.418619,1.089892,-1.688321,-0.046906,0.479674
216,-0.425357,-0.410771,1.044177,-0.965534,-0.061255,0.497233,-0.379088,-0.414943,1.054767,-1.119664,-0.082509,0.482662,-0.333677,-0.429186,1.067845,-1.300635,-0.053809,0.482024,-0.208022,-0.448586,1.098897,-1.642817,-0.064304,0.480847
217,-0.411604,-0.426424,1.045802,-0.976714,-0.06012,0.48482,-0.376989,-0.444253,1.051658,-1.093076,-0.054005,0.487607,-0.317752,-0.44793,1.075757,-1.292924,-0.073736,0.491617,-0.208945,-0.456517,1.113085,-1.650342,-0.063588,0.464609
218,-0.398655,-0.445805,1.049843,-0.976121,-0.071779,0.505091,-0.366042,-0.454094,1.050747,-1.092677,-0.090568,0.496297,-0.302787,-0.4573,1.076596,-1.284167,-0.092573,0.508763,-0.195215,-0.483485,1.102234,-1.600651,-0.07141,0.495122
219,-0.389846,-0.468769,1.045501,-0.942279,-0.080913,0.513611,-0.352241,-0.484005,1.055372,-1.073798,-0.093829,0.47623,-0.303885,-0.484022,1.072108,-1.250418,-0.093312,0.503627,-0.195579,-0.491718,1.108614,-1.576465,-0.092874,0.482185
220,-0.368944,-0.488089,1.04149,-0.936718,-0.104225,0.4998,-0.340914,-0.485459,1.060409,-1.049883,-0.095875,0.497013,-0.28171,-0.491746,1.070199,-1.214637,-0.08877,0.495731,-0.191188,-0.517978,1.105599,-1.583944,-0.099831,0.513824
221,-0.369161,-0.495067,1.04368,-0.926573,-0.118216,0.501315,-0.324537,-0.505357,1.065978,-1.021836,-0.124273,0.523316,-0.27956,-0.511787,1.081283,-1.220569,-0.101914,0.49196,-0.172812,-0.533012,1.120127,-1.557832,-0.108645,0.502853
222,-0.355211,-0.524955,1.0462,-0.912765,-0.120185,0.503268,-0.316364,-0.515339,1.065372,-0.997503,-0.10956,0.503467,-0.26834,-0.53257,1.081179,-1.205135,-0.119968,0.522525,-0.166178,-0.541084,1.095882,-1.530929,-0.111089,0.522788
223,-0.337866,-0.53169,1.048617,-0.880945,-0.127146,0.507863,-0.309219,-0.541671,1.066745,-0.986063,-0.115823,0.495598,-0.263635,-0.559714,1.078981,-1.186201,-0.132662,0.494295,-0.174594,-0.56023,1.104484,-1.491599,-0.105471,0.505492
224,-0.333629,-0.559587,1.046639,-0.874331,-0.12553,0.51746,-0.296161,-0.54407,1.061782,-0.986551,-0.131328,0.49879,-0.249362,-0.564906,1.079956,-1.16693,-0.136852,0.503032,-0.175066,-0.584197,1.109948,-1.464075,-0.13942,0.534241
225,-0.322566,-0.574506,1.045214,-0.860222,-0.155306,0.529096,-0.293855,-0.571457,1.052312,-0.966006,-0.149302,0.498604,-0.235451,-0.581698,1.072875,-1.139384,-0.148678,0.508644,-0.157717,-0.596175,1.1127,-1.440994,-0.134663,0.503956
226,-0.30799,-0.585755,1.043423,-0.844703,-0.168271,0.512316,-0.287347,-0.599229,1.062807,-0.945412,-0.155265,0.513001,-0.238489,-0.595528,1.075878,-1.112161,-0.137534,0.533915,-0.147283,-0.621851,1.100889,-1.400526,-0.181237,0.490275
227,-0.292248,-0.600874,1.041686,-0.829953,-0.169962,0.507203,-0.268104,-0.618092,1.057009,-0.922402,-0.168345,0.52119,-0.221689,-0.6153,1.074069,-1.088404,-0.165051,0.526464,-0.148225,-0.640092,1.099426,-1.373786,-0.157512,0.510581
228,-0.274238,-0.61564,1.040859,-0.82343,-0.171868,0.53399,-0.259982,-0.625402,1.059781,-0.910319,-0.168753,0.513147,-0.207339,-0.637131,1.068332,-1.060542,-0.157485,0.518785,-0.136437,-0.659295,1.106197,-1.367608,-0.170172,0.539472
229,-0.276681,-0.639479,1.047297,-0.798826,-0.178269,0.519504,-0.242009,-0.639599,1.046836,-0.884466,-0.181633,0.506513,-0.201931,-0.653719,1.075328,-1.040163,-0.194626,0.526259,-0.13579,-0.671749,1.091801,-1.332287,-0.19192,0.522542
230,-0.253568,-0.648168,1.029236,-0.772703,-0.17965,0.512119,-0.233132,-0.663619,1.039526,-0.864707,-0.212834,0.51184,-0.197131,-0.667218,1.067976,-1.031095,-0.172625,0.523234,-0.125756,-0.684724,1.09383,-1.295314,-0.19477,0.510686
231,-0.246107,-0.674497,1.028191,-0.764677,-0.200925,0.512314,-0.22608,-0.667789,1.051918,-0.870175,-0.219274,0.532347,-0.188957,-0.680615,1.06589,-0.982387,-0.208976,0.528348,-0.118482,-0.709582,1.095214,-1.25664,-0.189286,0.519241
232,-0.237452,-0.670577,1.035965,-0.747069,-0.203996,0.531264,-0.212283,-0.693996,1.044411,-0.821666,-0.204553,0.529122,-0.181841,-0.702628,1.059057,-0.966182,-0.212511,0.517988,-0.118448,-0.716665,1.092522,-1.227857,-0.207404,0.521896
233,-0.215733,-0.691981,1.024198,-0.692668,-0.220972,0.51542,-0.216038,-0.707262,1.034488,-0.804048,-0.218102,0.533153,-0.164245,-0.711681,1.057029,-0.966927,-0.22386,0.527784,-0.112571,-0.740816,1.081697,-1.18699,-0.210703,0.525566
234,-0.205337,-0.716133,1.023995,-0.684572,-0.237179,0.526477,-0.190035,-0.715152,1.036807,-0.779045,-0.23501,0.534302,-0.155026,-0.733714,1.041921,-0.920169,-0.239864,0.528006,-0.106741,-0.761568,1.086815,-1.148569,-0.218567,0.515517
235,-0.20106,-0.718328,1.020281,-0.676185,-0.253628,0.521279,-0.181,-0.736275,1.022543,-0.751172,-0.255492,0.543561,-0.146655,-0.738662,1.056723,-0.890414,-0.238502,0.538465,-0.095344,-0.756637,1.074038,-1.134896,-0.23859,0.527809
236,-0.183423,-0.750948,1.022204,-0.646972,-0.245111,0.526888,-0.157058,-0.744649,1.024739,-0.731042,-0.251058,0.538004,-0.131049,-0.758838,1.041158,-0.877301,-0.236179,0.522179,-0.094017,-0.777126,1.07201,-1.0929,-0.247637,0.538403
237,-0.178067,-0.748022,0.998225,-0.63431,-0.252992,0.520354,-0.152367,-0.757484,1.018005,-0.710766,-0.265411,0.522307,-0.135248,-0.773054,1.036356,-0.840823,-0.25844,0.538057,-0.085221,-0.806681,1.064931,-1.066812,-0.257526,0.527383
238,-0.153587,-0.762782,0.994565,-0.607598,-0.261582,0.525672,-0.146516,-0.772073,1.016993,-0.699346,-0.272486,0.522646,-0.11607,-0.791007,1.022727,-0.836053,-0.273934,0.546675,-0.074113,-0.814639,1.056556,-1.041615,-0.265786,0.531602
239,-0.147527,-0.77934,0.988841,-0.599151,-0.27223,0.536518,-0.133758,-0.793618,1.019194,-0.675404,-0.279793,0.519757,-0.102947,-0.800688,1.023441,-0.803703,-0.284403,0.533013,-0.07116,-0.827453,1.045451,-1.005847,-0.270113,0.518443
240,-0.126277,-0.791757,0.988513,-0.578126,-0.281683,0.533083,-0.118418,-0.80553,1.009907,-0.639807,-0.284105,0.524616,-0.09191,-0.821536,1.025058,-0.754581,-0.278811,0.527943,-0.064227,-0.839911,1.042835,-0.958992,-0.284438,0.535611
241,-0.11302,-0.806605,0.981341,-0.567068,-0.273554,0.531664,-0.103423,-0.809419,0.998962,-0.642194,-0.286297,0.518933,-0.091841,-0.826759,1.017956,-0.743618,-0.288722,0.532109,-0.04897,-0.855582,1.038646,-0.936695,-0.304092,0.520672
242,-0.109966,-0.827025,0.973981,-0.531169,-0.304964,0.534228,-0.093033,-0.832315,0.985876,-0.593202,-0.300464,0.524012,-0.076387,-0.84275,1.002697,-0.695055,-0.290039,0.535841,-0.044092,-0.868574,1.030424,-0.897067,-0.304353,0.52278
243,-0.089229,-0.83776,0.967424,-0.52261,-0.3036,0.517567,-0.088438,-0.837891,0.981438,-0.580698,-0.323513,0.533882,-0.06956,-0.862317,0.995273,-0.672697,-0.320156,0.511946,-0.047129,-0.879952,1.030209,-0.865449,-0.30904,0.538669
244,-0.083481,-0.852437,0.960706,-0.496574,-0.308814,0.523886,-0.087079,-0.85557,0.968806,-0.568854,-0.32245,0.541872,-0.04795,-0.865341,0.990139,-0.654122,-0.319,0.51837,-0.047364,-0.898456,1.015662,-0.830445,-0.29598,0.526897
245,-0.062465,-0.852743,0.953206,-0.467397,-0.319683,0.533749,-0.049246,-0.873852,0.964679,-0.528875,-0.308995,0.528125,-0.050365,-0.878009,0.979445,-0.628912,-0.33768,0.526041,-0.035534,-0.897797,1.011822,-0.791914,-0.315898,0.51966
246,-0.048443,-0.86333,0.937976,-0.447094,-0.332999,0.540059,-0.046529,-0.874454,0.950733,-0.524098,-0.320574,0.512964,-0.04142,-0.888096,0.970985,-0.597858,-0.342808,0.535115,-0.021757,-0.923486,1.005054,-0.767634,-0.31122,0.517658
247,-0.038733,-0.882524,0.939151,-0.425269,-0.336639,0.52038,-0.037057,-0.885794,0.947846,-0.483242,-0.325571,0.517009,-0.026924,-0.905983,0.966981,-0.564133,-0.339379,0.515252,-0.015106,-0.926958,0.998495,-0.705784,-0.335859,0.518359
248,-0.027151,-0.889356,0.926655,-0.394613,-0.356643,0.503602,-0.02484,-0.895795,0.938037,-0.443264,-0.340544,0.504933,-0.014706,-0.913672,0.956308,-0.534938,-0.344324,0.530081,-0.015235,-0.925429,0.975038,-0.670433,-0.343304,0.525989
249,-0.010744,-0.90735,0.920994,-0.361212,-0.346082,0.519358,-0.013679,-0.903256,0.931516,-0.42268,-0.349495,0.517293,-0.008834,-0.9185,0.952196,-0.496894,-0.348225,0.529488,-0.004506,-0.957424,0.975818,-0.656568,-0.361985,0.507582
250,0.002604,-0.908435,0.901226,-0.377957,-0.359247,0.493321,-0.002182,-0.918748,0.919193,-0.419466,-0.361427,0.512208,-0.006537,-0.918999,0.925805,-0.483345,-0.355205,0.538468,-0.006453,-0.956904,0.952285,-0.623588,-0.355255,0.527461
251,0.011112,-0.918868,0.896932,-0.344303,-0.363594,0.530775,0.017129,-0.930795,0.904796,-0.407054,-0.383849,0.498265,0.01263,-0.950769,0.915755,-0.460394,-0.382042,0.514871,0.00245,-0.974434,0.942994,-0.5695,-0.352684,0.511466
252,0.024052,-0.925474,0.892685,-0.326869,-0.376636,0.512041,0.022696,-0.930576,0.898162,-0.371199,-0.387002,0.516039,0.02922,-0.95183,0.90318,-0.41961,-0.360446,0.500013,0.007568,-0.979803,0.940638,-0.538545,-0.378806,0.485732
253,0.039246,-0.940021,0.872685,-0.279452,-0.405572,0.509372,0.032774,-0.955457,0.884802,-0.330413,-0.375635,0.509355,0.026146,-0.965668,0.90109,-0.377209,-0.37086,0.514829,0.021158,-0.984339,0.923351,-0.48911,-0.387999,0.50535
254,0.060801,-0.945067,0.863555,-0.296986,-0.382055,0.497636,0.047556,-0.95496,0.883334,-0.305713,-0.401904,0.513262,0.04065,-0.971511,0.890076,-0.360024,-0.375354,0.5111,0.024199,-0.997961,0.90434,-0.457232,-0.394586,0.507595
255,0.071006,-0.955587,0.858565,-0.250013,-0.396086,0.499417,0.052946,-0.965484,0.868294,-0.281857,-0.400125,0.495193,0.047028,-0.978069,0.882356,-0.332513,-0.376487,0.515802,0.032283,-1.005433,0.909878,-0.420232,-0.399277,0.489435
256,0.075219,-0.959032,0.844238,-0.21484,-0.406698,0.497674,0.068945,-0.97852,0.855045,-0.244192,-0.398796,0.503892,0.058119,-0.995074,0.868206,-0.301409,-0.408336,0.492951,0.043436,-1.012605,0.886336,-0.383306,-0.4056,0.496584
257,0.092635,-0.966402,0.832808,-0.218176,-0.411427,0.504488,0.08873,-0.983925,0.835903,-0.232858,-0.419215,0.492149,0.076604,-0.98806,0.852015,-0.266602,-0.404689,0.494712,0.045309,-1.026655,0.876607,-0.341403,-0.397544,0.497834
258,0.113799,-0.979406,0.821971,-0.184684,-0.411416,0.485095,0.094044,-0.988663,0.823161,-0.207227,-0.407453,0.502496,0.081436,-1.001367,0.847395,-0.230139,-0.43501,0.48073,0.047821,-1.024741,0.863564,-0.304225,-0.414097,0.500961
259,0.114983,-0.987802,0.807516,-0.15806,-0.422518,0.481071,0.110935,-1.00213,0.812265,-0.159599,-0.414718,0.502461,0.083665,-1.018827,0.831782,-0.229142,-0.413142,0.497341,0.067026,-1.04357,0.849895,-0.27212,-0.438577,0.485372
260,0.129918,-0.99363,0.798189,-0.12239,-0.416887,0.490484,0.119004,-1.010744,0.802919,-0.157428,-0.426681,0.489536,0.095901,-1.019174,0.817191,-0.173037,-0.425822,0.492347,0.07283,-1.041099,0.847228,-0.235288,-0.434197,0.481382
261,0.140273,-0.994455,0.782352,-0.104489,-0.410457,0.486595,0.138962,-1.000072,0.785224,-0.135294,-0.424673,0.480096,0.114149,-1.019456,0.804643,-0.135254,-0.43923,0.466656,0.074943,-1.050092,0.824689,-0.196209,-0.438387,0.493642
262,0.158324,-1.01496,0.775834,-0.081377,-0.44166,0.478487,0.150174,-1.016065,0.77958,-0.110273,-0.46475,0.462635,0.116133,-1.041307,0.781859,-0.112679,-0.43784,0.474188,0.072757,-1.055111,0.815756,-0.152094,-0.427205,0.4782
263,0.17053,-1.00817,0.74751,-0.084543,-0.447709,0.4764,0.154295,-1.011522,0.759392,-0.065801,-0.457611,0.463087,0.124767,-1.033986,0.76927,-0.089971,-0.452964,0.483368,0.086232,-1.06512,0.783555,-0.108229,-0.449514,0.482004
264,0.185128,-1.017429,0.742643,-0.05213,-0.444827,0.473589,0.16479,-1.032645,0.746743,-0.05647,-0.450753,0.47272,0.138966,-1.041879,0.765629,-0.044749,-0.428629,0.472736,0.092299,-1.069793,0.783296,-0.071361,-0.457645,0.469376
265,0.187782,-1.021585,0.72152,-0.030402,-0.4508,0.455535,0.185491,-1.037791,0.732034,-0.031778,-0.449145,0.465307,0.148035,-1.049299,0.744914,-0.045924,-0.459286,0.461039,0.106872,-1.069663,0.765725,-0.023523,-0.447055,0.490582
266,0.210206,-1.034721,0.710123,0.001008,-0.472866,0.466917,0.191776,-1.031756,0.719389,0.002872,-0.456273,0.455987,0.156888,-1.049892,0.736149,0.001981,-0.46653,0.452163,0.114544,-1.078703,0.757485,-0.004076,-0.446646,0.464676
267,0.218814,-1.026887,0.697685,0.027183,-0.458714,0.460076,0.198401,-1.026504,0.715764,0.040727,-0.473419,0.460245,0.168044,-1.055009,0.722751,0.030251,-0.471494,0.449732,0.109228,-1.084154,0.731771,0.040664,-0.462562,0.456031
268,0.22506,-1.03443,0.679068,0.05254,-0.479302,0.443589,0.210025,-1.045251,0.693571,0.068213,-0.483878,0.431228,0.178979,-1.059529,0.693319,0.066936,-0.468036,0.449263,0.120005,-1.094081,0.718267,0.072436,-0.469265,0.444182
269,0.244738,-1.030618,0.667877,0.076424,-0.476897,0.428614,0.227826,-1.035051,0.669713,0.076304,-0.469706,0.447213,0.188605,-1.070467,0.676124,0.08973,-0.483568,0.453749,0.123319,-1.099002,0.707126,0.119575,-0.491517,0.429005
270,0.265815,-1.041526,0.64609,0.083518,-0.473354,0.430514,0.233471,-1.060429,0.664519,0.107147,-0.47447,0.43461,0.198333,-1.063499,0.68044,0.132199,-0.476447,0.432846,0.127955,-1.093767,0.689456,0.148918,-0.474835,0.425907
271,0.269699,-1.028227,0.642559,0.12237,-0.484261,0.42849,0.241083,-1.053212,0.645901,0.1525,-0.472952,0.451429,0.213448,-1.068894,0.654043,0.168844,-0.49067,0.439489,0.128227,-1.100907,0.666224,0.193343,-0.487214,0.435997
272,0.290357,-1.043809,0.62559,0.125432,-0.496606,0.44344,0.250065,-1.058974,0.626813,0.169211,-0.484037,0.42295,0.219849,-1.067688,0.635832,0.177813,-0.470047,0.423259,0.145571,-1.093222,0.653826,0.245144,-0.48347,0.416758
273,0.302066,-1.038105,0.604524,0.167841,-0.490571,0.425109,0.273245,-1.050094,0.61118,0.194818,-0.481038,0.425223,0.2243,-1.067948,0.625026,0.220157,-0.497924,0.406044,0.139302,-1.107933,0.63348,0.271977,-0.487592,0.409444
274,0.318414,-1.050922,0.59308,0.177934,-0.488522,0.418675,0.273023,-1.055167,0.590779,0.197551,-0.498422,0.411287,0.2287,-1.081882,0.603246,0.246228,-0.490409,0.430304,0.15069,-1.099214,0.624576,0.31322,-0.487807,0.424611
275,0.321234,-1.043288,0.568476,0.217922,-0.503361,0.417874,0.280643,-1.057244,0.566561,0.22591,-0.510591,0.415123,0.242333,-1.077336,0.587071,0.273959,-0.491737,0.40092,0.162547,-1.103735,0.604552,0.331867,-0.492165,0.408511
276,0.333694,-1.047749,0.566475,0.246756,-0.506076,0.410625,0.309302,-1.063063,0.560403,0.272377,-0.499894,0.41594,0.256355,-1.070976,0.571138,0.301318,-0.496372,0.386217,0.162583,-1.110198,0.588734,0.392122,-0.510781,0.396422
277,0.338789,-1.049034,0.541741,0.257393,-0.506526,0.411646,0.314734,-1.065416,0.553225,0.277889,-0.499133,0.401504,0.265834,-1.077546,0.561033,0.342108,-0.517437,0.384932,0.169352,-1.108324,0.564519,0.434981,-0.503541,0.398518
278,0.349786,-1.051357,0.521567,0.260877,-0.508426,0.383712,0.313458,-1.062117,0.529393,0.29847,-0.519152,0.391028,0.265528,-1.076534,0.529064,0.364575,-0.494671,0.404114,0.178,-1.102765,0.546863,0.470462,-0.504126,0.388258
279,0.36308,-1.049678,0.507083,0.286361,-0.528978,0.392367,0.333625,-1.049834,0.503019,0.334528,-0.510865,0.389275,0.266234,-1.069921,0.52082,0.400673,-0.49966,0.379313,0.183608,-1.109664,0.534174,0.50482,-0.503122,0.367173
280,0.382523,-1.055675,0.486911,0.313165,-0.50748,0.378158,0.341801,-1.058635,0.486016,0.363051,-0.511994,0.370038,0.280197,-1.083406,0.500138,0.423677,-0.510224,0.369662,0.197051,-1.108851,0.507329,0.521558,-0.511369,0.388161
281,0.388542,-1.049359,0.466509,0.338168,-0.504827,0.381973,0.348479,-1.061427,0.47192,0.396496,-0.533706,0.354664,0.283341,-1.080434,0.475353,0.466111,-0.521227,0.367137,0.202218,-1.104112,0.498548,0.572903,-0.509034,0.365738
282,0.394583,-1.034024,0.453082,0.368573,-0.522254,0.363209,0.354993,-1.05834,0.460996,0.418434,-0.519087,0.350687,0.303002,-1.067947,0.462022,0.484931,-0.51685,0.359546,0.201394,-1.102534,0.474109,0.628009,-0.517137,0.352343
283,0.41129,-1.044753,0.437574,0.384116,-0.526482,0.357527,0.381353,-1.058574,0.434599,0.452061,-0.50453,0.357022,0.315394,-1.067407,0.441273,0.508554,-0.502217,0.361956,0.205446,-1.111005,0.462898,0.641506,-0.532187,0.361838
284,0.420907,-1.035555,0.419012,0.41804,-0.535502,0.355401,0.375527,-1.050978,0.420363,0.458732,-0.509298,0.350981,0.317095,-1.071729,0.431533,0.553898,-0.526302,0.347007,0.204143,-1.097371,0.430026,0.676226,-0.519083,0.366261
285,0.428912,-1.035221,0.398333,0.438347,-0.525889,0.341805,0.394332,-1.049934,0.399025,0.497343,-0.522115,0.353328,0.32433,-1.063658,0.407717,0.578742,-0.524017,0.333952,0.211567,-1.097558,0.425751,0.729824,-0.506875,0.337585
286,0.442519,-1.030574,0.383479,0.454508,-0.531415,0.329764,0.390889,-1.047355,0.373386,0.512399,-0.520136,0.343381,0.332257,-1.06236,0.381659,0.609341,-0.51304,0.338836,0.216145,-1.098601,0.395688,0.749241,-0.508872,0.329342
287,0.458247,-1.026379,0.357109,0.479557,-0.530478,0.322878,0.406782,-1.053704,0.370397,0.525798,-0.539149,0.324286,0.340389,-1.057038,0.367512,0.632163,-0.517065,0.318056,0.22685,-1.101092,0.375146,0.790357,-0.519878,0.301941
288,0.468251,-1.028433,0.342738,0.499907,-0.516115,0.325871,0.419752,-1.03734,0.348852,0.559309,-0.52114,0.315589,0.348787,-1.067433,0.35375,0.647478,-0.525579,0.310222,0.226159,-1.090052,0.360749,0.838929,-0.529739,0.313849
289,0.463123,-1.02839,0.318018,0.532393,-0.520622,0.293864,0.433262,-1.03211,0.328066,0.586246,-0.529213,0.295186,0.353115,-1.056777,0.33658,0.677223,-0.525581,0.31332,0.233025,-1.082875,0.341798,0.875055,-0.539513,0.303321
290,0.478962,-1.014499,0.308286,0.538655,-0.523768,0.299,0.444232,-1.03716,0.307364,0.61493,-0.523994,0.306022,0.367041,-1.052364,0.309088,0.704425,-0.504781,0.304818,0.236814,-1.079987,0.323086,0.894622,-0.538434,0.305492
291,0.492924,-1.013348,0.288677,0.537151,-0.523186,0.289546,0.448829,-1.019374,0.291858,0.629416,-0.528716,0.289056,0.377109,-1.040126,0.290355,0.733353,-0.51301,0.284397,0.2415,-1.081915,0.301365,0.947348,-0.541165,0.280434
292,0.500411,-1.01818,0.267399,0.578492,-0.538497,0.263041,0.452541,-1.019355,0.265567,0.644669,-0.537391,0.279875,0.380278,-1.040827,0.275996,0.753837,-0.522363,0.292431,0.253754,-1.065722,0.268851,0.986943,-0.528625,0.286639
293,0.509342,-1.010185,0.242066,0.595997,-0.532392,0.276174,0.455786,-1.013463,0.247832,0.676829,-0.544267,0.27414,0.374872,-1.037287,0.257098,0.790056,-0.540353,0.266887,0.254474,-1.066058,0.25894,1.007917,-0.544962,0.269444
294,0.519485,-1.006485,0.230414,0.616061,-0.541566,0.266375,0.468549,-1.007493,0.228931,0.693091,-0.528914,0.272842,0.388569,-1.029533,0.226549,0.831411,-0.534654,0.258233,0.263309,-1.056993,0.237063,1.031104,-0.534978,0.247958
295,0.53363,-0.999638,0.202412,0.639861,-0.535997,0.256237,0.476879,-1.002263,0.211486,0.715343,-0.525476,0.266579,0.39799,-1.024248,0.209432,0.852647,-0.552999,0.229479,0.252761,-1.049663,0.220946,1.085835,-0.537508,0.267337
296,0.546224,-0.985721,0.184804,0.665472,-0.521193,0.239317,0.484076,-0.997499,0.197119,0.729494,-0.536375,0.248216,0.413308,-1.013224,0.189464,0.888326,-0.537465,0.234977,0.25791,-1.042024,0.198264,1.117888,-0.521841,0.23165
297,0.542234,-0.986964,0.168463,0.682245,-0.538635,0.208287,0.49758,-0.993378,0.175493,0.774384,-0.532732,0.218089,0.408984,-1.009735,0.171627,0.889802,-0.524443,0.237883,0.269816,-1.036743,0.184755,1.147523,-0.527141,0.231581
298,0.554584,-0.973738,0.152319,0.693328,-0.525254,0.219095,0.501345,-0.986398,0.147137,0.787925,-0.543803,0.232776,0.41358,-0.999147,0.158692,0.94386,-0.538784,0.221514,0.280936,-1.029365,0.14515,1.173613,-0.518191,0.216823
299,0.561306,-0.959701,0.134894,0.729835,-0.520475,0.230449,0.505494,-0.977633,0.127405,0.796897,-0.52999,0.211133,0.423505,-0.991379,0.133355,0.956993,-0.521527,0.207247,0.275217,-1.00877,0.132208,1.197529,-0.528039,0.219227
300,0.574335,-0.957307,0.115225,0.73941,-0.533543,0.204424,0.508427,-0.968506,0.106608,0.81117,-0.53363,0.204801,0.440667,-0.974918,0.111754,0.959666,-0.527078,0.209025,0.2793,-1.013369,0.114699,1.219536,-0.534167,0.201766
301,0.578401,-0.947954,0.080505,0.755961,-0.538655,0.222306,0.522712,-0.970764,0.090945,0.844943,-0.53794,0.191321,0.432094,-0.964508,0.090816,1.006729,-0.533306,0.221892,0.276596,-1.002499,0.09177,1.265324,-0.528622,0.215378
302,0.577236,-0.93995,0.0608,0.769227,-0.525267,0.203146,0.531843,-0.963755,0.070224,0.875169,-0.527439,0.179636,0.446657,-0.963099,0.074254,1.0366,-0.515104,0.195156,0.282124,-0.987341,0.072082,1.299342,-0.521364,0.1847
303,0.586114,-0.930393,0.047274,0.781003,-0.526814,0.177058,0.537125,-0.938055,0.05215,0.878121,-0.513655,0.194575,0.453515,-0.957914,0.046604,1.033932,-0.535789,0.169537,0.298108,-0.986873,0.051425,1.316061,-0.513701,0.174675
304,0.593094,-0.92229,0.030323,0.80014,-0.517116,0.178277,0.538799,-0.941232,0.023675,0.894006,-0.511337,0.164662,0.45652,-0.952787,0.029311,1.073207,-0.490462,0.17266,0.298301,-0.977964,0.029467,1.370189,-0.502863,0.177697
305,0.5991,-0.91134,0.02133,0.828446,-0.507438,0.159511,0.546294,-0.923596,0.018533,0.934842,-0.508694,0.172582,0.464073,-0.942198,0.011356,1.118105,-0.517307,0.15615,0.295689,-0.970449,0.01018,1.381652,-0.505336,0.167977
306,0.605244,-0.909448,-0.007696,0.847737,-0.520906,0.141818,0.557925,-0.915294,-0.006798,0.93777,-0.502628,0.158963,0.468918,-0.922354,-0.005054,1.108944,-0.52969,0.133224,0.308657,-0.956017,-0.007566,1.413223,-0.524944,0.149247
307,0.615937,-0.895584,-0.034497,0.866273,-0.50703,0.152235,0.564119,-0.908964,-0.027772,0.952136,-0.514164,0.163338,0.46915,-0.911148,-0.032555,1.130154,-0.495594,0.143877,0.297698,-0.946778,-0.031576,1.437517,-0.51037,0.144424
308,0.630065,-0.885326,-0.044355,0.878274,-0.517377,0.13381,0.568197,-0.898503,-0.053766,0.990926,-0.502426,0.128459,0.471098,-0.905305,-0.048773,1.152533,-0.518846,0.115078,0.311781,-0.929723,-0.053736,1.470965,-0.520663,0.148116
309,0.624586,-0.877649,-0.069231,0.888379,-0.513267,0.125029,0.562606,-0.881577,-0.066317,0.986701,-0.520239,0.124029,0.474075,-0.901324,-0.062315,1.189305,-0.502558,0.136767,0.309477,-0.916676,-0.077184,1.493578,-0.500989,0.137906
310,0.637134,-0.857485,-0.093701,0.910242,-0.498717,0.118081,0.579011,-0.876449,-0.092669,1.011982,-0.505132,0.139223,0.486651,-0.877446,-0.092037,1.189612,-0.514736,0.122898,0.314206,-0.905962,-0.091197,1.51192,-0.498083,0.124655
311,0.645029,-0.850729,-0.10153,0.927183,-0.489395,0.111396,0.571707,-0.859954,-0.103619,1.039663,-0.514509,0.084269,0.491628,-0.87396,-0.110478,1.221065,-0.494197,0.123114,0.314018,-0.900349,-0.1109,1.572906,-0.484519,0.109065
312,0.652821,-0.846366,-0.129795,0.945239,-0.505285,0.086677,0.588195,-0.851486,-0.133575,1.081772,-0.498546,0.094954,0.490236,-0.849021,-0.124034,1.24049,-0.511241,0.095826,0.315669,-0.884635,-0.140783,1.591039,-0.499133,0.107527
313,0.647203,-0.824835,-0.156715,0.945338,-0.506887,0.066791,0.590396,-0.837216,-0.147751,1.088128,-0.478744,0.079847,0.494102,-0.854583,-0.152571,1.265059,-0.506023,0.079802,0.317981,-0.871601,-0.153465,1.586578,-0.47897,0.102882
314,0.649264,-0.816824,-0.167869,0.967491,-0.494288,0.085966,0.596498,-0.82667,-0.165388,1.088408,-0.477,0.074974,0.499245,-0.842375,-0.170595,1.27977,-0.484037,0.065548,0.323836,-0.855362,-0.171719,1.632758,-0.491252,0.059377
315,0.656622,-0.804927,-0.182673,0.95883,-0.491552,0.052226,0.602206,-0.813216,-0.187856,1.125735,-0.484694,0.083427,0.49909,-0.828157,-0.183707,1.283658,-0.477725,0.062158,0.325835,-0.838379,-0.189157,1.636534,-0.477847,0.071091
316,0.672166,-0.78379,-0.223115,0.988074,-0.466166,0.076881,0.596286,-0.794839,-0.213479,1.119443,-0.483366,0.05266,0.508209,-0.809856,-0.213885,1.331605,-0.486653,0.043351,0.324046,-0.835666,-0.218793,1.679765,-0.47687,0.057148
317,0.673133,-0.769729,-0.222563,1.037433,-0.486981,0.031991,0.607634,-0.783936,-0.221271,1.135137,-0.465177,0.057286,0.511708,-0.793372,-0.225374,1.32056,-0.472815,0.049732,0.336908,-0.826189,-0.237335,1.689201,-0.484228,0.036669
318,0.676153,-0.762434,-0.24117,1.03269,-0.467847,0.036914,0.608906,-0.762837,-0.241805,1.118617,-0.476103,0.033473,0.516653,-0.781607,-0.250669,1.367313,-0.466284,0.047491,0.338406,-0.810782,-0.266803,1.706575,-0.456355,0.030506
319,0.670563,-0.741921,-0.262665,1.038307,-0.476992,0.017454,0.615091,-0.749325,-0.275745,1.169798,-0.479388,0.026035,0.521305,-0.777945,-0.272474,1.380295,-0.461741,0.019196,0.342353,-0.785619,-0.283985,1.735737,-0.461068,0.0238
320,0.67931,-0.738847,-0.279284,1.041999,-0.463028,0.029557,0.620938,-0.742069,-0.284288,1.194412,-0.463186,0.007936,0.520674,-0.756995,-0.292557,1.396936,-0.455865,0.020059,0.33645,-0.771872,-0.297031,1.760224,-0.460158,0.014487
321,0.688314,-0.721075,-0.304329,1.046394,-0.474487,0.003511,0.631102,-0.737624,-0.302264,1.192455,-0.437991,0.000676,0.517141,-0.739687,-0.314794,1.425461,-0.453928,-0.010383,0.351594,-0.762607,-0.317981,1.762101,-0.442439,-0.004415
322,0.688214,-0.70197,-0.323123,1.07453,-0.456904,0.001367,0.623681,-0.70459,-0.310719,1.207692,-0.45945,-0.019009,0.519831,-0.724852,-0.32958,1.420488,-0.45963,-0.019816,0.335645,-0.746938,-0.338126,1.799424,-0.455952,-0.013534
323,0.689944,-0.685533,-0.343431,1.069188,-0.462288,-0.007347,0.624071,-0.701543,-0.340831,1.207488,-0.465335,-0.015577,0.529396,-0.710389,-0.351196,1.436518,-0.448592,-0.026839,0.336501,-0.734648,-0.358335,1.828597,-0.473539,-0.019666
324,0.69552,-0.677959,-0.355902,1.090958,-0.452466,-0.017587,0.636118,-0.672198,-0.361122,1.212723,-0.449668,-0.022954,0.532464,-0.681389,-0.362962,1.444943,-0.460922,-0.019045,0.338638,-0.71225,-0.38224,1.84781,-0.441563,-0.001008
325,0.700365,-0.65299,-0.375018,1.10978,-0.43313,-0.043978,0.632416,-0.66291,-0.382184,1.242085,-0.445367,-0.046138,0.526071,-0.677562,-0.384196,1.463289,-0.431968,-0.010679,0.334976,-0.701693,-0.404214,1.843753,-0.425059,-0.030233
326,0.694651,-0.641496,-0.392925,1.118812,-0.438393,-0.046381,0.634762,-0.652643,-0.395885,1.260187,-0.437151,-0.012995,0.535497,-0.656218,-0.40444,1.465991,-0.439223,-0.043985,0.336841,-0.675433,-0.412305,1.868623,-0.432813,-0.014769
327,0.698324,-0.630177,-0.416235,1.139914,-0.43279,-0.077658,0.636065,-0.635329,-0.414956,1.26891,-0.425356,-0.051143,0.536293,-0.643706,-0.435108,1.481615,-0.438855,-0.040623,0.349659,-0.664217,-0.438238,1.883496,-0.443296,-0.055576
328,0.70022,-0.617798,-0.422746,1.132367,-0.414506,-0.057374,0.63643,-0.621645,-0.431869,1.288947,-0.433922,-0.064577,0.52817,-0.629722,-0.438318,1.505902,-0.417434,-0.072851,0.352949,-0.640067,-0.457447,1.89107,-0.423263,-0.069344
329,0.705297,-0.601392,-0.450962,1.132117,-0.436554,-0.071313,0.634848,-0.597716,-0.455478,1.287234,-0.41386,-0.0802,0.524926,-0.612296,-0.4522,1.502327,-0.4226,-0.081854,0.349925,-0.621607,-0.470022,1.911212,-0.420306,-0.090352
330,0.697582,-0.582771,-0.465478,1.137419,-0.404347,-0.089062,0.627985,-0.583015,-0.479274,1.285159,-0.418577,-0.078788,0.527721,-0.6015,-0.480976,1.503569,-0.415085,-0.09516,0.346165,-0.614377,-0.495173,1.929209,-0.419614,-0.069974
331,0.696004,-0.562223,-0.478548,1.130804,-0.400268,-0.101614,0.63373,-0.572336,-0.480011,1.312113,-0.401291,-0.103102,0.526047,-0.589482,-0.495563,1.522794,-0.404396,-0.076466,0.35695,-0.591549,-0.514474,1.943762,-0.388036,-0.078517
332,0.703395,-0.552387,-0.507867,1.144452,-0.393436,-0.105322,0.636154,-0.549342,-0.51607,1.304685,-0.37417,-0.082878,0.521917,-0.573842,-0.515882,1.545508,-0.399615,-0.087982,0.350023,-0.576463,-0.534119,1.966005,-0.39182,-0.089503
333,0.700661,-0.530006,-0.512518,1.18652,-0.389902,-0.110283,0.640494,-0.541057,-0.534047,1.318705,-0.383999,-0.120091,0.537856,-0.547172,-0.535812,1.548779,-0.38951,-0.119042,0.348833,-0.550239,-0.544647,1.977853,-0.400129,-0.102897
334,0.701953,-0.508044,-0.531855,1.161383,-0.379562,-0.113725,0.640993,-0.518188,-0.54554,1.327645,-0.397103,-0.132281,0.542813,-0.525246,-0.555696,1.564774,-0.392528,-0.121537,0.358711,-0.544784,-0.566687,1.965006,-0.374558,-0.11212
335,0.698762,-0.49375,-0.551359,1.179987,-0.399559,-0.145295,0.636602,-0.495443,-0.55937,1.327429,-0.358612,-0.144611,0.535736,-0.500179,-0.579373,1.565749,-0.35983,-0.136327,0.345306,-0.525491,-0.595094,1.990627,-0.369534,-0.137689
336,0.701136,-0.481118,-0.565752,1.196678,-0.380311,-0.142734,0.635289,-0.48531,-0.573764,1.345398,-0.374754,-0.13242,0.538551,-0.486975,-0.590748,1.587436,-0.350666,-0.159603,0.344659,-0.507818,-0.594707,2.002024,-0.363146,-0.147893
337,0.711355,-0.4643,-0.584775,1.193424,-0.35637,-0.129846,0.635878,-0.462734,-0.600591,1.35645,-0.365491,-0.150572,0.540154,-0.479482,-0.60191,1.590027,-0.363339,-0.149338,0.347824,-0.493461,-0.620677,1.996638,-0.38109,-0.167037
338,0.695561,-0.446095,-0.6053,1.193964,-0.36947,-0.176851,0.636879,-0.454601,-0.605602,1.346013,-0.354285,-0.178104,0.532976,-0.460943,-0.629106,1.594759,-0.332587,-0.171705,0.339948,-0.463286,-0.641355,2.021656,-0.348479,-0.162359
339,0.693239,-0.429584,-0.622347,1.208422,-0.36065,-0.167762,0.633709,-0.43181,-0.624745,1.365013,-0.341514,-0.177463,0.525049,-0.436323,-0.635445,1.595778,-0.369081,-0.170754,0.336377,-0.444297,-0.655972,2.014859,-0.361665,-0.179241
340,0.700887,-0.408249,-0.640336,1.202692,-0.332073,-0.17309,0.628312,-0.41383,-0.649034,1.361163,-0.340422,-0.182223,0.530944,-0.412072,-0.656224,1.578244,-0.351409,-0.177839,0.341382,-0.435317,-0.667928,2.035516,-0.344173,-0.176792
341,0.69454,-0.387463,-0.649631,1.198142,-0.323324,-0.203256,0.630977,-0.396761,-0.662382,1.373972,-0.338281,-0.1871,0.525824,-0.404159,-0.662047,1.610379,-0.328451,-0.20172,0.343266,-0.412326,-0.67947,2.059937,-0.335565,-0.195461
342,0.694257,-0.364295,-0.660065,1.216868,-0.332964,-0.204909,0.640261,-0.375938,-0.672091,1.366241,-0.318954,-0.209997,0.536398,-0.370002,-0.675827,1.620613,-0.326006,-0.192057,0.334394,-0.377782,-0.699187,2.052673,-0.311239,-0.194197
343,0.698965,-0.349538,-0.674848,1.21674,-0.310023,-0.214216,0.630549,-0.362003,-0.681953,1.379061,-0.298355,-0.219353,0.525669,-0.354639,-0.712424,1.608486,-0.311124,-0.201118,0.341797,-0.37447,-0.721744,2.067131,-0.314794,-0.223777
344,0.685812,-0.32631,-0.69488,1.210556,-0.305767,-0.226358,0.63058,-0.34017,-0.694881,1.390354,-0.317973,-0.237312,0.52145,-0.334643,-0.719614,1.610782,-0.315507,-0.203587,0.34941,-0.348124,-0.737519,2.069796,-0.300087,-0.220215
345,0.690089,-0.314821,-0.715152,1.224281,-0.305299,-0.222816,0.620936,-0.321782,-0.712899,1.374023,-0.299086,-0.224132,0.52498,-0.327201,-0.727833,1.640746,-0.302188,-0.220225,0.337746,-0.33066,-0.756683,2.063434,-0.318347,-0.214369
346,0.678605,-0.299284,-0.713615,1.225049,-0.292705,-0.230874,0.62437,-0.295183,-0.730103,1.385431,-0.29199,-0.235173,0.525575,-0.298517,-0.739984,1.648892,-0.301584,-0.218246,0.336967,-0.316049,-0.769896,2.062281,-0.290747,-0.234068
347,0.672534,-0.275781,-0.739743,1.236328,-0.273889,-0.253075,0.616288,-0.28426,-0.753628,1.394901,-0.291902,-0.269084,0.52179,-0.282444,-0.764147,1.621876,-0.276721,-0.247438,0.335396,-0.29715,-0.771331,2.06851,-0.282445,-0.243758
348,0.683576,-0.248749,-0.741589,1.251248,-0.265625,-0.243949,0.616239,-0.255905,-0.762325,1.382193,-0.278735,-0.247958,0.507441,-0.270944,-0.773343,1.63294,-0.27372,-0.27684,0.336116,-0.274775,-0.791166,2.053982,-0.260565,-0.264575
349,0.677634,-0.231815,-0.768255,1.228053,-0.263415,-0.26799,0.60226,-0.237628,-0.773043,1.375357,-0.264301,-0.261006,0.515485,-0.25088,-0.784745,1.633785,-0.271147,-0.272294,0.329596,-0.249843,-0.807783,2.070785,-0.263106,-0.278308
350,0.67324,-0.229836,-0.777921,1.227415,-0.245343,-0.262838,0.611589,-0.209305,-0.784651,1.379331,-0.259406,-0.273161,0.519414,-0.228106,-0.795689,1.635183,-0.243179,-0.275265,0.325445,-0.225792,-0.822624,2.057014,-0.241402,-0.260658
351,0.662178,-0.20216,-0.79962,1.227049,-0.247438,-0.27712,0.606419,-0.196999,-0.795361,1.377426,-0.268809,-0.297524,0.517084,-0.208112,-0.806918,1.627637,-0.251347,-0.275943,0.332824,-0.206388,-0.844673,2.069282,-0.253985,-0.269299
352,0.667234,-0.180331,-0.80474,1.21267,-0.257029,-0.285571,0.596861,-0.176564,-0.812008,1.370757,-0.252873,-0.2801,0.500038,-0.19332,-0.837499,1.627795,-0.247262,-0.284428,0.321494,-0.188272,-0.852685,2.085602,-0.231052,-0.289975
353,0.650576,-0.149587,-0.822628,1.225228,-0.23244,-0.297607,0.59527,-0.161034,-0.829972,1.355031,-0.23673,-0.305445,0.494021,-0.168998,-0.841814,1.624338,-0.246567,-0.2997,0.321097,-0.180454,-0.865922,2.055053,-0.233125,-0.291261
354,0.649529,-0.138987,-0.831423,1.23508,-0.232076,-0.309027,0.583404,-0.146126,-0.847429,1.373183,-0.21501,-0.303863,0.499103,-0.147878,-0.852207,1.62838,-0.238179,-0.307183,0.322777,-0.149489,-0.88338,2.039283,-0.226689,-0.302182
355,0.640571,-0.126267,-0.84043,1.222107,-0.224929,-0.31355,0.574072,-0.119372,-0.853214,1.369652,-0.204749,-0.30347,0.493659,-0.128521,-0.855952,1.623455,-0.204223,-0.304714,0.328462,-0.131569,-0.893123,2.050219,-0.216636,-0.29406
356,0.632966,-0.098562,-0.842512,1.21845,-0.212798,-0.327012,0.583931,-0.099556,-0.859266,1.351442,-0.205243,-0.359204,0.484152,-0.102745,-0.873671,1.60704,-0.218479,-0.327105,0.312995,-0.09708,-0.904275,2.049198,-0.21859,-0.334254
357,0.63865,-0.080352,-0.865672,1.203624,-0.196338,-0.357119,0.575187,-0.075549,-0.875492,1.350847,-0.186982,-0.323384,0.480035,-0.084657,-0.889695,1.630861,-0.208354,-0.326877,0.31527,-0.07843,-0.910461,2.061886,-0.198145,-0.327608
358,0.628913,-0.062158,-0.873855,1.216053,-0.192898,-0.338846,0.57892,-0.064636,-0.884,1.36247,-0.183815,-0.341878,0.478429,-0.075274,-0.904252,1.590498,-0.17766,-0.325835,0.305836,-0.064106,-0.928089,2.026419,-0.186416,-0.323844
359,0.620271,-0.041552,-0.876233,1.205239,-0.193831,-0.341876,0.573355,-0.0455,-0.891442,1.364344,-0.171038,-0.355775,0.4774,-0.053314,-0.903953,1.618713,-0.189469,-0.320761,0.306581,-0.04811,-0.940853,2.027228,-0.187671,-0.325428
360,0.625031,-0.027505,-0.897755,1.220572,-0.156983,-0.334592,0.56121,-0.023402,-0.90737,1.38467,-0.17295,-0.35404,0.467461,-0.012886,-0.918803,1.580713,-0.156676,-0.350185,0.303635,-0.034622,-0.942802,2.027141,-0.145947,-0.35689
361,0.612311,-0.003219,-0.913313,1.196205,-0.165812,-0.358477,0.551782,-0.005445,-0.913987,1.350931,-0.152535,-0.375196,0.454831,-0.001077,-0.934103,1.572013,-0.156391,-0.367227,0.310673,-0.001913,-0.963534,2.009789,-0.13481,-0.367527
362,0.613361,0.02344,-0.908122,1.176833,-0.13252,-0.361589,0.551468,0.019063,-0.92025,1.347035,-0.156035,-0.371599,0.45121,0.021816,-0.936933,1.573398,-0.146421,-0.360105,0.291802,0.024573,-0.963501,2.012342,-0.139221,-0.355523
363,0.598879,0.033301,-0.932357,1.203516,-0.134143,-0.379007,0.538477,0.02731,-0.948234,1.335821,-0.128224,-0.37041,0.459583,0.044453,-0.941729,1.56447,-0.150854,-0.38562,0.298139,0.037309,-0.983319,2.005543,-0.123128,-0.356338
364,0.591941,0.050309,-0.939445,1.177404,-0.113854,-0.393884,0.530315,0.067703,-0.939315,1.331317,-0.138578,-0.382335,0.444811,0.067598,-0.965335,1.569114,-0.130348,-0.393342,0.298961,0.056919,-0.97817,1.982962,-0.127938,-0.371736
365,0.58136,0.07276,-0.938221,1.159092,-0.111418,-0.384656,0.525601,0.080461,-0.955291,1.329157,-0.118786,-0.382815,0.440652,0.081524,-0.976274,1.543818,-0.115815,-0.391913,0.289018,0.082758,-1.003455,1.969112,-0.103154,-0.380586
366,0.566156,0.098986,-0.957148,1.16213,-0.112232,-0.394286,0.522331,0.103225,-0.967914,1.329908,-0.116254,-0.400434,0.43837,0.104047,-0.985391,1.545955,-0.09414,-0.371396,0.288409,0.10299,-1.006402,1.96253,-0.113368,-0.390682
367,0.567501,0.109493,-0.965923,1.160596,-0.094697,-0.402606,0.520273,0.124862,-0.96106,1.304558,-0.115869,-0.394187,0.43348,0.114289,-0.992086,1.53493,-0.119135,-0.407976,0.285865,0.12257,-1.011623,1.972854,-0.103032,-0.402292
368,0.552088,0.146283,-0.976292,1.165521,-0.093332,-0.398687,0.508106,0.133079,-0.976948,1.305222,-0.085712,-0.42816,0.427632,0.136207,-0.995937,1.528189,-0.094884,-0.405923,0.286303,0.147443,-1.017645,1.947558,-0.102205,-0.405445
369,0.555377,0.152678,-0.981546,1.139888,-0.08792,-0.408658,0.498952,0.163761,-0.987032,1.292161,-0.065786,-0.420276,0.414049,0.156063,-1.000071,1.516142,-0.095382,-0.417695,0.278909,0.159127,-1.031722,1.919059,-0.067016,-0.422507
370,0.542102,0.160352,-0.99353,1.133704,-0.074559,-0.436651,0.495364,0.175063,-1.000769,1.289243,-0.081479,-0.415479,0.416242,0.178841,-1.002985,1.499884,-0.062154,-0.413604,0.269882,0.181845,-1.043727,1.892322,-0.085567,-0.394321
371,0.536768,0.196512,-0.993527,1.141719,-0.071389,-0.406216,0.48412,0.195022,-0.99074,1.262156,-0.067543,-0.429541,0.412894,0.198803,-1.02119,1.490075,-0.042762,-0.41487,0.258689,0.199423,-1.042765,1.914406,-0.061429,-0.41842
372,0.522144,0.220726,-0.990033,1.125008,-0.066512,-0.436776,0.486923,0.223153,-1.003203,1.239372,-0.040906,-0.433901,0.397455,0.215661,-1.018659,1.47672,-0.058508,-0.407376,0.263168,0.225475,-1.049118,1.879923,-0.05647,-0.435932
373,0.514505,0.243236,-1.005433,1.091341,-0.038038,-0.435963,0.468052,0.238682,-1.011227,1.257681,-0.051778,-0.424219,0.392945,0.243879,-1.026097,1.457153,-0.043754,-0.422303,0.256626,0.24421,-1.054863,1.84059,-0.022595,-0.447364
374,0.507888,0.249261,-1.017889,1.096692,-0.036624,-0.452097,0.461201,0.261253,-1.013224,1.249973,-0.047826,-0.446971,0.3858,0.255747,-1.034699,1.46792,-0.033239,-0.44938,0.25426,0.265009,-1.060081,1.869243,-0.026448,-0.448929
375,0.495454,0.262366,-1.003036,1.099727,-0.019792,-0.446147,0.453633,0.267676,-1.022454,1.228687,-0.027769,-0.458191,0.374474,0.283963,-1.041338,1.442279,-0.007855,-0.435862,0.245689,0.294902,-1.068306,1.841061,-0.014268,-0.443476
376,0.484966,0.284407,-1.012697,1.07331,-0.012385,-0.448779,0.444329,0.293543,-1.030486,1.214085,-0.012299,-0.459489,0.378731,0.30413,-1.056496,1.412829,-0.008858,-0.456493,0.235493,0.300671,-1.079512,1.778923,-0.002953,-0.448846
377,0.476076,0.299956,-1.028005,1.060071,0.002455,-0.477896,0.438718,0.318211,-1.029117,1.176655,0.007567,-0.458622,0.364593,0.322829,-1.049857,1.42559,0.009579,-0.468565,0.238989,0.326297,-1.082247,1.797183,0.002934,-0.460684
378,0.46394,0.332343,-1.028202,1.040953,0.016584,-0.465915,0.424387,0.334061,-1.041072,1.187846,0.009387,-0.455844,0.364645,0.329399,-1.057073,1.378575,0.004313,-0.45083,0.236272,0.3466,-1.083535,1.782618,-0.011971,-0.45632
379,0.457519,0.353253,-1.033136,1.036971,0.020628,-0.463473,0.426503,0.354185,-1.04334,1.155001,0.022268,-0.480972,0.349664,0.354663,-1.063328,1.37294,0.033626,-0.467226,0.22715,0.363774,-1.094653,1.762694,-0.013574,-0.467381
380,0.442433,0.366632,-1.046203,1.020358,0.015678,-0.502299,0.414892,0.370723,-1.047971,1.159408,0.042732,-0.494867,0.337722,0.377586,-1.067076,1.363217,0.019193,-0.471871,0.224554,0.384671,-1.100148,1.722503,0.016498,-0.477381
381,0.440276,0.385775,-1.040242,1.00964,0.04948,-0.487674,0.392496,0.399052,-1.04749,1.159443,0.062382,-0.478059,0.338734,0.389847,-1.077399,1.353643,0.035314,-0.486894,0.212318,0.412651,-1.09887,1.694957,0.044379,-0.479922
382,0.439091,0.397456,-1.035272,0.985853,0.034363,-0.482759,0.388302,0.410209,-1.059729,1.124933,0.036017,-0.475613,0.322834,0.412484,-1.060995,1.344439,0.04451,-0.462658,0.21461,0.423693,-1.105461,1.693421,0.054691,-0.495036
383,0.418124,0.414809,-1.042166,0.995153,0.06156,-0.483297,0.369218,0.42633,-1.045514,1.116586,0.083919,-0.495214,0.3147,0.433342,-1.060419,1.312129,0.060904,-0.507324,0.201337,0.445689,-1.103769,1.667207,0.07278,-0.49661
384,0.410655,0.442173,-1.043566,0.97768,0.067896,-0.468238,0.363848,0.449793,-1.067509,1.114153,0.076372,-0.486969,0.317544,0.449574,-1.068588,1.296211,0.050988,-0.481656,0.197777,0.464077,-1.104713,1.630051,0.062852,-0.485427
385,0.398323,0.457232,-1.039507,0.964218,0.08491,-0.481299,0.363035,0.458563,-1.052233,1.088035,0.083589,-0.496731,0.293273,0.474307,-1.072157,1.288091,0.089405,-0.494471,0.195784,0.488654,-1.101181,1.596388,0.088508,-0.482426
386,0.390196,0.467735,-1.040998,0.934952,0.084585,-0.50489,0.338531,0.476631,-1.054866,1.055775,0.077959,-0.484073,0.303468,0.485194,-1.076545,1.251895,0.086123,-0.501354,0.196139,0.499458,-1.10589,1.590527,0.088458,-0.515498
387,0.371365,0.500228,-1.038013,0.937733,0.107215,-0.486027,0.343873,0.488826,-1.047609,1.028688,0.097103,-0.514828,0.277404,0.498265,-1.082884,1.215682,0.094125,-0.509974,0.180691,0.5225,-1.100397,1.572878,0.092358,-0.514916
388,0.359596,0.506074,-1.048214,0.906615,0.092734,-0.511458,0.328074,0.508844,-1.063244,1.023926,0.101704,-0.516394,0.272778,0.519179,-1.071341,1.222905,0.101735,-0.505803,0.1706,0.541588,-1.113828,1.540309,0.114435,-0.499098
389,0.348865,0.528551,-1.056941,0.893682,0.112865,-0.489147,0.31365,0.53699,-1.058523,1.006982,0.121137,-0.49174,0.262386,0.534195,-1.07846,1.193681,0.116845,-0.514661,0.167729,0.556526,-1.108391,1.52958,0.121364,-0.504491
390,0.335262,0.551157,-1.05381,0.890341,0.128289,-0.50893,0.309855,0.546781,-1.056142,0.968033,0.127567,-0.519763,0.257036,0.556945,-1.082198,1.183006,0.127809,-0.487096,0.174861,0.575833,-1.104357,1.495213,0.127992,-0.510195
391,0.325923,0.553631,-1.051084,0.873993,0.12949,-0.503781,0.293184,0.569493,-1.046921,0.978633,0.133591,-0.529166,0.243487,0.575799,-1.069094,1.164742,0.138778,-0.515259,0.162038,0.602057,-1.108774,1.469875,0.133575,-0.505266
392,0.314308,0.580404,-1.053986,0.831333,0.132984,-0.528179,0.291357,0.587319,-1.051444,0.961274,0.146269,-0.506005,0.240617,0.593003,-1.074309,1.11989,0.141784,-0.523432,0.160262,0.613165,-1.105867,1.42056,0.135967,-0.50482
393,0.30711,0.594036,-1.05031,0.830928,0.158826,-0.521326,0.272776,0.600654,-1.059308,0.930613,0.145404,-0.525815,0.231797,0.616624,-1.076216,1.113145,0.160889,-0.522736,0.15428,0.613732,-1.103033,1.385196,0.160919,-0.521973
394,0.295201,0.607712,-1.044699,0.812149,0.171284,-0.522738,0.261139,0.629901,-1.06449,0.930771,0.145301,-0.518904,0.222325,0.629771,-1.068528,1.084479,0.179918,-0.512925,0.152069,0.649872,-1.099678,1.370315,0.143042,-0.522472
395,0.271258,0.623186,-1.042559,0.82601,0.183169,-0.518471,0.250456,0.631476,-1.061734,0.924038,0.171315,-0.518209,0.21707,0.643223,-1.075156,1.053084,0.162454,-0.52663,0.138235,0.660944,-1.09563,1.33649,0.185859,-0.530578
396,0.265125,0.64213,-1.047216,0.777368,0.184895,-0.515731,0.238627,0.647948,-1.045985,0.875429,0.197148,-0.507959,0.197896,0.664614,-1.069013,1.048485,0.203672,-0.538264,0.135207,0.67445,-1.102704,1.320406,0.186972,-0.52185
397,0.248726,0.657681,-1.036655,0.776206,0.202052,-0.530451,0.223208,0.662647,-1.054108,0.854997,0.193738,-0.518444,0.190609,0.67183,-1.065416,1.030931,0.190544,-0.526749,0.120669,0.689885,-1.099332,1.279194,0.207333,-0.508423
398,0.239607,0.667526,-1.028598,0.73035,0.211062,-0.512722,0.214106,0.680732,-1.040163,0.828764,0.22307,-0.532466,0.186172,0.696861,-1.056302,0.978918,0.208543,-0.514259,0.129792,0.703679,-1.091309,1.24813,0.19527,-0.503756
399,0.224078,0.691343,-1.025408,0.741827,0.213258,-0.537768,0.205368,0.693453,-1.038315,0.822877,0.184497,-0.54414,0.174841,0.706093,-1.049488,0.971122,0.209863,-0.522002,0.116903,0.723517,-1.096682,1.220266,0.220686,-0.49721
400,0.22181,0.699799,-1.027568,0.697452,0.209248,-0.518198,0.199205,0.703844,-1.040339,0.792302,0.239602,-0.517264,0.16158,0.721948,-1.048645,0.930218,0.232673,-0.52674,0.107431,0.743988,-1.084421,1.19454,0.223334,-0.530296
401,0.204589,0.720299,-1.023457,0.690101,0.211237,-0.534554,0.188445,0.728592,-1.026241,0.788476,0.227212,-0.518404,0.147804,0.737538,-1.050904,0.907858,0.222563,-0.528152,0.099249,0.75306,-1.075865,1.14261,0.226924,-0.544983
402,0.186507,0.735014,-1.004035,0.657115,0.23443,-0.520122,0.176761,0.742553,-1.029788,0.743312,0.244555,-0.521392,0.141181,0.746067,-1.045628,0.879962,0.25329,-0.514049,0.092517,0.780135,-1.081026,1.114266,0.267132,-0.528584
403,0.176501,0.744637,-1.009293,0.652335,0.234052,-0.536143,0.160216,0.75658,-1.024705,0.726807,0.238458,-0.542581,0.137962,0.772366,-1.043366,0.867903,0.253816,-0.527743,0.0839,0.792342,-1.062698,1.097771,0.246455,-0.53392
404,0.1646,0.766216,-1.009614,0.642892,0.262596,-0.545056,0.153051,0.763135,-1.017096,0.715339,0.251324,-0.520161,0.116407,0.785554,-1.028626,0.818348,0.253701,-0.527725,0.07963,0.801577,-1.056162,1.058553,0.256855,-0.536117
405,0.157379,0.787086,-1.001003,0.617033,0.263008,-0.530136,0.134666,0.780059,-1.013899,0.695349,0.263611,-0.518378,0.118138,0.799419,-1.017723,0.819039,0.273597,-0.530182,0.075377,0.817324,-1.054063,1.022387,0.264112,-0.520058
406,0.143074,0.780793,-0.997526,0.579807,0.275087,-0.549348,0.125591,0.788367,-0.999916,0.659584,0.277105,-0.5152,0.109229,0.801303,-1.017682,0.774528,0.283465,-0.543187,0.068327,0.836916,-1.051072,0.975552,0.298737,-0.53634
407,0.133743,0.805738,-0.988487,0.573238,0.274169,-0.535739,0.118716,0.806285,-1.003752,0.622628,0.288934,-0.51236,0.091806,0.825385,-1.013986,0.765053,0.281792,-0.544228,0.054973,0.845638,-1.043062,0.95107,0.302007,-0.539872
408,0.118948,0.811044,-0.984022,0.548851,0.288495,-0.528927,0.1083,0.821884,-0.990759,0.614199,0.288332,-0.530735,0.08289,0.833452,-1.016544,0.712073,0.293267,-0.520369,0.05474,0.8541,-1.038555,0.9238,0.269705,-0.537492
409,0.100505,0.819804,-0.972246,0.540846,0.295387,-0.543558,0.091405,0.825241,-0.981203,0.571157,0.294498,-0.535306,0.080398,0.840713,-1.000174,0.709667,0.302732,-0.527505,0.044689,0.874649,-1.034819,0.887504,0.276212,-0.533659
410,0.101841,0.839385,-0.955455,0.482484,0.307471,-0.51339,0.078261,0.852449,-0.981184,0.591299,0.309027,-0.504879,0.069131,0.850785,-0.998037,0.668687,0.313114,-0.525777,0.038188,0.885443,-1.021919,0.869953,0.309712,-0.53484
411,0.075774,0.848195,-0.959642,0.495918,0.30947,-0.543017,0.080888,0.863629,-0.986256,0.54726,0.315636,-0.516556,0.046674,0.869276,-0.982137,0.660425,0.317684,-0.535352,0.035955,0.896216,-1.015412,0.815393,0.311598,-0.537689
412,0.061055,0.858012,-0.945788,0.478707,0.303988,-0.523076,0.054104,0.859983,-0.957997,0.516748,0.339624,-0.523158,0.044596,0.878117,-0.968332,0.603104,0.331051,-0.529108,0.033729,0.899457,-1.009108,0.776304,0.317153,-0.532236
413,0.056279,0.862614,-0.945282,0.436465,0.330789,-0.519808,0.037202,0.883326,-0.952516,0.497827,0.327582,-0.527853,0.042266,0.896568,-0.970807,0.57885,0.325921,-0.530978,0.02109,0.912987,-1.000658,0.758044,0.313964,-0.514634
414,0.038423,0.879065,-0.933188,0.42376,0.337418,-0.515822,0.032536,0.888334,-0.944165,0.484675,0.341961,-0.5193,0.030439,0.903857,-0.963104,0.555247,0.350707,-0.531173,0.014621,0.944278,-0.982959,0.711818,0.334204,-0.534501
415,0.019787,0.891323,-0.922591,0.399882,0.349897,-0.517787,0.023916,0.897288,-0.93507,0.467113,0.361579,-0.52284,0.014661,0.924298,-0.948043,0.512195,0.363917,-0.518183,0.008032,0.93572,-0.980404,0.650426,0.353388,-0.526829
416,0.020021,0.898177,-0.921835,0.37716,0.362556,-0.509146,0.011905,0.905932,-0.932784,0.42476,0.368736,-0.494938,0.010768,0.926316,-0.946746,0.528568,0.338789,-0.515699,0.001176,0.954692,-0.971209,0.637768,0.355355,-0.516205
417,0.001328,0.911546,-0.909389,0.351698,0.356412,-0.510761,-0.000226,0.93243,-0.92207,0.412408,0.357101,-0.525619,-0.00478,0.938127,-0.923805,0.455029,0.378839,-0.520183,-0.006429,0.962084,-0.967217,0.60027,0.382206,-0.528659
418,-0.019908,0.924594,-0.892643,0.337861,0.37313,-0.521922,-0.015434,0.927826,-0.910038,0.364009,0.373979,-0.514301,-0.012834,0.942762,-0.91429,0.445302,0.375495,-0.520772,-0.003698,0.976218,-0.943149,0.567314,0.3807,-0.511682
419,-0.024705,0.918833,-0.884939,0.31624,0.374031,-0.503461,-0.023569,0.941592,-0.906079,0.354964,0.373178,-0.517285,-0.02613,0.960871,-0.913931,0.404325,0.366048,-0.518148,-0.016239,0.982733,-0.927376,0.507424,0.364035,-0.513985
420,-0.037521,0.939141,-0.876298,0.298922,0.40044,-0.508197,-0.042524,0.957671,-0.88833,0.308578,0.363965,-0.510814,-0.034544,0.957015,-0.894592,0.378958,0.401475,-0.512955,-0.01893,0.989117,-0.92327,0.466737,0.3836,-0.490144
421,-0.05257,0.962231,-0.860636,0.256232,0.402355,-0.504181,-0.042923,0.957619,-0.871094,0.297799,0.394988,-0.50264,-0.044598,0.980676,-0.885562,0.343379,0.388132,-0.503809,-0.023799,1.004781,-0.901364,0.447613,0.390025,-0.503797
422,-0.066675,0.957749,-0.843548,0.230284,0.397709,-0.492435,-0.071715,0.962076,-0.866658,0.28677,0.401642,-0.514945,-0.051921,0.986374,-0.865954,0.321384,0.38556,-0.487723,-0.040953,1.011918,-0.89431,0.403678,0.419821,-0.502063
423,-0.083705,0.961541,-0.839999,0.219898,0.390189,-0.49602,-0.074407,0.975186,-0.851122,0.267235,0.401856,-0.50085,-0.067793,0.990169,-0.862901,0.320489,0.399825,-0.49747,-0.045792,1.024546,-0.882234,0.351543,0.404078,-0.504118
424,-0.091555,0.978757,-0.828378,0.181615,0.395052,-0.491613,-0.091204,0.986266,-0.828567,0.21026,0.411248,-0.497298,-0.082139,1.005413,-0.844411,0.273526,0.402095,-0.515947,-0.050721,1.02401,-0.870743,0.337326,0.411892,-0.497289
425,-0.118178,0.980349,-0.811788,0.18159,0.413705,-0.495145,-0.097289,0.997188,-0.828559,0.197536,0.423397,-0.482228,-0.073711,1.005329,-0.84106,0.254972,0.402122,-0.488045,-0.055901,1.033306,-0.85952,0.303262,0.397876,-0.485287
426,-0.129053,0.984511,-0.79937,0.162614,0.402261,-0.498038,-0.106721,0.997669,-0.816805,0.161257,0.433634,-0.47549,-0.089101,1.011778,-0.812481,0.200797,0.419247,-0.475137,-0.056252,1.045537,-0.850156,0.261078,0.436948,-0.487065
427,-0.141012,0.996283,-0.791439,0.134345,0.422468,-0.497594,-0.124249,1.006258,-0.799079,0.133792,0.423256,-0.473556,-0.103724,1.020437,-0.816826,0.169953,0.413077,-0.496906,-0.073617,1.047081,-0.828764,0.209927,0.425305,-0.486437
428,-0.150914,1.006127,-0.775776,0.084398,0.436199,-0.479075,-0.145288,1.009536,-0.785773,0.136762,0.438596,-0.485353,-0.120025,1.037626,-0.787927,0.136656,0.439901,-0.481001,-0.078276,1.054312,-0.821497,0.169256,0.457288,-0.475803
429,-0.165882,1.004307,-0.758773,0.091557,0.441764,-0.485157,-0.145116,1.010832,-0.769628,0.087635,0.463208,-0.460882,-0.126226,1.044287,-0.784058,0.120086,0.425325,-0.473244,-0.075281,1.068541,-0.806169,0.132641,0.451701,-0.49379
430,-0.177477,1.010858,-0.741,0.061664,0.433954,-0.45862,-0.165216,1.019892,-0.764307,0.063524,0.461952,-0.487349,-0.12543,1.043672,-0.77379,0.076326,0.436369,-0.47028,-0.084878,1.060303,-0.789759,0.089058,0.432752,-0.48189
431,-0.179593,1.016264,-0.730013,0.056873,0.461302,-0.45951,-0.162719,1.024184,-0.749913,0.028797,0.4579,-0.459443,-0.144061,1.036808,-0.755931,0.046767,0.433445,-0.467223,-0.085181,1.073012,-0.772015,0.055682,0.455467,-0.463382
432,-0.19136,1.01859,-0.719631,0.020391,0.473192,-0.46842,-0.171601,1.033528,-0.72317,0.014898,0.456904,-0.446129,-0.149708,1.05077,-0.745626,0.013053,0.461774,-0.448591,-0.103258,1.079632,-0.761611,0.025021,0.449257,-0.467623
433,-0.215458,1.018414,-0.707497,0.003297,0.463528,-0.462491,-0.199063,1.034071,-0.719397,-0.017708,0.452638,-0.457614,-0.161832,1.05163,-0.718496,-0.022718,0.462234,-0.451243,-0.110668,1.084779,-0.746385,-0.007247,0.462953,-0.439664
434,-0.225741,1.030501,-0.693037,-0.044747,0.452188,-0.440043,-0.210252,1.042827,-0.706035,-0.02998,0.444935,-0.449768,-0.1827,1.055872,-0.720947,-0.03923,0.472845,-0.456469,-0.115052,1.091221,-0.732014,-0.05439,0.473845,-0.446223
435,-0.237602,1.033819,-0.672511,-0.036424,0.464028,-0.437662,-0.21445,1.0462,-0.677027,-0.074428,0.47273,-0.427839,-0.176959,1.060636,-0.698218,-0.093862,0.463188,-0.445062,-0.118047,1.091558,-0.713448,-0.08734,0.487676,-0.457998
436,-0.241154,1.037971,-0.666487,-0.081053,0.486649,-0.431215,-0.220254,1.042346,-0.67108,-0.083478,0.479571,-0.440736,-0.192441,1.063794,-0.679604,-0.101553,0.483236,-0.431946,-0.127551,1.089189,-0.695858,-0.116535,0.476667,-0.446639
437,-0.263525,1.043099,-0.648185,-0.095049,0.466524,-0.428509,-0.231131,1.054426,-0.651536,-0.097757,0.480604,-0.434749,-0.203353,1.072544,-0.660163,-0.128919,0.477986,-0.4402,-0.127616,1.099677,-0.678187,-0.189862,0.465413,-0.422604
438,-0.273068,1.039723,-0.638449,-0.151743,0.490567,-0.425586,-0.250903,1.050004,-0.630779,-0.125729,0.478223,-0.434587,-0.208472,1.066268,-0.649811,-0.156901,0.486313,-0.434015,-0.138936,1.099404,-0.670201,-0.218077,0.498206,-0.434199
439,-0.278394,1.040293,-0.609573,-0.151132,0.488465,-0.423206,-0.262682,1.056097,-0.62673,-0.170661,0.50113,-0.437397,-0.223742,1.075344,-0.635687,-0.191718,0.499058,-0.419593,-0.140645,1.093776,-0.653309,-0.247625,0.476902,-0.429708
440,-0.304188,1.046181,-0.603989,-0.169034,0.500021,-0.424538,-0.273443,1.064135,-0.610155,-0.190819,0.493331,-0.410941,-0.231608,1.072876,-0.618526,-0.207818,0.482669,-0.41365,-0.148557,1.096927,-0.635243,-0.279241,0.491071,-0.435874
441,-0.320179,1.046793,-0.588436,-0.198477,0.504675,-0.402562,-0.279159,1.05829,-0.581992,-0.217534,0.517554,-0.408539,-0.244841,1.078145,-0.602955,-0.243496,0.482292,-0.407711,-0.154367,1.101787,-0.615262,-0.33144,0.503194,-0.418144
442,-0.324946,1.042821,-0.567293,-0.219446,0.501456,-0.397747,-0.289773,1.07024,-0.571327,-0.251471,0.502917,-0.413016,-0.244335,1.081394,-0.574833,-0.29068,0.506167,-0.399114,-0.161736,1.108916,-0.597374,-0.356572,0.506804,-0.392633
443,-0.33643,1.040231,-0.550345,-0.214524,0.506348,-0.409784,-0.30518,1.06357,-0.552534,-0.260697,0.49429,-0.409638,-0.254072,1.076949,-0.575143,-0.312139,0.498816,-0.412526,-0.166027,1.112702,-0.579858,-0.404478,0.517261,-0.396258
444,-0.348984,1.045338,-0.534344,-0.24797,0.496649,-0.393153,-0.316264,1.055003,-0.539101,-0.314613,0.513435,-0.390922,-0.268972,1.06877,-0.557851,-0.351648,0.500116,-0.389406,-0.166168,1.106546,-0.564079,-0.435971,0.499651,-0.387643
445,-0.36208,1.050972,-0.515928,-0.290279,0.507992,-0.369022,-0.323496,1.064084,-0.511506,-0.323996,0.512369,-0.391905,-0.269142,1.085876,-0.531743,-0.386337,0.513635,-0.374829,-0.177053,1.112931,-0.54318,-0.47096,0.51287,-0.385754
446,-0.368674,1.044973,-0.50449,-0.30748,0.49697,-0.381265,-0.33167,1.065579,-0.508761,-0.355692,0.522703,-0.380402,-0.27331,1.079994,-0.516926,-0.407096,0.511931,-0.374509,-0.187884,1.114353,-0.52024,-0.517325,0.525663,-0.386484
447,-0.37946,1.050749,-0.484211,-0.335977,0.520812,-0.36858,-0.339202,1.066047,-0.479832,-0.365083,0.493563,-0.363583,-0.289122,1.079619,-0.492118,-0.444788,0.486673,-0.368707,-0.185177,1.109818,-0.513406,-0.554051,0.516024,-0.352513
448,-0.395335,1.053196,-0.457945,-0.340982,0.525611,-0.353821,-0.356426,1.058283,-0.468106,-0.398002,0.520739,-0.354777,-0.303538,1.083073,-0.475918,-0.461747,0.519604,-0.366178,-0.195375,1.105385,-0.489428,-0.600796,0.515603,-0.368463
449,-0.395274,1.044945,-0.439818,-0.374168,0.523309,-0.371906,-0.367962,1.055227,-0.447613,-0.414241,0.498788,-0.354347,-0.310963,1.071706,-0.449362,-0.504421,0.506022,-0.360957,-0.203622,1.113356,-0.470508,-0.618997,0.506913,-0.359404
450,-0.409617,1.049534,-0.43044,-0.386373,0.52761,-0.345773,-0.373882,1.055883,-0.423335,-0.461879,0.50971,-0.340959,-0.308929,1.075113,-0.434642,-0.551988,0.522205,-0.353069,-0.207632,1.102246,-0.442966,-0.663394,0.509785,-0.34253
451,-0.425633,1.035088,-0.416057,-0.438048,0.512269,-0.330434,-0.385299,1.047128,-0.402238,-0.471346,0.518879,-0.341676,-0.324005,1.069762,-0.414817,-0.557487,0.522694,-0.339456,-0.210728,1.10987,-0.436462,-0.720929,0.521568,-0.330808
452,-0.445917,1.038055,-0.393346,-0.444845,0.524569,-0.339842,-0.397783,1.045194,-0.404696,-0.504997,0.531585,-0.334541,-0.329744,1.059916,-0.407774,-0.580107,0.529659,-0.337603,-0.208195,1.100366,-0.41835,-0.741966,0.511208,-0.321816
453,-0.444149,1.042346,-0.376225,-0.461897,0.517797,-0.318285,-0.406523,1.041002,-0.377991,-0.515605,0.528194,-0.323496,-0.341713,1.063278,-0.386265,-0.599131,0.523738,-0.323243,-0.217336,1.098784,-0.386913,-0.755841,0.511028,-0.327087
454,-0.456118,1.029659,-0.346694,-0.490977,0.502838,-0.32958,-0.413075,1.033521,-0.35826,-0.547503,0.525439,-0.337614,-0.341745,1.067146,-0.360643,-0.648249,0.52884,-0.329539,-0.226992,1.098774,-0.36614,-0.816616,0.517449,-0.330788
455,-0.467404,1.031005,-0.337366,-0.500743,0.548387,-0.301331,-0.415928,1.038999,-0.341537,-0.576808,0.517846,-0.326196,-0.350129,1.05797,-0.352046,-0.689666,0.52817,-0.319077,-0.224442,1.085806,-0.362492,-0.847108,0.530023,-0.320354
456,-0.478284,1.026417,-0.312309,-0.521248,0.524153,-0.297114,-0.430071,1.040493,-0.321218,-0.596538,0.528641,-0.285577,-0.354608,1.047603,-0.323682,-0.679357,0.497237,-0.290354,-0.235447,1.076359,-0.331938,-0.883596,0.526989,-0.307496
457,-0.486184,1.005386,-0.289998,-0.542697,0.544362,-0.306962,-0.431403,1.033105,-0.300632,-0.61595,0.549041,-0.30116,-0.369366,1.049514,-0.297323,-0.728427,0.520994,-0.262228,-0.232765,1.089107,-0.32018,-0.92157,0.537721,-0.308401
458,-0.483494,1.019684,-0.268781,-0.563467,0.525603,-0.297966,-0.452972,1.021714,-0.28298,-0.640799,0.520852,-0.273532,-0.372224,1.055908,-0.294639,-0.753705,0.533978,-0.283131,-0.254369,1.072003,-0.285623,-0.947017,0.528929,-0.286489
459,-0.49858,1.016099,-0.263893,-0.588765,0.528795,-0.295181,-0.456512,1.026176,-0.263208,-0.664821,0.527562,-0.28026,-0.384936,1.043497,-0.271861,-0.76811,0.528002,-0.276733,-0.245611,1.067926,-0.270331,-0.96233,0.53199,-0.288922
460,-0.51149,1.002341,-0.235999,-0.609144,0.521821,-0.260885,-0.460438,1.009854,-0.241264,-0.685147,0.528849,-0.267392,-0.389196,1.026992,-0.241471,-0.795548,0.534231,-0.265908,-0.254337,1.062637,-0.256771,-1.026857,0.544652,-0.251426
461,-0.529357,1.001756,-0.217176,-0.627402,0.531616,-0.259394,-0.473277,1.009727,-0.2241,-0.716957,0.535273,-0.261881,-0.397882,1.024982,-0.225004,-0.831029,0.53693,-0.255111,-0.257808,1.056938,-0.228129,-1.064497,0.540758,-0.248125
462,-0.531043,0.991163,-0.196403,-0.629986,0.529606,-0.246782,-0.481267,1.007859,-0.208631,-0.745175,0.525317,-0.23863,-0.402188,1.021559,-0.219332,-0.85678,0.523337,-0.249594,-0.254156,1.053169,-0.203405,-1.087291,0.528767,-0.26539
463,-0.534969,0.986229,-0.182293,-0.67001,0.524938,-0.260393,-0.492559,0.991868,-0.181763,-0.753208,0.527377,-0.236105,-0.403696,1.018056,-0.194586,-0.888442,0.51596,-0.240243,-0.260349,1.043149,-0.191229,-1.132575,0.545066,-0.236327
464,-0.549747,0.976356,-0.1594,-0.696098,0.543588,-0.26105,-0.491656,0.989146,-0.168382,-0.783711,0.523092,-0.246667,-0.417712,0.996791,-0.176078,-0.906354,0.538645,-0.230265,-0.267077,1.034503,-0.170318,-1.154315,0.535731,-0.23965
465,-0.554324,0.967804,-0.13796,-0.727044,0.521411,-0.22584,-0.505582,0.985672,-0.144771,-0.805069,0.515771,-0.223675,-0.427629,1.002738,-0.142595,-0.946898,0.527134,-0.220506,-0.278762,1.030285,-0.144776,-1.191778,0.508957,-0.22039
466,-0.55981,0.963067,-0.130371,-0.705079,0.52761,-0.211154,-0.507312,0.974814,-0.131442,-0.813342,0.50757,-0.204246,-0.436366,0.987363,-0.130051,-0.954784,0.502083,-0.216561,-0.280345,1.016496,-0.127379,-1.218057,0.52826,-0.209215
467,-0.573426,0.959739,-0.106017,-0.750588,0.541114,-0.21381,-0.518833,0.972451,-0.099468,-0.836539,0.521516,-0.203444,-0.432192,0.977021,-0.096628,-0.989281,0.547523,-0.197937,-0.284379,1.011844,-0.11046,-1.24246,0.536873,-0.206319
468,-0.584293,0.954026,-0.09391,-0.772808,0.531382,-0.204865,-0.529167,0.956357,-0.081663,-0.862419,0.54433,-0.198055,-0.437215,0.986492,-0.082746,-1.016122,0.530544,-0.217526,-0.288191,0.993363,-0.089491,-1.2874,0.534725,-0.189932
469,-0.580123,0.936061,-0.066056,-0.77592,0.516016,-0.193917,-0.520972,0.94118,-0.069139,-0.872362,0.514665,-0.185194,-0.449096,0.958633,-0.066464,-1.038254,0.524213,-0.199058,-0.291756,0.995942,-0.067763,-1.299519,0.532715,-0.18139
470,-0.588773,0.930025,-0.053683,-0.810979,0.529634,-0.175923,-0.533399,0.941667,-0.047222,-0.893394,0.523108,-0.169364,-0.4425,0.958426,-0.04364,-1.061701,0.508702,-0.172196,-0.295878,0.981891,-0.047065,-1.347207,0.520694,-0.175845
471,-0.601042,0.919981,-0.024059,-0.826198,0.502731,-0.167269,-0.53818,0.930035,-0.017186,-0.911015,0.515758,-0.167497,-0.459399,0.944905,-0.017121,-1.073063,0.528565,-0.146983,-0.297646,0.971652,-0.019151,-1.373963,0.517647,-0.169571
472,-0.610152,0.913008,-0.009878,-0.833819,0.513274,-0.153181,-0.562796,0.923011,-0.00749,-0.918035,0.509225,-0.152694,-0.460217,0.937871,-0.004608,-1.094614,0.521516,-0.153397,-0.302388,0.957257,0.001662,-1.391344,0.513409,-0.165523
473,-0.616897,0.896966,0.015774,-0.830348,0.515509,-0.12372,-0.561528,0.906569,0.012375,-0.946429,0.492007,-0.139293,-0.463789,0.926277,0.016471,-1.116293,0.50339,-0.138187,-0.292529,0.950643,0.007339,-1.434186,0.517749,-0.149251
474,-0.621564,0.894635,0.037496,-0.859423,0.511452,-0.135269,-0.555778,0.894378,0.041424,-0.988985,0.511445,-0.129514,-0.473589,0.917685,0.033576,-1.136742,0.520348,-0.13835,-0.310481,0.937527,0.049058,-1.456332,0.517517,-0.144217
475,-0.632194,0.880787,0.044808,-0.873219,0.509925,-0.143682,-0.564082,0.886697,0.060522,-0.98778,0.519017,-0.131608,-0.474679,0.903074,0.059196,-1.190588,0.504804,-0.128867,-0.310831,0.933478,0.057613,-1.498475,0.523517,-0.145673
476,-0.625871,0.867532,0.074481,-0.9051,0.515679,-0.128558,-0.575859,0.87418,0.078002,-0.998786,0.515652,-0.110662,-0.489423,0.89471,0.073281,-1.189637,0.514336,-0.1229,-0.311336,0.923771,0.089701,-1.498075,0.50708,-0.112131
477,-0.633761,0.851857,0.089927,-0.910722,0.50667,-0.10505,-0.578482,0.863557,0.092029,-1.010813,0.492857,-0.118419,-0.490031,0.889846,0.093917,-1.212299,0.499724,-0.08876,-0.311982,0.897355,0.106045,-1.536527,0.499052,-0.113991
478,-0.639698,0.847489,0.110407,-0.91476,0.508784,-0.105185,-0.588978,0.860116,0.108619,-1.059159,0.494119,-0.100241,-0.489376,0.863493,0.119765,-1.22143,0.500834,-0.094871,-0.310281,0.886884,0.115321,-1.563334,0.520119,-0.096208
479,-0.642034,0.834981,0.136073,-0.940786,0.518641,-0.080862,-0.582181,0.833166,0.13445,-1.041886,0.504382,-0.115892,-0.493727,0.851507,0.134276,-1.234935,0.500638,-0.088546,-0.317314,0.877719,0.145101,-1.589849,0.50356,-0.084506
480,-0.652865,0.8277,0.165543,-0.945879,0.493801,-0.09664,-0.596209,0.825989,0.143453,-1.079437,0.482986,-0.088243,-0.496214,0.84761,0.159218,-1.25953,0.505456,-0.067816,-0.328708,0.876418,0.153902,-1.60427,0.498941,-0.082005
481,-0.662422,0.805836,0.172338,-0.960031,0.488944,-0.086806,-0.601463,0.811133,0.174331,-1.106745,0.493716,-0.074078,-0.491413,0.832982,0.180235,-1.270394,0.490086,-0.078479,-0.327113,0.856317,0.180962,-1.639126,0.48698,-0.079577
482,-0.670809,0.800932,0.204758,-0.969613,0.478191,-0.048156,-0.603999,0.802827,0.185163,-1.106426,0.49754,-0.069404,-0.50282,0.812171,0.192386,-1.318401,0.497728,-0.059885,-0.334049,0.838098,0.205275,-1.658302,0.486544,-0.080248
483,-0.662614,0.789556,0.214701,-0.987868,0.477401,-0.042258,-0.595314,0.796786,0.217,-1.113121,0.491816,-0.056038,-0.501253,0.81384,0.213164,-1.318194,0.463031,-0.052231,-0.327254,0.839153,0.221764,-1.661517,0.48717,-0.031427
484,-0.675698,0.775192,0.227026,-1.015702,0.474125,-0.043137,-0.602505,0.780999,0.230519,-1.137504,0.481736,-0.039017,-0.514765,0.798951,0.241999,-1.336898,0.485115,-0.052269,-0.335348,0.816942,0.247333,-1.708728,0.478062,-0.043026
485,-0.673421,0.749505,0.250637,-1.013688,0.476322,-0.039904,-0.616377,0.763626,0.243351,-1.134325,0.481063,-0.038526,-0.508769,0.781769,0.254618,-1.36671,0.485126,-0.028787,-0.337716,0.812544,0.262035,-1.719809,0.464112,-0.038924
486,-0.683126,0.742775,0.263065,-1.050277,0.485912,-0.031582,-0.615079,0.757922,0.265981,-1.173902,0.48308,-0.007564,-0.508856,0.768753,0.275213,-1.367239,0.46826,-0.007547,-0.335117,0.794944,0.282993,-1.756082,0.466245,-0.0183
487,-0.686697,0.720544,0.295559,-1.047144,0.457588,-0.016193,-0.623737,0.744559,0.295474,-1.17625,0.470843,-0.007916,-0.514027,0.754145,0.296812,-1.366966,0.472241,-0.014993,-0.338718,0.768071,0.309874,-1.748636,0.464712,-0.000622
488,-0.688443,0.711267,0.313189,-1.074814,0.468983,0.008782,-0.622966,0.723489,0.311746,-1.194943,0.472333,0.01505,-0.535394,0.732357,0.320625,-1.415797,0.462962,-0.013068,-0.3446,0.746691,0.331126,-1.797982,0.465999,0.020398
489,-0.689312,0.7061,0.326483,-1.087506,0.458337,-0.005934,-0.62435,0.705648,0.331056,-1.196619,0.461675,-0.015144,-0.525018,0.718894,0.338937,-1.409509,0.45277,0.020893,-0.340157,0.738978,0.351282,-1.802159,0.459313,0.00888
490,-0.696134,0.684639,0.346904,-1.105644,0.44015,0.014592,-0.636428,0.695784,0.35578,-1.219451,0.442666,0.020496,-0.51613,0.702222,0.343834,-1.435309,0.454521,0.018485,-0.332093,0.726352,0.364918,-1.80909,0.440897,0.018541
491,-0.704051,0.6665,0.367518,-1.084657,0.451259,0.034704,-0.626167,0.682204,0.360934,-1.232496,0.433162,0.029107,-0.534788,0.694869,0.372495,-1.435178,0.455501,0.020615,-0.347666,0.701201,0.385514,-1.826193,0.462226,0.050239
492,-0.695216,0.650912,0.378314,-1.09353,0.452221,0.046098,-0.630138,0.662417,0.387212,-1.2451,0.438874,0.035423,-0.527156,0.669138,0.39306,-1.455622,0.432017,0.018084,-0.336421,0.686157,0.404714,-1.863421,0.44174,0.02875
493,-0.702998,0.636,0.392687,-1.108643,0.424517,0.054055,-0.636013,0.640943,0.400001,-1.247245,0.426052,0.031999,-0.528185,0.654887,0.420585,-1.467871,0.435976,0.037972,-0.352674,0.670679,0.427051,-1.893993,0.421538,0.078968
494,-0.68415,0.622705,0.421875,-1.125047,0.442079,0.056024,-0.63618,0.636874,0.421002,-1.281596,0.429205,0.062197,-0.531642,0.642747,0.428739,-1.486453,0.437924,0.077063,-0.346349,0.647728,0.446358,-1.894232,0.426531,0.064077
495,-0.694295,0.608256,0.442206,-1.147741,0.423137,0.064381,-0.635276,0.617943,0.44548,-1.287283,0.438221,0.053444,-0.531758,0.626673,0.454047,-1.505429,0.425408,0.046697,-0.351946,0.642616,0.464141,-1.915293,0.438018,0.065631
496,-0.701627,0.595143,0.453161,-1.142327,0.414694,0.073654,-0.632748,0.597563,0.451365,-1.28511,0.409967,0.071413,-0.545317,0.600955,0.466634,-1.513489,0.406846,0.083828,-0.350168,0.628717,0.476758,-1.924307,0.430885,0.069682
497,-0.711428,0.572729,0.470051,-1.169856,0.418174,0.103951,-0.633751,0.578533,0.476575,-1.287093,0.383761,0.098952,-0.532721,0.589326,0.479669,-1.518474,0.398841,0.075363,-0.346265,0.609518,0.504338,-1.920171,0.420737,0.109358
498,-0.7106,0.549413,0.493292,-1.147267,0.411152,0.121556,-0.634358,0.56128,0.495331,-1.312198,0.414433,0.091713,-0.538171,0.577088,0.50807,-1.554623,0.409734,0.103699,-0.347876,0.59875,0.5224,-1.947585,0.414089,0.10376
499,-0.710019,0.541235,0.508884,-1.172694,0.38842,0.105563,-0.638956,0.548492,0.506742,-1.313723,0.399367,0.106868,-0.532801,0.550987,0.530045,-1.560311,0.388361,0.098727,-0.350935,0.574521,0.532993,-1.950305,0.396199,0.121294
500,-0.702394,0.530024,0.530407,-1.180045,0.395881,0.112484,-0.643483,0.537387,0.521035,-1.319149,0.388515,0.136421,-0.536721,0.545391,0.531486,-1.558679,0.397953,0.108662,-0.342643,0.559793,0.544567,-1.986884,0.400799,0.10367
501,-0.704268,0.506764,0.539819,-1.185917,0.370814,0.128178,-0.633877,0.521972,0.544822,-1.326256,0.400433,0.115694,-0.53332,0.517394,0.555235,-1.572797,0.369395,0.142734,-0.340204,0.534153,0.573952,-1.996986,0.3733,0.115922
502,-0.703746,0.491295,0.550544,-1.163336,0.373034,0.140114,-0.637737,0.496866,0.564821,-1.339543,0.376368,0.116411,-0.530132,0.492692,0.577326,-1.567151,0.377455,0.127684,-0.345592,0.518629,0.599608,-2.011955,0.369347,0.129578
503,-0.704829,0.464194,0.566298,-1.169697,0.387223,0.121731,-0.635717,0.47183,0.577517,-1.341747,0.372793,0.154655,-0.527398,0.485803,0.583956,-1.580039,0.367636,0.148176,-0.34632,0.495115,0.605587,-2.000174,0.35017,0.137658
504,-0.711238,0.454819,0.598019,-1.212648,0.350964,0.156627,-0.639217,0.468355,0.596498,-1.353741,0.374796,0.147939,-0.532656,0.46777,0.607115,-1.574419,0.369785,0.177052,-0.343619,0.47575,0.62407,-2.009841,0.356155,0.14482
505,-0.698132,0.429603,0.614026,-1.208244,0.339902,0.165151,-0.633047,0.438604,0.611375,-1.345584,0.357912,0.164159,-0.534248,0.451416,0.623717,-1.597761,0.376631,0.150888,-0.340049,0.452994,0.653074,-2.014093,0.34546,0.178326
506,-0.696848,0.415809,0.626332,-1.190175,0.340198,0.176979,-0.637011,0.424758,0.623589,-1.372694,0.3394,0.160022,-0.530437,0.428847,0.636395,-1.602881,0.337233,0.168234,-0.346433,0.436758,0.654368,-2.046082,0.350977,0.157252
507,-0.698144,0.401072,0.645015,-1.218751,0.316267,0.189201,-0.635124,0.407294,0.640075,-1.365532,0.347099,0.190704,-0.529768,0.414849,0.655622,-1.596196,0.32436,0.186513,-0.337613,0.42878,0.673944,-2.010077,0.338634,0.174977
508,-0.699653,0.381791,0.661759,-1.214033,0.329291,0.177835,-0.635732,0.3802,0.665538,-1.362382,0.342507,0.195079,-0.519555,0.393476,0.67343,-1.602995,0.314711,0.188077,-0.35391,0.414055,0.690894,-2.043336,0.327186,0.210086
509,-0.69275,0.369037,0.667742,-1.213756,0.322485,0.195166,-0.623706,0.376249,0.684379,-1.37729,0.322407,0.199028,-0.521705,0.37267,0.679204,-1.608032,0.315961,0.215553,-0.348054,0.38537,0.712302,-2.036263,0.327489,0.194048
510,-0.696477,0.338768,0.698733,-1.221232,0.309941,0.206517,-0.627159,0.345281,0.685475,-1.368017,0.318339,0.213993,-0.525723,0.355814,0.704632,-1.621,0.319591,0.207379,-0.329775,0.364653,0.720581,-2.047072,0.318438,0.205488
511,-0.689017,0.323353,0.704314,-1.194159,0.283677,0.232243,-0.622863,0.335686,0.703472,-1.373078,0.299279,0.239805,-0.522194,0.333105,0.723775,-1.629992,0.305785,0.235621,-0.347864,0.348553,0.746915,-2.057788,0.313472,0.226293
512,-0.686849,0.308159,0.711899,-1.213966,0.297277,0.216754,-0.629815,0.316168,0.715769,-1.391852,0.309481,0.220345,-0.514919,0.316009,0.73655,-1.626057,0.303069,0.225782,-0.342045,0.323841,0.756001,-2.070065,0.303689,0.226887
513,-0.691382,0.281545,0.727762,-1.222422,0.302191,0.239067,-0.617099,0.29804,0.734391,-1.389216,0.29373,0.227129,-0.522067,0.294457,0.750424,-1.609044,0.282979,0.235549,-0.339975,0.306815,0.771549,-2.064653,0.284171,0.23359
514,-0.685067,0.265251,0.738955,-1.22675,0.269771,0.241181,-0.614552,0.268004,0.752727,-1.391541,0.291091,0.228635,-0.51172,0.279183,0.765109,-1.601205,0.290525,0.257476,-0.33784,0.281229,0.785251,-2.067778,0.293992,0.25704
515,-0.67149,0.255974,0.759909,-1.238753,0.258698,0.243335,-0.607989,0.254871,0.76568,-1.362087,0.2919,0.254262,-0.50559,0.25764,0.780796,-1.635172,0.265976,0.243642,-0.34045,0.266444,0.796839,-2.066297,0.272875,0.252568
516,-0.668714,0.234834,0.779198,-1.234798,0.250608,0.254346,-0.612441,0.228384,0.778116,-1.382111,0.254364,0.255605,-0.505872,0.235848,0.790465,-1.629198,0.270761,0.261342,-0.33128,0.244332,0.807246,-2.069963,0.27258,0.26948
517,-0.668837,0.214685,0.784336,-1.211464,0.258572,0.271387,-0.60113,0.210849,0.795587,-1.393123,0.260347,0.275522,-0.50479,0.222552,0.808299,-1.620421,0.275869,0.285619,-0.324337,0.230288,0.830622,-2.071117,0.257414,0.284679
518,-0.662829,0.198236,0.791981,-1.234673,0.257217,0.276474,-0.598989,0.195509,0.805138,-1.402279,0.248689,0.303466,-0.508371,0.203467,0.822046,-1.629357,0.248454,0.294025,-0.317877,0.196346,0.848761,-2.058032,0.251782,0.274045
519,-0.662386,0.171521,0.805613,-1.236172,0.228552,0.306386,-0.589515,0.174864,0.822679,-1.389472,0.23757,0.297498,-0.504575,0.182209,0.82675,-1.617844,0.225967,0.28978,-0.335708,0.185721,0.856777,-2.052182,0.251487,0.312385
520,-0.659515,0.142016,0.820065,-1.214076,0.222077,0.307313,-0.59091,0.151084,0.822136,-1.379561,0.227641,0.292653,-0.496365,0.154264,0.850842,-1.622173,0.23246,0.288864,-0.315199,0.156493,0.869899,-2.045664,0.230722,0.292483
521,-0.649278,0.141322,0.836116,-1.211755,0.213212,0.314088,-0.588451,0.132349,0.829119,-1.361048,0.225638,0.296621,-0.497485,0.139187,0.858972,-1.610995,0.221806,0.302514,-0.325567,0.139957,0.891568,-2.042939,0.210405,0.306364
522,-0.640971,0.11433,0.849244,-1.213778,0.218224,0.320325,-0.579358,0.120343,0.858676,-1.367307,0.218282,0.306505,-0.486143,0.113738,0.868642,-1.608235,0.228776,0.329851,-0.319268,0.120997,0.890006,-2.071672,0.203594,0.315523
523,-0.639869,0.088886,0.864272,-1.229247,0.212142,0.330471,-0.581487,0.090767,0.87805,-1.355126,0.194044,0.307904,-0.474237,0.091336,0.873539,-1.617924,0.188834,0.319094,-0.321945,0.104013,0.911933,-2.04629,0.206543,0.306866
524,-0.638227,0.073995,0.864414,-1.213147,0.198831,0.337228,-0.573053,0.068369,0.880007,-1.362169,0.206245,0.33555,-0.478108,0.077847,0.887773,-1.595997,0.179804,0.338827,-0.31686,0.072635,0.90995,-2.065823,0.211831,0.336014
525,-0.623972,0.049467,0.873103,-1.213723,0.187833,0.342481,-0.56046,0.064983,0.895664,-1.372192,0.187316,0.336996,-0.473709,0.060459,0.909675,-1.605703,0.168035,0.332234,-0.317006,0.063983,0.923991,-2.041304,0.181093,0.336846
526,-0.616303,0.042732,0.895612,-1.206582,0.176821,0.350606,-0.559398,0.031544,0.896818,-1.365582,0.159385,0.345593,-0.46164,0.035551,0.921906,-1.593753,0.187074,0.346101,-0.307024,0.0325,0.940127,-2.01887,0.17262,0.34558
527,-0.617528,0.011744,0.894724,-1.188748,0.176455,0.360391,-0.55433,0.008614,0.906587,-1.374315,0.155501,0.346767,-0.4649,0.017208,0.924788,-1.599071,0.164537,0.355515,-0.308507,0.015277,0.950152,-2.021985,0.164374,0.366673
528,-0.609072,0.001155,0.904861,-1.182606,0.147207,0.370251,-0.558894,-0.008641,0.930483,-1.364867,0.171638,0.363996,-0.464096,-0.001793,0.941765,-1.584326,0.155453,0.35236,-0.298769,-0.004765,0.96339,-2.02282,0.15134,0.355074
529,-0.601512,-0.022308,0.921678,-1.188208,0.133595,0.358908,-0.542476,-0.031245,0.934982,-1.331218,0.144251,0.36065,-0.455374,-0.028528,0.942751,-1.557381,0.119883,0.380333,-0.299999,-0.021674,0.969493,-1.993474,0.150722,0.35723
530,-0.598279,-0.046108,0.929414,-1.19277,0.117869,0.365784,-0.538517,-0.03938,0.932709,-1.304097,0.135475,0.394104,-0.448945,-0.035311,0.960779,-1.572216,0.133338,0.384103,-0.288448,-0.043528,0.977247,-1.991194,0.140581,0.377627
531,-0.58668,-0.064883,0.931355,-1.168054,0.128299,0.377066,-0.522936,-0.054103,0.948097,-1.32933,0.130714,0.392518,-0.438476,-0.069051,0.964566,-1.5701,0.12586,0.378165,-0.293209,-0.066689,0.997184,-1.968813,0.114227,0.372473
532,-0.569725,-0.086134,0.944983,-1.186227,0.096005,0.382573,-0.524746,-0.083877,0.957077,-1.306136,0.116622,0.388194,-0.441842,-0.090687,0.969532,-1.55162,0.114813,0.377782,-0.28619,-0.09057,0.987938,-1.967416,0.113566,0.382144
533,-0.573369,-0.109644,0.960934,-1.173178,0.087629,0.398975,-0.515165,-0.101566,0.959025,-1.319389,0.106952,0.420279,-0.431325,-0.1053,0.98753,-1.543318,0.108575,0.397106,-0.283756,-0.11052,1.017964,-1.967603,0.107233,0.379735
534,-0.562331,-0.131121,0.965693,-1.148852,0.106697,0.418515,-0.515217,-0.115303,0.976377,-1.306799,0.11283,0.413239,-0.431567,-0.126942,0.987782,-1.548726,0.087824,0.404309,-0.273717,-0.133065,1.017092,-1.953648,0.093027,0.404034
535,-0.555337,-0.144877,0.97999,-1.146967,0.074086,0.421627,-0.505617,-0.150962,0.983499,-1.291241,0.088684,0.413191,-0.420156,-0.148044,1.000681,-1.528131,0.086907,0.419621,-0.272195,-0.149741,1.029141,-1.923321,0.082241,0.39635
536,-0.551449,-0.168185,0.974093,-1.151497,0.069176,0.408219,-0.494894,-0.162746,0.999071,-1.284378,0.060884,0.412025,-0.407625,-0.168249,1.007181,-1.520662,0.092505,0.427996,-0.265465,-0.17253,1.03972,-1.920733,0.073985,0.431282
537,-0.529337,-0.174924,0.988596,-1.132685,0.061026,0.436535,-0.493893,-0.180126,0.998035,-1.271249,0.084115,0.41611,-0.415252,-0.176883,1.017077,-1.493595,0.056243,0.423666,-0.264252,-0.190701,1.042186,-1.881934,0.077465,0.428757
538,-0.537716,-0.204255,0.99585,-1.124328,0.061173,0.429857,-0.485463,-0.21,0.995762,-1.261415,0.045452,0.437623,-0.407212,-0.206059,1.014882,-1.48011,0.049697,0.412793,-0.263139,-0.204831,1.056892,-1.894517,0.053966,0.410581
539,-0.519367,-0.223739,0.989226,-1.107948,0.063069,0.44562,-0.479626,-0.227203,1.012353,-1.256608,0.032712,0.432587,-0.387245,-0.230489,1.03127,-1.469136,0.050247,0.435417,-0.255759,-0.228667,1.050698,-1.875959,0.053919,0.449483
540,-0.516851,-0.241763,1.002401,-1.112793,0.019488,0.44269,-0.465082,-0.241408,1.014007,-1.246384,0.041203,0.459999,-0.399226,-0.239278,1.029393,-1.460896,0.016149,0.43837,-0.244642,-0.251851,1.064414,-1.875734,0.019158,0.442626
541,-0.495907,-0.267736,1.008817,-1.080938,0.01003,0.429342,-0.449785,-0.268122,1.022263,-1.224631,0.034255,0.454638,-0.36943,-0.270834,1.033689,-1.446144,0.040248,0.439742,-0.251617,-0.272222,1.07605,-1.828561,0.026594,0.457009
542,-0.490588,-0.278611,1.012384,-1.077463,0.029383,0.444221,-0.444981,-0.269823,1.025514,-1.23427,0.004037,0.45663,-0.37571,-0.280713,1.033568,-1.425691,0.010423,0.437159,-0.238237,-0.294317,1.060019,-1.83708,0.007951,0.449011
543,-0.484065,-0.295668,1.014816,-1.088422,0.002644,0.442944,-0.441781,-0.299931,1.036585,-1.224479,0.032339,0.457262,-0.370944,-0.313718,1.039465,-1.418302,0.014724,0.441103,-0.236099,-0.320162,1.084752,-1.805677,-0.001914,0.462361
544,-0.473455,-0.312337,1.026557,-1.066704,0.015192,0.451847,-0.425373,-0.32106,1.033045,-1.196487,-0.003477,0.44438,-0.361354,-0.334884,1.051531,-1.414881,0.008249,0.472649,-0.232002,-0.321214,1.084056,-1.792087,-0.01924,0.469364
545,-0.467024,-0.330709,1.025273,-1.050602,0.00317,0.466115,-0.414239,-0.338088,1.037272,-1.17271,-0.02703,0.459066,-0.355703,-0.346808,1.060814,-1.394488,-0.006214,0.45715,-0.229623,-0.352043,1.086279,-1.767219,0.005628,0.459928
546,-0.453612,-0.36395,1.029563,-1.028199,-0.017232,0.472599,-0.414222,-0.358814,1.046133,-1.1602,-0.039296,0.459727,-0.347292,-0.363746,1.060642,-1.374736,-0.018023,0.466001,-0.233375,-0.371403,1.093468,-1.722517,-0.017212,0.463107
547,-0.444227,-0.373282,1.041472,-1.03124,-0.033823,0.478437,-0.40858,-0.381192,1.047964,-1.160467,-0.017118,0.469917,-0.334927,-0.386048,1.074111,-1.342919,-0.037986,0.46851,-0.216439,-0.399219,1.092131,-1.73077,-0.038191,0.490945
548,-0.442732,-0.388978,1.03716,-1.023227,-0.040961,0.48747,-0.393413,-0.390758,1.047254,-1.14933,-0.040632,0.495232,-0.325607,-0.398443,1.067596,-1.310225,-0.035908,0.478128,-0.219029,-0.40665,1.09732,-1.696351,-0.053123,0.478359
549,-0.429203,-0.41207,1.045048,-0.996598,-0.071821,0.489571,-0.377976,-0.404594,1.044868,-1.125279,-0.045009,0.486298,-0.334982,-0.414747,1.065433,-1.323812,-0.050385,0.483253,-0.203605,-0.429619,1.108946,-1.668814,-0.070521,0.490811
550,-0.413897,-0.419608,1.048069,-1.002173,-0.079199,0.492687,-0.379506,-0.429821,1.05198,-1.115111,-0.044655,0.490627,-0.318123,-0.438678,1.073349,-1.280181,-0.062461,0.498706,-0.204936,-0.450527,1.098984,-1.666542,-0.067827,0.498457
551,-0.399768,-0.44016,1.051186,-0.981504,-0.074293,0.493149,-0.359017,-0.446062,1.057313,-1.082381,-0.068915,0.481249,-0.302004,-0.460273,1.083553,-1.285817,-0.079062,0.497257,-0.202025,-0.466988,1.109067,-1.627934,-0.071004,0.491554
552,-0.385063,-0.468955,1.037463,-0.950992,-0.067708,0.4753,-0.361993,-0.464574,1.051856,-1.08194,-0.089896,0.504672,-0.291736,-0.474585,1.074778,-1.266538,-0.078098,0.505086,-0.188727,-0.483722,1.109255,-1.612641,-0.088929,0.514461
553,-0.388268,-0.480837,1.050989,-0.942821,-0.073682,0.507293,-0.339791,-0.489352,1.05997,-1.060435,-0.093645,0.477281,-0.286623,-0.500381,1.082305,-1.248947,-0.086781,0.508508,-0.193346,-0.51617,1.105669,-1.56542,-0.077693,0.486722
554,-0.378296,-0.498671,1.044487,-0.920827,-0.098193,0.499638,-0.340032,-0.50367,1.056084,-1.030291,-0.108692,0.503078,-0.282059,-0.503485,1.079537,-1.232888,-0.112731,0.502714,-0.185417,-0.534041,1.10489,-1.539656,-0.086728,0.512794
555,-0.365122,-0.510047,1.053253,-0.905913,-0.119074,0.506788,-0.31707,-0.533292,1.056915,-1.027877,-0.119869,0.509916,-0.272856,-0.523059,1.072349,-1.214155,-0.119213,0.49103,-0.18615,-0.538827,1.103189,-1.528653,-0.094301,0.500758
556,-0.347552,-0.532362,1.043295,-0.897493,-0.119394,0.51218,-0.320389,-0.539351,1.062647,-1.012163,-0.123406,0.501854,-0.266853,-0.53963,1.072365,-1.182713,-0.105255,0.530895,-0.172521,-0.561536,1.107326,-1.505196,-0.106764,0.496139
557,-0.341339,-0.546096,1.051257,-0.877836,-0.136742,0.526448,-0.294025,-0.559263,1.055985,-0.987725,-0.135645,0.497463,-0.245772,-0.560274,1.079343,-1.163816,-0.131739,0.51495,-0.1571,-0.578254,1.103969,-1.475159,-0.117344,0.517752
558,-0.323234,-0.564873,1.047769,-0.864188,-0.133505,0.524887,-0.299038,-0.566458,1.060667,-0.979666,-0.143013,0.512519,-0.243741,-0.576817,1.071759,-1.148712,-0.123852,0.521316,-0.155634,-0.590771,1.099825,-1.43985,-0.131607,0.500492
559,-0.305517,-0.582324,1.044602,-0.84725,-0.153168,0.516651,-0.286843,-0.58435,1.063118,-0.95552,-0.164091,0.530428,-0.239615,-0.598755,1.078186,-1.116988,-0.143241,0.522852,-0.138002,-0.612605,1.106141,-1.421438,-0.171574,0.522892
560,-0.302251,-0.599065,1.043231,-0.83973,-0.15116,0.515537,-0.271628,-0.607783,1.056003,-0.925955,-0.143687,0.529441,-0.232031,-0.611938,1.074092,-1.090304,-0.158373,0.519349,-0.143761,-0.626962,1.096813,-1.390794,-0.153978,0.517772
561,-0.285102,-0.608247,1.039326,-0.812572,-0.155293,0.521844,-0.268398,-0.622782,1.051021,-0.920137,-0.17464,0.525952,-0.227443,-0.628782,1.067369,-1.082214,-0.181661,0.518894,-0.148806,-0.653848,1.096889,-1.34978,-0.168182,0.514772
562,-0.273018,-0.633488,1.054323,-0.792959,-0.183574,0.521782,-0.261444,-0.640961,1.047583,-0.89824,-0.191876,0.52746,-0.20581,-0.645967,1.064293,-1.039924,-0.166369,0.513854,-0.148005,-0.671436,1.102268,-1.338382,-0.189956,0.52498
563,-0.248581,-0.643426,1.049463,-0.767306,-0.196769,0.537133,-0.240728,-0.652172,1.042101,-0.880196,-0.197257,0.519563,-0.193287,-0.663582,1.064021,-1.026769,-0.192705,0.523115,-0.133306,-0.679751,1.094451,-1.306568,-0.167773,0.520165
564,-0.250772,-0.656085,1.030153,-0.748633,-0.207373,0.520901,-0.233134,-0.674342,1.052778,-0.855952,-0.178835,0.51848,-0.198436,-0.682219,1.062085,-1.000757,-0.211463,0.526513,-0.120129,-0.693794,1.09006,-1.246028,-0.181724,0.513666
565,-0.247867,-0.681689,1.032854,-0.741187,-0.210937,0.517162,-0.223054,-0.683931,1.039643,-0.85135,-0.202063,0.505497,-0.175115,-0.69706,1.053722,-0.983622,-0.218826,0.531945,-0.115622,-0.710316,1.094946,-1.246012,-0.190135,0.533056
566,-0.225685,-0.688533,1.033415,-0.73749,-0.215705,0.517135,-0.198888,-0.697562,1.037439,-0.807537,-0.214218,0.531559,-0.173324,-0.709977,1.061462,-0.944359,-0.219316,0.522076,-0.107221,-0.728672,1.085441,-1.21073,-0.224819,0.522674
567,-0.207265,-0.712375,1.029836,-0.690265,-0.226171,0.515504,-0.191241,-0.711911,1.035463,-0.778922,-0.237918,0.527301,-0.16303,-0.727615,1.062118,-0.914305,-0.228457,0.512892,-0.097191,-0.747397,1.080457,-1.175319,-0.229311,0.547726
568,-0.201613,-0.727653,1.028427,-0.690496,-0.245089,0.526815,-0.179859,-0.727964,1.034103,-0.771515,-0.243754,0.531909,-0.15437,-0.752415,1.050027,-0.885772,-0.241699,0.526449,-0.104714,-0.759478,1.080979,-1.142243,-0.243136,0.532618
569,-0.19153,-0.738663,1.011725,-0.66379,-0.252116,0.540638,-0.165228,-0.746323,1.026393,-0.760665,-0.23419,0.524602,-0.138985,-0.753856,1.036723,-0.871957,-0.231042,0.533011,-0.093645,-0.785134,1.069729,-1.12718,-0.243562,0.512941
570,-0.164414,-0.748893,1.020455,-0.635269,-0.250959,0.523146,-0.156089,-0.754743,1.016733,-0.711322,-0.241405,0.528136,-0.132033,-0.777643,1.041829,-0.848231,-0.247636,0.526653,-0.07872,-0.78997,1.063666,-1.068228,-0.245633,0.515635
571,-0.162215,-0.757353,1.010775,-0.639931,-0.253477,0.521708,-0.153648,-0.771731,1.016377,-0.704797,-0.246935,0.538149,-0.115324,-0.778109,1.034791,-0.816313,-0.268444,0.528029,-0.088161,-0.804406,1.057673,-1.051747,-0.270503,0.548492
572,-0.150641,-0.776404,0.992916,-0.60974,-0.28027,0.531913,-0.124558,-0.773954,1.014272,-0.682479,-0.26814,0.531548,-0.114219,-0.797349,1.029799,-0.811809,-0.265845,0.529072,-0.078583,-0.823809,1.054672,-1.024591,-0.259236,0.529106
573,-0.133419,-0.790115,0.999566,-0.585409,-0.267057,0.537111,-0.12282,-0.797021,1.005801,-0.642765,-0.287109,0.535436,-0.109037,-0.808426,1.020803,-0.781945,-0.281408,0.519942,-0.065701,-0.84484,1.057966,-0.999529,-0.260356,0.522349
574,-0.122796,-0.800493,0.991314,-0.56861,-0.289955,0.52207,-0.111084,-0.806135,1.003596,-0.647826,-0.304097,0.537497,-0.097433,-0.82365,1.013141,-0.743961,-0.30577,0.553819,-0.059222,-0.852043,1.043067,-0.943591,-0.292375,0.539978
575,-0.109326,-0.812268,0.977595,-0.544463,-0.288223,0.523357,-0.104237,-0.820619,0.990332,-0.618792,-0.314656,0.528843,-0.0935,-0.838455,1.014474,-0.716706,-0.281908,0.530829,-0.05388,-0.856025,1.035597,-0.919375,-0.289246,0.518061
576,-0.095795,-0.834496,0.977589,-0.522422,-0.295547,0.523676,-0.08712,-0.834664,0.975732,-0.596747,-0.306346,0.525576,-0.072187,-0.847647,1.006264,-0.681846,-0.310746,0.538144,-0.042718,-0.875714,1.026029,-0.874208,-0.312265,0.530271
577,-0.083732,-0.846091,0.960653,-0.495482,-0.319385,0.525263,-0.081926,-0.855161,0.977155,-0.578268,-0.314981,0.518814,-0.068891,-0.855736,0.99152,-0.668963,-0.287844,0.5506,-0.051489,-0.888099,1.009231,-0.84726,-0.305732,0.504335
578,-0.071148,-0.859153,0.955099,-0.464669,-0.307827,0.538025,-0.053322,-0.868649,0.971178,-0.543842,-0.313634,0.518508,-0.048224,-0.870703,0.978988,-0.625221,-0.320865,0.512299,-0.039998,-0.897484,1.000457,-0.802834,-0.325808,0.518077
579,-0.055549,-0.861724,0.938906,-0.466743,-0.328367,0.510443,-0.048963,-0.872069,0.953099,-0.520292,-0.328117,0.521653,-0.05119,-0.879893,0.970028,-0.595381,-0.328263,0.524233,-0.021278,-0.899916,0.996479,-0.795683,-0.305703,0.534818
580,-0.047801,-0.880011,0.943683,-0.416976,-0.338409,0.52029,-0.044893,-0.881341,0.951504,-0.477258,-0.325068,0.515353,-0.030223,-0.902735,0.964663,-0.576786,-0.348232,0.517554,-0.026216,-0.919885,0.992241,-0.72375,-0.328056,0.531016
581,-0.037079,-0.879942,0.924194,-0.407647,-0.337132,0.520389,-0.028132,-0.897391,0.945628,-0.472721,-0.355783,0.501593,-0.024103,-0.912379,0.953268,-0.561174,-0.336937,0.539312,-0.0139,-0.933169,0.982032,-0.67164,-0.337313,0.532749
582,-0.020761,-0.903665,0.909899,-0.391937,-0.341111,0.52054,-0.016745,-0.901931,0.928762,-0.444325,-0.356106,0.524636,-0.019923,-0.914484,0.95024,-0.524511,-0.357978,0.522834,-0.006238,-0.951028,0.973139,-0.651725,-0.358656,0.515422
583,-0.002413,-0.909049,0.910405,-0.370167,-0.362927,0.510071,-0.009053,-0.90929,0.918498,-0.418444,-0.355952,0.521938,-0.00704,-0.928245,0.934096,-0.485554,-0.351931,0.524298,0.000779,-0.954844,0.963769,-0.622843,-0.349567,0.524708
584,0.00517,-0.909539,0.897744,-0.334398,-0.374544,0.508105,0.006145,-0.925232,0.907387,-0.390658,-0.366615,0.512988,0.009975,-0.939528,0.926925,-0.469488,-0.370242,0.527148,-0.003596,-0.965871,0.949816,-0.599089,-0.343637,0.517806
585,0.020942,-0.926357,0.896791,-0.311688,-0.368873,0.516561,0.014422,-0.936228,0.891439,-0.363044,-0.361595,0.512654,0.005027,-0.946835,0.917852,-0.421787,-0.373461,0.510012,0.015148,-0.971482,0.938471,-0.548318,-0.379362,0.524622
586,0.034216,-0.932009,0.879524,-0.314649,-0.374515,0.518553,0.027728,-0.938473,0.898497,-0.322679,-0.374932,0.501706,0.035732,-0.966407,0.899871,-0.409516,-0.370347,0.511683,0.022928,-0.979578,0.938585,-0.50645,-0.363942,0.518155
587,0.044468,-0.945129,0.866193,-0.274704,-0.379287,0.501708,0.051295,-0.95736,0.880982,-0.303593,-0.383405,0.507825,0.045825,-0.965895,0.894555,-0.359247,-0.374801,0.510121,0.021787,-0.989191,0.920884,-0.472745,-0.374137,0.507984
588,0.063808,-0.95306,0.858543,-0.263215,-0.394484,0.502164,0.058988,-0.95711,0.868481,-0.304466,-0.38098,0.500374,0.043011,-0.98393,0.877599,-0.34279,-0.408704,0.510373,0.032269,-1.007516,0.906547,-0.443185,-0.381276,0.504416
589,0.076199,-0.956826,0.84509,-0.235396,-0.396434,0.513566,0.069485,-0.966067,0.853649,-0.270585,-0.419977,0.50151,0.050957,-0.975945,0.866851,-0.287361,-0.399216,0.501094,0.042043,-1.012872,0.897128,-0.395385,-0.39814,0.501892
590,0.082454,-0.95928,0.83262,-0.21117,-0.425247,0.506135,0.08509,-0.977388,0.835933,-0.237199,-0.402234,0.503752,0.068984,-0.992987,0.859564,-0.283249,-0.397013,0.49218,0.054346,-1.021295,0.884332,-0.364043,-0.41524,0.509063
591,0.097698,-0.976053,0.830329,-0.193837,-0.408409,0.498901,0.089853,-0.974157,0.840285,-0.206294,-0.399637,0.50609,0.065787,-0.997058,0.837938,-0.248655,-0.423293,0.487212,0.049674,-1.039838,0.869721,-0.32004,-0.412167,0.507703
592,0.115014,-0.977974,0.817596,-0.175103,-0.398719,0.496536,0.104327,-0.989035,0.82173,-0.182551,-0.433244,0.477748,0.086467,-1.013775,0.8343,-0.219704,-0.442234,0.491148,0.064594,-1.02966,0.856013,-0.279387,-0.398092,0.507951
593,0.119905,-0.995847,0.799137,-0.140661,-0.419021,0.48428,0.117607,-0.997396,0.805832,-0.166919,-0.417299,0.484611,0.109428,-1.01172,0.810049,-0.19277,-0.435206,0.489983,0.063144,-1.041043,0.840423,-0.248333,-0.40235,0.47119
594,0.145369,-0.994338,0.795522,-0.109713,-0.434902,0.489024,0.12413,-1.008157,0.788825,-0.145395,-0.427542,0.477789,0.106317,-1.02304,0.811425,-0.171125,-0.438372,0.491911,0.067393,-1.055267,0.829056,-0.198709,-0.431886,0.477196
595,0.148286,-0.996742,0.761432,-0.102185,-0.443557,0.480846,0.142707,-1.013634,0.783586,-0.120278,-0.435548,0.487031,0.112375,-1.025,0.791858,-0.118789,-0.426634,0.475758,0.071723,-1.060233,0.822356,-0.165212,-0.430666,0.463792
596,0.174374,-1.005544,0.759262,-0.0777,-0.431295,0.472781,0.148666,-1.012674,0.767624,-0.079834,-0.434339,0.46659,0.121381,-1.038665,0.778739,-0.108996,-0.436596,0.469991,0.084894,-1.06245,0.806025,-0.131408,-0.422841,0.484907
597,0.179608,-1.009613,0.750086,-0.061507,-0.452193,0.44577,0.168651,-1.028652,0.762352,-0.066286,-0.457365,0.452368,0.134534,-1.045678,0.760589,-0.065689,-0.453334,0.459944,0.08977,-1.071023,0.790018,-0.097761,-0.460859,0.459179
598,0.189901,-1.026324,0.737183,-0.024417,-0.45903,0.453098,0.171185,-1.03154,0.737643,-0.025872,-0.44885,0.456329,0.146043,-1.053268,0.740449,-0.051064,-0.468053,0.489184,0.10324,-1.07652,0.774164,-0.042072,-0.447735,0.446606
599,0.208794,-1.016833,0.718933,-0.009863,-0.450732,0.466992,0.181659,-1.032993,0.72546,-0.014759,-0.461213,0.475712,0.147961,-1.051702,0.734918,-0.001061,-0.467362,0.438192,0.091571,-1.067016,0.757791,0.006237,-0.4657,0.451421
600,0.213607,-1.024189,0.711143,0.020935,-0.460683,0.435827,0.198572,-1.046523,0.70349,0.018433,-0.466515,0.456899,0.163383,-1.054141,0.715594,0.025784,-0.458299,0.443011,0.102864,-1.089988,0.746399,0.022975,-0.478715,0.447869
601,0.223598,-1.022042,0.690968,0.038232,-0.481895,0.43537,0.207803,-1.050392,0.685459,0.037828,-0.470904,0.459985,0.177106,-1.051905,0.711721,0.059375,-0.488417,0.449383,0.113014,-1.089074,0.72882,0.066568,-0.465231,0.431087
602,0.249867,-1.038577,0.667744,0.068527,-0.466362,0.440579,0.226214,-1.047696,0.677767,0.058616,-0.477328,0.44807,0.186015,-1.059944,0.696389,0.091655,-0.478454,0.441394,0.117935,-1.095549,0.710097,0.124776,-0.456897,0.428565
603,0.257912,-1.033608,0.647791,0.078119,-0.483687,0.457458,0.224752,-1.042995,0.664565,0.10203,-0.473231,0.429076,0.192478,-1.072024,0.667769,0.130566,-0.477923,0.44943,0.12838,-1.091887,0.697759,0.160569,-0.474392,0.43494
604,0.25747,-1.043173,0.647528,0.088486,-0.488244,0.432016,0.239171,-1.044741,0.647228,0.12247,-0.498563,0.438091,0.200707,-1.08528,0.663207,0.160618,-0.474576,0.414442,0.128941,-1.098162,0.682247,0.190556,-0.473217,0.430625
605,0.282335,-1.041876,0.622682,0.134031,-0.495005,0.425349,0.252325,-1.046989,0.632602,0.12945,-0.473032,0.452679,0.213207,-1.072975,0.637679,0.175697,-0.478163,0.412385,0.148924,-1.104961,0.658576,0.239046,-0.476433,0.409396
606,0.298598,-1.044563,0.612536,0.16257,-0.494226,0.424897,0.263337,-1.060745,0.604204,0.190713,-0.492,0.389711,0.22255,-1.064688,0.632772,0.201146,-0.479482,0.422765,0.142136,-1.100294,0.645635,0.26426,-0.487634,0.428104
607,0.301301,-1.032659,0.596431,0.191105,-0.514718,0.391303,0.27115,-1.060738,0.607677,0.19182,-0.480435,0.429828,0.24144,-1.06999,0.60516,0.239913,-0.486687,0.399299,0.158953,-1.106058,0.628926,0.298148,-0.487465,0.429212
608,0.32602,-1.038903,0.576877,0.205765,-0.508443,0.421471,0.291681,-1.061176,0.58622,0.226411,-0.510595,0.39175,0.23688,-1.076337,0.581602,0.255412,-0.489525,0.40092,0.159472,-1.10853,0.605133,0.337386,-0.514536,0.417561
609,0.32531,-1.037286,0.560589,0.224275,-0.490571,0.404582,0.294121,-1.058339,0.567031,0.249133,-0.474836,0.397715,0.244599,-1.085619,0.572586,0.296543,-0.513873,0.392494,0.164854,-1.111424,0.591124,0.389133,-0.507149,0.403257
610,0.341723,-1.05015,0.539287,0.24131,-0.514528,0.406022,0.314219,-1.053675,0.543117,0.28727,-0.503102,0.385394,0.262863,-1.077271,0.560348,0.319304,-0.515461,0.391416,0.169846,-1.109253,0.581015,0.409315,-0.514285,0.395003
611,0.349874,-1.054957,0.529694,0.273514,-0.523615,0.391324,0.319534,-1.060298,0.530726,0.29898,-0.482048,0.383982,0.265476,-1.074458,0.542524,0.344642,-0.518161,0.392695,0.17516,-1.112596,0.557104,0.466531,-0.500378,0.384143
612,0.35498,-1.056141,0.514977,0.266398,-0.507296,0.37679,0.334435,-1.064605,0.515345,0.331088,-0.511815,0.373486,0.274843,-1.07861,0.52592,0.379363,-0.503613,0.384985,0.17506,-1.100207,0.544443,0.496197,-0.515873,0.382708
613,0.377615,-1.049647,0.494976,0.310626,-0.507774,0.382226,0.333819,-1.055324,0.492469,0.34172,-0.509477,0.381728,0.279947,-1.076879,0.508676,0.428926,-0.513774,0.377235,0.189147,-1.11423,0.523888,0.524493,-0.511185,0.376181
614,0.383202,-1.053721,0.476492,0.33637,-0.518259,0.362954,0.352106,-1.057202,0.472661,0.385997,-0.50829,0.35465,0.287102,-1.07481,0.485677,0.435604,-0.507696,0.37668,0.194877,-1.114907,0.505085,0.569049,-0.505295,0.369721
615,0.400749,-1.052248,0.445832,0.353124,-0.50681,0.370425,0.35971,-1.05598,0.462253,0.404882,-0.50859,0.363938,0.307802,-1.067064,0.474079,0.476134,-0.503175,0.358395,0.196922,-1.100116,0.479096,0.601034,-0.515292,0.366121
616,0.40604,-1.041646,0.438834,0.371886,-0.516714,0.360388,0.36607,-1.051657,0.446754,0.422191,-0.517867,0.366802,0.311245,-1.066857,0.448241,0.486365,-0.508993,0.338465,0.20164,-1.105933,0.469974,0.620933,-0.524117,0.344497
617,0.415941,-1.042978,0.416781,0.376211,-0.518243,0.349603,0.375354,-1.044123,0.422354,0.447219,-0.549855,0.34341,0.317056,-1.07224,0.43055,0.555441,-0.532227,0.347364,0.206078,-1.099474,0.441491,0.652569,-0.51918,0.34615
618,0.436647,-1.036479,0.405244,0.419215,-0.525503,0.342778,0.398373,-1.053801,0.426373,0.473242,-0.52475,0.331286,0.320584,-1.067731,0.40406,0.566261,-0.524351,0.338292,0.215274,-1.097983,0.417166,0.714614,-0.520569,0.344768
619,0.441083,-1.038847,0.382513,0.460008,-0.511414,0.344136,0.395063,-1.036557,0.384843,0.500841,-0.55031,0.32992,0.327847,-1.06355,0.390505,0.595397,-0.531969,0.326342,0.216808,-1.090917,0.412792,0.750159,-0.537347,0.341383
620,0.442505,-1.037986,0.363558,0.471632,-0.544953,0.314247,0.402475,-1.041547,0.368428,0.517611,-0.525998,0.319905,0.337476,-1.067317,0.373649,0.617685,-0.518223,0.338707,0.213011,-1.09681,0.391873,0.769445,-0.521497,0.328457
621,0.465131,-1.032787,0.346535,0.484202,-0.517542,0.304295,0.424713,-1.039299,0.347538,0.555188,-0.523375,0.310405,0.343644,-1.064121,0.353967,0.648262,-0.522678,0.306835,0.238326,-1.081129,0.367211,0.832142,-0.54048,0.322742
622,0.472348,-1.022062,0.338875,0.496091,-0.5154,0.313202,0.421015,-1.042814,0.329486,0.573154,-0.540168,0.318928,0.365069,-1.057684,0.333095,0.679112,-0.524202,0.328256,0.231067,-1.08068,0.352336,0.856965,-0.531242,0.313604
623,0.481814,-1.025469,0.320534,0.526852,-0.534217,0.281961,0.445787,-1.02644,0.310191,0.596739,-0.500268,0.300873,0.361169,-1.052057,0.319312,0.700261,-0.556095,0.297685,0.240683,-1.068615,0.32284,0.889749,-0.512237,0.297144
624,0.489205,-1.02184,0.293195,0.56162,-0.523992,0.285532,0.438055,-1.035407,0.290241,0.623468,-0.515807,0.290665,0.36837,-1.050675,0.29436,0.738059,-0.510904,0.273723,0.232686,-1.075417,0.305858,0.943018,-0.523178,0.273922
625,0.503138,-1.015474,0.265928,0.569467,-0.538391,0.288146,0.445932,-1.025671,0.274036,0.646369,-0.522502,0.276857,0.377637,-1.034712,0.277564,0.75415,-0.536273,0.284465,0.248601,-1.062295,0.2917,0.946755,-0.527942,0.28554
626,0.507609,-1.011285,0.245534,0.585634,-0.507132,0.268276,0.459998,-1.012258,0.252671,0.685162,-0.538783,0.276037,0.383781,-1.02645,0.260372,0.788804,-0.521709,0.268929,0.254596,-1.063409,0.262828,0.973477,-0.522271,0.280628
627,0.510942,-1.012543,0.234763,0.616957,-0.540574,0.282595,0.464805,-1.019609,0.237396,0.678575,-0.515744,0.259817,0.390264,-1.027319,0.243104,0.805455,-0.527273,0.273767,0.26472,-1.05526,0.241759,1.0424,-0.513354,0.261856
628,0.532152,-0.990456,0.212975,0.639,-0.519933,0.274365,0.468848,-1.006648,0.213317,0.716586,-0.533192,0.281074,0.396357,-1.020616,0.222769,0.820044,-0.51176,0.256058,0.259565,-1.049927,0.226102,1.054842,-0.544528,0.25539
629,0.535828,-0.983532,0.186105,0.648613,-0.525416,0.241057,0.472879,-1.002171,0.200791,0.73693,-0.528103,0.261934,0.407319,-1.018177,0.205313,0.87292,-0.546212,0.249347,0.274208,-1.046268,0.201816,1.093171,-0.540281,0.25328
630,0.537294,-0.975372,0.175545,0.673768,-0.530007,0.259304,0.485121,-0.985614,0.174254,0.743434,-0.524015,0.239479,0.411301,-1.004098,0.181936,0.901315,-0.534447,0.234442,0.255946,-1.037313,0.183581,1.13064,-0.528648,0.25236
631,0.549475,-0.96715,0.15421,0.699759,-0.533815,0.231443,0.501471,-0.993345,0.158444,0.783868,-0.527356,0.226799,0.419776,-1.005682,0.165358,0.895364,-0.525058,0.219381,0.273947,-1.031268,0.155586,1.152609,-0.524023,0.243662
632,0.565737,-0.975131,0.135167,0.70347,-0.537501,0.214143,0.502705,-0.97351,0.138813,0.789539,-0.51831,0.216863,0.426673,-0.989826,0.14492,0.970125,-0.519539,0.214162,0.278179,-1.037097,0.138713,1.216398,-0.53435,0.208455
633,0.563333,-0.957126,0.119738,0.733073,-0.535681,0.206131,0.509091,-0.966502,0.119235,0.820134,-0.515221,0.196521,0.432765,-0.985701,0.119628,0.979367,-0.541987,0.20413,0.278096,-1.014579,0.119058,1.234033,-0.532769,0.200399
634,0.576991,-0.947386,0.097553,0.746473,-0.523676,0.203121,0.525142,-0.964672,0.090883,0.844459,-0.524033,0.196909,0.445197,-0.980602,0.098313,0.994152,-0.513,0.216301,0.288588,-1.012953,0.097306,1.250242,-0.506636,0.2109
635,0.581973,-0.950117,0.077104,0.775254,-0.53498,0.187993,0.53872,-0.948777,0.091866,0.848607,-0.527256,0.177573,0.437815,-0.97555,0.074513,1.016256,-0.527837,0.193226,0.287322,-1.001123,0.088323,1.284241,-0.52288,0.203016
636,0.589565,-0.928752,0.053187,0.804396,-0.53146,0.17938,0.528144,-0.9457,0.053328,0.877835,-0.532113,0.187362,0.442738,-0.959396,0.062103,1.03911,-0.50748,0.167939,0.289714,-0.995942,0.064086,1.315572,-0.52155,0.194164
637,0.594374,-0.930906,0.035961,0.815482,-0.523035,0.188585,0.538767,-0.937067,0.041017,0.912847,-0.509457,0.16796,0.461275,-0.956003,0.040302,1.063321,-0.524271,0.165139,0.296766,-0.977208,0.034467,1.338721,-0.523091,0.171267
638,0.602987,-0.913538,0.014337,0.836159,-0.518129,0.175786,0.555083,-0.930355,0.020391,0.918649,-0.507302,0.151515,0.45445,-0.938846,0.020814,1.082391,-0.511967,0.144065,0.307021,-0.960219,0.023569,1.381146,-0.526833,0.168309
639,0.605612,-0.907821,-0.003486,0.836107,-0.507988,0.153326,0.555309,-0.919021,0.000711,0.955957,-0.514644,0.153277,0.461398,-0.932514,-0.008765,1.115984,-0.503281,0.17039,0.309723,-0.955393,1.8e-05,1.397449,-0.514413,0.158599
640,0.61507,-0.890759,-0.021106,0.852653,-0.506781,0.13504,0.556355,-0.905002,-0.016812,0.953241,-0.519432,0.152696,0.469265,-0.925148,-0.019102,1.122955,-0.505229,0.144833,0.315791,-0.94913,-0.02889,1.424504,-0.515066,0.159641
641,0.631738,-0.89277,-0.04461,0.8603,-0.513498,0.112932,0.564419,-0.903043,-0.039498,0.995438,-0.52806,0.14127,0.477767,-0.91468,-0.04834,1.164089,-0.497139,0.140873,0.298888,-0.939891,-0.056722,1.427281,-0.507867,0.131444
642,0.629871,-0.864123,-0.060329,0.905958,-0.511224,0.125731,0.561137,-0.882023,-0.062332,0.994782,-0.524305,0.127281,0.477702,-0.898154,-0.05787,1.17934,-0.500792,0.128225,0.321332,-0.924677,-0.062514,1.490729,-0.496433,0.141356
643,0.634427,-0.867313,-0.094346,0.902502,-0.499953,0.120812,0.580946,-0.866254,-0.083009,1.011598,-0.514945,0.130736,0.473919,-0.882184,-0.089026,1.197194,-0.50256,0.113504,0.318962,-0.916531,-0.085067,1.49742,-0.523335,0.113545
644,0.63735,-0.854397,-0.101959,0.920018,-0.501206,0.105573,0.580814,-0.859736,-0.099386,1.046595,-0.508231,0.101217,0.490711,-0.879134,-0.101107,1.207593,-0.49073,0.108111,0.316957,-0.901574,-0.104883,1.558202,-0.487234,0.099373
645,0.63625,-0.830465,-0.119031,0.927484,-0.490952,0.105868,0.592365,-0.856632,-0.12319,1.064075,-0.493603,0.083528,0.49098,-0.863802,-0.124962,1.247612,-0.492501,0.105151,0.318777,-0.894901,-0.124761,1.557349,-0.511216,0.083594
646,0.660412,-0.831886,-0.140219,0.954979,-0.485729,0.106194,0.59537,-0.832714,-0.141719,1.066474,-0.505143,0.089565,0.493551,-0.844334,-0.153248,1.250362,-0.498168,0.111662,0.325645,-0.884631,-0.137746,1.577325,-0.497066,0.085446
647,0.656276,-0.816057,-0.159444,0.975016,-0.499693,0.06771,0.58891,-0.824459,-0.16368,1.05583,-0.480464,0.075506,0.500721,-0.846303,-0.173126,1.276567,-0.483116,0.08274,0.327845,-0.8616,-0.1684,1.621351,-0.491026,0.075129
648,0.668081,-0.792114,-0.184043,0.988148,-0.482243,0.079302,0.603326,-0.822158,-0.185295,1.093966,-0.466341,0.072676,0.503798,-0.835369,-0.192175,1.287783,-0.504169,0.047444,0.329071,-0.839784,-0.189019,1.66005,-0.501197,0.070409
649,0.670281,-0.803592,-0.20401,0.984067,-0.480017,0.066677,0.603505,-0.807623,-0.201393,1.116153,-0.496328,0.067457,0.502012,-0.81257,-0.197098,1.31551,-0.49192,0.035022,0.328745,-0.837058,-0.208485,1.662511,-0.474319,0.066812
650,0.668824,-0.781145,-0.212671,1.006569,-0.489543,0.055744,0.603551,-0.789059,-0.225872,1.128727,-0.485989,0.058035,0.500688,-0.808121,-0.221136,1.32719,-0.499619,0.057852,0.340515,-0.819609,-0.226186,1.686687,-0.488982,0.062441
651,0.669171,-0.752117,-0.23273,1.029053,-0.486382,0.046228,0.612783,-0.770485,-0.234749,1.142981,-0.49451,0.022191,0.50704,-0.78374,-0.239099,1.348374,-0.476758,0.029486,0.329666,-0.807295,-0.245015,1.696631,-0.469826,0.027937
652,0.675309,-0.750377,-0.257868,1.025213,-0.460247,0.040009,0.612907,-0.76442,-0.266513,1.158586,-0.499031,0.0269,0.511552,-0.770707,-0.265701,1.377722,-0.460446,0.034782,0.338897,-0.791388,-0.275851,1.726151,-0.479463,0.033411
653,0.681769,-0.73828,-0.275183,1.052,-0.464523,0.021394,0.61701,-0.742091,-0.270092,1.174863,-0.469742,0.013804,0.520427,-0.745054,-0.299431,1.38726,-0.465246,0.033438,0.332829,-0.785911,-0.286037,1.761587,-0.473973,0.017202
654,0.682701,-0.724525,-0.291005,1.036785,-0.463217,-0.002466,0.622589,-0.729195,-0.299477,1.187353,-0.471774,0.007985,0.518241,-0.748372,-0.302517,1.411621,-0.467108,0.027523,0.334411,-0.760924,-0.318272,1.746399,-0.454006,0.020572
655,0.682984,-0.717333,-0.305736,1.037391,-0.47298,-0.009301,0.61859,-0.720501,-0.314894,1.213377,-0.454963,0.015096,0.51724,-0.728078,-0.308083,1.429712,-0.449158,-0.01654,0.348305,-0.751483,-0.34584,1.780253,-0.464386,0.001304
656,0.687862,-0.700112,-0.323551,1.079565,-0.445969,-0.024488,0.628659,-0.708601,-0.340141,1.227127,-0.456747,-0.008053,0.517946,-0.713673,-0.347774,1.429161,-0.447781,-0.012346,0.339518,-0.735996,-0.351807,1.805974,-0.447207,-0.003914
657,0.689531,-0.680883,-0.354725,1.095416,-0.458802,-0.017396,0.629282,-0.691325,-0.346994,1.228889,-0.437565,-0.016005,0.522693,-0.685988,-0.365339,1.465467,-0.436226,-0.021715,0.348796,-0.726188,-0.368435,1.839811,-0.441061,-0.032748
658,0.695381,-0.663894,-0.37132,1.11224,-0.450294,-0.029623,0.62497,-0.668107,-0.37654,1.252851,-0.436331,-0.0333,0.531875,-0.686155,-0.376221,1.467233,-0.446925,-0.017582,0.344219,-0.708368,-0.385134,1.839929,-0.437314,-0.036087
659,0.708604,-0.661152,-0.38449,1.101315,-0.445894,-0.035708,0.633457,-0.652045,-0.398696,1.257408,-0.434021,-0.042042,0.534359,-0.676919,-0.407818,1.47005,-0.422501,-0.030562,0.339048,-0.686363,-0.422084,1.860436,-0.443281,-0.040909
660,0.693975,-0.628789,-0.399692,1.120264,-0.420646,-0.059295,0.619365,-0.639889,-0.406619,1.274402,-0.436276,-0.03785,0.529199,-0.657356,-0.427906,1.481284,-0.436672,-0.045227,0.350396,-0.669792,-0.43445,1.892611,-0.44037,-0.076329
661,0.703739,-0.624919,-0.42729,1.129632,-0.417521,-0.051999,0.627259,-0.629172,-0.423526,1.269129,-0.415989,-0.058372,0.535952,-0.636317,-0.431958,1.474991,-0.425237,-0.040029,0.342811,-0.653629,-0.445895,1.904085,-0.443083,-0.078748
662,0.710491,-0.600413,-0.438225,1.128918,-0.444447,-0.065596,0.639728,-0.614469,-0.450346,1.274743,-0.41326,-0.056939,0.526732,-0.620254,-0.463492,1.510307,-0.418782,-0.070665,0.347657,-0.641164,-0.469119,1.899787,-0.432672,-0.071167
663,0.700364,-0.587687,-0.457812,1.147533,-0.410367,-0.07078,0.644765,-0.595229,-0.465069,1.302269,-0.415997,-0.081661,0.529772,-0.606107,-0.47078,1.491788,-0.425148,-0.08984,0.35461,-0.621702,-0.487571,1.927636,-0.424316,-0.082034
664,0.702098,-0.578436,-0.475182,1.166451,-0.404253,-0.095892,0.641762,-0.573666,-0.484107,1.306823,-0.418079,-0.088668,0.539127,-0.588576,-0.485048,1.540052,-0.409436,-0.100393,0.348899,-0.60425,-0.494734,1.94984,-0.387528,-0.080104
665,0.70897,-0.550509,-0.492003,1.162525,-0.40353,-0.112515,0.636625,-0.55,-0.500088,1.309211,-0.382274,-0.094112,0.525437,-0.563493,-0.511834,1.533019,-0.405377,-0.116574,0.3471,-0.575787,-0.522545,1.961906,-0.405504,-0.103528
666,0.703222,-0.534721,-0.51792,1.149642,-0.405341,-0.098768,0.636861,-0.535859,-0.520526,1.323534,-0.388448,-0.097538,0.538307,-0.543582,-0.528439,1.551951,-0.379989,-0.10784,0.344528,-0.562673,-0.547735,1.972369,-0.375414,-0.119502
