sample_idx,Va_1,Vb_1,Vc_1,Ia_1,Ib_1,Ic_1,Va_5,Vb_5,Vc_5,Ia_5,Ib_5,Ic_5,Va_10,Vb_10,Vc_10,Ia_10,Ib_10,Ic_10,Va_30,Vb_30,Vc_30,Ia_30,Ib_30,Ic_30
0,0.999665,-0.511127,-0.508074,0.643403,-0.487619,-0.12748,0.995818,-0.506249,-0.500937,0.656283,-0.51615,-0.150501,0.995725,-0.494532,-0.505609,0.611107,-0.487047,-0.135876,1.0046,-0.498086,-0.501399,0.640594,-0.504519,-0.144471
1,0.999711,-0.485419,-0.513047,0.667013,-0.48643,-0.146562,1.003029,-0.475688,-0.513298,0.648261,-0.497634,-0.132179,1.0025,-0.480799,-0.507592,0.64888,-0.482443,-0.14042,1.001618,-0.485413,-0.519917,0.64011,-0.48404,-0.162001
2,0.99714,-0.461972,-0.535751,0.63951,-0.473734,-0.169946,1.00169,-0.464564,-0.532296,0.650389,-0.475374,-0.176363,0.991079,-0.469556,-0.535427,0.652239,-0.482026,-0.168247,1.002002,-0.456943,-0.530036,0.650932,-0.483984,-0.171002
3,0.994651,-0.444373,-0.550133,0.649675,-0.483287,-0.180425,0.99999,-0.448088,-0.55176,0.644917,-0.476864,-0.201637,1.00286,-0.449334,-0.546482,0.652926,-0.470562,-0.201877,0.997763,-0.444433,-0.546935,0.663134,-0.454747,-0.187855
4,0.99251,-0.436446,-0.563581,0.653351,-0.452653,-0.190402,1.002535,-0.442298,-0.567048,0.668053,-0.454821,-0.204934,1.000094,-0.445694,-0.562354,0.654116,-0.462127,-0.18852,0.99378,-0.425063,-0.562295,0.667576,-0.466127,-0.2036
5,0.992717,-0.415709,-0.572718,0.670025,-0.453345,-0.218369,0.998103,-0.410328,-0.579415,0.666633,-0.428947,-0.210245,0.995948,-0.413669,-0.583524,0.655625,-0.442904,-0.232126,0.999858,-0.419964,-0.58102,0.663849,-0.45587,-0.220256
6,0.994057,-0.402002,-0.597514,0.670984,-0.434748,-0.218324,0.994469,-0.393581,-0.596275,0.644453,-0.444407,-0.221937,0.996967,-0.395723,-0.604428,0.669217,-0.434627,-0.219267,0.992037,-0.398399,-0.592283,0.669309,-0.425748,-0.22967
7,0.990221,-0.382438,-0.613055,0.664988,-0.445277,-0.233973,0.993238,-0.385546,-0.614286,0.666439,-0.435451,-0.217862,0.982556,-0.385324,-0.606947,0.675836,-0.440264,-0.224068,0.992374,-0.384209,-0.609182,0.652567,-0.430453,-0.240283
8,0.987025,-0.359704,-0.617808,0.679494,-0.427917,-0.251073,0.991756,-0.363518,-0.624052,0.668885,-0.406694,-0.23531,0.992545,-0.359538,-0.621953,0.664942,-0.43321,-0.240631,0.987951,-0.363362,-0.617729,0.668195,-0.420851,-0.236846
9,0.988968,-0.344164,-0.631561,0.684089,-0.39683,-0.26217,0.983163,-0.344446,-0.637336,0.676578,-0.410028,-0.283979,0.992183,-0.348897,-0.637499,0.672315,-0.421185,-0.271282,0.976286,-0.341824,-0.640597,0.670948,-0.425571,-0.268336
10,0.977627,-0.34105,-0.654928,0.672899,-0.399053,-0.276134,0.985007,-0.319975,-0.656296,0.682221,-0.39336,-0.261052,0.971548,-0.336885,-0.64807,0.687169,-0.398451,-0.270008,0.980681,-0.326956,-0.65986,0.681572,-0.402584,-0.276152
11,0.972738,-0.313794,-0.670276,0.673489,-0.380708,-0.285912,0.981742,-0.312561,-0.674851,0.672005,-0.388837,-0.29275,0.980036,-0.312438,-0.666134,0.676037,-0.396179,-0.292166,0.976694,-0.317526,-0.661534,0.683172,-0.395048,-0.272869
12,0.981313,-0.290257,-0.681586,0.684135,-0.371412,-0.284202,0.973406,-0.289791,-0.680638,0.666746,-0.395071,-0.298599,0.980389,-0.297092,-0.675832,0.659614,-0.375637,-0.282137,0.975437,-0.291782,-0.679066,0.668749,-0.377502,-0.296959
13,0.966891,-0.274666,-0.698037,0.670967,-0.37422,-0.291691,0.960801,-0.265469,-0.695261,0.681197,-0.365402,-0.311198,0.977652,-0.267562,-0.691094,0.674714,-0.367238,-0.322156,0.96542,-0.2745,-0.694125,0.678084,-0.360661,-0.303307
14,0.954309,-0.265635,-0.705667,0.676888,-0.360001,-0.318496,0.97055,-0.254759,-0.709018,0.662764,-0.350704,-0.320875,0.96,-0.258342,-0.709127,0.684139,-0.352658,-0.320214,0.967291,-0.248317,-0.708495,0.680903,-0.367274,-0.310487
15,0.95185,-0.24309,-0.72823,0.677562,-0.36079,-0.329503,0.965147,-0.239096,-0.721327,0.666124,-0.340451,-0.341095,0.9602,-0.239524,-0.714903,0.705552,-0.363153,-0.320209,0.96124,-0.242708,-0.718719,0.667025,-0.347776,-0.324418
16,0.943816,-0.215617,-0.737712,0.68772,-0.350909,-0.350516,0.951814,-0.21207,-0.736249,0.679953,-0.347129,-0.354596,0.951093,-0.223666,-0.744767,0.67309,-0.341862,-0.353324,0.947912,-0.220829,-0.739613,0.678639,-0.334796,-0.347286
17,0.947974,-0.198024,-0.752233,0.677839,-0.346531,-0.346528,0.951175,-0.205115,-0.746278,0.68745,-0.317531,-0.34109,0.943185,-0.207571,-0.755031,0.686285,-0.321817,-0.338061,0.941865,-0.203752,-0.74696,0.668915,-0.321694,-0.355754
18,0.939508,-0.186042,-0.750815,0.657513,-0.324962,-0.346732,0.937783,-0.179758,-0.755178,0.671474,-0.313039,-0.370905,0.947579,-0.181946,-0.757993,0.681484,-0.30529,-0.36978,0.942402,-0.177609,-0.766177,0.682745,-0.316903,-0.360777
19,0.941504,-0.169864,-0.770265,0.663317,-0.295629,-0.37649,0.939883,-0.161658,-0.770886,0.670604,-0.281392,-0.374654,0.935908,-0.173845,-0.767387,0.669438,-0.302455,-0.360242,0.931673,-0.162385,-0.767815,0.679473,-0.312301,-0.357059
20,0.93436,-0.141014,-0.784081,0.660966,-0.282533,-0.384797,0.937095,-0.141434,-0.7873,0.669468,-0.276643,-0.392586,0.931971,-0.141363,-0.782716,0.675481,-0.284759,-0.362007,0.936899,-0.145204,-0.781382,0.667514,-0.286334,-0.374791
21,0.919708,-0.12745,-0.798259,0.672821,-0.275898,-0.400538,0.925021,-0.117259,-0.801895,0.671014,-0.278576,-0.392785,0.923101,-0.121534,-0.798397,0.65402,-0.290289,-0.378898,0.919169,-0.121725,-0.790895,0.664245,-0.285932,-0.393433
22,0.916991,-0.09683,-0.798096,0.648679,-0.275997,-0.392899,0.913852,-0.111977,-0.819808,0.66569,-0.270016,-0.397821,0.918756,-0.107027,-0.810923,0.66627,-0.27614,-0.386951,0.917655,-0.108994,-0.812864,0.666701,-0.275715,-0.396997
23,0.905283,-0.08524,-0.815103,0.67042,-0.232768,-0.420425,0.911267,-0.098601,-0.821312,0.660273,-0.249085,-0.419543,0.905748,-0.086948,-0.809899,0.668391,-0.256187,-0.421038,0.904791,-0.085078,-0.810668,0.661647,-0.256304,-0.400633
24,0.900461,-0.082204,-0.838457,0.658295,-0.233538,-0.4201,0.895698,-0.072716,-0.829929,0.677682,-0.239267,-0.402357,0.913194,-0.068583,-0.823786,0.666639,-0.240663,-0.416185,0.897042,-0.068449,-0.830875,0.667957,-0.245626,-0.422723
25,0.886311,-0.053399,-0.840897,0.656507,-0.234641,-0.417352,0.891384,-0.046073,-0.833923,0.683303,-0.246857,-0.43299,0.896692,-0.052527,-0.836661,0.668922,-0.23322,-0.414617,0.892047,-0.056542,-0.842466,0.672755,-0.212487,-0.433675
26,0.879952,-0.040864,-0.850132,0.671451,-0.224419,-0.439057,0.884622,-0.031975,-0.846279,0.662765,-0.220593,-0.431154,0.884779,-0.036445,-0.851707,0.681461,-0.231682,-0.448687,0.886325,-0.035919,-0.844321,0.666618,-0.208397,-0.435835
27,0.874923,-0.021377,-0.858233,0.657141,-0.206709,-0.460187,0.872343,-0.009295,-0.869684,0.669265,-0.193601,-0.448768,0.873975,-0.018946,-0.85573,0.647818,-0.210084,-0.449907,0.870742,-0.024301,-0.858313,0.67563,-0.221538,-0.461435
28,0.852635,0.004914,-0.875954,0.656342,-0.213892,-0.460004,0.859822,0.008784,-0.865853,0.640435,-0.18727,-0.45828,0.86844,0.006486,-0.861624,0.671574,-0.194655,-0.458184,0.865896,0.013309,-0.872682,0.654535,-0.176596,-0.449895
29,0.856871,0.019755,-0.879637,0.668658,-0.187378,-0.47416,0.850743,0.021485,-0.878914,0.663215,-0.181438,-0.466364,0.855459,0.025811,-0.882093,0.672622,-0.205061,-0.457591,0.84236,0.019738,-0.881628,0.647997,-0.181608,-0.472195
30,0.845181,0.044952,-0.881396,0.656229,-0.159359,-0.476369,0.845328,0.038673,-0.880953,0.638489,-0.174507,-0.479332,0.842686,0.045429,-0.884793,0.639817,-0.177616,-0.471712,0.847871,0.040868,-0.882227,0.660876,-0.162086,-0.46421
31,0.831886,0.059191,-0.889076,0.64772,-0.168679,-0.509166,0.831271,0.0593,-0.901326,0.63123,-0.171476,-0.50138,0.829446,0.056862,-0.898154,0.641754,-0.175375,-0.492164,0.831368,0.067986,-0.898419,0.64182,-0.155782,-0.487315
32,0.822372,0.074922,-0.899984,0.636807,-0.137868,-0.493987,0.826938,0.085914,-0.897115,0.649683,-0.15134,-0.493921,0.82733,0.078775,-0.910534,0.644663,-0.138029,-0.499561,0.822852,0.071641,-0.903007,0.638358,-0.15295,-0.506641
33,0.80943,0.100124,-0.905212,0.635516,-0.123646,-0.505081,0.815391,0.091259,-0.913399,0.657652,-0.135565,-0.498353,0.815761,0.089954,-0.906625,0.642502,-0.12038,-0.511224,0.808467,0.101669,-0.915768,0.649769,-0.128631,-0.491226
34,0.802473,0.118096,-0.924759,0.629874,-0.110351,-0.499491,0.809929,0.115696,-0.921017,0.63995,-0.121132,-0.522564,0.797121,0.113996,-0.916411,0.631026,-0.129499,-0.505754,0.806066,0.115105,-0.92459,0.624857,-0.119682,-0.501863
35,0.795115,0.14631,-0.922665,0.626377,-0.108933,-0.522244,0.788222,0.140514,-0.930649,0.639682,-0.092976,-0.523305,0.784268,0.134664,-0.918393,0.635249,-0.092737,-0.512665,0.798157,0.133732,-0.920208,0.64389,-0.105318,-0.535944
36,0.785999,0.159071,-0.931233,0.624272,-0.090577,-0.535859,0.772757,0.15595,-0.93739,0.619606,-0.098104,-0.538977,0.774754,0.141853,-0.923957,0.627192,-0.082324,-0.524673,0.780616,0.148723,-0.92887,0.615677,-0.09922,-0.520847
37,0.757164,0.160656,-0.936241,0.614053,-0.087953,-0.526716,0.768602,0.174383,-0.939571,0.631631,-0.083177,-0.512329,0.765157,0.17149,-0.937235,0.617338,-0.097096,-0.532242,0.760421,0.171534,-0.94136,0.618418,-0.090925,-0.541798
38,0.77187,0.185078,-0.941705,0.627994,-0.074326,-0.535409,0.758617,0.190596,-0.941365,0.60717,-0.068316,-0.536937,0.752269,0.191653,-0.941092,0.625328,-0.074453,-0.540011,0.754824,0.186228,-0.956422,0.620426,-0.064043,-0.523212
39,0.738029,0.205307,-0.951821,0.617549,-0.057244,-0.550835,0.743446,0.215591,-0.956635,0.625998,-0.06284,-0.548571,0.743373,0.210979,-0.958905,0.621759,-0.066089,-0.552519,0.746171,0.218605,-0.949874,0.621145,-0.07307,-0.536719
40,0.737428,0.228095,-0.95678,0.607076,-0.040842,-0.558432,0.7338,0.231917,-0.96263,0.610247,-0.062669,-0.571695,0.735812,0.229727,-0.964178,0.619779,-0.025148,-0.553516,0.718685,0.227068,-0.947798,0.610215,-0.03781,-0.566109
41,0.716496,0.25244,-0.961519,0.603342,-0.036779,-0.566874,0.724141,0.247532,-0.962006,0.600196,-0.031336,-0.578956,0.716285,0.24004,-0.962023,0.605763,-0.030301,-0.588147,0.709689,0.24858,-0.958072,0.602977,-0.03046,-0.558374
42,0.700945,0.268463,-0.965745,0.59023,-0.032723,-0.588202,0.705167,0.266649,-0.959879,0.619478,-0.021961,-0.5807,0.705767,0.271129,-0.975455,0.591804,-0.015735,-0.567486,0.702649,0.265113,-0.966639,0.598994,-0.036447,-0.581408
43,0.68999,0.280579,-0.969023,0.58136,-0.004122,-0.584574,0.686694,0.285096,-0.969511,0.576748,-0.001636,-0.575162,0.684241,0.27526,-0.97585,0.586838,-0.009258,-0.587665,0.68759,0.284231,-0.970437,0.585019,-0.011556,-0.581405
44,0.678494,0.307916,-0.978354,0.573066,0.009947,-0.591054,0.67389,0.300024,-0.982816,0.589492,-0.006069,-0.581929,0.672476,0.311385,-0.963533,0.576465,0.0048,-0.603702,0.675944,0.303148,-0.972788,0.584808,-0.003856,-0.60543
45,0.661483,0.319439,-0.98378,0.575608,0.014589,-0.575429,0.651403,0.322527,-0.975029,0.58065,0.017331,-0.591109,0.66852,0.31595,-0.976178,0.583217,0.002057,-0.610277,0.66897,0.318574,-0.981717,0.598114,0.027299,-0.588916
46,0.640597,0.339953,-0.988019,0.562255,0.021519,-0.602484,0.649035,0.339889,-0.986921,0.553917,0.044448,-0.620213,0.644186,0.344995,-0.983621,0.567197,0.037408,-0.619558,0.652502,0.337075,-0.980917,0.583953,0.032513,-0.597331
47,0.627217,0.359502,-0.991065,0.533682,0.049367,-0.594416,0.631117,0.358328,-0.989144,0.538324,0.038562,-0.598872,0.63185,0.353937,-0.987884,0.566293,0.044354,-0.594307,0.626849,0.357245,-0.99116,0.561951,0.037971,-0.602898
48,0.613134,0.380597,-0.998417,0.552037,0.047377,-0.61618,0.618011,0.373819,-0.994508,0.57156,0.040359,-0.621631,0.614964,0.364452,-0.996698,0.565837,0.067337,-0.58652,0.616342,0.380121,-0.989985,0.546599,0.058547,-0.628281
49,0.60941,0.39052,-0.989059,0.540135,0.057831,-0.61418,0.601385,0.394547,-0.991171,0.548624,0.055956,-0.60453,0.605994,0.388096,-0.99434,0.544851,0.066041,-0.614109,0.609065,0.389124,-0.986403,0.545895,0.075085,-0.611755
50,0.586832,0.408427,-0.990869,0.539076,0.072566,-0.619512,0.581529,0.407723,-1.001119,0.550622,0.084362,-0.619124,0.594237,0.416843,-0.992296,0.546095,0.076385,-0.626342,0.598303,0.407168,-0.994523,0.548987,0.073661,-0.617555
51,0.568315,0.418092,-1.00002,0.524293,0.089758,-0.619999,0.570527,0.423886,-0.987976,0.52781,0.073196,-0.628034,0.582386,0.427993,-1.000158,0.53705,0.102371,-0.64054,0.575491,0.435037,-0.989182,0.530951,0.102327,-0.617687
52,0.551163,0.443594,-1.006799,0.519198,0.103079,-0.623686,0.556309,0.426076,-1.005364,0.527575,0.111599,-0.634545,0.555577,0.446895,-1.003856,0.531932,0.111274,-0.64649,0.553665,0.436496,-1.003337,0.527,0.110059,-0.619177
53,0.539985,0.450964,-0.992922,0.514955,0.123019,-0.619894,0.544483,0.456954,-0.995986,0.498042,0.101243,-0.609256,0.542964,0.459126,-1.005647,0.512002,0.132431,-0.632687,0.535662,0.451541,-0.990997,0.537954,0.123563,-0.614941
54,0.524379,0.468855,-0.988625,0.519288,0.128769,-0.640169,0.536348,0.473035,-1.006945,0.487954,0.125988,-0.650304,0.540794,0.481993,-1.000821,0.500785,0.126035,-0.647435,0.528131,0.469669,-0.994084,0.502568,0.112931,-0.643441
55,0.505249,0.495318,-0.998205,0.501256,0.159216,-0.64241,0.506292,0.493601,-1.00262,0.490684,0.140765,-0.644878,0.505475,0.481866,-0.996431,0.492995,0.133485,-0.62813,0.503296,0.493203,-1.006218,0.522232,0.152977,-0.637759
56,0.480665,0.512518,-0.994759,0.509919,0.156754,-0.619772,0.490138,0.503429,-0.995845,0.490819,0.152022,-0.654618,0.494327,0.510153,-1.001894,0.482523,0.165216,-0.640935,0.49281,0.513909,-0.997712,0.485228,0.150395,-0.653308
57,0.488307,0.517814,-0.995112,0.500226,0.17128,-0.646737,0.47799,0.522772,-0.99436,0.472439,0.17319,-0.640633,0.473778,0.523295,-1.006057,0.47373,0.179212,-0.655447,0.475114,0.517743,-1.007954,0.464473,0.165515,-0.672784
58,0.460459,0.537101,-1.003237,0.486879,0.173875,-0.651232,0.466369,0.542542,-1.0023,0.461034,0.185296,-0.660097,0.456397,0.534085,-1.008151,0.476362,0.184426,-0.657532,0.460392,0.537775,-1.002163,0.477583,0.187591,-0.646374
59,0.44525,0.554928,-0.996406,0.461001,0.175222,-0.650019,0.440654,0.559507,-1.008825,0.444739,0.191207,-0.671848,0.438756,0.560595,-0.98928,0.450153,0.198964,-0.663549,0.445168,0.552074,-1.005047,0.473928,0.176445,-0.642723
60,0.425967,0.57407,-0.987293,0.456438,0.208998,-0.661082,0.433346,0.572474,-0.998202,0.448303,0.21715,-0.654102,0.425219,0.56743,-0.999141,0.446389,0.189698,-0.676408,0.41125,0.562955,-0.999112,0.464589,0.203115,-0.653008
61,0.407012,0.578896,-0.991692,0.460086,0.216004,-0.654535,0.411848,0.580533,-0.988926,0.453064,0.209287,-0.646039,0.409248,0.585886,-0.993884,0.429984,0.218161,-0.666842,0.409583,0.590031,-0.995474,0.474509,0.226799,-0.672387
62,0.38444,0.600908,-0.991659,0.435373,0.248388,-0.652041,0.388138,0.608361,-0.996781,0.431527,0.225216,-0.67373,0.380256,0.606549,-0.994344,0.440958,0.231606,-0.64553,0.390536,0.603555,-1.001499,0.416938,0.231269,-0.66822
63,0.374507,0.612146,-0.993959,0.411164,0.226396,-0.645927,0.37705,0.624192,-0.990837,0.430934,0.246578,-0.660215,0.366702,0.61705,-0.989252,0.41045,0.243164,-0.668244,0.378128,0.620076,-0.991229,0.408709,0.252007,-0.668633
64,0.358089,0.641849,-0.983398,0.410617,0.249766,-0.670652,0.360126,0.631339,-0.98924,0.419468,0.246883,-0.673096,0.366173,0.632363,-0.990271,0.398416,0.253506,-0.661503,0.35527,0.628192,-0.976069,0.416021,0.262111,-0.67202
65,0.332419,0.641057,-0.983444,0.422084,0.266913,-0.665802,0.335596,0.642734,-0.987127,0.420893,0.256169,-0.694426,0.339381,0.641312,-0.978577,0.398254,0.253071,-0.683286,0.350157,0.642741,-0.991261,0.398964,0.264764,-0.663412
66,0.312593,0.662046,-0.9807,0.402837,0.289712,-0.672517,0.325971,0.662868,-0.976751,0.398985,0.26739,-0.666058,0.327314,0.657563,-0.971735,0.404775,0.289795,-0.675981,0.326456,0.669358,-0.975959,0.397644,0.270196,-0.686576
67,0.309298,0.673877,-0.978613,0.385294,0.273219,-0.664112,0.301378,0.676289,-0.981676,0.3805,0.291571,-0.683655,0.306471,0.672784,-0.967489,0.389661,0.28651,-0.680687,0.308502,0.673055,-0.9841,0.385098,0.30364,-0.684973
68,0.286929,0.684073,-0.970218,0.363934,0.29837,-0.668518,0.2722,0.688824,-0.978122,0.373058,0.299381,-0.663521,0.289109,0.684538,-0.963304,0.366479,0.298319,-0.679368,0.285317,0.699427,-0.97176,0.38169,0.300136,-0.681545
69,0.268556,0.702748,-0.970509,0.359983,0.301823,-0.679743,0.262664,0.695127,-0.967059,0.377752,0.311298,-0.675229,0.265901,0.704877,-0.973635,0.363567,0.315974,-0.680999,0.270074,0.704584,-0.970719,0.34871,0.307197,-0.686315
70,0.257268,0.715051,-0.959458,0.350428,0.329886,-0.677691,0.255497,0.71415,-0.964092,0.346303,0.311228,-0.678116,0.24676,0.721085,-0.968338,0.355949,0.325411,-0.667754,0.247412,0.71558,-0.966006,0.350544,0.308167,-0.675456
71,0.235244,0.72961,-0.964657,0.348403,0.325979,-0.658604,0.235585,0.731633,-0.951724,0.336783,0.318301,-0.675548,0.225108,0.735741,-0.954936,0.346705,0.331494,-0.671357,0.231074,0.733156,-0.950337,0.340439,0.33092,-0.682045
72,0.211767,0.744477,-0.947645,0.344898,0.345759,-0.689117,0.215274,0.745187,-0.953749,0.337981,0.324805,-0.664046,0.21443,0.738454,-0.95158,0.32835,0.351551,-0.669099,0.210916,0.73961,-0.957204,0.331621,0.350887,-0.682936
73,0.193877,0.754596,-0.955475,0.327538,0.358419,-0.68214,0.192244,0.752409,-0.947671,0.321377,0.355699,-0.683125,0.193628,0.74649,-0.942253,0.313616,0.345717,-0.66888,0.187705,0.759511,-0.946535,0.3099,0.347637,-0.669597
74,0.173249,0.757381,-0.943824,0.303833,0.351396,-0.66946,0.173712,0.768663,-0.939651,0.301191,0.365686,-0.654434,0.172511,0.762829,-0.93732,0.324644,0.363818,-0.672416,0.175989,0.773564,-0.940735,0.289619,0.373203,-0.677684
75,0.148855,0.77844,-0.936031,0.298907,0.360959,-0.665168,0.161157,0.7724,-0.943053,0.292382,0.376929,-0.67527,0.15945,0.78484,-0.926408,0.288344,0.374174,-0.67322,0.156382,0.772393,-0.930786,0.290713,0.366624,-0.685625
76,0.133846,0.797942,-0.9269,0.302542,0.375529,-0.66739,0.139428,0.781693,-0.933203,0.283048,0.38091,-0.66373,0.138032,0.795944,-0.931554,0.267612,0.395561,-0.668107,0.142959,0.782532,-0.923046,0.281684,0.39264,-0.670796
77,0.11371,0.798909,-0.912491,0.276287,0.386045,-0.676399,0.115775,0.801526,-0.914988,0.273518,0.402597,-0.660256,0.119565,0.802078,-0.913006,0.272323,0.399446,-0.684357,0.120025,0.796626,-0.921686,0.276673,0.40696,-0.670866
78,0.104461,0.816343,-0.912445,0.255342,0.41051,-0.667054,0.091963,0.811924,-0.903625,0.263897,0.387882,-0.665313,0.101938,0.813479,-0.904287,0.269261,0.410869,-0.669529,0.10034,0.815681,-0.907222,0.279323,0.40424,-0.662104
79,0.082624,0.828247,-0.907212,0.25945,0.41259,-0.654259,0.081321,0.824244,-0.90879,0.240279,0.42737,-0.671878,0.081954,0.819419,-0.90483,0.267243,0.422419,-0.662964,0.088655,0.820974,-0.902124,0.241602,0.394972,-0.664396
80,0.066826,0.838844,-0.893214,0.253798,0.441584,-0.675553,0.05983,0.831997,-0.898361,0.253737,0.417633,-0.67022,0.065481,0.830424,-0.897189,0.236022,0.413189,-0.679621,0.062917,0.834902,-0.897228,0.240234,0.44003,-0.664636
81,0.039935,0.835453,-0.887041,0.23362,0.427106,-0.653644,0.053426,0.845356,-0.875288,0.243591,0.438556,-0.673247,0.038562,0.844147,-0.892665,0.22936,0.428999,-0.673822,0.04026,0.837618,-0.884944,0.252645,0.441042,-0.64933
82,0.027594,0.85771,-0.882217,0.20826,0.442034,-0.650627,0.030182,0.854837,-0.876725,0.214416,0.431958,-0.66798,0.020644,0.856916,-0.866174,0.223557,0.448405,-0.645783,0.023084,0.856077,-0.87878,0.210038,0.44449,-0.681341
83,0.004242,0.855082,-0.868381,0.209002,0.448008,-0.669674,0.002746,0.861806,-0.872091,0.204113,0.464109,-0.653146,0.00436,0.868149,-0.868622,0.206727,0.462336,-0.66714,0.006851,0.865246,-0.867695,0.214247,0.455429,-0.655045
84,-0.017583,0.872938,-0.861573,0.181312,0.468462,-0.678239,-0.013721,0.884111,-0.861811,0.195826,0.459389,-0.635422,-0.009381,0.8619,-0.858828,0.184655,0.455212,-0.662012,-0.00877,0.883138,-0.859133,0.182754,0.464446,-0.646967
85,-0.029055,0.891657,-0.84786,0.17662,0.468052,-0.65289,-0.030856,0.886545,-0.837754,0.175735,0.472107,-0.654753,-0.026482,0.880844,-0.848457,0.18875,0.475052,-0.670747,-0.03583,0.881471,-0.852401,0.17568,0.476085,-0.651439
86,-0.044494,0.898007,-0.842273,0.164122,0.482498,-0.654919,-0.054054,0.894227,-0.837203,0.182555,0.473786,-0.648056,-0.054514,0.889321,-0.839297,0.170305,0.480218,-0.662936,-0.06744,0.894326,-0.836711,0.181676,0.489086,-0.647843
87,-0.070185,0.904608,-0.832262,0.141826,0.470596,-0.636547,-0.060238,0.896962,-0.828795,0.153071,0.491974,-0.628598,-0.070957,0.901902,-0.833921,0.161086,0.487681,-0.64924,-0.070148,0.90516,-0.832918,0.162778,0.500949,-0.62561
88,-0.084434,0.903268,-0.818599,0.140927,0.501805,-0.64556,-0.095643,0.898292,-0.814349,0.137433,0.506567,-0.638268,-0.083848,0.908473,-0.821363,0.168299,0.512592,-0.641607,-0.098237,0.911587,-0.82577,0.129079,0.51633,-0.668518
89,-0.111851,0.914323,-0.799849,0.135548,0.507055,-0.644959,-0.101885,0.920931,-0.804786,0.125923,0.496234,-0.627634,-0.110257,0.904311,-0.808488,0.133263,0.521213,-0.636713,-0.107095,0.906291,-0.810036,0.131468,0.50242,-0.637454
90,-0.12818,0.924798,-0.793369,0.144478,0.510702,-0.642953,-0.126252,0.927774,-0.794113,0.108157,0.511317,-0.645654,-0.130179,0.930302,-0.796326,0.112469,0.509488,-0.626198,-0.130749,0.916127,-0.794267,0.119095,0.488152,-0.630234
91,-0.14083,0.926761,-0.778071,0.113102,0.522544,-0.611519,-0.1465,0.930997,-0.785671,0.097462,0.51829,-0.626298,-0.151897,0.927018,-0.787752,0.100715,0.518505,-0.630667,-0.144717,0.921911,-0.79136,0.097679,0.544919,-0.636443
92,-0.165217,0.937107,-0.775787,0.088811,0.527986,-0.62684,-0.171776,0.931977,-0.765081,0.09183,0.529593,-0.621334,-0.166603,0.934553,-0.764643,0.098607,0.522777,-0.619207,-0.16639,0.936455,-0.774721,0.092001,0.539216,-0.620327
93,-0.183995,0.943634,-0.762,0.089783,0.549992,-0.624913,-0.181455,0.949956,-0.770438,0.07982,0.538938,-0.63184,-0.178509,0.942971,-0.760641,0.08121,0.530715,-0.613532,-0.173409,0.937333,-0.759058,0.083194,0.536546,-0.61489
94,-0.197439,0.950019,-0.754949,0.07404,0.53214,-0.61888,-0.195496,0.948759,-0.754751,0.064008,0.553052,-0.608057,-0.199639,0.945696,-0.752207,0.07188,0.550035,-0.610213,-0.205538,0.94519,-0.748526,0.069076,0.550098,-0.627138
95,-0.213628,0.957142,-0.737359,0.049663,0.574152,-0.598016,-0.210468,0.953717,-0.740813,0.045201,0.555005,-0.588222,-0.21921,0.951827,-0.74637,0.051138,0.547547,-0.60577,-0.217007,0.957326,-0.737428,0.068624,0.552665,-0.605317
96,-0.236801,0.957043,-0.71924,0.047878,0.563656,-0.587029,-0.235164,0.956609,-0.720349,0.060187,0.576905,-0.610865,-0.231111,0.953517,-0.718493,0.039038,0.552176,-0.615328,-0.236063,0.960068,-0.732892,0.038815,0.559818,-0.614372
97,-0.263074,0.966573,-0.716664,0.019907,0.558245,-0.61394,-0.254757,0.957118,-0.704822,0.030964,0.574383,-0.621194,-0.252915,0.963398,-0.707065,0.039908,0.542159,-0.587915,-0.258318,0.959346,-0.714613,0.025717,0.575499,-0.591015
98,-0.269657,0.97621,-0.696096,0.038507,0.569598,-0.588249,-0.271767,0.967367,-0.70757,0.014498,0.56435,-0.594223,-0.273525,0.963661,-0.686461,0.012529,0.57776,-0.592824,-0.270488,0.974554,-0.703306,0.014971,0.56721,-0.582951
99,-0.293156,0.975117,-0.677038,0.001236,0.5634,-0.584557,-0.287619,0.968115,-0.687053,0.007384,0.566341,-0.574209,-0.294803,0.969384,-0.685831,-8.8e-05,0.578205,-0.593841,-0.299868,0.972123,-0.676693,-0.001089,0.579798,-0.57732
100,-0.297465,0.974943,-0.666789,-0.011432,0.576134,-0.566006,-0.298904,0.97481,-0.659875,-0.010156,0.578482,-0.580669,-0.310963,0.972833,-0.668057,0.005736,0.592248,-0.552127,-0.318341,0.969397,-0.672107,-0.015571,0.576981,-0.575924
101,-0.32556,0.983817,-0.655783,-0.016589,0.60636,-0.566571,-0.332004,0.978071,-0.661468,-0.031227,0.597242,-0.577975,-0.329107,0.984015,-0.65337,-0.036884,0.59578,-0.575145,-0.325558,0.987133,-0.655089,-0.0239,0.598666,-0.561764
102,-0.353461,0.979015,-0.641064,-0.018299,0.599187,-0.556034,-0.349328,0.990914,-0.632773,-0.016786,0.599166,-0.560868,-0.342022,0.99293,-0.635621,-0.045935,0.599503,-0.574823,-0.335603,0.985857,-0.641191,-0.037943,0.592505,-0.548485
103,-0.362605,0.988079,-0.613509,-0.02382,0.607613,-0.561613,-0.359474,0.989361,-0.627011,-0.043553,0.61892,-0.556575,-0.367309,0.986026,-0.624592,-0.037159,0.60775,-0.564028,-0.361002,0.980993,-0.62662,-0.049909,0.624793,-0.548094
104,-0.383581,0.995682,-0.608071,-0.067031,0.607014,-0.551307,-0.377402,0.993918,-0.612017,-0.068171,0.608105,-0.545258,-0.391358,0.993812,-0.613565,-0.076253,0.631096,-0.551577,-0.385551,0.99439,-0.617368,-0.066915,0.606641,-0.54614
105,-0.398738,0.988946,-0.58824,-0.071916,0.596291,-0.530762,-0.387287,0.993442,-0.598147,-0.068172,0.63198,-0.533813,-0.395509,0.985621,-0.610243,-0.092303,0.631616,-0.538211,-0.40943,0.997985,-0.596538,-0.070863,0.611359,-0.528341
106,-0.412736,0.993088,-0.580148,-0.077995,0.622491,-0.534032,-0.410667,0.999398,-0.579098,-0.081907,0.6019,-0.546326,-0.408798,0.997071,-0.579763,-0.089385,0.628332,-0.550108,-0.410615,1.003614,-0.572534,-0.095794,0.631263,-0.550474
107,-0.432937,0.998294,-0.577213,-0.129253,0.635032,-0.524424,-0.432578,0.993942,-0.568717,-0.079176,0.617367,-0.52569,-0.424744,0.992823,-0.569333,-0.111994,0.624112,-0.533549,-0.44004,0.99639,-0.565535,-0.110675,0.621534,-0.530272
108,-0.445227,0.997961,-0.549557,-0.112652,0.632093,-0.533205,-0.451416,0.996744,-0.551276,-0.124618,0.634617,-0.524529,-0.448193,0.998516,-0.560293,-0.107627,0.654644,-0.505225,-0.448558,1.004718,-0.547485,-0.117902,0.629717,-0.520689
109,-0.462951,0.997731,-0.540405,-0.120787,0.64089,-0.521778,-0.460809,1.007067,-0.540092,-0.133806,0.640381,-0.501538,-0.463894,0.999984,-0.534887,-0.130046,0.623035,-0.52097,-0.464209,1.001103,-0.530409,-0.115264,0.633793,-0.51296
110,-0.47998,0.99276,-0.517739,-0.128353,0.625065,-0.496123,-0.488142,1.008062,-0.521643,-0.11174,0.632384,-0.498605,-0.492184,1.005142,-0.521527,-0.134896,0.635825,-0.49212,-0.473924,0.99784,-0.520532,-0.14542,0.66183,-0.523733
111,-0.493052,0.995761,-0.511112,-0.148368,0.644819,-0.51475,-0.493729,0.996846,-0.496586,-0.141691,0.640434,-0.505416,-0.503981,1.006679,-0.50498,-0.158595,0.647965,-0.496474,-0.49317,1.002107,-0.50799,-0.146344,0.641825,-0.496277
112,-0.515501,1.006374,-0.48606,-0.170393,0.638817,-0.501206,-0.507835,0.998226,-0.486647,-0.16171,0.66141,-0.490506,-0.506257,0.997203,-0.488968,-0.160677,0.64912,-0.505611,-0.502246,1.002808,-0.484193,-0.155282,0.659101,-0.495903
113,-0.528986,0.999502,-0.480957,-0.161458,0.651313,-0.480088,-0.534515,0.998235,-0.475524,-0.177612,0.658817,-0.487129,-0.530184,1.0039,-0.469136,-0.168384,0.662573,-0.473896,-0.531272,0.994874,-0.475357,-0.177217,0.651,-0.489711
114,-0.540551,0.989278,-0.450614,-0.181019,0.643488,-0.454692,-0.544724,0.999354,-0.454591,-0.1803,0.673937,-0.466992,-0.537371,0.992788,-0.456114,-0.174437,0.655369,-0.475472,-0.546279,1.002034,-0.456077,-0.178035,0.661222,-0.46785
115,-0.564272,1.00015,-0.434201,-0.196854,0.652114,-0.464885,-0.565809,0.993428,-0.435659,-0.187048,0.650777,-0.464994,-0.567629,1.002861,-0.441284,-0.187338,0.654672,-0.462965,-0.556521,0.998967,-0.439069,-0.184823,0.662676,-0.472167
116,-0.576976,0.997062,-0.418812,-0.212552,0.647429,-0.459362,-0.582831,1.000414,-0.415799,-0.196756,0.659794,-0.443647,-0.590006,0.994691,-0.418086,-0.223278,0.662818,-0.464733,-0.575176,0.992582,-0.424951,-0.217066,0.650184,-0.44313
117,-0.591145,0.995683,-0.398046,-0.222888,0.672798,-0.431776,-0.596001,0.991496,-0.394697,-0.227824,0.643983,-0.430037,-0.592016,0.995033,-0.418384,-0.225666,0.66031,-0.451721,-0.596026,0.992476,-0.400499,-0.216876,0.657413,-0.437532
118,-0.603018,0.978034,-0.378914,-0.219509,0.662949,-0.439923,-0.608624,0.986645,-0.388315,-0.239366,0.669747,-0.426595,-0.614289,0.997279,-0.383884,-0.227422,0.664182,-0.422638,-0.598958,0.9946,-0.37744,-0.249649,0.664866,-0.4139
119,-0.617752,0.991836,-0.370172,-0.258425,0.667931,-0.43392,-0.625152,0.990561,-0.365489,-0.243101,0.668271,-0.422594,-0.628203,0.9824,-0.368204,-0.238817,0.675156,-0.428043,-0.619014,0.990531,-0.362869,-0.241613,0.668607,-0.441385
120,-0.638052,0.979407,-0.349248,-0.269309,0.677657,-0.420417,-0.627373,0.988351,-0.343254,-0.225999,0.66118,-0.412531,-0.638508,0.984524,-0.351192,-0.273839,0.664757,-0.443055,-0.639635,0.987451,-0.352161,-0.25421,0.666135,-0.402333
121,-0.656363,0.977791,-0.325847,-0.298948,0.67651,-0.402347,-0.655287,0.97305,-0.330717,-0.258602,0.662052,-0.41008,-0.655557,0.986352,-0.326149,-0.274448,0.679047,-0.396352,-0.646293,0.977171,-0.324837,-0.261152,0.656671,-0.39826
122,-0.672445,0.977629,-0.308466,-0.285908,0.668398,-0.393493,-0.660728,0.983929,-0.308461,-0.278775,0.680939,-0.385266,-0.666092,0.978322,-0.307591,-0.274132,0.680955,-0.382117,-0.664029,0.977554,-0.316338,-0.292665,0.652191,-0.408277
123,-0.685157,0.974124,-0.291763,-0.294063,0.654678,-0.381342,-0.682984,0.97792,-0.293761,-0.304345,0.675751,-0.387663,-0.671225,0.977815,-0.286593,-0.286685,0.667616,-0.390532,-0.68287,0.971742,-0.29874,-0.311799,0.66699,-0.409432
124,-0.697913,0.972462,-0.276009,-0.296534,0.658691,-0.381593,-0.692965,0.97662,-0.273951,-0.292878,0.657906,-0.380046,-0.697735,0.969126,-0.274001,-0.313979,0.670487,-0.380416,-0.694948,0.969114,-0.270475,-0.330424,0.678597,-0.369111
125,-0.704705,0.965693,-0.259812,-0.310639,0.673282,-0.361565,-0.713707,0.964374,-0.254166,-0.318619,0.686139,-0.373274,-0.704132,0.96066,-0.251299,-0.312365,0.683336,-0.367671,-0.705718,0.966741,-0.265039,-0.304009,0.672934,-0.358822
126,-0.713033,0.962201,-0.242575,-0.328403,0.675427,-0.339449,-0.720619,0.965199,-0.248711,-0.322277,0.670481,-0.348561,-0.719837,0.953733,-0.24264,-0.332264,0.688259,-0.347054,-0.723617,0.959156,-0.248901,-0.333972,0.667174,-0.348993
127,-0.731191,0.953181,-0.2248,-0.337126,0.681291,-0.359684,-0.73399,0.959289,-0.215564,-0.3328,0.691054,-0.338094,-0.731819,0.958817,-0.22834,-0.349385,0.658934,-0.344146,-0.734611,0.949497,-0.215753,-0.340071,0.679386,-0.343035
128,-0.742394,0.947744,-0.206184,-0.348086,0.668087,-0.320465,-0.736625,0.95298,-0.200581,-0.35847,0.679121,-0.309267,-0.75552,0.953398,-0.210639,-0.339393,0.668982,-0.309984,-0.733442,0.945325,-0.202934,-0.350346,0.66666,-0.311905
129,-0.754283,0.939257,-0.195835,-0.354095,0.672491,-0.330683,-0.758749,0.949124,-0.183399,-0.370325,0.667909,-0.318212,-0.758345,0.94411,-0.186005,-0.374274,0.675861,-0.328154,-0.756024,0.936202,-0.184204,-0.358181,0.671303,-0.310345
130,-0.776718,0.947501,-0.173606,-0.382891,0.672759,-0.290798,-0.769553,0.941731,-0.167925,-0.378236,0.678035,-0.29824,-0.773122,0.927121,-0.173325,-0.359967,0.681283,-0.297002,-0.769326,0.934327,-0.167089,-0.364756,0.682049,-0.301072
131,-0.780787,0.940796,-0.144022,-0.372317,0.682254,-0.296135,-0.787465,0.938518,-0.148247,-0.367415,0.683608,-0.297335,-0.775167,0.93445,-0.154421,-0.380385,0.685011,-0.291852,-0.785081,0.931185,-0.148526,-0.377312,0.66249,-0.29553
132,-0.798649,0.922754,-0.12837,-0.373361,0.67224,-0.292725,-0.796154,0.921695,-0.116528,-0.391759,0.674472,-0.26959,-0.786873,0.920607,-0.131486,-0.389135,0.665512,-0.261542,-0.791508,0.920115,-0.126367,-0.395996,0.684881,-0.274717
133,-0.807379,0.920437,-0.110418,-0.412335,0.66693,-0.278256,-0.804353,0.917045,-0.113237,-0.399068,0.666844,-0.254274,-0.804686,0.909226,-0.112658,-0.418869,0.683863,-0.274665,-0.810165,0.915064,-0.104853,-0.414853,0.673505,-0.268765
134,-0.817028,0.912362,-0.089495,-0.42977,0.659689,-0.261816,-0.822894,0.906671,-0.093238,-0.407481,0.670906,-0.269778,-0.809191,0.910097,-0.09104,-0.413742,0.666768,-0.256391,-0.807879,0.907286,-0.083781,-0.427709,0.666003,-0.256329
135,-0.829821,0.896055,-0.080775,-0.436031,0.679798,-0.26307,-0.814412,0.902555,-0.072405,-0.416827,0.680866,-0.247277,-0.831613,0.90664,-0.073589,-0.424634,0.676896,-0.235342,-0.821351,0.90105,-0.074115,-0.412544,0.683647,-0.253482
136,-0.835608,0.895803,-0.053076,-0.432958,0.685608,-0.222956,-0.846346,0.888379,-0.062455,-0.440779,0.649019,-0.235312,-0.838368,0.895549,-0.057991,-0.423316,0.670809,-0.22552,-0.833642,0.891721,-0.049155,-0.424003,0.658902,-0.246182
137,-0.848009,0.883675,-0.035674,-0.441709,0.666948,-0.218241,-0.844752,0.885519,-0.038487,-0.418432,0.664147,-0.229873,-0.851942,0.876732,-0.035067,-0.4458,0.673798,-0.226428,-0.849677,0.887081,-0.029071,-0.427891,0.672475,-0.237651
138,-0.858169,0.876056,-0.025354,-0.457335,0.655912,-0.209558,-0.860215,0.87011,-0.014418,-0.458618,0.66772,-0.205755,-0.849006,0.879084,-0.017076,-0.444883,0.651709,-0.211319,-0.852996,0.876657,-0.018216,-0.464299,0.64764,-0.200021
139,-0.875329,0.869062,0.009174,-0.460362,0.65225,-0.190146,-0.874688,0.86094,0.012923,-0.446421,0.639654,-0.205341,-0.870469,0.856028,-0.002429,-0.465457,0.651875,-0.203368,-0.870508,0.866862,-0.006193,-0.462032,0.647906,-0.199172
140,-0.875093,0.854708,0.015424,-0.476105,0.642439,-0.180989,-0.88486,0.849328,0.020719,-0.460225,0.657736,-0.182128,-0.881611,0.859601,0.02139,-0.479405,0.651417,-0.189393,-0.886846,0.851806,0.014952,-0.477661,0.640881,-0.177189
141,-0.884084,0.84622,0.038318,-0.481339,0.655363,-0.173376,-0.885684,0.85017,0.042866,-0.487786,0.672041,-0.164863,-0.88456,0.846578,0.045702,-0.469791,0.647075,-0.171439,-0.882066,0.847784,0.040872,-0.463401,0.645443,-0.185248
142,-0.891113,0.828614,0.053617,-0.485317,0.640084,-0.156459,-0.899199,0.835235,0.069518,-0.500417,0.639569,-0.160762,-0.896501,0.835008,0.058983,-0.49323,0.656842,-0.148064,-0.899323,0.840216,0.062998,-0.479068,0.638132,-0.155652
143,-0.901246,0.825899,0.081582,-0.499134,0.660496,-0.149571,-0.889736,0.826138,0.074097,-0.504695,0.636962,-0.151454,-0.901128,0.827929,0.087133,-0.476023,0.644482,-0.158446,-0.903249,0.828928,0.077796,-0.476576,0.653104,-0.150354
144,-0.912727,0.810952,0.095896,-0.507162,0.647673,-0.13149,-0.90688,0.808656,0.085276,-0.487281,0.642833,-0.146388,-0.914531,0.824068,0.090913,-0.501013,0.644792,-0.149595,-0.911535,0.820121,0.09691,-0.512258,0.664207,-0.149525
145,-0.925801,0.803017,0.109184,-0.514908,0.644358,-0.130009,-0.923059,0.797968,0.113061,-0.517708,0.619789,-0.13666,-0.923366,0.799544,0.120169,-0.51335,0.642518,-0.121716,-0.919276,0.797167,0.108937,-0.519898,0.630934,-0.118714
146,-0.924131,0.790896,0.144345,-0.518586,0.623364,-0.109872,-0.930358,0.789378,0.130011,-0.52122,0.618599,-0.115558,-0.926985,0.797231,0.131548,-0.522561,0.642943,-0.116787,-0.927733,0.789749,0.141661,-0.506986,0.650858,-0.117129
147,-0.930545,0.778281,0.149096,-0.505609,0.618991,-0.109569,-0.932776,0.76464,0.148175,-0.528486,0.628205,-0.095109,-0.927932,0.774158,0.146154,-0.532052,0.630977,-0.103654,-0.942415,0.780552,0.154359,-0.527944,0.613486,-0.089673
148,-0.935298,0.75799,0.168167,-0.544443,0.613802,-0.097063,-0.933618,0.765248,0.171305,-0.550778,0.624446,-0.078641,-0.941743,0.77142,0.169896,-0.536837,0.612545,-0.090378,-0.938805,0.765723,0.16954,-0.537762,0.613718,-0.08116
149,-0.951148,0.750975,0.18607,-0.53957,0.626298,-0.090618,-0.942503,0.758534,0.184144,-0.553768,0.618748,-0.086512,-0.945,0.760111,0.190835,-0.538291,0.615445,-0.076355,-0.944177,0.763676,0.186793,-0.547681,0.613099,-0.065699
150,-0.950812,0.739843,0.206312,-0.559499,0.621507,-0.066624,-0.948518,0.741973,0.209459,-0.558078,0.604387,-0.064367,-0.956568,0.740495,0.207175,-0.540558,0.612162,-0.050016,-0.954314,0.746133,0.204013,-0.547323,0.607007,-0.074247
151,-0.952216,0.721138,0.227224,-0.579566,0.609192,-0.054035,-0.952062,0.726227,0.235229,-0.548925,0.587641,-0.049889,-0.962854,0.733272,0.227847,-0.5537,0.613464,-0.043511,-0.962197,0.729233,0.230608,-0.578648,0.611158,-0.051684
152,-0.959582,0.722119,0.249475,-0.556843,0.573018,-0.024874,-0.966926,0.71906,0.243632,-0.559477,0.592588,-0.038892,-0.962659,0.709903,0.252635,-0.568144,0.604868,-0.02388,-0.958672,0.716292,0.233938,-0.579087,0.587411,-0.031368
153,-0.961716,0.705202,0.259858,-0.571667,0.596054,-0.020655,-0.968881,0.707068,0.266372,-0.569641,0.597598,-0.025107,-0.967672,0.70231,0.267503,-0.568496,0.598744,-0.024246,-0.968039,0.702088,0.260871,-0.572206,0.60371,-0.03203
154,-0.975322,0.692026,0.284317,-0.588012,0.592029,0.004168,-0.969918,0.686237,0.285252,-0.582949,0.577778,-0.013128,-0.969374,0.694745,0.281115,-0.556188,0.589928,-0.010019,-0.963067,0.686121,0.291454,-0.568353,0.591353,0.003967
155,-0.977318,0.69065,0.288473,-0.590949,0.583635,-0.000479,-0.968772,0.678166,0.304777,-0.586155,0.561461,-0.013606,-0.978372,0.680828,0.299636,-0.572704,0.580967,-0.016942,-0.969403,0.679047,0.297609,-0.58692,0.583265,-0.015751
156,-0.979381,0.662391,0.327705,-0.580798,0.577574,0.007287,-0.978522,0.658683,0.318061,-0.586766,0.578037,0.010632,-0.987918,0.662163,0.32108,-0.591536,0.58572,0.013826,-0.980776,0.656722,0.316277,-0.598433,0.572608,0.021049
157,-0.987432,0.642947,0.334586,-0.602619,0.560203,0.030543,-0.988645,0.653721,0.333192,-0.58553,0.556859,0.032958,-0.985646,0.646485,0.328339,-0.586706,0.575058,0.023314,-0.986498,0.652727,0.336592,-0.601705,0.562371,0.018057
158,-0.991404,0.635563,0.350782,-0.602804,0.572746,0.028079,-0.986011,0.628784,0.348612,-0.602749,0.54963,0.041502,-0.986299,0.635882,0.353346,-0.599145,0.565271,0.043907,-0.992534,0.635412,0.348339,-0.602579,0.555867,0.026698
159,-0.996847,0.614474,0.377555,-0.601645,0.552252,0.042347,-0.996461,0.615614,0.363634,-0.605629,0.552008,0.059425,-0.993743,0.630375,0.374062,-0.628124,0.576659,0.043561,-0.982642,0.608683,0.36682,-0.610941,0.562607,0.0609
160,-1.00068,0.603174,0.392533,-0.608483,0.551447,0.061054,-0.993964,0.601716,0.384222,-0.609407,0.561895,0.034851,-0.986402,0.598038,0.387685,-0.621413,0.550713,0.050627,-0.996391,0.602474,0.379526,-0.618187,0.551373,0.059574
161,-0.99384,0.583051,0.409469,-0.616721,0.523455,0.085615,-0.996402,0.585158,0.400987,-0.610246,0.541098,0.083823,-0.992986,0.590132,0.407964,-0.611016,0.549278,0.076581,-0.988209,0.593662,0.398133,-0.623113,0.539844,0.083503
162,-1.000667,0.575816,0.417765,-0.646847,0.532758,0.082065,-0.996143,0.579316,0.418872,-0.632849,0.534008,0.087017,-0.997171,0.576982,0.425726,-0.632979,0.544222,0.091492,-0.9975,0.575511,0.421911,-0.621636,0.551749,0.094307
163,-1.002496,0.554229,0.434929,-0.645588,0.527427,0.113305,-1.006523,0.55368,0.443049,-0.615896,0.537976,0.100676,-1.002913,0.567154,0.43925,-0.645805,0.503725,0.111208,-0.998369,0.553866,0.443462,-0.62526,0.513773,0.094535
164,-0.99555,0.552848,0.447424,-0.630324,0.507477,0.10962,-0.998215,0.537812,0.466802,-0.628651,0.514539,0.12114,-0.985161,0.538399,0.455423,-0.632282,0.518193,0.112218,-1.006195,0.537372,0.453935,-0.648362,0.526194,0.117671
165,-0.999024,0.529572,0.47161,-0.642231,0.510597,0.127314,-1.001996,0.532358,0.469428,-0.623041,0.510388,0.126068,-0.99933,0.528496,0.470841,-0.62635,0.524756,0.120294,-1.008536,0.52546,0.482356,-0.643878,0.509597,0.140307
166,-0.997385,0.51632,0.489446,-0.651685,0.487566,0.148188,-0.994462,0.516066,0.49138,-0.632758,0.515896,0.161646,-0.993216,0.508764,0.492118,-0.651964,0.491975,0.146407,-0.994289,0.51211,0.489844,-0.614278,0.504469,0.133777
167,-0.428212,0.215923,0.494986,-1.103109,1.097913,0.147288,-0.200014,0.106004,0.501777,-1.550808,1.519876,0.140347,-0.438054,0.210537,0.503926,-1.083288,1.087794,0.147973,-0.562703,0.281204,0.493401,-0.861367,0.842803,0.155547
168,-0.433505,0.211542,0.521568,-1.098937,1.088055,0.14275,-0.207534,0.093917,0.524155,-1.549525,1.550662,0.160348,-0.435573,0.212186,0.519917,-1.101098,1.085271,0.17672,-0.557186,0.272372,0.520242,-0.857374,0.845637,0.151238
169,-0.434535,0.207607,0.545329,-1.119585,1.097123,0.1851,-0.207254,0.093009,0.537159,-1.560668,1.55955,0.185658,-0.430045,0.201071,0.548228,-1.111575,1.096362,0.186582,-0.55942,0.254174,0.534266,-0.879962,0.847946,0.188016
170,-0.44214,0.197391,0.554651,-1.116472,1.107561,0.203922,-0.203723,0.09154,0.548691,-1.559976,1.560069,0.197524,-0.430559,0.187934,0.556395,-1.107187,1.095083,0.187857,-0.554903,0.24627,0.55094,-0.854001,0.875355,0.183697
171,-0.437555,0.197315,0.569589,-1.11338,1.123781,0.207416,-0.203168,0.096543,0.568649,-1.564918,1.554763,0.200376,-0.431868,0.180188,0.568365,-1.147288,1.124705,0.200983,-0.567601,0.248101,0.568111,-0.871906,0.872172,0.201418
172,-0.433822,0.172283,0.584779,-1.123836,1.129214,0.223207,-0.200079,0.08504,0.592793,-1.54724,1.577452,0.202367,-0.432528,0.175094,0.586161,-1.115606,1.120566,0.216637,-0.555127,0.232633,0.586671,-0.865973,0.865819,0.226611
173,-0.430942,0.17565,0.598421,-1.122416,1.123255,0.237519,-0.208719,0.07818,0.600709,-1.558072,1.560344,0.216566,-0.434228,0.174771,0.606686,-1.126145,1.11299,0.228717,-0.557166,0.214384,0.600049,-0.876153,0.879748,0.219174
174,-0.436412,0.158705,0.611316,-1.146938,1.13388,0.23224,-0.20624,0.067167,0.621619,-1.593679,1.576025,0.228937,-0.436149,0.168698,0.619233,-1.145413,1.131933,0.237011,-0.555841,0.206903,0.610739,-0.865513,0.870869,0.232082
175,-0.430828,0.149161,0.629409,-1.144078,1.133106,0.26084,-0.204328,0.069547,0.627061,-1.589725,1.588356,0.25437,-0.432914,0.144559,0.634853,-1.136576,1.132847,0.248561,-0.543611,0.208008,0.623078,-0.875339,0.885827,0.265487
176,-0.420763,0.14227,0.638745,-1.123956,1.126426,0.267034,-0.210748,0.075781,0.639095,-1.579852,1.603889,0.271002,-0.4321,0.147167,0.645332,-1.135402,1.133891,0.255284,-0.548198,0.18884,0.637345,-0.891588,0.896507,0.268507
177,-0.431261,0.14024,0.65337,-1.137817,1.14036,0.257547,-0.207284,0.069695,0.650017,-1.598656,1.574229,0.28878,-0.426065,0.136425,0.668911,-1.126657,1.132405,0.272852,-0.547313,0.188131,0.658289,-0.898376,0.886618,0.253024
178,-0.417349,0.122748,0.67194,-1.141416,1.133357,0.281939,-0.20459,0.059792,0.674396,-1.5773,1.592105,0.284774,-0.421402,0.140649,0.661748,-1.155341,1.140855,0.295587,-0.551014,0.172603,0.666138,-0.872684,0.87386,0.285103
179,-0.413885,0.121744,0.688365,-1.124353,1.125673,0.293331,-0.201337,0.06402,0.685209,-1.603704,1.587394,0.299645,-0.429521,0.126755,0.691542,-1.150956,1.12999,0.309468,-0.54787,0.156234,0.694492,-0.881711,0.899522,0.274718
180,-0.42562,0.122195,0.699326,-1.141848,1.141079,0.31263,-0.201525,0.05102,0.696887,-1.600437,1.593886,0.300298,-0.428678,0.117302,0.698627,-1.130354,1.134386,0.308064,-0.542564,0.155012,0.702116,-0.880061,0.887773,0.290154
181,-0.41772,0.110042,0.714293,-1.157765,1.157037,0.315907,-0.200248,0.05111,0.720129,-1.603135,1.604801,0.31605,-0.420108,0.106539,0.707306,-1.136242,1.153163,0.32069,-0.540016,0.140676,0.713416,-0.899555,0.870713,0.330525
182,-0.417311,0.102929,0.717245,-1.164346,1.144981,0.332152,-0.195391,0.043308,0.720736,-1.611131,1.590035,0.331365,-0.406883,0.106586,0.722149,-1.134685,1.13542,0.332286,-0.537685,0.133349,0.722531,-0.891468,0.889772,0.34235
183,-0.416788,0.095851,0.743949,-1.160572,1.143821,0.338625,-0.194488,0.049095,0.735434,-1.612998,1.607955,0.341409,-0.414497,0.085276,0.738709,-1.13442,1.140026,0.351961,-0.544029,0.122372,0.740846,-0.8816,0.878754,0.351853
184,-0.415854,0.090565,0.748521,-1.148843,1.147784,0.358083,-0.190312,0.042821,0.749608,-1.610007,1.602633,0.358245,-0.408228,0.081379,0.748677,-1.13205,1.142435,0.364699,-0.534449,0.103103,0.752521,-0.894049,0.890886,0.359612
185,-0.409232,0.07288,0.768255,-1.157709,1.137993,0.356453,-0.198902,0.031579,0.766233,-1.596782,1.609535,0.357532,-0.409191,0.08088,0.768558,-1.137722,1.164406,0.35834,-0.528465,0.092094,0.764624,-0.89569,0.901852,0.364639
186,-0.409503,0.05921,0.775591,-1.1402,1.158864,0.386199,-0.195589,0.03725,0.777087,-1.596975,1.585368,0.374453,-0.409021,0.073019,0.772371,-1.135902,1.137418,0.38277,-0.527653,0.093957,0.778629,-0.884002,0.890503,0.379186
187,-0.401735,0.056715,0.795233,-1.132043,1.149601,0.374855,-0.204961,0.027484,0.78697,-1.593387,1.602026,0.38392,-0.401631,0.06072,0.789144,-1.145466,1.128999,0.375885,-0.520695,0.085309,0.787121,-0.871082,0.887075,0.387632
188,-0.395552,0.058781,0.799537,-1.133677,1.142356,0.395652,-0.198479,0.020678,0.80267,-1.613257,1.588317,0.400418,-0.403019,0.052033,0.795255,-1.134745,1.125169,0.38203,-0.51122,0.062078,0.801818,-0.869648,0.87567,0.404981
189,-0.394765,0.046969,0.811525,-1.137342,1.146634,0.414663,-0.184689,0.024972,0.80886,-1.581966,1.591732,0.417939,-0.398772,0.044785,0.810526,-1.143407,1.135519,0.399063,-0.515087,0.050153,0.812669,-0.868513,0.90325,0.416733
190,-0.395414,0.034942,0.819479,-1.134582,1.118312,0.413087,-0.183768,0.01537,0.828664,-1.588746,1.576727,0.39574,-0.386786,0.046188,0.822513,-1.129162,1.136522,0.412066,-0.514387,0.045517,0.817781,-0.879105,0.886053,0.418442
191,-0.388438,0.035524,0.825972,-1.129966,1.121213,0.427338,-0.183641,0.012819,0.8291,-1.587836,1.589534,0.431977,-0.387101,0.026075,0.833432,-1.136361,1.12516,0.406001,-0.497571,0.031905,0.832664,-0.882561,0.86573,0.423579
192,-0.388498,0.024567,0.840595,-1.119901,1.119994,0.438932,-0.186896,0.002481,0.842109,-1.585113,1.57116,0.424518,-0.392073,0.021922,0.842778,-1.136168,1.141334,0.443317,-0.499229,0.029089,0.838727,-0.880652,0.87966,0.432313
193,-0.381599,0.016989,0.850543,-1.138305,1.120523,0.448206,-0.176001,0.003804,0.852649,-1.59426,1.574057,0.45199,-0.387789,0.014131,0.84686,-1.132631,1.128939,0.448934,-0.496666,0.017316,0.854763,-0.891691,0.867521,0.4471
194,-0.379452,0.005489,0.863511,-1.12394,1.128724,0.446981,-0.18362,0.006306,0.861665,-1.5497,1.568511,0.467369,-0.369962,0.004828,0.864223,-1.113894,1.125349,0.453004,-0.48978,0.002086,0.854904,-0.874182,0.864195,0.451995
195,-0.374784,-0.005796,0.868726,-1.11845,1.101816,0.467993,-0.177265,-0.004934,0.866669,-1.559095,1.541384,0.46445,-0.373997,-0.001279,0.872118,-1.101506,1.106736,0.453151,-0.478854,-0.001823,0.85804,-0.849538,0.87264,0.482227
196,-0.358233,-0.010915,0.881355,-1.110903,1.105013,0.470346,-0.181397,-0.006923,0.878329,-1.556485,1.550528,0.481634,-0.368098,-0.023277,0.878031,-1.110467,1.113672,0.484989,-0.475239,-0.012834,0.880517,-0.876833,0.870188,0.468252
197,-0.364233,-0.021853,0.890815,-1.107897,1.116814,0.488614,-0.171124,-0.011994,0.886043,-1.549459,1.56166,0.483119,-0.365512,-0.023213,0.890203,-1.098923,1.091679,0.479323,-0.47062,-0.025875,0.89499,-0.857032,0.86358,0.47191
198,-0.361054,-0.025442,0.890743,-1.076599,1.081576,0.486108,-0.170888,-0.00562,0.893438,-1.540983,1.52851,0.503342,-0.359156,-0.026542,0.890272,-1.096197,1.109308,0.499108,-0.470698,-0.034432,0.89533,-0.846071,0.851227,0.494895
199,-0.35152,-0.026418,0.907554,-1.091498,1.093029,0.504381,-0.162193,-0.016184,0.900146,-1.548253,1.530466,0.484401,-0.356294,-0.050519,0.902749,-1.070102,1.100805,0.509644,-0.449807,-0.052236,0.895644,-0.843287,0.838082,0.490542
200,-0.352392,-0.042917,0.91485,-1.100573,1.080097,0.503161,-0.169906,-0.026864,0.914299,-1.522046,1.519118,0.512198,-0.351426,-0.050268,0.910048,-1.084597,1.088653,0.525141,-0.456177,-0.06344,0.909,-0.84155,0.839612,0.521771
201,-0.345701,-0.051987,0.926005,-1.083056,1.080263,0.511896,-0.168217,-0.035852,0.915812,-1.511668,1.504155,0.4912,-0.341528,-0.053969,0.929046,-1.089642,1.077617,0.523255,-0.454377,-0.069574,0.920691,-0.836935,0.842847,0.527402
202,-0.33418,-0.059103,0.927649,-1.075362,1.069751,0.538489,-0.163722,-0.034293,0.931683,-1.507638,1.502627,0.516121,-0.339713,-0.072533,0.936102,-1.072893,1.070735,0.519802,-0.429142,-0.080059,0.918784,-0.837546,0.826691,0.533226
203,-0.341055,-0.072303,0.938693,-1.064047,1.070542,0.54057,-0.161671,-0.038038,0.93376,-1.492494,1.490429,0.539182,-0.337866,-0.07633,0.930205,-1.064084,1.066325,0.529897,-0.435188,-0.094892,0.936769,-0.81984,0.825773,0.535236
204,-0.329529,-0.074719,0.944542,-1.038769,1.052077,0.546358,-0.161255,-0.026498,0.941398,-1.468041,1.451148,0.557149,-0.335146,-0.075126,0.942696,-1.047509,1.062662,0.533115,-0.424063,-0.101268,0.942698,-0.821769,0.816333,0.542687
205,-0.321282,-0.096713,0.946175,-1.034932,1.031809,0.532611,-0.154647,-0.042539,0.954303,-1.461967,1.459226,0.546121,-0.31713,-0.078758,0.943479,-1.038471,1.037773,0.548647,-0.42527,-0.116083,0.95706,-0.80337,0.808679,0.531965
206,-0.326043,-0.101577,0.946507,-1.040504,1.045671,0.569759,-0.157202,-0.040834,0.946032,-1.490861,1.421992,0.544772,-0.327003,-0.093805,0.957192,-1.025911,1.042211,0.556473,-0.412762,-0.129552,0.946389,-0.800851,0.787919,0.52984
207,-0.320426,-0.096339,0.951172,-1.02492,1.032341,0.589972,-0.153281,-0.042631,0.955671,-1.441623,1.440067,0.567118,-0.309809,-0.104944,0.95736,-1.028084,1.024983,0.562273,-0.398207,-0.133696,0.961109,-0.788078,0.803267,0.56643
208,-0.302785,-0.100158,0.965383,-1.009571,1.027106,0.56843,-0.147481,-0.047208,0.965972,-1.418165,1.4083,0.557893,-0.307595,-0.105776,0.962897,-0.995685,0.996458,0.560276,-0.398789,-0.14203,0.970318,-0.771152,0.791138,0.580519
209,-0.293689,-0.121825,0.970811,-1.006027,1.010262,0.576409,-0.14722,-0.062592,0.961084,-1.403159,1.427287,0.560395,-0.298108,-0.119512,0.973784,-0.992597,1.010448,0.590535,-0.395237,-0.152706,0.978627,-0.797382,0.777428,0.570204
210,-0.294282,-0.126176,0.975855,-0.975513,0.99072,0.575009,-0.142867,-0.062327,0.973862,-1.382412,1.388576,0.594392,-0.301308,-0.122582,0.969375,-0.978687,1.017556,0.579216,-0.382095,-0.169611,0.971606,-0.790032,0.772843,0.576596
211,-0.288999,-0.145462,0.983468,-0.987165,0.990699,0.60437,-0.136174,-0.058616,0.976699,-1.366786,1.394153,0.580798,-0.28978,-0.129338,0.980051,-0.976244,0.994616,0.606947,-0.372737,-0.167002,0.981544,-0.750937,0.734522,0.589319
212,-0.280416,-0.131171,0.98417,-0.990197,0.971102,0.578763,-0.136258,-0.064108,0.983758,-1.363124,1.356234,0.587641,-0.274839,-0.135177,0.985082,-0.972877,0.971551,0.591253,-0.367843,-0.183505,0.985578,-0.751087,0.757843,0.597515
213,-0.280006,-0.151231,0.980184,-0.963485,0.960864,0.599752,-0.132552,-0.073125,0.985569,-1.352094,1.346722,0.586471,-0.28202,-0.154903,0.979722,-0.960595,0.949115,0.608022,-0.359663,-0.198055,0.986143,-0.756356,0.74491,0.582551
214,-0.267128,-0.159356,0.992173,-0.960236,0.946044,0.617678,-0.133645,-0.071159,0.983682,-1.334941,1.3389,0.621264,-0.27021,-0.158672,0.992614,-0.964183,0.948789,0.60987,-0.344441,-0.208933,0.988283,-0.747878,0.723384,0.584706
215,-0.253177,-0.161895,0.98734,-0.948438,0.948703,0.592034,-0.124205,-0.08967,0.987248,-1.309085,1.313844,0.620203,-0.267087,-0.163658,0.99669,-0.945125,0.937628,0.593525,-0.348982,-0.207518,0.983459,-0.722613,0.73987,0.611956
216,-0.257382,-0.173745,0.980567,-0.922494,0.930879,0.616833,-0.122103,-0.086747,0.995416,-1.305981,1.288888,0.609652,-0.255139,-0.180408,0.998749,-0.89494,0.907671,0.62325,-0.333822,-0.220982,0.994507,-0.715334,0.721984,0.614092
217,-0.250925,-0.184535,0.988083,-0.895196,0.923303,0.627886,-0.116819,-0.081616,0.986804,-1.285264,1.297317,0.629449,-0.24972,-0.177893,1.002105,-0.915846,0.89489,0.632712,-0.331729,-0.237318,1.001183,-0.726383,0.710325,0.624327
218,-0.244552,-0.185196,0.98805,-0.899659,0.901301,0.62504,-0.116858,-0.096149,1.005577,-1.249615,1.275772,0.63611,-0.247194,-0.174456,0.996532,-0.908373,0.916775,0.607648,-0.319755,-0.240547,0.996374,-0.684186,0.68565,0.639482
219,-0.236337,-0.201426,1.00051,-0.885816,0.883792,0.626768,-0.120047,-0.095935,0.995427,-1.235653,1.228543,0.630427,-0.239841,-0.190909,0.995334,-0.907928,0.896588,0.624843,-0.307913,-0.252555,0.987829,-0.705758,0.66897,0.628015
220,-0.23354,-0.201593,0.99966,-0.868834,0.884918,0.635656,-0.108463,-0.091167,0.994529,-1.215426,1.210708,0.642926,-0.235913,-0.205564,0.999521,-0.873006,0.880424,0.627323,-0.302047,-0.255413,0.999902,-0.674711,0.682181,0.633646
221,-0.226482,-0.209353,0.999509,-0.870914,0.851141,0.658167,-0.101189,-0.097136,1.002812,-1.208412,1.215963,0.643474,-0.221821,-0.200446,0.993152,-0.860684,0.861775,0.647755,-0.290482,-0.269504,0.99925,-0.671523,0.652985,0.644566
222,-0.214585,-0.216809,0.997285,-0.862036,0.846513,0.639843,-0.103662,-0.098238,1.00323,-1.202206,1.188249,0.641771,-0.220599,-0.218714,0.993004,-0.861371,0.848001,0.639531,-0.282442,-0.279233,1.004498,-0.654674,0.674512,0.642589
223,-0.212979,-0.218698,0.997283,-0.836366,0.830393,0.63414,-0.104205,-0.108855,0.99949,-1.178095,1.154461,0.651154,-0.209591,-0.217039,1.01074,-0.836597,0.834182,0.654754,-0.276289,-0.294332,0.999778,-0.635429,0.631506,0.64218
224,-0.205463,-0.225121,0.993525,-0.805171,0.81501,0.660889,-0.093919,-0.107394,1.004819,-1.138604,1.161163,0.657073,-0.197911,-0.227632,0.992332,-0.808414,0.828863,0.665275,-0.2628,-0.295653,0.998194,-0.642379,0.633174,0.65432
225,-0.199755,-0.240145,1.001044,-0.785195,0.787804,0.678175,-0.083621,-0.108403,1.001577,-1.145586,1.134475,0.655024,-0.191984,-0.239961,0.997912,-0.809908,0.805444,0.664842,-0.259598,-0.3098,0.999225,-0.625524,0.627218,0.662903
226,-0.178808,-0.242909,0.999679,-0.77802,0.774437,0.641873,-0.097072,-0.112745,0.988491,-1.085405,1.082325,0.650457,-0.195093,-0.22971,0.997763,-0.785171,0.785951,0.653494,-0.238961,-0.317385,1.004959,-0.607858,0.591142,0.668743
227,-0.182709,-0.251075,0.997533,-0.77534,0.778376,0.681138,-0.093413,-0.124003,1.001595,-1.038919,1.058966,0.66271,-0.180663,-0.25331,0.989236,-0.767308,0.758805,0.671869,-0.234371,-0.327335,1.003727,-0.605815,0.603343,0.664771
228,-0.176723,-0.259883,0.992409,-0.741552,0.747822,0.660641,-0.085569,-0.11989,0.995516,-1.043491,1.062831,0.658456,-0.17343,-0.270708,0.991501,-0.755439,0.758638,0.677902,-0.228093,-0.340086,0.99453,-0.562724,0.573377,0.665117
229,-0.176855,-0.260091,0.992049,-0.732659,0.7323,0.660472,-0.080721,-0.132622,0.995267,-1.01701,1.008148,0.658659,-0.155966,-0.26486,0.993003,-0.72203,0.737433,0.655749,-0.221812,-0.335014,1.000734,-0.589954,0.57708,0.668275
230,-0.156473,-0.273856,0.985518,-0.725238,0.711368,0.653541,-0.068215,-0.127326,0.989661,-0.997333,1.005637,0.659041,-0.168488,-0.266916,0.986335,-0.716457,0.709529,0.650104,-0.210808,-0.353351,0.98791,-0.550895,0.552506,0.658761
231,-0.148538,-0.272812,0.979962,-0.692599,0.698093,0.670635,-0.070492,-0.129016,0.980638,-0.984579,0.979471,0.658677,-0.155077,-0.277054,0.98922,-0.686504,0.707977,0.668015,-0.201249,-0.351881,0.982607,-0.555231,0.55086,0.686515
232,-0.137135,-0.286508,0.985804,-0.700954,0.689491,0.66707,-0.074931,-0.121557,0.983843,-0.960693,0.95919,0.67528,-0.140779,-0.278841,0.985796,-0.670399,0.667538,0.667432,-0.18978,-0.362227,0.982856,-0.533836,0.540571,0.669611
233,-0.137283,-0.298412,0.974599,-0.686961,0.66883,0.677708,-0.067356,-0.134333,0.986485,-0.923014,0.937966,0.678343,-0.141651,-0.288088,0.988579,-0.658364,0.662008,0.685242,-0.169457,-0.374333,0.985194,-0.513324,0.527549,0.663717
234,-0.121151,-0.302508,0.972976,-0.623588,0.646602,0.666162,-0.050285,-0.1395,0.980028,-0.886763,0.903056,0.674953,-0.132506,-0.282735,0.977456,-0.649289,0.663355,0.676456,-0.175556,-0.383452,0.977188,-0.490599,0.506964,0.664051
235,-0.118475,-0.297618,0.964689,-0.639743,0.631248,0.661148,-0.059773,-0.134049,0.965838,-0.869174,0.901545,0.66565,-0.118647,-0.302674,0.961368,-0.624256,0.638397,0.676225,-0.15435,-0.390074,0.970517,-0.480903,0.482079,0.680373
236,-0.10949,-0.306546,0.96433,-0.607097,0.614889,0.694952,-0.051422,-0.156457,0.966258,-0.855903,0.866728,0.647593,-0.107469,-0.295246,0.966999,-0.622261,0.592941,0.677287,-0.155086,-0.401879,0.967657,-0.490119,0.48068,0.661413
237,-0.107975,-0.308899,0.967838,-0.599222,0.590603,0.679192,-0.047636,-0.151233,0.955779,-0.842663,0.827905,0.671304,-0.103153,-0.306415,0.959023,-0.596424,0.57395,0.690371,-0.132364,-0.400108,0.950154,-0.483114,0.461759,0.672743
238,-0.095694,-0.315991,0.959192,-0.547477,0.579799,0.66056,-0.040335,-0.145626,0.957625,-0.805241,0.800486,0.670117,-0.088085,-0.324723,0.953988,-0.570755,0.554365,0.662179,-0.128214,-0.408836,0.952274,-0.458466,0.449098,0.666378
239,-0.088266,-0.325845,0.951046,-0.557006,0.551846,0.665509,-0.042881,-0.146331,0.95464,-0.781967,0.769909,0.67832,-0.084804,-0.320422,0.950783,-0.550729,0.562568,0.662649,-0.120595,-0.411341,0.958718,-0.44836,0.425721,0.686286
240,-0.084214,-0.324969,0.942904,-0.540339,0.534064,0.682941,-0.034422,-0.152209,0.939906,-0.752212,0.760343,0.665818,-0.076065,-0.335977,0.947707,-0.548214,0.53782,0.68616,-0.103991,-0.427344,0.948951,-0.408967,0.413071,0.674142
241,-0.07031,-0.337272,0.935642,-0.531542,0.523123,0.677025,-0.044999,-0.15454,0.929813,-0.708916,0.737835,0.674999,-0.070174,-0.338309,0.930467,-0.490993,0.502831,0.674213,-0.098675,-0.429962,0.931975,-0.403856,0.422056,0.67575
242,-0.068126,-0.343083,0.931524,-0.480424,0.489241,0.681372,-0.026336,-0.16036,0.927893,-0.68708,0.714532,0.689416,-0.055696,-0.347999,0.930533,-0.50264,0.518662,0.672659,-0.084334,-0.439616,0.924455,-0.380254,0.396737,0.68633
243,-0.052356,-0.33934,0.923581,-0.475736,0.499191,0.67455,-0.019268,-0.154098,0.923218,-0.673385,0.675375,0.652662,-0.056716,-0.349806,0.923848,-0.482738,0.480598,0.661819,-0.070164,-0.436834,0.927306,-0.370931,0.360553,0.677569
244,-0.052275,-0.3529,0.907758,-0.461945,0.466564,0.668808,-0.016235,-0.168126,0.91058,-0.643217,0.650074,0.679527,-0.051915,-0.349078,0.904738,-0.469489,0.467758,0.659959,-0.058611,-0.448649,0.911166,-0.33261,0.365815,0.690982
245,-0.03924,-0.357306,0.908653,-0.454997,0.438075,0.665651,-0.024886,-0.16636,0.906055,-0.613259,0.607021,0.666599,-0.042487,-0.345614,0.897071,-0.440693,0.443676,0.669095,-0.050452,-0.451978,0.913114,-0.345794,0.342859,0.663817
246,-0.030161,-0.363434,0.904945,-0.398845,0.42711,0.672468,-0.023115,-0.179918,0.898135,-0.587473,0.581448,0.671687,-0.032109,-0.357969,0.902675,-0.413599,0.421342,0.659191,-0.036991,-0.467251,0.896688,-0.320423,0.321429,0.681279
247,-0.021176,-0.363048,0.887933,-0.411097,0.408102,0.658788,-0.012738,-0.173844,0.899679,-0.560773,0.562533,0.671081,-0.024918,-0.353183,0.884723,-0.391188,0.408285,0.681971,-0.036531,-0.46596,0.887332,-0.308161,0.316893,0.659922
248,-0.009028,-0.371632,0.882778,-0.370612,0.388448,0.665577,-0.006221,-0.168644,0.887288,-0.526467,0.53215,0.658389,-0.011791,-0.360269,0.881519,-0.383327,0.3738,0.657469,-0.01775,-0.474439,0.880736,-0.289776,0.277349,0.672296
249,-0.012015,-0.379704,0.87995,-0.349288,0.35253,0.669123,0.002659,-0.172474,0.872399,-0.513169,0.511706,0.647298,-0.000538,-0.372328,0.877597,-0.357523,0.370593,0.65608,-0.021611,-0.471246,0.878705,-0.284549,0.26981,0.66323
250,0.002382,-0.384655,0.85692,-0.338876,0.339605,0.6624,0.001216,-0.17901,0.881594,-0.466175,0.479485,0.655058,0.002554,-0.364101,0.868792,-0.342849,0.34763,0.667446,0.003481,-0.482432,0.868201,-0.276721,0.256396,0.653053
251,0.012314,-0.371853,0.853373,-0.311253,0.311596,0.65116,0.000805,-0.179119,0.854627,-0.430676,0.455697,0.651499,0.015249,-0.372706,0.864864,-0.311985,0.32462,0.652475,0.007348,-0.49363,0.846555,-0.257539,0.236003,0.652496
252,0.020578,-0.384797,0.843564,-0.290553,0.305675,0.656134,0.007738,-0.18161,0.845866,-0.432545,0.417455,0.647336,0.009772,-0.386043,0.85044,-0.288963,0.288053,0.672479,0.016113,-0.495248,0.841377,-0.224635,0.241415,0.655127
253,0.025543,-0.386341,0.835348,-0.287734,0.28355,0.653373,0.006593,-0.184361,0.830802,-0.370418,0.386536,0.659748,0.02853,-0.382064,0.835668,-0.281524,0.281728,0.657468,0.019585,-0.504694,0.837639,-0.215388,0.209614,0.63989
254,0.03512,-0.386147,0.828336,-0.267087,0.239115,0.642072,0.019728,-0.183363,0.836134,-0.358471,0.367465,0.632738,0.023969,-0.398092,0.830482,-0.270182,0.250989,0.654561,0.04675,-0.500569,0.822168,-0.226329,0.209507,0.647332
255,0.040589,-0.399298,0.817909,-0.238109,0.234528,0.661039,0.020614,-0.191025,0.810983,-0.320601,0.332678,0.640168,0.038932,-0.399655,0.817935,-0.238712,0.231961,0.663571,0.049729,-0.508095,0.809404,-0.165292,0.182778,0.616441
256,0.045228,-0.390784,0.809747,-0.211114,0.196726,0.648186,0.032294,-0.191663,0.799775,-0.281013,0.285499,0.653533,0.054025,-0.403642,0.799502,-0.200825,0.191522,0.613208,0.06478,-0.514204,0.801877,-0.167288,0.154769,0.648077
257,0.061684,-0.39355,0.785566,-0.200719,0.188665,0.657428,0.016479,-0.188805,0.792957,-0.257121,0.268746,0.64207,0.071825,-0.405194,0.794145,-0.210996,0.187797,0.63877,0.071276,-0.51638,0.790765,-0.147222,0.13929,0.632547
258,0.072714,-0.402298,0.771383,-0.160671,0.166009,0.633796,0.034595,-0.199,0.785606,-0.238635,0.247314,0.62076,0.071399,-0.406973,0.792101,-0.179832,0.158722,0.607365,0.084502,-0.522893,0.777731,-0.153928,0.117464,0.633868
259,0.07309,-0.421398,0.772054,-0.155629,0.144735,0.610105,0.024774,-0.193257,0.77183,-0.188983,0.218901,0.60695,0.074185,-0.412918,0.764224,-0.141791,0.1401,0.60989,0.092292,-0.518458,0.767201,-0.12091,0.093967,0.64151
260,0.089426,-0.403796,0.756789,-0.128902,0.1359,0.616402,0.043673,-0.197864,0.759727,-0.188339,0.16647,0.625528,0.072433,-0.409718,0.754469,-0.127659,0.124636,0.607752,0.1014,-0.531762,0.756876,-0.087261,0.095104,0.629459
261,0.097072,-0.403245,0.744102,-0.100999,0.108746,0.612593,0.036635,-0.198097,0.7505,-0.150237,0.143774,0.605154,0.092222,-0.422232,0.743595,-0.10376,0.110246,0.604748,0.115573,-0.528275,0.744728,-0.083246,0.066234,0.597585
262,0.107984,-0.422497,0.730327,-0.07007,0.091265,0.613524,0.042155,-0.206592,0.72756,-0.114285,0.117008,0.614074,0.097009,-0.413526,0.729413,-0.081475,0.071011,0.594825,0.124362,-0.53121,0.737169,-0.053316,0.06149,0.59437
263,0.107505,-0.419217,0.724467,-0.054128,0.052276,0.601278,0.045631,-0.193653,0.725154,-0.097626,0.080946,0.603397,0.10508,-0.412279,0.713117,-0.063992,0.062161,0.601296,0.142695,-0.54958,0.722639,-0.051864,0.053136,0.612682
264,0.106197,-0.416036,0.702314,-0.037671,0.047291,0.605658,0.053234,-0.19901,0.702231,-0.068891,0.065847,0.592476,0.11157,-0.423384,0.709934,-0.036094,0.043316,0.597538,0.148022,-0.540026,0.707742,-0.037901,0.035298,0.59031
265,0.119914,-0.42404,0.691069,-0.014322,0.019998,0.602247,0.057574,-0.197505,0.699633,-0.032352,0.032312,0.591922,0.117593,-0.420025,0.690225,-0.004365,0.028343,0.595735,0.155922,-0.542507,0.695618,-0.012017,0.012884,0.603494
266,0.123877,-0.42286,0.674297,0.005397,0.011483,0.593623,0.058446,-0.189785,0.686401,0.005584,0.010205,0.576893,0.131533,-0.42603,0.677351,-0.005293,0.003073,0.58654,0.174155,-0.552587,0.671088,0.003151,0.01045,0.572915
267,0.143971,-0.427514,0.671073,-0.004671,-0.03796,0.578074,0.065398,-0.204333,0.66184,0.031171,-0.01881,0.569381,0.139185,-0.423227,0.666123,0.034395,-0.014073,0.583677,0.16914,-0.55411,0.665361,0.017441,-0.015845,0.576928
268,0.149231,-0.423328,0.650858,0.043348,-0.048067,0.583019,0.066281,-0.202181,0.657227,0.061027,-0.070539,0.571225,0.153209,-0.423839,0.644078,0.04362,-0.053172,0.576706,0.178878,-0.550263,0.655019,0.026605,-0.038003,0.569343
269,0.149376,-0.425882,0.650255,0.083989,-0.068342,0.555393,0.067326,-0.205512,0.631771,0.103998,-0.101684,0.550067,0.150682,-0.436017,0.638793,0.045368,-0.074215,0.572996,0.198936,-0.554433,0.64231,0.048546,-0.057031,0.567241
270,0.160335,-0.434639,0.617864,0.078987,-0.072434,0.554824,0.071614,-0.203921,0.623553,0.127747,-0.13527,0.549835,0.156704,-0.428555,0.618159,0.093318,-0.092534,0.55628,0.207984,-0.554227,0.622569,0.055009,-0.069871,0.567913
271,0.171802,-0.430509,0.604446,0.103711,-0.102249,0.537363,0.08568,-0.207253,0.606739,0.14691,-0.158391,0.542601,0.16634,-0.435529,0.602601,0.097314,-0.10227,0.55936,0.207929,-0.552923,0.602955,0.095767,-0.097544,0.54973
272,0.165407,-0.432096,0.600772,0.139233,-0.141991,0.550405,0.082014,-0.205788,0.590084,0.189694,-0.18249,0.536983,0.17634,-0.445128,0.59865,0.117705,-0.115231,0.540236,0.228641,-0.553077,0.588376,0.114498,-0.112817,0.561488
273,0.183992,-0.429752,0.581005,0.136045,-0.157373,0.544155,0.084526,-0.202525,0.575679,0.203794,-0.197438,0.524647,0.177715,-0.42971,0.567858,0.153878,-0.16245,0.542648,0.243434,-0.54642,0.573955,0.120295,-0.11968,0.537857
274,0.195039,-0.429438,0.554043,0.169674,-0.160736,0.52743,0.088255,-0.207519,0.56067,0.258575,-0.225575,0.51618,0.186395,-0.428665,0.556462,0.166201,-0.178809,0.547668,0.248094,-0.560127,0.557455,0.12548,-0.146199,0.530274
275,0.197597,-0.433755,0.540873,0.20583,-0.201747,0.503085,0.096843,-0.206159,0.549924,0.264524,-0.278794,0.518686,0.19325,-0.441473,0.546253,0.192507,-0.191466,0.515681,0.247422,-0.554983,0.546516,0.15733,-0.154047,0.506929
276,0.20755,-0.429845,0.538447,0.22085,-0.219544,0.496385,0.092338,-0.211301,0.530979,0.301279,-0.317888,0.500699,0.213381,-0.436353,0.530185,0.213376,-0.232544,0.509069,0.259454,-0.559726,0.535365,0.168015,-0.148202,0.519138
277,0.210378,-0.437588,0.508847,0.244534,-0.242893,0.509424,0.112569,-0.210262,0.518473,0.341277,-0.329678,0.510979,0.203421,-0.432182,0.517657,0.2392,-0.248205,0.479287,0.265295,-0.564153,0.515604,0.18313,-0.172244,0.484444
278,0.215221,-0.438785,0.494426,0.277681,-0.271417,0.500336,0.102272,-0.214606,0.493005,0.366877,-0.363228,0.500099,0.21471,-0.441243,0.502595,0.262665,-0.252743,0.493579,0.288848,-0.552672,0.488025,0.190333,-0.199484,0.479945
279,0.226553,-0.434983,0.480004,0.276051,-0.274372,0.500528,0.109628,-0.201307,0.482927,0.353701,-0.377384,0.478883,0.221623,-0.43667,0.477805,0.267831,-0.273295,0.462035,0.293705,-0.572906,0.490235,0.21265,-0.212424,0.477958
280,0.230897,-0.432552,0.464379,0.297103,-0.307279,0.460354,0.108569,-0.207147,0.468126,0.440538,-0.425556,0.461591,0.237269,-0.422909,0.461199,0.28285,-0.314253,0.456357,0.293396,-0.565352,0.467369,0.222754,-0.246183,0.482058
281,0.236695,-0.43525,0.444721,0.321901,-0.319024,0.467982,0.111211,-0.204109,0.455377,0.452795,-0.434215,0.451385,0.248088,-0.431709,0.434754,0.320307,-0.314225,0.46845,0.310209,-0.565614,0.446997,0.248932,-0.240687,0.470748
282,0.252558,-0.435893,0.428818,0.36251,-0.343539,0.453157,0.116928,-0.2077,0.424257,0.476891,-0.478758,0.445385,0.249072,-0.43243,0.437141,0.366007,-0.331614,0.465369,0.310649,-0.549128,0.437548,0.258764,-0.259712,0.457147
283,0.253295,-0.441502,0.408822,0.363378,-0.359272,0.446706,0.131164,-0.206718,0.412292,0.495929,-0.507236,0.442975,0.254656,-0.430446,0.413816,0.376842,-0.346815,0.44038,0.328723,-0.565592,0.413273,0.279889,-0.275827,0.431688
284,0.256424,-0.429662,0.394898,0.394365,-0.409811,0.447595,0.125021,-0.203016,0.396378,0.510334,-0.528588,0.447039,0.259519,-0.431381,0.394615,0.384589,-0.382454,0.443804,0.334777,-0.553886,0.396668,0.304985,-0.303245,0.449297
285,0.262261,-0.435064,0.371793,0.402051,-0.403922,0.429777,0.138363,-0.205413,0.375774,0.554235,-0.568533,0.434824,0.263958,-0.423556,0.373939,0.387551,-0.390737,0.444598,0.34136,-0.558134,0.375774,0.333195,-0.316401,0.424705
286,0.281136,-0.433604,0.352994,0.4388,-0.42623,0.420544,0.120844,-0.207433,0.36891,0.575955,-0.581244,0.432788,0.265974,-0.42123,0.36888,0.410682,-0.424431,0.42509,0.354469,-0.558052,0.357654,0.337206,-0.342709,0.415216
287,0.280966,-0.426497,0.340273,0.436822,-0.440447,0.412281,0.136861,-0.203349,0.339348,0.619078,-0.62145,0.395599,0.281904,-0.429997,0.34175,0.434489,-0.443052,0.402046,0.361842,-0.557397,0.335089,0.350765,-0.354882,0.411972
288,0.277093,-0.423851,0.326117,0.45109,-0.467411,0.384258,0.142776,-0.201231,0.320871,0.643623,-0.645055,0.410211,0.292381,-0.430252,0.31426,0.468994,-0.467638,0.39024,0.363576,-0.554101,0.329518,0.369398,-0.368703,0.407605
289,0.288419,-0.419438,0.306915,0.487557,-0.485119,0.386433,0.140949,-0.205906,0.312267,0.684522,-0.678455,0.382352,0.291533,-0.421088,0.314284,0.478077,-0.488011,0.380467,0.377065,-0.55164,0.301196,0.371969,-0.375997,0.382743
290,0.288825,-0.416181,0.291678,0.502243,-0.48398,0.38092,0.137052,-0.207258,0.281181,0.709338,-0.694073,0.382827,0.288387,-0.421706,0.290501,0.487167,-0.492767,0.385325,0.381823,-0.545897,0.290712,0.398468,-0.392076,0.379363
291,0.303599,-0.403764,0.276555,0.511265,-0.531151,0.374565,0.147379,-0.199736,0.266463,0.731981,-0.735444,0.348724,0.299617,-0.415991,0.266624,0.518756,-0.536289,0.361013,0.393869,-0.53306,0.261141,0.409547,-0.406597,0.35829
292,0.305547,-0.417907,0.246274,0.556419,-0.533672,0.353195,0.14767,-0.204306,0.255147,0.769984,-0.750038,0.357215,0.306588,-0.419682,0.26169,0.527616,-0.551009,0.352339,0.396674,-0.53696,0.251073,0.406318,-0.422049,0.342342
293,0.322762,-0.420396,0.230947,0.556409,-0.563969,0.336666,0.154013,-0.204034,0.22877,0.802663,-0.794549,0.325515,0.322381,-0.42246,0.235739,0.564809,-0.563123,0.347565,0.402269,-0.531157,0.234512,0.44208,-0.436462,0.351583
294,0.326116,-0.411748,0.221475,0.591453,-0.590537,0.326955,0.141022,-0.193033,0.211474,0.805167,-0.797178,0.331539,0.322053,-0.417282,0.220129,0.576678,-0.581734,0.330817,0.411274,-0.535426,0.21784,0.443681,-0.444767,0.342281
295,0.322553,-0.401629,0.197493,0.596246,-0.593282,0.320558,0.159112,-0.198794,0.199462,0.832744,-0.850901,0.318715,0.327873,-0.406962,0.201415,0.589441,-0.583988,0.329391,0.422403,-0.532474,0.19418,0.455625,-0.454892,0.331858
296,0.333802,-0.406992,0.180006,0.624846,-0.606531,0.328819,0.159134,-0.191834,0.172702,0.860557,-0.873307,0.298658,0.336023,-0.409822,0.183599,0.625117,-0.602903,0.305518,0.417753,-0.52353,0.172785,0.476862,-0.475755,0.301852
297,0.337975,-0.408895,0.159966,0.64405,-0.624794,0.307741,0.157762,-0.197235,0.160563,0.893343,-0.874014,0.283156,0.335053,-0.41558,0.169093,0.64584,-0.634701,0.304207,0.428953,-0.534281,0.168089,0.482233,-0.491496,0.301777
298,0.333006,-0.402695,0.14873,0.626252,-0.648844,0.303275,0.161554,-0.200023,0.143533,0.91834,-0.913044,0.287272,0.333811,-0.392203,0.141799,0.649022,-0.638685,0.299452,0.430978,-0.516543,0.142669,0.504202,-0.510859,0.295128
299,0.3497,-0.401343,0.122339,0.659771,-0.668349,0.276246,0.157159,-0.197625,0.125142,0.945262,-0.939138,0.278449,0.344511,-0.401526,0.126756,0.672207,-0.668518,0.262777,0.451752,-0.513535,0.122969,0.52327,-0.518676,0.277265
300,0.35446,-0.397089,0.11845,0.684176,-0.681603,0.27002,0.169331,-0.195085,0.106783,0.952557,-0.957954,0.256129,0.352769,-0.401766,0.107597,0.686233,-0.677898,0.255918,0.449245,-0.502478,0.10841,0.537134,-0.542624,0.258911
301,0.349501,-0.38603,0.082888,0.690257,-0.701251,0.265368,0.17311,-0.190369,0.078699,0.979838,-0.971924,0.269768,0.355305,-0.388299,0.085198,0.710292,-0.700044,0.245411,0.46343,-0.50923,0.082957,0.546763,-0.54358,0.251715
302,0.360425,-0.394001,0.066526,0.70008,-0.733909,0.24239,0.166892,-0.183746,0.071928,1.015029,-1.010718,0.251066,0.356629,-0.388353,0.062596,0.712681,-0.718899,0.251204,0.473451,-0.497602,0.063992,0.569798,-0.564132,0.237481
303,0.360856,-0.384038,0.050742,0.73253,-0.736556,0.2212,0.17984,-0.190167,0.047083,1.018528,-1.023632,0.214254,0.364078,-0.384153,0.049952,0.71957,-0.740871,0.224505,0.476673,-0.50824,0.053938,0.582028,-0.574122,0.210661
304,0.365609,-0.379934,0.025408,0.754614,-0.767638,0.207995,0.170069,-0.187225,0.028792,1.055306,-1.061732,0.218453,0.376841,-0.377121,0.036078,0.752353,-0.750963,0.212033,0.478745,-0.498001,0.039241,0.579251,-0.598256,0.219269
305,0.373524,-0.380657,0.013732,0.774896,-0.769063,0.200213,0.180818,-0.185244,0.016743,1.084105,-1.069634,0.20355,0.372804,-0.375289,0.008872,0.773452,-0.760934,0.200163,0.47316,-0.497858,0.007686,0.600632,-0.608376,0.217317
306,0.379374,-0.372932,-0.003478,0.768413,-0.78638,0.205762,0.177417,-0.174025,-0.009172,1.099271,-1.08991,0.216093,0.373234,-0.378575,-0.003868,0.787495,-0.802109,0.204077,0.480496,-0.488973,-0.00405,0.610145,-0.599443,0.185277
307,0.37526,-0.366386,-0.034739,0.798906,-0.791971,0.183406,0.170977,-0.173929,-0.033819,1.138237,-1.140448,0.188604,0.371725,-0.374256,-0.038748,0.811383,-0.80718,0.168434,0.491638,-0.477286,-0.029628,0.61779,-0.623962,0.175894
308,0.384844,-0.370532,-0.049569,0.80251,-0.817815,0.157866,0.174376,-0.172065,-0.048055,1.147766,-1.137729,0.167457,0.386471,-0.357106,-0.044741,0.812241,-0.805898,0.159314,0.494926,-0.463423,-0.045161,0.625352,-0.635592,0.175644
309,0.386749,-0.356025,-0.068322,0.8129,-0.82183,0.153425,0.184642,-0.164851,-0.065152,1.162049,-1.161979,0.157676,0.392126,-0.365359,-0.063775,0.830212,-0.820823,0.156968,0.50339,-0.4712,-0.072151,0.641935,-0.64485,0.16059
310,0.38863,-0.356948,-0.086513,0.838215,-0.849802,0.142258,0.190072,-0.172636,-0.087181,1.180606,-1.175516,0.15919,0.392488,-0.357186,-0.08184,0.850009,-0.8488,0.151735,0.505956,-0.463179,-0.083595,0.661734,-0.655613,0.135311
311,0.393499,-0.354094,-0.0991,0.845753,-0.885351,0.130038,0.197765,-0.158668,-0.108552,1.221619,-1.186946,0.14218,0.393477,-0.346461,-0.102022,0.849139,-0.860373,0.132715,0.509448,-0.45009,-0.11048,0.66416,-0.679415,0.134198
312,0.397452,-0.353544,-0.126463,0.863622,-0.869963,0.102856,0.184213,-0.164807,-0.116754,1.230243,-1.225506,0.127805,0.399622,-0.356126,-0.119061,0.869017,-0.888599,0.136187,0.52052,-0.43779,-0.12233,0.688482,-0.680352,0.108496
313,0.409165,-0.339263,-0.134515,0.883959,-0.889093,0.108832,0.186882,-0.155887,-0.136545,1.25358,-1.25344,0.105836,0.405539,-0.342618,-0.148249,0.883508,-0.885559,0.091308,0.514168,-0.434878,-0.139934,0.703439,-0.68366,0.085525
314,0.409101,-0.33209,-0.155324,0.896407,-0.899479,0.101728,0.197958,-0.158884,-0.156768,1.25652,-1.267205,0.093949,0.412464,-0.333463,-0.160792,0.903364,-0.89244,0.094918,0.516583,-0.441811,-0.16121,0.722251,-0.686693,0.095566
315,0.406664,-0.329319,-0.175839,0.915511,-0.911997,0.086626,0.191023,-0.152852,-0.180823,1.278443,-1.2722,0.086539,0.407381,-0.34077,-0.181791,0.912317,-0.92582,0.080572,0.544492,-0.427747,-0.181203,0.720359,-0.692337,0.089499
316,0.410309,-0.336648,-0.197148,0.924839,-0.941144,0.071619,0.201231,-0.156225,-0.193806,1.299101,-1.290826,0.071781,0.406463,-0.327969,-0.199941,0.924188,-0.914651,0.057888,0.524649,-0.418069,-0.199761,0.735465,-0.724371,0.076283
317,0.405268,-0.327093,-0.20315,0.925873,-0.923656,0.057118,0.197417,-0.148951,-0.208454,1.327227,-1.313909,0.059911,0.404023,-0.317679,-0.212706,0.950566,-0.915582,0.047324,0.527059,-0.416319,-0.215994,0.724723,-0.732434,0.049304
318,0.417823,-0.332627,-0.233237,0.946579,-0.957545,0.030368,0.203082,-0.151137,-0.232307,1.325807,-1.339119,0.028358,0.412749,-0.320203,-0.230521,0.952129,-0.96919,0.023785,0.546863,-0.408552,-0.230347,0.735751,-0.728887,0.039936
319,0.421844,-0.320105,-0.250607,0.955645,-0.955064,0.040374,0.193357,-0.149612,-0.25136,1.355364,-1.35375,0.02729,0.427232,-0.31556,-0.248945,0.971064,-0.948327,0.036208,0.53605,-0.389158,-0.253846,0.763022,-0.765748,0.035723
320,0.417408,-0.305082,-0.265126,0.972841,-0.972473,0.026853,0.187871,-0.140519,-0.277286,1.3655,-1.391164,0.029878,0.414244,-0.300718,-0.27069,0.968867,-0.967792,-0.006389,0.539809,-0.389496,-0.272433,0.766186,-0.760352,0.027532
321,0.432557,-0.296467,-0.296382,0.981898,-0.988161,0.022077,0.20422,-0.149454,-0.291881,1.391432,-1.366532,0.02408,0.420148,-0.294768,-0.286609,0.989292,-0.976149,-0.003262,0.553666,-0.377313,-0.295267,0.766109,-0.769466,0.023502
322,0.430953,-0.28426,-0.309681,0.996654,-1.003052,-0.018915,0.200188,-0.139662,-0.309315,1.404598,-1.409689,-0.018746,0.423302,-0.286448,-0.299842,1.009836,-1.003825,-0.009328,0.544882,-0.377734,-0.294532,0.76826,-0.769075,0.001302
323,0.426218,-0.28395,-0.326424,0.989102,-1.002911,-0.015375,0.204234,-0.134125,-0.319043,1.428589,-1.39654,-0.024847,0.428561,-0.285105,-0.329253,1.030368,-1.033153,-0.031386,0.552393,-0.367496,-0.315616,0.787197,-0.785495,-0.019725
324,0.438943,-0.27847,-0.34405,1.0163,-1.001929,-0.030014,0.201505,-0.125436,-0.337966,1.428913,-1.440586,-0.036122,0.431299,-0.279053,-0.348161,1.019506,-1.033765,-0.04454,0.550792,-0.362038,-0.340456,0.798552,-0.785958,-0.033965
325,0.427878,-0.276296,-0.368982,1.02636,-1.038339,-0.048933,0.198596,-0.131643,-0.357251,1.437565,-1.42396,-0.044546,0.432041,-0.271337,-0.353792,1.026551,-1.022407,-0.049995,0.557043,-0.358214,-0.345117,0.805062,-0.803636,-0.05992
326,0.431413,-0.264849,-0.372522,1.040967,-1.051926,-0.043311,0.202245,-0.127194,-0.375518,1.448715,-1.447429,-0.060335,0.426549,-0.263211,-0.372677,1.046237,-1.040228,-0.06753,0.559351,-0.344758,-0.373817,0.804651,-0.793401,-0.06011
327,0.428144,-0.25529,-0.397034,1.055995,-1.043479,-0.053849,0.209855,-0.132094,-0.400324,1.458244,-1.461745,-0.067992,0.430838,-0.261988,-0.399812,1.054109,-1.045508,-0.078283,0.564407,-0.343966,-0.394034,0.808031,-0.81507,-0.094365
328,0.422632,-0.25071,-0.417583,1.055742,-1.051038,-0.068822,0.202516,-0.12814,-0.414454,1.493577,-1.487153,-0.097544,0.426893,-0.250338,-0.405101,1.057106,-1.057061,-0.081019,0.565372,-0.323617,-0.402198,0.818041,-0.821808,-0.08742
329,0.429522,-0.243589,-0.428532,1.073939,-1.074013,-0.102202,0.216507,-0.121535,-0.415037,1.473636,-1.48591,-0.083221,0.432964,-0.251367,-0.428278,1.057811,-1.065714,-0.099857,0.558238,-0.321874,-0.420888,0.826294,-0.856395,-0.10469
330,0.435856,-0.246131,-0.436877,1.066462,-1.065717,-0.123471,0.212023,-0.113801,-0.451654,1.489029,-1.485712,-0.106503,0.423866,-0.238419,-0.446032,1.073929,-1.070808,-0.10521,0.559552,-0.295368,-0.440994,0.826343,-0.824783,-0.102359
331,0.436942,-0.235511,-0.463335,1.082278,-1.088966,-0.131545,0.210138,-0.117726,-0.459237,1.513918,-1.525038,-0.102472,0.438765,-0.22731,-0.464685,1.064829,-1.095487,-0.100681,0.563525,-0.294675,-0.469813,0.859995,-0.826594,-0.105341
332,0.439293,-0.228638,-0.472125,1.075603,-1.065412,-0.126829,0.208442,-0.108845,-0.476205,1.498496,-1.526666,-0.118288,0.433061,-0.218611,-0.481312,1.091064,-1.090847,-0.145199,0.560471,-0.300009,-0.472654,0.84674,-0.8426,-0.128542
333,0.438367,-0.222877,-0.497045,1.089601,-1.078193,-0.153896,0.211835,-0.101497,-0.488405,1.518228,-1.527857,-0.135188,0.436597,-0.210748,-0.492021,1.097221,-1.086009,-0.13922,0.556728,-0.278816,-0.500924,0.852047,-0.839131,-0.146348
334,0.433333,-0.203357,-0.507212,1.095002,-1.108959,-0.16058,0.207357,-0.104078,-0.517306,1.539243,-1.52692,-0.164118,0.439334,-0.219141,-0.507418,1.089971,-1.092047,-0.153819,0.557702,-0.273171,-0.518358,0.859103,-0.853656,-0.160208
335,0.438578,-0.205809,-0.537268,1.113695,-1.118582,-0.170916,0.208013,-0.090469,-0.523797,1.529629,-1.552853,-0.17956,0.43235,-0.201124,-0.519865,1.104314,-1.116507,-0.15238,0.557209,-0.260437,-0.526172,0.864708,-0.860646,-0.170991
336,0.430545,-0.19517,-0.541896,1.119912,-1.099244,-0.176442,0.206292,-0.093313,-0.545418,1.535831,-1.537707,-0.180015,0.440013,-0.198694,-0.54093,1.102425,-1.112413,-0.180356,0.552674,-0.248979,-0.543661,0.873151,-0.849055,-0.179444
337,0.431466,-0.187012,-0.556557,1.114397,-1.132085,-0.185763,0.209691,-0.088714,-0.566585,1.556787,-1.552823,-0.202046,0.428578,-0.191953,-0.567353,1.120053,-1.117237,-0.189874,0.556829,-0.248534,-0.561342,0.852118,-0.876916,-0.191875
338,0.439545,-0.19085,-0.575891,1.106749,-1.124734,-0.20687,0.208394,-0.087874,-0.578176,1.570214,-1.561241,-0.21605,0.438529,-0.187277,-0.565717,1.11029,-1.107017,-0.213811,0.552878,-0.232149,-0.580563,0.878545,-0.891654,-0.185583
339,0.43505,-0.174321,-0.586409,1.127305,-1.142229,-0.219223,0.199259,-0.08841,-0.590397,1.559125,-1.570619,-0.230501,0.423329,-0.183566,-0.594929,1.11643,-1.124193,-0.20311,0.562792,-0.223768,-0.591317,0.857701,-0.868131,-0.201429
340,0.42477,-0.172491,-0.602601,1.119441,-1.131982,-0.226364,0.209342,-0.082485,-0.609309,1.580309,-1.564391,-0.233439,0.436896,-0.162388,-0.597541,1.117993,-1.130188,-0.229091,0.553915,-0.215158,-0.605113,0.886444,-0.875181,-0.218379
341,0.421303,-0.152263,-0.621362,1.126378,-1.142129,-0.235411,0.209392,-0.074814,-0.621665,1.572545,-1.583435,-0.24629,0.433115,-0.160248,-0.622117,1.129228,-1.142831,-0.226212,0.556287,-0.206761,-0.618071,0.865859,-0.877461,-0.245635
342,0.429837,-0.153836,-0.634519,1.129676,-1.130253,-0.249912,0.200325,-0.07595,-0.638718,1.578815,-1.579531,-0.252247,0.427079,-0.15351,-0.634933,1.137219,-1.129159,-0.262826,0.549223,-0.196694,-0.630855,0.887475,-0.863682,-0.259868
343,0.422627,-0.152992,-0.651655,1.149963,-1.130449,-0.281805,0.206037,-0.064814,-0.64154,1.59582,-1.606987,-0.258317,0.425377,-0.144745,-0.655549,1.121742,-1.142114,-0.269872,0.556898,-0.190238,-0.655939,0.885791,-0.89118,-0.273277
344,0.427361,-0.142445,-0.662914,1.141511,-1.150589,-0.280111,0.209614,-0.068649,-0.662806,1.58818,-1.601955,-0.268749,0.420303,-0.140554,-0.657327,1.138589,-1.146087,-0.279978,0.561749,-0.174942,-0.660572,0.896151,-0.906546,-0.268933
345,0.424229,-0.132234,-0.669511,1.141656,-1.134768,-0.268738,0.192715,-0.063991,-0.673714,1.60264,-1.606909,-0.289862,0.423046,-0.132014,-0.681613,1.149088,-1.122037,-0.3075,0.542163,-0.164151,-0.671737,0.893546,-0.893328,-0.28598
346,0.422113,-0.111854,-0.694614,1.154096,-1.138256,-0.301333,0.19984,-0.063256,-0.683213,1.598305,-1.60869,-0.322756,0.415304,-0.121991,-0.689846,1.150409,-1.138214,-0.289295,0.549558,-0.161204,-0.696058,0.87666,-0.894741,-0.288652
347,0.416245,-0.113522,-0.705852,1.138398,-1.143661,-0.323578,0.204703,-0.05549,-0.701521,1.59705,-1.592315,-0.295453,0.411831,-0.117445,-0.698655,1.161635,-1.144329,-0.308252,0.538524,-0.14751,-0.703494,0.894823,-0.889848,-0.310628
348,0.414222,-0.111254,-0.713928,1.137063,-1.132426,-0.315291,0.19944,-0.048789,-0.70842,1.59419,-1.599758,-0.317695,0.419642,-0.113351,-0.723464,1.14461,-1.133472,-0.321632,0.541273,-0.136766,-0.716072,0.903364,-0.882477,-0.331586
349,0.419273,-0.100288,-0.739603,1.145662,-1.159664,-0.323998,0.203076,-0.046204,-0.736341,1.598784,-1.609227,-0.33604,0.42403,-0.09375,-0.738019,1.14406,-1.137324,-0.34157,0.528793,-0.1296,-0.721207,0.888913,-0.890238,-0.343562
350,0.41514,-0.093835,-0.745034,1.159948,-1.141709,-0.345487,0.201009,-0.035406,-0.750288,1.608646,-1.615324,-0.349107,0.416997,-0.093285,-0.750641,1.14119,-1.135033,-0.353011,0.533597,-0.114399,-0.739587,0.901014,-0.879646,-0.350589
351,0.411712,-0.085818,-0.758013,1.151281,-1.135323,-0.3585,0.195747,-0.044238,-0.759065,1.621693,-1.594388,-0.341629,0.404594,-0.078232,-0.760664,1.134018,-1.144522,-0.345181,0.534268,-0.102621,-0.75553,0.882151,-0.880352,-0.352962
352,0.406166,-0.07095,-0.772852,1.138123,-1.14878,-0.370151,0.190373,-0.032645,-0.764649,1.610701,-1.59288,-0.379702,0.410534,-0.068735,-0.769053,1.146086,-1.152284,-0.349279,0.516656,-0.099247,-0.771236,0.901015,-0.900809,-0.377038
353,0.390069,-0.067746,-0.792666,1.145025,-1.13487,-0.391665,0.193587,-0.037709,-0.775996,1.601083,-1.611407,-0.380237,0.410325,-0.057475,-0.780232,1.125975,-1.145592,-0.366564,0.526177,-0.091144,-0.7845,0.882593,-0.878483,-0.393865
354,0.409261,-0.057972,-0.791661,1.135338,-1.12949,-0.378229,0.193837,-0.020377,-0.787156,1.579663,-1.591956,-0.37941,0.416202,-0.065469,-0.794369,1.141304,-1.132931,-0.379681,0.518513,-0.067114,-0.785996,0.891991,-0.883579,-0.38595
355,0.40101,-0.042446,-0.806989,1.148028,-1.123846,-0.403052,0.194064,-0.023083,-0.8083,1.573712,-1.608616,-0.392803,0.403026,-0.046889,-0.803558,1.133676,-1.134415,-0.398653,0.515731,-0.068786,-0.805088,0.881312,-0.900748,-0.396912
356,0.395577,-0.045381,-0.807535,1.115598,-1.147132,-0.413775,0.193199,-0.023895,-0.81396,1.590172,-1.597756,-0.393922,0.396981,-0.045923,-0.818671,1.136025,-1.126914,-0.41311,0.510138,-0.061612,-0.814504,0.88333,-0.891215,-0.404461
357,0.386372,-0.026424,-0.829765,1.128101,-1.126674,-0.415639,0.193295,-0.014721,-0.833735,1.571083,-1.59255,-0.409404,0.400208,-0.036036,-0.829732,1.125146,-1.139145,-0.41535,0.507487,-0.037978,-0.828245,0.876322,-0.897138,-0.433932
358,0.382133,-0.025828,-0.826646,1.143151,-1.128682,-0.421591,0.182964,-0.022595,-0.842976,1.565985,-1.590652,-0.429748,0.386016,-0.029212,-0.842421,1.121659,-1.122667,-0.428903,0.502711,-0.028491,-0.836278,0.878207,-0.869496,-0.416926
359,0.370945,-0.017463,-0.847241,1.120111,-1.116939,-0.429063,0.187844,-0.008539,-0.842011,1.56867,-1.581436,-0.435991,0.382591,-0.01696,-0.851216,1.122181,-1.13463,-0.439255,0.496838,-0.023744,-0.845942,0.873256,-0.872629,-0.448426
360,0.378619,-0.012064,-0.853789,1.137332,-1.120132,-0.45455,0.18374,-0.001365,-0.857772,1.566824,-1.586134,-0.445952,0.381856,-0.011756,-0.851874,1.118777,-1.131914,-0.441248,0.498891,-0.009548,-0.849397,0.883238,-0.868775,-0.432149
361,0.37018,-0.000349,-0.872977,1.109968,-1.117272,-0.445023,0.189803,0.002011,-0.864961,1.5755,-1.561746,-0.448807,0.375908,-0.00098,-0.858456,1.116549,-1.130804,-0.457122,0.487096,-0.004144,-0.865541,0.885779,-0.865333,-0.452975
362,0.36768,0.009877,-0.878393,1.12826,-1.111913,-0.473183,0.188029,0.003798,-0.875184,1.559378,-1.560372,-0.471888,0.37844,0.008679,-0.874244,1.093333,-1.117531,-0.468693,0.481855,0.009438,-0.867382,0.874638,-0.851185,-0.482394
363,0.37077,0.012286,-0.888545,1.108213,-1.099985,-0.462435,0.176477,0.003417,-0.892761,1.534494,-1.560416,-0.493186,0.369172,0.015013,-0.885988,1.111952,-1.100831,-0.483697,0.478234,0.023316,-0.885213,0.853231,-0.862965,-0.480018
364,0.365532,0.027295,-0.897423,1.136329,-1.093121,-0.491437,0.176924,0.003295,-0.898961,1.552666,-1.53472,-0.491347,0.361046,0.021669,-0.895738,1.088139,-1.106433,-0.479305,0.459289,0.027872,-0.886879,0.858033,-0.85549,-0.47181
365,0.373131,0.033746,-0.894158,1.095942,-1.095799,-0.480465,0.181863,0.018634,-0.895654,1.544456,-1.536738,-0.5008,0.354146,0.033386,-0.891313,1.092433,-1.106508,-0.489939,0.458378,0.028683,-0.900504,0.86107,-0.834413,-0.476004
366,0.358701,0.045665,-0.913982,1.093402,-1.077206,-0.496918,0.176587,0.02548,-0.917789,1.508866,-1.538616,-0.51765,0.350864,0.047612,-0.910333,1.076407,-1.091575,-0.496707,0.456744,0.042864,-0.91294,0.866194,-0.856264,-0.495891
367,0.353674,0.052637,-0.92064,1.08021,-1.083536,-0.506606,0.164356,0.027904,-0.924241,1.500536,-1.520397,-0.508168,0.351348,0.051256,-0.920214,1.084618,-1.083039,-0.499854,0.453152,0.069113,-0.920914,0.822963,-0.815126,-0.494026
368,0.336535,0.051074,-0.917567,1.057772,-1.078841,-0.504244,0.162606,0.035046,-0.925121,1.500613,-1.505696,-0.516572,0.334529,0.048296,-0.924258,1.093374,-1.065517,-0.525684,0.447286,0.064023,-0.926232,0.840098,-0.843953,-0.514522
369,0.337643,0.057373,-0.928867,1.066461,-1.069658,-0.520733,0.155623,0.02712,-0.925732,1.503005,-1.493921,-0.530349,0.341216,0.0616,-0.937152,1.060201,-1.080355,-0.531375,0.429099,0.087305,-0.929085,0.824115,-0.831924,-0.53746
370,0.339273,0.070993,-0.935623,1.049312,-1.055547,-0.537581,0.148826,0.034657,-0.939106,1.474842,-1.495127,-0.542498,0.331675,0.072378,-0.94417,1.059313,-1.06408,-0.534401,0.435179,0.100184,-0.939954,0.812227,-0.85009,-0.538752
371,0.324144,0.085118,-0.945019,1.043499,-1.053483,-0.541224,0.152805,0.039095,-0.931034,1.47708,-1.463497,-0.54958,0.324649,0.080881,-0.941217,1.062892,-1.04902,-0.528818,0.418627,0.114472,-0.945413,0.805351,-0.817676,-0.544481
372,0.316026,0.088542,-0.95072,1.040022,-1.033806,-0.542703,0.149079,0.045336,-0.945811,1.472285,-1.458368,-0.546382,0.32285,0.091553,-0.960153,1.028525,-1.037813,-0.544096,0.414451,0.10481,-0.955523,0.815414,-0.817083,-0.560232
373,0.320699,0.101558,-0.956104,1.035692,-1.037331,-0.556603,0.146695,0.048978,-0.957464,1.4479,-1.433016,-0.555036,0.315459,0.096596,-0.962107,1.042599,-1.035,-0.565807,0.405006,0.133473,-0.956426,0.807809,-0.807223,-0.553649
374,0.31578,0.101648,-0.962714,1.024756,-1.018333,-0.573307,0.14781,0.050014,-0.973311,1.444008,-1.405628,-0.576471,0.300605,0.111404,-0.970923,1.017586,-1.010646,-0.572921,0.394341,0.125809,-0.961533,0.82819,-0.779644,-0.542005
375,0.303254,0.120857,-0.966397,1.017986,-1.008458,-0.566941,0.145362,0.057034,-0.966179,1.424263,-1.421734,-0.559298,0.303657,0.102042,-0.96597,1.011555,-1.008656,-0.560709,0.386256,0.139907,-0.977169,0.793929,-0.780342,-0.581824
376,0.303706,0.113973,-0.971604,1.009846,-0.997168,-0.577671,0.149167,0.072917,-0.971993,1.401211,-1.399036,-0.58428,0.307189,0.119583,-0.971966,1.002397,-0.997199,-0.584447,0.391879,0.161533,-0.963928,0.770572,-0.783949,-0.577431
377,0.29669,0.124695,-0.983326,0.970203,-0.990303,-0.589159,0.149557,0.062663,-0.970852,1.40292,-1.386327,-0.596288,0.285368,0.123033,-0.972174,1.018167,-1.007098,-0.598696,0.381483,0.169451,-0.983954,0.76832,-0.77508,-0.578197
378,0.291549,0.134612,-0.980838,0.979457,-0.982109,-0.581876,0.140128,0.063731,-0.978434,1.368806,-1.381025,-0.57875,0.286002,0.136882,-0.977356,0.98613,-0.964141,-0.566759,0.371182,0.172732,-0.980321,0.768095,-0.746224,-0.591277
379,0.292405,0.138377,-0.989733,0.9702,-0.959998,-0.602812,0.136519,0.073707,-0.986891,1.339173,-1.357621,-0.590676,0.280896,0.141765,-0.984726,0.982025,-0.955986,-0.602011,0.367573,0.177469,-0.981746,0.754447,-0.753326,-0.602738
380,0.276716,0.145118,-0.988457,0.956694,-0.948628,-0.596266,0.135406,0.067188,-0.980024,1.334099,-1.341749,-0.618942,0.278607,0.1469,-0.98853,0.950862,-0.947627,-0.597292,0.347419,0.194846,-0.996719,0.721376,-0.755059,-0.607163
381,0.275167,0.157146,-0.993664,0.924401,-0.945107,-0.613069,0.133214,0.080521,-0.998811,1.309601,-1.340946,-0.613878,0.270257,0.161046,-0.989185,0.947146,-0.951505,-0.613889,0.344292,0.193679,-0.983225,0.748334,-0.760647,-0.608934
382,0.258668,0.165057,-0.990308,0.934048,-0.922712,-0.607131,0.126084,0.083802,-0.991441,1.298705,-1.318192,-0.597518,0.248664,0.163299,-0.983866,0.938245,-0.936552,-0.60641,0.347986,0.214182,-0.995775,0.714816,-0.719879,-0.612637
383,0.254376,0.169,-0.993951,0.916823,-0.926075,-0.600959,0.119037,0.084346,-0.994762,1.29081,-1.281236,-0.612011,0.257894,0.167529,-0.994698,0.93379,-0.922206,-0.625568,0.327267,0.220513,-0.996659,0.724855,-0.709098,-0.61939
384,0.250176,0.180178,-0.994202,0.89676,-0.903538,-0.628973,0.124422,0.084213,-0.987566,1.253434,-1.272383,-0.626934,0.249131,0.186432,-1.002017,0.899187,-0.903953,-0.613871,0.316749,0.233328,-0.989672,0.734687,-0.721454,-0.615997
385,0.240933,0.185904,-0.988327,0.892143,-0.902018,-0.622572,0.107799,0.095262,-1.003963,1.23885,-1.266458,-0.607494,0.247816,0.193542,-0.989776,0.894655,-0.887132,-0.621567,0.313286,0.246013,-0.993682,0.6954,-0.691939,-0.631035
386,0.237831,0.19597,-0.99293,0.868237,-0.87496,-0.632812,0.117515,0.092969,-0.995575,1.237099,-1.231081,-0.624616,0.233435,0.198639,-0.995615,0.870449,-0.866118,-0.63087,0.302152,0.244173,-1.00506,0.688164,-0.69064,-0.637595
387,0.223995,0.19815,-1.004483,0.850011,-0.859824,-0.648974,0.112688,0.098682,-0.999861,1.214837,-1.226939,-0.632934,0.233706,0.198952,-1.0017,0.859278,-0.871207,-0.625166,0.297368,0.261713,-0.991533,0.674485,-0.678659,-0.620088
388,0.222219,0.210591,-0.999353,0.85909,-0.854713,-0.63839,0.113962,0.09419,-1.002079,1.175527,-1.18503,-0.639423,0.226722,0.20926,-1.004711,0.849113,-0.86938,-0.644636,0.290927,0.273326,-0.9983,0.651456,-0.663619,-0.652904
389,0.203386,0.217249,-0.993568,0.842985,-0.841155,-0.642112,0.099641,0.107815,-1.00532,1.183939,-1.172753,-0.646751,0.215893,0.225332,-1.005618,0.836326,-0.843522,-0.632519,0.281383,0.288529,-1.002436,0.641209,-0.64299,-0.653328
390,0.211596,0.229106,-1.002306,0.82025,-0.815238,-0.640798,0.096897,0.105809,-1.005196,1.168771,-1.148404,-0.647552,0.208583,0.231233,-0.996574,0.834396,-0.830887,-0.648414,0.278176,0.293417,-1.009002,0.640635,-0.646375,-0.634562
391,0.207212,0.23522,-0.997853,0.796809,-0.789206,-0.641611,0.078307,0.114392,-0.994642,1.112987,-1.133877,-0.657393,0.198142,0.22964,-1.004788,0.81463,-0.839473,-0.649629,0.25578,0.306433,-0.996597,0.635185,-0.636597,-0.653713
392,0.180378,0.241454,-1.000607,0.776292,-0.774624,-0.654879,0.091517,0.114584,-0.999543,1.116144,-1.12282,-0.650059,0.186957,0.229929,-0.992524,0.776835,-0.805083,-0.656688,0.263347,0.30611,-0.99541,0.615538,-0.616699,-0.653688
393,0.191106,0.246115,-0.997935,0.780623,-0.779477,-0.659653,0.084719,0.118394,-0.994797,1.080679,-1.093089,-0.653939,0.202218,0.247823,-1.001883,0.753045,-0.768912,-0.654188,0.249374,0.319763,-0.997822,0.607535,-0.61569,-0.662898
394,0.185057,0.247202,-0.992894,0.75153,-0.768995,-0.659973,0.085006,0.121451,-0.997741,1.040163,-1.076554,-0.666639,0.173104,0.240103,-0.990298,0.723721,-0.757449,-0.659378,0.23548,0.333803,-1.006055,0.58456,-0.596686,-0.661439
395,0.178691,0.255549,-0.992971,0.734364,-0.770583,-0.644477,0.074993,0.119421,-0.997815,1.069555,-1.028784,-0.652077,0.172816,0.258261,-0.989664,0.735132,-0.751601,-0.670423,0.217433,0.334711,-0.992413,0.581852,-0.575918,-0.658403
396,0.168615,0.271478,-0.988439,0.745604,-0.731804,-0.650941,0.080526,0.128276,-0.999555,1.030619,-1.029749,-0.654442,0.162013,0.264664,-0.995133,0.719017,-0.730941,-0.657526,0.212157,0.340285,-0.98687,0.562568,-0.551066,-0.663177
397,0.153395,0.278995,-0.994645,0.724434,-0.721149,-0.665086,0.072725,0.12801,-0.986909,1.00199,-1.011028,-0.661264,0.155123,0.274256,-0.990375,0.720814,-0.701747,-0.656078,0.213657,0.3583,-0.977978,0.544425,-0.556645,-0.680794
398,0.150789,0.283793,-0.983628,0.699579,-0.692798,-0.655629,0.071401,0.139794,-0.980328,1.004337,-0.971775,-0.661113,0.138042,0.281086,-0.979725,0.709598,-0.70091,-0.661776,0.191418,0.358689,-0.987086,0.545634,-0.529298,-0.663399
399,0.133773,0.279765,-0.975161,0.692505,-0.677931,-0.66582,0.071731,0.137815,-0.984007,0.95123,-0.958347,-0.667517,0.134067,0.277611,-0.986194,0.674393,-0.676422,-0.683516,0.178707,0.364367,-0.982072,0.525156,-0.529294,-0.656911
400,0.123492,0.286329,-0.978571,0.656336,-0.653289,-0.66825,0.072717,0.137578,-0.974718,0.935302,-0.923441,-0.675792,0.141975,0.28989,-0.98291,0.644258,-0.673299,-0.682316,0.174055,0.367718,-0.983223,0.507835,-0.519033,-0.657484
401,0.128475,0.294433,-0.965669,0.638837,-0.648267,-0.655855,0.063732,0.131609,-0.973673,0.89953,-0.903812,-0.664612,0.1249,0.302246,-0.979446,0.637601,-0.645333,-0.689455,0.156974,0.389067,-0.973833,0.50191,-0.521895,-0.669206
402,0.114512,0.305127,-0.975541,0.632911,-0.626172,-0.68517,0.055474,0.145692,-0.97162,0.869215,-0.88081,-0.680455,0.116994,0.294637,-0.971196,0.616346,-0.62621,-0.664776,0.153709,0.388996,-0.960575,0.479098,-0.471357,-0.679385
403,0.110794,0.317882,-0.956213,0.607029,-0.618071,-0.674607,0.048202,0.150664,-0.962433,0.845509,-0.840439,-0.691227,0.106456,0.308171,-0.96344,0.595548,-0.618082,-0.66261,0.143678,0.410986,-0.964066,0.448947,-0.449389,-0.664597
404,0.106445,0.312702,-0.97331,0.570797,-0.581309,-0.673322,0.046627,0.157545,-0.961701,0.842416,-0.839529,-0.687714,0.103289,0.314483,-0.964118,0.591663,-0.571383,-0.663168,0.122915,0.407555,-0.959074,0.45221,-0.437064,-0.677262
405,0.10682,0.31406,-0.948207,0.576126,-0.563758,-0.681596,0.051696,0.152957,-0.960622,0.788709,-0.807299,-0.663344,0.092201,0.322931,-0.950675,0.561933,-0.570372,-0.674948,0.116382,0.41546,-0.948512,0.451357,-0.429988,-0.694977
406,0.08409,0.321655,-0.945291,0.538263,-0.546004,-0.663127,0.04918,0.153894,-0.943394,0.75304,-0.768938,-0.679109,0.090271,0.319591,-0.953619,0.556643,-0.557593,-0.667277,0.108033,0.414006,-0.943988,0.420796,-0.434904,-0.682122
407,0.082552,0.333059,-0.939311,0.536822,-0.522967,-0.664643,0.045746,0.15649,-0.945949,0.741042,-0.759247,-0.669808,0.073168,0.331825,-0.943976,0.520354,-0.531413,-0.670248,0.097984,0.425348,-0.943559,0.412353,-0.420749,-0.668564
408,0.063814,0.332774,-0.944619,0.52465,-0.514575,-0.680272,0.038966,0.167993,-0.933113,0.712294,-0.731494,-0.664292,0.067099,0.335828,-0.942515,0.517742,-0.511366,-0.683552,0.086499,0.426779,-0.938293,0.391417,-0.404066,-0.671722
409,0.06654,0.34364,-0.929707,0.479174,-0.494392,-0.659448,0.031246,0.161425,-0.928957,0.685798,-0.695291,-0.681049,0.070251,0.339685,-0.923606,0.470504,-0.503201,-0.657006,0.07493,0.443613,-0.929618,0.376899,-0.398887,-0.666347
410,0.056136,0.349956,-0.911012,0.463381,-0.470035,-0.662846,0.021152,0.162396,-0.921093,0.666632,-0.654824,-0.658243,0.06086,0.350838,-0.920996,0.46826,-0.488261,-0.671999,0.073125,0.451072,-0.928438,0.354157,-0.37538,-0.658678
411,0.045024,0.354415,-0.92156,0.441114,-0.465577,-0.679122,0.012201,0.174046,-0.911435,0.633005,-0.621476,-0.685494,0.038654,0.353308,-0.91195,0.453859,-0.452937,-0.691079,0.062115,0.457019,-0.917713,0.347222,-0.344459,-0.672854
412,0.038071,0.344839,-0.901847,0.446112,-0.442988,-0.675598,0.022368,0.167812,-0.902597,0.599011,-0.62149,-0.677882,0.045686,0.364032,-0.908905,0.429197,-0.42988,-0.670066,0.05187,0.462385,-0.911682,0.336258,-0.32394,-0.691171
413,0.016504,0.359004,-0.903021,0.423567,-0.39676,-0.667466,0.016804,0.161443,-0.901113,0.57759,-0.575139,-0.666238,0.028277,0.357916,-0.906745,0.432225,-0.40603,-0.663995,0.029958,0.473849,-0.895658,0.325368,-0.323541,-0.677012
414,0.017523,0.363815,-0.899227,0.389534,-0.406613,-0.676404,0.002184,0.169379,-0.896653,0.529925,-0.547447,-0.68226,0.017767,0.354044,-0.889005,0.399898,-0.395506,-0.650508,0.032231,0.472009,-0.896965,0.304265,-0.296462,-0.653738
415,0.014332,0.369982,-0.887202,0.378135,-0.365923,-0.671463,0.019184,0.176684,-0.880811,0.514763,-0.522511,-0.656589,0.018124,0.364618,-0.879546,0.373595,-0.366979,-0.656278,0.013939,0.479001,-0.877683,0.290875,-0.308091,-0.649578
416,0.011371,0.367616,-0.882705,0.364903,-0.363092,-0.667546,0.001434,0.183673,-0.869977,0.497487,-0.490402,-0.668411,0.007808,0.372576,-0.873752,0.348188,-0.352864,-0.650348,0.000757,0.480688,-0.872788,0.272912,-0.273413,-0.643278
417,0.003835,0.377626,-0.864414,0.340584,-0.333023,-0.63914,-0.004367,0.181173,-0.864358,0.470497,-0.447114,-0.652179,-0.012399,0.377403,-0.866934,0.33865,-0.325158,-0.641076,-0.00583,0.481484,-0.864114,0.268727,-0.252416,-0.65637
418,-0.006661,0.384613,-0.852153,0.321794,-0.321779,-0.664105,-0.004499,0.1801,-0.848103,0.443402,-0.436687,-0.641802,-0.004836,0.380106,-0.851076,0.321632,-0.302535,-0.678677,-0.020961,0.484801,-0.851416,0.22829,-0.240843,-0.646928
419,-0.014764,0.385443,-0.841195,0.285958,-0.286811,-0.63851,-0.006918,0.17978,-0.846655,0.402523,-0.409655,-0.652903,-0.014424,0.381537,-0.845398,0.298445,-0.275783,-0.649494,-0.020075,0.488909,-0.838263,0.223605,-0.227312,-0.637617
420,-0.026533,0.383534,-0.838909,0.280515,-0.27924,-0.655236,-0.010343,0.181357,-0.840956,0.379323,-0.382122,-0.649916,-0.022742,0.386263,-0.83244,0.264551,-0.278568,-0.64609,-0.033077,0.500439,-0.841002,0.214586,-0.200177,-0.64473
421,-0.034811,0.390578,-0.821744,0.2525,-0.247555,-0.659161,-0.016399,0.186905,-0.819508,0.36383,-0.350997,-0.641007,-0.036182,0.392792,-0.821097,0.259651,-0.235918,-0.647074,-0.052657,0.502358,-0.821161,0.20821,-0.185743,-0.628477
422,-0.037812,0.398733,-0.806596,0.222477,-0.216666,-0.639944,-0.014894,0.195214,-0.810774,0.299949,-0.333604,-0.631008,-0.044636,0.393449,-0.815777,0.218185,-0.24435,-0.635268,-0.066173,0.508954,-0.817109,0.159918,-0.20097,-0.641814
423,-0.055863,0.401372,-0.798228,0.224662,-0.208634,-0.639781,-0.025964,0.195506,-0.795325,0.296873,-0.258044,-0.64153,-0.04278,0.398112,-0.795582,0.211079,-0.208976,-0.63307,-0.058625,0.508957,-0.791636,0.154154,-0.171736,-0.650462
424,-0.055987,0.404255,-0.788878,0.168938,-0.188141,-0.628256,-0.028015,0.195113,-0.784292,0.25528,-0.268949,-0.634528,-0.060268,0.391824,-0.784607,0.198468,-0.155278,-0.62174,-0.077944,0.517784,-0.794457,0.142576,-0.150876,-0.641664
425,-0.073263,0.405462,-0.777534,0.159265,-0.162143,-0.609775,-0.023706,0.18706,-0.77761,0.223143,-0.216537,-0.640672,-0.064805,0.403785,-0.783679,0.156586,-0.16803,-0.631008,-0.086697,0.520856,-0.784671,0.12128,-0.13654,-0.618187
426,-0.078849,0.41712,-0.760859,0.151889,-0.138868,-0.616012,-0.033679,0.201736,-0.767769,0.209029,-0.186029,-0.611682,-0.07798,0.412974,-0.762387,0.146068,-0.14198,-0.618916,-0.09021,0.532919,-0.759646,0.117662,-0.110963,-0.611656
427,-0.075504,0.415238,-0.749523,0.128896,-0.114999,-0.636822,-0.038532,0.199887,-0.750765,0.17319,-0.181772,-0.605991,-0.075646,0.398367,-0.75338,0.115607,-0.13765,-0.60861,-0.105798,0.541877,-0.748396,0.094306,-0.09626,-0.619654
428,-0.091938,0.411551,-0.74076,0.098369,-0.087338,-0.616146,-0.046472,0.201384,-0.737901,0.14504,-0.121058,-0.616951,-0.090038,0.411441,-0.747116,0.103793,-0.103487,-0.603851,-0.111567,0.53011,-0.73657,0.076939,-0.086985,-0.618661
429,-0.106648,0.418338,-0.73782,0.083009,-0.071263,-0.6012,-0.041832,0.196678,-0.729373,0.113053,-0.107503,-0.606057,-0.09915,0.413075,-0.726493,0.092461,-0.067831,-0.613784,-0.128396,0.534223,-0.724587,0.070539,-0.05483,-0.594229
430,-0.107338,0.410828,-0.71665,0.039098,-0.042789,-0.593488,-0.043248,0.198138,-0.708732,0.089065,-0.07309,-0.614785,-0.107789,0.423191,-0.716022,0.061701,-0.061609,-0.588778,-0.140598,0.542132,-0.711894,0.045185,-0.047877,-0.586334
431,-0.124505,0.419636,-0.692412,0.036274,-0.045205,-0.578417,-0.063386,0.20715,-0.702619,0.047399,-0.077096,-0.582457,-0.116572,0.417081,-0.697053,0.021142,-0.042121,-0.596658,-0.154619,0.534177,-0.694364,0.019961,-0.019893,-0.608155
432,-0.124855,0.428378,-0.690105,0.036873,-0.006652,-0.593571,-0.063051,0.199479,-0.68854,0.010747,-0.047014,-0.592684,-0.125441,0.427007,-0.681112,0.011656,-0.018376,-0.581308,-0.161769,0.547837,-0.689126,0.024995,-0.021593,-0.585928
433,-0.133755,0.418839,-0.674692,-0.010899,0.021034,-0.59103,-0.068321,0.200336,-0.669372,0.00336,0.023365,-0.567722,-0.130619,0.424435,-0.674345,-0.024146,0.011518,-0.59673,-0.167237,0.542814,-0.660368,-0.006744,0.025531,-0.594571
434,-0.138717,0.424583,-0.662488,-0.041256,0.043629,-0.568148,-0.070455,0.199803,-0.655541,-0.03458,0.032042,-0.564463,-0.137993,0.425237,-0.656691,-0.029139,0.034021,-0.578868,-0.186954,0.545282,-0.658825,-0.019749,0.028656,-0.579687
435,-0.151937,0.428567,-0.642349,-0.038603,0.050438,-0.560594,-0.076222,0.207537,-0.646719,-0.070204,0.070914,-0.558221,-0.155449,0.420515,-0.640268,-0.067401,0.060603,-0.568845,-0.191506,0.554204,-0.641082,-0.043429,0.040223,-0.567949
436,-0.155122,0.423334,-0.630669,-0.092224,0.086469,-0.557765,-0.072743,0.199564,-0.626881,-0.104167,0.086354,-0.561266,-0.162034,0.434145,-0.623433,-0.07238,0.056976,-0.570595,-0.196815,0.551464,-0.631761,-0.051006,0.043539,-0.570246
437,-0.155264,0.424058,-0.610159,-0.093934,0.09906,-0.548736,-0.081508,0.204786,-0.618246,-0.118375,0.152924,-0.543484,-0.162854,0.434887,-0.623259,-0.089688,0.099727,-0.560547,-0.206264,0.565016,-0.619777,-0.061181,0.073924,-0.55598
438,-0.172883,0.420183,-0.602272,-0.117868,0.104909,-0.559027,-0.084677,0.203902,-0.593367,-0.162831,0.183292,-0.53999,-0.17385,0.435239,-0.611715,-0.103929,0.118113,-0.557738,-0.220057,0.559401,-0.606075,-0.092334,0.088241,-0.542697
439,-0.17501,0.419948,-0.581507,-0.133587,0.135757,-0.540531,-0.079927,0.212566,-0.590067,-0.195084,0.214415,-0.529616,-0.175212,0.435266,-0.589216,-0.125659,0.145476,-0.546753,-0.221948,0.557803,-0.588571,-0.110456,0.11714,-0.542126
440,-0.183802,0.434881,-0.57184,-0.167125,0.172251,-0.529172,-0.084096,0.202422,-0.580713,-0.22506,0.223986,-0.506201,-0.183375,0.437346,-0.571898,-0.169897,0.162419,-0.533499,-0.235061,0.5493,-0.572936,-0.118219,0.131213,-0.529447
441,-0.191055,0.431463,-0.547919,-0.178039,0.169735,-0.531874,-0.092629,0.209369,-0.552906,-0.257227,0.233987,-0.507911,-0.194345,0.436965,-0.562147,-0.185898,0.167107,-0.52933,-0.243242,0.555118,-0.555207,-0.141617,0.15132,-0.520935
442,-0.19769,0.433564,-0.551656,-0.228754,0.211127,-0.511051,-0.097063,0.214876,-0.540399,-0.286513,0.283289,-0.501554,-0.194896,0.429344,-0.537014,-0.180208,0.205005,-0.517099,-0.252353,0.561445,-0.537804,-0.156626,0.160644,-0.499565
443,-0.210442,0.419398,-0.511904,-0.232524,0.209957,-0.517583,-0.100619,0.202389,-0.526108,-0.304751,0.31701,-0.525521,-0.205762,0.426858,-0.524013,-0.207219,0.247899,-0.518078,-0.26307,0.565968,-0.522951,-0.17669,0.157286,-0.494861
444,-0.205528,0.42569,-0.503624,-0.23984,0.244867,-0.479597,-0.098011,0.211405,-0.50964,-0.360528,0.353243,-0.501435,-0.220759,0.429664,-0.511715,-0.257009,0.241498,-0.51078,-0.278478,0.560269,-0.513315,-0.184636,0.200594,-0.492666
445,-0.217576,0.443855,-0.482199,-0.262479,0.260374,-0.487687,-0.106959,0.206635,-0.487417,-0.367579,0.385318,-0.497059,-0.22244,0.433516,-0.489454,-0.272187,0.258184,-0.486945,-0.277643,0.555004,-0.490475,-0.223942,0.201324,-0.484445
446,-0.223622,0.438121,-0.47519,-0.297913,0.278601,-0.465477,-0.106073,0.210974,-0.475671,-0.390727,0.415626,-0.469079,-0.238355,0.440047,-0.469002,-0.290294,0.282952,-0.475446,-0.296721,0.557463,-0.474954,-0.225595,0.223069,-0.483878
447,-0.241125,0.436213,-0.461639,-0.326465,0.315658,-0.474287,-0.105682,0.203094,-0.458396,-0.44631,0.436546,-0.474517,-0.234159,0.438028,-0.466646,-0.315498,0.304323,-0.474811,-0.300077,0.552856,-0.460121,-0.233167,0.261081,-0.471275
448,-0.232154,0.446301,-0.441386,-0.299039,0.337495,-0.465384,-0.110536,0.202874,-0.44243,-0.466806,0.45488,-0.465116,-0.244774,0.435011,-0.442851,-0.334423,0.313606,-0.464324,-0.308509,0.561763,-0.443498,-0.259094,0.255202,-0.464226
449,-0.249176,0.42309,-0.433047,-0.338981,0.33872,-0.466459,-0.117056,0.199472,-0.429925,-0.468174,0.492035,-0.454285,-0.243657,0.427122,-0.425059,-0.353786,0.340907,-0.452279,-0.319618,0.559835,-0.423291,-0.273356,0.266872,-0.455416
450,-0.253878,0.426816,-0.404688,-0.37106,0.379822,-0.445648,-0.125192,0.196986,-0.402697,-0.522425,0.526185,-0.44209,-0.253563,0.434678,-0.407332,-0.347492,0.375994,-0.438698,-0.328585,0.557437,-0.409856,-0.278618,0.288641,-0.435205
451,-0.264135,0.429248,-0.394889,-0.383131,0.396375,-0.426105,-0.125537,0.205531,-0.39528,-0.541292,0.535691,-0.42601,-0.251236,0.437342,-0.390328,-0.401999,0.383935,-0.439866,-0.337488,0.55678,-0.392782,-0.319693,0.307569,-0.431699
452,-0.269276,0.433359,-0.366138,-0.395121,0.404046,-0.407568,-0.128843,0.209904,-0.366474,-0.571713,0.587754,-0.446107,-0.274792,0.423945,-0.362447,-0.41741,0.383783,-0.433112,-0.336478,0.549533,-0.368099,-0.32699,0.319785,-0.43297
453,-0.269184,0.427807,-0.350916,-0.437509,0.426657,-0.419756,-0.135105,0.205403,-0.355869,-0.613335,0.59251,-0.434573,-0.273963,0.430538,-0.364517,-0.415313,0.422937,-0.419837,-0.353868,0.555299,-0.35319,-0.339299,0.324288,-0.419703
454,-0.27626,0.427932,-0.330125,-0.431623,0.449608,-0.403655,-0.140867,0.201767,-0.339124,-0.62938,0.632257,-0.392775,-0.277975,0.432229,-0.340419,-0.444976,0.45399,-0.411162,-0.370777,0.544484,-0.335775,-0.34806,0.357114,-0.404747
455,-0.278201,0.424869,-0.321003,-0.466541,0.472922,-0.392067,-0.137764,0.206007,-0.312565,-0.662215,0.660356,-0.378889,-0.28629,0.422187,-0.317197,-0.477606,0.465638,-0.390636,-0.379492,0.548792,-0.32429,-0.366591,0.357747,-0.386974
456,-0.295456,0.427364,-0.303574,-0.471622,0.481415,-0.383216,-0.143078,0.210154,-0.301126,-0.684455,0.693908,-0.400825,-0.296132,0.418903,-0.30543,-0.496459,0.490671,-0.400896,-0.376535,0.551519,-0.301338,-0.375887,0.368721,-0.383092
457,-0.29688,0.414693,-0.2849,-0.510275,0.515403,-0.369465,-0.147435,0.200723,-0.284972,-0.702653,0.711758,-0.388166,-0.294673,0.42565,-0.279645,-0.491293,0.534599,-0.357567,-0.376284,0.551092,-0.282948,-0.396328,0.407742,-0.373039
458,-0.309282,0.418975,-0.259043,-0.524288,0.526068,-0.356191,-0.156055,0.194939,-0.264222,-0.732585,0.745999,-0.363963,-0.30101,0.417622,-0.271509,-0.542148,0.528459,-0.344953,-0.397956,0.543176,-0.264073,-0.414364,0.40584,-0.371531
459,-0.306425,0.421018,-0.242135,-0.547144,0.572926,-0.356471,-0.149195,0.198686,-0.25623,-0.765497,0.782799,-0.353743,-0.308655,0.413905,-0.24729,-0.544868,0.544122,-0.328876,-0.398701,0.539488,-0.249261,-0.407778,0.424934,-0.341781
460,-0.321249,0.409085,-0.230445,-0.562611,0.554302,-0.345978,-0.152484,0.199688,-0.221872,-0.78325,0.795303,-0.356631,-0.308435,0.417457,-0.230306,-0.563474,0.565343,-0.340119,-0.409157,0.538055,-0.22756,-0.43464,0.426179,-0.351261
461,-0.318426,0.410952,-0.212172,-0.584068,0.580766,-0.314396,-0.154101,0.193754,-0.214721,-0.804477,0.803646,-0.325646,-0.326306,0.41178,-0.21167,-0.575544,0.586893,-0.33314,-0.40731,0.53823,-0.205283,-0.45166,0.453627,-0.330353
462,-0.326022,0.410883,-0.200149,-0.605477,0.605982,-0.330671,-0.153392,0.196186,-0.194939,-0.82611,0.84671,-0.320771,-0.328288,0.411546,-0.187186,-0.595206,0.59899,-0.327255,-0.416746,0.520385,-0.203682,-0.487412,0.459841,-0.316235
463,-0.321679,0.415451,-0.17265,-0.618659,0.615443,-0.310466,-0.155319,0.198824,-0.172929,-0.868179,0.876295,-0.303556,-0.334213,0.415809,-0.172669,-0.625878,0.615438,-0.297413,-0.432581,0.525193,-0.174375,-0.48008,0.493404,-0.322404
464,-0.331735,0.410094,-0.158892,-0.635963,0.625975,-0.299464,-0.163489,0.194792,-0.1665,-0.908764,0.910267,-0.310596,-0.342812,0.407337,-0.158654,-0.64185,0.653409,-0.295581,-0.437548,0.518243,-0.157936,-0.49424,0.497347,-0.300876
465,-0.331407,0.399144,-0.134473,-0.665535,0.651917,-0.291027,-0.160726,0.196829,-0.134609,-0.909681,0.904079,-0.29654,-0.341245,0.4077,-0.129586,-0.668692,0.686459,-0.292309,-0.431752,0.523864,-0.13764,-0.502449,0.503723,-0.278565
466,-0.349113,0.398418,-0.114852,-0.664815,0.679492,-0.276731,-0.171383,0.193238,-0.114171,-0.944363,0.947131,-0.263099,-0.340988,0.394127,-0.115434,-0.683522,0.686368,-0.258696,-0.451529,0.514042,-0.115871,-0.526203,0.517488,-0.275575
467,-0.34831,0.398881,-0.096444,-0.682612,0.685386,-0.248767,-0.16723,0.193071,-0.105094,-0.966368,0.963523,-0.258867,-0.352598,0.395726,-0.103404,-0.702249,0.700151,-0.259322,-0.456916,0.513729,-0.089319,-0.547058,0.519074,-0.252025
468,-0.361302,0.389069,-0.087176,-0.71264,0.707714,-0.257791,-0.166177,0.185406,-0.084237,-0.988979,0.978959,-0.250764,-0.362279,0.386583,-0.079205,-0.711792,0.708318,-0.253854,-0.465711,0.504936,-0.07329,-0.548242,0.543237,-0.251139
469,-0.363975,0.387017,-0.061608,-0.733887,0.735824,-0.239477,-0.177143,0.179988,-0.05641,-1.007932,1.018426,-0.238857,-0.362093,0.389763,-0.058252,-0.727023,0.735697,-0.229992,-0.466498,0.499723,-0.061244,-0.575116,0.554737,-0.223286
470,-0.360731,0.391323,-0.049837,-0.756966,0.750513,-0.220029,-0.183636,0.185916,-0.04163,-1.036326,1.038655,-0.238197,-0.362023,0.388648,-0.045747,-0.727304,0.740989,-0.225009,-0.480839,0.496974,-0.051954,-0.570581,0.574451,-0.222953
471,-0.365997,0.386888,-0.021883,-0.77886,0.745727,-0.205917,-0.176801,0.181953,-0.023295,-1.067878,1.085794,-0.211745,-0.3594,0.38073,-0.030726,-0.749461,0.763911,-0.203005,-0.483415,0.488666,-0.028499,-0.60783,0.584419,-0.224672
472,-0.375886,0.383883,-0.002112,-0.784773,0.791892,-0.232094,-0.179564,0.1853,0.00212,-1.092341,1.08031,-0.189644,-0.369146,0.374086,-0.001639,-0.781237,0.763354,-0.215578,-0.475621,0.490745,0.001131,-0.623205,0.611267,-0.199574
473,-0.375311,0.373689,0.027667,-0.780996,0.790171,-0.178349,-0.184304,0.184874,0.016321,-1.121663,1.102175,-0.175593,-0.376543,0.373277,0.011222,-0.789029,0.787046,-0.189147,-0.494879,0.477849,0.026335,-0.616226,0.624599,-0.195503
474,-0.384307,0.37561,0.035436,-0.816254,0.794513,-0.170777,-0.178049,0.169604,0.032635,-1.133121,1.13198,-0.166917,-0.374712,0.377934,0.037387,-0.799955,0.812442,-0.188222,-0.487706,0.481803,0.046894,-0.618802,0.621107,-0.175928
475,-0.384885,0.365788,0.053768,-0.838652,0.811672,-0.178428,-0.190882,0.179383,0.062194,-1.166047,1.161805,-0.164466,-0.389187,0.355453,0.050468,-0.824519,0.823761,-0.17006,-0.50133,0.463705,0.050818,-0.640632,0.630231,-0.162977
476,-0.382087,0.350819,0.069885,-0.842045,0.833622,-0.140785,-0.189969,0.175385,0.078132,-1.171025,1.162353,-0.141465,-0.383709,0.353425,0.072401,-0.843925,0.823631,-0.149835,-0.516072,0.465891,0.06705,-0.647848,0.65521,-0.135177
477,-0.395947,0.352696,0.088714,-0.85054,0.852399,-0.14516,-0.194354,0.173435,0.090319,-1.181304,1.212943,-0.150388,-0.395512,0.351841,0.086911,-0.846039,0.862344,-0.137923,-0.508493,0.461521,0.099457,-0.6565,0.672951,-0.123051
478,-0.405241,0.34858,0.106465,-0.858153,0.868015,-0.137505,-0.191022,0.178603,0.114545,-1.199173,1.223968,-0.120617,-0.395084,0.347813,0.113481,-0.870726,0.867566,-0.132511,-0.515718,0.450914,0.112036,-0.667232,0.657241,-0.129715
479,-0.397858,0.340218,0.125355,-0.891651,0.884368,-0.11131,-0.183899,0.163524,0.131199,-1.223488,1.229482,-0.120905,-0.401653,0.34517,0.126691,-0.878908,0.893548,-0.118548,-0.518771,0.447103,0.1287,-0.672583,0.679,-0.118136
480,-0.40795,0.346748,0.138975,-0.897763,0.900675,-0.110686,-0.194832,0.17033,0.147075,-1.246952,1.226375,-0.082241,-0.40416,0.342012,0.137627,-0.881515,0.891328,-0.091471,-0.515047,0.432628,0.151461,-0.688499,0.692988,-0.116959
481,-0.412848,0.337522,0.163508,-0.908809,0.9013,-0.097839,-0.193688,0.170842,0.163121,-1.264944,1.267098,-0.078052,-0.404511,0.327956,0.15719,-0.908685,0.91806,-0.085071,-0.52258,0.433719,0.15567,-0.697543,0.691685,-0.088988
482,-0.401839,0.322973,0.186273,-0.925127,0.896683,-0.066713,-0.195802,0.159769,0.188064,-1.300269,1.295776,-0.074283,-0.413488,0.32764,0.173514,-0.924704,0.909524,-0.084989,-0.532058,0.415167,0.185218,-0.73443,0.728656,-0.069389
483,-0.404759,0.327913,0.196748,-0.935375,0.92499,-0.069475,-0.195732,0.152757,0.194754,-1.29358,1.29237,-0.055927,-0.403823,0.327382,0.196742,-0.916812,0.939215,-0.074879,-0.538582,0.420955,0.19769,-0.719913,0.734047,-0.071261
484,-0.416737,0.321641,0.225276,-0.951283,0.943329,-0.073378,-0.203354,0.15388,0.219666,-1.322562,1.336628,-0.048655,-0.43114,0.319589,0.220155,-0.932818,0.945853,-0.057754,-0.53471,0.410752,0.223592,-0.741675,0.710837,-0.049384
485,-0.413879,0.309073,0.242897,-0.956608,0.946476,-0.02633,-0.207901,0.152339,0.231903,-1.328866,1.319876,-0.028379,-0.422709,0.308778,0.240729,-0.960217,0.961006,-0.048612,-0.539831,0.401952,0.235169,-0.733593,0.741048,-0.027014
486,-0.417518,0.304343,0.25647,-0.955197,0.956563,-0.024709,-0.199317,0.149926,0.24678,-1.359997,1.350265,-0.023102,-0.419156,0.302083,0.253167,-0.955022,0.976437,-0.023724,-0.548021,0.397936,0.259902,-0.761888,0.780384,-0.014401
487,-0.408897,0.301406,0.275831,-0.987567,0.977692,-0.014656,-0.204053,0.138643,0.275826,-1.385183,1.354329,-0.017702,-0.424134,0.300157,0.269779,-0.990111,0.99751,-0.000668,-0.545524,0.388973,0.270271,-0.767097,0.771006,-0.003417
488,-0.419658,0.300881,0.29488,-0.993563,0.991876,0.003907,-0.194105,0.138405,0.285893,-1.405614,1.386207,-0.002696,-0.420866,0.299436,0.288608,-0.979137,0.976141,-0.005149,-0.546202,0.386852,0.283924,-0.775412,0.788572,0.013464
489,-0.427453,0.286248,0.31951,-0.998294,1.000296,-0.003663,-0.200971,0.135391,0.305574,-1.415386,1.395717,0.016554,-0.422236,0.282494,0.309937,-1.005914,1.004595,0.009678,-0.550546,0.378093,0.312886,-0.794519,0.76359,0.007449
490,-0.422654,0.280559,0.330608,-1.018633,1.012884,0.017359,-0.202965,0.139178,0.325757,-1.407237,1.428262,0.028464,-0.431277,0.282573,0.334549,-1.025229,1.00819,0.034259,-0.553361,0.367361,0.332303,-0.76192,0.782785,0.021658
491,-0.428846,0.275538,0.347722,-1.023841,1.009172,0.037905,-0.210947,0.133757,0.345317,-1.43698,1.428056,0.033536,-0.429475,0.282998,0.344035,-1.021205,1.019236,0.017922,-0.55576,0.349856,0.343939,-0.79665,0.798215,0.041282
492,-0.432298,0.275208,0.369126,-1.042669,1.04131,0.056447,-0.202701,0.128155,0.365751,-1.442145,1.444622,0.045123,-0.425077,0.272191,0.368294,-1.041076,1.03259,0.038756,-0.550791,0.35111,0.368236,-0.808773,0.774093,0.075337
493,-0.429919,0.261376,0.382309,-1.059018,1.040606,0.043007,-0.217918,0.125042,0.376443,-1.463898,1.438687,0.077952,-0.433386,0.276655,0.382272,-1.056246,1.043756,0.060691,-0.562425,0.342505,0.386943,-0.814766,0.813396,0.070371
494,-0.427538,0.255352,0.403327,-1.054661,1.046786,0.083207,-0.209354,0.120019,0.396839,-1.472275,1.48681,0.064377,-0.434478,0.255162,0.401303,-1.034171,1.044002,0.085056,-0.55337,0.328576,0.389667,-0.798,0.819678,0.074049
495,-0.425432,0.25276,0.413814,-1.062379,1.048961,0.095996,-0.209751,0.118461,0.415506,-1.514852,1.488213,0.07809,-0.427597,0.245685,0.410078,-1.050807,1.034391,0.085185,-0.54869,0.326556,0.418906,-0.825183,0.826901,0.080609
496,-0.423873,0.248325,0.436426,-1.044106,1.064674,0.088073,-0.208985,0.114426,0.428045,-1.507977,1.484551,0.093922,-0.433704,0.239751,0.430294,-1.070252,1.06816,0.093719,-0.554629,0.317255,0.439323,-0.821634,0.83408,0.105639
497,-0.428464,0.243873,0.453707,-1.054903,1.065115,0.11415,-0.200435,0.117539,0.455463,-1.497698,1.502201,0.107391,-0.436089,0.228899,0.448514,-1.063961,1.06011,0.116378,-0.545453,0.297033,0.454597,-0.839428,0.835219,0.110236
498,-0.424212,0.245174,0.46292,-1.08116,1.097189,0.118709,-0.207449,0.111774,0.4636,-1.511827,1.521085,0.144102,-0.434648,0.234786,0.468637,-1.079762,1.099448,0.136587,-0.555078,0.299447,0.468475,-0.83654,0.832367,0.127298
499,-0.428093,0.225746,0.481782,-1.083709,1.096746,0.135969,-0.193012,0.098507,0.480033,-1.493635,1.526817,0.115069,-0.438005,0.220269,0.481933,-1.080344,1.092747,0.125335,-0.562725,0.292491,0.477885,-0.862138,0.835438,0.133434
500,-0.431217,0.212932,0.500163,-1.082143,1.089793,0.147384,-0.205734,0.09372,0.49922,-1.515967,1.514501,0.15988,-0.441561,0.21981,0.499578,-1.08693,1.103638,0.135262,-0.567697,0.276221,0.495508,-0.843738,0.852949,0.148035
501,-0.441192,0.205928,0.517662,-1.10141,1.088577,0.170782,-0.212039,0.114757,0.525914,-1.530838,1.53495,0.155094,-0.433916,0.211189,0.514746,-1.087542,1.105487,0.157375,-0.557434,0.273881,0.502127,-0.848507,0.859095,0.168206
502,-0.430358,0.200894,0.530524,-1.094516,1.124097,0.182078,-0.216001,0.099639,0.527363,-1.554589,1.55903,0.165534,-0.435618,0.199611,0.537768,-1.107629,1.096207,0.178734,-0.566296,0.257743,0.532358,-0.870856,0.851351,0.168086
503,-0.438198,0.204134,0.552275,-1.107841,1.109513,0.182388,-0.216819,0.093904,0.55753,-1.552973,1.551735,0.180438,-0.439258,0.190023,0.546305,-1.123766,1.120418,0.185249,-0.554947,0.261341,0.546879,-0.878914,0.86623,0.181354
504,-0.437936,0.185536,0.575768,-1.105868,1.129154,0.194773,-0.207537,0.094331,0.562945,-1.559897,1.5596,0.196553,-0.436582,0.181213,0.563603,-1.112436,1.127731,0.204266,-0.565269,0.241176,0.563023,-0.841213,0.86728,0.201594
505,-0.432226,0.183545,0.588508,-1.101576,1.136166,0.204353,-0.20316,0.084747,0.58376,-1.562516,1.589727,0.218325,-0.424137,0.180002,0.580093,-1.128541,1.131789,0.220835,-0.565286,0.228003,0.573096,-0.889604,0.878761,0.212171
506,-0.429177,0.167666,0.60135,-1.1286,1.128399,0.226051,-0.206025,0.073914,0.593686,-1.573614,1.601212,0.236821,-0.432882,0.173905,0.594628,-1.115131,1.139962,0.221474,-0.564957,0.213236,0.593046,-0.865958,0.881397,0.215719
507,-0.433019,0.167109,0.609829,-1.129086,1.12329,0.232717,-0.204731,0.082674,0.607666,-1.570999,1.57166,0.237175,-0.434224,0.164666,0.619903,-1.118753,1.128424,0.219517,-0.55405,0.219313,0.61116,-0.878826,0.890033,0.238156
508,-0.430714,0.151402,0.630422,-1.150053,1.129457,0.249633,-0.203563,0.07377,0.622732,-1.589956,1.581849,0.260688,-0.428694,0.151528,0.624094,-1.139449,1.114641,0.255729,-0.552353,0.211074,0.616261,-0.878662,0.870953,0.252819
509,-0.426454,0.152816,0.642169,-1.116376,1.130826,0.249362,-0.209316,0.070343,0.628129,-1.57901,1.584765,0.274024,-0.42227,0.158504,0.64095,-1.143538,1.132282,0.248806,-0.539494,0.205936,0.636913,-0.890059,0.904137,0.260341
510,-0.425688,0.132892,0.649509,-1.15606,1.141393,0.273365,-0.203831,0.069692,0.648895,-1.613833,1.590567,0.254568,-0.430688,0.146434,0.653908,-1.120981,1.136184,0.279857,-0.560705,0.185984,0.655304,-0.87449,0.879933,0.275954
511,-0.421919,0.134491,0.668584,-1.138429,1.155765,0.27216,-0.200622,0.059687,0.673701,-1.594224,1.597184,0.284934,-0.4242,0.136749,0.667025,-1.146321,1.135837,0.292522,-0.543215,0.166681,0.669564,-0.889939,0.864659,0.274569
512,-0.426425,0.127048,0.689613,-1.135403,1.14876,0.301312,-0.200889,0.06111,0.691669,-1.597536,1.599068,0.28751,-0.415697,0.131035,0.682562,-1.140985,1.146528,0.287979,-0.546596,0.151422,0.670536,-0.903632,0.902815,0.297104
513,-0.416928,0.115203,0.692121,-1.151238,1.15456,0.302469,-0.196749,0.052331,0.696908,-1.588619,1.606784,0.299521,-0.421011,0.123104,0.69701,-1.149359,1.150703,0.296623,-0.547694,0.149575,0.692145,-0.873038,0.90162,0.301633
514,-0.419896,0.111708,0.702059,-1.128242,1.147254,0.32574,-0.208731,0.057977,0.712258,-1.619153,1.608747,0.304011,-0.415539,0.119127,0.705246,-1.151992,1.146618,0.326177,-0.539872,0.152099,0.714159,-0.891442,0.89041,0.299737
515,-0.406692,0.098549,0.717602,-1.145774,1.138454,0.302695,-0.201589,0.056787,0.731767,-1.599716,1.596061,0.33783,-0.419178,0.095772,0.720022,-1.148223,1.138315,0.345163,-0.539741,0.133718,0.722927,-0.884995,0.896166,0.325926
516,-0.408134,0.108156,0.734484,-1.142398,1.151291,0.337109,-0.200052,0.051334,0.742784,-1.594909,1.6218,0.325428,-0.410234,0.099317,0.726311,-1.14475,1.123786,0.343681,-0.533056,0.123196,0.735971,-0.894198,0.869447,0.341897
517,-0.411005,0.091228,0.747787,-1.126525,1.149979,0.365822,-0.203361,0.044101,0.744547,-1.595615,1.618525,0.362066,-0.418649,0.084937,0.730302,-1.135372,1.159611,0.332902,-0.532855,0.113376,0.743204,-0.903192,0.884536,0.351725
518,-0.41894,0.081246,0.761756,-1.1428,1.156445,0.359286,-0.192127,0.04372,0.76381,-1.591173,1.597376,0.365767,-0.408583,0.080319,0.755019,-1.122796,1.125043,0.368214,-0.527759,0.102504,0.781497,-0.89105,0.878688,0.362367
519,-0.398457,0.072989,0.769417,-1.148641,1.152912,0.371588,-0.192989,0.030585,0.775712,-1.602376,1.600039,0.375191,-0.401001,0.075124,0.774511,-1.140189,1.151599,0.378486,-0.528149,0.09305,0.776301,-0.882803,0.904411,0.377307
520,-0.399179,0.056294,0.791222,-1.142929,1.144347,0.380942,-0.201782,0.036565,0.787906,-1.614586,1.592801,0.386778,-0.406704,0.061756,0.788252,-1.151941,1.137294,0.364811,-0.51272,0.08108,0.787563,-0.892052,0.90455,0.377963
521,-0.405793,0.060058,0.797137,-1.13288,1.14042,0.393838,-0.190318,0.01898,0.790966,-1.606163,1.59724,0.412166,-0.400655,0.051264,0.790717,-1.147368,1.122868,0.400787,-0.52621,0.069411,0.789468,-0.893377,0.891803,0.382004
522,-0.406029,0.048369,0.809822,-1.121643,1.133559,0.398156,-0.184363,0.024789,0.800692,-1.60201,1.589039,0.392557,-0.399943,0.04633,0.804422,-1.144823,1.132726,0.402164,-0.517271,0.050992,0.80968,-0.897113,0.876545,0.407597
523,-0.384617,0.034129,0.814687,-1.128402,1.119362,0.410567,-0.192472,0.01511,0.824472,-1.582566,1.579866,0.423729,-0.38693,0.034762,0.81485,-1.114166,1.135561,0.423841,-0.513623,0.052812,0.816959,-0.895713,0.894497,0.4001
524,-0.380808,0.028131,0.822227,-1.136153,1.141093,0.409638,-0.188456,0.006748,0.830931,-1.565566,1.589024,0.429168,-0.395009,0.041618,0.829266,-1.138334,1.117453,0.417764,-0.506602,0.037216,0.826394,-0.871581,0.893504,0.404741
525,-0.393931,0.011955,0.848952,-1.131809,1.119364,0.454762,-0.190325,0.008402,0.839477,-1.573172,1.57033,0.434306,-0.392472,0.019298,0.842122,-1.135985,1.121987,0.431304,-0.49095,0.023369,0.835309,-0.876897,0.871516,0.430082
526,-0.375996,0.011142,0.845398,-1.126688,1.13243,0.428228,-0.189663,-0.000276,0.85604,-1.586591,1.55124,0.428702,-0.385461,0.012913,0.853979,-1.119897,1.137242,0.436549,-0.496969,0.010664,0.843046,-0.861477,0.875553,0.449617
527,-0.38022,0.005477,0.86692,-1.126484,1.116047,0.461427,-0.174126,0.001314,0.852673,-1.576512,1.582839,0.441005,-0.379956,0.000311,0.858432,-1.100678,1.124967,0.451436,-0.486434,0.010066,0.857253,-0.87054,0.884701,0.444497
528,-0.372505,-0.003723,0.868294,-1.098464,1.112624,0.455861,-0.175556,4.4e-05,0.868041,-1.567916,1.571542,0.453667,-0.385414,-0.003834,0.867184,-1.124896,1.107919,0.463721,-0.484806,0.009933,0.868451,-0.867765,0.866913,0.476017
529,-0.360046,-0.007311,0.882569,-1.105615,1.123517,0.464592,-0.184891,0.004286,0.866836,-1.563531,1.560693,0.471567,-0.366921,-0.013608,0.877945,-1.099222,1.086772,0.45797,-0.471466,-0.014091,0.881214,-0.85796,0.861928,0.470836
530,-0.366644,-0.026577,0.876589,-1.090531,1.10391,0.473547,-0.174906,-0.015199,0.88129,-1.550563,1.569829,0.478452,-0.367529,-0.023268,0.878254,-1.104179,1.120719,0.483989,-0.46781,-0.026487,0.881772,-0.853838,0.85735,0.488825
531,-0.365015,-0.025893,0.898499,-1.080707,1.101015,0.50487,-0.177833,-0.013491,0.90048,-1.544902,1.543693,0.484712,-0.363613,-0.024097,0.898534,-1.093,1.086323,0.484253,-0.464802,-0.032572,0.892945,-0.855857,0.861129,0.489419
532,-0.364367,-0.034332,0.895918,-1.088353,1.092838,0.497574,-0.173096,-0.012905,0.906319,-1.53002,1.535152,0.504581,-0.358829,-0.035851,0.90909,-1.082678,1.098802,0.483349,-0.466724,-0.051296,0.913375,-0.855499,0.853487,0.491989
533,-0.352399,-0.047452,0.917663,-1.082975,1.081726,0.493781,-0.170335,-0.023354,0.906544,-1.520085,1.513435,0.494518,-0.358248,-0.045471,0.910702,-1.091056,1.08957,0.523572,-0.455834,-0.054721,0.917999,-0.847152,0.851593,0.473391
534,-0.350082,-0.053075,0.920133,-1.088219,1.07519,0.503089,-0.169203,-0.025122,0.920395,-1.498309,1.508204,0.507163,-0.351347,-0.056189,0.915663,-1.098788,1.078417,0.524776,-0.458594,-0.06845,0.921,-0.864121,0.860389,0.51169
535,-0.343118,-0.064503,0.925137,-1.064943,1.065483,0.51218,-0.161217,-0.036457,0.918545,-1.495458,1.503938,0.514613,-0.348927,-0.054619,0.919416,-1.064543,1.070839,0.514684,-0.44626,-0.07442,0.928443,-0.823444,0.842679,0.521074
536,-0.329729,-0.067011,0.936024,-1.062266,1.066045,0.550717,-0.17011,-0.033052,0.935764,-1.476728,1.480166,0.518795,-0.338806,-0.072382,0.936664,-1.070032,1.061271,0.533378,-0.438541,-0.088286,0.932681,-0.822735,0.824817,0.535204
537,-0.33009,-0.076089,0.936166,-1.051514,1.064594,0.527241,-0.162228,-0.030991,0.945741,-1.491083,1.473754,0.54173,-0.330894,-0.069347,0.926693,-1.055981,1.0588,0.551309,-0.42523,-0.099298,0.945626,-0.8216,0.829494,0.533551
538,-0.326044,-0.086749,0.948597,-1.054681,1.049268,0.558539,-0.151416,-0.049854,0.949845,-1.452056,1.463112,0.550325,-0.333718,-0.087722,0.948372,-1.042861,1.038707,0.541006,-0.415422,-0.105348,0.935141,-0.810376,0.818815,0.558756
539,-0.320926,-0.090914,0.953947,-1.02468,1.050646,0.547362,-0.157628,-0.047954,0.953799,-1.450178,1.450564,0.572186,-0.318427,-0.086427,0.948936,-1.043626,1.04658,0.562069,-0.414707,-0.125667,0.948294,-0.806243,0.818186,0.553692
540,-0.3279,-0.093997,0.959479,-1.020043,1.024491,0.554766,-0.147506,-0.052451,0.954129,-1.43807,1.449502,0.582191,-0.324133,-0.098536,0.955013,-1.035429,1.02979,0.564014,-0.405638,-0.132196,0.950361,-0.811377,0.807895,0.558194
541,-0.309919,-0.108486,0.959615,-1.015844,1.019583,0.585049,-0.151446,-0.055276,0.965201,-1.436148,1.445649,0.55637,-0.304285,-0.102713,0.971083,-1.015567,1.019286,0.55617,-0.396482,-0.131103,0.960382,-0.788033,0.786285,0.551538
542,-0.304096,-0.113732,0.960254,-1.020308,1.007127,0.587141,-0.146791,-0.060254,0.964056,-1.425761,1.410609,0.56996,-0.306028,-0.115244,0.976595,-1.029457,0.999611,0.559746,-0.392555,-0.149756,0.969264,-0.777715,0.799624,0.56315
543,-0.298063,-0.12549,0.971073,-0.992088,1.016474,0.58393,-0.147065,-0.057312,0.971593,-1.393116,1.405979,0.582257,-0.29639,-0.119109,0.970688,-1.005556,0.997775,0.585374,-0.395792,-0.157699,0.974076,-0.775219,0.786869,0.577996
544,-0.295894,-0.12095,0.97602,-0.991431,0.998167,0.612244,-0.136793,-0.062108,0.978239,-1.378747,1.413909,0.596098,-0.302504,-0.135647,0.970889,-0.981822,0.974899,0.611688,-0.379857,-0.170739,0.972369,-0.764732,0.766162,0.588805
545,-0.286934,-0.138649,0.982941,-0.986161,0.972331,0.586778,-0.132533,-0.073268,0.977966,-1.358833,1.365815,0.600833,-0.286392,-0.13132,0.98321,-0.961959,0.982496,0.602257,-0.35785,-0.177841,0.984385,-0.761948,0.766811,0.59681
546,-0.285787,-0.139672,0.97617,-0.960937,0.961162,0.590106,-0.133935,-0.063486,0.978909,-1.345421,1.352006,0.59142,-0.293013,-0.151733,0.983498,-0.974394,0.953889,0.597704,-0.36421,-0.195379,0.970503,-0.740538,0.755406,0.605194
547,-0.277207,-0.149586,0.990305,-0.962094,0.968072,0.604281,-0.123566,-0.060732,0.988914,-1.351288,1.341842,0.591577,-0.271648,-0.144206,0.9857,-0.968363,0.958926,0.604378,-0.359151,-0.200998,0.979247,-0.748664,0.737028,0.604813
548,-0.256948,-0.171397,0.986726,-0.926997,0.951641,0.611148,-0.129836,-0.081413,0.988378,-1.310334,1.326328,0.611239,-0.272468,-0.157573,0.998854,-0.940846,0.955378,0.613786,-0.345656,-0.209964,0.984146,-0.740976,0.739912,0.601057
549,-0.269032,-0.160342,0.995478,-0.939258,0.924637,0.616606,-0.121778,-0.094748,0.990444,-1.311372,1.295108,0.607316,-0.260825,-0.17229,0.985222,-0.938259,0.9146,0.6285,-0.334757,-0.218233,0.996445,-0.723453,0.717317,0.61202
550,-0.256125,-0.177627,0.981113,-0.904362,0.903827,0.592932,-0.117613,-0.092147,0.987012,-1.295316,1.283267,0.601384,-0.250987,-0.171411,0.995888,-0.914207,0.921654,0.631859,-0.333374,-0.223067,0.992863,-0.72328,0.721975,0.621711
551,-0.253027,-0.187191,0.99744,-0.914022,0.894783,0.620411,-0.121116,-0.092145,0.999241,-1.246186,1.244456,0.622669,-0.252448,-0.184316,0.990335,-0.897341,0.907706,0.622382,-0.326583,-0.227176,1.00891,-0.706757,0.694507,0.638962
552,-0.236163,-0.186617,0.99141,-0.899817,0.892807,0.624955,-0.116194,-0.092064,1.006157,-1.265344,1.260202,0.63642,-0.230943,-0.189661,1.003395,-0.880606,0.907553,0.631139,-0.311567,-0.246695,0.996624,-0.683977,0.706037,0.622324
553,-0.239904,-0.198393,0.992322,-0.857844,0.866738,0.619262,-0.109635,-0.09635,0.998421,-1.227114,1.230553,0.640786,-0.232232,-0.194737,0.995508,-0.878753,0.871372,0.636474,-0.309389,-0.261336,0.997371,-0.680146,0.673991,0.638117
554,-0.228832,-0.218067,0.995513,-0.862298,0.867955,0.630384,-0.107238,-0.098579,0.997125,-1.197135,1.18896,0.639363,-0.227043,-0.216643,0.992499,-0.874048,0.849635,0.62893,-0.29698,-0.265619,1.002263,-0.666068,0.677741,0.646471
555,-0.226035,-0.217578,1.002683,-0.844645,0.825715,0.646465,-0.112634,-0.096804,1.001444,-1.191863,1.186632,0.645435,-0.214136,-0.214773,0.996573,-0.842928,0.849057,0.638924,-0.286208,-0.278366,0.993833,-0.679283,0.642601,0.638044
556,-0.221959,-0.223761,0.998873,-0.833276,0.841421,0.650066,-0.094571,-0.117753,0.996907,-1.16611,1.171903,0.643928,-0.216767,-0.222572,1.00206,-0.831922,0.827836,0.642121,-0.274744,-0.285917,1.00389,-0.657789,0.655114,0.653258
557,-0.209567,-0.236941,0.990207,-0.815003,0.81058,0.663922,-0.098096,-0.110189,0.998436,-1.152591,1.145577,0.68024,-0.208002,-0.229329,1.002361,-0.823088,0.805006,0.656208,-0.275571,-0.29012,1.00853,-0.658808,0.629746,0.664688
558,-0.200828,-0.232913,0.997688,-0.817155,0.80313,0.645153,-0.100736,-0.123077,1.005917,-1.136289,1.105875,0.648283,-0.197568,-0.226876,1.007323,-0.790693,0.799581,0.640047,-0.26795,-0.292322,1.000739,-0.632306,0.612129,0.650387
559,-0.196002,-0.242189,1.000384,-0.786339,0.78779,0.682655,-0.089769,-0.115991,0.998897,-1.074576,1.114108,0.641356,-0.189908,-0.243253,1.000311,-0.789072,0.790375,0.646665,-0.248137,-0.308241,0.998514,-0.617485,0.62497,0.656502
560,-0.184607,-0.249907,0.994831,-0.771122,0.770636,0.670845,-0.098129,-0.116921,0.997705,-1.074838,1.086182,0.660929,-0.182513,-0.247347,0.994265,-0.765408,0.788808,0.661249,-0.238611,-0.322505,0.987896,-0.60001,0.59327,0.660127
561,-0.176154,-0.248637,0.99388,-0.762388,0.76594,0.671987,-0.086968,-0.121355,1.001806,-1.071284,1.069007,0.647106,-0.176333,-0.253446,0.989891,-0.771618,0.751662,0.676995,-0.228995,-0.335929,0.992541,-0.578962,0.577387,0.655351
562,-0.167435,-0.264283,0.997821,-0.756093,0.709664,0.666947,-0.079749,-0.122946,1.003855,-1.044753,1.022407,0.67844,-0.175517,-0.263162,0.98949,-0.732082,0.746843,0.673019,-0.215439,-0.332853,0.995256,-0.579341,0.561857,0.659074
563,-0.169241,-0.267216,0.997069,-0.727566,0.736972,0.668213,-0.078375,-0.132173,0.987055,-1.012067,1.019049,0.671538,-0.154915,-0.265224,0.989863,-0.7196,0.724191,0.667824,-0.207273,-0.34231,0.991204,-0.578569,0.544848,0.663763
564,-0.148699,-0.272437,0.99434,-0.694782,0.693945,0.65147,-0.064943,-0.136955,0.983835,-0.983067,0.981067,0.651838,-0.156457,-0.278083,0.994322,-0.704025,0.709568,0.677869,-0.202399,-0.358052,0.989314,-0.542403,0.541277,0.669908
565,-0.151752,-0.278906,0.985355,-0.681218,0.684412,0.685271,-0.071768,-0.141144,0.98177,-0.961802,0.962061,0.655401,-0.145976,-0.286929,0.993271,-0.705313,0.69255,0.656852,-0.188423,-0.359323,0.984734,-0.52929,0.521215,0.684001
566,-0.142408,-0.281783,0.991421,-0.675667,0.677178,0.65964,-0.063786,-0.137553,0.984438,-0.931869,0.954148,0.672285,-0.136878,-0.288481,0.970532,-0.664143,0.67484,0.67484,-0.180731,-0.366924,0.986301,-0.527318,0.542621,0.662548
567,-0.129771,-0.290468,0.978609,-0.658217,0.662469,0.669891,-0.058872,-0.143161,0.984399,-0.913246,0.926146,0.650902,-0.127709,-0.296088,0.977945,-0.659202,0.626055,0.670967,-0.171895,-0.380104,0.975758,-0.50992,0.520353,0.674861
568,-0.123753,-0.295328,0.973084,-0.637613,0.630317,0.664479,-0.058942,-0.133271,0.97138,-0.893246,0.887754,0.67444,-0.124621,-0.307682,0.968353,-0.631955,0.623045,0.669623,-0.158726,-0.389973,0.967954,-0.497392,0.484908,0.677135
569,-0.110019,-0.301994,0.958097,-0.619932,0.623824,0.673186,-0.050961,-0.140759,0.965152,-0.855191,0.876878,0.6801,-0.10819,-0.30495,0.969529,-0.616779,0.605383,0.678157,-0.163928,-0.388766,0.975784,-0.45884,0.481383,0.664474
570,-0.103933,-0.307973,0.971427,-0.592314,0.597453,0.674064,-0.047778,-0.145267,0.960884,-0.822876,0.833103,0.665089,-0.114026,-0.311173,0.963371,-0.606182,0.603193,0.692051,-0.146079,-0.400591,0.963068,-0.469159,0.457294,0.653395
571,-0.099281,-0.312568,0.954762,-0.579329,0.598784,0.677061,-0.052743,-0.14449,0.971576,-0.805064,0.814127,0.665171,-0.095165,-0.321735,0.961202,-0.573805,0.580963,0.67968,-0.131333,-0.399907,0.967635,-0.468323,0.454953,0.67999
572,-0.090887,-0.324784,0.947721,-0.549389,0.540395,0.67713,-0.047508,-0.158043,0.951641,-0.797039,0.796077,0.674763,-0.08036,-0.330094,0.961351,-0.560034,0.556584,0.666945,-0.115589,-0.416866,0.950263,-0.447044,0.443332,0.695327
573,-0.092889,-0.3258,0.947289,-0.553383,0.543767,0.686895,-0.031451,-0.149348,0.946216,-0.763684,0.765247,0.672072,-0.081903,-0.32764,0.94768,-0.546866,0.53994,0.672673,-0.112038,-0.429214,0.950435,-0.418102,0.43141,0.681405
574,-0.06829,-0.338599,0.942039,-0.520092,0.524449,0.657727,-0.033554,-0.160024,0.938879,-0.744292,0.742436,0.695042,-0.074592,-0.336641,0.930669,-0.514146,0.528509,0.642671,-0.093944,-0.436875,0.93193,-0.410113,0.407407,0.659718
575,-0.072477,-0.338376,0.938854,-0.509037,0.524118,0.659505,-0.036967,-0.168206,0.932069,-0.709128,0.718812,0.664646,-0.069229,-0.329963,0.932638,-0.509202,0.512824,0.695846,-0.094693,-0.431799,0.934116,-0.386661,0.379109,0.664428
576,-0.058769,-0.33851,0.925168,-0.490378,0.485637,0.669575,-0.022666,-0.169387,0.920354,-0.679635,0.683853,0.676257,-0.057713,-0.349423,0.928744,-0.481229,0.466119,0.656754,-0.079161,-0.443827,0.925688,-0.359653,0.388893,0.666641
577,-0.05725,-0.351541,0.921825,-0.476531,0.468415,0.666386,-0.027365,-0.166561,0.918364,-0.651158,0.659315,0.673061,-0.049705,-0.34558,0.915717,-0.456808,0.476582,0.687718,-0.066594,-0.454358,0.914174,-0.348171,0.350522,0.680564
578,-0.044735,-0.351779,0.922824,-0.454611,0.461176,0.669007,-0.017643,-0.155057,0.914327,-0.621325,0.604624,0.659081,-0.041812,-0.348226,0.916033,-0.427988,0.453555,0.670326,-0.063522,-0.458908,0.913832,-0.335311,0.334861,0.67867
579,-0.029349,-0.362349,0.894052,-0.422561,0.418754,0.682377,-0.014993,-0.170806,0.907852,-0.582758,0.584416,0.652799,-0.036733,-0.346753,0.89931,-0.427544,0.421469,0.675769,-0.045664,-0.459868,0.91221,-0.329118,0.331045,0.673174
580,-0.030104,-0.354061,0.89506,-0.410621,0.390315,0.670187,-0.011333,-0.167656,0.894195,-0.580368,0.569472,0.663907,-0.020302,-0.36297,0.892275,-0.416495,0.389784,0.675884,-0.03438,-0.468144,0.899552,-0.306994,0.318054,0.654013
581,-0.025308,-0.360195,0.887684,-0.406938,0.38535,0.665825,-0.007646,-0.172924,0.888725,-0.54741,0.522259,0.663235,-0.010525,-0.366131,0.88448,-0.384344,0.377934,0.651517,-0.019492,-0.476401,0.8827,-0.310164,0.304218,0.677847
582,-0.002872,-0.362413,0.881841,-0.357478,0.36092,0.641324,-0.006776,-0.179301,0.870609,-0.514409,0.512092,0.65862,-0.012338,-0.366523,0.873314,-0.36462,0.37648,0.645479,-0.012046,-0.47932,0.879004,-0.291371,0.282002,0.686874
583,0.006949,-0.372556,0.86644,-0.353715,0.34418,0.641796,0.00183,-0.181936,0.876029,-0.478048,0.466516,0.66444,-0.004702,-0.362279,0.863204,-0.352267,0.337987,0.658027,-0.003914,-0.484888,0.8666,-0.265489,0.280855,0.661486
584,0.001967,-0.380865,0.855789,-0.33288,0.319589,0.653891,-0.001336,-0.18047,0.858407,-0.474408,0.464482,0.647672,-0.004182,-0.370339,0.864421,-0.34713,0.318287,0.666118,0.012512,-0.487965,0.858646,-0.237601,0.24567,0.66811
585,0.01862,-0.386244,0.853742,-0.299919,0.297577,0.654183,0.009055,-0.189133,0.844759,-0.41515,0.413471,0.651312,0.01571,-0.379348,0.843894,-0.31874,0.30626,0.648713,0.030057,-0.486577,0.849765,-0.242962,0.251283,0.667163
586,0.021982,-0.388382,0.840377,-0.276727,0.289319,0.664068,0.00634,-0.185349,0.838182,-0.410543,0.407866,0.646637,0.016485,-0.382717,0.845757,-0.300859,0.276772,0.641286,0.025352,-0.508198,0.840403,-0.221526,0.231442,0.669526
587,0.030003,-0.391285,0.833323,-0.255369,0.260916,0.649121,0.020213,-0.181152,0.835008,-0.337726,0.352286,0.660889,0.032745,-0.391437,0.827096,-0.286816,0.260127,0.643412,0.03922,-0.497998,0.825078,-0.187274,0.20583,0.662685
588,0.045823,-0.402358,0.821026,-0.257495,0.224288,0.651367,0.024372,-0.194611,0.822862,-0.338105,0.343696,0.646447,0.041858,-0.38766,0.824402,-0.232382,0.231698,0.64931,0.047297,-0.506179,0.827082,-0.188527,0.172951,0.628213
589,0.047851,-0.398151,0.804682,-0.226011,0.208873,0.635022,0.023612,-0.192358,0.807047,-0.313481,0.313701,0.629299,0.049902,-0.393293,0.817889,-0.213503,0.205103,0.613895,0.067581,-0.5104,0.805605,-0.173285,0.159572,0.637357
590,0.059776,-0.399496,0.789822,-0.20108,0.186493,0.622977,0.031235,-0.18422,0.795463,-0.291157,0.269987,0.622801,0.05508,-0.394075,0.792011,-0.189046,0.186804,0.625057,0.075839,-0.511775,0.793507,-0.162743,0.144886,0.647601
591,0.064972,-0.402311,0.787794,-0.186396,0.193206,0.621353,0.031142,-0.206075,0.793284,-0.234843,0.260375,0.621513,0.057317,-0.405424,0.780458,-0.189976,0.17746,0.629087,0.073958,-0.517756,0.789087,-0.133062,0.145924,0.651069
592,0.067036,-0.400916,0.774162,-0.16725,0.145954,0.621401,0.027474,-0.197656,0.774196,-0.210832,0.234076,0.627775,0.071732,-0.411821,0.769035,-0.163468,0.157561,0.642809,0.099892,-0.518467,0.780173,-0.108666,0.136462,0.636671
593,0.077509,-0.400791,0.75486,-0.142507,0.151119,0.626503,0.039147,-0.189885,0.756141,-0.203239,0.192763,0.621365,0.085682,-0.407143,0.766236,-0.142036,0.131471,0.60652,0.105935,-0.529083,0.763941,-0.109998,0.11293,0.623003
594,0.082308,-0.40934,0.752004,-0.112294,0.101643,0.611511,0.04631,-0.190163,0.75127,-0.161779,0.155193,0.617696,0.085626,-0.409713,0.740254,-0.111085,0.121808,0.610274,0.120731,-0.537332,0.752821,-0.092009,0.082351,0.621567
595,0.101533,-0.429327,0.724818,-0.090294,0.092197,0.61829,0.044254,-0.185342,0.738908,-0.160853,0.146507,0.614845,0.103092,-0.424535,0.734513,-0.092306,0.092799,0.60781,0.124588,-0.529602,0.735381,-0.071541,0.074278,0.614192
596,0.108954,-0.416804,0.721028,-0.063403,0.064162,0.623767,0.045915,-0.196421,0.71827,-0.111932,0.078279,0.612277,0.099335,-0.415265,0.728162,-0.064697,0.057243,0.60191,0.130936,-0.538428,0.718642,-0.047639,0.061925,0.599312
597,0.112,-0.416457,0.702676,-0.042499,0.030515,0.576342,0.059876,-0.203608,0.713035,-0.078304,0.069181,0.591707,0.114721,-0.424307,0.705867,-0.047212,0.043574,0.586026,0.149329,-0.537557,0.713332,-0.040494,0.045716,0.606016
598,0.119413,-0.422723,0.695869,-0.01612,0.03388,0.590307,0.072321,-0.203307,0.685932,-0.035074,0.040064,0.577153,0.116585,-0.420125,0.704348,-0.030502,0.013417,0.592184,0.15924,-0.541304,0.696585,-0.034553,0.030392,0.600263
599,0.124947,-0.421828,0.682988,-0.025205,0.001955,0.617553,0.060467,-0.202419,0.679274,0.001157,0.020635,0.599084,0.125924,-0.422447,0.68402,-0.021375,0.003934,0.577783,0.169172,-0.5443,0.675314,-0.003982,-0.00154,0.582635
600,0.13815,-0.43312,0.667889,0.028376,-0.010307,0.586632,0.066488,-0.198251,0.669529,0.034211,-0.007441,0.570815,0.143676,-0.416156,0.665411,0.021492,-0.014978,0.572374,0.1755,-0.542579,0.664966,0.022157,-0.017736,0.572522
601,0.147164,-0.420885,0.652927,0.028976,-0.035983,0.581495,0.066578,-0.202802,0.657652,0.060646,-0.048352,0.572388,0.141729,-0.425436,0.652132,0.04042,-0.036382,0.561128,0.183449,-0.545565,0.644804,0.044895,-0.009739,0.593236
602,0.147322,-0.419373,0.643784,0.059528,-0.056279,0.55966,0.065672,-0.193641,0.631469,0.086133,-0.08104,0.577805,0.158367,-0.433252,0.646976,0.060928,-0.05387,0.574798,0.200761,-0.542001,0.641093,0.042386,-0.048412,0.581167
603,0.14592,-0.413951,0.630825,0.084714,-0.068422,0.568248,0.079688,-0.202987,0.626718,0.097051,-0.111703,0.528227,0.156278,-0.429049,0.629785,0.075145,-0.087323,0.560705,0.201333,-0.554135,0.630111,0.063709,-0.067994,0.556645
604,0.160244,-0.421023,0.611475,0.120604,-0.102262,0.552371,0.082091,-0.203816,0.610762,0.145519,-0.124982,0.567969,0.162959,-0.435127,0.609164,0.100984,-0.100699,0.565793,0.209721,-0.554004,0.610044,0.070035,-0.078095,0.539034
605,0.173407,-0.431778,0.593148,0.121798,-0.140425,0.545549,0.077356,-0.204819,0.598197,0.179532,-0.162489,0.553195,0.165353,-0.423028,0.599537,0.131689,-0.11497,0.548523,0.224219,-0.548476,0.593744,0.091662,-0.091659,0.540665
606,0.179123,-0.436782,0.578122,0.155736,-0.139423,0.528464,0.09078,-0.210257,0.57889,0.181004,-0.200526,0.524957,0.175078,-0.430194,0.576026,0.142509,-0.143172,0.524978,0.222195,-0.556412,0.583534,0.113551,-0.106301,0.543973
607,0.19111,-0.427939,0.570092,0.141825,-0.161302,0.525979,0.083515,-0.211951,0.56485,0.217053,-0.250986,0.517306,0.181084,-0.433815,0.563925,0.165477,-0.165905,0.526019,0.233221,-0.555421,0.563867,0.121584,-0.132086,0.525751
608,0.200483,-0.439951,0.549749,0.175403,-0.185864,0.516423,0.092647,-0.207274,0.550736,0.271808,-0.260344,0.523836,0.190777,-0.4292,0.546906,0.191852,-0.173332,0.51421,0.254639,-0.568008,0.548774,0.146409,-0.148234,0.53452
609,0.205208,-0.425411,0.534045,0.203912,-0.212417,0.519402,0.095629,-0.211336,0.530297,0.316846,-0.301008,0.501706,0.203544,-0.438996,0.54011,0.200731,-0.199555,0.504399,0.264447,-0.559515,0.535843,0.157612,-0.163416,0.499283
610,0.209112,-0.441014,0.524241,0.23915,-0.237939,0.499632,0.105001,-0.209501,0.51792,0.324029,-0.311913,0.498867,0.203216,-0.431917,0.516557,0.242326,-0.242677,0.507866,0.275622,-0.559246,0.520005,0.172464,-0.180148,0.503901
611,0.213263,-0.43883,0.492072,0.27864,-0.253581,0.496132,0.102161,-0.215874,0.503489,0.36182,-0.344481,0.495202,0.217076,-0.438919,0.494688,0.251402,-0.257132,0.494716,0.281634,-0.56448,0.50762,0.192967,-0.193447,0.501962
612,0.220006,-0.439369,0.487498,0.28328,-0.294035,0.485214,0.104345,-0.216058,0.4808,0.363832,-0.372563,0.479211,0.228055,-0.439372,0.491045,0.271119,-0.286696,0.487254,0.289207,-0.552123,0.481731,0.216704,-0.203001,0.480179
613,0.226399,-0.425748,0.470789,0.295417,-0.298103,0.473695,0.10511,-0.208229,0.468144,0.409934,-0.410272,0.495027,0.231583,-0.434443,0.465139,0.290175,-0.290328,0.465944,0.302483,-0.559196,0.473657,0.204067,-0.228294,0.475503
614,0.242211,-0.428525,0.453311,0.308672,-0.314028,0.476195,0.118951,-0.206885,0.453818,0.44124,-0.459687,0.481181,0.241733,-0.434631,0.453503,0.315719,-0.321473,0.472853,0.311505,-0.559084,0.454872,0.246123,-0.256141,0.452146
615,0.240237,-0.43907,0.441289,0.333993,-0.332524,0.457287,0.112563,-0.211802,0.424901,0.470165,-0.476464,0.455467,0.240714,-0.43588,0.435686,0.327947,-0.329467,0.454314,0.314998,-0.549544,0.43346,0.253307,-0.269011,0.460073
616,0.250684,-0.435423,0.42452,0.362608,-0.356351,0.456524,0.11452,-0.20664,0.420861,0.494733,-0.500717,0.446936,0.251957,-0.43252,0.424596,0.352618,-0.353646,0.446021,0.32813,-0.566818,0.416364,0.286594,-0.277635,0.454206
617,0.25106,-0.425507,0.400855,0.38527,-0.372417,0.415767,0.120925,-0.210384,0.396774,0.524425,-0.547079,0.427346,0.25758,-0.431308,0.408187,0.364278,-0.373364,0.445278,0.334932,-0.561052,0.397599,0.285638,-0.294705,0.439225
618,0.260436,-0.43486,0.379708,0.398585,-0.397586,0.422462,0.120127,-0.197354,0.386789,0.55781,-0.564344,0.425906,0.266611,-0.423292,0.382834,0.399236,-0.384628,0.43465,0.346157,-0.550954,0.388715,0.321548,-0.301633,0.434688
619,0.269035,-0.428377,0.356531,0.423339,-0.422788,0.414108,0.127458,-0.21085,0.376204,0.559358,-0.578746,0.426398,0.274169,-0.4249,0.359413,0.385378,-0.409037,0.429361,0.352431,-0.546185,0.362389,0.313574,-0.344802,0.414765
620,0.275727,-0.431143,0.345671,0.437954,-0.449002,0.406083,0.13634,-0.202809,0.355474,0.598679,-0.608004,0.413249,0.278766,-0.435454,0.35054,0.450278,-0.426227,0.413271,0.356413,-0.545661,0.346616,0.324098,-0.350862,0.403885
621,0.280574,-0.417967,0.338024,0.450718,-0.459518,0.40073,0.134645,-0.200939,0.336074,0.639941,-0.632601,0.390178,0.273505,-0.427702,0.338779,0.450801,-0.450022,0.396083,0.364239,-0.546961,0.341673,0.372495,-0.354324,0.382857
622,0.28904,-0.421858,0.310498,0.469861,-0.481773,0.395128,0.136905,-0.207754,0.308832,0.672737,-0.641385,0.400678,0.288323,-0.420693,0.311668,0.464702,-0.477475,0.386848,0.372234,-0.546101,0.312327,0.365742,-0.367729,0.382968
623,0.293304,-0.421364,0.30475,0.491186,-0.503121,0.374267,0.14089,-0.199079,0.291542,0.693169,-0.695676,0.394512,0.291389,-0.426186,0.286658,0.501433,-0.497773,0.386364,0.383807,-0.542836,0.295318,0.386397,-0.381699,0.39037
624,0.304075,-0.421238,0.277893,0.515178,-0.509389,0.355409,0.144312,-0.196682,0.283726,0.719052,-0.747422,0.365753,0.308824,-0.428843,0.277039,0.521187,-0.49743,0.372643,0.386577,-0.55353,0.276287,0.387361,-0.39394,0.368608
625,0.302819,-0.420226,0.263384,0.550613,-0.525424,0.363275,0.145763,-0.201655,0.261087,0.74912,-0.759055,0.365919,0.304541,-0.424408,0.253208,0.516336,-0.546218,0.365601,0.390997,-0.551103,0.262182,0.424208,-0.395024,0.333893
626,0.318681,-0.420175,0.233443,0.552221,-0.560483,0.339033,0.156365,-0.195804,0.233801,0.809465,-0.775253,0.366459,0.318484,-0.405273,0.233038,0.555922,-0.563532,0.365125,0.3977,-0.534911,0.231021,0.429902,-0.421548,0.346924
627,0.324732,-0.413558,0.213298,0.573451,-0.575188,0.346849,0.143816,-0.200402,0.225509,0.819912,-0.806365,0.329424,0.311013,-0.411765,0.209513,0.56883,-0.585857,0.346437,0.410543,-0.529701,0.225503,0.451858,-0.453502,0.340735
628,0.327943,-0.406429,0.201483,0.589848,-0.584827,0.322842,0.154669,-0.197656,0.204894,0.83098,-0.834481,0.328918,0.324448,-0.419804,0.21042,0.572071,-0.595243,0.316426,0.426895,-0.525809,0.202354,0.468225,-0.453114,0.327948
629,0.328548,-0.408116,0.18252,0.619741,-0.625098,0.324451,0.153804,-0.198002,0.189658,0.8412,-0.849661,0.31903,0.330233,-0.410656,0.175766,0.625584,-0.607682,0.301694,0.429951,-0.534557,0.183521,0.490756,-0.461295,0.304157
630,0.330876,-0.402884,0.165868,0.624695,-0.650966,0.307963,0.156688,-0.193212,0.15567,0.872419,-0.881424,0.293053,0.342174,-0.405752,0.161481,0.628294,-0.620609,0.309915,0.429077,-0.52447,0.160712,0.492328,-0.480193,0.300511
631,0.33481,-0.399229,0.149383,0.634718,-0.662182,0.29105,0.168516,-0.19004,0.146533,0.915261,-0.895941,0.288971,0.338613,-0.405482,0.144624,0.668779,-0.661927,0.287685,0.443068,-0.520651,0.150116,0.507319,-0.510622,0.303917
632,0.344733,-0.401103,0.133774,0.659119,-0.641236,0.273862,0.158502,-0.184073,0.130299,0.9359,-0.922778,0.281739,0.349682,-0.397352,0.136427,0.671027,-0.674686,0.282016,0.45161,-0.524914,0.123092,0.509244,-0.519234,0.276714
633,0.35013,-0.39429,0.100733,0.678598,-0.680924,0.255557,0.169413,-0.189864,0.108489,0.952896,-0.937548,0.283261,0.348587,-0.398497,0.10907,0.679443,-0.685068,0.290662,0.457524,-0.514609,0.107304,0.529456,-0.529074,0.266523
634,0.357436,-0.39622,0.093025,0.689116,-0.71071,0.255545,0.165926,-0.188,0.089778,0.990716,-0.987356,0.248393,0.3554,-0.394383,0.099577,0.704913,-0.707777,0.259661,0.459503,-0.512,0.087176,0.544952,-0.543639,0.252581
635,0.361699,-0.38466,0.084319,0.722965,-0.73122,0.258013,0.170581,-0.194182,0.070012,0.995157,-1.019139,0.231802,0.357902,-0.389153,0.077087,0.726053,-0.715072,0.25968,0.458843,-0.498975,0.063867,0.544989,-0.54985,0.235965
636,0.362683,-0.378902,0.042626,0.732561,-0.730814,0.226781,0.178191,-0.177034,0.055116,1.009161,-1.020881,0.226079,0.363847,-0.376986,0.061538,0.731759,-0.725445,0.249813,0.465915,-0.502361,0.048972,0.556329,-0.580002,0.242211
637,0.360447,-0.387145,0.04094,0.753306,-0.746269,0.230519,0.176452,-0.186692,0.029404,1.04663,-1.043461,0.240973,0.369112,-0.386283,0.033215,0.747329,-0.749857,0.209017,0.479835,-0.492431,0.039145,0.581502,-0.58421,0.2159
638,0.370096,-0.383287,0.02277,0.762258,-0.767777,0.233121,0.176796,-0.187847,0.016945,1.076513,-1.057958,0.208996,0.36653,-0.38026,0.021403,0.757654,-0.787115,0.204032,0.472697,-0.486989,0.020429,0.614426,-0.587569,0.223246
639,0.382426,-0.373019,0.002669,0.77245,-0.785957,0.196444,0.18333,-0.186195,-0.008657,1.095075,-1.110424,0.210669,0.375175,-0.376486,-0.006082,0.776598,-0.784105,0.190961,0.482301,-0.481071,0.003346,0.607946,-0.606185,0.188194
640,0.387172,-0.367929,-0.021394,0.785253,-0.805767,0.188262,0.191666,-0.177981,-0.023497,1.133622,-1.113132,0.194618,0.375984,-0.371777,-0.02382,0.795336,-0.781288,0.167982,0.494114,-0.473193,-0.018217,0.616559,-0.614452,0.181304
641,0.378722,-0.367798,-0.038284,0.80411,-0.81767,0.148076,0.186838,-0.179493,-0.033385,1.139644,-1.151001,0.190117,0.385312,-0.362776,-0.037074,0.819486,-0.801919,0.162957,0.49853,-0.471787,-0.041015,0.640296,-0.621235,0.182279
642,0.381124,-0.363061,-0.056528,0.823282,-0.819456,0.161801,0.192009,-0.176888,-0.060986,1.158889,-1.14958,0.142017,0.391412,-0.372805,-0.056457,0.822791,-0.838963,0.152939,0.503428,-0.463982,-0.055085,0.648178,-0.637026,0.171226
643,0.386332,-0.355705,-0.071682,0.853617,-0.84501,0.129162,0.179716,-0.165271,-0.076953,1.183941,-1.185221,0.138273,0.392747,-0.352316,-0.081187,0.861229,-0.851995,0.146973,0.502115,-0.455612,-0.079276,0.656635,-0.66516,0.142717
644,0.397383,-0.359589,-0.101978,0.884289,-0.832985,0.13474,0.19322,-0.16308,-0.089556,1.181581,-1.188452,0.119195,0.38689,-0.339102,-0.094662,0.852128,-0.853118,0.13278,0.501423,-0.45683,-0.099605,0.663309,-0.674757,0.133567
645,0.40283,-0.351253,-0.115832,0.871116,-0.876665,0.128507,0.184595,-0.164848,-0.110922,1.223326,-1.212371,0.139863,0.39399,-0.356949,-0.129231,0.867461,-0.869517,0.127958,0.524708,-0.453467,-0.11753,0.689456,-0.670215,0.141624
646,0.395327,-0.346992,-0.136146,0.87171,-0.886295,0.10675,0.199425,-0.167087,-0.134942,1.235789,-1.249463,0.105801,0.403977,-0.336899,-0.139254,0.86441,-0.883758,0.1042,0.514684,-0.442061,-0.134627,0.692126,-0.688869,0.102531
647,0.404954,-0.332997,-0.153259,0.910593,-0.889972,0.077578,0.206099,-0.161761,-0.153772,1.250781,-1.247083,0.106717,0.41172,-0.344099,-0.157546,0.896968,-0.881237,0.072607,0.517866,-0.434947,-0.154052,0.687437,-0.700175,0.094406
648,0.408611,-0.335461,-0.181432,0.904635,-0.941966,0.092494,0.196185,-0.16394,-0.163857,1.273172,-1.297322,0.091859,0.411158,-0.340759,-0.17749,0.905686,-0.909503,0.081913,0.52976,-0.429181,-0.170626,0.699457,-0.710146,0.094846
649,0.411498,-0.323997,-0.193402,0.913385,-0.920226,0.066206,0.188619,-0.155573,-0.182899,1.296356,-1.301944,0.06418,0.409951,-0.337148,-0.18836,0.920774,-0.909375,0.08757,0.534553,-0.425226,-0.192422,0.715578,-0.711362,0.075922
650,0.41149,-0.323157,-0.211838,0.932946,-0.941997,0.067494,0.202774,-0.156609,-0.19909,1.304743,-1.315906,0.072807,0.407113,-0.318223,-0.208624,0.947368,-0.941435,0.07265,0.53231,-0.410111,-0.211829,0.722235,-0.728424,0.066616
651,0.413084,-0.314153,-0.225333,0.961821,-0.960535,0.057491,0.194438,-0.141934,-0.226184,1.334104,-1.320114,0.034958,0.408649,-0.327737,-0.222615,0.947819,-0.951296,0.047588,0.537585,-0.405305,-0.231756,0.745576,-0.738184,0.058106
652,0.412556,-0.313923,-0.245884,0.962112,-0.95868,0.035964,0.207374,-0.144342,-0.244112,1.333031,-1.35441,0.038725,0.412639,-0.314201,-0.249592,0.971742,-0.953149,0.036862,0.539986,-0.402843,-0.251353,0.738272,-0.745095,0.053649
653,0.420222,-0.299114,-0.269128,0.978989,-0.976306,0.044218,0.203706,-0.142392,-0.267354,1.363283,-1.368445,0.027802,0.411185,-0.314138,-0.267913,0.982455,-0.973041,0.013899,0.53856,-0.393274,-0.264441,0.759605,-0.757135,0.001794
654,0.421873,-0.299845,-0.280577,0.983627,-0.978802,0.014256,0.193109,-0.141832,-0.286493,1.363549,-1.374451,0.022264,0.431023,-0.294742,-0.28399,0.972951,-0.993922,-0.001142,0.547645,-0.391581,-0.275463,0.761487,-0.764885,0.007056
655,0.420463,-0.295045,-0.307009,1.004509,-1.001947,-0.009175,0.197332,-0.133074,-0.292626,1.381036,-1.379402,0.005752,0.421717,-0.287288,-0.290384,1.004156,-1.00266,0.0012,0.54062,-0.378455,-0.302494,0.763058,-0.765992,-0.00454
656,0.418789,-0.280695,-0.31352,1.005496,-0.994456,-0.026731,0.211762,-0.145865,-0.3157,1.402866,-1.409778,-0.007309,0.422755,-0.29424,-0.319118,1.005274,-1.014588,-0.022014,0.55015,-0.369255,-0.319647,0.778927,-0.799856,-0.028796
657,0.414034,-0.274014,-0.344978,1.018667,-0.997037,-0.030537,0.211807,-0.135677,-0.329846,1.415411,-1.42931,-0.015733,0.429993,-0.285728,-0.339078,1.001914,-1.019549,-0.038459,0.54989,-0.365345,-0.338162,0.798892,-0.785322,-0.040259
658,0.427799,-0.267719,-0.353537,1.033215,-1.027911,-0.044282,0.20754,-0.131726,-0.350178,1.464115,-1.435532,-0.044784,0.422022,-0.274913,-0.349015,1.021083,-1.030604,-0.044171,0.551008,-0.356706,-0.354811,0.787556,-0.795292,-0.044894
659,0.434478,-0.264647,-0.378426,1.040717,-1.040208,-0.043521,0.213272,-0.131662,-0.375939,1.438624,-1.443947,-0.054894,0.41973,-0.26649,-0.368825,1.030809,-1.037456,-0.065565,0.549342,-0.351423,-0.36789,0.806844,-0.810359,-0.052473
660,0.428068,-0.265901,-0.391414,1.045799,-1.061384,-0.057629,0.203266,-0.123245,-0.381597,1.468449,-1.467892,-0.038962,0.423593,-0.264451,-0.390059,1.034236,-1.035159,-0.066403,0.562956,-0.339138,-0.395129,0.797162,-0.820903,-0.065252
661,0.425248,-0.251718,-0.404037,1.06719,-1.055332,-0.090303,0.204024,-0.12726,-0.404053,1.46174,-1.474361,-0.08132,0.432905,-0.248798,-0.401834,1.051996,-1.048195,-0.07877,0.546434,-0.331222,-0.404241,0.821302,-0.80904,-0.083191
662,0.437396,-0.248035,-0.420256,1.063004,-1.077617,-0.100361,0.216878,-0.124394,-0.417405,1.484773,-1.491235,-0.093801,0.424159,-0.250841,-0.420828,1.036999,-1.052414,-0.101446,0.559016,-0.322958,-0.420792,0.82598,-0.818868,-0.091448
663,0.431848,-0.241746,-0.435267,1.084108,-1.082819,-0.091877,0.201381,-0.115685,-0.436607,1.494859,-1.489097,-0.101749,0.430603,-0.244975,-0.440424,1.058582,-1.041575,-0.094935,0.559814,-0.31577,-0.441552,0.833924,-0.826342,-0.103538
664,0.433523,-0.232507,-0.462386,1.077088,-1.077652,-0.129172,0.217039,-0.118602,-0.454113,1.493457,-1.498439,-0.136456,0.428225,-0.242363,-0.456489,1.078888,-1.081104,-0.112754,0.551553,-0.293691,-0.451122,0.835952,-0.844236,-0.122647
665,0.438539,-0.229843,-0.479002,1.101508,-1.092671,-0.140106,0.209785,-0.103919,-0.468122,1.522398,-1.534089,-0.145778,0.431892,-0.240257,-0.47315,1.074979,-1.076596,-0.118581,0.552915,-0.289982,-0.479089,0.847767,-0.8433,-0.127896
666,0.43725,-0.226641,-0.490575,1.080265,-1.100164,-0.130471,0.207722,-0.101731,-0.492953,1.530626,-1.525357,-0.130548,0.437076,-0.218603,-0.487392,1.084422,-1.083318,-0.154593,0.567921,-0.293008,-0.488998,0.822508,-0.844141,-0.137911
