sample_idx,Va_1,Vb_1,Vc_1,Ia_1,Ib_1,Ic_1,Va_5,Vb_5,Vc_5,Ia_5,Ib_5,Ic_5,Va_10,Vb_10,Vc_10,Ia_10,Ib_10,Ic_10,Va_30,Vb_30,Vc_30,Ia_30,Ib_30,Ic_30
0,0.997326,-0.511679,-0.495669,0.367751,-0.304661,-0.085538,1.001294,-0.499904,-0.499546,0.37117,-0.30205,-0.079642,0.996934,-0.503611,-0.490052,0.386745,-0.28722,-0.082528,0.993714,-0.507057,-0.489857,0.379205,-0.274528,-0.090892
1,0.999002,-0.475796,-0.522181,0.37289,-0.295325,-0.090282,0.996577,-0.485777,-0.521806,0.380491,-0.29265,-0.086695,0.995762,-0.483166,-0.512166,0.387599,-0.278439,-0.080209,1.004825,-0.483552,-0.513638,0.386973,-0.269734,-0.097451
2,0.996224,-0.465299,-0.528266,0.392447,-0.290946,-0.102685,0.999577,-0.464102,-0.530404,0.38787,-0.267481,-0.09566,1.00304,-0.472935,-0.531186,0.397223,-0.294597,-0.095635,1.000052,-0.467126,-0.528546,0.376785,-0.281934,-0.10221
3,0.99965,-0.455158,-0.54052,0.356409,-0.298366,-0.128868,1.000221,-0.442517,-0.548546,0.368467,-0.274945,-0.130377,1.002521,-0.453118,-0.550682,0.374216,-0.28293,-0.119476,1.002162,-0.448764,-0.549238,0.396726,-0.301781,-0.108299
4,0.99753,-0.430405,-0.56019,0.395256,-0.279441,-0.105128,0.995346,-0.436846,-0.560001,0.39736,-0.273621,-0.118596,1.002891,-0.434205,-0.561496,0.394456,-0.277132,-0.104586,0.998135,-0.436675,-0.562994,0.403438,-0.256576,-0.121617
5,0.997664,-0.418429,-0.583066,0.375075,-0.25913,-0.132961,0.99727,-0.416961,-0.578225,0.387709,-0.281033,-0.109663,0.999799,-0.416495,-0.575382,0.387521,-0.265254,-0.117772,0.998747,-0.420413,-0.570511,0.397204,-0.272828,-0.12145
6,0.994382,-0.398906,-0.603678,0.393664,-0.242762,-0.13876,0.993608,-0.38854,-0.591506,0.392197,-0.26651,-0.130521,0.988683,-0.388361,-0.593534,0.383033,-0.247998,-0.149343,0.992484,-0.398298,-0.604865,0.399853,-0.272085,-0.146819
7,1.00197,-0.376204,-0.610762,0.4001,-0.251985,-0.128007,0.98737,-0.391261,-0.6166,0.398062,-0.257618,-0.147425,0.99089,-0.379332,-0.620194,0.393925,-0.256942,-0.135869,0.994327,-0.382688,-0.603082,0.411983,-0.253086,-0.144285
8,0.988484,-0.362412,-0.627108,0.391448,-0.271178,-0.142432,0.990598,-0.367414,-0.635313,0.400134,-0.235897,-0.142486,0.996904,-0.365035,-0.630179,0.382412,-0.232226,-0.162733,0.989009,-0.361422,-0.627122,0.394999,-0.246821,-0.147499
9,0.982035,-0.347154,-0.632318,0.395283,-0.234487,-0.15656,0.982583,-0.343349,-0.636977,0.396583,-0.256208,-0.161376,0.995827,-0.338064,-0.63795,0.390315,-0.239047,-0.152707,0.98421,-0.341168,-0.636232,0.393491,-0.231956,-0.157643
10,0.983472,-0.33283,-0.655601,0.389751,-0.234706,-0.164761,0.983245,-0.326987,-0.649368,0.399919,-0.243339,-0.156054,0.980947,-0.328852,-0.654299,0.406393,-0.235408,-0.150788,0.985726,-0.331736,-0.65415,0.379584,-0.253471,-0.158296
11,0.974534,-0.309008,-0.672522,0.39954,-0.230313,-0.146946,0.976365,-0.306908,-0.663177,0.38475,-0.224119,-0.188875,0.975181,-0.309541,-0.668695,0.395042,-0.227391,-0.150111,0.974486,-0.313223,-0.66115,0.407833,-0.243902,-0.159345
12,0.978774,-0.297304,-0.676925,0.398122,-0.214381,-0.152229,0.979777,-0.288631,-0.683363,0.401228,-0.2222,-0.174445,0.974871,-0.293868,-0.674709,0.373737,-0.213292,-0.195995,0.974238,-0.290967,-0.686166,0.413551,-0.22144,-0.188771
13,0.971863,-0.280147,-0.702542,0.416178,-0.223328,-0.186295,0.978498,-0.277617,-0.692257,0.413105,-0.222126,-0.191588,0.981362,-0.26929,-0.685184,0.412389,-0.234661,-0.190003,0.966567,-0.274015,-0.697403,0.39802,-0.228977,-0.189443
14,0.970419,-0.254198,-0.70459,0.388055,-0.213007,-0.195536,0.963368,-0.254942,-0.713422,0.377485,-0.211577,-0.193432,0.962104,-0.254715,-0.714611,0.393241,-0.211162,-0.18401,0.975637,-0.257284,-0.715126,0.403167,-0.219754,-0.192995
15,0.953329,-0.239494,-0.723506,0.407582,-0.190245,-0.177295,0.959206,-0.236909,-0.713713,0.405392,-0.206004,-0.184252,0.950523,-0.234553,-0.717288,0.415374,-0.214992,-0.201429,0.955895,-0.24373,-0.727935,0.377069,-0.228727,-0.187261
16,0.954635,-0.216234,-0.735171,0.389238,-0.197291,-0.216176,0.958289,-0.232113,-0.73641,0.412962,-0.201137,-0.204795,0.955611,-0.225348,-0.735038,0.406801,-0.202891,-0.201307,0.95169,-0.21951,-0.731819,0.38963,-0.199951,-0.22796
17,0.955114,-0.196453,-0.746153,0.384529,-0.195038,-0.203226,0.952141,-0.206735,-0.754235,0.391667,-0.190042,-0.203995,0.95052,-0.208878,-0.74283,0.402924,-0.18785,-0.197189,0.951131,-0.205709,-0.746691,0.39149,-0.185846,-0.210898
18,0.952409,-0.187813,-0.75273,0.420457,-0.186172,-0.217996,0.936322,-0.1881,-0.74938,0.402006,-0.183445,-0.202093,0.949612,-0.182992,-0.762561,0.405236,-0.200453,-0.218507,0.946609,-0.183131,-0.768623,0.406333,-0.198268,-0.216029
19,0.945901,-0.174829,-0.779173,0.413351,-0.203134,-0.21842,0.933236,-0.166184,-0.77149,0.395107,-0.163935,-0.232068,0.933962,-0.170505,-0.778697,0.398723,-0.184232,-0.216377,0.931717,-0.164139,-0.768234,0.387849,-0.166228,-0.221551
20,0.92076,-0.140551,-0.774834,0.396864,-0.177216,-0.225179,0.926047,-0.14401,-0.786014,0.414954,-0.174026,-0.234479,0.941724,-0.145921,-0.784543,0.411573,-0.181987,-0.231717,0.925547,-0.145597,-0.786681,0.404719,-0.169308,-0.231061
21,0.92472,-0.11766,-0.796165,0.410779,-0.166015,-0.237425,0.931414,-0.130966,-0.797057,0.414074,-0.178226,-0.231535,0.928342,-0.131964,-0.792768,0.386877,-0.188991,-0.228881,0.927506,-0.124819,-0.800241,0.4048,-0.160699,-0.227793
22,0.9189,-0.09974,-0.805552,0.393345,-0.154156,-0.261784,0.909692,-0.107219,-0.812212,0.396504,-0.147332,-0.238471,0.917707,-0.10716,-0.804121,0.407478,-0.160372,-0.232903,0.922331,-0.109665,-0.813267,0.40555,-0.167393,-0.250695
23,0.90445,-0.086372,-0.824404,0.411413,-0.151092,-0.232795,0.907895,-0.092401,-0.82359,0.379886,-0.141709,-0.240086,0.911865,-0.083121,-0.818017,0.406255,-0.154791,-0.23856,0.908437,-0.089632,-0.827932,0.39573,-0.150997,-0.24097
24,0.90353,-0.068653,-0.830692,0.389354,-0.144958,-0.236537,0.904853,-0.076851,-0.831054,0.376026,-0.161769,-0.248543,0.897602,-0.06364,-0.832066,0.419593,-0.1507,-0.256357,0.901945,-0.069176,-0.82523,0.382868,-0.150214,-0.266398
25,0.889591,-0.050405,-0.83049,0.39294,-0.146198,-0.266044,0.895642,-0.059524,-0.843049,0.371937,-0.138835,-0.258865,0.892011,-0.053676,-0.843162,0.394263,-0.135337,-0.26893,0.887775,-0.050355,-0.833616,0.398027,-0.134575,-0.264355
26,0.884468,-0.041308,-0.851889,0.418408,-0.112003,-0.258685,0.883291,-0.035392,-0.852648,0.397455,-0.132281,-0.265126,0.880386,-0.042351,-0.844578,0.388691,-0.138427,-0.273981,0.880789,-0.036558,-0.853578,0.389089,-0.139455,-0.258231
27,0.866982,-0.013899,-0.858837,0.381255,-0.117857,-0.249378,0.863277,-0.012824,-0.864285,0.37725,-0.096507,-0.271337,0.869753,-0.013747,-0.858613,0.3736,-0.139585,-0.26816,0.877611,-0.012691,-0.870403,0.393249,-0.146116,-0.262072
28,0.860681,0.020134,-0.872444,0.387527,-0.111834,-0.273372,0.858907,0.00796,-0.869571,0.399846,-0.133905,-0.278613,0.868362,0.009053,-0.876347,0.393309,-0.106349,-0.26324,0.867627,0.010493,-0.860619,0.391885,-0.105952,-0.29362
29,0.854783,0.029461,-0.87725,0.38717,-0.137758,-0.296012,0.85144,0.014399,-0.868557,0.395741,-0.126299,-0.275557,0.855532,0.019026,-0.875898,0.370247,-0.113074,-0.278207,0.851034,0.030942,-0.868648,0.398048,-0.108363,-0.28749
30,0.845132,0.052181,-0.879404,0.368282,-0.082966,-0.285946,0.839564,0.040261,-0.886945,0.377645,-0.100057,-0.282127,0.846419,0.0485,-0.887603,0.397739,-0.113002,-0.289887,0.841013,0.040139,-0.882587,0.391192,-0.105904,-0.279034
31,0.840994,0.066967,-0.899948,0.364602,-0.091247,-0.29742,0.826261,0.063538,-0.89949,0.371631,-0.091473,-0.29239,0.835019,0.064177,-0.890154,0.372954,-0.089568,-0.283086,0.830502,0.057175,-0.894792,0.38384,-0.107588,-0.29343
32,0.820108,0.08558,-0.90282,0.391021,-0.078216,-0.284251,0.81436,0.073139,-0.903079,0.38174,-0.085425,-0.286502,0.821374,0.082485,-0.89888,0.39149,-0.081559,-0.29784,0.816252,0.074607,-0.904143,0.364345,-0.0878,-0.291195
33,0.814723,0.1047,-0.918732,0.389841,-0.083777,-0.295369,0.807912,0.096854,-0.907576,0.381064,-0.064146,-0.300811,0.808064,0.100611,-0.907933,0.387162,-0.073909,-0.297829,0.809565,0.099585,-0.912539,0.378184,-0.077054,-0.31703
34,0.811108,0.11693,-0.913568,0.382199,-0.065108,-0.278929,0.797615,0.120375,-0.91929,0.37224,-0.081273,-0.322378,0.800401,0.12483,-0.918393,0.364356,-0.080991,-0.300499,0.797958,0.123358,-0.921814,0.381705,-0.068876,-0.299758
35,0.781051,0.132855,-0.930457,0.37547,-0.060979,-0.318268,0.791308,0.126609,-0.925704,0.384737,-0.074927,-0.317,0.785544,0.147821,-0.927045,0.376401,-0.069243,-0.298584,0.779516,0.132426,-0.92648,0.381914,-0.063434,-0.316073
36,0.793194,0.157485,-0.918899,0.364046,-0.06078,-0.295553,0.77822,0.152208,-0.934692,0.35647,-0.066318,-0.319108,0.784716,0.15836,-0.928046,0.372094,-0.07074,-0.340611,0.780786,0.152816,-0.923446,0.373729,-0.065321,-0.313018
37,0.76708,0.173897,-0.944716,0.364597,-0.050035,-0.306489,0.76507,0.169429,-0.934117,0.371054,-0.035208,-0.326032,0.763046,0.175458,-0.944649,0.365795,-0.05427,-0.326892,0.764075,0.176718,-0.940802,0.377829,-0.04672,-0.325328
38,0.756548,0.196427,-0.947081,0.369114,-0.046709,-0.331578,0.753054,0.198578,-0.955544,0.368206,-0.02743,-0.323857,0.748084,0.190487,-0.947286,0.358386,-0.031517,-0.327371,0.759377,0.201655,-0.948707,0.357385,-0.042446,-0.313849
39,0.746569,0.20693,-0.950468,0.353359,-0.02678,-0.32303,0.746117,0.207851,-0.955168,0.376074,-0.03977,-0.324132,0.742613,0.207609,-0.95575,0.377427,-0.045661,-0.305531,0.749061,0.208483,-0.946166,0.368913,-0.043218,-0.333754
40,0.723396,0.226527,-0.954999,0.372778,-0.024238,-0.322491,0.730647,0.222135,-0.96173,0.346409,-0.038308,-0.33768,0.727487,0.226728,-0.95807,0.366109,-0.026478,-0.325233,0.723002,0.225603,-0.962663,0.365985,-0.001092,-0.325449
41,0.714066,0.253256,-0.95548,0.356588,-0.020149,-0.33738,0.710811,0.240054,-0.957929,0.361679,-0.026461,-0.337242,0.715554,0.237629,-0.962565,0.356356,-0.01505,-0.336803,0.718789,0.241208,-0.96206,0.368559,-0.021984,-0.318673
42,0.709886,0.266957,-0.970878,0.348747,-0.01043,-0.350321,0.692905,0.267315,-0.966807,0.364544,-0.025834,-0.335492,0.70813,0.255025,-0.970857,0.353967,-0.002031,-0.345779,0.697196,0.266757,-0.959901,0.362091,-0.008182,-0.344676
43,0.689315,0.277394,-0.966047,0.341195,-0.009031,-0.345786,0.689181,0.272519,-0.971432,0.352241,-0.009064,-0.344425,0.692522,0.285642,-0.971604,0.337454,-0.013045,-0.338355,0.693407,0.283439,-0.971098,0.355423,-0.02375,-0.345145
44,0.677755,0.300743,-0.978664,0.360542,-0.003223,-0.347351,0.683802,0.306456,-0.981254,0.343462,-0.005057,-0.343863,0.678321,0.303284,-0.97749,0.346371,0.006332,-0.34302,0.665871,0.299946,-0.979656,0.33969,0.005249,-0.365472
45,0.664529,0.316657,-0.973457,0.33318,0.004515,-0.34448,0.663536,0.323491,-0.969768,0.330989,0.021404,-0.343642,0.655414,0.323644,-0.988637,0.330936,0.002488,-0.356616,0.655073,0.309039,-0.979932,0.340127,-0.013155,-0.362228
46,0.647472,0.334518,-0.981924,0.34283,0.017347,-0.35972,0.648324,0.333947,-0.988985,0.32393,0.012698,-0.349526,0.653236,0.332062,-0.989032,0.353948,0.025183,-0.355892,0.64615,0.33657,-0.982734,0.339234,0.012069,-0.365444
47,0.630178,0.361212,-0.983875,0.320741,0.021829,-0.363567,0.634906,0.355445,-0.988611,0.323441,0.013301,-0.33817,0.629736,0.351748,-0.982749,0.338372,0.030152,-0.353694,0.636355,0.351421,-0.985238,0.346411,0.023735,-0.369022
48,0.613676,0.371281,-0.989263,0.335582,0.02844,-0.372956,0.612576,0.368921,-0.99019,0.327552,0.037407,-0.364121,0.61574,0.374651,-0.98753,0.33804,0.030902,-0.377731,0.620751,0.370789,-0.978188,0.317895,0.034862,-0.3666
49,0.609264,0.381774,-0.994247,0.338352,0.029833,-0.390588,0.612205,0.388192,-0.989709,0.331933,0.041122,-0.373458,0.607248,0.386683,-0.999424,0.321787,0.035368,-0.360199,0.601362,0.380972,-0.997912,0.319529,0.035707,-0.370569
50,0.588414,0.422674,-0.994138,0.313639,0.055414,-0.362934,0.587933,0.403243,-0.995067,0.338232,0.038084,-0.364933,0.59209,0.401483,-0.995427,0.325632,0.049634,-0.378621,0.583495,0.415217,-0.996584,0.316376,0.044771,-0.372924
51,0.574795,0.426662,-0.992749,0.306484,0.040662,-0.359241,0.566384,0.421355,-0.995349,0.323415,0.058229,-0.369373,0.57007,0.419587,-0.992411,0.310116,0.04611,-0.37141,0.575656,0.4293,-1.007384,0.319876,0.071692,-0.381699
52,0.554921,0.433494,-1.000272,0.301108,0.064838,-0.379613,0.553452,0.442929,-0.998825,0.314484,0.054498,-0.370988,0.553697,0.439188,-0.999381,0.307238,0.069677,-0.377565,0.550949,0.453652,-0.997066,0.302133,0.075742,-0.379304
53,0.538077,0.454965,-0.999978,0.291481,0.053243,-0.364985,0.539238,0.453887,-0.995436,0.3064,0.073901,-0.376807,0.550516,0.461286,-0.9924,0.3045,0.077346,-0.387918,0.546111,0.453557,-0.995006,0.317313,0.086872,-0.384686
54,0.529118,0.473065,-0.995797,0.287345,0.07299,-0.379624,0.523951,0.479521,-1.001138,0.313028,0.08713,-0.383737,0.524027,0.479288,-0.992405,0.291127,0.083586,-0.366468,0.522778,0.478669,-0.99507,0.285642,0.077405,-0.379678
55,0.517511,0.500958,-1.009452,0.279021,0.092892,-0.395974,0.505203,0.492781,-0.998756,0.317078,0.083313,-0.392921,0.519699,0.487231,-0.992069,0.289536,0.095531,-0.375894,0.506207,0.491949,-1.001001,0.293823,0.083352,-0.396033
56,0.489883,0.510329,-1.001785,0.276142,0.100874,-0.383492,0.48858,0.506829,-1.000351,0.290342,0.088664,-0.386654,0.491546,0.510466,-0.997038,0.299184,0.10036,-0.365224,0.498811,0.489969,-1.003179,0.301971,0.095214,-0.377737
57,0.477649,0.525679,-1.000243,0.273443,0.103256,-0.383435,0.473757,0.524696,-0.99867,0.289656,0.102955,-0.375716,0.482131,0.516787,-0.996664,0.290463,0.08699,-0.369313,0.474092,0.526456,-0.99975,0.279844,0.111023,-0.372617
58,0.460992,0.536222,-1.004348,0.276423,0.09272,-0.395575,0.465435,0.536038,-0.992713,0.28201,0.114166,-0.389658,0.465009,0.542918,-0.992537,0.27731,0.10413,-0.375426,0.463989,0.537845,-1.006241,0.291417,0.116582,-0.38818
59,0.442787,0.564717,-1.000208,0.284553,0.100573,-0.380571,0.438482,0.548398,-1.00339,0.28232,0.125025,-0.391716,0.445212,0.561609,-0.999484,0.26675,0.1111,-0.405472,0.436074,0.567079,-1.00072,0.257606,0.122397,-0.397891
60,0.428785,0.570042,-0.999416,0.27585,0.12772,-0.384626,0.424572,0.572967,-1.001693,0.278746,0.102846,-0.388346,0.424517,0.574681,-0.994878,0.257073,0.118527,-0.401389,0.432261,0.580109,-0.992912,0.26937,0.103908,-0.388706
61,0.398694,0.586041,-1.005556,0.251724,0.133199,-0.402753,0.397125,0.580147,-0.996712,0.266022,0.117991,-0.390173,0.408853,0.589039,-0.985799,0.261678,0.142144,-0.389381,0.413181,0.586066,-0.998766,0.248301,0.12145,-0.398721
62,0.385794,0.603698,-0.987219,0.249003,0.12665,-0.404097,0.389408,0.606044,-0.991684,0.258247,0.144338,-0.405022,0.3954,0.602945,-0.991044,0.261183,0.1313,-0.38823,0.39267,0.6008,-0.991673,0.24304,0.136141,-0.404217
63,0.374117,0.616631,-1.000219,0.24786,0.150781,-0.398781,0.371769,0.616115,-0.996866,0.255741,0.142258,-0.405597,0.373743,0.612747,-0.993388,0.247794,0.139358,-0.375467,0.378492,0.619261,-0.988631,0.261913,0.1493,-0.390486
64,0.350867,0.632449,-0.983295,0.260201,0.145286,-0.399798,0.354907,0.630419,-0.98283,0.243139,0.147695,-0.373267,0.347397,0.634288,-0.994116,0.255996,0.151694,-0.406039,0.362633,0.640078,-0.995136,0.254667,0.152205,-0.407617
65,0.342881,0.635247,-0.987627,0.246748,0.174406,-0.407055,0.336028,0.646062,-0.974977,0.254239,0.149923,-0.396112,0.345108,0.649139,-0.987189,0.251954,0.160782,-0.399325,0.343529,0.650608,-0.986776,0.230789,0.160106,-0.389338
66,0.323334,0.662297,-0.977492,0.2364,0.154929,-0.409132,0.318131,0.665332,-0.984127,0.232022,0.175211,-0.403698,0.318109,0.677659,-0.984081,0.234286,0.175394,-0.404479,0.335812,0.654107,-0.980376,0.226272,0.172057,-0.412504
67,0.292084,0.670443,-0.983838,0.22881,0.18429,-0.418844,0.307846,0.678413,-0.969101,0.230235,0.166908,-0.400503,0.302502,0.680692,-0.974395,0.243128,0.159017,-0.38606,0.308584,0.679023,-0.969916,0.245472,0.176762,-0.408117
68,0.289783,0.690258,-0.976237,0.225204,0.178498,-0.379535,0.293656,0.683578,-0.967804,0.219984,0.196716,-0.396314,0.27767,0.686943,-0.981942,0.231065,0.17505,-0.409052,0.279594,0.686269,-0.967814,0.225082,0.173664,-0.39857
69,0.26419,0.698019,-0.983863,0.221963,0.171946,-0.412166,0.277939,0.69758,-0.969954,0.231338,0.192464,-0.402012,0.261973,0.695346,-0.970438,0.206891,0.201771,-0.406471,0.265433,0.701565,-0.967753,0.209264,0.181428,-0.39785
70,0.242147,0.718071,-0.955505,0.221948,0.182932,-0.394011,0.246503,0.720639,-0.96096,0.195638,0.187468,-0.419088,0.253095,0.719175,-0.958973,0.199079,0.190744,-0.406631,0.244367,0.72011,-0.963346,0.202386,0.176542,-0.3803
71,0.234012,0.727253,-0.957523,0.206078,0.19329,-0.410486,0.222738,0.729966,-0.960511,0.211949,0.200857,-0.383759,0.23214,0.728613,-0.953345,0.217397,0.188609,-0.398514,0.23252,0.728327,-0.960298,0.196888,0.187786,-0.405848
72,0.212773,0.73184,-0.946787,0.214702,0.181455,-0.393444,0.21043,0.741956,-0.956932,0.19916,0.196933,-0.393467,0.21807,0.741038,-0.94747,0.226243,0.204032,-0.399064,0.213327,0.747013,-0.957397,0.195278,0.20014,-0.420117
73,0.192092,0.753225,-0.952863,0.219709,0.211097,-0.398933,0.190402,0.757301,-0.937889,0.198222,0.204596,-0.390579,0.198972,0.75698,-0.953617,0.184909,0.207671,-0.404118,0.196296,0.749389,-0.946203,0.196676,0.200556,-0.385013
74,0.175061,0.773205,-0.936705,0.200305,0.215304,-0.389178,0.176233,0.763324,-0.937407,0.188795,0.212263,-0.393425,0.174775,0.761577,-0.940203,0.189206,0.21299,-0.396818,0.175269,0.7609,-0.940425,0.183949,0.223527,-0.393994
75,0.153686,0.774142,-0.935854,0.174464,0.200914,-0.395015,0.15999,0.77464,-0.92469,0.178739,0.206869,-0.391305,0.159923,0.776727,-0.929669,0.160442,0.220695,-0.41535,0.153793,0.771256,-0.941565,0.17721,0.225118,-0.387352
76,0.127645,0.785755,-0.92155,0.16234,0.240445,-0.394793,0.144996,0.788688,-0.927223,0.158872,0.23837,-0.404836,0.149487,0.783966,-0.933221,0.171744,0.220726,-0.388128,0.134803,0.782029,-0.923806,0.156693,0.228848,-0.418111
77,0.115837,0.798874,-0.926943,0.148245,0.257741,-0.410018,0.118968,0.79657,-0.913,0.165004,0.238822,-0.389023,0.118454,0.796701,-0.929996,0.168865,0.219917,-0.402898,0.118992,0.805755,-0.916547,0.166688,0.230084,-0.387852
78,0.10651,0.812029,-0.909995,0.14765,0.234485,-0.407582,0.098912,0.81349,-0.914715,0.161025,0.246856,-0.397774,0.092538,0.809627,-0.914792,0.143194,0.234994,-0.405837,0.095863,0.819015,-0.913732,0.15126,0.248719,-0.393747
79,0.091037,0.822347,-0.905341,0.131722,0.25604,-0.391419,0.087791,0.821468,-0.897869,0.132142,0.24491,-0.387417,0.082801,0.815013,-0.893927,0.141806,0.252694,-0.408649,0.085544,0.820814,-0.904357,0.14429,0.227986,-0.39361
80,0.06352,0.827551,-0.901701,0.148484,0.249374,-0.400172,0.059912,0.83557,-0.891833,0.15943,0.25608,-0.404931,0.054912,0.837293,-0.896122,0.138162,0.236448,-0.405013,0.055906,0.828856,-0.893824,0.125387,0.273564,-0.384046
81,0.052851,0.852428,-0.890889,0.144007,0.258321,-0.394252,0.043213,0.846395,-0.886107,0.141247,0.263054,-0.410303,0.046725,0.84228,-0.896155,0.129602,0.257301,-0.396127,0.044517,0.838063,-0.882978,0.142052,0.280754,-0.401678
82,0.028246,0.853703,-0.876321,0.136108,0.261556,-0.399889,0.038068,0.846875,-0.877384,0.135466,0.279638,-0.400439,0.027907,0.852898,-0.879403,0.130867,0.262831,-0.398681,0.02177,0.85249,-0.873212,0.140406,0.25456,-0.396849
83,0.008247,0.858858,-0.874364,0.112344,0.278568,-0.38865,0.010194,0.863828,-0.867701,0.135957,0.260725,-0.397276,0.008319,0.857044,-0.862577,0.122193,0.26632,-0.398557,0.009043,0.866236,-0.870741,0.131045,0.281619,-0.389774
84,-0.021185,0.874585,-0.868864,0.109933,0.263341,-0.38114,-0.008305,0.865345,-0.861097,0.120873,0.292939,-0.398535,-0.009907,0.870341,-0.862902,0.085457,0.286022,-0.3907,-0.017662,0.865634,-0.862596,0.125691,0.275134,-0.390225
85,-0.037237,0.879624,-0.849646,0.098106,0.268454,-0.385256,-0.024418,0.877769,-0.84503,0.11196,0.29983,-0.399514,-0.026886,0.882742,-0.850405,0.112213,0.281002,-0.396064,-0.031829,0.880243,-0.857728,0.100123,0.278348,-0.391847
86,-0.053818,0.883457,-0.833344,0.090202,0.284832,-0.374745,-0.050995,0.895593,-0.847597,0.099358,0.292965,-0.379408,-0.052983,0.888485,-0.843297,0.093759,0.267505,-0.381526,-0.04793,0.889294,-0.837337,0.088501,0.298877,-0.388373
87,-0.072788,0.895648,-0.830632,0.100516,0.308432,-0.387998,-0.082861,0.892345,-0.824507,0.08687,0.282749,-0.371525,-0.072669,0.906421,-0.824929,0.09334,0.296233,-0.38516,-0.072443,0.896554,-0.82948,0.095065,0.29053,-0.386949
88,-0.090552,0.904141,-0.817051,0.06918,0.306543,-0.401995,-0.091675,0.912463,-0.823054,0.081354,0.302126,-0.379844,-0.094496,0.906396,-0.818781,0.086238,0.291328,-0.376174,-0.081509,0.902918,-0.818739,0.093415,0.317103,-0.365678
89,-0.105117,0.915252,-0.803294,0.086633,0.299036,-0.38177,-0.104185,0.910433,-0.7942,0.100532,0.313868,-0.385376,-0.101932,0.912438,-0.809677,0.077424,0.303725,-0.383953,-0.107503,0.921078,-0.805081,0.079563,0.290541,-0.375231
90,-0.1196,0.920636,-0.794065,0.083467,0.305449,-0.389185,-0.130181,0.930588,-0.804004,0.06188,0.303157,-0.373944,-0.121226,0.927743,-0.79931,0.073475,0.29158,-0.366559,-0.131204,0.926839,-0.795366,0.065464,0.295151,-0.372616
91,-0.151892,0.931014,-0.786011,0.04395,0.295392,-0.36815,-0.138644,0.931816,-0.786899,0.060105,0.308518,-0.364253,-0.136639,0.930212,-0.787534,0.052535,0.30127,-0.380421,-0.142166,0.926864,-0.787414,0.05898,0.322328,-0.359594
92,-0.164243,0.939788,-0.772437,0.065515,0.323693,-0.385818,-0.161693,0.932702,-0.778748,0.067344,0.306115,-0.383585,-0.164647,0.936681,-0.765257,0.059742,0.303169,-0.389732,-0.161752,0.935676,-0.772471,0.051858,0.335592,-0.374155
93,-0.184739,0.949832,-0.764854,0.056111,0.337653,-0.388861,-0.185952,0.937948,-0.759848,0.04265,0.328137,-0.376589,-0.172715,0.943429,-0.76205,0.038984,0.321185,-0.379719,-0.172221,0.938738,-0.760652,0.061061,0.326711,-0.362454
94,-0.198459,0.946818,-0.746426,0.039084,0.317744,-0.36265,-0.201252,0.945414,-0.749431,0.049848,0.321856,-0.363954,-0.19801,0.953962,-0.753974,0.035965,0.330901,-0.366038,-0.197192,0.942942,-0.753407,0.031722,0.317511,-0.360781
95,-0.2119,0.960447,-0.734251,0.039101,0.310778,-0.370852,-0.22628,0.96196,-0.733318,0.0391,0.331376,-0.380705,-0.225283,0.960078,-0.734887,0.035836,0.329058,-0.35487,-0.214,0.958248,-0.739362,0.023237,0.328657,-0.386967
96,-0.238495,0.955572,-0.719206,0.027157,0.349797,-0.367903,-0.232084,0.961257,-0.724443,0.014414,0.335044,-0.332374,-0.234581,0.957501,-0.716878,0.032201,0.330814,-0.364517,-0.237182,0.955789,-0.720911,0.020185,0.328172,-0.368155
97,-0.252666,0.976604,-0.708059,0.023398,0.349727,-0.360084,-0.254998,0.961241,-0.705099,0.017035,0.333533,-0.36415,-0.256223,0.969858,-0.710109,0.01564,0.340964,-0.348016,-0.254476,0.959188,-0.70653,0.010522,0.326208,-0.357374
98,-0.266318,0.963248,-0.693944,0.010039,0.343904,-0.342123,-0.27506,0.969976,-0.692188,0.015598,0.347882,-0.352648,-0.265828,0.967454,-0.691163,0.017499,0.339628,-0.35671,-0.285639,0.973119,-0.690671,0.024371,0.345803,-0.359787
99,-0.29506,0.967554,-0.682327,0.007382,0.356286,-0.333081,-0.292948,0.982034,-0.681739,0.019337,0.323983,-0.351698,-0.287517,0.975908,-0.678787,-0.015584,0.328196,-0.332233,-0.288868,0.964153,-0.68596,-0.009609,0.343868,-0.323725
100,-0.307782,0.98475,-0.667856,-0.005015,0.352424,-0.356245,-0.307839,0.977663,-0.667285,-0.017912,0.347798,-0.348417,-0.313407,0.984019,-0.660981,0.000226,0.349153,-0.343007,-0.310162,0.974853,-0.670742,-0.003676,0.344672,-0.323576
101,-0.326754,0.980381,-0.654887,-0.01359,0.370421,-0.338421,-0.320433,0.981983,-0.65834,-0.018643,0.334478,-0.339124,-0.329313,0.98249,-0.654242,-0.009722,0.339313,-0.330845,-0.322089,0.982709,-0.655015,-0.014337,0.360585,-0.344444
102,-0.338251,0.986688,-0.636948,-0.03426,0.364332,-0.32779,-0.337415,0.98432,-0.640111,-0.041176,0.347906,-0.337514,-0.350743,0.994174,-0.635302,-0.03356,0.354898,-0.329433,-0.339693,0.984393,-0.644826,-0.002152,0.344654,-0.344558
103,-0.373363,0.988355,-0.622842,-0.037234,0.358026,-0.330643,-0.367784,0.991649,-0.617698,-0.027563,0.356574,-0.304249,-0.366377,0.984359,-0.622825,-0.033878,0.343503,-0.318201,-0.361442,0.981179,-0.63557,-0.027158,0.356552,-0.335563
104,-0.380599,0.986611,-0.608643,-0.044926,0.35763,-0.33104,-0.379985,1.002428,-0.603239,-0.020902,0.351804,-0.318507,-0.378484,0.993247,-0.613161,-0.027601,0.365883,-0.334382,-0.377074,0.985387,-0.610171,-0.033208,0.35149,-0.311164
105,-0.398663,0.996107,-0.590022,-0.03485,0.369174,-0.31572,-0.395754,0.990939,-0.593992,-0.038682,0.365132,-0.319125,-0.396197,0.99045,-0.592497,-0.052624,0.374563,-0.319236,-0.404011,0.992865,-0.58534,-0.059611,0.374022,-0.326391
106,-0.411906,0.995456,-0.582921,-0.041868,0.362278,-0.330722,-0.417587,0.989253,-0.583307,-0.056375,0.374298,-0.318692,-0.413306,0.999001,-0.576987,-0.045521,0.355864,-0.289825,-0.415256,0.992784,-0.586351,-0.050403,0.366588,-0.324181
107,-0.440175,1.001416,-0.565436,-0.062816,0.365538,-0.319284,-0.427832,0.998303,-0.571699,-0.066209,0.386739,-0.321746,-0.431109,0.99483,-0.565477,-0.070969,0.366702,-0.329282,-0.426448,0.987984,-0.562402,-0.067713,0.368891,-0.314427
108,-0.449223,1.00632,-0.547154,-0.059206,0.361583,-0.327101,-0.451215,0.989946,-0.554433,-0.067453,0.360529,-0.302639,-0.453118,1.004741,-0.555036,-0.064946,0.352765,-0.298358,-0.449107,1.001845,-0.542374,-0.070792,0.36602,-0.308221
109,-0.469236,0.999178,-0.540895,-0.064046,0.368273,-0.321723,-0.473192,1.002881,-0.524905,-0.062776,0.396775,-0.299494,-0.463849,1.009333,-0.528164,-0.083434,0.375417,-0.307243,-0.465217,1.006827,-0.527193,-0.068929,0.385669,-0.293107
110,-0.485276,1.001498,-0.526269,-0.072462,0.376654,-0.282503,-0.483239,1.010136,-0.522434,-0.080293,0.375727,-0.289837,-0.482669,0.99679,-0.512457,-0.063395,0.393917,-0.304872,-0.466627,0.998286,-0.507108,-0.087851,0.385687,-0.298187
111,-0.505308,0.996819,-0.503112,-0.08889,0.384272,-0.288954,-0.492645,0.99491,-0.498174,-0.087739,0.379721,-0.289787,-0.496772,0.999662,-0.506254,-0.080756,0.390735,-0.29982,-0.504205,1.006663,-0.498729,-0.077048,0.389943,-0.30025
112,-0.510873,0.999498,-0.484268,-0.090695,0.388726,-0.278612,-0.521055,1.010935,-0.492973,-0.091586,0.374524,-0.290561,-0.517037,1.004389,-0.489904,-0.087521,0.381751,-0.283169,-0.520637,0.998481,-0.488713,-0.099444,0.389343,-0.297425
113,-0.521261,0.995677,-0.459898,-0.09985,0.395433,-0.276124,-0.536426,1.000153,-0.469381,-0.096562,0.373221,-0.309297,-0.526787,1.004292,-0.478424,-0.097856,0.381675,-0.300636,-0.520826,0.996688,-0.474479,-0.111801,0.387147,-0.28348
114,-0.539253,1.002095,-0.449737,-0.147046,0.396812,-0.275043,-0.554934,0.999814,-0.44269,-0.107004,0.384626,-0.282839,-0.550176,0.997871,-0.451352,-0.112022,0.391113,-0.265297,-0.548086,0.993862,-0.450338,-0.095241,0.403724,-0.289749
115,-0.564319,1.010783,-0.437959,-0.124015,0.37581,-0.268655,-0.568713,0.991764,-0.434046,-0.096776,0.385518,-0.264877,-0.562802,1.008014,-0.438959,-0.112231,0.410496,-0.284914,-0.567075,0.994411,-0.429603,-0.118839,0.388768,-0.27398
116,-0.578562,1.001065,-0.41522,-0.124878,0.38979,-0.267048,-0.584671,0.992006,-0.423006,-0.12062,0.386542,-0.274607,-0.579857,0.996319,-0.422342,-0.132669,0.389706,-0.268077,-0.579942,0.996806,-0.415613,-0.119564,0.378043,-0.254718
117,-0.584721,0.996657,-0.402829,-0.128337,0.378956,-0.251779,-0.586034,0.996378,-0.401492,-0.142274,0.388942,-0.256003,-0.589076,0.985753,-0.403428,-0.115389,0.396851,-0.260534,-0.597425,0.99626,-0.404173,-0.119035,0.384557,-0.280679
118,-0.59876,0.99092,-0.382482,-0.151129,0.395211,-0.26737,-0.610914,0.999343,-0.38471,-0.121766,0.411689,-0.245167,-0.604507,0.989082,-0.378693,-0.134735,0.418233,-0.25269,-0.603326,0.99596,-0.386322,-0.133722,0.403896,-0.258599
119,-0.624172,0.992694,-0.364892,-0.145221,0.392616,-0.236829,-0.618106,0.991305,-0.370499,-0.153904,0.397658,-0.265065,-0.634468,0.994204,-0.369934,-0.137449,0.385332,-0.234222,-0.619646,0.989992,-0.360359,-0.156202,0.407312,-0.260215
120,-0.634275,0.989801,-0.353211,-0.164062,0.404188,-0.239241,-0.635688,0.984848,-0.351079,-0.161767,0.410431,-0.254632,-0.634928,0.981259,-0.350246,-0.162355,0.401509,-0.24379,-0.639711,0.98986,-0.351829,-0.159569,0.392167,-0.24722
121,-0.660949,0.997872,-0.327584,-0.165397,0.406301,-0.226051,-0.651549,0.985474,-0.329975,-0.163423,0.376739,-0.231428,-0.656699,0.985826,-0.328392,-0.15723,0.403636,-0.234926,-0.643911,0.980933,-0.330932,-0.179639,0.400119,-0.24617
122,-0.677567,0.976151,-0.311201,-0.153651,0.400404,-0.236431,-0.671978,0.989712,-0.312831,-0.177296,0.411978,-0.24858,-0.659878,0.978697,-0.310515,-0.15504,0.400913,-0.234997,-0.67078,0.97846,-0.308278,-0.164432,0.399846,-0.252298
123,-0.686427,0.975303,-0.29027,-0.161191,0.368635,-0.211601,-0.677495,0.983231,-0.302021,-0.20157,0.393821,-0.231722,-0.682692,0.972533,-0.302687,-0.182751,0.402297,-0.225286,-0.686843,0.976426,-0.295997,-0.165966,0.400808,-0.227012
124,-0.694757,0.97536,-0.269998,-0.167701,0.401639,-0.214446,-0.686622,0.973725,-0.277707,-0.194374,0.400651,-0.220137,-0.689766,0.971797,-0.277465,-0.184974,0.400487,-0.235051,-0.69845,0.965622,-0.280493,-0.173906,0.404684,-0.231395
125,-0.707779,0.964475,-0.255361,-0.188712,0.386621,-0.215836,-0.710748,0.97052,-0.257909,-0.188709,0.397616,-0.222414,-0.704363,0.964822,-0.259788,-0.173192,0.394661,-0.209651,-0.702879,0.96416,-0.255927,-0.173233,0.396683,-0.213968
126,-0.714035,0.964519,-0.237696,-0.17077,0.422497,-0.225155,-0.72069,0.964524,-0.237849,-0.22232,0.393287,-0.209161,-0.716195,0.962661,-0.237813,-0.193507,0.401533,-0.200559,-0.71096,0.961798,-0.242676,-0.179436,0.402512,-0.19738
127,-0.729839,0.963766,-0.213157,-0.195171,0.405372,-0.194154,-0.730199,0.951372,-0.218726,-0.199854,0.408908,-0.190375,-0.728166,0.952199,-0.223861,-0.190094,0.414387,-0.212172,-0.730064,0.946639,-0.223954,-0.196136,0.406382,-0.185047
128,-0.745575,0.951106,-0.203044,-0.210312,0.390647,-0.197055,-0.744005,0.958038,-0.216563,-0.205636,0.410034,-0.188674,-0.739767,0.94823,-0.202668,-0.199469,0.413958,-0.201122,-0.745461,0.954435,-0.209654,-0.221331,0.40048,-0.183148
129,-0.755185,0.934331,-0.181905,-0.222853,0.4014,-0.183407,-0.751289,0.944676,-0.184578,-0.213923,0.399663,-0.194238,-0.762535,0.936937,-0.189694,-0.226938,0.399435,-0.188644,-0.759592,0.938298,-0.182365,-0.204665,0.382816,-0.185761
130,-0.769645,0.938105,-0.16939,-0.209519,0.395944,-0.186616,-0.773321,0.936579,-0.16723,-0.233608,0.39707,-0.18619,-0.759887,0.932685,-0.171568,-0.223741,0.392728,-0.188,-0.779293,0.931734,-0.168038,-0.213479,0.402075,-0.191118
131,-0.777294,0.936194,-0.148601,-0.223784,0.392296,-0.163162,-0.777217,0.927113,-0.152396,-0.23787,0.411541,-0.179396,-0.779123,0.923814,-0.152763,-0.232797,0.415928,-0.190801,-0.782634,0.923634,-0.146378,-0.216029,0.422062,-0.164888
132,-0.804457,0.925697,-0.133479,-0.220755,0.399606,-0.175339,-0.787902,0.922942,-0.130914,-0.234935,0.40279,-0.183819,-0.797832,0.929038,-0.138213,-0.240088,0.407475,-0.181957,-0.789332,0.914334,-0.133293,-0.240736,0.413976,-0.166475
133,-0.801669,0.918477,-0.113356,-0.236197,0.392847,-0.169659,-0.797791,0.920908,-0.107315,-0.221804,0.415892,-0.154199,-0.807152,0.916021,-0.110483,-0.243499,0.394776,-0.154611,-0.816256,0.907401,-0.098636,-0.240604,0.400546,-0.154285
134,-0.823451,0.910383,-0.09193,-0.246411,0.41209,-0.14456,-0.812654,0.901048,-0.097071,-0.250457,0.393465,-0.144131,-0.826742,0.912224,-0.096196,-0.228207,0.414801,-0.137422,-0.812532,0.903063,-0.095397,-0.222289,0.408778,-0.144133
135,-0.832959,0.907222,-0.073375,-0.252942,0.405734,-0.144306,-0.819493,0.89706,-0.076356,-0.251227,0.417646,-0.148466,-0.832279,0.904624,-0.073142,-0.253894,0.386009,-0.142852,-0.828617,0.899798,-0.06413,-0.252371,0.405611,-0.15212
136,-0.842867,0.888402,-0.050499,-0.268882,0.392661,-0.130378,-0.837647,0.903328,-0.047164,-0.245175,0.379836,-0.14308,-0.838912,0.890789,-0.056062,-0.248288,0.377376,-0.139337,-0.831991,0.887043,-0.052754,-0.240201,0.403723,-0.132674
137,-0.847492,0.873532,-0.034158,-0.254699,0.394658,-0.135178,-0.852419,0.883888,-0.033881,-0.249938,0.386829,-0.123597,-0.833746,0.890257,-0.041844,-0.26634,0.393671,-0.146037,-0.85164,0.878179,-0.041213,-0.268713,0.394611,-0.109843
138,-0.856186,0.87138,-0.021318,-0.263044,0.384673,-0.126512,-0.856476,0.870738,-0.017551,-0.263511,0.407163,-0.108229,-0.862146,0.87321,-0.014209,-0.280327,0.402206,-0.135352,-0.860945,0.871482,-0.013226,-0.267686,0.376742,-0.120841
139,-0.869275,0.861888,-0.001789,-0.288723,0.383869,-0.104245,-0.868505,0.865441,0.008049,-0.274443,0.395667,-0.118625,-0.863797,0.866217,-0.00998,-0.272902,0.38889,-0.120744,-0.865097,0.862604,0.011789,-0.27186,0.385087,-0.100416
140,-0.870625,0.855462,0.022166,-0.276273,0.408577,-0.095111,-0.886435,0.852104,0.018453,-0.298009,0.379687,-0.102921,-0.866424,0.848732,0.021263,-0.29319,0.371398,-0.114204,-0.875865,0.858696,0.006573,-0.282093,0.397297,-0.119521
141,-0.879836,0.849665,0.045416,-0.28749,0.386508,-0.092495,-0.89,0.840712,0.040411,-0.287802,0.385916,-0.093503,-0.893765,0.847552,0.041681,-0.30019,0.392644,-0.10469,-0.888136,0.854224,0.042671,-0.293959,0.394616,-0.117676
142,-0.89465,0.839231,0.067139,-0.279409,0.396489,-0.078303,-0.89992,0.836199,0.054771,-0.300034,0.389806,-0.099817,-0.886994,0.840412,0.063377,-0.284548,0.372233,-0.08389,-0.893734,0.835057,0.061189,-0.292077,0.371913,-0.081469
143,-0.893437,0.822862,0.076887,-0.28406,0.383999,-0.091393,-0.904402,0.823168,0.089834,-0.287888,0.385426,-0.107138,-0.897225,0.823403,0.083617,-0.319736,0.385145,-0.080835,-0.895863,0.828075,0.075389,-0.287888,0.39128,-0.102483
144,-0.907979,0.810995,0.10525,-0.306356,0.376761,-0.068292,-0.901491,0.814336,0.090323,-0.291068,0.374587,-0.097712,-0.898901,0.812015,0.088669,-0.297324,0.384896,-0.062797,-0.921611,0.805825,0.09258,-0.295706,0.381579,-0.086235
145,-0.918546,0.813536,0.111844,-0.313384,0.369426,-0.068044,-0.917447,0.806812,0.114051,-0.303622,0.374835,-0.068844,-0.920504,0.804582,0.122744,-0.301712,0.378588,-0.072055,-0.919865,0.801783,0.115002,-0.279487,0.394211,-0.081035
146,-0.919209,0.785425,0.132154,-0.30718,0.361664,-0.062302,-0.936643,0.789693,0.13003,-0.312055,0.351587,-0.077332,-0.925347,0.783408,0.133388,-0.313123,0.346645,-0.059811,-0.930336,0.788649,0.124407,-0.326425,0.38479,-0.058512
147,-0.93901,0.778271,0.147485,-0.315245,0.374403,-0.062932,-0.929036,0.770267,0.150373,-0.304163,0.367014,-0.049465,-0.930872,0.777647,0.156698,-0.331264,0.377995,-0.061098,-0.923061,0.778327,0.166552,-0.321103,0.385506,-0.055567
148,-0.93963,0.772102,0.172435,-0.319831,0.348711,-0.029729,-0.941622,0.772186,0.169183,-0.305259,0.373979,-0.057151,-0.949723,0.766709,0.164183,-0.318882,0.375541,-0.051132,-0.936628,0.768496,0.169068,-0.331284,0.376984,-0.071998
149,-0.952842,0.752395,0.177849,-0.302164,0.36805,-0.03459,-0.94712,0.743271,0.191731,-0.347615,0.361244,-0.044113,-0.934373,0.751152,0.187853,-0.334051,0.372831,-0.053095,-0.947048,0.761753,0.188215,-0.323349,0.356856,-0.023245
150,-0.954673,0.744759,0.203667,-0.317002,0.360736,-0.043973,-0.95309,0.739312,0.208977,-0.334117,0.368548,-0.037097,-0.955368,0.738649,0.215102,-0.309749,0.360315,-0.023464,-0.951383,0.743665,0.209204,-0.329038,0.352735,-0.034193
151,-0.952883,0.732411,0.220927,-0.323536,0.366981,-0.034129,-0.956241,0.732504,0.226173,-0.346027,0.361035,-0.022626,-0.954119,0.730084,0.234049,-0.316595,0.354889,-0.024173,-0.963513,0.725098,0.226649,-0.333063,0.379176,-0.05226
152,-0.964373,0.721258,0.245947,-0.325031,0.361719,-0.021232,-0.958096,0.712901,0.246964,-0.331959,0.358124,-0.023219,-0.962807,0.717537,0.242327,-0.34204,0.359077,-0.01782,-0.954068,0.719263,0.24908,-0.312982,0.376202,-0.013466
153,-0.963582,0.696118,0.259793,-0.345833,0.363179,-0.027767,-0.969991,0.701426,0.264142,-0.342973,0.358081,-0.011641,-0.963069,0.70213,0.261001,-0.336562,0.359428,-0.014298,-0.958303,0.704697,0.255681,-0.337111,0.361815,-0.026427
154,-0.984543,0.692945,0.281614,-0.34984,0.361053,-0.007297,-0.975794,0.693018,0.287667,-0.336337,0.34478,-0.024651,-0.966599,0.694972,0.280446,-0.334168,0.347102,0.00511,-0.975584,0.694226,0.274773,-0.346046,0.347737,-0.006354
155,-0.97351,0.68179,0.299939,-0.347417,0.348071,0.000267,-0.965321,0.672115,0.30609,-0.349304,0.3462,0.007911,-0.9809,0.675741,0.301344,-0.338888,0.332567,0.013836,-0.974864,0.676168,0.30518,-0.353345,0.334119,0.018208
156,-0.969119,0.670867,0.32672,-0.344389,0.343023,-0.004305,-0.979077,0.659762,0.311656,-0.354691,0.347223,0.013598,-0.982689,0.663431,0.322281,-0.357826,0.346192,0.018567,-0.97991,0.661402,0.314289,-0.354974,0.32979,0.007249
157,-0.981476,0.658157,0.338075,-0.366419,0.345358,0.011315,-0.97594,0.647249,0.332228,-0.380683,0.351865,0.012889,-0.979312,0.642967,0.337945,-0.348098,0.332691,0.014336,-0.98776,0.654491,0.329575,-0.355993,0.329088,0.035293
158,-0.990156,0.625372,0.353072,-0.356786,0.338264,0.030596,-0.985869,0.635337,0.348502,-0.366884,0.328544,0.008504,-0.988252,0.629277,0.357039,-0.371815,0.313159,0.036501,-0.988235,0.629802,0.357965,-0.355532,0.342697,0.028285
159,-0.986705,0.611171,0.383177,-0.342953,0.338515,0.018107,-0.989227,0.625603,0.372828,-0.35258,0.332797,0.031236,-0.981254,0.621251,0.373683,-0.354272,0.338093,0.042226,-0.996543,0.620693,0.374595,-0.344063,0.328771,0.031381
160,-0.990481,0.605073,0.388655,-0.367872,0.323644,0.046287,-0.994112,0.604114,0.387256,-0.373397,0.32456,0.048957,-0.995397,0.604606,0.380926,-0.353859,0.32939,0.049119,-0.996442,0.598953,0.391384,-0.370325,0.316147,0.040664
161,-0.994929,0.598971,0.407936,-0.365942,0.315809,0.051633,-0.99113,0.583778,0.411194,-0.343708,0.329185,0.055109,-0.998058,0.594415,0.400422,-0.375986,0.341032,0.046297,-0.993407,0.588238,0.412784,-0.372082,0.322311,0.032724
162,-0.996828,0.574757,0.416145,-0.374871,0.310976,0.060944,-1.002735,0.575367,0.419098,-0.369623,0.330668,0.056068,-0.992793,0.576648,0.428435,-0.375909,0.314212,0.048666,-0.994331,0.578412,0.430653,-0.358391,0.306527,0.042979
163,-1.001055,0.562345,0.44149,-0.369159,0.309491,0.059731,-1.006346,0.556188,0.437809,-0.366107,0.301097,0.058981,-0.996013,0.550036,0.438336,-0.375234,0.311487,0.063287,-0.992103,0.553057,0.444241,-0.371474,0.295225,0.058962
164,-1.00675,0.547616,0.455154,-0.370387,0.304949,0.078887,-0.99955,0.550934,0.457117,-0.358714,0.315803,0.065499,-0.993191,0.542833,0.452665,-0.380777,0.289889,0.085196,-1.003357,0.543434,0.454126,-0.380531,0.321026,0.049012
165,-1.001341,0.524413,0.472939,-0.377792,0.284796,0.069425,-1.003027,0.530102,0.457658,-0.368773,0.309198,0.074953,-0.991241,0.51804,0.474566,-0.368684,0.313273,0.071526,-1.003513,0.528415,0.481102,-0.37146,0.298941,0.073201
166,-1.00467,0.508747,0.484637,-0.39705,0.296305,0.086615,-1.007173,0.508947,0.489172,-0.373902,0.290441,0.070401,-1.00063,0.503865,0.478922,-0.382412,0.285645,0.076205,-0.999666,0.513132,0.495404,-0.388083,0.285416,0.10682
167,-0.468095,0.231432,0.497459,-0.626762,0.618161,0.088101,-0.261631,0.126002,0.507635,-0.839013,0.83686,0.081321,-0.466377,0.229394,0.513066,-0.610885,0.605753,0.098543,-0.587163,0.300031,0.505398,-0.459378,0.461521,0.090675
168,-0.468577,0.232892,0.511468,-0.602552,0.601054,0.090376,-0.260284,0.131583,0.527102,-0.848286,0.870548,0.092806,-0.476327,0.227714,0.529972,-0.605437,0.598415,0.096766,-0.586124,0.283478,0.516592,-0.482161,0.486133,0.119877
169,-0.472429,0.218668,0.548859,-0.600471,0.619476,0.091302,-0.264593,0.121552,0.547804,-0.859602,0.864185,0.09387,-0.47105,0.221439,0.541386,-0.617125,0.622376,0.105652,-0.586565,0.277003,0.534823,-0.476861,0.477207,0.089659
170,-0.470158,0.205237,0.55258,-0.622857,0.619761,0.091042,-0.254129,0.107643,0.556428,-0.852753,0.856603,0.111921,-0.471583,0.203126,0.554792,-0.628926,0.629491,0.131662,-0.592978,0.254877,0.554106,-0.481459,0.494797,0.109078
171,-0.471001,0.200531,0.566732,-0.629193,0.631191,0.134152,-0.245294,0.110436,0.564278,-0.858275,0.880793,0.109753,-0.467877,0.19762,0.573121,-0.624122,0.619747,0.142519,-0.573491,0.251825,0.569634,-0.488716,0.483816,0.120454
172,-0.474284,0.182868,0.583734,-0.629334,0.616717,0.137041,-0.257496,0.110947,0.586295,-0.863193,0.881491,0.134233,-0.464479,0.201533,0.581882,-0.625329,0.606728,0.13806,-0.586217,0.249774,0.586892,-0.488582,0.486549,0.123519
173,-0.476032,0.182612,0.597617,-0.625781,0.61979,0.141084,-0.265574,0.111879,0.600497,-0.889901,0.889279,0.150775,-0.464152,0.17913,0.592287,-0.614696,0.61375,0.142892,-0.587043,0.240062,0.595959,-0.482244,0.474321,0.143017
174,-0.461658,0.179474,0.616689,-0.616075,0.639345,0.136275,-0.259839,0.098882,0.624252,-0.882057,0.865256,0.147032,-0.471281,0.187101,0.610293,-0.628584,0.621825,0.159121,-0.585,0.214829,0.611247,-0.48348,0.483173,0.138945
175,-0.46022,0.170329,0.628748,-0.603627,0.620395,0.151079,-0.257525,0.092709,0.632967,-0.891299,0.881633,0.144347,-0.461313,0.175988,0.633852,-0.635297,0.628588,0.138382,-0.584571,0.214818,0.626099,-0.484422,0.479261,0.154075
176,-0.460018,0.158893,0.644544,-0.633326,0.623774,0.175497,-0.256116,0.086313,0.651936,-0.883729,0.869619,0.13529,-0.470167,0.163184,0.649128,-0.620639,0.636607,0.134126,-0.58126,0.203995,0.639859,-0.492701,0.493683,0.163337
177,-0.454044,0.15906,0.65843,-0.625302,0.621691,0.170102,-0.254467,0.081063,0.660353,-0.87028,0.861271,0.172093,-0.462354,0.157221,0.65705,-0.624933,0.620874,0.162389,-0.579894,0.182803,0.658965,-0.48516,0.505146,0.168743
178,-0.461137,0.147993,0.665337,-0.643577,0.650997,0.158793,-0.253668,0.085003,0.667559,-0.869658,0.899692,0.179471,-0.454807,0.146069,0.672249,-0.626662,0.628852,0.179179,-0.574427,0.173362,0.672788,-0.47963,0.473871,0.168542
179,-0.460662,0.124266,0.689385,-0.616734,0.633928,0.163557,-0.245917,0.077233,0.681369,-0.906802,0.869455,0.18179,-0.460718,0.135244,0.686697,-0.641397,0.648662,0.190462,-0.578584,0.164282,0.683268,-0.489832,0.49273,0.178043
180,-0.450181,0.127256,0.694049,-0.639197,0.628627,0.195106,-0.253815,0.070679,0.693542,-0.876372,0.891548,0.196474,-0.44869,0.127434,0.706443,-0.621483,0.635737,0.155564,-0.564507,0.161848,0.692201,-0.503292,0.479288,0.191536
181,-0.452633,0.10555,0.709278,-0.611569,0.639409,0.181975,-0.245115,0.066881,0.708454,-0.89463,0.894716,0.181194,-0.458326,0.119457,0.709291,-0.6382,0.641801,0.186402,-0.576552,0.147522,0.715187,-0.484897,0.492735,0.179295
182,-0.464692,0.110559,0.724799,-0.645307,0.637499,0.177002,-0.250705,0.059473,0.726221,-0.901177,0.90034,0.205011,-0.456556,0.110782,0.725145,-0.642932,0.624002,0.195227,-0.564059,0.141845,0.72838,-0.507917,0.492775,0.199693
183,-0.444997,0.100992,0.735451,-0.637711,0.657177,0.22172,-0.243777,0.050579,0.737966,-0.897135,0.903752,0.208277,-0.449792,0.098561,0.736277,-0.644585,0.637329,0.220956,-0.565254,0.113786,0.73946,-0.480831,0.472896,0.199707
184,-0.452633,0.095216,0.758885,-0.621116,0.641342,0.22638,-0.241746,0.060457,0.757552,-0.893154,0.891555,0.211446,-0.440875,0.102822,0.741427,-0.642262,0.629495,0.198132,-0.553385,0.109844,0.752858,-0.471824,0.50668,0.201047
185,-0.443573,0.080248,0.76659,-0.63783,0.654543,0.208992,-0.239247,0.045621,0.773005,-0.901492,0.907871,0.204253,-0.442972,0.085753,0.763613,-0.622486,0.638126,0.207609,-0.544991,0.105751,0.769782,-0.496859,0.477335,0.205905
186,-0.447386,0.065539,0.768176,-0.635536,0.640935,0.215813,-0.245124,0.042481,0.783566,-0.902373,0.87829,0.218708,-0.433853,0.078568,0.775235,-0.641795,0.634862,0.229752,-0.555824,0.094687,0.775929,-0.496274,0.506861,0.240164
187,-0.440076,0.066641,0.789265,-0.632301,0.642532,0.24253,-0.24428,0.03943,0.787201,-0.885792,0.884597,0.236525,-0.434149,0.063071,0.784408,-0.642255,0.628646,0.249478,-0.546814,0.086845,0.793589,-0.486871,0.49386,0.246456
188,-0.432865,0.057223,0.797853,-0.639632,0.648617,0.234286,-0.247306,0.040992,0.802531,-0.890372,0.892408,0.241733,-0.433696,0.05483,0.792945,-0.645825,0.623687,0.242657,-0.536751,0.066883,0.79734,-0.489778,0.502063,0.225122
189,-0.428357,0.049812,0.800189,-0.630414,0.63087,0.230503,-0.236894,0.023842,0.807958,-0.89087,0.891687,0.24494,-0.441872,0.048737,0.805932,-0.632094,0.629617,0.240033,-0.540047,0.07139,0.813109,-0.504297,0.493397,0.249131
190,-0.440505,0.044008,0.813883,-0.61509,0.646458,0.254933,-0.234378,0.014139,0.819455,-0.881449,0.880028,0.246634,-0.430279,0.027458,0.824036,-0.63964,0.633855,0.235653,-0.529398,0.041875,0.82101,-0.496129,0.498275,0.260976
191,-0.415662,0.032829,0.831794,-0.623706,0.632372,0.249709,-0.232511,0.019881,0.827837,-0.882496,0.879358,0.237422,-0.427475,0.026174,0.823467,-0.638041,0.61186,0.251868,-0.521207,0.047514,0.823989,-0.473771,0.484962,0.255251
192,-0.421212,0.016166,0.851305,-0.629364,0.631543,0.272388,-0.227589,0.015191,0.843499,-0.87295,0.859492,0.258892,-0.419647,0.032384,0.836975,-0.61885,0.620258,0.242308,-0.517946,0.021587,0.832098,-0.485021,0.481864,0.243747
193,-0.41125,0.007627,0.857455,-0.633465,0.615074,0.270129,-0.228785,0.008345,0.844778,-0.853523,0.868702,0.280467,-0.416896,0.009357,0.848158,-0.633281,0.626252,0.243905,-0.522503,0.016079,0.854823,-0.478301,0.516008,0.26026
194,-0.408797,0.003512,0.852427,-0.625623,0.625401,0.282319,-0.233579,0.003268,0.859272,-0.874182,0.851343,0.280884,-0.414226,0.001066,0.859981,-0.59487,0.618663,0.278174,-0.511777,0.009284,0.857084,-0.487281,0.488214,0.259518
195,-0.407984,-0.006476,0.869097,-0.627573,0.618352,0.275121,-0.223217,-0.010276,0.872486,-0.858676,0.875128,0.253499,-0.40322,-0.004677,0.872097,-0.616359,0.613771,0.272395,-0.499962,0.002833,0.882315,-0.483618,0.488864,0.26956
196,-0.397035,-0.010618,0.87796,-0.618707,0.611425,0.284198,-0.228842,-0.008061,0.880666,-0.854177,0.878067,0.29829,-0.406063,-0.012381,0.887507,-0.621799,0.60826,0.287814,-0.495528,-0.01622,0.888533,-0.474259,0.479695,0.269759
197,-0.397745,-0.026423,0.892421,-0.611709,0.62296,0.280104,-0.221997,-0.01453,0.892388,-0.868576,0.858473,0.30206,-0.390208,-0.022989,0.892156,-0.608192,0.61584,0.275848,-0.499965,-0.024673,0.890918,-0.496211,0.471329,0.270571
198,-0.383057,-0.03314,0.892441,-0.61693,0.619451,0.282363,-0.219994,-0.014428,0.898101,-0.863681,0.862461,0.294301,-0.388443,-0.038061,0.89632,-0.621934,0.619864,0.286476,-0.480708,-0.035096,0.906625,-0.478482,0.480078,0.300774
199,-0.392176,-0.043304,0.895894,-0.59022,0.615878,0.2711,-0.20646,-0.014136,0.907031,-0.840306,0.856124,0.299285,-0.384285,-0.043251,0.908087,-0.615765,0.610131,0.307615,-0.482256,-0.053064,0.89805,-0.476301,0.468665,0.321705
200,-0.376425,-0.048097,0.909501,-0.589773,0.600731,0.310574,-0.209007,-0.036355,0.917575,-0.855521,0.84084,0.303366,-0.380117,-0.044798,0.919208,-0.603314,0.599774,0.305835,-0.473646,-0.060671,0.921145,-0.465705,0.480279,0.296149
201,-0.38305,-0.063292,0.915555,-0.600381,0.592458,0.296585,-0.202527,-0.027144,0.921433,-0.83014,0.842502,0.296213,-0.37101,-0.051439,0.91954,-0.597189,0.605171,0.303198,-0.470485,-0.064725,0.925772,-0.47537,0.454917,0.307394
202,-0.368418,-0.067802,0.924761,-0.592108,0.59573,0.318842,-0.2054,-0.035154,0.924695,-0.843758,0.821506,0.304424,-0.370998,-0.064037,0.927015,-0.589947,0.585937,0.32429,-0.455852,-0.081966,0.919896,-0.463609,0.449151,0.314715
203,-0.376203,-0.078943,0.941937,-0.58956,0.598241,0.306457,-0.189962,-0.041617,0.928072,-0.815117,0.806941,0.312869,-0.362704,-0.071973,0.9454,-0.594829,0.615799,0.291092,-0.455293,-0.093555,0.932203,-0.456835,0.447664,0.327429
204,-0.366212,-0.082108,0.931997,-0.590415,0.588484,0.329556,-0.196394,-0.042501,0.949976,-0.83262,0.810767,0.322675,-0.356904,-0.085325,0.944811,-0.585054,0.588281,0.32347,-0.451387,-0.104121,0.931431,-0.452977,0.452037,0.302098
205,-0.355196,-0.096213,0.946429,-0.580585,0.587371,0.325909,-0.201582,-0.05031,0.939259,-0.807766,0.807079,0.306242,-0.355877,-0.087776,0.950028,-0.5838,0.568555,0.321298,-0.450232,-0.113667,0.939721,-0.467453,0.435484,0.323306
206,-0.344852,-0.099071,0.947951,-0.579984,0.568821,0.352857,-0.196489,-0.052253,0.948405,-0.789921,0.808493,0.329712,-0.345077,-0.100239,0.958977,-0.576305,0.601123,0.354731,-0.430702,-0.124796,0.962372,-0.454445,0.436069,0.346334
207,-0.334118,-0.111904,0.95703,-0.563159,0.557391,0.338381,-0.195669,-0.073437,0.953846,-0.807086,0.81341,0.331692,-0.342016,-0.118291,0.961011,-0.553933,0.559715,0.332029,-0.425734,-0.133557,0.955673,-0.430227,0.448192,0.34965
208,-0.339822,-0.120388,0.961668,-0.575601,0.544569,0.345286,-0.185036,-0.061005,0.967024,-0.796078,0.76475,0.351304,-0.34037,-0.116505,0.962761,-0.573698,0.556068,0.346381,-0.417943,-0.153682,0.964445,-0.436017,0.426598,0.343705
209,-0.324925,-0.127993,0.966756,-0.56639,0.565842,0.345285,-0.186317,-0.063509,0.963966,-0.769602,0.787554,0.337863,-0.322462,-0.121804,0.969916,-0.551043,0.558485,0.341256,-0.409229,-0.154171,0.960048,-0.433928,0.438535,0.321664
210,-0.320961,-0.133654,0.976966,-0.54825,0.54268,0.361556,-0.175154,-0.077009,0.972558,-0.769899,0.788903,0.344573,-0.322806,-0.12666,0.972176,-0.560659,0.546268,0.330835,-0.398372,-0.165978,0.975048,-0.451684,0.450172,0.345502
211,-0.310627,-0.147489,0.974721,-0.553749,0.558584,0.350994,-0.166208,-0.078045,0.976665,-0.772691,0.767688,0.353354,-0.32251,-0.141348,0.976097,-0.532946,0.550752,0.348619,-0.393478,-0.176342,0.969025,-0.428464,0.41673,0.355674
212,-0.315236,-0.150504,0.991948,-0.545665,0.553001,0.355515,-0.17379,-0.078187,0.98583,-0.753691,0.758787,0.359551,-0.302489,-0.155795,0.974624,-0.548707,0.535716,0.366222,-0.386472,-0.188997,0.980446,-0.419012,0.405093,0.35695
213,-0.300718,-0.160424,0.98158,-0.55343,0.533791,0.349628,-0.160732,-0.095646,0.985228,-0.754666,0.758991,0.341909,-0.303941,-0.167805,0.982871,-0.536951,0.525541,0.354393,-0.380289,-0.201624,0.973796,-0.413488,0.41053,0.363095
214,-0.296302,-0.171735,0.999737,-0.523943,0.544759,0.366523,-0.163813,-0.097063,0.997891,-0.73792,0.729994,0.338141,-0.298571,-0.167465,0.984875,-0.50815,0.539461,0.368783,-0.371431,-0.218826,0.995357,-0.434749,0.394797,0.355469
215,-0.288032,-0.172797,0.990135,-0.510518,0.507686,0.36941,-0.158994,-0.095759,0.984214,-0.738204,0.734583,0.369957,-0.294859,-0.172217,0.993303,-0.520569,0.530742,0.363786,-0.367331,-0.227327,0.991695,-0.395829,0.399392,0.351871
216,-0.283465,-0.191182,0.989196,-0.514633,0.521273,0.361645,-0.15657,-0.096987,0.998,-0.721647,0.723169,0.356844,-0.273939,-0.182676,0.990529,-0.527454,0.520221,0.378092,-0.347265,-0.239712,0.99638,-0.391085,0.405942,0.362976
217,-0.26083,-0.199424,0.989472,-0.514281,0.515197,0.376186,-0.149164,-0.101993,0.991334,-0.707055,0.709112,0.368424,-0.271911,-0.194294,0.995129,-0.507035,0.503072,0.374913,-0.34378,-0.245072,0.997751,-0.399181,0.405047,0.358534
218,-0.261847,-0.20809,0.996777,-0.507682,0.496748,0.380671,-0.145521,-0.1097,1.000023,-0.701394,0.710046,0.369443,-0.267265,-0.208443,0.989314,-0.507388,0.506237,0.357691,-0.335021,-0.247858,1.000357,-0.3803,0.395611,0.381745
219,-0.261478,-0.217417,0.999709,-0.502961,0.496088,0.380898,-0.136189,-0.111907,0.998661,-0.708074,0.701152,0.377831,-0.259676,-0.221927,1.000598,-0.478882,0.486533,0.356547,-0.315126,-0.265874,1.002142,-0.378363,0.388555,0.366511
220,-0.249157,-0.219361,1.008587,-0.477856,0.47209,0.366377,-0.141037,-0.125812,1.006264,-0.678499,0.689838,0.376717,-0.250249,-0.215542,1.002376,-0.49032,0.501999,0.370633,-0.318746,-0.284375,0.998368,-0.390854,0.37911,0.348653
221,-0.248704,-0.220744,1.00491,-0.455981,0.459151,0.391311,-0.133643,-0.130742,0.996314,-0.677483,0.656192,0.366466,-0.246137,-0.230971,0.987945,-0.455843,0.475735,0.381582,-0.302414,-0.283249,1.009174,-0.352675,0.376541,0.372129
222,-0.238448,-0.226757,0.997124,-0.473959,0.473817,0.377233,-0.137795,-0.127854,1.002156,-0.661117,0.657383,0.3787,-0.239804,-0.232739,0.992514,-0.459815,0.458749,0.418166,-0.292243,-0.275139,0.998778,-0.34837,0.361824,0.384345
223,-0.231084,-0.239683,0.998076,-0.454429,0.438348,0.375811,-0.119997,-0.1283,1.002292,-0.648578,0.640026,0.379433,-0.229086,-0.249939,1.004107,-0.456938,0.442857,0.36639,-0.293569,-0.298383,1.003807,-0.363883,0.361092,0.372756
224,-0.213728,-0.242137,1.006696,-0.446377,0.458204,0.401737,-0.121208,-0.129118,1.000876,-0.628595,0.625647,0.40454,-0.221452,-0.248585,0.997768,-0.45225,0.455763,0.393723,-0.272085,-0.308837,1.001434,-0.344339,0.339108,0.3836
225,-0.213289,-0.260224,0.999716,-0.460746,0.444882,0.387053,-0.122825,-0.141494,0.998537,-0.620102,0.624428,0.396331,-0.210038,-0.255658,0.992602,-0.439608,0.434609,0.392528,-0.27465,-0.320903,0.995609,-0.342444,0.344834,0.408436
226,-0.209802,-0.255268,1.000006,-0.426939,0.423993,0.385007,-0.112463,-0.142632,0.995421,-0.613858,0.604176,0.394248,-0.20469,-0.266809,0.98568,-0.444689,0.444417,0.41156,-0.264814,-0.325857,0.998101,-0.343465,0.328821,0.394108
227,-0.194926,-0.267883,0.991527,-0.424867,0.429233,0.393171,-0.100018,-0.150337,0.998293,-0.59505,0.595525,0.384305,-0.1923,-0.271409,0.991872,-0.418396,0.419656,0.388352,-0.251466,-0.338132,1.009731,-0.342616,0.34935,0.379123
228,-0.186143,-0.2815,0.997984,-0.406163,0.417743,0.401783,-0.113123,-0.154016,0.990131,-0.59118,0.578977,0.39509,-0.196981,-0.27297,0.990385,-0.416171,0.413919,0.402269,-0.235387,-0.349819,0.989433,-0.327684,0.319761,0.384561
229,-0.181151,-0.280948,0.995776,-0.417672,0.416728,0.389176,-0.104836,-0.164241,0.993883,-0.568575,0.575864,0.386539,-0.178821,-0.282139,0.993196,-0.410843,0.400404,0.408513,-0.22505,-0.369198,0.989009,-0.319397,0.313904,0.395022
230,-0.175408,-0.300207,0.986748,-0.391553,0.386036,0.385485,-0.092903,-0.156359,1.00091,-0.554752,0.553555,0.401353,-0.173632,-0.298265,0.981985,-0.394904,0.389336,0.416896,-0.220606,-0.366756,0.993361,-0.293439,0.286152,0.406102
231,-0.166806,-0.300484,0.995094,-0.376282,0.374497,0.394615,-0.091909,-0.170895,0.981306,-0.540531,0.549306,0.398374,-0.166424,-0.302479,0.979891,-0.405861,0.367346,0.390515,-0.210538,-0.376918,0.984348,-0.293115,0.307747,0.397691
232,-0.160007,-0.300523,0.988694,-0.380316,0.378482,0.401227,-0.078874,-0.165575,0.981041,-0.545498,0.531892,0.399458,-0.157888,-0.310925,0.979109,-0.375846,0.38202,0.401865,-0.190995,-0.379213,0.973814,-0.306509,0.294276,0.394682
233,-0.145084,-0.307172,0.969239,-0.361836,0.372448,0.39283,-0.065253,-0.170327,0.979035,-0.529823,0.511281,0.405916,-0.148583,-0.314555,0.979869,-0.379816,0.37379,0.400854,-0.178404,-0.386535,0.979492,-0.278816,0.287202,0.41272
234,-0.149719,-0.320086,0.978035,-0.345879,0.359904,0.398067,-0.080946,-0.17234,0.974175,-0.500384,0.510122,0.401884,-0.144726,-0.318764,0.97893,-0.357964,0.360223,0.413113,-0.176694,-0.400983,0.969841,-0.290278,0.280334,0.394741
235,-0.116918,-0.322503,0.967863,-0.350987,0.339999,0.422688,-0.077484,-0.182975,0.976684,-0.505987,0.49827,0.398425,-0.128259,-0.332958,0.968923,-0.346415,0.354973,0.403648,-0.159565,-0.403187,0.971237,-0.2571,0.27302,0.422202
236,-0.12528,-0.330453,0.967393,-0.339681,0.330876,0.407012,-0.074921,-0.178395,0.966122,-0.482615,0.463925,0.40505,-0.119114,-0.340831,0.970016,-0.342452,0.33541,0.413838,-0.156779,-0.413746,0.971014,-0.258666,0.25059,0.421667
237,-0.113093,-0.333675,0.950291,-0.318506,0.326774,0.411289,-0.064715,-0.182162,0.962339,-0.457077,0.459019,0.387053,-0.120438,-0.341703,0.953866,-0.321623,0.322504,0.380688,-0.133243,-0.414793,0.955226,-0.263423,0.25132,0.406654
238,-0.103231,-0.344642,0.952165,-0.312554,0.319397,0.42364,-0.053696,-0.186643,0.953792,-0.451162,0.443586,0.413319,-0.108256,-0.346168,0.954645,-0.310989,0.321356,0.408822,-0.13663,-0.418321,0.960258,-0.257296,0.249018,0.404178
239,-0.097801,-0.348579,0.955076,-0.305461,0.296446,0.397974,-0.051757,-0.189156,0.951296,-0.433214,0.423008,0.394843,-0.096356,-0.351091,0.952793,-0.305653,0.318317,0.408212,-0.11867,-0.440087,0.952502,-0.224892,0.241809,0.405121
240,-0.099776,-0.356495,0.941612,-0.27427,0.302714,0.397295,-0.048682,-0.198055,0.948777,-0.425015,0.411309,0.409067,-0.08965,-0.36357,0.947867,-0.320595,0.300765,0.405408,-0.105791,-0.442007,0.94528,-0.238389,0.221463,0.404705
241,-0.080404,-0.368485,0.943815,-0.312124,0.292508,0.392547,-0.050714,-0.202057,0.942164,-0.400679,0.400983,0.395546,-0.079793,-0.361065,0.938137,-0.28887,0.284658,0.374824,-0.110633,-0.446195,0.94173,-0.233196,0.244506,0.401723
242,-0.063571,-0.371608,0.933034,-0.296079,0.28159,0.403658,-0.027439,-0.209384,0.926505,-0.384318,0.414657,0.394721,-0.063721,-0.363993,0.937762,-0.297516,0.281125,0.400975,-0.088145,-0.465817,0.941363,-0.206714,0.216462,0.400383
243,-0.066505,-0.375233,0.926227,-0.283381,0.269827,0.38439,-0.03742,-0.205418,0.925319,-0.372356,0.373456,0.378109,-0.062005,-0.370396,0.937531,-0.281872,0.267483,0.387572,-0.081902,-0.46672,0.913132,-0.205842,0.209631,0.400299
244,-0.055945,-0.379565,0.920462,-0.264616,0.263869,0.400624,-0.036101,-0.211108,0.922555,-0.365908,0.37052,0.406255,-0.045384,-0.386271,0.921957,-0.266414,0.258593,0.398956,-0.065022,-0.470515,0.916271,-0.204954,0.194872,0.395562
245,-0.040145,-0.388142,0.915032,-0.256014,0.251042,0.39911,-0.017835,-0.210218,0.904974,-0.341222,0.339781,0.401789,-0.041417,-0.375287,0.908307,-0.249985,0.248755,0.395122,-0.059871,-0.486588,0.901925,-0.172627,0.205703,0.38317
246,-0.029373,-0.392971,0.90525,-0.227889,0.236262,0.396076,-0.016891,-0.220048,0.901481,-0.327874,0.337222,0.404562,-0.038866,-0.379475,0.900254,-0.244934,0.245286,0.397784,-0.051499,-0.486748,0.902885,-0.182027,0.182338,0.38021
247,-0.028538,-0.398397,0.896201,-0.20827,0.209331,0.419587,-0.006836,-0.212489,0.889908,-0.313762,0.299812,0.397157,-0.033621,-0.403489,0.888739,-0.222926,0.220726,0.382385,-0.027684,-0.489903,0.894715,-0.175316,0.172189,0.392389
248,-0.026949,-0.39788,0.886655,-0.207564,0.207948,0.403497,-0.015401,-0.225433,0.895695,-0.301508,0.316148,0.412294,-0.02186,-0.396256,0.879102,-0.203819,0.210864,0.383396,-0.021212,-0.503473,0.883593,-0.163058,0.168655,0.392392
249,-0.008291,-0.402791,0.878023,-0.184027,0.202845,0.403891,-0.010151,-0.226198,0.870786,-0.296547,0.2746,0.399581,-0.009859,-0.400732,0.878194,-0.189422,0.192524,0.406176,-0.007723,-0.508307,0.875422,-0.157982,0.16508,0.396704
250,0.000616,-0.405055,0.860053,-0.199588,0.198693,0.399629,0.001358,-0.233119,0.864321,-0.264809,0.263983,0.391688,-2.2e-05,-0.397695,0.860316,-0.191811,0.189406,0.3923,0.001708,-0.509198,0.863403,-0.146532,0.150662,0.391825
251,0.010716,-0.410566,0.863593,-0.18783,0.168771,0.395809,-0.000696,-0.225911,0.849283,-0.258423,0.265492,0.394296,0.010057,-0.41483,0.853331,-0.164323,0.170654,0.382216,0.013982,-0.526186,0.856864,-0.144481,0.130417,0.400041
252,0.024347,-0.413443,0.851754,-0.154817,0.160335,0.377673,0.017503,-0.225144,0.845719,-0.221918,0.236802,0.39146,0.021608,-0.419077,0.843149,-0.168882,0.16675,0.395356,0.017877,-0.51743,0.842803,-0.125121,0.13645,0.390051
253,0.01889,-0.412096,0.84066,-0.158014,0.16312,0.381468,0.018315,-0.228686,0.835129,-0.225417,0.212773,0.372814,0.029539,-0.421576,0.82783,-0.1512,0.160437,0.38995,0.026236,-0.517124,0.835261,-0.119922,0.128384,0.387968
254,0.038105,-0.431178,0.834988,-0.135759,0.156473,0.371406,0.023368,-0.235466,0.823616,-0.186999,0.198776,0.372973,0.034219,-0.418283,0.825168,-0.124013,0.122579,0.392962,0.037467,-0.536106,0.829295,-0.126787,0.098072,0.375905
255,0.045967,-0.424172,0.819655,-0.114825,0.120803,0.370432,0.028607,-0.237159,0.807328,-0.183455,0.182957,0.393536,0.044285,-0.420873,0.814783,-0.125337,0.13587,0.373845,0.062246,-0.539325,0.811049,-0.098301,0.099765,0.396922
256,0.053079,-0.427982,0.805268,-0.117893,0.118409,0.388984,0.028343,-0.240194,0.7956,-0.172081,0.155662,0.378481,0.057941,-0.439712,0.798657,-0.117751,0.111195,0.360934,0.067217,-0.537874,0.80842,-0.082444,0.086175,0.370414
257,0.061494,-0.434768,0.787003,-0.122634,0.113115,0.369317,0.033686,-0.247622,0.796295,-0.148225,0.166621,0.369358,0.055665,-0.436391,0.792685,-0.100479,0.117328,0.383619,0.071039,-0.548073,0.791273,-0.079614,0.069098,0.362451
258,0.070351,-0.43724,0.770861,-0.097314,0.10085,0.364574,0.040933,-0.246286,0.780383,-0.137859,0.120444,0.369005,0.062012,-0.432736,0.782755,-0.113227,0.102055,0.366045,0.088405,-0.548301,0.789906,-0.076005,0.085374,0.357634
259,0.084544,-0.447205,0.782225,-0.082104,0.087541,0.385422,0.04761,-0.24754,0.77097,-0.108955,0.110049,0.358582,0.084418,-0.444362,0.77488,-0.089929,0.083803,0.371209,0.097797,-0.550689,0.773004,-0.067409,0.058226,0.376341
260,0.092549,-0.444754,0.751745,-0.058722,0.05988,0.37367,0.049925,-0.251168,0.762034,-0.095837,0.108953,0.372199,0.095068,-0.446061,0.756899,-0.064961,0.073211,0.370789,0.111505,-0.547958,0.760428,-0.063883,0.066948,0.361486
261,0.091382,-0.44838,0.735896,-0.052613,0.045463,0.357251,0.043651,-0.242616,0.74755,-0.084567,0.079848,0.372475,0.101681,-0.455311,0.749461,-0.064479,0.051964,0.370573,0.127067,-0.553384,0.73875,-0.04047,0.038645,0.366131
262,0.102406,-0.443926,0.729325,-0.051324,0.043776,0.381526,0.060276,-0.245646,0.731634,-0.047777,0.064374,0.353586,0.108746,-0.450821,0.726861,-0.04126,0.042081,0.369791,0.126211,-0.566582,0.727037,-0.044814,0.036939,0.355378
263,0.118259,-0.45124,0.70112,-0.040581,0.040229,0.357604,0.064073,-0.240464,0.718193,-0.039269,0.056206,0.342328,0.113452,-0.451228,0.717041,-0.035155,0.035172,0.352836,0.145268,-0.569148,0.715645,-0.033886,0.013528,0.338955
264,0.113903,-0.454241,0.697131,-0.025809,0.028251,0.344723,0.066412,-0.258852,0.70668,-0.022298,0.033594,0.330555,0.118777,-0.4544,0.709459,-0.014564,0.027613,0.368885,0.148762,-0.564202,0.706149,0.007128,0.016018,0.359009
265,0.128928,-0.457723,0.690108,-0.026114,0.008118,0.346869,0.07108,-0.247055,0.695094,-0.018125,0.014013,0.35093,0.130727,-0.456537,0.688889,0.007839,-0.010639,0.341539,0.16187,-0.582305,0.697306,-0.009451,0.007227,0.36951
266,0.143566,-0.452004,0.682496,0.004804,-0.00049,0.357258,0.078035,-0.249108,0.682813,0.013435,-0.004049,0.356511,0.138312,-0.458402,0.686688,0.007441,0.003839,0.338132,0.173704,-0.575986,0.673524,0.009066,-0.022891,0.340974
267,0.152854,-0.468627,0.657875,0.017847,-0.009534,0.341281,0.085242,-0.259644,0.66867,0.01157,-0.000981,0.346342,0.146744,-0.458759,0.669267,0.023721,-0.024778,0.341795,0.180334,-0.577204,0.663254,0.024462,0.009708,0.330195
268,0.161421,-0.465838,0.649213,0.046832,-0.056813,0.361718,0.084379,-0.256196,0.658242,0.046153,-0.02083,0.325298,0.165969,-0.462302,0.643321,0.047347,-0.020602,0.342669,0.196116,-0.582174,0.652838,0.019016,-0.014139,0.346899
269,0.167637,-0.463542,0.639957,0.017471,-0.030622,0.33609,0.093102,-0.257047,0.640751,0.045697,-0.054195,0.335757,0.171601,-0.467506,0.634045,0.048007,-0.035045,0.326719,0.207833,-0.57411,0.635093,0.013443,-0.031544,0.357327
270,0.172288,-0.464918,0.615841,0.048496,-0.045317,0.324028,0.09548,-0.253567,0.622802,0.065946,-0.067207,0.319409,0.183325,-0.464049,0.618704,0.036412,-0.062107,0.312819,0.216319,-0.580898,0.626432,0.03158,-0.029963,0.320661
271,0.182718,-0.464043,0.605159,0.074832,-0.044299,0.326516,0.094665,-0.261724,0.607656,0.076227,-0.094682,0.331921,0.185615,-0.466003,0.604767,0.058891,-0.071687,0.329736,0.226142,-0.583145,0.595916,0.049665,-0.063789,0.335555
272,0.188052,-0.468303,0.584217,0.079136,-0.062997,0.326305,0.101008,-0.255487,0.597727,0.107746,-0.110552,0.32172,0.177037,-0.472865,0.594609,0.060352,-0.073077,0.331482,0.240124,-0.589661,0.591084,0.059488,-0.053495,0.338475
273,0.199297,-0.464245,0.577854,0.097016,-0.07596,0.306794,0.09922,-0.256435,0.57397,0.122621,-0.115639,0.301689,0.198292,-0.467136,0.571201,0.096182,-0.073188,0.323324,0.246412,-0.593876,0.581493,0.055775,-0.071779,0.32229
274,0.199997,-0.478823,0.56788,0.099485,-0.085325,0.317174,0.113851,-0.255115,0.568638,0.151248,-0.125434,0.328218,0.209505,-0.464233,0.554374,0.09214,-0.101602,0.304739,0.256172,-0.593472,0.563115,0.075079,-0.072987,0.326608
275,0.21998,-0.467523,0.535535,0.096081,-0.12514,0.297571,0.118911,-0.266018,0.54718,0.157802,-0.145418,0.305535,0.210533,-0.473485,0.543432,0.104281,-0.11044,0.300364,0.272407,-0.586945,0.547024,0.089023,-0.079311,0.31473
276,0.226089,-0.469238,0.527497,0.116522,-0.125933,0.301532,0.131421,-0.256485,0.534411,0.166913,-0.17223,0.315427,0.224225,-0.467757,0.523084,0.113098,-0.121608,0.302359,0.28176,-0.585435,0.539023,0.077814,-0.084803,0.31274
277,0.22552,-0.464098,0.519931,0.133153,-0.136309,0.288744,0.12372,-0.269742,0.522423,0.191563,-0.192308,0.294141,0.226299,-0.481633,0.509804,0.120855,-0.113939,0.29845,0.285903,-0.580957,0.50909,0.118735,-0.098171,0.311225
278,0.235141,-0.46558,0.493267,0.154694,-0.149113,0.291794,0.134239,-0.255458,0.492009,0.201922,-0.187129,0.292008,0.226811,-0.476397,0.492771,0.137527,-0.140041,0.279516,0.292192,-0.589536,0.499163,0.128778,-0.123685,0.297301
279,0.245236,-0.473424,0.48378,0.155518,-0.172165,0.296686,0.131098,-0.261663,0.475609,0.209324,-0.227914,0.301607,0.248078,-0.474312,0.473025,0.15052,-0.159538,0.268984,0.302215,-0.592608,0.485217,0.105765,-0.117433,0.285814
280,0.25991,-0.463492,0.472172,0.176999,-0.159429,0.294076,0.146763,-0.25387,0.460293,0.241333,-0.235902,0.278785,0.256895,-0.463798,0.464651,0.169092,-0.167625,0.286033,0.317837,-0.585338,0.458713,0.132902,-0.117318,0.285757
281,0.258342,-0.466401,0.449629,0.184194,-0.172506,0.278465,0.150406,-0.256672,0.450585,0.253846,-0.248976,0.278611,0.259322,-0.469351,0.453733,0.176432,-0.187653,0.28902,0.322252,-0.574818,0.449026,0.167848,-0.147384,0.277638
282,0.269388,-0.480442,0.440778,0.208738,-0.199347,0.280564,0.145465,-0.256863,0.418716,0.255467,-0.260007,0.277105,0.264761,-0.47654,0.429,0.171699,-0.182292,0.277752,0.324752,-0.585409,0.435516,0.141219,-0.142482,0.277581
283,0.283193,-0.469218,0.413323,0.204948,-0.189051,0.271613,0.150446,-0.255663,0.412576,0.274988,-0.256618,0.261283,0.267928,-0.47944,0.421006,0.207428,-0.19452,0.263449,0.333955,-0.578445,0.416399,0.146203,-0.145044,0.265874
284,0.289162,-0.467688,0.397258,0.19259,-0.214651,0.250627,0.16576,-0.255045,0.398223,0.299131,-0.276444,0.250695,0.280609,-0.470683,0.402745,0.208242,-0.215463,0.267168,0.355988,-0.585014,0.394089,0.157572,-0.163818,0.280365
285,0.284174,-0.466211,0.378246,0.239535,-0.218792,0.24913,0.16015,-0.258247,0.382197,0.314569,-0.311557,0.254993,0.280578,-0.457835,0.381775,0.241973,-0.229728,0.253374,0.361551,-0.590774,0.392243,0.191752,-0.177309,0.251209
286,0.298626,-0.462177,0.366673,0.233512,-0.219942,0.255791,0.158943,-0.256228,0.362532,0.33394,-0.325217,0.243365,0.291994,-0.460688,0.366861,0.243776,-0.246132,0.273641,0.36567,-0.583156,0.366075,0.18635,-0.182161,0.265425
287,0.311414,-0.468926,0.348854,0.249716,-0.251553,0.221744,0.149683,-0.251868,0.349048,0.352468,-0.338377,0.254266,0.309916,-0.466062,0.340481,0.232568,-0.254129,0.2284,0.370874,-0.577596,0.344643,0.197695,-0.206577,0.230379
288,0.305705,-0.46288,0.330261,0.252418,-0.250374,0.233372,0.16981,-0.24946,0.324988,0.374303,-0.366967,0.230114,0.308346,-0.456298,0.31418,0.255904,-0.255203,0.223373,0.383484,-0.578636,0.321534,0.204048,-0.188211,0.244355
289,0.311509,-0.463599,0.31406,0.264903,-0.272541,0.242298,0.17762,-0.258651,0.301635,0.374086,-0.374886,0.222429,0.32701,-0.460035,0.303995,0.274128,-0.261478,0.254757,0.396753,-0.572933,0.31125,0.198382,-0.200838,0.229503
290,0.312921,-0.455445,0.290322,0.275136,-0.290618,0.224697,0.171019,-0.251299,0.284347,0.384065,-0.388071,0.216904,0.331071,-0.463762,0.290004,0.288149,-0.28372,0.210303,0.398562,-0.573214,0.294043,0.215097,-0.223999,0.216051
291,0.330879,-0.460047,0.271783,0.287521,-0.299683,0.212587,0.179538,-0.257472,0.276101,0.399482,-0.407655,0.195508,0.324011,-0.456812,0.26501,0.306763,-0.282954,0.236071,0.418681,-0.574415,0.270711,0.221867,-0.222804,0.232938
292,0.331883,-0.458246,0.255341,0.314962,-0.30079,0.206694,0.192753,-0.248458,0.261488,0.414337,-0.415063,0.204673,0.335279,-0.454187,0.249209,0.304069,-0.310545,0.208393,0.412198,-0.568146,0.259008,0.24027,-0.233547,0.215402
293,0.34065,-0.446304,0.230622,0.31187,-0.29235,0.217535,0.188697,-0.247409,0.233667,0.437709,-0.434068,0.208001,0.332765,-0.450166,0.246033,0.30163,-0.304766,0.200096,0.43085,-0.56833,0.227709,0.260204,-0.249086,0.188827
294,0.34997,-0.44533,0.212735,0.323283,-0.337182,0.206416,0.188617,-0.246831,0.218004,0.464573,-0.445832,0.187382,0.344559,-0.451381,0.21873,0.313178,-0.309797,0.192704,0.432495,-0.561504,0.210605,0.237866,-0.242366,0.193877
295,0.354006,-0.444789,0.187018,0.307325,-0.323916,0.201037,0.193485,-0.241533,0.197952,0.461463,-0.45785,0.17258,0.340588,-0.447353,0.188752,0.345434,-0.334302,0.183712,0.437442,-0.558371,0.195261,0.272456,-0.258698,0.194942
296,0.344051,-0.437297,0.176335,0.34773,-0.347202,0.176353,0.197282,-0.240434,0.176632,0.476066,-0.473596,0.194246,0.361704,-0.437468,0.179,0.343437,-0.342392,0.179861,0.447174,-0.55022,0.177592,0.255809,-0.271481,0.199874
297,0.36433,-0.439347,0.169899,0.346128,-0.35728,0.169326,0.205171,-0.238964,0.162087,0.501107,-0.508481,0.184521,0.366181,-0.4361,0.160584,0.362161,-0.35697,0.157316,0.459394,-0.548799,0.154183,0.288715,-0.277221,0.180134
298,0.364161,-0.441915,0.140181,0.358894,-0.370742,0.171717,0.201885,-0.239231,0.135462,0.505804,-0.516608,0.175825,0.380252,-0.428591,0.144542,0.375474,-0.382589,0.161491,0.456524,-0.542351,0.141305,0.291727,-0.273117,0.181979
299,0.364837,-0.428184,0.1071,0.362104,-0.339771,0.161455,0.208524,-0.245534,0.115203,0.516494,-0.508232,0.15421,0.366714,-0.443724,0.127683,0.373732,-0.381567,0.158706,0.467981,-0.541994,0.126752,0.29943,-0.289616,0.177913
300,0.393088,-0.430789,0.110432,0.392496,-0.378457,0.163415,0.20839,-0.235211,0.098935,0.53621,-0.519001,0.174578,0.381115,-0.429129,0.111881,0.375027,-0.391945,0.164864,0.478514,-0.534461,0.106763,0.300106,-0.312487,0.16667
301,0.383544,-0.426231,0.081999,0.384845,-0.400754,0.126423,0.21966,-0.225162,0.0854,0.544852,-0.567959,0.137528,0.389739,-0.428132,0.086685,0.393758,-0.403606,0.159021,0.472909,-0.534458,0.093384,0.298346,-0.313536,0.158999
302,0.385781,-0.424878,0.065506,0.374742,-0.406864,0.161816,0.218881,-0.228786,0.068993,0.562669,-0.564557,0.137909,0.39149,-0.422743,0.068061,0.388669,-0.402773,0.124853,0.489172,-0.521624,0.063709,0.32618,-0.311275,0.14535
303,0.396204,-0.416834,0.056414,0.418674,-0.408738,0.133187,0.218766,-0.23214,0.044214,0.563119,-0.579844,0.131739,0.393772,-0.414692,0.057595,0.436607,-0.412138,0.14423,0.491942,-0.524184,0.053186,0.320284,-0.324083,0.124965
304,0.406208,-0.415296,0.022189,0.442666,-0.438661,0.123422,0.214522,-0.226874,0.026398,0.577378,-0.573434,0.13363,0.409065,-0.406784,0.023658,0.415605,-0.407371,0.119017,0.503814,-0.515467,0.024653,0.317642,-0.338873,0.145981
305,0.409012,-0.409607,0.009774,0.445625,-0.434842,0.117627,0.225823,-0.225425,0.003532,0.597487,-0.58754,0.117993,0.400728,-0.408066,0.008724,0.424836,-0.428954,0.132511,0.507638,-0.514445,0.017098,0.311379,-0.331518,0.128468
306,0.405936,-0.402327,-0.0093,0.441086,-0.423986,0.135887,0.231933,-0.224527,-0.011544,0.596369,-0.616909,0.105706,0.409567,-0.404515,-0.008768,0.414301,-0.446589,0.104204,0.519304,-0.504514,-0.004458,0.33436,-0.327781,0.096507
307,0.399657,-0.403097,-0.028215,0.465127,-0.438354,0.100149,0.226075,-0.217953,-0.020822,0.620629,-0.613669,0.112001,0.417654,-0.393975,-0.02131,0.459509,-0.447417,0.097034,0.521582,-0.506776,-0.025427,0.346138,-0.352083,0.118268
308,0.431004,-0.400203,-0.049403,0.444945,-0.458729,0.097885,0.233423,-0.211598,-0.050327,0.635301,-0.620523,0.093605,0.416087,-0.398626,-0.044896,0.443473,-0.454859,0.094193,0.521881,-0.493789,-0.052816,0.374636,-0.369389,0.096897
309,0.42401,-0.392035,-0.058504,0.467538,-0.465024,0.087535,0.233139,-0.215838,-0.061587,0.641397,-0.657051,0.100722,0.418943,-0.399052,-0.068825,0.493411,-0.467535,0.092207,0.515505,-0.479132,-0.066075,0.358085,-0.357231,0.075741
310,0.426666,-0.385523,-0.087983,0.479814,-0.44949,0.088597,0.227406,-0.216714,-0.084327,0.662491,-0.653128,0.092197,0.432906,-0.384346,-0.090388,0.476971,-0.468076,0.105313,0.52804,-0.478572,-0.088744,0.359064,-0.372188,0.075797
311,0.434235,-0.378507,-0.103916,0.492053,-0.473284,0.065496,0.237965,-0.207109,-0.102815,0.663394,-0.665585,0.093668,0.425688,-0.38402,-0.103035,0.484242,-0.503549,0.090002,0.537488,-0.470762,-0.103637,0.373188,-0.362543,0.078911
312,0.426188,-0.391109,-0.12893,0.484549,-0.488025,0.07406,0.239137,-0.205678,-0.127241,0.686457,-0.690828,0.083259,0.43772,-0.384211,-0.117697,0.483015,-0.482494,0.074748,0.55153,-0.471306,-0.123804,0.382814,-0.360971,0.086466
313,0.434691,-0.366438,-0.144742,0.493089,-0.491334,0.069544,0.234948,-0.202365,-0.141253,0.712674,-0.680315,0.085047,0.439279,-0.363311,-0.136772,0.480997,-0.51026,0.05713,0.549387,-0.45826,-0.142552,0.389137,-0.376307,0.065421
314,0.447191,-0.354959,-0.165837,0.505793,-0.497142,0.061202,0.241327,-0.204888,-0.158107,0.683055,-0.691923,0.05379,0.443291,-0.362833,-0.162325,0.510792,-0.495214,0.061204,0.558332,-0.461611,-0.161553,0.38966,-0.388966,0.055669
315,0.443593,-0.35949,-0.180486,0.514051,-0.527274,0.042566,0.24676,-0.199758,-0.174796,0.69227,-0.713315,0.057501,0.441479,-0.36157,-0.185731,0.50397,-0.494155,0.063126,0.563101,-0.450734,-0.176878,0.401132,-0.391209,0.05447
316,0.444339,-0.353976,-0.189454,0.511732,-0.504106,0.035059,0.247209,-0.192387,-0.198867,0.733585,-0.706743,0.046173,0.44809,-0.351734,-0.196356,0.509675,-0.50938,0.033166,0.551475,-0.441982,-0.193282,0.404892,-0.391874,0.046452
317,0.453168,-0.352375,-0.213909,0.527896,-0.526463,0.024116,0.246476,-0.188003,-0.209271,0.736361,-0.731914,0.039588,0.451792,-0.347324,-0.211402,0.511537,-0.528434,0.033021,0.565804,-0.440172,-0.217657,0.408574,-0.39645,0.025621
318,0.448138,-0.341666,-0.224319,0.535727,-0.523121,0.039799,0.248641,-0.18145,-0.229475,0.723876,-0.735811,0.034504,0.448246,-0.336475,-0.233942,0.539775,-0.519081,0.030903,0.556824,-0.427403,-0.236918,0.407621,-0.397933,0.015826
319,0.456418,-0.331846,-0.251344,0.536013,-0.528209,0.024899,0.247325,-0.181795,-0.249228,0.742515,-0.74559,0.00253,0.455421,-0.343836,-0.248971,0.533238,-0.534512,0.026049,0.559816,-0.420606,-0.254845,0.412673,-0.405817,0.017232
320,0.456962,-0.330419,-0.273312,0.526649,-0.540608,0.007776,0.248266,-0.172954,-0.267214,0.755443,-0.74127,0.033621,0.458161,-0.318745,-0.260127,0.540411,-0.534402,0.021669,0.566821,-0.41118,-0.273308,0.414226,-0.416285,0.005036
321,0.451929,-0.325592,-0.277027,0.543156,-0.558093,0.001185,0.251477,-0.17275,-0.280989,0.772137,-0.769418,-0.004248,0.457594,-0.322183,-0.287675,0.564078,-0.546419,0.003552,0.567206,-0.39909,-0.287302,0.407718,-0.420653,-0.003035
322,0.466424,-0.317508,-0.297157,0.54587,-0.562268,-0.024946,0.258653,-0.177983,-0.305522,0.782482,-0.764918,0.001801,0.448788,-0.332491,-0.304935,0.539832,-0.553922,-0.006915,0.573512,-0.389753,-0.310915,0.440938,-0.41676,-0.013577
323,0.465019,-0.303952,-0.324757,0.566961,-0.550746,-0.01696,0.254795,-0.178057,-0.325124,0.799648,-0.804619,-0.011984,0.457582,-0.308572,-0.316244,0.557035,-0.569141,-0.027022,0.573315,-0.395058,-0.318856,0.442364,-0.427221,0.003017
324,0.468867,-0.301286,-0.344128,0.556531,-0.568494,-0.015651,0.252853,-0.165687,-0.332404,0.781333,-0.787484,-0.019575,0.468961,-0.296112,-0.333572,0.572859,-0.586811,-0.00383,0.577633,-0.376042,-0.331468,0.443853,-0.426817,-0.007794
325,0.470483,-0.299427,-0.351415,0.554307,-0.583429,-0.032091,0.250831,-0.158761,-0.354686,0.790194,-0.789238,-0.034646,0.453432,-0.299951,-0.358392,0.585817,-0.58423,-0.027335,0.575472,-0.368536,-0.352155,0.448709,-0.430756,-0.036793
326,0.474472,-0.294901,-0.37575,0.579666,-0.606751,-0.041995,0.25531,-0.156409,-0.377143,0.799275,-0.815127,-0.025063,0.472428,-0.291042,-0.384971,0.580841,-0.578324,-0.036431,0.580121,-0.371914,-0.378027,0.459987,-0.439673,-0.028025
327,0.466738,-0.284365,-0.394133,0.60193,-0.575905,-0.026677,0.260456,-0.162391,-0.402466,0.814569,-0.823574,-0.057807,0.475495,-0.274446,-0.391106,0.583464,-0.571592,-0.036257,0.585811,-0.358608,-0.394728,0.45646,-0.461423,-0.049023
328,0.471831,-0.277479,-0.408545,0.570346,-0.588713,-0.048165,0.260318,-0.149179,-0.415683,0.806684,-0.82604,-0.053128,0.465411,-0.270413,-0.404617,0.586549,-0.588172,-0.063163,0.58172,-0.338733,-0.413554,0.451521,-0.446492,-0.043637
329,0.47747,-0.273978,-0.431929,0.583279,-0.59193,-0.052908,0.260136,-0.139238,-0.43162,0.828643,-0.817952,-0.059078,0.466612,-0.270296,-0.418599,0.592896,-0.616461,-0.039798,0.589521,-0.331046,-0.431804,0.481238,-0.459977,-0.054202
330,0.467763,-0.255657,-0.444973,0.588442,-0.600146,-0.072441,0.257578,-0.142878,-0.445001,0.837848,-0.829357,-0.055026,0.466576,-0.261383,-0.444181,0.58398,-0.575346,-0.062953,0.58746,-0.327702,-0.448663,0.461963,-0.47212,-0.078081
331,0.461148,-0.254715,-0.459158,0.609176,-0.605781,-0.079668,0.253205,-0.145062,-0.450722,0.842166,-0.845002,-0.066353,0.467073,-0.260125,-0.460121,0.578102,-0.58323,-0.074757,0.584056,-0.317037,-0.463419,0.477002,-0.462161,-0.070513
332,0.469821,-0.243357,-0.470007,0.610602,-0.598791,-0.09246,0.264622,-0.13447,-0.481118,0.844473,-0.842379,-0.085612,0.470583,-0.241353,-0.475324,0.60335,-0.618395,-0.105959,0.586147,-0.312462,-0.487086,0.476571,-0.464832,-0.082221
333,0.475786,-0.238127,-0.496741,0.602233,-0.586118,-0.082546,0.250213,-0.138331,-0.497592,0.86034,-0.834591,-0.082296,0.473582,-0.240265,-0.496003,0.605322,-0.59548,-0.076838,0.589303,-0.294772,-0.49376,0.477567,-0.476123,-0.095575
334,0.466727,-0.235672,-0.503537,0.598269,-0.616786,-0.102749,0.250112,-0.126033,-0.512583,0.856797,-0.862884,-0.086405,0.472349,-0.232102,-0.515807,0.591118,-0.640867,-0.09193,0.599459,-0.284934,-0.504901,0.450061,-0.484784,-0.098679
335,0.466113,-0.215044,-0.532585,0.621757,-0.614465,-0.10445,0.262348,-0.124996,-0.525734,0.85846,-0.854705,-0.087602,0.470873,-0.216428,-0.522377,0.612599,-0.61566,-0.100043,0.592115,-0.274125,-0.534571,0.507524,-0.465341,-0.094908
336,0.471896,-0.226914,-0.546626,0.626581,-0.625606,-0.103782,0.265891,-0.122039,-0.545761,0.860724,-0.842784,-0.109279,0.470369,-0.219579,-0.538806,0.621089,-0.622584,-0.105981,0.589694,-0.269283,-0.546789,0.483204,-0.471317,-0.119494
337,0.472106,-0.209747,-0.561289,0.609034,-0.612279,-0.125349,0.260721,-0.11997,-0.554441,0.881213,-0.850843,-0.106131,0.459671,-0.204066,-0.56432,0.622159,-0.620366,-0.120286,0.58574,-0.251012,-0.555208,0.469818,-0.481644,-0.121366
338,0.468504,-0.206078,-0.566478,0.626756,-0.618193,-0.13578,0.259773,-0.111931,-0.576398,0.879867,-0.866622,-0.128824,0.470204,-0.199229,-0.577826,0.623241,-0.62349,-0.124588,0.583349,-0.252325,-0.579119,0.496874,-0.474217,-0.120776
339,0.476303,-0.188625,-0.592731,0.616942,-0.622472,-0.126012,0.254621,-0.10921,-0.588801,0.854719,-0.878357,-0.13786,0.464115,-0.19171,-0.589863,0.624701,-0.6228,-0.130528,0.584493,-0.242144,-0.585123,0.49028,-0.487643,-0.121209
340,0.458065,-0.188439,-0.606321,0.620511,-0.623653,-0.131268,0.254405,-0.09564,-0.599887,0.853513,-0.867636,-0.148692,0.464395,-0.176578,-0.603188,0.623533,-0.643365,-0.143305,0.574505,-0.225852,-0.603696,0.48387,-0.495359,-0.12906
341,0.461493,-0.176003,-0.612172,0.629247,-0.640683,-0.154251,0.262631,-0.102091,-0.615397,0.897032,-0.877594,-0.141196,0.471023,-0.171132,-0.615884,0.643787,-0.625338,-0.156891,0.587346,-0.213296,-0.614126,0.489606,-0.489562,-0.143013
342,0.461185,-0.165611,-0.632146,0.63395,-0.625439,-0.144289,0.249,-0.091931,-0.628295,0.891911,-0.898617,-0.170671,0.469751,-0.169155,-0.635379,0.64023,-0.635876,-0.158817,0.583176,-0.21202,-0.633146,0.496742,-0.488966,-0.154071
343,0.46405,-0.160588,-0.646827,0.620345,-0.634922,-0.164397,0.261143,-0.092539,-0.649744,0.895552,-0.89941,-0.150065,0.460381,-0.158032,-0.647301,0.632218,-0.636727,-0.183816,0.583946,-0.199657,-0.646946,0.482677,-0.486666,-0.151345
344,0.457691,-0.154797,-0.660969,0.633778,-0.630282,-0.174068,0.253852,-0.082309,-0.665374,0.877763,-0.898882,-0.163623,0.465012,-0.14885,-0.664988,0.617508,-0.63729,-0.169201,0.579487,-0.180772,-0.665776,0.496945,-0.491277,-0.170433
345,0.458341,-0.148917,-0.679806,0.629627,-0.625169,-0.169709,0.24688,-0.082327,-0.682648,0.899179,-0.866104,-0.171111,0.454028,-0.136894,-0.669686,0.648745,-0.637275,-0.162424,0.571376,-0.176728,-0.68445,0.478893,-0.481552,-0.174477
346,0.461127,-0.1267,-0.685526,0.637166,-0.630337,-0.169809,0.248062,-0.075464,-0.690574,0.890732,-0.883432,-0.179999,0.450112,-0.130569,-0.690392,0.638409,-0.639335,-0.186313,0.572236,-0.154433,-0.695583,0.48238,-0.486013,-0.171216
347,0.463867,-0.120847,-0.705743,0.645137,-0.628977,-0.18418,0.246685,-0.065664,-0.705858,0.892695,-0.908661,-0.181898,0.453483,-0.128794,-0.699521,0.625836,-0.619892,-0.17585,0.571805,-0.150574,-0.697626,0.484297,-0.500296,-0.206462
348,0.443138,-0.113976,-0.7146,0.626385,-0.661697,-0.199522,0.244039,-0.05861,-0.715415,0.895879,-0.885777,-0.195031,0.444342,-0.12292,-0.707131,0.650759,-0.639494,-0.171658,0.563761,-0.142179,-0.71523,0.491535,-0.492685,-0.187572
349,0.443613,-0.105764,-0.723076,0.633556,-0.629745,-0.199226,0.24636,-0.05867,-0.72979,0.89286,-0.900072,-0.199289,0.4548,-0.108526,-0.729439,0.640832,-0.646234,-0.202359,0.567871,-0.140514,-0.729446,0.488488,-0.508362,-0.1869
350,0.443672,-0.094334,-0.73952,0.631529,-0.639913,-0.20496,0.247704,-0.060014,-0.748949,0.897591,-0.882199,-0.203196,0.446368,-0.095352,-0.742233,0.632163,-0.638632,-0.194715,0.562681,-0.117993,-0.739674,0.486061,-0.521901,-0.198318
351,0.446575,-0.088392,-0.765338,0.639252,-0.636871,-0.203195,0.254374,-0.050016,-0.754021,0.888848,-0.874565,-0.216971,0.445444,-0.082326,-0.756505,0.648218,-0.610825,-0.217592,0.557312,-0.114514,-0.752065,0.494211,-0.489591,-0.216856
352,0.444796,-0.081837,-0.765356,0.626966,-0.642605,-0.224563,0.246545,-0.043668,-0.767883,0.892584,-0.885768,-0.215521,0.445354,-0.08611,-0.773358,0.659527,-0.643505,-0.219676,0.554276,-0.102645,-0.766523,0.4889,-0.491242,-0.214493
353,0.428532,-0.077734,-0.775487,0.624449,-0.626515,-0.229343,0.23586,-0.034483,-0.779709,0.889756,-0.889563,-0.209367,0.437833,-0.068878,-0.777227,0.639351,-0.649309,-0.232067,0.548191,-0.09701,-0.782102,0.490147,-0.487476,-0.23053
354,0.439413,-0.062136,-0.790273,0.626314,-0.633896,-0.224093,0.244421,-0.038151,-0.789243,0.882186,-0.881545,-0.232885,0.442725,-0.065254,-0.784804,0.638979,-0.629587,-0.227397,0.545026,-0.077644,-0.796605,0.494935,-0.491891,-0.230953
355,0.435743,-0.059131,-0.796835,0.651148,-0.645045,-0.248821,0.238672,-0.022766,-0.804758,0.882579,-0.87008,-0.241898,0.432209,-0.055128,-0.804988,0.641634,-0.631636,-0.218845,0.538501,-0.065943,-0.807477,0.498664,-0.493913,-0.236451
356,0.4315,-0.043745,-0.8204,0.607361,-0.647382,-0.263934,0.232554,-0.027002,-0.812096,0.885244,-0.87712,-0.264006,0.433849,-0.042377,-0.810537,0.629829,-0.642448,-0.242903,0.531934,-0.056213,-0.815521,0.49125,-0.493467,-0.227568
357,0.426037,-0.028402,-0.829206,0.639986,-0.620781,-0.237046,0.228923,-0.026097,-0.816325,0.877733,-0.887584,-0.248422,0.417181,-0.041579,-0.818597,0.634169,-0.640963,-0.250213,0.534917,-0.032378,-0.828657,0.483142,-0.49308,-0.247697
358,0.426259,-0.028894,-0.83576,0.626865,-0.632415,-0.252,0.226072,-0.015761,-0.842241,0.883235,-0.874608,-0.260469,0.415928,-0.025625,-0.834755,0.614383,-0.645668,-0.250793,0.526342,-0.030028,-0.833675,0.491319,-0.487773,-0.252773
359,0.412453,-0.026633,-0.853902,0.629327,-0.614477,-0.265138,0.229492,-0.022854,-0.838573,0.878231,-0.870956,-0.249966,0.417419,-0.028976,-0.836284,0.616419,-0.615904,-0.245283,0.520645,-0.024796,-0.845195,0.470458,-0.481215,-0.252133
360,0.411949,-0.013129,-0.849558,0.619849,-0.630563,-0.272772,0.224425,-0.00951,-0.861462,0.870051,-0.859259,-0.278643,0.406098,-0.004348,-0.846281,0.630484,-0.618011,-0.260872,0.52091,-0.004488,-0.852092,0.474202,-0.485036,-0.256317
361,0.401229,-0.003248,-0.872221,0.60985,-0.603873,-0.255277,0.220086,-0.007185,-0.8756,0.873107,-0.877106,-0.285228,0.410896,0.001703,-0.864122,0.60827,-0.610891,-0.264532,0.510271,-0.000177,-0.858037,0.476216,-0.478426,-0.273267
362,0.406238,0.011539,-0.874513,0.609581,-0.63662,-0.266488,0.21783,-0.000702,-0.881842,0.88435,-0.866215,-0.270465,0.404929,0.015101,-0.877939,0.635266,-0.640241,-0.273726,0.503205,0.006672,-0.867738,0.460787,-0.494564,-0.276609
363,0.402679,0.021958,-0.888933,0.606944,-0.644844,-0.268224,0.217835,0.01361,-0.886093,0.881729,-0.862195,-0.286221,0.391372,0.018128,-0.89181,0.619342,-0.621298,-0.285865,0.508514,0.02227,-0.877738,0.477406,-0.495783,-0.280684
364,0.399378,0.027518,-0.887493,0.612911,-0.605576,-0.291931,0.21655,0.023048,-0.892397,0.858674,-0.86347,-0.292188,0.381159,0.027001,-0.88516,0.621173,-0.61077,-0.28732,0.488859,0.028981,-0.890933,0.47521,-0.49412,-0.296382
365,0.389229,0.030999,-0.901669,0.616702,-0.614236,-0.314058,0.212951,0.030604,-0.894131,0.861469,-0.857445,-0.295109,0.387224,0.038029,-0.892156,0.610218,-0.60773,-0.303235,0.492635,0.043638,-0.903871,0.475285,-0.465054,-0.28664
366,0.386898,0.042124,-0.907452,0.595297,-0.603348,-0.311402,0.203833,0.029089,-0.907196,0.853401,-0.8461,-0.311665,0.388525,0.038798,-0.915214,0.609651,-0.603943,-0.305642,0.476329,0.053602,-0.917884,0.485182,-0.466017,-0.301846
367,0.373902,0.050878,-0.930414,0.59593,-0.615756,-0.307292,0.210863,0.026904,-0.910602,0.837551,-0.840414,-0.309576,0.377192,0.046273,-0.919618,0.601846,-0.595505,-0.288231,0.466827,0.06258,-0.909809,0.471679,-0.471594,-0.282904
368,0.364227,0.056178,-0.922171,0.604586,-0.589343,-0.298176,0.21092,0.034494,-0.924126,0.844598,-0.842379,-0.28687,0.375796,0.059903,-0.928393,0.599897,-0.599812,-0.317572,0.469895,0.084359,-0.929327,0.470125,-0.463456,-0.309308
369,0.364059,0.063987,-0.930305,0.590543,-0.592569,-0.314615,0.205071,0.03641,-0.928186,0.836509,-0.82353,-0.316208,0.363046,0.071178,-0.933344,0.57687,-0.583944,-0.317567,0.463062,0.089603,-0.937029,0.466935,-0.46134,-0.315645
370,0.364444,0.075069,-0.935324,0.589014,-0.573683,-0.320851,0.203383,0.039124,-0.938718,0.840993,-0.816635,-0.320349,0.366118,0.074372,-0.942098,0.59807,-0.583491,-0.332786,0.459568,0.109507,-0.936969,0.453664,-0.459354,-0.320852
371,0.347961,0.092824,-0.946588,0.595833,-0.590009,-0.30884,0.206495,0.050071,-0.947049,0.81426,-0.82233,-0.3234,0.362,0.081926,-0.93914,0.588188,-0.579732,-0.307395,0.449251,0.114035,-0.944196,0.444176,-0.444545,-0.318598
372,0.353284,0.096578,-0.952698,0.565465,-0.578427,-0.333397,0.1946,0.054389,-0.950187,0.811192,-0.821239,-0.330349,0.352548,0.10278,-0.952117,0.58378,-0.58215,-0.328144,0.44548,0.11748,-0.949695,0.449781,-0.450727,-0.346011
373,0.33897,0.108911,-0.950387,0.568736,-0.577131,-0.335608,0.188927,0.051413,-0.954784,0.798223,-0.794729,-0.35023,0.346986,0.107843,-0.965031,0.563726,-0.581885,-0.330458,0.433304,0.1314,-0.956713,0.451265,-0.441664,-0.341713
374,0.335196,0.108476,-0.959612,0.550869,-0.57517,-0.334235,0.194636,0.056955,-0.963098,0.805819,-0.781656,-0.332687,0.346033,0.124204,-0.96588,0.535717,-0.563301,-0.345065,0.423747,0.137941,-0.959153,0.443743,-0.445044,-0.368683
375,0.330031,0.118825,-0.967879,0.570483,-0.547495,-0.332671,0.179817,0.080786,-0.964518,0.776428,-0.783044,-0.330746,0.326203,0.12117,-0.962046,0.582835,-0.56568,-0.343418,0.416613,0.146566,-0.964013,0.43518,-0.44564,-0.339429
376,0.328277,0.133981,-0.969076,0.555725,-0.566136,-0.346847,0.175566,0.080347,-0.965779,0.79313,-0.772033,-0.348279,0.328405,0.129473,-0.962958,0.565294,-0.557755,-0.342757,0.405316,0.158802,-0.96967,0.433602,-0.431505,-0.350562
377,0.31979,0.133277,-0.981999,0.553051,-0.547734,-0.340514,0.175287,0.081534,-0.97439,0.782938,-0.775444,-0.354326,0.317766,0.148272,-0.982649,0.539211,-0.553308,-0.34695,0.401956,0.176669,-0.979778,0.427881,-0.434429,-0.34608
378,0.317661,0.139204,-0.973907,0.546421,-0.562328,-0.349703,0.16644,0.076447,-0.977709,0.759152,-0.770045,-0.350833,0.316679,0.143801,-0.985917,0.548778,-0.545956,-0.330502,0.389056,0.184947,-0.984897,0.413515,-0.428517,-0.350788
379,0.30492,0.159125,-0.978744,0.549325,-0.535466,-0.360369,0.164492,0.087157,-0.975592,0.748514,-0.749785,-0.357771,0.30894,0.158881,-0.991152,0.537181,-0.552336,-0.363316,0.382055,0.188744,-0.985603,0.414292,-0.420377,-0.35564
380,0.296267,0.172543,-0.98891,0.511131,-0.553709,-0.371709,0.163699,0.090648,-0.994106,0.747561,-0.750703,-0.360561,0.299886,0.171456,-0.996671,0.52933,-0.550224,-0.353199,0.375841,0.208363,-0.981761,0.436925,-0.396431,-0.355587
381,0.288641,0.175172,-0.98943,0.522663,-0.511501,-0.366316,0.163574,0.092449,-0.988604,0.739038,-0.730594,-0.34707,0.299211,0.16694,-0.996695,0.525575,-0.551555,-0.351332,0.357104,0.219805,-0.993007,0.421033,-0.396209,-0.360685
382,0.286516,0.178251,-0.993335,0.500759,-0.521397,-0.362278,0.16175,0.108476,-0.988869,0.732738,-0.754085,-0.372674,0.280171,0.174473,-0.987091,0.519197,-0.503946,-0.351875,0.362201,0.224198,-1.000402,0.382344,-0.402512,-0.363414
383,0.27896,0.18973,-0.993171,0.523739,-0.525416,-0.37557,0.154279,0.103126,-0.991645,0.708498,-0.6963,-0.36654,0.27789,0.187556,-0.989473,0.507472,-0.517436,-0.353884,0.352113,0.242388,-0.99001,0.405023,-0.384365,-0.367168
384,0.278492,0.204389,-0.996881,0.494378,-0.515748,-0.383948,0.14862,0.111082,-0.991966,0.718849,-0.695788,-0.378362,0.28049,0.199843,-0.99578,0.48831,-0.502605,-0.374269,0.337504,0.254545,-0.98951,0.391612,-0.392332,-0.37249
385,0.272264,0.201202,-0.986717,0.51924,-0.501962,-0.382446,0.149845,0.11099,-1.00858,0.687827,-0.697975,-0.352408,0.256515,0.202646,-1.00054,0.50985,-0.493898,-0.380033,0.324517,0.253245,-0.996927,0.386904,-0.383326,-0.381936
386,0.267868,0.220056,-1.006061,0.487807,-0.468433,-0.35603,0.147263,0.119041,-0.999693,0.674151,-0.676404,-0.382891,0.255298,0.211225,-0.993899,0.491586,-0.484791,-0.365757,0.328565,0.271161,-1.008699,0.384707,-0.371717,-0.388057
387,0.251661,0.215219,-0.999194,0.481099,-0.477252,-0.387679,0.126072,0.119986,-1.008089,0.674292,-0.67915,-0.378568,0.246039,0.215376,-0.9957,0.49793,-0.488766,-0.381926,0.30774,0.271642,-0.997756,0.370197,-0.366484,-0.360097
388,0.247193,0.23412,-0.997159,0.470876,-0.474487,-0.384965,0.136151,0.117424,-0.994896,0.648393,-0.658849,-0.396679,0.237749,0.229099,-0.994711,0.457458,-0.468184,-0.386032,0.291896,0.272897,-0.992959,0.366255,-0.376412,-0.37991
389,0.232517,0.239642,-1.000321,0.466611,-0.468696,-0.398322,0.141233,0.133582,-1.000476,0.660866,-0.653928,-0.374342,0.239368,0.236284,-0.99856,0.473477,-0.472671,-0.383418,0.285942,0.306292,-0.993495,0.358532,-0.358328,-0.367484
390,0.230489,0.251608,-0.995215,0.455902,-0.449291,-0.386814,0.115716,0.146369,-0.99956,0.654246,-0.649992,-0.378085,0.227552,0.248635,-1.004104,0.458587,-0.453017,-0.380462,0.272694,0.312047,-0.987224,0.348391,-0.352218,-0.368591
391,0.221576,0.248845,-0.991813,0.45503,-0.450195,-0.395601,0.117772,0.14269,-1.003074,0.628826,-0.637564,-0.393076,0.225691,0.254443,-0.996892,0.43629,-0.433699,-0.395734,0.279132,0.316914,-1.002895,0.338557,-0.36035,-0.386563
392,0.211179,0.267581,-0.995513,0.437596,-0.449393,-0.388009,0.111271,0.152571,-0.99798,0.61073,-0.616784,-0.38188,0.219817,0.251438,-0.990439,0.461595,-0.441421,-0.369717,0.262451,0.327248,-1.003032,0.332891,-0.320577,-0.383371
393,0.199456,0.266036,-1.001619,0.415405,-0.457008,-0.389357,0.11144,0.141553,-0.997215,0.593854,-0.601505,-0.384596,0.194443,0.267048,-0.992343,0.429004,-0.4414,-0.396689,0.256395,0.328552,-0.995683,0.352265,-0.336771,-0.387428
394,0.195936,0.279276,-0.992066,0.422209,-0.447463,-0.385809,0.101836,0.158673,-0.997257,0.573463,-0.578362,-0.38025,0.192472,0.280987,-1.000975,0.427305,-0.41891,-0.400297,0.244978,0.339805,-0.992118,0.311578,-0.347163,-0.425335
395,0.189241,0.282535,-0.983511,0.41537,-0.421218,-0.39889,0.091955,0.148662,-0.992406,0.577323,-0.584427,-0.392854,0.188156,0.28737,-0.988097,0.421276,-0.422637,-0.413246,0.238283,0.355799,-1.00421,0.339854,-0.31685,-0.390191
396,0.179532,0.292089,-0.990816,0.399932,-0.416143,-0.390074,0.098267,0.154051,-0.996235,0.562396,-0.577959,-0.407988,0.180036,0.286776,-0.993287,0.402947,-0.392003,-0.394727,0.224399,0.362926,-0.99699,0.317313,-0.328999,-0.400926
397,0.17051,0.292598,-0.990414,0.405303,-0.387256,-0.394699,0.093905,0.162533,-0.991006,0.559833,-0.542997,-0.397374,0.167445,0.299161,-0.989167,0.400034,-0.390851,-0.381238,0.21778,0.370533,-0.982934,0.308864,-0.30329,-0.395561
398,0.155188,0.309792,-0.98141,0.399948,-0.394846,-0.399772,0.083815,0.15993,-0.984775,0.546145,-0.549469,-0.402575,0.160443,0.309733,-0.981393,0.387775,-0.385732,-0.393579,0.200779,0.376718,-0.990325,0.295865,-0.278864,-0.395817
399,0.161304,0.303426,-0.975567,0.37967,-0.367685,-0.409519,0.083503,0.170545,-0.980364,0.530382,-0.522765,-0.400773,0.163762,0.304874,-0.985636,0.365347,-0.380242,-0.388482,0.194213,0.398795,-0.971984,0.28562,-0.287011,-0.404382
400,0.150765,0.324723,-0.978017,0.372894,-0.380047,-0.399873,0.074039,0.179996,-0.983136,0.507111,-0.518794,-0.403027,0.14813,0.30653,-0.974447,0.358545,-0.35725,-0.39967,0.180476,0.393894,-0.981667,0.274579,-0.278517,-0.405693
401,0.137554,0.321471,-0.974485,0.352859,-0.368276,-0.408872,0.057684,0.178183,-0.986396,0.504789,-0.505044,-0.412735,0.140779,0.313126,-0.974823,0.363647,-0.363293,-0.389524,0.177292,0.405703,-0.973996,0.27431,-0.2723,-0.379012
402,0.13358,0.327733,-0.979153,0.31556,-0.335274,-0.398598,0.069224,0.189014,-0.965087,0.472336,-0.489867,-0.38958,0.130814,0.32958,-0.980154,0.34745,-0.357156,-0.400704,0.158902,0.408286,-0.957191,0.25986,-0.26541,-0.4115
403,0.122416,0.339357,-0.966752,0.338981,-0.353789,-0.397521,0.066616,0.179724,-0.964011,0.484866,-0.463479,-0.387301,0.127192,0.340049,-0.961097,0.33055,-0.330914,-0.417869,0.160027,0.416493,-0.969518,0.271732,-0.253525,-0.396576
404,0.116044,0.339091,-0.965231,0.332549,-0.320664,-0.400385,0.056243,0.185286,-0.962015,0.448631,-0.448416,-0.392204,0.114057,0.341229,-0.965828,0.327933,-0.32833,-0.411893,0.140369,0.423067,-0.960437,0.257632,-0.268708,-0.391746
405,0.10704,0.335623,-0.954186,0.318169,-0.310838,-0.404651,0.050069,0.18431,-0.961893,0.455582,-0.432863,-0.391952,0.104518,0.352235,-0.953625,0.289442,-0.338322,-0.408637,0.128969,0.431656,-0.957011,0.239696,-0.241714,-0.402391
406,0.09383,0.34877,-0.954011,0.310032,-0.314901,-0.389194,0.051931,0.19275,-0.942714,0.430481,-0.419238,-0.407859,0.104061,0.354867,-0.940961,0.295495,-0.300079,-0.409574,0.119307,0.44462,-0.95365,0.255939,-0.222574,-0.40505
407,0.089648,0.355796,-0.941044,0.298627,-0.296848,-0.416668,0.039526,0.196972,-0.937678,0.39552,-0.414141,-0.412081,0.074404,0.356976,-0.942346,0.290386,-0.279578,-0.400973,0.105407,0.442203,-0.94199,0.242252,-0.22542,-0.400868
408,0.082487,0.350237,-0.939277,0.283022,-0.28122,-0.421685,0.044472,0.197064,-0.933361,0.4155,-0.411652,-0.390772,0.076325,0.367951,-0.935426,0.273302,-0.28105,-0.412546,0.098419,0.453895,-0.937402,0.231981,-0.215659,-0.395607
409,0.073333,0.375823,-0.925499,0.259997,-0.278752,-0.388675,0.035242,0.195032,-0.929077,0.391048,-0.379811,-0.390596,0.071089,0.372246,-0.928824,0.276045,-0.273676,-0.399729,0.083851,0.459506,-0.930058,0.200474,-0.20116,-0.377666
410,0.057263,0.383689,-0.923961,0.277631,-0.260349,-0.396956,0.033859,0.212763,-0.923122,0.380991,-0.355025,-0.405051,0.052915,0.374773,-0.919636,0.262534,-0.255588,-0.409373,0.074021,0.469773,-0.916944,0.214303,-0.213273,-0.399301
411,0.048986,0.376294,-0.910765,0.257547,-0.255334,-0.406862,0.025352,0.207461,-0.914604,0.352854,-0.353982,-0.391513,0.057887,0.382219,-0.907644,0.248962,-0.251372,-0.406358,0.062926,0.475462,-0.91753,0.187861,-0.184026,-0.397399
412,0.036574,0.394883,-0.910425,0.233042,-0.220146,-0.405459,0.024137,0.210102,-0.904344,0.33429,-0.348759,-0.394942,0.044377,0.380207,-0.906047,0.231619,-0.232436,-0.401929,0.056995,0.480333,-0.901184,0.185122,-0.201748,-0.404817
413,0.035597,0.397682,-0.895324,0.233521,-0.24784,-0.392634,0.013596,0.22496,-0.900961,0.337398,-0.311557,-0.40241,0.034341,0.390302,-0.896395,0.234085,-0.225058,-0.383649,0.046287,0.491801,-0.894241,0.173106,-0.187546,-0.398768
414,0.025645,0.392763,-0.894971,0.238867,-0.228864,-0.403892,0.013584,0.230058,-0.894117,0.325954,-0.315267,-0.407944,0.019962,0.393717,-0.888876,0.230927,-0.213239,-0.407575,0.025931,0.489698,-0.887474,0.172051,-0.166626,-0.407622
415,0.016857,0.396047,-0.871767,0.223169,-0.178608,-0.394608,0.011659,0.216997,-0.875564,0.312095,-0.285591,-0.398873,0.013183,0.402365,-0.89032,0.202877,-0.213253,-0.381222,0.011642,0.498588,-0.879793,0.155762,-0.163032,-0.408612
416,0.010115,0.404582,-0.864755,0.20757,-0.199228,-0.384598,-0.000133,0.220161,-0.867438,0.289802,-0.281391,-0.401031,0.003957,0.409432,-0.874535,0.214767,-0.174478,-0.395786,0.01566,0.50132,-0.873264,0.167128,-0.158728,-0.386571
417,-0.008342,0.411113,-0.853743,0.176499,-0.169116,-0.397084,0.00527,0.223786,-0.857828,0.257822,-0.252716,-0.396668,-0.001474,0.408222,-0.865234,0.166834,-0.192936,-0.396585,-0.002293,0.50401,-0.869158,0.144499,-0.152552,-0.399651
418,-0.017667,0.417842,-0.856912,0.164748,-0.18143,-0.382871,-0.000672,0.226755,-0.848033,0.232264,-0.257464,-0.383696,-0.01507,0.415281,-0.854983,0.18296,-0.175711,-0.387425,-0.015057,0.511996,-0.852771,0.130901,-0.114035,-0.376237
419,-0.01066,0.419141,-0.845617,0.139356,-0.161545,-0.390432,-0.017926,0.223805,-0.848387,0.228979,-0.220468,-0.38284,-0.024341,0.417812,-0.850966,0.164982,-0.151253,-0.395775,-0.026437,0.519798,-0.846402,0.129246,-0.113644,-0.388016
420,-0.041685,0.420556,-0.844289,0.133509,-0.160473,-0.392669,-0.025131,0.240212,-0.833036,0.214302,-0.208722,-0.380777,-0.037011,0.417261,-0.825342,0.158253,-0.14571,-0.398194,-0.03964,0.531385,-0.827093,0.111511,-0.101592,-0.389315
421,-0.042495,0.418373,-0.820506,0.128672,-0.137822,-0.385989,-0.024398,0.231732,-0.829553,0.193246,-0.175023,-0.363054,-0.039854,0.420828,-0.818824,0.139491,-0.127021,-0.373693,-0.048329,0.535737,-0.823593,0.119544,-0.100712,-0.381901
422,-0.047555,0.429411,-0.815241,0.108877,-0.130935,-0.382109,-0.02913,0.239483,-0.813165,0.168392,-0.187598,-0.356948,-0.04764,0.431125,-0.817313,0.115533,-0.142736,-0.366575,-0.061906,0.537663,-0.806258,0.09463,-0.100133,-0.370872
423,-0.057919,0.432706,-0.792757,0.10122,-0.116716,-0.376665,-0.02658,0.235097,-0.798718,0.16176,-0.174652,-0.374344,-0.060779,0.433888,-0.803902,0.100097,-0.111059,-0.377124,-0.076417,0.545866,-0.804392,0.087123,-0.085591,-0.389394
424,-0.068924,0.440091,-0.782883,0.107959,-0.099175,-0.38849,-0.034552,0.242003,-0.788082,0.141196,-0.141272,-0.378089,-0.074006,0.443692,-0.79342,0.113193,-0.10054,-0.370179,-0.087269,0.539059,-0.776992,0.087197,-0.091872,-0.368298
425,-0.067963,0.439576,-0.764916,0.075343,-0.102331,-0.387222,-0.04312,0.234158,-0.78512,0.137687,-0.123691,-0.373099,-0.068333,0.43716,-0.765334,0.083457,-0.101803,-0.356844,-0.077455,0.540787,-0.780027,0.053821,-0.064713,-0.371646
426,-0.084073,0.434932,-0.763399,0.077545,-0.091047,-0.352361,-0.032068,0.243007,-0.767239,0.099882,-0.107877,-0.381862,-0.075725,0.447016,-0.760816,0.094413,-0.09838,-0.381607,-0.101036,0.547562,-0.767294,0.061381,-0.068256,-0.363282
427,-0.095953,0.447152,-0.749914,0.062014,-0.072312,-0.366904,-0.051882,0.246268,-0.760685,0.098735,-0.08121,-0.375608,-0.085033,0.437278,-0.749981,0.046843,-0.058853,-0.360811,-0.106276,0.555153,-0.757001,0.047817,-0.051061,-0.357068
428,-0.105308,0.445843,-0.739383,0.045305,-0.067315,-0.363043,-0.061644,0.248819,-0.749939,0.083483,-0.087102,-0.371589,-0.108065,0.441449,-0.748417,0.058024,-0.030315,-0.37343,-0.131981,0.556558,-0.741614,0.047084,-0.026445,-0.354358
429,-0.107322,0.446668,-0.727338,0.04304,-0.040364,-0.37081,-0.053581,0.236732,-0.722657,0.062758,-0.064006,-0.368509,-0.10609,0.45459,-0.730071,0.051592,-0.052088,-0.361892,-0.135347,0.564557,-0.727712,0.041726,-0.025827,-0.381438
430,-0.114873,0.45239,-0.716532,0.030681,-0.036216,-0.349361,-0.052696,0.248603,-0.720968,0.049077,-0.044209,-0.345754,-0.126485,0.451534,-0.714804,0.039408,-0.038695,-0.354554,-0.14372,0.558632,-0.709329,0.00427,-0.016856,-0.353371
431,-0.125134,0.468363,-0.70989,0.025371,-0.017317,-0.366047,-0.070529,0.253769,-0.693029,0.037528,-0.028331,-0.36759,-0.12107,0.452312,-0.698897,0.032632,-0.011909,-0.360939,-0.157557,0.569659,-0.705998,0.014069,-0.032822,-0.35729
432,-0.128427,0.467509,-0.676723,-0.00301,-0.015236,-0.35691,-0.083645,0.255389,-0.689661,-0.008674,-0.019964,-0.343399,-0.131556,0.459242,-0.680365,-0.006704,-0.003306,-0.358445,-0.164355,0.583635,-0.684168,0.002424,-0.007205,-0.341204
433,-0.148232,0.460517,-0.67023,-0.002651,0.001625,-0.34401,-0.074718,0.254218,-0.671918,-0.017575,0.007625,-0.353733,-0.142685,0.454844,-0.674943,-0.003286,-0.010755,-0.335368,-0.169733,0.575659,-0.673208,-0.003273,0.022047,-0.36404
434,-0.154245,0.470004,-0.66178,-0.028755,0.017773,-0.318049,-0.083889,0.250233,-0.66793,-0.007263,0.019728,-0.352184,-0.148588,0.468045,-0.652513,-0.000416,0.025091,-0.331898,-0.187605,0.566221,-0.664007,-0.011122,0.008501,-0.339838
435,-0.154162,0.456432,-0.646701,-0.017301,0.034646,-0.321781,-0.092983,0.256708,-0.632246,-0.059007,0.03504,-0.330634,-0.161341,0.460211,-0.647925,-0.017754,0.036016,-0.346327,-0.198818,0.579507,-0.642815,-0.031151,0.037027,-0.353561
436,-0.165448,0.460454,-0.640712,-0.047273,0.047741,-0.350013,-0.091654,0.257989,-0.629118,-0.052342,0.04143,-0.327164,-0.166943,0.465377,-0.630133,-0.030211,0.055303,-0.342945,-0.217069,0.582406,-0.63492,-0.02774,0.038919,-0.350623
437,-0.18198,0.471219,-0.611476,-0.057833,0.044068,-0.32954,-0.108107,0.255714,-0.621258,-0.077502,0.083313,-0.326923,-0.176084,0.460828,-0.616198,-0.063968,0.038091,-0.320804,-0.213489,0.586576,-0.615916,-0.033771,0.044152,-0.322355
438,-0.191675,0.474561,-0.603138,-0.054755,0.065391,-0.324637,-0.11962,0.251981,-0.613621,-0.099857,0.100466,-0.32988,-0.180166,0.464103,-0.609505,-0.066025,0.043175,-0.32599,-0.226723,0.586103,-0.597834,-0.056709,0.044989,-0.328292
439,-0.190828,0.472441,-0.590694,-0.06414,0.07688,-0.332104,-0.112337,0.257576,-0.583908,-0.1042,0.099578,-0.331337,-0.185565,0.472491,-0.588754,-0.070985,0.061704,-0.333238,-0.236199,0.578345,-0.589313,-0.067465,0.055837,-0.320192
440,-0.196096,0.461002,-0.570155,-0.101835,0.076477,-0.319463,-0.114713,0.264287,-0.569694,-0.127236,0.125978,-0.334762,-0.191945,0.465281,-0.563235,-0.091539,0.093907,-0.333025,-0.250775,0.589511,-0.576836,-0.057519,0.073737,-0.322644
441,-0.212084,0.473091,-0.547865,-0.114296,0.098212,-0.319145,-0.115036,0.26033,-0.560338,-0.141693,0.1525,-0.307325,-0.211927,0.460731,-0.55265,-0.101043,0.089069,-0.312234,-0.258926,0.595113,-0.556389,-0.074396,0.065566,-0.306514
442,-0.208827,0.468106,-0.540206,-0.120388,0.105394,-0.3159,-0.119752,0.269303,-0.542405,-0.155903,0.14051,-0.305508,-0.215776,0.471076,-0.533253,-0.127476,0.09342,-0.295355,-0.270589,0.585038,-0.534156,-0.097276,0.085256,-0.307206
443,-0.224426,0.478254,-0.53138,-0.138565,0.127845,-0.287717,-0.117111,0.256747,-0.52195,-0.180367,0.173315,-0.295083,-0.222543,0.473895,-0.523069,-0.129799,0.128671,-0.298611,-0.285038,0.592104,-0.528093,-0.081686,0.102443,-0.318261
444,-0.228104,0.470143,-0.507624,-0.132695,0.146463,-0.287313,-0.121323,0.263731,-0.500043,-0.199665,0.186889,-0.309312,-0.235886,0.46651,-0.513325,-0.135244,0.130207,-0.288736,-0.289324,0.591705,-0.509421,-0.109871,0.099549,-0.299501
445,-0.232963,0.471162,-0.497742,-0.140193,0.151696,-0.287904,-0.127579,0.260342,-0.487108,-0.205274,0.21987,-0.307586,-0.247255,0.467722,-0.498184,-0.144647,0.158241,-0.283236,-0.29813,0.581017,-0.490308,-0.131073,0.139723,-0.297619
446,-0.253718,0.467059,-0.472157,-0.147795,0.162681,-0.290622,-0.14027,0.254504,-0.469744,-0.224549,0.221935,-0.293609,-0.253586,0.477692,-0.470116,-0.160861,0.156385,-0.279388,-0.305213,0.586278,-0.471438,-0.130771,0.122292,-0.287196
447,-0.256136,0.475186,-0.448626,-0.162919,0.155767,-0.290833,-0.145532,0.25752,-0.448148,-0.243248,0.226263,-0.277002,-0.253701,0.473163,-0.447895,-0.177123,0.163971,-0.27628,-0.321026,0.591982,-0.450075,-0.137247,0.127729,-0.277375
448,-0.266367,0.47091,-0.447527,-0.181131,0.179184,-0.283288,-0.137792,0.265466,-0.445437,-0.259489,0.256165,-0.266963,-0.25861,0.467465,-0.433362,-0.20136,0.170754,-0.260129,-0.320719,0.578997,-0.446952,-0.123691,0.160079,-0.261742
449,-0.260168,0.466192,-0.432694,-0.18417,0.201058,-0.274039,-0.146789,0.259545,-0.438177,-0.268301,0.276934,-0.282167,-0.265713,0.46388,-0.427971,-0.186804,0.197992,-0.289512,-0.329543,0.582315,-0.425978,-0.145455,0.145998,-0.274206
450,-0.274787,0.468774,-0.403682,-0.1931,0.198106,-0.265798,-0.148312,0.255978,-0.409505,-0.293748,0.277689,-0.255212,-0.275946,0.458112,-0.403211,-0.213273,0.211067,-0.273483,-0.342885,0.575023,-0.404634,-0.160166,0.165741,-0.253194
451,-0.288817,0.469354,-0.388991,-0.223523,0.216633,-0.26206,-0.150476,0.25738,-0.391142,-0.303645,0.311542,-0.245289,-0.292709,0.474333,-0.390666,-0.211993,0.198832,-0.245349,-0.351847,0.583662,-0.381372,-0.158518,0.183043,-0.241832
452,-0.294347,0.468804,-0.368333,-0.233698,0.220856,-0.261052,-0.166566,0.257795,-0.373503,-0.329512,0.319836,-0.238939,-0.290273,0.470902,-0.367903,-0.229892,0.22688,-0.262069,-0.364235,0.588936,-0.380964,-0.194725,0.174747,-0.24018
453,-0.295805,0.464501,-0.353302,-0.23256,0.253527,-0.233709,-0.162509,0.251407,-0.355668,-0.328501,0.347335,-0.239504,-0.300002,0.47028,-0.362169,-0.245383,0.219858,-0.238491,-0.377324,0.588481,-0.352466,-0.1753,0.194165,-0.263054
454,-0.30944,0.465885,-0.335674,-0.255872,0.235345,-0.252156,-0.179434,0.265929,-0.340424,-0.369457,0.335068,-0.238825,-0.306641,0.461844,-0.340306,-0.258052,0.241779,-0.229329,-0.38715,0.571702,-0.332382,-0.204839,0.199293,-0.232305
455,-0.304291,0.459787,-0.311893,-0.266253,0.272715,-0.24065,-0.175189,0.262816,-0.311593,-0.352906,0.356429,-0.249793,-0.314818,0.459536,-0.318051,-0.267845,0.252055,-0.240553,-0.385984,0.576887,-0.3247,-0.183702,0.190581,-0.254463
456,-0.315132,0.460544,-0.297877,-0.274482,0.277199,-0.212408,-0.175664,0.244523,-0.303106,-0.377139,0.384343,-0.22945,-0.311136,0.469055,-0.303478,-0.271153,0.269655,-0.230499,-0.403955,0.579993,-0.305533,-0.214594,0.201248,-0.22307
457,-0.325066,0.453583,-0.273277,-0.267441,0.273935,-0.231312,-0.184878,0.248667,-0.289354,-0.405451,0.396954,-0.21975,-0.315104,0.448994,-0.277058,-0.277465,0.309527,-0.214245,-0.40289,0.574283,-0.282928,-0.216797,0.234804,-0.206322
458,-0.336033,0.457483,-0.260553,-0.286811,0.306797,-0.2097,-0.187292,0.247123,-0.261674,-0.395603,0.402646,-0.214699,-0.32907,0.454128,-0.264913,-0.306902,0.296136,-0.204913,-0.421762,0.576398,-0.268386,-0.218777,0.232644,-0.212659
459,-0.338497,0.447644,-0.242289,-0.318184,0.319606,-0.21677,-0.181909,0.24754,-0.251348,-0.431871,0.430139,-0.219975,-0.343438,0.445587,-0.250772,-0.29094,0.308633,-0.20849,-0.421935,0.570089,-0.247882,-0.245554,0.232762,-0.207299
460,-0.348745,0.453737,-0.220926,-0.309572,0.325097,-0.187025,-0.191729,0.243699,-0.223156,-0.420545,0.45042,-0.195118,-0.34579,0.441188,-0.231279,-0.336682,0.303056,-0.201211,-0.430687,0.568483,-0.226558,-0.256466,0.237683,-0.200334
461,-0.341859,0.444666,-0.213366,-0.34676,0.325268,-0.176305,-0.196686,0.248217,-0.205445,-0.451014,0.457152,-0.199005,-0.34723,0.4465,-0.203635,-0.321893,0.317814,-0.192944,-0.438959,0.560133,-0.214906,-0.242739,0.242259,-0.20498
462,-0.353587,0.442958,-0.184798,-0.335029,0.34417,-0.178826,-0.193443,0.242857,-0.186033,-0.473447,0.461759,-0.185257,-0.350618,0.438762,-0.192245,-0.347976,0.346026,-0.183734,-0.448044,0.558848,-0.187624,-0.279488,0.245572,-0.194201
463,-0.364041,0.448896,-0.177531,-0.340884,0.33976,-0.165757,-0.197343,0.244937,-0.168176,-0.485524,0.457128,-0.161452,-0.360791,0.443245,-0.173744,-0.335994,0.338724,-0.187472,-0.449997,0.541199,-0.180949,-0.258462,0.261797,-0.186611
464,-0.353221,0.447391,-0.155723,-0.354053,0.364508,-0.178458,-0.202077,0.238069,-0.146191,-0.500411,0.520571,-0.164892,-0.366527,0.43548,-0.149388,-0.365936,0.352533,-0.174694,-0.458931,0.553396,-0.155821,-0.267462,0.28562,-0.187841
465,-0.371027,0.442731,-0.134125,-0.364184,0.368215,-0.173739,-0.201893,0.235533,-0.132964,-0.515997,0.526559,-0.165704,-0.361397,0.435202,-0.142436,-0.367734,0.364048,-0.172811,-0.468838,0.54401,-0.131562,-0.282066,0.282654,-0.157498
466,-0.376235,0.433264,-0.118473,-0.373145,0.373647,-0.167636,-0.205735,0.241965,-0.107292,-0.52759,0.52582,-0.147535,-0.367135,0.431163,-0.114388,-0.361525,0.391168,-0.15639,-0.478109,0.534699,-0.113163,-0.296182,0.296046,-0.146576
467,-0.384585,0.433685,-0.094126,-0.380198,0.37301,-0.172916,-0.205848,0.243279,-0.090724,-0.520704,0.517645,-0.142746,-0.376777,0.433405,-0.092586,-0.384456,0.394492,-0.160347,-0.478915,0.53515,-0.104979,-0.294839,0.303489,-0.176656
468,-0.393316,0.421406,-0.076506,-0.388482,0.397062,-0.162938,-0.209838,0.228961,-0.071051,-0.532672,0.535701,-0.150721,-0.382324,0.421097,-0.072899,-0.378898,0.385721,-0.134255,-0.487069,0.541337,-0.077362,-0.317587,0.301723,-0.163797
469,-0.391678,0.422678,-0.067751,-0.410217,0.3992,-0.14924,-0.214792,0.236956,-0.07229,-0.559,0.571053,-0.15165,-0.388226,0.419243,-0.066063,-0.383623,0.4042,-0.136954,-0.49543,0.523894,-0.059333,-0.3185,0.314369,-0.143175
470,-0.401254,0.418637,-0.041243,-0.408742,0.419678,-0.124156,-0.220111,0.231004,-0.042059,-0.602961,0.5766,-0.138019,-0.398312,0.421955,-0.039766,-0.397404,0.404016,-0.116875,-0.50116,0.517826,-0.038783,-0.327828,0.313082,-0.136331
471,-0.401891,0.418482,-0.016594,-0.427921,0.439068,-0.125161,-0.221339,0.22337,-0.028722,-0.607958,0.603404,-0.126105,-0.40564,0.407933,-0.021996,-0.412882,0.431151,-0.117819,-0.503951,0.509657,-0.01828,-0.335219,0.318961,-0.124803
472,-0.405771,0.410794,-0.005112,-0.433198,0.434318,-0.135402,-0.233384,0.223703,0.002042,-0.591541,0.6003,-0.12105,-0.408494,0.40149,-0.004552,-0.444157,0.432628,-0.113403,-0.501149,0.512305,-0.011768,-0.338239,0.326882,-0.119775
473,-0.41131,0.403174,0.017062,-0.438871,0.427842,-0.090503,-0.22523,0.21734,0.014471,-0.633371,0.614266,-0.119818,-0.404303,0.408192,0.01679,-0.438316,0.457413,-0.087174,-0.512965,0.502335,0.006744,-0.356659,0.31604,-0.107883
474,-0.416706,0.404078,0.035325,-0.44642,0.448345,-0.103688,-0.23594,0.218839,0.04115,-0.609227,0.62608,-0.108303,-0.415447,0.396093,0.030593,-0.447443,0.456259,-0.118263,-0.517313,0.502393,0.029898,-0.337982,0.343034,-0.114955
475,-0.420804,0.392126,0.051669,-0.45996,0.458412,-0.095495,-0.229003,0.221219,0.059842,-0.632112,0.641678,-0.107205,-0.416778,0.398348,0.050692,-0.462395,0.466784,-0.090425,-0.522016,0.50524,0.049421,-0.345154,0.351804,-0.080198
476,-0.431883,0.385114,0.076319,-0.446225,0.470841,-0.095409,-0.231645,0.218547,0.074906,-0.652026,0.64617,-0.095597,-0.423743,0.384919,0.055243,-0.451935,0.450878,-0.101524,-0.527985,0.490999,0.069808,-0.348973,0.339615,-0.089131
477,-0.431744,0.38592,0.081809,-0.471082,0.480447,-0.076374,-0.238312,0.213035,0.089902,-0.654504,0.652054,-0.071434,-0.430508,0.3898,0.083416,-0.477416,0.488089,-0.079828,-0.532145,0.480517,0.091788,-0.354711,0.345679,-0.082861
478,-0.431805,0.379724,0.105036,-0.486876,0.469638,-0.072136,-0.24365,0.210306,0.111152,-0.667701,0.682668,-0.072565,-0.435647,0.374729,0.116123,-0.485119,0.479839,-0.067441,-0.540766,0.472501,0.111165,-0.367828,0.370363,-0.073505
479,-0.439647,0.368802,0.134816,-0.493524,0.487877,-0.076067,-0.229218,0.212292,0.134167,-0.701341,0.675902,-0.065301,-0.438105,0.378046,0.131238,-0.504806,0.492677,-0.064124,-0.545688,0.473739,0.127538,-0.380821,0.364498,-0.078059
480,-0.434808,0.37487,0.143869,-0.506242,0.49725,-0.058216,-0.235211,0.206168,0.147694,-0.684811,0.688389,-0.064968,-0.436925,0.364713,0.14023,-0.49785,0.502776,-0.079018,-0.545446,0.454523,0.151975,-0.397264,0.389932,-0.054016
481,-0.440474,0.366544,0.164879,-0.503327,0.501558,-0.056899,-0.24105,0.19653,0.165041,-0.699325,0.703616,-0.049035,-0.444978,0.362361,0.161134,-0.495023,0.507449,-0.044396,-0.55299,0.456352,0.166108,-0.399518,0.396604,-0.02993
482,-0.446425,0.361848,0.180879,-0.505,0.516594,-0.058252,-0.237437,0.201339,0.181431,-0.71684,0.716168,-0.028476,-0.448997,0.36742,0.187967,-0.503533,0.488217,-0.042794,-0.55351,0.443939,0.189245,-0.404592,0.378723,-0.058614
483,-0.442104,0.345322,0.1951,-0.515196,0.529849,-0.049914,-0.24357,0.193524,0.193086,-0.69888,0.723947,-0.065835,-0.446183,0.35399,0.188539,-0.540197,0.531053,-0.030472,-0.55442,0.440494,0.200405,-0.410986,0.389477,-0.040841
484,-0.447262,0.344142,0.21246,-0.530278,0.536202,-0.030263,-0.252942,0.176102,0.220276,-0.737906,0.74021,-0.01667,-0.454935,0.345216,0.224618,-0.531144,0.520747,-0.037619,-0.561572,0.432775,0.22486,-0.400866,0.417699,-0.044411
485,-0.448397,0.345776,0.240239,-0.536558,0.522572,-0.025893,-0.250141,0.184665,0.236854,-0.77128,0.745957,-0.032322,-0.452052,0.341105,0.240154,-0.531303,0.531492,-0.034623,-0.569267,0.42184,0.227984,-0.410507,0.415153,-0.024936
486,-0.457399,0.333978,0.255269,-0.529875,0.538358,0.005044,-0.243085,0.179526,0.257113,-0.7637,0.738497,-0.017916,-0.448344,0.333756,0.255553,-0.539613,0.547053,0.002251,-0.572628,0.419515,0.255318,-0.417561,0.416023,0.005223
487,-0.45851,0.321822,0.278227,-0.543649,0.550952,-0.004796,-0.248569,0.169724,0.283628,-0.763304,0.751398,0.00504,-0.45486,0.320652,0.278647,-0.552025,0.540809,-0.008947,-0.574808,0.417472,0.278839,-0.427477,0.424995,-0.008798
488,-0.45899,0.322639,0.286614,-0.555002,0.52992,-0.000263,-0.259299,0.171229,0.28635,-0.783358,0.774018,-0.000958,-0.45624,0.313265,0.285684,-0.562801,0.557986,0.013096,-0.583331,0.406977,0.292821,-0.427743,0.421617,-0.01063
489,-0.457543,0.314554,0.316243,-0.557323,0.558901,0.017633,-0.259125,0.169708,0.314973,-0.774997,0.76743,0.002898,-0.451679,0.310138,0.312386,-0.570914,0.568351,-0.005288,-0.580765,0.393754,0.309554,-0.429101,0.435635,0.007731
490,-0.463836,0.307167,0.324637,-0.564433,0.577678,0.002038,-0.257666,0.175644,0.330248,-0.802599,0.793392,-0.002391,-0.465872,0.307002,0.333857,-0.556807,0.5449,0.012027,-0.57735,0.389927,0.320487,-0.424261,0.429829,0.014383
491,-0.469021,0.285708,0.343593,-0.568822,0.570178,0.013844,-0.25586,0.162166,0.346112,-0.807541,0.775838,0.010324,-0.461875,0.293267,0.347405,-0.570459,0.566694,0.027137,-0.575589,0.375638,0.351171,-0.452627,0.454486,0.026465
492,-0.462697,0.29304,0.369655,-0.577948,0.564047,0.033301,-0.251273,0.164252,0.364701,-0.807065,0.806491,0.044953,-0.462101,0.29277,0.367764,-0.566019,0.562738,0.004946,-0.580265,0.362787,0.375208,-0.438003,0.443282,0.05004
493,-0.466429,0.291477,0.388204,-0.576828,0.587798,0.029367,-0.256683,0.161498,0.38204,-0.793461,0.814972,0.028767,-0.462642,0.281825,0.375629,-0.587534,0.577577,0.043401,-0.586309,0.36284,0.375425,-0.453172,0.440012,0.037889
494,-0.472461,0.284652,0.396194,-0.586756,0.588793,0.070275,-0.260969,0.147702,0.40516,-0.822073,0.817585,0.057396,-0.460191,0.282301,0.398394,-0.579303,0.595175,0.04278,-0.586731,0.356373,0.393674,-0.437638,0.439956,0.042992
495,-0.467061,0.283162,0.410458,-0.599469,0.571788,0.041583,-0.254822,0.150469,0.413838,-0.823392,0.836377,0.040764,-0.469854,0.267681,0.415457,-0.585789,0.588316,0.058406,-0.590259,0.342735,0.414353,-0.45335,0.439412,0.061678
496,-0.479086,0.267408,0.433451,-0.588926,0.597445,0.052045,-0.257615,0.146318,0.43547,-0.825434,0.813867,0.067155,-0.472468,0.269823,0.44263,-0.599008,0.597011,0.045154,-0.594569,0.334086,0.434386,-0.467781,0.449705,0.073983
497,-0.46652,0.259183,0.450747,-0.591474,0.616447,0.078238,-0.257232,0.146189,0.445255,-0.828036,0.829115,0.060129,-0.475507,0.263005,0.462975,-0.598201,0.616572,0.04556,-0.585651,0.318348,0.455405,-0.460385,0.480773,0.057829
498,-0.46915,0.239749,0.46573,-0.615888,0.608222,0.074481,-0.256257,0.13624,0.467998,-0.819428,0.84201,0.091043,-0.455913,0.254711,0.477406,-0.598393,0.589555,0.065188,-0.587577,0.319559,0.466108,-0.461691,0.477277,0.090471
499,-0.469662,0.243308,0.48084,-0.608453,0.601743,0.083467,-0.252585,0.129522,0.498069,-0.846173,0.844853,0.065535,-0.469586,0.237841,0.487764,-0.593179,0.595339,0.070818,-0.590858,0.296108,0.47903,-0.474737,0.466156,0.079528
500,-0.462785,0.230867,0.49839,-0.613579,0.621989,0.077455,-0.259007,0.120857,0.499295,-0.859092,0.85699,0.061084,-0.470164,0.231164,0.504425,-0.612033,0.610811,0.088292,-0.582645,0.30046,0.496554,-0.479127,0.478275,0.097005
501,-0.467728,0.230731,0.516699,-0.626416,0.6201,0.076983,-0.264236,0.133936,0.517884,-0.8412,0.866706,0.097386,-0.475184,0.237824,0.509536,-0.607486,0.597238,0.094498,-0.591659,0.287489,0.520096,-0.477992,0.476982,0.106049
502,-0.471248,0.219258,0.526807,-0.604891,0.619273,0.103009,-0.266813,0.119941,0.524939,-0.860988,0.854388,0.107683,-0.472748,0.214605,0.522212,-0.612505,0.615877,0.10121,-0.591683,0.273124,0.525717,-0.478587,0.478761,0.096151
503,-0.474525,0.209612,0.549788,-0.6176,0.610711,0.112579,-0.259243,0.113932,0.553731,-0.867638,0.853509,0.102442,-0.468517,0.212468,0.555406,-0.630076,0.629748,0.103789,-0.588523,0.262871,0.542094,-0.483922,0.463643,0.099162
504,-0.474006,0.198041,0.563869,-0.623184,0.621762,0.109671,-0.258888,0.102713,0.569747,-0.870791,0.860596,0.109633,-0.469962,0.207308,0.565978,-0.623758,0.631801,0.111502,-0.590766,0.261714,0.565006,-0.488322,0.482116,0.116034
505,-0.470566,0.202867,0.580349,-0.614435,0.614257,0.131777,-0.254972,0.110789,0.5852,-0.854651,0.851308,0.123698,-0.473494,0.200213,0.582759,-0.639426,0.639986,0.129254,-0.584517,0.252547,0.569364,-0.487909,0.497007,0.113196
506,-0.464468,0.187065,0.592189,-0.628488,0.639756,0.142368,-0.253027,0.106255,0.595619,-0.876584,0.879389,0.137349,-0.464177,0.175217,0.597513,-0.618954,0.622699,0.126246,-0.585815,0.234107,0.598869,-0.470293,0.487541,0.119119
507,-0.473705,0.18097,0.608326,-0.616621,0.617747,0.134966,-0.254371,0.096529,0.611039,-0.867393,0.866785,0.14344,-0.464469,0.179776,0.609434,-0.618991,0.636787,0.131568,-0.579929,0.228672,0.615863,-0.486587,0.484083,0.146844
508,-0.458462,0.178979,0.623756,-0.631329,0.633949,0.142576,-0.247103,0.095837,0.635925,-0.879236,0.875023,0.159794,-0.466087,0.165843,0.620064,-0.628747,0.639014,0.146343,-0.584932,0.216694,0.621591,-0.479688,0.490712,0.147378
509,-0.466509,0.162195,0.637841,-0.642638,0.618354,0.167936,-0.24573,0.090211,0.643363,-0.89065,0.879795,0.13788,-0.465384,0.156965,0.647378,-0.639048,0.624712,0.165098,-0.570711,0.201135,0.633789,-0.478813,0.482806,0.182086
510,-0.466413,0.160788,0.649725,-0.635208,0.64238,0.175521,-0.248577,0.085062,0.649729,-0.875068,0.890605,0.161733,-0.462548,0.158238,0.650743,-0.636509,0.628814,0.144506,-0.576706,0.193338,0.648573,-0.490142,0.489347,0.153225
511,-0.457289,0.149233,0.66514,-0.617304,0.620301,0.160405,-0.248066,0.08453,0.673993,-0.895404,0.884546,0.170333,-0.461825,0.142747,0.669404,-0.644853,0.614625,0.166799,-0.57177,0.186652,0.663341,-0.482365,0.481094,0.152079
512,-0.452753,0.1367,0.682054,-0.645034,0.636512,0.185586,-0.257082,0.074862,0.675857,-0.8948,0.896099,0.183876,-0.463149,0.132422,0.675889,-0.616647,0.63691,0.16636,-0.579423,0.172971,0.681278,-0.481712,0.482423,0.157799
513,-0.4598,0.119127,0.688981,-0.630527,0.631948,0.165801,-0.239729,0.062231,0.694704,-0.888884,0.892949,0.188081,-0.460115,0.131574,0.696686,-0.636031,0.627947,0.180793,-0.573701,0.156185,0.692307,-0.492948,0.496129,0.190981
514,-0.452544,0.128789,0.71275,-0.633975,0.615241,0.196583,-0.252001,0.058713,0.710085,-0.895355,0.874776,0.182767,-0.448098,0.127481,0.706194,-0.645324,0.645803,0.167559,-0.563623,0.149795,0.714657,-0.507519,0.49059,0.19515
515,-0.452525,0.116868,0.72569,-0.610311,0.63215,0.199142,-0.24612,0.055268,0.721191,-0.875009,0.902181,0.198208,-0.448322,0.108319,0.728558,-0.644514,0.635314,0.188597,-0.551301,0.136766,0.728778,-0.495727,0.506573,0.195921
516,-0.448898,0.104277,0.74606,-0.634428,0.647072,0.201939,-0.250707,0.053897,0.735129,-0.883861,0.892947,0.208973,-0.463092,0.109392,0.739341,-0.629906,0.639454,0.193622,-0.556264,0.12969,0.734287,-0.485402,0.488924,0.182601
517,-0.445428,0.090598,0.748037,-0.6392,0.630867,0.203464,-0.246567,0.046426,0.744496,-0.881024,0.895527,0.217504,-0.448775,0.093902,0.750157,-0.634352,0.617505,0.203209,-0.567503,0.125026,0.735254,-0.498068,0.491506,0.193935
518,-0.442501,0.084021,0.761749,-0.64157,0.636918,0.214176,-0.249847,0.049648,0.76267,-0.878323,0.882563,0.209645,-0.442971,0.095788,0.755126,-0.632849,0.62634,0.191549,-0.548886,0.112936,0.764096,-0.49514,0.489493,0.22706
519,-0.429955,0.074163,0.768587,-0.62502,0.63533,0.21166,-0.241871,0.037981,0.776675,-0.892447,0.910806,0.211928,-0.430441,0.08946,0.766204,-0.630819,0.637383,0.22496,-0.546002,0.094964,0.763687,-0.497569,0.483014,0.23005
520,-0.435372,0.072916,0.79273,-0.649164,0.625826,0.229279,-0.247127,0.043755,0.779851,-0.89206,0.886975,0.22063,-0.440786,0.063091,0.766866,-0.633988,0.633651,0.230374,-0.547111,0.084995,0.775441,-0.488847,0.491088,0.229272
521,-0.440656,0.067685,0.789881,-0.631089,0.61982,0.227711,-0.237223,0.038533,0.805744,-0.88495,0.876216,0.230989,-0.43303,0.051675,0.794934,-0.628249,0.630598,0.228835,-0.540801,0.067106,0.793899,-0.501341,0.49863,0.242692
522,-0.423116,0.056989,0.802692,-0.632249,0.650265,0.239544,-0.240385,0.025694,0.804745,-0.886515,0.889772,0.235666,-0.432918,0.054805,0.804738,-0.641589,0.617659,0.237368,-0.535262,0.066131,0.809279,-0.49888,0.499439,0.250928
523,-0.427171,0.037636,0.816753,-0.627063,0.643656,0.238078,-0.232508,0.010079,0.812187,-0.867325,0.88615,0.232513,-0.428461,0.043411,0.813642,-0.628342,0.63941,0.24233,-0.538195,0.05927,0.824567,-0.482522,0.47194,0.240308
524,-0.423898,0.026911,0.835605,-0.643136,0.632075,0.258364,-0.230692,0.020122,0.827354,-0.880062,0.870942,0.260434,-0.429571,0.029137,0.822033,-0.634761,0.614299,0.248252,-0.531383,0.041121,0.832227,-0.493288,0.498644,0.231285
525,-0.424806,0.028537,0.843189,-0.638621,0.633523,0.270336,-0.23185,0.006331,0.843571,-0.85138,0.877795,0.260883,-0.426788,0.017182,0.839573,-0.616048,0.622489,0.266444,-0.518408,0.032545,0.834854,-0.48332,0.485586,0.250818
526,-0.42124,0.010791,0.851724,-0.621176,0.630432,0.253487,-0.231031,0.00565,0.843727,-0.876984,0.875167,0.267823,-0.423936,0.013522,0.842269,-0.626199,0.611554,0.270018,-0.522574,0.021387,0.853741,-0.471409,0.482352,0.271598
527,-0.408017,0.012442,0.859697,-0.622591,0.61619,0.285579,-0.225189,0.005001,0.868601,-0.866695,0.889149,0.260432,-0.411279,0.004831,0.853428,-0.632371,0.623412,0.244315,-0.514466,0.011033,0.862999,-0.482708,0.493517,0.263179
528,-0.411383,-0.005005,0.872169,-0.614818,0.623236,0.291633,-0.219944,-0.004763,0.865569,-0.853958,0.862913,0.283343,-0.405311,-0.009938,0.870577,-0.629458,0.616158,0.265581,-0.509335,0.003284,0.865555,-0.489933,0.474233,0.274932
529,-0.395408,-0.004521,0.885585,-0.611529,0.629152,0.272204,-0.224668,-0.013118,0.879384,-0.862326,0.871453,0.283993,-0.409054,-0.015725,0.882648,-0.626852,0.606718,0.286482,-0.507031,-0.016167,0.878708,-0.475864,0.475135,0.280322
530,-0.394258,-0.014646,0.887007,-0.609891,0.609337,0.288198,-0.222486,-0.014275,0.895221,-0.859998,0.86425,0.301955,-0.405922,-0.021555,0.884387,-0.602115,0.628312,0.28886,-0.492538,-0.021593,0.880932,-0.480906,0.48066,0.264006
531,-0.396433,-0.035201,0.890246,-0.611487,0.632431,0.298776,-0.211848,-0.014209,0.889034,-0.872539,0.863976,0.289248,-0.398902,-0.03117,0.889536,-0.600126,0.604738,0.276971,-0.49753,-0.040148,0.896801,-0.475895,0.484468,0.272292
532,-0.387667,-0.022824,0.898535,-0.604474,0.611959,0.276772,-0.219051,-0.023429,0.906953,-0.8539,0.844183,0.303379,-0.399595,-0.041551,0.909454,-0.618757,0.59346,0.286415,-0.478661,-0.049177,0.90023,-0.478798,0.468238,0.299058
533,-0.376969,-0.043096,0.909383,-0.591926,0.611463,0.289949,-0.21285,-0.031833,0.915774,-0.861684,0.845385,0.312364,-0.378726,-0.049928,0.901785,-0.596057,0.610056,0.288279,-0.473017,-0.059388,0.907999,-0.480893,0.450235,0.298256
534,-0.372508,-0.052007,0.927816,-0.588599,0.581351,0.30773,-0.211183,-0.035511,0.912578,-0.840201,0.846727,0.294623,-0.38212,-0.055022,0.918119,-0.614072,0.582723,0.298889,-0.473363,-0.069095,0.913722,-0.462023,0.467049,0.291303
535,-0.378212,-0.066017,0.928334,-0.600277,0.589816,0.310059,-0.203463,-0.041675,0.929697,-0.839569,0.831046,0.296313,-0.372848,-0.073221,0.930272,-0.597827,0.585324,0.31459,-0.463875,-0.080864,0.932417,-0.469479,0.454304,0.322107
536,-0.369292,-0.075846,0.932151,-0.589452,0.589795,0.329951,-0.200419,-0.039852,0.933655,-0.8198,0.817384,0.310056,-0.363913,-0.071429,0.933356,-0.579819,0.586153,0.320063,-0.458822,-0.096937,0.933589,-0.455201,0.46194,0.310181
537,-0.36027,-0.080138,0.938889,-0.576784,0.584999,0.32426,-0.199326,-0.040088,0.935017,-0.813166,0.820557,0.326219,-0.361801,-0.08374,0.936037,-0.571705,0.572545,0.319521,-0.455789,-0.107767,0.936878,-0.461526,0.460139,0.330278
538,-0.354316,-0.089681,0.956301,-0.596703,0.578806,0.322109,-0.200502,-0.048354,0.944372,-0.822632,0.788853,0.337599,-0.350193,-0.090327,0.941418,-0.590386,0.57056,0.341228,-0.441482,-0.113345,0.943573,-0.445861,0.439784,0.323864
539,-0.344959,-0.098177,0.947682,-0.591881,0.575596,0.317917,-0.183719,-0.052652,0.956122,-0.798684,0.807813,0.313963,-0.349168,-0.105092,0.955966,-0.582913,0.578653,0.315314,-0.435879,-0.128695,0.94638,-0.444661,0.458104,0.333237
540,-0.339036,-0.107848,0.958312,-0.586869,0.566932,0.327869,-0.18999,-0.061259,0.960561,-0.804987,0.797655,0.325947,-0.338553,-0.112265,0.949034,-0.560287,0.557135,0.336684,-0.433034,-0.133099,0.958417,-0.444134,0.437687,0.333096
541,-0.327598,-0.123536,0.962803,-0.559885,0.55408,0.343921,-0.18302,-0.06583,0.963661,-0.806226,0.803681,0.350465,-0.339947,-0.116258,0.950558,-0.576866,0.570584,0.358239,-0.411971,-0.146689,0.967559,-0.449194,0.456131,0.34182
542,-0.330177,-0.12565,0.974356,-0.562238,0.542118,0.340459,-0.179982,-0.067114,0.967293,-0.790168,0.793882,0.341583,-0.332349,-0.116139,0.975796,-0.562605,0.553673,0.343132,-0.406763,-0.15873,0.962083,-0.439226,0.428253,0.335967
543,-0.317374,-0.135688,0.967768,-0.560604,0.547812,0.342131,-0.173567,-0.077081,0.970512,-0.781075,0.776626,0.358791,-0.322842,-0.13707,0.96856,-0.56086,0.565451,0.337166,-0.400029,-0.167966,0.971589,-0.426196,0.42707,0.344678
544,-0.315449,-0.138132,0.976428,-0.567458,0.535848,0.357311,-0.184086,-0.080869,0.977744,-0.750581,0.764935,0.34826,-0.324055,-0.136148,0.979654,-0.560409,0.566023,0.351749,-0.396321,-0.17507,0.973115,-0.43641,0.438471,0.344191
545,-0.310163,-0.148823,0.986577,-0.539618,0.523102,0.360657,-0.179693,-0.081364,0.969123,-0.746019,0.77869,0.350516,-0.313319,-0.154257,0.971122,-0.53871,0.559373,0.337809,-0.396518,-0.18455,0.975671,-0.42134,0.423514,0.340217
546,-0.308346,-0.165574,0.982281,-0.537278,0.547794,0.343152,-0.169633,-0.087846,0.98808,-0.741578,0.740402,0.35415,-0.308427,-0.158195,0.996853,-0.52738,0.560913,0.342252,-0.382685,-0.196403,0.983422,-0.404429,0.430652,0.367842
547,-0.299529,-0.165165,0.985289,-0.535979,0.520908,0.362471,-0.160292,-0.094182,0.985894,-0.741265,0.757415,0.35757,-0.299954,-0.16686,0.992003,-0.543871,0.523959,0.354633,-0.365511,-0.21152,0.986146,-0.40211,0.420642,0.374188
548,-0.295686,-0.171047,0.984882,-0.515234,0.519676,0.36723,-0.157685,-0.095157,0.994442,-0.754826,0.74405,0.359355,-0.287881,-0.17216,0.984508,-0.516779,0.540395,0.352063,-0.372467,-0.228808,0.982585,-0.401292,0.401191,0.355934
549,-0.27817,-0.180223,0.993377,-0.517386,0.522657,0.381385,-0.159199,-0.08489,0.992405,-0.711134,0.724366,0.358229,-0.284153,-0.186413,0.979378,-0.504854,0.520174,0.364164,-0.349871,-0.234001,0.991037,-0.400796,0.411101,0.348197
550,-0.278621,-0.193008,0.996705,-0.502549,0.517431,0.362606,-0.158442,-0.108311,0.992827,-0.708306,0.702304,0.376018,-0.277651,-0.193631,0.991402,-0.533004,0.50748,0.385681,-0.347946,-0.243643,1.003037,-0.379751,0.371692,0.374235
551,-0.258771,-0.19753,0.998056,-0.510497,0.504894,0.380961,-0.145336,-0.106188,0.996274,-0.69356,0.68388,0.368038,-0.264959,-0.199979,0.988144,-0.506882,0.52056,0.376226,-0.338483,-0.243189,0.994931,-0.400226,0.386423,0.374209
552,-0.258779,-0.212578,0.997116,-0.498769,0.485858,0.384692,-0.146253,-0.117957,1.002357,-0.69651,0.668702,0.374571,-0.267771,-0.204754,1.006402,-0.483173,0.487513,0.356597,-0.315182,-0.262768,1.003883,-0.377152,0.391796,0.374517
553,-0.255571,-0.222441,1.006122,-0.497162,0.50128,0.365614,-0.13107,-0.1127,1.000046,-0.682741,0.673756,0.36294,-0.243692,-0.208525,0.988003,-0.473171,0.484722,0.368371,-0.312497,-0.269313,0.996697,-0.372839,0.379285,0.386471
554,-0.244041,-0.20879,1.012502,-0.466773,0.493923,0.37517,-0.131219,-0.130975,0.99107,-0.672142,0.67191,0.378577,-0.248184,-0.217102,1.001488,-0.453212,0.47515,0.361821,-0.300344,-0.273967,0.992568,-0.381374,0.370285,0.39258
555,-0.244512,-0.227935,1.010198,-0.471075,0.468811,0.397589,-0.128616,-0.129548,0.998546,-0.661246,0.675573,0.374904,-0.244712,-0.232102,1.000327,-0.47953,0.474981,0.390891,-0.298115,-0.28482,0.998874,-0.366718,0.341655,0.38788
556,-0.229999,-0.240318,1.000461,-0.436908,0.463995,0.38263,-0.123548,-0.131323,0.999477,-0.649136,0.635048,0.362848,-0.21422,-0.241539,1.003518,-0.472718,0.472926,0.388975,-0.294828,-0.297174,0.999397,-0.355262,0.355626,0.403001
557,-0.230021,-0.23887,0.998233,-0.46605,0.456652,0.385793,-0.123768,-0.131728,0.991932,-0.660616,0.642485,0.375769,-0.224809,-0.246128,1.000863,-0.469182,0.45783,0.384763,-0.283544,-0.310045,1.00809,-0.361447,0.342105,0.393822
558,-0.207816,-0.252652,0.999892,-0.431284,0.446916,0.386281,-0.128324,-0.143534,1.002549,-0.625611,0.630971,0.416951,-0.20752,-0.2573,0.995425,-0.451928,0.453273,0.379702,-0.266645,-0.316358,0.994592,-0.344457,0.338021,0.388012
559,-0.206848,-0.258056,1.000301,-0.443984,0.437851,0.379146,-0.127982,-0.13768,0.988674,-0.619306,0.600253,0.373874,-0.211679,-0.261404,0.990741,-0.439255,0.414973,0.383876,-0.254768,-0.322253,0.999429,-0.341915,0.327736,0.392734
560,-0.19004,-0.258174,0.994183,-0.420243,0.444679,0.387056,-0.110803,-0.13772,0.995423,-0.589308,0.60769,0.388038,-0.199727,-0.260922,1.001394,-0.439046,0.433563,0.392348,-0.242766,-0.343675,0.992757,-0.332236,0.324947,0.380565
561,-0.190711,-0.277546,0.989946,-0.428842,0.433745,0.4147,-0.104135,-0.155722,0.993354,-0.594503,0.59104,0.398289,-0.193496,-0.279607,0.985723,-0.430468,0.412452,0.408291,-0.235977,-0.341927,0.999871,-0.322324,0.326459,0.397816
562,-0.179094,-0.276391,0.99941,-0.400128,0.417028,0.399608,-0.095238,-0.158246,0.986174,-0.550656,0.57696,0.390059,-0.189101,-0.277261,0.983913,-0.404499,0.409408,0.387498,-0.216192,-0.352706,0.988864,-0.316304,0.299332,0.38814
563,-0.181224,-0.287741,0.991911,-0.401423,0.40709,0.385772,-0.104363,-0.151961,0.991181,-0.567589,0.560151,0.391033,-0.17865,-0.287783,1.001504,-0.394869,0.396788,0.417251,-0.220604,-0.363146,0.990143,-0.306652,0.312855,0.382455
564,-0.17546,-0.295969,0.997885,-0.418024,0.39927,0.398879,-0.084116,-0.165204,0.985676,-0.554088,0.552609,0.385479,-0.163801,-0.293845,0.993293,-0.39513,0.389617,0.394338,-0.218529,-0.3747,0.995395,-0.305014,0.289866,0.391341
565,-0.155196,-0.303877,0.976521,-0.399716,0.385245,0.387435,-0.100394,-0.159178,0.980034,-0.525825,0.528683,0.401333,-0.165951,-0.307888,0.986988,-0.397439,0.374667,0.40403,-0.201467,-0.37278,0.984932,-0.315886,0.299573,0.402631
566,-0.149125,-0.318229,0.97937,-0.373744,0.362069,0.393281,-0.081051,-0.165255,0.975671,-0.522548,0.516261,0.407306,-0.150274,-0.306537,0.988424,-0.373013,0.372997,0.410007,-0.191998,-0.384596,0.984689,-0.283987,0.291076,0.38586
567,-0.142582,-0.314658,0.983918,-0.36078,0.36836,0.403388,-0.076576,-0.175619,0.968297,-0.509838,0.520772,0.403266,-0.137457,-0.31968,0.975459,-0.360763,0.365786,0.402267,-0.177573,-0.3925,0.985992,-0.279859,0.295341,0.38405
568,-0.133638,-0.318801,0.962886,-0.348545,0.363787,0.412589,-0.071209,-0.175048,0.970358,-0.489099,0.488374,0.414396,-0.144491,-0.324905,0.983936,-0.343201,0.345623,0.38779,-0.16475,-0.402669,0.976242,-0.276839,0.270287,0.401863
569,-0.120642,-0.334717,0.974341,-0.352042,0.346602,0.388837,-0.058468,-0.184845,0.966955,-0.477413,0.491601,0.391948,-0.11854,-0.331867,0.97353,-0.349423,0.337907,0.392719,-0.157948,-0.406626,0.967695,-0.262712,0.270421,0.40685
570,-0.123393,-0.334787,0.959734,-0.332687,0.321171,0.401009,-0.069569,-0.181841,0.963899,-0.46758,0.478057,0.416508,-0.122605,-0.340814,0.964587,-0.337282,0.316268,0.409198,-0.145497,-0.418865,0.963722,-0.258938,0.254669,0.385916
571,-0.113582,-0.351108,0.950905,-0.340503,0.314702,0.386836,-0.06239,-0.192929,0.953046,-0.461421,0.445819,0.388825,-0.104238,-0.340091,0.950579,-0.314865,0.315221,0.421273,-0.135591,-0.42483,0.95583,-0.259309,0.244466,0.392998
572,-0.094203,-0.356,0.951386,-0.322666,0.330574,0.406237,-0.055196,-0.197493,0.954406,-0.441023,0.422479,0.40134,-0.106043,-0.351489,0.961722,-0.31271,0.309486,0.408194,-0.120411,-0.439515,0.950414,-0.253566,0.254125,0.392882
573,-0.093708,-0.357774,0.939133,-0.297651,0.295049,0.416338,-0.050228,-0.193357,0.951705,-0.411097,0.432018,0.399892,-0.091077,-0.355881,0.951763,-0.309187,0.287196,0.396563,-0.117504,-0.433445,0.942098,-0.223262,0.245777,0.409219
574,-0.083186,-0.354589,0.942444,-0.291044,0.300567,0.38653,-0.038881,-0.194677,0.933494,-0.397965,0.410293,0.394973,-0.079808,-0.352153,0.946162,-0.312014,0.31025,0.397012,-0.107698,-0.444028,0.93944,-0.234755,0.218398,0.401578
575,-0.062718,-0.372537,0.93646,-0.287479,0.27804,0.403718,-0.02534,-0.204633,0.935926,-0.390444,0.380903,0.387537,-0.065228,-0.364073,0.938827,-0.27345,0.277207,0.395746,-0.090452,-0.456499,0.939898,-0.209382,0.219732,0.403726
576,-0.074606,-0.37549,0.918671,-0.256601,0.261805,0.403407,-0.03215,-0.206041,0.924089,-0.378745,0.371168,0.399881,-0.060027,-0.375057,0.929419,-0.269009,0.262324,0.393691,-0.078587,-0.461228,0.93116,-0.206443,0.197385,0.415002
577,-0.058482,-0.366963,0.923841,-0.246296,0.248399,0.401972,-0.033258,-0.211719,0.915936,-0.362626,0.369656,0.405097,-0.055352,-0.372797,0.916613,-0.247752,0.250994,0.401343,-0.066174,-0.470864,0.917663,-0.210665,0.199222,0.395453
578,-0.03287,-0.384477,0.909628,-0.245188,0.252295,0.390609,-0.028251,-0.205454,0.913511,-0.349238,0.346314,0.396193,-0.049528,-0.383379,0.904654,-0.238854,0.244625,0.385805,-0.052279,-0.47196,0.913174,-0.184375,0.194483,0.406583
579,-0.038874,-0.393846,0.906816,-0.244901,0.237749,0.408389,-0.029919,-0.218816,0.903434,-0.328457,0.321979,0.394605,-0.041553,-0.396147,0.910195,-0.230551,0.231308,0.399497,-0.050235,-0.488709,0.89995,-0.185508,0.175167,0.389225
580,-0.024295,-0.391245,0.899608,-0.23219,0.219332,0.388442,-0.013576,-0.22398,0.896972,-0.321046,0.317136,0.387554,-0.033509,-0.386929,0.896062,-0.216825,0.215995,0.398406,-0.038075,-0.49151,0.898269,-0.150181,0.173473,0.394536
581,-0.020173,-0.396403,0.884145,-0.212095,0.207747,0.400918,-0.008755,-0.209742,0.874247,-0.29706,0.298272,0.396979,-0.022268,-0.401886,0.889786,-0.206961,0.222189,0.394232,-0.023478,-0.493896,0.888408,-0.151858,0.170544,0.382056
582,-0.009963,-0.396176,0.878019,-0.19756,0.194659,0.401003,0.001385,-0.222092,0.875926,-0.289432,0.276438,0.391936,-0.016222,-0.400178,0.875005,-0.202041,0.218328,0.388201,-0.020785,-0.497099,0.868553,-0.155197,0.157766,0.384193
583,-0.002722,-0.407999,0.87327,-0.20679,0.19536,0.390645,-0.010268,-0.228357,0.873328,-0.26983,0.271527,0.39467,-0.002329,-0.407763,0.868473,-0.198646,0.213774,0.391806,-0.006183,-0.497574,0.868876,-0.142117,0.144421,0.397763
584,-0.002698,-0.414096,0.864903,-0.182758,0.190594,0.394442,0.002236,-0.230633,0.856425,-0.247535,0.266034,0.392326,0.003008,-0.418982,0.855586,-0.167253,0.175265,0.377206,0.010296,-0.517002,0.855025,-0.139584,0.13836,0.387243
585,0.011241,-0.420983,0.852327,-0.174092,0.166616,0.388551,0.008474,-0.22052,0.849212,-0.243747,0.233905,0.385421,0.013407,-0.403229,0.847796,-0.177836,0.18264,0.400106,0.02833,-0.521328,0.84685,-0.155444,0.13217,0.392988
586,0.03058,-0.422497,0.834132,-0.159326,0.160449,0.386847,0.008612,-0.228095,0.846336,-0.238233,0.232331,0.387933,0.029304,-0.422095,0.845354,-0.143657,0.149404,0.38935,0.030477,-0.517561,0.84278,-0.107439,0.135789,0.38336
587,0.038807,-0.42829,0.838913,-0.140039,0.143553,0.388652,0.02667,-0.242052,0.826301,-0.192684,0.204639,0.386154,0.040374,-0.424795,0.830399,-0.149859,0.148584,0.366789,0.043563,-0.526034,0.828551,-0.107345,0.108208,0.377713
588,0.044901,-0.434208,0.823889,-0.143198,0.116169,0.392123,0.020312,-0.227413,0.81621,-0.184351,0.203256,0.380459,0.045445,-0.431853,0.811016,-0.13809,0.130375,0.390949,0.052139,-0.531464,0.823009,-0.106002,0.116329,0.387375
589,0.041717,-0.428362,0.808343,-0.119978,0.126116,0.376593,0.024255,-0.240291,0.815198,-0.165872,0.17187,0.389766,0.052985,-0.431581,0.813624,-0.112202,0.123984,0.375341,0.064642,-0.541484,0.809427,-0.082593,0.087816,0.38498
590,0.05706,-0.437655,0.793971,-0.109698,0.103278,0.361696,0.045227,-0.236694,0.796864,-0.173283,0.163542,0.370705,0.05464,-0.42987,0.799574,-0.119268,0.119409,0.390283,0.075998,-0.545778,0.797761,-0.078983,0.095271,0.384049
591,0.072877,-0.436104,0.785811,-0.103273,0.098848,0.367322,0.041767,-0.245894,0.777139,-0.126899,0.139887,0.372035,0.069364,-0.436298,0.788245,-0.094406,0.098978,0.381733,0.082724,-0.553254,0.793898,-0.082124,0.051753,0.357752
592,0.076092,-0.439269,0.779644,-0.086262,0.074138,0.37075,0.038493,-0.245907,0.77255,-0.114611,0.114888,0.384996,0.087446,-0.447045,0.775549,-0.083196,0.080111,0.367276,0.096112,-0.550657,0.777043,-0.071962,0.077241,0.374308
593,0.076838,-0.449753,0.760989,-0.093855,0.068122,0.383626,0.043289,-0.240642,0.761804,-0.098996,0.11213,0.36438,0.083604,-0.44084,0.758353,-0.062454,0.064899,0.356364,0.107161,-0.555412,0.754478,-0.056698,0.047078,0.380028
594,0.090102,-0.444006,0.743327,-0.06769,0.05767,0.371244,0.048698,-0.245441,0.749118,-0.111788,0.085021,0.371508,0.104332,-0.445936,0.753036,-0.05124,0.049906,0.370522,0.118383,-0.560328,0.744365,-0.035687,0.029233,0.361452
595,0.101547,-0.452174,0.742347,-0.050288,0.069672,0.346672,0.05242,-0.249846,0.732292,-0.064582,0.051457,0.356023,0.102848,-0.45273,0.745008,-0.044084,0.04342,0.361168,0.130856,-0.564672,0.743594,-0.040004,0.034637,0.358981
596,0.106084,-0.459683,0.719538,-0.047654,0.051566,0.370156,0.059748,-0.248673,0.716089,-0.039852,0.043895,0.365429,0.11315,-0.453179,0.733992,-0.032176,0.024987,0.370552,0.135914,-0.578812,0.721999,-0.042084,0.0289,0.353687
597,0.119673,-0.451034,0.707087,-0.022374,0.036668,0.357732,0.063884,-0.254083,0.702049,-0.016033,0.026062,0.360819,0.115711,-0.453639,0.708342,-0.028458,0.036807,0.349265,0.151345,-0.571438,0.706796,-0.027051,0.019701,0.359233
598,0.133889,-0.449363,0.697796,-0.007514,0.028749,0.350357,0.074253,-0.244438,0.69735,-0.038166,0.014767,0.341519,0.121808,-0.450116,0.692214,0.006285,0.009519,0.339349,0.161149,-0.575794,0.691378,-0.01289,0.015651,0.325213
599,0.131791,-0.452077,0.692421,0.002509,-0.000522,0.332525,0.07541,-0.245847,0.681278,-0.002753,0.0059,0.344917,0.138531,-0.465893,0.670254,-0.004802,0.009048,0.339758,0.167749,-0.569151,0.676352,0.012454,0.007287,0.347545
600,0.147382,-0.460735,0.670774,0.008614,-0.007429,0.332717,0.07929,-0.255437,0.678487,0.029019,-7.7e-05,0.348152,0.135883,-0.46148,0.662135,0.023228,-0.008949,0.348506,0.172292,-0.575715,0.664151,0.007275,-0.030421,0.34292
601,0.145797,-0.450333,0.657779,0.026948,-0.020766,0.361285,0.076567,-0.257523,0.654703,0.026675,-0.029398,0.326177,0.154132,-0.469667,0.649862,0.041502,-0.032024,0.34941,0.184096,-0.573989,0.651719,0.004424,-0.021802,0.351065
602,0.166983,-0.45927,0.643939,0.034772,-0.048741,0.335451,0.086313,-0.253795,0.636473,0.024847,-0.043541,0.331459,0.159084,-0.464373,0.641575,0.03001,-0.027555,0.320407,0.202492,-0.585455,0.642579,0.030974,-0.023971,0.347398
603,0.179956,-0.4661,0.625532,0.039868,-0.052061,0.340834,0.093459,-0.255921,0.625788,0.079745,-0.060737,0.34594,0.173867,-0.466611,0.627683,0.053477,-0.048894,0.345986,0.20864,-0.569985,0.619572,0.020284,-0.021654,0.333078
604,0.174137,-0.465237,0.615937,0.047101,-0.056107,0.348422,0.108467,-0.250535,0.606008,0.062178,-0.081297,0.32422,0.183556,-0.467381,0.601784,0.052645,-0.061089,0.335262,0.226786,-0.587621,0.608567,0.027452,-0.038107,0.323039
605,0.190561,-0.480029,0.589981,0.066538,-0.069657,0.320858,0.101077,-0.25872,0.589978,0.098491,-0.113093,0.33352,0.187759,-0.474433,0.602937,0.057982,-0.067566,0.336397,0.235013,-0.588593,0.603538,0.062662,-0.066288,0.321139
606,0.19987,-0.464236,0.581346,0.081493,-0.079494,0.317371,0.105525,-0.261416,0.575158,0.140621,-0.091627,0.331214,0.191767,-0.465789,0.577968,0.084413,-0.077671,0.324491,0.243729,-0.589392,0.578521,0.060815,-0.060826,0.317595
607,0.207445,-0.464045,0.578212,0.091982,-0.108199,0.325403,0.106974,-0.25099,0.568981,0.149623,-0.134244,0.299059,0.198993,-0.469868,0.562776,0.089876,-0.090757,0.316514,0.259466,-0.585711,0.570197,0.057178,-0.072032,0.311423
608,0.211099,-0.477143,0.552375,0.11407,-0.12012,0.311598,0.11134,-0.261133,0.546829,0.144388,-0.14057,0.310975,0.201191,-0.462263,0.547276,0.113119,-0.121114,0.31953,0.270629,-0.579092,0.558307,0.091851,-0.066445,0.306767
609,0.224787,-0.465355,0.529804,0.113496,-0.098949,0.326496,0.119729,-0.263218,0.534654,0.181421,-0.171993,0.302697,0.231884,-0.482019,0.532937,0.122225,-0.118112,0.294022,0.276687,-0.58464,0.539763,0.082886,-0.091588,0.310549
610,0.230046,-0.470197,0.517481,0.124198,-0.142317,0.295577,0.123396,-0.264753,0.520089,0.187549,-0.187681,0.29286,0.235956,-0.466847,0.51386,0.129927,-0.128976,0.291995,0.281711,-0.584006,0.509604,0.092152,-0.098592,0.318401
611,0.237565,-0.472418,0.503581,0.145529,-0.140259,0.290579,0.128432,-0.264678,0.505545,0.192838,-0.208648,0.293549,0.240999,-0.469874,0.500749,0.136183,-0.136259,0.295358,0.29029,-0.585808,0.500469,0.119788,-0.115913,0.303338
612,0.238027,-0.474845,0.488975,0.142315,-0.161765,0.285788,0.137336,-0.260158,0.482492,0.187576,-0.204561,0.277336,0.240536,-0.477494,0.494679,0.170116,-0.145483,0.289252,0.30496,-0.583707,0.484131,0.135499,-0.122235,0.280177
613,0.25507,-0.467865,0.464932,0.178263,-0.194228,0.295096,0.128295,-0.255899,0.469773,0.239716,-0.234024,0.279586,0.253427,-0.470249,0.461795,0.153791,-0.167109,0.277932,0.311517,-0.590716,0.463917,0.107779,-0.117164,0.294546
614,0.251739,-0.469126,0.449256,0.174594,-0.177892,0.276064,0.145981,-0.260526,0.456637,0.243785,-0.251918,0.2902,0.260064,-0.468869,0.452256,0.173706,-0.16325,0.296813,0.318894,-0.586815,0.453803,0.133706,-0.137953,0.266442
615,0.261465,-0.473403,0.434662,0.180891,-0.169398,0.254485,0.151658,-0.259617,0.428795,0.256693,-0.269558,0.264305,0.274743,-0.475204,0.436528,0.18442,-0.203735,0.265943,0.327298,-0.578992,0.440279,0.143457,-0.131814,0.274144
616,0.270102,-0.482502,0.415468,0.204305,-0.199945,0.259797,0.150374,-0.264687,0.413086,0.266536,-0.279232,0.285177,0.268393,-0.466051,0.418887,0.19832,-0.213363,0.272579,0.339228,-0.580948,0.42202,0.161221,-0.148203,0.269069
617,0.283057,-0.466991,0.41079,0.209216,-0.195043,0.26559,0.157769,-0.250222,0.398342,0.294188,-0.296952,0.273943,0.277145,-0.462501,0.397107,0.200395,-0.194205,0.256828,0.352168,-0.575887,0.397765,0.155286,-0.145754,0.250842
618,0.287894,-0.461543,0.376983,0.210029,-0.22112,0.257144,0.164627,-0.269234,0.388628,0.310503,-0.318068,0.267208,0.28673,-0.462798,0.380902,0.230594,-0.231678,0.256064,0.358332,-0.577327,0.380764,0.175072,-0.182895,0.254746
619,0.285403,-0.464278,0.360571,0.252291,-0.222986,0.261008,0.171975,-0.249857,0.354805,0.32027,-0.309483,0.253871,0.287536,-0.463627,0.366384,0.221707,-0.236257,0.238491,0.370936,-0.587624,0.367994,0.198607,-0.180304,0.252478
620,0.304694,-0.468564,0.344613,0.22748,-0.238737,0.239251,0.16049,-0.25256,0.345259,0.357986,-0.345455,0.254074,0.300434,-0.464364,0.343471,0.236185,-0.246281,0.249348,0.368638,-0.573184,0.34112,0.187273,-0.19306,0.261005
621,0.306203,-0.454963,0.331476,0.245057,-0.258019,0.230562,0.165756,-0.253322,0.333582,0.350328,-0.35714,0.24894,0.310078,-0.450629,0.328567,0.238923,-0.268042,0.248946,0.383606,-0.579674,0.332275,0.214015,-0.216171,0.238245
622,0.315071,-0.457459,0.313709,0.259689,-0.273078,0.231993,0.170413,-0.253813,0.310061,0.364151,-0.362198,0.233456,0.317149,-0.456128,0.314592,0.25815,-0.270022,0.234641,0.396089,-0.579056,0.321041,0.198125,-0.206297,0.230665
623,0.306628,-0.451653,0.294709,0.270838,-0.262253,0.234107,0.174628,-0.256003,0.293933,0.390986,-0.381026,0.239359,0.320793,-0.474573,0.300505,0.286969,-0.280263,0.24697,0.40094,-0.56328,0.296722,0.205624,-0.206689,0.217947
624,0.329368,-0.455347,0.280381,0.294459,-0.29472,0.210162,0.180731,-0.256941,0.275122,0.395009,-0.402942,0.23109,0.324339,-0.448283,0.281414,0.287184,-0.286034,0.228932,0.419175,-0.57824,0.279691,0.228268,-0.208026,0.211798
625,0.333737,-0.450496,0.254805,0.298648,-0.297841,0.208437,0.191053,-0.262122,0.256675,0.409093,-0.417423,0.215248,0.318969,-0.456782,0.260045,0.300236,-0.314438,0.207372,0.407754,-0.56359,0.257782,0.22412,-0.219475,0.201955
626,0.335319,-0.451097,0.241846,0.321955,-0.309825,0.212554,0.183232,-0.252344,0.250085,0.423037,-0.438446,0.214289,0.341216,-0.457313,0.236737,0.324482,-0.307326,0.210058,0.423509,-0.560146,0.238683,0.244246,-0.249009,0.216507
627,0.346096,-0.452375,0.216488,0.330064,-0.323191,0.207736,0.194154,-0.245755,0.229958,0.44639,-0.452567,0.187264,0.345267,-0.445171,0.218488,0.309024,-0.303896,0.201744,0.440874,-0.555908,0.227835,0.243328,-0.240534,0.208833
628,0.358575,-0.438997,0.202856,0.347334,-0.320448,0.171022,0.199539,-0.244129,0.197138,0.47092,-0.456304,0.18725,0.350693,-0.444032,0.19809,0.318112,-0.32032,0.191715,0.442906,-0.563145,0.200717,0.250728,-0.257859,0.186571
629,0.358573,-0.450648,0.192973,0.334971,-0.33901,0.191458,0.200671,-0.237924,0.178196,0.489569,-0.470768,0.172446,0.3564,-0.450149,0.186175,0.328619,-0.336461,0.174014,0.442005,-0.548861,0.19064,0.255488,-0.260018,0.20245
630,0.360347,-0.441026,0.171004,0.361658,-0.356328,0.17735,0.205569,-0.24711,0.163254,0.491202,-0.482999,0.175622,0.368846,-0.445717,0.178307,0.347722,-0.355083,0.185349,0.450697,-0.549917,0.162814,0.275155,-0.278981,0.17558
631,0.363925,-0.429038,0.165004,0.370992,-0.349799,0.174983,0.196509,-0.251488,0.149281,0.480405,-0.503407,0.177736,0.374447,-0.43105,0.15667,0.364742,-0.379587,0.157008,0.451611,-0.546581,0.140398,0.289201,-0.289597,0.158139
632,0.369112,-0.437297,0.129619,0.353454,-0.359549,0.167202,0.212224,-0.248855,0.137364,0.522465,-0.522864,0.166993,0.360798,-0.431129,0.13677,0.378304,-0.372735,0.159883,0.475815,-0.532353,0.131912,0.295243,-0.291186,0.184053
633,0.379415,-0.427827,0.115407,0.372719,-0.377905,0.164946,0.207115,-0.236492,0.107464,0.541538,-0.544692,0.165405,0.383543,-0.439599,0.112608,0.347684,-0.384905,0.150115,0.476242,-0.536498,0.10891,0.302224,-0.29986,0.152067
634,0.378071,-0.421274,0.092634,0.363895,-0.383812,0.17122,0.199667,-0.23907,0.102768,0.544543,-0.534141,0.167164,0.384991,-0.42628,0.098349,0.369797,-0.387731,0.153955,0.482916,-0.532115,0.092824,0.306817,-0.29547,0.147498
635,0.389462,-0.428729,0.077486,0.400663,-0.388811,0.144047,0.204639,-0.233384,0.075139,0.569113,-0.573507,0.140436,0.388401,-0.422146,0.0765,0.413848,-0.383238,0.139782,0.488608,-0.524621,0.079061,0.321051,-0.308448,0.158326
636,0.402446,-0.417433,0.052752,0.405775,-0.383579,0.116067,0.219927,-0.238355,0.053703,0.567669,-0.567032,0.147543,0.384368,-0.424861,0.052701,0.415957,-0.407255,0.151326,0.497615,-0.530258,0.058776,0.330499,-0.337562,0.144858
637,0.393161,-0.403646,0.037445,0.418133,-0.402718,0.135309,0.229655,-0.2398,0.026561,0.601241,-0.573641,0.138502,0.402165,-0.407101,0.034626,0.421721,-0.411378,0.120091,0.495406,-0.525094,0.038953,0.335,-0.325726,0.129417
638,0.395382,-0.414917,0.022594,0.433794,-0.416162,0.125463,0.224946,-0.233434,0.01465,0.60595,-0.595167,0.125959,0.4025,-0.414183,0.010159,0.430116,-0.441105,0.116383,0.508142,-0.522245,0.015501,0.323673,-0.334752,0.143377
639,0.413111,-0.402803,0.002258,0.436586,-0.425173,0.117077,0.211859,-0.221728,-0.00192,0.602512,-0.605352,0.096519,0.406987,-0.402033,-0.006783,0.42266,-0.422989,0.143281,0.517262,-0.515955,-0.000386,0.329065,-0.341171,0.105187
640,0.420229,-0.404809,-0.018544,0.433695,-0.44349,0.097963,0.233281,-0.228204,-0.035286,0.633813,-0.622895,0.10308,0.409936,-0.402686,-0.018195,0.432937,-0.448547,0.118904,0.521299,-0.506643,-0.015274,0.361265,-0.334457,0.122497
641,0.408466,-0.394614,-0.043981,0.460112,-0.456035,0.11786,0.222393,-0.218306,-0.047352,0.646711,-0.622975,0.101138,0.416953,-0.394146,-0.035097,0.451504,-0.43894,0.106537,0.51851,-0.49086,-0.021526,0.360318,-0.354849,0.104095
642,0.426544,-0.396289,-0.055722,0.452081,-0.440652,0.085924,0.231874,-0.212101,-0.056846,0.644543,-0.638283,0.082903,0.42233,-0.39848,-0.065082,0.45413,-0.464212,0.114345,0.525107,-0.498208,-0.068986,0.345518,-0.365099,0.083822
643,0.431193,-0.380448,-0.084781,0.475674,-0.469499,0.083859,0.235204,-0.214809,-0.083122,0.66628,-0.650415,0.099271,0.420181,-0.390986,-0.06783,0.475931,-0.463342,0.08302,0.531882,-0.489148,-0.07221,0.376283,-0.375226,0.082255
644,0.428675,-0.391106,-0.096591,0.464122,-0.474772,0.090793,0.234353,-0.208675,-0.100842,0.669571,-0.666453,0.08532,0.424235,-0.379561,-0.097001,0.4945,-0.488068,0.082863,0.5313,-0.4774,-0.097474,0.356258,-0.374066,0.064984
645,0.426719,-0.378717,-0.120932,0.488302,-0.477618,0.085634,0.241137,-0.210133,-0.104593,0.668421,-0.652766,0.085417,0.437054,-0.371765,-0.113508,0.482272,-0.473022,0.081188,0.546367,-0.473945,-0.107892,0.373516,-0.363631,0.086398
646,0.432514,-0.36727,-0.135794,0.488623,-0.478847,0.055664,0.234026,-0.201734,-0.136224,0.685999,-0.678032,0.060093,0.439733,-0.371034,-0.142473,0.485517,-0.480559,0.062937,0.54588,-0.458362,-0.139425,0.387113,-0.367912,0.049669
647,0.435575,-0.368247,-0.153358,0.493977,-0.49195,0.058451,0.242194,-0.190312,-0.140894,0.698954,-0.691896,0.052871,0.441293,-0.363118,-0.153407,0.482233,-0.516252,0.057105,0.543122,-0.457434,-0.151241,0.388282,-0.390894,0.064241
648,0.442585,-0.360985,-0.17193,0.510449,-0.495494,0.035819,0.249658,-0.195149,-0.171121,0.696724,-0.72258,0.044153,0.444957,-0.363361,-0.174365,0.524434,-0.515471,0.076021,0.558639,-0.461256,-0.164276,0.402734,-0.376283,0.052362
649,0.440793,-0.35749,-0.189442,0.503061,-0.522481,0.026712,0.251272,-0.19699,-0.181364,0.713844,-0.722617,0.051591,0.448746,-0.348344,-0.18421,0.536712,-0.50386,0.042412,0.543585,-0.447607,-0.195445,0.391858,-0.416253,0.048438
650,0.444564,-0.34479,-0.219045,0.513683,-0.524953,0.056052,0.237456,-0.194034,-0.211317,0.727685,-0.716777,0.018705,0.448783,-0.354364,-0.209307,0.53488,-0.519023,0.050777,0.561802,-0.442051,-0.215903,0.386971,-0.398888,0.02795
651,0.444726,-0.345246,-0.226371,0.516123,-0.543459,0.031786,0.249183,-0.187139,-0.236557,0.741858,-0.720738,0.033843,0.453225,-0.349984,-0.228434,0.533658,-0.539238,0.025841,0.560526,-0.429985,-0.229668,0.397827,-0.42844,0.006647
652,0.449298,-0.335263,-0.239397,0.538237,-0.536125,0.019062,0.245792,-0.188077,-0.235468,0.750323,-0.741789,0.027174,0.450401,-0.340461,-0.248339,0.521337,-0.538394,0.006552,0.563681,-0.421775,-0.244677,0.42068,-0.434088,0.033325
653,0.454742,-0.327389,-0.266228,0.535057,-0.530374,0.006577,0.251754,-0.184473,-0.260013,0.768024,-0.751518,0.008028,0.458392,-0.331495,-0.261456,0.532324,-0.538867,0.018029,0.565014,-0.417736,-0.274228,0.422689,-0.426757,0.021104
654,0.462114,-0.319532,-0.27686,0.557915,-0.545265,0.009231,0.252976,-0.181047,-0.287889,0.776157,-0.776228,-0.008764,0.451557,-0.317522,-0.284036,0.538424,-0.558394,0.011771,0.562534,-0.411676,-0.277962,0.425444,-0.418751,0.021819
655,0.463536,-0.319984,-0.307427,0.560212,-0.552986,0.003319,0.255348,-0.17557,-0.298991,0.763629,-0.758918,0.002471,0.459723,-0.326287,-0.295717,0.557055,-0.560698,0.021487,0.566351,-0.395818,-0.301781,0.430859,-0.407585,-0.005674
656,0.461618,-0.310908,-0.312593,0.568834,-0.557803,0.000259,0.257757,-0.166665,-0.312304,0.798559,-0.786966,-0.017463,0.467213,-0.312893,-0.313119,0.579384,-0.545202,-0.002481,0.576608,-0.386504,-0.318281,0.419676,-0.43266,-0.012673
657,0.464161,-0.301542,-0.340319,0.56111,-0.553938,-0.013432,0.268463,-0.159769,-0.335488,0.791542,-0.778864,-0.009143,0.465967,-0.306518,-0.340327,0.567246,-0.568569,-0.032869,0.57926,-0.382169,-0.325687,0.448396,-0.43185,-0.02079
658,0.461789,-0.3062,-0.360512,0.572545,-0.583759,-0.021966,0.259951,-0.158192,-0.350115,0.798041,-0.791634,-0.024472,0.461524,-0.306393,-0.342476,0.581692,-0.570133,-0.01181,0.575245,-0.370467,-0.339582,0.414556,-0.433558,-0.021054
659,0.470065,-0.292428,-0.372033,0.577916,-0.569339,-0.034583,0.256946,-0.157502,-0.372451,0.797009,-0.805644,-0.019723,0.465245,-0.286726,-0.374892,0.571443,-0.573496,-0.036348,0.588359,-0.356689,-0.36525,0.444651,-0.453722,-0.015683
660,0.470669,-0.289128,-0.392107,0.575651,-0.580449,-0.050669,0.254642,-0.155834,-0.389797,0.820786,-0.806725,-0.044816,0.469246,-0.282044,-0.380027,0.591169,-0.579079,-0.034836,0.590875,-0.361185,-0.390152,0.457649,-0.447225,-0.042562
661,0.471095,-0.278134,-0.410402,0.596195,-0.600884,-0.050235,0.258126,-0.154992,-0.409937,0.819887,-0.814152,-0.047804,0.468674,-0.272918,-0.40923,0.57272,-0.578652,-0.047328,0.584092,-0.353434,-0.405564,0.455802,-0.462943,-0.046122
662,0.475046,-0.279676,-0.419555,0.571233,-0.606348,-0.051908,0.253589,-0.154303,-0.425423,0.811817,-0.820134,-0.050011,0.464118,-0.266739,-0.424432,0.599284,-0.594908,-0.057671,0.588452,-0.334728,-0.414706,0.447632,-0.452022,-0.058526
663,0.472463,-0.259875,-0.437519,0.614489,-0.579792,-0.051589,0.251773,-0.145774,-0.445814,0.843944,-0.836167,-0.072111,0.46662,-0.262317,-0.446859,0.588223,-0.57819,-0.051942,0.58779,-0.333224,-0.437643,0.462088,-0.461527,-0.055356
664,0.474946,-0.258333,-0.459177,0.610475,-0.580694,-0.067346,0.255577,-0.14228,-0.449831,0.827949,-0.835096,-0.06488,0.464345,-0.248488,-0.454342,0.603935,-0.590534,-0.086546,0.583154,-0.308684,-0.470656,0.465009,-0.463074,-0.073278
665,0.475109,-0.25127,-0.476378,0.598588,-0.598846,-0.07647,0.259489,-0.143044,-0.469988,0.82951,-0.825468,-0.068837,0.465624,-0.251763,-0.477151,0.615962,-0.606065,-0.081221,0.587291,-0.311463,-0.46066,0.475214,-0.459301,-0.075104
666,0.477768,-0.240432,-0.500245,0.597016,-0.611556,-0.07428,0.260333,-0.131216,-0.483805,0.838517,-0.856264,-0.071851,0.468527,-0.242042,-0.49082,0.622477,-0.61776,-0.09099,0.5922,-0.29369,-0.494059,0.468006,-0.489436,-0.07833
