sample_idx,Va_1,Vb_1,Vc_1,Ia_1,Ib_1,Ic_1,Va_5,Vb_5,Vc_5,Ia_5,Ib_5,Ic_5,Va_10,Vb_10,Vc_10,Ia_10,Ib_10,Ic_10,Va_30,Vb_30,Vc_30,Ia_30,Ib_30,Ic_30
0,1.003041,-0.504772,-0.495213,0.658491,-0.525718,-0.160308,0.999255,-0.492139,-0.504691,0.675815,-0.522976,-0.154389,0.996593,-0.490146,-0.497874,0.657883,-0.513008,-0.149286,0.995429,-0.496059,-0.499345,0.66525,-0.509427,-0.13715
1,0.994684,-0.480053,-0.51864,0.682941,-0.480192,-0.183401,1.005131,-0.476358,-0.512538,0.673902,-0.499963,-0.173261,0.991421,-0.482525,-0.521902,0.672649,-0.497548,-0.167857,0.998192,-0.483424,-0.519476,0.664645,-0.503135,-0.159016
2,1.00471,-0.461148,-0.533648,0.672702,-0.492983,-0.174351,1.000671,-0.462016,-0.526941,0.664165,-0.484576,-0.175065,1.005346,-0.470373,-0.531639,0.656802,-0.490703,-0.174646,1.00373,-0.475327,-0.528776,0.687253,-0.462421,-0.174457
3,0.99591,-0.447344,-0.546847,0.676339,-0.487168,-0.188125,0.999423,-0.457114,-0.548636,0.667107,-0.488029,-0.195417,0.987098,-0.448692,-0.551775,0.662479,-0.499728,-0.195969,0.993655,-0.440122,-0.543342,0.672683,-0.483327,-0.203816
4,1.002752,-0.432406,-0.562536,0.681693,-0.490366,-0.211187,0.995687,-0.435678,-0.558061,0.66989,-0.475007,-0.213778,0.998604,-0.444164,-0.561786,0.680862,-0.485314,-0.189255,0.995427,-0.431302,-0.545979,0.694169,-0.473879,-0.195549
5,0.989456,-0.419741,-0.580542,0.66635,-0.484288,-0.223873,0.988335,-0.418321,-0.58523,0.672762,-0.464494,-0.207009,1.000545,-0.414351,-0.573968,0.660603,-0.467247,-0.215033,1.007664,-0.415427,-0.578943,0.685102,-0.450917,-0.223793
6,0.994812,-0.398009,-0.598279,0.68145,-0.477558,-0.232965,0.991702,-0.398982,-0.596505,0.674906,-0.448566,-0.232553,0.994435,-0.402027,-0.598712,0.6835,-0.456674,-0.233715,0.988437,-0.413901,-0.595791,0.679343,-0.459566,-0.210252
7,0.981723,-0.380447,-0.600758,0.693601,-0.442366,-0.248235,0.992538,-0.38311,-0.608227,0.67791,-0.435775,-0.231072,0.985547,-0.383167,-0.612469,0.692128,-0.437784,-0.228059,0.99486,-0.377643,-0.608108,0.690049,-0.458298,-0.240339
8,0.989012,-0.369708,-0.615396,0.686962,-0.44925,-0.247298,0.987478,-0.3629,-0.631009,0.682561,-0.427178,-0.246818,1.004474,-0.362477,-0.630595,0.695702,-0.433971,-0.254307,0.99304,-0.364843,-0.628547,0.684423,-0.43433,-0.272191
9,0.990659,-0.340224,-0.643282,0.673674,-0.426919,-0.254255,0.983073,-0.341026,-0.638326,0.713525,-0.422813,-0.261561,0.989481,-0.344802,-0.642052,0.689437,-0.419397,-0.258566,0.991752,-0.343684,-0.635828,0.69292,-0.419578,-0.276463
10,0.981862,-0.328911,-0.650912,0.698729,-0.408167,-0.265331,0.977071,-0.328256,-0.653035,0.699398,-0.42802,-0.282714,0.981101,-0.325421,-0.654763,0.691073,-0.393376,-0.298278,0.972915,-0.323949,-0.656507,0.698913,-0.409959,-0.277728
11,0.974707,-0.313586,-0.671113,0.713734,-0.398893,-0.29326,0.967024,-0.320114,-0.667186,0.704993,-0.399805,-0.279342,0.979011,-0.308018,-0.670415,0.694162,-0.392421,-0.273643,0.973457,-0.308451,-0.671905,0.694851,-0.414659,-0.293643
12,0.979256,-0.2902,-0.686754,0.698629,-0.393885,-0.287934,0.975493,-0.30283,-0.684528,0.669502,-0.382283,-0.295747,0.963452,-0.281263,-0.682296,0.681992,-0.399265,-0.312792,0.978528,-0.291247,-0.685721,0.676095,-0.38391,-0.287661
13,0.975056,-0.273294,-0.695634,0.701177,-0.376277,-0.303596,0.974464,-0.275584,-0.685428,0.687792,-0.365853,-0.296716,0.967432,-0.282953,-0.700283,0.701727,-0.371829,-0.317438,0.974014,-0.278175,-0.692539,0.697897,-0.383552,-0.311948
14,0.967754,-0.264779,-0.713924,0.699538,-0.367956,-0.326432,0.969662,-0.243632,-0.706912,0.691128,-0.381104,-0.317917,0.964143,-0.254555,-0.702725,0.684325,-0.372491,-0.32412,0.973821,-0.256229,-0.707489,0.696678,-0.351739,-0.327131
15,0.966653,-0.236891,-0.722239,0.706686,-0.336478,-0.343469,0.958874,-0.249393,-0.723204,0.70433,-0.35477,-0.331047,0.960657,-0.235049,-0.72386,0.700316,-0.357615,-0.32066,0.960764,-0.240313,-0.719748,0.698787,-0.347317,-0.315151
16,0.954896,-0.217212,-0.737997,0.693233,-0.359743,-0.33425,0.955497,-0.21974,-0.733297,0.684797,-0.323915,-0.35963,0.944364,-0.218627,-0.727716,0.680273,-0.338489,-0.346484,0.953939,-0.218982,-0.723352,0.718063,-0.325842,-0.349439
17,0.946505,-0.196368,-0.732961,0.685901,-0.331749,-0.358887,0.959769,-0.203684,-0.741331,0.696921,-0.347324,-0.362088,0.944301,-0.196596,-0.748083,0.691599,-0.330306,-0.372116,0.946051,-0.196977,-0.750819,0.706779,-0.32523,-0.352453
18,0.944113,-0.191498,-0.762701,0.697702,-0.324247,-0.361477,0.947775,-0.184749,-0.771409,0.690301,-0.324059,-0.361874,0.946013,-0.181804,-0.758709,0.707311,-0.332913,-0.368493,0.951631,-0.178071,-0.762216,0.694251,-0.317888,-0.360823
19,0.93797,-0.158597,-0.776015,0.703225,-0.303949,-0.382593,0.93576,-0.164755,-0.769334,0.685773,-0.310332,-0.375951,0.935458,-0.167055,-0.776766,0.696551,-0.309586,-0.387492,0.933949,-0.157707,-0.777006,0.676022,-0.302731,-0.37096
20,0.923269,-0.141658,-0.786407,0.687522,-0.304254,-0.390219,0.927471,-0.14955,-0.782188,0.69159,-0.297673,-0.392476,0.933163,-0.146903,-0.780542,0.688722,-0.299695,-0.389221,0.931419,-0.148433,-0.787935,0.706061,-0.290215,-0.388055
21,0.920975,-0.118905,-0.787764,0.682896,-0.278087,-0.40931,0.917388,-0.125622,-0.797245,0.704229,-0.284064,-0.40683,0.918953,-0.134246,-0.793307,0.680468,-0.280382,-0.400285,0.926676,-0.128748,-0.790401,0.685021,-0.296757,-0.42427
22,0.910728,-0.102728,-0.810309,0.684753,-0.270451,-0.42508,0.912843,-0.111739,-0.803747,0.692468,-0.294647,-0.418843,0.911315,-0.10635,-0.807723,0.692443,-0.280681,-0.420932,0.920402,-0.101676,-0.803698,0.709889,-0.286811,-0.399064
23,0.901414,-0.084552,-0.814211,0.6869,-0.261815,-0.432996,0.909421,-0.084964,-0.819746,0.667762,-0.27142,-0.422185,0.901174,-0.08858,-0.814148,0.700462,-0.258003,-0.412274,0.904409,-0.092003,-0.818893,0.706564,-0.26454,-0.422961
24,0.890453,-0.076019,-0.821416,0.692247,-0.255921,-0.433674,0.89452,-0.073224,-0.826271,0.670315,-0.249503,-0.417126,0.895404,-0.077015,-0.826015,0.661655,-0.250435,-0.441274,0.901733,-0.070305,-0.832312,0.679955,-0.238275,-0.414454
25,0.886033,-0.046825,-0.841774,0.666372,-0.231531,-0.452524,0.904297,-0.05621,-0.837819,0.684599,-0.238984,-0.427413,0.888298,-0.049685,-0.835427,0.672806,-0.232221,-0.4365,0.881731,-0.050756,-0.826052,0.679751,-0.238676,-0.446745
26,0.888817,-0.039109,-0.842661,0.689777,-0.227032,-0.457561,0.878875,-0.041265,-0.843611,0.685741,-0.218721,-0.44709,0.87856,-0.030405,-0.845993,0.671455,-0.220182,-0.430699,0.887193,-0.034164,-0.840427,0.690034,-0.234804,-0.462287
27,0.871497,-0.009795,-0.854645,0.695149,-0.216486,-0.470145,0.874054,-0.014158,-0.848227,0.666535,-0.218327,-0.464449,0.871694,-0.013764,-0.864314,0.667406,-0.207772,-0.450899,0.866916,-0.01457,-0.858434,0.686252,-0.208031,-0.482624
28,0.855065,0.011747,-0.859796,0.67597,-0.191881,-0.481966,0.864632,0.005761,-0.873142,0.681688,-0.20281,-0.471686,0.858648,0.014296,-0.875243,0.67448,-0.171115,-0.479896,0.864485,0.003453,-0.867766,0.680311,-0.215623,-0.469952
29,0.848702,0.025736,-0.877772,0.681888,-0.183067,-0.490601,0.855396,0.02582,-0.875096,0.665466,-0.182215,-0.473336,0.859053,0.03298,-0.864743,0.646269,-0.177099,-0.485466,0.845202,0.017682,-0.871524,0.6696,-0.176738,-0.491642
30,0.851689,0.038905,-0.882807,0.656615,-0.182116,-0.481707,0.842113,0.047884,-0.885851,0.677944,-0.183697,-0.49371,0.845684,0.028735,-0.883552,0.6824,-0.179049,-0.492899,0.847663,0.040782,-0.882471,0.679302,-0.176848,-0.499425
31,0.837687,0.059894,-0.903159,0.658418,-0.162464,-0.505212,0.839844,0.062079,-0.896165,0.662717,-0.17028,-0.496306,0.829075,0.06173,-0.895773,0.647731,-0.158031,-0.494498,0.838664,0.052627,-0.894306,0.686038,-0.165547,-0.501668
32,0.823006,0.078252,-0.904103,0.652404,-0.158327,-0.512945,0.832603,0.085996,-0.903876,0.655994,-0.151997,-0.503808,0.823061,0.070211,-0.911587,0.657988,-0.14674,-0.516541,0.824812,0.069793,-0.909007,0.671897,-0.147925,-0.52606
33,0.815242,0.097434,-0.911251,0.6584,-0.144732,-0.525827,0.819207,0.092531,-0.913927,0.63495,-0.134001,-0.518519,0.811835,0.093215,-0.909596,0.660854,-0.15272,-0.524147,0.809868,0.09085,-0.906604,0.674008,-0.134763,-0.519153
34,0.799398,0.115261,-0.914602,0.650688,-0.135241,-0.525036,0.803549,0.106764,-0.916857,0.649337,-0.115136,-0.525436,0.800141,0.110678,-0.923871,0.65024,-0.133424,-0.528749,0.800426,0.115686,-0.919729,0.654656,-0.122241,-0.524284
35,0.789341,0.131698,-0.931062,0.65415,-0.105658,-0.545451,0.796329,0.129085,-0.923321,0.650126,-0.110671,-0.53522,0.781166,0.141115,-0.927805,0.647691,-0.12717,-0.547802,0.794024,0.132225,-0.917676,0.657998,-0.151811,-0.542004
36,0.78274,0.147175,-0.927747,0.646942,-0.078376,-0.55152,0.77686,0.14708,-0.935649,0.637275,-0.096225,-0.541165,0.780556,0.159438,-0.933648,0.648628,-0.09465,-0.545661,0.778424,0.15485,-0.93989,0.648981,-0.079264,-0.558169
37,0.770205,0.173225,-0.934887,0.636079,-0.079135,-0.55829,0.763309,0.168804,-0.930016,0.635059,-0.076199,-0.561499,0.770384,0.16467,-0.930466,0.638938,-0.102053,-0.563913,0.769497,0.170509,-0.93782,0.623498,-0.103824,-0.559654
38,0.75317,0.191885,-0.940692,0.641803,-0.078037,-0.565477,0.749792,0.185069,-0.948206,0.640965,-0.038918,-0.551168,0.758217,0.186464,-0.938849,0.636834,-0.070835,-0.541523,0.760516,0.182443,-0.945369,0.64599,-0.077936,-0.57078
39,0.743647,0.220216,-0.951329,0.612968,-0.058802,-0.563362,0.74551,0.212695,-0.948821,0.637582,-0.07159,-0.548719,0.743986,0.214664,-0.941988,0.64111,-0.06768,-0.571065,0.738368,0.208609,-0.948599,0.626087,-0.066243,-0.558227
40,0.727445,0.232752,-0.965328,0.607807,-0.05983,-0.569327,0.733487,0.232782,-0.961564,0.619111,-0.058337,-0.557714,0.731513,0.228875,-0.96195,0.631685,-0.045903,-0.573141,0.727794,0.220341,-0.957879,0.632062,-0.052918,-0.558199
41,0.715638,0.253363,-0.961367,0.617361,-0.020791,-0.579871,0.715207,0.245327,-0.953807,0.623962,-0.0127,-0.580314,0.720665,0.249663,-0.970885,0.600327,-0.036677,-0.585883,0.715153,0.250306,-0.968074,0.6319,-0.037235,-0.564204
42,0.702587,0.258757,-0.971321,0.618284,-0.011747,-0.595808,0.702928,0.260442,-0.974035,0.624749,-0.02793,-0.590272,0.700978,0.259163,-0.969974,0.611472,-0.015479,-0.601798,0.698667,0.26071,-0.976983,0.619863,-0.028298,-0.585677
43,0.696287,0.280865,-0.974771,0.617614,0.004402,-0.612265,0.695905,0.284102,-0.967328,0.605685,-0.002094,-0.592328,0.687189,0.28759,-0.968912,0.593374,0.008546,-0.588233,0.684513,0.28204,-0.970201,0.607607,-0.019389,-0.584933
44,0.674314,0.296307,-0.976041,0.59529,-0.000478,-0.617849,0.68848,0.296148,-0.978498,0.596516,0.011593,-0.619429,0.67412,0.308097,-0.971168,0.594109,0.008955,-0.597043,0.667767,0.306554,-0.982111,0.602473,-0.001027,-0.608135
45,0.666058,0.327311,-0.980119,0.598992,0.014698,-0.595245,0.660015,0.317474,-0.987418,0.575372,0.008017,-0.59875,0.663837,0.328449,-0.970231,0.592529,0.020815,-0.608693,0.657996,0.322734,-0.980748,0.587752,0.011314,-0.593788
46,0.649319,0.342189,-0.990599,0.591921,0.038223,-0.621963,0.64706,0.337779,-0.978962,0.57841,0.020928,-0.624102,0.646958,0.332883,-0.980873,0.578955,0.026969,-0.622169,0.644009,0.332822,-0.983178,0.587384,0.017434,-0.622763
47,0.623161,0.352914,-0.988026,0.562425,0.034779,-0.617124,0.636608,0.358483,-0.982341,0.571887,0.037709,-0.623158,0.632629,0.364842,-0.985114,0.557109,0.02989,-0.616807,0.634976,0.349419,-0.988794,0.574525,0.055013,-0.614893
48,0.617458,0.370114,-0.995999,0.572381,0.066726,-0.653397,0.626459,0.370764,-0.988173,0.54861,0.066803,-0.630872,0.621226,0.369275,-0.986658,0.561832,0.051338,-0.635373,0.616155,0.375854,-0.988602,0.558824,0.052516,-0.622355
49,0.596454,0.390318,-0.989271,0.55892,0.07868,-0.633749,0.613868,0.390181,-1.002015,0.570442,0.059375,-0.64949,0.602752,0.39341,-0.987235,0.549625,0.080366,-0.643772,0.605328,0.380009,-0.999015,0.577333,0.060238,-0.638897
50,0.590014,0.405613,-0.994858,0.553916,0.087831,-0.638463,0.586345,0.412177,-0.992833,0.556701,0.085026,-0.646909,0.591262,0.405147,-0.98169,0.540426,0.089265,-0.654491,0.589673,0.409832,-0.995072,0.564812,0.086144,-0.647673
51,0.579325,0.427429,-1.008922,0.549795,0.08626,-0.638204,0.572425,0.423862,-0.99726,0.540586,0.098907,-0.635363,0.577466,0.422467,-0.998589,0.531948,0.082659,-0.629065,0.570326,0.425059,-0.994864,0.54448,0.087725,-0.636958
52,0.56337,0.441099,-0.997016,0.54307,0.095465,-0.639042,0.552529,0.456802,-0.991555,0.523626,0.10756,-0.65183,0.559323,0.447132,-0.996853,0.550437,0.112575,-0.654016,0.551115,0.447002,-0.994907,0.539624,0.093978,-0.642749
53,0.53319,0.453985,-1.00236,0.525257,0.108301,-0.661856,0.54918,0.454436,-0.990789,0.531072,0.145368,-0.652678,0.533827,0.465464,-1.005587,0.533574,0.13447,-0.668394,0.543558,0.466387,-1.00113,0.526291,0.117455,-0.630601
54,0.527376,0.473186,-1.000268,0.508453,0.128528,-0.646268,0.536169,0.477082,-1.003199,0.513068,0.128878,-0.668954,0.527804,0.472859,-1.002,0.525445,0.126239,-0.640994,0.527047,0.467722,-0.996949,0.51051,0.147685,-0.653661
55,0.507143,0.49297,-0.996659,0.501512,0.145235,-0.687483,0.509093,0.492072,-1.000492,0.51744,0.160371,-0.656583,0.506139,0.487138,-1.00385,0.509892,0.151034,-0.644504,0.507101,0.489309,-1.000033,0.51449,0.15269,-0.648254
56,0.488981,0.514805,-0.994786,0.509925,0.148193,-0.637617,0.484287,0.507395,-1.007838,0.493462,0.150353,-0.660566,0.497766,0.502359,-1.001493,0.50846,0.164053,-0.674147,0.490744,0.501036,-1.003384,0.494839,0.163551,-0.660021
57,0.478203,0.527187,-1.002472,0.500706,0.175143,-0.682162,0.4793,0.518479,-0.99787,0.497214,0.168838,-0.663981,0.475693,0.515895,-0.994953,0.492377,0.170678,-0.661439,0.475531,0.525318,-0.99908,0.478376,0.179305,-0.662495
58,0.460936,0.529905,-0.998483,0.473985,0.180324,-0.682956,0.455883,0.540335,-0.996655,0.489323,0.196513,-0.669796,0.466463,0.541843,-0.992352,0.482547,0.198431,-0.676034,0.446115,0.538594,-0.998607,0.486813,0.172314,-0.694415
59,0.445637,0.554702,-0.992075,0.482933,0.188557,-0.67463,0.444917,0.549726,-1.001947,0.478581,0.206124,-0.670428,0.444418,0.554264,-1.001187,0.479708,0.193099,-0.671664,0.441758,0.556732,-1.000171,0.457693,0.190529,-0.665947
60,0.430514,0.572809,-0.994146,0.463,0.187043,-0.674672,0.431951,0.573014,-1.001769,0.484479,0.210525,-0.67324,0.42677,0.567716,-0.983758,0.487067,0.202087,-0.691429,0.41872,0.572581,-1.000527,0.471646,0.221403,-0.669142
61,0.411073,0.589205,-1.000578,0.470468,0.205477,-0.687273,0.407657,0.582213,-0.995098,0.461999,0.214708,-0.684182,0.412942,0.587035,-0.988302,0.468641,0.216064,-0.672261,0.411097,0.588794,-0.988043,0.445905,0.222224,-0.671261
62,0.397385,0.608061,-0.992323,0.436325,0.255682,-0.685651,0.398908,0.601613,-0.986844,0.445077,0.252691,-0.682887,0.388752,0.600437,-0.985413,0.440701,0.224623,-0.660665,0.388027,0.606305,-0.997363,0.442321,0.232454,-0.666638
63,0.373571,0.613335,-0.988156,0.439747,0.238449,-0.700654,0.371651,0.611179,-0.990423,0.425583,0.239349,-0.679811,0.3762,0.615274,-0.981786,0.437837,0.260081,-0.689712,0.36647,0.616388,-0.990093,0.434202,0.252956,-0.675921
64,0.34697,0.628862,-0.995834,0.437521,0.267452,-0.69194,0.365832,0.639745,-0.984182,0.428831,0.24881,-0.691809,0.365484,0.631097,-0.993716,0.451945,0.267546,-0.680517,0.366862,0.63061,-0.988471,0.423712,0.257424,-0.677532
65,0.33925,0.6501,-0.991544,0.420596,0.256713,-0.668241,0.337895,0.647585,-0.989063,0.395906,0.279009,-0.694431,0.339081,0.643802,-0.981618,0.431814,0.280258,-0.68261,0.342138,0.639521,-0.982908,0.425187,0.281465,-0.6943
66,0.321467,0.650606,-0.982272,0.398727,0.274969,-0.696613,0.319185,0.660963,-0.982105,0.413458,0.288411,-0.686583,0.311871,0.659151,-0.98287,0.403872,0.28111,-0.683726,0.322494,0.661196,-0.979993,0.398796,0.251013,-0.687941
67,0.298776,0.680014,-0.978212,0.391495,0.304441,-0.685824,0.303711,0.67595,-0.977399,0.420067,0.302809,-0.6844,0.303899,0.681314,-0.974035,0.400766,0.306152,-0.698701,0.301763,0.679704,-0.984504,0.391482,0.302773,-0.706136
68,0.280725,0.685106,-0.978492,0.400898,0.299037,-0.685684,0.293335,0.688562,-0.97833,0.370129,0.300972,-0.681936,0.287981,0.689619,-0.966267,0.363404,0.292092,-0.674712,0.279848,0.689857,-0.974441,0.37282,0.303849,-0.679893
69,0.262636,0.701411,-0.965556,0.373519,0.328592,-0.682738,0.264868,0.699902,-0.964151,0.380333,0.322659,-0.699175,0.270692,0.715303,-0.972568,0.367579,0.324261,-0.699044,0.264802,0.695937,-0.965607,0.372332,0.324561,-0.697116
70,0.242993,0.716545,-0.963867,0.376155,0.324123,-0.684875,0.240134,0.726565,-0.96695,0.364608,0.331999,-0.711792,0.240329,0.711794,-0.957478,0.352885,0.341201,-0.698067,0.248503,0.719727,-0.953387,0.361743,0.331258,-0.677028
71,0.225334,0.730483,-0.958256,0.368115,0.345523,-0.686618,0.231283,0.728151,-0.954356,0.33944,0.345541,-0.708057,0.233424,0.720568,-0.963129,0.361017,0.337216,-0.70938,0.233707,0.730095,-0.960696,0.359282,0.334698,-0.686538
72,0.209589,0.739569,-0.950484,0.335274,0.349395,-0.700068,0.215698,0.73177,-0.954925,0.351682,0.344759,-0.681846,0.213277,0.743737,-0.955914,0.335673,0.344731,-0.68368,0.216323,0.740795,-0.948371,0.326289,0.364003,-0.70904
73,0.194597,0.758442,-0.944184,0.344859,0.34811,-0.701697,0.195804,0.762331,-0.952806,0.333276,0.355427,-0.687692,0.189094,0.758967,-0.943776,0.321485,0.366879,-0.689569,0.201785,0.753761,-0.944416,0.328437,0.35757,-0.705193
74,0.171832,0.766544,-0.931017,0.332206,0.363191,-0.679376,0.16381,0.77128,-0.940909,0.310819,0.367476,-0.695569,0.172568,0.768608,-0.93608,0.32938,0.371691,-0.709593,0.181599,0.76651,-0.947322,0.308858,0.355794,-0.691416
75,0.15647,0.778657,-0.934391,0.311878,0.376648,-0.706601,0.154992,0.77455,-0.93697,0.30467,0.384119,-0.695125,0.160913,0.770448,-0.925279,0.31312,0.385736,-0.69953,0.148666,0.782659,-0.934674,0.307374,0.393809,-0.707936
76,0.146902,0.785657,-0.929882,0.291616,0.406208,-0.69772,0.139304,0.789954,-0.934296,0.291843,0.388274,-0.701746,0.142508,0.791073,-0.925187,0.306179,0.398174,-0.704532,0.136768,0.784985,-0.931002,0.281205,0.39625,-0.680282
77,0.113344,0.793491,-0.918295,0.273285,0.400817,-0.694016,0.114837,0.794684,-0.913867,0.28135,0.413527,-0.704788,0.120329,0.801133,-0.916685,0.278581,0.418975,-0.679147,0.121048,0.796251,-0.914612,0.283851,0.41052,-0.686306
78,0.097798,0.808141,-0.906662,0.278291,0.425361,-0.692296,0.09828,0.810251,-0.91001,0.270859,0.41065,-0.709202,0.093894,0.815517,-0.913139,0.274883,0.413258,-0.699308,0.099613,0.814842,-0.910472,0.263474,0.423493,-0.690563
79,0.074867,0.820253,-0.911487,0.264628,0.420988,-0.676433,0.080798,0.830886,-0.91225,0.257883,0.433204,-0.68953,0.085002,0.811977,-0.8991,0.251886,0.420808,-0.680756,0.083292,0.815761,-0.904624,0.261847,0.43712,-0.697198
80,0.056868,0.834767,-0.897279,0.252064,0.451523,-0.700059,0.064716,0.827366,-0.890007,0.233288,0.44288,-0.675386,0.060263,0.828572,-0.895317,0.246197,0.430142,-0.671166,0.065888,0.83507,-0.900809,0.238084,0.433597,-0.672904
81,0.045013,0.853229,-0.88673,0.256311,0.442674,-0.670648,0.044448,0.836574,-0.892258,0.24709,0.459254,-0.676554,0.043204,0.839156,-0.883983,0.221897,0.4565,-0.682891,0.049127,0.839202,-0.888047,0.236109,0.441865,-0.683256
82,0.0265,0.856702,-0.880577,0.229427,0.450733,-0.691376,0.020015,0.852037,-0.877693,0.221664,0.486954,-0.686785,0.024004,0.851323,-0.877136,0.20795,0.456305,-0.674,0.018788,0.854754,-0.87892,0.214374,0.462227,-0.672153
83,0.004416,0.867066,-0.874193,0.213251,0.449108,-0.664842,0.009163,0.86133,-0.865672,0.203512,0.467522,-0.671797,0.008415,0.862736,-0.865197,0.205672,0.475437,-0.679062,0.007246,0.8697,-0.868357,0.211106,0.474534,-0.705271
84,-0.011366,0.86998,-0.858097,0.182794,0.474224,-0.668948,-0.01357,0.868357,-0.857549,0.202363,0.470112,-0.662803,-0.006746,0.877228,-0.858534,0.196018,0.494594,-0.688641,-0.008423,0.874286,-0.869656,0.197634,0.484811,-0.660358
85,-0.034982,0.88613,-0.844623,0.200323,0.473906,-0.677325,-0.032879,0.880905,-0.850072,0.185641,0.477746,-0.667951,-0.047281,0.877207,-0.847695,0.188038,0.478903,-0.684139,-0.027891,0.88956,-0.843121,0.202252,0.479605,-0.672496
86,-0.047406,0.890764,-0.832428,0.180998,0.494936,-0.669736,-0.055098,0.885601,-0.834364,0.157438,0.48504,-0.689661,-0.056038,0.886444,-0.841225,0.172866,0.489681,-0.667344,-0.052801,0.887255,-0.839497,0.166641,0.489937,-0.677242
87,-0.071857,0.902659,-0.827176,0.143427,0.496478,-0.670125,-0.062307,0.901071,-0.834408,0.145379,0.478586,-0.66539,-0.071148,0.902517,-0.82693,0.167426,0.50182,-0.667079,-0.070624,0.89341,-0.829629,0.163965,0.511756,-0.674296
88,-0.088575,0.897386,-0.820599,0.152328,0.527774,-0.679334,-0.092143,0.907744,-0.81569,0.138867,0.507666,-0.665049,-0.095765,0.904859,-0.819725,0.144448,0.508798,-0.661663,-0.078916,0.903402,-0.815054,0.146915,0.512512,-0.663601
89,-0.102169,0.91777,-0.808111,0.126611,0.512074,-0.646955,-0.108405,0.909374,-0.80493,0.136666,0.537617,-0.650948,-0.100384,0.912371,-0.799871,0.125428,0.530972,-0.654009,-0.101654,0.910362,-0.805741,0.118161,0.534969,-0.646346
90,-0.12593,0.91818,-0.800041,0.128938,0.53262,-0.658403,-0.123495,0.923721,-0.78989,0.121053,0.524145,-0.667752,-0.124784,0.920122,-0.795607,0.119843,0.529954,-0.662206,-0.119523,0.924566,-0.794115,0.124207,0.505866,-0.659725
91,-0.14208,0.933131,-0.786355,0.105406,0.542007,-0.633757,-0.144374,0.925566,-0.784599,0.09838,0.54883,-0.647467,-0.146906,0.930977,-0.78557,0.106505,0.543798,-0.657231,-0.138982,0.925682,-0.792427,0.114472,0.523755,-0.643377
92,-0.163389,0.938467,-0.773764,0.0976,0.548771,-0.62637,-0.16022,0.937704,-0.777499,0.093938,0.545627,-0.644262,-0.157908,0.943068,-0.771456,0.101088,0.549139,-0.635553,-0.17605,0.935575,-0.767025,0.079436,0.548922,-0.666041
93,-0.18452,0.94004,-0.763189,0.070953,0.552486,-0.638317,-0.180391,0.945714,-0.76019,0.091527,0.548733,-0.643139,-0.184241,0.941271,-0.766049,0.065302,0.568844,-0.636828,-0.18629,0.938789,-0.770159,0.075392,0.554635,-0.637481
94,-0.194614,0.942214,-0.753465,0.062163,0.556446,-0.621785,-0.199701,0.949964,-0.749338,0.076616,0.554773,-0.632427,-0.201059,0.943004,-0.743508,0.06184,0.571344,-0.627014,-0.197322,0.949498,-0.748467,0.061734,0.564443,-0.630869
95,-0.220591,0.952627,-0.736283,0.056428,0.570439,-0.621702,-0.221377,0.960327,-0.735606,0.036658,0.577783,-0.631391,-0.216367,0.963388,-0.746539,0.060148,0.574189,-0.613421,-0.213736,0.951285,-0.728435,0.054452,0.561519,-0.634696
96,-0.245625,0.964226,-0.723764,0.060433,0.596491,-0.610877,-0.234445,0.962657,-0.720921,0.049362,0.568394,-0.624362,-0.232064,0.967295,-0.713976,0.051637,0.598125,-0.610433,-0.241534,0.956674,-0.72073,0.03836,0.569261,-0.63888
97,-0.255241,0.960725,-0.704271,0.034919,0.587129,-0.614237,-0.250804,0.954778,-0.713733,0.031522,0.601854,-0.620893,-0.257837,0.970953,-0.7149,0.030912,0.582664,-0.618588,-0.253536,0.965091,-0.714334,0.027431,0.578758,-0.61344
98,-0.274976,0.967336,-0.686898,0.013628,0.601529,-0.606062,-0.272609,0.96413,-0.694741,0.013906,0.591438,-0.623911,-0.275792,0.972251,-0.696248,0.016149,0.576222,-0.619418,-0.271679,0.969908,-0.69179,0.011218,0.593347,-0.593538
99,-0.294085,0.975917,-0.685146,0.011337,0.599979,-0.597361,-0.286686,0.971602,-0.675024,-0.002112,0.606101,-0.598471,-0.285443,0.96922,-0.685412,-0.000142,0.597675,-0.608275,-0.286981,0.972192,-0.695901,0.006662,0.61103,-0.615729
100,-0.303845,0.972365,-0.662784,-0.008863,0.623565,-0.597519,-0.300848,0.97791,-0.66851,-0.023708,0.604675,-0.597331,-0.30402,0.976233,-0.667069,-0.016498,0.590476,-0.589114,-0.310694,0.978627,-0.669166,-0.010623,0.610576,-0.583781
101,-0.321142,0.979814,-0.656396,-0.015199,0.63587,-0.568025,-0.326174,0.99417,-0.666315,-0.014515,0.620498,-0.604033,-0.330015,0.977238,-0.656347,-0.004429,0.617089,-0.593908,-0.326743,0.977619,-0.6433,-0.011369,0.618064,-0.591587
102,-0.353648,0.983709,-0.640211,-0.018809,0.622144,-0.586921,-0.339469,0.983339,-0.641883,-0.019525,0.615328,-0.56786,-0.353934,0.984218,-0.642879,-0.034569,0.612063,-0.596443,-0.349581,0.984845,-0.64024,-0.043153,0.607647,-0.587431
103,-0.356498,0.992699,-0.624584,-0.026828,0.61645,-0.56633,-0.356248,0.98689,-0.615504,-0.044149,0.627484,-0.590689,-0.358256,0.990704,-0.634996,-0.0564,0.606067,-0.591073,-0.362029,0.997222,-0.625967,-0.053571,0.630067,-0.584807
104,-0.377021,0.995721,-0.613664,-0.074942,0.634126,-0.554844,-0.378151,0.995149,-0.600207,-0.062422,0.619877,-0.583439,-0.37926,0.977156,-0.607695,-0.068333,0.638703,-0.555677,-0.376712,0.988352,-0.612572,-0.068166,0.647689,-0.566846
105,-0.396482,0.996066,-0.600177,-0.082525,0.630648,-0.565918,-0.401054,0.9948,-0.603179,-0.08112,0.629579,-0.545516,-0.40357,0.996099,-0.591729,-0.064823,0.62805,-0.551619,-0.389135,0.991619,-0.604365,-0.073354,0.622125,-0.556943
106,-0.412699,0.99498,-0.585181,-0.085667,0.628705,-0.547237,-0.408228,1.000642,-0.582636,-0.095961,0.62745,-0.542327,-0.42172,0.991948,-0.571045,-0.086954,0.618892,-0.54243,-0.418335,0.99708,-0.57289,-0.089212,0.639807,-0.537765
107,-0.43226,1.003286,-0.555435,-0.11006,0.650017,-0.543009,-0.440379,0.991544,-0.568093,-0.105731,0.645081,-0.552385,-0.425555,0.995334,-0.559442,-0.10132,0.671817,-0.547373,-0.417291,0.995061,-0.565107,-0.096634,0.654768,-0.547277
108,-0.447847,0.997324,-0.554365,-0.11942,0.656295,-0.540602,-0.441194,1.000747,-0.55515,-0.112111,0.650481,-0.546753,-0.448506,1.007549,-0.552207,-0.126232,0.626903,-0.529693,-0.451823,0.9985,-0.548315,-0.105725,0.641312,-0.521594
109,-0.469213,1.005624,-0.528603,-0.134851,0.647022,-0.523328,-0.469396,0.999817,-0.526579,-0.144251,0.655978,-0.523368,-0.478126,0.993546,-0.53808,-0.103772,0.661298,-0.530394,-0.468785,0.99907,-0.521251,-0.133352,0.63692,-0.519273
110,-0.480864,1.000528,-0.518835,-0.140386,0.659783,-0.518427,-0.48224,0.996848,-0.515501,-0.130274,0.659878,-0.517497,-0.483708,0.994673,-0.525617,-0.146469,0.670067,-0.509883,-0.486512,1.001701,-0.514933,-0.143152,0.649924,-0.514306
111,-0.496955,0.998019,-0.50797,-0.135147,0.6343,-0.504032,-0.501067,0.999456,-0.497253,-0.135943,0.664162,-0.520758,-0.498826,1.000985,-0.497816,-0.15999,0.653334,-0.509453,-0.499682,0.997104,-0.50335,-0.158802,0.673398,-0.515764
112,-0.520737,1.001216,-0.478808,-0.16679,0.657005,-0.501091,-0.515542,1.001636,-0.487013,-0.160998,0.658599,-0.507365,-0.509401,0.997372,-0.482626,-0.165453,0.661403,-0.514816,-0.510861,0.999178,-0.489889,-0.163671,0.664369,-0.501045
113,-0.534563,0.994397,-0.474041,-0.176117,0.661145,-0.487481,-0.540035,1.000513,-0.470735,-0.166387,0.666293,-0.49168,-0.531033,1.000065,-0.470648,-0.179767,0.672281,-0.493085,-0.535926,0.995613,-0.464847,-0.168505,0.669505,-0.497485
114,-0.543631,0.995249,-0.455472,-0.190968,0.67071,-0.452587,-0.54478,1.01036,-0.450055,-0.20375,0.683589,-0.482323,-0.545724,0.989831,-0.446369,-0.184388,0.678478,-0.477485,-0.547458,0.998911,-0.458912,-0.185841,0.669928,-0.481515
115,-0.566762,1.000581,-0.43797,-0.210886,0.681985,-0.492506,-0.554829,0.998335,-0.431896,-0.208593,0.67245,-0.47114,-0.563795,0.998031,-0.439646,-0.202234,0.659925,-0.47871,-0.560813,0.992392,-0.4334,-0.207035,0.677005,-0.480255
116,-0.588199,0.988261,-0.414931,-0.200747,0.663977,-0.464132,-0.579774,0.994636,-0.417905,-0.205093,0.682027,-0.465925,-0.581756,0.997465,-0.417568,-0.214522,0.684803,-0.46756,-0.572171,0.993263,-0.420815,-0.210189,0.67276,-0.467046
117,-0.589416,0.991073,-0.404195,-0.236663,0.674725,-0.442892,-0.594946,0.994871,-0.404047,-0.215468,0.692115,-0.449152,-0.598166,1.001562,-0.392706,-0.231389,0.685215,-0.453072,-0.590556,0.993381,-0.396955,-0.241162,0.682849,-0.4436
118,-0.604023,1.000721,-0.386391,-0.227032,0.683232,-0.459517,-0.605995,0.995674,-0.390044,-0.232938,0.687608,-0.436845,-0.608647,0.996221,-0.384921,-0.232956,0.659551,-0.438926,-0.610224,0.995608,-0.38514,-0.234301,0.696522,-0.424913
119,-0.620042,0.987392,-0.364046,-0.246986,0.683546,-0.429932,-0.623657,0.990526,-0.36041,-0.264195,0.676105,-0.433698,-0.626881,0.987457,-0.368625,-0.260075,0.670136,-0.434729,-0.624232,0.99279,-0.368928,-0.242626,0.697984,-0.438326
120,-0.636333,0.981941,-0.350527,-0.261021,0.689645,-0.437209,-0.639292,0.984589,-0.346818,-0.259728,0.67317,-0.419736,-0.636414,0.987924,-0.354098,-0.259623,0.699262,-0.414765,-0.640724,0.990155,-0.341903,-0.270992,0.703751,-0.401619
121,-0.645699,0.978391,-0.329805,-0.283542,0.692422,-0.408793,-0.648192,0.979107,-0.329831,-0.282962,0.687427,-0.417323,-0.648896,0.981152,-0.330908,-0.263693,0.678203,-0.396216,-0.659238,0.971469,-0.330285,-0.27068,0.677217,-0.409729
122,-0.660348,0.972017,-0.309216,-0.283866,0.682067,-0.403602,-0.667728,0.980706,-0.323328,-0.293549,0.683833,-0.411264,-0.660389,0.984239,-0.316683,-0.294949,0.68977,-0.390238,-0.666517,0.987848,-0.306152,-0.299091,0.675291,-0.395112
123,-0.68358,0.970892,-0.295869,-0.303788,0.69208,-0.398178,-0.67904,0.981902,-0.291646,-0.299268,0.703298,-0.39117,-0.670175,0.979986,-0.29283,-0.316504,0.685739,-0.382634,-0.672918,0.966472,-0.297277,-0.275287,0.680754,-0.392133
124,-0.699676,0.968961,-0.279679,-0.325015,0.688486,-0.392249,-0.69537,0.977084,-0.275303,-0.317354,0.690465,-0.360573,-0.690777,0.967281,-0.28665,-0.331587,0.682366,-0.38088,-0.698418,0.967402,-0.276203,-0.300295,0.679999,-0.366088
125,-0.700657,0.9667,-0.244333,-0.314968,0.695868,-0.348096,-0.703874,0.961527,-0.261918,-0.327096,0.680249,-0.373655,-0.709713,0.969433,-0.257168,-0.328016,0.692344,-0.371319,-0.707269,0.964715,-0.255952,-0.308665,0.696688,-0.368214
126,-0.72069,0.962819,-0.238515,-0.347338,0.684968,-0.3649,-0.722706,0.956127,-0.241217,-0.331338,0.688705,-0.356429,-0.725729,0.962851,-0.245264,-0.343498,0.686841,-0.366219,-0.722092,0.955686,-0.249824,-0.344614,0.70323,-0.369007
127,-0.73675,0.962681,-0.220944,-0.357722,0.702381,-0.344666,-0.724993,0.947773,-0.220233,-0.347954,0.699136,-0.342053,-0.733443,0.946302,-0.225819,-0.346314,0.697146,-0.328786,-0.735998,0.95704,-0.225422,-0.327883,0.699678,-0.339943
128,-0.746971,0.951517,-0.206756,-0.349009,0.688365,-0.354198,-0.741954,0.950332,-0.206391,-0.35595,0.691579,-0.347357,-0.749966,0.945195,-0.206818,-0.357622,0.682172,-0.330282,-0.748823,0.949009,-0.196845,-0.348078,0.694339,-0.333844
129,-0.763978,0.940188,-0.192244,-0.374438,0.674485,-0.323121,-0.753644,0.935355,-0.187147,-0.374251,0.684012,-0.331864,-0.753023,0.948576,-0.193351,-0.350941,0.674177,-0.317949,-0.770933,0.947516,-0.184348,-0.386925,0.694416,-0.328986
130,-0.769871,0.936216,-0.175808,-0.379032,0.690015,-0.315674,-0.77497,0.93269,-0.159228,-0.385676,0.67976,-0.320141,-0.772608,0.93893,-0.175496,-0.397166,0.703747,-0.302977,-0.767862,0.935542,-0.170847,-0.356337,0.691893,-0.306161
131,-0.785425,0.942012,-0.146274,-0.407279,0.686692,-0.324558,-0.784628,0.93394,-0.138928,-0.398462,0.719346,-0.301764,-0.7816,0.930528,-0.150922,-0.371267,0.686448,-0.293592,-0.787432,0.924084,-0.156837,-0.373472,0.687316,-0.319215
132,-0.78476,0.91852,-0.130691,-0.406009,0.680424,-0.269039,-0.79454,0.912906,-0.129407,-0.405422,0.681606,-0.283511,-0.797836,0.915533,-0.135389,-0.402013,0.690168,-0.294127,-0.78629,0.927068,-0.131281,-0.406507,0.688639,-0.292668
133,-0.808278,0.915982,-0.113372,-0.403571,0.691371,-0.271315,-0.801028,0.922535,-0.111042,-0.403129,0.676185,-0.294204,-0.806174,0.914212,-0.100234,-0.411533,0.680275,-0.28598,-0.812785,0.919982,-0.112492,-0.41707,0.682976,-0.28592
134,-0.814387,0.902748,-0.091989,-0.444821,0.696744,-0.265143,-0.811647,0.902273,-0.09398,-0.425503,0.688721,-0.251493,-0.819046,0.910892,-0.087546,-0.423076,0.707321,-0.270383,-0.810198,0.907421,-0.089528,-0.413091,0.685818,-0.261762
135,-0.819658,0.900587,-0.074285,-0.437743,0.683915,-0.234949,-0.83057,0.908767,-0.064923,-0.424378,0.664011,-0.25307,-0.826038,0.894692,-0.076647,-0.41624,0.683258,-0.256767,-0.817918,0.90153,-0.069533,-0.444886,0.707851,-0.258305
136,-0.832466,0.895021,-0.056886,-0.45786,0.676466,-0.242633,-0.831089,0.890758,-0.05777,-0.440274,0.682974,-0.237886,-0.835281,0.89063,-0.050873,-0.450373,0.672449,-0.24504,-0.835333,0.894008,-0.058382,-0.423516,0.68317,-0.229488
137,-0.845277,0.878607,-0.023649,-0.453525,0.696633,-0.222106,-0.842677,0.883956,-0.042427,-0.462357,0.680946,-0.221295,-0.852259,0.890694,-0.037859,-0.455016,0.689639,-0.217564,-0.843648,0.876359,-0.029197,-0.443015,0.669765,-0.236559
138,-0.856568,0.870064,-0.011592,-0.465304,0.67969,-0.215712,-0.862359,0.874053,-0.017184,-0.479441,0.684027,-0.210514,-0.860968,0.873475,-0.023954,-0.466912,0.681833,-0.202497,-0.856676,0.887005,-0.016367,-0.482328,0.678381,-0.20501
139,-0.859759,0.859511,0.008452,-0.500946,0.676366,-0.213809,-0.868273,0.857261,0.003936,-0.463602,0.680769,-0.210934,-0.858413,0.868679,0.005964,-0.479636,0.667409,-0.202952,-0.859706,0.859855,0.005694,-0.463051,0.655324,-0.21691
140,-0.863204,0.853899,0.01034,-0.483055,0.662771,-0.19085,-0.873734,0.850851,0.02597,-0.477207,0.678851,-0.182376,-0.877292,0.858741,0.01079,-0.496784,0.663341,-0.200713,-0.878498,0.850932,0.020777,-0.482803,0.668445,-0.193554
141,-0.878938,0.843859,0.03906,-0.486893,0.672941,-0.171266,-0.881744,0.836238,0.051493,-0.479149,0.674431,-0.165196,-0.881328,0.843904,0.031102,-0.486968,0.679095,-0.160548,-0.889496,0.844533,0.042167,-0.492615,0.676163,-0.185494
142,-0.899189,0.8436,0.062391,-0.50731,0.654412,-0.163519,-0.900573,0.832459,0.052367,-0.510481,0.651349,-0.162962,-0.904997,0.838981,0.05051,-0.505843,0.659567,-0.156695,-0.890737,0.845866,0.053964,-0.504773,0.670644,-0.165462
143,-0.909749,0.831115,0.078009,-0.512222,0.668289,-0.156515,-0.905313,0.824668,0.085373,-0.511433,0.659742,-0.164308,-0.899664,0.82366,0.076861,-0.50953,0.667809,-0.14162,-0.910226,0.837532,0.077296,-0.507991,0.653767,-0.164182
144,-0.910317,0.809835,0.10173,-0.509857,0.668083,-0.159274,-0.90804,0.8123,0.099009,-0.506939,0.649263,-0.126489,-0.908277,0.820654,0.095153,-0.534125,0.658441,-0.145671,-0.911616,0.807154,0.092746,-0.519074,0.656232,-0.146794
145,-0.919036,0.796989,0.1202,-0.537976,0.657007,-0.140296,-0.920947,0.813769,0.119348,-0.522655,0.657387,-0.123367,-0.924946,0.792056,0.10735,-0.525567,0.647728,-0.134518,-0.91957,0.796518,0.113493,-0.530987,0.656126,-0.147188
146,-0.91829,0.78892,0.134882,-0.533697,0.638551,-0.123319,-0.928957,0.785244,0.128163,-0.535048,0.632046,-0.103486,-0.931187,0.786348,0.136373,-0.537411,0.655078,-0.105252,-0.929446,0.786971,0.142799,-0.520012,0.65219,-0.127371
147,-0.929871,0.779623,0.149633,-0.557879,0.653797,-0.115499,-0.930763,0.782546,0.150899,-0.539676,0.652862,-0.080898,-0.943805,0.780825,0.158491,-0.560021,0.659449,-0.090852,-0.93101,0.776795,0.158952,-0.539495,0.638435,-0.100965
148,-0.939096,0.764459,0.172133,-0.549437,0.630016,-0.104039,-0.936671,0.767685,0.169814,-0.550573,0.632902,-0.080841,-0.944373,0.763068,0.178849,-0.55607,0.640752,-0.100162,-0.945226,0.766152,0.174863,-0.551337,0.637963,-0.06619
149,-0.947357,0.763243,0.193945,-0.559599,0.62828,-0.078159,-0.941868,0.755231,0.199386,-0.548623,0.640971,-0.053293,-0.946641,0.754886,0.189445,-0.549432,0.622896,-0.076427,-0.946936,0.752418,0.191586,-0.553451,0.628393,-0.076286
150,-0.952501,0.740949,0.208797,-0.573128,0.63881,-0.063376,-0.95531,0.726776,0.206805,-0.55397,0.629974,-0.073882,-0.946932,0.733749,0.212767,-0.568304,0.631162,-0.048789,-0.956673,0.744116,0.210761,-0.570663,0.617571,-0.075495
151,-0.948185,0.730347,0.226269,-0.583472,0.630512,-0.026185,-0.959428,0.731405,0.230818,-0.561773,0.623766,-0.060956,-0.954798,0.724882,0.222656,-0.555293,0.606395,-0.050107,-0.963564,0.722822,0.224065,-0.579584,0.616242,-0.044066
152,-0.954867,0.716143,0.245771,-0.574834,0.616591,-0.029515,-0.96968,0.723551,0.249653,-0.586462,0.609054,-0.033037,-0.964274,0.714298,0.249995,-0.568705,0.628198,-0.037787,-0.955122,0.718361,0.241362,-0.592434,0.614526,-0.040548
153,-0.967531,0.705234,0.266603,-0.581597,0.605824,-0.022688,-0.971138,0.705469,0.2631,-0.595431,0.615448,-0.018885,-0.960667,0.702114,0.257133,-0.586677,0.618157,-0.012415,-0.973601,0.703664,0.252267,-0.580396,0.588824,-0.039308
154,-0.978315,0.689145,0.272253,-0.582603,0.602901,-0.016479,-0.971812,0.697837,0.274268,-0.587894,0.614884,-0.018313,-0.964726,0.688494,0.284105,-0.597228,0.585709,-0.017582,-0.981906,0.691223,0.280494,-0.593159,0.597648,-0.004441
155,-0.97904,0.681011,0.29665,-0.609485,0.590546,-0.011361,-0.972835,0.685109,0.29699,-0.618724,0.589817,0.020493,-0.972757,0.675012,0.296256,-0.623206,0.598014,0.003293,-0.977066,0.675449,0.299933,-0.595242,0.604733,-0.004154
156,-0.982305,0.664098,0.308499,-0.612431,0.599915,0.020223,-0.977404,0.66062,0.31023,-0.594848,0.596006,0.016088,-0.979034,0.662966,0.322344,-0.610303,0.575675,0.01491,-0.977435,0.672175,0.313302,-0.599069,0.590262,0.017342
157,-0.984087,0.660522,0.328747,-0.637267,0.602134,0.029361,-0.983026,0.648371,0.335033,-0.625775,0.586599,0.038719,-0.979667,0.64885,0.337784,-0.607207,0.578854,0.045296,-0.986027,0.649683,0.325772,-0.607661,0.594192,0.047174
158,-0.9903,0.636988,0.351199,-0.611037,0.589708,0.049227,-0.982743,0.635603,0.347154,-0.613144,0.585464,0.043917,-0.987651,0.63671,0.350718,-0.630568,0.581109,0.048109,-0.988395,0.638102,0.348233,-0.606012,0.586241,0.042799
159,-0.987956,0.61672,0.373098,-0.633937,0.570291,0.052911,-0.991194,0.630576,0.360531,-0.635372,0.569691,0.051508,-0.997475,0.628272,0.37403,-0.621553,0.552668,0.071563,-0.986991,0.621075,0.362106,-0.61295,0.560231,0.054809
160,-0.990127,0.606659,0.382073,-0.628246,0.559646,0.076772,-0.986236,0.616278,0.389209,-0.646973,0.580494,0.081925,-0.991902,0.615023,0.380551,-0.634734,0.566129,0.086432,-0.990317,0.600944,0.395202,-0.625227,0.562805,0.073351
161,-0.997836,0.591109,0.406182,-0.634826,0.545247,0.08518,-0.991968,0.580782,0.411118,-0.632579,0.540669,0.090064,-0.992502,0.590447,0.412901,-0.638109,0.526416,0.084222,-0.992715,0.581189,0.400249,-0.635746,0.556034,0.062005
162,-1.007016,0.567889,0.422022,-0.635728,0.535225,0.084386,-0.996972,0.574103,0.424031,-0.636056,0.534205,0.10197,-0.985181,0.575925,0.426317,-0.623146,0.544357,0.100851,-0.999845,0.58006,0.422379,-0.665329,0.556919,0.088169
163,-0.998928,0.551468,0.434443,-0.656817,0.529204,0.10704,-1.003745,0.555823,0.4355,-0.630453,0.540467,0.107874,-1.003815,0.559004,0.441988,-0.643606,0.533147,0.09889,-0.999114,0.561072,0.434731,-0.647192,0.530458,0.093771
164,-0.999505,0.540794,0.455949,-0.648497,0.513745,0.113631,-0.999069,0.549995,0.449666,-0.660858,0.525797,0.130656,-1.002851,0.542001,0.459962,-0.638712,0.540812,0.120564,-1.005028,0.544644,0.456366,-0.635904,0.543695,0.112614
165,-0.995668,0.532389,0.472005,-0.658665,0.51266,0.146872,-1.001039,0.526765,0.463089,-0.654796,0.525354,0.148669,-0.990219,0.52864,0.476579,-0.645999,0.532543,0.13632,-0.992055,0.51919,0.484848,-0.643914,0.501368,0.154576
166,-1.001028,0.515021,0.479548,-0.655032,0.51672,0.143158,-1.004771,0.521852,0.48374,-0.66402,0.516795,0.148609,-1.001445,0.510347,0.494707,-0.65656,0.521707,0.140021,-0.998393,0.508692,0.490773,-0.665562,0.511884,0.141271
167,-0.999096,0.498883,0.506116,-0.661603,0.500459,0.158927,-0.992657,0.488699,0.503451,-0.658188,0.50282,0.153563,-0.999929,0.49083,0.502759,-0.652027,0.496406,0.147133,-0.995673,0.501296,0.506765,-0.668089,0.495875,0.16461
168,-0.996402,0.481496,0.533577,-0.670156,0.500341,0.188973,-0.998082,0.478467,0.523263,-0.670998,0.505545,0.162862,-0.994085,0.476255,0.521535,-0.651845,0.501173,0.159669,-0.99851,0.482633,0.51949,-0.654954,0.488857,0.156191
169,-1.004958,0.459645,0.534759,-0.674338,0.485161,0.191645,-0.997647,0.462545,0.540907,-0.671823,0.469831,0.186194,-0.996549,0.468399,0.537108,-0.680614,0.498138,0.174253,-1.003029,0.462369,0.534974,-0.678264,0.490218,0.201893
170,-1.002438,0.443165,0.555537,-0.671845,0.46594,0.210573,-1.003624,0.433417,0.552145,-0.676342,0.456511,0.201391,-0.999425,0.44676,0.550776,-0.675253,0.47354,0.197975,-0.991689,0.452286,0.550929,-0.656723,0.470588,0.195649
171,-0.99249,0.423818,0.574181,-0.672806,0.46866,0.206657,-1.001328,0.438484,0.560733,-0.666218,0.479372,0.216691,-0.997445,0.430689,0.567426,-0.683552,0.4716,0.207512,-0.997526,0.430699,0.572423,-0.684972,0.468935,0.213284
172,-0.995974,0.413345,0.583901,-0.698465,0.464388,0.233284,-1.000841,0.415811,0.581132,-0.671789,0.459275,0.212578,-0.999031,0.409766,0.584864,-0.673143,0.457692,0.212201,-0.990851,0.411708,0.576929,-0.702616,0.467119,0.224105
173,-0.988756,0.39144,0.59973,-0.667638,0.458345,0.225697,-0.987344,0.40422,0.596038,-0.694346,0.444813,0.238649,-0.990722,0.395763,0.605268,-0.683631,0.431854,0.225619,-0.991996,0.39068,0.5896,-0.669824,0.43069,0.242904
174,-0.981494,0.379992,0.613946,-0.667694,0.431797,0.259954,-0.988745,0.386849,0.617007,-0.691526,0.42538,0.246221,-0.99806,0.37443,0.608804,-0.692439,0.437191,0.264654,-0.989532,0.372671,0.617743,-0.672901,0.435997,0.246649
175,-0.994717,0.357554,0.620879,-0.692537,0.420157,0.272203,-0.98244,0.358902,0.632123,-0.703552,0.421569,0.253958,-0.98574,0.352559,0.622506,-0.691355,0.434013,0.256669,-0.994806,0.354014,0.626541,-0.697769,0.423922,0.260875
176,-0.982263,0.346953,0.641946,-0.677593,0.42173,0.257077,-0.989626,0.341933,0.641799,-0.676518,0.431006,0.262148,-0.984842,0.343736,0.64933,-0.697751,0.414313,0.267427,-0.983955,0.345946,0.65212,-0.665979,0.417354,0.281771
177,-0.976221,0.32241,0.662073,-0.6875,0.405269,0.283179,-0.981467,0.321855,0.660631,-0.696982,0.415196,0.296145,-0.987571,0.325452,0.660016,-0.668094,0.404944,0.285203,-0.989236,0.325981,0.646665,-0.669848,0.397063,0.28282
178,-0.976258,0.30477,0.669729,-0.697187,0.395319,0.297959,-0.972117,0.298959,0.671427,-0.68912,0.394145,0.280487,-0.978565,0.303829,0.668762,-0.677104,0.395845,0.289015,-0.982763,0.317139,0.672445,-0.691855,0.393318,0.29511
179,-0.978683,0.28466,0.684439,-0.693945,0.387573,0.310994,-0.97421,0.283922,0.687486,-0.683474,0.368024,0.300905,-0.964364,0.282789,0.683706,-0.689986,0.387429,0.308085,-0.972859,0.286124,0.682578,-0.679067,0.403563,0.316395
180,-0.964828,0.271,0.701338,-0.669579,0.362012,0.308249,-0.959674,0.270753,0.700251,-0.703782,0.361628,0.300049,-0.976807,0.260691,0.701776,-0.699249,0.370275,0.310019,-0.969375,0.270508,0.703271,-0.690081,0.400264,0.323761
181,-0.964172,0.244188,0.706974,-0.698934,0.363158,0.327052,-0.957494,0.259183,0.712491,-0.697331,0.362037,0.324953,-0.966186,0.242288,0.711578,-0.684017,0.353828,0.324397,-0.96327,0.252906,0.718031,-0.698588,0.375167,0.328789
182,-0.961201,0.23108,0.727357,-0.686951,0.338864,0.359328,-0.955404,0.244065,0.729296,-0.699456,0.349627,0.350387,-0.952818,0.234805,0.728281,-0.705787,0.339186,0.333002,-0.961998,0.235649,0.727202,-0.683656,0.370013,0.328108
183,-0.953625,0.213525,0.743496,-0.680444,0.335001,0.354129,-0.948591,0.215873,0.739502,-0.690704,0.337642,0.347413,-0.951113,0.224168,0.746388,-0.68558,0.334912,0.344586,-0.95701,0.210308,0.73331,-0.695069,0.330876,0.354429
184,-0.947053,0.201312,0.764562,-0.687465,0.325354,0.369375,-0.946439,0.196763,0.753996,-0.698918,0.334626,0.35705,-0.947611,0.195392,0.745513,-0.689685,0.30485,0.358792,-0.954809,0.192675,0.752606,-0.690895,0.321583,0.363122
185,-0.94097,0.181809,0.760711,-0.694739,0.314797,0.375221,-0.937523,0.182743,0.770841,-0.693095,0.320212,0.375599,-0.939206,0.18005,0.761402,-0.679824,0.298136,0.382959,-0.937089,0.185546,0.765219,-0.669469,0.316572,0.364274
186,-0.9398,0.153234,0.775537,-0.71537,0.297258,0.401229,-0.942287,0.157301,0.773422,-0.71625,0.306103,0.401035,-0.925903,0.158546,0.771361,-0.691278,0.306317,0.394168,-0.92754,0.159616,0.774228,-0.690662,0.3135,0.379752
187,-0.925323,0.138344,0.790105,-0.6874,0.289058,0.396268,-0.93418,0.14127,0.779431,-0.683452,0.292092,0.402889,-0.927978,0.148887,0.788358,-0.700706,0.30103,0.391741,-0.918607,0.144099,0.794234,-0.679125,0.314809,0.401745
188,-0.918422,0.116308,0.792087,-0.696149,0.262331,0.402499,-0.91852,0.127727,0.800731,-0.693119,0.285322,0.412412,-0.927869,0.117383,0.801064,-0.688356,0.296017,0.401242,-0.917305,0.116392,0.794126,-0.699273,0.284998,0.415388
189,-0.914583,0.115311,0.815368,-0.676373,0.257424,0.424826,-0.9149,0.102607,0.810099,-0.699676,0.25432,0.42057,-0.913947,0.101947,0.806191,-0.687158,0.26848,0.420362,-0.917509,0.104338,0.813478,-0.672226,0.266697,0.405558
190,-0.907252,0.083442,0.82103,-0.690092,0.27492,0.418407,-0.90603,0.084732,0.81632,-0.68049,0.263786,0.411822,-0.908776,0.088126,0.822362,-0.674216,0.255747,0.416641,-0.904542,0.070566,0.829904,-0.668259,0.254291,0.424448
191,-0.902927,0.063767,0.825661,-0.679818,0.246129,0.448078,-0.904814,0.058225,0.827165,-0.69498,0.247623,0.438368,-0.910444,0.070999,0.834436,-0.681554,0.238823,0.443944,-0.901528,0.05451,0.8379,-0.679485,0.250444,0.436576
192,-0.881548,0.056977,0.839786,-0.693686,0.235716,0.451877,-0.891949,0.045251,0.841416,-0.67609,0.228796,0.442645,-0.889828,0.051797,0.8472,-0.700024,0.242337,0.46369,-0.890661,0.042549,0.844601,-0.673065,0.242399,0.457411
193,-0.87242,0.03634,0.847979,-0.664378,0.224132,0.462971,-0.870658,0.020182,0.847805,-0.681747,0.227479,0.451715,-0.877802,0.034812,0.848603,-0.678107,0.220418,0.451499,-0.877034,0.027198,0.860435,-0.672109,0.220086,0.449324
194,-0.866933,0.002606,0.856224,-0.685945,0.227478,0.480915,-0.87688,0.000572,0.865263,-0.671404,0.22289,0.458544,-0.87435,0.012483,0.87047,-0.670091,0.21659,0.447787,-0.866067,0.01837,0.86398,-0.683579,0.213967,0.451097
195,-0.872797,-0.009455,0.876838,-0.680576,0.187219,0.477018,-0.859505,-0.00172,0.861847,-0.642931,0.190317,0.463384,-0.86394,-0.005001,0.868729,-0.692936,0.197691,0.478703,-0.858947,-0.006828,0.881074,-0.683239,0.201055,0.480101
196,-0.852459,-0.028357,0.884037,-0.685957,0.188785,0.497192,-0.848483,-0.032217,0.875815,-0.66847,0.182762,0.484961,-0.858408,-0.02933,0.872268,-0.676762,0.182159,0.496453,-0.857678,-0.028987,0.875242,-0.669802,0.175277,0.494489
197,-0.841991,-0.053793,0.901277,-0.662365,0.166438,0.493029,-0.831877,-0.041941,0.885389,-0.65072,0.164503,0.498743,-0.845398,-0.042545,0.893481,-0.646935,0.188308,0.494051,-0.83502,-0.054706,0.883253,-0.683201,0.175917,0.499537
198,-0.828351,-0.069819,0.886557,-0.666479,0.167512,0.510596,-0.830351,-0.062063,0.906431,-0.653678,0.172056,0.51165,-0.830826,-0.05788,0.893998,-0.646941,0.16015,0.493069,-0.828591,-0.068737,0.889218,-0.657441,0.168229,0.49853
199,-0.808258,-0.085788,0.912565,-0.662101,0.146086,0.496933,-0.822159,-0.085869,0.902497,-0.669669,0.161574,0.512177,-0.813521,-0.096588,0.905285,-0.649683,0.144114,0.51111,-0.819791,-0.091024,0.901851,-0.658294,0.142786,0.531567
200,-0.80785,-0.106771,0.916589,-0.6483,0.121215,0.524011,-0.815115,-0.101288,0.909487,-0.642853,0.140067,0.53276,-0.809244,-0.109594,0.913594,-0.652178,0.145291,0.514195,-0.811301,-0.096934,0.918519,-0.651867,0.134908,0.545512
201,-0.79476,-0.120505,0.918431,-0.644933,0.106621,0.533578,-0.800475,-0.118669,0.92061,-0.643382,0.116605,0.532813,-0.793837,-0.121465,0.919044,-0.668295,0.129438,0.533896,-0.8014,-0.116472,0.925346,-0.663304,0.117188,0.523418
202,-0.777768,-0.143005,0.937409,-0.650487,0.102293,0.524801,-0.788793,-0.139881,0.930416,-0.655108,0.104225,0.531497,-0.793174,-0.138469,0.923888,-0.636926,0.12033,0.544416,-0.790452,-0.138363,0.928706,-0.640759,0.091427,0.531671
203,-0.775166,-0.159669,0.938221,-0.61782,0.094761,0.559056,-0.780358,-0.163341,0.931347,-0.658271,0.087621,0.552337,-0.774623,-0.169683,0.935151,-0.633364,0.097073,0.542698,-0.772292,-0.157896,0.932696,-0.645849,0.113429,0.530924
204,-0.760279,-0.18172,0.940939,-0.651363,0.067807,0.545667,-0.76399,-0.1867,0.938853,-0.646524,0.089103,0.54533,-0.75791,-0.176462,0.93291,-0.630886,0.073541,0.553111,-0.761662,-0.168497,0.951034,-0.640619,0.08745,0.547308
205,-0.755471,-0.195323,0.946374,-0.623796,0.062821,0.56526,-0.750151,-0.186246,0.950098,-0.638526,0.069627,0.5484,-0.754357,-0.200388,0.954366,-0.632407,0.076243,0.559051,-0.756477,-0.203869,0.938666,-0.642679,0.05783,0.575942
206,-0.731622,-0.219967,0.941761,-0.61691,0.059407,0.562219,-0.735828,-0.219276,0.949574,-0.627555,0.060985,0.567015,-0.737796,-0.210511,0.958596,-0.617367,0.054698,0.570612,-0.738909,-0.21681,0.951945,-0.641615,0.060523,0.579927
207,-0.726648,-0.239361,0.964017,-0.622707,0.039223,0.58557,-0.712631,-0.234469,0.964494,-0.607901,0.057498,0.573768,-0.727549,-0.23767,0.956846,-0.618023,0.048452,0.579229,-0.727187,-0.232603,0.965239,-0.604989,0.061493,0.578535
208,-0.719235,-0.246818,0.966689,-0.614084,0.041894,0.589142,-0.710053,-0.259457,0.967296,-0.608034,0.036893,0.576306,-0.722273,-0.253052,0.96837,-0.607801,0.045909,0.571286,-0.708372,-0.248815,0.966123,-0.619194,0.046317,0.577912
209,-0.698551,-0.264903,0.960738,-0.605353,0.012996,0.579062,-0.696206,-0.26994,0.970095,-0.59754,0.016056,0.592236,-0.712353,-0.26468,0.967326,-0.605254,0.022235,0.593774,-0.695396,-0.274039,0.973124,-0.609518,0.011649,0.59056
210,-0.677422,-0.295341,0.968712,-0.611139,-0.002889,0.586853,-0.685816,-0.290955,0.972549,-0.599475,0.000869,0.614114,-0.690607,-0.287624,0.969065,-0.605103,-0.001455,0.596238,-0.684583,-0.295602,0.981583,-0.61518,0.00905,0.589542
211,-0.670787,-0.306052,0.974891,-0.594919,-0.013718,0.600251,-0.669667,-0.30835,0.983314,-0.594183,0.007366,0.615465,-0.671466,-0.297274,0.971292,-0.575497,-0.019218,0.609482,-0.673068,-0.305327,0.973314,-0.612207,-0.022351,0.60106
212,-0.655644,-0.32149,0.97175,-0.591543,-0.025717,0.610971,-0.654738,-0.337586,0.980204,-0.602769,-0.010277,0.61479,-0.657095,-0.330654,0.982597,-0.604503,-0.0099,0.604992,-0.657345,-0.317563,0.987367,-0.571383,-0.022679,0.599131
213,-0.642087,-0.344769,0.983916,-0.582282,-0.048774,0.623319,-0.633557,-0.349007,0.995997,-0.583858,-0.029078,0.633701,-0.639853,-0.345829,0.982535,-0.584179,-0.052395,0.604671,-0.637624,-0.342273,0.984139,-0.601782,-0.028462,0.628539
214,-0.625015,-0.357148,0.994985,-0.582798,-0.045846,0.632484,-0.623914,-0.362433,0.986128,-0.584597,-0.049021,0.626271,-0.625322,-0.36675,0.981551,-0.584921,-0.041977,0.62103,-0.624134,-0.356051,0.98307,-0.584752,-0.057747,0.614128
215,-0.607485,-0.381114,0.984624,-0.57177,-0.062549,0.636389,-0.611673,-0.374744,0.985032,-0.571583,-0.047901,0.627345,-0.613525,-0.369126,0.990937,-0.574495,-0.061054,0.624577,-0.609469,-0.382224,1.000541,-0.583083,-0.048726,0.625501
216,-0.598172,-0.401873,0.994257,-0.554068,-0.070221,0.636389,-0.599171,-0.398843,0.997142,-0.559809,-0.069958,0.644098,-0.600794,-0.392575,0.989296,-0.563939,-0.067241,0.620293,-0.591726,-0.395783,0.991575,-0.561124,-0.0619,0.63622
217,-0.579978,-0.410233,0.99975,-0.554449,-0.080591,0.642508,-0.580243,-0.417436,0.998614,-0.543057,-0.081563,0.645305,-0.585133,-0.416143,0.996216,-0.545134,-0.109596,0.631551,-0.5834,-0.41373,0.99468,-0.54811,-0.088143,0.648769
218,-0.568101,-0.428449,0.99952,-0.551416,-0.088346,0.637579,-0.566595,-0.429405,0.992631,-0.536636,-0.104017,0.635941,-0.569337,-0.429132,0.995832,-0.547182,-0.092342,0.633922,-0.574254,-0.42488,0.996691,-0.550067,-0.109976,0.6634
219,-0.557941,-0.445481,1.000959,-0.542256,-0.114174,0.650795,-0.555341,-0.442213,0.995809,-0.534447,-0.11363,0.648538,-0.555785,-0.449775,0.994714,-0.527974,-0.107905,0.641404,-0.554786,-0.453656,1.00002,-0.541185,-0.111289,0.641919
220,-0.527892,-0.461512,1.004354,-0.525055,-0.11833,0.68386,-0.537234,-0.471125,0.998398,-0.541764,-0.117634,0.632462,-0.526986,-0.4619,1.000837,-0.551602,-0.128835,0.660606,-0.544439,-0.460929,0.997369,-0.53356,-0.127671,0.661868
221,-0.520422,-0.473172,1.008636,-0.504266,-0.139383,0.646514,-0.511,-0.476389,1.007374,-0.5177,-0.132481,0.656439,-0.518968,-0.476967,0.998316,-0.505584,-0.150074,0.665723,-0.521685,-0.482947,1.001576,-0.508349,-0.144716,0.669067
222,-0.503476,-0.497889,1.003051,-0.506026,-0.14369,0.6732,-0.500755,-0.495598,1.002727,-0.513168,-0.151803,0.660731,-0.523871,-0.499094,0.999732,-0.521557,-0.161356,0.65859,-0.502091,-0.492719,1.003025,-0.509075,-0.160862,0.65003
223,-0.488008,-0.513583,1.00261,-0.501038,-0.162354,0.660712,-0.4918,-0.513738,1.000848,-0.512954,-0.166194,0.662308,-0.488459,-0.509658,0.992298,-0.482338,-0.171684,0.658515,-0.479219,-0.507993,0.998098,-0.501992,-0.159345,0.660928
224,-0.482763,-0.527001,0.997399,-0.485117,-0.174967,0.673625,-0.46969,-0.525296,0.994651,-0.495471,-0.188224,0.677333,-0.470033,-0.527023,0.997911,-0.489625,-0.180516,0.685727,-0.465415,-0.537971,0.999379,-0.514852,-0.161795,0.66036
225,-0.448755,-0.544857,0.997601,-0.478751,-0.177585,0.682622,-0.454802,-0.547315,0.999117,-0.476076,-0.192251,0.674794,-0.450448,-0.547985,0.99921,-0.486408,-0.189539,0.680587,-0.450149,-0.545565,0.992358,-0.478717,-0.192765,0.671559
226,-0.44235,-0.560259,0.985485,-0.469542,-0.194261,0.67741,-0.436198,-0.563783,0.997512,-0.479294,-0.233081,0.675194,-0.440254,-0.562652,0.996173,-0.477654,-0.204824,0.67097,-0.435941,-0.567704,0.998661,-0.466955,-0.20538,0.685035
227,-0.421967,-0.576197,0.998982,-0.48008,-0.202315,0.677123,-0.421004,-0.573383,0.994758,-0.470019,-0.208512,0.66213,-0.420779,-0.578201,0.992286,-0.47381,-0.200985,0.66735,-0.412397,-0.579087,0.996798,-0.459933,-0.21917,0.68264
228,-0.39697,-0.59058,0.986522,-0.448349,-0.222833,0.681452,-0.403015,-0.59688,0.988986,-0.44234,-0.238913,0.688956,-0.408694,-0.588621,0.999956,-0.457299,-0.224465,0.689386,-0.394333,-0.590552,0.993964,-0.455291,-0.218671,0.677809
229,-0.385006,-0.594995,0.99126,-0.438344,-0.239853,0.692046,-0.387444,-0.610329,0.986258,-0.442545,-0.266723,0.672782,-0.388852,-0.619323,0.990718,-0.440874,-0.234134,0.687611,-0.386621,-0.612307,0.986382,-0.458968,-0.235546,0.669372
230,-0.363454,-0.611193,0.988428,-0.432469,-0.241035,0.686583,-0.366034,-0.616938,0.99651,-0.429554,-0.264951,0.68378,-0.378423,-0.617476,0.98629,-0.444125,-0.24488,0.690876,-0.367305,-0.630069,0.991678,-0.42562,-0.241545,0.678965
231,-0.347744,-0.632129,0.981018,-0.413038,-0.263802,0.679957,-0.347361,-0.63536,0.984907,-0.424241,-0.273181,0.690084,-0.34311,-0.638857,0.992472,-0.433817,-0.253587,0.68909,-0.351905,-0.634692,0.985749,-0.420375,-0.265155,0.688888
232,-0.325487,-0.648148,0.983582,-0.408323,-0.285166,0.675916,-0.33292,-0.655461,0.985518,-0.40607,-0.286042,0.676748,-0.334497,-0.649931,0.980563,-0.425867,-0.283493,0.686547,-0.332147,-0.651003,0.98133,-0.412444,-0.29364,0.685587
233,-0.315187,-0.668928,0.982235,-0.403371,-0.278752,0.700192,-0.315486,-0.662982,0.976322,-0.382495,-0.272176,0.714977,-0.31157,-0.662048,0.983428,-0.410181,-0.288829,0.6783,-0.310075,-0.669738,0.982124,-0.413686,-0.266156,0.69773
234,-0.289289,-0.678698,0.981782,-0.379696,-0.287602,0.685559,-0.29933,-0.667889,0.974242,-0.396724,-0.300723,0.687549,-0.297135,-0.671846,0.971475,-0.395882,-0.297417,0.699359,-0.294299,-0.682797,0.974862,-0.389977,-0.296738,0.699143
235,-0.271135,-0.685577,0.974676,-0.37371,-0.311766,0.705485,-0.283241,-0.687947,0.971812,-0.374327,-0.311706,0.691503,-0.272256,-0.693377,0.973024,-0.367811,-0.303134,0.707043,-0.269728,-0.695651,0.973465,-0.38438,-0.318935,0.673924
236,-0.266539,-0.706138,0.963566,-0.366834,-0.30976,0.709448,-0.255581,-0.710107,0.960998,-0.388786,-0.306368,0.702375,-0.258742,-0.702065,0.966732,-0.380845,-0.315852,0.668657,-0.256071,-0.709699,0.970525,-0.36172,-0.329611,0.682649
237,-0.234659,-0.721621,0.961627,-0.354255,-0.341233,0.681784,-0.245478,-0.71799,0.9576,-0.353924,-0.335355,0.685414,-0.246642,-0.710101,0.968386,-0.368622,-0.313848,0.687811,-0.244156,-0.718544,0.957709,-0.370754,-0.349344,0.703039
238,-0.229259,-0.734154,0.957694,-0.347977,-0.343061,0.697005,-0.230746,-0.726548,0.94403,-0.34703,-0.338716,0.685458,-0.212815,-0.730204,0.955071,-0.339459,-0.347568,0.680133,-0.225736,-0.739573,0.953965,-0.332109,-0.332299,0.689635
239,-0.207788,-0.753708,0.949791,-0.314317,-0.353428,0.697196,-0.20886,-0.744483,0.948682,-0.324903,-0.354083,0.697301,-0.206494,-0.740088,0.947639,-0.316635,-0.366824,0.708646,-0.212176,-0.741197,0.9584,-0.338532,-0.358934,0.694621
240,-0.191166,-0.759346,0.946981,-0.331748,-0.356815,0.686056,-0.184876,-0.750775,0.938774,-0.337057,-0.368349,0.67125,-0.192809,-0.755776,0.950395,-0.320866,-0.38324,0.696943,-0.183345,-0.757196,0.948701,-0.336527,-0.370173,0.691373
241,-0.163726,-0.770596,0.944054,-0.315236,-0.376512,0.674228,-0.172244,-0.773733,0.935818,-0.303632,-0.393218,0.704492,-0.166624,-0.769791,0.93487,-0.32042,-0.371287,0.700622,-0.16446,-0.767684,0.937906,-0.293343,-0.384347,0.677115
242,-0.148609,-0.772535,0.929524,-0.288947,-0.393347,0.695917,-0.152094,-0.776537,0.932604,-0.306886,-0.386716,0.702534,-0.15336,-0.782671,0.930679,-0.306049,-0.394854,0.697062,-0.152657,-0.782257,0.936521,-0.292414,-0.376716,0.699493
243,-0.131971,-0.799913,0.915153,-0.279932,-0.413938,0.686701,-0.13392,-0.799515,0.926331,-0.301165,-0.413244,0.682048,-0.138306,-0.785799,0.916879,-0.281978,-0.412816,0.704592,-0.133668,-0.790219,0.918341,-0.272194,-0.412036,0.68357
244,-0.106531,-0.802049,0.921376,-0.259486,-0.404893,0.686656,-0.116836,-0.801209,0.917667,-0.274858,-0.432106,0.692844,-0.112174,-0.809592,0.924534,-0.287586,-0.410416,0.677784,-0.105726,-0.804913,0.924272,-0.290532,-0.410193,0.695759
245,-0.095746,-0.807069,0.899123,-0.277906,-0.420628,0.683109,-0.098274,-0.815545,0.919854,-0.272185,-0.403871,0.697044,-0.094883,-0.808189,0.902739,-0.267331,-0.430841,0.674935,-0.096021,-0.810169,0.914704,-0.271333,-0.42443,0.699015
246,-0.076225,-0.829684,0.904101,-0.264806,-0.441362,0.695619,-0.076008,-0.828832,0.903172,-0.251084,-0.439525,0.685434,-0.082097,-0.818441,0.906868,-0.258075,-0.426589,0.682899,-0.072697,-0.830842,0.897662,-0.24727,-0.433983,0.685092
247,-0.059027,-0.84784,0.889529,-0.241406,-0.46307,0.677195,-0.06155,-0.838746,0.897651,-0.235564,-0.438438,0.677836,-0.060355,-0.836707,0.886196,-0.252423,-0.434337,0.686036,-0.052847,-0.83347,0.896308,-0.240696,-0.446829,0.677686
248,-0.031826,-0.843843,0.877768,-0.228765,-0.432527,0.702961,-0.033599,-0.85061,0.882841,-0.234317,-0.44198,0.660539,-0.035582,-0.843406,0.896565,-0.233839,-0.447308,0.690517,-0.034147,-0.852798,0.884936,-0.225042,-0.457035,0.688031
249,-0.014743,-0.864675,0.864878,-0.229379,-0.456504,0.673822,-0.011809,-0.857795,0.884832,-0.214124,-0.454298,0.667435,-0.015267,-0.857239,0.874783,-0.228924,-0.449336,0.673466,-0.019187,-0.851381,0.878362,-0.218023,-0.476265,0.672438
250,0.00311,-0.864499,0.8644,-0.199978,-0.46511,0.686413,0.009754,-0.86124,0.865755,-0.205569,-0.467165,0.662706,-0.004634,-0.86402,0.870576,-0.204666,-0.456372,0.680903,0.002263,-0.860066,0.868895,-0.198839,-0.471169,0.67785
251,0.014901,-0.879917,0.856958,-0.211482,-0.486011,0.673972,0.019263,-0.867211,0.856959,-0.184264,-0.49243,0.673694,0.010364,-0.878355,0.845833,-0.183992,-0.496172,0.669702,0.014247,-0.870146,0.851251,-0.208537,-0.466977,0.663946
252,0.042984,-0.885812,0.849229,-0.17818,-0.487731,0.671451,0.035469,-0.886052,0.852079,-0.197205,-0.501057,0.645972,0.029608,-0.88329,0.846004,-0.174445,-0.486266,0.661387,0.049278,-0.891455,0.849289,-0.183322,-0.484563,0.651676
253,0.060573,-0.887829,0.836099,-0.177362,-0.493545,0.659295,0.061452,-0.891579,0.826169,-0.165618,-0.489479,0.654804,0.054876,-0.886959,0.834746,-0.177685,-0.487125,0.67415,0.064786,-0.88762,0.834218,-0.181925,-0.493684,0.668689
254,0.069047,-0.902746,0.828934,-0.160169,-0.510301,0.656305,0.078435,-0.892848,0.825603,-0.160323,-0.529438,0.670812,0.073359,-0.897117,0.823581,-0.160017,-0.503367,0.651508,0.078708,-0.907003,0.818095,-0.154739,-0.496423,0.655926
255,0.092842,-0.909061,0.821689,-0.132085,-0.506059,0.659755,0.099255,-0.913933,0.805952,-0.140041,-0.525989,0.669235,0.089186,-0.909735,0.815906,-0.139296,-0.521364,0.670587,0.098487,-0.905127,0.824216,-0.135397,-0.508014,0.646142
256,0.112922,-0.913329,0.804832,-0.127258,-0.498143,0.665034,0.112482,-0.913046,0.808734,-0.131906,-0.538522,0.658276,0.107646,-0.918205,0.79737,-0.139863,-0.51343,0.649048,0.10941,-0.916722,0.79991,-0.116356,-0.527929,0.653176
257,0.125391,-0.925965,0.793901,-0.112113,-0.536826,0.655115,0.135695,-0.924339,0.800981,-0.1187,-0.533763,0.648038,0.121238,-0.921104,0.792276,-0.100198,-0.527486,0.651382,0.126378,-0.917521,0.79247,-0.116978,-0.528783,0.648803
258,0.149509,-0.9318,0.787175,-0.089602,-0.5508,0.641338,0.157789,-0.933613,0.786069,-0.092392,-0.558226,0.651706,0.152852,-0.93124,0.782665,-0.089935,-0.529861,0.655722,0.151064,-0.934539,0.774232,-0.101912,-0.528788,0.646259
259,0.169094,-0.934235,0.766779,-0.086362,-0.547113,0.634792,0.172345,-0.933304,0.771208,-0.074584,-0.546861,0.642599,0.176368,-0.938453,0.774187,-0.097412,-0.55176,0.626657,0.173939,-0.947119,0.773069,-0.09517,-0.555349,0.646694
260,0.193758,-0.952826,0.76882,-0.070896,-0.54534,0.639072,0.18355,-0.944776,0.762224,-0.080049,-0.569556,0.640791,0.183166,-0.943395,0.757651,-0.082219,-0.547995,0.63754,0.185857,-0.950846,0.758185,-0.080192,-0.574329,0.645585
261,0.202786,-0.950573,0.742627,-0.071905,-0.562214,0.627588,0.206024,-0.941447,0.747541,-0.065416,-0.564931,0.623181,0.206493,-0.953453,0.733573,-0.05888,-0.555715,0.638558,0.204409,-0.958083,0.74194,-0.062723,-0.562642,0.629026
262,0.234801,-0.96111,0.723088,-0.049963,-0.586558,0.599134,0.23131,-0.957362,0.734148,-0.038998,-0.565451,0.622707,0.218873,-0.955931,0.730695,-0.072191,-0.580582,0.619899,0.226901,-0.956882,0.732927,-0.049235,-0.578908,0.622549
263,0.248393,-0.955788,0.719502,-0.03584,-0.587586,0.601443,0.249061,-0.961682,0.72205,-0.046258,-0.584614,0.614276,0.247325,-0.953289,0.719837,-0.057813,-0.588934,0.59341,0.243073,-0.962425,0.727194,-0.0535,-0.563242,0.628814
264,0.267474,-0.974804,0.705482,-0.026383,-0.586903,0.619706,0.258099,-0.972629,0.708186,-0.027097,-0.575763,0.6042,0.253319,-0.968967,0.70686,-0.032026,-0.60288,0.619063,0.269133,-0.970104,0.706139,-0.041742,-0.579916,0.605597
265,0.287223,-0.977012,0.689272,-0.008951,-0.604096,0.595788,0.279058,-0.983631,0.686793,-0.014761,-0.609178,0.606524,0.279374,-0.973176,0.699783,-0.017484,-0.603515,0.587765,0.270771,-0.972378,0.690994,-0.022259,-0.601919,0.610093
266,0.294948,-0.976385,0.678253,0.006909,-0.603006,0.594751,0.296509,-0.969567,0.681577,0.003819,-0.581189,0.6116,0.295575,-0.974256,0.67788,0.020057,-0.596248,0.593481,0.303018,-0.971926,0.682337,-0.005239,-0.595071,0.598972
267,0.322441,-0.988445,0.662116,0.005432,-0.589278,0.584354,0.311446,-0.98437,0.661252,0.007193,-0.619134,0.583476,0.316304,-0.981258,0.660095,0.004788,-0.633108,0.588623,0.313428,-0.972804,0.659379,0.001553,-0.606732,0.590585
268,0.31889,-0.988895,0.643367,0.03113,-0.597213,0.58601,0.336903,-0.979125,0.648509,0.035453,-0.611245,0.569101,0.341123,-0.984001,0.649933,0.02444,-0.608091,0.581842,0.334357,-0.980402,0.652255,0.024373,-0.606058,0.574413
269,0.34671,-0.989909,0.633303,0.046289,-0.607253,0.579459,0.346724,-0.983873,0.644864,0.04927,-0.628449,0.58529,0.343251,-0.992734,0.642789,0.036087,-0.626563,0.589239,0.355675,-0.989106,0.642595,0.056934,-0.64064,0.567725
270,0.363779,-0.986932,0.622397,0.054399,-0.627676,0.574849,0.367991,-0.998644,0.626933,0.060336,-0.629086,0.566363,0.362141,-0.987737,0.615031,0.041067,-0.617304,0.564534,0.35922,-0.996183,0.620769,0.058885,-0.612777,0.578317
271,0.389519,-0.988332,0.606393,0.070139,-0.649588,0.571131,0.382657,-0.986317,0.6078,0.06776,-0.632421,0.563823,0.384284,-0.99412,0.609075,0.057093,-0.654984,0.553955,0.387838,-0.983612,0.606323,0.049581,-0.638637,0.564148
272,0.406177,-0.997739,0.596133,0.080916,-0.641346,0.550669,0.387279,-0.99252,0.587502,0.07844,-0.645148,0.569854,0.417547,-0.986575,0.586865,0.059988,-0.623263,0.550373,0.398172,-0.999436,0.583286,0.079687,-0.638795,0.571448
273,0.41223,-0.989171,0.580837,0.098112,-0.629171,0.548247,0.423757,-0.999301,0.581317,0.096044,-0.641476,0.568818,0.42221,-0.988392,0.568306,0.091837,-0.635708,0.559796,0.421614,-0.998901,0.575543,0.097379,-0.646207,0.555941
274,0.428897,-1.001617,0.556935,0.102541,-0.64899,0.552716,0.432581,-1.000093,0.549555,0.109855,-0.657525,0.529134,0.440292,-0.990301,0.551857,0.10547,-0.645007,0.536357,0.436697,-1.002171,0.564087,0.103877,-0.646838,0.550812
275,0.455977,-0.98865,0.544093,0.116535,-0.649626,0.542117,0.443857,-0.998767,0.539247,0.109367,-0.643403,0.534938,0.449736,-1.000546,0.55071,0.111819,-0.64905,0.537168,0.452901,-0.997062,0.549901,0.125471,-0.6466,0.532527
276,0.468593,-1.004292,0.538036,0.129452,-0.643225,0.525542,0.480169,-0.993881,0.525649,0.121108,-0.650316,0.530737,0.462589,-1.003007,0.521935,0.111848,-0.677147,0.536714,0.468385,-1.000995,0.528766,0.137583,-0.656972,0.527991
277,0.492689,-0.989933,0.517924,0.153283,-0.649021,0.518837,0.494605,-1.003868,0.510237,0.142149,-0.664,0.511255,0.486554,-0.99197,0.515806,0.147052,-0.646989,0.504566,0.491822,-0.997677,0.51683,0.156282,-0.662866,0.509675
278,0.50376,-1.006618,0.499906,0.159686,-0.661721,0.515723,0.507256,-0.993719,0.500279,0.158496,-0.673881,0.512173,0.501618,-0.999655,0.494586,0.15087,-0.668461,0.495497,0.504641,-1.004792,0.495838,0.149291,-0.662495,0.495469
279,0.511757,-0.993377,0.47706,0.163494,-0.672161,0.483857,0.52186,-0.996952,0.483016,0.175466,-0.659164,0.500849,0.521329,-0.998155,0.475443,0.169616,-0.657372,0.497572,0.524614,-1.001242,0.479712,0.160515,-0.670539,0.489172
280,0.537039,-0.994325,0.452521,0.181535,-0.663799,0.491272,0.539759,-0.996443,0.462504,0.199235,-0.65899,0.482172,0.541092,-1.000333,0.464922,0.186304,-0.678653,0.506673,0.540749,-0.999194,0.471418,0.178791,-0.679975,0.498425
281,0.54982,-1.00738,0.442182,0.203752,-0.674705,0.477638,0.545564,-0.992384,0.443097,0.192726,-0.670331,0.489838,0.552061,-0.997027,0.44902,0.178397,-0.65865,0.466671,0.552794,-1.002407,0.442057,0.195353,-0.677683,0.499873
282,0.569641,-0.993324,0.425826,0.217035,-0.666823,0.463118,0.570428,-0.999282,0.433168,0.211058,-0.671542,0.471712,0.563271,-0.996676,0.415336,0.205553,-0.698608,0.477031,0.562311,-1.003288,0.430031,0.213698,-0.661906,0.457065
283,0.589408,-0.991428,0.403587,0.226866,-0.663499,0.465117,0.586808,-1.003731,0.404079,0.216023,-0.691007,0.456656,0.578745,-0.990921,0.415666,0.21768,-0.65981,0.452546,0.58158,-0.989179,0.411558,0.239264,-0.680682,0.453482
284,0.593402,-0.990318,0.398418,0.229663,-0.664747,0.456935,0.589922,-0.995266,0.394302,0.23672,-0.679744,0.444848,0.608069,-0.992672,0.397734,0.228462,-0.680373,0.455958,0.59232,-0.99914,0.393301,0.213199,-0.682932,0.445343
285,0.61429,-0.992216,0.38549,0.240444,-0.671846,0.458544,0.614931,-0.98641,0.385764,0.264945,-0.671772,0.432772,0.610622,-0.990602,0.378359,0.26127,-0.689102,0.453664,0.610198,-0.993398,0.37212,0.222316,-0.667668,0.439459
286,0.631512,-0.989091,0.359167,0.252915,-0.673124,0.415253,0.621102,-0.991472,0.355303,0.241068,-0.68144,0.43071,0.620466,-0.984984,0.357432,0.247976,-0.667466,0.428494,0.629953,-0.997066,0.3497,0.254795,-0.693118,0.413449
287,0.633318,-0.98743,0.340747,0.278385,-0.689863,0.421839,0.641862,-0.986578,0.334599,0.287613,-0.677267,0.421103,0.63432,-0.98134,0.346535,0.279358,-0.690367,0.431975,0.644887,-0.983178,0.348998,0.275847,-0.662218,0.415754
288,0.659205,-0.986816,0.326547,0.284896,-0.691174,0.433362,0.655263,-0.979921,0.324512,0.260526,-0.695713,0.39086,0.660579,-0.988767,0.321876,0.266829,-0.698039,0.40971,0.665251,-0.990023,0.323754,0.277114,-0.679825,0.384558
289,0.673722,-0.976734,0.313092,0.292949,-0.683735,0.403572,0.667745,-0.968525,0.304984,0.291457,-0.699442,0.391463,0.679802,-0.977214,0.30738,0.302503,-0.686929,0.400289,0.666736,-0.980606,0.305768,0.298215,-0.686312,0.422443
290,0.680816,-0.973194,0.296981,0.310102,-0.684871,0.405847,0.685988,-0.979714,0.293984,0.300954,-0.70844,0.390584,0.677953,-0.973401,0.291288,0.296221,-0.699018,0.365137,0.681538,-0.975344,0.297252,0.312692,-0.698107,0.386046
291,0.701645,-0.975256,0.27891,0.317767,-0.691228,0.373626,0.708263,-0.971103,0.270003,0.325487,-0.693516,0.384497,0.693088,-0.965303,0.271948,0.309904,-0.665874,0.396052,0.698602,-0.966881,0.273911,0.303722,-0.689725,0.36213
292,0.707681,-0.966493,0.247171,0.33704,-0.686742,0.362831,0.713247,-0.969632,0.252323,0.345151,-0.691381,0.356092,0.710098,-0.960057,0.241658,0.335363,-0.685314,0.372698,0.719998,-0.96808,0.251389,0.34099,-0.681044,0.355073
293,0.737159,-0.958196,0.23413,0.325185,-0.684774,0.361105,0.72439,-0.952936,0.236596,0.336489,-0.68048,0.36612,0.727626,-0.967671,0.23213,0.344597,-0.690163,0.353741,0.725243,-0.965485,0.238948,0.355334,-0.722014,0.352026
294,0.739072,-0.952393,0.215535,0.348995,-0.696587,0.363823,0.727306,-0.958881,0.210472,0.361974,-0.697711,0.325214,0.732463,-0.961517,0.213855,0.347186,-0.694956,0.358514,0.730581,-0.956757,0.216598,0.342484,-0.695837,0.336545
295,0.749086,-0.944223,0.196971,0.377328,-0.703094,0.338473,0.74026,-0.956348,0.190438,0.365423,-0.697446,0.32741,0.74319,-0.944934,0.198491,0.380338,-0.702194,0.360663,0.751913,-0.954271,0.201035,0.343275,-0.686163,0.325035
296,0.76968,-0.947758,0.174587,0.369682,-0.692822,0.306986,0.759349,-0.948001,0.183914,0.370153,-0.680047,0.3124,0.764617,-0.945638,0.175241,0.34523,-0.673115,0.334612,0.755757,-0.938994,0.171825,0.395651,-0.709156,0.321391
297,0.785957,-0.930334,0.149894,0.385576,-0.69216,0.302483,0.775362,-0.939061,0.163225,0.3819,-0.698977,0.309656,0.7775,-0.928662,0.156959,0.380037,-0.679023,0.318388,0.777122,-0.934074,0.16088,0.395727,-0.67926,0.313218
298,0.793227,-0.928487,0.148849,0.396186,-0.683824,0.292276,0.796996,-0.921667,0.136705,0.420571,-0.684764,0.292162,0.781573,-0.92505,0.145222,0.406992,-0.713323,0.284571,0.791901,-0.932495,0.142293,0.401278,-0.693865,0.300835
299,0.793969,-0.915311,0.13268,0.391156,-0.667657,0.299164,0.797303,-0.924022,0.122502,0.419093,-0.69718,0.283955,0.794961,-0.924525,0.119831,0.426692,-0.686074,0.290035,0.805981,-0.919285,0.121165,0.397433,-0.690597,0.283795
300,0.813225,-0.913147,0.104846,0.409895,-0.69514,0.253508,0.805563,-0.915785,0.106236,0.410053,-0.674161,0.273304,0.812094,-0.918721,0.101291,0.408954,-0.675838,0.259057,0.804493,-0.91668,0.10228,0.41036,-0.673761,0.276027
301,0.81017,-0.898172,0.081044,0.435729,-0.66243,0.256328,0.81895,-0.893296,0.092236,0.44434,-0.673265,0.243994,0.819486,-0.894087,0.088814,0.426171,-0.668073,0.259322,0.817618,-0.9052,0.085705,0.431288,-0.681052,0.277034
302,0.837561,-0.893242,0.073474,0.438935,-0.683068,0.240341,0.826443,-0.892575,0.081426,0.437921,-0.681195,0.247465,0.821099,-0.900394,0.070152,0.43156,-0.68324,0.230072,0.824122,-0.886118,0.064431,0.433876,-0.693096,0.237602
303,0.839195,-0.891051,0.05422,0.430469,-0.698763,0.238821,0.839639,-0.88845,0.040432,0.457806,-0.685988,0.230282,0.845056,-0.892899,0.044835,0.44905,-0.679936,0.250735,0.828829,-0.879961,0.057493,0.425675,-0.689396,0.241635
304,0.842283,-0.879106,0.028545,0.460896,-0.675924,0.232199,0.853125,-0.864798,0.027655,0.453027,-0.660835,0.230945,0.842226,-0.872245,0.028979,0.465255,-0.681937,0.228588,0.848977,-0.886803,0.030254,0.441031,-0.668508,0.22094
305,0.864069,-0.873269,0.012637,0.466154,-0.691919,0.217797,0.868035,-0.878722,0.012952,0.461524,-0.685145,0.218978,0.857384,-0.872402,0.013423,0.463572,-0.683768,0.187875,0.853187,-0.864424,0.015962,0.484462,-0.693447,0.201545
306,0.865718,-0.857462,-0.007729,0.473434,-0.67823,0.199597,0.866576,-0.862017,-0.013371,0.469528,-0.666918,0.179589,0.864095,-0.873011,-0.005878,0.471019,-0.652006,0.192417,0.875031,-0.872539,-0.006621,0.472971,-0.672524,0.199563
307,0.874076,-0.851108,-0.031756,0.493055,-0.682333,0.190726,0.879288,-0.85057,-0.016305,0.468988,-0.666563,0.188502,0.875191,-0.852015,-0.017998,0.478909,-0.672055,0.191634,0.877874,-0.856368,-0.026188,0.481731,-0.686209,0.196899
308,0.888503,-0.834644,-0.048868,0.484791,-0.682081,0.18216,0.891155,-0.842868,-0.049039,0.501195,-0.648363,0.178275,0.882876,-0.853723,-0.047671,0.491418,-0.666811,0.198087,0.892628,-0.842991,-0.041984,0.493944,-0.687634,0.189774
309,0.894348,-0.824254,-0.066004,0.507695,-0.660039,0.140035,0.892936,-0.820934,-0.064166,0.498079,-0.657984,0.160357,0.90432,-0.838202,-0.056851,0.514406,-0.657498,0.158708,0.902428,-0.823832,-0.063928,0.51117,-0.659131,0.155291
310,0.896717,-0.824638,-0.088414,0.508359,-0.676465,0.150074,0.903741,-0.813576,-0.081168,0.508639,-0.66697,0.154561,0.900751,-0.821761,-0.08865,0.531594,-0.659216,0.142451,0.904245,-0.823707,-0.093121,0.51481,-0.669591,0.135564
311,0.913747,-0.811984,-0.108655,0.508277,-0.654969,0.124331,0.911865,-0.8024,-0.101499,0.520275,-0.663363,0.132137,0.92054,-0.809215,-0.10203,0.528766,-0.661001,0.130278,0.909602,-0.811039,-0.098987,0.525538,-0.653606,0.136514
312,0.929022,-0.802489,-0.117049,0.546416,-0.655219,0.124751,0.920516,-0.796849,-0.129172,0.543706,-0.64901,0.129072,0.919805,-0.812138,-0.120303,0.541583,-0.649085,0.133476,0.912446,-0.800314,-0.116252,0.526335,-0.66903,0.135072
313,0.929846,-0.785241,-0.142286,0.536186,-0.655892,0.123263,0.937867,-0.786035,-0.145983,0.550424,-0.637867,0.113289,0.928622,-0.78986,-0.133667,0.543411,-0.644842,0.112613,0.927837,-0.776526,-0.151672,0.540809,-0.658762,0.106597
314,0.931589,-0.771991,-0.160792,0.535818,-0.648153,0.08996,0.926349,-0.771835,-0.152743,0.547513,-0.655601,0.105544,0.925365,-0.777404,-0.158655,0.541883,-0.645276,0.093582,0.928851,-0.774976,-0.156136,0.532541,-0.635074,0.09858
315,0.936381,-0.765442,-0.177534,0.561082,-0.629341,0.074991,0.948877,-0.768592,-0.182568,0.564137,-0.649982,0.077776,0.940679,-0.769489,-0.181823,0.553477,-0.652705,0.074402,0.939772,-0.769406,-0.181513,0.538494,-0.644493,0.074014
316,0.954448,-0.742497,-0.193657,0.53466,-0.660469,0.080475,0.949202,-0.749865,-0.201995,0.557638,-0.642034,0.077806,0.9494,-0.7512,-0.187366,0.560967,-0.63737,0.06184,0.955712,-0.760686,-0.197481,0.551956,-0.66103,0.074696
317,0.96361,-0.743337,-0.214649,0.546102,-0.625628,0.047349,0.955537,-0.736823,-0.216133,0.558756,-0.632909,0.048557,0.951787,-0.730219,-0.216806,0.557056,-0.616304,0.07152,0.957636,-0.740854,-0.21674,0.574717,-0.637467,0.059427
318,0.956029,-0.735239,-0.225888,0.565889,-0.606937,0.038289,0.961131,-0.724521,-0.233645,0.579973,-0.631072,0.033656,0.955188,-0.723944,-0.235408,0.587465,-0.604375,0.053231,0.955827,-0.733662,-0.228581,0.575853,-0.616542,0.049901
319,0.963071,-0.708716,-0.261049,0.57774,-0.606081,0.031958,0.96437,-0.715536,-0.250557,0.57343,-0.625976,0.022012,0.972457,-0.714554,-0.235118,0.579773,-0.600724,0.032619,0.962436,-0.713769,-0.254984,0.578872,-0.620661,0.021147
320,0.967618,-0.701952,-0.270957,0.61071,-0.628664,0.016071,0.963461,-0.689103,-0.266804,0.613031,-0.611438,0.016255,0.961075,-0.691255,-0.264268,0.583414,-0.602344,0.015362,0.976311,-0.706512,-0.262162,0.592393,-0.622664,0.026171
321,0.969972,-0.677797,-0.289082,0.575051,-0.603484,0.0033,0.97666,-0.682632,-0.285024,0.59446,-0.600806,0.001231,0.97812,-0.686952,-0.288189,0.58565,-0.603105,0.027893,0.971841,-0.684309,-0.282244,0.601238,-0.599664,0.022151
322,0.972647,-0.671592,-0.302311,0.606137,-0.601553,0.001037,0.96958,-0.66584,-0.293708,0.619518,-0.601306,-0.007765,0.982468,-0.674909,-0.30744,0.623953,-0.603548,-0.006801,0.979762,-0.670915,-0.30619,0.60159,-0.598689,-0.018887
323,0.984926,-0.661785,-0.324785,0.601672,-0.601142,-0.012045,0.980764,-0.653366,-0.315998,0.61915,-0.57926,-0.019973,0.988165,-0.651544,-0.32259,0.614409,-0.590726,-0.010692,0.979435,-0.657709,-0.324121,0.617475,-0.585252,-0.011171
324,0.988514,-0.645056,-0.341562,0.623269,-0.588053,-0.026784,0.991321,-0.646422,-0.340258,0.627652,-0.562398,-0.032213,0.975069,-0.64742,-0.344084,0.613556,-0.578737,-0.035686,0.980602,-0.63907,-0.337145,0.617207,-0.570436,-0.044912
325,0.986285,-0.62771,-0.355606,0.619285,-0.570641,-0.047597,0.991151,-0.628391,-0.357386,0.618852,-0.558763,-0.053945,0.995069,-0.628632,-0.363429,0.617611,-0.581342,-0.040792,0.988724,-0.633842,-0.366423,0.61453,-0.565411,-0.047944
326,0.993352,-0.604984,-0.374741,0.630507,-0.587809,-0.058808,0.980821,-0.618324,-0.382318,0.615453,-0.570477,-0.059914,0.9896,-0.613704,-0.377636,0.638965,-0.5752,-0.053238,0.991864,-0.614266,-0.378365,0.629743,-0.593046,-0.082945
327,1.002471,-0.607203,-0.392381,0.617311,-0.567956,-0.068422,0.988538,-0.598434,-0.393619,0.622583,-0.575484,-0.064635,0.989275,-0.599441,-0.397071,0.625439,-0.567442,-0.075968,0.993235,-0.59061,-0.394203,0.630094,-0.559331,-0.076236
328,0.9923,-0.590981,-0.41541,0.628859,-0.550139,-0.085093,0.991737,-0.585006,-0.40986,0.640057,-0.558386,-0.082969,0.991946,-0.580217,-0.41105,0.640484,-0.56229,-0.092668,1.001541,-0.582629,-0.405988,0.627268,-0.524984,-0.072634
329,1.005784,-0.577437,-0.420999,0.656032,-0.545609,-0.096937,0.997973,-0.569955,-0.427071,0.62215,-0.544371,-0.091443,0.997526,-0.573711,-0.443821,0.644724,-0.543966,-0.095808,0.98952,-0.571418,-0.420878,0.639735,-0.539374,-0.08812
330,1.002342,-0.562616,-0.454161,0.643377,-0.549811,-0.119464,1.002277,-0.550622,-0.440394,0.640714,-0.548198,-0.111234,0.999863,-0.555482,-0.44902,0.660159,-0.537715,-0.106119,0.995284,-0.55534,-0.438873,0.655142,-0.534783,-0.103171
331,0.991675,-0.536987,-0.463932,0.650008,-0.536053,-0.125936,1.00403,-0.541421,-0.461158,0.642702,-0.521237,-0.110972,0.999255,-0.537776,-0.461655,0.659472,-0.521881,-0.134039,0.991073,-0.532465,-0.456459,0.647826,-0.530887,-0.11716
332,1.003682,-0.518152,-0.467274,0.664218,-0.529222,-0.130417,0.999139,-0.523075,-0.475384,0.664979,-0.520928,-0.13322,1.003107,-0.530859,-0.46752,0.652863,-0.508511,-0.131583,1.001742,-0.519563,-0.476818,0.650731,-0.543915,-0.140905
333,0.998136,-0.512473,-0.488054,0.646435,-0.5071,-0.138629,1.002125,-0.508608,-0.489517,0.670497,-0.50419,-0.147242,0.994481,-0.509394,-0.494901,0.656619,-0.502299,-0.150377,1.001298,-0.496027,-0.497823,0.662291,-0.522525,-0.146532
334,0.996963,-0.487068,-0.505761,0.667145,-0.511004,-0.17576,0.999395,-0.490753,-0.513156,0.660731,-0.503112,-0.175929,1.005412,-0.487547,-0.513975,0.665949,-0.497771,-0.164646,0.995193,-0.488315,-0.515363,0.64788,-0.501986,-0.172439
335,0.996877,-0.462597,-0.5265,0.668706,-0.48668,-0.178358,1.007309,-0.474405,-0.538045,0.667387,-0.496174,-0.166384,0.998105,-0.473716,-0.525138,0.674202,-0.495312,-0.186043,1.002674,-0.478573,-0.533118,0.683724,-0.495955,-0.162877
336,1.000845,-0.456088,-0.537408,0.669509,-0.490976,-0.194337,0.997907,-0.467911,-0.541776,0.669318,-0.490607,-0.180694,1.002656,-0.448595,-0.545529,0.674372,-0.47163,-0.18511,1.006702,-0.457483,-0.550758,0.674458,-0.484085,-0.191625
337,0.995139,-0.436799,-0.5535,0.677005,-0.482111,-0.21548,1.004385,-0.437164,-0.555076,0.687637,-0.48336,-0.199408,0.992073,-0.43631,-0.555774,0.680447,-0.461223,-0.186154,0.995094,-0.432146,-0.561606,0.675559,-0.454401,-0.195924
338,0.998486,-0.424497,-0.568798,0.681814,-0.461443,-0.21237,0.996268,-0.42673,-0.572042,0.679018,-0.451711,-0.211387,0.993637,-0.412681,-0.585813,0.656436,-0.46748,-0.208079,0.995061,-0.417536,-0.576621,0.661105,-0.468714,-0.208251
339,0.986226,-0.410242,-0.588194,0.674578,-0.447734,-0.229614,0.985181,-0.404644,-0.587033,0.686502,-0.452764,-0.232842,0.993031,-0.410637,-0.595868,0.689751,-0.455182,-0.227574,0.997306,-0.412075,-0.590732,0.675462,-0.458443,-0.231081
340,0.985531,-0.387828,-0.605353,0.683178,-0.453404,-0.231387,0.993607,-0.390995,-0.606361,0.700371,-0.448054,-0.243716,0.989959,-0.381438,-0.600682,0.685183,-0.444848,-0.23773,0.988451,-0.387369,-0.608525,0.693924,-0.458112,-0.244115
341,0.9875,-0.373949,-0.613057,0.692533,-0.454586,-0.247892,0.990636,-0.374583,-0.623654,0.692639,-0.438023,-0.258831,0.991594,-0.360953,-0.624293,0.688786,-0.442058,-0.266195,0.994225,-0.369727,-0.614813,0.688495,-0.431429,-0.246166
342,0.98581,-0.361561,-0.642332,0.698842,-0.426445,-0.261759,0.98737,-0.348054,-0.638749,0.692985,-0.409275,-0.263118,0.977852,-0.363485,-0.627733,0.692041,-0.429895,-0.248266,0.987428,-0.352665,-0.628999,0.697557,-0.419383,-0.25006
343,0.984124,-0.32422,-0.647647,0.660667,-0.398838,-0.257961,0.991212,-0.341851,-0.649809,0.694615,-0.422093,-0.257056,0.986398,-0.332413,-0.641401,0.6941,-0.420903,-0.273836,0.974899,-0.339449,-0.651296,0.690199,-0.427305,-0.264286
344,0.985558,-0.315579,-0.667295,0.701222,-0.401278,-0.282143,0.968885,-0.316347,-0.663879,0.686801,-0.396045,-0.277724,0.970182,-0.32194,-0.659509,0.684818,-0.384819,-0.278957,0.984734,-0.330927,-0.664978,0.693766,-0.386517,-0.291914
345,0.974775,-0.297733,-0.663859,0.689048,-0.38012,-0.283775,0.971499,-0.292071,-0.679948,0.685613,-0.384828,-0.313015,0.979338,-0.291977,-0.678509,0.6703,-0.394406,-0.301055,0.974496,-0.304366,-0.679002,0.682772,-0.398001,-0.287795
346,0.97139,-0.286005,-0.687546,0.683729,-0.381455,-0.292717,0.975036,-0.281928,-0.687789,0.679712,-0.383057,-0.307963,0.976688,-0.272613,-0.686089,0.6948,-0.380915,-0.32497,0.972242,-0.280389,-0.685418,0.713701,-0.398609,-0.297545
347,0.968905,-0.2743,-0.698555,0.684792,-0.349519,-0.315469,0.966337,-0.267145,-0.705488,0.706983,-0.374445,-0.315671,0.966448,-0.264831,-0.70131,0.676115,-0.356333,-0.325159,0.961704,-0.26264,-0.711271,0.686354,-0.368634,-0.329985
348,0.971708,-0.252498,-0.71272,0.680324,-0.372088,-0.351097,0.965195,-0.245124,-0.703529,0.680175,-0.3508,-0.340835,0.964809,-0.246093,-0.708697,0.686969,-0.385702,-0.332677,0.9631,-0.246311,-0.711312,0.681004,-0.371718,-0.318388
349,0.956679,-0.23262,-0.736737,0.679019,-0.35226,-0.334677,0.959878,-0.226397,-0.730386,0.682949,-0.330604,-0.359734,0.954052,-0.23102,-0.722214,0.688843,-0.348938,-0.338717,0.956795,-0.225784,-0.725684,0.688959,-0.326024,-0.35158
350,0.952246,-0.198754,-0.734506,0.689117,-0.348512,-0.361051,0.953883,-0.211924,-0.739359,0.681717,-0.36444,-0.372969,0.958209,-0.210056,-0.746982,0.709974,-0.337122,-0.350028,0.949786,-0.207147,-0.740217,0.690574,-0.338991,-0.344932
351,0.948412,-0.186786,-0.751931,0.678421,-0.333725,-0.36933,0.941887,-0.187785,-0.757412,0.695282,-0.325056,-0.360019,0.946627,-0.179026,-0.752551,0.692879,-0.327328,-0.365444,0.952384,-0.19569,-0.759656,0.688298,-0.330945,-0.378013
352,0.932951,-0.168467,-0.76589,0.690123,-0.302642,-0.374685,0.939978,-0.174356,-0.765497,0.675998,-0.31454,-0.382411,0.934505,-0.170018,-0.762791,0.680335,-0.321756,-0.373773,0.933774,-0.179707,-0.769843,0.701724,-0.315735,-0.373642
353,0.93835,-0.160549,-0.770527,0.687811,-0.308452,-0.403797,0.931235,-0.148166,-0.779966,0.694919,-0.302046,-0.38518,0.938776,-0.158249,-0.778498,0.698216,-0.3,-0.37222,0.920513,-0.155847,-0.780539,0.713463,-0.298496,-0.383493
354,0.923728,-0.132697,-0.789321,0.696171,-0.286952,-0.394145,0.933837,-0.135204,-0.793125,0.670688,-0.286266,-0.411412,0.928959,-0.134197,-0.786738,0.704703,-0.295725,-0.395492,0.923246,-0.131264,-0.795683,0.681293,-0.275771,-0.396455
355,0.915218,-0.111263,-0.795517,0.702961,-0.283792,-0.409047,0.919261,-0.118408,-0.801488,0.68424,-0.271293,-0.400466,0.915248,-0.112401,-0.806982,0.699188,-0.27277,-0.425599,0.920933,-0.114307,-0.798358,0.694955,-0.283004,-0.407698
356,0.917206,-0.098493,-0.812355,0.687065,-0.255786,-0.428762,0.916973,-0.102945,-0.813654,0.688673,-0.265645,-0.419858,0.913819,-0.092131,-0.811113,0.684424,-0.271691,-0.409821,0.915633,-0.101525,-0.805362,0.654867,-0.270289,-0.433971
357,0.89989,-0.076219,-0.826898,0.685421,-0.258997,-0.434536,0.900212,-0.080504,-0.81838,0.674145,-0.25157,-0.431696,0.903284,-0.084711,-0.828951,0.687704,-0.257031,-0.416646,0.898804,-0.080796,-0.820146,0.697084,-0.252881,-0.448216
358,0.884554,-0.064383,-0.840574,0.675704,-0.244854,-0.443337,0.902899,-0.050304,-0.840001,0.697126,-0.240046,-0.444908,0.895083,-0.056256,-0.82873,0.691187,-0.234483,-0.44038,0.88875,-0.061556,-0.831327,0.691104,-0.244508,-0.441128
359,0.880476,-0.032656,-0.845165,0.68295,-0.221687,-0.458326,0.871441,-0.042782,-0.849353,0.667794,-0.240908,-0.436317,0.896191,-0.028815,-0.839606,0.690751,-0.220246,-0.447755,0.885812,-0.036534,-0.847043,0.674874,-0.236845,-0.457075
360,0.871997,-0.02408,-0.852329,0.680394,-0.229558,-0.467805,0.883407,-0.021176,-0.846793,0.66774,-0.225053,-0.48185,0.883015,-0.023067,-0.848372,0.675464,-0.233481,-0.462451,0.875046,-0.016415,-0.852453,0.69024,-0.211472,-0.44289
361,0.877635,0.000935,-0.863026,0.665285,-0.2005,-0.47953,0.875003,0.007084,-0.862942,0.690723,-0.212209,-0.465895,0.869268,0.002871,-0.862436,0.688689,-0.200311,-0.469965,0.860398,0.003112,-0.866697,0.66184,-0.196842,-0.471631
362,0.868244,0.02238,-0.883933,0.689608,-0.207736,-0.510573,0.854206,0.021796,-0.876866,0.666025,-0.197946,-0.485829,0.852959,0.014918,-0.87877,0.651621,-0.20687,-0.488231,0.859499,0.018573,-0.879469,0.689102,-0.189904,-0.48966
363,0.8477,0.032344,-0.893771,0.674899,-0.164572,-0.489577,0.845277,0.033511,-0.890553,0.669966,-0.174822,-0.491049,0.847265,0.041097,-0.883971,0.65923,-0.169764,-0.481745,0.844463,0.03332,-0.88136,0.667322,-0.192289,-0.474444
364,0.836312,0.047144,-0.885012,0.66275,-0.163727,-0.506867,0.837562,0.058439,-0.889887,0.656137,-0.143247,-0.502585,0.835593,0.054091,-0.904208,0.666759,-0.1767,-0.49323,0.836126,0.048246,-0.904612,0.653018,-0.153845,-0.496323
365,0.836239,0.080707,-0.89565,0.669099,-0.164069,-0.495625,0.837688,0.070994,-0.908354,0.679204,-0.158669,-0.507905,0.828752,0.08,-0.903493,0.663935,-0.146141,-0.501205,0.828309,0.072191,-0.899835,0.658578,-0.145373,-0.500025
366,0.818387,0.090435,-0.911085,0.656728,-0.163717,-0.52007,0.824069,0.094143,-0.902393,0.670916,-0.150772,-0.512882,0.808877,0.085972,-0.916887,0.661011,-0.139413,-0.521942,0.816421,0.083829,-0.906571,0.648835,-0.139631,-0.5031
367,0.806765,0.108471,-0.917208,0.648882,-0.1091,-0.5148,0.800632,0.108262,-0.927618,0.653001,-0.124254,-0.511,0.810944,0.108479,-0.915215,0.648465,-0.127356,-0.509914,0.806867,0.119113,-0.915436,0.6569,-0.120999,-0.522747
368,0.798317,0.129122,-0.925385,0.645548,-0.114169,-0.543167,0.79595,0.13049,-0.923664,0.658782,-0.105949,-0.517962,0.795472,0.131371,-0.918521,0.65188,-0.118237,-0.521643,0.799566,0.133203,-0.92181,0.646955,-0.120669,-0.537543
369,0.788752,0.15164,-0.932899,0.632595,-0.109332,-0.554421,0.793237,0.147733,-0.928704,0.631778,-0.105616,-0.545793,0.787638,0.142262,-0.93449,0.643986,-0.109644,-0.539152,0.779222,0.146124,-0.932271,0.660499,-0.108786,-0.552592
370,0.767969,0.154951,-0.939013,0.624071,-0.085653,-0.54741,0.768298,0.163335,-0.938323,0.637355,-0.107232,-0.545983,0.776712,0.156574,-0.941644,0.645403,-0.093978,-0.559885,0.764849,0.154585,-0.93487,0.634231,-0.090976,-0.542248
371,0.75774,0.180029,-0.948295,0.651666,-0.079272,-0.559643,0.758372,0.195029,-0.933012,0.632022,-0.065055,-0.567967,0.75952,0.179913,-0.947899,0.642339,-0.052516,-0.565748,0.759781,0.181362,-0.945687,0.640548,-0.075117,-0.549352
372,0.746942,0.206319,-0.945543,0.619529,-0.084625,-0.566779,0.748981,0.203238,-0.953208,0.641309,-0.069108,-0.565554,0.746511,0.211636,-0.949336,0.623998,-0.057603,-0.566357,0.748847,0.196278,-0.950651,0.633287,-0.058586,-0.563049
373,0.731688,0.225134,-0.953107,0.615572,-0.058447,-0.5853,0.724983,0.223964,-0.956513,0.620353,-0.063762,-0.567347,0.733746,0.220997,-0.955237,0.603881,-0.069625,-0.576111,0.739045,0.223947,-0.95302,0.626985,-0.055741,-0.570303
374,0.727203,0.248646,-0.960812,0.62396,-0.036147,-0.582716,0.726384,0.238294,-0.962699,0.624351,-0.042566,-0.583105,0.715421,0.240501,-0.96337,0.62656,-0.034381,-0.577223,0.724141,0.245695,-0.958341,0.619982,-0.037797,-0.578127
375,0.706979,0.260096,-0.963625,0.601907,-0.026699,-0.591678,0.699399,0.264747,-0.962742,0.606512,-0.017114,-0.590739,0.711101,0.268444,-0.964162,0.616882,-0.018338,-0.596065,0.712546,0.261959,-0.960143,0.61872,-0.027996,-0.575646
376,0.68909,0.272122,-0.966519,0.602066,0.003255,-0.599963,0.691654,0.27938,-0.972478,0.586908,-0.011283,-0.607616,0.693476,0.278466,-0.97826,0.610263,-0.002568,-0.577924,0.695038,0.281796,-0.961068,0.594918,-0.002554,-0.599687
377,0.684574,0.299495,-0.967655,0.605735,-0.010856,-0.61778,0.685919,0.292662,-0.966125,0.600169,-0.005055,-0.600037,0.683947,0.301782,-0.980741,0.608545,0.00217,-0.604837,0.677636,0.298107,-0.96624,0.594011,-0.010162,-0.594004
378,0.668735,0.315535,-0.976248,0.60367,0.000476,-0.606759,0.658012,0.311843,-0.976474,0.590806,0.000455,-0.609515,0.660868,0.313099,-0.97889,0.592314,0.012903,-0.617579,0.660556,0.320746,-0.980985,0.599961,0.023804,-0.611891
379,0.662868,0.328315,-0.988585,0.589515,0.032354,-0.609794,0.650389,0.330997,-0.981006,0.586238,0.015971,-0.611287,0.647501,0.325093,-0.97838,0.588375,0.033448,-0.616805,0.655317,0.342861,-0.978627,0.578957,0.03479,-0.607957
380,0.638369,0.35792,-0.993845,0.570562,0.049377,-0.61633,0.639456,0.35223,-0.986284,0.577083,0.039974,-0.619632,0.641133,0.349865,-0.991631,0.574618,0.052752,-0.61811,0.631462,0.338173,-0.980943,0.588694,0.036771,-0.633404
381,0.621656,0.355494,-0.980125,0.580882,0.067761,-0.632304,0.624762,0.361372,-0.982999,0.572431,0.040419,-0.624305,0.61977,0.369752,-0.987974,0.577905,0.057235,-0.6147,0.613993,0.366992,-0.987849,0.5678,0.050826,-0.621948
382,0.611936,0.380972,-0.992162,0.551687,0.05093,-0.633095,0.606624,0.38491,-0.994601,0.572284,0.068719,-0.629135,0.602216,0.387879,-1.0019,0.560608,0.066186,-0.632043,0.598462,0.383769,-0.996868,0.581771,0.06532,-0.646695
383,0.594305,0.400282,-0.996465,0.550975,0.057108,-0.63309,0.594095,0.409562,-0.988878,0.565966,0.090243,-0.627662,0.586388,0.395624,-0.998248,0.557339,0.084197,-0.620544,0.590661,0.406257,-0.99023,0.5367,0.109056,-0.633276
384,0.585699,0.42484,-0.998245,0.54802,0.098474,-0.636692,0.581591,0.409253,-0.997048,0.527522,0.095471,-0.65126,0.575464,0.413346,-0.99872,0.549237,0.11328,-0.642206,0.579301,0.407782,-0.987659,0.535689,0.08355,-0.638947
385,0.556386,0.431915,-0.997222,0.552119,0.09052,-0.635773,0.559988,0.432177,-0.984554,0.553593,0.103581,-0.625374,0.559743,0.435335,-0.997281,0.564602,0.094345,-0.655041,0.572665,0.436318,-1.0048,0.536894,0.11789,-0.657669
386,0.544218,0.453173,-1.001038,0.522553,0.127157,-0.640457,0.540823,0.451939,-0.995992,0.538406,0.102543,-0.655693,0.547726,0.455191,-0.995952,0.556007,0.105922,-0.632598,0.548301,0.454185,-1.010357,0.526176,0.125271,-0.647554
387,0.529891,0.468604,-0.994895,0.535418,0.14334,-0.67184,0.529942,0.47285,-1.01428,0.514175,0.142007,-0.650827,0.527815,0.475871,-1.00199,0.524286,0.128466,-0.665184,0.52912,0.460908,-1.007177,0.519829,0.126153,-0.659071
388,0.51226,0.478882,-1.003822,0.530776,0.124421,-0.649513,0.517415,0.484061,-0.999628,0.525531,0.138684,-0.660095,0.521351,0.481449,-1.004221,0.514038,0.137533,-0.650214,0.510915,0.476846,-1.000373,0.522003,0.155413,-0.672508
389,0.495609,0.494722,-0.998297,0.507478,0.158579,-0.665119,0.496448,0.507253,-0.99871,0.508687,0.146257,-0.651714,0.495813,0.502694,-1.002292,0.5024,0.139665,-0.648699,0.506459,0.495572,-0.997317,0.512214,0.155205,-0.666597
390,0.476798,0.515241,-0.999265,0.495308,0.165028,-0.678104,0.48981,0.509985,-0.998537,0.500889,0.143945,-0.671796,0.480361,0.51763,-1.002442,0.493436,0.162726,-0.657046,0.486117,0.516952,-1.002798,0.500055,0.172623,-0.66103
391,0.460381,0.533825,-0.997055,0.482351,0.18616,-0.671278,0.474779,0.526688,-0.992188,0.483291,0.177498,-0.672303,0.470174,0.531753,-1.005028,0.475707,0.184946,-0.681766,0.464041,0.53168,-1.004146,0.488161,0.177923,-0.660708
392,0.447912,0.554478,-0.999791,0.484881,0.203561,-0.664619,0.447761,0.547105,-1.003804,0.469468,0.188006,-0.66683,0.446086,0.551988,-0.998586,0.479748,0.203711,-0.66678,0.457182,0.553392,-0.990777,0.476763,0.194017,-0.677937
393,0.42479,0.561992,-0.997693,0.463764,0.215346,-0.671138,0.427609,0.572016,-0.995672,0.464628,0.191495,-0.684729,0.433377,0.567666,-1.002246,0.465907,0.207764,-0.678461,0.4359,0.569731,-0.994425,0.484181,0.200623,-0.663225
394,0.420237,0.58376,-0.993551,0.471175,0.221636,-0.678664,0.410413,0.577968,-0.99813,0.459408,0.224408,-0.678138,0.412607,0.578732,-0.996271,0.457103,0.233161,-0.683947,0.415454,0.579924,-0.9938,0.451209,0.215971,-0.675546
395,0.40489,0.600202,-0.990243,0.430287,0.235658,-0.690048,0.397714,0.594881,-0.993069,0.456326,0.218584,-0.682272,0.394053,0.592652,-0.992262,0.444341,0.224097,-0.677869,0.3987,0.592108,-0.988513,0.457523,0.214491,-0.67713
396,0.369547,0.612516,-0.985458,0.445151,0.248387,-0.67628,0.377135,0.609629,-0.992291,0.429044,0.263015,-0.711126,0.383577,0.603947,-0.988079,0.444131,0.257406,-0.688864,0.377139,0.611636,-0.982301,0.452173,0.258986,-0.670216
397,0.363159,0.624696,-0.991923,0.431371,0.252451,-0.686168,0.36554,0.632754,-0.98434,0.448221,0.263196,-0.676549,0.35876,0.625689,-0.986828,0.431944,0.242506,-0.671569,0.365336,0.625454,-0.992281,0.427733,0.239203,-0.695218
398,0.338543,0.640731,-0.982963,0.410027,0.247681,-0.691695,0.347739,0.640367,-0.986565,0.415822,0.268758,-0.691656,0.348806,0.635997,-0.988696,0.415183,0.24636,-0.673034,0.344209,0.638273,-0.98251,0.441448,0.274909,-0.677801
399,0.322472,0.650187,-0.979826,0.422475,0.288686,-0.697725,0.327105,0.653097,-0.975971,0.413024,0.292647,-0.689082,0.333574,0.646897,-0.977592,0.410239,0.28542,-0.718736,0.323412,0.658471,-0.981914,0.416264,0.2796,-0.674344
400,0.310889,0.664354,-0.976215,0.417052,0.278773,-0.678804,0.304297,0.667656,-0.975327,0.403822,0.286146,-0.684104,0.306179,0.673182,-0.976399,0.390499,0.301166,-0.680311,0.299718,0.67376,-0.977627,0.394977,0.309643,-0.710013
401,0.29413,0.678501,-0.978913,0.372996,0.291226,-0.695601,0.294427,0.675647,-0.979795,0.381193,0.311448,-0.6736,0.290377,0.684734,-0.982632,0.388836,0.28797,-0.699248,0.293334,0.681818,-0.982157,0.392892,0.313319,-0.692017
402,0.272949,0.693944,-0.97286,0.380948,0.327648,-0.701229,0.280681,0.701382,-0.970931,0.358538,0.33235,-0.678317,0.277379,0.702461,-0.972653,0.370105,0.318172,-0.68573,0.2678,0.699501,-0.972177,0.346542,0.314526,-0.683712
403,0.259888,0.708646,-0.953433,0.376872,0.323567,-0.666221,0.259116,0.708479,-0.965365,0.361552,0.332852,-0.695166,0.259233,0.70842,-0.964577,0.359318,0.321168,-0.715296,0.255794,0.708611,-0.968558,0.366015,0.336072,-0.695357
404,0.237803,0.719605,-0.962255,0.346177,0.347083,-0.671971,0.226291,0.718636,-0.95311,0.356817,0.350216,-0.697603,0.241997,0.72204,-0.966818,0.351239,0.325346,-0.707456,0.235904,0.726055,-0.948871,0.35089,0.328146,-0.701761
405,0.209612,0.736156,-0.960988,0.329598,0.349287,-0.701689,0.202991,0.735485,-0.951224,0.354771,0.357398,-0.684142,0.217526,0.735609,-0.963668,0.340374,0.348199,-0.700037,0.229581,0.732561,-0.961435,0.362357,0.361799,-0.688086
406,0.204765,0.743434,-0.946472,0.327599,0.345561,-0.689128,0.210169,0.743287,-0.937301,0.326637,0.356428,-0.70891,0.198417,0.748006,-0.942281,0.328524,0.371808,-0.693339,0.186852,0.754043,-0.942537,0.324087,0.347926,-0.695845
407,0.183278,0.766761,-0.945754,0.340463,0.372389,-0.708141,0.174414,0.765097,-0.940285,0.316776,0.36832,-0.67987,0.186778,0.768638,-0.939787,0.331094,0.371051,-0.689397,0.169495,0.759855,-0.94289,0.308342,0.368597,-0.701014
408,0.168992,0.775416,-0.941997,0.307199,0.384739,-0.689874,0.166731,0.779382,-0.934249,0.314328,0.376967,-0.684526,0.161548,0.782288,-0.933132,0.307245,0.375692,-0.688642,0.154873,0.7724,-0.933189,0.32497,0.386238,-0.697008
409,0.142412,0.78479,-0.922228,0.299242,0.382002,-0.713832,0.146867,0.787257,-0.928286,0.299811,0.392136,-0.707931,0.149547,0.790381,-0.930997,0.312879,0.401984,-0.680365,0.143803,0.776957,-0.930218,0.29131,0.378556,-0.695259
410,0.132093,0.796058,-0.920728,0.301855,0.378562,-0.681163,0.130985,0.794899,-0.915552,0.279982,0.41725,-0.698462,0.11965,0.797094,-0.928355,0.282834,0.391275,-0.682908,0.121491,0.800986,-0.917932,0.298288,0.419636,-0.689864
411,0.11403,0.812777,-0.919856,0.264187,0.41499,-0.689551,0.108467,0.806154,-0.916216,0.264029,0.421609,-0.685973,0.095611,0.800011,-0.918596,0.282279,0.398561,-0.682315,0.103637,0.797279,-0.914379,0.259867,0.422405,-0.695537
412,0.095486,0.827013,-0.905733,0.240487,0.434951,-0.684948,0.095461,0.813366,-0.906734,0.265455,0.424052,-0.706999,0.087985,0.805351,-0.905103,0.262156,0.4332,-0.668751,0.090428,0.814006,-0.908566,0.262751,0.400851,-0.695555
413,0.07192,0.827029,-0.895812,0.240365,0.43603,-0.701027,0.071348,0.829002,-0.908847,0.243253,0.441277,-0.677165,0.077088,0.832446,-0.891301,0.25597,0.421576,-0.690213,0.066715,0.828971,-0.901758,0.240631,0.418939,-0.683545
414,0.04423,0.838783,-0.878476,0.235778,0.466273,-0.661536,0.056005,0.842012,-0.882326,0.239152,0.442131,-0.687924,0.047475,0.841614,-0.887991,0.234039,0.456454,-0.694762,0.057972,0.828185,-0.893074,0.231672,0.454323,-0.670189
415,0.028363,0.854813,-0.88667,0.231981,0.45521,-0.665177,0.038872,0.844213,-0.879031,0.228541,0.461209,-0.685211,0.029955,0.855219,-0.88316,0.222061,0.457739,-0.670062,0.032617,0.849582,-0.88246,0.234511,0.459997,-0.677638
416,0.014374,0.866926,-0.867211,0.20853,0.442884,-0.670477,0.011953,0.858303,-0.86178,0.233866,0.477679,-0.67809,0.015442,0.85364,-0.869838,0.221565,0.469863,-0.682855,0.009741,0.862047,-0.872453,0.219156,0.475626,-0.672103
417,-0.000491,0.86464,-0.863111,0.192949,0.475391,-0.661641,-0.008199,0.881869,-0.855498,0.196244,0.482235,-0.663477,-0.013564,0.868533,-0.865406,0.206679,0.475442,-0.689492,-0.011803,0.868643,-0.866809,0.20922,0.456773,-0.682563
418,-0.023934,0.874269,-0.859171,0.188415,0.470918,-0.66714,-0.022896,0.886721,-0.854104,0.195762,0.472293,-0.666706,-0.031191,0.874704,-0.851919,0.196316,0.491129,-0.686326,-0.016388,0.877317,-0.858012,0.20174,0.48734,-0.671636
419,-0.039765,0.886166,-0.844444,0.161449,0.486345,-0.648007,-0.031027,0.888028,-0.839711,0.166035,0.507047,-0.664112,-0.054269,0.893982,-0.843667,0.176737,0.5042,-0.660524,-0.047392,0.894577,-0.839523,0.1605,0.499848,-0.685903
420,-0.06468,0.903417,-0.835212,0.153451,0.51287,-0.673304,-0.061009,0.89862,-0.832988,0.161207,0.503614,-0.681273,-0.057418,0.895733,-0.829181,0.180219,0.49791,-0.666176,-0.058077,0.891517,-0.831893,0.169092,0.501017,-0.672168
421,-0.080822,0.903277,-0.817543,0.157007,0.509285,-0.66112,-0.082046,0.905121,-0.812714,0.155388,0.511137,-0.682792,-0.077072,0.909491,-0.834922,0.150531,0.516232,-0.658939,-0.071222,0.901772,-0.824932,0.154934,0.495429,-0.672103
422,-0.103367,0.906884,-0.809921,0.126986,0.516439,-0.652117,-0.103971,0.904732,-0.806601,0.13392,0.5105,-0.649714,-0.101911,0.912685,-0.80676,0.126801,0.523371,-0.663854,-0.097767,0.917442,-0.806222,0.135753,0.515438,-0.654416
423,-0.121816,0.919728,-0.796002,0.131524,0.542946,-0.661515,-0.119401,0.923557,-0.799404,0.130003,0.541389,-0.634632,-0.117988,0.916873,-0.805203,0.114358,0.517161,-0.645444,-0.12762,0.925415,-0.802548,0.13576,0.517223,-0.631931
424,-0.123234,0.925149,-0.791666,0.109929,0.545419,-0.663359,-0.138776,0.928631,-0.792152,0.122642,0.50962,-0.637352,-0.134851,0.925384,-0.790394,0.126594,0.522495,-0.658945,-0.141619,0.921591,-0.791634,0.107122,0.528953,-0.644664
425,-0.153587,0.931164,-0.786221,0.088307,0.547337,-0.637987,-0.1603,0.931833,-0.775918,0.07884,0.543125,-0.641562,-0.162269,0.934697,-0.768748,0.097,0.541515,-0.639428,-0.148693,0.9321,-0.772715,0.11652,0.536085,-0.646367
426,-0.175326,0.94627,-0.761222,0.061135,0.541351,-0.644288,-0.172886,0.945866,-0.768112,0.066898,0.565473,-0.627537,-0.178254,0.943633,-0.761517,0.091161,0.539894,-0.641459,-0.169277,0.948497,-0.764041,0.087802,0.548644,-0.648959
427,-0.186363,0.941996,-0.754862,0.063696,0.570478,-0.605411,-0.192553,0.93993,-0.752274,0.086567,0.565718,-0.634676,-0.194035,0.947762,-0.752912,0.062299,0.548732,-0.627323,-0.19263,0.950873,-0.750003,0.088685,0.566655,-0.618825
428,-0.213849,0.955389,-0.743396,0.06932,0.573392,-0.625607,-0.206029,0.947912,-0.739124,0.041587,0.564563,-0.63364,-0.215082,0.955767,-0.745925,0.063504,0.560602,-0.630863,-0.213696,0.950901,-0.745275,0.068712,0.570318,-0.61799
429,-0.225899,0.959806,-0.724961,0.043527,0.571576,-0.613164,-0.229438,0.947554,-0.727095,0.051144,0.584112,-0.615519,-0.239845,0.955206,-0.72301,0.068655,0.569705,-0.607927,-0.236295,0.953797,-0.733626,0.052219,0.578618,-0.626537
430,-0.251149,0.963245,-0.710805,0.035004,0.573274,-0.618688,-0.253451,0.966619,-0.722142,0.022689,0.588508,-0.609351,-0.253866,0.962047,-0.714191,0.036665,0.571748,-0.617542,-0.248682,0.96544,-0.715159,0.032925,0.563445,-0.617767
431,-0.262961,0.974152,-0.704993,0.010167,0.603701,-0.597779,-0.264259,0.963884,-0.707607,0.029455,0.583327,-0.62157,-0.256639,0.961898,-0.700312,0.046217,0.577322,-0.593772,-0.266265,0.965823,-0.70198,0.008474,0.587508,-0.61341
432,-0.279626,0.963187,-0.689289,-0.009249,0.574553,-0.59297,-0.29172,0.961029,-0.693815,-0.002309,0.599936,-0.593186,-0.290817,0.975489,-0.685797,0.008382,0.595206,-0.611007,-0.285987,0.976354,-0.688814,0.024464,0.58613,-0.60873
433,-0.304455,0.981111,-0.670655,-0.022463,0.592466,-0.60081,-0.308771,0.968349,-0.678938,-0.019887,0.604551,-0.596751,-0.304857,0.987788,-0.664012,-0.016542,0.610747,-0.601135,-0.305509,0.977931,-0.679291,-0.018613,0.61172,-0.600872
434,-0.322459,0.976239,-0.668929,-0.040239,0.626255,-0.596251,-0.326644,0.994341,-0.661716,-0.0123,0.613873,-0.594265,-0.324183,0.974954,-0.66263,-0.018306,0.590384,-0.607062,-0.325715,0.985192,-0.662613,-0.021564,0.601754,-0.595631
435,-0.32938,0.98654,-0.642387,-0.018447,0.623635,-0.591573,-0.339929,0.98867,-0.645067,-0.065989,0.622203,-0.588808,-0.345951,0.98135,-0.646229,-0.035903,0.612696,-0.576583,-0.3386,0.975351,-0.640638,-0.042099,0.631201,-0.559412
436,-0.345033,0.988488,-0.634197,-0.037013,0.630194,-0.577374,-0.355055,0.98561,-0.633951,-0.056251,0.628026,-0.584947,-0.35406,0.979199,-0.622873,-0.029289,0.619809,-0.581005,-0.351992,0.994768,-0.63234,-0.048565,0.618121,-0.563875
437,-0.372459,0.99422,-0.606391,-0.056879,0.62884,-0.555293,-0.375416,0.989124,-0.615755,-0.058859,0.63731,-0.589336,-0.368296,0.998858,-0.622912,-0.039134,0.642239,-0.545972,-0.362585,0.999849,-0.618333,-0.065022,0.642656,-0.553344
438,-0.387092,0.995261,-0.608349,-0.079609,0.642687,-0.568286,-0.392512,0.994793,-0.597774,-0.070008,0.632841,-0.559285,-0.389654,0.989225,-0.588525,-0.073242,0.61738,-0.560719,-0.384817,0.993497,-0.601658,-0.081495,0.624544,-0.56632
439,-0.403722,1.005609,-0.58137,-0.090022,0.643227,-0.532819,-0.414372,0.994099,-0.59009,-0.068172,0.629871,-0.537217,-0.408134,0.991827,-0.585613,-0.087713,0.650286,-0.544039,-0.397749,1.002564,-0.591182,-0.06585,0.633807,-0.560581
440,-0.412568,0.998209,-0.563955,-0.1032,0.650144,-0.547654,-0.433436,0.995819,-0.571381,-0.11596,0.656163,-0.542922,-0.428522,1.000015,-0.573498,-0.112297,0.629409,-0.536266,-0.427643,0.997878,-0.579113,-0.11461,0.654815,-0.549523
441,-0.440246,0.999244,-0.550473,-0.113361,0.651502,-0.537202,-0.448935,0.996789,-0.558275,-0.105371,0.647999,-0.539079,-0.442994,1.006004,-0.559268,-0.113204,0.662149,-0.544245,-0.436217,1.00528,-0.557735,-0.102769,0.653887,-0.541476
442,-0.464279,0.997281,-0.547971,-0.114819,0.655815,-0.533613,-0.458351,1.002726,-0.538345,-0.128561,0.648509,-0.549394,-0.463894,0.99931,-0.541188,-0.119629,0.657383,-0.522642,-0.458223,0.995083,-0.543088,-0.119854,0.642005,-0.531485
443,-0.462219,0.998849,-0.519196,-0.160849,0.655839,-0.522687,-0.488952,0.993811,-0.517231,-0.140322,0.649442,-0.504278,-0.471659,1.002805,-0.519262,-0.12904,0.665905,-0.516458,-0.475228,1.000448,-0.51458,-0.157733,0.648952,-0.517518
444,-0.493557,1.000305,-0.514359,-0.16996,0.652284,-0.52358,-0.497379,0.996365,-0.515693,-0.143552,0.664554,-0.511014,-0.490435,0.991015,-0.511585,-0.147392,0.667677,-0.513202,-0.486912,0.994139,-0.498313,-0.136927,0.650994,-0.526961
445,-0.513751,0.99407,-0.491195,-0.149073,0.666674,-0.518061,-0.514454,1.000464,-0.483408,-0.149299,0.672104,-0.511084,-0.507699,1.003649,-0.492376,-0.142099,0.660878,-0.521192,-0.50448,1.005321,-0.489079,-0.150288,0.656555,-0.503881
446,-0.518601,1.002281,-0.469361,-0.158652,0.665039,-0.5051,-0.52944,1.000716,-0.481479,-0.167527,0.657418,-0.48675,-0.52864,1.000332,-0.479409,-0.177275,0.659312,-0.50709,-0.529724,1.003039,-0.480539,-0.168555,0.665001,-0.4876
447,-0.544328,0.998801,-0.459156,-0.188204,0.677835,-0.484093,-0.538218,0.99274,-0.45737,-0.172679,0.669165,-0.480428,-0.54519,0.99558,-0.455833,-0.189348,0.67019,-0.488616,-0.537395,1.005364,-0.461047,-0.174553,0.671449,-0.482488
448,-0.551933,1.00295,-0.434039,-0.201455,0.654197,-0.46558,-0.558199,1.004085,-0.441415,-0.194028,0.686537,-0.484575,-0.561344,0.995907,-0.441555,-0.193914,0.656248,-0.486428,-0.556547,1.004911,-0.443946,-0.197641,0.691712,-0.479264
449,-0.576145,1.004544,-0.426433,-0.211475,0.674575,-0.460638,-0.571317,0.994496,-0.414729,-0.220238,0.674608,-0.472786,-0.560839,0.989303,-0.419212,-0.214562,0.672283,-0.465684,-0.570254,0.995235,-0.425893,-0.212957,0.687001,-0.473671
450,-0.584091,0.998486,-0.410597,-0.226625,0.65348,-0.460779,-0.590183,1.000497,-0.410673,-0.220215,0.659842,-0.448111,-0.583899,0.996339,-0.405509,-0.218663,0.67278,-0.451882,-0.586354,0.991484,-0.405669,-0.232759,0.689665,-0.455847
451,-0.605217,0.995422,-0.384839,-0.247722,0.668973,-0.45553,-0.59643,0.992733,-0.381326,-0.224095,0.666988,-0.444808,-0.607979,0.990422,-0.384009,-0.251497,0.690527,-0.437061,-0.601656,0.999249,-0.386245,-0.228014,0.666976,-0.44237
452,-0.613146,0.991364,-0.375604,-0.257223,0.680899,-0.440896,-0.624047,0.99076,-0.369382,-0.252349,0.684803,-0.428393,-0.617204,1.000588,-0.370742,-0.256816,0.711085,-0.432158,-0.618678,0.992968,-0.367812,-0.242988,0.697848,-0.436985
453,-0.636576,0.985777,-0.347289,-0.24763,0.683824,-0.425712,-0.630579,0.989481,-0.358749,-0.262187,0.691744,-0.441267,-0.632863,0.990368,-0.352267,-0.253927,0.677124,-0.414424,-0.618829,0.975815,-0.355669,-0.270663,0.671272,-0.434897
454,-0.642474,0.990049,-0.330366,-0.279868,0.669495,-0.427276,-0.652103,0.985054,-0.337789,-0.279614,0.682935,-0.408515,-0.643874,0.983353,-0.339553,-0.259101,0.681982,-0.421446,-0.646348,0.985791,-0.329132,-0.278984,0.689797,-0.409971
455,-0.660563,0.972801,-0.327903,-0.289454,0.706715,-0.395903,-0.660386,0.981045,-0.313365,-0.268216,0.680947,-0.413435,-0.656689,0.980075,-0.320992,-0.265281,0.690605,-0.406321,-0.658092,0.97944,-0.309825,-0.266333,0.699238,-0.403372
456,-0.68139,0.982771,-0.299775,-0.28726,0.684302,-0.385048,-0.671592,0.97638,-0.300739,-0.297863,0.686664,-0.398155,-0.678227,0.977565,-0.293546,-0.298457,0.675847,-0.394385,-0.672859,0.975064,-0.301756,-0.28309,0.699699,-0.397665
457,-0.692992,0.969362,-0.283435,-0.316517,0.703222,-0.401974,-0.683055,0.976265,-0.281251,-0.304725,0.678846,-0.394873,-0.680093,0.970551,-0.284233,-0.311648,0.692678,-0.399017,-0.687746,0.97114,-0.285566,-0.294198,0.68999,-0.393416
458,-0.700875,0.980267,-0.266347,-0.317472,0.702563,-0.386388,-0.704566,0.982461,-0.260566,-0.332505,0.688892,-0.354725,-0.713673,0.96926,-0.256792,-0.321713,0.689227,-0.373107,-0.702394,0.966114,-0.2516,-0.310755,0.683315,-0.36904
459,-0.70635,0.96057,-0.254742,-0.324108,0.692657,-0.343545,-0.718175,0.97125,-0.232153,-0.338419,0.704441,-0.365369,-0.710154,0.952409,-0.242578,-0.327092,0.680831,-0.369669,-0.715188,0.955609,-0.245855,-0.340289,0.70681,-0.348967
460,-0.728302,0.95944,-0.223035,-0.352978,0.691842,-0.34134,-0.738194,0.948093,-0.227234,-0.34773,0.685705,-0.360259,-0.730689,0.959915,-0.220491,-0.354717,0.685504,-0.360066,-0.732269,0.95784,-0.233614,-0.348165,0.676599,-0.345979
461,-0.744679,0.94662,-0.205858,-0.339591,0.699312,-0.334188,-0.740983,0.944571,-0.208233,-0.370458,0.693756,-0.347201,-0.744098,0.95701,-0.208335,-0.359013,0.700067,-0.343632,-0.73912,0.943993,-0.210304,-0.369105,0.70742,-0.343231
462,-0.753365,0.938418,-0.185865,-0.346212,0.708972,-0.339961,-0.753292,0.953158,-0.196392,-0.336642,0.688828,-0.340719,-0.746546,0.950211,-0.193833,-0.354062,0.694943,-0.315609,-0.759283,0.949639,-0.190114,-0.380532,0.710054,-0.324208
463,-0.767309,0.932548,-0.183989,-0.37061,0.68214,-0.312926,-0.774482,0.931283,-0.163202,-0.357831,0.703449,-0.325328,-0.770059,0.937647,-0.17463,-0.382251,0.698644,-0.32532,-0.762508,0.947015,-0.174744,-0.397046,0.702199,-0.328671
464,-0.774818,0.935734,-0.151318,-0.397438,0.678968,-0.313146,-0.781255,0.930166,-0.157717,-0.405615,0.695111,-0.289408,-0.772886,0.930286,-0.160832,-0.394724,0.688297,-0.303643,-0.778539,0.930239,-0.149961,-0.383306,0.676695,-0.306727
465,-0.788181,0.922577,-0.148032,-0.401267,0.700727,-0.290317,-0.799357,0.931989,-0.142563,-0.394488,0.703166,-0.289943,-0.791732,0.929226,-0.141121,-0.42541,0.685564,-0.294686,-0.787961,0.930914,-0.139235,-0.403552,0.686628,-0.288236
466,-0.79782,0.912668,-0.111655,-0.408647,0.709687,-0.292792,-0.793946,0.912884,-0.108722,-0.407402,0.681852,-0.2777,-0.805627,0.924431,-0.122823,-0.412954,0.69676,-0.262645,-0.799784,0.91892,-0.112721,-0.394634,0.686493,-0.260116
467,-0.800038,0.903979,-0.089989,-0.415317,0.696388,-0.249065,-0.814072,0.909758,-0.099463,-0.416767,0.68278,-0.271869,-0.809007,0.913833,-0.10226,-0.412012,0.677674,-0.287571,-0.811655,0.913496,-0.096186,-0.414832,0.690089,-0.249262
468,-0.821731,0.90806,-0.078093,-0.433548,0.680198,-0.254728,-0.827947,0.899545,-0.079577,-0.421235,0.691871,-0.239701,-0.827608,0.892288,-0.074964,-0.427622,0.684703,-0.271671,-0.817294,0.900278,-0.071543,-0.434886,0.679436,-0.258613
469,-0.824079,0.903911,-0.067997,-0.439368,0.675309,-0.22967,-0.83622,0.898237,-0.06635,-0.433747,0.683841,-0.256512,-0.835376,0.89275,-0.059913,-0.440351,0.676036,-0.231962,-0.836984,0.888959,-0.065007,-0.436448,0.699956,-0.257684
470,-0.851579,0.897628,-0.039419,-0.465105,0.682014,-0.242643,-0.852156,0.88372,-0.043941,-0.43813,0.695702,-0.22603,-0.839147,0.885327,-0.043575,-0.453033,0.674647,-0.227126,-0.850071,0.883103,-0.037868,-0.430193,0.673277,-0.224374
471,-0.84906,0.877985,-0.026456,-0.449193,0.667636,-0.221807,-0.857238,0.880991,-0.017523,-0.458043,0.67415,-0.208423,-0.862723,0.879869,-0.028684,-0.469893,0.681722,-0.224279,-0.859265,0.881928,-0.025188,-0.469081,0.667952,-0.247856
472,-0.868866,0.869273,-0.007888,-0.469089,0.683891,-0.216981,-0.858886,0.868844,-0.010975,-0.476314,0.685774,-0.198102,-0.874709,0.864158,0.002493,-0.462803,0.674957,-0.223623,-0.865378,0.866219,-0.005467,-0.470763,0.659167,-0.223757
473,-0.877521,0.862992,0.009728,-0.475349,0.681659,-0.194646,-0.868148,0.859075,0.01144,-0.477605,0.68312,-0.210349,-0.872129,0.855672,0.015808,-0.480747,0.660443,-0.20595,-0.87857,0.857803,0.013233,-0.474239,0.687067,-0.211534
474,-0.88436,0.857141,0.031241,-0.469382,0.654821,-0.182257,-0.876541,0.84359,0.038222,-0.487582,0.680079,-0.193169,-0.889878,0.851155,0.034436,-0.493156,0.669034,-0.183796,-0.87633,0.850034,0.029659,-0.476911,0.681346,-0.175263
475,-0.886589,0.825136,0.056275,-0.489844,0.663514,-0.16362,-0.895329,0.842051,0.053138,-0.505319,0.664943,-0.166065,-0.894563,0.837367,0.05292,-0.500298,0.6597,-0.168816,-0.887435,0.822147,0.050642,-0.489117,0.683491,-0.1625
476,-0.904265,0.831087,0.064053,-0.519753,0.679651,-0.171479,-0.904764,0.830902,0.073025,-0.50357,0.662344,-0.155853,-0.889382,0.823676,0.070988,-0.494635,0.682333,-0.159091,-0.901353,0.827913,0.072804,-0.496295,0.670471,-0.152183
477,-0.90763,0.813821,0.092297,-0.511737,0.662509,-0.149133,-0.905259,0.820103,0.084993,-0.538014,0.653987,-0.150823,-0.907376,0.814758,0.084075,-0.511482,0.671992,-0.148341,-0.909538,0.816561,0.092459,-0.512386,0.64555,-0.139312
478,-0.906357,0.80828,0.105304,-0.539325,0.68059,-0.114289,-0.915669,0.805829,0.110189,-0.513655,0.663351,-0.119857,-0.914395,0.814653,0.105679,-0.544416,0.68059,-0.134377,-0.914712,0.800891,0.100131,-0.517704,0.651969,-0.141078
479,-0.919898,0.803565,0.135406,-0.534386,0.654108,-0.100508,-0.919026,0.786508,0.121189,-0.515706,0.653711,-0.109739,-0.926939,0.797905,0.116235,-0.527028,0.640144,-0.119389,-0.923094,0.804317,0.12589,-0.508467,0.652286,-0.116691
480,-0.920823,0.790998,0.142473,-0.542654,0.636132,-0.104994,-0.928985,0.77946,0.147039,-0.537918,0.641882,-0.096303,-0.931258,0.779764,0.151185,-0.532318,0.648143,-0.106864,-0.924807,0.782395,0.146589,-0.543292,0.64539,-0.10766
481,-0.939341,0.766252,0.165682,-0.542533,0.662987,-0.076372,-0.933993,0.762821,0.160141,-0.571702,0.655503,-0.100351,-0.934337,0.7715,0.159833,-0.538023,0.635739,-0.072603,-0.929137,0.774524,0.174183,-0.528076,0.615586,-0.078895
482,-0.948621,0.76091,0.179822,-0.547146,0.626031,-0.090195,-0.950751,0.766909,0.181297,-0.565793,0.65022,-0.07201,-0.951409,0.756922,0.175181,-0.547842,0.64367,-0.097098,-0.94088,0.758295,0.192835,-0.562222,0.634789,-0.078905
483,-0.95247,0.751495,0.201829,-0.573145,0.643784,-0.0642,-0.944195,0.748615,0.204884,-0.586704,0.647876,-0.057369,-0.945816,0.744067,0.196653,-0.560261,0.621109,-0.054344,-0.948536,0.746725,0.201833,-0.56185,0.626333,-0.073343
484,-0.95743,0.742144,0.222035,-0.58473,0.640357,-0.048707,-0.953333,0.734464,0.214829,-0.561951,0.620113,-0.057249,-0.958161,0.734993,0.228491,-0.55929,0.622907,-0.061307,-0.947458,0.731836,0.219768,-0.559152,0.628039,-0.060171
485,-0.959832,0.724264,0.238231,-0.580468,0.613092,-0.054948,-0.958714,0.725254,0.234212,-0.586393,0.619654,-0.061341,-0.961245,0.720475,0.230431,-0.593722,0.629631,-0.044067,-0.963038,0.71585,0.243126,-0.574158,0.614664,-0.05049
486,-0.957791,0.700029,0.258471,-0.574067,0.623524,-0.041469,-0.966883,0.701349,0.25583,-0.575688,0.633731,-0.015016,-0.972053,0.707393,0.259202,-0.580503,0.624705,-0.024464,-0.967345,0.715301,0.25517,-0.594953,0.610836,-0.041632
487,-0.974498,0.683235,0.275598,-0.596497,0.605634,-0.005442,-0.96791,0.689485,0.277549,-0.572982,0.606333,-0.03141,-0.976003,0.703201,0.275197,-0.585196,0.606917,-0.012784,-0.970758,0.683914,0.276175,-0.582497,0.611908,-0.019371
488,-0.976184,0.680731,0.292345,-0.592014,0.593532,0.003705,-0.983177,0.677693,0.297973,-0.590016,0.599282,-0.006737,-0.970887,0.673367,0.290493,-0.600747,0.603393,0.001653,-0.970834,0.677271,0.297942,-0.605461,0.604215,-0.009471
489,-0.980518,0.671073,0.320352,-0.613877,0.593052,0.016942,-0.984039,0.661996,0.30881,-0.611488,0.603226,0.008428,-0.971697,0.663645,0.314564,-0.612912,0.611311,0.009949,-0.978842,0.66876,0.3205,-0.596672,0.598947,0.002209
490,-0.97773,0.652049,0.32357,-0.599765,0.591148,0.015175,-0.969832,0.648629,0.326926,-0.626141,0.601335,0.034089,-0.986064,0.649367,0.333965,-0.624007,0.585863,0.01324,-0.993411,0.658504,0.333811,-0.6077,0.594163,0.009144
491,-0.980435,0.63476,0.346509,-0.610322,0.579516,0.040073,-0.989368,0.637656,0.350017,-0.622188,0.584104,0.024562,-0.980944,0.636269,0.350673,-0.620339,0.577382,0.041245,-0.982922,0.640593,0.339427,-0.628492,0.580534,0.021707
492,-0.991022,0.625913,0.369319,-0.625103,0.587186,0.04741,-0.998915,0.623826,0.356495,-0.613669,0.577325,0.059146,-0.985091,0.623439,0.363825,-0.648602,0.568207,0.03989,-0.991988,0.625368,0.365305,-0.612276,0.588784,0.068031
493,-0.993843,0.605794,0.390614,-0.63325,0.554048,0.060864,-0.991645,0.60554,0.376511,-0.636055,0.569283,0.066694,-0.985644,0.605055,0.376469,-0.615243,0.551043,0.057401,-0.992161,0.601096,0.386284,-0.634724,0.566735,0.077827
494,-0.99969,0.593002,0.397694,-0.627418,0.550354,0.068886,-0.996526,0.598484,0.404053,-0.636442,0.560227,0.074101,-0.997759,0.592739,0.400225,-0.629531,0.561009,0.069139,-1.003767,0.603262,0.397052,-0.636505,0.555987,0.078922
495,-1.000642,0.581769,0.420942,-0.672235,0.543182,0.096002,-0.984764,0.577952,0.419281,-0.649409,0.561048,0.092784,-0.993187,0.581006,0.413478,-0.636374,0.555504,0.084692,-0.986588,0.58601,0.421778,-0.643533,0.545191,0.102662
496,-0.998956,0.56563,0.44115,-0.64886,0.520391,0.10983,-1.002213,0.567744,0.428515,-0.639171,0.534103,0.094348,-0.997905,0.553842,0.431231,-0.628156,0.541336,0.098988,-0.992433,0.566004,0.43275,-0.630655,0.547232,0.134133
497,-1.006605,0.54615,0.449155,-0.640838,0.520689,0.109475,-0.991542,0.550516,0.451783,-0.658935,0.534885,0.125762,-0.99529,0.534462,0.445107,-0.649644,0.531292,0.10811,-0.99385,0.548652,0.45158,-0.649685,0.525243,0.119561
498,-0.996316,0.530615,0.467725,-0.649713,0.504587,0.132185,-1.000562,0.539433,0.463989,-0.654682,0.505488,0.1342,-1.003699,0.5406,0.465907,-0.660923,0.531227,0.122184,-1.004504,0.518155,0.466482,-0.664748,0.513865,0.122342
499,-0.997875,0.518789,0.486073,-0.661448,0.536353,0.147482,-1.000107,0.515601,0.484237,-0.654801,0.51193,0.130364,-0.995177,0.520797,0.48362,-0.651492,0.518477,0.143608,-0.999647,0.525668,0.474225,-0.648565,0.50231,0.146976
500,-0.998538,0.502092,0.503687,-0.65381,0.509323,0.158745,-1.007542,0.504637,0.502327,-0.648938,0.508046,0.154746,-1.004531,0.503548,0.495027,-0.659695,0.487051,0.14708,-0.997808,0.498857,0.500929,-0.67331,0.503947,0.145684
501,-0.996875,0.485069,0.516338,-0.690667,0.508378,0.149055,-1.000669,0.47727,0.508586,-0.675026,0.509021,0.188868,-0.99286,0.472676,0.524257,-0.669406,0.492581,0.158289,-0.99966,0.479273,0.51536,-0.667425,0.513203,0.150444
502,-0.99279,0.468486,0.537069,-0.681082,0.494376,0.179619,-1.002344,0.464803,0.534176,-0.66878,0.485901,0.175215,-0.998542,0.467987,0.542613,-0.667952,0.48819,0.195241,-0.99919,0.465931,0.534061,-0.653808,0.466202,0.17869
503,-1.004717,0.449892,0.55633,-0.669612,0.477628,0.185816,-0.994103,0.450209,0.547185,-0.658696,0.497164,0.19673,-1.002113,0.453103,0.549431,-0.675157,0.468772,0.202677,-0.999299,0.447049,0.544374,-0.679313,0.486631,0.191477
504,-1.000667,0.437628,0.558998,-0.662747,0.466244,0.201672,-0.986052,0.445785,0.568154,-0.683243,0.482219,0.196303,-0.989869,0.42756,0.570394,-0.679005,0.473754,0.206984,-0.999908,0.432756,0.568292,-0.670118,0.475045,0.200862
505,-0.999226,0.416675,0.584149,-0.682557,0.463957,0.227203,-1.000443,0.425495,0.589409,-0.697436,0.455033,0.206405,-0.993715,0.41767,0.581954,-0.672989,0.469578,0.242461,-0.997766,0.422276,0.582645,-0.666696,0.457492,0.235817
506,-0.999562,0.401985,0.595289,-0.693106,0.429015,0.232851,-0.995873,0.389666,0.599263,-0.680693,0.451499,0.218475,-0.988789,0.398983,0.601072,-0.692798,0.445075,0.243697,-0.987778,0.401418,0.591226,-0.696312,0.469161,0.234146
507,-0.99137,0.3822,0.605516,-0.675355,0.44072,0.226499,-0.992107,0.383282,0.613225,-0.680723,0.449688,0.234907,-0.999702,0.386869,0.61926,-0.673533,0.454349,0.243515,-0.993368,0.386244,0.622099,-0.68083,0.453671,0.21928
508,-0.990413,0.36698,0.625166,-0.69345,0.442649,0.253438,-0.99462,0.368629,0.631372,-0.690894,0.43525,0.223845,-0.980602,0.367803,0.625249,-0.669407,0.421022,0.255944,-0.997144,0.369545,0.626942,-0.701197,0.43066,0.242805
509,-0.982571,0.350405,0.639902,-0.686509,0.432065,0.27218,-0.993628,0.347356,0.640299,-0.671965,0.414306,0.262782,-0.992051,0.339467,0.626194,-0.677384,0.430177,0.279297,-0.986748,0.351299,0.639843,-0.686697,0.419384,0.265432
510,-0.973178,0.323783,0.654238,-0.697774,0.417222,0.262573,-0.980765,0.334859,0.664179,-0.694506,0.399115,0.271241,-0.984236,0.325473,0.657717,-0.696548,0.404044,0.285955,-0.989678,0.329772,0.652379,-0.693956,0.393402,0.267254
511,-0.97912,0.315527,0.683394,-0.681692,0.384169,0.285952,-0.98487,0.309846,0.674893,-0.695021,0.41197,0.301297,-0.978978,0.309018,0.660815,-0.687124,0.399197,0.290057,-0.98369,0.30247,0.66199,-0.696997,0.397825,0.288705
512,-0.971495,0.290255,0.684175,-0.698451,0.378123,0.308098,-0.974589,0.302543,0.67504,-0.692198,0.393017,0.294549,-0.961691,0.291362,0.682167,-0.700341,0.399831,0.296275,-0.9676,0.299716,0.67433,-0.68975,0.382355,0.293761
513,-0.96948,0.274811,0.693088,-0.683079,0.37176,0.31867,-0.959518,0.277802,0.695453,-0.699377,0.372611,0.312282,-0.970716,0.269153,0.697946,-0.668847,0.36073,0.29159,-0.969731,0.27496,0.697348,-0.68867,0.38999,0.31213
514,-0.962066,0.262563,0.701131,-0.688557,0.363469,0.337092,-0.969544,0.248204,0.705837,-0.709464,0.368953,0.318488,-0.972959,0.259391,0.71086,-0.68106,0.378224,0.313912,-0.961037,0.251178,0.706521,-0.703102,0.383362,0.309401
515,-0.964731,0.246954,0.7163,-0.69344,0.358166,0.322863,-0.95861,0.239977,0.72393,-0.695921,0.356411,0.345461,-0.968939,0.237867,0.728952,-0.682375,0.352352,0.323974,-0.95625,0.239436,0.715464,-0.684966,0.352236,0.337089
516,-0.958285,0.220643,0.731125,-0.689534,0.341568,0.35033,-0.943573,0.216704,0.737219,-0.700826,0.333165,0.349773,-0.952183,0.228051,0.736101,-0.68936,0.352153,0.361328,-0.956334,0.2162,0.736439,-0.694542,0.355741,0.366654
517,-0.941004,0.198403,0.742315,-0.686818,0.33886,0.358227,-0.957439,0.201684,0.750209,-0.713349,0.331922,0.355393,-0.948563,0.208458,0.744764,-0.676374,0.342171,0.354393,-0.946337,0.204156,0.740112,-0.699033,0.357742,0.361301
518,-0.938748,0.185801,0.758888,-0.716463,0.325946,0.359093,-0.935714,0.175985,0.762216,-0.697677,0.312201,0.348429,-0.947156,0.183991,0.759543,-0.687572,0.323939,0.382009,-0.940765,0.187279,0.76245,-0.690483,0.313369,0.361912
519,-0.937,0.162186,0.765986,-0.694522,0.316026,0.380209,-0.935503,0.157565,0.761999,-0.686969,0.318335,0.374733,-0.933575,0.167661,0.770693,-0.709222,0.316048,0.3742,-0.936922,0.159727,0.770137,-0.688305,0.304728,0.363531
520,-0.921621,0.139609,0.780366,-0.676897,0.283276,0.38791,-0.937603,0.149892,0.781223,-0.679877,0.30368,0.386668,-0.929582,0.14298,0.775811,-0.700115,0.291913,0.379815,-0.930582,0.148423,0.792849,-0.704586,0.29717,0.383264
521,-0.92326,0.125434,0.789396,-0.689448,0.287127,0.393687,-0.937442,0.119969,0.793594,-0.682711,0.294263,0.410793,-0.922128,0.120995,0.797962,-0.678646,0.280564,0.389864,-0.918194,0.128962,0.793108,-0.693612,0.28151,0.400107
522,-0.923057,0.105938,0.808749,-0.676715,0.277253,0.429131,-0.91274,0.105659,0.809975,-0.677988,0.267569,0.405278,-0.915309,0.097253,0.80632,-0.67909,0.301012,0.411108,-0.902538,0.104199,0.801756,-0.694898,0.282688,0.407043
523,-0.910864,0.080089,0.816017,-0.682731,0.257394,0.414007,-0.912813,0.095339,0.812482,-0.693078,0.283451,0.430123,-0.901363,0.102109,0.810891,-0.684855,0.26388,0.423518,-0.911337,0.093933,0.814555,-0.699365,0.249355,0.442007
524,-0.899925,0.072796,0.833879,-0.684836,0.258013,0.42882,-0.893151,0.063678,0.8267,-0.680129,0.237116,0.439112,-0.900195,0.064254,0.827762,-0.691188,0.251225,0.438597,-0.895449,0.071504,0.832723,-0.681161,0.25899,0.433671
525,-0.891475,0.050382,0.839311,-0.682018,0.225344,0.460155,-0.897938,0.057265,0.838109,-0.679734,0.230859,0.441513,-0.888436,0.048125,0.835843,-0.686989,0.233071,0.459063,-0.892255,0.047979,0.840494,-0.696142,0.234201,0.450327
526,-0.888824,0.039908,0.844749,-0.673278,0.219126,0.45398,-0.882567,0.032298,0.861032,-0.682621,0.227883,0.448167,-0.881109,0.033765,0.839548,-0.669447,0.233537,0.433223,-0.8835,0.035403,0.855744,-0.677026,0.238458,0.448484
527,-0.877588,0.010516,0.86737,-0.684893,0.229835,0.46211,-0.867773,0.007422,0.866407,-0.676731,0.222026,0.442007,-0.872277,0.025912,0.86688,-0.688798,0.213765,0.464794,-0.870747,-0.00287,0.858351,-0.675309,0.205856,0.473339
528,-0.866793,-0.006604,0.870915,-0.669068,0.190301,0.461375,-0.865644,0.00278,0.862549,-0.674527,0.196751,0.464166,-0.865238,0.002768,0.868919,-0.68998,0.20269,0.477971,-0.864795,-0.002753,0.871237,-0.661592,0.192074,0.454686
529,-0.849232,-0.025743,0.879821,-0.678595,0.18785,0.498188,-0.851582,-0.019874,0.875486,-0.68674,0.190478,0.486632,-0.848336,-0.030484,0.885966,-0.667418,0.184435,0.469049,-0.850808,-0.020917,0.879956,-0.674119,0.188169,0.49032
530,-0.837119,-0.043401,0.883664,-0.661202,0.183675,0.483527,-0.848343,-0.057667,0.893488,-0.676472,0.169529,0.495722,-0.840759,-0.045216,0.884534,-0.669852,0.180968,0.502306,-0.851336,-0.037038,0.884236,-0.688721,0.177333,0.485148
531,-0.834792,-0.059997,0.894705,-0.657936,0.169328,0.508274,-0.836142,-0.058058,0.893399,-0.666876,0.177664,0.501327,-0.840248,-0.057037,0.904423,-0.677643,0.170559,0.5212,-0.8483,-0.056875,0.901064,-0.668425,0.173086,0.495004
532,-0.825969,-0.071739,0.896589,-0.662142,0.153265,0.496121,-0.826981,-0.076555,0.905082,-0.670462,0.164833,0.496597,-0.820082,-0.074059,0.900812,-0.683251,0.153562,0.514524,-0.824048,-0.066652,0.897109,-0.648066,0.14839,0.52049
533,-0.815153,-0.102172,0.913655,-0.675738,0.144854,0.525001,-0.81596,-0.100002,0.910119,-0.67499,0.144719,0.528556,-0.814023,-0.093789,0.918292,-0.668894,0.150757,0.51545,-0.81325,-0.100372,0.910274,-0.663888,0.150355,0.499408
534,-0.812268,-0.115687,0.925063,-0.653163,0.137942,0.536045,-0.803735,-0.114052,0.916574,-0.66408,0.126271,0.525646,-0.802614,-0.119864,0.92008,-0.65769,0.140484,0.537619,-0.791152,-0.118524,0.913143,-0.641815,0.14263,0.536569
535,-0.779638,-0.128799,0.924496,-0.654201,0.104269,0.525356,-0.791175,-0.139482,0.927154,-0.649213,0.109702,0.527812,-0.781677,-0.136078,0.926917,-0.644966,0.11211,0.529734,-0.786505,-0.138398,0.925582,-0.649384,0.120037,0.550823
536,-0.780489,-0.15805,0.935811,-0.643238,0.11561,0.54523,-0.776525,-0.151643,0.933168,-0.632206,0.11099,0.542202,-0.782601,-0.15554,0.932528,-0.649191,0.104244,0.539118,-0.786704,-0.166676,0.935304,-0.646804,0.106205,0.541361
537,-0.771244,-0.171601,0.938105,-0.630199,0.112123,0.543189,-0.760152,-0.16719,0.933547,-0.647484,0.083694,0.563388,-0.768412,-0.171981,0.949196,-0.649033,0.065605,0.565087,-0.766219,-0.16643,0.937868,-0.640163,0.085477,0.553071
538,-0.755344,-0.197089,0.950699,-0.628106,0.084109,0.551658,-0.746773,-0.199594,0.943005,-0.652592,0.085552,0.558044,-0.752826,-0.193182,0.953678,-0.632086,0.085033,0.570023,-0.754947,-0.190431,0.945036,-0.620306,0.068349,0.550152
539,-0.740616,-0.214104,0.956003,-0.619304,0.05269,0.561211,-0.737994,-0.205397,0.954755,-0.629887,0.062121,0.575282,-0.739652,-0.207787,0.948395,-0.644256,0.06068,0.553467,-0.740022,-0.206602,0.94738,-0.626972,0.059629,0.584508
540,-0.734265,-0.223149,0.951903,-0.623753,0.025432,0.573771,-0.730759,-0.215412,0.966968,-0.630846,0.03529,0.585275,-0.720549,-0.221737,0.956605,-0.641852,0.050696,0.605387,-0.73109,-0.227526,0.959268,-0.628433,0.043666,0.569531
541,-0.716702,-0.247311,0.967951,-0.62035,0.017781,0.577692,-0.71981,-0.248049,0.966576,-0.617657,0.036786,0.583861,-0.72104,-0.243731,0.966572,-0.612204,0.042988,0.585914,-0.711772,-0.236511,0.959614,-0.623805,0.02931,0.577086
542,-0.702104,-0.260688,0.969746,-0.595245,0.028264,0.604505,-0.69992,-0.268014,0.97185,-0.602111,0.017674,0.600323,-0.702103,-0.265861,0.961818,-0.616193,0.03449,0.577586,-0.699156,-0.266332,0.969972,-0.611207,0.031359,0.596797
543,-0.679605,-0.286214,0.963823,-0.595391,-0.013367,0.581094,-0.692233,-0.283894,0.965871,-0.600886,0.005157,0.580874,-0.685487,-0.286509,0.972237,-0.581279,0.022921,0.614144,-0.686488,-0.286046,0.97241,-0.605038,0.006879,0.596289
544,-0.674385,-0.302659,0.98093,-0.590147,-0.017305,0.575559,-0.680392,-0.297054,0.980414,-0.586814,-0.003856,0.600357,-0.674342,-0.294234,0.972036,-0.602933,0.010504,0.608773,-0.668347,-0.30469,0.974791,-0.584939,-0.015469,0.602874
545,-0.6564,-0.324047,0.986888,-0.585844,-0.031578,0.612717,-0.653801,-0.312453,0.984168,-0.59316,-0.032293,0.604427,-0.660546,-0.320125,0.975676,-0.586134,-0.019525,0.615398,-0.658901,-0.312423,0.98252,-0.598703,-0.026224,0.617368
546,-0.644759,-0.330842,0.976573,-0.589037,-0.026934,0.615518,-0.643488,-0.333499,0.983131,-0.581655,-0.008252,0.593132,-0.648867,-0.331708,0.987583,-0.598434,-0.029675,0.616845,-0.647739,-0.333654,0.986181,-0.575059,-0.024927,0.604646
547,-0.627597,-0.355168,0.994835,-0.574165,-0.047262,0.623934,-0.633316,-0.356268,0.989006,-0.575767,-0.048526,0.622681,-0.637326,-0.351259,0.985715,-0.568558,-0.042959,0.62882,-0.636382,-0.352582,0.982677,-0.566717,-0.033377,0.622019
548,-0.611376,-0.375181,1.000576,-0.569871,-0.051009,0.629757,-0.62027,-0.372164,0.982303,-0.576758,-0.047132,0.629194,-0.618306,-0.369145,0.997776,-0.57413,-0.041853,0.616611,-0.618907,-0.360965,1.000952,-0.568876,-0.056025,0.631749
549,-0.597956,-0.392763,1.004222,-0.574563,-0.062168,0.620877,-0.601063,-0.386392,0.995644,-0.557128,-0.082421,0.629777,-0.60225,-0.385133,0.983879,-0.549737,-0.060554,0.624285,-0.598437,-0.387534,0.982881,-0.57429,-0.050769,0.61867
550,-0.584777,-0.402175,0.992522,-0.576201,-0.096313,0.632123,-0.58823,-0.408684,1.004056,-0.549716,-0.078804,0.633277,-0.589645,-0.411176,0.987915,-0.578144,-0.085399,0.641666,-0.586338,-0.39209,0.991329,-0.563252,-0.092747,0.622443
551,-0.573743,-0.417149,1.007113,-0.551038,-0.098449,0.643504,-0.569641,-0.434122,0.993137,-0.543695,-0.089762,0.651145,-0.571444,-0.418663,0.999326,-0.534762,-0.10274,0.65349,-0.570735,-0.419994,1.00296,-0.542628,-0.097412,0.653684
552,-0.559386,-0.442137,0.997188,-0.551481,-0.121128,0.65431,-0.553773,-0.44513,1.004802,-0.530436,-0.110988,0.650636,-0.558209,-0.441806,0.996711,-0.53651,-0.109931,0.655108,-0.55337,-0.43649,1.001341,-0.539642,-0.11193,0.661194
553,-0.541193,-0.458007,1.005134,-0.531058,-0.108592,0.653209,-0.548328,-0.452193,0.999885,-0.525223,-0.107373,0.639905,-0.532767,-0.454726,1.004059,-0.530215,-0.140016,0.639297,-0.544037,-0.452619,1.003802,-0.521653,-0.106979,0.650826
554,-0.521122,-0.472493,1.000208,-0.511822,-0.125434,0.652117,-0.527927,-0.476507,0.998652,-0.52496,-0.126724,0.655435,-0.527375,-0.476391,1.001023,-0.517477,-0.154163,0.642876,-0.525894,-0.473361,0.99952,-0.513331,-0.129141,0.65809
555,-0.509831,-0.489926,1.000438,-0.528849,-0.158065,0.659946,-0.508805,-0.49056,0.995161,-0.516726,-0.146457,0.64902,-0.504363,-0.485115,1.009395,-0.513921,-0.149585,0.661929,-0.505347,-0.489481,1.000964,-0.506178,-0.135413,0.658001
556,-0.491044,-0.510976,1.007871,-0.489121,-0.155586,0.646916,-0.496071,-0.515766,0.991499,-0.501269,-0.17385,0.667713,-0.486682,-0.513282,1.00312,-0.495858,-0.144087,0.670786,-0.498062,-0.508589,1.008223,-0.509678,-0.153011,0.659556
557,-0.472668,-0.516462,1.003225,-0.488087,-0.176209,0.668884,-0.471949,-0.522715,1.006192,-0.488654,-0.166994,0.6684,-0.481022,-0.526307,1.002176,-0.490902,-0.188593,0.666597,-0.483164,-0.511944,0.993,-0.504815,-0.168531,0.669917
558,-0.469081,-0.529828,1.004347,-0.497426,-0.172952,0.681455,-0.474799,-0.536044,0.996989,-0.469967,-0.184676,0.682936,-0.464461,-0.537264,0.988241,-0.484514,-0.189903,0.676328,-0.463621,-0.530128,0.990486,-0.482486,-0.18507,0.668362
559,-0.445334,-0.559068,0.996783,-0.479942,-0.191575,0.665787,-0.443838,-0.559313,0.994041,-0.473392,-0.187137,0.678075,-0.447705,-0.553965,0.99898,-0.501174,-0.207114,0.667795,-0.437005,-0.56089,0.999315,-0.474544,-0.20133,0.674967
560,-0.42136,-0.568366,0.990649,-0.456166,-0.210337,0.656262,-0.430255,-0.57467,0.997805,-0.449663,-0.203436,0.686539,-0.42235,-0.576326,0.997964,-0.450249,-0.211812,0.686646,-0.433306,-0.561543,1.002049,-0.464504,-0.207597,0.675641
561,-0.401628,-0.58339,0.998759,-0.473508,-0.213741,0.692072,-0.404804,-0.582185,0.976514,-0.437092,-0.227028,0.685222,-0.401974,-0.588169,0.999958,-0.465496,-0.215568,0.658186,-0.409049,-0.585197,0.994051,-0.437831,-0.231892,0.668308
562,-0.395605,-0.592263,0.996646,-0.432521,-0.251251,0.670875,-0.38797,-0.59771,0.999336,-0.439507,-0.233694,0.671443,-0.388434,-0.602294,0.994018,-0.442611,-0.237661,0.67615,-0.394138,-0.602272,1.003754,-0.457226,-0.24046,0.670552
563,-0.377584,-0.614391,0.990815,-0.436595,-0.253491,0.692184,-0.371661,-0.613162,0.989435,-0.43457,-0.248531,0.674073,-0.369499,-0.617676,0.998863,-0.423173,-0.259838,0.697478,-0.371907,-0.615163,0.984175,-0.436741,-0.254365,0.706785
564,-0.363634,-0.632215,0.996421,-0.42981,-0.235791,0.680745,-0.352859,-0.624173,0.979836,-0.436141,-0.239541,0.674906,-0.363162,-0.631619,0.990686,-0.440016,-0.25207,0.69091,-0.355173,-0.630645,0.98221,-0.43099,-0.258016,0.685283
565,-0.333344,-0.643258,0.992075,-0.419156,-0.266686,0.689878,-0.343228,-0.648159,0.980629,-0.423621,-0.289128,0.690296,-0.332717,-0.650892,0.983879,-0.436331,-0.267122,0.6808,-0.348568,-0.655426,0.985713,-0.409906,-0.248276,0.704804
566,-0.318726,-0.649315,0.978147,-0.405466,-0.278366,0.676997,-0.323219,-0.6599,0.982584,-0.411303,-0.257587,0.660887,-0.32924,-0.660914,0.981383,-0.391218,-0.283273,0.673108,-0.329813,-0.665782,0.974996,-0.404459,-0.292372,0.691008
567,-0.303408,-0.675704,0.98225,-0.397324,-0.288619,0.699457,-0.307434,-0.669138,0.980238,-0.410132,-0.299407,0.693387,-0.301008,-0.674891,0.971013,-0.389313,-0.301038,0.684028,-0.309671,-0.67562,0.97739,-0.391336,-0.303752,0.683734
568,-0.283275,-0.683905,0.97862,-0.366318,-0.298932,0.699058,-0.285295,-0.680858,0.968802,-0.398724,-0.306064,0.694575,-0.281861,-0.686821,0.975187,-0.374382,-0.308236,0.685039,-0.2837,-0.685653,0.977792,-0.406427,-0.308062,0.696482
569,-0.27127,-0.708151,0.967869,-0.383148,-0.317058,0.690336,-0.267916,-0.70741,0.965019,-0.36685,-0.318163,0.693047,-0.268457,-0.706262,0.969726,-0.370585,-0.33085,0.693568,-0.263264,-0.705235,0.969424,-0.388419,-0.303299,0.700345
570,-0.256571,-0.714055,0.966056,-0.373438,-0.336387,0.686987,-0.258679,-0.718194,0.959896,-0.35995,-0.335235,0.682628,-0.244465,-0.72043,0.9548,-0.355597,-0.335393,0.698427,-0.245127,-0.711288,0.966912,-0.364821,-0.335337,0.703325
571,-0.229513,-0.731272,0.9562,-0.355099,-0.321601,0.696538,-0.231964,-0.729472,0.953132,-0.357829,-0.349793,0.697679,-0.230761,-0.720833,0.961694,-0.338815,-0.336286,0.689199,-0.23742,-0.729178,0.959828,-0.338891,-0.348974,0.707847
572,-0.210633,-0.72928,0.955605,-0.350808,-0.339757,0.696799,-0.209036,-0.74088,0.951863,-0.330954,-0.330139,0.710787,-0.21487,-0.73503,0.957572,-0.335357,-0.375672,0.691772,-0.209925,-0.74732,0.949799,-0.34707,-0.365121,0.713743
573,-0.194231,-0.755401,0.949089,-0.321656,-0.361848,0.684565,-0.196817,-0.75127,0.948417,-0.326088,-0.358457,0.701387,-0.201201,-0.755283,0.94305,-0.321288,-0.373045,0.684608,-0.189824,-0.748645,0.945924,-0.316509,-0.370671,0.692562
574,-0.176471,-0.766761,0.936937,-0.303644,-0.353428,0.691236,-0.176055,-0.76349,0.944725,-0.322426,-0.379372,0.690342,-0.18131,-0.762428,0.942455,-0.330932,-0.378214,0.692194,-0.180535,-0.777598,0.939618,-0.312756,-0.376036,0.676431
575,-0.149617,-0.777627,0.933557,-0.283337,-0.399948,0.688463,-0.144694,-0.782845,0.930886,-0.321124,-0.387267,0.691277,-0.154833,-0.780518,0.936895,-0.287318,-0.384663,0.683246,-0.154061,-0.770912,0.940068,-0.290834,-0.391923,0.691464
576,-0.140598,-0.784527,0.92431,-0.293734,-0.407468,0.701837,-0.140346,-0.794701,0.922026,-0.300599,-0.388989,0.698901,-0.136296,-0.787146,0.927108,-0.289311,-0.407161,0.691677,-0.138939,-0.793661,0.931446,-0.288309,-0.382629,0.687843
577,-0.127698,-0.794273,0.922296,-0.283281,-0.407098,0.677259,-0.11478,-0.797959,0.914034,-0.280412,-0.406639,0.694451,-0.122358,-0.798249,0.92661,-0.280275,-0.429266,0.693209,-0.119713,-0.798084,0.917495,-0.284406,-0.417204,0.683042
578,-0.099295,-0.802526,0.91759,-0.268051,-0.427326,0.66868,-0.097415,-0.811852,0.90452,-0.275422,-0.405083,0.682871,-0.107452,-0.814858,0.915002,-0.264361,-0.434455,0.688698,-0.099163,-0.813028,0.910098,-0.294623,-0.410094,0.694927
579,-0.084537,-0.82351,0.903386,-0.230646,-0.44976,0.698287,-0.076532,-0.818697,0.91395,-0.250404,-0.441063,0.706748,-0.079972,-0.819035,0.906498,-0.273514,-0.417766,0.702817,-0.07027,-0.827242,0.908015,-0.25672,-0.427596,0.693735
580,-0.061526,-0.840515,0.899232,-0.243296,-0.420058,0.695165,-0.061587,-0.84074,0.893354,-0.246085,-0.437172,0.697844,-0.060648,-0.82957,0.899412,-0.236522,-0.434259,0.680855,-0.060834,-0.830315,0.895653,-0.239067,-0.445693,0.669139
581,-0.04666,-0.85719,0.886301,-0.246769,-0.448293,0.669347,-0.041817,-0.852084,0.895703,-0.247056,-0.42468,0.685904,-0.037783,-0.844622,0.888011,-0.226998,-0.459974,0.689081,-0.041727,-0.839651,0.888293,-0.251866,-0.437121,0.679906
582,-0.024791,-0.857576,0.879859,-0.219874,-0.474543,0.685746,-0.028525,-0.864942,0.874346,-0.227639,-0.451393,0.67789,-0.025161,-0.848826,0.875024,-0.224464,-0.458431,0.688632,-0.023259,-0.852663,0.883624,-0.214547,-0.450603,0.68615
583,-0.0049,-0.858205,0.864702,-0.215053,-0.470168,0.680913,-0.002631,-0.855235,0.863687,-0.18971,-0.457842,0.680633,-0.001874,-0.861031,0.855392,-0.215712,-0.471934,0.677492,0.008042,-0.856262,0.863961,-0.188632,-0.465208,0.672498
584,0.018504,-0.875312,0.860835,-0.205569,-0.481162,0.685368,0.01131,-0.877588,0.853205,-0.195132,-0.468179,0.685049,0.009231,-0.869905,0.857461,-0.187402,-0.462937,0.663636,0.008332,-0.87252,0.864259,-0.198445,-0.462602,0.674248
585,0.02752,-0.881134,0.847673,-0.181638,-0.480975,0.667244,0.044653,-0.878662,0.850455,-0.173968,-0.476777,0.687458,0.034634,-0.882519,0.86266,-0.173185,-0.493507,0.685969,0.03584,-0.891757,0.849548,-0.196274,-0.476015,0.66183
586,0.042617,-0.896391,0.84155,-0.175032,-0.497387,0.678654,0.053379,-0.896843,0.836964,-0.175662,-0.514658,0.669593,0.034756,-0.892507,0.8432,-0.180212,-0.500921,0.66142,0.051712,-0.886008,0.841298,-0.17891,-0.502428,0.657289
587,0.06975,-0.901803,0.827294,-0.174639,-0.508175,0.635136,0.069432,-0.900293,0.82712,-0.164167,-0.50022,0.667639,0.062839,-0.903199,0.829773,-0.150146,-0.489353,0.668669,0.071062,-0.902432,0.835196,-0.148087,-0.505947,0.659167
588,0.080684,-0.903109,0.822839,-0.153627,-0.522445,0.664096,0.092781,-0.903491,0.816896,-0.132007,-0.508551,0.651095,0.087741,-0.909058,0.819817,-0.141951,-0.504671,0.664512,0.096006,-0.906103,0.8125,-0.157733,-0.528877,0.64764
589,0.114948,-0.914119,0.806437,-0.115554,-0.529625,0.645262,0.10944,-0.904204,0.800718,-0.138652,-0.52359,0.656533,0.11019,-0.910555,0.813391,-0.121903,-0.523123,0.657007,0.107942,-0.915383,0.806269,-0.135685,-0.527884,0.662742
590,0.123622,-0.930796,0.79551,-0.133406,-0.539801,0.65503,0.122888,-0.926943,0.793513,-0.095816,-0.529886,0.633859,0.131726,-0.928838,0.802657,-0.119888,-0.526961,0.646333,0.124088,-0.925159,0.794626,-0.116424,-0.550579,0.644101
591,0.151425,-0.935626,0.794145,-0.09836,-0.560823,0.664792,0.139678,-0.92722,0.783533,-0.104284,-0.536769,0.653009,0.135228,-0.927676,0.789771,-0.115711,-0.519431,0.63763,0.141173,-0.936344,0.795241,-0.084928,-0.521949,0.636044
592,0.160436,-0.937846,0.774043,-0.072728,-0.559244,0.634753,0.15135,-0.927404,0.766252,-0.105262,-0.542098,0.662874,0.16084,-0.939256,0.771302,-0.091758,-0.555968,0.633632,0.163911,-0.930838,0.771132,-0.087275,-0.545287,0.6392
593,0.181297,-0.94142,0.763452,-0.07701,-0.544913,0.644432,0.181007,-0.937535,0.756947,-0.073206,-0.562558,0.646236,0.186502,-0.941854,0.761406,-0.074334,-0.559067,0.624713,0.189757,-0.943577,0.765544,-0.075179,-0.552336,0.623364
594,0.194157,-0.948498,0.748826,-0.056782,-0.549492,0.62796,0.193214,-0.949124,0.741319,-0.076925,-0.557674,0.629816,0.201012,-0.953102,0.745665,-0.073117,-0.560485,0.641932,0.198156,-0.954173,0.741953,-0.054635,-0.572233,0.627327
595,0.217979,-0.946347,0.729564,-0.049062,-0.570602,0.628032,0.21181,-0.958565,0.730338,-0.057575,-0.582718,0.617069,0.22451,-0.946868,0.73097,-0.052566,-0.574936,0.615037,0.217803,-0.960777,0.744572,-0.045884,-0.563786,0.631224
596,0.238757,-0.948182,0.719667,-0.040442,-0.583006,0.607228,0.237851,-0.953342,0.721127,-0.036867,-0.565568,0.626036,0.240723,-0.963432,0.723349,-0.040561,-0.592345,0.638201,0.23766,-0.954156,0.71588,-0.037994,-0.566763,0.626344
597,0.248562,-0.957824,0.707232,-0.018406,-0.60248,0.612441,0.258592,-0.971659,0.714478,-0.039046,-0.572553,0.597888,0.256323,-0.961252,0.717131,-0.041097,-0.583283,0.612546,0.262841,-0.965679,0.706588,-0.03453,-0.612434,0.629491
598,0.263755,-0.964023,0.704643,-0.005694,-0.600325,0.600282,0.272933,-0.968455,0.700593,-0.004988,-0.589814,0.609504,0.262302,-0.967492,0.699796,-0.042666,-0.5908,0.60949,0.282441,-0.972232,0.696921,-0.015692,-0.613768,0.598424
599,0.289943,-0.975478,0.686424,-2.5e-05,-0.603475,0.597644,0.291788,-0.977902,0.673748,-0.019457,-0.602707,0.603173,0.296283,-0.980927,0.692819,0.00855,-0.592849,0.603449,0.280238,-0.977645,0.682028,-0.014655,-0.600235,0.620672
600,0.304126,-0.980504,0.675429,0.025753,-0.600104,0.599143,0.308736,-0.977071,0.668857,0.015658,-0.601812,0.586266,0.31037,-0.97425,0.670726,0.017002,-0.618053,0.573907,0.309013,-0.978548,0.674813,-0.008087,-0.621353,0.583901
601,0.331982,-0.97782,0.64633,0.011293,-0.619929,0.577422,0.324266,-0.986788,0.660549,0.019824,-0.61071,0.587256,0.333529,-0.979096,0.652639,0.027266,-0.609465,0.591014,0.333356,-0.973249,0.650283,0.04286,-0.601136,0.592371
602,0.338792,-0.990622,0.636237,0.039711,-0.629137,0.579364,0.344312,-0.984274,0.627671,0.034402,-0.608639,0.57244,0.342118,-0.985671,0.641617,0.025294,-0.614238,0.577281,0.344941,-0.98444,0.633768,0.027192,-0.633011,0.597847
603,0.364178,-0.979466,0.630684,0.055062,-0.626667,0.581452,0.363157,-0.987855,0.624397,0.032661,-0.617461,0.579042,0.37063,-0.99029,0.635686,0.06241,-0.608532,0.593218,0.36853,-0.991669,0.63311,0.052962,-0.624333,0.576128
604,0.377051,-0.995227,0.617503,0.070434,-0.642658,0.565065,0.382775,-0.982078,0.616734,0.058805,-0.630666,0.581283,0.381074,-0.993777,0.609002,0.03589,-0.612561,0.572316,0.380342,-0.990063,0.613711,0.056323,-0.635076,0.577611
605,0.397674,-0.998961,0.593859,0.095534,-0.622767,0.550803,0.396761,-0.984869,0.586624,0.056232,-0.630347,0.556728,0.39413,-0.989363,0.597026,0.098803,-0.629074,0.560433,0.397425,-0.99035,0.593889,0.085767,-0.629668,0.546263
606,0.417847,-0.995583,0.574003,0.083343,-0.645241,0.539413,0.403147,-1.000777,0.587436,0.086031,-0.622817,0.54383,0.413245,-0.994542,0.570239,0.094849,-0.644511,0.556608,0.408473,-0.991633,0.586504,0.083568,-0.642609,0.549874
607,0.426001,-0.986695,0.566053,0.08343,-0.639808,0.543057,0.430157,-0.993119,0.566283,0.076307,-0.641593,0.560633,0.430911,-0.989028,0.563151,0.098988,-0.638841,0.556388,0.432988,-0.997923,0.57162,0.098959,-0.638557,0.551724
608,0.446996,-1.00692,0.54357,0.107806,-0.642784,0.540439,0.455208,-1.006997,0.547359,0.111799,-0.656376,0.547773,0.439847,-1.004207,0.551078,0.115627,-0.642726,0.541115,0.446416,-1.004597,0.54811,0.115717,-0.638976,0.527754
609,0.471758,-0.999985,0.53415,0.123632,-0.638899,0.524461,0.476596,-1.004062,0.542776,0.11395,-0.665935,0.521395,0.467039,-0.996931,0.522989,0.123276,-0.664392,0.536643,0.460213,-0.989503,0.526322,0.108769,-0.656131,0.523376
610,0.47818,-1.004453,0.515201,0.147109,-0.643467,0.511356,0.483577,-0.995637,0.520338,0.143052,-0.649092,0.522526,0.479982,-0.999656,0.509721,0.145034,-0.660682,0.51354,0.468904,-1.00871,0.51339,0.164967,-0.661303,0.523666
611,0.493607,-1.006434,0.506753,0.143995,-0.672861,0.50521,0.499123,-0.99453,0.495338,0.154197,-0.633076,0.530159,0.499564,-0.982904,0.508996,0.141959,-0.665442,0.520343,0.503548,-0.993985,0.501393,0.138311,-0.672643,0.519653
612,0.518537,-1.00903,0.484705,0.161292,-0.65486,0.505369,0.51988,-0.989349,0.488022,0.167362,-0.663057,0.485128,0.511763,-1.007098,0.485287,0.176074,-0.670976,0.499889,0.509477,-0.993742,0.480318,0.163752,-0.657831,0.512636
613,0.535892,-0.999039,0.471267,0.164411,-0.672784,0.498709,0.532056,-0.996827,0.46317,0.153107,-0.667277,0.513163,0.536505,-0.999486,0.468307,0.170991,-0.667623,0.50134,0.535035,-0.99039,0.47196,0.179782,-0.660005,0.486225
614,0.551182,-0.995201,0.456585,0.187688,-0.687714,0.48433,0.542552,-0.996623,0.461319,0.177065,-0.669559,0.46539,0.549453,-1.001173,0.454971,0.181842,-0.659602,0.485195,0.54371,-0.999612,0.445134,0.186445,-0.670556,0.479283
615,0.557417,-0.996699,0.43846,0.214481,-0.684526,0.474039,0.565118,-0.998368,0.43184,0.190885,-0.677896,0.478341,0.565895,-1.002594,0.430902,0.206344,-0.687684,0.481625,0.558398,-1.000686,0.425864,0.194258,-0.673135,0.454682
616,0.56863,-0.998785,0.413426,0.198564,-0.687993,0.462429,0.584362,-0.990349,0.41687,0.21105,-0.678473,0.473475,0.57508,-0.995174,0.410366,0.214479,-0.667811,0.451607,0.57386,-0.991972,0.426222,0.207626,-0.696924,0.477044
617,0.597066,-0.989525,0.397263,0.240547,-0.65848,0.457549,0.592036,-0.988671,0.40322,0.22851,-0.68261,0.452653,0.596279,-0.995164,0.399491,0.223442,-0.677514,0.448573,0.588599,-0.991459,0.398608,0.227685,-0.666533,0.444872
618,0.608897,-0.990894,0.378478,0.231813,-0.668729,0.449726,0.617365,-0.991917,0.39137,0.240984,-0.683693,0.448207,0.613,-0.983631,0.385981,0.23423,-0.668051,0.442793,0.599681,-0.987748,0.390335,0.235513,-0.678539,0.454005
619,0.622655,-0.991455,0.36443,0.24964,-0.689197,0.438173,0.625524,-0.990997,0.361191,0.255212,-0.687433,0.43972,0.621434,-0.991436,0.367409,0.258634,-0.681387,0.439701,0.620117,-0.988074,0.35705,0.253722,-0.670746,0.446678
620,0.640059,-0.992844,0.351443,0.254938,-0.690657,0.432436,0.634325,-0.979234,0.353477,0.274854,-0.704499,0.419449,0.631304,-0.987709,0.34269,0.271656,-0.68515,0.429879,0.64451,-0.983464,0.355724,0.265894,-0.694761,0.426131
621,0.654148,-0.969878,0.328217,0.2903,-0.689359,0.431185,0.645808,-0.988119,0.332049,0.281442,-0.694756,0.416216,0.655035,-0.990251,0.345368,0.275989,-0.691778,0.427451,0.651513,-0.976366,0.334518,0.293339,-0.676879,0.412838
622,0.668282,-0.977232,0.309049,0.297753,-0.683597,0.418723,0.671554,-0.97377,0.322317,0.286774,-0.692318,0.398363,0.660232,-0.978933,0.310126,0.300674,-0.69651,0.409483,0.666251,-0.975906,0.315734,0.295234,-0.688667,0.390881
623,0.682062,-0.974414,0.293306,0.300762,-0.690506,0.386905,0.676455,-0.97349,0.294566,0.321234,-0.689639,0.397529,0.681006,-0.983881,0.301732,0.288918,-0.679993,0.384396,0.690052,-0.97199,0.297335,0.277443,-0.709144,0.381825
624,0.696486,-0.967616,0.284159,0.318313,-0.7018,0.40061,0.689836,-0.970555,0.271584,0.303925,-0.675039,0.367503,0.687445,-0.968279,0.273582,0.312088,-0.68793,0.383948,0.69299,-0.963137,0.281326,0.304637,-0.696992,0.365951
625,0.70831,-0.961794,0.265042,0.322869,-0.708552,0.376349,0.70444,-0.970142,0.260935,0.328415,-0.67633,0.368739,0.707756,-0.962669,0.249823,0.323785,-0.690738,0.375796,0.707985,-0.971946,0.259156,0.329715,-0.692499,0.358252
626,0.72281,-0.960574,0.248264,0.340294,-0.709784,0.360772,0.718207,-0.957123,0.248432,0.333788,-0.686743,0.340709,0.718506,-0.958609,0.239868,0.327963,-0.685533,0.37473,0.712077,-0.965603,0.237134,0.321692,-0.715328,0.354794
627,0.726059,-0.962255,0.230575,0.345887,-0.691168,0.358639,0.739029,-0.960269,0.215908,0.345342,-0.720242,0.353254,0.737555,-0.956836,0.214579,0.355298,-0.691967,0.339176,0.727183,-0.960937,0.211183,0.319656,-0.687146,0.351839
628,0.750491,-0.952896,0.189364,0.358545,-0.702736,0.329438,0.742338,-0.949266,0.193977,0.355477,-0.683115,0.338839,0.73745,-0.956232,0.203073,0.375956,-0.696098,0.333496,0.751873,-0.945391,0.2059,0.359462,-0.696328,0.333997
629,0.759186,-0.943549,0.186456,0.364522,-0.684281,0.327147,0.758899,-0.945865,0.183945,0.375172,-0.686505,0.309845,0.761073,-0.941267,0.191872,0.37242,-0.693781,0.327116,0.756524,-0.944171,0.190711,0.372076,-0.688743,0.308119
630,0.773924,-0.933266,0.179593,0.393488,-0.672627,0.314529,0.767336,-0.933925,0.165107,0.383419,-0.680093,0.325898,0.767401,-0.927702,0.169609,0.378113,-0.69034,0.310822,0.7727,-0.930677,0.167308,0.381282,-0.701047,0.319583
631,0.776042,-0.92133,0.146294,0.389238,-0.674728,0.302013,0.781646,-0.933752,0.153048,0.361966,-0.700869,0.302851,0.780524,-0.926274,0.147432,0.38485,-0.682351,0.296289,0.782736,-0.925874,0.146128,0.390739,-0.704849,0.307336
632,0.791931,-0.92089,0.134757,0.415174,-0.700119,0.291939,0.785596,-0.930119,0.121237,0.405401,-0.685598,0.281911,0.797867,-0.919724,0.133218,0.390655,-0.684312,0.277136,0.800558,-0.926648,0.140716,0.404177,-0.678518,0.298721
633,0.812726,-0.919071,0.107969,0.398507,-0.678221,0.270561,0.811317,-0.922341,0.114126,0.401667,-0.695148,0.285789,0.808858,-0.918073,0.114602,0.400641,-0.67856,0.273053,0.807165,-0.922769,0.119184,0.397755,-0.674956,0.287701
634,0.819094,-0.909037,0.086518,0.429561,-0.693826,0.257576,0.818673,-0.913774,0.081564,0.427286,-0.680326,0.285195,0.815592,-0.904052,0.094044,0.419431,-0.698398,0.259832,0.814863,-0.915936,0.087931,0.420581,-0.69859,0.252075
635,0.82563,-0.898701,0.082755,0.464983,-0.692164,0.25753,0.825261,-0.89691,0.073257,0.435187,-0.687407,0.254393,0.824259,-0.892108,0.074425,0.419867,-0.671719,0.26031,0.835511,-0.899302,0.070946,0.416243,-0.681999,0.265237
636,0.837958,-0.890682,0.063773,0.442653,-0.66714,0.24532,0.835948,-0.888094,0.060276,0.44319,-0.706361,0.245755,0.836228,-0.89291,0.057388,0.450311,-0.686734,0.233425,0.837676,-0.892796,0.047925,0.449471,-0.674439,0.250888
637,0.854972,-0.887326,0.032617,0.460011,-0.680716,0.23474,0.84453,-0.883528,0.033562,0.449698,-0.675811,0.226166,0.851822,-0.889941,0.026931,0.456409,-0.677418,0.228759,0.843176,-0.8821,0.025178,0.464571,-0.687016,0.209155
638,0.859218,-0.869926,0.011998,0.467211,-0.685513,0.206884,0.858452,-0.879775,0.023032,0.466024,-0.668021,0.216851,0.856112,-0.876638,0.017303,0.466673,-0.688282,0.205934,0.848213,-0.87563,0.022295,0.462066,-0.685265,0.218383
639,0.874972,-0.859421,-0.008827,0.466315,-0.676898,0.209238,0.880179,-0.87099,-0.009092,0.472117,-0.687256,0.207986,0.865405,-0.865301,0.003803,0.460772,-0.676406,0.212324,0.86625,-0.862776,-0.002763,0.468672,-0.673056,0.203945
640,0.883155,-0.854641,-0.018264,0.476511,-0.659944,0.201112,0.886398,-0.856433,-0.025971,0.48011,-0.674488,0.192918,0.880881,-0.855887,-0.019642,0.473142,-0.656068,0.187322,0.88033,-0.853834,-0.01623,0.489443,-0.677551,0.18074
641,0.887427,-0.842531,-0.03302,0.498422,-0.678114,0.163111,0.882924,-0.845586,-0.040277,0.48969,-0.668578,0.179919,0.879536,-0.841955,-0.035263,0.489667,-0.672362,0.183326,0.887477,-0.850438,-0.045507,0.498999,-0.677169,0.164625
642,0.894706,-0.832714,-0.062322,0.495803,-0.6543,0.178213,0.88136,-0.84178,-0.062782,0.480355,-0.659393,0.16725,0.887596,-0.836638,-0.049892,0.500185,-0.686789,0.174246,0.897978,-0.827962,-0.057915,0.505466,-0.653959,0.175192
643,0.898408,-0.831941,-0.078003,0.511746,-0.664017,0.14325,0.90801,-0.822242,-0.066416,0.511979,-0.647816,0.158152,0.906244,-0.823308,-0.077703,0.515421,-0.670464,0.175237,0.899458,-0.816788,-0.086643,0.50371,-0.659096,0.137254
644,0.91095,-0.810182,-0.106706,0.532652,-0.660987,0.159,0.910466,-0.81252,-0.099243,0.517978,-0.660465,0.146065,0.904719,-0.811355,-0.091795,0.512555,-0.658062,0.143781,0.904853,-0.811935,-0.098799,0.508641,-0.665958,0.147632
645,0.918765,-0.802521,-0.108405,0.525135,-0.655013,0.119692,0.920357,-0.801641,-0.113955,0.500144,-0.663174,0.136072,0.91132,-0.793426,-0.109706,0.509687,-0.656242,0.138669,0.925644,-0.805151,-0.111834,0.534976,-0.654788,0.105065
646,0.92397,-0.800318,-0.128234,0.541208,-0.642296,0.122811,0.924944,-0.789895,-0.137937,0.533309,-0.653258,0.118316,0.929898,-0.783128,-0.130811,0.529262,-0.64443,0.1113,0.924512,-0.792471,-0.134755,0.543274,-0.649504,0.115925
647,0.933012,-0.784792,-0.152822,0.556693,-0.643516,0.105136,0.934414,-0.784756,-0.155471,0.547401,-0.652353,0.09699,0.932388,-0.778303,-0.155985,0.551792,-0.640878,0.086663,0.933095,-0.784196,-0.16277,0.544989,-0.656664,0.123081
648,0.945934,-0.770154,-0.171204,0.539292,-0.62424,0.097435,0.944802,-0.775596,-0.174251,0.548333,-0.648727,0.09046,0.94712,-0.77066,-0.165852,0.557197,-0.636349,0.101813,0.944453,-0.766256,-0.164751,0.53946,-0.639636,0.09205
649,0.942154,-0.742177,-0.184951,0.562368,-0.65381,0.076996,0.952376,-0.759734,-0.190394,0.562575,-0.618594,0.060574,0.939855,-0.754268,-0.185239,0.548114,-0.638707,0.092144,0.947088,-0.758374,-0.188401,0.559473,-0.638791,0.085605
650,0.951159,-0.747445,-0.208854,0.562407,-0.624269,0.056482,0.946253,-0.736394,-0.212372,0.577406,-0.625021,0.06164,0.94286,-0.741083,-0.206944,0.53614,-0.636064,0.061327,0.942085,-0.741877,-0.206357,0.59456,-0.604341,0.064634
651,0.958896,-0.721437,-0.223974,0.574053,-0.623092,0.050718,0.95706,-0.726904,-0.234538,0.567178,-0.624765,0.043932,0.958406,-0.723219,-0.222618,0.572252,-0.625956,0.047143,0.949136,-0.733247,-0.229136,0.576223,-0.616199,0.053843
652,0.955419,-0.717744,-0.240723,0.587739,-0.633072,0.040664,0.971357,-0.716488,-0.237734,0.572175,-0.606701,0.04187,0.956952,-0.715854,-0.237696,0.56888,-0.607024,0.030113,0.952804,-0.709327,-0.245206,0.585745,-0.629771,0.02202
653,0.96544,-0.70576,-0.272241,0.583333,-0.616625,0.023975,0.960241,-0.701406,-0.26775,0.58366,-0.606828,0.013778,0.970624,-0.705916,-0.266611,0.590816,-0.61198,0.032419,0.969606,-0.709883,-0.260769,0.586806,-0.610769,0.024472
654,0.967977,-0.697175,-0.278733,0.591001,-0.595615,0.003971,0.973826,-0.689974,-0.274273,0.576168,-0.600822,0.020401,0.967973,-0.689747,-0.274154,0.607776,-0.608907,-0.001903,0.966554,-0.687342,-0.288572,0.586871,-0.606649,0.011126
655,0.968773,-0.675819,-0.298036,0.599306,-0.580416,-0.002318,0.967715,-0.677662,-0.306747,0.61355,-0.605135,-0.007495,0.967777,-0.683853,-0.294254,0.598221,-0.60567,-0.002255,0.977247,-0.676687,-0.312945,0.590788,-0.590761,0.00559
656,0.987862,-0.65682,-0.305149,0.616903,-0.597475,-0.000648,0.976127,-0.660554,-0.314818,0.602916,-0.598114,-0.023332,0.971407,-0.657838,-0.312389,0.60262,-0.603529,-0.01452,0.97931,-0.65904,-0.314203,0.605804,-0.580249,-0.015828
657,0.983694,-0.647199,-0.336727,0.624034,-0.598312,-0.019771,0.981493,-0.647831,-0.339459,0.623818,-0.573293,-0.034742,0.990331,-0.651331,-0.327511,0.606957,-0.587343,-0.035801,0.985326,-0.650812,-0.333252,0.621907,-0.586766,-0.021773
658,0.988125,-0.628575,-0.348471,0.644113,-0.598017,-0.056829,0.980176,-0.630747,-0.35295,0.624721,-0.583979,-0.052958,0.978558,-0.634491,-0.349901,0.633108,-0.571626,-0.048949,0.989769,-0.628981,-0.357095,0.627813,-0.586086,-0.068713
659,0.986942,-0.612373,-0.376806,0.637453,-0.58381,-0.044834,0.973819,-0.615863,-0.373701,0.627858,-0.571973,-0.049609,0.992498,-0.624145,-0.37229,0.628824,-0.564954,-0.051455,0.993592,-0.625461,-0.374699,0.637498,-0.560614,-0.062922
660,0.994476,-0.607335,-0.387879,0.620685,-0.567662,-0.055531,0.98981,-0.61133,-0.391967,0.659259,-0.566594,-0.078043,0.989427,-0.597014,-0.39144,0.615514,-0.562097,-0.05991,0.985994,-0.599138,-0.380837,0.637956,-0.562298,-0.064343
661,0.994834,-0.600891,-0.402138,0.632649,-0.555452,-0.063001,0.997993,-0.596633,-0.394281,0.636395,-0.563449,-0.066835,0.996036,-0.591425,-0.411038,0.650044,-0.543821,-0.067651,0.987282,-0.588596,-0.402953,0.638473,-0.544796,-0.092771
662,0.991819,-0.564693,-0.422593,0.654083,-0.542241,-0.108513,0.996125,-0.570258,-0.417873,0.625423,-0.545609,-0.095597,0.995818,-0.570266,-0.4293,0.637606,-0.539014,-0.086606,0.998209,-0.566686,-0.428224,0.636805,-0.552064,-0.079377
663,0.994745,-0.555851,-0.436912,0.654666,-0.534235,-0.118284,0.998259,-0.561892,-0.432686,0.627596,-0.548269,-0.118071,0.999022,-0.550167,-0.444335,0.649275,-0.539845,-0.095475,0.995523,-0.551317,-0.443235,0.629574,-0.543192,-0.103527
664,0.995838,-0.534893,-0.46044,0.64991,-0.555627,-0.11009,1.00343,-0.533395,-0.459044,0.65107,-0.527904,-0.096787,0.993722,-0.537788,-0.453445,0.644467,-0.545463,-0.129889,0.998533,-0.543991,-0.461992,0.652623,-0.551054,-0.12074
665,0.994198,-0.526362,-0.475868,0.662796,-0.525036,-0.13218,0.98946,-0.530074,-0.478094,0.659447,-0.526145,-0.140387,0.997676,-0.529511,-0.464217,0.652287,-0.536082,-0.148116,0.995241,-0.525329,-0.469327,0.659315,-0.526632,-0.140636
666,1.001017,-0.506845,-0.481169,0.649117,-0.517092,-0.154597,1.00805,-0.510465,-0.489139,0.649333,-0.511606,-0.138857,0.998415,-0.517896,-0.491234,0.646254,-0.522643,-0.153981,1.002305,-0.519889,-0.493909,0.668703,-0.518999,-0.13696
