sample_idx,Va_1,Vb_1,Vc_1,Ia_1,Ib_1,Ic_1,Va_5,Vb_5,Vc_5,Ia_5,Ib_5,Ic_5,Va_10,Vb_10,Vc_10,Ia_10,Ib_10,Ic_10,Va_30,Vb_30,Vc_30,Ia_30,Ib_30,Ic_30
0,0.999587,-0.496692,-0.503346,0.350681,-0.269066,-0.073941,0.999432,-0.506401,-0.498328,0.358475,-0.275726,-0.097208,1.00466,-0.508868,-0.503993,0.356707,-0.26951,-0.092001,0.998867,-0.502769,-0.496527,0.372481,-0.278779,-0.081521
1,0.998449,-0.475912,-0.511803,0.381397,-0.287781,-0.09425,0.988264,-0.482865,-0.515876,0.349841,-0.272483,-0.091157,1.002016,-0.480881,-0.508499,0.35471,-0.273494,-0.102841,1.002119,-0.484179,-0.516673,0.372743,-0.268759,-0.075094
2,1.000108,-0.469575,-0.526722,0.348617,-0.286933,-0.093945,0.994907,-0.467705,-0.524319,0.376892,-0.262421,-0.089922,0.991489,-0.460823,-0.540332,0.371645,-0.257002,-0.103853,0.991557,-0.471695,-0.542343,0.351197,-0.258352,-0.078819
3,0.999249,-0.449502,-0.547383,0.365712,-0.266483,-0.106006,1.004605,-0.444792,-0.550401,0.356193,-0.265136,-0.101594,1.001609,-0.447653,-0.543332,0.377036,-0.27303,-0.08595,0.995432,-0.446079,-0.555835,0.368713,-0.287277,-0.104687
4,1.010059,-0.435302,-0.568398,0.3881,-0.258683,-0.110516,0.999213,-0.416077,-0.56209,0.369378,-0.24567,-0.104803,0.999317,-0.428413,-0.565095,0.383871,-0.264749,-0.12051,0.995266,-0.426381,-0.565797,0.362376,-0.23956,-0.112735
5,0.991479,-0.421076,-0.573371,0.368137,-0.255821,-0.126718,1.000573,-0.419289,-0.568421,0.3831,-0.264248,-0.114045,0.996053,-0.41899,-0.575889,0.354057,-0.264371,-0.106234,0.998349,-0.407484,-0.58325,0.371606,-0.252266,-0.102599
6,0.994594,-0.406178,-0.595758,0.379836,-0.245927,-0.134184,0.994782,-0.411189,-0.594203,0.372418,-0.253198,-0.125462,0.994818,-0.401245,-0.594786,0.372358,-0.264526,-0.126517,0.990066,-0.396769,-0.599835,0.377651,-0.243033,-0.138729
7,0.995609,-0.377263,-0.602033,0.392622,-0.2361,-0.139474,0.993335,-0.379356,-0.604529,0.363996,-0.236173,-0.140511,0.994359,-0.373047,-0.603358,0.383087,-0.260349,-0.136176,0.996565,-0.385948,-0.610748,0.371718,-0.248991,-0.141555
8,0.987761,-0.358175,-0.63651,0.37942,-0.23964,-0.148623,0.987254,-0.36021,-0.620314,0.378759,-0.246483,-0.134538,0.992733,-0.364707,-0.622698,0.374691,-0.231419,-0.131691,0.979639,-0.364351,-0.615207,0.383599,-0.234632,-0.147356
9,0.985383,-0.348739,-0.63599,0.373734,-0.232374,-0.134119,0.984606,-0.341257,-0.637764,0.393734,-0.230286,-0.147716,0.981295,-0.344657,-0.634026,0.381998,-0.239413,-0.154648,0.987703,-0.347943,-0.631405,0.381111,-0.222214,-0.152859
10,0.98846,-0.321613,-0.648683,0.373379,-0.241303,-0.150301,0.986532,-0.33496,-0.660929,0.395335,-0.233038,-0.154638,0.978005,-0.324664,-0.65087,0.398756,-0.228498,-0.161997,0.982879,-0.330578,-0.652942,0.381545,-0.23193,-0.16928
11,0.984825,-0.308253,-0.660057,0.392319,-0.217688,-0.157251,0.978298,-0.306364,-0.675585,0.377377,-0.23154,-0.150642,0.976435,-0.309859,-0.663389,0.376629,-0.223082,-0.160195,0.985567,-0.311635,-0.66576,0.390818,-0.220811,-0.163401
12,0.98415,-0.299465,-0.679204,0.377475,-0.230524,-0.149882,0.991898,-0.285845,-0.680015,0.36447,-0.234029,-0.164924,0.979893,-0.287668,-0.687075,0.383434,-0.21291,-0.165982,0.981017,-0.296155,-0.681697,0.373423,-0.217402,-0.166534
13,0.9679,-0.276192,-0.698141,0.381446,-0.211398,-0.178772,0.974971,-0.27352,-0.69501,0.389587,-0.20384,-0.185203,0.977101,-0.268371,-0.678891,0.383126,-0.222243,-0.157944,0.974621,-0.279237,-0.686258,0.372836,-0.207437,-0.155603
14,0.95391,-0.253463,-0.705136,0.377513,-0.211694,-0.185277,0.96285,-0.255781,-0.703087,0.384315,-0.193239,-0.189747,0.961273,-0.250933,-0.710261,0.385619,-0.199158,-0.186254,0.956773,-0.263118,-0.712793,0.368195,-0.211428,-0.171312
15,0.945699,-0.240062,-0.728623,0.375195,-0.185548,-0.184427,0.953142,-0.237234,-0.720937,0.397975,-0.180623,-0.16981,0.95739,-0.241848,-0.730866,0.386063,-0.19447,-0.18653,0.954673,-0.231531,-0.719744,0.371948,-0.198797,-0.175815
16,0.955492,-0.218553,-0.741925,0.37939,-0.190056,-0.202125,0.951527,-0.212223,-0.733142,0.387482,-0.194036,-0.192003,0.966611,-0.226298,-0.736283,0.387911,-0.180942,-0.177451,0.94842,-0.212464,-0.732042,0.374119,-0.200275,-0.194707
17,0.944473,-0.203514,-0.750993,0.382748,-0.182718,-0.196241,0.94436,-0.204536,-0.747982,0.388241,-0.188886,-0.201118,0.948324,-0.192956,-0.753257,0.372557,-0.175428,-0.207422,0.949677,-0.190915,-0.748791,0.393885,-0.184775,-0.196824
18,0.943036,-0.191713,-0.761603,0.382918,-0.175352,-0.202093,0.943307,-0.174899,-0.753589,0.384311,-0.165888,-0.192421,0.943769,-0.174936,-0.754198,0.36513,-0.16117,-0.214776,0.947601,-0.182541,-0.755505,0.380156,-0.187328,-0.213219
19,0.937389,-0.161648,-0.764746,0.372642,-0.181387,-0.197883,0.93712,-0.167956,-0.774704,0.370916,-0.164203,-0.187809,0.940972,-0.160178,-0.767389,0.397937,-0.166839,-0.207679,0.936984,-0.168316,-0.769887,0.380835,-0.188696,-0.20123
20,0.925533,-0.145867,-0.778195,0.394579,-0.169664,-0.210366,0.928031,-0.143196,-0.778415,0.40191,-0.159217,-0.221231,0.936922,-0.14931,-0.78222,0.373233,-0.174826,-0.218376,0.931079,-0.157415,-0.78246,0.381673,-0.164998,-0.209161
21,0.918591,-0.132725,-0.80346,0.37492,-0.175948,-0.232083,0.9237,-0.126381,-0.796657,0.375351,-0.154643,-0.215373,0.928559,-0.128313,-0.790297,0.361924,-0.169734,-0.23403,0.927812,-0.125621,-0.799281,0.360562,-0.161367,-0.226195
22,0.919079,-0.112662,-0.808135,0.374115,-0.14429,-0.226714,0.922078,-0.117284,-0.79913,0.391628,-0.158282,-0.2144,0.921538,-0.111772,-0.808003,0.358306,-0.153793,-0.237846,0.911812,-0.104003,-0.815661,0.386267,-0.149555,-0.221622
23,0.908561,-0.091615,-0.811534,0.38205,-0.146948,-0.22899,0.916206,-0.090432,-0.815429,0.397287,-0.145499,-0.23767,0.910255,-0.09624,-0.822936,0.383856,-0.150155,-0.221768,0.912023,-0.087077,-0.81942,0.380834,-0.150522,-0.234013
24,0.903374,-0.075033,-0.830973,0.375652,-0.134269,-0.238471,0.899968,-0.064399,-0.812617,0.365765,-0.142668,-0.237017,0.901454,-0.07543,-0.835757,0.370703,-0.137558,-0.235094,0.906506,-0.078904,-0.831454,0.36268,-0.128547,-0.228768
25,0.881132,-0.046724,-0.835055,0.378513,-0.151664,-0.232665,0.888607,-0.058118,-0.831982,0.370816,-0.121836,-0.241944,0.897975,-0.050293,-0.834059,0.384654,-0.131488,-0.253303,0.884937,-0.050057,-0.846229,0.381003,-0.136245,-0.232158
26,0.879185,-0.037501,-0.845032,0.383821,-0.11895,-0.24329,0.878398,-0.032824,-0.850505,0.365417,-0.12161,-0.263536,0.878014,-0.032441,-0.859797,0.389232,-0.115804,-0.254083,0.881202,-0.03099,-0.851144,0.371829,-0.120756,-0.255762
27,0.867911,-0.00495,-0.850443,0.368408,-0.113479,-0.271121,0.875126,-0.008512,-0.852477,0.358539,-0.101475,-0.267644,0.867365,-0.012978,-0.865504,0.36959,-0.127144,-0.250154,0.88273,-0.00996,-0.852474,0.364792,-0.116731,-0.271758
28,0.857605,0.011398,-0.868109,0.379859,-0.10332,-0.259855,0.857714,0.005736,-0.865787,0.37384,-0.120888,-0.263985,0.860086,0.003763,-0.862289,0.37602,-0.112954,-0.254839,0.864481,0.008377,-0.86946,0.365214,-0.123011,-0.267541
29,0.850655,0.025693,-0.882355,0.358282,-0.110365,-0.232989,0.853862,0.021255,-0.871651,0.361388,-0.10402,-0.273971,0.852614,0.028876,-0.877289,0.375979,-0.111362,-0.262252,0.850534,0.025846,-0.871133,0.374544,-0.09012,-0.260834
30,0.844662,0.045396,-0.88514,0.369236,-0.093987,-0.275039,0.835518,0.046518,-0.876215,0.368985,-0.089285,-0.270334,0.838538,0.046468,-0.889388,0.363034,-0.083929,-0.26622,0.841354,0.036654,-0.882974,0.364912,-0.087576,-0.263432
31,0.828044,0.058594,-0.89284,0.361569,-0.084654,-0.260633,0.835761,0.068327,-0.88776,0.370235,-0.113736,-0.275152,0.837291,0.058014,-0.895039,0.37774,-0.083906,-0.290662,0.838218,0.057974,-0.889589,0.373273,-0.09134,-0.263372
32,0.827721,0.075574,-0.912291,0.377508,-0.095922,-0.26791,0.819694,0.080339,-0.896879,0.365057,-0.073144,-0.275196,0.820208,0.071411,-0.907761,0.349477,-0.065204,-0.284898,0.819881,0.078041,-0.897649,0.366454,-0.078856,-0.30381
33,0.803329,0.098697,-0.919846,0.358061,-0.078646,-0.29114,0.806638,0.096701,-0.911392,0.349362,-0.076706,-0.297944,0.815194,0.09749,-0.903828,0.351235,-0.075192,-0.283333,0.816513,0.101469,-0.912334,0.377675,-0.084231,-0.289707
34,0.804526,0.116576,-0.916076,0.367794,-0.062057,-0.28231,0.79934,0.117516,-0.919982,0.385745,-0.064592,-0.3061,0.811449,0.106568,-0.925041,0.357167,-0.059657,-0.290602,0.798116,0.121799,-0.926042,0.345784,-0.076563,-0.278461
35,0.787158,0.127296,-0.92253,0.349294,-0.068934,-0.288516,0.793807,0.138676,-0.927549,0.359812,-0.070802,-0.297449,0.789387,0.137834,-0.927467,0.341027,-0.073162,-0.296012,0.788007,0.135834,-0.9283,0.36163,-0.068387,-0.296264
36,0.774962,0.151377,-0.933636,0.344251,-0.043775,-0.289489,0.779655,0.151603,-0.940948,0.377309,-0.04335,-0.298982,0.780042,0.14478,-0.934569,0.34561,-0.07462,-0.295113,0.77597,0.153028,-0.936453,0.350862,-0.048379,-0.30299
37,0.764855,0.174784,-0.935041,0.353593,-0.054734,-0.301096,0.763852,0.171852,-0.943879,0.348247,-0.035006,-0.287915,0.760074,0.168696,-0.950836,0.364114,-0.035552,-0.299536,0.763021,0.178346,-0.937582,0.339306,-0.047493,-0.312428
38,0.752011,0.196726,-0.9572,0.342962,-0.035348,-0.314044,0.760702,0.183464,-0.95233,0.357361,-0.048971,-0.31378,0.75288,0.194224,-0.946142,0.333939,-0.056361,-0.296748,0.746676,0.181157,-0.948288,0.336878,-0.032514,-0.300362
39,0.7406,0.203264,-0.947846,0.348138,-0.032543,-0.313364,0.735741,0.218715,-0.94978,0.34089,-0.025539,-0.315388,0.742644,0.215334,-0.950223,0.343343,-0.033281,-0.30852,0.747628,0.207222,-0.951036,0.353701,-0.038882,-0.305628
40,0.735371,0.233035,-0.952103,0.32958,-0.027293,-0.318309,0.738167,0.235949,-0.958163,0.341991,-0.029861,-0.306449,0.729499,0.228793,-0.960157,0.336945,-0.0249,-0.315858,0.727051,0.235301,-0.951926,0.335867,-0.041088,-0.304914
41,0.71498,0.24644,-0.964069,0.334948,-0.014987,-0.322384,0.717334,0.239424,-0.970397,0.339008,-0.025529,-0.324589,0.7053,0.242533,-0.97292,0.334561,-0.039268,-0.323287,0.72255,0.243141,-0.960349,0.348039,-0.010735,-0.333888
42,0.696651,0.256135,-0.971795,0.333284,-0.007805,-0.330217,0.692907,0.264763,-0.965662,0.333856,-0.016534,-0.309106,0.705862,0.26716,-0.966189,0.337296,-0.014436,-0.322622,0.688513,0.269311,-0.968104,0.341467,-0.02725,-0.325238
43,0.686484,0.278543,-0.978648,0.32505,-0.016747,-0.334088,0.681425,0.28932,-0.965442,0.325996,-0.002234,-0.333972,0.69117,0.289242,-0.971929,0.324193,0.004293,-0.32772,0.68905,0.281425,-0.970352,0.337566,0.002004,-0.319773
44,0.677563,0.299371,-0.986751,0.311512,0.001668,-0.333528,0.68472,0.309595,-0.975679,0.352307,0.001602,-0.346735,0.671338,0.30705,-0.976382,0.313034,-0.000796,-0.335734,0.682546,0.313149,-0.980351,0.333095,-0.000381,-0.334421
45,0.654672,0.320153,-0.983135,0.32674,0.004504,-0.335534,0.663043,0.314185,-0.982445,0.330007,0.005926,-0.31438,0.664572,0.310271,-0.980979,0.314884,0.009669,-0.344418,0.667184,0.313986,-0.980073,0.329703,0.000976,-0.354668
46,0.638759,0.333208,-0.981402,0.322265,0.019072,-0.333457,0.647114,0.331585,-0.987116,0.307442,0.012811,-0.321649,0.63721,0.340546,-0.983162,0.310906,0.012066,-0.344173,0.640582,0.347272,-0.984611,0.329798,-0.003085,-0.328689
47,0.625532,0.359529,-0.988868,0.326172,0.023782,-0.351638,0.642118,0.354423,-0.99173,0.332574,0.007585,-0.349364,0.631598,0.349619,-0.993357,0.323264,0.016629,-0.334017,0.633447,0.346674,-0.992255,0.316366,0.009054,-0.348659
48,0.614505,0.363927,-0.987236,0.336025,0.038933,-0.332551,0.622979,0.367803,-0.986491,0.320524,0.033735,-0.348738,0.617019,0.374106,-0.992975,0.321346,0.03843,-0.359736,0.619368,0.368326,-0.995512,0.305045,0.034798,-0.340187
49,0.594975,0.389065,-0.996413,0.303594,0.040783,-0.350384,0.602043,0.385086,-0.990572,0.292799,0.038613,-0.352799,0.604451,0.388471,-0.991553,0.301336,0.04382,-0.346385,0.605483,0.389168,-1.001328,0.315968,0.036146,-0.334764
50,0.587283,0.408447,-0.991653,0.29853,0.058029,-0.36877,0.589302,0.403618,-0.994168,0.305727,0.034559,-0.353217,0.591339,0.4014,-0.989807,0.311534,0.035584,-0.341551,0.585214,0.402328,-0.99766,0.297226,0.051017,-0.359784
51,0.578093,0.422469,-0.995276,0.299953,0.029999,-0.343013,0.574779,0.426766,-0.992312,0.304224,0.040958,-0.341685,0.571374,0.413092,-1.005477,0.299141,0.060762,-0.33519,0.581428,0.417924,-0.992278,0.297239,0.04616,-0.355327
52,0.558622,0.44651,-0.99711,0.299171,0.064261,-0.358407,0.556134,0.445252,-0.999054,0.293417,0.067082,-0.358565,0.555221,0.448639,-0.998526,0.30113,0.054507,-0.370785,0.552104,0.434505,-0.995931,0.290877,0.058969,-0.349982
53,0.540254,0.45451,-0.994845,0.310756,0.070915,-0.352662,0.539421,0.459579,-1.000149,0.311401,0.05069,-0.36876,0.543414,0.457139,-1.002847,0.310789,0.069235,-0.350878,0.544699,0.461341,-1.002278,0.278735,0.071044,-0.351843
54,0.519718,0.471504,-0.992849,0.292771,0.080136,-0.342229,0.51365,0.480165,-1.004763,0.265863,0.068983,-0.352494,0.52671,0.478873,-0.995955,0.276811,0.058783,-0.366468,0.523449,0.471558,-1.002587,0.289261,0.06425,-0.353422
55,0.512859,0.494412,-1.010715,0.290231,0.085126,-0.346793,0.515361,0.494494,-1.004894,0.28638,0.096507,-0.366748,0.51329,0.491619,-0.999314,0.273667,0.086407,-0.363187,0.507679,0.493749,-1.002011,0.266824,0.098137,-0.370823
56,0.484514,0.516816,-1.003329,0.288332,0.077307,-0.361575,0.490907,0.494143,-1.004078,0.283926,0.086272,-0.365821,0.500249,0.514614,-1.00441,0.283678,0.086069,-0.376353,0.484349,0.501926,-0.999872,0.282157,0.079448,-0.365644
57,0.48187,0.513353,-1.009488,0.269449,0.100456,-0.369552,0.481362,0.523151,-0.997832,0.273447,0.10351,-0.360177,0.475848,0.519947,-0.997214,0.280779,0.097527,-0.36084,0.479058,0.51572,-0.997213,0.264384,0.087567,-0.357536
58,0.460813,0.543899,-1.00002,0.27043,0.081839,-0.368184,0.459394,0.534427,-1.001871,0.272801,0.096223,-0.376884,0.456463,0.530463,-1.003235,0.252522,0.112503,-0.367802,0.456374,0.53496,-1.010244,0.262869,0.108174,-0.370862
59,0.437257,0.559722,-1.005898,0.276553,0.121335,-0.363359,0.450459,0.551736,-0.997453,0.27089,0.109646,-0.386054,0.444624,0.562225,-0.995049,0.261533,0.109717,-0.361934,0.445955,0.547973,-0.997653,0.267941,0.129205,-0.372228
60,0.422304,0.575178,-0.997052,0.257091,0.123306,-0.360479,0.430581,0.579731,-0.991949,0.259484,0.122146,-0.367061,0.415976,0.570948,-0.993016,0.257602,0.112851,-0.381824,0.413961,0.562245,-0.991929,0.260309,0.108914,-0.387291
61,0.411158,0.588288,-0.992934,0.249961,0.11497,-0.374779,0.416424,0.586776,-0.992435,0.254297,0.142216,-0.376077,0.404096,0.59005,-0.990317,0.253636,0.123111,-0.378981,0.405842,0.593655,-0.998445,0.245349,0.117631,-0.391603
62,0.389125,0.608381,-0.988468,0.250661,0.126941,-0.380422,0.395868,0.596531,-0.995831,0.230969,0.110498,-0.378085,0.384359,0.593149,-0.994705,0.256515,0.124554,-0.38514,0.386563,0.602884,-0.991963,0.236833,0.135947,-0.381062
63,0.370343,0.610836,-0.992752,0.230343,0.118838,-0.362382,0.369908,0.608598,-0.981858,0.247719,0.13556,-0.364594,0.369181,0.614797,-0.983447,0.249292,0.150504,-0.369909,0.37568,0.610115,-0.991809,0.239704,0.144015,-0.379378
64,0.363407,0.628707,-0.989686,0.234742,0.136725,-0.376645,0.365273,0.629241,-0.98182,0.223173,0.141867,-0.382252,0.353583,0.63158,-0.992133,0.204554,0.14246,-0.376569,0.362273,0.642593,-0.984201,0.237883,0.145356,-0.379063
65,0.344409,0.640791,-0.985589,0.211595,0.137863,-0.372099,0.340174,0.641106,-0.978785,0.246907,0.1395,-0.374343,0.338191,0.644655,-0.976538,0.221275,0.138694,-0.385386,0.33084,0.638804,-0.986226,0.22032,0.142049,-0.383862
66,0.327457,0.652894,-0.973941,0.227798,0.14881,-0.388241,0.324721,0.654387,-0.990065,0.223924,0.175412,-0.376132,0.315497,0.65416,-0.976954,0.234298,0.148213,-0.382253,0.325553,0.657672,-0.982891,0.230458,0.15216,-0.374352
67,0.308367,0.673984,-0.987259,0.218138,0.169894,-0.367435,0.301837,0.6779,-0.979918,0.21824,0.138714,-0.38653,0.300083,0.677502,-0.974355,0.22603,0.155642,-0.377596,0.306899,0.678561,-0.977619,0.202219,0.160039,-0.385521
68,0.283807,0.68767,-0.977367,0.214803,0.170148,-0.369076,0.28125,0.693777,-0.975836,0.206005,0.161065,-0.384236,0.280551,0.681868,-0.965724,0.207024,0.187852,-0.362284,0.294723,0.681644,-0.968904,0.197188,0.161915,-0.400832
69,0.271551,0.69831,-0.968718,0.205144,0.183078,-0.382216,0.261688,0.704648,-0.959382,0.217186,0.169422,-0.381304,0.265309,0.695609,-0.965987,0.208506,0.193006,-0.401725,0.26808,0.696077,-0.967549,0.222395,0.18139,-0.378913
70,0.256412,0.718463,-0.962489,0.210717,0.170662,-0.371489,0.248922,0.714237,-0.967008,0.19198,0.184447,-0.380301,0.249901,0.718244,-0.968105,0.191493,0.177452,-0.372957,0.244267,0.712212,-0.963856,0.215262,0.178627,-0.392069
71,0.227174,0.722781,-0.960048,0.198701,0.198708,-0.398448,0.222351,0.73003,-0.960772,0.228249,0.173528,-0.375442,0.228226,0.733189,-0.962994,0.198842,0.186783,-0.385797,0.229634,0.730826,-0.956108,0.206854,0.189942,-0.393676
72,0.21864,0.73899,-0.9589,0.188066,0.194639,-0.388911,0.211145,0.734909,-0.95275,0.176728,0.189557,-0.380801,0.211548,0.738601,-0.949474,0.183519,0.210055,-0.399457,0.211665,0.746276,-0.953502,0.183999,0.214487,-0.399913
73,0.191388,0.747538,-0.950843,0.184537,0.206694,-0.392034,0.199897,0.753274,-0.944162,0.188139,0.200519,-0.397234,0.18668,0.749586,-0.954428,0.182604,0.18323,-0.398089,0.197601,0.75367,-0.94569,0.173679,0.205617,-0.386635
74,0.167028,0.775292,-0.940074,0.167321,0.211148,-0.385363,0.177253,0.759846,-0.93682,0.172587,0.207775,-0.381511,0.174767,0.762912,-0.943707,0.17598,0.207565,-0.384297,0.165382,0.771291,-0.935255,0.183307,0.217183,-0.370249
75,0.155898,0.774749,-0.941776,0.160052,0.219942,-0.38604,0.15047,0.775196,-0.930404,0.16033,0.2097,-0.374929,0.163059,0.780112,-0.929781,0.168837,0.213075,-0.375224,0.157313,0.778859,-0.937111,0.171247,0.212588,-0.387903
76,0.141657,0.791135,-0.932173,0.173629,0.231935,-0.363562,0.130472,0.784806,-0.930423,0.161065,0.210084,-0.381771,0.133584,0.784295,-0.92816,0.1638,0.231437,-0.382167,0.141625,0.788355,-0.935079,0.169375,0.222944,-0.383225
77,0.116113,0.800976,-0.923059,0.166707,0.21976,-0.379727,0.120906,0.792045,-0.922858,0.149848,0.226675,-0.394934,0.114927,0.796057,-0.905415,0.136302,0.226937,-0.382622,0.128976,0.800149,-0.919626,0.159443,0.223985,-0.355327
78,0.110696,0.812836,-0.907423,0.163519,0.220625,-0.400535,0.099714,0.810479,-0.912766,0.146919,0.213218,-0.380229,0.092657,0.816296,-0.917817,0.152349,0.234491,-0.376523,0.097529,0.804645,-0.905701,0.147367,0.226654,-0.375913
79,0.078137,0.819779,-0.904749,0.138427,0.237116,-0.381194,0.086667,0.81751,-0.912739,0.130642,0.225766,-0.365796,0.083587,0.82578,-0.913745,0.1496,0.234722,-0.391785,0.086444,0.812255,-0.904598,0.146714,0.222547,-0.369384
80,0.062613,0.837145,-0.900539,0.131408,0.238478,-0.369689,0.05804,0.828049,-0.897083,0.13256,0.222032,-0.378947,0.0625,0.828725,-0.893881,0.13101,0.24784,-0.386263,0.06189,0.843941,-0.889581,0.137839,0.260175,-0.389096
81,0.048203,0.847494,-0.888393,0.106341,0.240292,-0.389339,0.048978,0.858901,-0.886649,0.134274,0.264537,-0.373708,0.041097,0.838576,-0.888222,0.131225,0.256331,-0.395686,0.045822,0.851209,-0.880166,0.110117,0.240996,-0.364732
82,0.018176,0.854562,-0.873614,0.123289,0.258955,-0.331073,0.022308,0.858338,-0.876257,0.098775,0.251845,-0.364427,0.021759,0.84751,-0.871517,0.131839,0.258974,-0.373966,0.018637,0.851459,-0.87677,0.123083,0.233034,-0.364343
83,0.011288,0.86248,-0.873487,0.1234,0.246678,-0.380081,0.009668,0.862479,-0.865857,0.112656,0.241763,-0.367899,-0.001598,0.8727,-0.861459,0.099531,0.255949,-0.370313,0.008098,0.867024,-0.861332,0.115278,0.238601,-0.364602
84,-0.003978,0.875977,-0.850731,0.103761,0.273843,-0.373737,-0.015627,0.882617,-0.86192,0.09472,0.278452,-0.371741,-0.012305,0.865459,-0.859353,0.109702,0.264476,-0.363401,-0.010652,0.866737,-0.848643,0.103309,0.248306,-0.356708
85,-0.042,0.881947,-0.845173,0.104909,0.267459,-0.368547,-0.037123,0.876792,-0.852568,0.099263,0.247531,-0.378244,-0.03213,0.885604,-0.849316,0.093167,0.26935,-0.355309,-0.026681,0.873848,-0.849872,0.105447,0.258794,-0.365849
86,-0.046559,0.885185,-0.837984,0.085285,0.285168,-0.3665,-0.051329,0.883934,-0.852759,0.085623,0.260253,-0.386147,-0.055846,0.882267,-0.836151,0.085002,0.281519,-0.366482,-0.052364,0.893466,-0.837364,0.101508,0.258719,-0.359183
87,-0.066221,0.898455,-0.824868,0.107417,0.257445,-0.350824,-0.072445,0.892614,-0.831514,0.093178,0.279727,-0.348887,-0.062129,0.905797,-0.8333,0.085201,0.267642,-0.380573,-0.067673,0.896612,-0.818885,0.086446,0.268112,-0.361817
88,-0.080377,0.904245,-0.812222,0.093667,0.281005,-0.36643,-0.084683,0.904239,-0.829392,0.06744,0.273581,-0.353287,-0.089197,0.896679,-0.825125,0.089442,0.287651,-0.36348,-0.090225,0.906035,-0.824171,0.081473,0.284896,-0.367193
89,-0.10859,0.911711,-0.812309,0.068169,0.288374,-0.352174,-0.108063,0.924386,-0.803411,0.086699,0.28449,-0.363099,-0.103434,0.911011,-0.813396,0.057844,0.274983,-0.364717,-0.105602,0.917388,-0.805755,0.074183,0.298528,-0.362991
90,-0.131809,0.919075,-0.790931,0.073396,0.296804,-0.364593,-0.134639,0.919771,-0.790238,0.083708,0.278288,-0.377883,-0.124603,0.922927,-0.793158,0.06382,0.308573,-0.352797,-0.13649,0.922426,-0.799902,0.044769,0.308819,-0.356392
91,-0.138001,0.925011,-0.780084,0.069056,0.284488,-0.34164,-0.135433,0.925959,-0.785887,0.061985,0.291131,-0.347837,-0.137018,0.931035,-0.787622,0.059819,0.283617,-0.336864,-0.142669,0.9274,-0.785684,0.054594,0.308353,-0.347861
92,-0.164488,0.94178,-0.773656,0.052226,0.291973,-0.338459,-0.161779,0.940197,-0.775853,0.060203,0.292795,-0.336721,-0.157088,0.935298,-0.772147,0.055489,0.287145,-0.359191,-0.172801,0.942362,-0.770733,0.047159,0.308662,-0.355629
93,-0.167258,0.935832,-0.770211,0.045293,0.318542,-0.369068,-0.169637,0.945382,-0.759507,0.051659,0.31755,-0.340494,-0.180165,0.937592,-0.753846,0.060966,0.308214,-0.344879,-0.182743,0.945947,-0.761797,0.048489,0.308661,-0.350931
94,-0.207391,0.956101,-0.742523,0.040607,0.310177,-0.357003,-0.19194,0.942648,-0.744389,0.04208,0.307389,-0.354215,-0.213185,0.951888,-0.751444,0.036045,0.300677,-0.355293,-0.200629,0.944367,-0.747507,0.033185,0.305621,-0.34251
95,-0.211309,0.955041,-0.74513,0.02419,0.314666,-0.335003,-0.213773,0.957834,-0.732773,0.040662,0.318092,-0.333356,-0.222855,0.949989,-0.743906,0.029697,0.325499,-0.343281,-0.218656,0.951255,-0.734543,0.022992,0.311859,-0.362661
96,-0.233407,0.954592,-0.724955,0.004791,0.319944,-0.318617,-0.240192,0.947375,-0.724498,0.02969,0.321629,-0.330164,-0.23856,0.959751,-0.72618,0.011483,0.333448,-0.348133,-0.236545,0.965919,-0.722437,0.021364,0.33024,-0.331378
97,-0.259208,0.973582,-0.710773,0.010497,0.319743,-0.329464,-0.257493,0.972056,-0.708545,0.000902,0.30407,-0.332971,-0.248571,0.969999,-0.712373,0.013345,0.309547,-0.340452,-0.25081,0.961435,-0.697829,0.013745,0.318158,-0.339332
98,-0.275741,0.976037,-0.697287,0.00249,0.314632,-0.325873,-0.27115,0.974421,-0.69821,0.018069,0.325862,-0.335883,-0.273373,0.966917,-0.692031,0.025727,0.320806,-0.324932,-0.272593,0.972141,-0.699722,0.029111,0.332254,-0.335923
99,-0.288637,0.987109,-0.677713,-0.004347,0.342479,-0.330917,-0.295918,0.980699,-0.68121,0.010406,0.32052,-0.318342,-0.30083,0.965751,-0.68554,0.009994,0.322594,-0.321412,-0.286311,0.964761,-0.682604,-0.008107,0.339121,-0.338043
100,-0.309217,0.98347,-0.672415,-0.013259,0.33961,-0.338066,-0.299475,0.977619,-0.667958,-0.00468,0.32823,-0.325149,-0.315433,0.981062,-0.66673,-0.000941,0.338424,-0.323529,-0.308451,0.980789,-0.671585,-0.000994,0.349998,-0.345454
101,-0.322971,0.98252,-0.66589,-0.006065,0.33547,-0.318412,-0.333191,0.985072,-0.666066,-0.006082,0.336777,-0.318848,-0.333909,0.986537,-0.663426,-0.023716,0.347956,-0.328025,-0.329642,0.989612,-0.652045,-0.027441,0.351365,-0.323095
102,-0.350513,0.983225,-0.63713,-0.010407,0.339253,-0.329631,-0.342044,0.97737,-0.639323,-0.01344,0.331322,-0.332201,-0.330312,0.984614,-0.643101,-0.008859,0.351536,-0.346888,-0.348862,0.993255,-0.64101,-0.02651,0.348627,-0.315135
103,-0.364841,0.985395,-0.618805,-0.046344,0.345062,-0.321481,-0.354542,0.987645,-0.620056,-0.031394,0.359731,-0.311113,-0.365297,0.994808,-0.623097,-0.030875,0.345429,-0.306378,-0.358721,0.993784,-0.625243,-0.026202,0.340281,-0.322462
104,-0.378266,0.98907,-0.614108,-0.041593,0.361799,-0.318985,-0.379735,0.997592,-0.615386,-0.039089,0.335776,-0.324108,-0.387782,0.98562,-0.615093,-0.020599,0.35285,-0.295879,-0.373494,0.988043,-0.614221,-0.034106,0.349048,-0.310481
105,-0.392171,0.992801,-0.602814,-0.050119,0.342028,-0.310758,-0.390709,0.980378,-0.599104,-0.044782,0.362932,-0.296673,-0.396387,0.992439,-0.596044,-0.057923,0.359755,-0.304062,-0.400799,0.985879,-0.59335,-0.030196,0.362885,-0.300964
106,-0.422913,0.992038,-0.5928,-0.032633,0.348568,-0.307803,-0.411592,0.988444,-0.58257,-0.045042,0.339342,-0.304745,-0.403369,0.998904,-0.578185,-0.036635,0.3646,-0.296182,-0.419641,0.994069,-0.582658,-0.042101,0.354345,-0.283798
107,-0.424961,0.994758,-0.560556,-0.047733,0.350248,-0.294599,-0.43345,1.000904,-0.566006,-0.065968,0.338472,-0.30231,-0.43563,0.988796,-0.566056,-0.058809,0.351327,-0.297881,-0.431205,0.994692,-0.568493,-0.052151,0.354412,-0.285257
108,-0.450276,1.000992,-0.546035,-0.052437,0.379538,-0.282598,-0.450973,0.999023,-0.54757,-0.057496,0.36118,-0.28814,-0.453608,1.000245,-0.552335,-0.066899,0.361922,-0.274625,-0.452276,0.99732,-0.55191,-0.049802,0.353988,-0.298604
109,-0.469177,0.993364,-0.534117,-0.092279,0.358656,-0.281474,-0.459915,1.000006,-0.535828,-0.083173,0.368471,-0.274851,-0.466,0.996944,-0.542881,-0.090545,0.365366,-0.287281,-0.469466,1.00409,-0.534854,-0.064836,0.363636,-0.272821
110,-0.474889,1.003077,-0.523433,-0.090849,0.3727,-0.273988,-0.485281,0.996177,-0.510416,-0.091718,0.362768,-0.290022,-0.488749,0.996278,-0.515637,-0.086718,0.379124,-0.288635,-0.480862,1.006449,-0.514535,-0.088683,0.353666,-0.269285
111,-0.497948,1.001772,-0.506103,-0.086865,0.367358,-0.273188,-0.500614,0.997979,-0.506864,-0.084235,0.360375,-0.268947,-0.507005,1.005024,-0.50358,-0.087766,0.368114,-0.284479,-0.502898,0.995444,-0.497244,-0.091809,0.37857,-0.287997
112,-0.513617,0.992692,-0.484906,-0.098396,0.363684,-0.256326,-0.510689,0.987759,-0.48211,-0.097203,0.373219,-0.2501,-0.511987,0.995527,-0.490029,-0.079872,0.35918,-0.286205,-0.514066,1.011435,-0.48425,-0.089876,0.372668,-0.287474
113,-0.53796,0.996899,-0.468957,-0.093023,0.362197,-0.263869,-0.526624,1.008686,-0.47451,-0.088082,0.377173,-0.263588,-0.532886,1.00832,-0.464501,-0.085464,0.369123,-0.258137,-0.537588,0.995862,-0.466187,-0.088828,0.371721,-0.267545
114,-0.54136,0.998497,-0.457138,-0.114953,0.390499,-0.268234,-0.55029,0.99995,-0.458751,-0.11422,0.384287,-0.265152,-0.547505,0.998086,-0.444007,-0.101559,0.373299,-0.272192,-0.549441,0.992592,-0.456069,-0.133615,0.355824,-0.274856
115,-0.560153,0.996115,-0.438337,-0.114186,0.357191,-0.252851,-0.556552,0.991244,-0.432826,-0.111932,0.387061,-0.252964,-0.558907,0.999788,-0.43763,-0.112164,0.35259,-0.274912,-0.557363,0.996442,-0.43699,-0.115735,0.382873,-0.264748
116,-0.572772,0.991955,-0.417696,-0.123923,0.365349,-0.263918,-0.572266,0.996979,-0.415778,-0.123659,0.379031,-0.248538,-0.57623,0.994845,-0.423664,-0.130886,0.395358,-0.277948,-0.57412,1.002442,-0.412547,-0.119504,0.366208,-0.257117
117,-0.588282,0.997386,-0.395596,-0.141038,0.371676,-0.252107,-0.596317,0.993771,-0.394147,-0.123786,0.377297,-0.25976,-0.587014,0.992543,-0.403799,-0.123086,0.392472,-0.249882,-0.598098,0.990381,-0.403634,-0.128326,0.369447,-0.232355
118,-0.606247,0.992584,-0.3822,-0.12348,0.370166,-0.237081,-0.608983,0.995286,-0.384124,-0.127271,0.367471,-0.243193,-0.603549,0.998058,-0.377883,-0.125408,0.384036,-0.243384,-0.620029,0.990423,-0.384175,-0.138146,0.36356,-0.238432
119,-0.628089,0.988378,-0.375775,-0.144195,0.393882,-0.242372,-0.627502,0.987815,-0.377545,-0.122766,0.386975,-0.234311,-0.611844,0.994796,-0.359157,-0.151348,0.372733,-0.238517,-0.619027,0.988297,-0.354843,-0.139372,0.374817,-0.249326
120,-0.634093,0.987692,-0.346519,-0.124721,0.370009,-0.234981,-0.636998,0.981444,-0.351433,-0.132044,0.385995,-0.237895,-0.639197,0.983566,-0.35681,-0.154289,0.379484,-0.241724,-0.636121,0.98596,-0.353996,-0.141172,0.350726,-0.239288
121,-0.653727,0.979748,-0.323938,-0.162047,0.375552,-0.221695,-0.644792,0.984524,-0.33108,-0.174095,0.380656,-0.231365,-0.651124,0.986571,-0.326854,-0.141616,0.389795,-0.246922,-0.659279,0.977562,-0.338344,-0.149867,0.378707,-0.230665
122,-0.660281,0.973112,-0.321743,-0.166436,0.380037,-0.211508,-0.673496,0.975901,-0.30777,-0.151528,0.378681,-0.224051,-0.66744,0.974633,-0.316468,-0.165791,0.396727,-0.220365,-0.662688,0.985405,-0.309384,-0.149968,0.371739,-0.240625
123,-0.67178,0.983334,-0.30529,-0.163121,0.385776,-0.195053,-0.682827,0.977098,-0.296786,-0.176831,0.39729,-0.2085,-0.674764,0.98077,-0.292322,-0.19664,0.387113,-0.201482,-0.675875,0.984404,-0.295244,-0.167484,0.380658,-0.215326
124,-0.694863,0.973711,-0.275662,-0.176777,0.386757,-0.194415,-0.700106,0.967971,-0.276872,-0.174114,0.360814,-0.211039,-0.687483,0.981466,-0.271655,-0.165628,0.376819,-0.218688,-0.699053,0.970704,-0.279599,-0.175337,0.374083,-0.210441
125,-0.712413,0.963458,-0.254631,-0.1698,0.384695,-0.208781,-0.71054,0.973602,-0.254217,-0.192132,0.369765,-0.200207,-0.709733,0.969704,-0.251295,-0.171033,0.384239,-0.213084,-0.712932,0.964301,-0.25226,-0.170193,0.377573,-0.201406
126,-0.724936,0.957328,-0.234257,-0.191247,0.382182,-0.180823,-0.722119,0.966935,-0.233438,-0.185422,0.381466,-0.18358,-0.723148,0.957314,-0.248882,-0.196253,0.384235,-0.197565,-0.719548,0.956001,-0.249147,-0.187134,0.388738,-0.184761
127,-0.728641,0.961647,-0.221189,-0.212408,0.368233,-0.210565,-0.732727,0.96247,-0.226657,-0.18287,0.376251,-0.193942,-0.733797,0.952387,-0.224297,-0.183886,0.395867,-0.205267,-0.737539,0.948899,-0.22137,-0.192236,0.383659,-0.203304
128,-0.747673,0.950317,-0.205195,-0.204981,0.387474,-0.177048,-0.750296,0.956817,-0.20055,-0.194099,0.363428,-0.198618,-0.745003,0.957439,-0.202251,-0.196711,0.389049,-0.194255,-0.744489,0.954982,-0.196872,-0.201215,0.383356,-0.186075
129,-0.762043,0.952105,-0.180419,-0.21756,0.376421,-0.181064,-0.756911,0.941749,-0.180263,-0.190325,0.377459,-0.183195,-0.763419,0.931609,-0.177574,-0.209385,0.388679,-0.171361,-0.762014,0.941593,-0.181039,-0.174437,0.380535,-0.144745
130,-0.785182,0.942612,-0.163097,-0.21558,0.376809,-0.170732,-0.765377,0.938805,-0.162849,-0.204665,0.402996,-0.178948,-0.767147,0.930372,-0.165439,-0.209731,0.391242,-0.188016,-0.758501,0.937386,-0.16512,-0.200351,0.37515,-0.155056
131,-0.779291,0.933322,-0.15542,-0.210906,0.373136,-0.164777,-0.787551,0.928124,-0.149227,-0.209421,0.362821,-0.163754,-0.785339,0.929481,-0.142126,-0.221461,0.367013,-0.15017,-0.789814,0.931478,-0.145193,-0.215304,0.360026,-0.162401
132,-0.790852,0.927693,-0.123259,-0.225603,0.379792,-0.151548,-0.787826,0.924528,-0.130235,-0.231049,0.387771,-0.159489,-0.799989,0.912689,-0.133749,-0.228982,0.368736,-0.152295,-0.793162,0.922313,-0.134528,-0.224325,0.368261,-0.155503
133,-0.807815,0.9158,-0.109679,-0.227743,0.374196,-0.158063,-0.807358,0.921535,-0.114216,-0.233231,0.378883,-0.139715,-0.808429,0.915325,-0.112527,-0.217201,0.379152,-0.162087,-0.792977,0.912489,-0.114137,-0.235068,0.37681,-0.160568
134,-0.81357,0.906732,-0.09842,-0.240502,0.379719,-0.138216,-0.805641,0.912423,-0.096602,-0.221941,0.390201,-0.128476,-0.809899,0.904713,-0.090303,-0.235697,0.399118,-0.142616,-0.818318,0.906853,-0.0873,-0.232719,0.39735,-0.1169
135,-0.822195,0.897872,-0.071366,-0.238914,0.378497,-0.135107,-0.82549,0.902818,-0.075939,-0.250229,0.38318,-0.134635,-0.819875,0.898847,-0.077869,-0.224171,0.364614,-0.139566,-0.828572,0.900607,-0.071257,-0.238597,0.373472,-0.133928
136,-0.832244,0.891975,-0.05143,-0.224944,0.370568,-0.12601,-0.839944,0.891974,-0.053735,-0.242877,0.380456,-0.15184,-0.830224,0.88527,-0.06747,-0.241689,0.375218,-0.117647,-0.834896,0.888883,-0.050185,-0.2634,0.378274,-0.134857
137,-0.840963,0.8784,-0.026189,-0.255236,0.377845,-0.116305,-0.844395,0.888297,-0.036495,-0.244592,0.373972,-0.143951,-0.85105,0.882767,-0.033078,-0.243143,0.374033,-0.134343,-0.855241,0.883274,-0.023279,-0.245508,0.373216,-0.134953
138,-0.862339,0.871559,-0.011415,-0.248824,0.360843,-0.106781,-0.852403,0.872714,-0.01587,-0.257245,0.36151,-0.116045,-0.867533,0.875723,-0.025245,-0.264002,0.377462,-0.125807,-0.857791,0.869704,-0.016214,-0.272317,0.363045,-0.122916
139,-0.856562,0.870515,0.008157,-0.237457,0.368391,-0.114201,-0.868577,0.865449,-0.00566,-0.255996,0.37625,-0.122644,-0.868781,0.865892,0.000184,-0.248246,0.386469,-0.126741,-0.861602,0.857882,0.006729,-0.245889,0.353549,-0.110172
140,-0.877768,0.860134,0.017471,-0.244852,0.365081,-0.083281,-0.875527,0.851787,0.028356,-0.277913,0.367194,-0.082644,-0.874132,0.857065,0.02388,-0.262655,0.361891,-0.112141,-0.868683,0.852552,0.022179,-0.285749,0.358337,-0.111839
141,-0.884704,0.84048,0.04379,-0.269931,0.348634,-0.1027,-0.88025,0.844998,0.039956,-0.254253,0.366635,-0.111468,-0.879001,0.845357,0.039926,-0.266874,0.37197,-0.092542,-0.882541,0.848976,0.048676,-0.269692,0.357317,-0.100578
142,-0.890525,0.835752,0.062581,-0.275406,0.368094,-0.091905,-0.891416,0.829177,0.053071,-0.281003,0.362573,-0.10167,-0.885604,0.83934,0.068515,-0.279373,0.366192,-0.068913,-0.895236,0.837963,0.052817,-0.27203,0.360857,-0.091166
143,-0.903807,0.826745,0.073901,-0.264771,0.37149,-0.084779,-0.89588,0.820046,0.072338,-0.295043,0.355237,-0.086363,-0.90046,0.819967,0.081919,-0.272959,0.362116,-0.076818,-0.898658,0.82573,0.076541,-0.282129,0.358811,-0.070279
144,-0.913462,0.812571,0.099796,-0.289178,0.370447,-0.064639,-0.910714,0.813972,0.094512,-0.276293,0.356797,-0.078376,-0.909353,0.819542,0.099174,-0.280765,0.356902,-0.068639,-0.909237,0.813386,0.089304,-0.283091,0.376259,-0.079234
145,-0.919994,0.801758,0.114609,-0.28756,0.342784,-0.063499,-0.914257,0.810132,0.112157,-0.297043,0.36693,-0.071891,-0.91962,0.809705,0.116388,-0.273236,0.369467,-0.071829,-0.926391,0.807548,0.120511,-0.288315,0.362732,-0.065006
146,-0.921689,0.792067,0.130352,-0.287409,0.36767,-0.071609,-0.925363,0.793344,0.136857,-0.289841,0.343566,-0.060637,-0.925678,0.789216,0.137415,-0.296374,0.36423,-0.060824,-0.924137,0.797443,0.134424,-0.3043,0.364051,-0.061401
147,-0.925258,0.777305,0.149798,-0.301435,0.371448,-0.046732,-0.936347,0.77778,0.147131,-0.290471,0.355635,-0.066825,-0.931826,0.783784,0.146703,-0.291591,0.340277,-0.061087,-0.925439,0.779974,0.159564,-0.304011,0.368134,-0.066239
148,-0.93154,0.769719,0.178613,-0.306359,0.379453,-0.048039,-0.934521,0.763932,0.179223,-0.313689,0.33561,-0.04985,-0.938511,0.766386,0.170065,-0.291416,0.343802,-0.055329,-0.9367,0.766718,0.164141,-0.301359,0.347165,-0.062756
149,-0.939408,0.753449,0.195569,-0.320497,0.345978,-0.044193,-0.942874,0.75577,0.183701,-0.315143,0.3555,-0.045551,-0.947462,0.755651,0.186992,-0.306961,0.339275,-0.039681,-0.941602,0.751939,0.188692,-0.31191,0.350987,-0.045212
150,-0.94948,0.742058,0.210976,-0.304288,0.340378,-0.037509,-0.946959,0.738992,0.207378,-0.300689,0.354855,-0.052209,-0.953777,0.738539,0.211429,-0.308969,0.340489,-0.040743,-0.948601,0.735864,0.211547,-0.312407,0.334803,-0.032846
151,-0.960142,0.731693,0.223722,-0.299785,0.351473,-0.017295,-0.963307,0.73144,0.231071,-0.304087,0.358317,-0.014747,-0.954927,0.730346,0.209643,-0.3209,0.347975,-0.027868,-0.957355,0.73111,0.233054,-0.307863,0.33987,-0.040705
152,-0.965834,0.713086,0.25372,-0.31811,0.336907,-0.027434,-0.954493,0.714142,0.247645,-0.317459,0.324645,-0.025113,-0.96844,0.720402,0.244322,-0.339927,0.347852,-0.007992,-0.956351,0.719505,0.242553,-0.323518,0.360041,-0.025755
153,-0.967935,0.701441,0.266831,-0.320017,0.336356,-0.010943,-0.967686,0.703932,0.258307,-0.335313,0.3539,-0.021139,-0.976645,0.701299,0.26213,-0.331911,0.337544,-0.001002,-0.96692,0.700641,0.266497,-0.327842,0.324745,-0.006142
154,-0.975995,0.688268,0.278218,-0.330545,0.327464,-0.005922,-0.969325,0.696357,0.282867,-0.325355,0.321741,0.000322,-0.976518,0.694885,0.27436,-0.329224,0.3365,-0.016839,-0.970211,0.690988,0.282818,-0.321606,0.330138,-0.013089
155,-0.979483,0.671794,0.300866,-0.318427,0.342645,0.020496,-0.978126,0.677137,0.308462,-0.344885,0.344669,-0.00117,-0.971725,0.669314,0.300063,-0.309689,0.33936,0.015855,-0.968877,0.672459,0.304676,-0.344286,0.331303,0.005025
156,-0.974018,0.668034,0.320181,-0.319166,0.315728,0.004442,-0.970586,0.662578,0.315601,-0.330679,0.325049,0.014044,-0.97992,0.653628,0.31242,-0.349075,0.320314,0.016763,-0.985946,0.655117,0.309163,-0.338511,0.320814,0.015106
157,-0.983465,0.646822,0.335207,-0.35117,0.335806,0.025033,-0.974097,0.652693,0.337631,-0.335395,0.339135,0.028335,-0.989415,0.649937,0.337645,-0.330655,0.321938,0.0124,-0.978028,0.648677,0.341513,-0.341022,0.331108,-0.000258
158,-0.988503,0.634584,0.348873,-0.357235,0.325023,0.006022,-0.987183,0.628453,0.363839,-0.326036,0.317361,0.026918,-0.98334,0.634289,0.354215,-0.333864,0.328655,0.022744,-0.985457,0.635167,0.349454,-0.328831,0.313101,0.036666
159,-1.000117,0.617405,0.374141,-0.353911,0.320744,0.0295,-0.989753,0.614479,0.378043,-0.365639,0.309809,0.024411,-0.984708,0.613222,0.36672,-0.349845,0.308278,0.035776,-0.985328,0.618845,0.36954,-0.339139,0.302668,0.047849
160,-0.990862,0.602181,0.393498,-0.334663,0.308589,0.039253,-0.994334,0.605726,0.38244,-0.355602,0.322279,0.040782,-0.998373,0.608832,0.376641,-0.323928,0.295721,0.02728,-0.996168,0.611585,0.393074,-0.341889,0.312732,0.038176
161,-0.989627,0.591575,0.40534,-0.348963,0.30387,0.043138,-0.992024,0.583107,0.407376,-0.347401,0.305958,0.038483,-0.990719,0.591388,0.403099,-0.359606,0.307691,0.039982,-0.988638,0.584749,0.40142,-0.343648,0.305997,0.066534
162,-0.998748,0.575776,0.427222,-0.35709,0.304678,0.047548,-0.99673,0.573516,0.425115,-0.365762,0.310585,0.042625,-0.994304,0.583808,0.419222,-0.345832,0.290643,0.069339,-0.996057,0.572374,0.422956,-0.3656,0.318674,0.045607
163,-1.006123,0.551843,0.434559,-0.361295,0.310177,0.081683,-0.998736,0.561884,0.435858,-0.352709,0.292681,0.056793,-1.006351,0.560605,0.436107,-0.348703,0.286758,0.069383,-0.990963,0.555094,0.436866,-0.34893,0.289064,0.050477
164,-1.00402,0.53879,0.449233,-0.359349,0.292356,0.066891,-0.993709,0.539056,0.454563,-0.365965,0.280112,0.068823,-1.002744,0.542079,0.453945,-0.35792,0.296884,0.053691,-1.003522,0.542337,0.453301,-0.341755,0.309105,0.056959
165,-0.998331,0.524924,0.471023,-0.37647,0.30861,0.05865,-0.994021,0.535759,0.470123,-0.351719,0.30396,0.078935,-0.997464,0.526547,0.472448,-0.381339,0.274853,0.08097,-0.992036,0.52586,0.467428,-0.363048,0.291445,0.050736
166,-1.000288,0.520068,0.489581,-0.364313,0.273135,0.085138,-0.989326,0.512693,0.492404,-0.342766,0.291022,0.080762,-1.006092,0.51542,0.486265,-0.363658,0.270138,0.085776,-0.990801,0.508957,0.484234,-0.341398,0.282691,0.072521
167,-0.675645,0.324885,0.331724,-0.903337,0.67473,0.212497,-0.601952,0.308826,0.304633,-1.011618,0.780838,0.236856,-0.494186,0.241793,0.248298,-1.197289,0.907936,0.296967,-0.270602,0.138973,0.137046,-1.524477,1.163309,0.358381
168,-0.674402,0.320724,0.343973,-0.902851,0.682122,0.220537,-0.608514,0.291367,0.31488,-1.028095,0.749699,0.252973,-0.491213,0.235165,0.2539,-1.20705,0.898254,0.318619,-0.281788,0.145003,0.154338,-1.545753,1.136131,0.385526
169,-0.675494,0.311772,0.364182,-0.912542,0.655087,0.22906,-0.601181,0.270505,0.324232,-1.033301,0.750142,0.274131,-0.486541,0.223684,0.267708,-1.203645,0.866088,0.333296,-0.272992,0.128137,0.162538,-1.559326,1.128122,0.407256
170,-0.669776,0.299452,0.374734,-0.896255,0.63735,0.2773,-0.598326,0.267788,0.331325,-1.020233,0.736732,0.281514,-0.48315,0.222009,0.26478,-1.225284,0.860077,0.359835,-0.282339,0.117592,0.15019,-1.558177,1.102638,0.45253
171,-0.670253,0.282629,0.374752,-0.894774,0.625782,0.28437,-0.592987,0.251262,0.350016,-1.034883,0.726845,0.328073,-0.487244,0.208371,0.27276,-1.227721,0.823506,0.37432,-0.278915,0.120453,0.158787,-1.580674,1.086945,0.479116
172,-0.663634,0.271998,0.386818,-0.925643,0.62731,0.29298,-0.598187,0.247301,0.351926,-1.032957,0.715808,0.354432,-0.485423,0.200726,0.288273,-1.242118,0.831899,0.385035,-0.274994,0.121639,0.162498,-1.568098,1.05715,0.507178
173,-0.673568,0.273085,0.414186,-0.926388,0.587664,0.309437,-0.593951,0.232661,0.357367,-1.027768,0.679878,0.347512,-0.490857,0.196921,0.296018,-1.230279,0.794929,0.426162,-0.273101,0.101203,0.172543,-1.573003,1.038241,0.542058
174,-0.666281,0.257568,0.417342,-0.923157,0.60598,0.326868,-0.599172,0.229248,0.37162,-1.042018,0.642664,0.379444,-0.479784,0.176888,0.298657,-1.227586,0.772968,0.440393,-0.284818,0.104284,0.171611,-1.563704,1.027009,0.559096
175,-0.6592,0.245819,0.427976,-0.924501,0.58502,0.352628,-0.592946,0.217067,0.377175,-1.06815,0.663439,0.386535,-0.485965,0.174775,0.307612,-1.248088,0.75878,0.457768,-0.278561,0.101251,0.168865,-1.588556,0.997479,0.575328
176,-0.663376,0.229676,0.432425,-0.938197,0.574833,0.361435,-0.589767,0.205227,0.383831,-1.058693,0.634155,0.412036,-0.476752,0.162813,0.316363,-1.257381,0.766454,0.497712,-0.270942,0.093027,0.17765,-1.601327,0.961317,0.623399
177,-0.648278,0.220036,0.450006,-0.93658,0.558111,0.388304,-0.589119,0.195222,0.395988,-1.063856,0.60863,0.418926,-0.460955,0.155297,0.325112,-1.245669,0.727793,0.517917,-0.274094,0.089243,0.184061,-1.573117,0.94564,0.656207
178,-0.660938,0.203174,0.454595,-0.936693,0.525925,0.385018,-0.585882,0.183254,0.405348,-1.046385,0.612834,0.445064,-0.476546,0.143556,0.320848,-1.252128,0.710857,0.530037,-0.265453,0.080959,0.183968,-1.598526,0.921242,0.680791
179,-0.64956,0.194515,0.459208,-0.918141,0.499523,0.391736,-0.589101,0.174524,0.409046,-1.039441,0.589087,0.457226,-0.478405,0.14723,0.332356,-1.253111,0.714011,0.5488,-0.277105,0.083972,0.190861,-1.597317,0.899819,0.688687
180,-0.640775,0.176619,0.471803,-0.925532,0.503326,0.431028,-0.582923,0.163886,0.417475,-1.05782,0.58686,0.490687,-0.464765,0.12436,0.347669,-1.232031,0.67233,0.569825,-0.281502,0.072533,0.205961,-1.607078,0.872552,0.716041
181,-0.649535,0.172304,0.479872,-0.935618,0.496676,0.449858,-0.578513,0.156987,0.428793,-1.043184,0.554787,0.479525,-0.470281,0.120298,0.353641,-1.24539,0.661028,0.6002,-0.270803,0.070267,0.199031,-1.616707,0.836656,0.74906
182,-0.643939,0.152781,0.48348,-0.937537,0.466622,0.450696,-0.582999,0.146332,0.445973,-1.06883,0.524745,0.526439,-0.474793,0.107698,0.347639,-1.255447,0.644652,0.600388,-0.265719,0.07122,0.21101,-1.594336,0.818677,0.787143
183,-0.640566,0.150408,0.498258,-0.936022,0.475007,0.481229,-0.568603,0.128863,0.441604,-1.049494,0.522637,0.54361,-0.461078,0.105681,0.350472,-1.239234,0.615083,0.635238,-0.261857,0.05774,0.213444,-1.594226,0.779929,0.804385
184,-0.644948,0.140372,0.505245,-0.932061,0.440214,0.504793,-0.559482,0.105302,0.454417,-1.057838,0.504262,0.564378,-0.457397,0.097439,0.35931,-1.257267,0.615451,0.647607,-0.265815,0.059925,0.212999,-1.576775,0.765505,0.819655
185,-0.623351,0.129281,0.507156,-0.92989,0.423599,0.510811,-0.557168,0.102933,0.462286,-1.045472,0.484194,0.570307,-0.452703,0.094293,0.369314,-1.242739,0.557685,0.676188,-0.256226,0.04568,0.209211,-1.599244,0.723036,0.873246
186,-0.638119,0.101667,0.528983,-0.935615,0.411037,0.517619,-0.563868,0.097909,0.462542,-1.049639,0.473292,0.584038,-0.457059,0.080792,0.373672,-1.243248,0.54728,0.70802,-0.257907,0.052303,0.215706,-1.593474,0.697336,0.894001
187,-0.622809,0.102057,0.52421,-0.929315,0.392197,0.533371,-0.564033,0.077641,0.469987,-1.066966,0.446726,0.579258,-0.451754,0.073788,0.390352,-1.230741,0.545038,0.724845,-0.267065,0.027463,0.212173,-1.604927,0.674998,0.905429
188,-0.626849,0.073712,0.549513,-0.933105,0.377569,0.562994,-0.549462,0.072998,0.47608,-1.038082,0.423956,0.623952,-0.446331,0.057827,0.388583,-1.252531,0.506612,0.705961,-0.262342,0.031774,0.228221,-1.605797,0.649369,0.924862
189,-0.61593,0.06603,0.541412,-0.930952,0.359171,0.580941,-0.547016,0.066266,0.48785,-1.058347,0.423778,0.618538,-0.439343,0.051193,0.385748,-1.242671,0.51908,0.746609,-0.252177,0.024455,0.222587,-1.582382,0.618867,0.957705
190,-0.604317,0.056244,0.552899,-0.91541,0.336459,0.558337,-0.549354,0.050788,0.493229,-1.054232,0.408195,0.664842,-0.44529,0.042765,0.390661,-1.23568,0.477015,0.770618,-0.250058,0.016455,0.22486,-1.577838,0.605437,0.990388
191,-0.595336,0.042763,0.562733,-0.925,0.329732,0.583777,-0.535643,0.04687,0.500918,-1.054342,0.386078,0.675209,-0.432256,0.022336,0.408203,-1.232816,0.451193,0.80466,-0.258851,0.018415,0.235206,-1.574546,0.575686,0.998573
192,-0.591545,0.035798,0.568297,-0.935883,0.311583,0.598682,-0.531693,0.03379,0.501541,-1.028127,0.364725,0.683183,-0.43683,0.01812,0.410558,-1.231698,0.420496,0.812506,-0.240789,0.008,0.235819,-1.584718,0.549324,1.024847
193,-0.593214,0.015318,0.581329,-0.929755,0.312226,0.623182,-0.52309,0.015887,0.517231,-1.045475,0.314366,0.701959,-0.430319,0.004846,0.411636,-1.221614,0.39916,0.815705,-0.242646,0.008419,0.229464,-1.563302,0.513292,1.049767
194,-0.586517,0.008892,0.579172,-0.915181,0.277156,0.626899,-0.525313,0.012083,0.521674,-1.042403,0.311435,0.713146,-0.425007,0.001556,0.416976,-1.218174,0.377965,0.861949,-0.23833,0.00245,0.251043,-1.543434,0.49308,1.074436
195,-0.584764,-0.007949,0.589524,-0.898489,0.263924,0.648101,-0.519988,-0.003071,0.524177,-1.012924,0.305888,0.737732,-0.421224,-0.005972,0.417973,-1.237176,0.338451,0.855654,-0.242269,-0.003995,0.245714,-1.561247,0.436762,1.102039
196,-0.576514,-0.020816,0.598821,-0.90053,0.242402,0.660703,-0.507553,-0.01542,0.522465,-1.026995,0.281551,0.738094,-0.421606,-0.011255,0.419089,-1.206086,0.32229,0.867759,-0.242461,-0.018155,0.242178,-1.554117,0.426193,1.103805
197,-0.571749,-0.032154,0.606658,-0.883204,0.231493,0.662094,-0.505643,-0.029695,0.532998,-1.011809,0.275172,0.753213,-0.412899,-0.021153,0.432689,-1.193303,0.31078,0.891634,-0.240173,-0.008605,0.256005,-1.554558,0.400914,1.137169
198,-0.560538,-0.044109,0.604174,-0.900447,0.225637,0.702692,-0.498579,-0.036824,0.540606,-1.022286,0.252029,0.753205,-0.409777,-0.030992,0.439889,-1.210338,0.290789,0.917893,-0.221791,-0.029288,0.252562,-1.518125,0.358219,1.133137
199,-0.554423,-0.060136,0.611924,-0.901172,0.194682,0.68698,-0.4863,-0.046505,0.539294,-1.00615,0.237186,0.786631,-0.404143,-0.045413,0.44091,-1.203484,0.274807,0.913177,-0.221736,-0.029418,0.256996,-1.527403,0.324441,1.186237
200,-0.539221,-0.071364,0.613271,-0.892577,0.181676,0.701893,-0.491666,-0.056837,0.549955,-1.008108,0.206402,0.812585,-0.387559,-0.046469,0.45186,-1.196389,0.250089,0.94795,-0.226257,-0.034254,0.258295,-1.523152,0.30861,1.208443
201,-0.533585,-0.077947,0.617584,-0.88852,0.149874,0.72889,-0.479623,-0.076396,0.553692,-0.991806,0.179554,0.791881,-0.386653,-0.062827,0.439688,-1.185094,0.230339,0.951683,-0.222292,-0.034358,0.264739,-1.49926,0.286958,1.205268
202,-0.525832,-0.086102,0.633367,-0.885992,0.154424,0.738457,-0.470217,-0.081566,0.554115,-0.988073,0.176584,0.811765,-0.384029,-0.074953,0.450842,-1.171639,0.18935,0.963122,-0.225422,-0.033612,0.266466,-1.49619,0.271871,1.218101
203,-0.515946,-0.10262,0.626241,-0.869854,0.127827,0.732913,-0.465331,-0.098258,0.563465,-0.969045,0.139105,0.838875,-0.385517,-0.0802,0.454107,-1.144251,0.171172,0.985121,-0.210321,-0.048807,0.255791,-1.511585,0.231199,1.256874
204,-0.529155,-0.12002,0.632259,-0.849328,0.12168,0.745024,-0.458348,-0.105928,0.563548,-0.96794,0.117147,0.849224,-0.370616,-0.087237,0.46396,-1.161049,0.149519,0.982186,-0.213481,-0.057586,0.26661,-1.451178,0.182782,1.285497
205,-0.502755,-0.13453,0.648758,-0.844725,0.096197,0.752642,-0.455292,-0.131819,0.571228,-0.961532,0.101368,0.85706,-0.366068,-0.100782,0.45929,-1.153622,0.116932,1.034022,-0.200955,-0.048489,0.265327,-1.455589,0.169121,1.30118
206,-0.495198,-0.149294,0.644798,-0.851895,0.075659,0.766811,-0.439356,-0.128396,0.579269,-0.950319,0.108186,0.87384,-0.354872,-0.093775,0.459259,-1.117598,0.106228,1.028859,-0.210297,-0.066484,0.267815,-1.444582,0.138598,1.32381
207,-0.482053,-0.158627,0.649504,-0.843167,0.073843,0.787607,-0.43708,-0.14166,0.568037,-0.934837,0.048127,0.88323,-0.356413,-0.11533,0.462477,-1.142227,0.066327,1.044431,-0.203762,-0.069431,0.271048,-1.410078,0.100109,1.340271
208,-0.487127,-0.168642,0.650373,-0.833217,0.046114,0.794169,-0.426656,-0.161881,0.582094,-0.960961,0.040439,0.878474,-0.342794,-0.123814,0.461289,-1.09282,0.078196,1.057276,-0.196253,-0.067479,0.269212,-1.415206,0.076456,1.33076
209,-0.468756,-0.176058,0.647284,-0.820763,0.029443,0.816377,-0.417162,-0.164643,0.579057,-0.922551,0.040935,0.884528,-0.342971,-0.129896,0.472679,-1.118902,0.041916,1.065973,-0.188944,-0.070989,0.26891,-1.402401,0.046785,1.371738
210,-0.462695,-0.191988,0.664088,-0.800304,-0.004174,0.789544,-0.407626,-0.171142,0.591911,-0.936201,-0.007572,0.915803,-0.342994,-0.136956,0.479162,-1.084728,0.008987,1.083707,-0.199714,-0.095745,0.275305,-1.392933,0.007138,1.364096
211,-0.454406,-0.20315,0.657682,-0.806414,-0.004432,0.81593,-0.397751,-0.188582,0.586586,-0.919829,-0.013422,0.922356,-0.324184,-0.145387,0.479341,-1.071697,0.000694,1.10655,-0.197411,-0.087774,0.268158,-1.379895,-0.023589,1.389155
212,-0.437532,-0.214293,0.665521,-0.805456,-0.022954,0.822793,-0.393086,-0.205296,0.581368,-0.892755,-0.027989,0.93213,-0.31831,-0.161741,0.478774,-1.073557,-0.056193,1.113019,-0.189956,-0.08982,0.277566,-1.371262,-0.034164,1.407839
213,-0.43253,-0.229359,0.671231,-0.787842,-0.055921,0.838122,-0.3963,-0.206328,0.590189,-0.895288,-0.064987,0.947916,-0.310521,-0.167369,0.485262,-1.046221,-0.058442,1.093666,-0.175434,-0.097845,0.286685,-1.340242,-0.073506,1.445014
214,-0.426637,-0.234179,0.656501,-0.77617,-0.058349,0.850543,-0.375706,-0.20317,0.59474,-0.871314,-0.069535,0.948888,-0.307508,-0.174727,0.471988,-1.029742,-0.095598,1.133182,-0.169789,-0.092868,0.285213,-1.330265,-0.107683,1.42761
215,-0.412351,-0.267595,0.661759,-0.791317,-0.07919,0.852442,-0.363803,-0.224993,0.596632,-0.8891,-0.102269,0.961368,-0.302886,-0.187173,0.485728,-1.040118,-0.122186,1.131609,-0.171869,-0.102863,0.284979,-1.30725,-0.157473,1.455197
216,-0.405426,-0.266687,0.678076,-0.748824,-0.090308,0.845938,-0.362065,-0.234258,0.592053,-0.865995,-0.110972,0.98134,-0.299116,-0.196592,0.478862,-1.010335,-0.116229,1.141491,-0.166569,-0.10897,0.286421,-1.297448,-0.179538,1.463415
217,-0.391421,-0.281198,0.677875,-0.735266,-0.099668,0.851439,-0.35289,-0.242122,0.608352,-0.833554,-0.15709,0.987131,-0.2835,-0.197057,0.479486,-1.015595,-0.156221,1.148392,-0.163371,-0.117493,0.286049,-1.258382,-0.207318,1.470006
218,-0.391148,-0.292866,0.68293,-0.730719,-0.120373,0.855589,-0.344128,-0.26083,0.599388,-0.822736,-0.15265,0.995671,-0.271008,-0.214463,0.480779,-0.982565,-0.189676,1.173445,-0.166429,-0.117462,0.27915,-1.259958,-0.224229,1.486616
219,-0.372955,-0.303363,0.668285,-0.705375,-0.15453,0.872441,-0.336225,-0.269218,0.60145,-0.822283,-0.186644,0.984207,-0.270936,-0.217698,0.482465,-0.975316,-0.20572,1.180624,-0.159661,-0.129374,0.267604,-1.227826,-0.267401,1.505016
220,-0.361313,-0.300787,0.672074,-0.712268,-0.173968,0.89908,-0.318328,-0.280527,0.606267,-0.802092,-0.193192,0.983604,-0.270168,-0.218,0.487286,-0.957822,-0.214728,1.161236,-0.149987,-0.13161,0.28168,-1.213835,-0.292244,1.491823
221,-0.347412,-0.318123,0.674069,-0.692529,-0.176407,0.877748,-0.318864,-0.296948,0.602228,-0.779591,-0.193899,1.000898,-0.257379,-0.228591,0.490382,-0.953391,-0.251876,1.176265,-0.148383,-0.132599,0.277118,-1.203276,-0.305321,1.514065
222,-0.336258,-0.333201,0.673625,-0.705971,-0.228316,0.8763,-0.29482,-0.295282,0.595871,-0.766768,-0.242533,1.020176,-0.250402,-0.241793,0.477045,-0.927954,-0.263728,1.209678,-0.142054,-0.139021,0.280369,-1.17985,-0.344529,1.532887
223,-0.332898,-0.345589,0.667441,-0.694568,-0.213892,0.903158,-0.298824,-0.30581,0.596882,-0.754069,-0.244135,1.020231,-0.241685,-0.248755,0.488654,-0.887768,-0.296406,1.199189,-0.133344,-0.136626,0.279171,-1.165664,-0.358109,1.531567
224,-0.316283,-0.355183,0.670126,-0.656863,-0.228866,0.90522,-0.286075,-0.314473,0.59371,-0.757223,-0.283429,1.024638,-0.238138,-0.263313,0.491017,-0.88176,-0.311884,1.210758,-0.133764,-0.144954,0.279168,-1.140084,-0.395011,1.549244
225,-0.300421,-0.369806,0.662361,-0.63817,-0.237936,0.88895,-0.277136,-0.32316,0.59472,-0.739727,-0.288602,1.044751,-0.221888,-0.256581,0.486658,-0.860631,-0.340382,1.204904,-0.130297,-0.148007,0.269576,-1.12849,-0.459221,1.539764
226,-0.293256,-0.382975,0.682276,-0.632039,-0.303845,0.905543,-0.264839,-0.334079,0.597796,-0.714235,-0.308818,1.049206,-0.209102,-0.277809,0.488025,-0.863791,-0.368072,1.212462,-0.124968,-0.165508,0.277369,-1.086463,-0.476093,1.546878
227,-0.296571,-0.38555,0.673583,-0.634342,-0.285636,0.90116,-0.245571,-0.34882,0.596551,-0.719748,-0.308713,1.047922,-0.204363,-0.283401,0.489152,-0.84566,-0.394957,1.213789,-0.120015,-0.159627,0.287177,-1.06871,-0.497437,1.57473
228,-0.277844,-0.398839,0.680672,-0.60071,-0.300229,0.916628,-0.239483,-0.354458,0.60886,-0.683834,-0.354283,1.057416,-0.193148,-0.286901,0.495017,-0.82512,-0.407289,1.224195,-0.103567,-0.165813,0.278971,-1.040741,-0.530136,1.562706
229,-0.268037,-0.41125,0.660184,-0.608479,-0.332124,0.924531,-0.234504,-0.367658,0.587108,-0.671546,-0.357445,1.050057,-0.185652,-0.298964,0.488259,-0.777013,-0.426701,1.253005,-0.112006,-0.167272,0.279515,-1.031901,-0.551848,1.563979
230,-0.244794,-0.423554,0.663727,-0.573032,-0.322715,0.920693,-0.223398,-0.372479,0.595414,-0.667412,-0.383507,1.046201,-0.181652,-0.302827,0.480229,-0.790316,-0.444572,1.255221,-0.10439,-0.177108,0.285511,-1.024316,-0.565697,1.574512
231,-0.236162,-0.426006,0.666583,-0.576935,-0.345204,0.930546,-0.21466,-0.380518,0.584111,-0.647141,-0.395302,1.026969,-0.169466,-0.304994,0.479726,-0.753022,-0.473684,1.235508,-0.095461,-0.184745,0.278129,-0.996449,-0.627703,1.572825
232,-0.220846,-0.43922,0.666544,-0.566605,-0.373682,0.932305,-0.196411,-0.38727,0.584957,-0.650391,-0.416451,1.056092,-0.157208,-0.314938,0.474847,-0.745034,-0.513887,1.262249,-0.094787,-0.185028,0.286539,-0.974527,-0.637207,1.582305
233,-0.207352,-0.451053,0.654215,-0.550158,-0.386667,0.934979,-0.185661,-0.39338,0.591182,-0.61167,-0.448316,1.03926,-0.160823,-0.319611,0.471765,-0.725241,-0.517687,1.226401,-0.092707,-0.189607,0.277974,-0.931956,-0.672022,1.584131
234,-0.198154,-0.450867,0.660314,-0.532409,-0.4085,0.94067,-0.182531,-0.410061,0.584915,-0.59638,-0.447751,1.061076,-0.142706,-0.325732,0.48001,-0.706632,-0.565398,1.249206,-0.086215,-0.188508,0.276267,-0.910353,-0.692622,1.594425
235,-0.187672,-0.472332,0.656875,-0.500944,-0.422209,0.923174,-0.166341,-0.415433,0.573919,-0.58674,-0.471243,1.060683,-0.135543,-0.336389,0.473018,-0.674418,-0.576562,1.27396,-0.073149,-0.195782,0.280295,-0.886205,-0.722472,1.591582
236,-0.172617,-0.470012,0.654202,-0.522107,-0.446978,0.934553,-0.154745,-0.427864,0.577763,-0.567035,-0.494707,1.05128,-0.129509,-0.342004,0.464396,-0.662295,-0.577781,1.266182,-0.07374,-0.205093,0.270921,-0.841431,-0.742072,1.604106
237,-0.158921,-0.480948,0.648056,-0.482124,-0.436201,0.909171,-0.144269,-0.434632,0.57863,-0.55128,-0.491574,1.04879,-0.116479,-0.347139,0.467505,-0.651092,-0.606485,1.260498,-0.061837,-0.203212,0.263345,-0.812887,-0.763609,1.591029
238,-0.153041,-0.486909,0.642732,-0.479329,-0.459095,0.94325,-0.131411,-0.43705,0.575358,-0.533686,-0.517613,1.060676,-0.119914,-0.353681,0.462391,-0.634142,-0.624701,1.266082,-0.061286,-0.198415,0.268776,-0.811271,-0.819965,1.604464
239,-0.139909,-0.507489,0.645348,-0.442101,-0.496235,0.926166,-0.127782,-0.446323,0.565932,-0.519377,-0.553876,1.063184,-0.09944,-0.357911,0.474547,-0.597958,-0.632213,1.233945,-0.05928,-0.211886,0.270941,-0.797158,-0.815034,1.589562
240,-0.12772,-0.510707,0.640059,-0.425837,-0.481655,0.939874,-0.107795,-0.463922,0.569006,-0.493782,-0.559326,1.060526,-0.088635,-0.36883,0.45426,-0.575323,-0.667333,1.253352,-0.044975,-0.212533,0.261082,-0.751608,-0.860114,1.601689
241,-0.113706,-0.521698,0.628149,-0.431742,-0.526444,0.933163,-0.105218,-0.463515,0.55973,-0.473478,-0.581308,1.073357,-0.085842,-0.362851,0.453519,-0.54861,-0.667752,1.239595,-0.042835,-0.218445,0.271511,-0.732415,-0.87305,1.586371
242,-0.106181,-0.530939,0.631703,-0.405087,-0.528104,0.934703,-0.092651,-0.462679,0.560096,-0.45646,-0.579856,1.048544,-0.070816,-0.376756,0.456162,-0.543972,-0.702183,1.251426,-0.041249,-0.216473,0.26165,-0.693172,-0.896687,1.594858
243,-0.086319,-0.530594,0.624832,-0.40033,-0.534875,0.927701,-0.075665,-0.481805,0.551232,-0.448642,-0.609533,1.052867,-0.059799,-0.384224,0.445342,-0.515158,-0.727584,1.248267,-0.037614,-0.224023,0.253632,-0.672452,-0.936374,1.598826
244,-0.076527,-0.535163,0.618431,-0.385575,-0.537066,0.924766,-0.073107,-0.474841,0.552841,-0.440932,-0.636445,1.06672,-0.051745,-0.388145,0.437691,-0.505851,-0.746881,1.237026,-0.035031,-0.223944,0.256536,-0.646904,-0.953223,1.578545
245,-0.060854,-0.549349,0.60735,-0.352762,-0.572903,0.914415,-0.06084,-0.489223,0.549341,-0.40138,-0.653977,1.051354,-0.053527,-0.391767,0.441831,-0.469401,-0.766718,1.243997,-0.036741,-0.223043,0.246482,-0.620691,-0.964286,1.597135
246,-0.048126,-0.550209,0.616373,-0.333772,-0.594329,0.925298,-0.042058,-0.498853,0.530861,-0.397083,-0.677698,1.052573,-0.034605,-0.407835,0.434681,-0.458014,-0.786981,1.258986,-0.021999,-0.23327,0.247666,-0.580286,-0.999327,1.579851
247,-0.038105,-0.55789,0.59864,-0.340215,-0.592192,0.931985,-0.035233,-0.500264,0.53221,-0.382846,-0.698793,1.053542,-0.02985,-0.403847,0.437971,-0.431137,-0.800551,1.246946,-0.018121,-0.234719,0.245146,-0.552601,-1.031706,1.576586
248,-0.027715,-0.570314,0.59604,-0.293345,-0.607035,0.92912,-0.027289,-0.506724,0.538876,-0.347639,-0.694717,1.051489,-0.015893,-0.414665,0.422503,-0.430111,-0.828081,1.223504,-0.008085,-0.234953,0.237959,-0.539408,-1.039755,1.57174
249,-0.014095,-0.579211,0.58838,-0.283588,-0.619251,0.910348,-0.007732,-0.505197,0.522951,-0.333712,-0.699721,1.040556,-0.005927,-0.415046,0.429758,-0.387745,-0.836279,1.223038,0.001759,-0.244889,0.243946,-0.494327,-1.049077,1.557244
250,0.005127,-0.586244,0.581421,-0.28807,-0.636846,0.924342,-0.006738,-0.521315,0.517873,-0.333011,-0.726071,1.038411,0.004853,-0.42094,0.427948,-0.365892,-0.848612,1.227882,0.002962,-0.248384,0.243577,-0.460823,-1.081642,1.572614
251,0.010757,-0.58872,0.583934,-0.277121,-0.635702,0.897275,0.013514,-0.514491,0.521905,-0.29473,-0.753925,1.02261,0.007513,-0.427994,0.412476,-0.352232,-0.877364,1.222628,0.006952,-0.242707,0.237911,-0.461188,-1.095552,1.551507
252,0.024785,-0.602966,0.57424,-0.235049,-0.657972,0.907807,0.018233,-0.537361,0.504042,-0.287461,-0.75876,1.027963,0.01081,-0.428788,0.417685,-0.324714,-0.88021,1.220458,0.017549,-0.246715,0.229204,-0.415011,-1.137579,1.53862
253,0.042517,-0.603245,0.566281,-0.21901,-0.674508,0.883472,0.034286,-0.533221,0.509813,-0.244826,-0.757224,1.013258,0.027289,-0.431881,0.402103,-0.299918,-0.891068,1.215234,0.021257,-0.258732,0.238322,-0.38786,-1.148237,1.533407
254,0.047328,-0.611946,0.556865,-0.215988,-0.695144,0.887573,0.040826,-0.541079,0.499604,-0.224197,-0.772647,1.012749,0.038027,-0.435227,0.405303,-0.266303,-0.928155,1.208081,0.028936,-0.259548,0.229554,-0.364756,-1.157182,1.545617
255,0.066256,-0.613843,0.552335,-0.200609,-0.670936,0.890823,0.061313,-0.546769,0.489563,-0.207376,-0.800215,1.019869,0.044686,-0.439641,0.39955,-0.248536,-0.925062,1.176291,0.025637,-0.255658,0.226453,-0.33994,-1.190261,1.525131
256,0.071256,-0.624177,0.536519,-0.170597,-0.703999,0.89727,0.067167,-0.55175,0.480482,-0.211348,-0.801745,1.002703,0.061327,-0.45461,0.393858,-0.244608,-0.941625,1.166252,0.031164,-0.257226,0.22986,-0.307271,-1.210143,1.500329
257,0.087603,-0.621533,0.537664,-0.14279,-0.735948,0.876933,0.070602,-0.559521,0.482429,-0.183329,-0.810848,1.004586,0.068374,-0.445159,0.384754,-0.18602,-0.96372,1.179094,0.041723,-0.268255,0.220135,-0.277589,-1.216438,1.4914
258,0.09582,-0.632478,0.517503,-0.138642,-0.721765,0.870503,0.090831,-0.563012,0.469249,-0.154238,-0.809346,0.992693,0.079243,-0.454546,0.386053,-0.201985,-0.967637,1.173636,0.042828,-0.261649,0.220016,-0.232951,-1.256938,1.494657
259,0.106386,-0.624437,0.52379,-0.12661,-0.746781,0.87356,0.101642,-0.562382,0.465755,-0.142277,-0.83999,0.976206,0.076878,-0.452275,0.37462,-0.168266,-0.978282,1.158118,0.041778,-0.261239,0.211366,-0.22028,-1.267763,1.491251
260,0.120004,-0.638003,0.507236,-0.107828,-0.752295,0.859685,0.102935,-0.564457,0.455601,-0.121776,-0.85996,0.980131,0.090562,-0.466652,0.368564,-0.13718,-1.021709,1.142892,0.052362,-0.269593,0.208976,-0.18402,-1.284398,1.453981
261,0.140879,-0.642964,0.502106,-0.078817,-0.783825,0.839613,0.124635,-0.573686,0.443863,-0.093411,-0.849453,0.958648,0.10653,-0.457612,0.363321,-0.126526,-1.017438,1.139283,0.05614,-0.272166,0.205442,-0.158044,-1.315995,1.4455
262,0.16236,-0.64807,0.488605,-0.0568,-0.75375,0.852312,0.13167,-0.564724,0.436405,-0.076031,-0.875249,0.941907,0.116576,-0.466735,0.360832,-0.085744,-1.020893,1.138778,0.065152,-0.265021,0.19483,-0.120742,-1.313565,1.464451
263,0.160373,-0.654259,0.472768,-0.052133,-0.760165,0.808806,0.147374,-0.576848,0.43892,-0.032785,-0.88604,0.936645,0.125426,-0.466684,0.351914,-0.05669,-1.066749,1.117967,0.065789,-0.273986,0.201087,-0.095221,-1.328029,1.451368
264,0.184849,-0.648023,0.47375,-0.03209,-0.801726,0.823597,0.154075,-0.58224,0.422422,-0.049958,-0.90209,0.940239,0.122078,-0.459811,0.345511,-0.047032,-1.050425,1.091932,0.074984,-0.26692,0.197247,-0.051163,-1.366819,1.407089
265,0.183928,-0.660073,0.467404,-0.005568,-0.773101,0.817879,0.172687,-0.583748,0.422662,-0.007159,-0.899798,0.933622,0.130436,-0.466124,0.331955,-0.037265,-1.086683,1.08477,0.078855,-0.268878,0.190065,-0.041497,-1.373563,1.394964
266,0.192788,-0.650544,0.456114,0.012539,-0.810819,0.827856,0.172523,-0.591105,0.401261,0.007404,-0.90657,0.904503,0.148132,-0.475466,0.32663,-0.006097,-1.08333,1.080745,0.085252,-0.273174,0.186513,0.00302,-1.39679,1.381631
267,0.211806,-0.655463,0.446538,0.006695,-0.818487,0.815952,0.182527,-0.592463,0.394487,0.033445,-0.913445,0.900292,0.151212,-0.477693,0.318605,0.016918,-1.094235,1.077282,0.08971,-0.270996,0.183256,0.022796,-1.397064,1.369463
268,0.231877,-0.662227,0.438583,0.028402,-0.827228,0.788249,0.197556,-0.587445,0.385421,0.036072,-0.937629,0.892051,0.164566,-0.474735,0.318254,0.0422,-1.10171,1.057965,0.099059,-0.274722,0.182844,0.041744,-1.407453,1.353118
269,0.238626,-0.668142,0.432112,0.052028,-0.849719,0.796937,0.205538,-0.596751,0.381597,0.052363,-0.945007,0.877883,0.173735,-0.485174,0.31863,0.076982,-1.123538,1.047339,0.092615,-0.275834,0.170668,0.108552,-1.434676,1.332114
270,0.24582,-0.659419,0.427225,0.06052,-0.852418,0.778295,0.211994,-0.590452,0.377823,0.063253,-0.956557,0.872731,0.182203,-0.482761,0.307874,0.085648,-1.142771,1.032321,0.088964,-0.271998,0.176491,0.125193,-1.45396,1.335238
271,0.267037,-0.671581,0.40863,0.093995,-0.847655,0.775491,0.232533,-0.59903,0.365731,0.100446,-0.960506,0.873518,0.191645,-0.476657,0.290265,0.129691,-1.13774,0.996897,0.110601,-0.283973,0.166339,0.161804,-1.464726,1.310175
272,0.266273,-0.670236,0.396582,0.107406,-0.853005,0.738036,0.247487,-0.603043,0.355533,0.123543,-0.980285,0.842145,0.200087,-0.479954,0.286351,0.158075,-1.154753,1.010302,0.113908,-0.278662,0.17451,0.187741,-1.463859,1.287104
273,0.283518,-0.672157,0.384068,0.129312,-0.869264,0.745572,0.250461,-0.603052,0.34135,0.159543,-0.978421,0.836774,0.212293,-0.489464,0.284819,0.163177,-1.164475,0.996612,0.124946,-0.288815,0.167369,0.211542,-1.484657,1.267688
274,0.284109,-0.674335,0.381094,0.134972,-0.868577,0.723141,0.268377,-0.607271,0.333045,0.155705,-0.98735,0.833166,0.21257,-0.482545,0.270392,0.195422,-1.153797,0.986575,0.122764,-0.287534,0.158754,0.234381,-1.499237,1.24561
275,0.305845,-0.663992,0.361598,0.156027,-0.889723,0.718788,0.272679,-0.595826,0.320814,0.182117,-0.992807,0.818967,0.218452,-0.478968,0.264688,0.205375,-1.176284,0.940147,0.125086,-0.281976,0.150596,0.280451,-1.493924,1.227789
276,0.313631,-0.671046,0.363174,0.178456,-0.879233,0.722956,0.280062,-0.601335,0.321751,0.197729,-0.989819,0.793793,0.23254,-0.476468,0.249732,0.232894,-1.171725,0.938355,0.124448,-0.278491,0.13904,0.315867,-1.513058,1.215944
277,0.321197,-0.672795,0.341402,0.194781,-0.902074,0.690672,0.295863,-0.597143,0.304156,0.22842,-0.992013,0.795116,0.234929,-0.48781,0.241466,0.267678,-1.18529,0.918436,0.137901,-0.292331,0.138425,0.331231,-1.516844,1.205933
278,0.339994,-0.673893,0.336645,0.210127,-0.906689,0.681322,0.295607,-0.602952,0.299786,0.245375,-1.012094,0.77827,0.244219,-0.483106,0.236003,0.288603,-1.185395,0.921909,0.137576,-0.28297,0.140755,0.367432,-1.518434,1.167797
279,0.356111,-0.670186,0.322781,0.241187,-0.891053,0.67481,0.312187,-0.597677,0.286892,0.249356,-1.026311,0.767838,0.260346,-0.490963,0.232626,0.321695,-1.203448,0.885267,0.159228,-0.276378,0.137643,0.384018,-1.525665,1.144965
280,0.361269,-0.670286,0.314567,0.265049,-0.90002,0.658424,0.320514,-0.604312,0.282564,0.295772,-1.02457,0.74192,0.257916,-0.48498,0.217771,0.330981,-1.216336,0.882995,0.145345,-0.282796,0.128246,0.399157,-1.55221,1.121725
281,0.373319,-0.671577,0.297361,0.251824,-0.890004,0.625672,0.328411,-0.591607,0.263069,0.306463,-1.024338,0.741422,0.267789,-0.495038,0.218745,0.364013,-1.229599,0.874962,0.150436,-0.282155,0.137233,0.449738,-1.556789,1.086431
282,0.378201,-0.680282,0.286938,0.274069,-0.923368,0.622615,0.339816,-0.60704,0.254623,0.328128,-1.020902,0.730827,0.278578,-0.490905,0.214321,0.389884,-1.211852,0.867808,0.157148,-0.27534,0.121679,0.476111,-1.575637,1.082282
283,0.386504,-0.674738,0.280121,0.297962,-0.906083,0.635522,0.357279,-0.606046,0.248589,0.331215,-1.037939,0.690379,0.279842,-0.484268,0.190629,0.393129,-1.213566,0.792695,0.165088,-0.286847,0.111254,0.522957,-1.595257,1.071542
284,0.399185,-0.669426,0.262812,0.309249,-0.955938,0.615117,0.359957,-0.586331,0.232542,0.360608,-1.029275,0.688504,0.287888,-0.486038,0.188806,0.425799,-1.224017,0.817078,0.161939,-0.283046,0.109755,0.546217,-1.556525,1.041211
285,0.41155,-0.683719,0.251776,0.319432,-0.933853,0.605172,0.365151,-0.585918,0.2282,0.363791,-1.049059,0.678026,0.305579,-0.483826,0.183523,0.456833,-1.213322,0.777441,0.173092,-0.26987,0.102603,0.57336,-1.571245,1.01317
286,0.420742,-0.671474,0.243752,0.358739,-0.936003,0.568303,0.374995,-0.601413,0.212667,0.395871,-1.033037,0.654131,0.307968,-0.4778,0.18508,0.460703,-1.249603,0.790094,0.171682,-0.279257,0.097078,0.589985,-1.583379,0.989912
287,0.427848,-0.6593,0.217856,0.358999,-0.938418,0.560373,0.383151,-0.594051,0.20366,0.393279,-1.058192,0.643929,0.317052,-0.480078,0.164448,0.465408,-1.248609,0.735345,0.167821,-0.277234,0.095519,0.604395,-1.598009,0.970029
288,0.453467,-0.655549,0.219976,0.364289,-0.945217,0.548782,0.392625,-0.582332,0.198872,0.439816,-1.058763,0.621687,0.320124,-0.478121,0.161789,0.500441,-1.246376,0.744458,0.188541,-0.277593,0.088707,0.6546,-1.589804,0.946593
289,0.449945,-0.662684,0.204677,0.387471,-0.923525,0.546176,0.40682,-0.5872,0.18278,0.427962,-1.050938,0.584869,0.323947,-0.477585,0.153561,0.534459,-1.252838,0.728252,0.180142,-0.264605,0.080231,0.678539,-1.585614,0.914951
290,0.454237,-0.65063,0.197384,0.415113,-0.936386,0.496764,0.40549,-0.57914,0.170736,0.442427,-1.063207,0.597224,0.326259,-0.473371,0.140957,0.549533,-1.247991,0.694749,0.191555,-0.270591,0.090026,0.719337,-1.581602,0.878043
291,0.464427,-0.658441,0.183556,0.428735,-0.942685,0.498046,0.412026,-0.577841,0.164695,0.473401,-1.047964,0.583338,0.333333,-0.469961,0.135951,0.5817,-1.252886,0.684113,0.190526,-0.268993,0.07566,0.743381,-1.610329,0.868242
292,0.476784,-0.645826,0.178374,0.443643,-0.935163,0.511824,0.420037,-0.573357,0.146554,0.512685,-1.061326,0.550457,0.345062,-0.470345,0.131293,0.585393,-1.255158,0.668573,0.198509,-0.281126,0.067902,0.744242,-1.600543,0.850444
293,0.487887,-0.648748,0.155354,0.446726,-0.954439,0.495543,0.425547,-0.584838,0.146241,0.508894,-1.046893,0.538277,0.347712,-0.467411,0.112557,0.609044,-1.256659,0.634824,0.205104,-0.266303,0.061759,0.782136,-1.601836,0.821924
294,0.500397,-0.64604,0.146265,0.470667,-0.942422,0.469547,0.449042,-0.582261,0.139839,0.531262,-1.057129,0.523301,0.357705,-0.468185,0.096851,0.641438,-1.25752,0.630215,0.210274,-0.270082,0.059902,0.815433,-1.600191,0.781457
295,0.497062,-0.638848,0.133403,0.48591,-0.937758,0.447753,0.452527,-0.57838,0.111675,0.567209,-1.05091,0.50719,0.35679,-0.454645,0.093318,0.662075,-1.265663,0.589138,0.211475,-0.264449,0.047687,0.828067,-1.596373,0.76053
296,0.521042,-0.633514,0.122123,0.500169,-0.934978,0.412205,0.461273,-0.570697,0.117516,0.558956,-1.064834,0.49597,0.379992,-0.459373,0.087497,0.65574,-1.242281,0.587905,0.219535,-0.263974,0.062896,0.866285,-1.589927,0.717374
297,0.516153,-0.636305,0.105924,0.515764,-0.911059,0.41904,0.467575,-0.549577,0.096798,0.587535,-1.051147,0.467872,0.371328,-0.441192,0.083885,0.689405,-1.269414,0.549746,0.216765,-0.257617,0.04577,0.883786,-1.584139,0.70511
298,0.52485,-0.624414,0.101478,0.526305,-0.917621,0.400939,0.477678,-0.552,0.080907,0.604898,-1.057472,0.456209,0.378492,-0.452499,0.06519,0.719462,-1.245846,0.543478,0.223,-0.25397,0.041013,0.905516,-1.588304,0.678505
299,0.544993,-0.617768,0.083813,0.529127,-0.932384,0.39478,0.47812,-0.560785,0.077812,0.620265,-1.054008,0.446046,0.385107,-0.443531,0.059584,0.72892,-1.236591,0.5185,0.221626,-0.258824,0.03534,0.903923,-1.584963,0.654953
300,0.548352,-0.61328,0.076408,0.557229,-0.924837,0.377698,0.482876,-0.549163,0.061064,0.647077,-1.042849,0.429544,0.393155,-0.440401,0.043587,0.768164,-1.222909,0.489771,0.234226,-0.263735,0.031548,0.959,-1.572374,0.616594
301,0.552871,-0.612118,0.055775,0.569141,-0.930457,0.339971,0.488581,-0.542,0.046885,0.645654,-1.057929,0.403194,0.401272,-0.441427,0.047754,0.762249,-1.237923,0.453669,0.226333,-0.261508,0.03324,0.977797,-1.582639,0.623388
302,0.55958,-0.607472,0.047091,0.594041,-0.921012,0.33728,0.497801,-0.532282,0.036353,0.667939,-1.046869,0.383621,0.402567,-0.440557,0.029002,0.770477,-1.246129,0.453595,0.234948,-0.256124,0.010995,1.019349,-1.560353,0.565415
303,0.571263,-0.609144,0.032842,0.596437,-0.917547,0.330166,0.505547,-0.541542,0.026223,0.682466,-1.053,0.360528,0.404872,-0.420955,0.019748,0.799485,-1.220849,0.442791,0.23743,-0.25164,0.015006,1.02223,-1.57295,0.552751
304,0.568176,-0.601765,0.017621,0.614486,-0.926037,0.311127,0.508057,-0.531707,0.019209,0.699222,-1.02359,0.342211,0.41683,-0.420028,0.016679,0.830783,-1.219632,0.408308,0.243154,-0.246739,0.004284,1.061567,-1.584067,0.507999
305,0.574503,-0.586421,0.01046,0.634569,-0.917832,0.287807,0.503585,-0.525395,0.008764,0.713949,-1.038204,0.338515,0.41936,-0.429977,-4.1e-05,0.859332,-1.221295,0.391728,0.237126,-0.245973,0.01254,1.075917,-1.560869,0.484244
306,0.593152,-0.576338,-0.00474,0.639585,-0.91386,0.256178,0.52671,-0.519248,0.001952,0.739664,-1.039233,0.285758,0.422708,-0.41845,-0.000194,0.859881,-1.209832,0.352821,0.246352,-0.242094,-0.006164,1.091849,-1.558843,0.441855
307,0.589654,-0.571436,-0.019308,0.642142,-0.901252,0.249864,0.53133,-0.507238,-0.019357,0.72625,-1.035339,0.282823,0.429948,-0.413216,-0.01417,0.873686,-1.216523,0.337391,0.253632,-0.248071,-0.009214,1.121261,-1.554728,0.419441
308,0.60171,-0.560658,-0.029442,0.661945,-0.878441,0.23549,0.538115,-0.500471,-0.01714,0.740951,-1.006364,0.255153,0.448145,-0.412905,-0.016975,0.902063,-1.209101,0.294862,0.251989,-0.243329,0.00223,1.124611,-1.565451,0.390325
309,0.603517,-0.563135,-0.048036,0.677038,-0.89825,0.219057,0.536717,-0.502931,-0.035152,0.754976,-1.009599,0.252857,0.43401,-0.403121,-0.031892,0.929002,-1.188462,0.306763,0.249519,-0.234325,-0.015638,1.16523,-1.519077,0.385718
310,0.602473,-0.548958,-0.041138,0.675075,-0.893266,0.200964,0.550178,-0.49362,-0.049304,0.773319,-1.002001,0.232039,0.44427,-0.402232,-0.041636,0.91863,-1.183169,0.25819,0.258372,-0.230737,-0.020753,1.186623,-1.529349,0.325082
311,0.614079,-0.541771,-0.065977,0.695551,-0.886741,0.179323,0.543905,-0.480486,-0.058478,0.805838,-1.004072,0.196599,0.45367,-0.389823,-0.050114,0.94693,-1.185786,0.231356,0.256751,-0.221886,-0.026998,1.204594,-1.525502,0.324165
312,0.619507,-0.53074,-0.087865,0.7158,-0.876356,0.170037,0.548093,-0.478583,-0.064491,0.798227,-1.004003,0.194084,0.446314,-0.382073,-0.062016,0.959249,-1.160438,0.224292,0.268991,-0.225255,-0.037304,1.221573,-1.518752,0.270661
313,0.618278,-0.538522,-0.092367,0.719837,-0.865254,0.150036,0.550723,-0.471654,-0.084825,0.843522,-0.980342,0.187847,0.454886,-0.38461,-0.058099,0.955097,-1.145631,0.198721,0.260321,-0.212502,-0.029813,1.243812,-1.492474,0.253848
314,0.62788,-0.530055,-0.106122,0.745672,-0.867552,0.124174,0.567255,-0.462324,-0.1036,0.82119,-0.988263,0.150778,0.457419,-0.373667,-0.076505,0.990342,-1.163866,0.177782,0.254038,-0.227161,-0.042805,1.246735,-1.484905,0.232641
315,0.630061,-0.513635,-0.123895,0.755174,-0.872044,0.112008,0.561562,-0.457358,-0.11127,0.846656,-0.985467,0.120338,0.457699,-0.363812,-0.08172,0.999966,-1.14531,0.16197,0.271049,-0.218412,-0.051273,1.294767,-1.461704,0.203008
316,0.639318,-0.496217,-0.130546,0.749814,-0.860267,0.079261,0.570775,-0.451483,-0.105209,0.855569,-0.961118,0.111095,0.452244,-0.364095,-0.089738,1.010927,-1.140861,0.124509,0.262833,-0.215232,-0.051052,1.296242,-1.465059,0.147397
317,0.637347,-0.496863,-0.144466,0.772818,-0.841501,0.080987,0.575759,-0.435879,-0.121058,0.867727,-0.963832,0.081698,0.464386,-0.359012,-0.109379,1.028363,-1.12957,0.10294,0.268965,-0.217172,-0.05967,1.324328,-1.439581,0.148678
318,0.648204,-0.490642,-0.158878,0.776685,-0.840328,0.071069,0.580146,-0.434756,-0.142304,0.878397,-0.957396,0.063683,0.476598,-0.35267,-0.114406,1.034265,-1.119048,0.077262,0.271964,-0.204155,-0.0707,1.324331,-1.435409,0.114277
319,0.649632,-0.475805,-0.1745,0.780474,-0.820933,0.055202,0.582736,-0.433578,-0.150432,0.896811,-0.935751,0.059471,0.467833,-0.344876,-0.123309,1.05994,-1.112475,0.056619,0.276833,-0.2022,-0.073657,1.352404,-1.422237,0.075817
320,0.662345,-0.470701,-0.17856,0.7792,-0.801251,0.030161,0.585213,-0.416242,-0.159237,0.893245,-0.934736,0.025785,0.470557,-0.343263,-0.132639,1.066281,-1.10295,0.033427,0.264496,-0.198546,-0.080913,1.372871,-1.408831,0.041397
321,0.649133,-0.454886,-0.194441,0.793962,-0.816618,0.014104,0.585672,-0.404076,-0.17478,0.902312,-0.929261,0.003155,0.472657,-0.334643,-0.145393,1.073134,-1.076598,0.006058,0.272124,-0.190381,-0.085931,1.373415,-1.405311,0.015661
322,0.660855,-0.444047,-0.209016,0.809067,-0.813459,-0.034884,0.581838,-0.409087,-0.182609,0.923584,-0.901825,-0.010093,0.471523,-0.32817,-0.157346,1.082774,-1.074002,-0.001064,0.274276,-0.189192,-0.08314,1.398098,-1.396217,-0.0152
323,0.661554,-0.442672,-0.220887,0.817608,-0.788294,-0.013058,0.588731,-0.404421,-0.192958,0.921051,-0.896158,-0.030965,0.476817,-0.322984,-0.165581,1.102638,-1.051577,-0.038411,0.273212,-0.175586,-0.09817,1.408971,-1.362932,-0.056799
324,0.667858,-0.432957,-0.234883,0.833138,-0.786335,-0.033065,0.586356,-0.390082,-0.205221,0.943937,-0.888163,-0.062808,0.475418,-0.313255,-0.165347,1.113695,-1.032437,-0.062118,0.277166,-0.174114,-0.099269,1.422063,-1.317016,-0.086869
325,0.663007,-0.428284,-0.237894,0.831689,-0.772813,-0.046771,0.594602,-0.37923,-0.220974,0.958951,-0.882164,-0.068272,0.475603,-0.305081,-0.181449,1.09688,-1.048324,-0.094212,0.273299,-0.178854,-0.09975,1.434955,-1.325316,-0.103386
326,0.659434,-0.409074,-0.258439,0.839836,-0.764863,-0.083936,0.586367,-0.373105,-0.227473,0.954559,-0.859351,-0.106678,0.476789,-0.291429,-0.17805,1.119837,-1.02561,-0.100592,0.275071,-0.170309,-0.099272,1.462559,-1.300169,-0.125692
327,0.657587,-0.409766,-0.258981,0.861192,-0.761619,-0.099354,0.589285,-0.362186,-0.232169,0.967532,-0.842375,-0.116077,0.485762,-0.283615,-0.19671,1.145158,-1.022967,-0.126752,0.278389,-0.170529,-0.111643,1.460589,-1.297533,-0.172381
328,0.677929,-0.393362,-0.278354,0.868463,-0.736375,-0.126285,0.590792,-0.350545,-0.247983,0.963344,-0.849397,-0.12938,0.489554,-0.284642,-0.207436,1.141565,-1.006482,-0.148534,0.282046,-0.161599,-0.118071,1.485811,-1.293703,-0.187055
329,0.66687,-0.382212,-0.294325,0.844854,-0.741292,-0.124314,0.59247,-0.344885,-0.259208,0.980662,-0.840534,-0.154468,0.490053,-0.273485,-0.207873,1.170791,-0.98582,-0.1874,0.286387,-0.158129,-0.112092,1.480125,-1.241959,-0.23843
330,0.669188,-0.370428,-0.303589,0.877576,-0.729893,-0.140223,0.591241,-0.324314,-0.26748,1.00043,-0.804888,-0.158916,0.492754,-0.271598,-0.217774,1.159723,-0.976486,-0.20047,0.280532,-0.153747,-0.124547,1.493504,-1.246202,-0.253236
331,0.674654,-0.365897,-0.31201,0.890265,-0.700924,-0.15956,0.600808,-0.330512,-0.277043,1.011482,-0.810524,-0.193456,0.482284,-0.264594,-0.224715,1.187875,-0.947593,-0.193842,0.280588,-0.147607,-0.122359,1.489043,-1.209814,-0.282828
332,0.676464,-0.353412,-0.317547,0.880013,-0.677801,-0.17472,0.599151,-0.318482,-0.286251,1.018019,-0.793354,-0.216724,0.484369,-0.257675,-0.232636,1.187035,-0.938674,-0.25724,0.27331,-0.146988,-0.136644,1.512155,-1.208265,-0.310791
333,0.669972,-0.338815,-0.333913,0.895696,-0.675503,-0.214813,0.606778,-0.308466,-0.288279,1.025646,-0.78913,-0.223904,0.486026,-0.247119,-0.237601,1.189779,-0.927899,-0.272541,0.283603,-0.138117,-0.136634,1.519066,-1.176311,-0.333915
334,0.673136,-0.328863,-0.339592,0.888343,-0.689022,-0.221662,0.600968,-0.296915,-0.30681,1.021006,-0.770601,-0.248285,0.477701,-0.236056,-0.248615,1.188273,-0.911162,-0.281864,0.281918,-0.125843,-0.136522,1.556995,-1.151254,-0.380028
335,0.675844,-0.318411,-0.353129,0.912752,-0.642179,-0.236889,0.600406,-0.283232,-0.316595,1.016465,-0.761407,-0.2575,0.49217,-0.236905,-0.258487,1.201161,-0.902587,-0.323026,0.271154,-0.127738,-0.148738,1.539675,-1.131429,-0.399607
336,0.670294,-0.308308,-0.373981,0.935555,-0.658272,-0.260141,0.589666,-0.267922,-0.326336,1.021971,-0.752352,-0.29433,0.480978,-0.227783,-0.269292,1.218452,-0.87669,-0.34109,0.278788,-0.122681,-0.152761,1.548818,-1.117657,-0.427565
337,0.6749,-0.293658,-0.377213,0.903758,-0.636871,-0.267253,0.591005,-0.267865,-0.330032,1.039867,-0.726367,-0.305195,0.493224,-0.20769,-0.270652,1.220662,-0.861023,-0.360687,0.271851,-0.123146,-0.160307,1.560651,-1.096101,-0.453283
338,0.66205,-0.282108,-0.387844,0.907201,-0.61559,-0.292357,0.59432,-0.257441,-0.338708,1.01475,-0.712968,-0.330575,0.490692,-0.212437,-0.272502,1.225392,-0.834304,-0.39262,0.272045,-0.11647,-0.164687,1.56168,-1.077709,-0.48948
339,0.674711,-0.275603,-0.3948,0.923439,-0.610704,-0.309706,0.59934,-0.245275,-0.358551,1.052472,-0.69275,-0.333747,0.475389,-0.195904,-0.28858,1.222829,-0.833302,-0.420759,0.273978,-0.104511,-0.165038,1.573085,-1.032594,-0.526824
340,0.666641,-0.268307,-0.417942,0.897362,-0.596798,-0.33256,0.589129,-0.237193,-0.368786,1.04217,-0.66637,-0.362983,0.478306,-0.189409,-0.294869,1.233573,-0.804025,-0.437516,0.276372,-0.11248,-0.172241,1.561254,-1.033331,-0.541504
341,0.667658,-0.242925,-0.407507,0.910778,-0.591957,-0.335584,0.591285,-0.225371,-0.373642,1.036875,-0.672875,-0.378359,0.482817,-0.179916,-0.309061,1.229901,-0.766673,-0.452043,0.277032,-0.101641,-0.170886,1.590171,-1.020617,-0.583503
342,0.668799,-0.238454,-0.426291,0.933582,-0.585981,-0.360633,0.587337,-0.215127,-0.379438,1.046191,-0.642617,-0.407872,0.480471,-0.171062,-0.303778,1.246359,-0.774035,-0.487133,0.280283,-0.105428,-0.173446,1.567476,-0.978998,-0.61602
343,0.670642,-0.223449,-0.438798,0.925253,-0.552768,-0.358643,0.591351,-0.200063,-0.38878,1.058876,-0.621525,-0.400312,0.478181,-0.157436,-0.321522,1.246588,-0.741598,-0.491795,0.275821,-0.093176,-0.182353,1.590616,-0.966817,-0.629709
344,0.664198,-0.218487,-0.440429,0.923817,-0.543673,-0.374238,0.579295,-0.195467,-0.405649,1.027743,-0.604226,-0.440739,0.480475,-0.15745,-0.322467,1.241189,-0.734757,-0.508994,0.268553,-0.102928,-0.182537,1.575684,-0.905536,-0.659913
345,0.652183,-0.206581,-0.454794,0.924003,-0.52574,-0.399141,0.59228,-0.180139,-0.406167,1.054691,-0.580829,-0.453032,0.470716,-0.14898,-0.324174,1.235815,-0.713231,-0.517812,0.274247,-0.081687,-0.185856,1.59943,-0.906057,-0.699694
346,0.65405,-0.190833,-0.461617,0.942069,-0.519255,-0.418149,0.583744,-0.165552,-0.417889,1.04689,-0.578428,-0.477175,0.470489,-0.134792,-0.343397,1.267714,-0.70506,-0.561715,0.261927,-0.070947,-0.19383,1.595747,-0.886052,-0.700363
347,0.657552,-0.178272,-0.478107,0.922648,-0.476936,-0.43321,0.579605,-0.151628,-0.420335,1.060447,-0.588519,-0.501561,0.470696,-0.124995,-0.340787,1.258905,-0.670965,-0.566386,0.271381,-0.078074,-0.198418,1.5987,-0.836835,-0.740147
348,0.653171,-0.176065,-0.482523,0.94173,-0.498852,-0.43503,0.582997,-0.153069,-0.427502,1.061485,-0.533561,-0.491156,0.471024,-0.11377,-0.345853,1.238306,-0.662506,-0.607606,0.261386,-0.071421,-0.200253,1.59131,-0.835623,-0.769914
349,0.645896,-0.146629,-0.485525,0.923595,-0.474691,-0.462602,0.565577,-0.131181,-0.440919,1.053129,-0.534653,-0.55121,0.468347,-0.102678,-0.366506,1.259198,-0.632183,-0.626051,0.261151,-0.054503,-0.2035,1.622156,-0.802134,-0.806393
350,0.637737,-0.139559,-0.498224,0.95002,-0.444882,-0.464385,0.572546,-0.123114,-0.44606,1.060713,-0.516935,-0.558231,0.464145,-0.095812,-0.357662,1.23885,-0.601533,-0.637257,0.265661,-0.07124,-0.216515,1.608091,-0.804167,-0.814829
351,0.642944,-0.130772,-0.498541,0.920206,-0.435833,-0.491495,0.565364,-0.120439,-0.4562,1.052017,-0.512628,-0.551703,0.461784,-0.095481,-0.361423,1.254991,-0.583192,-0.646226,0.265655,-0.051951,-0.211097,1.606655,-0.752074,-0.853566
352,0.632035,-0.118989,-0.516323,0.93296,-0.444294,-0.510205,0.562445,-0.11407,-0.466823,1.056114,-0.478889,-0.563087,0.461697,-0.080422,-0.375046,1.241807,-0.568716,-0.681866,0.262966,-0.055679,-0.218712,1.607474,-0.732778,-0.867942
353,0.630812,-0.100028,-0.519279,0.940691,-0.404862,-0.511487,0.55399,-0.089611,-0.463743,1.048501,-0.461119,-0.585436,0.446065,-0.080275,-0.380841,1.250723,-0.546908,-0.705764,0.265538,-0.03976,-0.219906,1.599998,-0.69439,-0.898076
354,0.62634,-0.090982,-0.527967,0.944446,-0.384955,-0.527376,0.556683,-0.083681,-0.479783,1.06603,-0.436619,-0.595659,0.443023,-0.05722,-0.38222,1.251629,-0.525452,-0.726186,0.254488,-0.035111,-0.226719,1.58838,-0.67088,-0.935282
355,0.621281,-0.085398,-0.538583,0.931474,-0.380196,-0.545256,0.54211,-0.066419,-0.480455,1.062434,-0.411385,-0.632152,0.450426,-0.075355,-0.391452,1.236255,-0.498305,-0.738632,0.251947,-0.029434,-0.229678,1.583482,-0.660394,-0.947046
356,0.616963,-0.063926,-0.551142,0.938977,-0.349038,-0.5814,0.541824,-0.063409,-0.496946,1.049597,-0.40904,-0.625644,0.442863,-0.052129,-0.405045,1.239847,-0.465297,-0.752281,0.255435,-0.029225,-0.218508,1.593128,-0.603436,-0.956194
357,0.610763,-0.060372,-0.554291,0.916098,-0.328438,-0.573104,0.54979,-0.048039,-0.502712,1.052877,-0.397424,-0.657267,0.436163,-0.0306,-0.40122,1.248322,-0.467766,-0.783592,0.251964,-0.025076,-0.22762,1.583816,-0.584111,-0.994066
358,0.597825,-0.038712,-0.563581,0.919703,-0.332451,-0.604054,0.52752,-0.035347,-0.496743,1.027346,-0.380892,-0.683567,0.442629,-0.028541,-0.39945,1.234711,-0.439845,-0.780506,0.246627,-0.024827,-0.235127,1.590558,-0.56979,-1.028103
359,0.599334,-0.020957,-0.567706,0.938443,-0.312612,-0.589888,0.531285,-0.022209,-0.514118,1.042857,-0.354683,-0.692239,0.426437,-0.030796,-0.415705,1.23369,-0.410701,-0.831608,0.249609,-0.005046,-0.244731,1.560226,-0.52318,-1.044042
360,0.587796,-0.009773,-0.578984,0.910222,-0.280314,-0.634073,0.531596,-0.013032,-0.519321,1.036395,-0.334844,-0.721086,0.421685,-0.012239,-0.415495,1.234949,-0.39194,-0.837068,0.25406,-0.006769,-0.242324,1.576014,-0.505501,-1.056637
361,0.587672,0.01147,-0.580436,0.911913,-0.276227,-0.617043,0.532781,-0.000167,-0.511976,1.023517,-0.321929,-0.714758,0.433055,0.00387,-0.419152,1.224112,-0.389913,-0.868993,0.239477,-0.001268,-0.241276,1.555198,-0.472768,-1.077463
362,0.574598,0.009703,-0.588186,0.903554,-0.250055,-0.637577,0.52315,0.004841,-0.512723,1.028097,-0.302166,-0.739539,0.415132,0.000811,-0.426627,1.222122,-0.360848,-0.867735,0.238102,0.007559,-0.245067,1.550363,-0.434316,-1.109318
363,0.57278,0.017049,-0.600708,0.914208,-0.24624,-0.654875,0.512665,0.033177,-0.535965,1.035954,-0.265436,-0.759016,0.40859,0.018576,-0.422353,1.220052,-0.315754,-0.870598,0.240686,0.011921,-0.258816,1.545744,-0.409868,-1.116115
364,0.565931,0.036993,-0.599944,0.894753,-0.231559,-0.683833,0.507339,0.029999,-0.54057,1.011442,-0.256389,-0.761322,0.415572,0.031121,-0.436975,1.210761,-0.298989,-0.903349,0.232951,0.023149,-0.251806,1.52235,-0.380646,-1.142258
365,0.562328,0.040141,-0.612217,0.886642,-0.212344,-0.684047,0.492792,0.037624,-0.540047,1.018014,-0.24195,-0.770845,0.404267,0.04053,-0.436204,1.201202,-0.268011,-0.923714,0.220492,0.02272,-0.252659,1.51454,-0.363178,-1.158338
366,0.552172,0.061889,-0.606418,0.905984,-0.193629,-0.692827,0.487613,0.059912,-0.540725,1.01123,-0.245491,-0.766675,0.400321,0.051998,-0.450737,1.188047,-0.254158,-0.930745,0.230285,0.021224,-0.255156,1.525897,-0.308828,-1.192937
367,0.549839,0.072326,-0.609996,0.889817,-0.182663,-0.708863,0.485027,0.061585,-0.552948,1.004396,-0.191246,-0.786928,0.389025,0.047976,-0.446065,1.181951,-0.25168,-0.941871,0.232455,0.031036,-0.257355,1.519177,-0.284194,-1.20029
368,0.53825,0.087376,-0.624656,0.870136,-0.157657,-0.728546,0.471376,0.081949,-0.545478,1.002832,-0.157451,-0.814518,0.384037,0.061889,-0.44656,1.173932,-0.216953,-0.98115,0.223355,0.041664,-0.257829,1.482114,-0.247558,-1.227756
369,0.52127,0.101608,-0.636074,0.852788,-0.167211,-0.743132,0.464598,0.098505,-0.576504,0.984262,-0.169861,-0.827447,0.372857,0.074684,-0.446643,1.167618,-0.187138,-0.962171,0.212034,0.039564,-0.25805,1.488086,-0.266039,-1.254381
370,0.517001,0.111175,-0.629969,0.865911,-0.121918,-0.75207,0.459195,0.107616,-0.564901,0.986806,-0.144983,-0.841189,0.365369,0.084366,-0.452744,1.152502,-0.174155,-0.977549,0.22375,0.042872,-0.261234,1.495384,-0.222976,-1.26151
371,0.50924,0.123727,-0.633931,0.850908,-0.107533,-0.754595,0.452223,0.11653,-0.569256,0.973344,-0.126669,-0.842632,0.373794,0.089491,-0.463853,1.164547,-0.127682,-0.997739,0.218864,0.051893,-0.261258,1.465729,-0.186218,-1.290196
372,0.492239,0.132369,-0.643601,0.843125,-0.087824,-0.77113,0.44437,0.116837,-0.576028,0.954905,-0.087485,-0.854174,0.356038,0.104431,-0.463619,1.136943,-0.12202,-0.99968,0.220361,0.058375,-0.266211,1.45834,-0.139067,-1.290018
373,0.489572,0.149383,-0.64431,0.852548,-0.060203,-0.782645,0.439867,0.132698,-0.575532,0.931543,-0.093405,-0.898136,0.359064,0.109934,-0.461653,1.136117,-0.092199,-1.034631,0.194737,0.059648,-0.267927,1.423737,-0.130045,-1.311151
374,0.47629,0.158357,-0.634028,0.831047,-0.037178,-0.795948,0.431615,0.140703,-0.575043,0.955684,-0.048462,-0.875018,0.345317,0.118146,-0.457002,1.125713,-0.078786,-1.032612,0.201056,0.066164,-0.265431,1.442472,-0.095894,-1.336288
375,0.474643,0.166048,-0.647606,0.828073,-0.026495,-0.785582,0.421726,0.163711,-0.582374,0.940819,-0.020046,-0.900774,0.338298,0.121736,-0.46617,1.112451,-0.046089,-1.050686,0.200493,0.068941,-0.269096,1.414593,-0.051082,-1.350881
376,0.463192,0.186984,-0.654569,0.817606,-0.00424,-0.81109,0.419409,0.165278,-0.577194,0.932685,-0.032344,-0.89816,0.337317,0.132399,-0.466627,1.099092,-0.023679,-1.064056,0.19551,0.078939,-0.274654,1.388962,-0.021941,-1.373989
377,0.449899,0.192978,-0.654678,0.816662,-0.006045,-0.809317,0.415255,0.175403,-0.579288,0.908656,-0.015328,-0.914583,0.326693,0.145519,-0.474779,1.070977,0.00533,-1.079742,0.186522,0.080228,-0.272703,1.395468,-0.009863,-1.382121
378,0.444139,0.210174,-0.663164,0.801041,0.029226,-0.817788,0.406977,0.195746,-0.589423,0.906901,0.014558,-0.926518,0.32112,0.154432,-0.472692,1.072637,0.026372,-1.095728,0.188137,0.09392,-0.277434,1.3729,0.032892,-1.420197
379,0.429782,0.221955,-0.665826,0.792737,0.027853,-0.827037,0.386909,0.199346,-0.595308,0.891969,0.056632,-0.938495,0.313883,0.154445,-0.4758,1.049819,0.037616,-1.107198,0.180276,0.096231,-0.274359,1.347971,0.064729,-1.424847
380,0.433043,0.235789,-0.6608,0.793094,0.072217,-0.830603,0.38259,0.211066,-0.589323,0.875851,0.076519,-0.947768,0.31027,0.175146,-0.481898,1.057824,0.099061,-1.101777,0.177742,0.103066,-0.284774,1.346773,0.093717,-1.434175
381,0.426906,0.265782,-0.667637,0.773853,0.07311,-0.854303,0.379846,0.223655,-0.586038,0.868366,0.073334,-0.966904,0.305361,0.179942,-0.47616,1.024753,0.068398,-1.128219,0.174003,0.103821,-0.281286,1.322268,0.103914,-1.443956
382,0.410424,0.262142,-0.668043,0.772155,0.08755,-0.859984,0.363846,0.238092,-0.594794,0.867211,0.110278,-0.957408,0.289603,0.189946,-0.483258,1.019926,0.131204,-1.12392,0.164297,0.106257,-0.272303,1.307851,0.147778,-1.456863
383,0.397254,0.285501,-0.667355,0.749783,0.102689,-0.857231,0.357186,0.243925,-0.589795,0.839557,0.131458,-0.974472,0.282348,0.197135,-0.486316,1.010379,0.154587,-1.146451,0.165021,0.112237,-0.276925,1.289135,0.189917,-1.466021
384,0.383405,0.283144,-0.670687,0.759819,0.115745,-0.866898,0.341895,0.246527,-0.601879,0.859491,0.129781,-0.97369,0.273485,0.202624,-0.479703,0.998434,0.167924,-1.137484,0.158396,0.115362,-0.284408,1.264227,0.205658,-1.483397
385,0.372634,0.300703,-0.668488,0.732192,0.136459,-0.873479,0.331939,0.25514,-0.593831,0.816959,0.144282,-1.002611,0.275805,0.220927,-0.485843,0.989023,0.176837,-1.18152,0.160208,0.123661,-0.273713,1.253153,0.243882,-1.494743
386,0.365777,0.29597,-0.677935,0.696489,0.155891,-0.864867,0.322464,0.274407,-0.606334,0.821862,0.178891,-0.99253,0.276404,0.216258,-0.482065,0.95511,0.209108,-1.159688,0.158417,0.127185,-0.283549,1.225546,0.278387,-1.501119
387,0.350012,0.316679,-0.677007,0.700747,0.167964,-0.863769,0.307225,0.281646,-0.58575,0.785248,0.211176,-0.994933,0.253284,0.234548,-0.487789,0.950802,0.23236,-1.178137,0.148176,0.130419,-0.28673,1.214494,0.307137,-1.526496
388,0.348384,0.32522,-0.673457,0.703898,0.187333,-0.912761,0.308537,0.297488,-0.603713,0.792978,0.222194,-1.002369,0.252798,0.236122,-0.482689,0.933124,0.255895,-1.188715,0.140721,0.134848,-0.29011,1.196271,0.328916,-1.543823
389,0.333865,0.340551,-0.66979,0.688978,0.202976,-0.900917,0.304273,0.300677,-0.603949,0.791543,0.240415,-1.019926,0.243857,0.242653,-0.489035,0.916687,0.266895,-1.198071,0.133999,0.133691,-0.284517,1.165225,0.352429,-1.535263
390,0.332992,0.345496,-0.671333,0.662566,0.233257,-0.895646,0.285104,0.312544,-0.609129,0.778029,0.267483,-1.014914,0.235176,0.253692,-0.481084,0.902693,0.324943,-1.211411,0.134485,0.150866,-0.281862,1.156716,0.38897,-1.517062
391,0.31136,0.356635,-0.670337,0.673103,0.242144,-0.919197,0.269148,0.31804,-0.605938,0.748776,0.257318,-1.012183,0.237533,0.263088,-0.479485,0.875187,0.3467,-1.216952,0.125349,0.151242,-0.276475,1.130125,0.412255,-1.548761
392,0.302694,0.371855,-0.676563,0.645526,0.236824,-0.908588,0.265525,0.3271,-0.607461,0.720132,0.286798,-1.029355,0.218581,0.265818,-0.482412,0.861728,0.36192,-1.219569,0.12396,0.152978,-0.280086,1.118704,0.464902,-1.536611
393,0.289341,0.384422,-0.669851,0.643682,0.273648,-0.914515,0.262798,0.337833,-0.592567,0.716433,0.298709,-1.035407,0.216374,0.272277,-0.487284,0.850698,0.380481,-1.211358,0.122922,0.160601,-0.288661,1.079041,0.466912,-1.543194
394,0.283691,0.393652,-0.660135,0.611854,0.309861,-0.928171,0.251368,0.354334,-0.591347,0.71069,0.352295,-1.037528,0.20262,0.286283,-0.483235,0.841546,0.404957,-1.219548,0.120529,0.155505,-0.275567,1.065783,0.505079,-1.561037
395,0.266007,0.398777,-0.672399,0.619048,0.323573,-0.918956,0.225468,0.361544,-0.59409,0.67764,0.356218,-1.03874,0.199822,0.286699,-0.476847,0.82338,0.425712,-1.216637,0.11016,0.167952,-0.278158,1.059103,0.537119,-1.574478
396,0.252721,0.403838,-0.665231,0.583406,0.32356,-0.92615,0.229293,0.360058,-0.595915,0.666551,0.363875,-1.044593,0.182251,0.294337,-0.479052,0.802183,0.428579,-1.234952,0.103627,0.175447,-0.283356,1.011463,0.585808,-1.572387
397,0.242682,0.420124,-0.669372,0.581416,0.349038,-0.918857,0.220316,0.372917,-0.595486,0.670162,0.388221,-1.037398,0.17226,0.302042,-0.476903,0.792376,0.465258,-1.242922,0.096499,0.184437,-0.277113,0.992481,0.576405,-1.592342
398,0.231994,0.42522,-0.669595,0.563373,0.346173,-0.925187,0.203158,0.385106,-0.589908,0.633478,0.39801,-1.05281,0.172741,0.306832,-0.475563,0.751259,0.465467,-1.240671,0.100729,0.183091,-0.280586,0.966141,0.610638,-1.587039
399,0.219696,0.442112,-0.658675,0.550208,0.37067,-0.921686,0.196094,0.395384,-0.586311,0.633708,0.433907,-1.069658,0.154219,0.322881,-0.477751,0.742233,0.515932,-1.238876,0.102859,0.175576,-0.282883,0.95814,0.634635,-1.579773
400,0.210382,0.447106,-0.650541,0.535767,0.3852,-0.938515,0.179461,0.408933,-0.57972,0.609788,0.434868,-1.053485,0.141702,0.32566,-0.473702,0.711823,0.523772,-1.247373,0.088106,0.190241,-0.272181,0.942184,0.677905,-1.610594
401,0.194658,0.460174,-0.64634,0.540453,0.411811,-0.925687,0.161514,0.404464,-0.587526,0.610682,0.470441,-1.076134,0.146311,0.336437,-0.47698,0.697138,0.546083,-1.253286,0.08494,0.188136,-0.276138,0.894238,0.708112,-1.582856
402,0.183981,0.465116,-0.657545,0.515838,0.404537,-0.943978,0.177548,0.412327,-0.590913,0.570919,0.475457,-1.055385,0.132008,0.344138,-0.472594,0.681513,0.565717,-1.259029,0.071157,0.192979,-0.275354,0.856872,0.713923,-1.606017
403,0.170069,0.474131,-0.653165,0.505686,0.447992,-0.942867,0.154327,0.422316,-0.578565,0.568083,0.491081,-1.060562,0.129781,0.341508,-0.477878,0.666798,0.613894,-1.262511,0.071909,0.202625,-0.276633,0.851198,0.778351,-1.605629
404,0.161107,0.486809,-0.634847,0.483404,0.458863,-0.947573,0.141258,0.427173,-0.574507,0.541938,0.527269,-1.060292,0.117264,0.352568,-0.464331,0.632942,0.620112,-1.247849,0.06218,0.196419,-0.261656,0.826885,0.780904,-1.601816
405,0.141693,0.497991,-0.642486,0.482045,0.45433,-0.940185,0.135404,0.438478,-0.574227,0.522284,0.55429,-1.045208,0.103254,0.369551,-0.462713,0.619025,0.640796,-1.263178,0.060575,0.20216,-0.268736,0.789699,0.816028,-1.600033
406,0.129854,0.510239,-0.642068,0.458665,0.489856,-0.942632,0.118042,0.451807,-0.56599,0.507173,0.560367,-1.063372,0.095102,0.368553,-0.465952,0.608393,0.652499,-1.270777,0.053964,0.201097,-0.256406,0.776811,0.85025,-1.61811
407,0.131688,0.513214,-0.640531,0.438321,0.498407,-0.929208,0.107836,0.458254,-0.570614,0.481222,0.550711,-1.045653,0.085459,0.3727,-0.457964,0.572237,0.681762,-1.250801,0.056049,0.217478,-0.266192,0.757725,0.847541,-1.600965
408,0.102111,0.518726,-0.626271,0.418678,0.511233,-0.921285,0.092508,0.464961,-0.565548,0.46424,0.597748,-1.062443,0.071998,0.382393,-0.456668,0.574735,0.69411,-1.244566,0.033876,0.211231,-0.260238,0.7071,0.888056,-1.595591
409,0.092603,0.530235,-0.622884,0.408916,0.541942,-0.924367,0.084732,0.469549,-0.573273,0.438054,0.616712,-1.059386,0.068888,0.377211,-0.450822,0.525036,0.713508,-1.237263,0.041162,0.21974,-0.24784,0.696294,0.90988,-1.593633
410,0.081117,0.538205,-0.625461,0.397803,0.547731,-0.90911,0.079779,0.476975,-0.553044,0.430306,0.619382,-1.048987,0.069876,0.395497,-0.457024,0.529313,0.720195,-1.238351,0.035889,0.223141,-0.252491,0.664572,0.933677,-1.591883
411,0.069397,0.540864,-0.616958,0.356312,0.571175,-0.935118,0.067928,0.485319,-0.543885,0.412765,0.627702,-1.056259,0.04351,0.394851,-0.441638,0.493193,0.75897,-1.231103,0.033401,0.227215,-0.246569,0.648808,0.957726,-1.596266
412,0.06213,0.549705,-0.607868,0.363136,0.570746,-0.918305,0.043839,0.495227,-0.538749,0.408407,0.653013,-1.040345,0.035909,0.387389,-0.437989,0.483015,0.770907,-1.245546,0.028122,0.230532,-0.250703,0.5906,0.980504,-1.590194
413,0.048352,0.558152,-0.597938,0.321227,0.591207,-0.939333,0.055594,0.501642,-0.538082,0.394846,0.671454,-1.038176,0.028058,0.408653,-0.435574,0.453232,0.782775,-1.242178,0.021618,0.233836,-0.257898,0.592907,0.995421,-1.582772
414,0.038404,0.563776,-0.595336,0.312825,0.586576,-0.930455,0.030932,0.503826,-0.530406,0.369093,0.666863,-1.05524,0.019539,0.409224,-0.440688,0.421107,0.804028,-1.238298,0.007129,0.227623,-0.243711,0.544719,1.02062,-1.571885
415,0.012676,0.571032,-0.592627,0.290093,0.601114,-0.917265,0.019998,0.518531,-0.534685,0.329257,0.701495,-1.044144,0.007529,0.424053,-0.412723,0.406338,0.827467,-1.228388,0.004312,0.237454,-0.246022,0.516257,1.043185,-1.55183
416,0.009336,0.570364,-0.59011,0.283307,0.597106,-0.907009,0.018375,0.515748,-0.519259,0.317705,0.693938,-1.044236,0.003418,0.420519,-0.420908,0.373843,0.826626,-1.219512,0.005763,0.255398,-0.249958,0.50156,1.088618,-1.567641
417,-0.00484,0.5882,-0.58736,0.273646,0.640094,-0.911997,-0.001227,0.521559,-0.528808,0.299992,0.726505,-1.034284,-0.001084,0.429063,-0.412472,0.333411,0.862327,-1.232282,-0.001698,0.24224,-0.244938,0.465968,1.104983,-1.545924
418,-0.021141,0.592721,-0.576043,0.260384,0.642086,-0.904192,-0.006219,0.529767,-0.502222,0.311937,0.745125,-1.021528,-0.01873,0.42349,-0.413671,0.341276,0.876389,-1.20392,-0.008429,0.233128,-0.231433,0.454343,1.114411,-1.561931
419,-0.034669,0.598121,-0.567444,0.23506,0.665952,-0.898544,-0.024272,0.536358,-0.49897,0.277239,0.761992,-1.016956,-0.020367,0.440378,-0.411859,0.302313,0.889582,-1.21416,-0.011576,0.252297,-0.237249,0.409863,1.155147,-1.537827
420,-0.039595,0.605556,-0.554593,0.213636,0.665502,-0.898417,-0.042873,0.544826,-0.496781,0.246596,0.761196,-0.989627,-0.026781,0.437927,-0.399294,0.303585,0.91537,-1.204558,-0.016697,0.259158,-0.234807,0.374119,1.166721,-1.530852
421,-0.054911,0.605414,-0.554023,0.203595,0.693958,-0.881938,-0.056648,0.540221,-0.487185,0.228929,0.772569,-0.988065,-0.043243,0.437876,-0.396117,0.250047,0.90996,-1.203059,-0.023208,0.249497,-0.224638,0.368025,1.172692,-1.537299
422,-0.06997,0.612803,-0.545752,0.183625,0.694633,-0.902605,-0.054492,0.550035,-0.490109,0.200398,0.790652,-1.001918,-0.038578,0.441771,-0.393694,0.241317,0.921317,-1.190462,-0.026041,0.254878,-0.229101,0.30443,1.205043,-1.510546
423,-0.084172,0.626327,-0.539572,0.166692,0.706881,-0.865202,-0.074371,0.556284,-0.475524,0.193966,0.823134,-0.997406,-0.059495,0.453323,-0.386067,0.223758,0.942982,-1.175782,-0.02334,0.259894,-0.216161,0.296616,1.215917,-1.499854
424,-0.094084,0.629098,-0.528855,0.128186,0.71752,-0.882285,-0.082109,0.564738,-0.470128,0.174928,0.829612,-0.984956,-0.062793,0.452252,-0.385638,0.215109,0.970761,-1.181383,-0.036895,0.253868,-0.218416,0.269129,1.243485,-1.50405
425,-0.103262,0.620618,-0.525805,0.130717,0.755436,-0.865555,-0.087341,0.565851,-0.466204,0.155097,0.825841,-0.989475,-0.079743,0.457128,-0.377069,0.181278,0.984857,-1.142476,-0.050245,0.253988,-0.225049,0.232691,1.259733,-1.475605
426,-0.114501,0.622465,-0.513629,0.104991,0.737857,-0.863584,-0.104209,0.568387,-0.465407,0.140022,0.829158,-0.960304,-0.094093,0.459173,-0.374195,0.150248,1.00721,-1.153466,-0.043017,0.259491,-0.207638,0.187351,1.279655,-1.486242
427,-0.132554,0.632169,-0.503168,0.094911,0.770277,-0.868156,-0.111499,0.572276,-0.451261,0.106848,0.870707,-0.979837,-0.090218,0.468299,-0.365332,0.122822,1.012088,-1.130958,-0.045747,0.264493,-0.209303,0.160781,1.282975,-1.451608
428,-0.142581,0.643379,-0.499277,0.077541,0.77446,-0.855473,-0.128902,0.576054,-0.443975,0.09513,0.871252,-0.964388,-0.099967,0.461075,-0.364846,0.093326,1.016778,-1.147766,-0.053797,0.269768,-0.209373,0.124999,1.318752,-1.452511
429,-0.155137,0.643191,-0.488504,0.060481,0.78038,-0.842218,-0.138817,0.574195,-0.442817,0.075415,0.889786,-0.949,-0.105731,0.463541,-0.34782,0.07783,1.007763,-1.124834,-0.075881,0.27117,-0.202048,0.109369,1.331815,-1.429667
430,-0.161686,0.651983,-0.476093,0.044825,0.800818,-0.834834,-0.154583,0.581295,-0.430158,0.072313,0.883084,-0.937698,-0.122014,0.461408,-0.342991,0.069629,1.048912,-1.102461,-0.067702,0.267444,-0.198056,0.077736,1.344215,-1.422452
431,-0.17836,0.652119,-0.467668,0.029383,0.810161,-0.802871,-0.159244,0.580226,-0.421637,0.034223,0.902574,-0.951323,-0.11821,0.467495,-0.346174,0.025514,1.062748,-1.104657,-0.074623,0.270567,-0.189478,0.057339,1.347622,-1.419012
432,-0.190611,0.657291,-0.471675,-0.005966,0.798487,-0.815981,-0.184379,0.585199,-0.40233,-0.009156,0.907328,-0.93594,-0.143177,0.478603,-0.328943,0.0078,1.07239,-1.105357,-0.076605,0.276859,-0.195233,0.006953,1.40066,-1.383813
433,-0.201617,0.655212,-0.449839,-0.003292,0.819455,-0.810576,-0.18486,0.5827,-0.409078,-0.015888,0.914901,-0.920887,-0.145209,0.474682,-0.326003,-0.012155,1.075629,-1.094293,-0.082126,0.269656,-0.186611,-0.009351,1.383605,-1.366675
434,-0.212443,0.661984,-0.440889,-0.018045,0.833537,-0.784164,-0.189364,0.590401,-0.396908,-0.008332,0.931985,-0.917008,-0.157734,0.474835,-0.32075,-0.031847,1.101695,-1.061504,-0.093043,0.274644,-0.190401,-0.05721,1.397446,-1.350911
435,-0.232017,0.664221,-0.430632,-0.025604,0.830061,-0.787128,-0.202975,0.591238,-0.386566,-0.041699,0.942463,-0.892668,-0.166762,0.476833,-0.315343,-0.054096,1.108186,-1.05651,-0.092525,0.28031,-0.18165,-0.087302,1.419664,-1.329752
436,-0.248395,0.670883,-0.419888,-0.050047,0.839565,-0.76605,-0.210754,0.59121,-0.381482,-0.053775,0.950535,-0.873021,-0.178252,0.484641,-0.300877,-0.088632,1.111377,-1.03457,-0.101289,0.277482,-0.180217,-0.118901,1.424715,-1.329896
437,-0.251796,0.665516,-0.422042,-0.07622,0.839112,-0.748798,-0.225313,0.596177,-0.374718,-0.080682,0.96307,-0.871925,-0.180431,0.469786,-0.307875,-0.087119,1.136679,-1.019248,-0.116625,0.279427,-0.164839,-0.126614,1.427422,-1.307026
438,-0.260773,0.670149,-0.408528,-0.088218,0.863069,-0.762642,-0.229871,0.595834,-0.348379,-0.120892,0.965669,-0.848529,-0.192295,0.474146,-0.282844,-0.1169,1.144674,-1.006714,-0.107863,0.271614,-0.163809,-0.153665,1.466072,-1.291148
439,-0.269943,0.668271,-0.388603,-0.105643,0.857899,-0.765408,-0.243497,0.59274,-0.352413,-0.124807,0.972576,-0.841227,-0.20746,0.481194,-0.282328,-0.160957,1.159151,-0.989064,-0.109211,0.278206,-0.16411,-0.193598,1.48237,-1.268824
440,-0.284622,0.667562,-0.388936,-0.125293,0.874646,-0.744795,-0.250728,0.594921,-0.337913,-0.137459,0.977682,-0.844551,-0.203424,0.480598,-0.273745,-0.16165,1.15837,-1.002281,-0.12135,0.279256,-0.154475,-0.218565,1.49485,-1.263591
441,-0.285751,0.667096,-0.376302,-0.150067,0.869073,-0.728748,-0.258736,0.596342,-0.345156,-0.168733,0.978859,-0.827971,-0.217686,0.487984,-0.272414,-0.19222,1.165721,-0.978181,-0.127812,0.279758,-0.151494,-0.252388,1.494195,-1.236888
442,-0.314455,0.676202,-0.362692,-0.155156,0.873897,-0.712518,-0.273123,0.598117,-0.314474,-0.211222,0.980007,-0.799735,-0.224446,0.485191,-0.261035,-0.20987,1.176211,-0.959678,-0.119125,0.278811,-0.149853,-0.299093,1.494597,-1.233103
443,-0.322748,0.674695,-0.353338,-0.192323,0.895918,-0.701381,-0.286139,0.606836,-0.315551,-0.224485,1.002567,-0.776039,-0.225934,0.47646,-0.250655,-0.243524,1.199788,-0.917859,-0.135678,0.269149,-0.153399,-0.31939,1.502837,-1.192284
444,-0.332254,0.678731,-0.341562,-0.210027,0.892604,-0.697152,-0.301404,0.600919,-0.299361,-0.228597,1.017288,-0.787072,-0.240685,0.486804,-0.251455,-0.268614,1.212701,-0.920309,-0.140418,0.285662,-0.138184,-0.34432,1.505207,-1.190729
445,-0.342399,0.670703,-0.321462,-0.213674,0.906689,-0.693029,-0.30508,0.595743,-0.296404,-0.235847,1.018623,-0.766491,-0.249992,0.488678,-0.235219,-0.283421,1.215794,-0.918073,-0.143516,0.278145,-0.137175,-0.37408,1.556177,-1.172985
446,-0.354704,0.67608,-0.322674,-0.231317,0.899586,-0.672647,-0.313512,0.596776,-0.277074,-0.271182,1.01572,-0.748661,-0.264521,0.495092,-0.229156,-0.317053,1.210195,-0.896507,-0.148345,0.281052,-0.132842,-0.42011,1.512879,-1.120006
447,-0.365972,0.666877,-0.307893,-0.235374,0.914629,-0.650743,-0.322696,0.592143,-0.279215,-0.260338,1.028622,-0.723378,-0.262051,0.495048,-0.219243,-0.322556,1.22024,-0.878109,-0.148426,0.279355,-0.125007,-0.443199,1.568691,-1.140216
448,-0.371381,0.669819,-0.293268,-0.270437,0.902413,-0.65106,-0.334967,0.59405,-0.263222,-0.316676,1.046006,-0.713959,-0.275185,0.486294,-0.216766,-0.35584,1.207396,-0.85423,-0.158041,0.285777,-0.110219,-0.469458,1.564198,-1.111455
449,-0.387346,0.668199,-0.283097,-0.278712,0.915853,-0.643085,-0.339827,0.592328,-0.253673,-0.318403,1.015488,-0.718213,-0.286343,0.479169,-0.207717,-0.372653,1.220628,-0.838493,-0.160317,0.290389,-0.124209,-0.464119,1.5715,-1.066923
450,-0.388297,0.665787,-0.270972,-0.30282,0.916968,-0.604004,-0.355261,0.596541,-0.24086,-0.343155,1.041202,-0.683013,-0.280699,0.484618,-0.193895,-0.398967,1.224619,-0.825405,-0.163411,0.279741,-0.103156,-0.524909,1.56292,-1.035154
451,-0.401384,0.668469,-0.265296,-0.318568,0.905172,-0.612836,-0.36662,0.598793,-0.229333,-0.365279,1.046914,-0.675681,-0.288737,0.490529,-0.197948,-0.418116,1.248265,-0.804477,-0.181076,0.283192,-0.108419,-0.557586,1.562382,-1.027103
452,-0.412578,0.656593,-0.248527,-0.345497,0.916647,-0.584458,-0.37008,0.595626,-0.22299,-0.387169,1.05695,-0.653342,-0.295578,0.478296,-0.169896,-0.442928,1.241424,-0.793842,-0.168212,0.275166,-0.101402,-0.594445,1.577573,-0.989822
453,-0.426981,0.667396,-0.232525,-0.353927,0.926116,-0.577826,-0.380551,0.593559,-0.210175,-0.378055,1.037665,-0.634336,-0.30588,0.48309,-0.168368,-0.470608,1.243981,-0.793473,-0.17739,0.287621,-0.099579,-0.580483,1.561382,-0.970867
454,-0.437097,0.663162,-0.219464,-0.360769,0.921825,-0.574148,-0.389576,0.590599,-0.202663,-0.409532,1.058653,-0.641537,-0.311797,0.473891,-0.162364,-0.483323,1.226722,-0.765605,-0.188444,0.272257,-0.09111,-0.616997,1.560305,-0.963292
455,-0.442777,0.660765,-0.213903,-0.393175,0.922743,-0.528719,-0.401328,0.584588,-0.199833,-0.432818,1.038485,-0.599025,-0.320795,0.467133,-0.151036,-0.515853,1.251699,-0.738731,-0.176811,0.273193,-0.087522,-0.640465,1.593596,-0.939625
456,-0.455161,0.650767,-0.213211,-0.412923,0.928857,-0.542653,-0.397651,0.588527,-0.183588,-0.45821,1.032942,-0.592266,-0.332543,0.471936,-0.146214,-0.523208,1.252239,-0.706092,-0.190291,0.267422,-0.08168,-0.688012,1.597636,-0.911227
457,-0.461921,0.652596,-0.188032,-0.425022,0.935551,-0.513589,-0.417395,0.578643,-0.174062,-0.475689,1.057036,-0.594527,-0.339414,0.473118,-0.140982,-0.553299,1.24048,-0.690552,-0.194168,0.272634,-0.075765,-0.715436,1.60126,-0.873537
458,-0.471477,0.65262,-0.181001,-0.41899,0.94838,-0.49641,-0.415501,0.586717,-0.160283,-0.484237,1.063042,-0.565278,-0.338483,0.465083,-0.131739,-0.582284,1.244686,-0.677904,-0.199951,0.270645,-0.074017,-0.72856,1.58928,-0.872349
459,-0.482219,0.646604,-0.170353,-0.450719,0.945872,-0.485654,-0.434455,0.577212,-0.151275,-0.521889,1.068985,-0.536658,-0.345686,0.471591,-0.121372,-0.600967,1.229046,-0.659497,-0.203477,0.271048,-0.060715,-0.750726,1.600222,-0.818424
460,-0.492938,0.657161,-0.160961,-0.44933,0.952462,-0.470366,-0.432945,0.569546,-0.141944,-0.520131,1.043445,-0.537175,-0.349278,0.4592,-0.106881,-0.615191,1.2409,-0.623455,-0.196092,0.273272,-0.060391,-0.792516,1.614734,-0.799658
461,-0.500791,0.639035,-0.141885,-0.466897,0.929898,-0.461263,-0.45425,0.577837,-0.127972,-0.525221,1.067655,-0.485702,-0.363028,0.452778,-0.098778,-0.63101,1.249458,-0.616335,-0.199121,0.263256,-0.053881,-0.819628,1.60387,-0.788183
462,-0.505897,0.636147,-0.140899,-0.487327,0.943036,-0.451794,-0.44858,0.568961,-0.11873,-0.539284,1.041931,-0.496641,-0.369313,0.463162,-0.093028,-0.633641,1.244156,-0.605793,-0.208499,0.260232,-0.042081,-0.833104,1.601815,-0.745392
463,-0.50723,0.632109,-0.112605,-0.50847,0.920309,-0.424833,-0.463716,0.56198,-0.109911,-0.561749,1.045104,-0.485394,-0.36684,0.459514,-0.085313,-0.685569,1.276352,-0.575011,-0.20959,0.269016,-0.047354,-0.87164,1.608225,-0.727424
464,-0.518327,0.621112,-0.105948,-0.52004,0.937897,-0.410616,-0.47427,0.563495,-0.096821,-0.591662,1.069416,-0.473195,-0.378762,0.454197,-0.071282,-0.70588,1.252532,-0.56101,-0.219198,0.254006,-0.039848,-0.902736,1.59428,-0.696093
465,-0.534377,0.619492,-0.08633,-0.534453,0.939242,-0.402605,-0.481127,0.552327,-0.08936,-0.624754,1.045176,-0.445124,-0.384127,0.449184,-0.063198,-0.699453,1.248749,-0.532142,-0.225311,0.251967,-0.038181,-0.924345,1.606502,-0.684652
466,-0.538975,0.619198,-0.072467,-0.543175,0.921685,-0.374727,-0.484414,0.550863,-0.063132,-0.629366,1.043768,-0.439561,-0.391865,0.44929,-0.05181,-0.744435,1.245244,-0.52337,-0.223306,0.2516,-0.021895,-0.92504,1.594976,-0.652128
467,-0.545194,0.612044,-0.062038,-0.564288,0.931102,-0.347354,-0.48728,0.54776,-0.054268,-0.633121,1.039692,-0.399109,-0.394322,0.430386,-0.051802,-0.770486,1.228406,-0.489125,-0.226693,0.259381,-0.022193,-0.967385,1.584332,-0.611674
468,-0.552244,0.609565,-0.053365,-0.584941,0.932245,-0.338402,-0.501596,0.546898,-0.045202,-0.65121,1.051252,-0.387846,-0.404816,0.44202,-0.048734,-0.782886,1.23245,-0.473393,-0.226403,0.258807,-0.00913,-1.000109,1.587356,-0.589317
469,-0.557049,0.596473,-0.042863,-0.593778,0.93919,-0.318813,-0.497072,0.53591,-0.041529,-0.6728,1.051589,-0.369603,-0.411657,0.443551,-0.033227,-0.789664,1.228596,-0.434209,-0.232492,0.254639,-0.01252,-1.017639,1.581825,-0.565844
470,-0.561338,0.595868,-0.029125,-0.615416,0.936426,-0.327054,-0.508244,0.526076,-0.019693,-0.698078,1.030696,-0.357443,-0.40535,0.448038,-0.02395,-0.821748,1.219136,-0.411004,-0.237297,0.252131,-0.004077,-1.036312,1.564044,-0.534335
471,-0.57784,0.587766,-0.0196,-0.627333,0.922786,-0.288532,-0.516278,0.527781,-0.015148,-0.702876,1.047655,-0.344606,-0.422452,0.431333,-0.004093,-0.839525,1.214391,-0.393909,-0.240126,0.244794,-0.000607,-1.059106,1.57374,-0.51432
472,-0.575624,0.589727,-0.005687,-0.642514,0.903584,-0.268908,-0.513957,0.519031,-0.007742,-0.715169,1.031546,-0.331212,-0.420837,0.427998,0.000243,-0.849863,1.22107,-0.381406,-0.250979,0.238368,0.003453,-1.084125,1.553825,-0.481465
473,-0.585395,0.576815,0.017181,-0.63327,0.916069,-0.265475,-0.53168,0.518785,0.014045,-0.727276,1.027338,-0.289849,-0.424385,0.431019,-0.00217,-0.874659,1.209319,-0.352828,-0.237028,0.243036,-0.001889,-1.123862,1.546417,-0.458458
474,-0.593331,0.569918,0.028066,-0.652888,0.900349,-0.243694,-0.527324,0.509292,0.025748,-0.741909,1.003794,-0.277354,-0.434391,0.413395,0.019095,-0.86317,1.208391,-0.310465,-0.237403,0.243065,0.005164,-1.12442,1.558527,-0.43174
475,-0.600397,0.566197,0.0346,-0.671938,0.892983,-0.241069,-0.531796,0.496213,0.036587,-0.765278,1.009021,-0.249988,-0.432794,0.410699,0.027093,-0.914838,1.195151,-0.309477,-0.257216,0.230373,0.011031,-1.130316,1.536761,-0.390087
476,-0.614794,0.551655,0.047402,-0.670268,0.890214,-0.202329,-0.53318,0.504967,0.036813,-0.773989,1.022703,-0.247211,-0.433764,0.399501,0.038574,-0.909016,1.207699,-0.273434,-0.246561,0.22822,0.018719,-1.155361,1.530314,-0.369859
477,-0.610228,0.5546,0.063594,-0.681335,0.888889,-0.190979,-0.546748,0.488223,0.051657,-0.781582,0.994613,-0.219957,-0.443851,0.398098,0.044447,-0.937534,1.17777,-0.280947,-0.26215,0.219899,0.029913,-1.189899,1.517407,-0.345958
478,-0.616337,0.550536,0.064904,-0.723849,0.879979,-0.171599,-0.553598,0.476548,0.064442,-0.785339,1.007909,-0.186937,-0.444521,0.387956,0.052656,-0.937605,1.155193,-0.248193,-0.260985,0.222109,0.033295,-1.223681,1.516228,-0.30588
479,-0.617693,0.534706,0.082848,-0.72257,0.863152,-0.160649,-0.56061,0.484434,0.079511,-0.804991,0.967345,-0.16646,-0.444519,0.382991,0.051973,-0.956667,1.180545,-0.210506,-0.258944,0.228731,0.043408,-1.217824,1.508611,-0.269627
480,-0.626304,0.527846,0.101645,-0.719695,0.875339,-0.162786,-0.559044,0.47778,0.086704,-0.81439,0.992432,-0.164009,-0.455174,0.375245,0.064102,-0.970263,1.172902,-0.186225,-0.25806,0.220337,0.051084,-1.252096,1.506589,-0.246992
481,-0.62992,0.512221,0.115737,-0.737558,0.865602,-0.131148,-0.55573,0.463013,0.095678,-0.847318,0.971462,-0.146187,-0.452148,0.371663,0.079753,-0.985513,1.161049,-0.160926,-0.253473,0.219019,0.038924,-1.264015,1.474836,-0.215916
482,-0.633217,0.503416,0.128762,-0.767967,0.850494,-0.108367,-0.572035,0.455187,0.118117,-0.842554,0.974054,-0.096178,-0.450728,0.377109,0.093634,-1.021078,1.147201,-0.155228,-0.266772,0.206783,0.047031,-1.29405,1.476294,-0.194188
483,-0.637264,0.508043,0.139783,-0.762757,0.86073,-0.087049,-0.569573,0.449613,0.121226,-0.869086,0.967843,-0.098766,-0.46574,0.364207,0.101307,-1.024905,1.142372,-0.122487,-0.256519,0.202938,0.061347,-1.297357,1.462648,-0.157419
484,-0.645165,0.494264,0.150241,-0.786487,0.844732,-0.064368,-0.568928,0.439696,0.138881,-0.87002,0.955168,-0.076132,-0.472992,0.3543,0.107034,-1.035643,1.118465,-0.102639,-0.266756,0.208811,0.065148,-1.339203,1.430662,-0.131294
485,-0.649829,0.478518,0.152848,-0.775512,0.844517,-0.044157,-0.565259,0.434768,0.140822,-0.887971,0.930188,-0.071412,-0.466065,0.347085,0.115025,-1.030438,1.104613,-0.061113,-0.265185,0.199727,0.062485,-1.341305,1.423067,-0.081632
486,-0.658844,0.476394,0.170099,-0.782916,0.833612,-0.021397,-0.587973,0.429321,0.158917,-0.868058,0.937201,-0.013795,-0.459924,0.347206,0.116906,-1.034979,1.091903,-0.032807,-0.273458,0.193911,0.068307,-1.373298,1.421676,-0.080495
487,-0.64913,0.463407,0.179793,-0.803978,0.827522,-0.02781,-0.582651,0.422454,0.165079,-0.922285,0.915507,-0.026688,-0.470556,0.338932,0.143363,-1.065303,1.081642,-0.010385,-0.268295,0.189548,0.078314,-1.375567,1.407458,-0.045031
488,-0.650885,0.44714,0.198314,-0.797367,0.801377,-0.008403,-0.582868,0.412174,0.167237,-0.930401,0.919582,-0.009697,-0.466463,0.323766,0.141846,-1.096819,1.082533,0.010346,-0.265792,0.194019,0.083226,-1.382823,1.378576,-3.3e-05
489,-0.663776,0.444142,0.218557,-0.801314,0.817577,0.00964,-0.590924,0.394993,0.188513,-0.91979,0.911587,0.026042,-0.477667,0.325572,0.147863,-1.099051,1.070513,0.023908,-0.270689,0.191695,0.079529,-1.389539,1.390898,0.013989
490,-0.655776,0.440163,0.212649,-0.826265,0.781629,0.018494,-0.586977,0.392729,0.20188,-0.930294,0.899407,0.044451,-0.480278,0.31913,0.160912,-1.099132,1.074654,0.030448,-0.279892,0.184181,0.088669,-1.412048,1.352498,0.050792
491,-0.661214,0.438942,0.228898,-0.837795,0.774956,0.031766,-0.587392,0.385255,0.20629,-0.958305,0.896814,0.063871,-0.477701,0.308665,0.170354,-1.115311,1.061986,0.089113,-0.278759,0.186009,0.099491,-1.433147,1.327705,0.106423
492,-0.669062,0.421103,0.249353,-0.83845,0.760826,0.049854,-0.594642,0.369334,0.223226,-0.950219,0.884041,0.071591,-0.478315,0.303968,0.176763,-1.128971,1.042125,0.101548,-0.276705,0.172486,0.105087,-1.438088,1.329139,0.147506
493,-0.672396,0.407986,0.25987,-0.855132,0.765894,0.091828,-0.599646,0.37168,0.225524,-0.964483,0.867708,0.090089,-0.47374,0.289752,0.184439,-1.127407,1.009154,0.108439,-0.277364,0.163965,0.104536,-1.446146,1.308418,0.151526
494,-0.679493,0.39834,0.27311,-0.863607,0.749993,0.094007,-0.595397,0.362571,0.235613,-0.977733,0.862323,0.104028,-0.478952,0.297035,0.193703,-1.147367,1.017471,0.151521,-0.271641,0.162189,0.108477,-1.470833,1.287909,0.180636
495,-0.664052,0.390564,0.27735,-0.861909,0.766592,0.126952,-0.60006,0.344696,0.244692,-0.987555,0.844874,0.124192,-0.493142,0.279943,0.19827,-1.159401,0.994757,0.16715,-0.277901,0.178788,0.115605,-1.464661,1.266,0.213859
496,-0.675044,0.377416,0.286518,-0.887212,0.720012,0.153677,-0.606508,0.340806,0.258272,-0.986552,0.829203,0.153012,-0.489733,0.268594,0.212701,-1.170358,0.964816,0.175751,-0.274673,0.157112,0.13112,-1.503962,1.252555,0.215574
497,-0.671733,0.366187,0.304647,-0.864517,0.719511,0.159774,-0.59716,0.326833,0.264761,-0.989196,0.822764,0.186892,-0.48377,0.258506,0.219589,-1.17065,0.98939,0.209319,-0.281917,0.165223,0.132222,-1.500665,1.239798,0.26602
498,-0.670345,0.359455,0.313263,-0.893925,0.699084,0.188889,-0.610439,0.316652,0.282242,-0.990701,0.796627,0.195869,-0.48898,0.257511,0.230828,-1.173692,0.940522,0.244128,-0.27375,0.140294,0.126577,-1.523387,1.21611,0.307002
499,-0.679522,0.347401,0.329287,-0.890766,0.69059,0.19693,-0.606275,0.302982,0.287924,-1.00285,0.794089,0.215861,-0.483499,0.250366,0.226989,-1.198199,0.926619,0.271262,-0.270987,0.145705,0.133249,-1.535918,1.198854,0.319942
500,-0.679209,0.334792,0.333187,-0.905899,0.685843,0.205561,-0.601022,0.309194,0.295263,-1.029689,0.768952,0.225201,-0.484845,0.252241,0.251203,-1.174733,0.931492,0.274268,-0.284095,0.13944,0.142631,-1.503144,1.155992,0.352254
501,-0.684419,0.326176,0.342735,-0.891456,0.6824,0.241107,-0.593174,0.286855,0.308951,-1.025773,0.780296,0.265926,-0.494133,0.24329,0.253898,-1.225046,0.905081,0.299034,-0.26819,0.142513,0.147262,-1.528773,1.137863,0.387464
502,-0.67265,0.311997,0.35176,-0.89966,0.667756,0.233396,-0.60231,0.272326,0.317819,-1.021545,0.752861,0.270692,-0.481719,0.232943,0.256065,-1.209669,0.892923,0.347292,-0.280022,0.129815,0.153198,-1.557405,1.138655,0.410938
503,-0.674371,0.307345,0.371385,-0.902536,0.653414,0.270551,-0.595744,0.269089,0.328633,-1.045329,0.740032,0.289297,-0.481626,0.215794,0.269072,-1.220114,0.862989,0.342941,-0.277599,0.129259,0.156902,-1.567058,1.100492,0.441863
504,-0.671257,0.291609,0.37695,-0.911926,0.631716,0.267111,-0.58922,0.266912,0.338616,-1.04097,0.716758,0.323309,-0.478014,0.20964,0.270985,-1.244158,0.85705,0.386142,-0.279885,0.121901,0.163201,-1.552918,1.081983,0.456789
505,-0.667813,0.290081,0.394853,-0.906659,0.61688,0.275102,-0.592898,0.259728,0.346009,-1.035867,0.712919,0.318761,-0.479332,0.20252,0.292817,-1.2317,0.827925,0.382357,-0.277655,0.111035,0.158961,-1.555675,1.064138,0.493957
506,-0.669122,0.26609,0.404833,-0.912368,0.606795,0.317344,-0.594865,0.231182,0.353681,-1.042642,0.700387,0.334255,-0.483369,0.18409,0.293346,-1.229287,0.813587,0.425947,-0.278022,0.109081,0.170897,-1.59943,1.046757,0.526449
507,-0.662868,0.261297,0.410643,-0.913745,0.599563,0.320376,-0.597802,0.225288,0.372259,-1.046327,0.666563,0.356964,-0.486919,0.186097,0.304367,-1.228267,0.797378,0.442624,-0.286215,0.105203,0.175721,-1.554832,1.029755,0.563211
508,-0.669184,0.257213,0.406836,-0.914394,0.586776,0.342765,-0.594434,0.218245,0.368577,-1.049626,0.657657,0.394646,-0.484857,0.172041,0.302421,-1.246008,0.785299,0.46204,-0.276895,0.107227,0.1678,-1.590416,0.991463,0.593538
509,-0.656697,0.234666,0.429275,-0.933193,0.566174,0.355259,-0.598936,0.211171,0.389044,-1.028949,0.636016,0.38225,-0.471443,0.159513,0.31423,-1.258797,0.760699,0.487041,-0.284191,0.097724,0.182776,-1.580082,0.991542,0.615995
510,-0.658606,0.225289,0.437843,-0.925758,0.544447,0.367645,-0.595601,0.19536,0.394275,-1.033613,0.624421,0.426666,-0.479455,0.155292,0.318092,-1.256079,0.743703,0.501931,-0.273643,0.08956,0.183361,-1.59617,0.944969,0.638641
511,-0.659831,0.218981,0.450944,-0.945608,0.543091,0.396009,-0.586627,0.184434,0.403179,-1.061897,0.628211,0.442934,-0.481459,0.148063,0.322975,-1.236181,0.740209,0.515361,-0.273782,0.087186,0.18705,-1.596146,0.924329,0.668153
512,-0.65512,0.190096,0.457626,-0.928616,0.515006,0.404721,-0.582683,0.177407,0.407314,-1.072771,0.597551,0.440026,-0.475871,0.140975,0.332732,-1.242566,0.685096,0.536146,-0.274346,0.082111,0.185484,-1.609485,0.902756,0.696084
513,-0.644109,0.184316,0.461036,-0.93995,0.511296,0.425547,-0.58215,0.155792,0.406564,-1.065046,0.575211,0.487498,-0.468115,0.132014,0.334903,-1.25306,0.672423,0.560096,-0.270726,0.077413,0.196812,-1.59988,0.880856,0.716915
514,-0.650636,0.177456,0.478032,-0.936773,0.48966,0.428251,-0.573042,0.152466,0.425633,-1.06139,0.56081,0.506568,-0.481908,0.124849,0.349011,-1.240548,0.656804,0.56472,-0.272577,0.072092,0.188041,-1.60259,0.859524,0.74565
515,-0.639433,0.153764,0.497957,-0.940518,0.489352,0.456708,-0.583999,0.145989,0.425217,-1.057842,0.543575,0.532158,-0.470869,0.114485,0.354227,-1.239698,0.643217,0.61095,-0.268014,0.068662,0.196195,-1.597478,0.820525,0.79179
516,-0.641902,0.144978,0.496729,-0.931048,0.466428,0.454446,-0.579848,0.129459,0.435639,-1.063429,0.527626,0.548368,-0.453936,0.097368,0.353986,-1.240009,0.630989,0.628193,-0.263592,0.059303,0.213696,-1.576461,0.804297,0.800361
517,-0.635173,0.145961,0.495167,-0.924223,0.4492,0.478263,-0.570648,0.119522,0.448971,-1.056848,0.523765,0.536876,-0.455312,0.090122,0.36872,-1.243096,0.610219,0.635592,-0.275484,0.0517,0.204846,-1.607003,0.777108,0.83543
518,-0.63933,0.117916,0.50792,-0.92443,0.438358,0.501974,-0.56131,0.108154,0.454779,-1.054176,0.47987,0.577873,-0.461735,0.084042,0.365205,-1.254711,0.577779,0.663451,-0.261678,0.045879,0.218063,-1.5986,0.739154,0.83862
519,-0.627291,0.106807,0.531266,-0.932435,0.435691,0.520404,-0.560307,0.099079,0.469053,-1.063391,0.477061,0.565161,-0.452532,0.086149,0.375466,-1.24429,0.568178,0.695785,-0.267341,0.046614,0.222109,-1.602791,0.712339,0.898441
520,-0.624396,0.101425,0.524788,-0.936434,0.394985,0.534206,-0.55309,0.085334,0.468932,-1.040974,0.464148,0.593818,-0.453557,0.067979,0.376766,-1.245566,0.536221,0.718095,-0.25561,0.044121,0.218589,-1.572524,0.68304,0.894434
521,-0.619835,0.080635,0.533046,-0.923513,0.380367,0.537238,-0.56196,0.08104,0.466631,-1.054205,0.431485,0.608312,-0.452025,0.060092,0.385744,-1.24375,0.528183,0.71925,-0.260371,0.029043,0.223506,-1.597089,0.654854,0.94191
522,-0.618893,0.076571,0.543277,-0.948879,0.369998,0.546985,-0.559613,0.064308,0.486245,-1.056806,0.406838,0.614554,-0.453073,0.05234,0.391543,-1.252759,0.518295,0.735861,-0.265008,0.026466,0.226183,-1.568452,0.639539,0.940156
523,-0.615181,0.056051,0.553177,-0.937701,0.370728,0.560644,-0.546039,0.05846,0.488835,-1.059462,0.397363,0.657109,-0.442207,0.051594,0.405266,-1.244226,0.481967,0.775392,-0.259855,0.031641,0.239187,-1.597037,0.62306,0.96184
524,-0.604573,0.039636,0.564383,-0.910733,0.347908,0.589271,-0.548615,0.038255,0.501491,-1.047976,0.400129,0.649278,-0.432073,0.028724,0.400941,-1.234796,0.439277,0.792608,-0.254321,0.029702,0.231851,-1.577178,0.567203,0.99294
525,-0.59564,0.044372,0.571385,-0.918696,0.321083,0.583017,-0.543389,0.026355,0.495464,-1.048376,0.35117,0.671684,-0.43548,0.024818,0.406555,-1.24161,0.429547,0.810163,-0.248336,0.015615,0.233102,-1.55092,0.557336,1.030198
526,-0.59667,0.023211,0.575259,-0.936028,0.295704,0.621809,-0.521328,0.021438,0.515173,-1.028819,0.34189,0.698728,-0.427007,0.017731,0.411636,-1.202676,0.422531,0.812135,-0.244971,0.011974,0.234258,-1.575114,0.516405,1.045015
527,-0.584643,0.007685,0.571465,-0.921754,0.291795,0.625513,-0.526449,0.009824,0.512494,-1.050162,0.321072,0.695678,-0.422848,0.007195,0.419925,-1.202689,0.388895,0.835821,-0.241821,0.003969,0.233182,-1.566878,0.499815,1.083866
528,-0.573316,-0.001121,0.586653,-0.904866,0.266944,0.638335,-0.521,-0.003885,0.51514,-1.03864,0.317356,0.693621,-0.414772,-0.006697,0.418561,-1.209747,0.368794,0.854492,-0.241637,0.002236,0.239031,-1.557982,0.475919,1.082494
529,-0.573826,-0.015658,0.591444,-0.906475,0.258045,0.635964,-0.505313,-0.008894,0.533534,-1.022806,0.274485,0.727953,-0.422765,-0.013162,0.431959,-1.207622,0.342491,0.874953,-0.242231,-0.006671,0.247794,-1.525891,0.452101,1.109075
530,-0.577652,-0.030449,0.600007,-0.902586,0.223634,0.688696,-0.513376,-0.023984,0.527951,-1.038203,0.276148,0.762247,-0.406097,-0.01618,0.43998,-1.188562,0.311424,0.903694,-0.241523,-0.014582,0.250314,-1.544707,0.379729,1.143935
531,-0.555846,-0.040831,0.604834,-0.902335,0.22271,0.677542,-0.500955,-0.04078,0.543927,-1.015641,0.244774,0.745237,-0.400684,-0.02313,0.434278,-1.20151,0.308921,0.890542,-0.236298,-0.016784,0.237182,-1.539065,0.370722,1.148391
532,-0.5569,-0.047183,0.618132,-0.879061,0.207358,0.678969,-0.497354,-0.040979,0.536648,-1.005476,0.231592,0.779152,-0.397178,-0.047101,0.445171,-1.183212,0.283298,0.941355,-0.232619,-0.02138,0.252446,-1.52432,0.347061,1.187529
533,-0.549648,-0.069711,0.612097,-0.888875,0.185388,0.702328,-0.491117,-0.060096,0.542264,-1.014784,0.198266,0.791054,-0.398518,-0.049305,0.440436,-1.196724,0.255489,0.931593,-0.229872,-0.029326,0.258427,-1.5182,0.317412,1.207556
534,-0.543728,-0.086702,0.620339,-0.882694,0.175731,0.690629,-0.483437,-0.074832,0.562688,-0.985034,0.201311,0.803917,-0.380604,-0.059543,0.440703,-1.186864,0.236567,0.947859,-0.226558,-0.039422,0.257416,-1.508526,0.290355,1.206642
535,-0.533705,-0.089149,0.621541,-0.900516,0.151793,0.723565,-0.476317,-0.082629,0.560832,-0.991598,0.178573,0.823193,-0.384673,-0.064449,0.453837,-1.16884,0.212348,0.965359,-0.216141,-0.034544,0.263066,-1.491995,0.246144,1.233032
536,-0.521483,-0.101102,0.626371,-0.880159,0.13672,0.725124,-0.467789,-0.091087,0.558543,-0.992023,0.15178,0.844752,-0.382421,-0.078538,0.455441,-1.149442,0.1891,0.971035,-0.223583,-0.042411,0.268233,-1.461649,0.253977,1.249165
537,-0.511503,-0.115921,0.632269,-0.841595,0.119888,0.744109,-0.454807,-0.112132,0.572693,-0.995012,0.138793,0.852088,-0.380572,-0.077898,0.456965,-1.137011,0.156982,0.990171,-0.209464,-0.057809,0.256672,-1.473673,0.200217,1.261293
538,-0.505041,-0.125235,0.632158,-0.852937,0.093059,0.775351,-0.456698,-0.116925,0.567318,-0.974066,0.115717,0.847671,-0.37007,-0.084147,0.464709,-1.153591,0.134022,1.018476,-0.207638,-0.056257,0.269929,-1.459116,0.159929,1.283572
539,-0.497001,-0.137049,0.637683,-0.853576,0.093251,0.753654,-0.436981,-0.124391,0.567527,-0.967133,0.089584,0.895845,-0.360087,-0.103709,0.463748,-1.149973,0.118567,1.026835,-0.207895,-0.062207,0.277635,-1.451221,0.158637,1.316114
540,-0.500187,-0.150658,0.639405,-0.831481,0.071559,0.780769,-0.439242,-0.145352,0.572259,-0.957004,0.079304,0.861337,-0.364403,-0.115064,0.459214,-1.11656,0.090228,1.036778,-0.2108,-0.067028,0.261666,-1.42789,0.101669,1.325534
541,-0.481114,-0.176389,0.652885,-0.819707,0.05772,0.780635,-0.428961,-0.149028,0.577971,-0.942383,0.052856,0.880615,-0.348721,-0.117909,0.468285,-1.112353,0.06458,1.07034,-0.20798,-0.063109,0.272409,-1.428634,0.104804,1.34062
542,-0.466158,-0.168497,0.648635,-0.836831,0.020928,0.792269,-0.427788,-0.154721,0.574856,-0.928196,0.053906,0.902327,-0.341762,-0.129834,0.469025,-1.095513,0.025312,1.045171,-0.202359,-0.07506,0.267389,-1.415032,0.050589,1.363558
543,-0.459699,-0.193286,0.652289,-0.81459,0.041314,0.810133,-0.417757,-0.168058,0.584896,-0.916734,0.015726,0.920949,-0.345763,-0.144366,0.471899,-1.094863,0.02565,1.072358,-0.189746,-0.082864,0.273819,-1.394348,0.003987,1.361818
544,-0.450458,-0.200122,0.664871,-0.803907,-0.016886,0.803404,-0.414576,-0.180893,0.579242,-0.903003,-0.007851,0.917812,-0.328094,-0.135317,0.473991,-1.084437,0.003063,1.086442,-0.193765,-0.084527,0.272658,-1.386584,-0.003328,1.396463
545,-0.442264,-0.214901,0.666433,-0.803852,-0.025368,0.817442,-0.392262,-0.197093,0.592735,-0.904005,-0.039956,0.932374,-0.316845,-0.154124,0.47444,-1.051752,-0.034743,1.103733,-0.184412,-0.095792,0.273969,-1.368364,-0.055916,1.418267
546,-0.43919,-0.222715,0.664281,-0.791201,-0.039961,0.822871,-0.386495,-0.20219,0.593453,-0.899665,-0.049933,0.928878,-0.322554,-0.17036,0.477782,-1.045847,-0.052609,1.095704,-0.190014,-0.092433,0.275155,-1.358863,-0.070518,1.427619
547,-0.42585,-0.232531,0.666012,-0.764117,-0.081811,0.838574,-0.381643,-0.210878,0.592766,-0.875735,-0.03803,0.940241,-0.311608,-0.178859,0.485066,-1.035522,-0.085235,1.131089,-0.176884,-0.102006,0.275324,-1.331594,-0.096189,1.446111
548,-0.408232,-0.245479,0.663869,-0.754466,-0.088017,0.878356,-0.365479,-0.225838,0.600344,-0.871695,-0.092,0.935787,-0.306241,-0.182076,0.489085,-1.019964,-0.097349,1.142083,-0.166329,-0.101331,0.282816,-1.29852,-0.139364,1.441796
549,-0.405437,-0.258237,0.664761,-0.754398,-0.101101,0.845088,-0.363994,-0.226882,0.59256,-0.848118,-0.110923,0.976642,-0.295662,-0.189773,0.483281,-1.007424,-0.116647,1.147578,-0.165032,-0.10518,0.284915,-1.305936,-0.141754,1.444777
550,-0.394839,-0.274153,0.679083,-0.745307,-0.117098,0.867537,-0.357341,-0.248613,0.601747,-0.847325,-0.128957,0.980704,-0.283069,-0.201055,0.49515,-0.999489,-0.15585,1.160203,-0.159641,-0.115574,0.280832,-1.274862,-0.176835,1.470107
551,-0.389811,-0.282459,0.668468,-0.735216,-0.146616,0.87932,-0.341932,-0.255791,0.607006,-0.832487,-0.144275,0.96901,-0.275864,-0.203334,0.482873,-0.998244,-0.167375,1.161985,-0.159102,-0.1134,0.281075,-1.28929,-0.229447,1.480157
552,-0.367563,-0.292017,0.674044,-0.745779,-0.149921,0.865171,-0.333721,-0.262798,0.599644,-0.831444,-0.157533,0.982509,-0.272012,-0.217155,0.478873,-0.977053,-0.186217,1.177452,-0.149742,-0.12659,0.279921,-1.233219,-0.250093,1.500662
553,-0.36014,-0.307524,0.655953,-0.700889,-0.165689,0.880504,-0.318046,-0.279426,0.589117,-0.813466,-0.178936,0.99837,-0.259972,-0.22571,0.479523,-0.947897,-0.223365,1.191716,-0.155945,-0.129129,0.278413,-1.21569,-0.282085,1.517547
554,-0.361575,-0.319255,0.673142,-0.703447,-0.189923,0.898482,-0.308071,-0.291001,0.595361,-0.798184,-0.208058,0.993798,-0.258639,-0.237155,0.502068,-0.930394,-0.236796,1.195155,-0.15253,-0.139065,0.280552,-1.191583,-0.301661,1.527439
555,-0.335106,-0.327527,0.677638,-0.686413,-0.199941,0.872467,-0.304767,-0.287632,0.60141,-0.795721,-0.222778,1.00131,-0.244289,-0.250478,0.489461,-0.937558,-0.280298,1.186542,-0.144447,-0.136318,0.276804,-1.181908,-0.330706,1.525318
556,-0.330045,-0.355508,0.666646,-0.696145,-0.205442,0.885519,-0.299852,-0.307332,0.607134,-0.793756,-0.241881,0.999046,-0.243845,-0.249991,0.484204,-0.913542,-0.298964,1.197972,-0.133553,-0.140971,0.278718,-1.15513,-0.369331,1.528513
557,-0.325889,-0.351686,0.674135,-0.672419,-0.228105,0.903961,-0.282472,-0.323326,0.605888,-0.758658,-0.273975,1.00235,-0.236253,-0.26099,0.486973,-0.884746,-0.315489,1.204983,-0.134079,-0.143158,0.275416,-1.137695,-0.392731,1.546574
558,-0.316112,-0.360718,0.671003,-0.658396,-0.24122,0.896976,-0.266839,-0.324374,0.594499,-0.738665,-0.277952,1.022057,-0.219637,-0.263345,0.483351,-0.889324,-0.317871,1.206194,-0.125619,-0.161036,0.276545,-1.144953,-0.419367,1.541843
559,-0.305357,-0.372606,0.671915,-0.648022,-0.279079,0.896099,-0.271437,-0.331639,0.601502,-0.735499,-0.309167,1.020653,-0.21168,-0.27308,0.487598,-0.879334,-0.366384,1.221015,-0.13171,-0.16192,0.286523,-1.108091,-0.453317,1.551654
560,-0.281381,-0.390521,0.659506,-0.641264,-0.287169,0.901653,-0.254137,-0.344725,0.59736,-0.716762,-0.342149,1.064431,-0.207916,-0.273788,0.485817,-0.849579,-0.376412,1.229175,-0.132049,-0.156177,0.270135,-1.093314,-0.486453,1.565779
561,-0.283341,-0.403601,0.673517,-0.606995,-0.293042,0.909072,-0.244642,-0.353543,0.596583,-0.72147,-0.329137,1.031663,-0.192514,-0.27757,0.482986,-0.842903,-0.387065,1.222252,-0.111537,-0.167354,0.272289,-1.052125,-0.492627,1.563
562,-0.260815,-0.406589,0.664776,-0.605261,-0.314895,0.903681,-0.240178,-0.359045,0.596872,-0.674262,-0.345456,1.032588,-0.197406,-0.291913,0.479549,-0.808888,-0.433772,1.223245,-0.101154,-0.169184,0.28228,-1.032036,-0.543345,1.570474
563,-0.250651,-0.408652,0.659749,-0.587199,-0.331969,0.922011,-0.220658,-0.374188,0.598966,-0.663513,-0.401188,1.056135,-0.177955,-0.294253,0.484582,-0.805359,-0.462125,1.237187,-0.10211,-0.183774,0.283328,-1.013711,-0.561574,1.57669
564,-0.23312,-0.428716,0.659895,-0.589163,-0.362433,0.925812,-0.214383,-0.377044,0.594987,-0.654069,-0.395506,1.047597,-0.166209,-0.303611,0.480849,-0.770676,-0.462583,1.249309,-0.099307,-0.175909,0.274329,-0.981275,-0.608501,1.573233
565,-0.223696,-0.433103,0.666218,-0.564852,-0.367364,0.925875,-0.198035,-0.387814,0.592251,-0.642301,-0.396237,1.03833,-0.162359,-0.320461,0.486578,-0.75376,-0.487904,1.245434,-0.095466,-0.179119,0.26247,-0.945666,-0.620888,1.58918
566,-0.212841,-0.448048,0.666754,-0.55088,-0.383352,0.935141,-0.184772,-0.390984,0.588725,-0.625349,-0.418572,1.057233,-0.153501,-0.330187,0.480858,-0.734549,-0.509411,1.234762,-0.098872,-0.177778,0.27133,-0.948407,-0.646828,1.583998
567,-0.202594,-0.452626,0.655798,-0.546601,-0.406,0.929383,-0.173454,-0.398502,0.584368,-0.598085,-0.449045,1.042533,-0.148019,-0.330309,0.472469,-0.712801,-0.532235,1.24574,-0.081111,-0.187849,0.274091,-0.895576,-0.682756,1.59128
568,-0.197189,-0.458667,0.65642,-0.536501,-0.408961,0.906976,-0.175373,-0.410433,0.587532,-0.58878,-0.472122,1.051604,-0.147049,-0.331567,0.476226,-0.694637,-0.556067,1.247218,-0.079163,-0.192027,0.270913,-0.886431,-0.717871,1.602565
569,-0.180558,-0.470352,0.649767,-0.51279,-0.450486,0.958763,-0.151095,-0.418495,0.585943,-0.558423,-0.490679,1.059251,-0.131154,-0.343402,0.467153,-0.668513,-0.5613,1.251009,-0.083316,-0.188458,0.260882,-0.881802,-0.729332,1.601768
570,-0.169344,-0.478508,0.647969,-0.478486,-0.474743,0.954317,-0.158164,-0.421521,0.576419,-0.542271,-0.495582,1.069471,-0.11767,-0.348755,0.471795,-0.661189,-0.590974,1.258967,-0.070601,-0.195678,0.260334,-0.845762,-0.769206,1.618552
571,-0.156853,-0.481562,0.640507,-0.483811,-0.475419,0.937291,-0.133581,-0.433381,0.575187,-0.545354,-0.517284,1.060686,-0.120313,-0.358532,0.461123,-0.613493,-0.637114,1.267086,-0.0666,-0.208015,0.256714,-0.821424,-0.795052,1.585593
572,-0.139116,-0.500445,0.639866,-0.46141,-0.478078,0.93088,-0.125761,-0.448468,0.575457,-0.513983,-0.535861,1.067463,-0.085644,-0.362937,0.45917,-0.610512,-0.61852,1.279396,-0.059599,-0.204274,0.271401,-0.784676,-0.80053,1.603754
573,-0.132146,-0.510174,0.636795,-0.446877,-0.513191,0.939928,-0.118671,-0.451723,0.562471,-0.484377,-0.55499,1.059264,-0.090515,-0.361392,0.461992,-0.582102,-0.646053,1.24497,-0.044278,-0.205249,0.26469,-0.772117,-0.828086,1.591988
574,-0.124936,-0.527253,0.627058,-0.415268,-0.495737,0.937935,-0.094947,-0.454279,0.56817,-0.497793,-0.569404,1.050815,-0.082289,-0.37393,0.461186,-0.589359,-0.68549,1.249217,-0.051435,-0.213484,0.265193,-0.72023,-0.86736,1.605442
575,-0.110297,-0.520523,0.623353,-0.404186,-0.513683,0.937771,-0.095338,-0.4731,0.555694,-0.460825,-0.572504,1.063371,-0.077012,-0.379924,0.464989,-0.54235,-0.693696,1.240707,-0.048047,-0.22389,0.261894,-0.708662,-0.883858,1.582701
576,-0.099288,-0.529458,0.615482,-0.386023,-0.543034,0.929105,-0.086077,-0.466117,0.558116,-0.458257,-0.614608,1.046451,-0.065217,-0.382338,0.444164,-0.547165,-0.724639,1.232805,-0.041818,-0.223448,0.26291,-0.684368,-0.918176,1.592954
577,-0.07955,-0.532966,0.616615,-0.379258,-0.568811,0.92411,-0.077242,-0.48022,0.553708,-0.418266,-0.613016,1.057195,-0.065644,-0.389776,0.453404,-0.494779,-0.720859,1.225826,-0.030825,-0.219336,0.259451,-0.654843,-0.942731,1.586504
578,-0.067283,-0.554259,0.612814,-0.362839,-0.568746,0.919087,-0.062102,-0.48853,0.550957,-0.411811,-0.643936,1.089477,-0.045439,-0.390252,0.436659,-0.480802,-0.753794,1.234874,-0.023222,-0.219464,0.257148,-0.63974,-0.964442,1.582926
579,-0.052435,-0.554679,0.605847,-0.356907,-0.582714,0.926239,-0.046336,-0.490223,0.545104,-0.405035,-0.657857,1.047613,-0.041374,-0.401906,0.439777,-0.452393,-0.792985,1.224138,-0.018159,-0.229398,0.250261,-0.586009,-0.97696,1.572293
580,-0.03959,-0.564141,0.597837,-0.340338,-0.598402,0.937024,-0.033616,-0.502706,0.52796,-0.377688,-0.672754,1.050668,-0.03096,-0.409357,0.43634,-0.429922,-0.779298,1.229697,-0.003997,-0.247242,0.239092,-0.579733,-1.015967,1.579585
581,-0.032366,-0.573589,0.588761,-0.324371,-0.612716,0.910978,-0.033481,-0.500733,0.53461,-0.376755,-0.688779,1.043287,-0.014909,-0.41941,0.431435,-0.434608,-0.804455,1.231245,-0.007938,-0.231368,0.244028,-0.538839,-1.030813,1.589247
582,-0.021732,-0.572586,0.591089,-0.296337,-0.644951,0.937422,-0.014916,-0.512925,0.520393,-0.317736,-0.689867,1.032825,-0.012518,-0.418481,0.421549,-0.404023,-0.819909,1.217649,-0.006449,-0.244733,0.253338,-0.519923,-1.07435,1.576757
583,-0.007057,-0.587807,0.583647,-0.290476,-0.628432,0.909009,-0.003998,-0.518366,0.518514,-0.311637,-0.723624,1.054777,-0.00675,-0.426212,0.425115,-0.381796,-0.838206,1.237746,-0.010535,-0.242444,0.247906,-0.47831,-1.079459,1.557214
584,0.003058,-0.586936,0.571297,-0.282179,-0.649204,0.906026,0.011105,-0.524745,0.515191,-0.292945,-0.735962,1.011192,0.004265,-0.41861,0.414382,-0.343691,-0.851566,1.219998,0.006789,-0.24456,0.242818,-0.455985,-1.102518,1.55566
585,0.022611,-0.587072,0.579111,-0.256569,-0.665263,0.904747,0.025049,-0.530459,0.503191,-0.281416,-0.743873,1.027727,0.011823,-0.432612,0.420318,-0.324738,-0.86256,1.208134,0.007294,-0.245287,0.239409,-0.423553,-1.120964,1.544428
586,0.034897,-0.600692,0.562835,-0.225777,-0.691947,0.898027,0.033599,-0.538389,0.50594,-0.262335,-0.753075,1.008516,0.027961,-0.433353,0.398191,-0.307204,-0.891593,1.20002,0.011759,-0.248232,0.229123,-0.398813,-1.143726,1.544967
587,0.040716,-0.610386,0.560049,-0.216835,-0.673521,0.907921,0.033078,-0.538113,0.500239,-0.225508,-0.770516,1.019676,0.028142,-0.450421,0.408868,-0.298363,-0.904997,1.205288,0.02173,-0.250561,0.237375,-0.367403,-1.171743,1.528383
588,0.068584,-0.599807,0.541089,-0.197468,-0.697088,0.881911,0.049969,-0.542453,0.489909,-0.224164,-0.78254,1.022193,0.048295,-0.44713,0.401029,-0.274214,-0.913083,1.195823,0.032159,-0.25583,0.230946,-0.344292,-1.202084,1.513163
589,0.06917,-0.620472,0.541941,-0.190487,-0.719653,0.885509,0.070627,-0.542715,0.48387,-0.205488,-0.793951,0.9929,0.058385,-0.448205,0.390743,-0.243412,-0.949435,1.186575,0.03858,-0.262727,0.227065,-0.302463,-1.202177,1.517223
590,0.085104,-0.616474,0.535853,-0.157597,-0.697417,0.888908,0.077467,-0.555118,0.466834,-0.181073,-0.806135,0.983538,0.061118,-0.451874,0.381511,-0.216193,-0.951262,1.170715,0.023042,-0.262918,0.219635,-0.273761,-1.209818,1.494582
591,0.0942,-0.627579,0.528136,-0.142746,-0.734787,0.862512,0.076901,-0.558452,0.473234,-0.169215,-0.818043,0.995369,0.072134,-0.449825,0.378456,-0.197116,-0.969929,1.176946,0.043243,-0.264842,0.218577,-0.243879,-1.254191,1.498212
592,0.111105,-0.626705,0.514093,-0.127439,-0.73192,0.856187,0.098977,-0.564538,0.462799,-0.163577,-0.842029,0.982493,0.07778,-0.455032,0.386609,-0.180633,-0.987806,1.151568,0.048489,-0.260436,0.211696,-0.204154,-1.272366,1.492203
593,0.119672,-0.632118,0.511821,-0.111388,-0.757342,0.8623,0.103625,-0.558393,0.460637,-0.115048,-0.841687,0.976629,0.088555,-0.457673,0.37702,-0.148232,-0.990566,1.158342,0.051368,-0.272576,0.206806,-0.182833,-1.272769,1.461401
594,0.136406,-0.635507,0.507071,-0.085747,-0.783355,0.844419,0.120366,-0.573771,0.441811,-0.118372,-0.858316,0.961787,0.098014,-0.460719,0.358113,-0.125465,-1.012648,1.13996,0.058586,-0.269815,0.210706,-0.168454,-1.309236,1.437053
595,0.138613,-0.650617,0.492487,-0.055957,-0.758088,0.862135,0.127185,-0.57033,0.447649,-0.092333,-0.867684,0.95916,0.109444,-0.467147,0.361688,-0.115426,-1.027532,1.147686,0.057308,-0.265674,0.199593,-0.13702,-1.299522,1.442337
596,0.16579,-0.645235,0.485554,-0.051481,-0.77109,0.833434,0.14513,-0.575086,0.43211,-0.050921,-0.892391,0.949421,0.11707,-0.46961,0.347659,-0.068953,-1.035998,1.124641,0.07876,-0.273304,0.201013,-0.084611,-1.327247,1.425911
597,0.169437,-0.643635,0.47329,-0.030325,-0.787817,0.82436,0.145723,-0.582434,0.407876,-0.049867,-0.880795,0.931773,0.1347,-0.476184,0.337259,-0.04387,-1.063257,1.115017,0.074064,-0.26948,0.203649,-0.053104,-1.345928,1.402823
598,0.182893,-0.653396,0.465555,-0.026155,-0.801365,0.820566,0.165667,-0.578459,0.41989,-0.013479,-0.907052,0.929576,0.138195,-0.465816,0.350108,-0.046209,-1.071112,1.085497,0.075454,-0.281262,0.192386,-0.040111,-1.363011,1.409301
599,0.195357,-0.650911,0.461217,-0.013496,-0.807247,0.820191,0.17181,-0.584176,0.410371,0.000146,-0.923122,0.902302,0.141248,-0.478642,0.343422,-0.02298,-1.083413,1.078714,0.076836,-0.26996,0.183412,-0.003192,-1.369044,1.386005
600,0.207053,-0.668275,0.445875,0.010783,-0.832116,0.795957,0.185694,-0.585392,0.39915,0.015784,-0.938093,0.915336,0.158848,-0.476279,0.32122,0.0206,-1.10088,1.068627,0.084751,-0.27172,0.188261,0.032414,-1.40115,1.370818
601,0.218844,-0.660909,0.44022,0.039422,-0.828479,0.792097,0.196355,-0.589275,0.39432,0.05458,-0.938363,0.903244,0.161288,-0.476964,0.318971,0.045018,-1.122331,1.061623,0.093713,-0.271462,0.181734,0.047006,-1.401151,1.35957
602,0.236118,-0.66622,0.42716,0.054717,-0.81757,0.779702,0.207583,-0.584108,0.386144,0.057181,-0.945616,0.877048,0.171765,-0.472156,0.31134,0.060086,-1.126029,1.047826,0.095268,-0.266064,0.190782,0.080198,-1.428178,1.336197
603,0.244637,-0.663801,0.420674,0.065187,-0.848769,0.779734,0.222564,-0.594279,0.374441,0.059159,-0.957628,0.874084,0.171035,-0.474137,0.306848,0.083432,-1.117638,1.022601,0.101296,-0.275967,0.179852,0.100882,-1.440201,1.331813
604,0.251881,-0.669903,0.410294,0.09551,-0.837606,0.752385,0.22556,-0.593982,0.374747,0.111408,-0.959489,0.877289,0.191559,-0.485704,0.290793,0.101779,-1.126726,1.018743,0.10106,-0.287878,0.174621,0.137359,-1.446323,1.325383
605,0.266203,-0.672899,0.39637,0.10177,-0.867009,0.754833,0.240703,-0.59267,0.361257,0.109833,-0.96508,0.861181,0.196015,-0.488437,0.300914,0.138338,-1.172284,1.026512,0.113681,-0.275721,0.167991,0.17741,-1.470357,1.286828
606,0.277673,-0.669708,0.394303,0.117317,-0.85359,0.734036,0.245064,-0.601511,0.341907,0.157126,-0.983198,0.841175,0.198686,-0.476242,0.284329,0.145154,-1.166785,0.993925,0.113527,-0.278632,0.151559,0.201889,-1.479654,1.280244
607,0.293174,-0.679303,0.38759,0.131148,-0.868066,0.734987,0.267455,-0.596718,0.335525,0.17214,-0.990883,0.840838,0.207539,-0.49065,0.279609,0.196378,-1.171255,0.965481,0.125788,-0.282936,0.161106,0.226087,-1.493806,1.251432
608,0.300236,-0.672806,0.365473,0.158014,-0.881629,0.715246,0.272566,-0.599735,0.330302,0.170727,-1.000168,0.831712,0.217651,-0.50558,0.265227,0.214234,-1.173538,0.979427,0.127073,-0.283106,0.160864,0.259139,-1.485812,1.236587
609,0.316188,-0.670717,0.353595,0.174339,-0.879387,0.716111,0.280978,-0.600404,0.319883,0.200896,-0.992318,0.807525,0.221978,-0.48423,0.259361,0.240231,-1.195289,0.935042,0.129625,-0.281596,0.154555,0.277186,-1.526853,1.213222
610,0.32876,-0.670892,0.343242,0.168067,-0.881411,0.700604,0.286812,-0.605445,0.310612,0.210939,-1.012828,0.80709,0.227985,-0.485515,0.249958,0.238442,-1.197741,0.944323,0.135345,-0.275072,0.147221,0.340833,-1.530607,1.188462
611,0.326301,-0.670947,0.334937,0.204262,-0.9131,0.694794,0.293835,-0.599225,0.297935,0.226665,-0.989554,0.772892,0.237796,-0.484841,0.240374,0.279999,-1.199835,0.898085,0.137636,-0.279713,0.135357,0.353392,-1.526607,1.187271
612,0.336979,-0.688838,0.329527,0.220701,-0.905851,0.667435,0.313296,-0.595993,0.294073,0.25261,-1.023755,0.753001,0.256347,-0.488328,0.234525,0.294984,-1.211186,0.909393,0.143349,-0.274187,0.140056,0.381882,-1.543531,1.136119
613,0.353212,-0.676093,0.320486,0.248177,-0.897586,0.665501,0.315707,-0.599248,0.276605,0.261277,-1.019823,0.739239,0.261687,-0.481032,0.227975,0.328752,-1.187764,0.891397,0.151248,-0.286104,0.127563,0.437572,-1.53679,1.16453
614,0.36637,-0.668502,0.303971,0.246165,-0.894696,0.648319,0.328693,-0.605497,0.270653,0.299222,-1.040019,0.724787,0.268269,-0.48442,0.212845,0.34649,-1.219716,0.871257,0.149357,-0.274326,0.123862,0.442133,-1.563411,1.104995
615,0.373316,-0.667495,0.293328,0.26718,-0.917182,0.645398,0.343655,-0.597082,0.261771,0.308535,-1.027744,0.71387,0.264047,-0.484715,0.201387,0.379914,-1.20796,0.860421,0.15863,-0.278341,0.121302,0.477712,-1.559082,1.09459
616,0.387352,-0.66317,0.278756,0.285985,-0.918776,0.626361,0.358986,-0.597881,0.243596,0.320015,-1.04266,0.704427,0.283814,-0.487017,0.194825,0.389965,-1.236323,0.839389,0.164852,-0.281731,0.117601,0.508766,-1.567534,1.071806
617,0.404499,-0.671454,0.27236,0.319277,-0.91557,0.621288,0.350386,-0.592856,0.250147,0.330023,-1.049951,0.694751,0.28793,-0.476314,0.195437,0.404574,-1.211116,0.795797,0.17108,-0.28327,0.10397,0.538573,-1.574741,1.042637
618,0.400482,-0.66937,0.264165,0.332188,-0.93858,0.616597,0.361882,-0.599403,0.233619,0.373604,-1.025145,0.681611,0.288132,-0.482356,0.193091,0.449118,-1.231942,0.8042,0.176473,-0.287505,0.106841,0.560034,-1.580734,1.020959
619,0.422369,-0.666632,0.246755,0.33897,-0.922027,0.592621,0.375289,-0.582624,0.216766,0.393606,-1.038479,0.643646,0.298551,-0.480227,0.184691,0.435918,-1.243554,0.790368,0.165241,-0.274286,0.097256,0.574843,-1.578167,1.00643
620,0.423674,-0.671292,0.233271,0.345224,-0.927761,0.583383,0.383923,-0.599133,0.206386,0.408371,-1.060758,0.653339,0.305167,-0.481206,0.170598,0.474225,-1.248287,0.753657,0.181535,-0.278368,0.097528,0.610158,-1.603135,0.97995
621,0.444195,-0.657853,0.215517,0.374709,-0.93685,0.55563,0.393367,-0.594126,0.194212,0.441795,-1.049053,0.623046,0.312929,-0.4737,0.165792,0.500809,-1.233585,0.73757,0.184374,-0.279401,0.09476,0.627993,-1.606471,0.947986
622,0.461803,-0.660117,0.209745,0.40234,-0.937546,0.548494,0.404392,-0.595765,0.184843,0.432508,-1.059757,0.611939,0.325832,-0.478924,0.157725,0.520083,-1.232823,0.727142,0.191918,-0.272729,0.086969,0.664479,-1.596453,0.945336
623,0.454969,-0.658111,0.2052,0.402008,-0.933544,0.517592,0.406886,-0.584649,0.17528,0.473652,-1.066925,0.598995,0.334388,-0.475569,0.145279,0.523513,-1.254081,0.716394,0.188145,-0.273701,0.077918,0.697859,-1.585024,0.893245
624,0.461008,-0.650695,0.181549,0.404321,-0.926463,0.506051,0.412581,-0.583076,0.16984,0.490724,-1.071444,0.576488,0.336536,-0.469494,0.126604,0.558677,-1.247197,0.688634,0.196399,-0.267874,0.088889,0.70448,-1.613097,0.879567
625,0.470608,-0.641101,0.163306,0.440198,-0.921523,0.515438,0.416877,-0.577039,0.154282,0.495699,-1.054259,0.559344,0.346461,-0.464888,0.124485,0.596396,-1.242645,0.667339,0.192769,-0.276011,0.074652,0.737576,-1.589165,0.860704
626,0.483199,-0.650154,0.171206,0.467938,-0.945246,0.477267,0.425363,-0.571683,0.141448,0.516577,-1.062662,0.55073,0.346888,-0.459315,0.117622,0.599548,-1.242257,0.616906,0.199944,-0.261195,0.070618,0.781436,-1.607218,0.848781
627,0.497716,-0.645686,0.147735,0.460197,-0.930873,0.446987,0.448049,-0.581921,0.122502,0.516617,-1.054214,0.53173,0.346916,-0.467782,0.113326,0.626407,-1.251379,0.61743,0.199942,-0.271238,0.058917,0.801036,-1.60587,0.798602
628,0.509316,-0.638304,0.140159,0.49114,-0.927611,0.460001,0.456637,-0.571478,0.122817,0.545282,-1.05652,0.521052,0.362896,-0.464054,0.101137,0.640701,-1.257851,0.614764,0.203049,-0.264798,0.065093,0.82344,-1.590509,0.788784
629,0.508762,-0.640599,0.120987,0.490674,-0.933418,0.426772,0.45176,-0.565891,0.108298,0.555659,-1.059416,0.508415,0.355551,-0.462187,0.093718,0.666122,-1.247579,0.585491,0.213791,-0.265999,0.064453,0.860418,-1.600756,0.759854
630,0.52847,-0.626023,0.104154,0.529829,-0.934241,0.40381,0.467129,-0.567806,0.105844,0.603899,-1.044583,0.481935,0.371938,-0.455832,0.089997,0.683398,-1.245936,0.559079,0.22357,-0.262627,0.045314,0.870325,-1.588353,0.731847
631,0.532857,-0.637718,0.101096,0.531945,-0.936686,0.405027,0.477701,-0.564198,0.084887,0.599979,-1.059937,0.47108,0.385504,-0.455984,0.07471,0.69935,-1.249056,0.551494,0.228116,-0.266099,0.034674,0.884548,-1.600224,0.710388
632,0.530114,-0.621784,0.085284,0.545939,-0.935092,0.371586,0.471377,-0.549276,0.072623,0.611332,-1.072198,0.44452,0.39349,-0.44631,0.064227,0.71107,-1.239735,0.503366,0.223641,-0.252983,0.028057,0.924397,-1.586515,0.675719
633,0.543656,-0.604652,0.070687,0.548167,-0.918956,0.374091,0.483044,-0.545574,0.064068,0.635384,-1.056512,0.424972,0.394852,-0.446294,0.050873,0.751395,-1.223926,0.496229,0.228135,-0.248699,0.033543,0.952039,-1.570862,0.660496
634,0.545394,-0.610357,0.057824,0.561771,-0.947466,0.355871,0.500107,-0.542706,0.052531,0.643323,-1.046405,0.402705,0.396774,-0.438601,0.03766,0.763723,-1.232941,0.482711,0.229372,-0.254019,0.019498,0.97607,-1.578855,0.635526
635,0.554931,-0.619428,0.047937,0.566594,-0.944973,0.338379,0.494592,-0.543761,0.041467,0.655535,-1.051466,0.377072,0.40188,-0.432067,0.033293,0.782039,-1.258051,0.455631,0.232433,-0.251411,0.023371,0.992454,-1.577858,0.584427
636,0.568303,-0.590748,0.032666,0.600979,-0.925757,0.330089,0.49944,-0.539272,0.038231,0.688375,-1.040223,0.376832,0.410581,-0.440028,0.027337,0.802814,-1.229976,0.432282,0.244208,-0.253525,0.017704,1.01558,-1.563546,0.554503
637,0.576942,-0.595096,0.029862,0.609111,-0.929773,0.31127,0.501344,-0.541822,0.02364,0.687573,-1.016429,0.349895,0.408472,-0.431986,0.018743,0.829961,-1.220628,0.41298,0.242955,-0.246752,0.005429,1.04411,-1.573918,0.530639
638,0.586382,-0.590059,0.02748,0.621826,-0.928544,0.286525,0.514198,-0.529403,0.012521,0.709426,-1.027439,0.331581,0.407039,-0.423895,0.008477,0.828053,-1.237639,0.386022,0.247337,-0.230635,0.00762,1.057353,-1.557204,0.49115
639,0.582668,-0.57194,-0.003188,0.63548,-0.905704,0.299176,0.52161,-0.513856,0.00072,0.721862,-1.020537,0.313565,0.422801,-0.415121,-0.005824,0.844537,-1.209504,0.349353,0.230061,-0.23626,0.000778,1.093379,-1.575118,0.456887
640,0.589311,-0.563479,-0.009732,0.651818,-0.903223,0.245727,0.525681,-0.511495,-0.012456,0.727151,-1.039009,0.301907,0.429824,-0.406054,-0.001647,0.857983,-1.210053,0.336687,0.247616,-0.23697,-0.008952,1.102611,-1.552513,0.442509
641,0.594861,-0.567638,-0.030215,0.658802,-0.927206,0.237148,0.525412,-0.505936,-0.026168,0.759368,-1.023468,0.260845,0.42277,-0.406933,-0.022998,0.894089,-1.217516,0.330571,0.236256,-0.232282,-0.012429,1.126411,-1.556046,0.403959
642,0.595068,-0.568551,-0.042015,0.682806,-0.906922,0.222847,0.535041,-0.505639,-0.034448,0.766936,-1.02383,0.254667,0.440029,-0.418392,-0.028509,0.91644,-1.212051,0.30081,0.254168,-0.233914,-0.01625,1.142383,-1.544058,0.370836
643,0.602613,-0.560321,-0.052777,0.682928,-0.869434,0.202477,0.535038,-0.489266,-0.043883,0.769155,-1.024503,0.231658,0.440879,-0.402342,-0.035485,0.935234,-1.196793,0.286963,0.24826,-0.229259,-0.015831,1.173783,-1.528171,0.367413
644,0.607232,-0.555548,-0.065722,0.706858,-0.880166,0.191642,0.550857,-0.486984,-0.061039,0.789058,-1.013026,0.218006,0.440156,-0.398695,-0.057055,0.922553,-1.187816,0.229774,0.25601,-0.23068,-0.015667,1.195964,-1.521364,0.333404
645,0.62119,-0.543674,-0.082995,0.702192,-0.890593,0.183789,0.554796,-0.485196,-0.072014,0.80396,-1.019785,0.220521,0.439899,-0.385835,-0.057194,0.948005,-1.171228,0.225508,0.262716,-0.232767,-0.022456,1.219304,-1.510311,0.293272
646,0.623046,-0.529745,-0.083777,0.742239,-0.87431,0.157415,0.558719,-0.481109,-0.08294,0.813441,-1.002698,0.18088,0.446759,-0.389979,-0.055449,0.971078,-1.160376,0.204702,0.25943,-0.221708,-0.033472,1.243763,-1.498096,0.265148
647,0.629325,-0.529119,-0.106346,0.731437,-0.862587,0.143236,0.562163,-0.46881,-0.096038,0.835539,-0.987419,0.161155,0.448034,-0.382932,-0.082849,0.985488,-1.161897,0.185374,0.266274,-0.215877,-0.034005,1.238424,-1.47024,0.22755
648,0.62431,-0.517291,-0.116727,0.748684,-0.870009,0.108472,0.564912,-0.455202,-0.112047,0.839219,-0.977617,0.135389,0.456943,-0.370968,-0.083527,1.005129,-1.155681,0.167889,0.255848,-0.210645,-0.047221,1.267946,-1.466213,0.200401
649,0.627064,-0.505759,-0.124039,0.75474,-0.860973,0.093833,0.563526,-0.456068,-0.120202,0.861995,-0.973234,0.107804,0.456281,-0.364664,-0.086677,1.01799,-1.133159,0.134392,0.26789,-0.213456,-0.047749,1.298031,-1.453814,0.187277
650,0.632476,-0.503205,-0.14041,0.778846,-0.838805,0.066582,0.574598,-0.448937,-0.126627,0.864396,-0.971223,0.103688,0.461753,-0.362482,-0.09874,1.038261,-1.137511,0.10286,0.258968,-0.206758,-0.053513,1.29515,-1.454543,0.156052
651,0.641506,-0.485769,-0.150318,0.759625,-0.858026,0.06886,0.578009,-0.439168,-0.140269,0.877402,-0.955175,0.075902,0.472985,-0.347626,-0.108212,1.031014,-1.145492,0.098459,0.278162,-0.196003,-0.06012,1.322735,-1.452088,0.110982
652,0.648722,-0.475136,-0.155101,0.772158,-0.822788,0.032124,0.576373,-0.426163,-0.147131,0.882874,-0.944867,0.05594,0.464113,-0.341746,-0.121983,1.036489,-1.106964,0.070412,0.266415,-0.205804,-0.076799,1.339239,-1.41749,0.099182
653,0.651426,-0.48412,-0.166144,0.788287,-0.820988,0.044428,0.585035,-0.418768,-0.164821,0.895184,-0.923937,0.035748,0.471494,-0.353414,-0.12574,1.075369,-1.097527,0.037889,0.272938,-0.200101,-0.075925,1.365132,-1.422267,0.051005
654,0.655514,-0.465607,-0.189126,0.786848,-0.816154,0.013617,0.57208,-0.411997,-0.173107,0.899829,-0.919803,0.00858,0.470226,-0.32152,-0.13911,1.089643,-1.092171,0.015361,0.265466,-0.198209,-0.080304,1.384406,-1.405078,0.024613
655,0.64272,-0.46484,-0.202381,0.818778,-0.811235,-0.0172,0.58208,-0.40181,-0.173794,0.923676,-0.926733,-0.010956,0.468485,-0.340125,-0.138492,1.088549,-1.067128,-0.01941,0.271728,-0.195892,-0.094904,1.386781,-1.375954,0.013521
656,0.667395,-0.453391,-0.203726,0.812115,-0.786787,-0.012204,0.590548,-0.402619,-0.190292,0.93981,-0.896624,-0.009625,0.470143,-0.32219,-0.158654,1.104364,-1.086429,-0.041983,0.271385,-0.188488,-0.091198,1.424573,-1.377225,-0.026225
657,0.663698,-0.433338,-0.217548,0.834623,-0.781011,-0.055261,0.595359,-0.385928,-0.204932,0.953643,-0.892425,-0.041352,0.477854,-0.320197,-0.165722,1.108706,-1.057337,-0.063033,0.275152,-0.18033,-0.099065,1.413297,-1.36434,-0.06847
658,0.662609,-0.431038,-0.230034,0.84145,-0.779154,-0.053192,0.602181,-0.383484,-0.205066,0.944776,-0.873025,-0.064043,0.482684,-0.306352,-0.161744,1.112098,-1.053236,-0.084049,0.269195,-0.175166,-0.095547,1.447271,-1.327828,-0.104036
659,0.66932,-0.418012,-0.245205,0.825719,-0.778706,-0.087716,0.598901,-0.3715,-0.221024,0.955511,-0.882332,-0.0843,0.476357,-0.300843,-0.178065,1.136112,-1.016375,-0.084399,0.284784,-0.168036,-0.101546,1.433587,-1.294078,-0.113875
660,0.662938,-0.408663,-0.249361,0.860526,-0.772039,-0.093403,0.591106,-0.352288,-0.230497,0.94908,-0.862478,-0.122725,0.48045,-0.288388,-0.193279,1.146707,-1.032878,-0.106543,0.283524,-0.166785,-0.106143,1.458466,-1.281812,-0.159108
661,0.672897,-0.406332,-0.268833,0.864793,-0.748073,-0.104509,0.601117,-0.352719,-0.24402,0.980938,-0.854,-0.130926,0.48935,-0.279195,-0.193099,1.149229,-1.012398,-0.148247,0.27615,-0.161493,-0.109962,1.453028,-1.279764,-0.175633
662,0.665414,-0.378607,-0.289215,0.86793,-0.749683,-0.10424,0.599003,-0.340917,-0.257217,0.988639,-0.837903,-0.147026,0.481305,-0.278144,-0.205197,1.16174,-0.985531,-0.168613,0.285786,-0.158519,-0.118457,1.472248,-1.242012,-0.218346
663,0.67071,-0.381925,-0.295603,0.888272,-0.736806,-0.140759,0.605252,-0.333735,-0.257418,0.976511,-0.82306,-0.169715,0.483928,-0.268645,-0.213596,1.159167,-0.967988,-0.190757,0.280557,-0.152335,-0.121082,1.477705,-1.240859,-0.239847
664,0.671619,-0.371221,-0.307433,0.87024,-0.697364,-0.160089,0.603204,-0.326421,-0.283132,0.999824,-0.808732,-0.160918,0.477548,-0.26049,-0.217485,1.158862,-0.969801,-0.216624,0.272899,-0.156032,-0.131574,1.485308,-1.222934,-0.276383
665,0.679091,-0.351229,-0.30891,0.877169,-0.716707,-0.174869,0.598472,-0.32051,-0.286155,0.980268,-0.795508,-0.19627,0.481886,-0.259012,-0.232799,1.17543,-0.953247,-0.241816,0.286623,-0.159951,-0.132638,1.515299,-1.203824,-0.305229
666,0.671601,-0.34488,-0.333161,0.881303,-0.689877,-0.192719,0.607173,-0.305738,-0.297543,0.98907,-0.794338,-0.221451,0.484599,-0.257728,-0.236334,1.201751,-0.918596,-0.247608,0.290788,-0.137266,-0.145525,1.514678,-1.169651,-0.350942
