sample_idx,Va_1,Vb_1,Vc_1,Ia_1,Ib_1,Ic_1,Va_5,Vb_5,Vc_5,Ia_5,Ib_5,Ic_5,Va_10,Vb_10,Vc_10,Ia_10,Ib_10,Ic_10,Va_30,Vb_30,Vc_30,Ia_30,Ib_30,Ic_30
0,0.992096,-0.507739,-0.447803,0.379254,-0.318733,-0.009865,1.034948,-0.488785,-0.518517,0.475518,-0.310724,-0.120993,0.98854,-0.525583,-0.463135,0.48042,-0.241906,-0.110472,0.961574,-0.474606,-0.45197,0.537729,-0.347094,-0.11446
1,0.972409,-0.551533,-0.514532,0.486867,-0.334948,-0.149526,0.958033,-0.474657,-0.445656,0.428448,-0.27231,-0.072996,0.967028,-0.475152,-0.520081,0.448199,-0.304501,0.052793,0.956746,-0.466559,-0.499783,0.444683,-0.367404,-0.173974
2,1.024282,-0.480211,-0.498474,0.473637,-0.328239,-0.110921,0.989372,-0.505626,-0.545027,0.465237,-0.322707,-0.12125,0.986961,-0.481413,-0.540264,0.452221,-0.352538,-0.142141,1.010638,-0.492039,-0.547856,0.44365,-0.332717,-0.142187
3,0.978895,-0.433046,-0.482119,0.439931,-0.303989,-0.080661,0.970374,-0.425334,-0.592645,0.457493,-0.330451,-0.147606,0.976913,-0.461354,-0.574099,0.509674,-0.284675,-0.142355,1.032879,-0.446522,-0.51851,0.339426,-0.283611,-0.112807
4,0.984459,-0.466701,-0.570034,0.423151,-0.244454,-0.208107,0.978304,-0.455103,-0.568335,0.472618,-0.297114,-0.142261,1.038669,-0.430977,-0.514438,0.504134,-0.286054,-0.136901,1.045981,-0.361318,-0.590464,0.398763,-0.316017,-0.195791
5,1.009622,-0.439465,-0.571416,0.372259,-0.328598,-0.157026,0.981868,-0.434209,-0.579865,0.387581,-0.29195,-0.272893,1.027862,-0.418904,-0.591106,0.506374,-0.297759,-0.084882,1.001432,-0.459517,-0.570426,0.47545,-0.337124,-0.095073
6,1.005372,-0.364553,-0.575266,0.50379,-0.243139,-0.158539,1.052529,-0.358409,-0.573988,0.417515,-0.161205,-0.234311,0.996044,-0.444537,-0.598545,0.471073,-0.273484,-0.166675,1.014803,-0.408984,-0.589918,0.463869,-0.28927,-0.190143
7,1.019863,-0.351559,-0.587769,0.412122,-0.30676,-0.142362,0.990192,-0.372285,-0.62809,0.51547,-0.204217,-0.155369,1.028952,-0.391588,-0.567975,0.342934,-0.319508,-0.105371,1.019658,-0.416759,-0.639863,0.483775,-0.167795,-0.117276
8,0.996875,-0.265527,-0.587443,0.503717,-0.265485,-0.091516,0.965229,-0.369433,-0.611805,0.372987,-0.251795,-0.027374,0.98254,-0.35427,-0.595894,0.462607,-0.345081,-0.269921,0.969884,-0.359252,-0.62882,0.448502,-0.291413,-0.192624
9,1.012156,-0.339059,-0.658585,0.412587,-0.26879,-0.159918,1.003582,-0.387125,-0.638188,0.430318,-0.216013,-0.223611,0.991587,-0.342254,-0.630293,0.394652,-0.19962,-0.094523,0.961429,-0.343892,-0.643251,0.428993,-0.274693,-0.10496
10,0.992772,-0.326957,-0.686252,0.408343,-0.305891,-0.290513,0.942855,-0.300131,-0.685636,0.467859,-0.215271,-0.169453,0.978815,-0.31981,-0.665233,0.439597,-0.165444,-0.189124,0.969995,-0.350768,-0.653564,0.445606,-0.253773,-0.198847
11,0.948735,-0.325425,-0.659217,0.47253,-0.255806,-0.208735,0.952575,-0.348317,-0.647667,0.496122,-0.334546,-0.225065,0.989314,-0.26319,-0.72091,0.411556,-0.271342,-0.274175,1.010833,-0.343843,-0.681813,0.425236,-0.30665,-0.168367
12,0.96081,-0.274099,-0.67314,0.505714,-0.277117,-0.145786,0.960507,-0.253167,-0.682349,0.453272,-0.207463,-0.265659,0.962868,-0.296072,-0.709128,0.370776,-0.285402,-0.28205,0.950522,-0.317904,-0.660669,0.43067,-0.222683,-0.205534
13,0.952474,-0.282547,-0.705722,0.466774,-0.21237,-0.213638,0.96344,-0.240711,-0.680683,0.436104,-0.157593,-0.215965,0.997403,-0.297036,-0.700209,0.507635,-0.212472,-0.137401,0.991601,-0.263791,-0.687184,0.527378,-0.351435,-0.167923
14,1.007552,-0.312859,-0.669162,0.524868,-0.325214,-0.165036,0.923718,-0.258624,-0.680213,0.497038,-0.259692,-0.212186,0.974146,-0.263251,-0.659567,0.481756,-0.18131,-0.176807,0.989527,-0.258409,-0.668867,0.432648,-0.264206,-0.113867
15,0.985111,-0.237442,-0.72592,0.402423,-0.111628,-0.265039,0.985167,-0.240172,-0.675953,0.456845,-0.224108,-0.260204,0.915068,-0.26663,-0.714987,0.423968,-0.155978,-0.231914,0.912115,-0.24396,-0.757464,0.395071,-0.209866,-0.213011
16,0.988457,-0.187996,-0.806013,0.41551,-0.273888,-0.250714,0.9698,-0.254727,-0.680496,0.485847,-0.336376,-0.170093,0.968198,-0.236834,-0.700059,0.467375,-0.251839,-0.219345,0.920824,-0.235843,-0.708244,0.435661,-0.231844,-0.136494
17,0.990025,-0.202146,-0.790091,0.443322,-0.141267,-0.173588,0.959187,-0.220856,-0.759885,0.476582,-0.267581,-0.235226,0.945823,-0.26924,-0.780314,0.352247,-0.114538,-0.338262,0.992313,-0.189128,-0.770241,0.46451,-0.17665,-0.166744
18,0.973618,-0.165389,-0.830588,0.460824,-0.252849,-0.158666,0.925385,-0.152003,-0.729925,0.408167,-0.232475,-0.156829,0.925674,-0.168997,-0.786789,0.463121,-0.176504,-0.222831,0.920213,-0.202198,-0.743053,0.480997,-0.229381,-0.2383
19,0.927485,-0.155005,-0.785902,0.44533,-0.185459,-0.314999,0.921582,-0.184671,-0.78643,0.549861,-0.133158,-0.242917,0.946491,-0.149584,-0.747377,0.459886,-0.25736,-0.266198,0.970126,-0.168958,-0.727769,0.410424,-0.220164,-0.215689
20,0.944342,-0.118011,-0.818722,0.352954,-0.192375,-0.215861,0.920112,-0.109718,-0.772118,0.365896,-0.198979,-0.221629,0.90171,-0.128021,-0.814972,0.47257,-0.145592,-0.1549,0.97038,-0.152012,-0.813128,0.442442,-0.185501,-0.332861
21,0.921987,-0.161801,-0.788832,0.331999,-0.226801,-0.266517,0.969186,-0.11403,-0.844873,0.498764,-0.169618,-0.243352,0.913047,-0.16594,-0.847364,0.50753,-0.228295,-0.304483,0.867824,-0.10732,-0.838352,0.44286,-0.163775,-0.230596
22,0.923632,-0.108749,-0.83765,0.389433,-0.25415,-0.282456,0.968704,-0.107452,-0.793716,0.454163,-0.276077,-0.299098,0.956418,-0.069921,-0.802719,0.389145,-0.261096,-0.241877,0.882935,-0.109103,-0.799328,0.345673,-0.109492,-0.251818
23,0.901301,-0.083965,-0.793906,0.453953,-0.130003,-0.25554,0.842383,-0.119022,-0.858152,0.405886,-0.079737,-0.271992,0.900229,-0.076338,-0.809107,0.456177,-0.096043,-0.318243,0.944443,-0.100631,-0.76155,0.410339,-0.208345,-0.228461
24,0.911142,-0.045,-0.86047,0.488036,-0.02641,-0.355674,0.87698,-0.105256,-0.825371,0.471453,-0.098545,-0.310564,0.876261,-0.078185,-0.792471,0.435635,-0.221117,-0.289437,0.964852,-0.104031,-0.841468,0.4262,-0.184677,-0.251868
25,0.881475,-0.073761,-0.797297,0.554097,-0.186579,-0.302146,0.884787,-0.076802,-0.814143,0.484935,-0.07038,-0.19673,0.89494,-0.029729,-0.800177,0.446049,-0.201223,-0.357491,0.887545,-0.058057,-0.816445,0.414458,-0.056736,-0.339666
26,0.877646,-0.021134,-0.913975,0.433952,-0.205124,-0.358071,0.871149,-0.055355,-0.848694,0.5274,-0.138302,-0.27603,0.866802,-0.015852,-0.846561,0.4667,-0.117789,-0.291075,0.860929,-0.02369,-0.84542,0.458086,-0.072548,-0.280552
27,0.85887,-0.067787,-0.83127,0.411693,-0.201675,-0.309957,0.871947,-0.04013,-0.846187,0.467189,-0.282198,-0.314107,0.82737,-0.025093,-0.813589,0.362991,-0.173958,-0.297321,0.840766,-0.033275,-0.885738,0.367051,-0.168044,-0.273271
28,0.877861,-0.012295,-0.917035,0.392661,-0.213577,-0.357824,0.857328,-0.014734,-0.872154,0.397059,-0.145956,-0.36304,0.879667,0.044645,-0.869992,0.438544,-0.218043,-0.377769,0.871639,0.01103,-0.875351,0.50949,-0.13185,-0.293256
29,0.880398,0.044003,-0.871215,0.386463,-0.169126,-0.330481,0.895028,0.020503,-0.872535,0.425783,-0.094591,-0.334241,0.856136,0.030842,-0.880324,0.414443,-0.098639,-0.360368,0.812646,0.024401,-0.872022,0.371843,-0.201369,-0.380588
30,0.840826,0.064406,-0.916158,0.555482,-0.103041,-0.242986,0.826281,0.004688,-0.889008,0.417826,-0.172527,-0.320256,0.849819,0.003298,-0.923904,0.424398,-0.145525,-0.430363,0.865126,0.093244,-0.862953,0.493132,-0.219022,-0.351169
31,0.82993,0.055748,-0.902629,0.514579,-0.136889,-0.34789,0.820405,0.065062,-0.902175,0.597242,-0.160635,-0.382091,0.813628,0.053738,-0.901776,0.510733,-0.103499,-0.355423,0.874864,0.065423,-0.928386,0.502697,-0.179355,-0.362355
32,0.844668,0.059261,-0.883922,0.444967,-0.079205,-0.302947,0.817595,0.063538,-0.871434,0.455354,-0.134014,-0.440694,0.841429,0.102869,-0.926875,0.353831,-0.097673,-0.350059,0.848468,0.085109,-0.888886,0.332809,-0.063626,-0.329938
33,0.834993,0.121648,-0.908786,0.477799,-0.08837,-0.340118,0.835425,0.139897,-0.870162,0.403322,-0.108039,-0.292412,0.779597,0.103819,-0.958127,0.465005,-0.071775,-0.241794,0.868655,0.137793,-0.922258,0.52091,-0.029127,-0.352886
34,0.822906,0.14392,-0.930566,0.481941,-0.041255,-0.278193,0.796378,0.114256,-0.952384,0.449932,-0.047742,-0.341759,0.793271,0.032714,-0.955399,0.522115,-0.011535,-0.292119,0.793395,0.09311,-0.974071,0.47955,-0.011635,-0.311058
35,0.783213,0.131135,-0.93194,0.480334,-0.089967,-0.346204,0.805023,0.134113,-0.927935,0.427355,-0.134605,-0.314286,0.80255,0.184366,-0.894151,0.451279,-0.141606,-0.403547,0.785477,0.100126,-0.945425,0.382005,-0.083388,-0.343845
36,0.769407,0.128939,-0.929739,0.45929,-0.07885,-0.368085,0.771183,0.175496,-0.951248,0.363347,-0.059007,-0.246938,0.822138,0.177896,-0.954859,0.57665,-0.12317,-0.402953,0.745965,0.126624,-0.956074,0.318035,-0.06779,-0.344797
37,0.77316,0.163817,-0.976768,0.417035,-0.033745,-0.319778,0.781976,0.158817,-0.90315,0.344178,-0.070801,-0.304811,0.782824,0.128704,-0.926463,0.400703,0.005411,-0.429852,0.754047,0.176647,-0.979688,0.433374,-0.070194,-0.407871
38,0.822421,0.186836,-0.980853,0.416327,-0.147755,-0.330014,0.732385,0.146355,-0.922942,0.475203,-0.133893,-0.331103,0.752236,0.180539,-0.951276,0.435593,-0.047088,-0.320554,0.733334,0.153071,-0.909381,0.49681,-0.12707,-0.204383
39,0.714844,0.198951,-0.927809,0.385912,-0.058596,-0.406755,0.73655,0.168657,-0.932727,0.42169,-0.039663,-0.328975,0.794094,0.180808,-0.928056,0.421709,-0.119746,-0.352682,0.746707,0.258437,-0.929122,0.468708,-0.028691,-0.30917
40,0.688474,0.218543,-0.939223,0.437271,-0.085047,-0.410085,0.724462,0.239113,-0.945071,0.48088,-0.099625,-0.418132,0.722966,0.223053,-0.89641,0.44449,0.033024,-0.285191,0.742543,0.228358,-0.981557,0.479793,-0.030515,-0.335083
41,0.751505,0.257624,-0.971152,0.372397,-0.012316,-0.333867,0.73866,0.232165,-0.960213,0.391694,-0.028709,-0.44542,0.735748,0.228353,-1.033209,0.364488,-0.179492,-0.375976,0.699645,0.233417,-0.962049,0.367951,-0.083478,-0.320079
42,0.703355,0.281514,-0.940641,0.482549,-0.026413,-0.454096,0.713772,0.270128,-0.948303,0.30765,-0.017701,-0.370054,0.697774,0.222261,-0.961896,0.373912,-0.016048,-0.371486,0.766762,0.239874,-0.964344,0.361056,-0.104406,-0.309423
43,0.664785,0.323602,-0.979259,0.432151,-0.045466,-0.463254,0.692728,0.296883,-0.949227,0.444059,-0.013347,-0.361764,0.660752,0.283839,-0.965661,0.368542,0.058493,-0.383991,0.687754,0.273204,-0.936803,0.525618,0.037823,-0.258717
44,0.675242,0.279926,-0.906079,0.393799,0.003683,-0.407285,0.706411,0.326749,-0.98248,0.347256,-0.010495,-0.388145,0.716487,0.268731,-0.985273,0.355176,0.006195,-0.337909,0.654621,0.331351,-0.962587,0.308609,-0.016239,-0.385814
45,0.688762,0.30439,-0.997219,0.38213,0.061073,-0.393716,0.692184,0.329802,-1.013736,0.528986,-0.035798,-0.361086,0.647578,0.334023,-0.976144,0.437111,0.011476,-0.393737,0.635473,0.300136,-0.974201,0.39729,0.053633,-0.392642
46,0.698148,0.307941,-1.04756,0.360172,0.096861,-0.337849,0.653579,0.3211,-0.970465,0.366617,0.050513,-0.401671,0.604978,0.351664,-0.977691,0.309781,0.023625,-0.411446,0.612365,0.387583,-0.985062,0.401406,0.058449,-0.415047
47,0.650581,0.320256,-1.032461,0.45559,0.141579,-0.374552,0.636562,0.369774,-1.031896,0.389715,0.045345,-0.424645,0.678886,0.349346,-0.943524,0.388504,0.063012,-0.420105,0.630129,0.327555,-0.993409,0.357247,0.014692,-0.413518
48,0.655213,0.379234,-0.981445,0.386366,0.074811,-0.436627,0.618297,0.373801,-0.997315,0.379184,0.075105,-0.341869,0.588257,0.399664,-0.933379,0.341351,0.0756,-0.435126,0.572725,0.383096,-1.058967,0.447281,0.087686,-0.471764
49,0.599489,0.404274,-0.978391,0.313997,0.151826,-0.409251,0.648604,0.430561,-0.990999,0.408237,0.152347,-0.397764,0.615445,0.405947,-1.001826,0.295803,0.043863,-0.431434,0.618514,0.393482,-1.03404,0.38027,-0.004469,-0.423709
50,0.540649,0.383341,-0.988499,0.351163,0.035352,-0.419988,0.560298,0.397431,-1.008451,0.388997,-0.04443,-0.464724,0.603746,0.398726,-0.991591,0.384593,-0.003299,-0.36041,0.539866,0.416319,-0.969932,0.283383,0.032305,-0.312988
51,0.54935,0.470793,-1.026595,0.396259,0.075238,-0.476695,0.561025,0.398343,-1.012787,0.403134,0.048825,-0.431546,0.567317,0.406556,-0.981661,0.355626,0.027608,-0.448731,0.572648,0.444202,-0.987913,0.352305,-0.055751,-0.445464
52,0.596949,0.414207,-1.045481,0.307014,0.067925,-0.430079,0.593075,0.434102,-1.027359,0.334283,0.074333,-0.436938,0.557575,0.476279,-0.973909,0.427574,0.09213,-0.527731,0.562037,0.45629,-1.01621,0.322224,0.02536,-0.30065
53,0.563252,0.409634,-0.948691,0.302372,0.097644,-0.470491,0.524529,0.484279,-1.031437,0.415895,0.034914,-0.422406,0.536328,0.468118,-1.019795,0.323596,0.018655,-0.401364,0.561987,0.438641,-1.042424,0.362313,0.073843,-0.299667
54,0.490898,0.456528,-1.019802,0.394979,0.158391,-0.475487,0.478708,0.491724,-1.001502,0.282398,0.165372,-0.487867,0.541959,0.433096,-0.992961,0.345549,0.053698,-0.489287,0.548938,0.48683,-0.998979,0.36197,0.058853,-0.492584
55,0.475699,0.491578,-0.990952,0.481193,0.055524,-0.489336,0.506154,0.518716,-0.976549,0.409202,0.161989,-0.504174,0.500018,0.515288,-0.979508,0.197118,0.052828,-0.431929,0.531543,0.491593,-1.015286,0.388044,0.142882,-0.501113
56,0.482246,0.461394,-1.033959,0.284311,0.101622,-0.461264,0.491021,0.543779,-1.027125,0.277481,0.092218,-0.441154,0.467881,0.506738,-0.994519,0.182156,0.165266,-0.416031,0.488516,0.501589,-1.036134,0.388815,0.031771,-0.372882
57,0.427952,0.556216,-0.991048,0.380934,0.098796,-0.51012,0.47598,0.544094,-0.980568,0.318169,0.080261,-0.377852,0.400917,0.568615,-0.995979,0.26999,0.046987,-0.492795,0.51685,0.519087,-0.992802,0.358661,0.095775,-0.537309
58,0.428132,0.545839,-1.016482,0.256495,0.213516,-0.403276,0.4667,0.536841,-0.980101,0.353888,0.273486,-0.467855,0.449173,0.550062,-1.031662,0.147354,0.126041,-0.468438,0.507976,0.547346,-1.008488,0.296244,0.151548,-0.35961
59,0.411747,0.603464,-1.02728,0.338721,0.094021,-0.44948,0.467534,0.519552,-1.05768,0.372321,0.075018,-0.404439,0.420511,0.579047,-1.024256,0.253291,0.115808,-0.409254,0.431187,0.52073,-1.002375,0.373615,0.120964,-0.540712
60,0.411058,0.546376,-0.985638,0.219911,0.103335,-0.447495,0.41542,0.539632,-0.970971,0.27716,0.163936,-0.39942,0.420687,0.526723,-0.986988,0.311655,0.255791,-0.457448,0.434343,0.592277,-0.983119,0.236755,0.15375,-0.445189
61,0.424449,0.599725,-1.013454,0.235,0.032357,-0.54907,0.388207,0.589614,-0.934194,0.25892,0.158483,-0.309407,0.382653,0.579869,-1.020716,0.307509,0.161958,-0.480144,0.427352,0.578896,-0.955911,0.26179,0.141376,-0.431248
62,0.408402,0.601188,-1.014359,0.313001,0.030648,-0.492536,0.428599,0.574474,-0.947984,0.406371,0.197245,-0.359147,0.395253,0.590603,-0.98189,0.30685,0.187575,-0.442038,0.417504,0.598954,-1.010924,0.249318,0.157252,-0.426996
63,0.375451,0.568329,-0.967537,0.390646,0.166854,-0.404446,0.345545,0.616982,-0.996276,0.297561,0.12433,-0.531034,0.368505,0.570425,-0.979913,0.180511,0.25817,-0.474074,0.367741,0.577939,-1.028545,0.341163,0.271382,-0.387238
64,0.376109,0.591464,-1.021219,0.152825,0.108227,-0.493549,0.306091,0.597719,-1.003955,0.251752,0.116124,-0.440179,0.366986,0.586267,-0.935546,0.31001,0.210072,-0.47086,0.354163,0.608683,-0.915847,0.347499,0.062919,-0.436038
65,0.346112,0.620305,-0.993035,0.26681,0.168957,-0.421929,0.332933,0.655112,-0.972743,0.357931,0.130558,-0.47361,0.371923,0.676477,-0.985158,0.272124,0.123652,-0.371145,0.309473,0.669062,-0.980159,0.298492,0.120445,-0.401292
66,0.286769,0.618518,-0.994709,0.279288,0.257459,-0.479845,0.387371,0.638447,-1.001217,0.311601,0.280169,-0.382593,0.281417,0.688071,-1.009636,0.351302,0.174677,-0.452563,0.334964,0.656816,-0.992433,0.240157,0.157858,-0.423458
67,0.316198,0.713618,-0.968994,0.249955,0.19159,-0.443344,0.324136,0.691185,-0.991023,0.266331,0.198934,-0.375035,0.298018,0.66768,-0.945386,0.25683,0.161056,-0.450745,0.314109,0.63639,-1.001279,0.220246,0.209123,-0.353479
68,0.302501,0.713899,-1.003862,0.219994,0.184876,-0.482976,0.31904,0.695736,-0.99026,0.364049,0.27193,-0.450632,0.27556,0.725141,-0.923555,0.254881,0.161274,-0.495447,0.279001,0.657686,-0.976281,0.21148,0.062835,-0.484477
69,0.288095,0.665951,-0.988375,0.207304,0.211907,-0.573425,0.277437,0.687165,-0.994667,0.277496,0.181962,-0.452181,0.278135,0.768339,-0.92978,0.247208,0.270134,-0.573641,0.234323,0.723717,-1.001846,0.218806,0.306989,-0.509387
70,0.199811,0.743303,-0.982045,0.209343,0.182124,-0.421974,0.275002,0.711855,-0.985245,0.273245,0.259206,-0.546329,0.265592,0.738432,-0.945864,0.244446,0.218445,-0.471634,0.26214,0.707042,-0.987149,0.243732,0.195414,-0.418855
71,0.229584,0.739908,-0.944591,0.337792,0.148132,-0.448265,0.211288,0.758515,-0.934532,0.291422,0.247878,-0.419949,0.225761,0.736354,-0.981132,0.2218,0.188647,-0.449556,0.209681,0.780602,-0.966942,0.296037,0.223187,-0.505249
72,0.228481,0.719135,-0.948127,0.206229,0.242626,-0.466927,0.19996,0.74056,-0.89497,0.189575,0.303815,-0.41251,0.191607,0.691079,-0.958548,0.212581,0.207092,-0.503827,0.216677,0.72545,-0.937857,0.166605,0.230457,-0.549632
73,0.204251,0.699758,-1.009591,0.312396,0.141256,-0.423062,0.2128,0.744723,-0.937533,0.219362,0.336308,-0.387457,0.170761,0.727839,-0.925126,0.209352,0.215421,-0.513749,0.22328,0.772416,-0.950801,0.253295,0.237505,-0.527105
74,0.18267,0.771195,-0.94247,0.231309,0.182459,-0.466675,0.167163,0.757041,-0.953773,0.203558,0.279828,-0.474434,0.202006,0.819795,-0.944048,0.091999,0.201175,-0.438463,0.169663,0.776345,-0.924592,0.239479,0.291963,-0.417921
75,0.137929,0.751024,-0.950326,0.229912,0.279301,-0.511652,0.191853,0.794003,-0.89172,0.174303,0.22132,-0.505168,0.123766,0.770594,-0.945918,0.22551,0.244689,-0.313338,0.142079,0.805444,-0.932642,0.180973,0.156409,-0.474645
76,0.047227,0.787944,-0.963747,0.109763,0.286783,-0.50063,0.130449,0.806806,-0.878594,0.286736,0.235418,-0.431317,0.166381,0.76539,-0.928753,0.214192,0.23734,-0.401575,0.157677,0.824086,-0.943397,0.191807,0.268395,-0.427592
77,0.09224,0.792907,-0.923255,0.076968,0.212978,-0.42998,0.087954,0.835224,-0.888982,0.124674,0.275992,-0.381441,0.124977,0.788709,-0.888415,0.195439,0.318641,-0.404415,0.136747,0.838157,-0.905801,0.174738,0.220326,-0.487073
78,0.028872,0.839371,-0.928888,0.165944,0.347506,-0.49609,0.086475,0.773838,-0.95545,0.078467,0.292705,-0.369122,0.109831,0.786337,-0.916428,0.19916,0.207611,-0.43089,0.10381,0.792946,-0.904762,0.240853,0.342297,-0.445088
79,0.081272,0.828004,-0.887447,0.205495,0.257898,-0.430108,0.133951,0.819797,-0.900406,0.178818,0.29128,-0.5435,0.055554,0.822102,-0.902506,0.167501,0.283454,-0.434383,0.090616,0.814336,-0.956457,0.121175,0.346482,-0.414985
80,0.078491,0.82552,-0.848393,0.029269,0.295731,-0.488169,0.10928,0.824368,-0.884438,0.116911,0.264294,-0.441918,0.02321,0.803086,-0.87936,0.202492,0.213532,-0.479763,0.060989,0.813786,-0.836281,0.140771,0.261807,-0.481058
81,0.020922,0.807204,-0.871111,0.13883,0.29564,-0.455045,0.038228,0.868273,-0.872173,0.161601,0.247846,-0.451263,0.084219,0.803089,-0.858703,0.212753,0.262689,-0.457838,0.068468,0.852417,-0.850618,0.235881,0.250146,-0.425123
82,0.029364,0.884332,-0.891283,0.110532,0.394893,-0.40883,0.031674,0.86401,-0.873585,0.198428,0.260808,-0.407042,-0.005816,0.884287,-0.843036,0.210895,0.251744,-0.458254,0.047676,0.854125,-0.891257,0.121364,0.409616,-0.462528
83,-0.015366,0.843267,-0.90619,0.201217,0.331397,-0.453742,-0.042068,0.922934,-0.869735,0.099118,0.330976,-0.439564,0.036898,0.848702,-0.865076,0.170808,0.263925,-0.358856,0.016232,0.856157,-0.880366,0.081143,0.268079,-0.453277
84,-0.000962,0.853101,-0.921555,0.035734,0.309842,-0.546104,-0.029517,0.88763,-0.875664,0.242742,0.324736,-0.381913,0.042769,0.833664,-0.8419,0.152312,0.306974,-0.300961,0.014415,0.840704,-0.885936,0.068959,0.259592,-0.39649
85,-0.072143,0.859485,-0.825943,0.085039,0.25672,-0.468045,-0.048261,0.879499,-0.83277,0.247981,0.401495,-0.431034,-0.035269,0.890142,-0.812926,0.0947,0.310199,-0.4708,-0.048233,0.874323,-0.868798,-0.018198,0.325442,-0.420632
86,-0.078026,0.914237,-0.792188,0.055376,0.351257,-0.39346,-0.038789,0.86679,-0.865182,0.032684,0.363436,-0.361196,-0.072462,0.865038,-0.843812,0.131171,0.291448,-0.441889,-0.017741,0.918332,-0.835737,0.042731,0.39154,-0.468102
87,-0.06347,0.877335,-0.83432,0.137901,0.296203,-0.368482,-0.056575,0.917002,-0.844001,0.071631,0.399374,-0.391306,-0.091541,0.90014,-0.853006,0.118121,0.314849,-0.5253,-0.077767,0.877759,-0.8558,0.139266,0.320952,-0.363839
88,-0.098849,0.898675,-0.77078,0.116659,0.396637,-0.421455,-0.115542,0.928539,-0.78214,0.231318,0.31855,-0.498856,-0.162898,0.945068,-0.770501,0.15793,0.308914,-0.352127,-0.052613,0.899507,-0.814865,0.150848,0.482013,-0.426154
89,-0.063507,0.896935,-0.78598,0.097718,0.308671,-0.525342,-0.07448,0.913865,-0.831685,0.151582,0.427688,-0.376069,-0.143453,0.843969,-0.800552,0.115792,0.432373,-0.406791,-0.09029,0.842988,-0.784964,0.072283,0.291168,-0.492212
90,-0.095204,0.926002,-0.817284,-0.025351,0.237946,-0.409163,-0.120211,0.898912,-0.790506,0.067415,0.403624,-0.404995,-0.140963,0.922365,-0.79252,0.132884,0.372623,-0.375716,-0.104507,0.898274,-0.783645,0.140942,0.372348,-0.351925
91,-0.128712,0.928412,-0.753219,0.092989,0.389445,-0.473422,-0.132457,0.960876,-0.814223,0.112992,0.386774,-0.498492,-0.103733,0.926843,-0.77672,0.036672,0.376583,-0.315703,-0.149675,0.919825,-0.749752,0.047478,0.368759,-0.38927
92,-0.158723,0.912377,-0.77396,0.129016,0.294714,-0.319115,-0.145507,0.925681,-0.767462,0.101577,0.344941,-0.406762,-0.171742,0.864096,-0.778402,0.123356,0.355549,-0.330532,-0.169865,0.923423,-0.763698,0.070733,0.437912,-0.455269
93,-0.124343,0.958113,-0.753521,-0.016638,0.404658,-0.415894,-0.142895,0.989711,-0.799021,0.070432,0.256862,-0.433996,-0.153775,0.954156,-0.73497,0.053711,0.353108,-0.32931,-0.130738,0.924471,-0.803313,0.021212,0.437129,-0.40734
94,-0.167342,0.963998,-0.763377,0.115202,0.378502,-0.396115,-0.188901,0.940993,-0.714666,-0.086174,0.395157,-0.438709,-0.162527,0.989801,-0.814202,0.026251,0.431645,-0.360883,-0.206751,0.945345,-0.797744,-0.012318,0.423266,-0.482539
95,-0.233097,0.949987,-0.733332,0.07809,0.474297,-0.428904,-0.192903,0.914447,-0.717654,0.029976,0.285721,-0.306806,-0.251246,0.899198,-0.721983,-0.056061,0.315139,-0.398209,-0.23895,0.985712,-0.73206,-0.008626,0.326077,-0.430202
96,-0.235938,0.961471,-0.708687,-0.01995,0.347636,-0.556795,-0.223739,0.963308,-0.703556,0.008514,0.40355,-0.396117,-0.218045,0.935951,-0.704127,0.04147,0.423705,-0.387621,-0.213789,0.940704,-0.717578,-0.002384,0.340572,-0.322021
97,-0.29977,0.977327,-0.687401,0.018681,0.382356,-0.297118,-0.281838,0.953188,-0.700648,0.069334,0.289989,-0.384805,-0.271217,0.98911,-0.707603,-9.1e-05,0.460433,-0.349921,-0.269252,0.932951,-0.742257,0.056508,0.345791,-0.378213
98,-0.178182,0.965645,-0.705971,0.131722,0.269036,-0.39897,-0.303371,0.966361,-0.749836,0.017213,0.390823,-0.435791,-0.25272,0.971885,-0.64306,0.064778,0.486452,-0.433258,-0.24651,1.016787,-0.725231,0.051474,0.442895,-0.448579
99,-0.262047,1.03553,-0.723802,0.01556,0.391881,-0.430608,-0.266899,0.969056,-0.682529,0.006766,0.313944,-0.480704,-0.318096,1.011203,-0.702521,-0.117936,0.375922,-0.354278,-0.250316,0.99555,-0.708932,-0.063242,0.396056,-0.347679
100,-0.299943,0.974266,-0.682037,-0.005922,0.308136,-0.326647,-0.328023,0.977299,-0.661955,-0.122698,0.389307,-0.260378,-0.304623,0.994137,-0.685988,-0.066543,0.367704,-0.367236,-0.29407,0.976368,-0.639595,-0.018272,0.464114,-0.330382
101,-0.35442,0.987345,-0.629393,-0.014534,0.458267,-0.454209,-0.316846,0.975982,-0.643251,0.038783,0.374693,-0.411049,-0.307718,0.953591,-0.638742,0.06166,0.442945,-0.413184,-0.312578,0.990114,-0.670156,-0.00471,0.477976,-0.353701
102,-0.377645,1.005362,-0.654717,0.056869,0.398954,-0.396247,-0.377859,0.977872,-0.614748,0.007966,0.425325,-0.314256,-0.331301,0.978592,-0.638998,-0.035711,0.336292,-0.455387,-0.375464,0.956378,-0.635751,0.037474,0.321636,-0.42666
103,-0.3461,1.004712,-0.625462,-0.004469,0.394122,-0.40466,-0.434641,0.975481,-0.625171,-0.013648,0.362618,-0.333234,-0.308187,0.969378,-0.658936,-0.088974,0.399609,-0.477603,-0.354974,0.983084,-0.640884,-0.038546,0.443948,-0.272348
104,-0.390937,0.996296,-0.640925,0.017207,0.427615,-0.40219,-0.364198,0.994695,-0.648364,-0.013392,0.471354,-0.333066,-0.382229,0.966714,-0.594363,-0.002603,0.392064,-0.378358,-0.364445,0.992605,-0.585585,-0.103035,0.397307,-0.364861
105,-0.378185,0.978922,-0.595909,-0.005558,0.430703,-0.45643,-0.357578,0.937569,-0.601594,-0.09988,0.366064,-0.444287,-0.374542,0.958498,-0.567947,-0.052858,0.398563,-0.432558,-0.385366,1.000115,-0.618208,0.018864,0.383183,-0.418634
106,-0.456717,1.007896,-0.564823,-0.05248,0.493154,-0.453472,-0.419773,0.973621,-0.575945,-0.089877,0.312928,-0.349048,-0.405034,1.000447,-0.568055,-0.058023,0.289372,-0.363713,-0.413912,0.985872,-0.599213,-0.103458,0.507463,-0.321243
107,-0.433408,0.949112,-0.57136,-0.043767,0.423038,-0.319307,-0.462771,0.969883,-0.606582,-0.052738,0.355855,-0.359035,-0.41525,0.986281,-0.602247,-0.057172,0.391773,-0.448668,-0.422989,0.985586,-0.577416,0.032881,0.397456,-0.404479
108,-0.449388,0.960345,-0.538321,0.038806,0.355929,-0.272069,-0.425409,1.026125,-0.547252,-0.055762,0.519009,-0.437078,-0.437194,1.024388,-0.567345,-0.136796,0.357012,-0.30422,-0.427743,1.003089,-0.543985,-0.06059,0.525656,-0.356698
109,-0.495832,0.969024,-0.561929,-0.09056,0.445247,-0.342098,-0.416169,0.964037,-0.498129,-0.036959,0.495901,-0.374199,-0.479436,0.997828,-0.579259,-0.054161,0.434029,-0.382859,-0.430155,1.025525,-0.556692,-0.03103,0.416521,-0.400421
110,-0.51316,1.026684,-0.491603,-0.095571,0.482143,-0.282816,-0.489932,1.010446,-0.504199,-0.162355,0.525644,-0.35076,-0.446967,0.998326,-0.525801,-0.022591,0.45178,-0.405496,-0.500315,0.985973,-0.51603,-0.092256,0.534633,-0.267274
111,-0.49676,0.971797,-0.468325,-0.166598,0.418936,-0.324006,-0.530267,0.996335,-0.582868,-0.058151,0.447722,-0.2945,-0.495692,1.011536,-0.464903,-0.048501,0.375968,-0.305513,-0.467795,1.003933,-0.510296,-0.058532,0.371699,-0.309249
112,-0.515518,0.984001,-0.473454,-0.077285,0.378016,-0.194719,-0.477285,1.008739,-0.486528,-0.057539,0.457586,-0.333675,-0.451278,0.987985,-0.537514,-0.060375,0.34539,-0.343429,-0.536321,0.98171,-0.480819,-0.109719,0.480055,-0.278921
113,-0.557173,1.025692,-0.487647,-0.100752,0.431537,-0.277703,-0.536414,0.97036,-0.484537,-0.168987,0.472861,-0.338081,-0.579413,1.001573,-0.448818,-0.151879,0.475725,-0.340615,-0.519659,0.993014,-0.462134,-0.123655,0.399711,-0.33921
114,-0.579892,0.956288,-0.471159,-0.094339,0.454351,-0.26833,-0.505623,0.974898,-0.486549,-0.150207,0.439157,-0.336709,-0.532645,0.970022,-0.451693,-0.196129,0.516029,-0.32663,-0.548743,1.004231,-0.438257,-0.111475,0.419031,-0.258191
115,-0.564107,0.968779,-0.434252,-0.066246,0.333289,-0.300021,-0.565757,0.992671,-0.504378,-0.118437,0.467623,-0.297541,-0.504291,0.993977,-0.46587,-0.094247,0.445089,-0.359285,-0.594146,1.052816,-0.43185,-0.141231,0.446436,-0.287723
116,-0.564292,1.0336,-0.402593,-0.210556,0.487847,-0.287508,-0.551416,1.019111,-0.387923,-0.197911,0.454682,-0.314535,-0.572708,1.006521,-0.399137,-0.201251,0.539418,-0.266986,-0.497248,1.000187,-0.433096,-0.096847,0.401751,-0.337482
117,-0.628527,1.029531,-0.430714,-0.177472,0.517949,-0.277476,-0.58,1.019714,-0.345353,-0.13026,0.509754,-0.358251,-0.588611,1.002026,-0.371668,-0.172881,0.411266,-0.27182,-0.601397,0.943346,-0.396924,-0.050348,0.505044,-0.241937
118,-0.63672,0.961661,-0.358233,-0.163438,0.505061,-0.258778,-0.616109,0.989033,-0.407212,-0.111441,0.388649,-0.315537,-0.659924,1.020876,-0.364556,-0.241719,0.474747,-0.288098,-0.603774,1.01002,-0.373121,-0.201993,0.528705,-0.384687
119,-0.640343,0.957873,-0.420089,-0.259511,0.450503,-0.271555,-0.618413,1.011715,-0.338877,-0.197939,0.412292,-0.283607,-0.612301,1.010199,-0.352244,-0.117709,0.341025,-0.247988,-0.60799,0.976243,-0.355328,-0.155949,0.403168,-0.336985
120,-0.685848,0.989791,-0.363755,-0.2291,0.546713,-0.25619,-0.665747,1.002589,-0.337139,-0.184426,0.473925,-0.327495,-0.654949,0.971614,-0.282656,-0.103101,0.440031,-0.302462,-0.608018,1.001227,-0.34178,-0.18659,0.540935,-0.227729
121,-0.621634,1.004609,-0.280281,-0.120214,0.456414,-0.182766,-0.638205,1.001746,-0.343924,-0.147385,0.384238,-0.261179,-0.660735,0.961835,-0.369878,-0.188802,0.444758,-0.340084,-0.641678,0.974853,-0.342781,-0.21613,0.48056,-0.19415
122,-0.694454,0.947846,-0.303509,-0.078954,0.522464,-0.173656,-0.643898,1.011135,-0.308332,-0.144534,0.444002,-0.297492,-0.694414,0.983823,-0.377788,-0.238874,0.411444,-0.196615,-0.638637,0.949713,-0.308815,-0.185514,0.585014,-0.226917
123,-0.662902,0.984213,-0.292061,-0.250425,0.412039,-0.274111,-0.725239,0.979215,-0.300689,-0.202014,0.367643,-0.229843,-0.64926,0.916796,-0.294754,-0.239381,0.465348,-0.27291,-0.663529,0.962818,-0.285349,-0.146931,0.40034,-0.171809
124,-0.723317,0.995743,-0.297618,-0.197135,0.457415,-0.245386,-0.70174,0.97011,-0.341099,-0.217931,0.414737,-0.252288,-0.644725,0.977057,-0.284488,-0.190539,0.503297,-0.196287,-0.656953,0.985526,-0.295217,-0.194076,0.440495,-0.251569
125,-0.725523,0.990321,-0.260374,-0.325728,0.486442,-0.226059,-0.69199,0.974392,-0.291695,-0.182284,0.406586,-0.258032,-0.715277,0.972788,-0.261383,-0.16573,0.467707,-0.177518,-0.729025,0.988063,-0.249479,-0.19666,0.42871,-0.252889
126,-0.750354,0.975505,-0.197485,-0.214533,0.361285,-0.203024,-0.743423,0.927905,-0.220208,-0.188032,0.441475,-0.281209,-0.685158,0.948609,-0.233666,-0.283397,0.417128,-0.21851,-0.689575,0.962993,-0.271678,-0.302283,0.395439,-0.282946
127,-0.73809,0.948778,-0.195261,-0.134728,0.503959,-0.2089,-0.763084,0.924033,-0.190064,-0.228557,0.534911,-0.209466,-0.762818,0.967844,-0.230755,-0.266527,0.571166,-0.291019,-0.735349,0.960835,-0.252738,-0.148136,0.439427,-0.305536
128,-0.752641,0.966033,-0.200386,-0.242962,0.506768,-0.278576,-0.749555,0.96111,-0.152594,-0.316164,0.451486,-0.207149,-0.735851,0.934187,-0.214986,-0.271234,0.532163,-0.268879,-0.800225,0.987711,-0.17781,-0.189634,0.490215,-0.229529
129,-0.809626,0.920976,-0.17425,-0.258718,0.466023,-0.19069,-0.729712,0.974458,-0.159501,-0.245386,0.498916,-0.162991,-0.74701,0.899628,-0.206063,-0.220508,0.45151,-0.237521,-0.815376,0.967294,-0.226936,-0.172096,0.371217,-0.213335
130,-0.773783,0.937629,-0.1997,-0.257,0.465008,-0.247992,-0.764949,0.943976,-0.185414,-0.259081,0.411117,-0.098258,-0.800592,0.948381,-0.144783,-0.259853,0.438325,-0.173174,-0.739332,0.944418,-0.179717,-0.370426,0.464406,-0.302107
131,-0.767672,0.866343,-0.190078,-0.383977,0.441662,-0.132063,-0.733248,0.9506,-0.084646,-0.291375,0.527174,-0.274154,-0.773367,0.885967,-0.117992,-0.203667,0.435199,-0.195615,-0.851844,0.948211,-0.142057,-0.270371,0.494342,-0.167262
132,-0.820001,0.917128,-0.121572,-0.347136,0.439878,-0.152831,-0.787659,0.956979,-0.148261,-0.291266,0.39699,-0.230851,-0.844832,0.933365,-0.102125,-0.284951,0.462258,-0.167196,-0.793362,0.894589,-0.089729,-0.261105,0.481206,-0.234497
133,-0.793239,0.904268,-0.122118,-0.133418,0.52911,-0.150923,-0.810418,0.934855,-0.12782,-0.325192,0.427291,-0.210469,-0.809628,0.914545,-0.135339,-0.275577,0.391941,-0.194585,-0.807201,0.876953,-0.122534,-0.340193,0.513031,-0.259221
134,-0.800758,0.924574,-0.095697,-0.256986,0.46785,-0.101721,-0.805561,0.891426,-0.104332,-0.273996,0.42232,-0.15033,-0.778459,0.916274,-0.127437,-0.32037,0.476166,-0.187183,-0.843997,0.914007,-0.038289,-0.236971,0.47742,-0.14073
135,-0.791905,0.869659,-0.050148,-0.156293,0.437312,-0.222722,-0.854791,0.938317,-0.093381,-0.288709,0.367654,-0.229314,-0.869322,0.922253,-0.111119,-0.214827,0.425078,-0.204557,-0.802885,0.885192,-0.077683,-0.347919,0.400719,-0.282684
136,-0.802308,0.913911,-0.077971,-0.374709,0.62167,-0.096857,-0.835145,0.889027,-0.08573,-0.31229,0.4431,-0.131521,-0.860996,0.893818,-0.075935,-0.3077,0.420379,-0.176874,-0.862421,0.904112,-0.088507,-0.316984,0.399912,-0.139666
137,-0.857236,0.844665,-0.019415,-0.335448,0.429888,-0.126804,-0.823507,0.867255,-0.047257,-0.299535,0.420123,-0.244801,-0.860384,0.89947,-0.046066,-0.240415,0.449483,-0.006907,-0.825078,0.869268,-0.018424,-0.326898,0.533733,-0.150683
138,-0.902133,0.86827,-0.009758,-0.291817,0.530477,-0.273649,-0.87286,0.926186,-0.033082,-0.31437,0.456692,-0.095395,-0.84359,0.900021,-0.012792,-0.256911,0.499692,-0.235632,-0.852753,0.8311,-0.038464,-0.264391,0.394501,-0.171447
139,-0.876195,0.845458,-0.013362,-0.347217,0.424124,-0.129293,-0.923979,0.845607,0.047629,-0.372195,0.523716,-0.188408,-0.84257,0.860785,-0.011838,-0.217708,0.41366,-0.198852,-0.821258,0.855637,-0.050832,-0.253187,0.468814,-0.219838
140,-0.931546,0.818074,0.041603,-0.388139,0.42882,-0.1091,-0.869297,0.851802,0.023905,-0.268443,0.41274,-0.156695,-0.912172,0.87764,0.016382,-0.316321,0.412269,-0.05254,-0.86038,0.823909,0.040814,-0.319939,0.412946,-0.158565
141,-0.893105,0.850641,0.055496,-0.295442,0.392612,-0.137523,-0.885348,0.843589,0.030287,-0.30499,0.331923,-0.148556,-0.867311,0.813098,0.080306,-0.303839,0.49405,0.033518,-0.891212,0.81432,0.07877,-0.325884,0.402534,-0.068916
142,-0.865929,0.800159,0.047338,-0.387197,0.428462,-0.114527,-0.895407,0.809911,0.057058,-0.30395,0.433831,-0.311446,-0.962489,0.845538,0.095759,-0.34008,0.413342,-0.088108,-0.875519,0.847544,0.092362,-0.412521,0.510077,-0.058521
143,-0.924364,0.867554,0.078965,-0.43363,0.485047,-0.063015,-0.87085,0.83309,0.0441,-0.365702,0.364805,-0.14838,-0.901697,0.813774,0.04826,-0.33999,0.507984,-0.017143,-0.91793,0.833029,0.091936,-0.227893,0.546509,-0.116256
144,-0.944451,0.847986,0.003007,-0.353717,0.452545,-0.127853,-0.965727,0.806793,0.130155,-0.339543,0.415577,-0.162349,-0.911991,0.819409,0.119901,-0.293048,0.446275,-0.16342,-0.892161,0.815573,0.152884,-0.359032,0.465369,-0.136251
145,-0.909803,0.817606,0.086177,-0.336317,0.461541,-0.022767,-0.905932,0.821779,0.135345,-0.352892,0.452843,-0.097254,-0.88904,0.821263,0.101044,-0.28665,0.489782,-0.042663,-0.915063,0.785105,0.096202,-0.36294,0.338779,-0.148144
146,-0.992352,0.794401,0.162699,-0.327586,0.48092,-0.12031,-0.91576,0.793999,0.103999,-0.397668,0.445216,0.008919,-0.92363,0.804275,0.113823,-0.325124,0.381543,-0.141889,-0.937349,0.838216,0.158422,-0.257368,0.379224,-0.076902
147,-0.967827,0.723764,0.155812,-0.411792,0.443954,-0.019051,-0.923003,0.789611,0.192435,-0.34505,0.461687,-0.119835,-0.976305,0.75862,0.181437,-0.333378,0.510235,-0.085168,-0.959216,0.778249,0.187497,-0.401878,0.391811,-0.001444
148,-0.920859,0.752817,0.181113,-0.368289,0.523208,-0.025778,-0.923366,0.770461,0.190785,-0.307231,0.392323,-0.070272,-0.948291,0.757474,0.121424,-0.487766,0.430875,-0.038588,-0.955521,0.837671,0.178378,-0.301723,0.41482,-0.018029
149,-0.974466,0.706402,0.210189,-0.414212,0.447413,-0.053953,-0.942843,0.799133,0.220105,-0.325605,0.48872,-0.115495,-0.944054,0.741977,0.178845,-0.388956,0.372375,-0.00754,-0.970033,0.756869,0.198557,-0.335679,0.388308,-0.041875
150,-0.95622,0.734022,0.225675,-0.309586,0.405669,-0.076255,-0.959213,0.748809,0.207661,-0.434187,0.535738,-0.068405,-0.924942,0.727393,0.140659,-0.360942,0.488892,-0.042194,-0.952791,0.733842,0.262407,-0.337232,0.408587,-0.070798
151,-0.960766,0.704033,0.233829,-0.408954,0.423268,-0.073941,-0.965271,0.68928,0.250528,-0.369733,0.432735,0.018517,-0.935421,0.706926,0.194854,-0.423248,0.461563,-0.015608,-0.956254,0.744723,0.182611,-0.284062,0.413085,0.060143
152,-0.96428,0.749746,0.21005,-0.391384,0.501313,0.015371,-0.982525,0.747781,0.216416,-0.487514,0.387552,-0.002371,-0.987639,0.709832,0.219056,-0.463343,0.419629,0.004225,-0.974646,0.680146,0.269971,-0.367401,0.439433,-0.067851
153,-0.978502,0.744081,0.281398,-0.424815,0.34931,-0.076003,-0.924582,0.697554,0.259361,-0.464502,0.288648,0.082269,-0.975115,0.676064,0.292514,-0.41671,0.420951,0.03758,-0.966647,0.655969,0.256006,-0.389507,0.460458,-0.010981
154,-0.941794,0.723929,0.25756,-0.379533,0.431966,-0.072203,-0.93322,0.714353,0.321961,-0.413532,0.35643,0.019032,-0.963735,0.710393,0.262203,-0.343645,0.423633,-0.023376,-0.988819,0.709818,0.238914,-0.330713,0.452561,0.084349
155,-1.02299,0.746345,0.299051,-0.358809,0.40788,0.014822,-0.938515,0.688249,0.272649,-0.41444,0.378181,-0.08158,-0.979953,0.648711,0.305283,-0.425323,0.477302,0.076015,-0.937535,0.636807,0.308015,-0.320751,0.361374,-0.0221
156,-1.001659,0.674292,0.308157,-0.355405,0.489189,0.001524,-0.972631,0.685207,0.265225,-0.414516,0.388397,-0.066518,-0.99442,0.692318,0.286928,-0.509745,0.312941,0.005568,-1.018627,0.663833,0.375135,-0.427054,0.431125,0.077332
157,-1.012281,0.641274,0.366874,-0.459923,0.322929,0.009217,-0.980306,0.671777,0.341642,-0.373579,0.359169,0.027016,-0.971958,0.658776,0.339744,-0.393994,0.414369,-0.113583,-1.016035,0.694837,0.367556,-0.493644,0.453519,-0.087157
158,-0.999352,0.603525,0.322221,-0.371564,0.363749,0.08406,-1.018951,0.667909,0.321095,-0.318009,0.383033,0.016471,-1.014936,0.629136,0.33345,-0.412799,0.385511,0.07484,-0.970566,0.636352,0.325919,-0.377251,0.302074,-0.002086
159,-0.994805,0.572563,0.396994,-0.503487,0.352494,0.076342,-0.95903,0.590047,0.390068,-0.392186,0.459544,0.075108,-1.020063,0.657341,0.400742,-0.479255,0.39074,-0.029016,-1.005074,0.659679,0.383153,-0.377908,0.365995,-0.026747
160,-1.047242,0.598248,0.430888,-0.458426,0.460019,-0.013745,-0.956396,0.597438,0.404918,-0.432319,0.441432,0.027425,-0.949823,0.587884,0.388105,-0.441805,0.402512,0.082455,-0.976274,0.60495,0.329127,-0.45607,0.43704,-0.052276
161,-0.99486,0.611843,0.410567,-0.523701,0.377101,0.021352,-0.993437,0.582995,0.411118,-0.435168,0.338716,0.040398,-0.951602,0.577264,0.384503,-0.405376,0.328059,0.027484,-0.993247,0.561041,0.422342,-0.368635,0.458418,0.067272
162,-0.961179,0.586777,0.402549,-0.470132,0.385688,0.085424,-1.033582,0.571969,0.425437,-0.387007,0.31511,-0.026243,-1.006155,0.567036,0.409055,-0.444232,0.369838,0.158764,-1.034944,0.600186,0.402724,-0.407469,0.357158,0.106129
163,-1.049343,0.598627,0.443542,-0.37938,0.217088,0.066691,-1.008069,0.560645,0.44084,-0.42128,0.398984,0.159728,-0.987701,0.55597,0.434155,-0.500789,0.333383,0.120688,-0.985032,0.522548,0.462681,-0.362999,0.186098,0.037688
164,-1.037707,0.530589,0.472922,-0.392747,0.395222,0.077913,-1.004744,0.563007,0.426318,-0.384231,0.338319,0.138501,-1.013742,0.556129,0.502595,-0.411644,0.404268,0.252194,-0.974917,0.543364,0.437667,-0.358701,0.358897,0.143372
165,-0.972996,0.508501,0.471053,-0.366739,0.36063,0.087816,-0.999948,0.525551,0.460507,-0.468974,0.275621,0.09808,-1.016369,0.560478,0.499985,-0.477111,0.398134,0.13054,-0.98528,0.459723,0.483324,-0.507315,0.296167,0.077538
166,-1.048663,0.486335,0.449161,-0.521087,0.298312,0.040028,-1.017809,0.514698,0.453759,-0.534301,0.357677,0.090538,-1.030872,0.499443,0.522294,-0.372777,0.225208,0.116749,-1.01075,0.530031,0.464341,-0.434314,0.369118,0.087793
167,-0.899162,0.520898,0.490393,-0.426525,0.286104,0.041558,-0.950587,0.485621,0.471193,-0.519953,0.269601,0.136311,-0.942748,0.46111,0.474652,-0.546831,0.299326,0.07737,-0.863512,0.463027,0.538717,-0.538928,0.244742,0.092273
168,-0.914485,0.441118,0.587491,-0.448848,0.310019,0.116526,-0.866097,0.432931,0.630106,-0.50449,0.296284,0.142778,-0.899127,0.513835,0.541774,-0.523292,0.3882,0.054694,-0.917802,0.497956,0.553523,-0.440983,0.345885,0.201432
169,-0.908361,0.432796,0.475307,-0.425864,0.417537,0.06125,-0.874593,0.471093,0.508505,-0.395956,0.296747,0.142153,-0.901186,0.496809,0.491185,-0.510932,0.346522,0.052617,-0.934096,0.448159,0.568224,-0.395154,0.325457,0.147379
170,-0.909407,0.45109,0.504919,-0.400559,0.293916,0.044535,-0.861083,0.44898,0.555628,-0.40279,0.319565,0.192486,-0.897569,0.441944,0.548204,-0.539485,0.325379,0.196816,-0.88343,0.407182,0.541638,-0.489591,0.412481,0.147849
171,-0.919108,0.390104,0.577232,-0.466333,0.297758,0.149366,-0.910427,0.412889,0.592162,-0.507721,0.251722,0.118974,-0.940588,0.430002,0.579588,-0.443096,0.397629,0.137822,-0.939885,0.47499,0.55803,-0.607303,0.276901,0.034748
172,-0.901926,0.411742,0.597012,-0.479917,0.279707,0.218015,-0.875914,0.435238,0.630681,-0.436862,0.276915,0.14279,-0.90549,0.396509,0.566984,-0.545782,0.270529,0.209203,-0.885787,0.393074,0.600611,-0.551756,0.259209,0.160685
173,-0.899952,0.407196,0.605142,-0.421175,0.264343,0.088485,-0.909609,0.375958,0.576317,-0.435126,0.260586,0.196932,-0.930104,0.39099,0.623131,-0.614152,0.361146,0.114414,-0.933074,0.41515,0.6271,-0.430866,0.398165,0.096999
174,-0.900285,0.408104,0.559573,-0.50153,0.2693,0.161618,-0.852622,0.357198,0.624133,-0.543583,0.320909,0.117326,-0.868747,0.466419,0.566575,-0.453709,0.251931,0.111057,-0.93824,0.397684,0.597915,-0.349728,0.283498,0.193553
175,-0.93213,0.362859,0.624093,-0.444271,0.255589,0.140253,-0.856749,0.368104,0.623865,-0.500297,0.417347,0.120009,-0.872329,0.368553,0.618313,-0.56357,0.28023,0.112149,-0.925936,0.30167,0.609494,-0.462354,0.157397,0.20013
176,-0.862826,0.323339,0.657763,-0.456801,0.256372,0.118187,-0.912871,0.377105,0.670131,-0.476508,0.253116,0.237528,-0.903953,0.386832,0.635898,-0.550649,0.320449,0.24205,-0.902421,0.346519,0.638702,-0.486152,0.286286,0.260142
177,-0.899437,0.340883,0.670656,-0.458683,0.252141,0.200266,-0.900562,0.345738,0.690931,-0.482508,0.19588,0.145023,-0.910048,0.286247,0.669284,-0.474499,0.275323,0.178633,-0.908477,0.358627,0.691714,-0.50159,0.19569,0.142256
178,-0.91172,0.257952,0.64892,-0.492154,0.2192,0.219085,-0.91326,0.298584,0.610624,-0.490078,0.198105,0.118054,-0.907953,0.338402,0.669011,-0.438754,0.199816,0.191901,-0.906848,0.256241,0.671708,-0.417714,0.213913,0.183887
179,-0.900832,0.252285,0.676261,-0.468479,0.264322,0.245132,-0.902831,0.295657,0.701193,-0.481914,0.171036,0.194748,-0.929636,0.255212,0.645279,-0.342997,0.296677,0.268254,-0.87201,0.251065,0.675555,-0.401621,0.287199,0.188154
180,-0.9683,0.346043,0.732275,-0.414674,0.293351,0.255539,-0.868807,0.300618,0.700563,-0.418846,0.174048,0.217035,-0.933202,0.253201,0.704373,-0.473373,0.254944,0.230997,-0.879935,0.297196,0.668219,-0.448436,0.258445,0.358233
181,-0.882948,0.27787,0.732742,-0.463126,0.132074,0.277007,-0.8601,0.213305,0.723976,-0.45748,0.243799,0.182374,-0.833545,0.286051,0.675593,-0.423238,0.144181,0.238017,-0.887049,0.263448,0.682643,-0.507827,0.228646,0.281693
182,-0.870724,0.236594,0.729067,-0.514424,0.246923,0.217942,-0.914613,0.259815,0.729144,-0.434053,0.232858,0.210894,-0.857068,0.223189,0.709505,-0.426207,0.203037,0.288662,-0.883234,0.293306,0.722296,-0.462522,0.233085,0.243697
183,-0.868801,0.199587,0.751058,-0.44272,0.186117,0.274913,-0.876407,0.205967,0.732431,-0.483083,0.268599,0.107958,-0.827042,0.247719,0.702468,-0.603887,0.233914,0.21838,-0.901679,0.217895,0.736108,-0.590438,0.221146,0.178503
184,-0.854979,0.197485,0.75174,-0.439882,0.189292,0.118085,-0.871868,0.18,0.739563,-0.439721,0.194966,0.235863,-0.839909,0.213539,0.763484,-0.473784,0.210718,0.174591,-0.882061,0.174932,0.759671,-0.544272,0.2365,0.185897
185,-0.861929,0.152443,0.738891,-0.531633,0.298076,0.188078,-0.852699,0.180772,0.726517,-0.506811,0.271977,0.303643,-0.864712,0.123032,0.806078,-0.432481,0.217951,0.178091,-0.841118,0.17072,0.745252,-0.596362,0.281829,0.288922
186,-0.843107,0.131456,0.760363,-0.471543,0.087569,0.226219,-0.841865,0.207052,0.811957,-0.393246,0.182415,0.197041,-0.832515,0.186095,0.78014,-0.465761,0.182875,0.087894,-0.89813,0.147002,0.768723,-0.405774,0.131604,0.242987
187,-0.890556,0.154042,0.773795,-0.366088,0.093656,0.265182,-0.873585,0.172657,0.812612,-0.605067,0.194996,0.206577,-0.861928,0.116943,0.799326,-0.509156,0.169888,0.409505,-0.864884,0.116762,0.75736,-0.523685,0.191617,0.345358
188,-0.806321,0.140181,0.817147,-0.492149,0.126184,0.391944,-0.836887,0.122358,0.825585,-0.474984,0.185387,0.317743,-0.84078,0.101309,0.788466,-0.436724,0.193718,0.17061,-0.852373,0.129681,0.766164,-0.426116,0.056252,0.251563
189,-0.844104,0.110012,0.792296,-0.398588,0.115834,0.274253,-0.824651,0.10462,0.821782,-0.47272,0.203113,0.184493,-0.824133,0.115209,0.792471,-0.397972,0.10555,0.233657,-0.820569,0.107591,0.804391,-0.462628,0.140504,0.212398
190,-0.805701,0.070426,0.826422,-0.395501,0.261569,0.323673,-0.830083,0.041377,0.834996,-0.525939,0.216218,0.263463,-0.850367,0.063369,0.845403,-0.514162,0.156741,0.29697,-0.843076,0.063825,0.834672,-0.443492,0.254953,0.267797
191,-0.828497,0.092755,0.813083,-0.543623,0.126417,0.388685,-0.848909,0.076488,0.833388,-0.490741,0.147364,0.240525,-0.827576,0.078601,0.862459,-0.389087,0.12655,0.314671,-0.855246,0.074403,0.854461,-0.425187,0.135188,0.267778
192,-0.80963,0.047157,0.858458,-0.301598,0.12989,0.258085,-0.785859,0.038756,0.810755,-0.561105,0.193671,0.289977,-0.794475,0.017219,0.859472,-0.45147,0.15267,0.420505,-0.777194,0.078747,0.855233,-0.413538,0.050582,0.308076
193,-0.82654,-0.003314,0.854152,-0.480087,0.179976,0.195573,-0.799987,0.038321,0.825368,-0.516577,0.23928,0.405031,-0.859437,-0.040185,0.848219,-0.53127,0.147546,0.291878,-0.835069,0.031402,0.845218,-0.473773,0.312633,0.285495
194,-0.800791,0.033028,0.861154,-0.340193,0.198148,0.305015,-0.763462,-0.003316,0.883427,-0.5051,0.173501,0.350566,-0.785257,0.039279,0.817967,-0.380876,0.170032,0.381705,-0.827298,0.032933,0.873739,-0.478113,0.057059,0.310052
195,-0.836729,-0.018185,0.907265,-0.437663,0.266741,0.186939,-0.800912,-0.011961,0.826895,-0.498443,0.118032,0.365787,-0.758507,-0.051354,0.882726,-0.484706,0.137897,0.224225,-0.820529,-0.000765,0.901978,-0.505558,0.13898,0.27205
196,-0.791983,-0.038237,0.788756,-0.375759,0.176892,0.296537,-0.804826,0.020475,0.897173,-0.498577,0.080918,0.299983,-0.750609,-0.022886,0.932102,-0.512182,0.153895,0.351692,-0.814813,-0.042295,0.881393,-0.476734,0.163682,0.258042
197,-0.780085,-0.034472,0.864564,-0.499007,0.1118,0.285792,-0.810659,-0.070775,0.892256,-0.47176,0.162601,0.367962,-0.791048,-0.02901,0.896976,-0.51925,0.100121,0.252687,-0.728374,-0.058668,0.931036,-0.478963,0.196795,0.36809
198,-0.741259,-0.084557,0.902325,-0.428675,0.100689,0.23407,-0.750867,-0.078688,0.906116,-0.456691,0.000712,0.34745,-0.763119,-0.09204,0.859429,-0.470338,0.172129,0.336934,-0.755869,-0.057674,0.876771,-0.462787,0.087309,0.248717
199,-0.742599,-0.027058,0.932954,-0.392706,0.216375,0.348222,-0.745942,-0.101306,0.898383,-0.379118,0.101625,0.279334,-0.73724,-0.059023,0.915658,-0.417671,0.057578,0.316432,-0.724581,-0.0712,0.946329,-0.39364,0.106134,0.367893
200,-0.730015,-0.095219,0.877354,-0.525822,0.049144,0.394544,-0.71398,-0.119216,0.923761,-0.400276,-0.001866,0.286005,-0.754815,-0.104796,0.907331,-0.489064,0.122301,0.330987,-0.776833,-0.084365,0.921395,-0.49285,0.106507,0.351721
201,-0.751825,-0.169924,0.967501,-0.4006,-0.063799,0.309326,-0.694747,-0.104447,0.909277,-0.397157,-0.024959,0.408594,-0.764712,-0.111993,0.940001,-0.467718,0.061979,0.359639,-0.74723,-0.079074,0.927348,-0.329753,0.118871,0.33701
202,-0.678435,-0.149566,0.962815,-0.364895,0.064732,0.284737,-0.697508,-0.157524,0.879262,-0.33963,0.060708,0.332025,-0.657112,-0.114039,0.947568,-0.468436,0.030246,0.364598,-0.69255,-0.153349,0.949892,-0.438056,0.187615,0.343137
203,-0.724466,-0.153939,0.905512,-0.355757,-0.002734,0.338988,-0.675183,-0.137234,1.008657,-0.445753,-0.005174,0.38743,-0.67036,-0.149961,0.911589,-0.447544,0.000122,0.436048,-0.671769,-0.148558,0.948119,-0.507611,0.151743,0.333342
204,-0.706366,-0.162209,0.963929,-0.372834,0.079974,0.326548,-0.70079,-0.146584,0.928234,-0.448464,0.051646,0.342083,-0.697962,-0.188465,0.992214,-0.355408,0.03042,0.423999,-0.656623,-0.149026,0.943993,-0.341275,0.124298,0.364054
205,-0.690601,-0.190985,0.98326,-0.431051,0.024203,0.393728,-0.647877,-0.225108,0.926063,-0.428727,0.015201,0.237535,-0.702147,-0.14804,0.974205,-0.414212,0.048714,0.375784,-0.651558,-0.216681,0.925222,-0.490747,0.027174,0.418107
206,-0.617456,-0.191851,0.971151,-0.357277,0.043415,0.432135,-0.686565,-0.180501,0.934102,-0.394077,0.049266,0.333743,-0.678315,-0.286703,0.986282,-0.456697,0.015838,0.423282,-0.680334,-0.179824,0.934219,-0.389266,0.082597,0.454161
207,-0.681979,-0.250928,0.945591,-0.516629,-0.015242,0.242187,-0.651671,-0.241145,0.967127,-0.428102,0.028473,0.395356,-0.670758,-0.257829,0.953671,-0.336441,-0.049457,0.38018,-0.692245,-0.253337,0.960452,-0.390421,0.017125,0.378349
208,-0.635359,-0.200849,1.003489,-0.36173,0.040908,0.3629,-0.689494,-0.270657,0.989818,-0.310642,-0.055967,0.373604,-0.593418,-0.236715,0.95082,-0.400799,-0.060606,0.386496,-0.66982,-0.260337,0.978533,-0.479738,-0.041513,0.341565
209,-0.617263,-0.286095,0.989656,-0.456642,0.005308,0.435215,-0.652557,-0.240923,0.958422,-0.413445,0.071653,0.263961,-0.632273,-0.273965,0.945314,-0.421278,-0.019698,0.452265,-0.622513,-0.283297,0.99295,-0.373017,0.026573,0.452193
210,-0.617136,-0.348829,0.979258,-0.403099,-0.128194,0.478114,-0.656911,-0.326142,0.980674,-0.383979,-0.03871,0.320971,-0.651859,-0.234401,0.980278,-0.530971,-0.038613,0.478237,-0.683017,-0.275965,0.961918,-0.492172,0.032427,0.429777
211,-0.623679,-0.348136,0.998277,-0.463464,-0.039224,0.406282,-0.577541,-0.341406,0.963656,-0.530958,0.006542,0.40104,-0.618771,-0.308288,1.004919,-0.346668,0.086341,0.337692,-0.591969,-0.300794,0.939898,-0.293269,-0.01717,0.331775
212,-0.620921,-0.301702,0.937106,-0.50297,0.059136,0.387748,-0.598751,-0.336392,0.960455,-0.396012,-0.08139,0.496443,-0.624767,-0.268515,0.954543,-0.451122,0.067033,0.499961,-0.617286,-0.349967,0.957909,-0.434967,-0.020103,0.358884
213,-0.626812,-0.310694,0.991829,-0.381287,0.093243,0.367983,-0.62202,-0.335445,0.95283,-0.425169,0.003443,0.340455,-0.583908,-0.300534,0.998916,-0.40457,-0.050583,0.515995,-0.565194,-0.36053,0.96777,-0.423936,-0.163974,0.379932
214,-0.595002,-0.382183,0.998392,-0.325219,-0.106941,0.452431,-0.55313,-0.404985,0.997256,-0.492373,-0.078436,0.470227,-0.585744,-0.335583,1.014689,-0.394637,-0.013413,0.471054,-0.614317,-0.408864,1.010262,-0.424317,0.011521,0.437656
215,-0.60787,-0.388568,1.006366,-0.387855,-0.061117,0.444686,-0.530197,-0.39426,0.993373,-0.330509,0.013882,0.451278,-0.562401,-0.409062,0.992376,-0.390391,-0.124753,0.37999,-0.520037,-0.386104,1.013804,-0.313298,-0.009757,0.41138
216,-0.540657,-0.387751,1.020988,-0.387151,-0.057669,0.457188,-0.541763,-0.36328,1.005236,-0.293701,-0.008063,0.441793,-0.57022,-0.435753,1.012926,-0.432784,-0.043137,0.338073,-0.541881,-0.377458,1.028595,-0.404234,-0.057848,0.403999
217,-0.536573,-0.379739,1.016667,-0.310945,-0.102993,0.478917,-0.507109,-0.403038,0.981297,-0.443658,-0.080728,0.329671,-0.548584,-0.443101,1.009085,-0.422645,-0.060812,0.476189,-0.539111,-0.418158,1.040026,-0.298845,-0.052701,0.478952
218,-0.496418,-0.440929,0.984839,-0.403393,-0.119919,0.399229,-0.540565,-0.451872,0.974281,-0.423552,-0.095683,0.466631,-0.548346,-0.4541,0.99829,-0.295494,-0.130876,0.428896,-0.483322,-0.465771,1.0119,-0.288325,-0.142193,0.399259
219,-0.537876,-0.41819,0.989765,-0.331992,-0.070721,0.506485,-0.483855,-0.418887,0.982156,-0.358164,-0.078552,0.480185,-0.555619,-0.408479,0.9689,-0.321182,-0.197571,0.450767,-0.512324,-0.446781,0.947668,-0.368651,-0.079988,0.481748
220,-0.511086,-0.469414,0.972411,-0.232727,-0.153915,0.303289,-0.453605,-0.461106,1.001184,-0.343268,-0.056976,0.44658,-0.453145,-0.459541,1.039774,-0.398755,-0.168429,0.437975,-0.498548,-0.452007,1.015849,-0.321529,-0.075513,0.456458
221,-0.492195,-0.483022,1.000414,-0.378712,-0.110831,0.465511,-0.4618,-0.468163,1.046418,-0.334654,-0.171991,0.398539,-0.498457,-0.442024,0.965334,-0.354796,0.036641,0.416646,-0.467492,-0.45092,0.983217,-0.359731,-0.0517,0.402426
222,-0.476209,-0.499417,0.986306,-0.234103,-0.154188,0.384817,-0.436295,-0.514143,1.006478,-0.277242,-0.076264,0.417919,-0.494977,-0.50272,1.002873,-0.308022,-0.065924,0.525296,-0.43933,-0.506837,0.999617,-0.336373,-0.134962,0.558284
223,-0.42987,-0.501087,1.044675,-0.309421,-0.136155,0.452711,-0.460697,-0.500094,1.004361,-0.371818,-0.16229,0.557037,-0.420079,-0.487816,0.985035,-0.38901,-0.005513,0.46936,-0.466208,-0.541811,1.03403,-0.349411,-0.029363,0.459347
224,-0.412539,-0.542367,1.018686,-0.353271,-0.084331,0.605873,-0.408153,-0.482298,1.00871,-0.424027,-0.210009,0.345648,-0.420786,-0.464822,1.003287,-0.3523,-0.156262,0.423847,-0.436883,-0.518797,1.000149,-0.316524,-0.144849,0.490285
225,-0.371234,-0.540983,0.976284,-0.407935,-0.071015,0.529741,-0.37482,-0.565367,1.026115,-0.336633,-0.059277,0.502181,-0.392314,-0.554921,1.009845,-0.405216,-0.068548,0.516407,-0.461341,-0.596855,1.005407,-0.226519,-0.121746,0.461383
226,-0.425435,-0.561013,1.013052,-0.379906,-0.128931,0.405158,-0.394095,-0.540226,1.02649,-0.220233,-0.212407,0.460368,-0.404811,-0.589416,1.002177,-0.299644,-0.201378,0.285823,-0.344889,-0.533108,0.994853,-0.374302,-0.072176,0.523231
227,-0.402251,-0.590344,1.016754,-0.255206,-0.252612,0.530492,-0.394945,-0.578891,0.976484,-0.376774,-0.185503,0.500884,-0.362023,-0.55709,1.005818,-0.309106,-0.170987,0.410213,-0.400371,-0.635233,1.001093,-0.238734,-0.182944,0.58524
228,-0.418653,-0.581344,1.012781,-0.396436,-0.142285,0.324921,-0.314975,-0.618952,0.963178,-0.309916,-0.226295,0.514132,-0.38396,-0.593734,0.968878,-0.403368,-0.190281,0.41361,-0.393381,-0.610655,0.981872,-0.371169,-0.130523,0.406087
229,-0.378312,-0.587826,1.023505,-0.275326,-0.194273,0.504946,-0.38915,-0.575249,1.003652,-0.225996,-0.092436,0.472835,-0.354568,-0.572441,1.061939,-0.273374,-0.18904,0.466526,-0.387532,-0.611522,1.013664,-0.38329,-0.102988,0.452706
230,-0.318261,-0.612515,0.993347,-0.303192,-0.229666,0.518335,-0.307977,-0.605557,0.974246,-0.342006,-0.197428,0.378397,-0.402229,-0.595389,0.969476,-0.349272,-0.073753,0.519625,-0.385512,-0.626379,0.982473,-0.327829,-0.190458,0.433264
231,-0.312268,-0.612042,0.981037,-0.25546,-0.140037,0.441999,-0.329267,-0.600918,1.033967,-0.369446,-0.246307,0.485768,-0.290564,-0.650239,0.979375,-0.401111,-0.23091,0.394157,-0.295058,-0.601287,1.005216,-0.365987,-0.216032,0.391154
232,-0.29281,-0.637243,1.017143,-0.221817,-0.242048,0.537135,-0.310147,-0.656467,1.044506,-0.300631,-0.196179,0.452289,-0.276178,-0.655892,0.986006,-0.244547,-0.17782,0.407441,-0.285817,-0.667955,0.956032,-0.22893,-0.218334,0.41438
233,-0.257442,-0.671588,0.981182,-0.259063,-0.264032,0.472812,-0.243185,-0.672864,0.983901,-0.279681,-0.184845,0.465041,-0.275358,-0.652485,1.002785,-0.268015,-0.167407,0.449911,-0.267519,-0.679217,0.957549,-0.391269,-0.177081,0.467461
234,-0.29921,-0.676304,0.989292,-0.272737,-0.19428,0.424517,-0.2758,-0.659566,0.934675,-0.394323,-0.042307,0.456603,-0.270211,-0.667205,1.006127,-0.192233,-0.225465,0.53491,-0.272535,-0.660942,0.971875,-0.225486,-0.257824,0.43261
235,-0.234381,-0.641416,1.004142,-0.308598,-0.248726,0.544979,-0.260198,-0.691668,0.991724,-0.251402,-0.105723,0.523076,-0.27344,-0.739554,0.977058,-0.343795,-0.166046,0.501569,-0.287257,-0.692048,0.999603,-0.279931,-0.22345,0.462105
236,-0.256725,-0.730679,0.979611,-0.363815,-0.206641,0.399953,-0.241083,-0.702318,0.961617,-0.142892,-0.286631,0.489401,-0.264492,-0.756373,0.998482,-0.245884,-0.244177,0.482592,-0.175158,-0.726696,1.025332,-0.234252,-0.160487,0.462239
237,-0.204215,-0.718339,1.000336,-0.149784,-0.271069,0.537193,-0.215458,-0.7087,0.973078,-0.307208,-0.178064,0.409525,-0.224875,-0.750918,0.934667,-0.223006,-0.163095,0.512351,-0.185844,-0.702759,0.968465,-0.175985,-0.135892,0.397832
238,-0.233457,-0.73911,0.969262,-0.199966,-0.224647,0.48588,-0.198876,-0.767575,0.955488,-0.205144,-0.241154,0.449858,-0.173967,-0.746095,0.951052,-0.259254,-0.236019,0.410183,-0.238103,-0.761426,0.968394,-0.250359,-0.262937,0.498269
239,-0.14395,-0.73821,0.923548,-0.205342,-0.195007,0.423864,-0.196236,-0.711694,0.976696,-0.220355,-0.321685,0.388239,-0.244431,-0.719204,0.903519,-0.359678,-0.210533,0.558371,-0.221692,-0.753522,0.949799,-0.269093,-0.216767,0.553037
240,-0.19698,-0.740824,0.926932,-0.185798,-0.266078,0.455504,-0.22962,-0.762957,0.958905,-0.307463,-0.3012,0.457296,-0.169175,-0.744618,0.95508,-0.182186,-0.280052,0.474921,-0.145818,-0.747218,0.954744,-0.204081,-0.191972,0.449073
241,-0.168659,-0.76625,0.932554,-0.198611,-0.231307,0.475699,-0.118,-0.770452,0.896156,-0.136915,-0.177986,0.470374,-0.139463,-0.762734,0.960753,-0.172235,-0.309094,0.478325,-0.127966,-0.773373,0.93744,-0.277978,-0.23644,0.475577
242,-0.147601,-0.795552,0.902524,-0.148602,-0.283564,0.308417,-0.139682,-0.812875,0.978731,-0.100378,-0.24534,0.453657,-0.113171,-0.784993,0.935521,-0.187455,-0.246727,0.562103,-0.173703,-0.769688,0.962788,-0.284855,-0.210511,0.529611
243,-0.133073,-0.764727,0.924062,-0.250448,-0.257639,0.42602,-0.066978,-0.781764,0.908819,-0.194365,-0.354724,0.411011,-0.107752,-0.762252,0.88919,-0.241783,-0.273711,0.494241,-0.134377,-0.818367,0.912148,-0.144774,-0.263231,0.521241
244,-0.110763,-0.829622,0.88616,-0.137473,-0.16386,0.509511,-0.124825,-0.830538,0.90575,-0.226872,-0.361222,0.516684,-0.121884,-0.809306,0.90758,-0.216562,-0.288448,0.481106,-0.078547,-0.796764,1.004527,-0.149365,-0.17195,0.456618
245,-0.05989,-0.817542,0.923037,-0.139371,-0.271137,0.340391,-0.12358,-0.83347,0.919647,-0.143716,-0.315614,0.352245,-0.079997,-0.779625,0.93349,-0.177881,-0.288506,0.431861,-0.060028,-0.794847,0.912903,-0.1366,-0.289595,0.56323
246,-0.035843,-0.778135,0.919348,-0.192753,-0.421658,0.351488,-0.121584,-0.812593,0.904256,-0.250213,-0.209411,0.339343,-0.076908,-0.795849,0.904237,-0.164239,-0.28701,0.487329,-0.074225,-0.875347,0.86262,-0.083051,-0.321136,0.457477
247,-0.068547,-0.816621,0.940127,-0.144423,-0.29674,0.403032,-0.104211,-0.850526,0.853987,-0.140985,-0.268198,0.470531,-0.039196,-0.877003,0.87836,-0.161981,-0.237199,0.596456,-0.033907,-0.833619,0.854157,-0.209787,-0.380282,0.379684
248,-0.009147,-0.842146,0.888727,-0.025739,-0.278408,0.467797,-0.005652,-0.864505,0.910444,-0.178487,-0.308152,0.531488,-0.024255,-0.860535,0.878136,-0.18233,-0.320826,0.513057,-0.065223,-0.863926,0.923922,-0.114318,-0.251178,0.445848
249,-0.016718,-0.828958,0.878647,-0.155618,-0.258444,0.442643,-0.050799,-0.870563,0.845384,-0.127857,-0.286512,0.384259,0.023314,-0.833164,0.877478,-0.14109,-0.289905,0.439358,-0.020567,-0.870018,0.896312,-0.182403,-0.346746,0.424794
250,0.013956,-0.830427,0.854287,-0.171219,-0.382721,0.482839,-0.01914,-0.827394,0.931476,-0.165695,-0.353694,0.428998,0.002897,-0.90345,0.91868,-0.153426,-0.244087,0.510268,0.058604,-0.82054,0.848785,-0.095648,-0.342227,0.438363
251,-0.010701,-0.865313,0.832397,-0.145156,-0.346617,0.367433,0.020582,-0.848614,0.8591,-0.139438,-0.206805,0.451433,0.016691,-0.876275,0.900163,0.020658,-0.314933,0.540611,0.04911,-0.860789,0.904497,-0.154728,-0.28314,0.471255
252,0.015183,-0.896773,0.847689,-0.054882,-0.277175,0.577205,0.042917,-0.820236,0.823749,-0.166682,-0.288286,0.443503,0.051959,-0.896361,0.90624,-0.189157,-0.369269,0.494033,0.018924,-0.875973,0.784423,-0.201726,-0.335622,0.4367
253,0.054483,-0.876125,0.811441,-0.297531,-0.380164,0.481632,0.097469,-0.859682,0.844706,-0.076875,-0.314518,0.451307,0.038094,-0.86988,0.831405,-0.049087,-0.356454,0.44546,0.051196,-0.953723,0.855319,-0.166799,-0.293182,0.396278
254,0.079898,-0.891592,0.834094,-0.025844,-0.378064,0.478021,0.054492,-0.915405,0.821867,-0.094486,-0.22881,0.438413,0.045336,-0.879626,0.839794,-0.066819,-0.39238,0.438396,0.08146,-0.897335,0.809666,-0.260145,-0.370697,0.499507
255,0.052623,-0.871989,0.814828,-0.053579,-0.399119,0.420867,0.042042,-0.899417,0.818305,-0.079034,-0.313207,0.424675,0.074505,-0.941471,0.813297,-0.08214,-0.321253,0.436949,0.071375,-0.921499,0.883754,-0.189051,-0.281801,0.451798
256,0.09204,-0.92839,0.750225,-0.027612,-0.344544,0.442008,0.051695,-0.881762,0.823164,-0.069047,-0.323802,0.389081,0.121265,-0.964308,0.812457,-0.003447,-0.439307,0.454523,0.161533,-0.882912,0.803401,-0.12252,-0.297271,0.504408
257,0.125976,-0.91278,0.769458,-0.1568,-0.244343,0.404562,0.089491,-0.88443,0.776377,-0.145852,-0.349147,0.454529,0.133778,-0.937005,0.789707,-0.106009,-0.377414,0.447108,0.103211,-0.916026,0.782666,-0.116313,-0.293561,0.436296
258,0.130196,-0.939322,0.752109,0.007361,-0.473923,0.419884,0.093471,-0.986218,0.719655,0.000859,-0.33777,0.476258,0.121941,-0.937703,0.778389,-0.102033,-0.303496,0.427279,0.151717,-0.955718,0.77423,0.07401,-0.405127,0.424621
259,0.185717,-0.934546,0.772813,-0.097724,-0.302284,0.412992,0.188652,-0.934373,0.756339,-0.074325,-0.306809,0.452438,0.220579,-0.928622,0.755935,-0.136494,-0.441725,0.456177,0.108278,-0.935166,0.799042,-0.097198,-0.359958,0.453177
260,0.191441,-0.919046,0.751212,-0.040756,-0.334909,0.367959,0.187933,-0.93353,0.727971,-0.087001,-0.402692,0.445654,0.179572,-0.924354,0.784916,-0.033693,-0.343566,0.410739,0.209438,-0.971985,0.77309,-0.04939,-0.310666,0.374417
261,0.194722,-0.929326,0.75615,0.020458,-0.318802,0.410515,0.190427,-1.008558,0.782614,-0.009493,-0.3734,0.393774,0.210712,-0.922199,0.762843,-0.037127,-0.402378,0.422936,0.198282,-0.948439,0.7495,-0.07856,-0.367609,0.397648
262,0.18666,-0.945524,0.763821,-0.173876,-0.31685,0.496345,0.198367,-0.913784,0.774178,-0.108184,-0.322293,0.422035,0.18965,-0.961135,0.685818,-0.050283,-0.43155,0.482889,0.196297,-0.983221,0.708593,0.01906,-0.244192,0.305081
263,0.205612,-0.965946,0.752591,-0.006895,-0.299464,0.398059,0.20882,-0.996883,0.731789,0.084289,-0.341353,0.392924,0.229858,-0.99552,0.721629,-0.014286,-0.362209,0.421238,0.188791,-0.965897,0.757529,-0.043337,-0.483975,0.447762
264,0.255391,-0.987883,0.739736,-0.064265,-0.448236,0.376955,0.281876,-1.038866,0.650757,0.02743,-0.364678,0.441049,0.230919,-0.967028,0.702335,-0.031306,-0.310343,0.401915,0.251932,-1.022678,0.697697,0.039151,-0.358532,0.454835
265,0.279188,-0.933697,0.667727,0.010292,-0.404436,0.421664,0.234978,-0.975913,0.67671,0.016608,-0.376984,0.369673,0.271318,-0.96212,0.661081,0.046043,-0.3493,0.329554,0.221,-1.01131,0.665671,0.042228,-0.330287,0.42354
266,0.284822,-0.995874,0.662131,-0.044933,-0.446968,0.393986,0.276665,-1.026106,0.681129,-0.047025,-0.401078,0.47471,0.30242,-0.967956,0.646954,-0.043811,-0.481416,0.464438,0.289316,-0.969348,0.682479,0.064847,-0.393296,0.447363
267,0.298334,-0.981528,0.651841,0.029654,-0.354822,0.510542,0.311777,-1.048997,0.686967,0.118085,-0.414156,0.384851,0.315492,-0.982937,0.709837,0.075181,-0.364407,0.372188,0.293407,-1.009659,0.642007,0.001939,-0.357337,0.342868
268,0.290563,-1.011744,0.652856,-0.02503,-0.356171,0.396706,0.307925,-0.976736,0.655169,0.022007,-0.285739,0.363774,0.292381,-1.002613,0.586423,0.105895,-0.424024,0.396614,0.297771,-1.013823,0.649552,0.001898,-0.349236,0.432933
269,0.347608,-0.960752,0.602706,-0.012155,-0.36156,0.435972,0.366138,-0.967731,0.612888,0.091194,-0.392271,0.36966,0.366867,-1.001526,0.653313,0.059232,-0.438881,0.364256,0.326997,-0.987039,0.622919,0.034505,-0.357917,0.372826
270,0.336359,-1.02697,0.633423,0.094957,-0.397188,0.359489,0.367236,-0.986846,0.656499,0.084497,-0.488531,0.307374,0.311148,-0.957525,0.626735,0.006838,-0.447566,0.436763,0.343574,-0.978262,0.610967,0.029003,-0.476778,0.400973
271,0.33622,-1.036111,0.584717,0.076133,-0.371691,0.346126,0.270258,-1.000387,0.577304,-0.00305,-0.371833,0.424067,0.326159,-1.025714,0.649887,-0.081783,-0.316245,0.356099,0.331007,-0.976898,0.52894,0.094119,-0.434024,0.403655
272,0.377443,-0.977572,0.627514,0.08622,-0.360976,0.394515,0.375907,-0.986303,0.565725,0.019241,-0.448724,0.346957,0.362848,-0.975446,0.551876,0.007535,-0.419826,0.355661,0.390254,-0.977784,0.542061,0.012301,-0.367825,0.374227
273,0.399561,-0.992561,0.590969,0.088839,-0.358788,0.421477,0.34399,-1.02678,0.562134,0.066527,-0.422103,0.396477,0.405596,-1.02202,0.564335,0.031225,-0.42497,0.335483,0.38079,-1.0147,0.564542,0.092102,-0.360202,0.382934
274,0.407762,-1.006517,0.570296,-0.000147,-0.295358,0.283004,0.40048,-0.969453,0.567222,0.046177,-0.458401,0.370051,0.374279,-0.99747,0.588348,0.111622,-0.350448,0.322582,0.41888,-1.00097,0.55352,-0.008643,-0.419362,0.352911
275,0.434441,-0.963279,0.539914,0.086316,-0.460994,0.287961,0.464105,-1.012195,0.560901,0.117211,-0.430333,0.348366,0.418704,-0.976773,0.463509,0.070794,-0.402605,0.456737,0.402336,-1.024375,0.50666,-0.043803,-0.399946,0.435029
276,0.438426,-1.013228,0.517301,0.140881,-0.403763,0.358382,0.449822,-0.993432,0.469702,0.009182,-0.507511,0.38696,0.452777,-0.923424,0.530202,0.097869,-0.419754,0.382192,0.431632,-1.001614,0.508357,0.035571,-0.433757,0.309858
277,0.420155,-0.993501,0.539299,0.12499,-0.428654,0.343662,0.450614,-1.004258,0.507115,0.098542,-0.532026,0.382684,0.473255,-1.017476,0.519847,0.049931,-0.492566,0.339141,0.451129,-1.008345,0.514376,0.046163,-0.459479,0.388721
278,0.491535,-1.052931,0.455924,0.107762,-0.426223,0.362068,0.412813,-0.96941,0.540988,0.105135,-0.431427,0.325015,0.477545,-1.045195,0.51356,0.070474,-0.454945,0.2947,0.464014,-0.916176,0.529782,0.13872,-0.373105,0.310245
279,0.507679,-1.06445,0.515538,0.179381,-0.399063,0.365263,0.469075,-0.997521,0.529116,0.129452,-0.327929,0.369804,0.485805,-0.990448,0.483021,0.111775,-0.351887,0.3519,0.448239,-0.98656,0.45329,0.17239,-0.496201,0.275524
280,0.496168,-0.988534,0.446298,0.249509,-0.47293,0.272031,0.503775,-0.965003,0.424005,0.153246,-0.505376,0.29589,0.457277,-0.940769,0.46444,0.092591,-0.39662,0.215929,0.495817,-1.015063,0.468227,0.074414,-0.522444,0.389429
281,0.526239,-1.004921,0.48837,0.142687,-0.586076,0.340647,0.446665,-0.992315,0.444859,0.040937,-0.357938,0.233045,0.532311,-1.030978,0.487598,0.218048,-0.499265,0.330511,0.498722,-0.940377,0.480545,0.135765,-0.389165,0.244309
282,0.550249,-1.011834,0.412813,0.029385,-0.53433,0.307921,0.550482,-1.02028,0.424816,0.143706,-0.554765,0.218284,0.515763,-0.956271,0.405954,0.108525,-0.356231,0.235157,0.529953,-0.967485,0.428003,0.089006,-0.492035,0.233897
283,0.487852,-0.961844,0.348377,0.084474,-0.503908,0.331051,0.546169,-0.982307,0.401015,0.09414,-0.508658,0.441166,0.529406,-0.996461,0.450421,0.095955,-0.410537,0.261639,0.511956,-0.997124,0.371224,0.146636,-0.444657,0.320943
284,0.555933,-0.980203,0.428783,0.245622,-0.397968,0.277231,0.554349,-0.971521,0.350746,0.182933,-0.465766,0.322378,0.55896,-1.00046,0.388687,0.207148,-0.402293,0.353114,0.491688,-1.037126,0.429621,0.169819,-0.449951,0.342425
285,0.530424,-1.009767,0.413244,0.117913,-0.355478,0.204818,0.565162,-0.986176,0.386873,0.132451,-0.436927,0.268646,0.624736,-0.963595,0.381499,0.233508,-0.488378,0.364941,0.60529,-1.013154,0.369364,0.202423,-0.469567,0.333825
286,0.54678,-1.016153,0.37199,0.249886,-0.364221,0.277424,0.607358,-0.997374,0.327408,0.120878,-0.383122,0.324846,0.607877,-1.047249,0.351459,0.149708,-0.405591,0.261818,0.575503,-0.9729,0.370123,0.2923,-0.445491,0.299158
287,0.586734,-1.004827,0.313739,0.158974,-0.484018,0.264084,0.586458,-0.938788,0.355675,0.23218,-0.428496,0.241418,0.602382,-1.050381,0.329619,0.190553,-0.436003,0.287076,0.661278,-1.028002,0.35101,0.190975,-0.42063,0.174407
288,0.606467,-0.958539,0.310968,0.117539,-0.406293,0.207158,0.560233,-0.993166,0.311489,0.261453,-0.468849,0.24611,0.524612,-1.020891,0.362968,0.191082,-0.423819,0.269781,0.602191,-0.998094,0.329563,0.266535,-0.462481,0.202818
289,0.608218,-1.004437,0.298307,0.129924,-0.395743,0.282534,0.666453,-0.972203,0.346661,0.212352,-0.46322,0.262453,0.674692,-0.937715,0.325003,0.166877,-0.433116,0.220845,0.634908,-0.959074,0.343969,0.179607,-0.373444,0.204168
290,0.641072,-1.003206,0.277216,0.284277,-0.489771,0.348494,0.693971,-0.980259,0.318702,0.174027,-0.422042,0.27374,0.587958,-0.933137,0.28481,0.194162,-0.492908,0.230072,0.643434,-0.949701,0.331024,0.197014,-0.48625,0.304803
291,0.584577,-0.995283,0.318085,0.190669,-0.559152,0.256849,0.650142,-0.958861,0.286181,0.194329,-0.396809,0.239417,0.638419,-0.974692,0.191893,0.10239,-0.446355,0.272769,0.625524,-1.011935,0.278871,0.19055,-0.434316,0.241136
292,0.610752,-0.936374,0.199374,0.194147,-0.505659,0.308254,0.669963,-0.948482,0.227744,0.265505,-0.395145,0.259638,0.657812,-0.965259,0.266675,0.163768,-0.437557,0.216868,0.632917,-0.96668,0.239842,0.346807,-0.423552,0.275613
293,0.690304,-1.013124,0.24911,0.26733,-0.524857,0.371651,0.645172,-0.949207,0.213068,0.266608,-0.47174,0.15076,0.660916,-0.935417,0.20569,0.331427,-0.472934,0.178524,0.650997,-0.99642,0.30304,0.222551,-0.461167,0.255662
294,0.671713,-0.9206,0.219448,0.156438,-0.476007,0.213328,0.665384,-0.893706,0.196883,0.196149,-0.502355,0.189395,0.685999,-0.91662,0.198455,0.204785,-0.416788,0.225342,0.662338,-0.940386,0.196274,0.264045,-0.480882,0.303584
295,0.720525,-0.994612,0.216235,0.180717,-0.43263,0.33538,0.665028,-0.95148,0.230317,0.203678,-0.492166,0.25991,0.683429,-0.970185,0.171064,0.279983,-0.378344,0.187214,0.715377,-0.949652,0.212081,0.301549,-0.434901,0.216183
296,0.663069,-0.963,0.204353,0.180169,-0.471085,0.259971,0.696414,-0.921328,0.184205,0.376222,-0.502297,0.251314,0.698946,-0.948289,0.170196,0.300435,-0.387359,0.156486,0.715615,-0.935269,0.203707,0.185224,-0.44589,0.303011
297,0.676183,-0.95075,0.15523,0.2762,-0.442941,0.085576,0.744505,-0.960975,0.154926,0.293437,-0.506066,0.164349,0.732053,-0.940464,0.186424,0.303895,-0.463122,0.207269,0.674604,-0.966422,0.217605,0.369797,-0.377712,0.282001
298,0.749871,-0.917563,0.181825,0.299545,-0.428034,0.156132,0.718359,-0.950581,0.175104,0.297501,-0.402337,0.235888,0.744274,-0.907191,0.124669,0.267041,-0.362642,0.183596,0.719431,-0.89135,0.143398,0.265542,-0.433575,0.1939
299,0.739925,-0.942538,0.129597,0.266726,-0.576734,0.143176,0.746513,-0.934573,0.091549,0.22537,-0.410895,0.194757,0.692283,-0.942816,0.159633,0.22943,-0.475684,0.264645,0.720598,-0.911841,0.108978,0.315069,-0.406348,0.284015
300,0.708035,-0.979929,0.079019,0.273561,-0.503422,0.224252,0.705318,-0.922235,0.094135,0.347444,-0.384296,0.22731,0.77542,-0.885843,0.075153,0.256047,-0.40907,0.187664,0.6794,-0.89192,0.08739,0.371057,-0.526116,0.186033
301,0.716313,-0.906279,0.103878,0.416876,-0.42963,0.257523,0.718694,-0.89668,0.097791,0.232867,-0.547294,0.136935,0.734286,-0.945719,0.11759,0.31608,-0.50928,0.177701,0.763228,-0.870655,0.110825,0.311165,-0.45257,0.227152
302,0.791672,-0.890437,0.062175,0.2985,-0.406526,0.20702,0.754613,-0.890729,0.040296,0.285882,-0.485056,0.144331,0.740341,-0.913473,0.113865,0.333902,-0.432912,0.199606,0.738991,-0.903291,0.025738,0.223209,-0.482016,0.168988
303,0.769336,-0.912444,0.046498,0.310471,-0.478821,0.218165,0.756014,-0.876263,-0.007208,0.396544,-0.417759,0.097371,0.791479,-0.852715,0.043483,0.323795,-0.464929,0.081929,0.751711,-0.849708,0.034207,0.2447,-0.429875,0.171841
304,0.858415,-0.847846,-0.00207,0.31756,-0.395982,0.106776,0.786611,-0.8893,0.04374,0.301707,-0.4386,0.039679,0.823357,-0.916688,0.054964,0.273125,-0.420123,0.15616,0.780415,-0.913893,0.05099,0.318353,-0.434343,0.124593
305,0.800062,-0.904684,0.01423,0.293282,-0.431463,0.111389,0.783784,-0.842215,0.053991,0.349209,-0.541508,0.201779,0.76845,-0.912444,0.04779,0.255461,-0.449397,0.122565,0.810998,-0.903817,0.000794,0.338757,-0.497812,0.122064
306,0.807269,-0.843445,-0.051696,0.338598,-0.453448,0.147888,0.798196,-0.873095,0.025612,0.274344,-0.410722,0.101361,0.773515,-0.834546,-0.016923,0.359559,-0.470928,0.089514,0.800991,-0.873931,-0.036702,0.240739,-0.4391,0.003402
307,0.789871,-0.844027,-0.042271,0.418344,-0.48823,0.150708,0.83115,-0.860241,0.005625,0.375207,-0.463436,0.161167,0.809901,-0.867193,0.009002,0.34107,-0.435671,0.113988,0.810387,-0.823046,-0.034604,0.416046,-0.382272,0.096102
308,0.791961,-0.913414,-0.053814,0.366199,-0.366352,0.126228,0.804767,-0.846657,-0.041081,0.384577,-0.393098,0.166212,0.801155,-0.884167,-0.008925,0.387636,-0.411277,0.080513,0.823894,-0.819509,-0.084556,0.382438,-0.29154,0.025791
309,0.79542,-0.873359,-0.07916,0.26904,-0.343789,0.090112,0.802428,-0.84786,-0.058344,0.258029,-0.42812,0.113714,0.804099,-0.827356,-0.047317,0.427353,-0.383356,0.062523,0.838416,-0.834914,-0.071614,0.290798,-0.464265,0.097252
310,0.853594,-0.831638,-0.083292,0.335602,-0.471736,0.049583,0.800745,-0.775818,-0.067969,0.303533,-0.404753,0.108287,0.847361,-0.796596,-0.073495,0.301398,-0.490346,0.10226,0.780301,-0.798454,-0.073075,0.346429,-0.370155,0.211947
311,0.811098,-0.753252,-0.080411,0.386179,-0.484026,0.050474,0.855187,-0.774457,-0.106513,0.250511,-0.395479,0.036267,0.839543,-0.815885,-0.135714,0.29792,-0.363155,0.119907,0.811248,-0.811516,-0.147793,0.354638,-0.451371,0.131596
312,0.846395,-0.772022,-0.080932,0.381747,-0.404729,0.028898,0.86297,-0.843933,-0.117515,0.307846,-0.446673,0.053819,0.808504,-0.790425,-0.134018,0.268842,-0.447818,0.033634,0.823092,-0.781804,-0.116563,0.418007,-0.476279,0.09784
313,0.843269,-0.750915,-0.084094,0.417688,-0.430243,0.047832,0.838722,-0.769585,-0.059542,0.364084,-0.451218,0.012074,0.909257,-0.750315,-0.14533,0.337659,-0.393788,0.051207,0.851257,-0.773639,-0.148427,0.36176,-0.422317,0.099103
314,0.869087,-0.801455,-0.114678,0.341271,-0.444641,0.026704,0.86958,-0.796864,-0.152632,0.463943,-0.468346,0.029387,0.904833,-0.745257,-0.137016,0.352613,-0.385823,0.015368,0.856105,-0.794593,-0.172591,0.5094,-0.513303,-0.032687
315,0.885403,-0.762072,-0.166228,0.378497,-0.340067,0.090174,0.837939,-0.741363,-0.189461,0.354953,-0.366242,0.057877,0.828926,-0.820974,-0.12097,0.348133,-0.42295,0.02468,0.875061,-0.802104,-0.172679,0.452031,-0.352555,-0.045597
316,0.854338,-0.793344,-0.1793,0.366533,-0.424042,0.080674,0.858391,-0.679917,-0.181701,0.257294,-0.427737,-0.060886,0.86514,-0.739655,-0.19896,0.314446,-0.487705,-0.005505,0.864739,-0.761035,-0.154365,0.490336,-0.393847,0.13105
317,0.854936,-0.694342,-0.250617,0.313163,-0.349015,-0.03102,0.864834,-0.803294,-0.1966,0.439958,-0.424104,0.021784,0.887294,-0.736008,-0.223781,0.380113,-0.373998,-0.023642,0.951977,-0.738732,-0.189319,0.349662,-0.328517,0.104481
318,0.888388,-0.716736,-0.234243,0.28472,-0.385375,0.032689,0.872099,-0.720744,-0.247947,0.397202,-0.257148,0.005754,0.852381,-0.732835,-0.228856,0.463056,-0.389077,0.098017,0.857388,-0.7007,-0.185212,0.40422,-0.322984,-0.107221
319,0.849523,-0.717176,-0.245372,0.352322,-0.434177,0.104941,0.889373,-0.71273,-0.22987,0.323509,-0.382736,0.014545,0.914861,-0.683282,-0.260046,0.450572,-0.355492,0.037548,0.826162,-0.6476,-0.250382,0.360003,-0.393498,0.007942
320,0.901211,-0.696804,-0.303976,0.421811,-0.431977,-0.142495,0.863961,-0.672973,-0.251256,0.41071,-0.443981,0.020182,0.892674,-0.659701,-0.255038,0.32793,-0.358254,0.046405,0.902426,-0.765506,-0.289266,0.376695,-0.478446,0.106284
321,0.884348,-0.730378,-0.272206,0.440462,-0.434394,-0.018228,0.886889,-0.694925,-0.283601,0.458668,-0.321773,0.091431,0.83275,-0.708276,-0.269151,0.455851,-0.437819,0.105081,0.896858,-0.655993,-0.293221,0.329953,-0.398264,-0.028631
322,0.882597,-0.709542,-0.332668,0.376429,-0.333171,-0.028301,0.858998,-0.701248,-0.338249,0.410521,-0.307225,-0.025427,0.900227,-0.651448,-0.260524,0.456069,-0.385127,-0.016147,0.908144,-0.692399,-0.313257,0.437836,-0.370476,-0.081355
323,0.905408,-0.659744,-0.28759,0.399214,-0.342351,0.022581,0.849059,-0.686118,-0.318997,0.406498,-0.410734,0.111413,0.869278,-0.6483,-0.307169,0.394207,-0.373229,0.018621,0.900634,-0.634314,-0.30574,0.369044,-0.393409,-0.034961
324,0.931793,-0.633646,-0.324376,0.396818,-0.389409,-0.018366,0.895778,-0.666126,-0.318115,0.356468,-0.351267,0.025663,0.905017,-0.63317,-0.35342,0.489945,-0.346851,-0.00707,0.876466,-0.624815,-0.322747,0.474245,-0.424296,0.016074
325,0.919893,-0.638458,-0.378015,0.41995,-0.368827,-0.066826,0.911447,-0.680759,-0.343433,0.435558,-0.381267,0.047714,0.90999,-0.605872,-0.387304,0.482056,-0.497037,0.000684,0.922341,-0.582323,-0.30146,0.49883,-0.400321,-0.081175
326,0.950568,-0.638387,-0.388375,0.413507,-0.315903,-0.047805,0.869971,-0.569128,-0.366083,0.378362,-0.358746,0.071948,0.916463,-0.640981,-0.347175,0.431771,-0.360356,-0.048077,0.926907,-0.608109,-0.337101,0.434919,-0.426829,-0.073742
327,0.91277,-0.644328,-0.450922,0.391495,-0.337714,-0.009981,0.909235,-0.572855,-0.403845,0.387923,-0.362719,-0.122675,0.912533,-0.598753,-0.406478,0.302985,-0.361092,-0.035087,0.918143,-0.574289,-0.377386,0.451369,-0.41203,0.031655
328,0.938897,-0.599257,-0.398087,0.412672,-0.307123,-0.078325,0.905571,-0.614896,-0.501695,0.421797,-0.447839,0.003033,0.939476,-0.54794,-0.40836,0.474719,-0.362251,-0.004683,0.868442,-0.569079,-0.399701,0.449674,-0.275235,-0.074495
329,0.856484,-0.647706,-0.465591,0.454837,-0.323535,-0.03797,0.915489,-0.588216,-0.386912,0.401227,-0.352387,-0.11538,0.896377,-0.582992,-0.444729,0.562549,-0.349159,-0.123457,0.8709,-0.54455,-0.43257,0.453497,-0.325594,-0.083954
330,0.915859,-0.585718,-0.511363,0.418226,-0.342769,-0.227918,0.938502,-0.556769,-0.476823,0.408063,-0.354852,-0.129768,0.880766,-0.514965,-0.486407,0.466642,-0.371434,-0.123239,0.934772,-0.594367,-0.387282,0.458852,-0.423815,-0.005222
331,0.889057,-0.507921,-0.437396,0.430455,-0.31958,-0.126156,0.912578,-0.552989,-0.466406,0.42483,-0.238863,-0.131993,0.900535,-0.485306,-0.428571,0.535077,-0.277957,-0.03532,0.927067,-0.57418,-0.44687,0.375593,-0.413207,-0.086139
332,0.914094,-0.514575,-0.483344,0.462059,-0.300588,-0.138009,0.961488,-0.473876,-0.443964,0.518883,-0.391342,-0.022758,0.911557,-0.511271,-0.494779,0.489013,-0.320616,-0.04112,0.915373,-0.521047,-0.51136,0.497642,-0.300553,-0.136933
333,0.952271,-0.531652,-0.484127,0.423286,-0.309707,-0.193562,0.898134,-0.540829,-0.542828,0.520097,-0.298006,-0.108176,0.90676,-0.519361,-0.515318,0.458804,-0.377,-0.094194,0.873579,-0.484613,-0.473921,0.433112,-0.461734,-0.088405
334,0.913439,-0.489997,-0.52984,0.56871,-0.33997,-0.112142,0.981957,-0.533756,-0.536904,0.473475,-0.33165,-0.108703,0.890346,-0.475388,-0.524089,0.464776,-0.269339,-0.177195,0.851788,-0.493244,-0.525717,0.417959,-0.359613,-0.090167
335,0.956124,-0.44732,-0.500191,0.366185,-0.308508,-0.075402,0.955745,-0.462187,-0.499178,0.386601,-0.333934,-0.183261,0.892461,-0.46937,-0.546929,0.516056,-0.351343,-0.254045,0.887589,-0.496803,-0.503306,0.509417,-0.395345,0.026232
336,0.925095,-0.491235,-0.582721,0.417209,-0.377356,-0.170299,0.891003,-0.486492,-0.483054,0.549625,-0.267199,-0.170186,0.938832,-0.457571,-0.582568,0.494287,-0.26631,-0.119478,0.949421,-0.469463,-0.547724,0.342564,-0.309232,0.001551
337,0.95166,-0.452629,-0.548613,0.460087,-0.268375,-0.150818,0.889437,-0.363867,-0.551219,0.43047,-0.274265,-0.106373,0.884541,-0.414374,-0.622021,0.396402,-0.357842,-0.153473,0.857438,-0.429025,-0.541987,0.46248,-0.266019,-0.094986
338,0.914062,-0.443814,-0.571555,0.371294,-0.353598,-0.14246,0.940086,-0.432311,-0.588607,0.471867,-0.293625,-0.167312,0.8519,-0.415978,-0.575351,0.479875,-0.335047,0.023774,0.975634,-0.425629,-0.583477,0.460947,-0.392012,-0.108073
339,0.909926,-0.34658,-0.55601,0.493727,-0.308988,-0.090661,0.893833,-0.400798,-0.607412,0.467302,-0.259649,-0.134875,0.910013,-0.384801,-0.638125,0.420202,-0.221358,-0.035094,0.915803,-0.442712,-0.588503,0.47553,-0.240622,-0.167963
340,0.86569,-0.398877,-0.598798,0.567145,-0.32163,-0.177945,0.93212,-0.376864,-0.639814,0.417715,-0.265909,-0.094708,0.945069,-0.402734,-0.599645,0.530149,-0.310258,-0.162644,0.916049,-0.395386,-0.628723,0.539901,-0.209216,-0.181643
341,0.912428,-0.352002,-0.691755,0.509867,-0.286131,-0.16014,0.893901,-0.375559,-0.614046,0.495866,-0.348143,-0.101172,0.882765,-0.413768,-0.625633,0.478329,-0.265525,-0.153044,0.843192,-0.35546,-0.63771,0.525342,-0.247418,-0.110144
342,0.873496,-0.351041,-0.614791,0.510009,-0.377896,-0.101938,0.942725,-0.350334,-0.641035,0.475569,-0.231024,-0.14038,0.894241,-0.365558,-0.591741,0.43163,-0.396524,-0.20085,0.891419,-0.326344,-0.657715,0.502869,-0.245133,-0.131055
343,0.914828,-0.311903,-0.664965,0.446387,-0.176865,-0.264444,0.931406,-0.312745,-0.621991,0.582173,-0.380563,-0.14869,0.888693,-0.310025,-0.598409,0.482948,-0.30959,-0.147372,0.847559,-0.364811,-0.665958,0.459956,-0.209834,-0.24008
344,0.88187,-0.283069,-0.670164,0.463253,-0.216534,-0.104087,0.860851,-0.279387,-0.660647,0.528918,-0.256878,-0.1346,0.942865,-0.382333,-0.63653,0.502979,-0.289085,-0.150093,0.894105,-0.297104,-0.66146,0.415696,-0.245567,-0.180125
345,0.873365,-0.306389,-0.623068,0.487364,-0.318689,-0.186459,0.875216,-0.279423,-0.71977,0.483064,-0.123972,-0.084151,0.901083,-0.278122,-0.670435,0.544793,-0.279179,-0.18224,0.843887,-0.285888,-0.637544,0.495991,-0.246047,-0.098616
346,0.838324,-0.305836,-0.701427,0.440231,-0.252164,-0.151975,0.826238,-0.308066,-0.64468,0.469825,-0.321852,-0.187235,0.918934,-0.310098,-0.694027,0.467136,-0.368235,-0.251741,0.927101,-0.300094,-0.674083,0.347477,-0.25369,-0.206462
347,0.822792,-0.248881,-0.721208,0.472992,-0.270361,-0.240912,0.918101,-0.29454,-0.680893,0.408112,-0.254437,-0.247422,0.838463,-0.244757,-0.676908,0.514254,-0.18941,-0.202445,0.868372,-0.246405,-0.714143,0.433956,-0.285035,-0.105788
348,0.904157,-0.271843,-0.67127,0.405107,-0.150651,-0.211272,0.863688,-0.274764,-0.698627,0.345457,-0.246265,-0.267079,0.860856,-0.203888,-0.742937,0.49659,-0.340271,-0.280851,0.903222,-0.253757,-0.703924,0.507662,-0.145035,-0.248199
349,0.805242,-0.170005,-0.72051,0.462877,-0.23036,-0.338952,0.858775,-0.167758,-0.760981,0.568884,-0.117524,-0.172757,0.864629,-0.238022,-0.77711,0.567933,-0.229908,-0.194231,0.846161,-0.229753,-0.730474,0.431068,-0.229867,-0.161777
350,0.853402,-0.210619,-0.728272,0.427713,-0.28051,-0.222894,0.898919,-0.156554,-0.703332,0.414997,-0.255569,-0.220284,0.862425,-0.199069,-0.704141,0.515777,-0.252594,-0.17576,0.875015,-0.220626,-0.785746,0.448159,-0.30441,-0.26918
351,0.864647,-0.221003,-0.750291,0.470054,-0.233838,-0.192667,0.787313,-0.138277,-0.741421,0.435832,-0.186452,-0.355266,0.849723,-0.206527,-0.777751,0.491838,-0.095543,-0.288881,0.825058,-0.193738,-0.732333,0.381427,-0.205533,-0.261951
352,0.841104,-0.142246,-0.763128,0.466665,-0.287545,-0.262699,0.849088,-0.183084,-0.773208,0.451132,-0.167456,-0.292996,0.871877,-0.194352,-0.769408,0.442627,-0.196693,-0.307922,0.857375,-0.129513,-0.804377,0.370366,-0.232805,-0.298751
353,0.882608,-0.1824,-0.762312,0.447555,-0.152819,-0.276657,0.83668,-0.124745,-0.771003,0.520622,-0.230931,-0.305923,0.854373,-0.115914,-0.745167,0.457436,-0.145511,-0.2822,0.902978,-0.162126,-0.773337,0.460338,-0.270553,-0.26358
354,0.827767,-0.102002,-0.761337,0.470969,-0.189147,-0.261745,0.839754,-0.146148,-0.785383,0.436839,-0.255376,-0.264622,0.874719,-0.12256,-0.782276,0.531132,-0.116392,-0.145578,0.85031,-0.144778,-0.801035,0.459203,-0.193022,-0.237571
355,0.841988,-0.106083,-0.806488,0.421781,-0.200785,-0.29303,0.871132,-0.136146,-0.800658,0.402732,-0.131971,-0.328232,0.830108,-0.158102,-0.780902,0.476109,-0.262227,-0.370754,0.847264,-0.11596,-0.812219,0.513913,-0.164229,-0.22106
356,0.848476,-0.102047,-0.844322,0.354293,-0.220423,-0.300204,0.835504,-0.090595,-0.880076,0.513403,-0.125631,-0.344373,0.868918,-0.06863,-0.8152,0.446988,-0.1835,-0.335556,0.849821,-0.113075,-0.771898,0.386092,-0.183228,-0.259119
357,0.820361,-0.081036,-0.821667,0.483473,-0.247234,-0.345782,0.845134,-0.076179,-0.780886,0.522312,-0.140226,-0.302223,0.803429,-0.137969,-0.848198,0.576654,-0.105645,-0.291697,0.820331,-0.155011,-0.819177,0.419309,-0.138724,-0.211106
358,0.829926,-0.026472,-0.885001,0.439548,-0.15326,-0.329089,0.804576,-0.060508,-0.824295,0.597616,-0.147951,-0.253962,0.838964,-0.034112,-0.869454,0.527322,-0.081335,-0.291049,0.834957,-0.055756,-0.843251,0.387552,-0.187597,-0.242076
359,0.839775,-0.067386,-0.867172,0.43236,-0.105859,-0.343192,0.800589,-0.106762,-0.846738,0.485561,-0.298447,-0.22731,0.81512,-0.011265,-0.819735,0.441729,-0.20572,-0.421034,0.825385,-0.005057,-0.847809,0.478909,-0.087902,-0.306951
360,0.774519,-0.030326,-0.816022,0.463996,-0.205734,-0.284862,0.803069,0.017489,-0.84255,0.442502,-0.112576,-0.328721,0.809357,-0.00619,-0.814595,0.452532,-0.104522,-0.354348,0.827454,-0.016334,-0.891923,0.501171,-0.21081,-0.304856
361,0.754943,-0.036877,-0.876218,0.482572,-0.083929,-0.281396,0.817157,0.01211,-0.885327,0.450046,-0.167946,-0.32553,0.820234,0.033029,-0.894933,0.535376,-0.096972,-0.279544,0.753961,0.051013,-0.877346,0.524204,-0.089505,-0.36571
362,0.751988,0.022289,-0.856855,0.528406,-0.096395,-0.30758,0.80063,-0.00977,-0.862244,0.447544,-0.145832,-0.297712,0.757213,-0.018548,-0.899593,0.411089,-0.099738,-0.299301,0.778947,0.003947,-0.937421,0.509777,-0.074644,-0.443098
363,0.760707,-0.009337,-0.865904,0.512859,-0.187809,-0.355594,0.791287,0.057957,-0.85476,0.444853,-0.11495,-0.294567,0.771122,0.019187,-0.872715,0.297158,-0.021933,-0.353194,0.770705,0.023971,-0.947108,0.487123,-0.025844,-0.435821
364,0.77316,0.070388,-0.875441,0.538224,0.046748,-0.337627,0.778658,0.046462,-0.942606,0.567707,-0.188938,-0.277177,0.757265,0.044355,-0.865713,0.567188,-0.141109,-0.264333,0.79053,0.052398,-0.901411,0.426438,-0.033667,-0.296289
365,0.739723,0.109644,-0.91916,0.471319,-0.177338,-0.313179,0.768071,0.048075,-0.912649,0.386624,-0.151053,-0.247777,0.716985,0.118382,-0.952455,0.481015,-0.038381,-0.344442,0.837042,0.0587,-0.879255,0.59495,-0.204249,-0.4716
366,0.801155,0.111655,-0.938737,0.3991,-0.076061,-0.395863,0.764274,0.057206,-0.899789,0.502492,-0.208581,-0.256876,0.77061,0.090777,-0.956356,0.391447,-0.120521,-0.316766,0.743136,0.077104,-0.909647,0.451919,-0.160655,-0.318604
367,0.772252,0.090744,-0.930396,0.428978,-0.087704,-0.332095,0.715794,0.150326,-0.875294,0.513847,-0.071773,-0.321211,0.733307,0.113143,-0.917934,0.454003,-0.063443,-0.357373,0.699647,0.097561,-0.945379,0.395971,-0.136046,-0.283608
368,0.75602,0.116057,-0.914813,0.523248,-0.059983,-0.228051,0.714613,0.113408,-0.899957,0.383317,-0.1266,-0.357835,0.704409,0.11323,-0.931491,0.490702,-0.114544,-0.199617,0.728062,0.102847,-0.951309,0.439179,-0.078595,-0.241425
369,0.690642,0.177346,-0.911017,0.538542,-0.027454,-0.341415,0.720876,0.185613,-0.941574,0.545351,-0.020085,-0.374443,0.702836,0.149002,-0.902943,0.448836,-0.0645,-0.377657,0.681886,0.143525,-0.941034,0.467654,-0.101206,-0.256435
370,0.725543,0.178207,-0.969393,0.421287,0.003082,-0.429605,0.721228,0.139286,-0.957713,0.544081,0.050124,-0.372102,0.695284,0.130172,-0.946092,0.44528,-0.022553,-0.341088,0.671853,0.183333,-0.935504,0.47687,-0.033113,-0.271328
371,0.716421,0.189809,-0.971022,0.396017,0.011784,-0.31942,0.698945,0.200564,-0.952863,0.48636,-0.112289,-0.439264,0.673051,0.211121,-0.942397,0.42137,-0.108465,-0.447564,0.709132,0.201424,-0.876584,0.519297,-0.02466,-0.392098
372,0.675674,0.156464,-0.97755,0.457948,-0.070321,-0.361229,0.668951,0.196888,-0.94866,0.374586,0.015861,-0.398397,0.658843,0.193437,-0.951341,0.565663,-0.222438,-0.424911,0.666052,0.190544,-0.953398,0.416035,-0.033517,-0.458939
373,0.699684,0.268361,-0.943421,0.575346,0.034245,-0.384185,0.644489,0.217244,-0.958238,0.404575,-0.04583,-0.299007,0.674825,0.226143,-0.936782,0.423172,-0.011841,-0.431658,0.666397,0.241016,-0.944244,0.447938,-0.008999,-0.524946
374,0.621446,0.313712,-0.947974,0.380677,-0.034367,-0.433407,0.657017,0.23034,-0.977625,0.45224,0.002191,-0.351433,0.703662,0.287749,-0.965331,0.411209,-0.018246,-0.455196,0.626377,0.210666,-0.994311,0.457174,-0.145797,-0.383732
375,0.633255,0.245971,-0.967827,0.503956,-0.005407,-0.417084,0.677188,0.226569,-0.972854,0.38539,-0.048358,-0.370736,0.643723,0.258872,-1.003216,0.383667,-0.017943,-0.428691,0.658149,0.297745,-0.984274,0.366785,-0.049952,-0.444729
376,0.60449,0.306745,-0.969829,0.386536,-0.018348,-0.350397,0.667471,0.281264,-0.961348,0.362003,0.031745,-0.451587,0.622793,0.322085,-1.018257,0.468937,-0.050031,-0.405688,0.631279,0.311036,-0.974576,0.480282,0.01934,-0.390632
377,0.627942,0.271308,-0.93288,0.439159,0.019979,-0.451173,0.618965,0.321719,-0.935687,0.417809,0.113688,-0.463157,0.599507,0.266112,-0.988036,0.340475,0.05432,-0.395172,0.622356,0.301695,-0.99747,0.304728,0.042519,-0.404151
378,0.592162,0.244724,-1.009519,0.360529,0.049784,-0.38488,0.607706,0.359073,-1.010503,0.384626,-0.004702,-0.450413,0.56474,0.303833,-0.940208,0.439642,0.000823,-0.355196,0.58016,0.322172,-0.929189,0.42306,-0.016207,-0.402973
379,0.619526,0.310301,-0.962977,0.432841,0.07233,-0.428984,0.632347,0.297943,-0.958074,0.401629,0.149581,-0.404201,0.54918,0.336635,-0.999006,0.309756,0.029476,-0.485354,0.607864,0.321669,-0.956453,0.298596,0.01438,-0.4154
380,0.545528,0.346154,-0.991101,0.33514,-0.019219,-0.449444,0.528733,0.341821,-0.965605,0.320864,0.047092,-0.442794,0.589608,0.362066,-1.021383,0.457959,0.131551,-0.452176,0.585315,0.348771,-1.032492,0.357245,-0.019573,-0.410144
381,0.539802,0.311508,-0.955259,0.300928,0.01935,-0.44337,0.584103,0.355935,-0.973879,0.343014,-0.009092,-0.36406,0.555339,0.408453,-1.026932,0.376967,0.072532,-0.421203,0.521752,0.347258,-0.955241,0.377189,0.023144,-0.308187
382,0.573708,0.370358,-0.97221,0.401367,0.018624,-0.364503,0.577151,0.411673,-0.989489,0.407554,0.085837,-0.423501,0.544751,0.369741,-0.953499,0.398154,0.061242,-0.368738,0.581597,0.387483,-0.915695,0.397695,0.138484,-0.356444
383,0.542696,0.403687,-1.00692,0.42575,0.156304,-0.402944,0.535336,0.427844,-0.972545,0.358805,0.088063,-0.417901,0.535604,0.418692,-0.973837,0.389821,-0.055043,-0.408966,0.528101,0.414524,-0.972623,0.395863,0.036325,-0.327497
384,0.525655,0.390944,-1.026717,0.348632,-0.031395,-0.381867,0.580682,0.46636,-0.942563,0.381448,-0.039225,-0.399461,0.522467,0.463283,-0.995013,0.351505,0.067907,-0.440537,0.541466,0.412253,-1.004429,0.375794,0.134127,-0.427469
385,0.508243,0.415091,-0.96178,0.398885,0.179993,-0.495277,0.510874,0.380308,-0.996196,0.359914,0.185092,-0.419727,0.504955,0.476496,-0.986526,0.310827,0.008111,-0.377107,0.52227,0.427156,-1.063533,0.360942,0.144974,-0.39277
386,0.482312,0.409982,-1.020824,0.324964,0.062222,-0.432178,0.516695,0.428264,-0.989651,0.33476,0.071517,-0.484565,0.535785,0.44969,-0.939457,0.452412,0.017645,-0.474437,0.480094,0.441772,-0.984294,0.442186,0.029316,-0.342878
387,0.519561,0.407033,-0.977357,0.348202,0.0939,-0.452796,0.463796,0.434427,-1.005825,0.254455,0.097199,-0.423727,0.503097,0.496254,-0.947867,0.356965,0.048891,-0.419733,0.515494,0.462903,-0.965794,0.341099,0.05625,-0.383043
388,0.437668,0.486934,-1.005437,0.354004,0.143824,-0.339502,0.49483,0.48002,-1.053654,0.352853,0.083208,-0.478396,0.465467,0.46975,-0.956396,0.385492,0.084853,-0.375846,0.480756,0.52278,-0.986849,0.267735,0.141637,-0.459484
389,0.479111,0.546471,-0.999189,0.349737,0.046013,-0.500848,0.505775,0.544337,-0.994713,0.433543,0.095505,-0.395646,0.473655,0.498574,-0.952639,0.354998,0.129118,-0.488442,0.459188,0.510834,-0.98358,0.431355,0.245273,-0.456807
390,0.452541,0.554891,-0.955588,0.363012,0.088255,-0.384356,0.42317,0.504164,-1.011042,0.341682,0.089823,-0.468034,0.443652,0.506688,-1.019716,0.348203,0.071499,-0.511087,0.473042,0.512071,-0.950756,0.315363,0.069858,-0.491271
391,0.414862,0.539334,-1.004628,0.304183,0.04288,-0.452932,0.403386,0.545725,-0.977225,0.323557,0.12555,-0.405951,0.400117,0.501398,-0.978917,0.322797,0.085863,-0.472441,0.404868,0.537175,-1.014242,0.381478,0.110579,-0.438614
392,0.44889,0.54093,-0.994334,0.308287,0.145753,-0.326476,0.467908,0.562773,-1.046616,0.180148,0.167496,-0.508911,0.390652,0.540798,-1.001794,0.270648,0.084788,-0.53373,0.383822,0.540543,-0.988227,0.295962,0.109259,-0.425352
393,0.425941,0.597232,-1.009548,0.333367,0.14146,-0.388318,0.380983,0.511752,-1.021563,0.39272,0.173738,-0.555899,0.440066,0.555722,-1.04719,0.343795,0.143461,-0.465381,0.356192,0.515967,-0.960382,0.409253,0.055623,-0.475286
394,0.354646,0.561194,-0.976492,0.417648,0.161388,-0.483791,0.37436,0.588066,-0.927126,0.322854,0.242576,-0.415571,0.412969,0.569069,-1.026604,0.340564,0.087387,-0.532897,0.396384,0.582758,-1.035616,0.374809,0.162407,-0.394835
395,0.344444,0.570631,-1.024755,0.215623,0.151806,-0.350828,0.351994,0.624821,-0.954259,0.287739,0.019018,-0.487031,0.413214,0.568998,-0.979788,0.371315,0.21762,-0.415311,0.398744,0.610784,-0.997119,0.302449,0.189339,-0.53065
396,0.336781,0.557507,-0.991365,0.180646,0.174076,-0.415813,0.373157,0.612467,-0.974904,0.386746,0.213298,-0.392188,0.33656,0.624605,-1.017942,0.279161,0.265021,-0.464545,0.355253,0.568645,-0.977421,0.337332,0.203661,-0.52684
397,0.360049,0.587541,-1.05437,0.417806,0.146171,-0.486485,0.326148,0.6379,-0.986568,0.211219,0.148064,-0.437114,0.325956,0.674069,-0.999942,0.284557,0.195833,-0.4031,0.320171,0.633059,-0.991612,0.220151,0.130508,-0.460315
398,0.291081,0.621296,-1.003017,0.245447,0.187087,-0.472074,0.316708,0.666389,-0.997974,0.303748,0.149257,-0.427081,0.34215,0.649624,-0.998562,0.288273,0.086897,-0.423711,0.319717,0.653636,-0.993028,0.285309,0.168535,-0.487711
399,0.308308,0.637443,-0.977311,0.290777,0.153194,-0.491808,0.321255,0.661453,-0.98459,0.256709,0.248079,-0.477964,0.250241,0.646236,-0.98737,0.324403,0.212357,-0.460517,0.303651,0.647518,-0.975992,0.213104,0.14242,-0.47011
400,0.27066,0.626375,-1.006905,0.284487,0.079609,-0.509718,0.228588,0.630268,-0.996641,0.270589,0.15769,-0.480418,0.342373,0.69176,-0.941863,0.261572,0.210052,-0.471685,0.326028,0.669836,-0.99758,0.316864,0.203088,-0.434851
401,0.268043,0.67977,-0.962718,0.256511,0.125564,-0.458561,0.24302,0.724903,-1.015314,0.294144,0.143359,-0.522101,0.25183,0.709826,-0.942107,0.342556,0.104378,-0.433679,0.229274,0.679402,-0.981576,0.335595,0.257874,-0.507108
402,0.235308,0.642534,-0.992349,0.28121,0.225251,-0.475701,0.246556,0.684149,-0.999494,0.29074,0.17963,-0.507587,0.302876,0.680328,-1.015659,0.203814,0.203904,-0.458053,0.264347,0.675665,-0.966001,0.30817,0.192403,-0.419667
403,0.220475,0.724644,-0.921184,0.241921,0.223823,-0.444942,0.290195,0.734491,-0.979476,0.154534,0.220109,-0.514181,0.254923,0.693206,-0.962332,0.19905,0.222059,-0.438475,0.217359,0.685661,-0.917009,0.302007,0.161851,-0.535987
404,0.267945,0.748538,-0.916407,0.231644,0.260988,-0.573124,0.208762,0.718723,-0.9342,0.317033,0.283851,-0.417599,0.220356,0.718571,-0.92668,0.23434,0.234185,-0.41702,0.189852,0.750701,-0.95004,0.195377,0.256313,-0.525299
405,0.18058,0.713342,-1.022355,0.267561,0.241845,-0.486744,0.212867,0.698564,-0.937599,0.203657,0.201953,-0.434171,0.214915,0.762709,-0.980031,0.156465,0.198308,-0.498976,0.199989,0.717236,-0.921184,0.237743,0.201107,-0.434843
406,0.185174,0.753496,-1.004123,0.252309,0.206916,-0.536942,0.16245,0.73362,-0.989792,0.24135,0.224455,-0.434172,0.187845,0.742832,-0.917316,0.258943,0.287771,-0.395295,0.195031,0.826996,-0.991813,0.200271,0.308089,-0.534919
407,0.165434,0.792983,-0.935553,0.226445,0.189743,-0.440035,0.169495,0.76299,-0.921278,0.257456,0.291234,-0.445577,0.18405,0.739343,-0.927056,0.227558,0.239299,-0.435146,0.161199,0.779356,-0.963247,0.262674,0.257457,-0.418574
408,0.12846,0.819291,-0.943281,0.304319,0.25208,-0.508088,0.132037,0.767633,-0.958486,0.262637,0.165466,-0.444597,0.164101,0.795055,-0.912153,0.048128,0.284921,-0.496422,0.193671,0.777074,-0.898903,0.149757,0.260355,-0.473947
409,0.131318,0.748334,-0.959704,0.205769,0.258375,-0.570292,0.171569,0.782599,-0.967121,0.146843,0.28549,-0.434958,0.104685,0.723062,-0.952495,0.252359,0.262505,-0.481544,0.115558,0.787794,-0.949631,0.183926,0.145242,-0.342368
410,0.106465,0.765935,-0.890294,0.248627,0.169233,-0.408327,0.142578,0.773409,-0.900962,0.285488,0.25941,-0.429596,0.112956,0.768946,-0.920505,0.165067,0.229548,-0.512486,0.16886,0.834921,-0.927902,0.143949,0.322835,-0.474463
411,0.128489,0.805244,-0.948489,0.196584,0.354948,-0.409364,0.108253,0.773027,-0.904765,0.191011,0.251107,-0.473782,0.11575,0.797278,-0.903533,0.216854,0.188813,-0.494355,0.084216,0.802271,-0.909704,0.173637,0.214372,-0.490692
412,0.112819,0.825366,-0.903103,0.220027,0.236485,-0.470925,0.087315,0.801922,-0.897571,0.097077,0.249551,-0.345837,0.053695,0.835012,-0.900005,0.15271,0.279569,-0.494998,0.070761,0.84066,-0.922215,0.130826,0.293187,-0.496808
413,0.044873,0.852776,-0.884405,0.176298,0.273131,-0.451387,0.079056,0.847486,-0.940428,0.177257,0.280034,-0.449605,0.066085,0.851081,-0.898431,0.174242,0.252718,-0.502978,0.10554,0.774254,-0.936321,0.198606,0.181241,-0.47324
414,0.073113,0.81923,-0.896185,0.205844,0.211869,-0.420121,0.07302,0.824731,-0.835106,0.226774,0.308508,-0.541582,0.033844,0.850794,-0.873704,0.288914,0.376702,-0.358028,0.086046,0.857441,-0.855615,0.128085,0.337801,-0.518466
415,0.029225,0.875253,-0.88775,0.143821,0.273268,-0.498038,0.035253,0.895684,-0.847044,0.117419,0.20801,-0.481855,-0.022598,0.847072,-0.869028,0.134086,0.254782,-0.418986,0.000318,0.815459,-0.923189,0.07458,0.322753,-0.419663
416,0.03236,0.837785,-0.834446,0.17172,0.360245,-0.431936,-0.011421,0.871737,-0.898077,0.160546,0.285899,-0.434892,0.052574,0.845153,-0.87503,0.202152,0.274967,-0.440286,0.013796,0.822059,-0.879742,0.186512,0.382818,-0.36601
417,0.015195,0.848966,-0.877755,0.014906,0.339675,-0.485733,-0.0108,0.901406,-0.876278,0.141892,0.283789,-0.496604,-0.00771,0.888859,-0.876587,0.147567,0.320363,-0.373873,-0.053788,0.892185,-0.89921,0.189559,0.327392,-0.515303
418,-0.045322,0.906146,-0.888109,0.031006,0.306721,-0.424863,-0.039757,0.83569,-0.818818,0.122397,0.34589,-0.369826,-0.050133,0.919035,-0.872673,0.241593,0.320924,-0.334386,-0.042469,0.857072,-0.88717,0.178157,0.346834,-0.440452
419,-0.037189,0.873257,-0.850849,0.044573,0.346368,-0.414123,-0.011438,0.895255,-0.815569,0.111331,0.344227,-0.449526,-0.057391,0.854135,-0.830503,0.160814,0.340231,-0.337698,-0.047127,0.8511,-0.842516,0.09742,0.366771,-0.435466
420,-0.003727,0.87801,-0.844581,0.138032,0.254998,-0.398507,-0.111465,0.904006,-0.785655,0.060585,0.336599,-0.43328,-0.028655,0.873822,-0.805986,0.066188,0.348135,-0.368753,-0.048176,0.900289,-0.84029,0.208106,0.330289,-0.442535
421,-0.110079,0.900826,-0.865644,0.199472,0.3116,-0.430588,-0.108195,0.96022,-0.843241,0.064856,0.406826,-0.361053,-0.043607,0.895089,-0.776277,0.046652,0.319188,-0.47547,-0.056329,0.945418,-0.863614,0.12045,0.278157,-0.429693
422,-0.157763,0.915617,-0.78853,0.062163,0.380168,-0.345114,-0.043955,0.916148,-0.835041,0.166505,0.261895,-0.449024,-0.092662,0.860508,-0.839198,0.058144,0.369963,-0.428131,-0.05491,0.92217,-0.843384,0.104957,0.336107,-0.514729
423,-0.119656,0.940112,-0.754118,0.130172,0.360403,-0.35964,-0.066238,0.88574,-0.818404,0.101198,0.32935,-0.459137,-0.101423,0.919914,-0.803892,0.040257,0.325674,-0.456816,-0.092191,0.912014,-0.807252,0.195265,0.370978,-0.344976
424,-0.125866,0.943465,-0.746807,0.12736,0.384493,-0.466081,-0.1666,0.945638,-0.818643,0.101827,0.411491,-0.442616,-0.113383,0.938409,-0.819035,0.060995,0.359431,-0.472112,-0.119847,0.935912,-0.778644,0.123817,0.378255,-0.373702
425,-0.141903,0.93105,-0.757507,0.117327,0.391083,-0.541668,-0.177059,0.908846,-0.766788,0.091271,0.451181,-0.505148,-0.15313,0.931173,-0.803585,0.058346,0.375299,-0.509168,-0.188746,0.957649,-0.770094,0.046825,0.304551,-0.356234
426,-0.220856,0.953161,-0.790654,0.11104,0.417108,-0.415478,-0.183576,0.953779,-0.794542,0.063983,0.438692,-0.407132,-0.231915,0.960533,-0.805009,0.089812,0.342135,-0.385376,-0.208548,0.937398,-0.771381,0.093409,0.392232,-0.422459
427,-0.167072,0.945815,-0.732747,0.025655,0.428238,-0.494373,-0.196603,0.916515,-0.768708,0.057516,0.275704,-0.347338,-0.115743,0.925269,-0.734598,0.122082,0.347834,-0.378497,-0.170645,0.965666,-0.773927,0.146029,0.263555,-0.39596
428,-0.187138,0.926008,-0.734298,0.010115,0.302051,-0.38809,-0.181146,0.914956,-0.709606,-0.055407,0.367243,-0.479115,-0.164229,0.970904,-0.752729,-0.001449,0.366606,-0.445302,-0.164357,0.936469,-0.774043,0.159777,0.316701,-0.402548
429,-0.185265,0.997983,-0.737992,0.072382,0.453982,-0.387907,-0.183293,0.941802,-0.741809,0.112847,0.382739,-0.406145,-0.210415,0.980858,-0.684561,-0.03568,0.334099,-0.45819,-0.230502,0.903508,-0.730906,0.112974,0.414082,-0.429285
430,-0.211446,0.959788,-0.705447,0.123929,0.27113,-0.399525,-0.228296,0.962868,-0.676422,-0.050176,0.384433,-0.350415,-0.205098,0.988183,-0.730606,0.015194,0.364438,-0.487286,-0.220641,0.934222,-0.680085,-0.037443,0.407995,-0.463948
431,-0.251812,0.920465,-0.685472,0.09444,0.396944,-0.401141,-0.200211,1.007701,-0.673445,0.055594,0.398224,-0.337747,-0.269702,0.924967,-0.711061,0.027435,0.356316,-0.340686,-0.246719,0.983215,-0.693765,-0.007835,0.330414,-0.446061
432,-0.236897,1.025284,-0.684583,0.021555,0.361206,-0.453772,-0.286525,0.999457,-0.703988,0.017187,0.390971,-0.418621,-0.217361,0.950842,-0.673663,-0.093598,0.377341,-0.369165,-0.237134,0.979184,-0.705403,-0.068088,0.38929,-0.38137
433,-0.281324,1.012613,-0.674382,-0.012007,0.449594,-0.437024,-0.304572,0.996229,-0.631633,0.020497,0.394168,-0.447155,-0.267653,0.984343,-0.675753,0.046479,0.409461,-0.414978,-0.285501,0.973857,-0.684189,-0.086636,0.410126,-0.483227
434,-0.313897,0.965406,-0.671225,-0.013998,0.328978,-0.305061,-0.295121,0.988382,-0.684572,-0.011955,0.426177,-0.393462,-0.311587,0.996875,-0.681185,0.066833,0.379341,-0.286566,-0.275284,0.971358,-0.632812,-0.055708,0.392514,-0.415249
435,-0.276432,0.975071,-0.606528,-0.021857,0.397808,-0.333692,-0.297654,0.985462,-0.603257,-0.049769,0.35218,-0.331773,-0.300059,1.018416,-0.644466,-0.06972,0.338502,-0.370314,-0.310943,0.99856,-0.598634,-0.009166,0.405737,-0.384824
436,-0.390545,1.012712,-0.654313,0.014719,0.461062,-0.420992,-0.331113,0.973426,-0.690309,0.050924,0.371741,-0.277252,-0.334893,1.007558,-0.62124,0.021982,0.422849,-0.414118,-0.298451,1.007353,-0.680504,-0.115396,0.365363,-0.367555
437,-0.32169,0.977782,-0.639218,0.086332,0.370543,-0.486278,-0.347416,1.04493,-0.576575,-0.14005,0.417513,-0.31035,-0.346227,1.032181,-0.614968,0.017111,0.478685,-0.322943,-0.339526,0.99107,-0.634815,-0.068055,0.494444,-0.349147
438,-0.382558,1.034959,-0.550284,-0.022611,0.492065,-0.288703,-0.358458,0.943602,-0.60442,-0.06108,0.496673,-0.418127,-0.359075,0.959825,-0.584132,-0.074721,0.364345,-0.316637,-0.332078,1.011523,-0.577325,-0.035175,0.377397,-0.380476
439,-0.389621,0.982397,-0.61086,-0.159101,0.426953,-0.33685,-0.393061,0.978004,-0.548117,-0.155391,0.447492,-0.432137,-0.365616,1.076002,-0.586599,-0.14524,0.429298,-0.31652,-0.393489,0.996528,-0.603557,-0.061506,0.421831,-0.339597
440,-0.402533,0.997814,-0.585994,-0.091019,0.464144,-0.303982,-0.393546,0.982193,-0.558933,-0.064269,0.402821,-0.300577,-0.40188,0.934788,-0.592505,-0.063932,0.419816,-0.437485,-0.40678,0.972521,-0.619488,0.026561,0.434288,-0.343943
441,-0.346449,1.001578,-0.539506,-0.167155,0.409374,-0.318555,-0.439644,1.013157,-0.558622,-0.126954,0.344514,-0.288258,-0.391464,0.96828,-0.541259,-0.087489,0.344096,-0.335307,-0.390706,0.974728,-0.519175,-0.088176,0.453679,-0.331085
442,-0.387212,1.01284,-0.48311,-0.097466,0.445351,-0.316197,-0.410813,1.012244,-0.527313,-0.141883,0.411693,-0.46723,-0.422784,0.993421,-0.563733,-0.104832,0.537635,-0.361008,-0.406306,0.986926,-0.557942,-0.028107,0.395824,-0.286903
443,-0.447606,0.983392,-0.53019,-0.058021,0.505987,-0.254166,-0.451775,0.958404,-0.555453,-0.131004,0.445656,-0.34042,-0.467958,1.055027,-0.496395,-0.117834,0.391444,-0.39919,-0.421577,1.00057,-0.5278,-0.025,0.539241,-0.298454
444,-0.497584,0.996327,-0.531979,-0.146742,0.393187,-0.28531,-0.429374,0.977942,-0.526962,-0.007377,0.505214,-0.412357,-0.483751,0.962591,-0.484047,-0.139054,0.34226,-0.376945,-0.463467,0.963389,-0.476218,-0.149285,0.410939,-0.265747
445,-0.457987,1.000651,-0.477159,-0.087166,0.357097,-0.232987,-0.490711,0.97132,-0.528841,-0.185073,0.468861,-0.428346,-0.471226,1.047876,-0.498629,-0.125874,0.44704,-0.386676,-0.487654,1.041282,-0.487706,-0.040206,0.320332,-0.252256
446,-0.470486,0.970154,-0.463631,-0.178574,0.35635,-0.304477,-0.496567,0.970859,-0.48544,-0.088186,0.486386,-0.369312,-0.559195,0.999735,-0.464513,-0.084779,0.574254,-0.381152,-0.472203,1.060578,-0.485136,-0.028461,0.53621,-0.327358
447,-0.51581,1.02975,-0.398617,-0.089856,0.414126,-0.21997,-0.497948,1.000439,-0.418969,-0.093406,0.417316,-0.359931,-0.511618,1.015474,-0.496493,-0.189658,0.498822,-0.316688,-0.495975,0.981615,-0.418408,-0.1609,0.494007,-0.288421
448,-0.48918,1.019701,-0.444878,-0.124699,0.390741,-0.343387,-0.49784,1.021061,-0.451428,-0.166752,0.450769,-0.262012,-0.504693,1.042814,-0.410798,-0.166538,0.54441,-0.247389,-0.52081,0.995447,-0.450067,-0.205448,0.424796,-0.322393
449,-0.511461,0.972313,-0.433775,-0.132901,0.445043,-0.331553,-0.533605,1.003476,-0.418067,-0.23502,0.43535,-0.288932,-0.530176,1.022132,-0.38746,-0.231444,0.503891,-0.384464,-0.533284,1.017719,-0.460801,-0.093342,0.457092,-0.319639
450,-0.518173,0.989513,-0.422353,-0.118241,0.421368,-0.301571,-0.529544,0.957306,-0.407721,-0.12461,0.4266,-0.33131,-0.566144,0.966641,-0.396418,-0.281017,0.516179,-0.392566,-0.56399,0.973121,-0.334832,-0.225895,0.539627,-0.311484
451,-0.516077,0.944301,-0.443055,-0.096023,0.378651,-0.186315,-0.532032,1.006492,-0.404659,-0.20639,0.382714,-0.281056,-0.567829,0.970947,-0.401788,-0.217437,0.447916,-0.36473,-0.531715,0.992161,-0.407594,-0.208038,0.478954,-0.278746
452,-0.582676,1.014903,-0.341227,-0.102366,0.484836,-0.244396,-0.579338,0.975864,-0.343106,-0.230424,0.495973,-0.249051,-0.585899,0.99972,-0.365238,-0.220373,0.355399,-0.241343,-0.544115,1.051649,-0.40899,-0.12481,0.374752,-0.276333
453,-0.548281,1.031972,-0.343731,-0.223129,0.515401,-0.204442,-0.589686,0.94829,-0.322542,-0.142627,0.553366,-0.231437,-0.521817,0.971717,-0.345444,-0.260049,0.385194,-0.377187,-0.608049,0.973647,-0.333465,-0.31308,0.394503,-0.343618
454,-0.576425,0.991789,-0.347534,-0.226574,0.416046,-0.277154,-0.584669,0.994116,-0.282558,-0.155312,0.494275,-0.265772,-0.631537,0.996674,-0.309271,-0.126932,0.511577,-0.116225,-0.588951,0.962099,-0.322465,-0.081488,0.463794,-0.228379
455,-0.54598,0.989099,-0.330647,-0.138125,0.423596,-0.283879,-0.591325,0.98337,-0.301549,-0.227823,0.510575,-0.283258,-0.631324,1.013565,-0.346388,-0.19272,0.468741,-0.342435,-0.592032,0.936375,-0.294433,-0.24802,0.416727,-0.275638
456,-0.615773,1.004411,-0.278718,-0.083783,0.336767,-0.31167,-0.613361,0.962852,-0.307359,-0.221681,0.580447,-0.310713,-0.61481,0.999949,-0.308364,-0.149663,0.482089,-0.17572,-0.620452,0.97561,-0.254424,-0.230088,0.457634,-0.23237
457,-0.618329,1.008367,-0.252636,-0.209805,0.368837,-0.351234,-0.594694,0.984806,-0.304424,-0.118605,0.459695,-0.169414,-0.625293,0.972888,-0.340321,-0.188376,0.493091,-0.253562,-0.63624,0.986011,-0.306761,-0.196067,0.422342,-0.154203
458,-0.621442,0.953559,-0.312613,-0.189986,0.526578,-0.273675,-0.597832,0.957616,-0.237964,-0.172456,0.34392,-0.24705,-0.697471,0.925934,-0.219985,-0.205392,0.538649,-0.23176,-0.636014,0.919813,-0.242938,-0.121729,0.479616,-0.17972
459,-0.660958,0.95756,-0.241212,-0.138049,0.468702,-0.280393,-0.636221,0.950902,-0.239717,-0.266829,0.434632,-0.258792,-0.674947,0.978201,-0.244115,-0.205881,0.407906,-0.212273,-0.647583,0.968671,-0.233509,-0.286688,0.518091,-0.334525
460,-0.665405,0.929393,-0.209388,-0.219371,0.443405,-0.233292,-0.698907,0.901657,-0.205094,-0.216454,0.381078,-0.148403,-0.654236,0.969527,-0.20278,-0.249461,0.451541,-0.144474,-0.69072,0.917363,-0.222386,-0.156682,0.502357,-0.238975
461,-0.700633,0.941486,-0.199425,-0.241643,0.503338,-0.255588,-0.7203,0.96316,-0.185956,-0.292023,0.520678,-0.207587,-0.696575,0.994104,-0.253424,-0.161429,0.476855,-0.156013,-0.710275,0.987503,-0.125967,-0.286287,0.492472,-0.138953
462,-0.764326,0.931003,-0.205984,-0.203303,0.470616,-0.217844,-0.689779,0.990758,-0.186958,-0.255073,0.530279,-0.215992,-0.706753,0.941387,-0.159416,-0.266025,0.5164,-0.162209,-0.692017,0.949961,-0.19758,-0.313645,0.42289,-0.174655
463,-0.711025,0.942532,-0.223859,-0.266705,0.529634,-0.229944,-0.748042,0.957082,-0.146861,-0.316166,0.437533,-0.116547,-0.759235,0.935528,-0.167468,-0.269531,0.477399,-0.198495,-0.681576,0.958566,-0.175403,-0.28412,0.420353,-0.237506
464,-0.707104,0.903311,-0.171414,-0.236192,0.497484,-0.141131,-0.679623,0.870068,-0.153963,-0.223046,0.472343,-0.197462,-0.731583,0.962657,-0.185533,-0.286782,0.526103,-0.237617,-0.699247,0.956132,-0.102762,-0.300278,0.476147,-0.234364
465,-0.666486,0.978138,-0.143004,-0.172941,0.396393,-0.179925,-0.755034,0.967475,-0.149528,-0.416387,0.432306,-0.171729,-0.712179,0.917495,-0.128409,-0.2047,0.434919,-0.20441,-0.732878,0.96391,-0.138983,-0.313754,0.397076,-0.224356
466,-0.770271,0.864258,-0.172857,-0.201848,0.373957,-0.182933,-0.718312,0.933758,-0.099654,-0.39109,0.536181,-0.14794,-0.743049,0.888872,-0.098916,-0.303042,0.424237,-0.11767,-0.772245,0.894156,-0.136603,-0.346282,0.413424,-0.190209
467,-0.716913,0.932355,-0.100427,-0.258596,0.504199,-0.089185,-0.749918,0.984231,-0.095758,-0.308708,0.455459,-0.152497,-0.692109,0.891732,-0.064244,-0.270415,0.487428,-0.147642,-0.702645,0.928332,-0.094383,-0.21758,0.461167,-0.274472
468,-0.757094,0.858097,-0.061413,-0.28345,0.531952,-0.180196,-0.78783,0.891533,-0.080999,-0.24634,0.49081,-0.135423,-0.800523,0.965101,-0.132021,-0.324305,0.493959,-0.169907,-0.813937,0.917456,-0.115678,-0.189968,0.479025,-0.118253
469,-0.805038,0.905297,-0.081112,-0.343954,0.470516,-0.137154,-0.731312,0.873167,-0.035104,-0.218772,0.370792,-0.209833,-0.769595,0.897569,-0.049929,-0.377869,0.505638,-0.128192,-0.781358,0.893174,-0.097503,-0.338177,0.385711,-0.082899
470,-0.757276,0.838733,-0.080064,-0.281062,0.412072,-0.258238,-0.779409,0.878129,-0.01514,-0.347004,0.410039,-0.138231,-0.768358,0.913598,-0.05846,-0.484776,0.464678,-0.068577,-0.753115,0.856078,-0.038072,-0.255364,0.502353,-0.19853
471,-0.809212,0.865267,-0.032224,-0.266168,0.367647,-0.234805,-0.78012,0.920607,-0.032295,-0.290101,0.424549,-0.132273,-0.741808,0.850261,-0.059576,-0.358076,0.476003,-0.118635,-0.732498,0.859295,-0.02578,-0.246354,0.452687,-0.056216
472,-0.780127,0.928848,-0.037653,-0.319735,0.444423,-0.090664,-0.814366,0.91993,-0.017393,-0.340847,0.401184,-0.150559,-0.802454,0.893521,-0.041986,-0.230812,0.354086,-0.183628,-0.763649,0.862909,0.032836,-0.275947,0.462656,-0.090247
473,-0.782462,0.82601,-0.041991,-0.266449,0.493483,-0.237244,-0.822718,0.783211,0.072487,-0.244799,0.474345,-0.143552,-0.785677,0.879437,0.016088,-0.388057,0.387888,-0.08518,-0.776136,0.926061,-0.029709,-0.36043,0.42713,-0.279166
474,-0.787951,0.800308,0.026114,-0.38691,0.286513,-0.147143,-0.810451,0.88487,0.026253,-0.264029,0.513335,-0.100624,-0.816665,0.861864,0.059889,-0.291048,0.484304,-0.109446,-0.798995,0.859404,0.032031,-0.376941,0.484686,-0.237823
475,-0.835827,0.848836,0.060952,-0.221064,0.46066,0.002144,-0.788839,0.816488,0.055848,-0.242956,0.440156,-0.127792,-0.865169,0.812274,0.074792,-0.377806,0.390895,-0.123926,-0.792458,0.834699,0.096444,-0.428742,0.480026,-0.131307
476,-0.803795,0.794303,0.111061,-0.340974,0.49325,-0.049547,-0.844387,0.878828,0.079129,-0.382555,0.41239,-0.166155,-0.854015,0.843412,0.061614,-0.452166,0.469513,-0.036796,-0.85533,0.831922,0.076872,-0.398902,0.47302,-0.10579
477,-0.833331,0.781994,0.12013,-0.380022,0.376698,-0.118559,-0.833605,0.775981,0.100327,-0.386653,0.351241,-0.110276,-0.771232,0.775293,0.09702,-0.214634,0.478857,-0.057253,-0.810631,0.85615,0.069651,-0.259927,0.407494,-0.138682
478,-0.878436,0.775844,0.087306,-0.436485,0.468405,-0.058702,-0.770016,0.796225,0.049299,-0.434071,0.434417,-0.160443,-0.82114,0.838535,0.149714,-0.338713,0.371675,-0.030526,-0.835322,0.764337,0.095166,-0.358337,0.498375,-0.11866
479,-0.882237,0.831412,0.14657,-0.440438,0.473927,-0.140222,-0.803262,0.851838,0.086809,-0.411564,0.289204,-0.053836,-0.833916,0.786685,0.10761,-0.43443,0.395892,-0.167136,-0.859086,0.779281,0.18223,-0.450671,0.452718,0.002597
480,-0.882845,0.794347,0.083575,-0.401372,0.418224,-0.227333,-0.846058,0.760694,0.13371,-0.363757,0.370441,-0.045373,-0.820852,0.790883,0.181307,-0.409161,0.532105,-0.114015,-0.846942,0.821011,0.144634,-0.264559,0.398778,-0.081202
481,-0.830771,0.739189,0.196136,-0.437037,0.430483,0.074246,-0.886479,0.769186,0.177331,-0.399726,0.416642,-0.091736,-0.817137,0.773784,0.169756,-0.358661,0.506088,0.03246,-0.86354,0.825638,0.151323,-0.3995,0.375449,-0.098939
482,-0.839961,0.79271,0.138451,-0.43988,0.508808,-0.091756,-0.893077,0.720888,0.18236,-0.351943,0.449213,-0.143297,-0.827585,0.766089,0.179386,-0.321984,0.426238,0.002433,-0.889211,0.749602,0.16106,-0.391262,0.345248,-0.108043
483,-0.848451,0.689609,0.181042,-0.457233,0.43978,-0.0277,-0.911146,0.802235,0.211495,-0.425856,0.400304,-0.007673,-0.877623,0.736157,0.21552,-0.449893,0.341179,-0.039116,-0.894272,0.739392,0.190568,-0.431752,0.458711,-0.025356
484,-0.868366,0.745306,0.194963,-0.385978,0.377533,-0.056633,-0.900778,0.777654,0.214249,-0.396998,0.43412,-0.051953,-0.856472,0.741272,0.177864,-0.352659,0.392718,-0.010123,-0.893882,0.760379,0.208597,-0.433092,0.348171,0.078482
485,-0.894454,0.702887,0.247147,-0.387663,0.439465,-0.037735,-0.833601,0.71918,0.228172,-0.417735,0.38748,-0.017862,-0.912919,0.765214,0.229952,-0.460285,0.550875,-0.002261,-0.88191,0.685469,0.248378,-0.38995,0.422712,-0.043342
486,-0.832298,0.713068,0.280319,-0.374456,0.372662,-0.050789,-0.902958,0.687857,0.241974,-0.375897,0.411158,0.020851,-0.866313,0.698436,0.2772,-0.413754,0.391852,0.006776,-0.818024,0.731525,0.250036,-0.397981,0.365382,-0.025173
487,-0.937924,0.717052,0.303117,-0.37406,0.384397,-0.053961,-0.93308,0.693816,0.273168,-0.434727,0.361163,-0.054215,-0.848386,0.716921,0.231311,-0.386085,0.377757,0.009817,-0.864805,0.67828,0.250731,-0.435767,0.479198,0.022005
488,-0.892652,0.660621,0.353592,-0.3631,0.383241,-0.004016,-0.895855,0.627476,0.301908,-0.423907,0.423521,-0.034276,-0.893037,0.724416,0.288546,-0.360873,0.442878,0.074101,-0.875127,0.698266,0.300381,-0.447962,0.466049,-0.031563
489,-0.89528,0.653279,0.304498,-0.386841,0.367816,0.023947,-0.882617,0.600306,0.284818,-0.413671,0.39231,-0.088025,-0.854998,0.647561,0.314601,-0.423617,0.356537,0.065157,-0.902389,0.68142,0.336085,-0.444254,0.392813,-0.023604
490,-0.916085,0.652109,0.334126,-0.434648,0.408935,-0.004856,-0.897577,0.650274,0.330296,-0.449899,0.426694,0.067911,-0.917319,0.631604,0.375151,-0.421975,0.373146,0.048297,-0.861399,0.652404,0.360454,-0.365714,0.362751,-0.094036
491,-0.906595,0.648495,0.317963,-0.456272,0.402336,0.043043,-0.907071,0.60205,0.346422,-0.41769,0.357162,0.050238,-0.931734,0.641271,0.295685,-0.413384,0.411602,0.116936,-0.899106,0.653641,0.39176,-0.372579,0.30971,0.116343
492,-0.87091,0.619267,0.363083,-0.422512,0.381153,-0.062473,-0.899827,0.657891,0.366247,-0.374772,0.366199,-0.030126,-0.92574,0.662217,0.327495,-0.461264,0.272607,0.047048,-0.88951,0.645779,0.35785,-0.501326,0.354231,-0.009257
493,-0.904798,0.602474,0.401009,-0.388684,0.330563,-0.06529,-0.883104,0.597112,0.355877,-0.499768,0.367466,-0.025855,-0.920069,0.602879,0.370294,-0.355203,0.284442,0.037038,-0.897395,0.596332,0.388466,-0.381078,0.492353,0.0807
494,-0.886683,0.634555,0.36847,-0.393859,0.384851,0.092951,-0.871842,0.594808,0.375941,-0.413952,0.379438,0.069398,-0.881392,0.628543,0.407652,-0.427364,0.259904,0.112626,-0.924161,0.588097,0.369587,-0.542328,0.340174,0.120564
495,-0.90536,0.56662,0.457338,-0.473569,0.312515,0.009165,-0.948842,0.591131,0.418152,-0.426987,0.326554,0.04033,-0.919086,0.576457,0.428121,-0.404164,0.359809,0.039672,-0.895642,0.541446,0.405568,-0.504021,0.344409,0.022479
496,-0.912289,0.569915,0.444229,-0.419845,0.319112,0.201099,-0.910114,0.563446,0.386857,-0.561114,0.353826,0.033037,-0.909556,0.541136,0.408778,-0.361873,0.446091,0.082847,-0.896696,0.582776,0.418957,-0.444693,0.288692,0.08309
497,-0.892051,0.565865,0.424474,-0.474552,0.326857,0.108164,-0.891644,0.568131,0.451256,-0.35595,0.312852,0.03906,-0.91054,0.554563,0.46081,-0.366729,0.212974,0.039019,-0.96318,0.553392,0.39455,-0.445052,0.31461,0.153217
498,-0.983936,0.533899,0.42443,-0.562625,0.332279,0.110701,-0.912286,0.578103,0.489305,-0.406819,0.392367,0.085816,-0.905361,0.569718,0.494248,-0.473159,0.413202,0.13574,-0.90928,0.483077,0.471079,-0.420215,0.343507,0.050932
499,-0.896433,0.529554,0.515097,-0.452159,0.389601,0.103697,-0.913348,0.525396,0.492844,-0.528179,0.376879,0.153485,-0.967428,0.477479,0.458648,-0.436063,0.381048,0.083502,-0.943564,0.516524,0.49563,-0.42802,0.361004,0.070595
500,-0.887807,0.485732,0.45461,-0.502356,0.302258,0.138456,-0.882255,0.454895,0.515053,-0.490426,0.422024,0.126427,-0.884464,0.435101,0.510875,-0.505379,0.493052,0.090187,-0.913261,0.468247,0.503545,-0.422782,0.320642,0.053313
501,-0.932065,0.493851,0.478393,-0.414218,0.266888,0.136632,-0.879752,0.494064,0.485756,-0.400976,0.3752,0.134733,-0.945961,0.495515,0.557164,-0.460343,0.351523,0.039534,-0.917405,0.500103,0.493783,-0.457272,0.449652,0.152366
502,-0.892957,0.479919,0.540946,-0.482229,0.380193,0.095279,-0.921467,0.469519,0.497422,-0.52945,0.319928,0.078276,-0.933728,0.443425,0.534208,-0.341538,0.322066,0.185913,-0.914772,0.412335,0.502859,-0.422102,0.395327,0.122959
503,-0.902808,0.426755,0.552898,-0.50052,0.329201,0.108095,-0.933948,0.459336,0.573536,-0.519599,0.460683,0.168279,-0.855544,0.487773,0.551435,-0.515448,0.324193,0.128838,-0.923865,0.421233,0.527248,-0.503802,0.373134,0.049303
504,-0.882647,0.447103,0.549112,-0.465756,0.274216,0.087631,-0.91729,0.416295,0.551588,-0.49434,0.351201,0.2524,-0.984593,0.39736,0.605316,-0.431022,0.30891,0.233778,-0.861948,0.439339,0.568236,-0.31682,0.305259,0.164239
505,-0.897183,0.424596,0.56342,-0.415249,0.324292,0.152515,-0.906025,0.404531,0.560747,-0.466918,0.264979,0.140748,-0.889212,0.429761,0.582134,-0.493806,0.386928,0.092859,-0.897373,0.393422,0.593569,-0.460715,0.280843,0.083992
506,-0.900515,0.437792,0.60245,-0.477147,0.262465,0.134996,-0.899059,0.401592,0.603205,-0.550675,0.178606,0.145346,-0.950689,0.419763,0.595916,-0.567165,0.327169,0.066302,-0.922049,0.45013,0.576971,-0.50466,0.293625,0.209341
507,-0.89385,0.369875,0.603799,-0.545398,0.275609,0.153115,-0.902568,0.389509,0.651528,-0.411176,0.31607,0.188868,-0.898865,0.37326,0.606516,-0.435852,0.231028,0.109091,-0.899819,0.388492,0.619749,-0.421648,0.286284,0.123481
508,-0.920778,0.357155,0.58904,-0.468777,0.254152,0.173596,-0.91928,0.309422,0.587394,-0.380831,0.355467,0.22024,-0.907832,0.365793,0.630234,-0.445165,0.264804,0.288596,-0.881493,0.380336,0.604109,-0.461906,0.246836,0.188025
509,-0.898385,0.36858,0.667052,-0.496762,0.328437,0.102952,-0.925421,0.3295,0.59318,-0.423202,0.32823,0.151831,-0.902962,0.338602,0.619719,-0.51407,0.292897,0.196723,-0.909054,0.274414,0.59578,-0.388664,0.261633,0.118541
510,-0.85977,0.34968,0.667295,-0.489245,0.275306,0.15133,-0.925985,0.371769,0.59249,-0.460895,0.305339,0.235452,-0.918024,0.334124,0.638123,-0.502598,0.305363,0.121305,-0.922382,0.296334,0.663677,-0.371921,0.216161,0.242544
511,-0.864721,0.335868,0.707548,-0.46132,0.28268,0.180439,-0.882628,0.255612,0.667372,-0.466283,0.257146,0.139932,-0.921877,0.301292,0.661535,-0.507397,0.292342,0.223908,-0.839264,0.256866,0.670444,-0.453106,0.325827,0.162078
512,-0.913964,0.295522,0.672818,-0.461324,0.231863,0.179282,-0.873737,0.306555,0.661092,-0.491208,0.376884,0.179757,-0.9207,0.28385,0.693881,-0.519127,0.274652,0.21309,-0.912804,0.271392,0.649942,-0.421154,0.322138,0.235528
513,-0.946885,0.284609,0.686547,-0.489031,0.338726,0.334944,-0.888583,0.259481,0.675481,-0.458506,0.11592,0.129551,-0.857002,0.266211,0.687452,-0.439383,0.233578,0.105728,-0.875264,0.313719,0.719928,-0.410965,0.202114,0.130024
514,-0.883952,0.248429,0.738428,-0.526264,0.207451,0.135129,-0.914654,0.237984,0.721728,-0.508971,0.377363,0.225302,-0.923241,0.280415,0.72722,-0.419506,0.245911,0.119668,-0.911435,0.223062,0.71971,-0.483117,0.30011,0.218487
515,-0.867728,0.179358,0.709597,-0.454406,0.25411,0.218718,-0.84856,0.249521,0.739882,-0.580392,0.17597,0.241944,-0.881325,0.227343,0.755647,-0.480837,0.243016,0.190065,-0.889006,0.279625,0.699324,-0.432639,0.226173,0.181411
516,-0.898932,0.229434,0.703812,-0.521701,0.269811,0.354288,-0.888147,0.244414,0.732831,-0.419313,0.1971,0.231088,-0.829151,0.254322,0.714136,-0.368975,0.255339,0.242833,-0.882273,0.18106,0.671662,-0.521599,0.182034,0.265781
517,-0.880883,0.197371,0.787592,-0.392218,0.256449,0.32828,-0.830185,0.184282,0.759335,-0.47474,0.210495,0.263924,-0.844392,0.212908,0.741862,-0.49235,0.056006,0.145823,-0.904929,0.147482,0.771141,-0.410333,0.127769,0.259434
518,-0.893766,0.197858,0.728846,-0.421537,0.23989,0.237454,-0.86205,0.185755,0.794382,-0.502331,0.196447,0.178259,-0.925345,0.191482,0.743699,-0.514518,0.252393,0.196027,-0.847916,0.176406,0.746798,-0.447663,0.240099,0.23871
519,-0.84284,0.186901,0.794255,-0.522302,0.187404,0.268972,-0.871041,0.153153,0.758714,-0.534727,0.253114,0.208105,-0.844684,0.171457,0.772242,-0.3984,0.235286,0.30915,-0.884458,0.184978,0.761201,-0.464728,0.250421,0.156129
520,-0.900543,0.150497,0.782521,-0.489473,0.251234,0.197321,-0.845852,0.162795,0.767111,-0.452334,0.326218,0.248998,-0.859251,0.112147,0.748536,-0.544859,0.11745,0.276744,-0.831552,0.184879,0.77645,-0.546598,0.244433,0.304304
521,-0.850431,0.06238,0.783308,-0.402769,0.119712,0.344937,-0.812515,0.117834,0.744423,-0.530178,0.176041,0.274099,-0.860191,0.152543,0.799201,-0.611599,0.228391,0.158769,-0.842396,0.107686,0.814081,-0.444315,0.145714,0.129474
522,-0.857652,0.159026,0.789169,-0.484934,0.207853,0.26153,-0.85889,0.14088,0.798243,-0.409976,0.154448,0.278596,-0.826184,0.136391,0.804958,-0.480236,0.217797,0.200311,-0.852042,0.105176,0.80733,-0.443408,0.258158,0.272978
523,-0.844651,0.120395,0.819514,-0.472501,0.062113,0.291076,-0.840981,0.086354,0.800164,-0.437929,0.212453,0.309121,-0.834113,0.082472,0.775979,-0.39841,0.214243,0.271984,-0.82699,0.085409,0.777294,-0.393946,0.261612,0.27
524,-0.842509,0.110082,0.78568,-0.501742,0.167247,0.313901,-0.81451,0.098873,0.844811,-0.396015,0.128354,0.376305,-0.829987,0.055359,0.822585,-0.473429,0.269966,0.306666,-0.888486,0.079331,0.778028,-0.489182,0.173639,0.26109
525,-0.873153,0.097033,0.898578,-0.389763,0.149889,0.276548,-0.81425,0.021331,0.81144,-0.509724,0.232526,0.278906,-0.760936,0.051039,0.846234,-0.462393,0.13015,0.343457,-0.751128,0.101902,0.836897,-0.461899,0.207871,0.290426
526,-0.806619,0.084443,0.834922,-0.520683,0.09954,0.239616,-0.787851,0.062165,0.872382,-0.553802,0.104433,0.342032,-0.79773,0.064444,0.827588,-0.508872,0.178582,0.409679,-0.794663,0.055246,0.873685,-0.44183,0.191164,0.262407
527,-0.845987,-0.012041,0.822281,-0.525999,0.17092,0.433704,-0.798722,-0.028163,0.8836,-0.52184,0.075606,0.332658,-0.76814,0.024354,0.859858,-0.485735,0.260361,0.245105,-0.833713,0.000295,0.852614,-0.507623,0.202611,0.301508
528,-0.779392,0.002711,0.833207,-0.500049,0.079789,0.312561,-0.832783,-0.070702,0.862686,-0.419255,0.132777,0.34083,-0.806992,-0.015065,0.842085,-0.406048,0.148753,0.370725,-0.743038,-0.048743,0.865161,-0.399431,0.138968,0.432147
529,-0.801355,-0.061455,0.8968,-0.404414,0.130364,0.291094,-0.807565,0.005923,0.853984,-0.469631,0.12699,0.281471,-0.789751,-0.050592,0.86491,-0.446708,0.139785,0.275865,-0.799906,-0.002078,0.835855,-0.499818,0.140432,0.340233
530,-0.743139,-0.06402,0.887973,-0.395279,0.183269,0.293606,-0.748944,-0.088251,0.822543,-0.546863,0.182536,0.380494,-0.775458,-0.02284,0.868952,-0.435277,0.129585,0.251521,-0.718434,-0.002927,0.897078,-0.485171,0.180396,0.328723
531,-0.765362,-0.041972,0.861816,-0.379237,0.033648,0.353358,-0.733775,-0.050706,0.891264,-0.461912,0.111182,0.377004,-0.746778,-0.078067,0.920802,-0.452837,0.098101,0.30837,-0.788453,-0.074771,0.888679,-0.445818,0.09694,0.424876
532,-0.760032,-0.1189,0.888162,-0.470791,0.128772,0.295371,-0.747811,-0.060379,0.888769,-0.501448,0.101876,0.259426,-0.712007,-0.119896,0.925939,-0.414603,0.178024,0.331878,-0.758786,-0.067745,0.890528,-0.421964,0.178692,0.364302
533,-0.77364,-0.087907,0.896691,-0.520085,0.092324,0.382567,-0.732947,-0.135916,0.912173,-0.368611,-0.007322,0.430649,-0.758897,-0.106608,0.929796,-0.476875,0.089318,0.338722,-0.726954,-0.079097,0.922068,-0.443596,0.075343,0.350281
534,-0.74527,-0.141507,0.924822,-0.465135,0.086532,0.353759,-0.717932,-0.097755,0.937384,-0.378289,0.082266,0.297929,-0.737751,-0.117105,0.898427,-0.405009,0.087741,0.487228,-0.701944,-0.109146,0.890873,-0.455753,0.033093,0.401171
535,-0.673633,-0.148513,0.92957,-0.328655,0.079604,0.36086,-0.725912,-0.190719,0.944682,-0.362343,0.199606,0.346039,-0.707444,-0.112496,0.933424,-0.450543,0.026864,0.377132,-0.653551,-0.133107,0.918083,-0.423145,0.17985,0.355638
536,-0.70107,-0.168879,0.955802,-0.421251,0.132725,0.402342,-0.792225,-0.166925,0.934965,-0.39602,0.056397,0.497648,-0.678873,-0.158432,0.911343,-0.42243,0.082008,0.369078,-0.714103,-0.132187,0.992842,-0.485251,0.088413,0.249108
537,-0.688411,-0.164319,0.928839,-0.453378,-0.006409,0.372894,-0.689755,-0.166714,0.909506,-0.541855,0.125218,0.399094,-0.675733,-0.199737,0.913023,-0.354557,0.059047,0.383652,-0.699486,-0.190471,0.950686,-0.421886,0.079513,0.393206
538,-0.716403,-0.19015,0.971227,-0.459511,0.161343,0.30205,-0.74092,-0.169992,0.966351,-0.420465,0.049711,0.374834,-0.716884,-0.150757,0.93471,-0.519067,-0.0784,0.445733,-0.647283,-0.15671,0.938153,-0.446884,0.028164,0.316549
539,-0.693427,-0.234886,0.913203,-0.51543,0.013685,0.406058,-0.6742,-0.244316,0.915846,-0.298726,-0.006498,0.39782,-0.676244,-0.243755,0.908745,-0.46058,-0.019441,0.350231,-0.679633,-0.231038,0.919579,-0.391236,0.070626,0.364062
540,-0.688853,-0.202301,0.965262,-0.391135,0.063249,0.331842,-0.718054,-0.252522,0.952557,-0.482315,0.031947,0.394121,-0.645014,-0.222573,0.960083,-0.504507,0.020002,0.395304,-0.642224,-0.17966,0.963757,-0.435986,-0.0577,0.434978
541,-0.647318,-0.264696,0.990135,-0.440805,-0.126601,0.412302,-0.648732,-0.224506,0.956555,-0.395868,0.048495,0.310929,-0.664343,-0.266345,1.008473,-0.421098,-0.03351,0.380621,-0.722557,-0.261403,0.979962,-0.430553,0.095943,0.395617
542,-0.657137,-0.256796,1.002762,-0.305787,0.060454,0.438963,-0.632184,-0.264415,0.968752,-0.422576,0.058916,0.439527,-0.643316,-0.234429,1.000225,-0.427261,0.006903,0.40225,-0.647222,-0.238522,0.997966,-0.364065,0.007842,0.333368
543,-0.633442,-0.309766,0.958987,-0.367328,0.013548,0.448842,-0.629634,-0.289506,0.968864,-0.439527,0.036986,0.439587,-0.559674,-0.240463,0.992585,-0.381327,-0.001959,0.402412,-0.604144,-0.281145,0.951413,-0.369227,0.025878,0.380786
544,-0.657004,-0.277892,0.988161,-0.366773,-0.058005,0.465364,-0.59111,-0.29477,0.957529,-0.339201,-0.000525,0.374106,-0.591262,-0.295729,0.971681,-0.494413,0.038356,0.335699,-0.608558,-0.316384,1.01573,-0.484633,-0.02042,0.408046
545,-0.577074,-0.333291,0.976413,-0.475263,0.063531,0.466767,-0.590156,-0.31169,0.959466,-0.451066,0.139427,0.364629,-0.641108,-0.364257,0.968935,-0.478726,-0.072092,0.488423,-0.584261,-0.302458,0.958675,-0.390569,-0.104058,0.37169
546,-0.588922,-0.294958,0.999493,-0.4088,0.025538,0.391431,-0.609588,-0.290551,0.980347,-0.364045,-0.049248,0.463348,-0.518688,-0.333411,1.020622,-0.419532,0.018938,0.307023,-0.563002,-0.327242,0.987072,-0.338917,-0.015807,0.353851
547,-0.532907,-0.326753,0.977317,-0.337148,-0.044952,0.405594,-0.578515,-0.356714,0.995174,-0.365828,-0.066318,0.362894,-0.591148,-0.364558,0.962865,-0.39144,-0.0483,0.413702,-0.584355,-0.407719,0.978881,-0.366541,-0.006975,0.361672
548,-0.530621,-0.346412,0.985447,-0.388015,-0.099508,0.490418,-0.502,-0.396909,0.974059,-0.324168,-0.118719,0.436672,-0.544994,-0.398743,1.028731,-0.282738,-0.104055,0.432013,-0.579293,-0.39497,1.002947,-0.428381,-0.092589,0.376732
549,-0.550966,-0.340809,0.977331,-0.352719,-0.140672,0.462838,-0.538235,-0.37042,0.995289,-0.434476,-0.040827,0.418021,-0.503731,-0.358431,0.935759,-0.341321,0.053168,0.440228,-0.533508,-0.380034,1.036295,-0.453673,-0.141107,0.479239
550,-0.583483,-0.468521,0.998772,-0.390029,0.067124,0.34263,-0.574128,-0.427787,0.97898,-0.358306,-0.044644,0.398165,-0.511631,-0.394236,1.004734,-0.365588,-0.042742,0.428453,-0.530777,-0.360173,0.977935,-0.27219,-0.051936,0.473994
551,-0.539938,-0.378485,0.986281,-0.307694,-0.092806,0.338378,-0.54188,-0.397374,1.012344,-0.286479,-0.078268,0.396708,-0.481916,-0.41517,0.953295,-0.333886,-0.08529,0.407821,-0.481668,-0.426956,1.009578,-0.470103,-0.036553,0.458748
552,-0.50259,-0.468209,1.013344,-0.324536,-0.084362,0.426146,-0.52848,-0.422611,0.951615,-0.425356,-0.176077,0.465705,-0.492717,-0.465427,1.003081,-0.385248,-0.081835,0.54489,-0.552547,-0.44201,1.009326,-0.301805,-0.063173,0.462935
553,-0.458118,-0.441456,0.989137,-0.415193,-0.119208,0.421767,-0.488568,-0.423117,1.041924,-0.351528,-0.166843,0.373405,-0.524436,-0.40419,1.047428,-0.429464,-0.157636,0.333928,-0.474327,-0.465032,1.010406,-0.404611,-0.08666,0.387563
554,-0.508645,-0.433045,1.010454,-0.274134,-0.017569,0.459979,-0.507712,-0.501642,0.98878,-0.334062,-0.108935,0.311907,-0.477766,-0.426929,0.979363,-0.408174,-0.130139,0.542919,-0.470598,-0.468613,1.01148,-0.326825,-0.226452,0.493219
555,-0.470053,-0.515047,1.000651,-0.305405,-0.032979,0.467243,-0.473367,-0.4502,0.99225,-0.401892,-0.140468,0.376445,-0.45033,-0.486123,1.048374,-0.366005,-0.028595,0.337596,-0.498432,-0.48917,0.991493,-0.380516,-0.067132,0.459494
556,-0.423625,-0.487118,0.991296,-0.417604,-0.163982,0.449014,-0.4585,-0.50785,1.00586,-0.382939,-0.104882,0.425686,-0.437949,-0.457696,0.963717,-0.359366,-0.062189,0.440204,-0.426168,-0.525236,0.973554,-0.342248,-0.090408,0.413138
557,-0.435941,-0.555517,1.041544,-0.366343,-0.192598,0.453607,-0.456687,-0.506011,1.010434,-0.426928,-0.067898,0.475013,-0.453341,-0.476343,0.987724,-0.33738,-0.157846,0.476435,-0.446365,-0.571274,0.989561,-0.396662,-0.166592,0.471802
558,-0.400239,-0.505623,1.030638,-0.344048,-0.13807,0.529132,-0.459147,-0.56224,0.977076,-0.391132,-0.049382,0.362226,-0.363584,-0.535822,0.991885,-0.286564,-0.095816,0.411399,-0.401381,-0.571259,0.990476,-0.489192,-0.084964,0.372034
559,-0.418916,-0.570305,1.041781,-0.331393,-0.125568,0.539558,-0.423674,-0.590771,0.966437,-0.302513,-0.089237,0.510456,-0.404949,-0.594312,0.956308,-0.344076,-0.091932,0.543149,-0.435066,-0.540316,0.997174,-0.329693,-0.165877,0.553209
560,-0.390317,-0.554035,0.956863,-0.230852,-0.052941,0.364267,-0.369483,-0.58711,0.964757,-0.311581,-0.082317,0.445115,-0.327924,-0.555773,1.01119,-0.327442,-0.206343,0.452842,-0.352434,-0.548338,1.008835,-0.231458,-0.096076,0.343136
561,-0.421663,-0.573922,0.975803,-0.353807,-0.238476,0.428938,-0.379204,-0.555741,0.998961,-0.262676,-0.170064,0.430334,-0.39107,-0.577877,0.969858,-0.330887,-0.048195,0.49424,-0.336553,-0.53847,1.023806,-0.273837,-0.119506,0.447539
562,-0.368869,-0.628891,0.979997,-0.183959,-0.20912,0.406962,-0.32969,-0.564997,1.020989,-0.277895,-0.221169,0.442324,-0.337171,-0.603481,0.977846,-0.309198,-0.09018,0.480319,-0.387793,-0.59444,0.970111,-0.307344,-0.107356,0.373368
563,-0.362385,-0.648284,0.986124,-0.223509,-0.195025,0.424571,-0.341237,-0.644617,1.029285,-0.283225,-0.071571,0.489055,-0.36024,-0.638355,0.99088,-0.404824,-0.140532,0.402776,-0.333492,-0.676805,0.954598,-0.323653,-0.174953,0.388834
564,-0.319676,-0.622445,0.980688,-0.228586,-0.210778,0.463311,-0.343304,-0.64839,0.988383,-0.240272,-0.150851,0.335821,-0.357958,-0.610582,0.990167,-0.20184,-0.175742,0.378611,-0.313046,-0.626537,1.009161,-0.325299,-0.096195,0.464989
565,-0.295636,-0.680741,0.959505,-0.238892,-0.181087,0.425387,-0.29092,-0.664154,0.957413,-0.272477,-0.174791,0.442354,-0.29721,-0.659014,0.98237,-0.326729,-0.274566,0.503307,-0.272199,-0.657078,0.969445,-0.292888,-0.151538,0.634563
566,-0.287878,-0.670673,1.01394,-0.228604,-0.199248,0.449876,-0.306682,-0.622853,0.974997,-0.294642,-0.156597,0.422116,-0.292782,-0.631259,1.049639,-0.306623,-0.114157,0.578484,-0.265856,-0.657149,1.037071,-0.250957,-0.115405,0.493867
567,-0.288675,-0.667156,0.988101,-0.29566,-0.094695,0.460023,-0.275577,-0.700966,0.999107,-0.19624,-0.198975,0.470984,-0.298799,-0.689273,0.938599,-0.327244,-0.141739,0.484471,-0.289277,-0.652759,0.970277,-0.20227,-0.16532,0.451487
568,-0.205473,-0.710133,0.958939,-0.194526,-0.250601,0.429667,-0.274626,-0.679464,0.941803,-0.224291,-0.160891,0.516097,-0.262017,-0.700525,0.968355,-0.249638,-0.198022,0.474994,-0.27182,-0.741678,0.959782,-0.184228,-0.123463,0.426741
569,-0.231068,-0.73586,0.974506,-0.249854,-0.222649,0.529869,-0.240423,-0.680288,0.967996,-0.268578,-0.282499,0.422822,-0.302386,-0.746946,0.960002,-0.269916,-0.176321,0.474049,-0.256993,-0.720922,0.976715,-0.272729,-0.313522,0.436872
570,-0.203102,-0.728615,1.030917,-0.34223,-0.28449,0.481413,-0.202703,-0.71182,0.985764,-0.210432,-0.165519,0.455864,-0.230221,-0.689948,0.989522,-0.336638,-0.188209,0.508749,-0.187924,-0.71187,0.941029,-0.231275,-0.205923,0.400319
571,-0.194292,-0.744949,0.951001,-0.240605,-0.087582,0.512549,-0.225324,-0.770112,0.946178,-0.309206,-0.253248,0.449217,-0.193175,-0.696224,0.969066,-0.108693,-0.223396,0.40521,-0.204756,-0.723612,1.00286,-0.240104,-0.18754,0.435248
572,-0.190393,-0.738355,0.893095,-0.18614,-0.200146,0.493444,-0.236609,-0.68585,0.946188,-0.266728,-0.314384,0.55967,-0.15257,-0.705786,0.997783,-0.126007,-0.130568,0.404593,-0.26676,-0.771293,0.961844,-0.231515,-0.250558,0.507221
573,-0.160969,-0.717961,0.910267,-0.239663,-0.223567,0.531556,-0.131766,-0.724047,0.981114,-0.211946,-0.210528,0.449434,-0.150005,-0.752698,0.910372,-0.171193,-0.150001,0.414366,-0.178429,-0.739559,0.9285,-0.289305,-0.235582,0.526936
574,-0.140328,-0.750442,0.929234,-0.230335,-0.23331,0.487064,-0.127196,-0.775319,0.911022,-0.174107,-0.276501,0.41862,-0.166544,-0.774251,0.883969,-0.245215,-0.248957,0.434322,-0.142436,-0.822788,0.900016,-0.248196,-0.18505,0.506707
575,-0.147763,-0.783978,0.947482,-0.210492,-0.295937,0.485608,-0.146147,-0.824714,0.979163,-0.225245,-0.231855,0.42261,-0.139278,-0.771717,0.944875,-0.335047,-0.170802,0.466757,-0.109778,-0.820714,0.951278,-0.102729,-0.303083,0.439218
576,-0.097188,-0.789601,0.947218,-0.262825,-0.351622,0.505099,-0.140345,-0.823654,0.916755,-0.123965,-0.156826,0.408626,-0.106602,-0.747597,0.928016,-0.267125,-0.2377,0.37121,-0.132726,-0.802932,0.955329,-0.171497,-0.234909,0.472899
577,-0.090459,-0.836082,0.945975,-0.253458,-0.304369,0.482021,-0.132125,-0.804597,0.895162,-0.163587,-0.216487,0.426224,-0.075354,-0.741839,0.912589,-0.222592,-0.324484,0.437307,-0.157997,-0.812377,0.928948,-0.211879,-0.144136,0.534228
578,-0.080877,-0.802638,0.953031,-0.180201,-0.281327,0.374475,-0.099003,-0.800557,0.943,-0.122063,-0.321572,0.435671,-0.082792,-0.830006,0.932353,-0.071761,-0.311725,0.4052,-0.087248,-0.823601,0.891562,-0.155711,-0.261787,0.419277
579,-0.109867,-0.815266,0.917023,-0.166136,-0.245483,0.433467,-0.037755,-0.838479,0.907769,-0.08392,-0.254517,0.526927,-0.06856,-0.746718,0.90143,-0.176192,-0.271041,0.440327,-0.061928,-0.822828,0.899465,-0.209738,-0.256024,0.481911
580,-0.043009,-0.822055,0.853571,-0.187815,-0.357758,0.563228,-0.027913,-0.814821,0.943107,-0.180981,-0.287101,0.458075,-0.058036,-0.857809,0.895242,-0.227471,-0.300675,0.380427,-0.050785,-0.882859,0.913214,-0.21662,-0.329361,0.486594
581,-0.068744,-0.826358,0.850521,-0.193363,-0.403102,0.465436,-0.081965,-0.861697,0.918943,-0.12404,-0.299132,0.440838,-0.049043,-0.813135,0.912952,-0.144177,-0.324954,0.437762,-0.039869,-0.835435,0.907064,-0.2243,-0.261195,0.48975
582,-0.008065,-0.828033,0.865472,-0.064466,-0.250365,0.377884,0.016245,-0.878028,0.836497,-0.117447,-0.225068,0.45153,-0.047203,-0.850848,0.83307,-0.181092,-0.266435,0.458158,-0.086252,-0.868395,0.851384,-0.125121,-0.316657,0.480926
583,-0.044131,-0.879613,0.867784,-0.095653,-0.287266,0.429761,-0.018817,-0.873938,0.80949,-0.064589,-0.317577,0.440049,-0.021379,-0.862199,0.872444,-0.058905,-0.284636,0.465643,-0.058172,-0.845524,0.888575,-0.203879,-0.388937,0.533356
584,-0.00936,-0.882751,0.866557,-0.213335,-0.274325,0.431118,0.041303,-0.840285,0.821781,-0.038004,-0.314669,0.343566,0.023167,-0.913858,0.854609,-0.071098,-0.372321,0.397488,-0.029216,-0.842816,0.860504,-0.174632,-0.401491,0.407252
585,0.048252,-0.948362,0.789344,-0.161538,-0.261506,0.475391,-0.04793,-0.887733,0.876218,-0.022236,-0.381216,0.548942,0.031008,-0.919572,0.884666,-0.150185,-0.371613,0.447833,-0.029321,-0.887552,0.869677,-0.114894,-0.28953,0.4711
586,0.04489,-0.882353,0.885719,-0.049822,-0.286953,0.457454,0.012466,-0.876511,0.845369,-0.219192,-0.336825,0.369295,0.092764,-0.888027,0.829438,-0.191864,-0.305536,0.554321,0.014545,-0.881555,0.813954,-0.032207,-0.305659,0.545242
587,0.043123,-0.921584,0.846676,-0.104579,-0.300193,0.478689,0.059188,-0.880414,0.8508,-0.038858,-0.345956,0.517697,0.094675,-0.928611,0.802424,-0.125646,-0.394036,0.327404,0.021972,-0.902757,0.833405,-0.231815,-0.313793,0.393768
588,0.114558,-0.941872,0.820999,-0.217234,-0.318573,0.258279,0.022331,-0.926304,0.84223,-0.112143,-0.335494,0.448529,0.084043,-0.944917,0.822699,-0.053806,-0.395698,0.521395,0.052631,-0.914619,0.828272,-0.050841,-0.241174,0.537461
589,0.097844,-0.897994,0.787878,-0.029437,-0.368433,0.536478,0.077419,-0.927178,0.857858,-0.074737,-0.352338,0.428231,0.110734,-0.893088,0.784454,-0.117095,-0.322327,0.45654,0.078879,-0.948741,0.811889,-0.005282,-0.2262,0.572995
590,0.163978,-0.894283,0.801216,-0.162441,-0.383166,0.390226,0.069055,-0.927464,0.820358,-0.016762,-0.373288,0.372758,0.123444,-0.938856,0.808461,-0.182334,-0.29474,0.536091,0.130401,-0.93137,0.837977,-0.06056,-0.276165,0.435802
591,0.094927,-0.942669,0.814081,-0.126041,-0.35479,0.343411,0.166087,-0.946262,0.761523,-0.023743,-0.252581,0.462945,0.106392,-0.94952,0.874016,-0.002801,-0.36835,0.370622,0.078541,-0.904943,0.792019,-0.084676,-0.3808,0.529562
592,0.163888,-0.948479,0.788262,-0.101252,-0.414045,0.439546,0.112688,-0.958292,0.74214,-0.069206,-0.281168,0.483498,0.146388,-0.918047,0.754578,-0.00758,-0.374772,0.416504,0.149473,-0.935506,0.779581,-0.016166,-0.453571,0.459644
593,0.12038,-0.974913,0.782416,-0.081854,-0.487043,0.461682,0.159509,-0.926963,0.73961,-0.111921,-0.373381,0.467951,0.165364,-0.964828,0.769941,-0.032951,-0.428725,0.46717,0.174073,-0.886388,0.698465,-0.092419,-0.358408,0.390381
594,0.210331,-0.958262,0.730608,-0.055441,-0.408729,0.457417,0.168226,-1.031533,0.752319,0.015005,-0.323647,0.3993,0.198213,-0.945903,0.715878,-0.044833,-0.420275,0.606573,0.192446,-0.92279,0.770092,-0.144581,-0.343976,0.439962
595,0.172274,-0.938693,0.705957,0.111436,-0.44123,0.287104,0.239628,-0.931258,0.715455,-0.206044,-0.389785,0.416101,0.163407,-0.941423,0.755302,-0.020732,-0.378769,0.314584,0.215552,-0.945807,0.697403,-0.100056,-0.379288,0.402359
596,0.235398,-0.987776,0.713056,-0.005449,-0.361788,0.413471,0.207081,-0.945054,0.738483,-0.079965,-0.408301,0.377112,0.224888,-0.945006,0.725353,0.007889,-0.410847,0.37389,0.197133,-0.93554,0.691211,-0.079881,-0.386388,0.403903
597,0.189552,-0.96454,0.704007,-0.132257,-0.370224,0.418983,0.25329,-0.939834,0.704591,0.059523,-0.270148,0.3566,0.243628,-0.945952,0.628675,0.020513,-0.417158,0.408175,0.255748,-0.990915,0.702849,0.001864,-0.426878,0.406474
598,0.206622,-1.02061,0.720214,2.2e-05,-0.353132,0.433391,0.271124,-1.01596,0.671958,-0.008198,-0.294516,0.372341,0.272222,-0.934837,0.73057,0.053762,-0.539996,0.512617,0.261741,-0.968761,0.676319,-0.059375,-0.462604,0.422284
599,0.240683,-0.97719,0.708322,0.016989,-0.350898,0.367731,0.27237,-0.907221,0.685037,-0.011633,-0.447854,0.359353,0.255629,-0.9376,0.658499,0.068564,-0.314723,0.411643,0.258238,-0.965674,0.663015,0.019544,-0.461051,0.362887
600,0.270289,-1.002073,0.676449,-0.022734,-0.413111,0.478364,0.306298,-1.00368,0.642949,0.056727,-0.505449,0.496265,0.282128,-0.970702,0.707422,-0.016754,-0.443749,0.41238,0.274406,-1.023669,0.697006,-0.018529,-0.44835,0.378108
601,0.302983,-1.000209,0.604606,0.074951,-0.427321,0.419554,0.338579,-1.025434,0.648569,-0.095912,-0.359522,0.485084,0.354655,-1.0211,0.656776,0.012025,-0.302674,0.316462,0.30037,-0.939635,0.634962,-0.032425,-0.454377,0.364344
602,0.2732,-0.983595,0.687924,-0.006105,-0.497961,0.325543,0.329574,-1.015521,0.653489,0.075987,-0.477937,0.45475,0.310745,-1.001363,0.662131,0.070792,-0.352056,0.3985,0.321384,-0.977197,0.578411,-0.130446,-0.484125,0.520247
603,0.32677,-0.973387,0.634123,0.101102,-0.311148,0.416734,0.341541,-0.948441,0.593054,0.057415,-0.365858,0.430835,0.353182,-0.979596,0.607417,-0.036345,-0.439754,0.426094,0.31353,-1.003536,0.59035,-0.043499,-0.487848,0.356519
604,0.296195,-0.975933,0.628023,0.062226,-0.395463,0.418415,0.333484,-1.000163,0.608336,-0.069175,-0.390245,0.395095,0.409444,-0.996896,0.604098,0.055381,-0.35337,0.379906,0.359352,-1.013689,0.594998,0.016338,-0.421954,0.43303
605,0.358944,-1.016007,0.607414,0.061851,-0.399069,0.329547,0.387554,-1.01575,0.595937,0.069806,-0.442055,0.241129,0.358838,-0.971282,0.59378,0.048544,-0.458791,0.242704,0.324652,-0.979333,0.535729,0.117274,-0.471408,0.322616
606,0.394241,-1.001386,0.555728,0.016127,-0.429908,0.357893,0.381351,-0.962541,0.552701,0.0084,-0.423937,0.287481,0.332132,-1.023176,0.582373,0.011835,-0.350668,0.291575,0.431629,-0.935923,0.579556,-0.019285,-0.510643,0.235155
607,0.353507,-0.990022,0.54731,0.161689,-0.56292,0.438733,0.342402,-0.967757,0.571763,0.011317,-0.456133,0.398866,0.407209,-1.008844,0.57667,0.122845,-0.507915,0.287754,0.387848,-0.98915,0.597345,0.086586,-0.368602,0.381178
608,0.450006,-1.084568,0.540598,0.081608,-0.352328,0.332592,0.439609,-1.023491,0.522378,0.079,-0.496609,0.344067,0.450654,-1.003875,0.537463,0.088888,-0.384835,0.456884,0.370755,-0.954678,0.541885,0.203904,-0.535438,0.397891
609,0.489026,-1.006252,0.545098,0.081189,-0.513627,0.314112,0.448916,-1.041356,0.541611,0.121888,-0.426067,0.322455,0.472447,-0.995414,0.564131,0.061561,-0.50692,0.396013,0.440638,-1.007842,0.524443,-0.001973,-0.479911,0.353363
610,0.386472,-0.967035,0.520102,0.08515,-0.46424,0.294682,0.42837,-1.006268,0.490673,0.112483,-0.402926,0.372668,0.432364,-0.996574,0.535176,0.031299,-0.424285,0.372784,0.463778,-0.993841,0.538789,0.052066,-0.354577,0.364456
611,0.481372,-0.968609,0.521131,0.149496,-0.410827,0.416521,0.468119,-0.975169,0.499814,0.016741,-0.441253,0.267569,0.470392,-0.972692,0.566239,0.255681,-0.372231,0.423006,0.454177,-1.024706,0.485257,0.170287,-0.409746,0.319094
612,0.465964,-1.006908,0.478065,0.115504,-0.423431,0.324506,0.47349,-1.031123,0.492682,0.117462,-0.380172,0.380825,0.424017,-0.985614,0.522933,0.164944,-0.394229,0.35489,0.427371,-1.008055,0.458884,0.115607,-0.405473,0.30689
613,0.523583,-0.983404,0.490039,0.112281,-0.43493,0.316425,0.467692,-0.969043,0.445196,0.174,-0.449082,0.342194,0.572563,-0.985087,0.423731,0.03137,-0.406901,0.279001,0.479333,-1.021195,0.448272,0.177035,-0.452833,0.282185
614,0.456775,-0.959374,0.476471,0.080905,-0.436462,0.218071,0.455655,-0.984919,0.453207,0.121572,-0.395061,0.19765,0.481382,-0.988524,0.448177,0.137441,-0.511176,0.333745,0.475416,-0.998756,0.441721,0.105499,-0.406487,0.228488
615,0.50213,-1.049824,0.42691,0.255282,-0.355996,0.360429,0.525806,-0.992511,0.464017,0.207685,-0.543652,0.427485,0.503463,-0.981601,0.404585,0.042492,-0.441517,0.293709,0.551899,-0.99564,0.436221,0.194146,-0.344803,0.333144
616,0.543119,-0.984418,0.410005,0.161522,-0.449692,0.272266,0.466717,-1.017139,0.397564,0.144469,-0.390258,0.277093,0.555562,-0.993137,0.418289,0.126072,-0.436985,0.32095,0.502403,-0.989501,0.353298,0.144886,-0.582322,0.365125
617,0.501976,-0.999133,0.408667,0.211972,-0.483046,0.250962,0.557249,-0.959516,0.435793,0.149167,-0.504831,0.259475,0.54664,-0.981064,0.402393,0.198866,-0.435591,0.293277,0.584699,-1.016565,0.444143,0.186276,-0.444479,0.165548
618,0.519555,-0.994709,0.345327,0.136405,-0.407059,0.218414,0.519326,-0.986684,0.409262,0.248931,-0.438548,0.342255,0.506073,-1.015725,0.454649,0.181834,-0.418183,0.322325,0.537893,-1.005547,0.373784,0.200925,-0.381296,0.351317
619,0.598306,-0.993814,0.35686,0.19579,-0.409896,0.292847,0.547736,-0.994977,0.380676,0.177474,-0.440206,0.35303,0.541874,-0.964824,0.393647,0.195027,-0.454376,0.340524,0.600776,-0.979197,0.354274,0.22314,-0.471895,0.299125
620,0.575888,-0.991214,0.340789,0.099794,-0.369226,0.246384,0.60031,-0.966024,0.321524,0.072706,-0.421247,0.147111,0.55729,-0.953982,0.309149,0.109702,-0.482116,0.20691,0.580169,-0.927367,0.363077,0.124163,-0.415828,0.225513
621,0.591805,-0.955072,0.328034,0.219932,-0.375152,0.365134,0.55204,-1.008516,0.311484,0.255746,-0.469052,0.289807,0.628006,-0.990537,0.302768,0.159102,-0.436805,0.296978,0.631493,-0.997138,0.305135,0.08848,-0.435055,0.219956
622,0.587103,-0.959398,0.298174,0.208863,-0.355501,0.224068,0.635652,-0.916969,0.345474,0.206249,-0.477635,0.235687,0.619392,-0.960299,0.321993,0.265029,-0.485742,0.291777,0.664194,-0.951093,0.297619,0.190152,-0.413635,0.232055
623,0.601501,-0.982312,0.249579,0.287423,-0.448245,0.254295,0.659835,-0.965917,0.270657,0.22743,-0.441275,0.260324,0.611431,-0.970492,0.31544,0.23563,-0.415334,0.361223,0.598953,-0.984276,0.288015,0.186168,-0.389508,0.331566
624,0.633289,-0.945727,0.261185,0.216657,-0.435401,0.161749,0.582674,-0.93324,0.293753,0.238029,-0.400796,0.270009,0.653882,-0.924444,0.281183,0.286846,-0.419116,0.271202,0.62707,-0.957764,0.303633,0.242328,-0.493382,0.21163
625,0.674061,-0.969554,0.294754,0.300504,-0.49285,0.295016,0.684111,-1.019191,0.268415,0.137357,-0.370475,0.262602,0.648703,-0.975613,0.277121,0.201957,-0.382613,0.262011,0.686819,-0.983655,0.245462,0.238968,-0.45452,0.32242
626,0.663902,-0.973125,0.247374,0.278504,-0.574184,0.250561,0.713259,-0.975418,0.240854,0.189544,-0.450366,0.207104,0.686578,-0.92585,0.202256,0.283552,-0.497135,0.167063,0.669128,-0.98423,0.26916,0.220768,-0.466058,0.276312
627,0.679503,-0.961014,0.210222,0.206903,-0.428559,0.240969,0.64821,-0.905763,0.217959,0.155312,-0.451652,0.316787,0.669169,-0.979382,0.205563,0.241621,-0.472678,0.257786,0.636918,-0.935296,0.172693,0.231493,-0.564312,0.209413
628,0.688314,-0.953688,0.162156,0.269187,-0.5244,0.162474,0.644553,-0.952913,0.172075,0.16952,-0.409532,0.197078,0.673108,-0.918685,0.157211,0.275495,-0.36572,0.165469,0.730858,-0.950517,0.237376,0.202284,-0.432245,0.176327
629,0.704224,-0.969212,0.177436,0.281172,-0.399679,0.290544,0.756341,-0.945975,0.222179,0.359278,-0.535125,0.136845,0.659422,-0.889176,0.179841,0.318507,-0.484677,0.207125,0.687048,-0.953666,0.155544,0.26749,-0.438618,0.180259
630,0.706499,-0.987309,0.132328,0.276072,-0.471752,0.338505,0.720234,-0.930949,0.193605,0.262092,-0.431364,0.186699,0.70737,-0.941294,0.1509,0.2978,-0.498377,0.342757,0.742046,-0.952588,0.193093,0.13306,-0.412695,0.22596
631,0.714915,-0.843834,0.164991,0.260957,-0.407875,0.193045,0.669404,-0.964755,0.153798,0.301268,-0.504733,0.263339,0.728827,-0.868966,0.126251,0.270118,-0.42826,0.33966,0.712651,-0.966844,0.164196,0.372425,-0.479743,0.18234
632,0.75617,-0.9827,0.138014,0.19419,-0.456327,0.205992,0.685998,-0.887992,0.11424,0.27115,-0.511677,0.199734,0.767928,-0.91355,0.102533,0.296525,-0.46858,0.135353,0.707663,-0.940141,0.105994,0.237049,-0.528612,0.1294
633,0.709126,-0.942351,0.100133,0.237661,-0.504838,0.138336,0.704417,-0.935976,0.054541,0.328027,-0.432306,0.161654,0.705407,-0.90222,0.100456,0.3038,-0.467471,0.133993,0.722291,-0.954173,0.10821,0.311009,-0.42485,0.25235
634,0.735125,-0.898936,0.154408,0.233781,-0.458729,0.11509,0.782951,-0.899524,0.069878,0.185248,-0.364716,0.082778,0.727942,-0.951892,0.101856,0.391928,-0.510084,0.11281,0.724189,-0.946002,0.113223,0.357504,-0.435893,0.141323
635,0.77215,-0.907324,0.05204,0.261043,-0.523217,0.162228,0.80123,-0.93378,0.08604,0.300215,-0.355735,0.142717,0.76524,-0.906696,0.054257,0.379615,-0.37577,0.213799,0.78507,-0.853058,0.084461,0.431481,-0.400669,0.157867
636,0.738476,-0.889311,0.053557,0.327087,-0.515233,0.105173,0.803469,-0.888955,0.072369,0.375227,-0.404826,0.173192,0.775776,-0.89031,0.074288,0.200056,-0.514292,0.300727,0.77102,-0.872537,0.03759,0.357181,-0.404703,0.18503
637,0.803203,-0.823878,-0.00066,0.312868,-0.533755,0.102548,0.770945,-0.902895,0.056504,0.31543,-0.510905,0.116734,0.778413,-0.868358,0.027407,0.353661,-0.459859,0.170784,0.825115,-0.858554,0.015009,0.3574,-0.58069,0.13173
638,0.760282,-0.888954,0.060464,0.325078,-0.451566,0.157121,0.762215,-0.835638,0.018979,0.279652,-0.358935,0.252456,0.767899,-0.877029,0.019567,0.284767,-0.42662,0.150563,0.848835,-0.846495,-0.025973,0.238892,-0.382596,0.082926
639,0.779397,-0.839632,-0.025547,0.365285,-0.489556,0.133671,0.824799,-0.900553,0.00688,0.309716,-0.579142,0.152343,0.785494,-0.871348,-0.003157,0.291537,-0.360191,0.210565,0.805965,-0.853204,-0.002794,0.383195,-0.436383,0.15045
640,0.776891,-0.899283,-0.034825,0.305238,-0.414144,0.244059,0.766612,-0.887471,-0.010938,0.277286,-0.490984,0.148048,0.785627,-0.865153,-0.041161,0.333173,-0.377146,0.13691,0.807273,-0.902757,0.030357,0.346237,-0.425697,0.176256
641,0.74846,-0.834597,-0.080321,0.285357,-0.456078,0.046138,0.853338,-0.852708,-0.023646,0.314824,-0.458429,0.014176,0.859967,-0.863101,-0.050795,0.34086,-0.416821,0.112739,0.813136,-0.817869,-0.055234,0.262657,-0.460422,0.142018
642,0.801017,-0.856025,-0.085974,0.327833,-0.425852,0.088719,0.819171,-0.837025,-0.044198,0.342981,-0.431995,0.140573,0.847415,-0.808791,-0.067303,0.305365,-0.415247,0.107678,0.799408,-0.859958,-0.082814,0.368071,-0.472169,0.128237
643,0.827884,-0.816275,-0.070765,0.322536,-0.395312,0.126944,0.885906,-0.799513,-0.079238,0.248463,-0.430251,0.075325,0.804584,-0.838958,-0.124659,0.30251,-0.472595,0.107648,0.783818,-0.812048,-0.087386,0.314331,-0.44023,0.139614
644,0.845665,-0.841234,-0.11263,0.353676,-0.501774,0.006476,0.863818,-0.808893,-0.118514,0.236616,-0.524334,0.076901,0.854022,-0.800418,-0.10847,0.313389,-0.459567,0.104751,0.851977,-0.855718,-0.082362,0.313832,-0.409969,0.029145
645,0.79981,-0.792383,-0.093718,0.342205,-0.430167,0.034185,0.835267,-0.755955,-0.126771,0.441291,-0.435787,0.069275,0.830559,-0.813698,-0.078163,0.34441,-0.354036,0.144733,0.800744,-0.793921,-0.140396,0.311906,-0.457781,0.12467
646,0.840621,-0.800125,-0.118882,0.411228,-0.49638,0.147095,0.87828,-0.787317,-0.132608,0.393955,-0.425294,0.113181,0.830339,-0.779882,-0.127092,0.351808,-0.401171,0.112129,0.851366,-0.756885,-0.07199,0.450215,-0.384669,0.15883
647,0.834912,-0.834346,-0.146761,0.41098,-0.411237,0.058594,0.86203,-0.791038,-0.17987,0.408257,-0.486474,0.114942,0.871688,-0.778745,-0.121935,0.356097,-0.413417,0.092251,0.863374,-0.820905,-0.115592,0.342506,-0.348176,0.076844
648,0.893456,-0.758696,-0.100852,0.420269,-0.374683,0.071108,0.827408,-0.715361,-0.173829,0.328429,-0.442002,0.031978,0.859968,-0.780484,-0.158596,0.320574,-0.373056,0.076975,0.851734,-0.777831,-0.190253,0.424465,-0.365118,-0.007925
649,0.818791,-0.756336,-0.202727,0.493153,-0.491762,-0.01327,0.800127,-0.754851,-0.202972,0.409305,-0.382894,0.088308,0.825633,-0.70852,-0.207614,0.432718,-0.362818,0.096027,0.839357,-0.73885,-0.198801,0.423211,-0.384724,0.070891
650,0.89275,-0.783001,-0.199592,0.423639,-0.537121,-0.001417,0.889228,-0.756209,-0.268353,0.43252,-0.352769,-0.018951,0.836221,-0.743179,-0.218885,0.451938,-0.382804,-0.008053,0.861645,-0.719082,-0.2334,0.329313,-0.480589,0.015648
651,0.873859,-0.678375,-0.228876,0.35689,-0.404226,0.061051,0.828802,-0.771655,-0.268364,0.321803,-0.376272,0.095736,0.888683,-0.714508,-0.236494,0.387392,-0.385277,0.012853,0.901413,-0.745574,-0.249095,0.297403,-0.310938,0.040931
652,0.894037,-0.685333,-0.197925,0.384377,-0.498847,0.009841,0.852963,-0.689365,-0.24273,0.401558,-0.529199,0.007812,0.890378,-0.753953,-0.254432,0.313799,-0.374673,0.020916,0.856247,-0.757898,-0.215736,0.395694,-0.428582,0.072713
653,0.847472,-0.721696,-0.28234,0.372453,-0.336322,0.057065,0.842457,-0.706215,-0.241836,0.325029,-0.347186,-0.05844,0.878877,-0.708756,-0.245204,0.374609,-0.42648,0.038157,0.877718,-0.745374,-0.2939,0.389733,-0.436761,0.097643
654,0.838049,-0.682712,-0.316189,0.441923,-0.430307,0.060882,0.882294,-0.717703,-0.251986,0.347755,-0.409537,0.003201,0.888968,-0.659273,-0.298753,0.448301,-0.324999,0.116711,0.866338,-0.662564,-0.282001,0.484416,-0.428403,-0.056146
655,0.916877,-0.688486,-0.327508,0.379974,-0.348082,0.020676,0.886411,-0.659334,-0.34032,0.502878,-0.425442,-0.024603,0.900735,-0.685675,-0.348811,0.445735,-0.302155,-0.023115,0.837896,-0.655181,-0.30566,0.355964,-0.419947,0.025233
656,0.914593,-0.636722,-0.32444,0.448748,-0.321484,-0.042826,0.860604,-0.700209,-0.307805,0.40506,-0.403611,0.027842,0.861933,-0.702869,-0.308191,0.438029,-0.335423,-0.016136,0.889698,-0.679021,-0.372801,0.453484,-0.374261,0.02046
657,0.876858,-0.627246,-0.339413,0.470362,-0.449016,0.054581,0.927883,-0.646885,-0.335324,0.355903,-0.444835,0.035326,0.898909,-0.629179,-0.325708,0.377593,-0.402954,-0.028285,0.880142,-0.677769,-0.305062,0.412235,-0.504507,-0.015957
658,0.912418,-0.647289,-0.328489,0.365133,-0.345128,0.072025,0.848966,-0.631981,-0.327745,0.496307,-0.334463,0.010467,0.877922,-0.640921,-0.387078,0.49974,-0.513679,-0.003817,0.914067,-0.624076,-0.377403,0.286033,-0.341645,-0.015305
659,0.910973,-0.672286,-0.377953,0.311128,-0.39959,-0.072199,0.940098,-0.645753,-0.368177,0.371696,-0.364427,-0.049653,0.867123,-0.61799,-0.317465,0.389269,-0.355273,-0.074586,0.900133,-0.632916,-0.310293,0.361625,-0.350039,-0.00594
660,0.90882,-0.617653,-0.353143,0.266598,-0.389711,-0.074692,0.92812,-0.538842,-0.353666,0.374753,-0.356368,0.021282,0.946624,-0.568092,-0.375661,0.472061,-0.404276,-0.119501,0.852992,-0.611716,-0.365619,0.382093,-0.282562,-0.059323
661,0.869179,-0.554108,-0.381187,0.473235,-0.204936,0.001641,0.916094,-0.613678,-0.434113,0.426394,-0.389139,-0.089102,0.931968,-0.585926,-0.405298,0.4126,-0.30671,0.061022,0.928684,-0.589514,-0.367923,0.538216,-0.398462,-0.086225
662,0.966257,-0.562643,-0.419823,0.479983,-0.385579,0.026086,0.903534,-0.584992,-0.45864,0.371458,-0.355322,0.01257,0.892749,-0.600698,-0.454127,0.469527,-0.41616,-0.04327,0.958281,-0.572307,-0.432861,0.447127,-0.332312,-0.0264
663,0.930485,-0.552448,-0.480596,0.457939,-0.435613,-0.00826,0.947697,-0.561838,-0.455716,0.399172,-0.366197,-0.125551,0.936348,-0.538916,-0.469404,0.400317,-0.372761,-0.048149,0.913542,-0.512303,-0.454883,0.435835,-0.329065,-0.074616
664,0.901811,-0.554226,-0.498568,0.404396,-0.253404,-7.3e-05,0.965292,-0.529121,-0.467658,0.405794,-0.235536,-0.096502,0.917844,-0.52939,-0.453555,0.447205,-0.280886,-0.052909,0.868509,-0.558156,-0.444749,0.413299,-0.310265,-0.132095
665,0.922403,-0.475282,-0.445568,0.500602,-0.258397,-0.08566,0.9393,-0.54995,-0.483266,0.508224,-0.298264,-0.105396,0.955096,-0.501344,-0.471606,0.468105,-0.300077,-0.156615,0.924683,-0.539119,-0.454078,0.317006,-0.31459,-0.110924
666,0.892252,-0.468922,-0.498184,0.45531,-0.361253,-0.160297,0.879774,-0.457211,-0.505113,0.423834,-0.3183,-0.120473,0.942952,-0.555154,-0.487201,0.483923,-0.347288,-0.151226,0.903571,-0.498403,-0.560524,0.398548,-0.281606,-0.133234
