sample_idx,Va_1,Vb_1,Vc_1,Ia_1,Ib_1,Ic_1,Va_5,Vb_5,Vc_5,Ia_5,Ib_5,Ic_5,Va_10,Vb_10,Vc_10,Ia_10,Ib_10,Ic_10,Va_30,Vb_30,Vc_30,Ia_30,Ib_30,Ic_30
0,1.005576,-0.498436,-0.495835,0.60576,-0.464252,-0.152459,1.002518,-0.494775,-0.499813,0.616008,-0.459113,-0.143849,0.986188,-0.505022,-0.504992,0.591155,-0.467579,-0.140942,0.997248,-0.497605,-0.496204,0.611398,-0.470915,-0.129706
1,1.00582,-0.483891,-0.517323,0.615146,-0.445912,-0.145503,1.010443,-0.479025,-0.525461,0.594968,-0.452297,-0.13344,0.999202,-0.488507,-0.51089,0.591448,-0.450513,-0.142045,1.002928,-0.477559,-0.519411,0.611385,-0.449914,-0.168673
2,0.986504,-0.460287,-0.537116,0.611587,-0.446907,-0.161323,1.002204,-0.469582,-0.529177,0.606286,-0.429764,-0.154097,0.996008,-0.463136,-0.524755,0.611073,-0.428383,-0.158542,0.996236,-0.465679,-0.536139,0.594575,-0.443428,-0.167848
3,1.000975,-0.451354,-0.546802,0.611962,-0.426502,-0.162834,0.999575,-0.447814,-0.547188,0.621503,-0.426701,-0.175095,1.00387,-0.44955,-0.539172,0.608889,-0.429283,-0.178817,0.997126,-0.444559,-0.550447,0.61904,-0.436453,-0.170337
4,0.990328,-0.437081,-0.555686,0.609477,-0.441657,-0.191119,1.00456,-0.437848,-0.562486,0.606643,-0.431289,-0.176754,1.000982,-0.429541,-0.571081,0.626143,-0.432206,-0.192859,1.000961,-0.438971,-0.580071,0.614725,-0.439184,-0.18389
5,0.992008,-0.415269,-0.58439,0.605758,-0.392593,-0.186773,0.998787,-0.418767,-0.575539,0.62039,-0.431606,-0.192178,0.982338,-0.413841,-0.575441,0.636483,-0.40801,-0.210987,0.999003,-0.422859,-0.569391,0.625897,-0.39267,-0.19702
6,1.00145,-0.398321,-0.594276,0.618816,-0.416087,-0.222407,0.997861,-0.405551,-0.596272,0.615804,-0.425079,-0.201417,0.987994,-0.399104,-0.598458,0.621162,-0.41744,-0.192499,0.99077,-0.391186,-0.588956,0.619225,-0.408984,-0.205058
7,0.998476,-0.384416,-0.611166,0.620986,-0.390601,-0.218901,0.996949,-0.381251,-0.609838,0.621611,-0.395977,-0.21583,0.995897,-0.383795,-0.607206,0.606223,-0.401406,-0.220545,0.990643,-0.380433,-0.602626,0.613945,-0.390536,-0.231905
8,0.993518,-0.3538,-0.624234,0.625636,-0.383938,-0.220093,0.99022,-0.35655,-0.619316,0.634557,-0.394017,-0.226394,0.980954,-0.35553,-0.627035,0.624288,-0.394134,-0.233001,0.996582,-0.362528,-0.637411,0.618768,-0.408164,-0.232206
9,0.9816,-0.341171,-0.648871,0.606479,-0.377108,-0.24258,0.991243,-0.346543,-0.635393,0.63292,-0.377329,-0.24275,0.995011,-0.347745,-0.648826,0.632642,-0.378589,-0.251969,0.982274,-0.354044,-0.636466,0.636549,-0.370227,-0.242074
10,0.985509,-0.328411,-0.654645,0.614346,-0.372637,-0.258234,0.97667,-0.333371,-0.65222,0.606719,-0.387567,-0.248606,0.98134,-0.328906,-0.649329,0.625007,-0.384485,-0.253553,0.990366,-0.32668,-0.660964,0.620793,-0.376478,-0.263139
11,0.985554,-0.305696,-0.661572,0.600829,-0.375138,-0.26575,0.980376,-0.314509,-0.669604,0.626958,-0.34961,-0.259514,0.980827,-0.305061,-0.672775,0.608907,-0.350113,-0.250899,0.98267,-0.307,-0.668881,0.63268,-0.360951,-0.265934
12,0.986851,-0.288376,-0.687622,0.63611,-0.322243,-0.276909,0.966984,-0.298118,-0.680287,0.631727,-0.357206,-0.26764,0.968181,-0.281694,-0.682192,0.640168,-0.362303,-0.26648,0.978466,-0.292097,-0.686951,0.630588,-0.346209,-0.284584
13,0.972378,-0.27337,-0.699476,0.630973,-0.345255,-0.282999,0.970618,-0.278254,-0.69527,0.645041,-0.351741,-0.273877,0.97058,-0.277024,-0.690971,0.620125,-0.343059,-0.286632,0.969923,-0.275309,-0.686638,0.637412,-0.328556,-0.289978
14,0.961315,-0.260095,-0.704448,0.622298,-0.333676,-0.305779,0.96604,-0.259981,-0.704066,0.641273,-0.337152,-0.286753,0.965606,-0.252929,-0.709447,0.625008,-0.335711,-0.27526,0.966451,-0.265932,-0.712927,0.619321,-0.339741,-0.28518
15,0.964703,-0.240149,-0.718376,0.631816,-0.312367,-0.319112,0.960388,-0.233069,-0.715881,0.627541,-0.314292,-0.319769,0.963312,-0.246341,-0.725145,0.628032,-0.314731,-0.295682,0.963611,-0.235824,-0.721294,0.635561,-0.33179,-0.296824
16,0.957867,-0.218156,-0.738439,0.629462,-0.309315,-0.316363,0.955599,-0.223207,-0.730194,0.62961,-0.313363,-0.303496,0.961889,-0.218815,-0.726523,0.625731,-0.303587,-0.328874,0.952495,-0.220819,-0.737844,0.626377,-0.306597,-0.317511
17,0.951416,-0.199296,-0.750203,0.618694,-0.300521,-0.336632,0.952216,-0.19873,-0.744801,0.639607,-0.313567,-0.335646,0.948752,-0.205186,-0.749953,0.637195,-0.289279,-0.302304,0.944135,-0.202748,-0.753764,0.632249,-0.299726,-0.329276
18,0.943383,-0.182068,-0.761793,0.620006,-0.284952,-0.338933,0.937634,-0.193864,-0.765702,0.640192,-0.279852,-0.342801,0.939811,-0.187839,-0.758833,0.638149,-0.296478,-0.320177,0.94848,-0.183514,-0.75003,0.62236,-0.292959,-0.336931
19,0.932774,-0.166473,-0.767403,0.628226,-0.289944,-0.346471,0.940443,-0.159441,-0.770515,0.61695,-0.274527,-0.342415,0.932569,-0.17117,-0.770463,0.624442,-0.275604,-0.340834,0.935201,-0.159191,-0.772493,0.634986,-0.270607,-0.344968
20,0.934795,-0.130884,-0.785391,0.639219,-0.273655,-0.352901,0.938928,-0.141151,-0.784983,0.617205,-0.283878,-0.360798,0.932816,-0.147527,-0.772566,0.631081,-0.26216,-0.371547,0.92833,-0.152074,-0.77943,0.638474,-0.257305,-0.34551
21,0.929374,-0.123705,-0.794514,0.629452,-0.258181,-0.357975,0.926145,-0.131272,-0.795618,0.635159,-0.252528,-0.361654,0.930346,-0.120107,-0.799074,0.630806,-0.257672,-0.356652,0.928002,-0.120611,-0.789348,0.629485,-0.256632,-0.371713
22,0.909484,-0.103895,-0.800329,0.611049,-0.256135,-0.380528,0.912772,-0.108065,-0.795746,0.630002,-0.248245,-0.379502,0.912595,-0.105911,-0.801193,0.626601,-0.240279,-0.379831,0.911116,-0.105033,-0.804016,0.623985,-0.251546,-0.380914
23,0.909427,-0.087384,-0.821395,0.604959,-0.23685,-0.381009,0.910537,-0.083059,-0.816545,0.627841,-0.22142,-0.393382,0.901533,-0.093998,-0.812428,0.623356,-0.238101,-0.383218,0.904419,-0.087134,-0.819981,0.610501,-0.237161,-0.376283
24,0.910389,-0.0608,-0.838799,0.619391,-0.231085,-0.401913,0.899011,-0.062366,-0.840395,0.638872,-0.227108,-0.404658,0.89443,-0.076969,-0.828075,0.630244,-0.222024,-0.38541,0.897479,-0.070778,-0.827272,0.641551,-0.228513,-0.385127
25,0.902963,-0.055159,-0.844419,0.624708,-0.214271,-0.39881,0.891835,-0.058429,-0.84103,0.610988,-0.214774,-0.388198,0.887677,-0.050253,-0.837529,0.614447,-0.222999,-0.404712,0.891512,-0.051176,-0.839658,0.631663,-0.209671,-0.416528
26,0.876948,-0.04048,-0.850198,0.60051,-0.202498,-0.409201,0.879723,-0.034713,-0.845801,0.606341,-0.201866,-0.403731,0.88932,-0.030715,-0.847026,0.619562,-0.215545,-0.390295,0.871871,-0.029928,-0.844013,0.62956,-0.21643,-0.410675
27,0.875528,-0.021507,-0.865892,0.614674,-0.183973,-0.430103,0.874841,-0.015168,-0.859011,0.618525,-0.180272,-0.416571,0.868623,-0.003218,-0.863285,0.620393,-0.171635,-0.427391,0.871673,-0.01876,-0.859044,0.621602,-0.183594,-0.402626
28,0.866567,0.003481,-0.874918,0.620003,-0.191943,-0.453134,0.857884,0.002201,-0.876132,0.598295,-0.183587,-0.450267,0.861732,-0.009579,-0.856506,0.616893,-0.190778,-0.422966,0.866244,0.006309,-0.870717,0.586463,-0.178656,-0.433257
29,0.854707,0.03414,-0.877041,0.591005,-0.159094,-0.460769,0.85868,0.022199,-0.880388,0.605467,-0.185638,-0.439593,0.857933,0.027016,-0.877933,0.627626,-0.172362,-0.437945,0.865978,0.026297,-0.874174,0.620807,-0.172648,-0.448207
30,0.842142,0.037212,-0.886949,0.611937,-0.150413,-0.455682,0.847387,0.036543,-0.876918,0.606424,-0.168938,-0.471873,0.848261,0.042983,-0.889023,0.603935,-0.162123,-0.43351,0.840483,0.045179,-0.88737,0.612805,-0.182731,-0.446337
31,0.824342,0.069537,-0.892048,0.610886,-0.159272,-0.451948,0.833087,0.065401,-0.899296,0.60323,-0.16292,-0.458469,0.833609,0.068913,-0.898012,0.617846,-0.141768,-0.45705,0.834071,0.06266,-0.899099,0.607239,-0.16088,-0.459486
32,0.817433,0.078737,-0.904758,0.60386,-0.143165,-0.457382,0.81771,0.083883,-0.90684,0.587604,-0.14353,-0.45993,0.818602,0.076363,-0.908881,0.593288,-0.149148,-0.454684,0.820361,0.093247,-0.909772,0.595739,-0.140965,-0.470452
33,0.808227,0.096707,-0.912157,0.601081,-0.127242,-0.471561,0.814697,0.093692,-0.907393,0.582273,-0.113431,-0.469142,0.809247,0.10521,-0.903841,0.59286,-0.125275,-0.480709,0.813118,0.100869,-0.911378,0.581192,-0.133289,-0.472717
34,0.803847,0.112005,-0.920526,0.58162,-0.110958,-0.474937,0.805277,0.115485,-0.914413,0.588524,-0.118264,-0.474621,0.800958,0.12057,-0.921628,0.604589,-0.111237,-0.473919,0.798119,0.116066,-0.911339,0.60085,-0.112895,-0.470112
35,0.792508,0.127522,-0.925992,0.599773,-0.114419,-0.483104,0.794543,0.139465,-0.926677,0.581006,-0.109195,-0.478552,0.792743,0.127434,-0.934446,0.584915,-0.098853,-0.478395,0.778749,0.128899,-0.921768,0.595448,-0.123746,-0.49607
36,0.780309,0.162842,-0.925751,0.576704,-0.116637,-0.48193,0.778521,0.150013,-0.932822,0.575791,-0.100243,-0.487881,0.776223,0.154867,-0.925776,0.588631,-0.095265,-0.490427,0.774079,0.149743,-0.931671,0.566824,-0.097504,-0.497056
37,0.764006,0.164747,-0.939972,0.596284,-0.089771,-0.506124,0.768285,0.17528,-0.94225,0.576694,-0.059041,-0.510242,0.772516,0.174583,-0.944447,0.568503,-0.09799,-0.505544,0.769631,0.174276,-0.933607,0.594043,-0.082907,-0.525927
38,0.749647,0.194358,-0.943365,0.568414,-0.063425,-0.537259,0.745251,0.192636,-0.935307,0.571823,-0.053346,-0.526018,0.750975,0.179898,-0.939259,0.570827,-0.08706,-0.510133,0.755145,0.183203,-0.943828,0.576559,-0.045931,-0.506172
39,0.747635,0.212791,-0.946219,0.576688,-0.048335,-0.512269,0.746778,0.220711,-0.943501,0.566681,-0.045302,-0.506865,0.742349,0.215322,-0.952986,0.55977,-0.046202,-0.497686,0.741512,0.206169,-0.947148,0.574557,-0.056862,-0.513808
40,0.727408,0.237638,-0.955965,0.560113,-0.043445,-0.517406,0.725697,0.220842,-0.957347,0.554998,-0.043016,-0.528632,0.727083,0.224271,-0.961735,0.544646,-0.052232,-0.519622,0.731459,0.229832,-0.962502,0.572109,-0.035186,-0.523846
41,0.712255,0.246953,-0.965405,0.546402,-0.012854,-0.544905,0.710912,0.245396,-0.954174,0.565443,-0.013715,-0.537516,0.713772,0.252675,-0.967699,0.583252,-0.051351,-0.546986,0.720059,0.248051,-0.968379,0.552735,-0.01493,-0.527285
42,0.703574,0.27777,-0.962472,0.544388,-0.038163,-0.541979,0.702422,0.270275,-0.981162,0.567497,-0.01276,-0.528327,0.696942,0.264382,-0.964015,0.566387,-0.009157,-0.535851,0.704002,0.262757,-0.95559,0.567027,-0.023001,-0.536262
43,0.690669,0.27501,-0.971174,0.546069,-0.014436,-0.549568,0.689167,0.278561,-0.970493,0.568793,0.00975,-0.537193,0.686511,0.287651,-0.970004,0.54824,-0.026978,-0.547319,0.697892,0.28605,-0.965823,0.539202,-0.015156,-0.553229
44,0.673818,0.301105,-0.979459,0.534896,0.009748,-0.542673,0.673865,0.308936,-0.974603,0.543056,-0.004508,-0.553181,0.671074,0.291812,-0.977856,0.553484,0.014529,-0.544667,0.670214,0.297582,-0.981765,0.551893,0.01724,-0.528323
45,0.655549,0.313772,-0.977892,0.531631,0.03509,-0.572968,0.665373,0.328156,-0.980096,0.540666,0.011713,-0.561383,0.666691,0.324368,-0.985567,0.516398,0.003748,-0.56368,0.665418,0.313542,-0.989227,0.539484,0.012742,-0.549106
46,0.644678,0.333945,-0.989984,0.539645,0.031442,-0.554278,0.650256,0.33389,-0.978665,0.535786,0.024355,-0.555688,0.636708,0.331384,-0.98014,0.546971,0.03674,-0.576069,0.643526,0.330139,-0.984187,0.534464,0.044588,-0.551657
47,0.632207,0.361148,-0.987938,0.513173,0.038836,-0.55408,0.636256,0.36157,-0.988963,0.519525,0.026683,-0.577643,0.628074,0.355734,-0.9936,0.525938,0.031371,-0.558436,0.637427,0.357185,-0.977805,0.523592,0.024306,-0.55021
48,0.624815,0.370308,-0.997383,0.505926,0.047582,-0.559061,0.611111,0.367252,-0.996754,0.523217,0.049598,-0.561559,0.616798,0.374919,-0.990715,0.522647,0.057714,-0.576869,0.619398,0.37241,-0.993896,0.521306,0.033119,-0.563788
49,0.615981,0.395651,-0.991994,0.505271,0.079126,-0.574218,0.600593,0.386384,-0.990662,0.503237,0.075053,-0.584333,0.605314,0.383417,-0.991545,0.515132,0.072027,-0.585845,0.605511,0.39352,-0.986665,0.523213,0.077149,-0.586296
50,0.585099,0.411391,-0.992102,0.512766,0.068262,-0.581796,0.579872,0.412366,-0.997433,0.489471,0.079379,-0.571385,0.588542,0.398196,-0.989742,0.497141,0.077478,-0.58934,0.588344,0.412004,-1.001967,0.493855,0.084526,-0.571913
51,0.573111,0.422482,-0.995981,0.489703,0.089554,-0.575947,0.577433,0.422346,-0.995199,0.494738,0.086415,-0.582625,0.571516,0.431805,-0.994566,0.503095,0.081175,-0.572851,0.570869,0.421382,-0.993756,0.492238,0.088916,-0.583341
52,0.560049,0.445524,-0.99631,0.484329,0.113074,-0.596519,0.559053,0.439476,-1.004643,0.479034,0.104711,-0.596369,0.564542,0.456882,-0.989643,0.488237,0.113903,-0.576786,0.557281,0.433338,-0.994625,0.480935,0.09809,-0.575579
53,0.541854,0.46083,-0.996191,0.46141,0.120682,-0.577237,0.544253,0.448013,-1.005188,0.491615,0.104202,-0.583513,0.539061,0.457385,-0.998282,0.478195,0.142557,-0.585488,0.544054,0.45697,-1.001391,0.487821,0.116288,-0.600533
54,0.531273,0.471733,-0.99751,0.459422,0.117652,-0.587393,0.513944,0.47227,-0.999144,0.47296,0.120702,-0.583286,0.526351,0.47619,-0.987842,0.479491,0.114428,-0.594892,0.525352,0.471004,-1.000279,0.48031,0.131145,-0.596422
55,0.515046,0.49659,-1.000224,0.474589,0.132681,-0.584383,0.503916,0.497185,-0.99092,0.475611,0.124781,-0.617782,0.516148,0.48925,-0.987696,0.470555,0.13451,-0.588046,0.505214,0.491685,-1.002718,0.471935,0.125409,-0.600003
56,0.497136,0.497844,-0.992848,0.434562,0.146972,-0.593969,0.494168,0.504358,-1.001395,0.4683,0.141649,-0.628181,0.486989,0.505932,-0.993809,0.461676,0.129498,-0.606644,0.487387,0.506594,-0.998909,0.442116,0.12906,-0.604012
57,0.472783,0.52629,-1.005238,0.448519,0.175416,-0.612918,0.488707,0.527406,-0.999142,0.454103,0.162372,-0.607932,0.472749,0.522941,-1.003712,0.443603,0.157481,-0.602156,0.473145,0.521085,-1.000231,0.439926,0.158304,-0.587978
58,0.456769,0.533786,-1.003137,0.443958,0.153509,-0.587458,0.451075,0.54647,-0.992953,0.434025,0.1685,-0.598598,0.457023,0.532958,-1.000696,0.436526,0.16849,-0.620938,0.450577,0.542004,-1.004324,0.445726,0.171043,-0.603574
59,0.43936,0.547076,-1.003287,0.443599,0.197645,-0.609168,0.448406,0.553642,-0.995461,0.442387,0.166516,-0.613073,0.449222,0.553005,-0.996611,0.444206,0.180236,-0.60783,0.44294,0.557263,-0.995754,0.432516,0.182255,-0.62355
60,0.423873,0.575754,-0.991275,0.423107,0.183607,-0.618673,0.414402,0.566758,-0.996394,0.436484,0.1927,-0.602344,0.421896,0.571317,-0.99567,0.433449,0.189225,-0.607914,0.432568,0.573831,-1.001457,0.405548,0.187276,-0.618413
61,0.407035,0.584422,-0.991928,0.400784,0.213007,-0.622014,0.415277,0.596312,-0.988517,0.418226,0.195845,-0.612424,0.40935,0.580531,-0.986831,0.419086,0.204423,-0.608063,0.402396,0.583186,-0.983621,0.41769,0.189028,-0.614454
62,0.395564,0.600001,-0.999826,0.388407,0.215569,-0.618843,0.392342,0.593565,-0.991293,0.410425,0.224892,-0.604333,0.387552,0.598083,-1.001488,0.399462,0.210373,-0.635211,0.385207,0.594343,-0.998127,0.398023,0.210267,-0.614896
63,0.375132,0.620518,-0.987703,0.41158,0.252168,-0.618871,0.370047,0.615613,-0.98393,0.388314,0.224796,-0.611916,0.374444,0.618076,-0.992565,0.390411,0.220313,-0.634352,0.378672,0.62481,-0.985393,0.390072,0.225891,-0.613951
64,0.351866,0.63127,-0.990369,0.39288,0.227708,-0.626521,0.347642,0.623414,-0.999552,0.376446,0.235652,-0.647716,0.361892,0.634533,-0.992264,0.383687,0.248647,-0.622228,0.362438,0.628609,-0.988908,0.37314,0.228128,-0.610405
65,0.349241,0.653045,-0.982449,0.382154,0.215574,-0.624941,0.344852,0.647885,-0.984588,0.392293,0.252017,-0.629969,0.343938,0.66023,-0.983218,0.378979,0.239955,-0.614826,0.334651,0.648616,-0.980582,0.387018,0.242054,-0.621479
66,0.312748,0.658701,-0.987644,0.368151,0.258644,-0.619951,0.322097,0.662132,-0.993102,0.374366,0.261593,-0.622746,0.321171,0.662248,-0.98391,0.365968,0.24056,-0.617816,0.314601,0.644548,-0.981832,0.380533,0.25691,-0.629616
67,0.31169,0.67237,-0.985507,0.369663,0.263646,-0.637578,0.29322,0.675708,-0.97068,0.375918,0.264226,-0.639965,0.306541,0.67167,-0.983193,0.351523,0.268366,-0.627415,0.31668,0.678481,-0.983072,0.341066,0.277524,-0.615703
68,0.2885,0.684782,-0.968239,0.347704,0.281494,-0.634732,0.285764,0.680405,-0.971312,0.355087,0.257625,-0.62845,0.290893,0.681618,-0.965492,0.353038,0.264803,-0.617462,0.279721,0.685336,-0.976998,0.353277,0.270928,-0.629231
69,0.271229,0.706705,-0.957335,0.340778,0.277248,-0.625722,0.262396,0.708194,-0.968497,0.326422,0.27754,-0.632978,0.265696,0.711075,-0.972894,0.336198,0.302713,-0.613949,0.267781,0.696569,-0.96207,0.347848,0.284815,-0.651384
70,0.242183,0.721233,-0.965165,0.302933,0.292858,-0.636743,0.256122,0.709394,-0.969102,0.339659,0.309084,-0.636941,0.24738,0.707771,-0.959016,0.329387,0.309007,-0.645423,0.24209,0.710462,-0.957861,0.350023,0.294174,-0.608108
71,0.234302,0.730807,-0.955855,0.332803,0.317693,-0.634721,0.230261,0.727112,-0.958588,0.315306,0.305734,-0.635298,0.230841,0.71893,-0.961811,0.309469,0.316775,-0.628716,0.224217,0.711913,-0.954424,0.302922,0.324696,-0.624498
72,0.209181,0.740428,-0.957976,0.326689,0.325138,-0.62693,0.208983,0.751939,-0.954368,0.340087,0.331686,-0.616644,0.219079,0.741546,-0.957447,0.310527,0.30194,-0.63478,0.211844,0.742346,-0.956417,0.29947,0.330836,-0.618468
73,0.197225,0.747326,-0.955444,0.296099,0.325803,-0.630503,0.192787,0.756295,-0.941958,0.304396,0.33569,-0.616002,0.192003,0.757384,-0.946483,0.304155,0.340999,-0.637331,0.196539,0.747844,-0.948693,0.30011,0.324069,-0.629857
74,0.169591,0.762377,-0.944275,0.267305,0.347492,-0.634174,0.172698,0.769328,-0.940324,0.290786,0.321556,-0.6334,0.173809,0.763741,-0.93447,0.278276,0.338436,-0.63824,0.176479,0.760704,-0.948354,0.273665,0.332335,-0.630138
75,0.157962,0.774025,-0.932027,0.264557,0.362933,-0.635888,0.166007,0.771641,-0.943932,0.269455,0.341625,-0.616254,0.159319,0.772844,-0.936235,0.267459,0.357932,-0.61054,0.145305,0.779926,-0.927937,0.284294,0.339387,-0.651567
76,0.138415,0.784586,-0.927333,0.270203,0.344411,-0.632222,0.147353,0.790605,-0.940087,0.252374,0.351454,-0.646731,0.136218,0.792379,-0.929357,0.270918,0.338794,-0.617301,0.135562,0.793877,-0.924961,0.263543,0.347771,-0.628071
77,0.113223,0.807986,-0.919157,0.253335,0.362888,-0.63688,0.125676,0.795261,-0.921559,0.259038,0.372646,-0.632002,0.109142,0.800076,-0.914808,0.266165,0.361218,-0.613852,0.118302,0.79594,-0.918226,0.261994,0.358589,-0.614196
78,0.104871,0.800028,-0.913377,0.254584,0.387477,-0.632004,0.102581,0.811286,-0.907313,0.247588,0.378895,-0.618472,0.102323,0.810052,-0.910498,0.24992,0.368535,-0.621523,0.104904,0.817714,-0.914453,0.236628,0.36449,-0.605163
79,0.086717,0.821369,-0.913751,0.249955,0.380189,-0.604824,0.081588,0.817291,-0.897462,0.234209,0.357086,-0.617219,0.087073,0.824778,-0.905289,0.22904,0.393062,-0.634642,0.081426,0.832419,-0.898895,0.224848,0.391467,-0.625219
80,0.046154,0.839275,-0.892238,0.230208,0.382932,-0.61051,0.068667,0.833841,-0.889113,0.217205,0.408565,-0.624843,0.063032,0.831503,-0.899125,0.235051,0.393893,-0.626235,0.064253,0.838569,-0.898927,0.239981,0.391294,-0.622425
81,0.054761,0.847545,-0.894623,0.220588,0.414666,-0.620056,0.042061,0.844214,-0.881918,0.223736,0.416695,-0.596603,0.041129,0.854986,-0.885244,0.225257,0.406283,-0.623051,0.045142,0.840033,-0.884676,0.21854,0.389988,-0.611957
82,0.014563,0.858444,-0.890402,0.199732,0.418619,-0.606595,0.022435,0.860686,-0.865777,0.183193,0.403538,-0.615936,0.026729,0.84624,-0.882827,0.206846,0.40771,-0.626412,0.013519,0.850656,-0.878278,0.199277,0.421664,-0.592187
83,-0.004118,0.857527,-0.862974,0.191137,0.410722,-0.608171,0.003434,0.862841,-0.865973,0.19014,0.431816,-0.602504,0.012146,0.872581,-0.875034,0.196864,0.416302,-0.590205,0.011058,0.864709,-0.867907,0.196234,0.428932,-0.610615
84,-0.007809,0.879226,-0.856754,0.186479,0.439352,-0.606264,-0.009486,0.865898,-0.866353,0.186478,0.440194,-0.607137,-0.010346,0.874897,-0.863974,0.178416,0.435055,-0.595617,-0.01089,0.873859,-0.86001,0.18596,0.437721,-0.62079
85,-0.030117,0.883502,-0.857317,0.175319,0.439267,-0.612061,-0.023529,0.884527,-0.849817,0.169605,0.436585,-0.602705,-0.031431,0.885132,-0.855327,0.180018,0.432938,-0.614565,-0.025653,0.879645,-0.852063,0.170015,0.445217,-0.612373
86,-0.05226,0.895019,-0.839531,0.14712,0.456501,-0.623262,-0.046995,0.891043,-0.83995,0.16071,0.451883,-0.615264,-0.046415,0.889641,-0.842401,0.180114,0.450583,-0.602957,-0.049043,0.888348,-0.842836,0.148328,0.4502,-0.615526
87,-0.076284,0.906768,-0.835155,0.154217,0.452593,-0.608241,-0.079139,0.899685,-0.833136,0.154514,0.457803,-0.593195,-0.076869,0.900723,-0.825326,0.122309,0.45648,-0.593408,-0.065022,0.90124,-0.821106,0.147515,0.462521,-0.61905
88,-0.101765,0.906746,-0.821503,0.123093,0.484335,-0.581051,-0.092239,0.917042,-0.817942,0.139423,0.478132,-0.58933,-0.085701,0.895083,-0.824004,0.124724,0.459766,-0.611112,-0.096115,0.906033,-0.817448,0.127454,0.471013,-0.603366
89,-0.106481,0.918134,-0.805611,0.125157,0.459724,-0.590778,-0.110792,0.917645,-0.813161,0.139243,0.496318,-0.59387,-0.106377,0.915013,-0.795845,0.124265,0.474984,-0.578646,-0.102297,0.909403,-0.801509,0.125232,0.491119,-0.604181
90,-0.140466,0.926923,-0.79074,0.134478,0.480257,-0.582394,-0.131317,0.923623,-0.799784,0.103967,0.494124,-0.605591,-0.131965,0.927247,-0.793372,0.115589,0.489673,-0.58348,-0.124868,0.922718,-0.800805,0.11995,0.484806,-0.602707
91,-0.138586,0.928233,-0.78318,0.091966,0.480602,-0.611538,-0.138111,0.930561,-0.787796,0.09541,0.479193,-0.583972,-0.145676,0.930032,-0.77634,0.089875,0.498955,-0.599719,-0.142663,0.940354,-0.781712,0.091056,0.488109,-0.589169
92,-0.160591,0.933484,-0.771567,0.099697,0.484385,-0.585434,-0.163744,0.936425,-0.783996,0.074553,0.490074,-0.573063,-0.170875,0.930618,-0.772943,0.090109,0.484034,-0.59569,-0.151539,0.93618,-0.770917,0.079947,0.505516,-0.583069
93,-0.181436,0.943724,-0.755792,0.071368,0.497892,-0.585058,-0.182722,0.940362,-0.770684,0.071609,0.517025,-0.569285,-0.183635,0.928185,-0.75968,0.090392,0.508263,-0.576819,-0.179018,0.947676,-0.758709,0.081232,0.491437,-0.56037
94,-0.206949,0.946497,-0.741804,0.032676,0.506815,-0.564675,-0.197124,0.941634,-0.74959,0.080072,0.508919,-0.564004,-0.20008,0.958076,-0.746738,0.06416,0.528735,-0.582078,-0.196437,0.952361,-0.748998,0.077034,0.505262,-0.569669
95,-0.21465,0.954378,-0.73675,0.03475,0.516133,-0.562349,-0.215003,0.961914,-0.735298,0.0401,0.533259,-0.58063,-0.229687,0.949321,-0.737664,0.038966,0.517393,-0.557854,-0.212626,0.956045,-0.741741,0.038111,0.515198,-0.573978
96,-0.230268,0.96115,-0.722247,0.038085,0.518857,-0.57145,-0.235488,0.959538,-0.727547,0.040318,0.540212,-0.564318,-0.233884,0.962495,-0.730983,0.034268,0.523595,-0.556274,-0.23887,0.956043,-0.728448,0.024983,0.538042,-0.569968
97,-0.259614,0.963555,-0.716621,0.044286,0.534799,-0.562301,-0.249677,0.96655,-0.710138,0.026589,0.524164,-0.557689,-0.249548,0.962669,-0.709243,0.005589,0.517229,-0.549254,-0.261039,0.966831,-0.700943,0.019923,0.530423,-0.564257
98,-0.271724,0.968407,-0.699529,0.024044,0.53681,-0.56903,-0.282851,0.970257,-0.693872,-0.009163,0.551972,-0.560709,-0.277809,0.966665,-0.695981,-0.000664,0.550975,-0.560012,-0.272486,0.973813,-0.691381,0.002988,0.523209,-0.556725
99,-0.28433,0.977031,-0.669863,-0.016666,0.548069,-0.558487,-0.282401,0.977739,-0.684127,0.002834,0.546673,-0.542895,-0.301762,0.969884,-0.683179,-0.00229,0.551313,-0.522428,-0.284423,0.973673,-0.685574,0.008125,0.543303,-0.540214
100,-0.319935,0.979333,-0.668408,-0.012707,0.536992,-0.542231,-0.300572,0.988597,-0.668302,-0.006314,0.549662,-0.543612,-0.312813,0.985848,-0.66742,-0.033622,0.545785,-0.544138,-0.312386,0.972855,-0.674198,-0.003816,0.552611,-0.540236
101,-0.332068,0.982453,-0.653287,-0.02909,0.548808,-0.533285,-0.324412,0.977222,-0.658616,-0.019269,0.533242,-0.533912,-0.326824,0.980138,-0.647324,-0.025351,0.54546,-0.523464,-0.322964,0.971824,-0.654549,-0.037996,0.583308,-0.542202
102,-0.344105,0.985481,-0.6375,-0.034682,0.551956,-0.529363,-0.350446,0.988651,-0.656052,-0.038642,0.555821,-0.51654,-0.345417,0.989359,-0.651536,-0.032366,0.546464,-0.536502,-0.343627,0.984183,-0.634006,-0.053521,0.586407,-0.519171
103,-0.365141,0.991327,-0.631363,-0.044282,0.583752,-0.511363,-0.361277,0.986615,-0.624232,-0.052078,0.566435,-0.51708,-0.357905,0.985378,-0.619621,-0.064132,0.549041,-0.518119,-0.359476,0.992923,-0.628023,-0.05232,0.562141,-0.527501
104,-0.376759,0.994385,-0.617569,-0.052117,0.577223,-0.50736,-0.376335,0.98804,-0.611903,-0.056928,0.580379,-0.503809,-0.380643,0.987296,-0.602528,-0.060497,0.575145,-0.521104,-0.37749,0.988196,-0.609875,-0.064215,0.585465,-0.522104
105,-0.38599,0.986224,-0.596088,-0.068305,0.569009,-0.49842,-0.392136,0.996423,-0.593221,-0.066479,0.578408,-0.522166,-0.385786,1.001534,-0.592402,-0.059987,0.579785,-0.502958,-0.403015,0.994335,-0.594219,-0.065191,0.556482,-0.513814
106,-0.399302,0.991357,-0.585334,-0.074077,0.566816,-0.498343,-0.422927,0.991372,-0.583641,-0.076645,0.575521,-0.488896,-0.41583,0.990309,-0.586099,-0.074499,0.582866,-0.501833,-0.421593,0.999742,-0.587737,-0.081805,0.576039,-0.524283
107,-0.421921,0.994351,-0.568316,-0.108566,0.584969,-0.494513,-0.425141,0.997138,-0.559627,-0.082286,0.568003,-0.487328,-0.43187,0.997246,-0.566989,-0.093765,0.598293,-0.471482,-0.434515,0.99843,-0.559829,-0.092863,0.571223,-0.487671
108,-0.445132,1.002889,-0.545577,-0.112271,0.564571,-0.471486,-0.448534,1.003659,-0.55206,-0.120825,0.581972,-0.483908,-0.452521,1.003883,-0.542782,-0.100939,0.582361,-0.483786,-0.443229,1.005598,-0.544417,-0.098591,0.60081,-0.488577
109,-0.463632,1.001854,-0.532449,-0.101853,0.601603,-0.485459,-0.470359,1.00381,-0.539348,-0.105248,0.593988,-0.482518,-0.461937,0.988685,-0.534554,-0.128568,0.594392,-0.484751,-0.46616,1.003535,-0.528896,-0.115665,0.601602,-0.470108
110,-0.485725,1.006881,-0.517835,-0.132668,0.606847,-0.488811,-0.482688,0.99572,-0.511902,-0.122111,0.601593,-0.445743,-0.488367,0.998747,-0.51383,-0.133532,0.586207,-0.460929,-0.481979,0.995645,-0.518689,-0.127913,0.590071,-0.482448
111,-0.502412,1.00519,-0.505034,-0.144724,0.604057,-0.470592,-0.499313,1.002902,-0.504444,-0.142606,0.587281,-0.459304,-0.498504,1.010102,-0.506847,-0.126676,0.600952,-0.459853,-0.492201,1.005263,-0.507011,-0.13487,0.594467,-0.462218
112,-0.518973,0.997642,-0.484593,-0.153062,0.609956,-0.442707,-0.513459,0.99421,-0.498037,-0.142146,0.602028,-0.443763,-0.50309,1.007114,-0.480756,-0.153318,0.603897,-0.449392,-0.513419,1.000877,-0.488927,-0.144756,0.609931,-0.44385
113,-0.540596,0.994343,-0.470287,-0.142143,0.609734,-0.455782,-0.529856,1.000114,-0.477638,-0.156472,0.607947,-0.45074,-0.537161,1.001138,-0.468889,-0.165864,0.607124,-0.433904,-0.524493,1.010767,-0.477403,-0.169166,0.608111,-0.432641
114,-0.550872,0.996699,-0.459521,-0.170866,0.616385,-0.433959,-0.552316,1.001101,-0.449338,-0.193552,0.618043,-0.426218,-0.552067,0.994643,-0.461182,-0.172058,0.620997,-0.430675,-0.540545,0.986236,-0.45204,-0.153116,0.612723,-0.449207
115,-0.566956,1.006112,-0.430918,-0.179018,0.601268,-0.409837,-0.556574,0.991844,-0.428634,-0.189566,0.60374,-0.431256,-0.554568,0.994147,-0.436938,-0.170847,0.601595,-0.411019,-0.565267,0.998797,-0.428148,-0.196814,0.610839,-0.403396
116,-0.587557,0.998482,-0.414754,-0.187312,0.621567,-0.434631,-0.580943,0.997324,-0.424741,-0.184951,0.607937,-0.431929,-0.583541,0.99467,-0.417147,-0.189436,0.610683,-0.427337,-0.575094,0.996099,-0.408427,-0.186491,0.639719,-0.425972
117,-0.592205,0.990398,-0.407289,-0.218802,0.619114,-0.420613,-0.590107,0.989079,-0.405437,-0.215324,0.630081,-0.409088,-0.598591,0.997068,-0.404584,-0.18408,0.618403,-0.418234,-0.604597,0.99558,-0.403357,-0.192313,0.630745,-0.420525
118,-0.609683,0.993385,-0.385302,-0.216918,0.627358,-0.393277,-0.606252,0.988711,-0.377076,-0.231696,0.607882,-0.400425,-0.611507,0.994271,-0.385397,-0.221772,0.618164,-0.422904,-0.612167,0.992853,-0.369472,-0.22064,0.623422,-0.392935
119,-0.618137,0.985232,-0.357317,-0.23338,0.618998,-0.385478,-0.624645,0.991112,-0.363821,-0.239795,0.623909,-0.400659,-0.613265,0.978428,-0.363833,-0.242032,0.607527,-0.398688,-0.626752,0.978503,-0.365695,-0.22122,0.622621,-0.378294
120,-0.635387,0.983818,-0.349436,-0.234008,0.607789,-0.364789,-0.645571,0.99532,-0.353831,-0.230362,0.626803,-0.385645,-0.634788,0.984741,-0.344592,-0.240017,0.625829,-0.378287,-0.642492,0.98646,-0.343217,-0.228106,0.632844,-0.377427
121,-0.656136,0.981612,-0.328801,-0.260104,0.605379,-0.377334,-0.656016,0.985536,-0.324805,-0.243719,0.613947,-0.380196,-0.656831,0.987993,-0.329323,-0.245035,0.62745,-0.382542,-0.652111,0.99686,-0.323093,-0.25411,0.604172,-0.389689
122,-0.658916,0.983784,-0.300931,-0.260863,0.632767,-0.368446,-0.66677,0.982633,-0.304783,-0.245634,0.620032,-0.367152,-0.667497,0.983652,-0.311661,-0.267847,0.612209,-0.362491,-0.665155,0.988905,-0.312986,-0.26056,0.634523,-0.362951
123,-0.690102,0.976323,-0.301194,-0.278758,0.623339,-0.36006,-0.677857,0.970877,-0.303596,-0.269249,0.619931,-0.357436,-0.680573,0.975157,-0.290283,-0.258875,0.629251,-0.358849,-0.680733,0.978512,-0.284786,-0.281303,0.630519,-0.353998
124,-0.699924,0.971777,-0.276529,-0.291697,0.614059,-0.35199,-0.691529,0.970319,-0.283378,-0.286872,0.644217,-0.331859,-0.699457,0.979019,-0.280875,-0.284986,0.627093,-0.328804,-0.697747,0.974132,-0.283502,-0.292257,0.611655,-0.34555
125,-0.707868,0.96312,-0.258202,-0.271149,0.62679,-0.340326,-0.709104,0.960382,-0.26043,-0.297297,0.623074,-0.341916,-0.713438,0.964115,-0.256002,-0.304339,0.627387,-0.347647,-0.702584,0.970661,-0.268515,-0.278865,0.615592,-0.350686
126,-0.722883,0.964228,-0.2461,-0.282225,0.609876,-0.313121,-0.717762,0.965076,-0.243883,-0.313432,0.623473,-0.318858,-0.716093,0.954185,-0.236329,-0.274548,0.637068,-0.323606,-0.709572,0.967283,-0.252105,-0.307751,0.600916,-0.33558
127,-0.742591,0.957304,-0.231621,-0.317838,0.632335,-0.324076,-0.736067,0.95243,-0.225499,-0.313881,0.638663,-0.299056,-0.744307,0.959109,-0.220267,-0.316547,0.637452,-0.322289,-0.73066,0.960182,-0.216458,-0.308502,0.636055,-0.315604
128,-0.739603,0.950301,-0.201038,-0.324154,0.634259,-0.310239,-0.750446,0.951631,-0.207286,-0.325752,0.618618,-0.301002,-0.743967,0.950889,-0.207552,-0.320937,0.635557,-0.290437,-0.748924,0.94615,-0.193957,-0.323633,0.622368,-0.301275
129,-0.763052,0.938827,-0.183503,-0.343257,0.6246,-0.3018,-0.751109,0.949126,-0.191594,-0.314898,0.631861,-0.301058,-0.756399,0.932686,-0.176169,-0.326554,0.604938,-0.278204,-0.766271,0.94417,-0.176705,-0.33885,0.608405,-0.314789
130,-0.767959,0.930717,-0.170622,-0.34121,0.612055,-0.292839,-0.779212,0.939122,-0.159021,-0.367765,0.626904,-0.274838,-0.761496,0.936559,-0.167863,-0.344262,0.623048,-0.281039,-0.771166,0.932375,-0.160315,-0.347028,0.621989,-0.281534
131,-0.779479,0.931445,-0.153912,-0.342085,0.626808,-0.298828,-0.772666,0.929771,-0.151052,-0.337616,0.625192,-0.275854,-0.782716,0.929377,-0.153037,-0.353551,0.60926,-0.29745,-0.781794,0.930216,-0.149025,-0.338133,0.631039,-0.287585
132,-0.79627,0.926318,-0.132464,-0.352701,0.629034,-0.261924,-0.784001,0.918289,-0.13296,-0.366564,0.639187,-0.265584,-0.795384,0.927526,-0.135803,-0.361635,0.609611,-0.248814,-0.796956,0.919762,-0.127682,-0.370229,0.644635,-0.261795
133,-0.814327,0.915132,-0.102463,-0.366815,0.637723,-0.239353,-0.806305,0.919602,-0.116919,-0.379084,0.622049,-0.253911,-0.802447,0.917418,-0.108412,-0.355421,0.637012,-0.228189,-0.797779,0.916211,-0.112506,-0.371623,0.64032,-0.266796
134,-0.803914,0.90649,-0.08525,-0.382204,0.622113,-0.23922,-0.81523,0.91658,-0.092291,-0.383845,0.629123,-0.224251,-0.812164,0.907025,-0.086735,-0.382996,0.646512,-0.23363,-0.809591,0.904066,-0.083732,-0.382014,0.623017,-0.222402
135,-0.827608,0.906656,-0.071825,-0.389621,0.626578,-0.22984,-0.829948,0.900769,-0.085402,-0.382452,0.628136,-0.231953,-0.828164,0.904437,-0.077271,-0.384633,0.615807,-0.220359,-0.82511,0.894339,-0.075797,-0.393276,0.621013,-0.227878
136,-0.830703,0.887522,-0.063511,-0.39197,0.615426,-0.203677,-0.83748,0.889782,-0.050546,-0.41227,0.610304,-0.210581,-0.83526,0.899367,-0.057611,-0.388662,0.61639,-0.212014,-0.835914,0.890105,-0.060216,-0.411314,0.630121,-0.227828
137,-0.853395,0.879084,-0.0403,-0.397467,0.619511,-0.210557,-0.851119,0.886587,-0.037106,-0.43244,0.621176,-0.214276,-0.836753,0.886827,-0.034864,-0.427282,0.601628,-0.209564,-0.855275,0.884371,-0.033132,-0.408883,0.617027,-0.204666
138,-0.860445,0.876668,-0.011981,-0.398585,0.616613,-0.177263,-0.853037,0.873221,-0.014359,-0.41711,0.608074,-0.198116,-0.8588,0.874406,-0.015291,-0.417276,0.622205,-0.181601,-0.856772,0.872618,-0.014705,-0.405947,0.622137,-0.199896
139,-0.863845,0.876603,-0.00343,-0.419772,0.61962,-0.183613,-0.872516,0.859808,0.002107,-0.444771,0.620459,-0.154313,-0.866482,0.868207,-0.000706,-0.414451,0.62893,-0.185069,-0.861542,0.863653,0.002701,-0.431879,0.600423,-0.185256
140,-0.876468,0.853486,0.013713,-0.427986,0.608735,-0.17805,-0.875353,0.859202,0.01999,-0.430266,0.611951,-0.156736,-0.88742,0.852115,0.022757,-0.441579,0.587163,-0.165395,-0.87691,0.854683,0.026613,-0.428793,0.599205,-0.176535
141,-0.890304,0.838192,0.035368,-0.451791,0.595985,-0.171228,-0.889835,0.841814,0.042694,-0.446708,0.594019,-0.151428,-0.883103,0.859728,0.044541,-0.453515,0.622869,-0.145095,-0.891817,0.835627,0.042411,-0.449414,0.601863,-0.173062
142,-0.896021,0.844515,0.064583,-0.441947,0.613441,-0.158729,-0.894082,0.829817,0.055358,-0.453224,0.609668,-0.155946,-0.890376,0.836811,0.053277,-0.429627,0.603752,-0.155456,-0.897068,0.830345,0.056122,-0.445792,0.621844,-0.165863
143,-0.90077,0.82486,0.073926,-0.457686,0.573624,-0.15672,-0.904628,0.830758,0.079361,-0.475837,0.597681,-0.13065,-0.898382,0.827026,0.072586,-0.466509,0.60607,-0.148293,-0.899604,0.822133,0.084638,-0.469614,0.594092,-0.154689
144,-0.912577,0.810977,0.094757,-0.456386,0.598085,-0.128812,-0.914263,0.811744,0.095173,-0.463544,0.589511,-0.138397,-0.907031,0.816528,0.097432,-0.466104,0.590978,-0.148727,-0.911558,0.820804,0.097476,-0.468946,0.584715,-0.122998
145,-0.920423,0.802243,0.103262,-0.472367,0.604345,-0.123652,-0.919433,0.80117,0.10949,-0.472832,0.576421,-0.126927,-0.919677,0.795623,0.108148,-0.478567,0.600505,-0.125664,-0.928892,0.810963,0.119316,-0.487051,0.60373,-0.114669
146,-0.931164,0.787389,0.140474,-0.480201,0.589505,-0.107764,-0.932433,0.791727,0.132229,-0.460721,0.571891,-0.120045,-0.918481,0.789918,0.124726,-0.489901,0.581688,-0.114322,-0.932477,0.787773,0.133778,-0.490595,0.584286,-0.091509
147,-0.936368,0.791546,0.150457,-0.494359,0.58411,-0.081531,-0.93194,0.786414,0.15548,-0.508893,0.587792,-0.072328,-0.936764,0.786369,0.145439,-0.497734,0.572859,-0.098737,-0.930963,0.789595,0.152493,-0.49525,0.578432,-0.07852
148,-0.946244,0.762437,0.171346,-0.49748,0.574415,-0.07142,-0.947069,0.767782,0.173843,-0.490456,0.57706,-0.1021,-0.929001,0.776565,0.169213,-0.494405,0.569668,-0.071561,-0.933324,0.765742,0.176628,-0.490321,0.589535,-0.078287
149,-0.945246,0.759617,0.188698,-0.492311,0.560478,-0.066257,-0.940581,0.759232,0.192299,-0.496156,0.575621,-0.072452,-0.934528,0.752222,0.189026,-0.50402,0.574711,-0.066418,-0.950225,0.76117,0.19353,-0.507173,0.586002,-0.067397
150,-0.954355,0.734634,0.212805,-0.496087,0.561576,-0.041957,-0.938046,0.74309,0.206387,-0.517664,0.569517,-0.032364,-0.950151,0.745075,0.197395,-0.531511,0.578448,-0.054762,-0.949772,0.745187,0.204052,-0.510662,0.57655,-0.051238
151,-0.954462,0.73696,0.218471,-0.512505,0.561546,-0.049761,-0.955558,0.731865,0.227436,-0.513768,0.560068,-0.036938,-0.954341,0.732293,0.230466,-0.519893,0.574939,-0.032019,-0.952716,0.732094,0.230739,-0.506777,0.553435,-0.052644
152,-0.965236,0.719042,0.246588,-0.517503,0.556685,-0.048907,-0.958242,0.716619,0.249476,-0.521074,0.549335,-0.030881,-0.969356,0.705709,0.246213,-0.522656,0.576441,-0.041725,-0.971612,0.722978,0.245488,-0.518506,0.555543,-0.036717
153,-0.968659,0.701926,0.263887,-0.543329,0.541121,-0.014598,-0.968565,0.700819,0.259249,-0.556884,0.572891,-0.006345,-0.96372,0.703669,0.253697,-0.523713,0.560022,-0.023787,-0.968091,0.707904,0.256785,-0.533704,0.545357,-0.016371
154,-0.96252,0.691311,0.278939,-0.528363,0.552908,-0.002368,-0.967549,0.694225,0.281085,-0.542236,0.545661,-0.015889,-0.97682,0.695692,0.284375,-0.531609,0.549244,-0.013258,-0.969253,0.686045,0.274644,-0.538457,0.544524,-0.002423
155,-0.978174,0.673091,0.298288,-0.532418,0.542807,0.021824,-0.985102,0.679215,0.307152,-0.555913,0.543487,0.010939,-0.976356,0.68485,0.295494,-0.560817,0.547971,-0.001499,-0.974893,0.683145,0.302984,-0.54869,0.528738,-0.009351
156,-0.982696,0.653395,0.317611,-0.545451,0.528161,0.026615,-0.981749,0.670855,0.318692,-0.527848,0.534633,0.028168,-0.983181,0.660598,0.315468,-0.542523,0.532871,0.030536,-0.98817,0.665026,0.318065,-0.548809,0.535363,0.016189
157,-0.981129,0.649859,0.330274,-0.569787,0.529992,0.021612,-0.982076,0.640222,0.336133,-0.553222,0.51995,0.025508,-0.985876,0.649962,0.327055,-0.553453,0.540555,0.038459,-0.981047,0.648331,0.337461,-0.584587,0.550023,0.030828
158,-0.989687,0.634029,0.352869,-0.568293,0.541123,0.030822,-0.995715,0.636587,0.353306,-0.560587,0.507949,0.037896,-0.985714,0.632835,0.353466,-0.552368,0.509431,0.046502,-0.985823,0.639768,0.35863,-0.561772,0.511127,0.03605
159,-0.990167,0.619937,0.374911,-0.570503,0.534526,0.055953,-0.999217,0.621436,0.364845,-0.579137,0.518467,0.062995,-0.989978,0.61905,0.36844,-0.566123,0.497525,0.06486,-0.987663,0.623372,0.368138,-0.575523,0.518673,0.043358
160,-0.987435,0.608678,0.387707,-0.574594,0.498775,0.064662,-1.000784,0.607813,0.390436,-0.560478,0.526648,0.047598,-0.991289,0.606335,0.385616,-0.570996,0.515067,0.062274,-0.996727,0.596421,0.38425,-0.566787,0.503363,0.059981
161,-0.990046,0.598456,0.407061,-0.585924,0.510324,0.068494,-0.994922,0.58661,0.397269,-0.575326,0.496488,0.069408,-0.99835,0.58891,0.410132,-0.592081,0.500963,0.073758,-0.993381,0.582796,0.403871,-0.567592,0.518732,0.078399
162,-1.004868,0.575687,0.431069,-0.586693,0.499172,0.065492,-1.008947,0.583668,0.41675,-0.583821,0.505182,0.070928,-0.995102,0.57309,0.427164,-0.579918,0.509158,0.100002,-0.997566,0.573596,0.426288,-0.583622,0.515226,0.083338
163,-0.994834,0.553906,0.435012,-0.598796,0.47496,0.104843,-0.999973,0.549645,0.447272,-0.587766,0.495457,0.100336,-1.001189,0.562868,0.435145,-0.59399,0.470055,0.10142,-0.998923,0.554572,0.43683,-0.568095,0.489386,0.089147
164,-0.992872,0.54853,0.453688,-0.591466,0.479481,0.110548,-0.987436,0.541956,0.455233,-0.614259,0.477477,0.109436,-1.004508,0.549136,0.453328,-0.580899,0.451492,0.082146,-1.000536,0.546595,0.45053,-0.603596,0.484052,0.11362
165,-0.997563,0.529955,0.480729,-0.601764,0.486465,0.126412,-1.000368,0.520803,0.47454,-0.598604,0.479234,0.124282,-0.994301,0.534179,0.472387,-0.591309,0.456501,0.146094,-1.007396,0.522975,0.482485,-0.589546,0.475881,0.116691
166,-1.002025,0.511185,0.48461,-0.611348,0.463158,0.136958,-1.007734,0.506436,0.4837,-0.604534,0.471493,0.133051,-0.995574,0.513201,0.494949,-0.59446,0.474503,0.138283,-0.997716,0.511267,0.479878,-0.616069,0.464903,0.113304
167,-0.654225,0.3361,0.500044,-0.606464,0.620861,0.138055,-0.589044,0.288198,0.516067,-0.750448,0.767285,0.157727,-0.458211,0.226539,0.503303,-0.968579,0.963863,0.124759,-0.252308,0.130015,0.510173,-1.338922,1.374977,0.149817
168,-0.663953,0.311732,0.519688,-0.606016,0.605766,0.1645,-0.582735,0.278343,0.51792,-0.744835,0.758824,0.153297,-0.46417,0.215513,0.514648,-0.9767,0.982263,0.147108,-0.251063,0.118204,0.525407,-1.379031,1.357875,0.152214
169,-0.65731,0.313783,0.538751,-0.616827,0.634004,0.154186,-0.582475,0.274004,0.544513,-0.756262,0.743703,0.16093,-0.467197,0.217742,0.541187,-0.969472,0.989528,0.157313,-0.25895,0.116674,0.532596,-1.361215,1.358866,0.16353
170,-0.649444,0.295967,0.555268,-0.644012,0.609825,0.177664,-0.577163,0.266096,0.549463,-0.745992,0.763848,0.155307,-0.467754,0.201767,0.553311,-0.967906,0.98244,0.187974,-0.248114,0.118557,0.552094,-1.363439,1.368103,0.166046
171,-0.656516,0.29005,0.572568,-0.610787,0.614603,0.194391,-0.583916,0.251192,0.568155,-0.766519,0.763692,0.210945,-0.466384,0.20961,0.566468,-0.991642,0.981736,0.213425,-0.257189,0.102948,0.572809,-1.382625,1.369132,0.198512
172,-0.648464,0.266372,0.589238,-0.638295,0.635469,0.203811,-0.57719,0.236028,0.583792,-0.761323,0.778248,0.190452,-0.470538,0.19637,0.585201,-0.986762,0.990469,0.197657,-0.255478,0.109985,0.584805,-1.377467,1.368642,0.205856
173,-0.65651,0.264033,0.601641,-0.626122,0.625984,0.184947,-0.584732,0.227148,0.59372,-0.766033,0.768898,0.199059,-0.466212,0.187433,0.601321,-1.001555,0.991331,0.219027,-0.248648,0.096907,0.601813,-1.377847,1.401124,0.20569
174,-0.656985,0.249367,0.611893,-0.650472,0.64648,0.216648,-0.576438,0.229442,0.617108,-0.788204,0.77661,0.234034,-0.464179,0.180363,0.60664,-0.99437,0.985105,0.227944,-0.245831,0.091586,0.612142,-1.377967,1.386029,0.231834
175,-0.650253,0.240519,0.629731,-0.625096,0.626983,0.244911,-0.577482,0.214185,0.624938,-0.782734,0.766299,0.236634,-0.459247,0.161589,0.632117,-0.999118,1.005468,0.24319,-0.255918,0.092368,0.628763,-1.408939,1.402895,0.247752
176,-0.644907,0.219909,0.639578,-0.640831,0.645913,0.248576,-0.582265,0.197589,0.646856,-0.783261,0.78227,0.248473,-0.460184,0.161745,0.643264,-0.990437,0.999386,0.243223,-0.260212,0.082384,0.65126,-1.40242,1.390438,0.264652
177,-0.659463,0.216043,0.652825,-0.629448,0.625973,0.258519,-0.584141,0.194765,0.661132,-0.783648,0.789558,0.259836,-0.456757,0.154491,0.665888,-1.006703,1.010178,0.264229,-0.243856,0.079823,0.669299,-1.392762,1.409943,0.260538
178,-0.645847,0.204504,0.676461,-0.653269,0.66175,0.267668,-0.579939,0.168246,0.673877,-0.802919,0.764569,0.263926,-0.456162,0.148709,0.66832,-0.998626,0.989415,0.256471,-0.23901,0.083551,0.677443,-1.422782,1.395639,0.257225
179,-0.638184,0.197166,0.688143,-0.623203,0.6418,0.277448,-0.567673,0.171615,0.687282,-0.773141,0.766691,0.279002,-0.455918,0.135023,0.690059,-0.993987,0.999497,0.284611,-0.247086,0.077578,0.687085,-1.411845,1.409672,0.265519
180,-0.636825,0.168583,0.702052,-0.63932,0.630911,0.282541,-0.562527,0.153863,0.698519,-0.803557,0.776533,0.273344,-0.456227,0.122186,0.694745,-0.990942,1.007538,0.273609,-0.235483,0.070138,0.700824,-1.403137,1.400836,0.287918
181,-0.63704,0.163624,0.717393,-0.639569,0.649546,0.283163,-0.559457,0.142927,0.720299,-0.779337,0.79351,0.294299,-0.45184,0.12089,0.706832,-1.008525,0.999967,0.298647,-0.245627,0.069746,0.7101,-1.412518,1.414951,0.288411
182,-0.626581,0.149399,0.739947,-0.655234,0.634794,0.314633,-0.550565,0.130845,0.731643,-0.778053,0.788751,0.33132,-0.454284,0.113806,0.727047,-1.002532,1.016198,0.306372,-0.243607,0.051627,0.728707,-1.414642,1.425676,0.315967
183,-0.632897,0.139611,0.748788,-0.622977,0.628558,0.337689,-0.562589,0.125377,0.731945,-0.772908,0.798628,0.325708,-0.435724,0.104444,0.73256,-1.023035,1.008194,0.315274,-0.234945,0.052046,0.739407,-1.399615,1.429209,0.30181
184,-0.622155,0.122694,0.743159,-0.63814,0.632503,0.322733,-0.551613,0.104804,0.757262,-0.795016,0.773585,0.33697,-0.439644,0.099656,0.750822,-0.988859,1.020916,0.333134,-0.238671,0.045703,0.752883,-1.411534,1.415233,0.327487
185,-0.612414,0.109093,0.765493,-0.62928,0.643349,0.34098,-0.548034,0.104512,0.758358,-0.788222,0.774024,0.343294,-0.441857,0.088664,0.768478,-1.019254,0.995501,0.342875,-0.246732,0.037722,0.762711,-1.424507,1.412957,0.330227
186,-0.623485,0.099524,0.772835,-0.627236,0.627882,0.344505,-0.551406,0.08449,0.778211,-0.783694,0.792574,0.358382,-0.437397,0.069631,0.774044,-1.001767,1.006902,0.353878,-0.241156,0.047517,0.773666,-1.396867,1.39414,0.335592
187,-0.608691,0.089552,0.796145,-0.638274,0.648558,0.356186,-0.5361,0.081433,0.777638,-0.780878,0.772748,0.365402,-0.429756,0.064738,0.783507,-0.998912,1.015145,0.351327,-0.219179,0.035075,0.787196,-1.405247,1.396245,0.356255
188,-0.608377,0.088824,0.794689,-0.631496,0.638144,0.371791,-0.541608,0.08421,0.800036,-0.786378,0.781634,0.367404,-0.429243,0.05335,0.79219,-1.01651,1.003412,0.368529,-0.230367,0.038425,0.805344,-1.431874,1.417206,0.368983
189,-0.599747,0.068311,0.809193,-0.642041,0.649839,0.359307,-0.531295,0.052335,0.813746,-0.792546,0.790909,0.378455,-0.42378,0.047571,0.817902,-1.008832,0.987365,0.362825,-0.228947,0.02921,0.819003,-1.40892,1.410616,0.3832
190,-0.599704,0.058652,0.818277,-0.618058,0.629757,0.383595,-0.530994,0.05005,0.821222,-0.764499,0.784913,0.407708,-0.426901,0.033234,0.826883,-1.002963,1.005329,0.377676,-0.230179,0.020365,0.827738,-1.394719,1.401492,0.367873
191,-0.595885,0.037208,0.831524,-0.626263,0.627812,0.411924,-0.52886,0.034011,0.834177,-0.757057,0.789123,0.385157,-0.420939,0.030656,0.832253,-0.993797,0.99559,0.388325,-0.223255,0.02554,0.825078,-1.379068,1.394417,0.406778
192,-0.576669,0.032192,0.848778,-0.646526,0.632157,0.406906,-0.521309,0.016897,0.841151,-0.774269,0.770183,0.417125,-0.408114,0.023657,0.841556,-0.994001,0.991056,0.400377,-0.228729,0.007551,0.843578,-1.403651,1.390501,0.397564
193,-0.57722,0.018777,0.857974,-0.621686,0.632984,0.416597,-0.508186,0.010311,0.860256,-0.77198,0.764336,0.415922,-0.411286,0.010826,0.85086,-0.987753,0.96865,0.407737,-0.221864,-0.000602,0.853121,-1.399869,1.380598,0.405725
194,-0.573924,0.004229,0.86287,-0.620202,0.627336,0.425585,-0.511417,0.007067,0.872318,-0.773107,0.759364,0.424619,-0.407501,0.006087,0.858522,-0.993011,0.984257,0.43174,-0.222317,-0.003417,0.865044,-1.386185,1.375009,0.423686
195,-0.570141,-0.006491,0.857745,-0.626374,0.620782,0.434054,-0.49957,-0.009482,0.864679,-0.741734,0.763645,0.420091,-0.399801,-0.006641,0.868001,-0.979574,0.980557,0.432054,-0.214866,0.000992,0.867386,-1.371618,1.358148,0.42445
196,-0.563092,-0.017786,0.874052,-0.627014,0.625981,0.442899,-0.488941,-0.014048,0.88156,-0.768875,0.75998,0.438888,-0.398106,-0.004412,0.886175,-0.971397,0.976892,0.434665,-0.215656,0.001259,0.873642,-1.371213,1.376965,0.44442
197,-0.561383,-0.024907,0.8829,-0.612806,0.607776,0.456763,-0.4919,-0.023442,0.88858,-0.746565,0.756328,0.458021,-0.38397,-0.02601,0.891486,-0.960595,0.95796,0.456675,-0.207075,-0.015447,0.88901,-1.347796,1.368563,0.457392
198,-0.548727,-0.055517,0.897349,-0.604991,0.616169,0.470836,-0.487474,-0.041427,0.899241,-0.76399,0.74923,0.452561,-0.389054,-0.030994,0.899616,-0.979255,0.954574,0.460631,-0.211473,-0.013255,0.898288,-1.35718,1.353257,0.457111
199,-0.549482,-0.064597,0.898269,-0.622355,0.61117,0.470274,-0.475845,-0.043976,0.902549,-0.756491,0.756739,0.481645,-0.375143,-0.043838,0.911462,-0.943258,0.959587,0.463126,-0.204632,-0.026846,0.906201,-1.336266,1.353029,0.464294
200,-0.539362,-0.073647,0.912301,-0.605283,0.604622,0.460373,-0.463161,-0.07019,0.907101,-0.750568,0.735324,0.453369,-0.372123,-0.047137,0.909387,-0.955011,0.953983,0.471352,-0.206664,-0.023544,0.912567,-1.330761,1.350685,0.4756
201,-0.533274,-0.078446,0.914858,-0.588343,0.596873,0.47885,-0.455917,-0.066436,0.919237,-0.74446,0.755587,0.468041,-0.371725,-0.067854,0.921908,-0.941915,0.968702,0.485605,-0.193878,-0.033533,0.916403,-1.337848,1.325252,0.479717
202,-0.5125,-0.086366,0.932284,-0.605586,0.590515,0.493977,-0.459539,-0.085746,0.927927,-0.738325,0.727476,0.491059,-0.366583,-0.060837,0.93454,-0.941113,0.941675,0.492759,-0.206863,-0.03791,0.921076,-1.330789,1.318622,0.475619
203,-0.512735,-0.108467,0.935075,-0.582895,0.593183,0.489484,-0.46249,-0.098631,0.939835,-0.726403,0.740404,0.512073,-0.35387,-0.066542,0.931182,-0.940971,0.939901,0.490835,-0.202386,-0.041731,0.939323,-1.307931,1.306045,0.497971
204,-0.509316,-0.115423,0.947091,-0.585406,0.586078,0.503877,-0.450508,-0.091656,0.942023,-0.712619,0.722386,0.499117,-0.355588,-0.081411,0.935989,-0.931977,0.920985,0.510112,-0.192546,-0.043998,0.940507,-1.308671,1.279821,0.503476
205,-0.496865,-0.134853,0.961764,-0.578003,0.591225,0.508413,-0.437031,-0.125173,0.949545,-0.704321,0.692152,0.504221,-0.359071,-0.09442,0.951963,-0.916732,0.918286,0.513416,-0.18325,-0.049381,0.95231,-1.297785,1.271848,0.49674
206,-0.489996,-0.142932,0.954818,-0.577817,0.576387,0.515888,-0.430931,-0.123177,0.950515,-0.713843,0.731399,0.547452,-0.347081,-0.101122,0.963658,-0.921036,0.915111,0.525455,-0.184444,-0.061466,0.955687,-1.287402,1.282449,0.513498
207,-0.477166,-0.153984,0.95448,-0.57311,0.570014,0.522689,-0.427246,-0.145591,0.958044,-0.706916,0.695204,0.513842,-0.338049,-0.116286,0.962643,-0.911945,0.884889,0.543382,-0.186236,-0.056482,0.961329,-1.271245,1.269624,0.521049
208,-0.478583,-0.164616,0.971404,-0.572909,0.568906,0.50082,-0.418543,-0.138967,0.970438,-0.690097,0.692137,0.535611,-0.331706,-0.125638,0.963445,-0.883156,0.903801,0.528783,-0.179997,-0.064812,0.963918,-1.247951,1.259504,0.510902
209,-0.456641,-0.178481,0.969966,-0.578475,0.554536,0.531047,-0.4033,-0.15282,0.975557,-0.708775,0.687487,0.542922,-0.322932,-0.118246,0.977951,-0.888988,0.873888,0.532115,-0.179746,-0.062319,0.979222,-1.249526,1.248589,0.522657
210,-0.445529,-0.188379,0.978115,-0.55811,0.528743,0.55151,-0.399165,-0.168825,0.978926,-0.678239,0.674,0.537523,-0.31969,-0.138966,0.968929,-0.876179,0.866195,0.552142,-0.170945,-0.06742,0.971412,-1.227622,1.220477,0.538063
211,-0.440906,-0.200278,0.980978,-0.562091,0.553944,0.545202,-0.39713,-0.180321,0.98208,-0.679657,0.676006,0.547354,-0.323569,-0.140339,0.979581,-0.885374,0.866582,0.543222,-0.171705,-0.076796,0.974436,-1.206433,1.205072,0.551805
212,-0.427844,-0.213462,0.982842,-0.547498,0.553281,0.538786,-0.381957,-0.197025,0.987476,-0.674001,0.665862,0.539014,-0.300403,-0.147801,0.968382,-0.859509,0.858007,0.538142,-0.165788,-0.079777,0.9814,-1.193029,1.191452,0.552781
213,-0.422102,-0.220633,0.979586,-0.524444,0.547346,0.54256,-0.377957,-0.191712,0.993765,-0.650127,0.678629,0.551741,-0.307492,-0.154962,0.985909,-0.861452,0.854392,0.5734,-0.15778,-0.080294,0.990627,-1.194165,1.197345,0.552409
214,-0.421827,-0.229378,0.979281,-0.528425,0.52816,0.560855,-0.375547,-0.204797,0.993909,-0.643222,0.658175,0.558936,-0.28835,-0.15592,0.98805,-0.850293,0.832162,0.563629,-0.166306,-0.086291,0.984286,-1.153525,1.162137,0.551349
215,-0.406099,-0.253001,0.991746,-0.546779,0.522074,0.578655,-0.357129,-0.219852,0.99154,-0.640841,0.634417,0.555161,-0.282796,-0.17528,0.987513,-0.832485,0.825188,0.561986,-0.159478,-0.099651,0.99084,-1.161661,1.15207,0.552169
216,-0.393807,-0.26315,0.995315,-0.529935,0.517091,0.576985,-0.351872,-0.231882,1.004037,-0.630066,0.622851,0.566124,-0.2899,-0.184779,0.990753,-0.817329,0.808497,0.571488,-0.151617,-0.100325,0.991337,-1.154639,1.160682,0.595006
217,-0.389083,-0.271599,0.99402,-0.501694,0.523044,0.5637,-0.343722,-0.23912,1.003447,-0.611472,0.615246,0.582486,-0.278694,-0.192639,0.996352,-0.795947,0.788828,0.58579,-0.147413,-0.102833,0.990254,-1.113666,1.115072,0.570912
218,-0.374073,-0.278848,0.986729,-0.515988,0.494364,0.5757,-0.32536,-0.255965,0.988247,-0.625727,0.599366,0.579714,-0.261998,-0.199697,0.995602,-0.794777,0.802047,0.584044,-0.138181,-0.107136,0.990587,-1.105666,1.101752,0.593345
219,-0.366589,-0.30473,1.004937,-0.475875,0.494733,0.58746,-0.311206,-0.260499,0.997652,-0.592613,0.625044,0.574539,-0.254796,-0.206779,1.000209,-0.805472,0.77879,0.582036,-0.1335,-0.103989,1.00198,-1.092489,1.089819,0.587009
220,-0.345822,-0.306952,0.996748,-0.490308,0.501363,0.610303,-0.322491,-0.263306,1.009574,-0.603628,0.587795,0.601688,-0.262796,-0.218707,0.998481,-0.771309,0.737781,0.591929,-0.139152,-0.11849,0.998357,-1.082119,1.071452,0.59331
221,-0.34331,-0.3178,0.995736,-0.487782,0.477152,0.604887,-0.295056,-0.276037,1.001964,-0.578996,0.59566,0.597766,-0.237396,-0.21785,0.990843,-0.768193,0.752628,0.578456,-0.134221,-0.112351,0.990618,-1.066655,1.075324,0.590451
222,-0.328831,-0.337059,0.995852,-0.490641,0.45549,0.621792,-0.293852,-0.294054,0.998861,-0.590486,0.577588,0.586206,-0.233754,-0.233337,0.997721,-0.727547,0.754392,0.600819,-0.126704,-0.125905,1.001919,-1.034855,1.04484,0.588952
223,-0.321936,-0.341209,0.997445,-0.468528,0.462831,0.617462,-0.280908,-0.303988,1.003009,-0.5607,0.567593,0.610411,-0.22756,-0.238372,1.011487,-0.744726,0.715752,0.607659,-0.131571,-0.134171,1.003253,-1.016144,1.022119,0.596932
224,-0.318854,-0.346446,1.002783,-0.444066,0.454188,0.612599,-0.273858,-0.312519,0.997401,-0.555055,0.561726,0.605013,-0.228575,-0.250172,0.993833,-0.723166,0.717517,0.60607,-0.118591,-0.124524,1.003254,-0.999749,1.003541,0.618465
225,-0.303874,-0.365305,1.000514,-0.45238,0.432454,0.602208,-0.266512,-0.327407,1.00009,-0.545511,0.546016,0.632499,-0.211267,-0.256313,1.004607,-0.718191,0.704391,0.617562,-0.114721,-0.135156,0.994287,-0.980523,0.97871,0.60782
226,-0.296224,-0.372128,0.984931,-0.436721,0.447803,0.619882,-0.248873,-0.32762,0.994894,-0.51684,0.51236,0.610319,-0.202679,-0.260461,0.996875,-0.694999,0.700032,0.611519,-0.108208,-0.141935,0.988341,-0.957499,0.967492,0.60321
227,-0.278414,-0.38159,1.000027,-0.433674,0.419078,0.610153,-0.240756,-0.338435,0.992332,-0.521521,0.522414,0.619639,-0.186135,-0.268803,0.996425,-0.68152,0.67598,0.61983,-0.114113,-0.147173,0.99275,-0.956464,0.920424,0.614742
228,-0.270301,-0.395377,0.991072,-0.42133,0.428345,0.616131,-0.225888,-0.355499,1.002886,-0.509912,0.52195,0.625313,-0.187847,-0.264373,1.002366,-0.669123,0.657778,0.611829,-0.091835,-0.150281,0.998475,-0.927812,0.905651,0.62428
229,-0.251949,-0.401123,0.988047,-0.41735,0.416299,0.617171,-0.231391,-0.346537,0.987369,-0.485211,0.499802,0.620903,-0.183217,-0.289758,0.992781,-0.651958,0.661939,0.621861,-0.100531,-0.147547,0.990604,-0.912665,0.900936,0.633149
230,-0.243756,-0.406477,0.98224,-0.422322,0.404837,0.605222,-0.220984,-0.359463,0.992487,-0.489587,0.497521,0.627691,-0.170808,-0.282024,0.985884,-0.626016,0.62565,0.622541,-0.096014,-0.156188,0.988517,-0.879499,0.878678,0.61158
231,-0.234102,-0.414697,0.989487,-0.39968,0.372641,0.630549,-0.206445,-0.372605,0.982156,-0.479558,0.482801,0.625208,-0.16759,-0.300145,0.99151,-0.632176,0.614261,0.625065,-0.088747,-0.161197,0.983864,-0.858778,0.875938,0.613836
232,-0.220336,-0.418885,0.985529,-0.389962,0.390808,0.629006,-0.197775,-0.381572,0.992566,-0.456352,0.47275,0.629708,-0.150789,-0.305104,0.981138,-0.596987,0.599551,0.632949,-0.077872,-0.157567,0.983066,-0.865659,0.830217,0.627184
233,-0.206441,-0.440274,0.971196,-0.385954,0.3794,0.610219,-0.196874,-0.391682,0.993851,-0.452883,0.452007,0.629556,-0.155413,-0.31876,0.97729,-0.583802,0.566356,0.612849,-0.078725,-0.158878,0.983409,-0.823866,0.827119,0.631292
234,-0.191425,-0.438059,0.967768,-0.381309,0.375577,0.631241,-0.171546,-0.404663,0.975894,-0.451376,0.443888,0.627538,-0.139205,-0.310752,0.979762,-0.568896,0.554762,0.622655,-0.070738,-0.17185,0.968441,-0.812383,0.797256,0.621164
235,-0.178477,-0.453235,0.966826,-0.336891,0.353957,0.615228,-0.171247,-0.402658,0.972897,-0.424578,0.450766,0.622296,-0.129663,-0.322851,0.964624,-0.566505,0.554855,0.631427,-0.071942,-0.169193,0.972329,-0.791963,0.765749,0.620435
236,-0.160968,-0.473209,0.960834,-0.331745,0.35432,0.622283,-0.158367,-0.41632,0.965004,-0.421931,0.425126,0.62201,-0.116707,-0.333187,0.966686,-0.556104,0.527885,0.610989,-0.057149,-0.174042,0.965909,-0.7453,0.753448,0.633605
237,-0.164143,-0.467883,0.954322,-0.346707,0.336641,0.627995,-0.13791,-0.416789,0.960188,-0.416205,0.405602,0.61316,-0.111198,-0.338292,0.957312,-0.525703,0.503294,0.616405,-0.061698,-0.186755,0.962193,-0.729895,0.739627,0.62946
238,-0.148723,-0.479056,0.955223,-0.33044,0.354151,0.638168,-0.128312,-0.4352,0.953401,-0.380745,0.38641,0.635654,-0.099563,-0.34454,0.955484,-0.505967,0.523535,0.607151,-0.06369,-0.175417,0.956636,-0.717061,0.721224,0.631351
239,-0.13805,-0.488075,0.962574,-0.308859,0.306924,0.633092,-0.12954,-0.441593,0.955026,-0.3766,0.382394,0.634032,-0.093784,-0.340316,0.948165,-0.475885,0.501178,0.637362,-0.055448,-0.192824,0.952998,-0.69966,0.683865,0.634178
240,-0.127073,-0.490305,0.94532,-0.306901,0.303242,0.618911,-0.111895,-0.44239,0.94311,-0.372139,0.364188,0.632834,-0.095982,-0.358924,0.941223,-0.474479,0.484678,0.645897,-0.043297,-0.200291,0.94533,-0.652849,0.653059,0.633126
241,-0.114663,-0.505725,0.944715,-0.286441,0.303372,0.639645,-0.097571,-0.451643,0.952365,-0.373424,0.366664,0.629034,-0.080967,-0.359282,0.933476,-0.474901,0.453696,0.634353,-0.043734,-0.193346,0.945217,-0.631906,0.632102,0.627178
242,-0.109748,-0.51549,0.929619,-0.278491,0.270176,0.642154,-0.083047,-0.464903,0.922817,-0.345603,0.333566,0.621126,-0.066826,-0.366041,0.941918,-0.429494,0.429164,0.624774,-0.032523,-0.203179,0.930505,-0.613646,0.610403,0.633631
243,-0.099038,-0.523834,0.927607,-0.270644,0.266324,0.62529,-0.080568,-0.465054,0.925781,-0.318869,0.319126,0.608258,-0.062363,-0.368988,0.926503,-0.426369,0.430415,0.619899,-0.035844,-0.209808,0.933063,-0.589385,0.579015,0.629307
244,-0.078223,-0.531598,0.918777,-0.274758,0.247399,0.619255,-0.064807,-0.466009,0.920588,-0.324542,0.316355,0.632361,-0.053348,-0.379142,0.920609,-0.406811,0.414458,0.619152,-0.029897,-0.200754,0.918451,-0.564962,0.577047,0.608284
245,-0.063404,-0.543101,0.911042,-0.247353,0.24285,0.60667,-0.056667,-0.481019,0.916329,-0.293824,0.287331,0.627058,-0.042621,-0.378501,0.907443,-0.399574,0.372015,0.639331,-0.019712,-0.204857,0.900931,-0.535899,0.551151,0.629493
246,-0.053691,-0.549116,0.896993,-0.210363,0.227078,0.625665,-0.049492,-0.479344,0.893726,-0.309961,0.28711,0.61935,-0.03551,-0.383166,0.895495,-0.371221,0.3502,0.619178,-0.020498,-0.212483,0.903513,-0.523687,0.528145,0.627727
247,-0.034552,-0.54649,0.889991,-0.210643,0.243162,0.623433,-0.032558,-0.497492,0.889059,-0.264516,0.277279,0.628189,-0.027175,-0.399362,0.8935,-0.335303,0.378029,0.612901,-0.015812,-0.212782,0.888207,-0.510259,0.488779,0.648334
248,-0.03374,-0.556262,0.885356,-0.247486,0.224141,0.621083,-0.021799,-0.499633,0.87968,-0.247494,0.256729,0.616652,-0.026545,-0.390847,0.883734,-0.309462,0.340879,0.61453,-0.008468,-0.206299,0.882106,-0.462726,0.452349,0.616703
249,-0.015651,-0.568321,0.881252,-0.195083,0.213659,0.612004,-0.02012,-0.496729,0.881897,-0.235287,0.251675,0.618063,-0.006114,-0.400257,0.877157,-0.326724,0.325796,0.611943,-0.004725,-0.214037,0.876509,-0.432798,0.450457,0.620422
250,0.008544,-0.567453,0.868744,-0.179874,0.179954,0.608831,0.001282,-0.511226,0.86207,-0.237691,0.223576,0.624048,0.001194,-0.402634,0.866927,-0.304925,0.277992,0.602753,-0.003513,-0.218104,0.866293,-0.430221,0.413433,0.619289
251,0.01146,-0.570997,0.863384,-0.179855,0.170261,0.61958,0.006047,-0.513656,0.849272,-0.223399,0.221162,0.59328,0.011577,-0.411355,0.855578,-0.286092,0.287938,0.59973,0.011652,-0.227889,0.856529,-0.38705,0.405369,0.614337
252,0.01984,-0.574933,0.845268,-0.157512,0.173416,0.600368,0.023887,-0.516062,0.844867,-0.20524,0.207536,0.595599,0.013491,-0.410158,0.84395,-0.251177,0.263511,0.608578,0.002241,-0.224032,0.837291,-0.381257,0.362641,0.606356
253,0.040566,-0.585899,0.838367,-0.160308,0.14958,0.614428,0.042753,-0.517132,0.82957,-0.182381,0.180506,0.604596,0.021185,-0.417047,0.829799,-0.240491,0.245052,0.612787,0.00937,-0.227812,0.842325,-0.327982,0.351585,0.616474
254,0.044419,-0.595952,0.827533,-0.116817,0.141182,0.613879,0.034979,-0.531136,0.832618,-0.177035,0.172555,0.596041,0.034861,-0.421949,0.825169,-0.214997,0.200001,0.606787,0.021935,-0.228996,0.823944,-0.317607,0.320189,0.60751
255,0.066085,-0.59673,0.814064,-0.130628,0.140175,0.594172,0.059038,-0.522586,0.823984,-0.154705,0.168911,0.60003,0.047879,-0.424437,0.817498,-0.204646,0.205313,0.5871,0.020332,-0.220975,0.819928,-0.316271,0.301238,0.583624
256,0.075584,-0.61115,0.796597,-0.102905,0.127154,0.598855,0.065785,-0.539069,0.800266,-0.142586,0.142312,0.591152,0.058437,-0.428814,0.810526,-0.184288,0.185395,0.592821,0.024202,-0.233981,0.798786,-0.266363,0.272689,0.576293
257,0.087543,-0.608653,0.786507,-0.096518,0.111761,0.609989,0.084256,-0.539764,0.782913,-0.12534,0.147265,0.606187,0.064849,-0.429137,0.796318,-0.168776,0.162707,0.584198,0.02774,-0.227642,0.79047,-0.247201,0.241483,0.601858
258,0.0877,-0.614809,0.78195,-0.099769,0.103029,0.592133,0.088829,-0.544492,0.779281,-0.113774,0.119121,0.58449,0.071545,-0.436374,0.779783,-0.141435,0.140092,0.579051,0.034052,-0.241424,0.772904,-0.218772,0.200461,0.587404
259,0.116011,-0.623171,0.77096,-0.065417,0.085514,0.588153,0.099149,-0.53968,0.77764,-0.10018,0.110743,0.587136,0.076758,-0.439021,0.764574,-0.128727,0.148629,0.566293,0.039013,-0.230977,0.76413,-0.18854,0.17895,0.592103
260,0.117675,-0.627435,0.753055,-0.060022,0.073968,0.565677,0.114187,-0.553459,0.75725,-0.087506,0.089345,0.596164,0.081233,-0.441247,0.746709,-0.112835,0.117376,0.575758,0.054277,-0.240637,0.758304,-0.149889,0.164181,0.57853
261,0.137221,-0.622698,0.742228,-0.058207,0.055444,0.578537,0.116751,-0.555237,0.741782,-0.050107,0.067461,0.579658,0.102566,-0.44206,0.744568,-0.096858,0.10248,0.565099,0.050556,-0.236536,0.736335,-0.112641,0.136683,0.571279
262,0.151252,-0.637838,0.73599,-0.043295,0.026318,0.558168,0.136673,-0.563846,0.730474,-0.045499,0.073569,0.55724,0.100242,-0.447912,0.72577,-0.095983,0.082802,0.578393,0.057459,-0.240493,0.734818,-0.089361,0.092564,0.564756
263,0.16474,-0.631528,0.729075,-0.027706,0.033961,0.575271,0.14319,-0.559386,0.722864,-0.032205,0.048952,0.560061,0.11279,-0.448344,0.722937,-0.060333,0.066005,0.556724,0.07185,-0.240853,0.715903,-0.092024,0.065597,0.558653
264,0.171051,-0.648057,0.707976,-0.034534,0.008736,0.54583,0.147751,-0.575019,0.699958,-0.035912,0.024075,0.556107,0.124593,-0.452646,0.710381,-0.035439,0.03799,0.564003,0.062023,-0.254311,0.702011,-0.052015,0.035608,0.544175
265,0.184665,-0.639672,0.689863,-0.028825,0.010395,0.571881,0.161104,-0.570033,0.68477,-0.013786,0.007915,0.558174,0.132771,-0.44399,0.689934,-0.016092,0.012446,0.560789,0.073386,-0.236198,0.699138,-0.028668,0.015918,0.566874
266,0.201223,-0.643678,0.674056,-0.010316,-0.00281,0.544936,0.173832,-0.568723,0.677581,-0.000753,0.002372,0.534012,0.136799,-0.44953,0.688882,0.006301,-0.01015,0.54302,0.072019,-0.24837,0.666088,-0.006717,0.017981,0.528651
267,0.20865,-0.642915,0.667349,0.016881,-0.015388,0.534697,0.186043,-0.564882,0.672434,0.010061,-0.008581,0.545483,0.150114,-0.454019,0.664333,0.006855,-0.029437,0.541171,0.079702,-0.24973,0.662093,0.032691,-0.024734,0.546693
268,0.222273,-0.644863,0.643853,0.02404,-0.022644,0.556688,0.198915,-0.572325,0.645321,0.038868,-0.020753,0.519174,0.158353,-0.457594,0.655837,0.026571,-0.030386,0.545534,0.081093,-0.243702,0.651394,0.054365,-0.079849,0.516096
269,0.229646,-0.647951,0.640119,0.055151,-0.042164,0.496402,0.210484,-0.573963,0.642172,0.055573,-0.049392,0.517685,0.160953,-0.452054,0.628375,0.060668,-0.060642,0.518352,0.096394,-0.250856,0.639211,0.071077,-0.084435,0.51923
270,0.240885,-0.659822,0.624579,0.063563,-0.046213,0.505686,0.216684,-0.579553,0.62631,0.046535,-0.060027,0.511866,0.166556,-0.450923,0.614726,0.090622,-0.086031,0.506203,0.094625,-0.241953,0.616713,0.114403,-0.104365,0.51632
271,0.253097,-0.641397,0.615093,0.065579,-0.070724,0.501722,0.220748,-0.582089,0.610083,0.063799,-0.08331,0.519742,0.182595,-0.460584,0.602137,0.103939,-0.098631,0.510368,0.102671,-0.251114,0.610252,0.134755,-0.149453,0.509183
272,0.265921,-0.655405,0.587171,0.065944,-0.088835,0.494447,0.22609,-0.580396,0.589654,0.083618,-0.088078,0.514542,0.186589,-0.46177,0.590877,0.131804,-0.120578,0.504209,0.111216,-0.254874,0.590764,0.157511,-0.159525,0.504618
273,0.281375,-0.667555,0.574773,0.087534,-0.100036,0.489542,0.241261,-0.580428,0.568878,0.110305,-0.07693,0.509504,0.206136,-0.460137,0.572944,0.134128,-0.146208,0.498519,0.100644,-0.25556,0.577246,0.178881,-0.171269,0.482872
274,0.288666,-0.655522,0.556912,0.131369,-0.091863,0.486775,0.259369,-0.58933,0.562699,0.129195,-0.095325,0.495996,0.208136,-0.468093,0.554227,0.156351,-0.150261,0.495,0.11384,-0.25058,0.564305,0.224055,-0.232618,0.491174
275,0.295424,-0.656657,0.55214,0.115436,-0.131284,0.480022,0.273612,-0.581005,0.532246,0.137573,-0.111754,0.499257,0.20719,-0.468138,0.536923,0.163064,-0.161612,0.482539,0.11786,-0.258317,0.544847,0.24119,-0.22019,0.479777
276,0.306414,-0.660837,0.52272,0.12035,-0.108308,0.478606,0.279285,-0.58003,0.534119,0.159124,-0.159933,0.486297,0.219179,-0.466978,0.527949,0.185683,-0.198123,0.493717,0.120729,-0.247161,0.531746,0.270186,-0.256181,0.466759
277,0.319909,-0.659259,0.513604,0.133713,-0.134667,0.462587,0.286553,-0.586349,0.516168,0.159922,-0.161159,0.451691,0.227272,-0.463973,0.515955,0.200173,-0.214061,0.480368,0.121805,-0.248003,0.504397,0.284684,-0.291824,0.471373
278,0.325301,-0.65807,0.500513,0.149184,-0.144137,0.446463,0.300947,-0.580725,0.488283,0.172295,-0.177977,0.460502,0.239154,-0.465804,0.496189,0.246488,-0.23279,0.467985,0.127909,-0.24959,0.492059,0.317475,-0.334704,0.479893
279,0.340602,-0.664443,0.472621,0.1602,-0.161358,0.444835,0.295845,-0.576816,0.47639,0.204859,-0.188156,0.456796,0.24546,-0.457961,0.483939,0.241478,-0.251125,0.441282,0.13259,-0.251818,0.481347,0.341601,-0.361854,0.455459
280,0.350519,-0.652857,0.459287,0.163452,-0.171236,0.419314,0.308029,-0.579757,0.468949,0.202208,-0.20993,0.446908,0.26005,-0.464545,0.46236,0.268681,-0.257247,0.441693,0.138564,-0.251186,0.46013,0.374906,-0.393438,0.4502
281,0.36063,-0.651231,0.457712,0.174029,-0.167648,0.43105,0.32742,-0.587025,0.449454,0.225015,-0.226971,0.440762,0.266009,-0.464257,0.456967,0.287609,-0.262589,0.43845,0.144845,-0.258999,0.43832,0.394871,-0.416612,0.447402
282,0.385513,-0.662458,0.422995,0.198462,-0.193294,0.400705,0.328715,-0.577948,0.426201,0.23154,-0.239427,0.42663,0.259286,-0.461678,0.433231,0.317686,-0.307971,0.414059,0.143553,-0.259451,0.425376,0.417136,-0.405672,0.424073
283,0.390529,-0.654985,0.412271,0.190643,-0.189783,0.41536,0.33809,-0.576543,0.421473,0.247069,-0.243879,0.430168,0.265247,-0.465911,0.413036,0.30356,-0.31425,0.41949,0.149131,-0.243163,0.422468,0.444678,-0.441062,0.42205
284,0.404931,-0.66092,0.395967,0.202052,-0.237886,0.407923,0.356953,-0.584363,0.397111,0.259333,-0.241561,0.416319,0.276454,-0.456664,0.391031,0.351018,-0.339527,0.409504,0.156538,-0.251495,0.391763,0.4793,-0.467424,0.40484
285,0.395699,-0.651496,0.375221,0.225214,-0.231385,0.406882,0.362595,-0.57612,0.376407,0.277203,-0.277099,0.405702,0.284663,-0.464314,0.379081,0.359207,-0.338881,0.400102,0.162189,-0.253553,0.371388,0.486102,-0.488021,0.378616
286,0.410506,-0.656579,0.358182,0.232656,-0.221431,0.383163,0.367109,-0.570437,0.361685,0.284129,-0.307941,0.394166,0.292187,-0.460436,0.367398,0.35454,-0.366759,0.364135,0.153396,-0.25278,0.359193,0.513233,-0.520465,0.405765
287,0.419732,-0.65853,0.342665,0.242266,-0.244779,0.395461,0.378852,-0.570648,0.340471,0.303167,-0.308214,0.381562,0.304404,-0.460112,0.338495,0.403373,-0.410412,0.387148,0.160746,-0.245625,0.347569,0.530363,-0.535063,0.373565
288,0.432736,-0.649049,0.324506,0.264846,-0.273648,0.37985,0.380141,-0.570833,0.328305,0.303338,-0.329258,0.375284,0.30592,-0.454171,0.319351,0.412025,-0.390458,0.355478,0.168918,-0.254776,0.317767,0.578438,-0.578281,0.359246
289,0.441656,-0.637258,0.308027,0.277315,-0.264819,0.347586,0.397434,-0.566148,0.30754,0.334478,-0.317446,0.376864,0.302994,-0.454367,0.302871,0.420788,-0.443108,0.348853,0.164944,-0.246047,0.303308,0.608869,-0.573094,0.373844
290,0.453353,-0.650055,0.292001,0.282186,-0.280601,0.340652,0.397603,-0.573174,0.28788,0.355691,-0.338993,0.349575,0.32162,-0.449993,0.288532,0.423326,-0.440131,0.318176,0.169525,-0.247751,0.287785,0.642689,-0.610925,0.372697
291,0.461423,-0.643305,0.274054,0.298749,-0.287654,0.337063,0.407237,-0.558409,0.259198,0.356391,-0.371473,0.347438,0.322984,-0.454569,0.273148,0.458757,-0.45826,0.345791,0.184212,-0.241396,0.268202,0.65229,-0.648725,0.331477
292,0.470294,-0.637482,0.257484,0.30511,-0.305529,0.328538,0.416179,-0.567641,0.253085,0.369154,-0.357069,0.327798,0.326757,-0.44656,0.250969,0.471403,-0.47101,0.33294,0.174335,-0.246538,0.251635,0.678522,-0.663991,0.331689
293,0.478822,-0.634152,0.235573,0.31188,-0.320883,0.324565,0.423523,-0.555085,0.22731,0.374109,-0.36849,0.32758,0.335754,-0.446757,0.222067,0.473587,-0.496996,0.30516,0.181985,-0.238838,0.227695,0.676968,-0.689596,0.316962
294,0.492072,-0.630835,0.218128,0.334626,-0.313078,0.314306,0.437924,-0.550855,0.204403,0.386265,-0.39047,0.309556,0.344411,-0.437534,0.216351,0.51294,-0.516284,0.290043,0.187643,-0.241852,0.224973,0.7165,-0.716707,0.309401
295,0.489152,-0.631719,0.195517,0.336242,-0.35242,0.300536,0.437794,-0.556101,0.19436,0.414956,-0.402502,0.29613,0.353357,-0.448498,0.199487,0.531763,-0.529646,0.316166,0.195794,-0.232593,0.200286,0.726766,-0.738895,0.291036
296,0.507916,-0.625146,0.181337,0.349958,-0.34612,0.285629,0.451543,-0.557072,0.188494,0.424061,-0.42733,0.289582,0.356162,-0.441168,0.177849,0.539774,-0.526713,0.286452,0.198287,-0.229131,0.17716,0.743791,-0.747976,0.284106
297,0.507157,-0.619608,0.160374,0.353997,-0.359301,0.293563,0.450473,-0.543316,0.153112,0.433277,-0.434356,0.279048,0.363022,-0.436266,0.15534,0.55025,-0.538779,0.275508,0.195248,-0.24045,0.161701,0.763848,-0.758929,0.285194
298,0.524865,-0.61859,0.139238,0.365329,-0.384024,0.262207,0.459954,-0.542681,0.138307,0.45064,-0.443374,0.282485,0.368483,-0.432672,0.133445,0.584735,-0.587992,0.273146,0.200066,-0.236718,0.139478,0.799325,-0.787571,0.29453
299,0.529987,-0.60462,0.118835,0.363313,-0.366746,0.251482,0.460697,-0.533319,0.125428,0.46792,-0.464796,0.267385,0.366968,-0.428563,0.118588,0.572202,-0.591055,0.258927,0.195788,-0.233695,0.126318,0.824193,-0.820547,0.24381
300,0.539352,-0.603791,0.108889,0.392596,-0.387647,0.236088,0.476918,-0.52525,0.102668,0.468652,-0.461307,0.247091,0.371275,-0.425988,0.103523,0.589561,-0.606114,0.249063,0.216084,-0.234713,0.108027,0.842166,-0.845391,0.229907
301,0.548268,-0.595025,0.07391,0.378547,-0.376475,0.247424,0.478753,-0.523917,0.085969,0.499738,-0.473165,0.221409,0.391638,-0.425337,0.081576,0.623663,-0.624164,0.223402,0.203163,-0.234586,0.087813,0.870891,-0.866907,0.223658
302,0.550258,-0.590121,0.062486,0.40464,-0.41003,0.24391,0.474872,-0.531859,0.067295,0.480901,-0.475466,0.230448,0.395864,-0.418124,0.067625,0.636648,-0.624402,0.233363,0.204994,-0.230901,0.073466,0.885996,-0.879365,0.211589
303,0.558398,-0.586233,0.051851,0.40257,-0.411324,0.216001,0.500412,-0.518889,0.0525,0.517494,-0.518408,0.216626,0.396141,-0.415269,0.056565,0.647407,-0.641535,0.206271,0.209869,-0.22029,0.052305,0.918284,-0.908077,0.228847
304,0.571552,-0.580753,0.035824,0.435368,-0.421169,0.217927,0.491756,-0.51417,0.027186,0.510599,-0.516559,0.20545,0.406023,-0.414331,0.024037,0.662274,-0.663603,0.199156,0.210845,-0.222176,0.031966,0.942209,-0.911658,0.210898
305,0.565013,-0.576613,0.009523,0.41199,-0.425494,0.201472,0.503872,-0.505997,0.009112,0.525893,-0.524068,0.18914,0.404669,-0.408501,0.006048,0.676358,-0.674578,0.205749,0.212551,-0.218426,0.016928,0.952482,-0.956267,0.215852
306,0.580905,-0.584204,-0.014134,0.445215,-0.453309,0.190298,0.504204,-0.50469,0.001853,0.540404,-0.540802,0.172076,0.405388,-0.410583,-0.004586,0.678732,-0.691447,0.17808,0.231993,-0.214694,0.008071,0.964955,-0.961983,0.162515
307,0.584064,-0.570235,-0.025853,0.432363,-0.444855,0.174766,0.523932,-0.498917,-0.028196,0.536544,-0.552191,0.186087,0.407075,-0.403663,-0.022754,0.699693,-0.71387,0.177202,0.223364,-0.213521,-0.028684,0.983902,-0.995819,0.158484
308,0.57861,-0.561231,-0.043324,0.458513,-0.45306,0.162029,0.522787,-0.496166,-0.050307,0.553603,-0.537313,0.165337,0.415294,-0.390539,-0.044746,0.723993,-0.699649,0.166618,0.229072,-0.207478,-0.05039,0.996918,-0.998637,0.162459
309,0.58204,-0.544507,-0.070984,0.463496,-0.462868,0.160971,0.523336,-0.488942,-0.061912,0.571202,-0.563203,0.137381,0.413425,-0.390781,-0.066861,0.71612,-0.727723,0.137126,0.227236,-0.205015,-0.067777,1.021803,-1.01234,0.137756
310,0.588063,-0.537037,-0.079564,0.467764,-0.477025,0.119298,0.536188,-0.481039,-0.086766,0.56509,-0.580165,0.122773,0.414174,-0.387111,-0.082991,0.735773,-0.743671,0.118895,0.229667,-0.20856,-0.08358,1.035212,-1.027871,0.134924
311,0.607513,-0.532742,-0.100562,0.478324,-0.484759,0.105175,0.53794,-0.479252,-0.106418,0.58562,-0.591094,0.10748,0.416106,-0.374883,-0.106535,0.74193,-0.767229,0.124133,0.227755,-0.210738,-0.10332,1.059267,-1.056956,0.115338
312,0.598245,-0.527107,-0.126728,0.506769,-0.498702,0.114632,0.534996,-0.466985,-0.116766,0.585679,-0.610867,0.104353,0.427184,-0.385281,-0.122643,0.769128,-0.767335,0.122825,0.234961,-0.206827,-0.121755,1.06792,-1.061304,0.113916
313,0.610957,-0.525297,-0.144956,0.504904,-0.519296,0.103186,0.545564,-0.454815,-0.147396,0.594249,-0.607706,0.095574,0.436464,-0.364246,-0.140254,0.786424,-0.781604,0.101315,0.227421,-0.197289,-0.134431,1.090766,-1.083187,0.083748
314,0.611807,-0.508016,-0.155201,0.502011,-0.509801,0.089884,0.546191,-0.453565,-0.166207,0.623861,-0.63243,0.091708,0.439424,-0.364631,-0.161917,0.786416,-0.781643,0.105829,0.234326,-0.19241,-0.157045,1.112139,-1.122454,0.086948
315,0.619795,-0.50016,-0.181261,0.508719,-0.524947,0.07238,0.553319,-0.446049,-0.178549,0.616108,-0.636329,0.065375,0.439523,-0.363092,-0.18045,0.80715,-0.810621,0.075286,0.22876,-0.197306,-0.179383,1.129944,-1.130637,0.058478
316,0.624025,-0.496221,-0.202847,0.513614,-0.525033,0.062694,0.544458,-0.436547,-0.196981,0.652272,-0.652448,0.046289,0.450003,-0.351509,-0.194877,0.824345,-0.830067,0.074832,0.23288,-0.196823,-0.187385,1.135391,-1.146559,0.060081
317,0.623618,-0.48902,-0.217792,0.534179,-0.520131,0.041074,0.562851,-0.432723,-0.209972,0.64394,-0.653415,0.05389,0.443263,-0.34224,-0.220662,0.823398,-0.828906,0.052907,0.237749,-0.183064,-0.215412,1.140485,-1.147526,0.073889
318,0.629196,-0.478699,-0.232954,0.53941,-0.519639,0.042046,0.556088,-0.419488,-0.227617,0.658111,-0.629421,0.017059,0.452761,-0.338421,-0.230333,0.843968,-0.824758,0.049504,0.247503,-0.179739,-0.232364,1.185043,-1.159498,0.033006
319,0.640374,-0.461426,-0.248364,0.542963,-0.528642,0.020535,0.560102,-0.413761,-0.251541,0.677499,-0.660487,0.034372,0.447269,-0.325423,-0.250788,0.846285,-0.850139,0.031913,0.242233,-0.180991,-0.254948,1.18157,-1.176395,0.035533
320,0.63578,-0.467078,-0.272024,0.561761,-0.539352,0.023507,0.566595,-0.411241,-0.271205,0.671164,-0.658748,-0.000982,0.454136,-0.331236,-0.264094,0.857342,-0.842584,0.017222,0.246635,-0.174629,-0.268669,1.211636,-1.197578,0.033777
321,0.645372,-0.452194,-0.298354,0.553893,-0.56432,-0.01856,0.560749,-0.39351,-0.284033,0.683912,-0.654663,0.024304,0.450738,-0.321571,-0.291028,0.869002,-0.87916,-0.0009,0.240369,-0.170591,-0.287763,1.217041,-1.226147,0.007213
322,0.636669,-0.441585,-0.307754,0.569891,-0.564691,0.004235,0.573778,-0.391872,-0.307512,0.691027,-0.672996,-0.007169,0.45145,-0.316186,-0.299475,0.869084,-0.886533,-0.009943,0.248275,-0.164874,-0.303211,1.230167,-1.217309,-0.006496
323,0.643472,-0.435056,-0.322966,0.5519,-0.554232,0.00189,0.578688,-0.389151,-0.311554,0.699701,-0.701369,0.000515,0.463517,-0.309026,-0.322894,0.908198,-0.900182,-0.024535,0.244078,-0.163647,-0.316224,1.252569,-1.232242,-0.021394
324,0.657432,-0.424084,-0.338046,0.569759,-0.568626,-0.037182,0.576113,-0.374892,-0.334736,0.698969,-0.698564,-0.038427,0.45564,-0.294924,-0.339239,0.877416,-0.895443,-0.02683,0.257205,-0.170921,-0.342128,1.252709,-1.242457,-0.039535
325,0.653804,-0.411441,-0.356232,0.589797,-0.593933,-0.043898,0.580095,-0.373142,-0.365366,0.697133,-0.720554,-0.052811,0.451117,-0.289064,-0.359352,0.911816,-0.897418,-0.057073,0.253712,-0.159678,-0.355761,1.280845,-1.281595,-0.043465
326,0.656126,-0.400054,-0.37004,0.571352,-0.60121,-0.025753,0.587493,-0.35549,-0.375883,0.699694,-0.718868,-0.05194,0.463142,-0.286502,-0.384324,0.932716,-0.903193,-0.042707,0.254302,-0.157128,-0.381462,1.279175,-1.277965,-0.04867
327,0.656091,-0.38554,-0.390014,0.593505,-0.577963,-0.070299,0.582454,-0.34151,-0.388914,0.719042,-0.698046,-0.060278,0.471078,-0.284104,-0.39337,0.925526,-0.937771,-0.074943,0.251554,-0.150298,-0.393692,1.285521,-1.298581,-0.062188
328,0.65844,-0.382986,-0.406871,0.571292,-0.574802,-0.106936,0.581704,-0.339538,-0.408464,0.734015,-0.728916,-0.077682,0.455762,-0.268524,-0.412148,0.924816,-0.912154,-0.079689,0.253501,-0.151185,-0.415002,1.31902,-1.315787,-0.077521
329,0.652966,-0.377915,-0.433437,0.623724,-0.580595,-0.093702,0.582584,-0.338953,-0.433689,0.739147,-0.71623,-0.095602,0.452452,-0.261646,-0.427483,0.9435,-0.935063,-0.083109,0.248814,-0.14251,-0.422775,1.298426,-1.309801,-0.085232
330,0.65228,-0.363991,-0.446552,0.579046,-0.612182,-0.106895,0.592415,-0.325694,-0.450644,0.730447,-0.737388,-0.111792,0.469554,-0.258315,-0.448656,0.928573,-0.93089,-0.088133,0.246492,-0.141477,-0.449287,1.346103,-1.318615,-0.099169
331,0.664097,-0.358674,-0.457371,0.619648,-0.606003,-0.124273,0.590047,-0.313696,-0.466322,0.735313,-0.744703,-0.103289,0.466969,-0.265428,-0.464692,0.965316,-0.946115,-0.13426,0.246155,-0.144027,-0.468101,1.320502,-1.317687,-0.099534
332,0.665028,-0.344039,-0.480272,0.594651,-0.616948,-0.108658,0.578162,-0.30209,-0.478627,0.757627,-0.728018,-0.119739,0.467606,-0.243855,-0.47858,0.963435,-0.953422,-0.127989,0.244468,-0.134143,-0.46878,1.317704,-1.346268,-0.130589
333,0.658088,-0.325868,-0.492428,0.604049,-0.611268,-0.121705,0.587512,-0.30174,-0.490674,0.739925,-0.764259,-0.139399,0.474521,-0.241807,-0.492357,0.940041,-0.954669,-0.129965,0.252602,-0.123917,-0.492003,1.342992,-1.332992,-0.138385
334,0.665887,-0.326259,-0.507177,0.603222,-0.626145,-0.182695,0.585738,-0.278675,-0.517342,0.737873,-0.755286,-0.138294,0.46453,-0.243521,-0.515283,0.962992,-0.973843,-0.129105,0.258662,-0.126539,-0.513124,1.347213,-1.344445,-0.141404
335,0.658628,-0.315166,-0.532413,0.631903,-0.629751,-0.152586,0.582977,-0.274826,-0.529628,0.762566,-0.770133,-0.156537,0.472095,-0.214735,-0.537779,0.980688,-0.959711,-0.165696,0.256553,-0.121573,-0.529541,1.36046,-1.376371,-0.139808
336,0.657985,-0.300839,-0.549992,0.623191,-0.623011,-0.186159,0.5821,-0.267603,-0.54294,0.779705,-0.767843,-0.160607,0.460365,-0.214893,-0.552008,0.976449,-0.967208,-0.153873,0.248977,-0.109979,-0.553351,1.357196,-1.360431,-0.160286
337,0.657971,-0.2834,-0.557451,0.619209,-0.603675,-0.191693,0.585845,-0.256701,-0.557346,0.759438,-0.745871,-0.190463,0.469428,-0.199427,-0.562641,0.984738,-0.977603,-0.173649,0.249753,-0.114773,-0.563586,1.377686,-1.376327,-0.174266
338,0.656091,-0.278679,-0.56883,0.620093,-0.624868,-0.198051,0.590805,-0.254039,-0.573674,0.764197,-0.79834,-0.192028,0.45784,-0.193718,-0.575713,0.990157,-0.995484,-0.189416,0.255136,-0.110012,-0.572341,1.372214,-1.392786,-0.198263
339,0.651776,-0.271604,-0.587713,0.634291,-0.61934,-0.204089,0.57996,-0.241802,-0.591371,0.757562,-0.78499,-0.206466,0.465517,-0.193871,-0.584785,0.982224,-0.998402,-0.190428,0.247845,-0.1063,-0.592744,1.375377,-1.380882,-0.211507
340,0.657073,-0.253401,-0.60494,0.622667,-0.637639,-0.208508,0.58561,-0.22716,-0.601189,0.76372,-0.761861,-0.220086,0.467066,-0.172997,-0.612161,0.99291,-1.000324,-0.220162,0.247831,-0.096236,-0.609354,1.383912,-1.387294,-0.21412
341,0.649352,-0.232384,-0.628264,0.640246,-0.642561,-0.222283,0.57487,-0.21749,-0.626732,0.774102,-0.767506,-0.214957,0.455142,-0.167803,-0.622834,0.992568,-0.993126,-0.225934,0.253535,-0.090837,-0.614452,1.383519,-1.385588,-0.244952
342,0.652419,-0.233021,-0.633757,0.634557,-0.648559,-0.23774,0.579844,-0.202153,-0.636729,0.770581,-0.791817,-0.239565,0.453911,-0.172377,-0.638764,1.007685,-0.999024,-0.233204,0.244701,-0.091725,-0.625575,1.380535,-1.422715,-0.247543
343,0.652757,-0.225438,-0.642293,0.646524,-0.636972,-0.250499,0.570641,-0.206484,-0.659818,0.776006,-0.763164,-0.256893,0.455299,-0.164587,-0.644282,1.006313,-1.000617,-0.256109,0.249568,-0.090477,-0.649056,1.394391,-1.41492,-0.237662
344,0.653492,-0.212543,-0.661293,0.647612,-0.637197,-0.249134,0.571456,-0.187657,-0.665819,0.789006,-0.787664,-0.263903,0.460962,-0.147046,-0.661675,1.000617,-1.026374,-0.261787,0.254165,-0.076086,-0.662686,1.397548,-1.392454,-0.25132
345,0.64055,-0.192803,-0.679145,0.638997,-0.634451,-0.2655,0.576927,-0.170417,-0.672392,0.785286,-0.777814,-0.271116,0.460264,-0.136707,-0.680596,0.994549,-0.992719,-0.270267,0.253531,-0.072151,-0.673676,1.403846,-1.395323,-0.280898
346,0.642374,-0.189103,-0.684224,0.657686,-0.644543,-0.268524,0.570009,-0.157925,-0.677014,0.786189,-0.76383,-0.294826,0.456395,-0.134005,-0.688516,1.01301,-1.010441,-0.288009,0.250528,-0.07355,-0.690218,1.399502,-1.419463,-0.297378
347,0.62611,-0.166843,-0.705248,0.641363,-0.632108,-0.307308,0.567476,-0.16018,-0.696625,0.796808,-0.767961,-0.309096,0.450458,-0.12584,-0.700543,0.990182,-1.01519,-0.294387,0.245383,-0.074059,-0.702407,1.428921,-1.420625,-0.29713
348,0.631775,-0.164499,-0.712388,0.63594,-0.644264,-0.29459,0.571736,-0.147136,-0.710163,0.788427,-0.766008,-0.301989,0.45134,-0.115208,-0.71137,1.003012,-0.9938,-0.316426,0.242828,-0.063163,-0.721801,1.414173,-1.430102,-0.285025
349,0.635573,-0.147646,-0.723575,0.621457,-0.640115,-0.312567,0.558791,-0.123278,-0.739242,0.788327,-0.777924,-0.285032,0.444189,-0.095169,-0.728034,1.0188,-1.014066,-0.316352,0.241384,-0.061599,-0.729751,1.412772,-1.427915,-0.308558
350,0.627035,-0.135347,-0.736455,0.64913,-0.632525,-0.333134,0.552903,-0.119164,-0.738151,0.762928,-0.784458,-0.324297,0.43256,-0.092676,-0.728834,1.021188,-1.002656,-0.323352,0.244414,-0.049735,-0.744131,1.418637,-1.405159,-0.31271
351,0.635298,-0.120818,-0.75487,0.645896,-0.644394,-0.349244,0.554203,-0.09865,-0.741229,0.784296,-0.796703,-0.336398,0.436238,-0.087992,-0.752028,1.003732,-1.000821,-0.327811,0.234123,-0.044357,-0.752313,1.409527,-1.408801,-0.338693
352,0.61538,-0.106192,-0.776765,0.634806,-0.631582,-0.340522,0.55273,-0.090721,-0.768691,0.780866,-0.795826,-0.336773,0.437529,-0.074724,-0.77139,0.997756,-1.00663,-0.328196,0.241181,-0.045457,-0.767991,1.421927,-1.408206,-0.340423
353,0.618846,-0.097917,-0.783879,0.631526,-0.626646,-0.344134,0.547328,-0.089349,-0.784747,0.786555,-0.802694,-0.355856,0.432075,-0.076212,-0.783387,1.016912,-1.00272,-0.350328,0.233985,-0.035206,-0.785922,1.404976,-1.417798,-0.357472
354,0.609155,-0.083947,-0.79244,0.644253,-0.628999,-0.36713,0.537018,-0.081286,-0.786129,0.786369,-0.766128,-0.362828,0.430382,-0.056827,-0.792799,0.997337,-0.999157,-0.371158,0.232289,-0.033411,-0.798051,1.395352,-1.411864,-0.366234
355,0.605462,-0.082604,-0.804163,0.628495,-0.642711,-0.368376,0.541744,-0.063733,-0.801541,0.775885,-0.793733,-0.378818,0.433858,-0.046706,-0.800849,1.012366,-1.005521,-0.380939,0.231669,-0.028524,-0.797122,1.417065,-1.39063,-0.381119
356,0.601734,-0.067138,-0.815097,0.624735,-0.62071,-0.376265,0.540289,-0.061907,-0.82538,0.77282,-0.780915,-0.371145,0.422556,-0.048911,-0.811924,0.989228,-0.989057,-0.389016,0.226612,-0.024246,-0.809696,1.399543,-1.399462,-0.380889
357,0.597407,-0.054614,-0.827125,0.639436,-0.634793,-0.394716,0.523435,-0.049856,-0.820515,0.787712,-0.770959,-0.407943,0.423891,-0.039373,-0.826916,0.979151,-1.006982,-0.391267,0.221552,-0.017106,-0.821836,1.401649,-1.385408,-0.380149
358,0.593082,-0.041935,-0.83122,0.626772,-0.630184,-0.395415,0.525899,-0.02783,-0.840504,0.769076,-0.769,-0.392558,0.417538,-0.019784,-0.843232,1.01123,-1.001773,-0.398428,0.226007,-0.017581,-0.837773,1.391707,-1.386737,-0.39297
359,0.584345,-0.025849,-0.836254,0.612818,-0.649022,-0.400376,0.522345,-0.025078,-0.856283,0.761291,-0.761184,-0.406773,0.420533,-0.023482,-0.844897,0.992943,-0.990347,-0.407764,0.228511,-0.009927,-0.843812,1.387222,-1.390022,-0.403017
360,0.564736,-0.009468,-0.863743,0.620197,-0.618236,-0.419796,0.511753,-0.008326,-0.856877,0.781603,-0.776375,-0.40893,0.410881,-0.016226,-0.854943,0.980247,-0.98497,-0.419989,0.220617,-0.000274,-0.853947,1.36048,-1.385394,-0.419757
361,0.572776,0.000517,-0.855116,0.641876,-0.619304,-0.420939,0.498777,-0.001228,-0.856542,0.770208,-0.779044,-0.42223,0.399591,-0.005515,-0.866284,0.998471,-0.981819,-0.428743,0.208876,-0.008985,-0.861016,1.373596,-1.379829,-0.418107
362,0.557084,0.012756,-0.873379,0.613994,-0.63138,-0.434205,0.495449,0.011729,-0.867397,0.761951,-0.766992,-0.426205,0.39189,0.008147,-0.878614,0.987191,-0.973987,-0.442885,0.209525,0.005324,-0.877961,1.383575,-1.362577,-0.437788
363,0.558432,0.024522,-0.881562,0.619197,-0.622991,-0.44283,0.494703,0.017657,-0.880016,0.758654,-0.761404,-0.448014,0.391645,0.02039,-0.888374,0.959876,-0.964045,-0.434176,0.208342,0.00899,-0.87793,1.367928,-1.370939,-0.445997
364,0.547274,0.038378,-0.895338,0.630964,-0.615554,-0.461879,0.497176,0.030804,-0.89946,0.762365,-0.742765,-0.471601,0.390751,0.016044,-0.882673,0.961885,-0.960991,-0.444473,0.207671,0.009356,-0.887329,1.35962,-1.37482,-0.457596
365,0.545627,0.049788,-0.899701,0.610754,-0.636085,-0.45864,0.488465,0.046933,-0.905139,0.756954,-0.762207,-0.454948,0.384731,0.037311,-0.904725,0.965458,-0.959258,-0.45214,0.208322,0.01771,-0.903386,1.342148,-1.339558,-0.450673
366,0.538658,0.063781,-0.910576,0.62904,-0.596822,-0.457132,0.479634,0.06082,-0.909242,0.766633,-0.735793,-0.458491,0.380596,0.04298,-0.909607,0.956796,-0.968977,-0.477372,0.200502,0.034113,-0.909335,1.336173,-1.331538,-0.472785
367,0.524272,0.069284,-0.906272,0.598346,-0.585824,-0.480027,0.469638,0.063672,-0.904755,0.745106,-0.741622,-0.468018,0.369096,0.052482,-0.920112,0.944487,-0.971639,-0.480993,0.207963,0.025005,-0.915995,1.320711,-1.322617,-0.483729
368,0.521269,0.086351,-0.925657,0.618019,-0.597839,-0.48918,0.466837,0.074005,-0.917361,0.729662,-0.728923,-0.495974,0.368587,0.071476,-0.922893,0.94279,-0.930471,-0.47119,0.194387,0.029807,-0.914611,1.318056,-1.333731,-0.481292
369,0.51286,0.102546,-0.928808,0.591983,-0.58808,-0.50602,0.455106,0.089664,-0.929668,0.728971,-0.742745,-0.492197,0.373716,0.075405,-0.92911,0.925805,-0.957904,-0.482024,0.194939,0.039301,-0.925298,1.312834,-1.306834,-0.485671
370,0.492655,0.114173,-0.925184,0.600326,-0.609426,-0.510865,0.455561,0.100604,-0.94614,0.715105,-0.714028,-0.512382,0.359611,0.078827,-0.935691,0.928164,-0.929607,-0.472324,0.197568,0.039183,-0.937056,1.323959,-1.303717,-0.503111
371,0.508087,0.124151,-0.938294,0.578927,-0.583924,-0.519041,0.441173,0.099091,-0.945826,0.702984,-0.718984,-0.515516,0.358562,0.081986,-0.948289,0.935502,-0.920901,-0.50656,0.187539,0.047166,-0.93828,1.296141,-1.310593,-0.49715
372,0.502241,0.133224,-0.949271,0.577286,-0.591424,-0.519756,0.429902,0.119703,-0.946769,0.713298,-0.728624,-0.504319,0.345839,0.097239,-0.950427,0.915177,-0.902642,-0.493826,0.187398,0.056223,-0.947477,1.27471,-1.283896,-0.503028
373,0.481274,0.142791,-0.948287,0.563572,-0.589911,-0.550475,0.41975,0.129673,-0.956155,0.696493,-0.69627,-0.510296,0.342641,0.105954,-0.948499,0.913577,-0.904334,-0.513715,0.187511,0.05828,-0.954513,1.294549,-1.270392,-0.501609
374,0.482014,0.158276,-0.968479,0.583237,-0.565104,-0.52393,0.421764,0.136666,-0.96142,0.71881,-0.699834,-0.532637,0.335758,0.108184,-0.952702,0.904536,-0.888036,-0.530289,0.180149,0.06,-0.962295,1.245781,-1.236443,-0.533013
375,0.473062,0.168116,-0.949479,0.569951,-0.565923,-0.538809,0.412682,0.150732,-0.962291,0.685203,-0.678828,-0.522879,0.334793,0.12406,-0.965564,0.916746,-0.885527,-0.529056,0.182888,0.072107,-0.959185,1.240023,-1.243127,-0.541525
376,0.459431,0.18697,-0.979725,0.555487,-0.564874,-0.553389,0.411066,0.152562,-0.974538,0.683813,-0.671329,-0.544701,0.314104,0.135597,-0.972793,0.8805,-0.89653,-0.54135,0.172051,0.062861,-0.967353,1.222221,-1.235215,-0.531183
377,0.449006,0.209959,-0.974071,0.55448,-0.558649,-0.549914,0.398263,0.171063,-0.972885,0.672829,-0.680163,-0.547829,0.322113,0.132228,-0.977719,0.868549,-0.897982,-0.542034,0.174189,0.075549,-0.977622,1.222079,-1.221341,-0.54186
378,0.443515,0.205338,-0.975826,0.557332,-0.537754,-0.534563,0.389912,0.179196,-0.983847,0.662881,-0.679395,-0.56102,0.313739,0.151972,-0.972567,0.880761,-0.867573,-0.542316,0.160685,0.084206,-0.982788,1.229062,-1.203319,-0.542646
379,0.436225,0.215675,-0.988778,0.529726,-0.55833,-0.566272,0.377773,0.189946,-0.985771,0.675358,-0.678162,-0.575362,0.298019,0.158208,-0.988162,0.854849,-0.851723,-0.566473,0.1629,0.089715,-0.98968,1.189432,-1.194644,-0.560284
380,0.409473,0.225347,-0.98564,0.545128,-0.526529,-0.547351,0.369776,0.194712,-0.987321,0.640426,-0.652849,-0.564073,0.301261,0.160885,-0.981259,0.83083,-0.852139,-0.558251,0.164312,0.077595,-0.992625,1.182524,-1.182144,-0.549431
381,0.407092,0.238009,-0.979152,0.52826,-0.517712,-0.556301,0.364367,0.211702,-1.000278,0.636158,-0.648931,-0.543146,0.283669,0.173901,-0.988411,0.826235,-0.82646,-0.560594,0.158743,0.084033,-0.994487,1.16535,-1.143693,-0.578304
382,0.402635,0.251695,-0.994749,0.496591,-0.520953,-0.562408,0.354179,0.219256,-0.995198,0.626541,-0.644617,-0.582479,0.275247,0.183222,-0.994353,0.825732,-0.828466,-0.587891,0.151814,0.094322,-0.997701,1.156374,-1.146124,-0.583496
383,0.39022,0.267706,-0.994868,0.518922,-0.523055,-0.581539,0.351009,0.235695,-0.994269,0.62992,-0.628916,-0.58001,0.268962,0.184827,-0.995282,0.813693,-0.807749,-0.588115,0.155639,0.103669,-0.989086,1.13998,-1.126799,-0.574673
384,0.382581,0.276975,-0.994025,0.51095,-0.510154,-0.584613,0.335459,0.247397,-0.992735,0.618542,-0.641543,-0.590218,0.267666,0.199795,-0.990393,0.809586,-0.808207,-0.563582,0.146612,0.114399,-0.994946,1.119503,-1.121557,-0.592124
385,0.365829,0.284813,-1.000679,0.5043,-0.493493,-0.574736,0.329013,0.255649,-0.995316,0.631606,-0.614736,-0.583423,0.257027,0.211318,-0.989454,0.774784,-0.78603,-0.572315,0.142349,0.11244,-0.99663,1.107791,-1.109893,-0.595133
386,0.364111,0.304613,-0.999804,0.476773,-0.488528,-0.578774,0.318436,0.274095,-0.998175,0.597979,-0.589263,-0.590298,0.259285,0.217592,-1.000232,0.765079,-0.770473,-0.589217,0.13127,0.111492,-1.002897,1.079826,-1.083585,-0.585039
387,0.34953,0.310564,-1.001812,0.479061,-0.4926,-0.594329,0.311871,0.277232,-0.989923,0.603266,-0.578386,-0.591381,0.248329,0.216539,-0.993194,0.765034,-0.7659,-0.59177,0.135142,0.113838,-0.993623,1.081069,-1.074338,-0.576053
388,0.335769,0.319117,-1.000279,0.479002,-0.491906,-0.59796,0.302909,0.288088,-1.005168,0.587212,-0.566439,-0.595096,0.244427,0.235348,-1.00687,0.767385,-0.749381,-0.592325,0.125238,0.125113,-0.994056,1.05357,-1.071969,-0.600083
389,0.328102,0.337665,-1.002178,0.460468,-0.473992,-0.603693,0.279443,0.299623,-1.001854,0.569406,-0.571187,-0.58234,0.23033,0.233924,-0.999492,0.744974,-0.753597,-0.599298,0.116445,0.127092,-1.00106,1.025677,-1.030451,-0.614165
390,0.315442,0.3406,-1.001949,0.466104,-0.461189,-0.622694,0.28418,0.297061,-1.001194,0.558917,-0.573122,-0.608981,0.22565,0.239006,-0.992393,0.720335,-0.726427,-0.617904,0.116029,0.138233,-1.000809,1.00551,-1.025399,-0.61468
391,0.307621,0.352616,-1.003108,0.438148,-0.460032,-0.608511,0.273842,0.310002,-1.011342,0.543833,-0.548925,-0.595741,0.219272,0.25256,-1.000987,0.736903,-0.712501,-0.601243,0.113329,0.125605,-1.001846,0.993048,-0.987183,-0.608398
392,0.290925,0.370767,-0.992647,0.446612,-0.438152,-0.614095,0.266752,0.328416,-1.002911,0.554651,-0.547275,-0.620941,0.21307,0.247506,-0.997402,0.675229,-0.697927,-0.604601,0.115684,0.137574,-0.992587,0.980824,-0.987652,-0.589315
393,0.276149,0.366529,-0.991754,0.446772,-0.44469,-0.612835,0.250034,0.338531,-1.004086,0.544104,-0.530197,-0.602348,0.203822,0.269306,-0.989898,0.658031,-0.681078,-0.605426,0.109148,0.14835,-0.996724,0.948385,-0.937425,-0.597477
394,0.274966,0.38726,-0.996585,0.403632,-0.430071,-0.626493,0.244025,0.340865,-1.000874,0.515151,-0.523088,-0.6148,0.18944,0.277611,-0.999213,0.674073,-0.650776,-0.604923,0.100284,0.148977,-0.995153,0.93179,-0.934872,-0.637591
395,0.261979,0.390834,-0.994133,0.414319,-0.423218,-0.625609,0.230202,0.35334,-0.994598,0.508642,-0.507801,-0.615471,0.186261,0.27511,-0.995358,0.656443,-0.636309,-0.633596,0.102449,0.146595,-0.99246,0.912265,-0.912362,-0.618957
396,0.259617,0.399053,-1.001303,0.392718,-0.414658,-0.605173,0.220925,0.360447,-0.993834,0.497846,-0.500112,-0.627416,0.167702,0.293793,-0.989293,0.642196,-0.659047,-0.602425,0.097799,0.156177,-0.993636,0.907924,-0.880482,-0.621763
397,0.248903,0.412381,-0.981272,0.40518,-0.404906,-0.624377,0.216123,0.359041,-0.989869,0.487752,-0.47168,-0.625482,0.169723,0.299998,-0.994941,0.634353,-0.629295,-0.617051,0.08463,0.15765,-0.994869,0.858232,-0.864247,-0.634946
398,0.226355,0.425174,-0.978468,0.389189,-0.402221,-0.627362,0.206464,0.375519,-0.984276,0.485048,-0.47849,-0.645159,0.165881,0.304369,-0.984635,0.623992,-0.619151,-0.611014,0.078184,0.167585,-0.993515,0.837284,-0.850155,-0.632941
399,0.222303,0.423533,-0.971944,0.401199,-0.388045,-0.635456,0.194687,0.384865,-0.976655,0.466284,-0.468288,-0.619549,0.154035,0.304703,-0.979113,0.604853,-0.593661,-0.6299,0.088587,0.160826,-0.975303,0.83397,-0.834658,-0.629842
400,0.209257,0.440898,-0.976936,0.370063,-0.369761,-0.610619,0.189584,0.382593,-0.978379,0.455717,-0.451848,-0.625532,0.138473,0.310822,-0.977128,0.591274,-0.582741,-0.627669,0.070211,0.16633,-0.975627,0.818052,-0.816717,-0.635464
401,0.190219,0.450493,-0.970907,0.352071,-0.371622,-0.631541,0.1738,0.39565,-0.980948,0.43651,-0.434233,-0.62452,0.140254,0.325329,-0.97929,0.573351,-0.559978,-0.623568,0.0747,0.171711,-0.975269,0.799081,-0.803619,-0.62341
402,0.178392,0.464466,-0.971405,0.359975,-0.337651,-0.642731,0.157358,0.405472,-0.972649,0.405548,-0.422228,-0.631306,0.13154,0.322092,-0.967384,0.532062,-0.533293,-0.625722,0.065998,0.170433,-0.977605,0.780704,-0.756859,-0.610232
403,0.164584,0.468287,-0.965891,0.334784,-0.332743,-0.620018,0.152728,0.419457,-0.958668,0.419055,-0.419479,-0.630811,0.117827,0.344679,-0.961712,0.544827,-0.543952,-0.630177,0.060245,0.179111,-0.975416,0.750541,-0.734092,-0.614832
404,0.159335,0.473819,-0.963623,0.345462,-0.329995,-0.652303,0.141864,0.416953,-0.954721,0.407957,-0.390122,-0.621424,0.107318,0.332836,-0.954719,0.533492,-0.512149,-0.62195,0.05181,0.184445,-0.960179,0.718521,-0.72975,-0.623209
405,0.148194,0.485792,-0.951525,0.326512,-0.311547,-0.61528,0.134091,0.437415,-0.955568,0.388065,-0.398451,-0.637152,0.106628,0.342587,-0.949776,0.513689,-0.497317,-0.631896,0.062934,0.187631,-0.959314,0.709894,-0.713902,-0.626142
406,0.137423,0.482295,-0.946533,0.290478,-0.313779,-0.62358,0.119917,0.437926,-0.943244,0.389079,-0.3708,-0.626574,0.101755,0.348368,-0.942324,0.482782,-0.498247,-0.609786,0.050386,0.185656,-0.9436,0.686355,-0.656716,-0.635364
407,0.119064,0.512255,-0.946479,0.2887,-0.313501,-0.631424,0.100145,0.448858,-0.939803,0.369047,-0.361106,-0.603692,0.096676,0.359123,-0.944214,0.463097,-0.480495,-0.641161,0.044534,0.182871,-0.952481,0.668871,-0.65404,-0.624927
408,0.102172,0.512122,-0.939415,0.277559,-0.282388,-0.639921,0.095812,0.449284,-0.939873,0.34436,-0.347104,-0.598118,0.079545,0.356131,-0.926954,0.448773,-0.451781,-0.617201,0.041146,0.193461,-0.940569,0.630785,-0.61824,-0.634174
409,0.099062,0.506392,-0.931708,0.273052,-0.274192,-0.635142,0.080347,0.459372,-0.929061,0.325673,-0.338549,-0.623092,0.063698,0.361888,-0.931561,0.430697,-0.432936,-0.638196,0.040253,0.19637,-0.922049,0.589866,-0.609283,-0.612486
410,0.080664,0.516996,-0.920417,0.273964,-0.259698,-0.633923,0.077651,0.454714,-0.924135,0.323968,-0.333413,-0.630863,0.063277,0.367565,-0.914348,0.415872,-0.416271,-0.632072,0.026595,0.19944,-0.914273,0.599715,-0.597835,-0.626745
411,0.070134,0.526647,-0.912287,0.260679,-0.272449,-0.619754,0.066163,0.471937,-0.914593,0.31128,-0.30965,-0.628708,0.04778,0.373599,-0.916885,0.391223,-0.385705,-0.621858,0.025737,0.206878,-0.922891,0.571476,-0.532909,-0.631641
412,0.064167,0.545908,-0.909942,0.233924,-0.239428,-0.620341,0.058167,0.475657,-0.908864,0.291065,-0.303868,-0.608641,0.045425,0.383232,-0.906025,0.384411,-0.366327,-0.63482,0.025644,0.201908,-0.921797,0.512026,-0.514751,-0.622497
413,0.042901,0.550642,-0.896116,0.236094,-0.239284,-0.611403,0.031442,0.493066,-0.89165,0.277714,-0.304115,-0.609156,0.029108,0.379871,-0.89408,0.343649,-0.348567,-0.609934,0.021698,0.206055,-0.894942,0.50828,-0.491966,-0.626138
414,0.037372,0.549134,-0.887684,0.226327,-0.22473,-0.621642,0.024657,0.477393,-0.890074,0.274602,-0.264535,-0.606334,0.0292,0.39088,-0.884903,0.338156,-0.342891,-0.608438,0.010208,0.213272,-0.891532,0.477163,-0.472862,-0.624284
415,0.019728,0.552174,-0.880949,0.235668,-0.209158,-0.612201,0.019068,0.499534,-0.877984,0.233324,-0.256617,-0.604117,0.017474,0.398572,-0.882959,0.32404,-0.318219,-0.61665,0.00388,0.224849,-0.891553,0.443144,-0.45504,-0.615482
416,0.008298,0.569573,-0.867476,0.193084,-0.168177,-0.604223,0.011009,0.501972,-0.874515,0.242908,-0.241136,-0.617125,0.001742,0.410724,-0.874761,0.329422,-0.321204,-0.606039,0.004527,0.206871,-0.873334,0.444955,-0.438942,-0.627449
417,-0.000893,0.569681,-0.856798,0.193035,-0.190316,-0.613105,0.009785,0.5067,-0.868969,0.227099,-0.241506,-0.613161,0.005879,0.411617,-0.864079,0.285262,-0.297335,-0.608851,-0.004613,0.225632,-0.866846,0.421889,-0.392465,-0.607802
418,-0.014494,0.57909,-0.856998,0.174133,-0.167556,-0.595624,-0.015524,0.52639,-0.858222,0.20151,-0.206339,-0.595705,-0.014824,0.411794,-0.851433,0.260837,-0.273846,-0.608339,-0.006664,0.222556,-0.858558,0.386704,-0.383172,-0.603974
419,-0.025077,0.586504,-0.849732,0.151167,-0.16625,-0.596821,-0.021895,0.521266,-0.836196,0.192942,-0.199286,-0.606856,-0.018383,0.413959,-0.832957,0.245937,-0.257884,-0.599782,-0.010774,0.220349,-0.840656,0.355898,-0.368946,-0.596217
420,-0.039572,0.592759,-0.827082,0.131977,-0.165491,-0.603237,-0.041047,0.529413,-0.838637,0.195981,-0.180437,-0.604022,-0.03596,0.419996,-0.825548,0.225978,-0.241634,-0.617344,-0.019128,0.22058,-0.836667,0.335772,-0.330792,-0.597009
421,-0.056673,0.603572,-0.819476,0.14054,-0.147689,-0.609812,-0.049827,0.525623,-0.817311,0.177609,-0.179475,-0.579607,-0.038312,0.426,-0.834135,0.216824,-0.231614,-0.590107,-0.024328,0.229792,-0.812971,0.321607,-0.310947,-0.607484
422,-0.053356,0.604397,-0.806651,0.141199,-0.129208,-0.603223,-0.055776,0.530897,-0.812116,0.162392,-0.18099,-0.580355,-0.044015,0.429496,-0.817952,0.194995,-0.195023,-0.600672,-0.030635,0.227093,-0.809072,0.268769,-0.288232,-0.600001
423,-0.084854,0.61343,-0.79845,0.117267,-0.117438,-0.601151,-0.064361,0.542572,-0.802568,0.131152,-0.140655,-0.594285,-0.063943,0.428268,-0.794731,0.182465,-0.192946,-0.595986,-0.028094,0.235284,-0.802226,0.249516,-0.252956,-0.596772
424,-0.090802,0.60116,-0.782017,0.118678,-0.113117,-0.59379,-0.073354,0.536149,-0.780392,0.123283,-0.134805,-0.592841,-0.060011,0.433991,-0.795046,0.16102,-0.155104,-0.586906,-0.03391,0.234321,-0.789448,0.222941,-0.222045,-0.592055
425,-0.101319,0.615603,-0.781357,0.09277,-0.090597,-0.577897,-0.086468,0.548508,-0.783925,0.110154,-0.136654,-0.590668,-0.073945,0.44175,-0.77774,0.155714,-0.139465,-0.596571,-0.041025,0.222274,-0.78226,0.194972,-0.198043,-0.587728
426,-0.116842,0.6343,-0.756118,0.070677,-0.085578,-0.585291,-0.100736,0.548196,-0.767113,0.083187,-0.092718,-0.577065,-0.069543,0.433179,-0.762945,0.142789,-0.139035,-0.575436,-0.038333,0.235351,-0.760717,0.181055,-0.166037,-0.587635
427,-0.13376,0.620448,-0.755826,0.05582,-0.078481,-0.572243,-0.107468,0.560101,-0.753358,0.078686,-0.092804,-0.579781,-0.090183,0.439606,-0.759644,0.087203,-0.099149,-0.56056,-0.049797,0.238048,-0.750428,0.136243,-0.143199,-0.583906
428,-0.142486,0.623161,-0.74307,0.060885,-0.044499,-0.571842,-0.126381,0.558975,-0.739426,0.053106,-0.074541,-0.57833,-0.103797,0.45146,-0.740971,0.090604,-0.098042,-0.559609,-0.06041,0.247499,-0.742013,0.124241,-0.120901,-0.560947
429,-0.149122,0.628502,-0.729982,0.044225,-0.047814,-0.563389,-0.132101,0.559549,-0.728074,0.043016,-0.05395,-0.558018,-0.105062,0.438038,-0.72261,0.069575,-0.064499,-0.561921,-0.065456,0.237729,-0.724826,0.097808,-0.084757,-0.56095
430,-0.167436,0.636066,-0.712356,0.026321,-0.027939,-0.553082,-0.141972,0.556885,-0.714206,0.039463,-0.031873,-0.564172,-0.1262,0.450062,-0.733281,0.056355,-0.058326,-0.558453,-0.062156,0.250642,-0.713891,0.052294,-0.07024,-0.564207
431,-0.173843,0.636187,-0.692472,0.007814,-0.015828,-0.557951,-0.147804,0.568251,-0.696087,0.016183,-0.033094,-0.546396,-0.119972,0.447961,-0.695336,0.036216,-0.026222,-0.565119,-0.06752,0.236451,-0.707106,0.041631,-0.036648,-0.555299
432,-0.192569,0.648864,-0.678788,-0.001409,-0.012148,-0.543228,-0.163155,0.563669,-0.685531,0.017567,0.026363,-0.545893,-0.129757,0.450299,-0.681108,0.016969,-0.023176,-0.554395,-0.067794,0.240535,-0.685835,0.013352,-0.024115,-0.551773
433,-0.200367,0.648343,-0.668885,0.002901,0.013776,-0.54276,-0.176208,0.564361,-0.675976,-0.004165,0.000812,-0.537008,-0.144411,0.455525,-0.672209,-0.024371,0.002883,-0.53011,-0.066807,0.245966,-0.671662,-0.005369,-0.00011,-0.553888
434,-0.205241,0.65175,-0.659823,0.019056,0.013267,-0.51322,-0.193771,0.578904,-0.665937,-0.000123,0.013185,-0.545975,-0.151364,0.46093,-0.657487,-0.041804,0.02766,-0.54593,-0.079892,0.25664,-0.651054,-0.049203,0.021886,-0.531775
435,-0.228417,0.647238,-0.642853,-0.038287,0.024001,-0.54537,-0.20613,0.567381,-0.642999,-0.03999,0.043124,-0.529516,-0.154076,0.45798,-0.652894,-0.046818,0.037968,-0.523308,-0.091066,0.247692,-0.644203,-0.059697,0.07054,-0.51812
436,-0.238402,0.645529,-0.623281,-0.035046,0.041583,-0.512942,-0.209095,0.573968,-0.625734,-0.053422,0.046475,-0.521685,-0.166156,0.456182,-0.628838,-0.055597,0.063237,-0.527974,-0.099729,0.255474,-0.631867,-0.091248,0.099188,-0.520412
437,-0.245664,0.656622,-0.615673,-0.060186,0.046931,-0.523827,-0.21699,0.57889,-0.613712,-0.092269,0.07119,-0.522037,-0.180686,0.453346,-0.60687,-0.076369,0.079808,-0.499521,-0.094035,0.248699,-0.618181,-0.115735,0.105421,-0.518807
438,-0.261946,0.654201,-0.595064,-0.04939,0.059513,-0.509825,-0.229981,0.580321,-0.603691,-0.078857,0.081916,-0.502537,-0.180267,0.463292,-0.59851,-0.100488,0.106333,-0.51086,-0.103913,0.243658,-0.61017,-0.15213,0.139,-0.494917
439,-0.276115,0.657293,-0.57453,-0.073162,0.089656,-0.508498,-0.241732,0.57847,-0.594868,-0.105833,0.125915,-0.50068,-0.185202,0.46186,-0.580176,-0.132241,0.126902,-0.503109,-0.097304,0.246637,-0.589743,-0.154924,0.162169,-0.491669
440,-0.293553,0.649801,-0.570787,-0.083898,0.093447,-0.49396,-0.246649,0.58236,-0.567186,-0.101957,0.109526,-0.486637,-0.196613,0.457913,-0.57441,-0.138341,0.125531,-0.496266,-0.110673,0.252936,-0.572805,-0.193693,0.192524,-0.498355
441,-0.282975,0.66484,-0.551365,-0.101139,0.105263,-0.500438,-0.254125,0.571829,-0.558693,-0.125438,0.129705,-0.496437,-0.20841,0.456438,-0.547747,-0.154183,0.162602,-0.491738,-0.10992,0.251864,-0.552484,-0.226861,0.222674,-0.497637
442,-0.304155,0.655915,-0.54463,-0.10944,0.110929,-0.492084,-0.272705,0.582174,-0.540567,-0.125705,0.143172,-0.470905,-0.212587,0.468679,-0.532829,-0.185777,0.179915,-0.490372,-0.109232,0.256345,-0.536812,-0.235479,0.23596,-0.480365
443,-0.316566,0.652104,-0.522114,-0.125864,0.124826,-0.467838,-0.287588,0.585319,-0.519377,-0.159391,0.146799,-0.472893,-0.220659,0.462648,-0.519238,-0.212703,0.185428,-0.467784,-0.116871,0.251473,-0.526096,-0.261617,0.236882,-0.4738
444,-0.330034,0.655282,-0.508266,-0.129398,0.133019,-0.459844,-0.285727,0.568126,-0.508272,-0.182859,0.168776,-0.469699,-0.225338,0.467247,-0.516309,-0.22449,0.219427,-0.46555,-0.119255,0.258759,-0.497597,-0.289082,0.288191,-0.463742
445,-0.32855,0.659081,-0.49122,-0.157981,0.132849,-0.450053,-0.294354,0.583621,-0.48052,-0.151054,0.162013,-0.452181,-0.2461,0.46206,-0.494913,-0.250778,0.222707,-0.448538,-0.131168,0.252848,-0.491726,-0.319153,0.332308,-0.460225
446,-0.34576,0.647607,-0.479049,-0.162475,0.169669,-0.433522,-0.303992,0.568924,-0.47228,-0.191925,0.207544,-0.453926,-0.24356,0.455319,-0.47181,-0.243787,0.258696,-0.448211,-0.133577,0.251502,-0.478809,-0.343902,0.352952,-0.438323
447,-0.361205,0.661708,-0.457652,-0.168285,0.159545,-0.439909,-0.316109,0.579934,-0.461406,-0.231644,0.204366,-0.442195,-0.255917,0.459851,-0.456534,-0.279178,0.278513,-0.446234,-0.134407,0.248037,-0.457025,-0.3717,0.36736,-0.443494
448,-0.36235,0.654895,-0.446631,-0.18557,0.176182,-0.434761,-0.317268,0.585746,-0.442621,-0.216758,0.225791,-0.435132,-0.261127,0.46115,-0.44709,-0.305309,0.281152,-0.424921,-0.13705,0.255085,-0.439059,-0.403595,0.409387,-0.429489
449,-0.374963,0.653828,-0.424175,-0.191391,0.189966,-0.421273,-0.332448,0.579758,-0.412838,-0.244062,0.234368,-0.435529,-0.268241,0.462604,-0.425474,-0.305399,0.310026,-0.402883,-0.141374,0.251949,-0.422452,-0.431493,0.417486,-0.42697
450,-0.388005,0.656811,-0.409207,-0.218894,0.203596,-0.397035,-0.340723,0.583392,-0.410998,-0.254546,0.248202,-0.401152,-0.270899,0.462504,-0.403039,-0.314828,0.306185,-0.410771,-0.153194,0.247314,-0.41044,-0.444936,0.453453,-0.425164
451,-0.391718,0.656302,-0.388954,-0.210671,0.222698,-0.409909,-0.344023,0.585738,-0.389862,-0.283065,0.269556,-0.413473,-0.280635,0.469844,-0.386247,-0.339164,0.347506,-0.413214,-0.153691,0.25675,-0.395951,-0.475013,0.479049,-0.407538
452,-0.419643,0.643413,-0.375154,-0.249399,0.236141,-0.397075,-0.360465,0.583132,-0.372927,-0.276429,0.280045,-0.380308,-0.295,0.466178,-0.376978,-0.362362,0.356184,-0.386651,-0.153956,0.253324,-0.377691,-0.510773,0.503345,-0.399257
453,-0.417968,0.64373,-0.352163,-0.234135,0.230725,-0.403337,-0.372479,0.574613,-0.357947,-0.294197,0.289606,-0.381322,-0.290079,0.461946,-0.346424,-0.367429,0.388187,-0.39536,-0.159407,0.254519,-0.357444,-0.530983,0.521648,-0.391672
454,-0.438078,0.646492,-0.330702,-0.25655,0.252041,-0.357712,-0.374998,0.574271,-0.340024,-0.31702,0.299984,-0.393206,-0.294836,0.453483,-0.34005,-0.376981,0.38674,-0.36782,-0.163308,0.244615,-0.334088,-0.564697,0.548904,-0.363502
455,-0.426798,0.641812,-0.317341,-0.266623,0.273806,-0.369327,-0.380802,0.57083,-0.324334,-0.324251,0.305602,-0.362163,-0.305991,0.457101,-0.318243,-0.420741,0.428076,-0.355056,-0.167218,0.246465,-0.320332,-0.568876,0.568731,-0.349076
456,-0.437368,0.639979,-0.298603,-0.268378,0.264883,-0.352255,-0.386668,0.574112,-0.303285,-0.337817,0.347953,-0.351918,-0.31504,0.463978,-0.299899,-0.434534,0.427106,-0.361246,-0.173305,0.251089,-0.306976,-0.587388,0.598231,-0.363683
457,-0.444106,0.637921,-0.281055,-0.287332,0.27825,-0.348012,-0.396471,0.573337,-0.282087,-0.355182,0.358224,-0.357486,-0.324257,0.457789,-0.282415,-0.437927,0.446797,-0.340153,-0.181946,0.244657,-0.285073,-0.641406,0.630395,-0.352175
458,-0.461374,0.639214,-0.267158,-0.297995,0.298089,-0.321867,-0.41246,0.570502,-0.26103,-0.365417,0.334026,-0.329325,-0.324679,0.44561,-0.262964,-0.451769,0.458514,-0.328268,-0.179419,0.240466,-0.268217,-0.649451,0.658561,-0.350207
459,-0.465063,0.637416,-0.247119,-0.305445,0.301805,-0.331029,-0.411257,0.559463,-0.241161,-0.377076,0.376885,-0.327946,-0.336746,0.448988,-0.252024,-0.495744,0.482168,-0.326941,-0.180974,0.240032,-0.25057,-0.686132,0.68701,-0.324684
460,-0.488916,0.637161,-0.230678,-0.32559,0.320769,-0.306129,-0.425405,0.566989,-0.22359,-0.384053,0.403769,-0.332643,-0.335997,0.46216,-0.228461,-0.48134,0.506773,-0.321051,-0.188242,0.234781,-0.222484,-0.701622,0.701009,-0.322565
461,-0.491781,0.629987,-0.209872,-0.336502,0.324279,-0.305749,-0.439525,0.553676,-0.20865,-0.41003,0.395481,-0.30992,-0.349862,0.441562,-0.213007,-0.50462,0.5212,-0.309138,-0.189562,0.237664,-0.209393,-0.711789,0.698422,-0.311614
462,-0.502149,0.623421,-0.182508,-0.3299,0.316711,-0.304011,-0.443571,0.557557,-0.189837,-0.402518,0.392316,-0.309541,-0.354029,0.439385,-0.195644,-0.533903,0.523016,-0.280158,-0.180784,0.232116,-0.19786,-0.741286,0.728963,-0.286718
463,-0.501395,0.622212,-0.177554,-0.352939,0.354762,-0.288612,-0.447667,0.541773,-0.167386,-0.428365,0.433173,-0.289201,-0.352922,0.440517,-0.179265,-0.549503,0.533563,-0.286615,-0.196371,0.237609,-0.169446,-0.761089,0.757856,-0.28675
464,-0.520386,0.62434,-0.160656,-0.359007,0.358652,-0.292013,-0.443232,0.547782,-0.152408,-0.450245,0.423233,-0.243953,-0.360415,0.432805,-0.153019,-0.551707,0.548952,-0.285548,-0.207945,0.241277,-0.153563,-0.784165,0.779146,-0.274282
465,-0.519047,0.609706,-0.146248,-0.371504,0.364823,-0.272896,-0.467825,0.539482,-0.147607,-0.435732,0.445441,-0.275398,-0.36517,0.420815,-0.135072,-0.576273,0.592669,-0.261392,-0.201733,0.235475,-0.133215,-0.800904,0.808789,-0.265051
466,-0.52816,0.597096,-0.126123,-0.378788,0.379787,-0.241489,-0.4507,0.539456,-0.115614,-0.461353,0.45819,-0.266,-0.379386,0.426623,-0.115668,-0.595404,0.597834,-0.259465,-0.20395,0.234964,-0.120452,-0.816261,0.814422,-0.253268
467,-0.533244,0.588406,-0.099576,-0.371118,0.383699,-0.246146,-0.478377,0.519956,-0.097717,-0.45772,0.471984,-0.244211,-0.372908,0.421611,-0.097386,-0.612489,0.595416,-0.244709,-0.211091,0.230861,-0.107068,-0.855833,0.855265,-0.239207
468,-0.548035,0.594756,-0.084213,-0.413785,0.412033,-0.25191,-0.47794,0.523205,-0.07862,-0.487753,0.471682,-0.228564,-0.389358,0.414987,-0.081192,-0.633071,0.631957,-0.252726,-0.200445,0.226237,-0.065331,-0.877172,0.869932,-0.22195
469,-0.539883,0.591063,-0.062929,-0.406387,0.406888,-0.212702,-0.490329,0.529327,-0.054115,-0.478891,0.515719,-0.195067,-0.387585,0.410205,-0.060163,-0.64612,0.626685,-0.237163,-0.210717,0.226367,-0.066471,-0.888413,0.888248,-0.241857
470,-0.562117,0.578869,-0.045638,-0.401662,0.416556,-0.205709,-0.484773,0.514489,-0.032937,-0.506317,0.506172,-0.219825,-0.390551,0.42066,-0.043183,-0.669251,0.651248,-0.203215,-0.211709,0.221729,-0.034238,-0.910693,0.907647,-0.216486
471,-0.569834,0.583707,-0.021651,-0.441762,0.423549,-0.211759,-0.497157,0.522226,-0.020805,-0.505008,0.547647,-0.199841,-0.397664,0.41337,-0.020469,-0.653214,0.66764,-0.191638,-0.214845,0.23243,-0.017918,-0.952067,0.944149,-0.191332
472,-0.569984,0.577195,-0.011537,-0.433951,0.450686,-0.178026,-0.495691,0.506379,-0.009819,-0.518099,0.522009,-0.20315,-0.400967,0.410293,-0.003148,-0.674337,0.694557,-0.189544,-0.214298,0.218659,-0.001267,-0.959738,0.943268,-0.19486
473,-0.573918,0.57172,0.029264,-0.437833,0.450198,-0.184986,-0.517468,0.50148,0.009068,-0.547138,0.541239,-0.170596,-0.403003,0.407141,0.017013,-0.684222,0.698671,-0.167362,-0.228642,0.210176,0.013699,-0.963487,0.989155,-0.178239
474,-0.584855,0.568782,0.034572,-0.463441,0.456231,-0.177047,-0.517099,0.488248,0.039947,-0.551179,0.558149,-0.158347,-0.409926,0.392048,0.039745,-0.709393,0.709879,-0.162399,-0.22247,0.214689,0.038635,-0.981247,0.994143,-0.170338
475,-0.584235,0.547592,0.054572,-0.460368,0.485464,-0.16213,-0.525515,0.494665,0.050318,-0.568591,0.565897,-0.157368,-0.420054,0.403579,0.05793,-0.717212,0.727174,-0.147466,-0.226542,0.212438,0.044999,-1.016564,1.008126,-0.156177
476,-0.587994,0.547865,0.07546,-0.483816,0.474748,-0.144506,-0.523552,0.482262,0.069449,-0.567719,0.567766,-0.154716,-0.419675,0.378196,0.06448,-0.753779,0.736795,-0.155331,-0.221067,0.207291,0.06643,-1.038154,1.029106,-0.153225
477,-0.601852,0.539499,0.086536,-0.486122,0.479597,-0.135511,-0.53812,0.479996,0.085659,-0.584422,0.574471,-0.111808,-0.41901,0.380569,0.089319,-0.747771,0.758808,-0.145239,-0.22275,0.2103,0.091959,-1.060474,1.044319,-0.133793
478,-0.597206,0.533019,0.110144,-0.465347,0.500072,-0.131352,-0.527657,0.472006,0.117438,-0.582765,0.599075,-0.13142,-0.428537,0.375305,0.109454,-0.749212,0.749224,-0.111552,-0.228021,0.201281,0.108032,-1.057511,1.072537,-0.13024
479,-0.61026,0.520447,0.117526,-0.496242,0.477644,-0.098094,-0.539802,0.462439,0.125751,-0.607878,0.596631,-0.116998,-0.427759,0.36759,0.127762,-0.793356,0.760853,-0.113486,-0.239715,0.201878,0.128737,-1.088113,1.082725,-0.128752
480,-0.616325,0.518498,0.144843,-0.473255,0.488361,-0.072536,-0.545024,0.458157,0.137977,-0.608991,0.617511,-0.09453,-0.424776,0.363037,0.153364,-0.782334,0.801146,-0.093375,-0.232546,0.202661,0.14934,-1.101699,1.116178,-0.106144
481,-0.625229,0.503169,0.165644,-0.514811,0.50477,-0.07494,-0.548705,0.450022,0.163296,-0.622828,0.617489,-0.087787,-0.431832,0.360845,0.157781,-0.794895,0.767988,-0.047181,-0.236976,0.192937,0.161284,-1.110248,1.118919,-0.088022
482,-0.623716,0.500251,0.186894,-0.518911,0.501648,-0.072779,-0.554105,0.441415,0.182055,-0.631601,0.623765,-0.075847,-0.432136,0.348152,0.182826,-0.814141,0.814574,-0.079558,-0.239323,0.188536,0.184465,-1.115182,1.124196,-0.069833
483,-0.625498,0.504044,0.206409,-0.526668,0.526492,-0.070849,-0.550666,0.433677,0.202391,-0.641355,0.635269,-0.050728,-0.446803,0.344954,0.204287,-0.807122,0.821587,-0.048577,-0.250156,0.190743,0.200825,-1.13947,1.1575,-0.065544
484,-0.63083,0.485791,0.218944,-0.524751,0.537851,-0.047929,-0.560085,0.424026,0.221805,-0.645787,0.653956,-0.034101,-0.441043,0.336398,0.214977,-0.832823,0.8256,-0.051046,-0.235125,0.186218,0.224841,-1.169385,1.166905,-0.04412
485,-0.635239,0.467784,0.240143,-0.526591,0.521109,-0.031872,-0.572675,0.415666,0.241207,-0.653187,0.658078,-0.042618,-0.443874,0.332227,0.236081,-0.833707,0.847849,-0.026196,-0.234977,0.185533,0.241883,-1.168872,1.169209,-0.039776
486,-0.641911,0.467984,0.251683,-0.547878,0.52211,-0.01548,-0.568952,0.414242,0.237967,-0.673127,0.65551,-0.020727,-0.446211,0.335883,0.260608,-0.867498,0.853485,-0.031727,-0.245044,0.174324,0.248009,-1.195434,1.194782,-0.029174
487,-0.639715,0.463338,0.278924,-0.542377,0.539751,0.01004,-0.569175,0.402012,0.283053,-0.675016,0.669926,0.004014,-0.459503,0.319887,0.279931,-0.860633,0.870176,-0.013574,-0.244516,0.16825,0.273599,-1.206311,1.217183,-0.025007
488,-0.636957,0.450338,0.29731,-0.55705,0.557276,0.015367,-0.561936,0.398665,0.29257,-0.69257,0.666909,-0.010474,-0.450059,0.316431,0.287721,-0.863144,0.883389,-0.001879,-0.241601,0.166446,0.291518,-1.219078,1.212891,-0.006483
489,-0.645054,0.451056,0.302661,-0.545421,0.554388,0.015702,-0.565112,0.391753,0.317077,-0.676764,0.693075,0.011413,-0.453752,0.30784,0.317137,-0.880463,0.891788,0.021877,-0.252803,0.168655,0.312618,-1.22167,1.218746,0.00129
490,-0.648625,0.429038,0.326698,-0.550122,0.568577,0.034601,-0.573829,0.379688,0.333537,-0.713708,0.71376,0.006651,-0.460749,0.308814,0.329203,-0.911237,0.88819,0.006558,-0.24018,0.15945,0.323604,-1.239052,1.257298,0.042151
491,-0.645651,0.413483,0.3478,-0.576961,0.570677,0.044035,-0.574144,0.3651,0.351106,-0.69561,0.697404,0.026282,-0.464345,0.299018,0.352086,-0.898072,0.904326,0.040921,-0.250624,0.159494,0.340735,-1.265298,1.267242,0.040973
492,-0.64933,0.422195,0.367454,-0.568526,0.561812,0.046127,-0.576773,0.366583,0.35061,-0.712313,0.692714,0.058669,-0.466989,0.285143,0.369687,-0.883449,0.899001,0.042789,-0.259787,0.155526,0.365258,-1.279375,1.272452,0.038558
493,-0.65517,0.400122,0.379204,-0.579056,0.574134,0.056311,-0.571253,0.352333,0.381537,-0.706432,0.693369,0.051205,-0.459312,0.280972,0.380736,-0.902768,0.914295,0.049748,-0.248378,0.150601,0.377999,-1.278344,1.289438,0.04178
494,-0.66104,0.396802,0.406668,-0.588584,0.580561,0.06582,-0.578876,0.347242,0.397449,-0.721793,0.726601,0.075298,-0.466966,0.264447,0.391751,-0.936299,0.917667,0.054699,-0.249318,0.144131,0.393585,-1.287343,1.275533,0.082011
495,-0.662564,0.382023,0.407194,-0.599555,0.599245,0.076542,-0.588108,0.341861,0.417811,-0.709166,0.715335,0.098463,-0.472777,0.267943,0.425529,-0.934236,0.941819,0.093586,-0.240518,0.14425,0.411861,-1.316424,1.297887,0.085446
496,-0.667397,0.372917,0.424888,-0.61238,0.607812,0.088808,-0.580784,0.3368,0.436634,-0.731481,0.723372,0.098939,-0.46752,0.269068,0.433706,-0.942062,0.946679,0.087003,-0.250861,0.143533,0.429015,-1.304061,1.309188,0.093691
497,-0.655638,0.356146,0.452772,-0.593263,0.587451,0.098647,-0.583705,0.321399,0.447714,-0.72523,0.738355,0.111334,-0.468697,0.253582,0.449942,-0.937365,0.951811,0.119796,-0.250303,0.134717,0.44614,-1.296711,1.336993,0.10571
498,-0.656105,0.356392,0.461022,-0.599704,0.602587,0.113344,-0.584452,0.306329,0.473781,-0.756875,0.745828,0.085655,-0.462759,0.244601,0.460552,-0.970771,0.951875,0.096521,-0.249061,0.133198,0.475413,-1.314579,1.320869,0.122675
499,-0.661955,0.333792,0.485162,-0.60071,0.629729,0.124117,-0.590421,0.303596,0.479335,-0.744767,0.738056,0.11841,-0.462901,0.238675,0.488235,-0.954496,0.960496,0.121062,-0.26183,0.126529,0.484117,-1.340573,1.352077,0.132117
500,-0.654595,0.334026,0.500512,-0.609287,0.613324,0.131191,-0.589889,0.290352,0.495479,-0.749537,0.750203,0.140006,-0.474416,0.233399,0.501573,-0.977617,0.953389,0.136515,-0.246156,0.127135,0.501311,-1.333879,1.341966,0.136049
501,-0.656651,0.316935,0.511522,-0.622821,0.637336,0.14598,-0.583402,0.288911,0.513148,-0.744531,0.755832,0.166826,-0.465312,0.221011,0.512082,-0.970225,0.956153,0.13993,-0.26056,0.125677,0.505326,-1.34141,1.346958,0.147979
502,-0.656427,0.303245,0.526768,-0.612291,0.619342,0.155341,-0.586722,0.275323,0.528897,-0.745063,0.765739,0.160258,-0.462917,0.221857,0.526353,-0.969713,0.979693,0.171975,-0.254812,0.113112,0.533902,-1.374633,1.388759,0.15399
503,-0.65955,0.287933,0.551999,-0.623556,0.611203,0.149677,-0.584967,0.256733,0.553728,-0.757729,0.754798,0.181104,-0.461462,0.207496,0.558351,-0.975235,0.976032,0.164961,-0.245155,0.103773,0.548557,-1.373218,1.362052,0.175228
504,-0.659728,0.296057,0.565017,-0.618413,0.628319,0.18826,-0.587796,0.250969,0.564088,-0.754759,0.756161,0.183899,-0.461116,0.195549,0.568672,-0.989636,1.000411,0.186301,-0.244175,0.114437,0.569868,-1.362088,1.374763,0.171907
505,-0.664702,0.280425,0.593435,-0.616461,0.633656,0.198281,-0.577906,0.237307,0.573889,-0.774166,0.757578,0.188826,-0.463298,0.186199,0.573668,-0.978533,0.99138,0.201891,-0.248657,0.097773,0.576869,-1.381274,1.387127,0.191276
506,-0.64298,0.260092,0.590322,-0.632595,0.624194,0.215626,-0.585657,0.221481,0.591662,-0.759997,0.767063,0.205425,-0.470082,0.18562,0.590509,-0.987779,0.991418,0.195573,-0.244934,0.101613,0.597363,-1.372207,1.399463,0.196683
507,-0.649861,0.253623,0.603223,-0.623245,0.633598,0.208538,-0.5726,0.226451,0.602462,-0.77554,0.75948,0.212549,-0.468184,0.174238,0.609239,-0.980873,0.989334,0.221936,-0.242236,0.089975,0.6131,-1.401617,1.386777,0.237304
508,-0.656714,0.239054,0.625653,-0.63597,0.640899,0.206065,-0.582572,0.209653,0.63529,-0.771144,0.745884,0.236793,-0.465456,0.170084,0.627235,-0.995418,1.006222,0.231706,-0.251702,0.103003,0.628688,-1.403405,1.388682,0.230298
509,-0.652065,0.231434,0.642851,-0.638703,0.629654,0.232853,-0.578809,0.206918,0.636632,-0.782236,0.786007,0.218057,-0.45083,0.16783,0.640904,-1.004284,1.019073,0.24588,-0.253363,0.082163,0.641605,-1.403579,1.382355,0.232435
510,-0.649392,0.212036,0.651728,-0.645791,0.61988,0.248533,-0.5881,0.201537,0.65557,-0.776499,0.769857,0.265245,-0.459384,0.143717,0.656654,-0.999558,0.996678,0.247907,-0.248125,0.089345,0.660852,-1.385874,1.397961,0.25317
511,-0.638945,0.215509,0.651536,-0.62612,0.640724,0.276025,-0.572455,0.176196,0.66062,-0.776263,0.777497,0.247709,-0.456293,0.144776,0.662519,-1.003557,1.00711,0.255668,-0.249363,0.085244,0.668866,-1.411529,1.389319,0.274153
512,-0.641658,0.188608,0.673576,-0.641436,0.648541,0.265738,-0.56362,0.176981,0.681885,-0.771751,0.791968,0.266873,-0.45543,0.141324,0.680912,-1.004162,1.014143,0.292778,-0.252457,0.068819,0.670295,-1.411659,1.425158,0.284548
513,-0.63619,0.172329,0.704202,-0.642027,0.654319,0.299179,-0.566126,0.163683,0.705824,-0.783929,0.795685,0.295801,-0.449959,0.131229,0.704207,-0.997483,0.985917,0.269639,-0.239938,0.068418,0.702847,-1.401794,1.398004,0.282462
514,-0.645923,0.175868,0.709996,-0.65189,0.641491,0.297136,-0.564712,0.143485,0.704757,-0.776453,0.787121,0.287608,-0.439602,0.11998,0.714475,-1.028033,0.994101,0.301042,-0.242205,0.065825,0.711086,-1.409856,1.409956,0.281033
515,-0.633268,0.160918,0.718554,-0.64992,0.637152,0.291335,-0.558431,0.15188,0.717583,-0.77944,0.772968,0.310197,-0.447488,0.121192,0.715169,-1.013609,1.006884,0.301679,-0.237246,0.057007,0.723026,-1.390397,1.424853,0.313558
516,-0.624919,0.149245,0.733487,-0.646795,0.643383,0.318388,-0.570082,0.128924,0.732492,-0.799908,0.788435,0.324817,-0.445496,0.098898,0.734775,-1.023362,1.003786,0.302542,-0.244861,0.055873,0.733219,-1.425432,1.411697,0.321968
517,-0.624099,0.124011,0.744096,-0.654035,0.640774,0.325841,-0.556275,0.115505,0.750393,-0.775966,0.772127,0.325002,-0.43805,0.091599,0.74627,-1.023031,1.012837,0.331727,-0.249086,0.049627,0.749245,-1.411464,1.415162,0.324489
518,-0.625274,0.112402,0.759069,-0.659428,0.63778,0.333465,-0.558317,0.110653,0.765617,-0.767714,0.77503,0.316284,-0.441522,0.096794,0.76329,-1.002797,0.992257,0.352542,-0.232348,0.058884,0.754191,-1.415317,1.42007,0.331217
519,-0.612884,0.104658,0.763243,-0.648901,0.644284,0.347573,-0.549663,0.110456,0.77017,-0.786366,0.785716,0.355799,-0.439031,0.082757,0.774143,-1.015895,0.988923,0.354324,-0.228568,0.041543,0.769861,-1.409385,1.403077,0.330231
520,-0.616748,0.104102,0.782182,-0.626634,0.643018,0.357005,-0.546094,0.089622,0.783968,-0.792619,0.796254,0.356476,-0.433145,0.057241,0.778105,-1.015113,1.004301,0.362252,-0.226192,0.032407,0.781322,-1.403591,1.416385,0.368766
521,-0.616075,0.088678,0.796808,-0.635019,0.626684,0.380846,-0.541523,0.078282,0.791315,-0.780593,0.770403,0.364219,-0.43453,0.054677,0.79643,-1.004674,1.010109,0.384834,-0.225177,0.030882,0.799839,-1.419874,1.398433,0.35509
522,-0.604192,0.066621,0.796377,-0.647838,0.64121,0.382265,-0.538421,0.071488,0.813021,-0.771198,0.775792,0.372733,-0.428458,0.049095,0.809745,-0.998272,1.003388,0.401957,-0.228473,0.025421,0.804342,-1.416148,1.387425,0.364605
523,-0.597915,0.045666,0.819926,-0.647509,0.638116,0.388932,-0.528754,0.053032,0.821928,-0.774319,0.764531,0.369422,-0.425432,0.053164,0.820788,-1.000282,1.003299,0.381216,-0.233968,0.030434,0.813837,-1.387095,1.376446,0.367645
524,-0.597089,0.038303,0.820982,-0.620155,0.650377,0.382548,-0.527181,0.042981,0.819949,-0.773752,0.787487,0.405691,-0.4187,0.034885,0.825667,-0.984398,1.019326,0.394154,-0.229621,0.020564,0.826431,-1.395325,1.403466,0.389142
525,-0.585006,0.02921,0.84705,-0.636874,0.644218,0.388196,-0.517482,0.026189,0.832259,-0.760747,0.744406,0.404588,-0.402441,0.022822,0.840332,-0.990603,0.988545,0.412123,-0.223535,0.017635,0.835019,-1.394261,1.388946,0.395979
526,-0.578646,0.020269,0.859259,-0.630772,0.610738,0.408816,-0.509326,0.019155,0.839558,-0.768281,0.752342,0.400594,-0.403089,0.010473,0.853648,-0.997175,0.967007,0.425176,-0.22572,0.010067,0.84452,-1.394794,1.399857,0.399794
527,-0.578939,0.015072,0.861346,-0.61476,0.629494,0.405495,-0.504658,0.006792,0.852099,-0.764482,0.783189,0.440368,-0.404504,0.013358,0.856967,-0.98162,0.975407,0.415324,-0.223132,-0.000119,0.853807,-1.365689,1.382612,0.427106
528,-0.567255,-0.000716,0.869367,-0.618099,0.61942,0.449568,-0.508587,0.0042,0.867637,-0.761661,0.774445,0.420081,-0.396533,-0.000128,0.863999,-0.985183,0.984302,0.44145,-0.21386,0.002221,0.871895,-1.366298,1.385218,0.434024
529,-0.56139,-0.01286,0.88281,-0.607202,0.612317,0.451868,-0.498185,-0.006507,0.872701,-0.766783,0.773164,0.441459,-0.409692,-0.015986,0.872139,-0.976358,0.97874,0.43576,-0.217351,-0.004674,0.881017,-1.369053,1.354417,0.442952
530,-0.558953,-0.023044,0.878129,-0.613434,0.615744,0.445039,-0.478766,-0.024844,0.893813,-0.751174,0.761054,0.443144,-0.391049,-0.014074,0.887698,-0.975463,0.977121,0.439483,-0.216938,-0.011917,0.891279,-1.365074,1.35739,0.453882
531,-0.548987,-0.037896,0.891568,-0.604594,0.622884,0.464876,-0.483939,-0.039097,0.89547,-0.752425,0.756123,0.459658,-0.396458,-0.027402,0.901508,-0.983016,0.967395,0.446913,-0.206456,-0.015153,0.891592,-1.36185,1.338487,0.470317
532,-0.543918,-0.037405,0.902436,-0.601309,0.59393,0.470331,-0.475576,-0.045339,0.906557,-0.744077,0.748975,0.450616,-0.387514,-0.03673,0.901579,-0.962601,0.977119,0.448654,-0.206994,-0.021732,0.909281,-1.3474,1.343955,0.455101
533,-0.532467,-0.057725,0.910648,-0.608609,0.610294,0.476974,-0.478102,-0.058458,0.897319,-0.743654,0.750773,0.468692,-0.372402,-0.036727,0.916542,-0.945874,0.952792,0.457093,-0.207876,-0.028525,0.906665,-1.333068,1.330533,0.486153
534,-0.530932,-0.075736,0.921044,-0.606524,0.605146,0.479065,-0.461095,-0.076246,0.92258,-0.720955,0.746229,0.473731,-0.374238,-0.05672,0.917355,-0.945662,0.948283,0.484162,-0.20278,-0.030294,0.923026,-1.318745,1.334041,0.481977
535,-0.527303,-0.091278,0.933466,-0.613314,0.61453,0.488386,-0.462815,-0.084343,0.926625,-0.748724,0.73614,0.487874,-0.361851,-0.062015,0.924666,-0.94279,0.919269,0.505281,-0.192777,-0.040442,0.925057,-1.316973,1.330794,0.474277
536,-0.509475,-0.09422,0.93795,-0.568528,0.586972,0.474443,-0.458988,-0.094297,0.925476,-0.726949,0.726215,0.510329,-0.360901,-0.070911,0.937421,-0.930848,0.934337,0.471751,-0.193174,-0.045365,0.938672,-1.333694,1.311706,0.487039
537,-0.508885,-0.116341,0.941958,-0.590054,0.58013,0.480415,-0.450198,-0.100863,0.931468,-0.723077,0.704235,0.50001,-0.349851,-0.073298,0.941065,-0.923905,0.941225,0.502479,-0.19831,-0.046657,0.936295,-1.303122,1.312607,0.505635
538,-0.499904,-0.126525,0.943038,-0.574105,0.584514,0.520946,-0.448202,-0.106979,0.954359,-0.728988,0.737698,0.517742,-0.348353,-0.08136,0.946109,-0.918281,0.924586,0.497935,-0.189986,-0.050619,0.949106,-1.281815,1.285997,0.509487
539,-0.492428,-0.136727,0.94714,-0.55954,0.58446,0.492504,-0.434377,-0.116573,0.953629,-0.717269,0.709191,0.49998,-0.348712,-0.102612,0.946211,-0.907227,0.927134,0.521118,-0.191912,-0.043414,0.952744,-1.28743,1.275587,0.503319
540,-0.488922,-0.154172,0.95319,-0.574381,0.572066,0.54084,-0.429463,-0.125191,0.954376,-0.709282,0.697327,0.514018,-0.340365,-0.109641,0.959953,-0.906348,0.899431,0.53013,-0.183997,-0.054066,0.955037,-1.249685,1.267703,0.515365
541,-0.47645,-0.168978,0.962177,-0.561156,0.563878,0.53318,-0.427071,-0.140832,0.963819,-0.712207,0.699618,0.534203,-0.327181,-0.113546,0.966519,-0.897519,0.912331,0.546693,-0.182432,-0.070119,0.97054,-1.260892,1.27426,0.515808
542,-0.465652,-0.173935,0.967963,-0.559641,0.57173,0.547878,-0.408773,-0.14587,0.960345,-0.701017,0.672559,0.541042,-0.326039,-0.129712,0.968299,-0.894541,0.88929,0.537212,-0.180932,-0.061176,0.970294,-1.242423,1.24828,0.533715
543,-0.456902,-0.191404,0.972091,-0.558396,0.547351,0.552827,-0.393522,-0.172473,0.970653,-0.69194,0.696639,0.539677,-0.317485,-0.132896,0.975038,-0.870441,0.888335,0.532203,-0.18152,-0.082333,0.979299,-1.229165,1.234044,0.546195
544,-0.43866,-0.193332,0.977791,-0.55683,0.547252,0.522198,-0.385521,-0.17633,0.978881,-0.693974,0.671178,0.548823,-0.321282,-0.145081,0.987211,-0.872267,0.887112,0.546921,-0.171984,-0.080885,0.97947,-1.216563,1.208313,0.551565
545,-0.430136,-0.216446,0.979055,-0.543921,0.560098,0.562926,-0.387632,-0.183258,0.975036,-0.661172,0.660234,0.548739,-0.307228,-0.149606,0.980864,-0.860665,0.859183,0.552049,-0.167944,-0.087958,0.981798,-1.211216,1.1914,0.554332
546,-0.424884,-0.226054,0.98547,-0.54108,0.540543,0.560659,-0.374231,-0.194637,0.982344,-0.678167,0.658136,0.558861,-0.298099,-0.157112,0.981896,-0.855581,0.832309,0.543408,-0.165401,-0.084484,0.98144,-1.196939,1.187004,0.535154
547,-0.425944,-0.233547,0.983954,-0.531576,0.541208,0.557099,-0.383354,-0.208265,0.992521,-0.645019,0.654401,0.570089,-0.295262,-0.170102,0.98851,-0.834435,0.834419,0.573936,-0.164357,-0.092609,0.98953,-1.188929,1.167264,0.560268
548,-0.396116,-0.242657,0.987747,-0.529872,0.519547,0.564029,-0.356382,-0.209679,0.978156,-0.631786,0.647707,0.550096,-0.290102,-0.161804,0.986468,-0.825212,0.819841,0.561774,-0.153254,-0.097672,1.00127,-1.158548,1.167001,0.548477
549,-0.400534,-0.252265,0.990823,-0.52429,0.502053,0.560793,-0.354355,-0.233182,0.99364,-0.630987,0.644531,0.56257,-0.28689,-0.181843,0.99322,-0.817186,0.822447,0.567241,-0.149364,-0.09579,0.986627,-1.150687,1.149543,0.587079
550,-0.38456,-0.268489,0.993062,-0.507311,0.528377,0.565689,-0.341848,-0.238242,0.991898,-0.606017,0.648497,0.583519,-0.284874,-0.187471,1.000586,-0.803069,0.825619,0.58855,-0.144745,-0.10552,0.994089,-1.132014,1.124429,0.570998
551,-0.383935,-0.286431,0.988486,-0.498708,0.525284,0.576656,-0.330093,-0.253078,0.997943,-0.60201,0.62958,0.579202,-0.269568,-0.198467,1.000452,-0.803286,0.781021,0.561963,-0.146535,-0.109616,1.00465,-1.112265,1.122081,0.589096
552,-0.365324,-0.294749,0.995144,-0.504266,0.489652,0.584783,-0.330627,-0.273902,0.992824,-0.606798,0.601537,0.581159,-0.257664,-0.198851,0.988031,-0.805422,0.786927,0.575842,-0.136823,-0.113247,0.995434,-1.082296,1.098901,0.594335
553,-0.347952,-0.30291,0.995556,-0.493238,0.504945,0.593548,-0.32194,-0.268544,1.002124,-0.599516,0.604617,0.579944,-0.245149,-0.211253,0.994857,-0.776342,0.76366,0.607333,-0.138993,-0.113044,1.000722,-1.077213,1.08528,0.596828
554,-0.349051,-0.308022,1.00222,-0.465143,0.481842,0.609075,-0.30176,-0.282241,0.995254,-0.590453,0.585044,0.600772,-0.247108,-0.225499,1.002284,-0.761086,0.74693,0.586672,-0.124027,-0.124703,1.005782,-1.060013,1.063548,0.604013
555,-0.341724,-0.320603,1.00227,-0.467893,0.477162,0.591761,-0.294282,-0.2875,1.003414,-0.57911,0.571674,0.584467,-0.249559,-0.228158,0.999925,-0.738545,0.743735,0.585011,-0.126914,-0.125212,0.998497,-1.045209,1.040333,0.586341
556,-0.315809,-0.339724,0.993368,-0.456098,0.465464,0.599593,-0.295959,-0.295865,0.997477,-0.548677,0.577416,0.602513,-0.228985,-0.233756,0.991065,-0.730878,0.728758,0.590168,-0.122095,-0.136617,1.000378,-1.021203,1.030758,0.592133
557,-0.317315,-0.33344,0.99636,-0.46527,0.446577,0.603948,-0.263157,-0.304039,1.001967,-0.542347,0.559662,0.600249,-0.234431,-0.242596,1.002956,-0.724088,0.71592,0.61717,-0.111813,-0.134688,1.0013,-1.012071,1.003483,0.604551
558,-0.297861,-0.349943,0.997992,-0.464832,0.454359,0.610511,-0.267502,-0.311628,0.996548,-0.563008,0.547128,0.606002,-0.211859,-0.252745,1.005817,-0.699763,0.714223,0.606211,-0.112986,-0.132113,1.00058,-0.986391,0.988865,0.611576
559,-0.288785,-0.360285,0.999144,-0.443537,0.438725,0.603844,-0.262045,-0.312645,1.000132,-0.542632,0.534681,0.611832,-0.21011,-0.259486,1.001894,-0.690838,0.697324,0.608241,-0.11696,-0.14407,1.002615,-0.950126,0.954022,0.614581
560,-0.273068,-0.378284,0.990043,-0.428869,0.43981,0.60553,-0.251792,-0.32918,0.987963,-0.518549,0.528587,0.61905,-0.188776,-0.270186,0.998108,-0.684818,0.700219,0.601904,-0.11212,-0.145552,1.001714,-0.952249,0.946563,0.619108
561,-0.262049,-0.381365,0.993653,-0.407443,0.431828,0.615654,-0.237971,-0.337983,1.001771,-0.525963,0.515368,0.597894,-0.200565,-0.276932,0.998199,-0.664401,0.66616,0.612675,-0.107515,-0.144341,0.99526,-0.914539,0.917682,0.618056
562,-0.247076,-0.390516,1.004428,-0.422927,0.403088,0.606556,-0.220344,-0.351026,0.994279,-0.499665,0.508436,0.642137,-0.174786,-0.278671,1.000077,-0.651111,0.632269,0.629645,-0.103721,-0.149282,0.994655,-0.910569,0.896049,0.610882
563,-0.238818,-0.407132,0.989904,-0.408889,0.41014,0.613618,-0.214131,-0.355548,0.989717,-0.487226,0.478502,0.609138,-0.177118,-0.28589,0.99396,-0.634052,0.635783,0.625279,-0.100125,-0.153046,0.99141,-0.894259,0.896472,0.618058
564,-0.24142,-0.422289,0.984078,-0.398978,0.399929,0.633599,-0.21084,-0.368117,0.980951,-0.487556,0.479028,0.610578,-0.164998,-0.296325,0.983369,-0.613007,0.61789,0.601614,-0.092923,-0.159957,0.980948,-0.893933,0.855426,0.616996
565,-0.224242,-0.430075,0.981833,-0.382894,0.396872,0.632685,-0.198864,-0.37709,0.979339,-0.479217,0.476518,0.62072,-0.156063,-0.303586,0.987025,-0.610232,0.616804,0.622814,-0.093961,-0.159383,0.980098,-0.855802,0.849402,0.610438
566,-0.216565,-0.438261,0.972245,-0.374327,0.359803,0.628957,-0.187679,-0.383368,0.974758,-0.445686,0.455072,0.642783,-0.147378,-0.302959,0.978089,-0.607081,0.604097,0.611422,-0.073509,-0.168378,0.979067,-0.821108,0.819247,0.628497
567,-0.20852,-0.445925,0.970108,-0.377241,0.342825,0.63417,-0.171799,-0.40088,0.972313,-0.461761,0.445263,0.616875,-0.136517,-0.307861,0.974562,-0.566462,0.576406,0.628271,-0.074668,-0.168228,0.970882,-0.805333,0.778161,0.646862
568,-0.178559,-0.453614,0.975225,-0.365653,0.355659,0.618457,-0.163705,-0.399887,0.974869,-0.439207,0.419732,0.632152,-0.130196,-0.318313,0.977469,-0.564605,0.57113,0.618344,-0.065587,-0.170565,0.973754,-0.786259,0.796745,0.621169
569,-0.179702,-0.460565,0.970539,-0.334745,0.35369,0.622829,-0.151886,-0.40863,0.966165,-0.428138,0.418507,0.628855,-0.128271,-0.326508,0.964409,-0.553303,0.544694,0.646675,-0.069388,-0.185258,0.972014,-0.734244,0.769242,0.644721
570,-0.163499,-0.474551,0.955406,-0.340099,0.347863,0.626377,-0.143444,-0.415094,0.965563,-0.404138,0.424807,0.620464,-0.112403,-0.338309,0.959038,-0.533229,0.51452,0.63022,-0.056786,-0.186582,0.964936,-0.731507,0.740156,0.63207
571,-0.160616,-0.484629,0.958945,-0.318585,0.317278,0.637408,-0.133615,-0.41411,0.959486,-0.394912,0.400238,0.634954,-0.102843,-0.34481,0.955617,-0.521256,0.505252,0.630997,-0.064633,-0.184562,0.953936,-0.711264,0.719579,0.621386
572,-0.136207,-0.488112,0.952218,-0.324213,0.330341,0.612999,-0.118938,-0.431938,0.953764,-0.369177,0.375412,0.615303,-0.101417,-0.354169,0.954172,-0.504865,0.493258,0.626626,-0.048652,-0.176738,0.956034,-0.70477,0.694606,0.639348
573,-0.128759,-0.504806,0.943929,-0.30632,0.303196,0.649711,-0.112706,-0.439263,0.95053,-0.381151,0.361904,0.633615,-0.088416,-0.35575,0.937524,-0.483559,0.484172,0.63077,-0.052212,-0.185309,0.940102,-0.664071,0.673353,0.626705
574,-0.124662,-0.515714,0.940535,-0.293781,0.291815,0.632859,-0.111516,-0.453343,0.94187,-0.350727,0.334514,0.63007,-0.08519,-0.358539,0.934719,-0.457669,0.464309,0.641088,-0.042511,-0.193361,0.940126,-0.654979,0.659556,0.618982
575,-0.097208,-0.512441,0.937381,-0.291515,0.284894,0.642717,-0.089045,-0.449913,0.932056,-0.344597,0.337122,0.633273,-0.064176,-0.362296,0.935476,-0.436491,0.448901,0.644889,-0.042846,-0.197183,0.929114,-0.634218,0.619235,0.617819
576,-0.092878,-0.52507,0.925715,-0.274669,0.287193,0.625802,-0.073537,-0.457264,0.924092,-0.320353,0.346321,0.631677,-0.064997,-0.370158,0.92688,-0.429747,0.418524,0.648376,-0.043067,-0.201318,0.929451,-0.611368,0.602584,0.634527
577,-0.071244,-0.528072,0.910359,-0.264714,0.26514,0.614698,-0.069806,-0.469109,0.917667,-0.325208,0.33351,0.627114,-0.052572,-0.36989,0.922767,-0.427331,0.388323,0.608443,-0.028751,-0.202977,0.91939,-0.573448,0.565276,0.626017
578,-0.062832,-0.535758,0.89975,-0.235083,0.246226,0.623842,-0.056603,-0.473967,0.910141,-0.305388,0.316439,0.605042,-0.050221,-0.377309,0.904323,-0.401512,0.397062,0.616356,-0.019844,-0.199843,0.916473,-0.574716,0.534467,0.615001
579,-0.048537,-0.539489,0.904385,-0.23883,0.2442,0.627746,-0.045725,-0.483898,0.907895,-0.285252,0.284013,0.606575,-0.030975,-0.384912,0.903172,-0.378617,0.380727,0.614945,-0.01386,-0.204753,0.901459,-0.51626,0.540097,0.626651
580,-0.037199,-0.560241,0.895786,-0.237384,0.221023,0.636338,-0.038897,-0.485804,0.895264,-0.280448,0.272327,0.625956,-0.027233,-0.384472,0.902937,-0.353533,0.35099,0.605483,-0.018188,-0.202792,0.901932,-0.5199,0.499634,0.627353
581,-0.024761,-0.551546,0.887062,-0.224949,0.208273,0.603417,-0.027426,-0.492065,0.892879,-0.246903,0.248162,0.618037,-0.01296,-0.394431,0.888455,-0.335317,0.357516,0.603116,-0.015892,-0.217974,0.887461,-0.474833,0.467027,0.594581
582,-0.015002,-0.566603,0.880753,-0.200498,0.190241,0.631129,-0.016835,-0.498294,0.873166,-0.25429,0.264313,0.627294,-0.006648,-0.391316,0.881688,-0.328856,0.321109,0.628757,0.000122,-0.21577,0.876644,-0.440678,0.462141,0.614659
583,-0.012496,-0.57376,0.869909,-0.191652,0.185571,0.595218,-0.001252,-0.50443,0.867105,-0.217136,0.248392,0.622963,-0.000377,-0.397383,0.868198,-0.302824,0.302254,0.637709,0.005282,-0.212373,0.875118,-0.432801,0.425725,0.618661
584,0.005431,-0.588095,0.857523,-0.182701,0.192319,0.604893,0.003783,-0.507992,0.850293,-0.227628,0.222293,0.609361,0.007054,-0.406312,0.858385,-0.284522,0.298536,0.601131,0.016294,-0.223225,0.859204,-0.416444,0.387561,0.621153
585,0.024279,-0.588877,0.848778,-0.172172,0.161551,0.618542,0.014029,-0.51892,0.85547,-0.204979,0.207428,0.611864,0.009804,-0.409101,0.855232,-0.265004,0.269476,0.614351,0.010389,-0.215366,0.865135,-0.387693,0.386134,0.6021
586,0.030633,-0.581856,0.844892,-0.153478,0.167505,0.626396,0.022966,-0.52765,0.834405,-0.182058,0.183767,0.628402,0.024177,-0.409537,0.844819,-0.24323,0.251119,0.601838,0.00868,-0.225208,0.840036,-0.354738,0.340974,0.601315
587,0.035807,-0.581959,0.829082,-0.161816,0.144631,0.58299,0.033943,-0.523631,0.831866,-0.195077,0.183267,0.609701,0.037419,-0.414897,0.833464,-0.236245,0.216651,0.611423,0.016902,-0.225581,0.834828,-0.316168,0.319373,0.61623
588,0.051768,-0.595534,0.809688,-0.144965,0.151366,0.588096,0.053858,-0.525197,0.816092,-0.155332,0.165412,0.59776,0.036626,-0.424319,0.817277,-0.208644,0.206448,0.597366,0.036997,-0.227745,0.817164,-0.299862,0.300508,0.598281
589,0.071996,-0.603968,0.804875,-0.119683,0.110467,0.60269,0.067345,-0.532094,0.800708,-0.149572,0.130312,0.599535,0.0528,-0.417036,0.801872,-0.196391,0.193534,0.597742,0.026757,-0.234367,0.805223,-0.287815,0.279436,0.588401
590,0.087668,-0.608745,0.801698,-0.123608,0.114436,0.579575,0.076004,-0.532674,0.806243,-0.147823,0.135353,0.585358,0.058286,-0.425036,0.796242,-0.165963,0.171355,0.58834,0.032146,-0.226309,0.793008,-0.239279,0.2566,0.5908
591,0.091026,-0.612867,0.787843,-0.101809,0.080729,0.589186,0.08691,-0.535385,0.789239,-0.112955,0.139886,0.575556,0.069443,-0.432732,0.788978,-0.143945,0.155674,0.591937,0.032961,-0.231277,0.788608,-0.22187,0.223557,0.587894
592,0.111846,-0.62211,0.772806,-0.080766,0.064295,0.574564,0.103218,-0.546656,0.781226,-0.109704,0.114994,0.595738,0.076268,-0.431269,0.777374,-0.135579,0.146637,0.59105,0.039036,-0.233597,0.774532,-0.177708,0.191672,0.582738
593,0.121777,-0.628334,0.76722,-0.075047,0.088034,0.563484,0.109344,-0.557917,0.759257,-0.094791,0.091809,0.575225,0.080889,-0.445026,0.773332,-0.111804,0.104491,0.579793,0.053306,-0.238118,0.76395,-0.170614,0.151203,0.578482
594,0.126429,-0.625282,0.749,-0.043239,0.06758,0.567435,0.11969,-0.560317,0.743013,-0.065753,0.07482,0.58495,0.089524,-0.441707,0.750997,-0.097988,0.095632,0.554981,0.056287,-0.244678,0.752983,-0.142736,0.133039,0.553433
595,0.145833,-0.630097,0.738809,-0.034567,0.061411,0.569277,0.123358,-0.553005,0.739844,-0.077688,0.077607,0.559128,0.105746,-0.450263,0.733072,-0.094285,0.081901,0.5733,0.060849,-0.241134,0.747546,-0.122996,0.116875,0.563122
596,0.158545,-0.634129,0.729516,-0.04778,0.022218,0.567471,0.14466,-0.558398,0.732452,-0.048904,0.056604,0.558966,0.115702,-0.442683,0.721844,-0.072445,0.05479,0.553186,0.063099,-0.243722,0.712167,-0.069121,0.088254,0.580906
597,0.167145,-0.646207,0.705335,-0.021951,0.018678,0.554357,0.144955,-0.565005,0.712171,-0.03376,0.044249,0.555712,0.115302,-0.445548,0.712709,-0.038773,0.04781,0.542093,0.065559,-0.241118,0.706603,-0.059277,0.059693,0.555195
598,0.176547,-0.644049,0.691129,-0.008958,0.013351,0.550504,0.157585,-0.565873,0.689353,-0.042035,0.018234,0.563292,0.12661,-0.44714,0.69484,-0.018115,0.018209,0.537702,0.069368,-0.234892,0.690635,-0.007025,0.030786,0.53654
599,0.182881,-0.651222,0.680783,-0.022491,-0.000158,0.53729,0.166043,-0.568466,0.684826,-0.011369,0.007236,0.55933,0.134449,-0.446772,0.685243,-0.014574,0.017839,0.526987,0.066853,-0.247891,0.691731,-0.027802,-0.02158,0.556957
600,0.211129,-0.638709,0.662983,0.008047,-0.010519,0.544072,0.180045,-0.574408,0.673134,0.020775,-0.010758,0.532026,0.14747,-0.459738,0.664982,0.006532,-0.015144,0.541767,0.077402,-0.24302,0.666363,0.012391,-0.027383,0.543085
601,0.213092,-0.643822,0.665136,0.004364,-0.022213,0.529578,0.187403,-0.565555,0.649941,0.027758,-0.036691,0.546779,0.148938,-0.456416,0.66003,0.036732,-0.033864,0.532269,0.079115,-0.24429,0.660927,0.046952,-0.05022,0.532043
602,0.229393,-0.651356,0.639289,0.044251,-0.033463,0.524491,0.197101,-0.577794,0.651265,0.050318,-0.053463,0.534622,0.160084,-0.446024,0.641945,0.05238,-0.070146,0.530611,0.086551,-0.256022,0.640378,0.07428,-0.080006,0.541685
603,0.235924,-0.643739,0.63148,0.035493,-0.047249,0.518957,0.218927,-0.571512,0.623658,0.050742,-0.065263,0.513433,0.163101,-0.473675,0.626886,0.084166,-0.076775,0.535631,0.091965,-0.244896,0.633088,0.081986,-0.105202,0.513448
604,0.250707,-0.652566,0.602617,0.035081,-0.077714,0.510869,0.22088,-0.575756,0.610113,0.076414,-0.068622,0.498922,0.181066,-0.461959,0.612154,0.097632,-0.078431,0.518395,0.100505,-0.252758,0.620512,0.140984,-0.130342,0.516108
605,0.25564,-0.660402,0.58529,0.054463,-0.077982,0.50476,0.230919,-0.579109,0.603229,0.078055,-0.066468,0.523838,0.195637,-0.467648,0.599137,0.117671,-0.122148,0.507177,0.111006,-0.252647,0.597963,0.160426,-0.153457,0.490445
606,0.26831,-0.650781,0.579431,0.078254,-0.07224,0.474531,0.247208,-0.588744,0.574622,0.099394,-0.09727,0.481375,0.196119,-0.471086,0.578933,0.118046,-0.147717,0.509608,0.105749,-0.252755,0.587493,0.198495,-0.185301,0.507276
607,0.284291,-0.654937,0.563676,0.10364,-0.100212,0.503559,0.253816,-0.570081,0.564809,0.110169,-0.104838,0.483949,0.203214,-0.461416,0.568751,0.140844,-0.13522,0.49017,0.103204,-0.250141,0.556181,0.208253,-0.211308,0.496462
608,0.290186,-0.65163,0.554196,0.101614,-0.093283,0.505011,0.254199,-0.583899,0.545311,0.126606,-0.131077,0.504414,0.210195,-0.459535,0.544217,0.146452,-0.17348,0.456204,0.117592,-0.256697,0.550221,0.230696,-0.23604,0.4856
609,0.307053,-0.654021,0.52848,0.116927,-0.116204,0.482397,0.276347,-0.588855,0.537886,0.152811,-0.160136,0.476435,0.217374,-0.461188,0.526799,0.174813,-0.193905,0.487245,0.113461,-0.254059,0.541358,0.248834,-0.267403,0.498168
610,0.318085,-0.666613,0.519637,0.121271,-0.134463,0.45731,0.282281,-0.585806,0.528168,0.16501,-0.168884,0.453225,0.22226,-0.460394,0.525675,0.20598,-0.20254,0.476283,0.123728,-0.251295,0.527837,0.290476,-0.288549,0.466948
611,0.329508,-0.667376,0.505632,0.120211,-0.135455,0.44719,0.292359,-0.588597,0.500571,0.162306,-0.175782,0.465141,0.232599,-0.467654,0.503412,0.21543,-0.215682,0.456334,0.12192,-0.258153,0.497806,0.307284,-0.298666,0.454962
612,0.336843,-0.662191,0.48148,0.157039,-0.145973,0.445906,0.298102,-0.573987,0.4822,0.185833,-0.185374,0.432852,0.233925,-0.467746,0.477402,0.236585,-0.238848,0.43853,0.133934,-0.254765,0.489288,0.351451,-0.332885,0.467648
613,0.356366,-0.67199,0.477482,0.14981,-0.17985,0.460359,0.308957,-0.587868,0.468976,0.20164,-0.194339,0.443841,0.244385,-0.462402,0.462597,0.255431,-0.267114,0.446897,0.125306,-0.252266,0.471969,0.365724,-0.363254,0.442778
614,0.361304,-0.660115,0.445604,0.193078,-0.190136,0.436423,0.315568,-0.585434,0.451088,0.218594,-0.230875,0.440068,0.260356,-0.46146,0.455711,0.276291,-0.278879,0.43239,0.142679,-0.254794,0.449695,0.390986,-0.3815,0.429127
615,0.371267,-0.653007,0.431958,0.201816,-0.175729,0.421739,0.329128,-0.58149,0.438595,0.240518,-0.243381,0.429316,0.265926,-0.469428,0.427221,0.295668,-0.301299,0.432018,0.140786,-0.252687,0.443924,0.410746,-0.406933,0.39852
616,0.379945,-0.655992,0.419557,0.210459,-0.205212,0.406824,0.340769,-0.585833,0.408744,0.253858,-0.227144,0.414548,0.271804,-0.457145,0.420088,0.325742,-0.303812,0.421909,0.13954,-0.256307,0.414702,0.449927,-0.450894,0.4183
617,0.39682,-0.666032,0.404208,0.207907,-0.199753,0.41392,0.342443,-0.586633,0.40255,0.24291,-0.260124,0.412435,0.286949,-0.452751,0.395273,0.32948,-0.336542,0.408159,0.151322,-0.256981,0.406051,0.467322,-0.473272,0.432181
618,0.412064,-0.653661,0.390037,0.225699,-0.216074,0.416277,0.358611,-0.580072,0.387272,0.280039,-0.27721,0.392304,0.290223,-0.467713,0.389107,0.341223,-0.365907,0.387081,0.161908,-0.25317,0.379538,0.50717,-0.482203,0.396144
619,0.403952,-0.661091,0.365125,0.261164,-0.247058,0.379671,0.361116,-0.576714,0.353846,0.289965,-0.284412,0.408517,0.288864,-0.455986,0.367828,0.356339,-0.365969,0.379882,0.157628,-0.244482,0.371099,0.515239,-0.519941,0.384978
620,0.419528,-0.652554,0.344321,0.258631,-0.229903,0.391807,0.371409,-0.567614,0.343892,0.287601,-0.266753,0.39681,0.295244,-0.46086,0.338179,0.362565,-0.369802,0.37616,0.158395,-0.254614,0.363599,0.526364,-0.536853,0.394439
621,0.433046,-0.644567,0.330716,0.248978,-0.252594,0.367331,0.378925,-0.57066,0.329871,0.312295,-0.325863,0.378006,0.299361,-0.455958,0.330439,0.395542,-0.398197,0.384909,0.162683,-0.248652,0.336795,0.559896,-0.553129,0.376228
622,0.436653,-0.640943,0.316267,0.266537,-0.257192,0.383692,0.393468,-0.572746,0.318217,0.34601,-0.332569,0.360975,0.311545,-0.449761,0.322899,0.422071,-0.421915,0.374994,0.166594,-0.246523,0.31129,0.584106,-0.5971,0.356434
623,0.440685,-0.650544,0.292732,0.261504,-0.274762,0.354918,0.394842,-0.562416,0.29548,0.345167,-0.327862,0.358908,0.320993,-0.460869,0.300376,0.432409,-0.446484,0.356455,0.172525,-0.248211,0.290157,0.620149,-0.619023,0.362385
624,0.474195,-0.641956,0.273925,0.278107,-0.291263,0.348431,0.40874,-0.565692,0.275596,0.358966,-0.363512,0.353671,0.330489,-0.449599,0.260231,0.449713,-0.457171,0.349857,0.179506,-0.238937,0.283728,0.634153,-0.630132,0.349035
625,0.471744,-0.637571,0.256518,0.29424,-0.292549,0.324427,0.407739,-0.568419,0.25369,0.368973,-0.36991,0.350371,0.332338,-0.454732,0.255305,0.460171,-0.466941,0.329567,0.189981,-0.236681,0.249554,0.639342,-0.682705,0.341601
626,0.480579,-0.638696,0.242473,0.312834,-0.316103,0.32461,0.423561,-0.571534,0.245626,0.374657,-0.388612,0.3291,0.339051,-0.448225,0.245197,0.492499,-0.490488,0.329251,0.179941,-0.242759,0.246595,0.683863,-0.673834,0.315446
627,0.4695,-0.627412,0.221837,0.33244,-0.316618,0.318668,0.426374,-0.550938,0.222307,0.41084,-0.398397,0.323797,0.345952,-0.443334,0.224072,0.501005,-0.492243,0.316597,0.190008,-0.236987,0.217752,0.697901,-0.707322,0.313236
628,0.485609,-0.621545,0.206544,0.315301,-0.322625,0.281778,0.428,-0.565312,0.206867,0.409849,-0.416479,0.295028,0.352605,-0.449544,0.200769,0.512416,-0.515809,0.303447,0.194268,-0.245335,0.205048,0.717151,-0.725036,0.3034
629,0.490654,-0.612658,0.189012,0.34088,-0.339716,0.286551,0.446719,-0.556109,0.182058,0.422269,-0.415612,0.27774,0.352059,-0.442716,0.184237,0.544557,-0.534171,0.294795,0.191358,-0.231109,0.191571,0.760887,-0.751928,0.301057
630,0.517888,-0.611661,0.165141,0.347873,-0.343469,0.280271,0.450937,-0.540147,0.16541,0.439715,-0.420835,0.277803,0.36079,-0.434981,0.172471,0.556241,-0.573105,0.270817,0.191189,-0.23449,0.160353,0.780252,-0.78493,0.292986
631,0.503254,-0.613193,0.149491,0.340654,-0.35824,0.280297,0.462305,-0.546691,0.151083,0.447802,-0.448308,0.275232,0.35782,-0.426131,0.15126,0.572384,-0.571032,0.278293,0.205172,-0.232193,0.157927,0.799432,-0.811778,0.27057
632,0.527915,-0.62269,0.139106,0.387036,-0.363431,0.256976,0.470299,-0.549108,0.133489,0.464988,-0.445548,0.247852,0.368387,-0.434442,0.118972,0.572785,-0.579585,0.269032,0.19099,-0.232115,0.128576,0.805998,-0.806716,0.250541
633,0.529052,-0.599496,0.117222,0.374516,-0.396295,0.267129,0.467523,-0.524624,0.112791,0.471139,-0.463906,0.250507,0.374381,-0.427745,0.11993,0.603913,-0.59738,0.229526,0.200603,-0.236857,0.102854,0.839685,-0.828089,0.255201
634,0.538601,-0.602219,0.084145,0.390563,-0.40188,0.253021,0.484547,-0.525095,0.093525,0.503998,-0.463501,0.229509,0.374415,-0.416053,0.097725,0.622998,-0.609245,0.25747,0.209725,-0.224391,0.084825,0.848773,-0.847031,0.243238
635,0.554328,-0.599579,0.074781,0.397749,-0.407024,0.221524,0.480759,-0.536429,0.064993,0.477866,-0.506263,0.239332,0.386658,-0.421936,0.072695,0.629129,-0.633055,0.247062,0.200965,-0.224464,0.067437,0.887872,-0.887619,0.237789
636,0.551787,-0.589942,0.053508,0.400068,-0.411969,0.24199,0.487009,-0.528462,0.061913,0.487996,-0.498861,0.232317,0.390423,-0.419747,0.053379,0.637176,-0.623031,0.22669,0.210601,-0.216699,0.058697,0.90725,-0.921809,0.230525
637,0.557836,-0.583261,0.038685,0.422725,-0.412835,0.200242,0.490065,-0.526611,0.038191,0.501217,-0.516941,0.214352,0.384798,-0.406461,0.021677,0.657248,-0.665941,0.218886,0.226278,-0.221637,0.041099,0.911512,-0.926611,0.203234
638,0.585331,-0.581962,0.012408,0.43218,-0.428137,0.213989,0.505254,-0.510536,0.016937,0.513311,-0.52367,0.18242,0.394844,-0.408383,0.021037,0.667363,-0.660008,0.206154,0.220202,-0.218524,0.026797,0.9381,-0.928625,0.18622
639,0.574183,-0.563217,-0.001188,0.440761,-0.431005,0.188051,0.50481,-0.513181,-0.00629,0.543555,-0.519956,0.179219,0.407418,-0.400496,-0.002418,0.69319,-0.679237,0.179018,0.220613,-0.22376,-0.004541,0.960702,-0.963031,0.179569
640,0.580288,-0.563224,-0.024219,0.435616,-0.456539,0.168464,0.510046,-0.501129,-0.020639,0.554482,-0.563564,0.16724,0.408944,-0.407279,-0.012888,0.695528,-0.698248,0.170812,0.223033,-0.220506,-0.010385,0.981309,-0.988868,0.167655
641,0.583262,-0.559567,-0.038555,0.449031,-0.452634,0.163595,0.517469,-0.494587,-0.045817,0.547147,-0.553951,0.151311,0.404942,-0.391209,-0.041196,0.721688,-0.718423,0.148608,0.217202,-0.203074,-0.043212,1.003886,-0.996165,0.147605
642,0.588061,-0.553429,-0.057754,0.4627,-0.459755,0.155897,0.524201,-0.488501,-0.060944,0.565312,-0.545537,0.15105,0.416707,-0.386172,-0.056151,0.721032,-0.72646,0.14251,0.224389,-0.212198,-0.065638,1.016132,-1.005232,0.150459
643,0.5909,-0.544913,-0.069552,0.459393,-0.473262,0.150771,0.520681,-0.485294,-0.072249,0.585951,-0.581635,0.144935,0.417748,-0.394632,-0.088488,0.731284,-0.74299,0.140348,0.236653,-0.193489,-0.074758,1.038389,-1.024408,0.13764
644,0.594809,-0.532561,-0.089808,0.480182,-0.480638,0.142535,0.534659,-0.481068,-0.098996,0.585599,-0.587893,0.127276,0.432449,-0.374349,-0.099003,0.764898,-0.744598,0.125795,0.230265,-0.21672,-0.110698,1.057864,-1.043195,0.124551
645,0.603513,-0.533643,-0.110371,0.485766,-0.481969,0.116991,0.538039,-0.466937,-0.121825,0.614934,-0.597491,0.130496,0.424647,-0.379334,-0.111454,0.777035,-0.764725,0.126671,0.228607,-0.204419,-0.112634,1.068531,-1.07412,0.116988
646,0.611915,-0.523593,-0.133352,0.488688,-0.510344,0.117665,0.544274,-0.460203,-0.12558,0.604667,-0.605894,0.104891,0.432101,-0.364758,-0.132047,0.779472,-0.789895,0.093405,0.228846,-0.196454,-0.128607,1.086539,-1.084063,0.115524
647,0.61724,-0.520651,-0.152729,0.495783,-0.493936,0.088221,0.54382,-0.454819,-0.1548,0.593948,-0.632758,0.091335,0.433059,-0.373245,-0.15466,0.773833,-0.779281,0.081233,0.232051,-0.196065,-0.155198,1.116075,-1.091539,0.083667
648,0.611116,-0.505,-0.171133,0.518271,-0.532175,0.058146,0.547115,-0.447092,-0.164351,0.626854,-0.619599,0.073345,0.44421,-0.353734,-0.165411,0.808515,-0.810873,0.083398,0.234432,-0.194398,-0.165611,1.122128,-1.127407,0.067954
649,0.627836,-0.499948,-0.1908,0.506002,-0.513651,0.055496,0.5594,-0.434937,-0.186584,0.639142,-0.626114,0.059803,0.445267,-0.336496,-0.193282,0.811556,-0.803733,0.079268,0.234324,-0.199777,-0.189376,1.135387,-1.15407,0.059925
650,0.619938,-0.483265,-0.209687,0.533827,-0.527215,0.052721,0.560534,-0.443239,-0.216316,0.652609,-0.643581,0.058245,0.441258,-0.349116,-0.206719,0.814542,-0.823917,0.053001,0.246962,-0.185752,-0.214193,1.150246,-1.153591,0.06895
651,0.630337,-0.486963,-0.22304,0.533179,-0.537736,0.03394,0.554758,-0.427346,-0.219798,0.651614,-0.661895,0.033367,0.443123,-0.342444,-0.229876,0.835811,-0.825339,0.04567,0.244012,-0.175886,-0.226387,1.158041,-1.154335,0.030489
652,0.632031,-0.476259,-0.244779,0.560114,-0.534648,0.02631,0.561782,-0.415368,-0.248535,0.626429,-0.660767,0.020229,0.443369,-0.339029,-0.248231,0.845661,-0.836055,0.033454,0.242861,-0.171382,-0.244151,1.179609,-1.177956,0.033602
653,0.633068,-0.465979,-0.256549,0.551638,-0.521772,0.038282,0.572263,-0.414191,-0.267271,0.659914,-0.653928,0.02397,0.453938,-0.317862,-0.258345,0.845654,-0.844188,0.030437,0.236211,-0.182663,-0.279603,1.18572,-1.192659,0.016777
654,0.634886,-0.448117,-0.279358,0.548068,-0.558513,-0.001262,0.582929,-0.396001,-0.285825,0.68236,-0.664868,0.02955,0.445225,-0.313217,-0.279174,0.8616,-0.861745,-5e-05,0.234936,-0.173527,-0.275793,1.221215,-1.19395,-0.000245
655,0.650697,-0.442654,-0.305551,0.54635,-0.539636,0.011484,0.575325,-0.390629,-0.29918,0.70151,-0.696119,0.010643,0.453805,-0.307713,-0.302086,0.874152,-0.8776,-0.011587,0.250912,-0.170918,-0.302802,1.221436,-1.211744,0.007895
656,0.644837,-0.439596,-0.304426,0.569111,-0.558653,-0.014173,0.576067,-0.388884,-0.314157,0.697447,-0.690427,0.002078,0.457661,-0.313364,-0.311718,0.888469,-0.886013,-0.00329,0.240871,-0.168874,-0.306111,1.245921,-1.229954,-0.004309
657,0.654087,-0.431082,-0.333886,0.55595,-0.568733,-0.025693,0.57538,-0.386281,-0.340683,0.704996,-0.704258,-0.044105,0.455999,-0.295952,-0.332507,0.889524,-0.900333,-0.016555,0.246853,-0.167413,-0.326259,1.242264,-1.263025,-0.024852
658,0.656634,-0.416053,-0.347183,0.585018,-0.583999,-0.032443,0.569813,-0.367761,-0.350482,0.706689,-0.699998,-0.034555,0.465226,-0.29589,-0.345634,0.915538,-0.877435,-0.032961,0.24753,-0.167565,-0.353286,1.240331,-1.266564,-0.049186
659,0.644866,-0.410897,-0.366643,0.582046,-0.556514,-0.055654,0.585317,-0.352363,-0.379548,0.702397,-0.727568,-0.046273,0.462555,-0.283536,-0.375185,0.909469,-0.926023,-0.058313,0.241919,-0.154999,-0.369157,1.249971,-1.250941,-0.042768
660,0.653034,-0.396382,-0.38982,0.592898,-0.584766,-0.071043,0.577514,-0.352519,-0.388167,0.715292,-0.711594,-0.058655,0.453833,-0.286295,-0.385949,0.91846,-0.913568,-0.07173,0.237018,-0.149264,-0.388153,1.26749,-1.286643,-0.061013
661,0.652319,-0.391746,-0.406633,0.600901,-0.595498,-0.081674,0.583985,-0.341851,-0.406752,0.713079,-0.74257,-0.073625,0.457056,-0.283885,-0.401886,0.911109,-0.920839,-0.074556,0.238363,-0.148263,-0.41122,1.294028,-1.315454,-0.058747
662,0.658064,-0.37879,-0.413021,0.606164,-0.606292,-0.092177,0.590979,-0.330694,-0.43145,0.72292,-0.745518,-0.098057,0.453518,-0.268228,-0.419861,0.930683,-0.934919,-0.094203,0.243616,-0.143117,-0.424454,1.314128,-1.317838,-0.096988
663,0.65448,-0.370235,-0.439426,0.604456,-0.601584,-0.072851,0.576739,-0.332169,-0.435932,0.736388,-0.730279,-0.106905,0.464299,-0.259017,-0.42575,0.936779,-0.933766,-0.097186,0.257554,-0.143112,-0.430104,1.319016,-1.306433,-0.098606
664,0.651927,-0.34935,-0.454383,0.605458,-0.589982,-0.119904,0.583272,-0.322827,-0.45308,0.734775,-0.741409,-0.10872,0.45893,-0.248063,-0.446256,0.960802,-0.946916,-0.12023,0.249876,-0.131698,-0.453312,1.316889,-1.318636,-0.105424
665,0.655126,-0.346315,-0.47029,0.589958,-0.603794,-0.116612,0.584095,-0.306863,-0.478822,0.745481,-0.754502,-0.113224,0.473292,-0.247536,-0.4751,0.945411,-0.940225,-0.109187,0.246813,-0.134438,-0.470673,1.332626,-1.338126,-0.123062
666,0.661007,-0.330486,-0.492763,0.622445,-0.619727,-0.125532,0.580404,-0.292663,-0.489899,0.748401,-0.732823,-0.123199,0.473705,-0.234922,-0.475988,0.97418,-0.949096,-0.129096,0.26063,-0.130698,-0.493086,1.340396,-1.352286,-0.135645
