sample_idx,Va_1,Vb_1,Vc_1,Ia_1,Ib_1,Ic_1,Va_5,Vb_5,Vc_5,Ia_5,Ib_5,Ic_5,Va_10,Vb_10,Vc_10,Ia_10,Ib_10,Ic_10,Va_30,Vb_30,Vc_30,Ia_30,Ib_30,Ic_30
0,0.996944,-0.494787,-0.49227,0.596606,-0.441036,-0.132854,1.005295,-0.500797,-0.503736,0.584919,-0.446037,-0.125505,1.003596,-0.50276,-0.499766,0.589189,-0.448974,-0.116353,0.999251,-0.516552,-0.497922,0.577018,-0.451205,-0.109685
1,0.991045,-0.494608,-0.511689,0.57999,-0.427675,-0.137262,0.997425,-0.480948,-0.514611,0.577965,-0.431146,-0.168253,1.003841,-0.486962,-0.521196,0.603187,-0.457573,-0.154918,1.005891,-0.491336,-0.524562,0.588193,-0.429071,-0.150617
2,0.999117,-0.467199,-0.540766,0.579268,-0.441405,-0.158861,0.995074,-0.471089,-0.536881,0.596842,-0.426532,-0.146469,0.999813,-0.462604,-0.531229,0.583557,-0.439061,-0.159991,1.003147,-0.464261,-0.531335,0.582473,-0.438164,-0.144417
3,0.998056,-0.44582,-0.542749,0.585007,-0.424207,-0.170988,1.000072,-0.450893,-0.544232,0.600154,-0.435583,-0.169162,0.996812,-0.448467,-0.547515,0.59696,-0.421364,-0.172443,1.002377,-0.456782,-0.546833,0.589989,-0.422731,-0.172465
4,1.000628,-0.430592,-0.55871,0.600843,-0.414413,-0.188186,0.988964,-0.438952,-0.566425,0.608612,-0.420598,-0.178793,1.004555,-0.441376,-0.563253,0.590977,-0.396645,-0.189757,0.992307,-0.439673,-0.567797,0.591559,-0.419689,-0.199253
5,1.003646,-0.416707,-0.577715,0.603666,-0.415887,-0.184308,1.003776,-0.41692,-0.58521,0.591924,-0.415728,-0.204186,0.987253,-0.422216,-0.588599,0.612832,-0.420445,-0.207659,0.988222,-0.418897,-0.579495,0.610495,-0.436231,-0.18553
6,0.994414,-0.406662,-0.590452,0.605973,-0.411325,-0.207844,0.992882,-0.400969,-0.593075,0.595634,-0.394765,-0.213942,1.000267,-0.401808,-0.599991,0.599985,-0.394828,-0.199294,0.987255,-0.401091,-0.588587,0.596052,-0.393566,-0.1941
7,0.987074,-0.382161,-0.610427,0.609238,-0.384846,-0.205102,0.996552,-0.380848,-0.610953,0.605538,-0.395445,-0.219103,0.996552,-0.385569,-0.607078,0.596702,-0.405394,-0.222647,0.99714,-0.381163,-0.61211,0.606607,-0.385614,-0.223691
8,0.985726,-0.366004,-0.6235,0.611814,-0.376611,-0.208909,0.996296,-0.368287,-0.620485,0.595694,-0.389593,-0.229973,0.989277,-0.377563,-0.618607,0.599503,-0.395444,-0.236911,0.989376,-0.368003,-0.613159,0.61335,-0.401303,-0.234947
9,0.986846,-0.34888,-0.634201,0.624248,-0.378965,-0.226924,0.981719,-0.339901,-0.642468,0.611039,-0.374755,-0.227079,0.993451,-0.341901,-0.642553,0.609941,-0.376383,-0.258439,0.976898,-0.341031,-0.643693,0.622426,-0.374726,-0.229634
10,0.991535,-0.337693,-0.654429,0.609947,-0.355087,-0.265132,0.981954,-0.328394,-0.656677,0.611755,-0.363912,-0.233434,0.975966,-0.328526,-0.655933,0.599158,-0.374019,-0.232769,0.980958,-0.32719,-0.651329,0.606278,-0.35906,-0.253088
11,0.978743,-0.307066,-0.670615,0.622047,-0.360076,-0.258654,0.975327,-0.307178,-0.664041,0.613992,-0.368724,-0.258635,0.973411,-0.315648,-0.67039,0.612652,-0.365098,-0.248558,0.976869,-0.303998,-0.66685,0.592058,-0.336796,-0.269629
12,0.979844,-0.284651,-0.685178,0.60567,-0.332834,-0.255184,0.972431,-0.29213,-0.683068,0.612355,-0.338138,-0.274545,0.971821,-0.289439,-0.687248,0.608347,-0.341051,-0.256434,0.966408,-0.301001,-0.684099,0.623233,-0.340763,-0.246362
13,0.964703,-0.273031,-0.696188,0.623693,-0.333654,-0.289355,0.974856,-0.278763,-0.691914,0.620488,-0.340189,-0.271528,0.979604,-0.272173,-0.704163,0.633829,-0.334816,-0.285488,0.973696,-0.270456,-0.690538,0.629571,-0.350054,-0.273179
14,0.960323,-0.25578,-0.704972,0.62288,-0.343153,-0.30354,0.960869,-0.256265,-0.71225,0.587985,-0.323712,-0.296136,0.963168,-0.25869,-0.709614,0.612928,-0.327847,-0.295932,0.97527,-0.264845,-0.708444,0.611552,-0.329536,-0.302142
15,0.950808,-0.24196,-0.726081,0.619999,-0.310443,-0.290312,0.958674,-0.239141,-0.717454,0.611232,-0.319316,-0.281903,0.956133,-0.233723,-0.717092,0.61412,-0.329509,-0.294589,0.961584,-0.236494,-0.730653,0.616879,-0.299971,-0.293178
16,0.956154,-0.22619,-0.727066,0.61183,-0.310349,-0.308532,0.970564,-0.212669,-0.734228,0.61283,-0.302467,-0.305364,0.955958,-0.219428,-0.73631,0.617756,-0.301537,-0.311339,0.96232,-0.214867,-0.741076,0.602923,-0.304075,-0.30302
17,0.950092,-0.209005,-0.74411,0.592766,-0.29709,-0.319993,0.941919,-0.206505,-0.751808,0.622873,-0.31494,-0.323723,0.949108,-0.194185,-0.749806,0.608841,-0.299042,-0.330803,0.952716,-0.200178,-0.750239,0.606025,-0.290212,-0.316419
18,0.946873,-0.183694,-0.759591,0.592932,-0.289239,-0.320615,0.937758,-0.188571,-0.767205,0.602795,-0.280803,-0.34284,0.946772,-0.182043,-0.761909,0.5866,-0.282555,-0.334042,0.953106,-0.179327,-0.764608,0.623475,-0.286753,-0.324093
19,0.938551,-0.166933,-0.774931,0.608274,-0.280045,-0.329645,0.931827,-0.165873,-0.765801,0.611677,-0.263423,-0.342967,0.927027,-0.172525,-0.772362,0.623112,-0.27043,-0.337713,0.932239,-0.169089,-0.781842,0.625785,-0.277728,-0.313734
20,0.927632,-0.148528,-0.777662,0.605159,-0.265639,-0.349993,0.921556,-0.148773,-0.787669,0.614865,-0.265702,-0.353622,0.934828,-0.151611,-0.785578,0.598983,-0.285703,-0.32915,0.927503,-0.152105,-0.783521,0.619157,-0.274978,-0.37421
21,0.922647,-0.137609,-0.78915,0.616439,-0.265273,-0.359131,0.925378,-0.13103,-0.793808,0.613905,-0.253192,-0.368161,0.913326,-0.125124,-0.794711,0.598716,-0.239129,-0.355773,0.926184,-0.12029,-0.798745,0.603308,-0.253872,-0.358939
22,0.914782,-0.107794,-0.809803,0.600028,-0.231975,-0.378013,0.918035,-0.108623,-0.79832,0.624809,-0.256452,-0.359275,0.920703,-0.114211,-0.801284,0.611046,-0.232592,-0.373978,0.911886,-0.110309,-0.801893,0.603694,-0.247271,-0.364924
23,0.899165,-0.086977,-0.818396,0.603961,-0.232264,-0.379061,0.914679,-0.094062,-0.81845,0.616233,-0.212305,-0.400023,0.918448,-0.091035,-0.818305,0.611606,-0.232824,-0.376924,0.903842,-0.087338,-0.817222,0.616191,-0.231122,-0.371693
24,0.902675,-0.062756,-0.835533,0.61019,-0.219612,-0.395634,0.900418,-0.066189,-0.830597,0.588113,-0.235619,-0.393715,0.903573,-0.082459,-0.818777,0.590997,-0.222132,-0.391123,0.899674,-0.073803,-0.826664,0.610484,-0.208481,-0.390804
25,0.884059,-0.049823,-0.83254,0.594738,-0.205061,-0.378127,0.891816,-0.047721,-0.832138,0.596518,-0.205234,-0.373622,0.895034,-0.05344,-0.841678,0.56949,-0.213076,-0.387715,0.899282,-0.05414,-0.839149,0.603553,-0.20857,-0.398561
26,0.882492,-0.034381,-0.844438,0.609551,-0.213829,-0.408914,0.874129,-0.03119,-0.853958,0.618229,-0.191848,-0.396269,0.882211,-0.034547,-0.846062,0.606377,-0.210501,-0.394701,0.877087,-0.034362,-0.854213,0.604938,-0.18955,-0.416997
27,0.865676,-0.020383,-0.863069,0.60326,-0.183827,-0.412808,0.872898,-0.015018,-0.861766,0.615205,-0.177292,-0.411115,0.872626,-0.012434,-0.855605,0.600955,-0.17674,-0.421888,0.867426,-0.020433,-0.861872,0.580056,-0.198759,-0.419995
28,0.862072,0.009539,-0.866001,0.611525,-0.179543,-0.444301,0.865798,0.0046,-0.872378,0.605927,-0.17134,-0.418087,0.859772,0.007989,-0.867636,0.604599,-0.174437,-0.422514,0.861302,0.002308,-0.873456,0.597582,-0.191782,-0.438145
29,0.851741,0.019551,-0.878906,0.612822,-0.16498,-0.420003,0.85406,0.02043,-0.876908,0.586512,-0.14838,-0.422049,0.851745,0.02308,-0.87783,0.588929,-0.154951,-0.425927,0.857404,0.027518,-0.8801,0.609225,-0.160424,-0.439513
30,0.852405,0.043172,-0.885125,0.576778,-0.169303,-0.432155,0.84494,0.042144,-0.895712,0.590634,-0.14529,-0.435285,0.838722,0.042633,-0.887912,0.587786,-0.172362,-0.42248,0.842315,0.031422,-0.891905,0.608144,-0.181998,-0.421362
31,0.828378,0.067181,-0.891517,0.601109,-0.161322,-0.443052,0.835661,0.05964,-0.895547,0.610718,-0.148894,-0.438917,0.846243,0.06276,-0.901621,0.599525,-0.138814,-0.443708,0.833741,0.054789,-0.893725,0.574136,-0.152677,-0.444299
32,0.822525,0.075555,-0.904332,0.57108,-0.131327,-0.458047,0.82237,0.080669,-0.905419,0.596849,-0.113204,-0.453467,0.81809,0.08353,-0.900504,0.577867,-0.130947,-0.444275,0.823103,0.085781,-0.898967,0.597919,-0.149079,-0.459982
33,0.812604,0.101945,-0.912425,0.578611,-0.114947,-0.463339,0.82061,0.095517,-0.910746,0.59386,-0.121339,-0.451603,0.81526,0.094575,-0.917084,0.568622,-0.140532,-0.454635,0.817508,0.096565,-0.9043,0.58464,-0.119351,-0.442599
34,0.801364,0.117552,-0.921415,0.590434,-0.100682,-0.480116,0.801846,0.121228,-0.913663,0.577185,-0.11235,-0.466315,0.808902,0.117791,-0.925126,0.574409,-0.091424,-0.4705,0.798972,0.121543,-0.918106,0.584343,-0.118771,-0.473383
35,0.783255,0.133013,-0.925388,0.57676,-0.083178,-0.469034,0.788135,0.142564,-0.925162,0.57156,-0.100089,-0.474061,0.792835,0.134621,-0.925363,0.570029,-0.106107,-0.46986,0.787853,0.130591,-0.920132,0.579512,-0.098257,-0.479063
36,0.774398,0.149748,-0.933906,0.571136,-0.080381,-0.481238,0.775629,0.147982,-0.932843,0.564163,-0.082776,-0.478044,0.781562,0.153101,-0.93612,0.558379,-0.108839,-0.487812,0.782445,0.150374,-0.935154,0.57568,-0.076171,-0.4973
37,0.769311,0.180235,-0.945556,0.575229,-0.087893,-0.485373,0.766004,0.177727,-0.931523,0.55628,-0.06464,-0.504015,0.758559,0.175497,-0.944148,0.565854,-0.089002,-0.473486,0.764132,0.171381,-0.932964,0.566525,-0.076011,-0.471539
38,0.754798,0.200868,-0.932643,0.571106,-0.079483,-0.497055,0.755683,0.195623,-0.944191,0.561816,-0.073197,-0.49712,0.758675,0.188979,-0.935633,0.572817,-0.075582,-0.497261,0.758117,0.202395,-0.945404,0.548253,-0.067658,-0.489389
39,0.741411,0.202483,-0.950399,0.544701,-0.04506,-0.499782,0.742392,0.210767,-0.946343,0.561055,-0.061004,-0.511867,0.738706,0.216714,-0.955657,0.550587,-0.058082,-0.495891,0.748068,0.20231,-0.958798,0.558326,-0.021689,-0.504873
40,0.729169,0.228773,-0.962814,0.561452,-0.034852,-0.520938,0.730396,0.232912,-0.965585,0.54592,-0.038533,-0.524303,0.739192,0.224703,-0.954244,0.558238,-0.044031,-0.514455,0.727724,0.222731,-0.956611,0.562435,-0.042258,-0.521408
41,0.717014,0.251355,-0.959392,0.560206,-0.037257,-0.496249,0.714422,0.257136,-0.958945,0.550265,-0.044419,-0.507493,0.724743,0.242364,-0.972126,0.535054,-0.014705,-0.515536,0.710604,0.249596,-0.963071,0.521671,-0.01632,-0.518197
42,0.695611,0.263298,-0.97423,0.551669,-0.024723,-0.520144,0.705117,0.263763,-0.966044,0.542953,-0.011627,-0.52371,0.70836,0.265172,-0.970717,0.540061,-0.028314,-0.536038,0.707796,0.265319,-0.967553,0.543531,-0.026429,-0.526523
43,0.680467,0.274008,-0.968545,0.535556,-0.013253,-0.531924,0.685175,0.282217,-0.972644,0.534587,-0.032645,-0.51342,0.690038,0.281341,-0.97732,0.53324,0.008138,-0.542996,0.686785,0.285467,-0.968306,0.540094,-0.03813,-0.528484
44,0.676933,0.304012,-0.980768,0.546214,0.005066,-0.537873,0.678502,0.311922,-0.979145,0.549106,0.02286,-0.525608,0.671587,0.295544,-0.974474,0.531184,-0.002138,-0.54764,0.68064,0.294015,-0.976078,0.528563,0.01979,-0.532887
45,0.663656,0.318399,-0.9824,0.508955,0.015534,-0.538189,0.667899,0.312615,-0.975475,0.524063,0.006409,-0.540427,0.666131,0.317384,-0.982765,0.52491,0.009919,-0.552201,0.655113,0.32004,-0.980908,0.515536,-0.004816,-0.547297
46,0.645118,0.34369,-0.980833,0.507117,0.021017,-0.554977,0.649328,0.3412,-0.973302,0.527289,0.01509,-0.548291,0.648023,0.337546,-0.978516,0.502228,0.017278,-0.563348,0.644147,0.333194,-0.992681,0.523417,0.039661,-0.539728
47,0.640163,0.349487,-0.993581,0.51325,0.021923,-0.550416,0.637717,0.358434,-0.985901,0.517199,0.021829,-0.552086,0.627484,0.357462,-0.989481,0.510745,0.033384,-0.542111,0.631149,0.352307,-0.985213,0.51914,0.050624,-0.553163
48,0.61602,0.361942,-0.985204,0.504794,0.043543,-0.552285,0.619026,0.377372,-0.993075,0.515143,0.042802,-0.570651,0.620834,0.368495,-0.98854,0.488229,0.042862,-0.565149,0.617921,0.372289,-0.992455,0.504102,0.052342,-0.545027
49,0.599047,0.381657,-0.987113,0.497718,0.05785,-0.562428,0.608964,0.39611,-0.998012,0.510269,0.064141,-0.573157,0.612254,0.386522,-0.987737,0.494109,0.056593,-0.556796,0.608172,0.392372,-0.993644,0.516936,0.058445,-0.561284
50,0.579974,0.404342,-0.996488,0.494356,0.068597,-0.547141,0.588826,0.398085,-1.000628,0.469859,0.083957,-0.568754,0.587771,0.399735,-0.988591,0.498575,0.061241,-0.583788,0.580506,0.406105,-0.993679,0.49654,0.06631,-0.564424
51,0.570075,0.422248,-0.992132,0.483733,0.103483,-0.562953,0.564829,0.417868,-0.996695,0.472151,0.083314,-0.564686,0.57164,0.420915,-0.998833,0.48295,0.082876,-0.569068,0.571965,0.423031,-0.996552,0.500675,0.074412,-0.569963
52,0.552964,0.444854,-0.998794,0.481292,0.078753,-0.564106,0.553167,0.437824,-0.993287,0.481221,0.086993,-0.57336,0.554243,0.450159,-0.991827,0.46764,0.092918,-0.556087,0.552632,0.442388,-0.992931,0.477726,0.099535,-0.56261
53,0.554839,0.456883,-0.995785,0.475981,0.118246,-0.571336,0.539146,0.463342,-0.998065,0.450807,0.123607,-0.5812,0.537705,0.458963,-0.998998,0.463612,0.102623,-0.598392,0.546375,0.458759,-1.005746,0.485599,0.108613,-0.594728
54,0.519236,0.476811,-0.995701,0.470519,0.117089,-0.600722,0.531019,0.475591,-1.002686,0.469932,0.110443,-0.56506,0.522563,0.477495,-0.998667,0.452137,0.123537,-0.574318,0.522073,0.477065,-1.00244,0.481861,0.106227,-0.57545
55,0.512516,0.496879,-0.996996,0.449947,0.134478,-0.579979,0.510762,0.491619,-0.999831,0.454661,0.134001,-0.601379,0.501984,0.494236,-0.991835,0.463292,0.115699,-0.561293,0.50772,0.491115,-1.006372,0.450107,0.123299,-0.609622
56,0.49684,0.514161,-1.001269,0.453863,0.128503,-0.608115,0.499375,0.503604,-0.991598,0.443951,0.151108,-0.569394,0.491206,0.502094,-1.004601,0.453658,0.136339,-0.595458,0.492246,0.501235,-1.001117,0.443429,0.141652,-0.57003
57,0.484105,0.518907,-0.997987,0.432514,0.143565,-0.597225,0.47514,0.52734,-0.998352,0.435617,0.131769,-0.576319,0.490782,0.525541,-1.003243,0.446283,0.150749,-0.585865,0.474984,0.520035,-0.998848,0.446415,0.159852,-0.579221
58,0.462329,0.535189,-1.005316,0.413895,0.177089,-0.593979,0.456884,0.544845,-1.0032,0.435678,0.167083,-0.581835,0.46243,0.550028,-1.001846,0.42622,0.169584,-0.608344,0.46189,0.550139,-1.009789,0.444837,0.151598,-0.588856
59,0.447705,0.550612,-0.993276,0.424725,0.168071,-0.586877,0.449282,0.554297,-0.99337,0.407833,0.158695,-0.600956,0.44313,0.55914,-0.999033,0.416886,0.178131,-0.599658,0.447847,0.565751,-0.988615,0.413577,0.176275,-0.596018
60,0.427819,0.571357,-0.992277,0.422251,0.182565,-0.588127,0.418257,0.566789,-0.991254,0.415111,0.162837,-0.608209,0.41665,0.559315,-1.000452,0.410506,0.162331,-0.598308,0.431864,0.566026,-0.991149,0.423717,0.187736,-0.601948
61,0.409882,0.583436,-1.001745,0.392202,0.193613,-0.605226,0.415637,0.583023,-0.993904,0.393816,0.203443,-0.606953,0.402653,0.584056,-0.99579,0.405068,0.215345,-0.606952,0.41242,0.587421,-0.989176,0.401205,0.18912,-0.623742
62,0.402977,0.601233,-0.979923,0.410131,0.216616,-0.596894,0.386891,0.613533,-0.995998,0.388537,0.191764,-0.598045,0.392149,0.598677,-0.987877,0.394605,0.208494,-0.608102,0.401587,0.609497,-0.984821,0.401645,0.211382,-0.608738
63,0.375817,0.616678,-0.992077,0.37119,0.220295,-0.600331,0.367502,0.60926,-0.991576,0.386551,0.216014,-0.58661,0.369396,0.618086,-0.991432,0.378541,0.204937,-0.620732,0.373164,0.613178,-0.983125,0.398493,0.217289,-0.614817
64,0.358126,0.629602,-0.980466,0.37657,0.227506,-0.603637,0.352547,0.631474,-0.989837,0.375574,0.227579,-0.595244,0.354883,0.630237,-0.988172,0.384857,0.223385,-0.600182,0.362219,0.627395,-0.987982,0.382371,0.231537,-0.596062
65,0.334152,0.640954,-0.979292,0.371994,0.249306,-0.595015,0.340988,0.64736,-0.987876,0.348468,0.238838,-0.617071,0.332812,0.653348,-0.985912,0.368048,0.251026,-0.604062,0.342885,0.634989,-0.989026,0.361869,0.242198,-0.630914
66,0.32113,0.651504,-0.986723,0.3584,0.251793,-0.609576,0.325289,0.655171,-0.99039,0.357937,0.250208,-0.609872,0.316399,0.660615,-0.98356,0.360968,0.245406,-0.621696,0.319189,0.667311,-0.982532,0.353494,0.249723,-0.598707
67,0.303749,0.672299,-0.978186,0.339584,0.266549,-0.599405,0.305399,0.670318,-0.982348,0.347403,0.266231,-0.603218,0.298701,0.675614,-0.974547,0.350981,0.259609,-0.602273,0.305468,0.676649,-0.980333,0.343634,0.257446,-0.600462
68,0.286567,0.682971,-0.968162,0.333143,0.291202,-0.61238,0.285421,0.684427,-0.964735,0.325474,0.286959,-0.609465,0.283301,0.670653,-0.970271,0.35899,0.268624,-0.599649,0.285236,0.685403,-0.972818,0.358623,0.278453,-0.615351
69,0.264835,0.700874,-0.960214,0.329338,0.270818,-0.617701,0.265225,0.703792,-0.972394,0.331886,0.296891,-0.613472,0.262156,0.70316,-0.9716,0.33582,0.282873,-0.602894,0.265794,0.70202,-0.963392,0.325964,0.275525,-0.600444
70,0.251633,0.714889,-0.962884,0.342992,0.308956,-0.607453,0.245301,0.705751,-0.967005,0.333988,0.285124,-0.597692,0.241177,0.714446,-0.960582,0.341217,0.293559,-0.596234,0.245441,0.71427,-0.968552,0.315146,0.289986,-0.622697
71,0.228616,0.729041,-0.963058,0.324609,0.314651,-0.61184,0.220361,0.730007,-0.955281,0.306976,0.319435,-0.598369,0.230765,0.730231,-0.956761,0.315577,0.308196,-0.612266,0.226411,0.735151,-0.962272,0.309664,0.304964,-0.626977
72,0.21248,0.742966,-0.959027,0.297377,0.317685,-0.628671,0.213121,0.743763,-0.945064,0.30961,0.290544,-0.620189,0.208008,0.736494,-0.958397,0.298132,0.307987,-0.621144,0.205877,0.743967,-0.957891,0.304413,0.30674,-0.638213
73,0.185515,0.756302,-0.949131,0.308455,0.31488,-0.59541,0.193485,0.750586,-0.942419,0.286572,0.324636,-0.609578,0.200309,0.756455,-0.933869,0.318318,0.332129,-0.605676,0.190671,0.757209,-0.952071,0.293453,0.317534,-0.628188
74,0.165806,0.769589,-0.932736,0.280027,0.325319,-0.603003,0.18444,0.769534,-0.941986,0.281519,0.321697,-0.605745,0.168787,0.767687,-0.937845,0.277132,0.315174,-0.613034,0.176567,0.754346,-0.935094,0.282238,0.328189,-0.601895
75,0.155554,0.778127,-0.935235,0.276298,0.345244,-0.606809,0.157812,0.778225,-0.927833,0.274305,0.352385,-0.611334,0.152981,0.783144,-0.939376,0.275938,0.321597,-0.598697,0.16628,0.777617,-0.932732,0.269115,0.335252,-0.608989
76,0.138275,0.786633,-0.927627,0.246403,0.352646,-0.599963,0.142189,0.791112,-0.927584,0.258329,0.358935,-0.627406,0.135215,0.778733,-0.925429,0.270654,0.358546,-0.605097,0.130461,0.792835,-0.914752,0.270926,0.355788,-0.591012
77,0.126355,0.788069,-0.915215,0.247379,0.375391,-0.598393,0.116368,0.801494,-0.924075,0.250718,0.357278,-0.605999,0.114851,0.802243,-0.923578,0.266184,0.362111,-0.610499,0.115848,0.79755,-0.917309,0.238622,0.358807,-0.629922
78,0.105549,0.8075,-0.91624,0.241904,0.36843,-0.61784,0.103354,0.808597,-0.91199,0.233212,0.384742,-0.60309,0.10144,0.816575,-0.915275,0.248659,0.365635,-0.612072,0.104332,0.808701,-0.909082,0.232079,0.369942,-0.595065
79,0.075468,0.826685,-0.901429,0.218074,0.372414,-0.612299,0.087109,0.820559,-0.909942,0.215614,0.38368,-0.600009,0.079836,0.825084,-0.902701,0.229381,0.364419,-0.612791,0.074679,0.823549,-0.904491,0.218113,0.366454,-0.612873
80,0.065008,0.836456,-0.892712,0.217629,0.381182,-0.595269,0.067376,0.835234,-0.909608,0.22312,0.392547,-0.601746,0.056042,0.825429,-0.901841,0.221261,0.397017,-0.613614,0.059094,0.83405,-0.894492,0.207242,0.375134,-0.605051
81,0.04795,0.834174,-0.892613,0.200458,0.389631,-0.621159,0.04961,0.841478,-0.890434,0.211216,0.402633,-0.603028,0.046714,0.843521,-0.891801,0.212279,0.40208,-0.609034,0.039186,0.853861,-0.886163,0.203583,0.406802,-0.615487
82,0.019533,0.854504,-0.877963,0.192166,0.410774,-0.609544,0.023126,0.857622,-0.882953,0.208235,0.399664,-0.592922,0.018407,0.862056,-0.877614,0.186691,0.397092,-0.617586,0.025424,0.855551,-0.87708,0.185535,0.407073,-0.613534
83,0.00941,0.860065,-0.864872,0.187287,0.444665,-0.610868,0.010435,0.867701,-0.868196,0.180393,0.41929,-0.589558,0.004146,0.870161,-0.866701,0.181235,0.423347,-0.592386,0.001123,0.854176,-0.861395,0.179713,0.403915,-0.603312
84,-0.0137,0.881459,-0.86575,0.171364,0.406681,-0.614734,-0.013541,0.865788,-0.858333,0.171817,0.427713,-0.596619,-0.00756,0.867377,-0.853166,0.149765,0.424134,-0.603375,-0.013323,0.868239,-0.857717,0.180033,0.415232,-0.59371
85,-0.025867,0.87845,-0.84905,0.167417,0.438702,-0.602857,-0.027877,0.884322,-0.850117,0.179359,0.414735,-0.586681,-0.025458,0.884958,-0.847401,0.178219,0.426645,-0.593552,-0.029472,0.884866,-0.853613,0.161234,0.426251,-0.601878
86,-0.055565,0.893821,-0.839777,0.146356,0.44406,-0.595219,-0.056081,0.895221,-0.842769,0.13479,0.435474,-0.621694,-0.04131,0.901956,-0.847502,0.161019,0.431253,-0.599,-0.055282,0.886971,-0.828393,0.153298,0.43991,-0.60022
87,-0.06399,0.909152,-0.826699,0.154546,0.431747,-0.585606,-0.068479,0.89703,-0.828078,0.152385,0.440891,-0.598731,-0.071427,0.890768,-0.822736,0.126196,0.459025,-0.599216,-0.081993,0.898649,-0.824239,0.13995,0.458138,-0.591982
88,-0.093705,0.904518,-0.816152,0.130804,0.449242,-0.583854,-0.092313,0.909105,-0.823047,0.123012,0.442276,-0.586321,-0.079951,0.894894,-0.824754,0.122745,0.443232,-0.577276,-0.09001,0.905121,-0.825361,0.120758,0.454229,-0.598817
89,-0.109796,0.914565,-0.80164,0.123656,0.471946,-0.593022,-0.117912,0.914339,-0.811504,0.127435,0.452838,-0.582258,-0.11008,0.918019,-0.80647,0.134469,0.44869,-0.569812,-0.098024,0.913034,-0.802747,0.095975,0.464399,-0.589557
90,-0.131099,0.925522,-0.790852,0.111465,0.456706,-0.55793,-0.133262,0.926411,-0.789215,0.101448,0.469252,-0.566419,-0.129154,0.923708,-0.79598,0.099541,0.475288,-0.576905,-0.126556,0.918285,-0.789365,0.119199,0.468364,-0.567774
91,-0.14393,0.916205,-0.78962,0.084833,0.473365,-0.56519,-0.144879,0.929355,-0.783336,0.095683,0.487534,-0.556467,-0.142869,0.927877,-0.785273,0.098669,0.465299,-0.565555,-0.14455,0.931592,-0.776929,0.12227,0.452524,-0.567343
92,-0.169526,0.932843,-0.771489,0.079105,0.504804,-0.580965,-0.169956,0.928645,-0.768305,0.089136,0.478431,-0.573619,-0.164405,0.936889,-0.771572,0.071616,0.477889,-0.552674,-0.17588,0.936331,-0.776234,0.094619,0.486119,-0.567995
93,-0.181904,0.938967,-0.761027,0.047859,0.488845,-0.55838,-0.171947,0.944126,-0.766602,0.075068,0.471831,-0.587331,-0.18807,0.948195,-0.7521,0.085763,0.487424,-0.566747,-0.185517,0.947165,-0.757404,0.072492,0.499804,-0.549955
94,-0.198832,0.95254,-0.746173,0.070032,0.506315,-0.57082,-0.204269,0.944344,-0.755341,0.062033,0.484522,-0.555021,-0.197745,0.950245,-0.756172,0.049179,0.513186,-0.560176,-0.201855,0.946952,-0.746045,0.063153,0.516218,-0.540517
95,-0.21813,0.959253,-0.735702,0.041365,0.499498,-0.56166,-0.216649,0.951303,-0.736281,0.050493,0.505037,-0.531476,-0.229194,0.952027,-0.743954,0.033806,0.503321,-0.567406,-0.217307,0.94525,-0.740249,0.050151,0.505548,-0.543204
96,-0.23473,0.954764,-0.725428,0.032012,0.51907,-0.53692,-0.239839,0.966313,-0.725958,0.040196,0.498029,-0.544712,-0.230405,0.964326,-0.723575,0.037768,0.53201,-0.553531,-0.236683,0.962743,-0.71467,0.012027,0.502402,-0.553622
97,-0.255349,0.964964,-0.71697,0.038851,0.526598,-0.532284,-0.256794,0.950029,-0.71005,0.024133,0.529084,-0.552364,-0.251001,0.962956,-0.719507,0.021226,0.521194,-0.548559,-0.257862,0.966228,-0.704374,0.0327,0.522816,-0.548869
98,-0.274748,0.966427,-0.695667,0.010969,0.535749,-0.532628,-0.269102,0.971335,-0.701845,-0.001097,0.522353,-0.53239,-0.277056,0.964585,-0.696733,0.01814,0.528566,-0.535174,-0.268065,0.972107,-0.694914,0.008878,0.525017,-0.539354
99,-0.294167,0.970692,-0.680688,0.004209,0.529725,-0.528576,-0.296877,0.970452,-0.693787,0.002075,0.524403,-0.520086,-0.288231,0.987023,-0.686275,0.012002,0.53825,-0.528474,-0.290702,0.980752,-0.689813,0.006909,0.531061,-0.512336
100,-0.312846,0.983702,-0.672833,0.001314,0.516258,-0.513103,-0.315623,0.98201,-0.67385,-0.00525,0.536408,-0.544626,-0.305679,0.969287,-0.670633,0.004411,0.526322,-0.524344,-0.304181,0.985541,-0.669883,-0.007839,0.52151,-0.525799
101,-0.316418,0.980672,-0.65705,-0.009299,0.53682,-0.540262,-0.329267,0.971744,-0.654484,-0.01762,0.546093,-0.519532,-0.323402,0.993137,-0.658207,-0.001001,0.540255,-0.526702,-0.333507,0.978801,-0.657164,-0.011057,0.533793,-0.533635
102,-0.345575,0.974215,-0.633655,-0.038971,0.553423,-0.512351,-0.336644,0.982212,-0.642217,-0.029379,0.53637,-0.507206,-0.34936,0.987521,-0.636946,-0.033226,0.544099,-0.520528,-0.329536,0.980068,-0.640568,-0.01466,0.546414,-0.516257
103,-0.356978,0.982624,-0.62922,-0.033367,0.557457,-0.503389,-0.370031,0.987465,-0.624404,-0.051207,0.554639,-0.520241,-0.366181,0.991886,-0.632596,-0.040522,0.5653,-0.496392,-0.366911,0.991475,-0.627606,-0.039174,0.548316,-0.52734
104,-0.381121,0.990757,-0.606173,-0.06119,0.57259,-0.511962,-0.372123,0.991218,-0.617452,-0.061662,0.547494,-0.503128,-0.37918,0.991193,-0.606744,-0.071324,0.564828,-0.505354,-0.38009,0.987265,-0.613141,-0.043527,0.545002,-0.492594
105,-0.392355,0.99231,-0.596883,-0.068285,0.588762,-0.485636,-0.404251,0.99318,-0.591595,-0.063192,0.558243,-0.508692,-0.397369,0.992779,-0.598728,-0.0574,0.564505,-0.490991,-0.3918,0.996792,-0.590573,-0.067043,0.551955,-0.501355
106,-0.418342,0.986091,-0.588036,-0.078194,0.572899,-0.476257,-0.418107,0.99751,-0.578494,-0.091697,0.563788,-0.492678,-0.412538,0.989424,-0.581745,-0.068,0.539339,-0.4851,-0.416461,0.992081,-0.573388,-0.071353,0.584387,-0.473848
107,-0.43448,0.994645,-0.56824,-0.08351,0.55602,-0.487209,-0.435971,0.992415,-0.570882,-0.091439,0.573436,-0.477662,-0.423337,0.996378,-0.560722,-0.094184,0.552429,-0.457837,-0.435874,1.000044,-0.57146,-0.093342,0.54717,-0.470774
108,-0.456303,1.00017,-0.550907,-0.132322,0.5785,-0.467233,-0.445565,0.99786,-0.549393,-0.094221,0.567898,-0.473905,-0.44929,0.996225,-0.552433,-0.108472,0.568527,-0.464123,-0.442125,0.993527,-0.550433,-0.125376,0.581713,-0.454105
109,-0.468959,0.984689,-0.530912,-0.114149,0.58043,-0.455222,-0.458315,0.998561,-0.539049,-0.11992,0.570236,-0.450517,-0.464666,0.999933,-0.535851,-0.118345,0.57527,-0.469319,-0.470498,1.002288,-0.532793,-0.119104,0.575955,-0.453711
110,-0.481202,0.998937,-0.519753,-0.135477,0.57815,-0.458594,-0.478715,1.0032,-0.511378,-0.113398,0.584724,-0.463374,-0.484868,0.991057,-0.510748,-0.118381,0.571048,-0.450001,-0.479772,0.996187,-0.523604,-0.107641,0.582292,-0.455294
111,-0.493956,0.997846,-0.505752,-0.14336,0.569218,-0.471787,-0.494534,0.997381,-0.505699,-0.140127,0.583776,-0.452549,-0.50922,0.993441,-0.504428,-0.137191,0.582885,-0.427537,-0.500228,0.99519,-0.494542,-0.146694,0.609226,-0.439406
112,-0.519266,0.994409,-0.473682,-0.141003,0.593021,-0.436676,-0.506741,0.997816,-0.485224,-0.119402,0.589718,-0.443843,-0.51016,0.998092,-0.490356,-0.14778,0.58627,-0.448626,-0.524407,1.00689,-0.487444,-0.155664,0.584838,-0.4499
113,-0.532599,1.004943,-0.470193,-0.162949,0.577263,-0.428748,-0.527629,1.003315,-0.471319,-0.161322,0.600194,-0.441739,-0.534157,1.004208,-0.46452,-0.160023,0.604856,-0.43037,-0.524362,0.999143,-0.462282,-0.148114,0.584913,-0.447489
114,-0.541869,0.99614,-0.453677,-0.162493,0.602055,-0.445359,-0.54816,1.003488,-0.449154,-0.166943,0.597517,-0.408207,-0.547981,1.000892,-0.449907,-0.158883,0.60293,-0.427237,-0.548553,1.000818,-0.458122,-0.173287,0.602298,-0.435692
115,-0.564471,0.997499,-0.44101,-0.17739,0.599462,-0.42469,-0.56581,0.991652,-0.427409,-0.19018,0.609213,-0.431582,-0.565743,0.989311,-0.430909,-0.178654,0.607312,-0.406912,-0.557183,0.99139,-0.431989,-0.175739,0.590027,-0.413666
116,-0.586444,0.992312,-0.408084,-0.18686,0.598541,-0.414266,-0.58288,0.993871,-0.418227,-0.184509,0.59084,-0.406988,-0.58111,0.998008,-0.418172,-0.198354,0.597598,-0.400356,-0.579556,0.990568,-0.421044,-0.180459,0.597466,-0.422799
117,-0.593199,0.987981,-0.399379,-0.197972,0.608308,-0.417643,-0.584612,1.00061,-0.401232,-0.216205,0.602812,-0.407952,-0.600179,0.994533,-0.391667,-0.19466,0.605855,-0.408933,-0.592213,0.99517,-0.403135,-0.204965,0.620699,-0.385398
118,-0.611001,0.988431,-0.391633,-0.213121,0.619955,-0.385981,-0.607146,0.991103,-0.387833,-0.219206,0.59886,-0.393324,-0.61143,0.987913,-0.388243,-0.207805,0.611923,-0.405479,-0.598617,0.99408,-0.384576,-0.206511,0.608991,-0.390417
119,-0.625916,0.986961,-0.37337,-0.236067,0.59334,-0.386499,-0.6255,0.988016,-0.360231,-0.205549,0.607442,-0.386167,-0.618878,0.985737,-0.367635,-0.218353,0.607398,-0.380236,-0.636555,0.990931,-0.371077,-0.231275,0.609139,-0.398834
120,-0.643129,0.980855,-0.34513,-0.234715,0.621161,-0.374475,-0.630862,0.989049,-0.352072,-0.242507,0.599096,-0.380877,-0.636831,0.986972,-0.341327,-0.217673,0.614843,-0.364068,-0.638896,0.982157,-0.355417,-0.238473,0.60129,-0.370622
121,-0.662594,0.977281,-0.322946,-0.239072,0.602667,-0.350301,-0.648589,0.983952,-0.326568,-0.235459,0.598677,-0.374092,-0.645616,0.98434,-0.334242,-0.245057,0.606532,-0.365156,-0.646005,0.985647,-0.322682,-0.256056,0.603187,-0.355373
122,-0.662184,0.9816,-0.314061,-0.256023,0.615349,-0.348591,-0.662269,0.971306,-0.311677,-0.27231,0.603393,-0.359048,-0.66523,0.97359,-0.312445,-0.253823,0.615488,-0.350883,-0.664173,0.982482,-0.311933,-0.248768,0.612242,-0.353949
123,-0.68123,0.976006,-0.288717,-0.270597,0.624175,-0.350267,-0.678419,0.970532,-0.289333,-0.256948,0.61972,-0.341767,-0.683091,0.965777,-0.29352,-0.274212,0.622642,-0.33442,-0.681003,0.978589,-0.295613,-0.268633,0.624566,-0.333053
124,-0.693686,0.981323,-0.283617,-0.286037,0.62208,-0.335063,-0.696623,0.975745,-0.276463,-0.26812,0.608938,-0.344719,-0.695462,0.971298,-0.280426,-0.278218,0.613623,-0.342916,-0.69094,0.974678,-0.27864,-0.274072,0.612598,-0.348421
125,-0.709817,0.960022,-0.258091,-0.289337,0.608959,-0.311713,-0.712108,0.965567,-0.253834,-0.275152,0.614401,-0.346669,-0.711308,0.967073,-0.26153,-0.284253,0.601413,-0.325505,-0.713767,0.966729,-0.26105,-0.295396,0.595403,-0.32236
126,-0.718801,0.951037,-0.245365,-0.308965,0.601985,-0.317244,-0.721992,0.965955,-0.243999,-0.322252,0.608078,-0.291471,-0.711495,0.964143,-0.238816,-0.308436,0.612264,-0.315986,-0.712875,0.94271,-0.236847,-0.300418,0.611977,-0.336746
127,-0.732548,0.958344,-0.21849,-0.301152,0.626912,-0.301798,-0.72947,0.952489,-0.226522,-0.309693,0.603209,-0.29713,-0.729839,0.960704,-0.219021,-0.303986,0.628706,-0.294821,-0.734592,0.963569,-0.218343,-0.29279,0.615693,-0.316861
128,-0.743503,0.948033,-0.202885,-0.30707,0.608477,-0.287541,-0.743286,0.952611,-0.202961,-0.330028,0.608812,-0.305344,-0.753884,0.951649,-0.196802,-0.318351,0.61133,-0.296514,-0.754478,0.938794,-0.20275,-0.316401,0.603971,-0.292807
129,-0.760553,0.951622,-0.18201,-0.343054,0.602691,-0.292807,-0.749981,0.941767,-0.182078,-0.332695,0.622742,-0.301164,-0.754301,0.945407,-0.185219,-0.334673,0.591724,-0.296882,-0.7601,0.939603,-0.177595,-0.33158,0.598378,-0.301314
130,-0.76417,0.948716,-0.164067,-0.347818,0.611322,-0.280736,-0.767321,0.93966,-0.17619,-0.325886,0.604422,-0.270668,-0.762931,0.93082,-0.166422,-0.328753,0.60542,-0.270879,-0.773328,0.937365,-0.169135,-0.320534,0.581246,-0.271363
131,-0.780224,0.919293,-0.13735,-0.342489,0.604172,-0.268209,-0.786727,0.93608,-0.150248,-0.35667,0.616147,-0.27453,-0.784418,0.921483,-0.153474,-0.335742,0.6173,-0.279956,-0.776766,0.928633,-0.139115,-0.359304,0.613437,-0.281709
132,-0.785839,0.928391,-0.120911,-0.357027,0.61734,-0.253287,-0.789971,0.914467,-0.129721,-0.362345,0.622439,-0.25844,-0.790808,0.926121,-0.128911,-0.36125,0.598281,-0.254954,-0.791322,0.922749,-0.138227,-0.346268,0.611962,-0.25811
133,-0.801295,0.91469,-0.112243,-0.365952,0.60605,-0.239856,-0.80046,0.913661,-0.120538,-0.364338,0.609012,-0.24444,-0.807522,0.910155,-0.123851,-0.353925,0.602893,-0.240379,-0.807166,0.910493,-0.111309,-0.368104,0.623974,-0.24732
134,-0.807544,0.907396,-0.088347,-0.355828,0.592027,-0.22412,-0.811609,0.904842,-0.093263,-0.382592,0.599378,-0.237006,-0.815818,0.902249,-0.095113,-0.388017,0.590476,-0.228269,-0.819806,0.897531,-0.099659,-0.368356,0.610344,-0.212968
135,-0.822257,0.898638,-0.071409,-0.384096,0.605383,-0.219355,-0.828495,0.900494,-0.064143,-0.365873,0.602245,-0.210111,-0.829801,0.898781,-0.078459,-0.382701,0.618358,-0.235266,-0.828791,0.88983,-0.073674,-0.369518,0.620571,-0.245845
136,-0.839689,0.893606,-0.052923,-0.402171,0.597901,-0.2228,-0.83798,0.896674,-0.061965,-0.402907,0.600964,-0.208268,-0.840486,0.888399,-0.053545,-0.394928,0.606576,-0.194482,-0.841104,0.889513,-0.048,-0.387147,0.599786,-0.217868
137,-0.849913,0.887943,-0.033767,-0.395069,0.60048,-0.220527,-0.845444,0.879333,-0.039158,-0.399072,0.601005,-0.185287,-0.848626,0.888607,-0.029811,-0.417424,0.604945,-0.192417,-0.843799,0.874528,-0.04049,-0.401535,0.600126,-0.192753
138,-0.866944,0.859621,-0.019103,-0.396407,0.614289,-0.185571,-0.861774,0.867198,-0.01402,-0.41499,0.594557,-0.20431,-0.868735,0.861216,-0.021203,-0.405883,0.597406,-0.194948,-0.85991,0.875825,-0.016218,-0.416761,0.599775,-0.191448
139,-0.86423,0.865203,0.001893,-0.425317,0.590849,-0.197014,-0.860905,0.860015,-0.002684,-0.417877,0.616692,-0.172721,-0.868547,0.86105,0.006841,-0.399111,0.600328,-0.192339,-0.861332,0.87134,0.003125,-0.413842,0.584859,-0.190344
140,-0.874271,0.840962,0.011851,-0.408821,0.590694,-0.153227,-0.879909,0.854455,0.020751,-0.431981,0.609931,-0.161723,-0.876922,0.85853,0.021687,-0.434216,0.59255,-0.154982,-0.869917,0.861345,0.021922,-0.436104,0.601155,-0.178602
141,-0.882507,0.84194,0.041957,-0.438962,0.585352,-0.151265,-0.886643,0.839968,0.036868,-0.424674,0.581469,-0.167672,-0.882874,0.837939,0.042768,-0.444216,0.596077,-0.145079,-0.880337,0.843491,0.039614,-0.428576,0.587126,-0.174822
142,-0.896361,0.828749,0.061292,-0.439819,0.590104,-0.15526,-0.89997,0.838741,0.057818,-0.441755,0.591623,-0.156104,-0.894255,0.833168,0.05631,-0.445185,0.5828,-0.154485,-0.896557,0.828406,0.061749,-0.436902,0.582304,-0.163287
143,-0.900325,0.814657,0.085613,-0.442348,0.588733,-0.132389,-0.907572,0.835119,0.076783,-0.456393,0.590962,-0.137773,-0.895892,0.821956,0.075905,-0.455041,0.581882,-0.140083,-0.901191,0.838342,0.081854,-0.424583,0.58075,-0.120355
144,-0.910436,0.817547,0.106584,-0.460199,0.572074,-0.121106,-0.914782,0.818169,0.097028,-0.454861,0.585958,-0.146989,-0.913718,0.811923,0.092165,-0.449811,0.582505,-0.108681,-0.908274,0.815048,0.098521,-0.455486,0.585981,-0.125084
145,-0.925993,0.798699,0.107947,-0.458255,0.57974,-0.091065,-0.918835,0.802259,0.109096,-0.469564,0.581806,-0.119377,-0.918683,0.803124,0.114921,-0.457127,0.595703,-0.113997,-0.911698,0.796302,0.121844,-0.459158,0.566557,-0.129976
146,-0.915829,0.786535,0.132041,-0.467137,0.558753,-0.091172,-0.92125,0.781248,0.143241,-0.471909,0.577043,-0.129627,-0.926413,0.792037,0.132751,-0.490522,0.584529,-0.106899,-0.921663,0.796735,0.135341,-0.475567,0.57831,-0.089653
147,-0.931317,0.788353,0.154517,-0.481634,0.570877,-0.081319,-0.931037,0.790059,0.153436,-0.483614,0.555492,-0.078033,-0.935873,0.778959,0.147279,-0.482711,0.575447,-0.090603,-0.929037,0.769397,0.145707,-0.490202,0.568851,-0.076278
148,-0.942972,0.768654,0.175321,-0.504306,0.574187,-0.087106,-0.941217,0.766693,0.177984,-0.486719,0.572482,-0.079328,-0.946483,0.768578,0.164211,-0.484605,0.558758,-0.067306,-0.946456,0.770552,0.171387,-0.484054,0.562002,-0.071754
149,-0.944563,0.755039,0.190176,-0.482848,0.551793,-0.058562,-0.939958,0.759235,0.185801,-0.499485,0.568691,-0.088867,-0.943627,0.754479,0.18634,-0.497538,0.560161,-0.075296,-0.94309,0.752852,0.198073,-0.480322,0.548666,-0.073887
150,-0.946909,0.748455,0.208217,-0.498376,0.54808,-0.085918,-0.955674,0.743594,0.203928,-0.501845,0.539857,-0.065538,-0.950223,0.740223,0.20825,-0.490488,0.567563,-0.059195,-0.950628,0.745603,0.200648,-0.504776,0.557583,-0.048887
151,-0.950992,0.733146,0.224413,-0.503686,0.569233,-0.037588,-0.964863,0.730524,0.226661,-0.492057,0.547161,-0.048434,-0.954912,0.734381,0.217455,-0.510277,0.551611,-0.044423,-0.955473,0.734947,0.228264,-0.524189,0.534597,-0.039519
152,-0.962699,0.720484,0.238028,-0.524749,0.533788,-0.024502,-0.961374,0.718488,0.238703,-0.521788,0.546963,-0.038983,-0.957736,0.71792,0.245214,-0.522408,0.550717,-0.043392,-0.964025,0.718027,0.238839,-0.510509,0.538918,-0.019785
153,-0.96623,0.704026,0.261324,-0.522827,0.558571,-0.027696,-0.965967,0.711823,0.267272,-0.528993,0.540137,-0.021765,-0.973063,0.70074,0.264989,-0.513815,0.525784,-0.03247,-0.973812,0.700043,0.264021,-0.51572,0.53157,-0.028386
154,-0.970627,0.687588,0.271607,-0.511494,0.548174,-0.006613,-0.971642,0.694929,0.279097,-0.529204,0.540238,-0.026909,-0.980392,0.685965,0.285391,-0.534007,0.556677,-0.012386,-0.974396,0.689456,0.292437,-0.534333,0.531899,-0.004641
155,-0.970623,0.682327,0.305412,-0.515575,0.528764,-0.002875,-0.973391,0.676872,0.299739,-0.545985,0.533084,0.009895,-0.979335,0.672851,0.294131,-0.513559,0.539309,-0.005848,-0.974112,0.6785,0.29938,-0.545436,0.533518,0.000868
156,-0.987045,0.668879,0.310093,-0.528644,0.514241,0.006986,-0.973978,0.663436,0.31575,-0.54105,0.528585,0.026445,-0.978763,0.662299,0.315631,-0.561585,0.519122,0.004582,-0.972616,0.656776,0.312318,-0.523092,0.514224,-0.000361
157,-0.987518,0.654267,0.338422,-0.552212,0.529396,0.037856,-0.9802,0.643248,0.340116,-0.535875,0.515648,0.036163,-0.98282,0.647913,0.335627,-0.5342,0.521004,0.004674,-0.987574,0.648422,0.330996,-0.540281,0.519351,0.021628
158,-0.988416,0.626636,0.355078,-0.561808,0.512112,0.030077,-0.988763,0.620931,0.356967,-0.538526,0.511157,0.037687,-0.984689,0.63586,0.350623,-0.5477,0.505745,0.047205,-0.98896,0.634329,0.35457,-0.539963,0.525657,0.024211
159,-0.982818,0.627973,0.367779,-0.557534,0.499486,0.042305,-0.983339,0.620969,0.37973,-0.564749,0.508716,0.048135,-0.981998,0.616993,0.366582,-0.549073,0.502045,0.038845,-0.989625,0.618336,0.367708,-0.558695,0.500984,0.045422
160,-0.991064,0.612708,0.384197,-0.546716,0.509691,0.060541,-0.999693,0.603857,0.385545,-0.579482,0.478441,0.05766,-0.995933,0.600858,0.383179,-0.572604,0.484265,0.074456,-0.98766,0.603869,0.383561,-0.564397,0.521684,0.059803
161,-1.002981,0.592891,0.410909,-0.576886,0.514162,0.057334,-0.994268,0.589573,0.404839,-0.573337,0.461315,0.083661,-0.989403,0.584684,0.404928,-0.564759,0.497454,0.083245,-1.005142,0.591885,0.398195,-0.573277,0.463541,0.077402
162,-1.0048,0.574115,0.416021,-0.57653,0.475753,0.084022,-0.998129,0.574869,0.424863,-0.551036,0.500148,0.085888,-0.996143,0.573818,0.416953,-0.569054,0.49184,0.069447,-1.002842,0.570243,0.419364,-0.546839,0.47869,0.087041
163,-0.995279,0.55998,0.436433,-0.554578,0.490319,0.084164,-0.996673,0.553083,0.434001,-0.569483,0.463511,0.091621,-1.001599,0.555341,0.429736,-0.58735,0.489013,0.088483,-1.003091,0.554575,0.426294,-0.580077,0.466931,0.090932
164,-0.992802,0.549263,0.458271,-0.580305,0.473638,0.116118,-1.005598,0.546898,0.454622,-0.577276,0.484986,0.101528,-0.99531,0.545844,0.454729,-0.576729,0.443707,0.114296,-0.991436,0.549951,0.462938,-0.593675,0.451039,0.100447
165,-0.994357,0.527737,0.462496,-0.57459,0.474716,0.123404,-0.995821,0.528163,0.474992,-0.565431,0.462183,0.118185,-0.998036,0.54174,0.468969,-0.578299,0.464181,0.118177,-1.002724,0.527437,0.475244,-0.580315,0.467462,0.131877
166,-1.005107,0.503148,0.48682,-0.587113,0.460407,0.121971,-0.998927,0.501729,0.480915,-0.577066,0.44531,0.116551,-1.004718,0.506533,0.490397,-0.580827,0.45165,0.124594,-0.996575,0.508756,0.497079,-0.577695,0.455197,0.127319
167,-0.241957,0.129122,0.596055,-2.055253,1.572477,0.139347,-0.463974,0.236928,0.555742,-1.625813,1.240802,0.147511,-0.573781,0.282531,0.550687,-1.409945,1.060643,0.141016,-0.659827,0.322103,0.537211,-1.252266,0.940984,0.133753
168,-0.250622,0.113316,0.608899,-2.082504,1.536692,0.158805,-0.458839,0.221279,0.584888,-1.651682,1.237809,0.16156,-0.586718,0.280759,0.568212,-1.406518,1.044275,0.149174,-0.665227,0.313495,0.562796,-1.260507,0.955623,0.13822
169,-0.250464,0.114284,0.62889,-2.080882,1.499812,0.156378,-0.463605,0.217381,0.592629,-1.641322,1.195212,0.167139,-0.575375,0.267459,0.591706,-1.421154,1.025046,0.168612,-0.65744,0.298047,0.58923,-1.255154,0.896875,0.165944
170,-0.244529,0.110415,0.639268,-2.082617,1.462877,0.175943,-0.464825,0.209639,0.621011,-1.652906,1.187111,0.172488,-0.583035,0.253045,0.607882,-1.450806,1.023527,0.152626,-0.657291,0.293444,0.600008,-1.286405,0.917409,0.183594
171,-0.249937,0.099049,0.661599,-2.087839,1.43983,0.18447,-0.465706,0.198829,0.630756,-1.660924,1.144838,0.200572,-0.581549,0.241662,0.614946,-1.439715,0.999701,0.191043,-0.652324,0.274445,0.606583,-1.273293,0.878586,0.18731
172,-0.250311,0.103497,0.69046,-2.092964,1.421667,0.197484,-0.458079,0.199203,0.653888,-1.656663,1.134417,0.1891,-0.582651,0.236272,0.64279,-1.439622,0.984656,0.19576,-0.658758,0.27196,0.62927,-1.267118,0.869748,0.182491
173,-0.247202,0.103734,0.692419,-2.103034,1.386905,0.209496,-0.461706,0.181466,0.670321,-1.659515,1.09153,0.205076,-0.580841,0.220896,0.656315,-1.451747,0.954117,0.191215,-0.656289,0.264602,0.647951,-1.282305,0.852804,0.198941
174,-0.249144,0.0904,0.719369,-2.10838,1.35851,0.215771,-0.45641,0.177929,0.699906,-1.682747,1.071654,0.212653,-0.576465,0.225503,0.670098,-1.451922,0.923228,0.217793,-0.648699,0.233926,0.655363,-1.295233,0.845375,0.207501
175,-0.250957,0.092997,0.736427,-2.137589,1.333967,0.222196,-0.457988,0.161191,0.704544,-1.689613,1.052852,0.231096,-0.569904,0.206697,0.686413,-1.453809,0.911249,0.249408,-0.650601,0.242958,0.688209,-1.303665,0.810388,0.211777
176,-0.248389,0.077295,0.752205,-2.125654,1.316913,0.238176,-0.449192,0.154178,0.72668,-1.686161,1.026079,0.243358,-0.575342,0.199897,0.700546,-1.465101,0.912042,0.232717,-0.64297,0.227733,0.690963,-1.296353,0.793357,0.219578
177,-0.250691,0.080208,0.765495,-2.139697,1.275857,0.236378,-0.465034,0.147698,0.731199,-1.685602,0.99922,0.248472,-0.569473,0.189281,0.720181,-1.441086,0.86528,0.258758,-0.645757,0.203893,0.716419,-1.297466,0.768838,0.248069
178,-0.243643,0.080165,0.787192,-2.129896,1.214585,0.251363,-0.447538,0.141711,0.748286,-1.704511,0.993536,0.256866,-0.557734,0.183077,0.732485,-1.44807,0.836542,0.259768,-0.64458,0.206217,0.722074,-1.296855,0.753886,0.248516
179,-0.245004,0.07753,0.802905,-2.131572,1.190451,0.277256,-0.453076,0.135167,0.762659,-1.701946,0.948777,0.257281,-0.577337,0.165805,0.745602,-1.448335,0.826467,0.267128,-0.642487,0.186982,0.747147,-1.318942,0.739276,0.273401
180,-0.239893,0.071093,0.810231,-2.137281,1.153198,0.27449,-0.445357,0.124043,0.782853,-1.705577,0.938912,0.293708,-0.56085,0.158614,0.764745,-1.464397,0.788571,0.25675,-0.639919,0.183653,0.759476,-1.316848,0.704699,0.266712
181,-0.239229,0.057458,0.834203,-2.137717,1.124412,0.28138,-0.435905,0.123276,0.79256,-1.720078,0.904246,0.301617,-0.558006,0.152957,0.779571,-1.465592,0.777319,0.287421,-0.633312,0.165562,0.763745,-1.300714,0.683823,0.288097
182,-0.239771,0.056773,0.856517,-2.142083,1.085161,0.324519,-0.444482,0.104898,0.805546,-1.72743,0.877135,0.317191,-0.564948,0.142789,0.791812,-1.472371,0.745488,0.304069,-0.629533,0.153648,0.78408,-1.316748,0.649028,0.302708
183,-0.22799,0.054322,0.859067,-2.141947,1.06007,0.318096,-0.43964,0.104801,0.823994,-1.692561,0.849347,0.319649,-0.562355,0.118975,0.800438,-1.456425,0.700439,0.304621,-0.620972,0.137292,0.793097,-1.300381,0.63449,0.309047
184,-0.235494,0.047908,0.88027,-2.125767,1.025712,0.318262,-0.444154,0.088015,0.83779,-1.722797,0.813198,0.319444,-0.551824,0.114465,0.834428,-1.464404,0.717097,0.322235,-0.637151,0.133229,0.807703,-1.309199,0.615832,0.32409
185,-0.235117,0.048078,0.895218,-2.14042,1.002587,0.339741,-0.442285,0.083414,0.85172,-1.70779,0.78891,0.318699,-0.551581,0.102675,0.827904,-1.453587,0.683827,0.333727,-0.626109,0.114152,0.826289,-1.302699,0.594182,0.332406
186,-0.242741,0.0412,0.895544,-2.130849,0.957171,0.333969,-0.444033,0.065947,0.862829,-1.704007,0.750241,0.337637,-0.540756,0.088719,0.849621,-1.472676,0.635498,0.345492,-0.609896,0.093426,0.833701,-1.283796,0.577725,0.337397
187,-0.232537,0.03328,0.914394,-2.137585,0.922382,0.350155,-0.426906,0.064199,0.884158,-1.703849,0.74358,0.345916,-0.537744,0.075643,0.857971,-1.44808,0.622431,0.364226,-0.616078,0.086343,0.846529,-1.299806,0.551989,0.358659
188,-0.230759,0.032379,0.932268,-2.114719,0.867583,0.377375,-0.429105,0.061302,0.891524,-1.70449,0.704431,0.372369,-0.544569,0.065788,0.872882,-1.466369,0.59538,0.383216,-0.604537,0.078154,0.851754,-1.313287,0.536118,0.352746
189,-0.221722,0.018772,0.945377,-2.133686,0.850824,0.361945,-0.42838,0.049877,0.906322,-1.68979,0.655389,0.380759,-0.530389,0.063507,0.886922,-1.464727,0.566748,0.354787,-0.600337,0.066974,0.873994,-1.310903,0.513976,0.339308
190,-0.227391,0.01828,0.955675,-2.12827,0.783851,0.371269,-0.413701,0.033702,0.912501,-1.672822,0.64614,0.401639,-0.520906,0.052561,0.90425,-1.447115,0.557864,0.387646,-0.595398,0.056654,0.878607,-1.296112,0.503254,0.387729
191,-0.230488,0.005781,0.969488,-2.110715,0.774555,0.395979,-0.415141,0.026878,0.92358,-1.680488,0.615247,0.393419,-0.533535,0.030999,0.903202,-1.431699,0.539107,0.397921,-0.591167,0.039899,0.896674,-1.285698,0.45902,0.382548
192,-0.217338,0.005104,0.994779,-2.116989,0.717497,0.377933,-0.419339,0.024174,0.939784,-1.673367,0.570965,0.394967,-0.516398,0.025771,0.924326,-1.434893,0.501543,0.391295,-0.590231,0.036643,0.905238,-1.286397,0.437426,0.391718
193,-0.219168,0.00966,0.990469,-2.111928,0.694215,0.428033,-0.409021,0.010149,0.95349,-1.675548,0.561921,0.395867,-0.513656,0.019301,0.934386,-1.417339,0.458268,0.396171,-0.578676,0.010138,0.923789,-1.287661,0.428567,0.408109
194,-0.214383,-0.005574,1.010365,-2.09147,0.62881,0.425579,-0.402904,0.006694,0.955025,-1.665593,0.517728,0.424214,-0.509643,0.005366,0.943389,-1.421557,0.429829,0.404022,-0.573214,0.010694,0.93103,-1.294348,0.403995,0.394817
195,-0.220094,-0.003917,1.020057,-2.091063,0.612728,0.409625,-0.396597,-0.001802,0.971583,-1.671445,0.497843,0.404526,-0.50182,-0.000498,0.946191,-1.430412,0.425258,0.415935,-0.568945,-0.009873,0.936046,-1.2679,0.376228,0.425138
196,-0.216489,-0.0085,1.025199,-2.077101,0.605085,0.429225,-0.382334,-0.011965,0.985799,-1.672112,0.461931,0.420449,-0.501188,-0.011396,0.963408,-1.435975,0.395929,0.427726,-0.556142,-0.021535,0.952832,-1.260082,0.338332,0.423953
197,-0.210231,-0.012029,1.036229,-2.059001,0.516741,0.439935,-0.38751,-0.014114,0.998255,-1.637529,0.413896,0.445828,-0.486769,-0.02623,0.966567,-1.405343,0.35682,0.438611,-0.560106,-0.031241,0.95051,-1.273131,0.307971,0.443785
198,-0.218874,-0.016259,1.042756,-2.070605,0.508107,0.435907,-0.382583,-0.035592,1.004709,-1.64176,0.394338,0.446664,-0.48266,-0.040887,0.980504,-1.409169,0.334289,0.436135,-0.548758,-0.03809,0.967855,-1.242412,0.292056,0.449693
199,-0.203649,-0.026304,1.055932,-2.05829,0.456867,0.450943,-0.376285,-0.036588,1.0084,-1.630045,0.346971,0.453991,-0.470757,-0.04243,0.989416,-1.378085,0.321779,0.447726,-0.540856,-0.055635,0.982034,-1.245782,0.278377,0.461091
200,-0.197639,-0.027049,1.060977,-2.034069,0.409614,0.450881,-0.385022,-0.047393,1.023078,-1.612068,0.324855,0.477499,-0.479166,-0.049246,0.996615,-1.392577,0.28738,0.459082,-0.540189,-0.06894,0.98932,-1.233847,0.251049,0.464681
201,-0.203135,-0.025895,1.075264,-2.019231,0.38716,0.484661,-0.363955,-0.052885,1.031334,-1.614523,0.303548,0.460157,-0.471256,-0.078464,1.002891,-1.381929,0.258218,0.465251,-0.520398,-0.072835,0.996623,-1.224836,0.226314,0.47779
202,-0.186635,-0.038955,1.082993,-2.015495,0.338247,0.464417,-0.360209,-0.078127,1.039796,-1.591275,0.244987,0.464169,-0.450498,-0.084791,1.018279,-1.368978,0.231099,0.47315,-0.512004,-0.093547,1.001105,-1.213919,0.205399,0.471848
203,-0.195206,-0.036661,1.095389,-1.99663,0.288646,0.47377,-0.356562,-0.072536,1.046419,-1.585805,0.240282,0.48731,-0.460286,-0.091432,1.026248,-1.36664,0.201434,0.497372,-0.512659,-0.101994,1.013021,-1.23207,0.171644,0.461862
204,-0.195329,-0.035214,1.103625,-1.970221,0.26508,0.492381,-0.347319,-0.082335,1.054445,-1.571299,0.213648,0.493279,-0.44535,-0.097847,1.031282,-1.345566,0.174826,0.507968,-0.499272,-0.121321,1.024976,-1.203529,0.1563,0.487704
205,-0.186786,-0.052764,1.106987,-1.969565,0.208642,0.510872,-0.352835,-0.093508,1.058286,-1.565338,0.179741,0.485463,-0.440026,-0.109593,1.035452,-1.33757,0.15273,0.504404,-0.489903,-0.123954,1.015619,-1.181803,0.120448,0.494792
206,-0.189716,-0.04857,1.11493,-1.942058,0.181595,0.51294,-0.337423,-0.094889,1.063523,-1.537488,0.129301,0.515747,-0.422713,-0.12277,1.042361,-1.343386,0.115429,0.489641,-0.489894,-0.146393,1.023092,-1.194991,0.094936,0.491129
207,-0.174485,-0.051661,1.114877,-1.926247,0.144297,0.516636,-0.340712,-0.106215,1.071464,-1.527074,0.097885,0.507566,-0.425016,-0.136404,1.049762,-1.328717,0.09081,0.498624,-0.489942,-0.152707,1.03347,-1.185424,0.074426,0.519256
208,-0.176903,-0.067439,1.120919,-1.887626,0.083168,0.512142,-0.324254,-0.117326,1.076902,-1.538283,0.097478,0.507585,-0.425897,-0.15335,1.05437,-1.302486,0.063751,0.533399,-0.476806,-0.168922,1.04,-1.171254,0.060724,0.522117
209,-0.174241,-0.068937,1.123244,-1.879953,0.066975,0.537303,-0.320375,-0.112229,1.086802,-1.49629,0.054561,0.520442,-0.403817,-0.152752,1.062912,-1.271669,0.058037,0.500522,-0.462401,-0.179745,1.037211,-1.154606,0.051874,0.528339
210,-0.167813,-0.067427,1.135299,-1.863818,0.000874,0.542123,-0.325727,-0.135117,1.091707,-1.49469,0.012537,0.51933,-0.394969,-0.170958,1.062506,-1.269588,-0.002512,0.525407,-0.448239,-0.197265,1.044857,-1.155775,0.013796,0.526191
211,-0.165239,-0.075058,1.135783,-1.841449,-0.015419,0.537419,-0.318297,-0.141236,1.094487,-1.472933,-0.050384,0.530577,-0.39346,-0.179424,1.064551,-1.257298,-0.009458,0.524442,-0.432774,-0.208672,1.053195,-1.11155,-0.027146,0.532561
212,-0.16801,-0.085029,1.136456,-1.834193,-0.081709,0.551073,-0.302743,-0.14962,1.095362,-1.459435,-0.056423,0.556792,-0.388569,-0.193174,1.068454,-1.235953,-0.052479,0.551452,-0.428427,-0.205264,1.058792,-1.106021,-0.038562,0.541701
213,-0.160025,-0.07965,1.137182,-1.82128,-0.108258,0.545527,-0.299733,-0.157406,1.097621,-1.424447,-0.076226,0.561381,-0.368748,-0.199006,1.07685,-1.237585,-0.071486,0.542319,-0.424463,-0.21635,1.062025,-1.105015,-0.080023,0.535766
214,-0.159929,-0.083906,1.158186,-1.789046,-0.155257,0.552401,-0.296668,-0.161111,1.106521,-1.41937,-0.11162,0.554753,-0.360599,-0.213752,1.070555,-1.207135,-0.109927,0.551847,-0.422335,-0.237958,1.061023,-1.088435,-0.094806,0.551103
215,-0.154466,-0.099222,1.148835,-1.763941,-0.19028,0.5634,-0.286209,-0.171653,1.117292,-1.392646,-0.157832,0.551209,-0.350302,-0.227398,1.096564,-1.184653,-0.104581,0.572302,-0.406311,-0.254302,1.065678,-1.063462,-0.109924,0.546779
216,-0.145965,-0.094401,1.157947,-1.736221,-0.202917,0.573754,-0.276953,-0.1905,1.111847,-1.374789,-0.170322,0.579306,-0.341923,-0.226827,1.086831,-1.180334,-0.152108,0.546486,-0.392124,-0.251689,1.073979,-1.048565,-0.13573,0.562836
217,-0.140768,-0.098374,1.157332,-1.71205,-0.266044,0.575278,-0.273197,-0.191271,1.113024,-1.352505,-0.205194,0.546388,-0.333644,-0.233513,1.088793,-1.166683,-0.197077,0.560311,-0.378878,-0.271908,1.064747,-1.020245,-0.157885,0.545803
218,-0.137753,-0.112546,1.165009,-1.694841,-0.299884,0.581917,-0.25871,-0.202122,1.112079,-1.343021,-0.230377,0.574804,-0.328771,-0.246797,1.095811,-1.14643,-0.208471,0.584984,-0.376817,-0.286603,1.067271,-1.029087,-0.180569,0.565232
219,-0.14021,-0.114855,1.168288,-1.663507,-0.35897,0.579059,-0.249033,-0.21174,1.116503,-1.317614,-0.276243,0.55771,-0.321217,-0.259941,1.088739,-1.137069,-0.248687,0.58089,-0.364018,-0.286962,1.071963,-1.029901,-0.211787,0.565491
220,-0.129006,-0.113945,1.156782,-1.636716,-0.374842,0.582395,-0.248557,-0.221167,1.118626,-1.304984,-0.305499,0.577183,-0.31177,-0.277193,1.08552,-1.115352,-0.278864,0.578819,-0.357426,-0.302258,1.074794,-1.002856,-0.227555,0.576883
221,-0.131422,-0.121508,1.161374,-1.610016,-0.431709,0.585756,-0.252071,-0.22334,1.107773,-1.291056,-0.337708,0.574493,-0.301531,-0.281128,1.088532,-1.096222,-0.283989,0.582445,-0.33828,-0.326653,1.079864,-0.965772,-0.262,0.595802
222,-0.11485,-0.130462,1.165142,-1.596177,-0.479347,0.568805,-0.229163,-0.229967,1.121778,-1.274557,-0.372732,0.567378,-0.28999,-0.286393,1.089578,-1.076529,-0.313989,0.599005,-0.335221,-0.312682,1.066298,-0.976598,-0.263707,0.577715
223,-0.12117,-0.120187,1.174466,-1.54126,-0.511933,0.587616,-0.221761,-0.244407,1.115529,-1.23595,-0.432753,0.577057,-0.286094,-0.304876,1.095477,-1.064385,-0.358249,0.594241,-0.322795,-0.346319,1.081492,-0.943157,-0.31979,0.595416
224,-0.117506,-0.132278,1.158713,-1.527167,-0.55788,0.578646,-0.214191,-0.244634,1.118265,-1.222238,-0.413551,0.578627,-0.269497,-0.3088,1.09234,-1.04689,-0.355721,0.560011,-0.306725,-0.350034,1.07466,-0.929896,-0.329794,0.600719
225,-0.117744,-0.147576,1.162345,-1.485596,-0.582061,0.57926,-0.211,-0.256572,1.120066,-1.192815,-0.464756,0.608387,-0.272628,-0.321518,1.089458,-1.015622,-0.394486,0.581363,-0.294505,-0.359724,1.074595,-0.909338,-0.352434,0.608075
226,-0.11663,-0.135695,1.161521,-1.460375,-0.611282,0.618799,-0.201041,-0.259889,1.111209,-1.17058,-0.492947,0.597007,-0.255239,-0.333437,1.089588,-0.989045,-0.436665,0.582577,-0.291358,-0.373377,1.074617,-0.898768,-0.393243,0.593573
227,-0.104455,-0.140689,1.168166,-1.434999,-0.660421,0.593785,-0.189785,-0.269793,1.108869,-1.154608,-0.525662,0.596045,-0.242338,-0.336299,1.094079,-0.982295,-0.473844,0.59471,-0.27884,-0.382489,1.082664,-0.869257,-0.400506,0.598777
228,-0.089711,-0.146225,1.166525,-1.404856,-0.709811,0.607904,-0.188699,-0.269256,1.105235,-1.132992,-0.567059,0.603229,-0.235824,-0.338384,1.082806,-0.955002,-0.473005,0.59982,-0.26403,-0.392242,1.072216,-0.867896,-0.438633,0.585424
229,-0.099828,-0.161619,1.165408,-1.362842,-0.741235,0.619211,-0.184529,-0.284276,1.117059,-1.086315,-0.588498,0.617779,-0.223004,-0.351255,1.085319,-0.944389,-0.515652,0.597287,-0.261002,-0.397294,1.067791,-0.825783,-0.43399,0.62281
230,-0.089293,-0.15093,1.151485,-1.337953,-0.764914,0.616675,-0.170367,-0.284694,1.099186,-1.064144,-0.608954,0.607595,-0.212601,-0.356232,1.074905,-0.931484,-0.530794,0.606454,-0.241641,-0.413184,1.066853,-0.81776,-0.475681,0.584744
231,-0.095102,-0.165401,1.157476,-1.316377,-0.814169,0.601988,-0.159777,-0.291303,1.103265,-1.048497,-0.647352,0.611116,-0.209914,-0.371655,1.070365,-0.898189,-0.578488,0.609178,-0.233184,-0.409728,1.057367,-0.800712,-0.506952,0.607174
232,-0.081265,-0.155903,1.140041,-1.281396,-0.851253,0.604369,-0.150551,-0.29909,1.104057,-1.00898,-0.676531,0.628854,-0.19535,-0.375274,1.072862,-0.881401,-0.572624,0.59738,-0.220122,-0.423599,1.062764,-0.777096,-0.534915,0.610921
233,-0.082662,-0.165582,1.141911,-1.225976,-0.90244,0.605629,-0.137846,-0.315864,1.107177,-0.995471,-0.708959,0.613059,-0.186143,-0.384707,1.074953,-0.862918,-0.609268,0.610062,-0.204945,-0.436198,1.05312,-0.780796,-0.534523,0.598246
234,-0.075891,-0.165488,1.135265,-1.203354,-0.929247,0.595889,-0.134793,-0.303221,1.086425,-0.965089,-0.746785,0.619776,-0.162978,-0.403438,1.0682,-0.828161,-0.637056,0.606703,-0.201875,-0.444653,1.044614,-0.73567,-0.564177,0.608995
235,-0.074393,-0.179249,1.128854,-1.183415,-0.959734,0.631121,-0.134788,-0.317835,1.090671,-0.95532,-0.767696,0.605219,-0.166285,-0.40759,1.056208,-0.791467,-0.667098,0.615965,-0.182278,-0.45342,1.039174,-0.721126,-0.581164,0.621166
236,-0.071898,-0.176064,1.12176,-1.158356,-1.002543,0.609371,-0.117863,-0.343524,1.08038,-0.899442,-0.797873,0.606349,-0.149149,-0.410827,1.050296,-0.774744,-0.668488,0.614822,-0.177106,-0.469947,1.045552,-0.698505,-0.62549,0.617366
237,-0.058471,-0.178013,1.1179,-1.115135,-1.032066,0.602262,-0.109938,-0.342725,1.078228,-0.892426,-0.814734,0.618316,-0.144176,-0.419727,1.056573,-0.753326,-0.689131,0.614334,-0.164632,-0.475853,1.035619,-0.701106,-0.617549,0.610674
238,-0.053579,-0.183977,1.113105,-1.078595,-1.078505,0.609837,-0.100509,-0.336509,1.069888,-0.860154,-0.849346,0.621032,-0.128181,-0.423999,1.046529,-0.743448,-0.719434,0.596443,-0.141196,-0.481371,1.026194,-0.653898,-0.649464,0.609636
239,-0.064884,-0.190755,1.110416,-1.042076,-1.114187,0.606773,-0.092813,-0.345737,1.070787,-0.834259,-0.868883,0.597659,-0.114264,-0.429508,1.033751,-0.708593,-0.766955,0.616608,-0.13658,-0.496357,1.02841,-0.651954,-0.659293,0.609834
240,-0.045567,-0.173421,1.099681,-1.012509,-1.147495,0.600573,-0.089609,-0.350205,1.066296,-0.77735,-0.886966,0.623488,-0.102294,-0.439016,1.032534,-0.689656,-0.771964,0.62957,-0.119257,-0.490505,1.013977,-0.602488,-0.695233,0.618793
241,-0.043696,-0.18811,1.085592,-0.96602,-1.163278,0.610273,-0.076779,-0.359064,1.052772,-0.783141,-0.939027,0.620258,-0.100139,-0.45168,1.023192,-0.659443,-0.812597,0.615187,-0.108883,-0.508271,1.009497,-0.579951,-0.710756,0.62766
242,-0.036189,-0.195731,1.090749,-0.938203,-1.205317,0.611843,-0.074459,-0.361978,1.041323,-0.744434,-0.951571,0.591357,-0.087779,-0.449876,1.016946,-0.633908,-0.817772,0.619251,-0.098884,-0.519183,1.0129,-0.553275,-0.743803,0.610496
243,-0.041949,-0.206574,1.082294,-0.914946,-1.24717,0.628729,-0.064761,-0.356434,1.042953,-0.705538,-0.979669,0.597167,-0.07042,-0.465575,1.015493,-0.61518,-0.843021,0.613044,-0.085089,-0.519731,0.994654,-0.543803,-0.763617,0.59925
244,-0.035506,-0.195195,1.073815,-0.859907,-1.267594,0.607998,-0.048524,-0.371442,1.026051,-0.671801,-1.012434,0.609195,-0.064625,-0.470496,0.997444,-0.575849,-0.858655,0.623446,-0.077838,-0.524034,0.996918,-0.513032,-0.773892,0.603485
245,-0.018876,-0.203709,1.069063,-0.828024,-1.304771,0.598663,-0.047288,-0.379502,1.018314,-0.668138,-1.053751,0.604256,-0.058205,-0.477474,0.991789,-0.583699,-0.896047,0.607102,-0.069337,-0.542839,0.97792,-0.497005,-0.797177,0.617632
246,-0.01522,-0.204042,1.049246,-0.798452,-1.331371,0.604241,-0.030694,-0.380821,1.011574,-0.614281,-1.056194,0.607879,-0.043855,-0.479642,0.989324,-0.551742,-0.905537,0.598673,-0.056371,-0.550245,0.970743,-0.501677,-0.813788,0.61301
247,-0.010884,-0.217205,1.037994,-0.746637,-1.364429,0.585787,-0.027833,-0.384283,1.000887,-0.605844,-1.086449,0.607064,-0.037028,-0.483978,0.969769,-0.519642,-0.942005,0.610858,-0.033538,-0.549383,0.965805,-0.447593,-0.834204,0.60262
248,-0.000245,-0.20838,1.031477,-0.704523,-1.400566,0.581182,-0.021386,-0.393563,0.99388,-0.557713,-1.121096,0.598054,-0.016919,-0.485654,0.963245,-0.473811,-0.934552,0.612513,-0.025375,-0.558303,0.948332,-0.430912,-0.857694,0.60693
249,-0.011592,-0.211488,1.029414,-0.670074,-1.410223,0.593716,-0.012144,-0.393868,0.982149,-0.524298,-1.14354,0.585436,-0.007237,-0.494154,0.95878,-0.46817,-0.980564,0.595373,-0.017597,-0.568044,0.939822,-0.414413,-0.870861,0.593437
250,-0.001368,-0.205386,1.011147,-0.635334,-1.462764,0.603194,-0.001224,-0.385256,0.965675,-0.49598,-1.171179,0.598514,-0.005565,-0.502838,0.943536,-0.427734,-1.014445,0.605349,-0.00154,-0.565691,0.928513,-0.389901,-0.898885,0.616394
251,-0.00153,-0.216834,1.007199,-0.592024,-1.491117,0.605411,3.8e-05,-0.397397,0.955933,-0.472787,-1.193234,0.587165,0.008777,-0.517944,0.93587,-0.411888,-1.021932,0.591156,0.018734,-0.575287,0.9124,-0.37156,-0.906002,0.597244
252,0.008385,-0.218921,0.992077,-0.570563,-1.53005,0.595333,0.007366,-0.419549,0.947828,-0.43797,-1.203144,0.599176,0.01637,-0.524476,0.918876,-0.358074,-1.027331,0.606017,0.024509,-0.582722,0.914416,-0.333352,-0.937947,0.60092
253,0.013987,-0.230427,0.984106,-0.510385,-1.536891,0.591365,0.035178,-0.419673,0.939871,-0.420457,-1.224889,0.574778,0.028552,-0.514233,0.904326,-0.340672,-1.058584,0.577864,0.033851,-0.579128,0.909626,-0.316304,-0.937238,0.57531
254,0.030895,-0.227837,0.964318,-0.489717,-1.581886,0.578347,0.041682,-0.416377,0.925228,-0.382936,-1.236106,0.599681,0.03192,-0.525805,0.90838,-0.340141,-1.07907,0.582739,0.050717,-0.594341,0.878601,-0.289533,-0.952634,0.577352
255,0.024096,-0.232882,0.95043,-0.421632,-1.614007,0.584413,0.041483,-0.42134,0.910086,-0.353667,-1.245452,0.589202,0.059619,-0.527185,0.889889,-0.292753,-1.076475,0.573809,0.054182,-0.604177,0.87432,-0.262147,-0.97086,0.594975
256,0.015248,-0.224051,0.947069,-0.397361,-1.627884,0.58638,0.04319,-0.425442,0.906396,-0.306773,-1.295056,0.573844,0.064123,-0.537785,0.880195,-0.258256,-1.112612,0.582727,0.076439,-0.608897,0.873964,-0.238576,-0.985862,0.587655
257,0.02829,-0.235919,0.917802,-0.357974,-1.66369,0.571433,0.058207,-0.438252,0.883431,-0.272597,-1.315432,0.584788,0.074253,-0.544428,0.857708,-0.244581,-1.138603,0.577548,0.084732,-0.616045,0.857485,-0.200626,-1.006026,0.559996
258,0.034896,-0.227766,0.906816,-0.328449,-1.651049,0.574491,0.065962,-0.436382,0.876237,-0.256535,-1.336243,0.589433,0.081284,-0.542337,0.848294,-0.213517,-1.157204,0.581935,0.097214,-0.616748,0.843094,-0.193144,-1.000023,0.581234
259,0.039005,-0.230281,0.895945,-0.279288,-1.694891,0.566655,0.078401,-0.439335,0.858833,-0.227757,-1.343397,0.572063,0.097419,-0.548457,0.842229,-0.182282,-1.168112,0.569853,0.112756,-0.616743,0.833191,-0.189406,-1.048171,0.561602
260,0.036545,-0.241729,0.888652,-0.242831,-1.725896,0.563013,0.094484,-0.439622,0.841218,-0.193509,-1.377048,0.563597,0.106179,-0.548628,0.827437,-0.170363,-1.182433,0.564124,0.125346,-0.628179,0.803536,-0.143684,-1.030412,0.55022
261,0.051372,-0.235445,0.86725,-0.211794,-1.736018,0.561912,0.094413,-0.449384,0.830975,-0.16121,-1.381442,0.547759,0.126543,-0.55703,0.810073,-0.144189,-1.208047,0.5623,0.135068,-0.636371,0.800633,-0.128501,-1.066301,0.569622
262,0.050227,-0.245184,0.845137,-0.150833,-1.77793,0.549635,0.105386,-0.44271,0.811344,-0.122926,-1.409565,0.534728,0.128467,-0.567821,0.792263,-0.108246,-1.20507,0.568,0.150335,-0.631016,0.79282,-0.093515,-1.077779,0.561316
263,0.060184,-0.236812,0.833398,-0.124866,-1.794282,0.553163,0.111878,-0.444962,0.813068,-0.108369,-1.407171,0.565313,0.14226,-0.560715,0.789336,-0.095466,-1.234283,0.543637,0.164521,-0.639265,0.779316,-0.061795,-1.089382,0.555327
264,0.056324,-0.24739,0.820499,-0.062256,-1.809318,0.537486,0.115997,-0.439402,0.795089,-0.048502,-1.440157,0.542963,0.143772,-0.555417,0.770091,-0.058663,-1.245584,0.529827,0.168736,-0.633489,0.757309,-0.050642,-1.09533,0.540176
265,0.065522,-0.238651,0.801984,-0.040291,-1.836421,0.544346,0.127014,-0.449345,0.783951,-0.011676,-1.458514,0.545769,0.153473,-0.569937,0.745256,-0.012912,-1.236638,0.538915,0.181713,-0.640941,0.745901,-0.01746,-1.107014,0.537007
266,0.080852,-0.238664,0.794838,0.009635,-1.863579,0.528626,0.139484,-0.456209,0.746198,-0.000795,-1.474346,0.536508,0.170555,-0.571035,0.747156,0.007514,-1.266362,0.528637,0.195576,-0.633658,0.728338,0.002183,-1.140517,0.541286
267,0.085005,-0.246294,0.781047,0.032046,-1.882614,0.518699,0.139338,-0.450632,0.744292,0.036561,-1.516462,0.525395,0.187559,-0.57182,0.725585,0.029653,-1.294501,0.53318,0.208866,-0.650557,0.712556,0.034535,-1.140301,0.532165
268,0.089015,-0.246322,0.751489,0.090171,-1.900084,0.529265,0.152691,-0.446852,0.728729,0.06033,-1.508089,0.506969,0.1993,-0.572392,0.715669,0.062319,-1.293757,0.516822,0.217496,-0.644664,0.692201,0.039275,-1.154877,0.516492
269,0.088333,-0.241062,0.745565,0.14691,-1.924619,0.515641,0.149441,-0.454782,0.710073,0.071724,-1.505501,0.521862,0.205807,-0.576146,0.696986,0.085163,-1.31307,0.511179,0.234335,-0.65217,0.687356,0.073231,-1.169388,0.510379
270,0.101485,-0.236859,0.724515,0.160226,-1.922167,0.505097,0.169289,-0.455377,0.690627,0.139378,-1.551237,0.507556,0.211922,-0.573872,0.681925,0.102881,-1.327612,0.526517,0.245047,-0.650576,0.668274,0.094654,-1.19385,0.510623
271,0.099726,-0.250247,0.707125,0.223348,-1.952005,0.49291,0.183788,-0.463225,0.677628,0.166345,-1.551201,0.48948,0.226984,-0.577627,0.663665,0.115729,-1.322291,0.513882,0.258827,-0.645755,0.647671,0.107047,-1.210994,0.506727
272,0.101035,-0.24993,0.684939,0.241702,-1.973477,0.494201,0.187621,-0.460432,0.670792,0.192215,-1.571416,0.512371,0.238592,-0.578272,0.650224,0.147755,-1.34158,0.490881,0.263384,-0.658346,0.636023,0.14422,-1.222371,0.492744
273,0.099858,-0.23638,0.671307,0.286333,-1.991834,0.475573,0.190902,-0.462503,0.637879,0.219636,-1.599409,0.489352,0.242378,-0.570675,0.63062,0.182687,-1.34021,0.466115,0.269111,-0.648698,0.626467,0.186934,-1.223836,0.47688
274,0.107421,-0.258615,0.646334,0.322279,-2.008848,0.458333,0.207085,-0.466578,0.62232,0.248023,-1.601629,0.489092,0.25554,-0.582067,0.612896,0.224325,-1.358746,0.495224,0.287085,-0.665627,0.610248,0.177801,-1.229704,0.486399
275,0.120909,-0.253896,0.635266,0.348569,-2.006822,0.466249,0.210285,-0.460939,0.605528,0.294469,-1.5984,0.48056,0.266474,-0.583899,0.594302,0.248868,-1.401996,0.47367,0.299557,-0.657522,0.592744,0.220759,-1.236342,0.458025
276,0.113428,-0.253465,0.615788,0.409275,-2.008868,0.479973,0.214538,-0.459872,0.597383,0.313225,-1.608306,0.464861,0.271424,-0.586247,0.580495,0.284672,-1.375506,0.468884,0.312136,-0.663074,0.575259,0.264859,-1.234846,0.467735
277,0.124108,-0.252547,0.602156,0.445336,-2.04358,0.440032,0.217612,-0.464917,0.578595,0.354926,-1.636658,0.455605,0.282285,-0.585283,0.555511,0.318339,-1.386899,0.448623,0.31943,-0.652661,0.548487,0.245472,-1.219727,0.457357
278,0.123199,-0.250192,0.582532,0.473833,-2.058942,0.438597,0.237267,-0.465379,0.556397,0.384593,-1.635449,0.452505,0.289633,-0.578732,0.540875,0.32985,-1.405858,0.459734,0.332513,-0.659596,0.530587,0.274045,-1.275914,0.448506
279,0.126042,-0.250606,0.563085,0.540125,-2.073511,0.425559,0.238765,-0.461214,0.527655,0.420559,-1.648535,0.416932,0.300866,-0.58003,0.527237,0.374308,-1.41445,0.44217,0.345117,-0.665356,0.506744,0.318933,-1.246472,0.435455
280,0.135794,-0.253367,0.542962,0.563139,-2.081539,0.431965,0.246326,-0.464066,0.520946,0.454812,-1.637272,0.418406,0.314438,-0.595485,0.508849,0.37289,-1.405552,0.443813,0.349821,-0.656314,0.502775,0.353116,-1.275258,0.431487
281,0.13811,-0.246424,0.518788,0.605947,-2.08264,0.411173,0.250703,-0.455632,0.496291,0.476734,-1.671161,0.412339,0.323442,-0.58342,0.47947,0.412938,-1.418961,0.441026,0.35718,-0.661329,0.486525,0.34544,-1.261557,0.40764
282,0.143199,-0.250859,0.496345,0.662388,-2.111024,0.41419,0.265959,-0.459182,0.477818,0.522505,-1.645727,0.428735,0.32958,-0.588328,0.47922,0.442209,-1.44391,0.406528,0.373408,-0.663982,0.470654,0.390156,-1.272653,0.398406
283,0.141563,-0.240485,0.480337,0.688245,-2.090087,0.410666,0.273605,-0.460577,0.458184,0.547885,-1.693878,0.41091,0.332873,-0.582951,0.453542,0.444777,-1.437104,0.398741,0.374121,-0.661432,0.441811,0.422773,-1.303157,0.401578
284,0.14821,-0.249304,0.456111,0.727328,-2.119865,0.386914,0.28451,-0.455637,0.444727,0.565483,-1.689357,0.389692,0.358918,-0.578392,0.428941,0.497636,-1.449907,0.394414,0.391812,-0.657386,0.4358,0.431443,-1.293352,0.406927
285,0.160398,-0.248044,0.448633,0.762731,-2.107891,0.38355,0.282974,-0.464241,0.417388,0.591997,-1.671843,0.377428,0.364584,-0.5792,0.420462,0.521334,-1.454894,0.391112,0.407238,-0.649791,0.407264,0.466362,-1.285686,0.407641
286,0.149603,-0.24202,0.422297,0.792788,-2.107165,0.378539,0.29238,-0.46588,0.401265,0.630484,-1.68291,0.379944,0.364444,-0.588856,0.402529,0.542621,-1.458009,0.379705,0.417589,-0.64775,0.390248,0.474326,-1.306558,0.380752
287,0.153692,-0.241412,0.396128,0.835841,-2.131991,0.369572,0.29545,-0.453849,0.385243,0.659542,-1.690092,0.38276,0.372158,-0.575422,0.371458,0.552018,-1.458995,0.376925,0.429538,-0.655221,0.362051,0.486852,-1.302595,0.369041
288,0.166053,-0.240744,0.376439,0.87961,-2.139634,0.357134,0.306275,-0.447105,0.369964,0.689858,-1.704025,0.345547,0.381759,-0.569152,0.348911,0.584593,-1.459714,0.355391,0.424242,-0.635824,0.354027,0.527818,-1.300664,0.374012
289,0.164671,-0.246703,0.363539,0.927156,-2.140991,0.344055,0.306027,-0.456297,0.339858,0.711378,-1.703099,0.337104,0.394568,-0.565357,0.332288,0.619042,-1.463953,0.362929,0.44234,-0.643479,0.334894,0.568042,-1.300829,0.36092
290,0.178406,-0.245119,0.342361,0.943521,-2.15267,0.35411,0.317072,-0.441846,0.326349,0.759217,-1.719026,0.350527,0.395854,-0.572518,0.322976,0.645909,-1.447568,0.339741,0.44855,-0.650613,0.316441,0.575438,-1.313037,0.350297
291,0.179451,-0.246358,0.321112,0.978139,-2.138768,0.343303,0.32824,-0.444692,0.302531,0.771581,-1.693494,0.352662,0.402127,-0.566106,0.296783,0.661922,-1.446518,0.335123,0.46829,-0.643078,0.287119,0.602585,-1.321768,0.337481
292,0.176876,-0.24421,0.297893,1.01296,-2.145462,0.318199,0.336434,-0.442802,0.285737,0.816415,-1.69976,0.311953,0.407909,-0.563694,0.28387,0.688351,-1.466265,0.335727,0.46966,-0.643295,0.271936,0.625395,-1.319362,0.320403
293,0.171158,-0.23887,0.266334,1.040028,-2.14372,0.317885,0.333309,-0.453467,0.26542,0.836946,-1.703913,0.3202,0.418522,-0.559626,0.254655,0.722706,-1.444645,0.2929,0.48362,-0.639211,0.25559,0.633567,-1.322262,0.31894
294,0.188533,-0.242772,0.251639,1.068991,-2.163967,0.301042,0.348398,-0.438525,0.236129,0.878303,-1.726637,0.295849,0.43024,-0.563009,0.234337,0.733379,-1.467743,0.288903,0.489748,-0.63445,0.233061,0.659285,-1.319433,0.297092
295,0.193881,-0.243207,0.236144,1.124104,-2.147678,0.286728,0.352753,-0.440625,0.233052,0.886764,-1.716598,0.318191,0.435058,-0.55293,0.209373,0.777255,-1.452413,0.281501,0.481876,-0.619957,0.210722,0.695382,-1.319226,0.304822
296,0.19367,-0.227089,0.213262,1.167158,-2.150849,0.288996,0.355516,-0.436459,0.19742,0.925292,-1.720102,0.284904,0.444765,-0.535063,0.194148,0.793874,-1.460392,0.287689,0.503271,-0.616614,0.201157,0.69391,-1.324245,0.289597
297,0.198131,-0.234649,0.188364,1.180658,-2.141984,0.281482,0.355825,-0.431839,0.17374,0.938992,-1.706371,0.268859,0.452782,-0.547081,0.180158,0.82384,-1.454308,0.261254,0.505452,-0.618112,0.173392,0.734167,-1.296161,0.283873
298,0.200209,-0.226235,0.166856,1.213336,-2.157507,0.252206,0.355823,-0.430377,0.155919,0.964081,-1.71785,0.257063,0.45901,-0.538936,0.162171,0.837896,-1.471223,0.252384,0.51828,-0.617963,0.149548,0.768504,-1.311949,0.277983
299,0.211247,-0.234512,0.148861,1.245185,-2.127342,0.266745,0.368389,-0.427635,0.136458,0.985181,-1.713832,0.248946,0.457506,-0.538196,0.134993,0.847077,-1.454861,0.258647,0.526785,-0.606828,0.140828,0.764199,-1.309516,0.251129
300,0.205569,-0.227987,0.122285,1.288508,-2.139445,0.2393,0.379322,-0.417925,0.122574,1.037619,-1.69189,0.241948,0.471259,-0.521757,0.108021,0.885268,-1.445257,0.221057,0.537218,-0.60055,0.114775,0.767071,-1.303847,0.224575
301,0.209108,-0.226076,0.100476,1.316381,-2.130349,0.233362,0.38391,-0.429765,0.100093,1.059007,-1.692958,0.237356,0.488063,-0.531686,0.09641,0.895439,-1.447802,0.223512,0.527676,-0.591778,0.091256,0.805847,-1.298644,0.234113
302,0.205513,-0.220678,0.081078,1.364349,-2.110498,0.210272,0.389177,-0.411854,0.0682,1.077677,-1.685535,0.223556,0.476759,-0.51888,0.078999,0.925881,-1.450719,0.229148,0.55534,-0.587489,0.063935,0.818451,-1.296297,0.21619
303,0.221309,-0.221766,0.061431,1.394048,-2.113721,0.199054,0.383281,-0.412784,0.048872,1.086785,-1.680615,0.212378,0.485988,-0.516012,0.054101,0.950963,-1.454422,0.21287,0.556214,-0.586429,0.051597,0.836396,-1.293245,0.203798
304,0.205724,-0.224834,0.028496,1.427839,-2.122741,0.215693,0.399232,-0.411468,0.028514,1.125649,-1.671232,0.187468,0.49106,-0.517615,0.037444,0.97381,-1.444562,0.189865,0.560276,-0.586661,0.029381,0.85455,-1.284872,0.19876
305,0.213595,-0.223467,0.010704,1.448408,-2.103117,0.179695,0.391092,-0.398883,0.013203,1.162487,-1.671967,0.193359,0.505027,-0.50308,0.008749,0.985991,-1.436698,0.171898,0.579992,-0.569899,0.014792,0.886205,-1.281061,0.198206
306,0.224144,-0.206694,-0.005051,1.455331,-2.098815,0.169285,0.411918,-0.39275,0.000655,1.155585,-1.669503,0.171559,0.518501,-0.504663,-0.009841,1.001618,-1.412659,0.176113,0.571808,-0.571969,-0.006638,0.894713,-1.298558,0.191871
307,0.21493,-0.209198,-0.031239,1.505959,-2.070747,0.171373,0.406372,-0.387824,-0.040246,1.21869,-1.646485,0.163499,0.516471,-0.487145,-0.03579,1.03274,-1.408098,0.154136,0.581697,-0.556208,-0.029324,0.918396,-1.266887,0.181464
308,0.22377,-0.21811,-0.054173,1.546461,-2.072539,0.18189,0.41718,-0.385193,-0.052394,1.207367,-1.661566,0.158319,0.517626,-0.483244,-0.05055,1.029054,-1.422934,0.142176,0.576224,-0.550095,-0.052337,0.933244,-1.250752,0.165701
309,0.221346,-0.200436,-0.073023,1.541215,-2.067172,0.14434,0.421386,-0.393742,-0.078582,1.259388,-1.64734,0.155566,0.516954,-0.497587,-0.071584,1.068457,-1.411774,0.141074,0.594847,-0.544709,-0.071854,0.953126,-1.265804,0.134139
310,0.220525,-0.201105,-0.095768,1.571077,-2.044424,0.139579,0.424549,-0.375568,-0.096014,1.259278,-1.629781,0.126216,0.523131,-0.47654,-0.086217,1.076208,-1.407329,0.118301,0.606959,-0.548413,-0.088767,0.965098,-1.264695,0.135142
311,0.232858,-0.200928,-0.109802,1.621634,-2.019283,0.118712,0.428317,-0.382613,-0.108609,1.283545,-1.614246,0.105601,0.535192,-0.480173,-0.112558,1.098017,-1.388841,0.112697,0.600294,-0.529823,-0.110581,0.971085,-1.239572,0.124482
312,0.232001,-0.202822,-0.144281,1.636615,-2.010762,0.123127,0.425142,-0.373818,-0.135875,1.2991,-1.598612,0.1246,0.531081,-0.465702,-0.126448,1.116365,-1.386586,0.119475,0.601886,-0.523279,-0.135685,0.998154,-1.22965,0.112749
313,0.230522,-0.195552,-0.164972,1.672497,-2.014735,0.088191,0.437906,-0.373818,-0.152812,1.320106,-1.593674,0.102213,0.552011,-0.45203,-0.149478,1.158125,-1.374773,0.084339,0.600799,-0.52456,-0.153691,1.000715,-1.222581,0.098103
314,0.236368,-0.186848,-0.182451,1.701371,-1.996699,0.079786,0.439479,-0.360487,-0.181579,1.348349,-1.576076,0.077796,0.537583,-0.452907,-0.173793,1.162551,-1.369606,0.064003,0.621288,-0.507143,-0.17388,1.018782,-1.229159,0.08207
315,0.235004,-0.18995,-0.203913,1.715905,-1.982845,0.075008,0.432841,-0.351662,-0.203835,1.361571,-1.574305,0.058554,0.548593,-0.444677,-0.194216,1.169683,-1.360043,0.072561,0.61758,-0.500984,-0.186564,1.042094,-1.207948,0.095067
316,0.228787,-0.195209,-0.226642,1.734119,-1.97059,0.081889,0.450876,-0.34854,-0.219286,1.374941,-1.547897,0.078753,0.551157,-0.4366,-0.211125,1.183386,-1.333523,0.055759,0.619599,-0.497547,-0.204299,1.068589,-1.171472,0.067592
317,0.235631,-0.186245,-0.25546,1.769568,-1.924181,0.060356,0.4423,-0.339856,-0.232783,1.409243,-1.539088,0.052284,0.552695,-0.422795,-0.230815,1.208494,-1.317574,0.058095,0.627278,-0.488146,-0.230282,1.082028,-1.198308,0.049425
318,0.233393,-0.172946,-0.267907,1.783798,-1.942189,0.053845,0.449031,-0.335847,-0.260805,1.43213,-1.542566,0.03536,0.556522,-0.427942,-0.251909,1.221665,-1.321922,0.025832,0.63195,-0.47762,-0.250836,1.107019,-1.159327,0.036743
319,0.248186,-0.172642,-0.295148,1.799765,-1.899543,0.028507,0.453818,-0.340771,-0.278041,1.446184,-1.52032,0.035549,0.561251,-0.408782,-0.282747,1.255683,-1.302901,0.016115,0.641386,-0.47182,-0.269561,1.112735,-1.192249,0.016582
320,0.241512,-0.176019,-0.319823,1.807646,-1.862956,0.010587,0.445774,-0.324059,-0.297323,1.446494,-1.506954,0.008612,0.571625,-0.412413,-0.286412,1.254602,-1.285701,0.024452,0.638772,-0.457342,-0.280262,1.127278,-1.163152,0.029165
321,0.245021,-0.174643,-0.336657,1.859551,-1.865318,0.002133,0.448861,-0.313926,-0.327062,1.469405,-1.481378,0.018994,0.567659,-0.398236,-0.30901,1.260774,-1.273791,0.013067,0.637887,-0.453859,-0.303267,1.121501,-1.149045,0.009895
322,0.249616,-0.168028,-0.360022,1.873891,-1.840718,3.5e-05,0.45479,-0.309625,-0.347333,1.483374,-1.488517,8.2e-05,0.570038,-0.396303,-0.331279,1.27313,-1.274318,-0.009381,0.648162,-0.444772,-0.319394,1.123647,-1.133709,-0.015004
323,0.253512,-0.164929,-0.377881,1.886459,-1.836366,-0.008709,0.466479,-0.304588,-0.365171,1.481918,-1.467055,-0.021931,0.563875,-0.389015,-0.35517,1.286962,-1.243435,-0.026091,0.646914,-0.435171,-0.34828,1.153482,-1.130175,-0.025059
324,0.247559,-0.157312,-0.390891,1.889075,-1.80202,-0.054027,0.46442,-0.299144,-0.385768,1.518781,-1.43823,-0.03493,0.577428,-0.373011,-0.38057,1.316164,-1.225565,-0.04056,0.647947,-0.426025,-0.368739,1.164481,-1.09347,-0.029831
325,0.242415,-0.149977,-0.421828,1.921684,-1.779848,-0.037813,0.461694,-0.294314,-0.404074,1.525717,-1.415913,-0.043772,0.577882,-0.365124,-0.400609,1.318039,-1.192435,-0.048816,0.655817,-0.417889,-0.373662,1.174952,-1.073696,-0.037226
326,0.254196,-0.153474,-0.445576,1.958714,-1.769121,-0.052249,0.457032,-0.291115,-0.423227,1.554303,-1.408125,-0.058484,0.574176,-0.364485,-0.409646,1.311679,-1.225074,-0.046258,0.649795,-0.410607,-0.401017,1.191899,-1.070244,-0.064702
327,0.252799,-0.154082,-0.462903,1.970159,-1.732414,-0.056219,0.46042,-0.284536,-0.447565,1.559348,-1.367291,-0.059985,0.580003,-0.347636,-0.425002,1.320629,-1.196606,-0.053805,0.651274,-0.404227,-0.42788,1.198852,-1.065179,-0.064583
328,0.245831,-0.152055,-0.485257,1.980105,-1.717076,-0.076974,0.451398,-0.271356,-0.465499,1.59684,-1.360883,-0.085868,0.582147,-0.338277,-0.447334,1.359037,-1.176226,-0.075641,0.655727,-0.384316,-0.44062,1.214726,-1.030867,-0.065067
329,0.245103,-0.138958,-0.498417,2.002187,-1.691847,-0.087605,0.460346,-0.271771,-0.483052,1.582833,-1.358716,-0.073995,0.5848,-0.330763,-0.4656,1.360513,-1.142057,-0.094559,0.656446,-0.378864,-0.460068,1.202136,-1.049657,-0.074809
330,0.248018,-0.141402,-0.512678,1.997656,-1.671046,-0.099895,0.472008,-0.254584,-0.490394,1.605958,-1.328005,-0.101582,0.583928,-0.326252,-0.481562,1.376161,-1.129724,-0.096687,0.650635,-0.357743,-0.475163,1.234697,-0.996614,-0.101715
331,0.247985,-0.137152,-0.53702,2.01859,-1.627277,-0.110299,0.459083,-0.259576,-0.515219,1.612749,-1.295371,-0.113814,0.575856,-0.305676,-0.500794,1.380672,-1.12842,-0.125185,0.666644,-0.34744,-0.507713,1.230852,-0.997387,-0.106298
332,0.246889,-0.128924,-0.56309,2.039777,-1.605415,-0.121082,0.459458,-0.243927,-0.534582,1.607729,-1.280999,-0.124538,0.580962,-0.307772,-0.531037,1.383608,-1.099015,-0.156452,0.659977,-0.33737,-0.513812,1.246297,-0.990014,-0.119298
333,0.25584,-0.127472,-0.588272,2.063744,-1.57373,-0.135887,0.456889,-0.229691,-0.546888,1.648542,-1.257459,-0.138444,0.581579,-0.286041,-0.536625,1.41177,-1.071919,-0.107536,0.661842,-0.33435,-0.524026,1.260901,-0.960471,-0.145706
334,0.247799,-0.116498,-0.591091,2.045792,-1.567133,-0.149813,0.465424,-0.239632,-0.577689,1.64374,-1.218459,-0.132071,0.579522,-0.278975,-0.550511,1.41335,-1.042763,-0.144679,0.658681,-0.326589,-0.548974,1.282052,-0.937709,-0.134305
335,0.248684,-0.112446,-0.606629,2.055687,-1.525627,-0.154135,0.471622,-0.220827,-0.58472,1.645394,-1.224229,-0.135174,0.57724,-0.27956,-0.570976,1.415328,-1.039236,-0.148029,0.656494,-0.312001,-0.56845,1.251935,-0.932621,-0.137033
336,0.245155,-0.09889,-0.646118,2.067331,-1.523181,-0.184438,0.469585,-0.214766,-0.614529,1.669369,-1.1732,-0.172704,0.58168,-0.266987,-0.595802,1.419868,-1.006675,-0.171302,0.662738,-0.305382,-0.594806,1.275203,-0.925191,-0.139616
337,0.247693,-0.099726,-0.656095,2.098435,-1.470987,-0.169877,0.462784,-0.206041,-0.617867,1.653581,-1.182653,-0.178575,0.583476,-0.252204,-0.602133,1.421672,-0.989589,-0.18499,0.655872,-0.297849,-0.601368,1.280235,-0.878313,-0.188473
338,0.247534,-0.106725,-0.672473,2.091944,-1.423324,-0.193481,0.469084,-0.200721,-0.630993,1.67589,-1.134194,-0.203723,0.581679,-0.251601,-0.620652,1.445939,-0.9809,-0.189159,0.652615,-0.275133,-0.609484,1.280373,-0.884844,-0.176269
339,0.252639,-0.098932,-0.683856,2.11496,-1.414742,-0.197837,0.456026,-0.18846,-0.659615,1.686824,-1.132178,-0.211109,0.582911,-0.231917,-0.647479,1.433983,-0.960202,-0.21871,0.660026,-0.260547,-0.62951,1.284757,-0.863026,-0.208766
340,0.2438,-0.100095,-0.703101,2.122019,-1.364134,-0.209607,0.45694,-0.173825,-0.680047,1.694136,-1.101069,-0.217932,0.575881,-0.232472,-0.665518,1.451981,-0.966096,-0.216936,0.65286,-0.250802,-0.651848,1.29631,-0.842539,-0.216407
341,0.255858,-0.1002,-0.713851,2.157745,-1.33679,-0.223749,0.456153,-0.172561,-0.691189,1.686174,-1.07101,-0.224461,0.585778,-0.211189,-0.685323,1.45596,-0.937795,-0.217044,0.650278,-0.244801,-0.665225,1.290852,-0.824803,-0.225929
342,0.245192,-0.096363,-0.743355,2.12195,-1.306787,-0.23107,0.463815,-0.160732,-0.708602,1.68098,-1.051863,-0.22366,0.580215,-0.205487,-0.69507,1.442443,-0.899561,-0.225057,0.656419,-0.228682,-0.687956,1.29917,-0.818306,-0.229608
343,0.24198,-0.085553,-0.751546,2.151143,-1.287233,-0.247909,0.461977,-0.158735,-0.722769,1.707258,-1.012061,-0.237956,0.571825,-0.193718,-0.711178,1.467695,-0.883329,-0.226185,0.650209,-0.222646,-0.705824,1.296733,-0.78804,-0.246098
344,0.252767,-0.085399,-0.778271,2.142073,-1.270932,-0.25509,0.45165,-0.144821,-0.748725,1.713049,-0.990562,-0.250139,0.568604,-0.188578,-0.727787,1.473298,-0.848752,-0.256575,0.646555,-0.213062,-0.715333,1.302271,-0.759089,-0.233698
345,0.253609,-0.073343,-0.79268,2.137058,-1.231322,-0.267297,0.458169,-0.133591,-0.756248,1.698258,-0.990179,-0.252026,0.568761,-0.174729,-0.742794,1.466488,-0.830123,-0.267076,0.650695,-0.198001,-0.727892,1.323179,-0.742148,-0.263741
346,0.24311,-0.063767,-0.80957,2.138007,-1.178711,-0.269036,0.445858,-0.128297,-0.773718,1.683886,-0.946792,-0.277412,0.570774,-0.162612,-0.750336,1.459952,-0.809345,-0.278845,0.639817,-0.189981,-0.745918,1.292132,-0.738263,-0.272693
347,0.235321,-0.05271,-0.820942,2.136749,-1.155787,-0.286895,0.446235,-0.121607,-0.792691,1.712985,-0.921893,-0.281517,0.569243,-0.151645,-0.768997,1.439742,-0.77141,-0.283862,0.63456,-0.168376,-0.753697,1.32193,-0.70478,-0.266781
348,0.239047,-0.064167,-0.832515,2.143936,-1.10281,-0.301077,0.442655,-0.113676,-0.808207,1.705871,-0.884671,-0.289891,0.562415,-0.142481,-0.788252,1.469737,-0.764417,-0.310171,0.635949,-0.160489,-0.769145,1.304787,-0.694077,-0.278594
349,0.241538,-0.050796,-0.848428,2.14825,-1.066408,-0.269825,0.447032,-0.103403,-0.820297,1.704931,-0.841059,-0.306773,0.560001,-0.135379,-0.806117,1.466627,-0.734631,-0.301012,0.633534,-0.150548,-0.779991,1.294273,-0.660963,-0.309529
350,0.240247,-0.054441,-0.869679,2.133182,-1.039809,-0.317208,0.439086,-0.089494,-0.832265,1.700559,-0.833404,-0.315506,0.559304,-0.116784,-0.812519,1.467584,-0.729513,-0.3303,0.630875,-0.128849,-0.794347,1.290455,-0.624828,-0.328781
351,0.233605,-0.04857,-0.8833,2.142581,-1.014323,-0.322195,0.441808,-0.092104,-0.847421,1.720481,-0.812522,-0.319116,0.557135,-0.113564,-0.8173,1.4641,-0.689814,-0.332885,0.630999,-0.128114,-0.814292,1.293559,-0.611545,-0.324638
352,0.232374,-0.052439,-0.901461,2.132501,-0.977747,-0.337745,0.438068,-0.073148,-0.85433,1.699698,-0.778913,-0.34662,0.549479,-0.098206,-0.838015,1.461987,-0.651244,-0.339385,0.608439,-0.112184,-0.819544,1.313857,-0.594774,-0.316944
353,0.227397,-0.041994,-0.898873,2.132295,-0.937374,-0.333613,0.439132,-0.069898,-0.870399,1.696252,-0.764935,-0.349396,0.550621,-0.086824,-0.853536,1.444746,-0.642676,-0.346137,0.612805,-0.093452,-0.842171,1.304314,-0.558044,-0.353014
354,0.241027,-0.032889,-0.930067,2.142822,-0.913858,-0.348618,0.437657,-0.070619,-0.887001,1.701722,-0.719513,-0.337488,0.535559,-0.078055,-0.863231,1.459689,-0.607689,-0.368078,0.616943,-0.090356,-0.849616,1.303843,-0.566775,-0.339049
355,0.225825,-0.033439,-0.925452,2.136855,-0.863999,-0.374501,0.425172,-0.062002,-0.894018,1.691807,-0.677616,-0.348993,0.540081,-0.064691,-0.874366,1.446203,-0.583348,-0.362726,0.59768,-0.082667,-0.864645,1.316062,-0.523773,-0.354598
356,0.21548,-0.02718,-0.945251,2.148832,-0.819374,-0.376218,0.425458,-0.042641,-0.908654,1.698428,-0.653098,-0.354033,0.532011,-0.056777,-0.89634,1.457096,-0.552256,-0.371038,0.60181,-0.071311,-0.873239,1.293315,-0.501732,-0.38912
357,0.23404,-0.028491,-0.969002,2.141336,-0.790316,-0.376911,0.416565,-0.035594,-0.936028,1.695671,-0.635163,-0.380735,0.526917,-0.046933,-0.896375,1.456047,-0.534639,-0.38301,0.597661,-0.056842,-0.892001,1.28679,-0.494251,-0.370951
358,0.217627,-0.030604,-0.968223,2.130822,-0.751876,-0.385436,0.415074,-0.036561,-0.93393,1.703135,-0.606875,-0.394174,0.517637,-0.031726,-0.914136,1.455393,-0.500697,-0.393479,0.590407,-0.035531,-0.902416,1.292445,-0.462511,-0.393981
359,0.228069,-0.012496,-0.991859,2.119515,-0.705364,-0.379017,0.417078,-0.017443,-0.9368,1.689846,-0.566839,-0.383968,0.514824,-0.015216,-0.911134,1.450123,-0.472089,-0.399613,0.586336,-0.027146,-0.903132,1.29279,-0.445551,-0.39443
360,0.21698,-0.003367,-1.004807,2.098264,-0.660241,-0.404953,0.405882,-0.000773,-0.95709,1.665375,-0.549601,-0.407449,0.522367,-0.01432,-0.927636,1.433419,-0.457007,-0.405295,0.576581,-0.015985,-0.921985,1.291353,-0.41879,-0.38877
361,0.223726,0.004529,-1.005245,2.090324,-0.631082,-0.398624,0.397619,-0.000827,-0.981226,1.666631,-0.513467,-0.395514,0.50293,-0.006342,-0.93461,1.439207,-0.440047,-0.420912,0.570978,0.013096,-0.935331,1.29668,-0.392429,-0.404696
362,0.216651,0.000852,-1.021737,2.080948,-0.607769,-0.412537,0.399423,0.009067,-0.971266,1.659097,-0.448391,-0.440154,0.49882,0.005991,-0.951153,1.413267,-0.388975,-0.41417,0.558132,0.002151,-0.93327,1.281078,-0.3639,-0.421875
363,0.21346,0.005535,-1.036069,2.081162,-0.566859,-0.425187,0.39229,0.015876,-0.978898,1.649935,-0.450615,-0.431601,0.493821,0.019378,-0.960904,1.41102,-0.371489,-0.431312,0.551768,0.018886,-0.951164,1.25775,-0.352102,-0.424458
364,0.206373,0.013259,-1.035676,2.059321,-0.527953,-0.424842,0.395415,0.025451,-0.996313,1.643453,-0.396096,-0.437748,0.481974,0.031063,-0.970124,1.407638,-0.366295,-0.443772,0.553771,0.038934,-0.958546,1.257173,-0.319781,-0.44254
365,0.216981,0.01585,-1.046359,2.069509,-0.472528,-0.448418,0.381779,0.032355,-1.003106,1.63245,-0.392414,-0.443408,0.488742,0.030646,-0.976996,1.412293,-0.347793,-0.46244,0.547698,0.053712,-0.96247,1.25358,-0.30725,-0.469401
366,0.196492,0.018083,-1.069061,2.052352,-0.439082,-0.463352,0.380902,0.038874,-1.017645,1.624015,-0.341847,-0.458951,0.473867,0.058107,-0.99455,1.386204,-0.299457,-0.443311,0.53691,0.057729,-0.977578,1.234689,-0.260746,-0.461808
367,0.196894,0.030077,-1.071166,2.026698,-0.410961,-0.450578,0.368479,0.055954,-1.027682,1.609396,-0.349201,-0.46637,0.463343,0.063907,-0.998018,1.391616,-0.284245,-0.461781,0.529715,0.078738,-0.986146,1.239787,-0.231087,-0.459022
368,0.194196,0.030885,-1.084067,2.016074,-0.354715,-0.477853,0.363762,0.059318,-1.037194,1.598106,-0.299315,-0.456238,0.467855,0.086241,-1.017771,1.360143,-0.261439,-0.467762,0.524027,0.075258,-0.990585,1.233653,-0.205501,-0.469708
369,0.19294,0.036625,-1.075847,2.011045,-0.322524,-0.476983,0.356225,0.068956,-1.043446,1.586194,-0.267024,-0.477807,0.453137,0.087642,-1.009436,1.378678,-0.215624,-0.478358,0.512859,0.099601,-1.002355,1.215395,-0.226595,-0.481011
370,0.203784,0.039769,-1.090097,2.00154,-0.263452,-0.464094,0.355875,0.082087,-1.054331,1.577255,-0.2108,-0.48911,0.448488,0.088578,-1.027966,1.359503,-0.176084,-0.489136,0.499274,0.106021,-1.014381,1.206669,-0.178956,-0.495879
371,0.190512,0.060403,-1.09732,1.978281,-0.241759,-0.49001,0.347349,0.084949,-1.059275,1.571348,-0.203319,-0.491558,0.443595,0.107889,-1.03661,1.354463,-0.180807,-0.493196,0.500927,0.118,-1.01327,1.216081,-0.149511,-0.48746
372,0.187375,0.042465,-1.108658,1.960619,-0.199946,-0.503768,0.350081,0.090308,-1.059898,1.558434,-0.165306,-0.49642,0.442977,0.116202,-1.036686,1.343967,-0.129881,-0.507601,0.482555,0.141592,-1.027918,1.189135,-0.134282,-0.501066
373,0.182014,0.059983,-1.117173,1.933442,-0.166098,-0.501683,0.336457,0.100978,-1.066645,1.541247,-0.139719,-0.501752,0.430871,0.129964,-1.046184,1.307732,-0.095657,-0.487971,0.478858,0.147198,-1.024387,1.171682,-0.112474,-0.501808
374,0.174697,0.059077,-1.122059,1.907029,-0.103392,-0.519544,0.33501,0.116269,-1.074211,1.519464,-0.104567,-0.50027,0.42625,0.139465,-1.047123,1.327698,-0.088302,-0.505947,0.481518,0.158201,-1.03567,1.156211,-0.078607,-0.513764
375,0.176397,0.060963,-1.124606,1.890604,-0.079229,-0.518002,0.326278,0.12231,-1.079815,1.528152,-0.066225,-0.510153,0.408513,0.155888,-1.055069,1.292497,-0.062485,-0.512799,0.467902,0.180853,-1.035578,1.164471,-0.056886,-0.517506
376,0.170932,0.079058,-1.136069,1.870348,-0.024182,-0.519913,0.322186,0.128135,-1.081726,1.504657,-0.031962,-0.531404,0.402479,0.15894,-1.058909,1.279212,-0.030153,-0.517673,0.456733,0.184334,-1.03984,1.128476,-0.017447,-0.523271
377,0.171244,0.0712,-1.139429,1.852687,-0.014304,-0.501193,0.319103,0.134297,-1.097776,1.45662,-0.002233,-0.524171,0.393868,0.181785,-1.065096,1.27395,-0.006263,-0.544288,0.44554,0.195977,-1.04564,1.146192,0.012155,-0.52895
378,0.168414,0.080547,-1.145136,1.843461,0.033355,-0.53774,0.306094,0.149529,-1.099962,1.467824,0.027224,-0.546835,0.386164,0.184226,-1.07597,1.255298,0.037845,-0.547242,0.431921,0.209474,-1.055672,1.123709,0.022917,-0.537203
379,0.158596,0.090367,-1.157448,1.815959,0.080735,-0.541497,0.313251,0.152437,-1.097885,1.456467,0.059326,-0.543489,0.378752,0.19183,-1.069744,1.238048,0.049843,-0.547554,0.418495,0.226339,-1.053635,1.115153,0.039047,-0.563099
380,0.161473,0.093068,-1.151655,1.803188,0.109634,-0.543719,0.297371,0.156839,-1.107295,1.424134,0.085353,-0.539344,0.377424,0.203585,-1.080316,1.231882,0.072737,-0.551034,0.423381,0.230575,-1.065014,1.080846,0.068755,-0.558493
381,0.158281,0.085462,-1.154207,1.762928,0.153968,-0.547875,0.290952,0.173918,-1.10508,1.428725,0.123724,-0.547532,0.359834,0.205603,-1.082694,1.194625,0.109507,-0.561928,0.412424,0.244749,-1.060958,1.081472,0.121694,-0.55164
382,0.148232,0.084958,-1.155447,1.72444,0.209983,-0.545363,0.284387,0.179232,-1.10671,1.391333,0.146742,-0.565981,0.351045,0.224342,-1.081743,1.195263,0.12728,-0.564635,0.401877,0.249957,-1.068232,1.071179,0.117946,-0.564537
383,0.137949,0.103041,-1.16179,1.718777,0.224423,-0.562851,0.278572,0.17968,-1.116583,1.38199,0.19883,-0.562607,0.343475,0.231842,-1.082634,1.172099,0.168387,-0.572937,0.392139,0.261378,-1.069986,1.054377,0.162208,-0.568805
384,0.147012,0.113069,-1.165316,1.701097,0.277958,-0.554348,0.268068,0.188158,-1.10657,1.373161,0.230352,-0.582674,0.32698,0.243538,-1.085099,1.158223,0.190831,-0.558557,0.381738,0.26895,-1.064758,1.046076,0.161265,-0.572396
385,0.131923,0.114861,-1.166351,1.680761,0.328904,-0.572851,0.256727,0.19184,-1.114442,1.310117,0.25429,-0.578759,0.334041,0.264846,-1.089039,1.152515,0.226286,-0.570285,0.373731,0.280522,-1.083119,1.034563,0.18498,-0.583814
386,0.144258,0.111365,-1.15409,1.662611,0.345254,-0.565214,0.262598,0.203553,-1.115887,1.327015,0.277789,-0.562589,0.314999,0.268139,-1.096904,1.151149,0.245021,-0.586172,0.35657,0.294405,-1.076404,1.008896,0.24225,-0.58067
387,0.136263,0.12104,-1.170651,1.623103,0.387439,-0.584527,0.240772,0.216937,-1.126705,1.287689,0.326726,-0.577429,0.303856,0.271512,-1.086914,1.093612,0.29105,-0.585133,0.345227,0.315144,-1.076225,0.979702,0.255726,-0.5809
388,0.129587,0.109854,-1.166472,1.584796,0.439245,-0.593605,0.244976,0.224949,-1.122808,1.289113,0.350922,-0.590877,0.300431,0.279276,-1.093611,1.080065,0.300752,-0.580463,0.33054,0.317737,-1.074469,0.980271,0.261363,-0.581304
389,0.118976,0.128726,-1.167669,1.567178,0.471562,-0.589364,0.234071,0.233866,-1.110377,1.256313,0.40068,-0.586136,0.285564,0.282144,-1.093276,1.061667,0.34072,-0.593351,0.326153,0.33042,-1.078823,0.961477,0.297994,-0.584453
390,0.127954,0.121344,-1.165226,1.527012,0.531118,-0.616674,0.223002,0.233288,-1.124303,1.224528,0.413727,-0.592437,0.273788,0.300091,-1.09205,1.048585,0.346223,-0.601256,0.311497,0.337019,-1.073982,0.929182,0.309759,-0.571184
391,0.114365,0.12887,-1.171329,1.519805,0.551902,-0.576662,0.21172,0.242822,-1.124208,1.201588,0.445347,-0.582113,0.27556,0.310913,-1.098859,1.047252,0.384315,-0.58212,0.308377,0.352079,-1.074114,0.917811,0.350588,-0.589358
392,0.117479,0.134833,-1.1721,1.48969,0.57693,-0.593626,0.211703,0.253814,-1.107849,1.173414,0.462772,-0.589591,0.25735,0.318236,-1.086412,1.03211,0.416346,-0.597072,0.297129,0.356571,-1.071169,0.905125,0.349504,-0.610526
393,0.113501,0.140699,-1.163637,1.442456,0.624369,-0.592242,0.19264,0.257181,-1.109547,1.148666,0.498767,-0.603454,0.252007,0.324556,-1.091966,0.992712,0.441997,-0.590784,0.288245,0.373177,-1.067804,0.86675,0.381639,-0.597859
394,0.109266,0.150418,-1.160449,1.423515,0.682707,-0.594616,0.202836,0.270828,-1.108983,1.134457,0.512932,-0.599407,0.245527,0.336942,-1.082267,0.981571,0.468359,-0.605054,0.263931,0.386782,-1.075782,0.866921,0.408289,-0.576913
395,0.102696,0.152042,-1.157379,1.393195,0.697499,-0.598532,0.174082,0.273305,-1.103518,1.089919,0.568256,-0.596868,0.236331,0.355035,-1.08467,0.958312,0.484541,-0.590179,0.265794,0.394488,-1.076793,0.875171,0.435392,-0.615562
396,0.096648,0.163795,-1.155505,1.370946,0.765535,-0.619708,0.178562,0.279732,-1.109109,1.089016,0.594399,-0.594767,0.212917,0.355529,-1.086115,0.94328,0.521951,-0.60526,0.251727,0.401561,-1.071469,0.831055,0.455471,-0.603909
397,0.082038,0.155597,-1.149771,1.349191,0.78114,-0.59409,0.163615,0.294652,-1.107133,1.087472,0.625111,-0.598496,0.20686,0.357225,-1.083306,0.920286,0.551854,-0.612523,0.247249,0.417948,-1.061955,0.816158,0.489592,-0.602075
398,0.08866,0.160311,-1.145831,1.318463,0.829614,-0.614329,0.154443,0.295935,-1.108433,1.025809,0.66854,-0.621414,0.201243,0.365057,-1.076205,0.887063,0.564015,-0.612942,0.228839,0.423093,-1.056615,0.789834,0.50207,-0.633652
399,0.087033,0.158919,-1.14514,1.268665,0.869792,-0.616395,0.153595,0.309905,-1.094115,1.016186,0.694814,-0.589007,0.183044,0.385552,-1.066106,0.868894,0.583147,-0.607161,0.213958,0.430458,-1.055721,0.767497,0.537377,-0.614692
400,0.075045,0.171625,-1.146543,1.255486,0.899038,-0.627388,0.147622,0.313276,-1.092672,0.983189,0.714109,-0.611878,0.172677,0.39509,-1.071334,0.839033,0.609551,-0.602477,0.214417,0.440167,-1.044817,0.744739,0.542099,-0.603145
401,0.069621,0.178628,-1.134242,1.21972,0.94667,-0.612498,0.13339,0.322285,-1.090376,0.968182,0.738848,-0.604795,0.174002,0.397336,-1.062306,0.828067,0.637224,-0.615211,0.191926,0.444468,-1.04848,0.732782,0.555666,-0.608432
402,0.064993,0.17481,-1.128607,1.162486,0.975638,-0.610938,0.135003,0.313799,-1.084881,0.941851,0.770561,-0.61554,0.152062,0.411051,-1.061881,0.819838,0.674528,-0.623545,0.172577,0.464735,-1.04149,0.719716,0.594662,-0.611304
403,0.066938,0.192716,-1.121131,1.132896,1.011126,-0.629706,0.113097,0.327344,-1.080485,0.908189,0.797784,-0.605829,0.152447,0.403054,-1.057262,0.779863,0.693693,-0.607628,0.174125,0.453838,-1.031812,0.68973,0.614721,-0.619846
404,0.05678,0.179801,-1.113501,1.097076,1.034945,-0.623909,0.11418,0.33916,-1.073686,0.878007,0.826274,-0.606847,0.136544,0.409317,-1.054362,0.746289,0.700642,-0.624447,0.159151,0.470738,-1.032367,0.679329,0.646801,-0.606669
405,0.050387,0.179898,-1.121356,1.074851,1.096479,-0.603983,0.095087,0.343652,-1.068197,0.849994,0.851687,-0.616985,0.123517,0.427792,-1.04322,0.730532,0.711573,-0.626134,0.144442,0.492761,-1.022716,0.644712,0.673823,-0.614387
406,0.056208,0.185529,-1.104845,1.029263,1.110255,-0.602845,0.100639,0.345272,-1.067029,0.828129,0.890275,-0.619361,0.11843,0.428749,-1.040071,0.719744,0.762285,-0.621463,0.127067,0.489093,-1.015991,0.627596,0.687318,-0.615695
407,0.036524,0.195008,-1.097063,1.010598,1.146618,-0.628978,0.077943,0.359939,-1.057092,0.806902,0.907169,-0.624186,0.101027,0.438429,-1.027121,0.685424,0.792649,-0.620261,0.115234,0.50008,-1.00494,0.614283,0.72166,-0.6097
408,0.044855,0.19708,-1.084574,0.956955,1.186799,-0.622941,0.074661,0.346508,-1.04462,0.756663,0.926994,-0.605732,0.10296,0.459739,-1.021251,0.66049,0.789176,-0.603483,0.108249,0.511509,-1.003847,0.569021,0.723893,-0.602325
409,0.034664,0.194654,-1.08943,0.932903,1.234337,-0.606288,0.07248,0.358784,-1.040234,0.745879,0.950042,-0.594034,0.08218,0.455004,-1.011221,0.643248,0.835837,-0.607735,0.103507,0.518113,-1.000371,0.573062,0.751646,-0.603463
410,0.029495,0.207892,-1.078258,0.891732,1.242672,-0.584028,0.0626,0.364502,-1.023655,0.717534,0.975101,-0.612767,0.067643,0.47177,-1.000294,0.601737,0.856081,-0.609162,0.07809,0.516004,-0.992683,0.528905,0.773796,-0.604186
411,0.01684,0.20171,-1.069536,0.86567,1.292799,-0.608068,0.050259,0.381541,-1.021143,0.668498,1.024757,-0.605312,0.060237,0.469305,-1.002425,0.569982,0.862756,-0.609404,0.072995,0.534218,-0.993485,0.500737,0.776542,-0.625739
412,0.016242,0.199477,-1.053194,0.816082,1.316266,-0.592829,0.040449,0.377125,-1.012768,0.648375,1.044316,-0.605994,0.049419,0.472824,-0.993159,0.565198,0.910802,-0.610597,0.059189,0.53613,-0.97801,0.471315,0.810692,-0.611464
413,0.017223,0.205315,-1.038952,0.771234,1.342515,-0.612104,0.043535,0.377524,-1.009012,0.612669,1.065267,-0.614724,0.032005,0.487809,-0.986248,0.535929,0.921616,-0.602593,0.053485,0.543611,-0.961093,0.472197,0.831893,-0.625545
414,0.014678,0.206815,-1.040959,0.727167,1.379379,-0.602474,0.025541,0.392155,-0.999597,0.570429,1.099956,-0.607442,0.03197,0.492979,-0.966751,0.493625,0.935783,-0.595077,0.022942,0.55713,-0.952938,0.459745,0.830865,-0.600722
415,0.009143,0.211906,-1.029906,0.725565,1.403131,-0.604396,0.014892,0.391569,-0.995131,0.552411,1.129755,-0.595624,0.014244,0.501466,-0.962987,0.473437,0.956885,-0.596154,0.027093,0.56403,-0.942691,0.435964,0.84621,-0.598398
416,0.000205,0.212992,-1.020876,0.661532,1.443512,-0.589868,0.008647,0.406391,-0.979847,0.514991,1.135493,-0.597594,0.003675,0.485737,-0.955006,0.447979,0.98554,-0.596639,0.018253,0.564983,-0.94192,0.394147,0.87339,-0.583853
417,0.003643,0.221173,-1.010739,0.632434,1.456003,-0.600275,-0.00523,0.401159,-0.968146,0.494572,1.160073,-0.607114,-0.011367,0.51931,-0.948324,0.434021,1.00387,-0.617239,-0.002199,0.582524,-0.930833,0.37733,0.908244,-0.575135
418,-0.006627,0.226036,-0.997301,0.586786,1.490804,-0.573436,-0.014079,0.404949,-0.953524,0.459177,1.183177,-0.601697,-0.014937,0.512378,-0.936398,0.406763,1.027548,-0.585167,-0.010668,0.574209,-0.922943,0.371054,0.903008,-0.610781
419,-0.015836,0.232208,-0.986243,0.549006,1.51417,-0.597435,-0.0179,0.415371,-0.953983,0.451599,1.219825,-0.599911,-0.021022,0.512838,-0.921503,0.367984,1.044331,-0.598086,-0.033094,0.582992,-0.911305,0.334683,0.941961,-0.604397
420,-0.020323,0.221528,-0.979767,0.522438,1.554818,-0.598202,-0.03184,0.416773,-0.932532,0.396181,1.217351,-0.576369,-0.033302,0.5216,-0.907114,0.31945,1.054846,-0.571903,-0.045581,0.591881,-0.904384,0.303407,0.954454,-0.587621
421,-0.018508,0.225095,-0.954808,0.461666,1.578168,-0.575594,-0.039464,0.421217,-0.914019,0.360331,1.251935,-0.567974,-0.040372,0.534207,-0.903174,0.306854,1.082506,-0.605547,-0.050188,0.596023,-0.890184,0.285621,0.982973,-0.588323
422,-0.022047,0.227033,-0.952913,0.445096,1.61623,-0.582299,-0.050841,0.417482,-0.906028,0.331579,1.293556,-0.579348,-0.055552,0.534419,-0.876554,0.291811,1.106409,-0.580141,-0.070977,0.59541,-0.87113,0.251973,0.983721,-0.571117
423,-0.031068,0.227098,-0.933402,0.378339,1.631226,-0.568468,-0.053005,0.435883,-0.898526,0.295959,1.298034,-0.602796,-0.060062,0.538995,-0.875101,0.266372,1.101442,-0.58301,-0.072571,0.612316,-0.866679,0.231658,0.996392,-0.563168
424,-0.036627,0.226093,-0.923732,0.361572,1.66978,-0.542042,-0.067326,0.43231,-0.879141,0.280902,1.317913,-0.584773,-0.077095,0.546242,-0.857936,0.24607,1.139987,-0.584828,-0.091769,0.617867,-0.844418,0.209695,1.036134,-0.574545
425,-0.03663,0.231764,-0.913839,0.296565,1.683665,-0.57244,-0.067313,0.436994,-0.864904,0.227858,1.347145,-0.5647,-0.092959,0.534766,-0.850001,0.197084,1.173005,-0.568428,-0.10528,0.610984,-0.843994,0.209291,1.02495,-0.568463
426,-0.044838,0.22599,-0.891803,0.268797,1.705107,-0.548921,-0.076414,0.44172,-0.863308,0.205338,1.380925,-0.550124,-0.106991,0.549773,-0.833212,0.182095,1.178744,-0.557164,-0.112625,0.625232,-0.826331,0.177628,1.040134,-0.554091
427,-0.035418,0.242828,-0.872194,0.225089,1.73067,-0.552071,-0.088086,0.443939,-0.845669,0.190352,1.378324,-0.564096,-0.107242,0.553768,-0.817412,0.148922,1.187601,-0.565506,-0.129335,0.627626,-0.806736,0.145991,1.064807,-0.555157
428,-0.050778,0.238326,-0.868506,0.197076,1.757335,-0.569001,-0.096579,0.442312,-0.826158,0.143413,1.396184,-0.562462,-0.129474,0.55092,-0.81967,0.137604,1.178064,-0.545973,-0.143476,0.626497,-0.789294,0.106808,1.082147,-0.546762
429,-0.051286,0.239004,-0.841514,0.15519,1.786399,-0.551566,-0.11712,0.448777,-0.812826,0.135048,1.404536,-0.555243,-0.136125,0.562975,-0.790053,0.110578,1.216256,-0.530478,-0.151769,0.634302,-0.780967,0.112112,1.081918,-0.56013
430,-0.057212,0.238674,-0.843478,0.083422,1.810238,-0.540997,-0.118225,0.43249,-0.797342,0.081432,1.432858,-0.532549,-0.144463,0.565172,-0.778299,0.066335,1.244998,-0.553003,-0.170544,0.628254,-0.768083,0.051627,1.100394,-0.561242
431,-0.071591,0.246144,-0.815705,0.057412,1.803337,-0.530874,-0.124213,0.445251,-0.784188,0.055791,1.469169,-0.547769,-0.156275,0.570465,-0.766797,0.03003,1.246732,-0.558839,-0.170252,0.647814,-0.75595,0.040873,1.11427,-0.542963
432,-0.066808,0.248807,-0.792505,0.014383,1.844102,-0.533282,-0.126289,0.446608,-0.77834,0.016693,1.479285,-0.526467,-0.173831,0.577556,-0.747609,0.013417,1.250999,-0.539661,-0.194004,0.647355,-0.749798,0.025661,1.148531,-0.531998
433,-0.083896,0.244127,-0.776011,0.004557,1.867628,-0.523386,-0.138855,0.450706,-0.761042,-0.036205,1.46102,-0.524856,-0.168867,0.562979,-0.735422,-0.025643,1.278519,-0.548766,-0.193939,0.64159,-0.723262,-0.002195,1.139227,-0.521013
434,-0.079908,0.245005,-0.769734,-0.072768,1.90084,-0.523285,-0.145833,0.46135,-0.741994,-0.052037,1.506234,-0.529127,-0.17709,0.56785,-0.719735,-0.057313,1.295773,-0.530374,-0.20849,0.651519,-0.71154,-0.040914,1.155696,-0.520095
435,-0.090628,0.242598,-0.752974,-0.08962,1.892937,-0.532634,-0.158827,0.460895,-0.722894,-0.075662,1.510502,-0.512194,-0.196239,0.576636,-0.705361,-0.062622,1.303967,-0.527425,-0.233885,0.649114,-0.683597,-0.059158,1.151273,-0.506611
436,-0.092361,0.24527,-0.741141,-0.129893,1.927377,-0.505002,-0.160892,0.460307,-0.702781,-0.120526,1.520607,-0.512374,-0.212993,0.574968,-0.691034,-0.098757,1.316087,-0.50506,-0.243792,0.648911,-0.671961,-0.084537,1.164081,-0.507715
437,-0.09389,0.237246,-0.71153,-0.191521,1.921263,-0.503148,-0.16895,0.453094,-0.683598,-0.135633,1.550838,-0.507622,-0.218538,0.574543,-0.656595,-0.124216,1.33121,-0.504313,-0.250505,0.662042,-0.666106,-0.124113,1.183872,-0.504148
438,-0.107359,0.25339,-0.704198,-0.222086,1.964859,-0.508234,-0.184469,0.458695,-0.666617,-0.177043,1.55875,-0.504681,-0.228077,0.574341,-0.653556,-0.135691,1.350416,-0.495202,-0.260156,0.655858,-0.644061,-0.135932,1.199016,-0.499443
439,-0.107772,0.245184,-0.684649,-0.244354,1.973473,-0.481053,-0.195542,0.469214,-0.660589,-0.20883,1.57135,-0.487476,-0.239534,0.579004,-0.643209,-0.176023,1.353412,-0.487545,-0.263601,0.662676,-0.628021,-0.157152,1.199066,-0.499111
440,-0.104122,0.251808,-0.663163,-0.313182,2.004574,-0.492293,-0.191105,0.465402,-0.642899,-0.223716,1.582898,-0.502741,-0.240186,0.583174,-0.615681,-0.208846,1.370197,-0.485991,-0.282325,0.653618,-0.610557,-0.183619,1.206263,-0.477751
441,-0.105597,0.248238,-0.649477,-0.321722,2.011752,-0.466585,-0.215581,0.461827,-0.619982,-0.261726,1.594433,-0.480856,-0.258567,0.581851,-0.604259,-0.231751,1.376227,-0.472451,-0.292899,0.658127,-0.59061,-0.215052,1.205958,-0.483652
442,-0.10918,0.236704,-0.626902,-0.400127,2.015355,-0.461864,-0.210711,0.454478,-0.604732,-0.306259,1.604826,-0.467527,-0.263043,0.580112,-0.582431,-0.247778,1.368726,-0.492962,-0.309282,0.661722,-0.573912,-0.235973,1.237333,-0.481197
443,-0.111767,0.251541,-0.612499,-0.41578,2.035461,-0.452086,-0.224051,0.464639,-0.588237,-0.330352,1.621288,-0.460699,-0.276581,0.582276,-0.566103,-0.276564,1.374328,-0.460506,-0.322642,0.655256,-0.556614,-0.256554,1.242565,-0.438871
444,-0.119757,0.243369,-0.592694,-0.465807,2.031987,-0.459917,-0.219323,0.465141,-0.57074,-0.372356,1.63511,-0.454684,-0.285677,0.582993,-0.548933,-0.306887,1.39614,-0.454587,-0.316953,0.653441,-0.54911,-0.285961,1.253348,-0.429407
445,-0.120171,0.247096,-0.57153,-0.49424,2.067645,-0.422853,-0.24236,0.466555,-0.553342,-0.387017,1.633194,-0.460636,-0.299349,0.583621,-0.534028,-0.341162,1.407998,-0.440663,-0.331684,0.661812,-0.531436,-0.318337,1.244698,-0.447547
446,-0.129389,0.255989,-0.563764,-0.555177,2.077052,-0.448358,-0.245975,0.469412,-0.538051,-0.429579,1.647112,-0.439096,-0.299845,0.576733,-0.516918,-0.366962,1.416092,-0.44,-0.348438,0.658309,-0.509204,-0.321716,1.258132,-0.422092
447,-0.121301,0.247049,-0.528293,-0.588248,2.067669,-0.42065,-0.253107,0.457251,-0.515108,-0.462381,1.656793,-0.439928,-0.318434,0.578373,-0.505254,-0.403001,1.435376,-0.422778,-0.35239,0.664992,-0.490023,-0.346355,1.259995,-0.434033
448,-0.13502,0.251461,-0.518727,-0.614062,2.089635,-0.422633,-0.258971,0.457661,-0.497494,-0.506422,1.671161,-0.433682,-0.325563,0.585336,-0.479925,-0.422939,1.406802,-0.411913,-0.369199,0.659232,-0.477732,-0.358924,1.300099,-0.423324
449,-0.141123,0.261867,-0.49395,-0.648508,2.111676,-0.421984,-0.270946,0.459512,-0.47601,-0.523035,1.671422,-0.436862,-0.340463,0.576122,-0.463451,-0.457743,1.443002,-0.423151,-0.380724,0.657832,-0.45826,-0.402992,1.271064,-0.403988
450,-0.143076,0.240869,-0.483288,-0.698046,2.115569,-0.410082,-0.282339,0.456065,-0.451553,-0.552727,1.673412,-0.416007,-0.347444,0.569106,-0.440736,-0.471599,1.439082,-0.400052,-0.38489,0.655873,-0.435959,-0.434161,1.284462,-0.39654
451,-0.154081,0.24561,-0.447881,-0.748064,2.112447,-0.394837,-0.286416,0.46151,-0.432963,-0.591307,1.686716,-0.401552,-0.354377,0.577887,-0.431354,-0.500093,1.425729,-0.381984,-0.389414,0.655957,-0.405262,-0.44627,1.286522,-0.390334
452,-0.168339,0.243538,-0.442006,-0.772705,2.1215,-0.392333,-0.283244,0.462044,-0.416092,-0.611867,1.679757,-0.381023,-0.36224,0.577874,-0.409755,-0.524426,1.452348,-0.380397,-0.413127,0.647133,-0.392142,-0.483531,1.279933,-0.382397
453,-0.16127,0.249633,-0.416085,-0.790758,2.137028,-0.378547,-0.301828,0.460414,-0.392245,-0.645041,1.698224,-0.384294,-0.369259,0.584368,-0.382923,-0.54058,1.435014,-0.35375,-0.409229,0.649197,-0.378984,-0.489291,1.290636,-0.36838
454,-0.160328,0.244202,-0.385875,-0.846281,2.132002,-0.373035,-0.308623,0.451931,-0.377056,-0.662426,1.68768,-0.379438,-0.375466,0.570296,-0.369744,-0.571502,1.443549,-0.354307,-0.424319,0.638684,-0.351443,-0.508683,1.292538,-0.370687
455,-0.16171,0.257362,-0.370444,-0.886698,2.145096,-0.355277,-0.304826,0.449231,-0.350728,-0.696303,1.710376,-0.35607,-0.395131,0.577444,-0.352211,-0.596143,1.464461,-0.348881,-0.437471,0.647099,-0.341696,-0.563367,1.318408,-0.357799
456,-0.166732,0.249351,-0.347467,-0.921455,2.137677,-0.367316,-0.318618,0.447733,-0.341019,-0.727084,1.710845,-0.33474,-0.390453,0.573605,-0.319683,-0.634584,1.440621,-0.357975,-0.447874,0.634855,-0.320373,-0.553906,1.310233,-0.353948
457,-0.160735,0.249971,-0.332452,-0.946786,2.137842,-0.333036,-0.311274,0.447135,-0.31561,-0.773861,1.704374,-0.334152,-0.397105,0.57694,-0.309414,-0.652701,1.465467,-0.359218,-0.459488,0.642162,-0.308129,-0.574982,1.308958,-0.357621
458,-0.171814,0.242723,-0.316644,-0.986937,2.15145,-0.321938,-0.327907,0.452442,-0.300213,-0.785847,1.696529,-0.332429,-0.40934,0.558838,-0.287563,-0.701606,1.457473,-0.326489,-0.455155,0.643015,-0.280591,-0.583279,1.303855,-0.320308
459,-0.182936,0.236692,-0.289592,-1.023599,2.133347,-0.308882,-0.332005,0.455671,-0.263682,-0.820233,1.711681,-0.329496,-0.415373,0.565828,-0.26418,-0.694875,1.471455,-0.331731,-0.468833,0.630077,-0.271683,-0.628571,1.313854,-0.31808
460,-0.182283,0.231826,-0.264362,-1.042223,2.147161,-0.30042,-0.332389,0.43834,-0.256312,-0.850509,1.711564,-0.314598,-0.425322,0.563168,-0.242838,-0.724245,1.473567,-0.310999,-0.479229,0.633932,-0.247142,-0.656539,1.319629,-0.307496
461,-0.178803,0.231551,-0.242388,-1.100591,2.143278,-0.304613,-0.342076,0.440766,-0.23318,-0.876999,1.704546,-0.289121,-0.438661,0.559863,-0.2248,-0.747994,1.453616,-0.302313,-0.478151,0.62663,-0.216368,-0.684104,1.315753,-0.297078
462,-0.188097,0.235805,-0.228243,-1.128761,2.148769,-0.279352,-0.350809,0.441634,-0.213232,-0.907526,1.708344,-0.291948,-0.442127,0.550849,-0.202027,-0.770138,1.463679,-0.297287,-0.486317,0.618344,-0.215092,-0.697912,1.311926,-0.283166
463,-0.19195,0.22947,-0.197519,-1.170988,2.136357,-0.267381,-0.363235,0.436872,-0.186619,-0.939112,1.704044,-0.276851,-0.437246,0.538428,-0.192482,-0.798033,1.453112,-0.282717,-0.506047,0.616496,-0.190535,-0.689374,1.315962,-0.276862
464,-0.196402,0.234152,-0.188354,-1.204399,2.13972,-0.266862,-0.369657,0.430793,-0.167091,-0.960355,1.705581,-0.26586,-0.45032,0.540526,-0.169801,-0.82244,1.463183,-0.270868,-0.522523,0.610212,-0.15451,-0.74773,1.300938,-0.269253
465,-0.193723,0.232255,-0.150992,-1.240511,2.127492,-0.248616,-0.368256,0.439081,-0.144779,-0.973765,1.696451,-0.268333,-0.459215,0.540232,-0.13761,-0.830249,1.450195,-0.252328,-0.514825,0.60317,-0.139726,-0.737632,1.318386,-0.260251
466,-0.191365,0.229857,-0.137486,-1.272421,2.12238,-0.263924,-0.367783,0.425726,-0.121532,-1.014488,1.703502,-0.242008,-0.469648,0.531631,-0.128086,-0.889816,1.467698,-0.258341,-0.536162,0.602612,-0.127757,-0.787468,1.302986,-0.239778
467,-0.195433,0.224923,-0.1134,-1.284986,2.131426,-0.247019,-0.37024,0.425312,-0.10932,-1.021053,1.700033,-0.228625,-0.478203,0.523148,-0.105216,-0.849345,1.445361,-0.234794,-0.528874,0.603997,-0.102561,-0.799223,1.308403,-0.241156
468,-0.199277,0.219931,-0.094513,-1.343997,2.131425,-0.235303,-0.377104,0.427705,-0.085561,-1.0529,1.699207,-0.235488,-0.482376,0.526912,-0.083663,-0.890446,1.45703,-0.21711,-0.540916,0.592553,-0.087284,-0.804731,1.310221,-0.240825
469,-0.208949,0.222472,-0.07004,-1.349301,2.119656,-0.222071,-0.383271,0.415197,-0.062737,-1.060212,1.683464,-0.210213,-0.491828,0.518225,-0.061401,-0.936351,1.431276,-0.223522,-0.55619,0.588899,-0.064174,-0.831764,1.290642,-0.222627
470,-0.215158,0.226395,-0.051545,-1.388429,2.124753,-0.197604,-0.392766,0.420901,-0.045731,-1.112502,1.687077,-0.192695,-0.502205,0.521299,-0.044293,-0.966467,1.449605,-0.198522,-0.551746,0.589284,-0.055292,-0.856839,1.278504,-0.198098
471,-0.210576,0.229645,-0.024307,-1.415944,2.101858,-0.181858,-0.39538,0.412413,-0.027883,-1.138266,1.676718,-0.190968,-0.486476,0.502798,-0.025403,-0.96521,1.429772,-0.196368,-0.559779,0.566453,-0.024787,-0.852469,1.28895,-0.192445
472,-0.21118,0.22038,0.000586,-1.434852,2.092816,-0.175767,-0.40446,0.409958,-0.002899,-1.151154,1.669952,-0.17963,-0.506693,0.510525,-0.006406,-1.003018,1.420721,-0.178453,-0.574003,0.572758,0.002836,-0.885733,1.289443,-0.17435
473,-0.213274,0.213848,0.016762,-1.476833,2.090435,-0.163962,-0.406218,0.39692,0.0099,-1.175259,1.656067,-0.164611,-0.501504,0.503904,0.015109,-1.015595,1.437375,-0.161045,-0.566517,0.568302,0.003015,-0.899528,1.27658,-0.161306
474,-0.217043,0.213695,0.046154,-1.526155,2.069752,-0.164335,-0.407497,0.390261,0.031571,-1.20615,1.657632,-0.149974,-0.518733,0.495964,0.030967,-1.032682,1.427136,-0.161374,-0.566553,0.553337,0.032032,-0.925756,1.27975,-0.158681
475,-0.230431,0.209787,0.068118,-1.547943,2.078836,-0.148393,-0.411748,0.381806,0.061013,-1.226979,1.64614,-0.164894,-0.517886,0.489434,0.06051,-1.054675,1.404052,-0.150467,-0.594749,0.557017,0.051045,-0.950852,1.263476,-0.151525
476,-0.222857,0.19656,0.076574,-1.588811,2.051483,-0.139739,-0.412768,0.381792,0.070643,-1.243858,1.60372,-0.156247,-0.521922,0.487563,0.074444,-1.058506,1.403427,-0.132413,-0.587718,0.542478,0.082169,-0.956381,1.248541,-0.135601
477,-0.225456,0.204029,0.101019,-1.590546,2.044562,-0.111066,-0.414945,0.374834,0.098176,-1.276107,1.618802,-0.145133,-0.530613,0.484057,0.104256,-1.085042,1.378255,-0.125729,-0.584499,0.538514,0.100536,-0.95981,1.256121,-0.125676
478,-0.226835,0.202583,0.127693,-1.621487,2.019341,-0.108976,-0.421257,0.363333,0.126887,-1.297288,1.618225,-0.115259,-0.52683,0.474363,0.116236,-1.106585,1.366848,-0.102825,-0.60021,0.525341,0.126076,-0.977768,1.236564,-0.138979
479,-0.230531,0.196545,0.143506,-1.650589,2.01329,-0.097653,-0.423515,0.36853,0.14165,-1.30591,1.610457,-0.10503,-0.543799,0.468809,0.141566,-1.116006,1.387549,-0.114794,-0.601247,0.52658,0.133386,-0.992816,1.237061,-0.107455
480,-0.234417,0.201589,0.173797,-1.692307,1.999186,-0.085738,-0.437326,0.370077,0.169531,-1.333717,1.61509,-0.101232,-0.542492,0.456224,0.165455,-1.143198,1.368064,-0.100341,-0.61222,0.517986,0.161051,-1.027831,1.212798,-0.086837
481,-0.23473,0.188645,0.19213,-1.699092,1.974217,-0.069082,-0.430983,0.365665,0.178738,-1.356328,1.586379,-0.086515,-0.542214,0.45511,0.179429,-1.151665,1.344214,-0.092747,-0.612418,0.504085,0.179819,-1.054821,1.20345,-0.068826
482,-0.238083,0.193257,0.215867,-1.721444,1.966524,-0.070434,-0.435798,0.356239,0.208074,-1.374365,1.578125,-0.07895,-0.548888,0.451859,0.207885,-1.175159,1.359846,-0.086883,-0.620616,0.50601,0.193824,-1.04101,1.193884,-0.068
483,-0.230474,0.188594,0.231277,-1.74272,1.948086,-0.060796,-0.446523,0.348463,0.217201,-1.381145,1.555184,-0.06395,-0.552274,0.429861,0.225116,-1.18947,1.338748,-0.068524,-0.624956,0.490136,0.214707,-1.050798,1.202919,-0.05605
484,-0.233546,0.183422,0.249837,-1.769926,1.951313,-0.050567,-0.446788,0.334604,0.248453,-1.393483,1.533011,-0.065728,-0.547006,0.430073,0.246729,-1.207796,1.301151,-0.053211,-0.626017,0.486922,0.235125,-1.096909,1.194394,-0.044716
485,-0.229336,0.184166,0.28172,-1.784681,1.924782,-0.028242,-0.439188,0.332352,0.266107,-1.424481,1.544272,-0.041589,-0.559116,0.414669,0.261788,-1.230262,1.314057,-0.036056,-0.628769,0.47827,0.255549,-1.106206,1.194251,-0.02214
486,-0.24199,0.183006,0.303002,-1.816666,1.895547,-0.031182,-0.444815,0.322809,0.286907,-1.445244,1.542303,-0.0301,-0.559211,0.411121,0.282104,-1.234708,1.298604,-0.051948,-0.631902,0.468747,0.267814,-1.106388,1.158839,-0.011271
487,-0.234464,0.161559,0.32005,-1.84085,1.885109,-0.006391,-0.454908,0.31915,0.304865,-1.473846,1.490745,-0.017909,-0.577205,0.408068,0.302179,-1.240003,1.278825,-0.023275,-0.639276,0.458428,0.296467,-1.135604,1.145611,-0.006273
488,-0.240979,0.169517,0.344046,-1.861761,1.842943,-0.006934,-0.455336,0.318156,0.327984,-1.479319,1.508756,0.005099,-0.571107,0.392988,0.32136,-1.263322,1.26642,0.005909,-0.654169,0.449825,0.313783,-1.137213,1.141838,-0.022646
489,-0.243822,0.169244,0.362422,-1.891752,1.841274,0.002374,-0.453483,0.312248,0.341135,-1.489285,1.461896,0.014815,-0.572546,0.38961,0.343201,-1.296734,1.269159,0.020634,-0.648174,0.432619,0.333744,-1.143068,1.144741,0.028323
490,-0.252242,0.160428,0.383786,-1.897972,1.821198,0.042261,-0.450457,0.292692,0.357691,-1.497343,1.450282,0.017987,-0.577004,0.376107,0.356473,-1.294309,1.24646,0.018468,-0.643123,0.427828,0.359411,-1.148496,1.113782,-0.003825
491,-0.247725,0.155738,0.407526,-1.891967,1.800035,0.020026,-0.457404,0.306823,0.399768,-1.527749,1.431529,0.037929,-0.571811,0.375558,0.385484,-1.287983,1.231523,0.035174,-0.650712,0.41912,0.366611,-1.184567,1.106944,0.049691
492,-0.25068,0.154758,0.424268,-1.927787,1.775194,0.043817,-0.457733,0.293828,0.409178,-1.533574,1.429504,0.045722,-0.57441,0.353289,0.400455,-1.310248,1.211647,0.045776,-0.653702,0.418172,0.3988,-1.185004,1.075068,0.03196
493,-0.23734,0.151318,0.444458,-1.937822,1.748174,0.057217,-0.46174,0.280144,0.434621,-1.550838,1.384096,0.055723,-0.57763,0.351732,0.412308,-1.339838,1.173601,0.04412,-0.653942,0.397947,0.416508,-1.18,1.092271,0.042077
494,-0.252558,0.146293,0.464055,-1.956893,1.732366,0.061875,-0.450387,0.2795,0.445222,-1.56574,1.360602,0.063344,-0.580063,0.345156,0.433166,-1.335432,1.185562,0.069529,-0.650398,0.392191,0.438617,-1.211171,1.062842,0.055335
495,-0.256521,0.145856,0.477865,-1.978156,1.714261,0.067583,-0.455208,0.273666,0.472292,-1.560508,1.346183,0.071306,-0.586945,0.328481,0.452042,-1.343188,1.177545,0.067882,-0.654473,0.387727,0.44574,-1.211525,1.031692,0.078792
496,-0.246357,0.13439,0.507375,-2.009191,1.672893,0.099209,-0.461117,0.259176,0.485726,-1.59521,1.337485,0.100555,-0.590582,0.32613,0.474861,-1.350114,1.139459,0.090248,-0.649264,0.367922,0.471777,-1.221196,1.015276,0.09252
497,-0.252712,0.145456,0.525483,-1.992774,1.672549,0.091731,-0.461176,0.2517,0.504186,-1.593142,1.32817,0.098004,-0.59268,0.32502,0.485951,-1.373282,1.130402,0.089527,-0.65881,0.366635,0.48311,-1.233139,1.015391,0.077459
498,-0.244887,0.128701,0.547628,-2.021667,1.629166,0.108062,-0.472091,0.238608,0.526395,-1.615609,1.285131,0.116434,-0.582867,0.313102,0.506327,-1.389005,1.122422,0.098733,-0.659456,0.3442,0.501435,-1.229832,0.987025,0.09951
499,-0.255097,0.128137,0.565977,-2.038677,1.600254,0.126383,-0.46782,0.245433,0.541396,-1.614898,1.248265,0.12986,-0.589463,0.306179,0.532823,-1.41031,1.089696,0.13092,-0.656985,0.342096,0.521407,-1.260238,0.968613,0.114982
500,-0.254779,0.122784,0.582507,-2.037243,1.585978,0.14748,-0.463176,0.236486,0.559782,-1.646613,1.262293,0.131956,-0.590482,0.281978,0.545672,-1.383835,1.069949,0.126702,-0.660451,0.335798,0.536592,-1.244258,0.969021,0.146656
501,-0.251263,0.119744,0.611778,-2.054591,1.543507,0.133891,-0.45421,0.229865,0.585114,-1.642234,1.2237,0.151407,-0.578739,0.290283,0.567029,-1.401981,1.061972,0.166312,-0.664596,0.318182,0.558959,-1.266516,0.931421,0.137142
502,-0.244138,0.112994,0.628085,-2.061552,1.531667,0.165194,-0.470885,0.217697,0.592804,-1.657729,1.222625,0.177197,-0.577594,0.274818,0.577372,-1.420693,1.051118,0.164443,-0.655813,0.301874,0.575417,-1.251661,0.927658,0.172143
503,-0.254291,0.120308,0.631216,-2.075327,1.48739,0.169141,-0.467863,0.216393,0.614977,-1.649885,1.196311,0.154185,-0.574287,0.259389,0.605403,-1.416547,1.004885,0.156571,-0.655092,0.299384,0.580156,-1.288748,0.914999,0.16658
504,-0.246752,0.103076,0.657205,-2.078536,1.443122,0.187653,-0.462918,0.190473,0.627076,-1.655947,1.159121,0.188324,-0.576459,0.251355,0.614735,-1.441074,0.988661,0.163339,-0.656785,0.283257,0.607684,-1.307466,0.906685,0.174113
505,-0.245978,0.11182,0.67289,-2.097465,1.437959,0.202863,-0.463367,0.191031,0.652793,-1.666472,1.127215,0.198044,-0.586734,0.240078,0.625839,-1.424855,0.97579,0.188158,-0.663166,0.274201,0.618977,-1.279926,0.863776,0.173952
506,-0.247255,0.096919,0.698991,-2.12493,1.383062,0.193055,-0.454072,0.179495,0.66483,-1.676677,1.132194,0.214799,-0.578149,0.230728,0.659461,-1.437543,0.950442,0.208443,-0.654446,0.269183,0.643197,-1.276557,0.860602,0.197304
507,-0.24679,0.093454,0.710031,-2.101933,1.366071,0.216852,-0.464966,0.178034,0.682696,-1.673722,1.101188,0.197432,-0.575758,0.231662,0.665092,-1.457582,0.943743,0.213586,-0.656889,0.247977,0.662284,-1.294196,0.839702,0.223084
508,-0.249475,0.086518,0.733447,-2.110106,1.333754,0.218825,-0.46019,0.162953,0.701805,-1.685781,1.049756,0.240243,-0.577247,0.204631,0.68393,-1.448874,0.912349,0.218983,-0.653215,0.229387,0.672306,-1.312649,0.816164,0.245131
509,-0.245112,0.091188,0.741968,-2.12049,1.294691,0.225877,-0.458176,0.164568,0.716117,-1.686613,1.045924,0.248987,-0.578952,0.198899,0.700011,-1.450467,0.888192,0.237025,-0.650653,0.23465,0.695835,-1.29629,0.794998,0.249882
510,-0.253192,0.083814,0.768862,-2.120734,1.266186,0.247614,-0.455133,0.152041,0.733664,-1.689611,1.012128,0.24772,-0.573026,0.184376,0.711719,-1.459434,0.850921,0.256958,-0.637012,0.230273,0.70386,-1.317422,0.776965,0.245625
511,-0.244272,0.072676,0.784534,-2.134393,1.231976,0.251779,-0.449859,0.140662,0.742238,-1.69529,0.982145,0.269148,-0.567576,0.173992,0.730502,-1.455048,0.834108,0.255984,-0.640887,0.201694,0.714805,-1.292345,0.757468,0.254749
512,-0.240662,0.078387,0.795695,-2.144654,1.209698,0.253252,-0.453389,0.142645,0.760088,-1.688124,0.959425,0.259402,-0.564912,0.171928,0.744738,-1.448141,0.838175,0.247257,-0.639243,0.197604,0.733556,-1.29678,0.74478,0.280004
513,-0.231496,0.069933,0.81106,-2.154142,1.169245,0.27708,-0.454109,0.128664,0.779911,-1.704299,0.941997,0.294346,-0.569035,0.168276,0.759419,-1.460286,0.795062,0.282703,-0.63383,0.181062,0.736265,-1.298487,0.719584,0.259492
514,-0.242464,0.062103,0.832289,-2.162893,1.134872,0.29856,-0.447815,0.121461,0.792962,-1.71447,0.910822,0.273426,-0.558437,0.146714,0.775535,-1.464527,0.796031,0.294488,-0.636478,0.173181,0.763941,-1.291936,0.692153,0.314159
515,-0.250718,0.064927,0.838107,-2.159131,1.109298,0.297769,-0.442485,0.103323,0.807401,-1.718355,0.867313,0.286891,-0.567061,0.14393,0.788687,-1.451455,0.766297,0.282028,-0.626376,0.156946,0.772755,-1.315341,0.673427,0.317837
516,-0.239196,0.06609,0.860038,-2.155997,1.066648,0.321284,-0.449929,0.094052,0.825718,-1.695807,0.860853,0.306032,-0.55731,0.12147,0.802089,-1.459461,0.724859,0.306501,-0.634657,0.148837,0.793424,-1.305486,0.625974,0.293992
517,-0.23521,0.049431,0.87699,-2.166479,1.048769,0.318164,-0.436934,0.09575,0.828119,-1.706223,0.826827,0.318229,-0.554406,0.123164,0.813739,-1.45458,0.698436,0.307551,-0.620376,0.134242,0.798658,-1.314024,0.637879,0.321446
518,-0.230521,0.046019,0.886989,-2.144415,1.003616,0.331286,-0.434952,0.088668,0.851327,-1.727808,0.797356,0.32853,-0.543084,0.112623,0.828791,-1.466561,0.684226,0.319264,-0.624751,0.1311,0.813267,-1.300272,0.614832,0.341973
519,-0.239076,0.039813,0.904207,-2.14526,0.958322,0.32369,-0.43638,0.074865,0.864578,-1.701756,0.765937,0.330631,-0.542322,0.094141,0.842472,-1.476136,0.654805,0.32938,-0.62518,0.104934,0.832483,-1.320237,0.577516,0.355402
520,-0.230369,0.041049,0.912957,-2.146429,0.923174,0.357519,-0.436088,0.074207,0.870766,-1.696317,0.741844,0.345214,-0.535568,0.09257,0.858511,-1.457337,0.640018,0.352475,-0.613241,0.096375,0.840235,-1.303319,0.560013,0.356591
521,-0.223776,0.029878,0.92413,-2.144939,0.890766,0.366274,-0.427672,0.054737,0.893298,-1.689684,0.706921,0.343182,-0.541391,0.079674,0.868201,-1.455735,0.601018,0.354759,-0.60775,0.083092,0.856915,-1.309106,0.544774,0.36756
522,-0.229359,0.032599,0.936504,-2.132769,0.84615,0.35581,-0.427971,0.042538,0.909525,-1.696871,0.687712,0.379126,-0.536542,0.061012,0.883284,-1.467989,0.579994,0.356837,-0.595718,0.069736,0.860415,-1.318047,0.503923,0.364829
523,-0.218839,0.016729,0.954652,-2.122506,0.8183,0.379537,-0.414246,0.045892,0.913651,-1.687877,0.653494,0.390851,-0.518901,0.06034,0.896461,-1.460942,0.562848,0.37016,-0.599638,0.059766,0.876598,-1.29645,0.509099,0.38941
524,-0.219915,0.02435,0.972225,-2.125488,0.770307,0.376414,-0.415514,0.038992,0.929855,-1.682242,0.619007,0.382369,-0.530945,0.038633,0.9041,-1.439271,0.534391,0.38097,-0.596115,0.048543,0.877869,-1.288985,0.465767,0.386461
525,-0.224698,0.017862,0.9837,-2.109718,0.763818,0.415761,-0.411813,0.02789,0.935723,-1.682244,0.599792,0.391693,-0.514731,0.029029,0.908202,-1.438751,0.490242,0.393758,-0.588844,0.033898,0.901355,-1.279288,0.443676,0.404018
526,-0.207174,0.006725,0.995058,-2.112805,0.706017,0.407703,-0.408286,0.014697,0.947382,-1.674858,0.558173,0.407811,-0.519011,0.02267,0.927802,-1.453474,0.485434,0.384746,-0.580531,0.010507,0.910857,-1.280328,0.421838,0.398667
527,-0.222922,0.01086,1.005061,-2.107891,0.675534,0.407272,-0.396835,0.004424,0.962757,-1.667443,0.52591,0.406565,-0.503918,0.010925,0.937811,-1.435645,0.474989,0.400324,-0.579447,0.00255,0.928249,-1.277958,0.413387,0.407578
528,-0.216979,0.003811,1.012621,-2.09582,0.621622,0.409223,-0.41001,-0.004773,0.972441,-1.649779,0.496396,0.422117,-0.49846,-0.000416,0.954995,-1.43908,0.418068,0.420135,-0.561009,2e-05,0.930594,-1.281704,0.387656,0.39528
529,-0.219593,-0.002016,1.012672,-2.083035,0.577627,0.424899,-0.393846,-0.008664,0.982626,-1.640479,0.461667,0.413484,-0.50246,-0.007968,0.967688,-1.403441,0.401711,0.431353,-0.560788,-0.012706,0.945235,-1.272256,0.359422,0.415898
530,-0.215322,-0.00772,1.039053,-2.087719,0.548814,0.427612,-0.39289,-0.025798,0.99166,-1.659592,0.435291,0.44113,-0.49915,-0.023769,0.971805,-1.418039,0.389025,0.439228,-0.558292,-0.027066,0.948524,-1.25996,0.319743,0.437356
531,-0.20667,-0.012809,1.04142,-2.074328,0.518611,0.428221,-0.385531,-0.028153,0.997972,-1.635272,0.420515,0.448505,-0.483531,-0.035282,0.978974,-1.413827,0.363588,0.449551,-0.553585,-0.047129,0.964656,-1.27485,0.319034,0.437264
532,-0.19798,-0.018933,1.050007,-2.029663,0.472153,0.456852,-0.38466,-0.036635,1.010709,-1.658194,0.389706,0.45082,-0.481639,-0.047847,0.988803,-1.406682,0.324506,0.451527,-0.5453,-0.048413,0.975554,-1.257765,0.290216,0.430928
533,-0.200613,-0.021566,1.062354,-2.049844,0.426578,0.459685,-0.380185,-0.047677,1.020903,-1.612424,0.347277,0.460088,-0.476401,-0.063185,0.998203,-1.410266,0.290933,0.46918,-0.537105,-0.072693,0.97656,-1.247106,0.249058,0.466279
534,-0.201464,-0.033682,1.074535,-2.02927,0.391048,0.48467,-0.377757,-0.054772,1.022838,-1.615185,0.313132,0.466265,-0.456956,-0.062995,0.997649,-1.379385,0.259518,0.446951,-0.536957,-0.077434,0.986177,-1.246954,0.230251,0.457206
535,-0.200642,-0.025792,1.079649,-2.008206,0.355179,0.470151,-0.368248,-0.070989,1.035431,-1.606217,0.304818,0.471656,-0.463368,-0.07413,1.019943,-1.360691,0.255071,0.476322,-0.526605,-0.081963,1.007001,-1.224238,0.222853,0.47368
536,-0.201991,-0.025746,1.087018,-1.997787,0.309006,0.488795,-0.364429,-0.074368,1.037329,-1.580793,0.258544,0.489958,-0.457166,-0.084096,1.010162,-1.372336,0.222288,0.491381,-0.514781,-0.093022,1.001351,-1.216919,0.182345,0.48832
537,-0.193409,-0.051191,1.100239,-1.986653,0.263281,0.480399,-0.346411,-0.07664,1.041285,-1.582523,0.22352,0.474473,-0.447774,-0.091952,1.034841,-1.353752,0.164427,0.479641,-0.504975,-0.119497,1.01365,-1.206423,0.165533,0.474509
538,-0.186955,-0.056317,1.107599,-1.976839,0.230638,0.498411,-0.350615,-0.076612,1.062691,-1.551819,0.19096,0.5026,-0.446755,-0.11356,1.031353,-1.332356,0.16416,0.500137,-0.496848,-0.127852,1.027725,-1.202485,0.149762,0.498068
539,-0.177433,-0.053638,1.102724,-1.958334,0.1951,0.495747,-0.347261,-0.104979,1.067816,-1.559913,0.136016,0.495635,-0.438549,-0.133162,1.04884,-1.32627,0.144695,0.482062,-0.491604,-0.143766,1.028211,-1.183406,0.118128,0.499887
540,-0.173518,-0.051235,1.124225,-1.933983,0.162736,0.505205,-0.343267,-0.101375,1.077101,-1.543701,0.112795,0.507062,-0.424231,-0.1267,1.045684,-1.315895,0.112554,0.5065,-0.480341,-0.154873,1.022527,-1.161748,0.091993,0.506334
541,-0.185664,-0.063451,1.12197,-1.923195,0.116574,0.499822,-0.325351,-0.123666,1.081889,-1.519898,0.103952,0.510654,-0.414309,-0.1507,1.058955,-1.308487,0.054135,0.507903,-0.471976,-0.165884,1.033958,-1.176241,0.065109,0.499571
542,-0.176478,-0.067618,1.127608,-1.890581,0.073497,0.545626,-0.333332,-0.118524,1.080116,-1.511189,0.063777,0.521359,-0.40928,-0.161532,1.050769,-1.296864,0.040774,0.524642,-0.457747,-0.175491,1.033189,-1.155359,0.053563,0.538256
543,-0.17009,-0.070637,1.141506,-1.854505,0.039182,0.518192,-0.316741,-0.133375,1.087584,-1.494796,0.008595,0.528523,-0.410474,-0.156898,1.055778,-1.291389,0.028653,0.548818,-0.459702,-0.17502,1.052583,-1.144569,0.015111,0.529355
544,-0.169104,-0.07568,1.135909,-1.849948,-0.011374,0.543108,-0.308069,-0.141375,1.095075,-1.486925,-0.003183,0.527088,-0.402464,-0.178215,1.069615,-1.249464,-0.022312,0.527902,-0.445529,-0.197131,1.056106,-1.132559,0.005383,0.528972
545,-0.159419,-0.082406,1.142359,-1.832532,-0.043462,0.551964,-0.301497,-0.144988,1.097995,-1.44639,-0.050319,0.545362,-0.387234,-0.187016,1.068591,-1.246668,-0.050797,0.538372,-0.44184,-0.214251,1.053119,-1.111227,-0.035367,0.541712
546,-0.145599,-0.074626,1.152392,-1.828275,-0.091917,0.546162,-0.297408,-0.156621,1.102525,-1.454029,-0.085543,0.547897,-0.371537,-0.198528,1.074329,-1.247162,-0.053105,0.561562,-0.427817,-0.221283,1.062813,-1.096299,-0.063931,0.550667
547,-0.154667,-0.090858,1.15361,-1.798842,-0.13581,0.553448,-0.291882,-0.163281,1.099853,-1.419559,-0.110447,0.555109,-0.371029,-0.20641,1.070809,-1.224361,-0.094228,0.551464,-0.420653,-0.242875,1.060104,-1.096153,-0.085937,0.543328
548,-0.150214,-0.093415,1.1503,-1.758317,-0.164862,0.543538,-0.291956,-0.171076,1.11125,-1.396755,-0.144791,0.54299,-0.36089,-0.215254,1.072428,-1.210278,-0.111775,0.560707,-0.40888,-0.235872,1.062531,-1.084302,-0.100719,0.565462
549,-0.152166,-0.095077,1.157597,-1.741078,-0.218195,0.567055,-0.280054,-0.173238,1.108675,-1.384104,-0.160741,0.552511,-0.347811,-0.230496,1.081858,-1.188762,-0.160286,0.558715,-0.394336,-0.248794,1.068812,-1.067328,-0.134913,0.558713
550,-0.139478,-0.09858,1.162123,-1.721913,-0.243535,0.574406,-0.275712,-0.186672,1.109938,-1.350006,-0.213446,0.57088,-0.339985,-0.23274,1.081526,-1.192099,-0.178254,0.557846,-0.389783,-0.269816,1.078343,-1.044357,-0.144983,0.575766
551,-0.14129,-0.102968,1.170497,-1.701418,-0.29589,0.563633,-0.262544,-0.195639,1.118726,-1.350312,-0.234213,0.575322,-0.331615,-0.250089,1.095412,-1.153593,-0.186009,0.571645,-0.377272,-0.271508,1.065385,-1.030442,-0.184455,0.572308
552,-0.146464,-0.110401,1.166767,-1.66888,-0.346869,0.565611,-0.262444,-0.202302,1.120287,-1.335022,-0.273854,0.58762,-0.325346,-0.261111,1.090755,-1.160129,-0.243882,0.560779,-0.367035,-0.290192,1.080109,-1.023651,-0.196399,0.559566
553,-0.133021,-0.113487,1.168405,-1.641841,-0.367767,0.577808,-0.255003,-0.214454,1.124681,-1.325789,-0.296128,0.569226,-0.315644,-0.266594,1.094899,-1.120009,-0.273573,0.564732,-0.353968,-0.302196,1.068887,-1.008976,-0.238379,0.583614
554,-0.129767,-0.117414,1.167637,-1.618007,-0.420349,0.586192,-0.245933,-0.233612,1.121506,-1.285195,-0.341217,0.586966,-0.30965,-0.279038,1.095081,-1.12326,-0.28634,0.578976,-0.354328,-0.316694,1.073517,-0.993506,-0.253471,0.584725
555,-0.12686,-0.112238,1.17131,-1.589255,-0.44894,0.601679,-0.239772,-0.23279,1.125716,-1.263179,-0.364814,0.584281,-0.294474,-0.287962,1.09618,-1.089702,-0.314228,0.580121,-0.33182,-0.324358,1.08769,-0.966508,-0.272569,0.560562
556,-0.126663,-0.127316,1.169431,-1.557149,-0.51435,0.563601,-0.225182,-0.23612,1.120628,-1.237772,-0.397817,0.622768,-0.282122,-0.292272,1.097742,-1.076528,-0.334954,0.596552,-0.325053,-0.33448,1.076657,-0.968858,-0.302115,0.591972
557,-0.120278,-0.124498,1.166536,-1.529997,-0.520243,0.595084,-0.222879,-0.24451,1.115642,-1.245182,-0.407952,0.597336,-0.283178,-0.301986,1.087031,-1.062629,-0.343902,0.602042,-0.319003,-0.356701,1.078168,-0.932977,-0.327551,0.591515
558,-0.117552,-0.141862,1.165897,-1.537585,-0.56477,0.593912,-0.211749,-0.249314,1.110474,-1.21079,-0.449155,0.595632,-0.274942,-0.323914,1.085035,-1.027942,-0.352384,0.597844,-0.303841,-0.353594,1.077793,-0.92988,-0.348968,0.597799
559,-0.106991,-0.132523,1.170898,-1.476402,-0.621857,0.611251,-0.2098,-0.265459,1.110122,-1.173044,-0.490557,0.603331,-0.258327,-0.315192,1.092902,-0.995236,-0.399629,0.593328,-0.291996,-0.36187,1.07661,-0.889213,-0.371368,0.6069
560,-0.103202,-0.149421,1.164725,-1.439311,-0.655211,0.603047,-0.199065,-0.258588,1.114952,-1.155409,-0.488517,0.608268,-0.248319,-0.342304,1.084172,-0.994415,-0.441784,0.60534,-0.271241,-0.37813,1.070988,-0.878474,-0.400002,0.611757
561,-0.104899,-0.144184,1.154113,-1.412311,-0.70754,0.595136,-0.190789,-0.281507,1.108492,-1.135707,-0.550009,0.596655,-0.243368,-0.336869,1.086814,-0.980129,-0.481142,0.607179,-0.276093,-0.379035,1.063053,-0.864701,-0.435294,0.607442
562,-0.099736,-0.146236,1.15402,-1.403653,-0.70455,0.609156,-0.178027,-0.276527,1.115877,-1.113122,-0.573933,0.591549,-0.228569,-0.352565,1.08971,-0.949946,-0.501411,0.590987,-0.251209,-0.395842,1.068122,-0.839377,-0.451079,0.598222
563,-0.090531,-0.146726,1.154609,-1.350777,-0.783777,0.621405,-0.176564,-0.286312,1.113367,-1.088014,-0.607703,0.603465,-0.212188,-0.366495,1.081687,-0.925212,-0.508265,0.623671,-0.24429,-0.406697,1.064183,-0.810917,-0.459256,0.589187
564,-0.093553,-0.159882,1.151231,-1.331137,-0.810951,0.615246,-0.16099,-0.285022,1.103036,-1.060687,-0.631083,0.614774,-0.221823,-0.364878,1.076883,-0.901679,-0.534811,0.608911,-0.2363,-0.410621,1.066173,-0.78624,-0.498892,0.601022
565,-0.083606,-0.164932,1.146398,-1.304911,-0.830118,0.615611,-0.164409,-0.29728,1.096905,-1.029224,-0.656207,0.62267,-0.190709,-0.369904,1.080109,-0.892262,-0.576756,0.614151,-0.22844,-0.432156,1.050812,-0.775338,-0.53617,0.579811
566,-0.082757,-0.161167,1.143365,-1.252407,-0.866534,0.620324,-0.148914,-0.305503,1.104095,-1.009707,-0.687482,0.61763,-0.182137,-0.382548,1.071745,-0.870459,-0.606675,0.614397,-0.216816,-0.44187,1.061308,-0.763447,-0.531241,0.610587
567,-0.077938,-0.164349,1.126538,-1.218728,-0.915321,0.609383,-0.135871,-0.317265,1.096288,-0.974806,-0.727408,0.622508,-0.183492,-0.388209,1.070448,-0.850067,-0.616431,0.621891,-0.206068,-0.439848,1.061744,-0.77043,-0.557465,0.59606
568,-0.080203,-0.175564,1.136633,-1.186092,-0.936752,0.626278,-0.13978,-0.324381,1.100367,-0.952818,-0.754543,0.594551,-0.164522,-0.403228,1.063534,-0.82948,-0.653507,0.620059,-0.186863,-0.456326,1.050375,-0.739746,-0.581057,0.609147
569,-0.065359,-0.182462,1.131805,-1.155632,-0.99734,0.614033,-0.127398,-0.313269,1.08057,-0.911606,-0.782037,0.62095,-0.145287,-0.40369,1.063644,-0.79237,-0.655426,0.607928,-0.172627,-0.466242,1.035583,-0.711271,-0.602299,0.599618
570,-0.059891,-0.175883,1.122417,-1.120358,-1.018668,0.599765,-0.103197,-0.33386,1.08197,-0.887136,-0.813756,0.604003,-0.142735,-0.416413,1.04842,-0.764968,-0.694441,0.643799,-0.15897,-0.469639,1.035853,-0.687944,-0.611509,0.606953
571,-0.060094,-0.177447,1.125762,-1.09486,-1.023956,0.601921,-0.103759,-0.332335,1.072632,-0.872115,-0.860438,0.604178,-0.139813,-0.429186,1.046491,-0.737391,-0.719266,0.614661,-0.1552,-0.478377,1.031201,-0.680636,-0.637778,0.625083
572,-0.04683,-0.184345,1.107006,-1.051989,-1.090471,0.622858,-0.088517,-0.344464,1.060984,-0.833986,-0.87142,0.595654,-0.125007,-0.429412,1.039597,-0.719929,-0.757491,0.622058,-0.147205,-0.481982,1.020004,-0.637619,-0.686565,0.618922
573,-0.045372,-0.184204,1.106633,-1.011149,-1.132121,0.616314,-0.088865,-0.343259,1.0628,-0.808328,-0.926235,0.632487,-0.110888,-0.439084,1.039138,-0.688566,-0.754107,0.592616,-0.133706,-0.494806,1.021281,-0.615908,-0.677554,0.6145
574,-0.047366,-0.182461,1.094928,-0.965495,-1.161389,0.606026,-0.086296,-0.353234,1.055019,-0.770057,-0.921734,0.616924,-0.100537,-0.446631,1.025311,-0.659159,-0.803138,0.611589,-0.112883,-0.502844,1.008464,-0.595097,-0.724413,0.626082
575,-0.043759,-0.196354,1.09386,-0.94632,-1.183639,0.61271,-0.079468,-0.35553,1.04315,-0.758544,-0.966104,0.6137,-0.089662,-0.449913,1.022249,-0.660705,-0.826507,0.598881,-0.106449,-0.513479,0.994762,-0.567495,-0.73542,0.60386
576,-0.038931,-0.201535,1.081005,-0.924294,-1.236797,0.605566,-0.067363,-0.368166,1.041862,-0.727618,-0.959299,0.620453,-0.073459,-0.457414,1.005747,-0.623273,-0.815294,0.623431,-0.085653,-0.516172,1.000566,-0.575904,-0.743635,0.610402
577,-0.02793,-0.19698,1.074407,-0.875834,-1.261523,0.62289,-0.054472,-0.382594,1.01967,-0.704788,-1.003797,0.629305,-0.069707,-0.46706,1.006426,-0.605599,-0.873693,0.609179,-0.077086,-0.52597,0.989148,-0.530056,-0.775154,0.60525
578,-0.023327,-0.200177,1.062851,-0.840118,-1.299255,0.617265,-0.054405,-0.379696,1.025482,-0.680225,-1.013893,0.629566,-0.05961,-0.472903,0.991197,-0.567491,-0.875914,0.615508,-0.071073,-0.533198,0.98858,-0.501574,-0.767889,0.590492
579,-0.020564,-0.2123,1.055619,-0.817195,-1.339882,0.590057,-0.040478,-0.378338,1.021058,-0.641633,-1.058135,0.623881,-0.055676,-0.478799,0.985473,-0.539109,-0.910489,0.589979,-0.054795,-0.543632,0.971226,-0.485419,-0.801737,0.592366
580,-0.008771,-0.207289,1.043986,-0.76106,-1.370748,0.609229,-0.032885,-0.384745,1.00777,-0.628056,-1.080004,0.610936,-0.037508,-0.486899,0.976768,-0.523793,-0.92887,0.604708,-0.042139,-0.554378,0.966512,-0.469469,-0.837742,0.600953
581,-0.011932,-0.199,1.033618,-0.720552,-1.379244,0.596367,-0.018391,-0.391157,0.991132,-0.581597,-1.124398,0.6253,-0.023116,-0.490377,0.963788,-0.498819,-0.959148,0.595897,-0.026368,-0.555536,0.954279,-0.420878,-0.839288,0.610175
582,-0.005993,-0.215043,1.019828,-0.695044,-1.417396,0.600444,-0.008607,-0.397893,0.989288,-0.528795,-1.116404,0.587204,-0.007584,-0.506985,0.961827,-0.473179,-0.971738,0.604741,-0.016442,-0.569991,0.946029,-0.415155,-0.866055,0.59575
583,-0.01345,-0.219373,1.019247,-0.637491,-1.461064,0.590705,-0.003804,-0.403481,0.961976,-0.524543,-1.159596,0.581426,0.00221,-0.502512,0.946031,-0.445537,-0.97786,0.596225,-0.003305,-0.571025,0.93537,-0.395068,-0.873851,0.578937
584,0.00083,-0.222868,0.999527,-0.617068,-1.468007,0.599114,-0.001602,-0.410215,0.962391,-0.491201,-1.195461,0.593379,0.005658,-0.509949,0.932589,-0.436656,-0.991883,0.59428,0.009289,-0.576795,0.918587,-0.363714,-0.90268,0.597559
585,0.016485,-0.219928,0.987072,-0.583972,-1.512056,0.607158,0.0149,-0.409535,0.958255,-0.460583,-1.198463,0.571796,0.006318,-0.509539,0.930401,-0.377614,-1.045961,0.572508,0.022838,-0.582872,0.913573,-0.348015,-0.91536,0.580315
586,0.008208,-0.222518,0.985606,-0.529683,-1.544983,0.591479,0.026177,-0.409922,0.940675,-0.433904,-1.234439,0.585108,0.023858,-0.524007,0.927182,-0.361389,-1.05674,0.579823,0.034352,-0.586615,0.897304,-0.329004,-0.928606,0.574065
587,0.019666,-0.226735,0.9701,-0.49369,-1.54963,0.580424,0.031248,-0.41788,0.92533,-0.39764,-1.233905,0.593953,0.037272,-0.529826,0.906228,-0.35539,-1.055998,0.580757,0.04298,-0.59793,0.893185,-0.296281,-0.961127,0.594565
588,0.024816,-0.22235,0.959141,-0.463501,-1.598262,0.565141,0.036376,-0.423169,0.914309,-0.342185,-1.269889,0.575381,0.054263,-0.529126,0.898769,-0.29853,-1.093259,0.574623,0.060547,-0.604129,0.874942,-0.26638,-0.971415,0.598506
589,0.024302,-0.221947,0.935598,-0.406936,-1.638897,0.59296,0.046234,-0.423174,0.904541,-0.324751,-1.271235,0.570032,0.072981,-0.522763,0.879917,-0.279518,-1.109904,0.597628,0.066545,-0.600036,0.866002,-0.248882,-0.976119,0.590584
590,0.02556,-0.227845,0.924114,-0.371254,-1.644532,0.593876,0.063007,-0.435236,0.892905,-0.293674,-1.30991,0.560423,0.07263,-0.541084,0.865738,-0.249213,-1.122988,0.567028,0.087347,-0.601991,0.864369,-0.223129,-1.007068,0.586337
591,0.028501,-0.228189,0.910503,-0.328326,-1.671698,0.5766,0.075223,-0.436614,0.882633,-0.264282,-1.312821,0.566993,0.088548,-0.538103,0.856779,-0.225792,-1.147693,0.578651,0.102339,-0.611757,0.839672,-0.205598,-1.011777,0.561574
592,0.043835,-0.235139,0.899215,-0.284645,-1.706009,0.566101,0.078377,-0.438794,0.873238,-0.228667,-1.346688,0.573696,0.09156,-0.548126,0.847939,-0.201601,-1.182872,0.580262,0.111015,-0.614086,0.838854,-0.1924,-1.031217,0.571584
593,0.034578,-0.243271,0.895154,-0.246504,-1.716907,0.551764,0.094685,-0.431572,0.851265,-0.207446,-1.368548,0.562849,0.1021,-0.548956,0.831554,-0.161618,-1.171479,0.56857,0.119299,-0.624804,0.822374,-0.155798,-1.043896,0.574765
594,0.04371,-0.23355,0.87664,-0.217435,-1.749672,0.552632,0.095934,-0.439462,0.840842,-0.170174,-1.378229,0.551334,0.114935,-0.559464,0.823059,-0.154219,-1.18185,0.556488,0.136416,-0.623409,0.805321,-0.127824,-1.051513,0.561061
595,0.045294,-0.238386,0.852968,-0.177371,-1.778611,0.555639,0.10908,-0.438512,0.833341,-0.111024,-1.426952,0.5472,0.127739,-0.560977,0.808974,-0.11016,-1.202108,0.562864,0.136562,-0.636375,0.790726,-0.104401,-1.081096,0.563653
596,0.068275,-0.243695,0.836439,-0.126798,-1.803192,0.529554,0.105145,-0.448459,0.799526,-0.094688,-1.428755,0.549042,0.144296,-0.556088,0.793062,-0.095838,-1.213534,0.540371,0.155038,-0.629581,0.784621,-0.080011,-1.090014,0.553393
597,0.054982,-0.244064,0.823614,-0.105359,-1.806973,0.528472,0.113211,-0.443107,0.793101,-0.074641,-1.438323,0.548843,0.157611,-0.555343,0.781653,-0.072595,-1.248858,0.544681,0.171856,-0.63737,0.770512,-0.052114,-1.108742,0.548572
598,0.073405,-0.234341,0.812727,-0.060427,-1.830339,0.54531,0.129485,-0.456509,0.780288,-0.029037,-1.449981,0.53569,0.162171,-0.564273,0.751939,-0.020226,-1.254785,0.534035,0.182887,-0.643581,0.744689,-0.034201,-1.127469,0.52107
599,0.068935,-0.244051,0.79626,-0.017889,-1.860113,0.53508,0.124228,-0.452564,0.764238,-0.012829,-1.475363,0.529052,0.175659,-0.567607,0.750592,-0.007748,-1.245114,0.523133,0.198081,-0.648581,0.72912,-0.00583,-1.123383,0.530896
600,0.071202,-0.246218,0.787896,0.026372,-1.856808,0.525238,0.151193,-0.450069,0.753599,0.038639,-1.49325,0.535678,0.181157,-0.566836,0.729306,0.018276,-1.288333,0.520559,0.193042,-0.636795,0.730582,0.025424,-1.16588,0.529673
601,0.083061,-0.240638,0.762706,0.073423,-1.890438,0.497048,0.159291,-0.453403,0.737753,0.056262,-1.513568,0.528941,0.191967,-0.574218,0.716892,0.038447,-1.275571,0.531553,0.212486,-0.650794,0.704815,0.037039,-1.157626,0.515449
602,0.091125,-0.244223,0.751824,0.105654,-1.915717,0.512057,0.154694,-0.467863,0.722819,0.10418,-1.522047,0.51781,0.193962,-0.57876,0.699421,0.062604,-1.315218,0.512607,0.223936,-0.644235,0.690036,0.060838,-1.180731,0.527312
603,0.094747,-0.253852,0.733399,0.143985,-1.93058,0.505849,0.164962,-0.456056,0.700457,0.131569,-1.539987,0.503678,0.208798,-0.581326,0.675972,0.114445,-1.3254,0.512882,0.236643,-0.663014,0.670718,0.081931,-1.192996,0.503811
604,0.089758,-0.248909,0.722822,0.188165,-1.950585,0.502682,0.179299,-0.459268,0.688631,0.146648,-1.547693,0.495107,0.217805,-0.578934,0.664984,0.125116,-1.343403,0.508419,0.247695,-0.659253,0.656634,0.113885,-1.174827,0.501326
605,0.101677,-0.243971,0.700497,0.229525,-1.969975,0.512816,0.178981,-0.460318,0.674312,0.195037,-1.553734,0.488472,0.23645,-0.577223,0.63996,0.165021,-1.325139,0.485264,0.265775,-0.652995,0.636419,0.131811,-1.187668,0.489481
606,0.110221,-0.25437,0.666808,0.267124,-1.963062,0.500198,0.19196,-0.467664,0.647744,0.241503,-1.568559,0.461095,0.241287,-0.577603,0.62714,0.170518,-1.343156,0.493036,0.273021,-0.656382,0.619024,0.1716,-1.221579,0.480743
607,0.102357,-0.240048,0.661234,0.312893,-2.005089,0.480917,0.208015,-0.460872,0.624589,0.245518,-1.590287,0.477435,0.257572,-0.587669,0.611722,0.223015,-1.35967,0.468874,0.282983,-0.657693,0.614074,0.186032,-1.212017,0.472692
608,0.117267,-0.24866,0.641002,0.361051,-1.989514,0.479886,0.204254,-0.466335,0.612365,0.272534,-1.609882,0.463027,0.255628,-0.583357,0.601509,0.236485,-1.369438,0.484765,0.2904,-0.652302,0.595162,0.207852,-1.228691,0.480468
609,0.118957,-0.248307,0.620782,0.398844,-2.018755,0.47427,0.212761,-0.474911,0.601675,0.296182,-1.592559,0.461229,0.273707,-0.587806,0.584401,0.266304,-1.389042,0.454213,0.306284,-0.656404,0.585183,0.23837,-1.232663,0.459199
610,0.125888,-0.2534,0.605553,0.424319,-2.029341,0.459027,0.223652,-0.459997,0.575704,0.348099,-1.620802,0.446543,0.285185,-0.580767,0.57666,0.298069,-1.401563,0.446783,0.324547,-0.647426,0.556049,0.26999,-1.245736,0.452674
611,0.125285,-0.252635,0.588226,0.47867,-2.053986,0.454075,0.226726,-0.461187,0.561396,0.383512,-1.64493,0.437573,0.287643,-0.585563,0.546922,0.311052,-1.395747,0.438517,0.322447,-0.662055,0.540425,0.289817,-1.247506,0.443367
612,0.131006,-0.246156,0.568422,0.520537,-2.075682,0.43802,0.236946,-0.457587,0.539869,0.414387,-1.610313,0.440309,0.300911,-0.581396,0.52632,0.35134,-1.426053,0.440221,0.336662,-0.658961,0.52572,0.325116,-1.254236,0.453504
613,0.134818,-0.257406,0.54112,0.560456,-2.07148,0.4321,0.246261,-0.467644,0.515905,0.443366,-1.656386,0.448375,0.315111,-0.589833,0.506285,0.376079,-1.418884,0.430097,0.347275,-0.65708,0.501159,0.336336,-1.256398,0.430542
614,0.133501,-0.246043,0.523174,0.566519,-2.079685,0.419737,0.243019,-0.463985,0.509742,0.456228,-1.655689,0.431363,0.316503,-0.574746,0.49365,0.406149,-1.420247,0.41393,0.362179,-0.653555,0.49698,0.363625,-1.271488,0.427572
615,0.139794,-0.248249,0.498446,0.624974,-2.091973,0.41226,0.263515,-0.451924,0.484091,0.493525,-1.671994,0.430934,0.327476,-0.585416,0.476642,0.422154,-1.437104,0.422078,0.368936,-0.659315,0.459448,0.364451,-1.276457,0.414493
616,0.146085,-0.258614,0.47935,0.65082,-2.105214,0.3989,0.270723,-0.456095,0.465699,0.509312,-1.675678,0.4182,0.336934,-0.579008,0.448816,0.450849,-1.419998,0.419135,0.387227,-0.653366,0.447852,0.41479,-1.278205,0.413374
617,0.145343,-0.257019,0.470772,0.699532,-2.112202,0.397554,0.27258,-0.459277,0.443289,0.57641,-1.681265,0.398743,0.349516,-0.57798,0.443499,0.486334,-1.432064,0.412561,0.400296,-0.652957,0.432768,0.441031,-1.281488,0.394097
618,0.156648,-0.253283,0.451048,0.756028,-2.114991,0.404262,0.286073,-0.4684,0.432865,0.588369,-1.682086,0.387435,0.350711,-0.578886,0.413208,0.512274,-1.42931,0.407091,0.401462,-0.669728,0.417986,0.44106,-1.302739,0.386379
619,0.158968,-0.251028,0.425912,0.786837,-2.123251,0.359191,0.292218,-0.46074,0.411973,0.618688,-1.682298,0.3873,0.352867,-0.571753,0.409736,0.540631,-1.458694,0.381584,0.409415,-0.653763,0.393423,0.490987,-1.310792,0.376353
620,0.154055,-0.240766,0.404006,0.80816,-2.133035,0.390096,0.29104,-0.454331,0.389699,0.650605,-1.695971,0.380893,0.368238,-0.572804,0.375729,0.541267,-1.461852,0.360848,0.416904,-0.650125,0.376878,0.487922,-1.311321,0.3776
621,0.171594,-0.248257,0.383219,0.877959,-2.133834,0.368221,0.298518,-0.456072,0.374252,0.6805,-1.704863,0.35916,0.375775,-0.572052,0.360593,0.592385,-1.471652,0.358476,0.437065,-0.643315,0.357778,0.513248,-1.306959,0.347713
622,0.167958,-0.23446,0.367335,0.880796,-2.150268,0.372942,0.303914,-0.457149,0.34482,0.716542,-1.704064,0.374042,0.390753,-0.57726,0.350394,0.61949,-1.463921,0.338304,0.442581,-0.637045,0.343589,0.552196,-1.295774,0.330916
623,0.170483,-0.246811,0.340026,0.920536,-2.155381,0.349893,0.313337,-0.448639,0.335662,0.750102,-1.690713,0.358678,0.3983,-0.572158,0.313202,0.635903,-1.454614,0.346621,0.445563,-0.642568,0.316308,0.564019,-1.298736,0.350535
624,0.165807,-0.243193,0.318871,0.986487,-2.120819,0.339539,0.321532,-0.453748,0.300504,0.754493,-1.702558,0.357448,0.405287,-0.565245,0.298402,0.661425,-1.471053,0.329584,0.451095,-0.641774,0.292314,0.595392,-1.302258,0.34706
625,0.169793,-0.24244,0.300239,0.994699,-2.156958,0.323139,0.329224,-0.450011,0.27726,0.799156,-1.710749,0.32962,0.403458,-0.560946,0.286644,0.687364,-1.467143,0.334682,0.460496,-0.634761,0.274533,0.600767,-1.313731,0.323396
626,0.175185,-0.237642,0.286362,1.036049,-2.147451,0.316129,0.330647,-0.444495,0.268155,0.821535,-1.714351,0.31689,0.418992,-0.557352,0.259126,0.733585,-1.450491,0.310131,0.473419,-0.635887,0.266005,0.636819,-1.287794,0.324498
627,0.192844,-0.239291,0.257107,1.065537,-2.135849,0.295528,0.343118,-0.445359,0.254041,0.852202,-1.710087,0.300577,0.422439,-0.566607,0.236353,0.72347,-1.459735,0.320211,0.493928,-0.6309,0.237475,0.638302,-1.309155,0.311711
628,0.185106,-0.235207,0.244249,1.107311,-2.158376,0.287388,0.352522,-0.436471,0.22586,0.874733,-1.719583,0.289231,0.434121,-0.560597,0.227059,0.750019,-1.457777,0.308435,0.493844,-0.62161,0.21233,0.674026,-1.304761,0.324257
629,0.19187,-0.237047,0.213665,1.124949,-2.157642,0.296252,0.34878,-0.443548,0.212415,0.921473,-1.721479,0.293394,0.443964,-0.550835,0.192671,0.775573,-1.46332,0.298213,0.496378,-0.620591,0.193579,0.687021,-1.327006,0.301319
630,0.200673,-0.237466,0.191302,1.179356,-2.148685,0.285568,0.350494,-0.428668,0.191135,0.923589,-1.708056,0.270773,0.448998,-0.539518,0.186022,0.799539,-1.456553,0.271662,0.508151,-0.616251,0.17975,0.721025,-1.288451,0.269636
631,0.197814,-0.239849,0.160866,1.21637,-2.164167,0.261951,0.360821,-0.435082,0.162787,0.954936,-1.707633,0.276313,0.458063,-0.54192,0.164043,0.837071,-1.477983,0.265832,0.521642,-0.613244,0.162438,0.740677,-1.289829,0.267147
632,0.202462,-0.227745,0.1536,1.235281,-2.128976,0.24223,0.36874,-0.425924,0.143631,0.991022,-1.7067,0.257134,0.459583,-0.540035,0.137776,0.859178,-1.449786,0.248142,0.526638,-0.612663,0.130809,0.754069,-1.308104,0.264411
633,0.202558,-0.239582,0.131384,1.264586,-2.127098,0.226783,0.376571,-0.422957,0.121417,1.014311,-1.6866,0.259104,0.469341,-0.525628,0.124457,0.853461,-1.458419,0.238091,0.526104,-0.611411,0.128067,0.789063,-1.300167,0.243377
634,0.203056,-0.235697,0.114829,1.305461,-2.113068,0.22895,0.374998,-0.42241,0.098106,1.037848,-1.69703,0.235743,0.473199,-0.524009,0.104692,0.890072,-1.465831,0.230117,0.547494,-0.598791,0.095825,0.803618,-1.313187,0.233108
635,0.20463,-0.22518,0.085667,1.356371,-2.133288,0.233457,0.381792,-0.418205,0.087281,1.08721,-1.690294,0.230926,0.484375,-0.526491,0.083634,0.918098,-1.457458,0.228493,0.549822,-0.591334,0.079537,0.830653,-1.287856,0.212828
636,0.207146,-0.225072,0.060981,1.365567,-2.118967,0.219016,0.398434,-0.407609,0.063885,1.103422,-1.679528,0.21308,0.49373,-0.522884,0.059779,0.940453,-1.439925,0.202538,0.561087,-0.586037,0.064548,0.82992,-1.297254,0.213674
637,0.211495,-0.217811,0.041406,1.388521,-2.114655,0.20533,0.393308,-0.402998,0.042479,1.110401,-1.678892,0.205859,0.48878,-0.502746,0.036388,0.948493,-1.436256,0.209002,0.560444,-0.584658,0.043776,0.857257,-1.292152,0.190495
638,0.215646,-0.220745,0.011996,1.442196,-2.121695,0.204171,0.393402,-0.396056,0.020265,1.13768,-1.673813,0.191651,0.4959,-0.513676,0.017035,0.96602,-1.434159,0.200781,0.563925,-0.576539,0.030394,0.88761,-1.282842,0.175063
639,0.218835,-0.222388,-0.015654,1.4759,-2.104957,0.176771,0.407301,-0.400958,-6.3e-05,1.16845,-1.664087,0.188377,0.50815,-0.507207,-0.00786,0.989094,-1.433821,0.195566,0.577786,-0.563917,0.00371,0.903855,-1.298606,0.179983
640,0.222134,-0.214099,-0.028735,1.488085,-2.08478,0.162656,0.40572,-0.388252,-0.02561,1.201021,-1.645731,0.166309,0.519204,-0.487974,-0.017928,1.02075,-1.419723,0.188709,0.588435,-0.570793,-0.019136,0.901119,-1.267648,0.154954
641,0.223439,-0.213599,-0.047182,1.50746,-2.070513,0.141379,0.414996,-0.395782,-0.045419,1.210418,-1.644062,0.164505,0.515751,-0.491945,-0.042468,1.039978,-1.414635,0.145963,0.573939,-0.55109,-0.043962,0.949055,-1.256086,0.163168
642,0.225864,-0.214091,-0.066546,1.535821,-2.056526,0.144008,0.415005,-0.386783,-0.071645,1.256773,-1.642861,0.171903,0.522789,-0.486696,-0.064207,1.049526,-1.425191,0.129582,0.584606,-0.557881,-0.065646,0.958452,-1.262395,0.158033
643,0.225021,-0.205828,-0.094634,1.574609,-2.052219,0.143899,0.420076,-0.377617,-0.090299,1.258536,-1.639031,0.142318,0.525741,-0.480865,-0.08331,1.07931,-1.382395,0.11459,0.589291,-0.538402,-0.084466,0.945502,-1.260919,0.133958
644,0.224972,-0.193811,-0.104997,1.595089,-2.030105,0.102496,0.417006,-0.377001,-0.112931,1.277004,-1.604815,0.114457,0.529469,-0.475953,-0.107809,1.088369,-1.3869,0.114001,0.60624,-0.532847,-0.103194,0.983501,-1.24359,0.1086
645,0.230085,-0.198937,-0.1331,1.620106,-2.030102,0.123533,0.431982,-0.373651,-0.127507,1.279239,-1.612894,0.119533,0.531155,-0.466347,-0.135586,1.120584,-1.381851,0.111826,0.60896,-0.53031,-0.122978,0.985626,-1.249822,0.12744
646,0.227194,-0.187672,-0.151996,1.660047,-1.986388,0.09822,0.42832,-0.369935,-0.158223,1.334304,-1.592966,0.112298,0.536483,-0.467413,-0.147568,1.124051,-1.369716,0.112688,0.597656,-0.510107,-0.136828,1.019175,-1.238949,0.092304
647,0.218672,-0.193322,-0.178342,1.68037,-1.980141,0.090149,0.432528,-0.364621,-0.165087,1.339104,-1.580434,0.087851,0.543405,-0.453892,-0.157219,1.149148,-1.392305,0.1023,0.614355,-0.514279,-0.154274,1.038302,-1.218436,0.092021
648,0.23916,-0.190345,-0.18863,1.707607,-1.968655,0.072585,0.437639,-0.358671,-0.194138,1.342427,-1.585328,0.073577,0.557197,-0.450301,-0.185675,1.17089,-1.355723,0.069159,0.61074,-0.50391,-0.18043,1.041852,-1.202958,0.07457
649,0.230165,-0.193085,-0.225316,1.726886,-1.976297,0.070514,0.437275,-0.345016,-0.213165,1.379193,-1.558941,0.069875,0.557694,-0.447808,-0.213806,1.171725,-1.349108,0.075314,0.62228,-0.501571,-0.20009,1.049085,-1.20556,0.057328
650,0.238309,-0.179,-0.244718,1.753868,-1.949581,0.051045,0.444182,-0.349441,-0.238673,1.409345,-1.540798,0.068495,0.550982,-0.430599,-0.224804,1.185004,-1.333151,0.064455,0.625272,-0.496845,-0.227126,1.04904,-1.187605,0.064924
651,0.240203,-0.185143,-0.261599,1.773964,-1.93109,0.046219,0.440901,-0.340235,-0.256215,1.429848,-1.539579,0.052365,0.554586,-0.426982,-0.248764,1.203859,-1.320167,0.040066,0.635083,-0.472783,-0.251229,1.0784,-1.174133,0.054287
652,0.242256,-0.184023,-0.283543,1.788739,-1.911859,0.049597,0.4494,-0.341033,-0.272494,1.421991,-1.538064,0.02484,0.559448,-0.425664,-0.26148,1.227682,-1.317022,0.038915,0.634519,-0.466092,-0.263445,1.1084,-1.169341,0.043757
653,0.243126,-0.17398,-0.302077,1.812973,-1.898633,0.006151,0.445981,-0.333676,-0.295275,1.459073,-1.50241,0.011553,0.567901,-0.40812,-0.282558,1.237318,-1.278731,0.039816,0.638118,-0.460679,-0.28516,1.104288,-1.161358,0.027997
654,0.240861,-0.170491,-0.335278,1.859426,-1.866899,0.014578,0.452948,-0.323071,-0.310072,1.453198,-1.492585,0.01647,0.569978,-0.407144,-0.304061,1.249814,-1.283277,0.013243,0.637569,-0.452858,-0.307906,1.122057,-1.152355,0.007917
655,0.2435,-0.171207,-0.351162,1.867186,-1.865879,0.000214,0.453927,-0.304324,-0.33887,1.483013,-1.464725,0.018207,0.559824,-0.397277,-0.32212,1.27739,-1.255579,-0.019064,0.646295,-0.453545,-0.315349,1.134976,-1.146714,0.001259
656,0.248982,-0.164023,-0.366837,1.869285,-1.832963,-0.017192,0.452713,-0.313252,-0.351551,1.500975,-1.47435,-0.012066,0.573242,-0.389001,-0.347558,1.279363,-1.25814,-0.019188,0.642476,-0.434118,-0.341279,1.168263,-1.14125,-0.028912
657,0.243716,-0.163682,-0.39527,1.896056,-1.810737,-0.04057,0.455478,-0.295835,-0.375834,1.510087,-1.43336,-0.031255,0.56788,-0.376818,-0.364868,1.293558,-1.248564,-0.031343,0.644829,-0.429831,-0.363022,1.181658,-1.10876,-0.015494
658,0.249767,-0.162508,-0.413464,1.909986,-1.798362,-0.026225,0.45915,-0.288716,-0.394135,1.527224,-1.422675,-0.021631,0.572199,-0.367609,-0.380005,1.317602,-1.227135,-0.036062,0.64462,-0.41213,-0.381764,1.179019,-1.093357,-0.029411
659,0.233986,-0.145081,-0.427507,1.945206,-1.767451,-0.037443,0.465901,-0.286242,-0.412414,1.543698,-1.404161,-0.055386,0.584165,-0.363605,-0.401373,1.313169,-1.210148,-0.059804,0.652419,-0.404888,-0.404294,1.179933,-1.081284,-0.044316
660,0.241732,-0.162656,-0.449292,1.945886,-1.741045,-0.06509,0.453554,-0.286319,-0.439257,1.553019,-1.382879,-0.048302,0.573006,-0.353172,-0.422649,1.337952,-1.187677,-0.067372,0.648556,-0.394684,-0.407645,1.192095,-1.061768,-0.056875
661,0.255366,-0.145959,-0.473376,1.983381,-1.719426,-0.08825,0.461328,-0.275956,-0.452254,1.576671,-1.367042,-0.063571,0.580058,-0.348523,-0.442024,1.349759,-1.175236,-0.08278,0.645551,-0.388727,-0.433684,1.224944,-1.042316,-0.091146
662,0.24302,-0.142821,-0.498566,1.990794,-1.701728,-0.085117,0.449599,-0.274609,-0.467392,1.570682,-1.355073,-0.076541,0.578442,-0.337844,-0.459612,1.350745,-1.140631,-0.085672,0.660438,-0.384866,-0.453367,1.204452,-1.029619,-0.091853
663,0.253233,-0.138078,-0.509701,2.013977,-1.66915,-0.097754,0.470046,-0.26593,-0.491682,1.609691,-1.332794,-0.083468,0.591559,-0.328451,-0.475868,1.363308,-1.123064,-0.094575,0.650928,-0.367479,-0.473731,1.230247,-1.022744,-0.101486
664,0.248576,-0.13624,-0.536032,2.01528,-1.644603,-0.090673,0.461784,-0.257399,-0.505913,1.616071,-1.319023,-0.098086,0.581416,-0.320375,-0.502082,1.360155,-1.114917,-0.086977,0.66135,-0.362026,-0.488657,1.217481,-1.00057,-0.089564
665,0.253302,-0.136839,-0.552617,2.036641,-1.620242,-0.132733,0.461555,-0.245503,-0.532263,1.604614,-1.276963,-0.119951,0.581833,-0.298976,-0.521353,1.387795,-1.080698,-0.12975,0.65675,-0.345419,-0.505227,1.256897,-0.978276,-0.133673
666,0.256693,-0.133709,-0.568858,2.045543,-1.606328,-0.109198,0.459873,-0.235985,-0.550591,1.62989,-1.279559,-0.114436,0.584173,-0.304568,-0.531287,1.407792,-1.084006,-0.141053,0.655913,-0.338562,-0.512288,1.24327,-0.958403,-0.123001
