sample_idx,Va_1,Vb_1,Vc_1,Ia_1,Ib_1,Ic_1,Va_5,Vb_5,Vc_5,Ia_5,Ib_5,Ic_5,Va_10,Vb_10,Vc_10,Ia_10,Ib_10,Ic_10,Va_30,Vb_30,Vc_30,Ia_30,Ib_30,Ic_30
0,1.001,-0.515281,-0.501584,0.346535,-0.278419,-0.094737,1.001263,-0.496693,-0.496823,0.358427,-0.274449,-0.090582,0.995133,-0.499274,-0.504813,0.342291,-0.277316,-0.088972,0.997673,-0.500318,-0.505414,0.341457,-0.266938,-0.073196
1,0.997921,-0.480905,-0.507151,0.347625,-0.266674,-0.091187,1.007944,-0.485825,-0.520937,0.345699,-0.266058,-0.062438,0.99674,-0.487922,-0.516522,0.356238,-0.276488,-0.097424,1.002541,-0.484073,-0.515946,0.346736,-0.252107,-0.092491
2,1.000016,-0.474469,-0.527482,0.356202,-0.252003,-0.089702,1.005723,-0.462025,-0.530531,0.364874,-0.26685,-0.088192,0.996839,-0.471238,-0.531164,0.373063,-0.246353,-0.08971,0.999667,-0.47696,-0.54077,0.369565,-0.271935,-0.099735
3,0.997121,-0.45964,-0.555431,0.352161,-0.234998,-0.12372,1.000785,-0.454736,-0.549256,0.366659,-0.265672,-0.089908,0.991828,-0.443644,-0.551224,0.357923,-0.252747,-0.10223,0.994562,-0.446717,-0.544875,0.360353,-0.264681,-0.105418
4,0.993835,-0.430627,-0.575898,0.347276,-0.239678,-0.094897,1.004194,-0.426735,-0.557049,0.368293,-0.246559,-0.111919,1.004284,-0.431332,-0.561787,0.367731,-0.276412,-0.113696,0.9913,-0.432505,-0.567945,0.355664,-0.251552,-0.118408
5,0.993473,-0.406551,-0.57152,0.370125,-0.243723,-0.117509,0.986875,-0.414022,-0.571638,0.375731,-0.250011,-0.117333,0.996114,-0.408831,-0.566316,0.375373,-0.251698,-0.113068,0.994176,-0.420357,-0.577608,0.362409,-0.254994,-0.119258
6,0.994227,-0.40177,-0.595592,0.365933,-0.236054,-0.113526,1.00247,-0.402755,-0.600806,0.374464,-0.2381,-0.133237,0.988204,-0.409114,-0.59082,0.372374,-0.218476,-0.1249,0.998148,-0.396301,-0.591298,0.347612,-0.234438,-0.136024
7,0.995565,-0.377732,-0.606107,0.351927,-0.248712,-0.117587,0.99046,-0.384705,-0.606155,0.372985,-0.242326,-0.125512,0.992528,-0.377658,-0.613367,0.365986,-0.258705,-0.123081,0.98838,-0.375395,-0.59743,0.351704,-0.244289,-0.102914
8,0.990736,-0.37128,-0.626679,0.370101,-0.213709,-0.141441,0.982023,-0.354032,-0.631297,0.382209,-0.239128,-0.149895,0.988278,-0.361354,-0.621254,0.359356,-0.240208,-0.144314,0.983826,-0.360277,-0.625687,0.350661,-0.230881,-0.129641
9,0.981667,-0.345393,-0.646501,0.355558,-0.230368,-0.152077,0.989844,-0.347699,-0.629734,0.366898,-0.222037,-0.132528,0.985687,-0.350972,-0.627251,0.365673,-0.243452,-0.115584,0.983789,-0.350718,-0.641577,0.356131,-0.226117,-0.150082
10,0.973229,-0.324228,-0.655962,0.37148,-0.23953,-0.153832,0.987978,-0.326354,-0.653018,0.368725,-0.231274,-0.15998,0.984609,-0.328305,-0.641488,0.374042,-0.215464,-0.135696,0.98968,-0.322363,-0.647057,0.366182,-0.230828,-0.146359
11,0.973604,-0.306825,-0.666728,0.369693,-0.223447,-0.158375,0.985929,-0.306387,-0.668951,0.36655,-0.204752,-0.139098,0.979838,-0.310329,-0.667192,0.373012,-0.214798,-0.167721,0.981942,-0.317525,-0.669725,0.354141,-0.199678,-0.164977
12,0.971702,-0.288037,-0.682509,0.362313,-0.218302,-0.181897,0.972977,-0.29591,-0.673584,0.381899,-0.204388,-0.14966,0.982378,-0.29675,-0.681398,0.369644,-0.206092,-0.165484,0.975677,-0.284193,-0.678009,0.374395,-0.192236,-0.128653
13,0.974644,-0.272997,-0.697989,0.370666,-0.206184,-0.166659,0.974932,-0.272076,-0.702658,0.355721,-0.212819,-0.172117,0.969097,-0.27179,-0.690544,0.352161,-0.194517,-0.180911,0.976482,-0.271359,-0.688783,0.372396,-0.187409,-0.158335
14,0.964168,-0.249232,-0.714219,0.393004,-0.212214,-0.173614,0.965245,-0.259042,-0.706181,0.389384,-0.20096,-0.16385,0.969701,-0.251938,-0.71747,0.374484,-0.178771,-0.174,0.96701,-0.248406,-0.712404,0.365153,-0.192905,-0.164512
15,0.952064,-0.233927,-0.72977,0.364689,-0.198112,-0.192799,0.966998,-0.237297,-0.730497,0.365168,-0.197209,-0.175161,0.955733,-0.233756,-0.724369,0.36858,-0.199383,-0.168965,0.958862,-0.24852,-0.733887,0.382559,-0.180613,-0.188164
16,0.960655,-0.224837,-0.728689,0.361324,-0.186549,-0.173109,0.95255,-0.221464,-0.729179,0.363137,-0.1935,-0.192497,0.939493,-0.212816,-0.725833,0.371809,-0.171841,-0.191013,0.956123,-0.218362,-0.731212,0.344059,-0.17508,-0.190218
17,0.954576,-0.209009,-0.748816,0.360419,-0.18383,-0.197826,0.945724,-0.197384,-0.745867,0.36315,-0.184015,-0.19864,0.954808,-0.198694,-0.74821,0.374252,-0.181036,-0.192693,0.951766,-0.204776,-0.749999,0.378161,-0.194491,-0.199578
18,0.943583,-0.1857,-0.767407,0.372311,-0.173766,-0.190931,0.943867,-0.185198,-0.761585,0.368565,-0.184061,-0.187373,0.950515,-0.192778,-0.758597,0.376874,-0.17796,-0.197255,0.93964,-0.186802,-0.755247,0.378823,-0.170168,-0.189447
19,0.929756,-0.154308,-0.773993,0.368441,-0.17013,-0.199243,0.931355,-0.172163,-0.771407,0.373517,-0.166934,-0.21337,0.933141,-0.180332,-0.770004,0.383152,-0.174699,-0.208629,0.934823,-0.169462,-0.780978,0.374531,-0.170682,-0.191323
20,0.927366,-0.144262,-0.785999,0.386705,-0.145175,-0.211274,0.935097,-0.146449,-0.792191,0.362227,-0.161619,-0.206207,0.932076,-0.151575,-0.785167,0.380691,-0.157448,-0.186667,0.928783,-0.152032,-0.796031,0.372163,-0.160173,-0.210833
21,0.923403,-0.131429,-0.79562,0.349771,-0.151059,-0.209716,0.920932,-0.117886,-0.788681,0.365646,-0.160114,-0.236651,0.919191,-0.127291,-0.790534,0.365703,-0.154834,-0.221413,0.922065,-0.126431,-0.794611,0.365931,-0.162067,-0.225906
22,0.916395,-0.110294,-0.814174,0.376758,-0.141426,-0.220174,0.914833,-0.107656,-0.806526,0.378076,-0.138908,-0.239314,0.924535,-0.107217,-0.807228,0.371975,-0.140603,-0.228675,0.910664,-0.103968,-0.802169,0.37892,-0.151501,-0.219467
23,0.903476,-0.086754,-0.81906,0.358105,-0.152608,-0.23512,0.911837,-0.086916,-0.814174,0.375142,-0.145679,-0.223873,0.909961,-0.085437,-0.814969,0.37552,-0.135479,-0.244759,0.904458,-0.085834,-0.834318,0.368492,-0.144579,-0.240944
24,0.895919,-0.073628,-0.823596,0.374133,-0.139446,-0.212408,0.906235,-0.070422,-0.829322,0.367795,-0.152949,-0.23592,0.891852,-0.06666,-0.823859,0.363487,-0.133765,-0.237803,0.895131,-0.067926,-0.837241,0.362273,-0.128655,-0.238102
25,0.898812,-0.04702,-0.836026,0.352199,-0.129448,-0.229395,0.895886,-0.055641,-0.832112,0.367152,-0.139396,-0.245822,0.893086,-0.050748,-0.840783,0.360946,-0.122916,-0.241643,0.891678,-0.053261,-0.834925,0.352413,-0.122172,-0.237618
26,0.873552,-0.034022,-0.846228,0.362276,-0.117468,-0.230684,0.883663,-0.032436,-0.855448,0.37677,-0.117165,-0.240705,0.87666,-0.042455,-0.853779,0.357694,-0.148526,-0.241952,0.882052,-0.032958,-0.844866,0.363115,-0.118775,-0.258071
27,0.880986,-0.01818,-0.862014,0.382407,-0.111454,-0.246782,0.871968,-0.008693,-0.850967,0.361053,-0.115334,-0.249587,0.881576,-0.01902,-0.861058,0.386353,-0.123976,-0.245237,0.870519,-0.016873,-0.853886,0.35727,-0.111089,-0.249898
28,0.858819,-0.00192,-0.867914,0.350008,-0.110909,-0.248263,0.86751,0.007924,-0.864674,0.373242,-0.079426,-0.247301,0.865966,0.006478,-0.870722,0.354219,-0.117801,-0.240375,0.865058,0.005123,-0.870365,0.340619,-0.110783,-0.262047
29,0.860599,0.026318,-0.87916,0.350154,-0.116461,-0.249074,0.847904,0.029423,-0.882665,0.349714,-0.090453,-0.251758,0.848799,0.025768,-0.88645,0.340436,-0.103145,-0.278338,0.866005,0.023446,-0.883441,0.356088,-0.120204,-0.258087
30,0.846835,0.047844,-0.888479,0.341886,-0.105082,-0.268452,0.844924,0.044064,-0.877356,0.341457,-0.090981,-0.261934,0.848552,0.047346,-0.888043,0.359196,-0.101039,-0.254052,0.843353,0.040408,-0.894145,0.351961,-0.110443,-0.283533
31,0.836864,0.067324,-0.889942,0.355089,-0.078238,-0.262576,0.827632,0.062624,-0.895494,0.370345,-0.073684,-0.26862,0.821835,0.058648,-0.894262,0.357222,-0.09146,-0.273918,0.823549,0.062289,-0.887376,0.364856,-0.09711,-0.270263
32,0.824236,0.080348,-0.913878,0.343939,-0.079802,-0.273811,0.820218,0.085036,-0.896534,0.377576,-0.081083,-0.26014,0.821489,0.074735,-0.90435,0.370007,-0.086765,-0.284326,0.824695,0.077189,-0.905314,0.347168,-0.085655,-0.283014
33,0.821016,0.086826,-0.912443,0.342782,-0.079072,-0.285741,0.817617,0.098965,-0.905829,0.34574,-0.065879,-0.267974,0.801784,0.100667,-0.913961,0.330549,-0.092026,-0.280737,0.806396,0.101613,-0.904697,0.352086,-0.076542,-0.292805
34,0.804023,0.120795,-0.916601,0.338141,-0.056311,-0.298438,0.793546,0.120834,-0.913469,0.345367,-0.080465,-0.275153,0.790574,0.115892,-0.914773,0.372782,-0.067281,-0.300752,0.79666,0.118565,-0.919933,0.354942,-0.057722,-0.302178
35,0.790054,0.139337,-0.923247,0.351538,-0.062059,-0.283103,0.782743,0.146179,-0.927343,0.341797,-0.063105,-0.297676,0.797833,0.136922,-0.921306,0.33738,-0.060155,-0.289155,0.791436,0.131786,-0.936916,0.3656,-0.069733,-0.260272
36,0.771568,0.151105,-0.928253,0.350356,-0.058667,-0.281653,0.773276,0.15509,-0.928874,0.33375,-0.067429,-0.28534,0.780705,0.146944,-0.926198,0.309037,-0.054528,-0.282684,0.777082,0.149783,-0.932071,0.347309,-0.068698,-0.269942
37,0.768774,0.177865,-0.930543,0.333332,-0.02973,-0.302917,0.758434,0.172617,-0.938156,0.321943,-0.051124,-0.299923,0.763744,0.174011,-0.940466,0.328743,-0.042811,-0.304336,0.762124,0.16849,-0.940246,0.345496,-0.054352,-0.303957
38,0.755955,0.185734,-0.948506,0.354566,-0.047883,-0.285442,0.752401,0.200878,-0.94016,0.321556,-0.046413,-0.298258,0.750711,0.191175,-0.94094,0.330773,-0.041906,-0.285869,0.752633,0.192346,-0.946253,0.342419,-0.041894,-0.284602
39,0.739748,0.216087,-0.958884,0.353731,-0.02252,-0.307007,0.737369,0.206835,-0.951451,0.326474,-0.035599,-0.306614,0.74445,0.207051,-0.945027,0.350578,-0.029627,-0.314407,0.741474,0.214353,-0.948793,0.33126,-0.022347,-0.292093
40,0.723774,0.213811,-0.954507,0.336683,-0.017293,-0.301745,0.727999,0.22395,-0.955105,0.347601,-0.030148,-0.304868,0.738612,0.23021,-0.955289,0.336495,-0.041587,-0.310553,0.729843,0.225118,-0.957429,0.323585,-0.016095,-0.298705
41,0.716501,0.244021,-0.961366,0.325562,-0.014012,-0.323036,0.7115,0.25555,-0.963081,0.320819,-0.013136,-0.301933,0.719926,0.242125,-0.953558,0.333717,-0.004211,-0.316155,0.708432,0.240358,-0.960872,0.314312,-0.023464,-0.322134
42,0.704065,0.265649,-0.956161,0.316599,-0.021567,-0.327308,0.705005,0.26874,-0.962697,0.319317,-0.01572,-0.317277,0.698521,0.259193,-0.971095,0.344089,-0.013597,-0.319783,0.697882,0.267726,-0.974039,0.318887,-0.025876,-0.31197
43,0.687725,0.279053,-0.977574,0.33378,-0.007714,-0.311867,0.692212,0.292158,-0.969757,0.328227,-0.00695,-0.296524,0.686208,0.287273,-0.97657,0.310052,-0.023609,-0.312282,0.693428,0.280473,-0.976023,0.338943,-0.014837,-0.320677
44,0.683247,0.304013,-0.975932,0.321937,-0.00278,-0.314312,0.672675,0.297896,-0.986751,0.338633,-0.013969,-0.306879,0.686563,0.303057,-0.983363,0.305395,-0.012019,-0.313071,0.67291,0.303989,-0.971014,0.310639,0.004521,-0.343534
45,0.664401,0.324514,-0.980269,0.322905,0.016146,-0.331972,0.661888,0.316593,-0.977769,0.317284,0.002739,-0.325522,0.662392,0.305598,-0.98334,0.312794,0.001572,-0.325151,0.669061,0.31113,-0.98057,0.321704,0.014012,-0.335218
46,0.639579,0.332765,-0.984351,0.333058,0.028559,-0.3282,0.643964,0.33507,-0.980846,0.300121,0.022439,-0.313475,0.649278,0.336367,-0.986626,0.312858,0.028729,-0.336139,0.644367,0.342065,-0.981407,0.296838,0.010191,-0.327779
47,0.628167,0.350919,-0.973185,0.315232,0.024587,-0.345526,0.634329,0.359826,-0.992937,0.301718,0.007,-0.325179,0.632657,0.356873,-0.978284,0.311968,0.019095,-0.345438,0.632911,0.36117,-0.988535,0.324413,0.021012,-0.319216
48,0.628174,0.375992,-0.990314,0.295429,0.031605,-0.331747,0.618138,0.368555,-0.986564,0.309778,0.028202,-0.334058,0.613096,0.377647,-0.988731,0.313744,0.026987,-0.322895,0.624027,0.369026,-0.994015,0.301069,0.037482,-0.33879
49,0.605089,0.39079,-0.996995,0.297659,0.024401,-0.35647,0.597679,0.385506,-1.004214,0.303869,0.041043,-0.322988,0.608804,0.390052,-0.988943,0.308496,0.025594,-0.3335,0.613135,0.387754,-0.99107,0.296733,0.035241,-0.33107
50,0.591209,0.399068,-0.989473,0.299213,0.047995,-0.345965,0.586775,0.408237,-0.995045,0.309847,0.051597,-0.353289,0.588634,0.40465,-0.990213,0.309687,0.039366,-0.34171,0.592984,0.413735,-1.000995,0.288,0.036627,-0.340046
51,0.569572,0.420593,-1.004947,0.305692,0.043707,-0.359895,0.570389,0.42155,-0.993136,0.303237,0.041437,-0.345153,0.574617,0.418816,-1.004374,0.288184,0.036703,-0.335551,0.572942,0.413032,-0.99857,0.305475,0.081452,-0.342255
52,0.556386,0.436036,-1.007092,0.283866,0.03799,-0.330591,0.546202,0.439112,-0.987278,0.278683,0.043077,-0.331942,0.5583,0.424736,-0.991148,0.284973,0.075986,-0.350106,0.557478,0.435223,-1.004507,0.300441,0.049413,-0.339439
53,0.539565,0.458239,-1.006965,0.294288,0.077222,-0.344067,0.542989,0.459428,-1.002618,0.282299,0.062287,-0.359982,0.542451,0.458995,-0.990905,0.287864,0.055569,-0.346116,0.534065,0.459959,-1.002484,0.277969,0.0575,-0.356248
54,0.519033,0.469012,-0.993183,0.267638,0.085105,-0.367603,0.525867,0.477623,-1.004722,0.27025,0.060658,-0.355974,0.529146,0.476621,-0.999373,0.266107,0.084999,-0.368507,0.52351,0.477346,-0.998583,0.272934,0.072297,-0.363924
55,0.501324,0.491587,-0.9915,0.263352,0.072061,-0.347349,0.508795,0.494602,-1.010515,0.279189,0.089465,-0.354375,0.507061,0.495359,-1.000392,0.270586,0.063752,-0.352195,0.508319,0.501882,-1.000432,0.284699,0.078003,-0.344932
56,0.490827,0.505636,-0.993462,0.276155,0.093342,-0.365899,0.491132,0.504749,-0.997273,0.263903,0.082129,-0.368101,0.480344,0.513438,-1.002885,0.268226,0.068456,-0.355979,0.48829,0.503078,-0.997946,0.254805,0.088259,-0.363573
57,0.474995,0.527869,-0.999197,0.258144,0.087557,-0.364815,0.463794,0.523339,-1.007957,0.247608,0.096585,-0.356493,0.48033,0.527237,-0.999366,0.264322,0.099342,-0.371405,0.479436,0.517499,-0.994264,0.258641,0.085272,-0.357995
58,0.454735,0.534896,-0.997411,0.266294,0.102625,-0.364672,0.461816,0.543422,-1.001475,0.232691,0.085,-0.356996,0.452196,0.542266,-1.001476,0.261777,0.088892,-0.355258,0.467594,0.545613,-0.998278,0.268679,0.102957,-0.364162
59,0.442314,0.553507,-1.001454,0.261196,0.104337,-0.35007,0.44728,0.552889,-0.995302,0.270298,0.125229,-0.364423,0.444842,0.55761,-0.992122,0.260089,0.103129,-0.367332,0.442635,0.552611,-1.0039,0.242597,0.093548,-0.369554
60,0.422044,0.564798,-0.997553,0.251102,0.102016,-0.359996,0.428553,0.562834,-1.000194,0.261297,0.132341,-0.369155,0.420675,0.57438,-1.005904,0.240093,0.102643,-0.375672,0.425014,0.568099,-0.99136,0.255215,0.102009,-0.360084
61,0.420375,0.582028,-0.992696,0.245972,0.116458,-0.363947,0.402145,0.58737,-1.005506,0.257734,0.1217,-0.370115,0.40878,0.585125,-1.001998,0.267775,0.109117,-0.370823,0.416013,0.589915,-0.9915,0.221105,0.118864,-0.379612
62,0.385954,0.60244,-0.98964,0.239049,0.112404,-0.377096,0.387773,0.597951,-0.984798,0.229042,0.132231,-0.379198,0.394458,0.60271,-0.998021,0.24976,0.128315,-0.367183,0.385543,0.604603,-0.98673,0.225664,0.130411,-0.349727
63,0.387138,0.612382,-0.994724,0.237324,0.14798,-0.375788,0.379651,0.617263,-0.992776,0.230481,0.156467,-0.363586,0.371921,0.614104,-0.981705,0.226687,0.148756,-0.363656,0.376054,0.618445,-0.985431,0.224847,0.117362,-0.371903
64,0.356797,0.629925,-0.986587,0.247084,0.136394,-0.359435,0.360867,0.631365,-0.98852,0.238581,0.124,-0.392303,0.362592,0.629512,-0.978425,0.227167,0.135471,-0.357222,0.358132,0.629876,-0.979479,0.233823,0.134522,-0.379269
65,0.34063,0.651931,-0.981735,0.216772,0.159466,-0.377321,0.350543,0.645326,-0.975877,0.229109,0.131166,-0.372061,0.339175,0.646184,-0.986504,0.227069,0.141131,-0.372413,0.339667,0.652201,-0.987829,0.219412,0.143673,-0.368172
66,0.320331,0.658424,-0.975632,0.220083,0.16202,-0.361283,0.317933,0.661332,-0.976834,0.233305,0.154813,-0.356704,0.315733,0.66215,-0.974895,0.222359,0.139731,-0.37706,0.31362,0.655963,-0.980074,0.222144,0.153346,-0.371964
67,0.304585,0.680317,-0.980902,0.202428,0.147013,-0.368152,0.303419,0.667565,-0.96928,0.208778,0.167508,-0.364425,0.311576,0.678618,-0.981944,0.194878,0.152314,-0.370863,0.303378,0.670803,-0.978021,0.207071,0.15259,-0.377866
68,0.288731,0.680591,-0.967531,0.21195,0.182439,-0.368694,0.288222,0.692799,-0.976802,0.204912,0.167704,-0.368623,0.28804,0.680904,-0.975959,0.193609,0.169307,-0.36777,0.285956,0.686509,-0.97103,0.221806,0.171915,-0.39211
69,0.266853,0.698007,-0.967144,0.192125,0.188238,-0.363933,0.263019,0.697237,-0.966664,0.197022,0.167332,-0.380128,0.263386,0.703677,-0.97069,0.202613,0.180933,-0.361525,0.265799,0.702622,-0.96678,0.215598,0.163161,-0.371928
70,0.248258,0.722623,-0.963119,0.211499,0.171554,-0.382278,0.2441,0.714824,-0.964619,0.190913,0.176519,-0.358289,0.243755,0.714456,-0.971323,0.189219,0.185948,-0.36274,0.251101,0.707132,-0.960382,0.200391,0.179154,-0.367724
71,0.231839,0.730163,-0.960034,0.175753,0.16433,-0.370149,0.228459,0.724726,-0.941017,0.185647,0.188014,-0.360098,0.234458,0.736012,-0.953222,0.206122,0.184342,-0.359156,0.232489,0.731906,-0.968112,0.183997,0.199381,-0.360084
72,0.213774,0.733346,-0.943309,0.171636,0.175495,-0.383835,0.208172,0.738237,-0.95867,0.181936,0.190682,-0.369718,0.219049,0.73985,-0.957794,0.187792,0.174624,-0.362917,0.214125,0.743298,-0.945917,0.163963,0.198686,-0.380196
73,0.199305,0.753481,-0.941192,0.190521,0.208102,-0.388925,0.193709,0.766133,-0.950853,0.177268,0.208653,-0.379272,0.192738,0.749854,-0.953129,0.179291,0.209509,-0.373361,0.197777,0.745916,-0.942529,0.187259,0.205561,-0.375777
74,0.184796,0.761625,-0.936306,0.191979,0.201471,-0.36718,0.174818,0.754984,-0.929131,0.157098,0.210838,-0.369456,0.173034,0.75468,-0.93668,0.163719,0.193633,-0.363605,0.172225,0.766083,-0.943426,0.180289,0.19569,-0.36986
75,0.152952,0.779563,-0.944642,0.16934,0.210594,-0.369772,0.156109,0.776439,-0.938493,0.164488,0.212648,-0.365789,0.158374,0.770896,-0.934819,0.176348,0.202431,-0.350858,0.15792,0.774109,-0.939369,0.16095,0.199068,-0.374748
76,0.139538,0.780463,-0.930298,0.159687,0.218477,-0.381469,0.141688,0.792222,-0.929309,0.139167,0.206501,-0.378432,0.132338,0.796476,-0.927568,0.150985,0.207897,-0.368856,0.130858,0.786011,-0.928777,0.14033,0.209167,-0.359651
77,0.118812,0.791998,-0.913261,0.145835,0.212975,-0.371348,0.113554,0.800566,-0.918827,0.160821,0.215397,-0.372795,0.125352,0.798961,-0.913187,0.157255,0.214167,-0.371974,0.122122,0.807456,-0.914708,0.152549,0.218147,-0.371479
78,0.097491,0.81899,-0.909321,0.124462,0.217631,-0.372243,0.089917,0.819342,-0.91003,0.149817,0.226794,-0.386233,0.098856,0.812861,-0.903918,0.160176,0.22494,-0.374292,0.100028,0.808495,-0.911245,0.144409,0.219752,-0.379139
79,0.078077,0.813016,-0.911686,0.137327,0.235016,-0.381328,0.085373,0.825062,-0.913674,0.142161,0.225328,-0.389356,0.074161,0.820459,-0.901329,0.134624,0.240764,-0.374384,0.075504,0.826309,-0.906717,0.144623,0.232304,-0.354037
80,0.057924,0.831534,-0.89831,0.129498,0.228613,-0.35704,0.055182,0.834861,-0.896194,0.132841,0.22952,-0.362686,0.057902,0.838424,-0.892276,0.129916,0.229911,-0.372234,0.067425,0.836582,-0.899862,0.120546,0.241545,-0.359471
81,0.040639,0.846073,-0.892021,0.11651,0.258544,-0.360738,0.048484,0.85198,-0.892536,0.120496,0.238324,-0.389284,0.059797,0.848197,-0.885402,0.130691,0.2314,-0.369543,0.05077,0.847829,-0.891737,0.12521,0.243172,-0.364634
82,0.022261,0.847677,-0.869516,0.114002,0.249189,-0.387293,0.025305,0.852103,-0.884287,0.122591,0.239316,-0.37024,0.021625,0.842674,-0.879833,0.111525,0.240671,-0.376043,0.026719,0.848567,-0.882711,0.125701,0.241649,-0.3665
83,0.015365,0.860925,-0.870382,0.115681,0.247999,-0.362282,0.005318,0.854774,-0.869121,0.110865,0.238372,-0.363416,-0.006251,0.864854,-0.872189,0.096174,0.255381,-0.348782,-0.001949,0.860862,-0.875594,0.109855,0.257294,-0.352927
84,-0.001195,0.872808,-0.858769,0.106572,0.248618,-0.3586,-0.008307,0.876992,-0.842572,0.080878,0.265398,-0.367413,-0.014224,0.86943,-0.85824,0.121912,0.247521,-0.374871,-0.015942,0.88198,-0.861013,0.096333,0.24793,-0.369967
85,-0.029953,0.88642,-0.849131,0.097066,0.267272,-0.371723,-0.037412,0.878915,-0.848376,0.110914,0.264034,-0.363901,-0.031387,0.876654,-0.848371,0.092522,0.252789,-0.37146,-0.02567,0.880376,-0.857189,0.100956,0.256941,-0.369418
86,-0.040779,0.891368,-0.843339,0.095244,0.266341,-0.354917,-0.051883,0.897842,-0.832748,0.102402,0.261868,-0.339769,-0.048914,0.89467,-0.833579,0.096048,0.262405,-0.351401,-0.051817,0.889344,-0.84619,0.097234,0.256575,-0.343224
87,-0.077925,0.89983,-0.831864,0.077365,0.256013,-0.353995,-0.063672,0.894506,-0.832751,0.092,0.27956,-0.358898,-0.060348,0.899329,-0.822991,0.078797,0.28053,-0.353231,-0.077141,0.90079,-0.824811,0.088608,0.27412,-0.359955
88,-0.080191,0.908651,-0.82505,0.066589,0.283818,-0.352472,-0.087769,0.912278,-0.821605,0.078571,0.266926,-0.371305,-0.086065,0.905375,-0.815637,0.061063,0.303035,-0.351908,-0.091011,0.906837,-0.822683,0.08936,0.270457,-0.352955
89,-0.11069,0.912857,-0.803581,0.060368,0.286449,-0.358704,-0.104302,0.913849,-0.806351,0.072334,0.283011,-0.348068,-0.107032,0.919102,-0.802851,0.059562,0.285282,-0.349855,-0.096956,0.919053,-0.815141,0.058961,0.264236,-0.343929
90,-0.124811,0.92772,-0.78859,0.069816,0.289049,-0.36043,-0.134041,0.922054,-0.793298,0.049255,0.270111,-0.334641,-0.122895,0.927597,-0.793801,0.070534,0.307518,-0.348441,-0.122677,0.933514,-0.790654,0.062539,0.27437,-0.337682
91,-0.148081,0.919543,-0.79345,0.05423,0.296923,-0.336344,-0.141621,0.917807,-0.786216,0.076396,0.298209,-0.333003,-0.148243,0.938159,-0.793586,0.059417,0.290317,-0.345095,-0.153569,0.934588,-0.78751,0.067155,0.29206,-0.347707
92,-0.161856,0.929643,-0.776882,0.042427,0.285843,-0.345106,-0.166187,0.931923,-0.775454,0.044436,0.290075,-0.342653,-0.164042,0.928301,-0.772187,0.049891,0.304267,-0.351136,-0.17028,0.931304,-0.772627,0.040156,0.283042,-0.337829
93,-0.176431,0.934283,-0.755489,0.036751,0.297844,-0.34301,-0.176169,0.941655,-0.766423,0.044266,0.277997,-0.328825,-0.178861,0.941889,-0.7613,0.033916,0.294991,-0.359765,-0.182122,0.935233,-0.766106,0.045508,0.288808,-0.341045
94,-0.201807,0.940121,-0.753512,0.026043,0.294712,-0.346958,-0.196719,0.949399,-0.740535,0.028977,0.286884,-0.345457,-0.193094,0.949647,-0.733525,0.032772,0.301689,-0.343411,-0.189874,0.945284,-0.746838,0.04416,0.299969,-0.337273
95,-0.21463,0.944082,-0.737745,0.03601,0.305075,-0.342492,-0.231284,0.959241,-0.73511,0.020225,0.298453,-0.331777,-0.222945,0.956042,-0.73803,0.037452,0.295554,-0.3464,-0.217561,0.950025,-0.725999,0.033513,0.29172,-0.338058
96,-0.229409,0.966633,-0.716338,0.01537,0.295515,-0.349326,-0.231625,0.961779,-0.718198,0.035518,0.308922,-0.351532,-0.243216,0.960739,-0.719231,0.004848,0.31124,-0.349535,-0.24112,0.955936,-0.730369,0.031247,0.323311,-0.327727
97,-0.24797,0.961494,-0.709944,0.003023,0.315504,-0.329773,-0.251219,0.957458,-0.708498,0.005607,0.31786,-0.340401,-0.250425,0.967196,-0.7119,-0.004828,0.316354,-0.332001,-0.254583,0.96151,-0.699814,0.02349,0.323131,-0.319611
98,-0.268439,0.967324,-0.699094,-0.002415,0.312033,-0.312247,-0.27194,0.968301,-0.702424,0.006666,0.315065,-0.330566,-0.276456,0.96722,-0.697342,0.019346,0.314715,-0.331154,-0.266898,0.96156,-0.697754,-0.005186,0.315688,-0.322348
99,-0.287498,0.98248,-0.674357,0.005632,0.327162,-0.308104,-0.282299,0.978641,-0.678423,-0.018085,0.309249,-0.333958,-0.292796,0.968163,-0.674566,0.014105,0.318891,-0.341094,-0.287477,0.979661,-0.683474,-0.010975,0.314725,-0.319186
100,-0.308254,0.970822,-0.662143,-0.009419,0.325221,-0.327957,-0.315324,0.971761,-0.671001,-0.012168,0.319934,-0.328814,-0.308353,0.974627,-0.669298,-0.011229,0.318336,-0.318137,-0.312993,0.9803,-0.662654,0.011578,0.328169,-0.329027
101,-0.325886,0.984801,-0.659048,-0.003733,0.334609,-0.306959,-0.327988,0.983071,-0.653814,-0.013808,0.32367,-0.313753,-0.3257,0.980903,-0.655191,-0.021912,0.313614,-0.312135,-0.329627,0.990404,-0.652634,-0.019281,0.336832,-0.320119
102,-0.346407,0.987547,-0.638645,-0.020546,0.319338,-0.312615,-0.348726,0.99157,-0.637296,-0.012675,0.323473,-0.33596,-0.341995,0.979602,-0.640383,-0.014026,0.33249,-0.318534,-0.347551,0.987141,-0.649899,-0.016819,0.326052,-0.319725
103,-0.368202,0.986069,-0.626147,-0.027193,0.32359,-0.31053,-0.359593,0.984529,-0.624721,-0.024101,0.332953,-0.30668,-0.360987,0.987425,-0.625742,-0.034466,0.329278,-0.312059,-0.36123,0.9895,-0.623225,-0.031386,0.316547,-0.298495
104,-0.38176,0.997467,-0.613455,-0.025094,0.313547,-0.293128,-0.372247,0.996908,-0.61168,-0.037336,0.323884,-0.295723,-0.373529,0.989117,-0.610635,-0.020247,0.327058,-0.315586,-0.376266,0.98674,-0.611078,-0.041514,0.319728,-0.30027
105,-0.399169,0.993968,-0.596013,-0.045752,0.342777,-0.30111,-0.394113,0.99367,-0.598542,-0.042316,0.349418,-0.291672,-0.38562,0.988979,-0.601955,-0.03686,0.337335,-0.29474,-0.391953,0.991808,-0.588494,-0.039373,0.332555,-0.312198
106,-0.405394,0.997869,-0.580267,-0.047452,0.346493,-0.287949,-0.419536,0.985787,-0.580158,-0.062125,0.341007,-0.290804,-0.413596,0.991271,-0.578534,-0.058811,0.341482,-0.296838,-0.415477,0.998635,-0.581789,-0.031919,0.336285,-0.278305
107,-0.429677,1.001344,-0.570129,-0.059116,0.338208,-0.299628,-0.424614,0.993895,-0.567812,-0.065983,0.328252,-0.281701,-0.433339,0.984111,-0.553627,-0.067938,0.33614,-0.302937,-0.429127,0.996674,-0.567293,-0.051612,0.350968,-0.30319
108,-0.442705,1.001389,-0.557062,-0.042561,0.346726,-0.269223,-0.446119,1.001663,-0.543129,-0.057373,0.361564,-0.292073,-0.448548,0.99701,-0.543019,-0.064368,0.3562,-0.290649,-0.446219,0.994942,-0.545186,-0.062177,0.34585,-0.284452
109,-0.468458,0.997358,-0.531342,-0.079298,0.337554,-0.276194,-0.460828,0.997955,-0.535624,-0.071772,0.344956,-0.295703,-0.473309,0.998539,-0.531048,-0.066885,0.332391,-0.270981,-0.457561,0.999924,-0.54388,-0.069353,0.346946,-0.273737
110,-0.483156,0.99669,-0.512797,-0.066402,0.339034,-0.272269,-0.478193,0.989782,-0.51566,-0.074477,0.344309,-0.275349,-0.480836,0.99288,-0.519933,-0.084904,0.333016,-0.274056,-0.486008,0.999694,-0.523093,-0.067162,0.363799,-0.300706
111,-0.49767,1.007957,-0.491178,-0.078871,0.363366,-0.270404,-0.50307,0.998822,-0.499882,-0.085568,0.338231,-0.285373,-0.49962,0.999194,-0.49717,-0.091948,0.356608,-0.268004,-0.511141,1.008173,-0.504247,-0.086325,0.340403,-0.272013
112,-0.514543,1.005053,-0.477374,-0.082219,0.344809,-0.267425,-0.513502,1.003144,-0.486869,-0.079683,0.359436,-0.254119,-0.517824,1.006305,-0.485119,-0.07759,0.372178,-0.270853,-0.502409,0.996311,-0.489021,-0.068193,0.366908,-0.266644
113,-0.526537,0.997826,-0.468285,-0.127699,0.357157,-0.277471,-0.530665,0.999495,-0.473513,-0.09734,0.360944,-0.257488,-0.538521,1.006081,-0.465245,-0.095314,0.341743,-0.238825,-0.528713,1.002899,-0.467509,-0.095774,0.344659,-0.248766
114,-0.552416,1.001669,-0.445749,-0.089672,0.361768,-0.257427,-0.553361,0.99767,-0.457008,-0.094894,0.368201,-0.242665,-0.542104,0.994142,-0.446853,-0.100454,0.35503,-0.260053,-0.543633,1.00431,-0.458901,-0.098451,0.329374,-0.248503
115,-0.558175,0.99009,-0.434447,-0.110347,0.345627,-0.249797,-0.562483,0.995749,-0.432842,-0.115776,0.376943,-0.263495,-0.561515,0.990297,-0.433145,-0.118759,0.366129,-0.25089,-0.567193,0.996188,-0.431865,-0.114522,0.362199,-0.241351
116,-0.573745,0.988257,-0.418591,-0.112659,0.342627,-0.242646,-0.578464,0.983221,-0.425684,-0.103884,0.368443,-0.239155,-0.569002,0.991479,-0.410835,-0.116178,0.371956,-0.255204,-0.576699,0.995663,-0.416958,-0.111128,0.359652,-0.239778
117,-0.593433,0.98664,-0.401215,-0.129175,0.351941,-0.238768,-0.587699,0.994298,-0.392662,-0.132504,0.374695,-0.256374,-0.590824,0.999515,-0.406284,-0.129078,0.375894,-0.233001,-0.588204,0.992491,-0.404694,-0.138047,0.369232,-0.250423
118,-0.611227,0.988925,-0.379876,-0.134382,0.366666,-0.241932,-0.607445,0.993791,-0.394326,-0.148743,0.37446,-0.238185,-0.606749,0.98687,-0.386431,-0.129068,0.373762,-0.240748,-0.606086,0.992712,-0.389167,-0.139479,0.363596,-0.247401
119,-0.62074,0.985439,-0.357316,-0.130049,0.362075,-0.222506,-0.619673,0.989884,-0.368536,-0.138423,0.362389,-0.227824,-0.61726,0.98615,-0.365928,-0.123302,0.384417,-0.260912,-0.622944,0.981149,-0.37125,-0.128249,0.375961,-0.240838
120,-0.636165,0.986271,-0.349704,-0.134229,0.378577,-0.209565,-0.639339,0.989666,-0.344646,-0.135245,0.374459,-0.219391,-0.636156,0.985917,-0.343669,-0.145424,0.376045,-0.238421,-0.627478,0.98283,-0.340916,-0.141568,0.344197,-0.239959
121,-0.657678,0.991764,-0.327287,-0.156256,0.390501,-0.211286,-0.648578,0.985611,-0.326492,-0.143446,0.377568,-0.217256,-0.650172,0.984373,-0.335292,-0.138723,0.379968,-0.23488,-0.648622,0.984624,-0.342152,-0.131786,0.371988,-0.210457
122,-0.661156,0.992941,-0.311077,-0.138591,0.373489,-0.217289,-0.668726,0.969665,-0.310216,-0.148151,0.368274,-0.226795,-0.663818,0.975153,-0.302216,-0.152184,0.379997,-0.215634,-0.667276,0.978506,-0.313538,-0.159107,0.357342,-0.205163
123,-0.686079,0.981516,-0.296491,-0.178765,0.381772,-0.209592,-0.680055,0.979105,-0.300526,-0.1482,0.362576,-0.197615,-0.677068,0.97955,-0.293068,-0.137608,0.386891,-0.193417,-0.671742,0.974907,-0.288933,-0.173604,0.379355,-0.210527
124,-0.69539,0.976716,-0.272109,-0.161272,0.367051,-0.20831,-0.694254,0.972215,-0.277235,-0.166138,0.368977,-0.227945,-0.690643,0.964333,-0.273909,-0.177544,0.384303,-0.2124,-0.688032,0.969955,-0.283213,-0.156057,0.368,-0.209751
125,-0.699725,0.972423,-0.252545,-0.187918,0.369415,-0.195511,-0.701026,0.969002,-0.255817,-0.173552,0.37622,-0.207476,-0.706152,0.963913,-0.256882,-0.187575,0.37147,-0.172498,-0.709039,0.968214,-0.256174,-0.181865,0.363208,-0.198691
126,-0.719872,0.95955,-0.245643,-0.204725,0.382889,-0.18767,-0.724625,0.963934,-0.243435,-0.188413,0.37112,-0.17674,-0.724535,0.965025,-0.244547,-0.177675,0.368394,-0.179466,-0.713163,0.95301,-0.245151,-0.187119,0.38921,-0.210304
127,-0.739808,0.953772,-0.22195,-0.193392,0.366187,-0.175814,-0.739185,0.960964,-0.221369,-0.181102,0.351108,-0.195396,-0.732668,0.965083,-0.22359,-0.19987,0.357755,-0.186388,-0.725169,0.952562,-0.225733,-0.178557,0.360211,-0.190037
128,-0.738935,0.960647,-0.205694,-0.197974,0.379074,-0.17808,-0.7416,0.955503,-0.206129,-0.202294,0.358918,-0.177183,-0.741078,0.951686,-0.195705,-0.181101,0.37861,-0.17684,-0.745249,0.940255,-0.197409,-0.193974,0.372775,-0.191754
129,-0.767732,0.941109,-0.183089,-0.190868,0.374515,-0.180508,-0.762647,0.943138,-0.185194,-0.189453,0.370553,-0.161097,-0.757571,0.945357,-0.190477,-0.186545,0.368475,-0.166386,-0.761498,0.938399,-0.182435,-0.190993,0.36156,-0.159422
130,-0.767968,0.933042,-0.167423,-0.193409,0.368895,-0.20044,-0.762855,0.938543,-0.169628,-0.210454,0.372549,-0.169185,-0.77523,0.934888,-0.165412,-0.211577,0.357312,-0.16564,-0.77583,0.934491,-0.16774,-0.212909,0.35396,-0.166034
131,-0.784471,0.932196,-0.151019,-0.210072,0.374231,-0.160663,-0.785659,0.937346,-0.159884,-0.202751,0.382769,-0.162021,-0.779268,0.934534,-0.154642,-0.211989,0.361947,-0.155906,-0.785071,0.934048,-0.14964,-0.214388,0.380398,-0.179214
132,-0.785316,0.919198,-0.131058,-0.225686,0.363647,-0.164368,-0.791204,0.933304,-0.138834,-0.223797,0.343326,-0.159549,-0.792479,0.922063,-0.128354,-0.212247,0.374675,-0.156073,-0.793178,0.919009,-0.137751,-0.202225,0.372072,-0.170278
133,-0.800756,0.917424,-0.114361,-0.225236,0.375998,-0.135727,-0.801,0.90873,-0.114304,-0.222038,0.373278,-0.139357,-0.799602,0.910805,-0.113762,-0.214366,0.362782,-0.149786,-0.809989,0.9125,-0.114266,-0.227574,0.371349,-0.140838
134,-0.812327,0.911193,-0.085583,-0.233094,0.378783,-0.137374,-0.816646,0.907263,-0.087993,-0.235613,0.370465,-0.122072,-0.811417,0.911679,-0.098668,-0.224785,0.360576,-0.133829,-0.816664,0.900958,-0.093634,-0.229471,0.379223,-0.150818
135,-0.827977,0.898911,-0.064855,-0.219341,0.375743,-0.123854,-0.824691,0.895948,-0.073144,-0.220361,0.373384,-0.131582,-0.82589,0.899331,-0.079351,-0.215548,0.369787,-0.134559,-0.833239,0.903166,-0.068984,-0.222167,0.363058,-0.151054
136,-0.835428,0.89607,-0.056337,-0.220905,0.357875,-0.13323,-0.836408,0.891855,-0.057867,-0.243452,0.35883,-0.115699,-0.836486,0.884632,-0.057687,-0.235961,0.368296,-0.14256,-0.840764,0.894073,-0.053589,-0.244049,0.341508,-0.119074
137,-0.853782,0.883618,-0.031245,-0.239096,0.350618,-0.121639,-0.8557,0.882816,-0.031888,-0.249802,0.368173,-0.123823,-0.849217,0.879143,-0.030021,-0.25574,0.36734,-0.128627,-0.847568,0.882268,-0.040298,-0.246623,0.378372,-0.125065
138,-0.862804,0.879589,-0.006862,-0.235814,0.345072,-0.122008,-0.85661,0.876993,-0.016882,-0.258459,0.37579,-0.136914,-0.858897,0.874226,-0.015772,-0.239899,0.383721,-0.118936,-0.848144,0.86944,-0.014597,-0.248507,0.356046,-0.128068
139,-0.865076,0.868607,0.00597,-0.261616,0.357777,-0.116623,-0.872207,0.861835,0.000497,-0.245805,0.357145,-0.098495,-0.861884,0.862387,0.009398,-0.244881,0.359462,-0.10303,-0.872833,0.864368,-0.002082,-0.248288,0.356559,-0.117904
140,-0.872474,0.856639,0.025225,-0.267221,0.352512,-0.111198,-0.881408,0.860754,0.022383,-0.258343,0.369102,-0.105067,-0.871827,0.850235,0.016007,-0.256141,0.378046,-0.093421,-0.871637,0.854444,0.027204,-0.253659,0.369978,-0.089612
141,-0.893257,0.853339,0.043081,-0.271508,0.362134,-0.09118,-0.873645,0.855151,0.034108,-0.243981,0.360464,-0.082403,-0.880845,0.844283,0.038758,-0.263623,0.358125,-0.072861,-0.879567,0.848888,0.039792,-0.259857,0.345619,-0.089496
142,-0.89531,0.830229,0.054316,-0.264605,0.363323,-0.087539,-0.901593,0.832473,0.061321,-0.25811,0.364348,-0.083071,-0.888502,0.836775,0.057816,-0.278352,0.358048,-0.094543,-0.897937,0.837302,0.063948,-0.27224,0.357068,-0.098065
143,-0.901887,0.833604,0.070865,-0.265959,0.373551,-0.083265,-0.899025,0.835504,0.078306,-0.26648,0.350843,-0.095315,-0.901318,0.822032,0.087252,-0.275526,0.358612,-0.087102,-0.901164,0.8231,0.071713,-0.292573,0.3626,-0.088582
144,-0.903724,0.815103,0.103116,-0.278947,0.338957,-0.076414,-0.901858,0.816741,0.094494,-0.273632,0.364442,-0.069684,-0.911561,0.818074,0.098672,-0.280362,0.353629,-0.077081,-0.904113,0.815457,0.098118,-0.29824,0.360226,-0.07874
145,-0.917573,0.801806,0.108898,-0.285256,0.351127,-0.066295,-0.916991,0.796373,0.103196,-0.283414,0.351985,-0.076495,-0.922192,0.799551,0.117834,-0.296771,0.337771,-0.062471,-0.918636,0.801375,0.111164,-0.297785,0.342054,-0.048761
146,-0.925471,0.806628,0.140823,-0.284594,0.352013,-0.068721,-0.923044,0.788314,0.135965,-0.28372,0.339183,-0.073542,-0.92716,0.79629,0.124194,-0.274852,0.356695,-0.030854,-0.922325,0.795936,0.134253,-0.294225,0.338559,-0.060537
147,-0.928687,0.779499,0.160945,-0.300788,0.345708,-0.070486,-0.929796,0.783118,0.150628,-0.290379,0.336223,-0.052161,-0.930918,0.773318,0.151114,-0.287507,0.336321,-0.060788,-0.935124,0.782192,0.142026,-0.278811,0.345352,-0.047594
148,-0.935121,0.773345,0.171653,-0.303709,0.329659,-0.043485,-0.938893,0.771157,0.172151,-0.285829,0.354806,-0.051798,-0.939021,0.771776,0.168295,-0.307693,0.343571,-0.054446,-0.937318,0.775472,0.174647,-0.299865,0.326241,-0.048975
149,-0.947008,0.748204,0.180671,-0.277204,0.357575,-0.04171,-0.95011,0.7587,0.190193,-0.293162,0.336254,-0.052175,-0.94506,0.747378,0.186081,-0.291402,0.340937,-0.052101,-0.944253,0.755289,0.18345,-0.314835,0.32448,-0.041965
150,-0.948371,0.743691,0.209671,-0.311876,0.348334,-0.056776,-0.953308,0.743778,0.207261,-0.307921,0.310294,-0.03025,-0.954894,0.734497,0.204203,-0.285061,0.350394,-0.044249,-0.951142,0.738907,0.223927,-0.307657,0.31762,-0.043072
151,-0.951768,0.732336,0.232244,-0.302683,0.327178,-0.034933,-0.958367,0.728843,0.217615,-0.303305,0.340202,-0.009811,-0.951047,0.732511,0.229072,-0.317218,0.341289,-0.047148,-0.964075,0.726055,0.229618,-0.323874,0.343151,-0.045941
152,-0.957677,0.720907,0.243197,-0.315398,0.323644,-0.010148,-0.959422,0.72009,0.240703,-0.317082,0.33423,-0.023656,-0.964528,0.720291,0.244899,-0.316391,0.334183,-0.024422,-0.95512,0.719139,0.245068,-0.297242,0.348837,-0.011742
153,-0.967215,0.697833,0.263995,-0.309536,0.3435,-0.008312,-0.961705,0.698659,0.266832,-0.318648,0.326263,-0.021493,-0.963921,0.705543,0.259081,-0.302306,0.336711,-0.0184,-0.952979,0.697352,0.272059,-0.303299,0.329769,-0.008348
154,-0.977118,0.680267,0.277964,-0.298838,0.331852,-0.013992,-0.983181,0.685669,0.291151,-0.328506,0.323965,0.009748,-0.97597,0.684593,0.279797,-0.323757,0.329866,0.007813,-0.968916,0.67944,0.284501,-0.324528,0.336153,-0.015911
155,-0.978128,0.675908,0.296504,-0.312007,0.334108,0.001079,-0.975756,0.678329,0.300755,-0.326698,0.333567,0.008934,-0.96723,0.668232,0.301496,-0.326241,0.325992,0.009589,-0.978949,0.684441,0.309545,-0.338678,0.33318,-0.013302
156,-0.974427,0.65995,0.315433,-0.320873,0.30062,0.003238,-0.985127,0.661289,0.314336,-0.320499,0.317999,0.006002,-0.983553,0.663335,0.312074,-0.325428,0.300559,0.025281,-0.976271,0.665587,0.321954,-0.328372,0.317839,-0.006563
157,-0.983337,0.657288,0.330747,-0.326495,0.308734,0.01475,-0.988157,0.64511,0.332977,-0.331918,0.307498,0.011234,-0.986238,0.643809,0.334667,-0.32353,0.321361,0.017226,-0.988337,0.65082,0.344607,-0.319245,0.298522,0.020957
158,-0.981265,0.628398,0.349943,-0.318366,0.312841,0.032801,-0.985781,0.629809,0.350962,-0.350154,0.309365,0.012159,-0.993419,0.64129,0.354928,-0.321869,0.302961,0.024179,-0.975677,0.640038,0.34823,-0.323465,0.306434,0.022212
159,-0.987903,0.621237,0.372556,-0.334167,0.300071,0.045821,-0.994522,0.62108,0.371843,-0.337823,0.313737,0.011099,-0.989091,0.61355,0.369311,-0.327272,0.315491,0.032441,-0.9908,0.608722,0.366885,-0.322064,0.302173,0.030934
160,-0.988294,0.606384,0.392163,-0.337998,0.30147,0.033682,-1.000445,0.607115,0.374973,-0.339055,0.314757,0.041941,-0.999124,0.600242,0.38279,-0.343426,0.306676,0.037523,-0.9914,0.602054,0.390809,-0.345759,0.30927,0.019306
161,-1.00157,0.590714,0.393141,-0.349075,0.318493,0.026602,-0.997577,0.59463,0.409794,-0.346856,0.286063,0.043133,-0.989995,0.582019,0.401528,-0.346972,0.296294,0.034855,-0.983816,0.581685,0.404347,-0.328944,0.292936,0.033051
162,-1.000792,0.578632,0.417755,-0.320251,0.310546,0.070665,-0.994658,0.571868,0.414526,-0.336277,0.281935,0.059511,-0.998859,0.577921,0.427546,-0.353572,0.292593,0.056268,-0.999041,0.57781,0.426907,-0.335902,0.296097,0.051645
163,-1.006495,0.556628,0.440975,-0.34552,0.284293,0.051027,-0.997495,0.560164,0.435981,-0.347405,0.289209,0.064609,-0.98944,0.545702,0.451106,-0.345955,0.286828,0.049801,-1.001253,0.553049,0.434003,-0.326406,0.277679,0.071759
164,-1.000933,0.554028,0.456186,-0.330386,0.308098,0.048073,-1.007744,0.54602,0.453343,-0.346264,0.290267,0.057359,-0.992121,0.536147,0.44911,-0.378236,0.286331,0.060956,-1.001635,0.536192,0.45446,-0.340745,0.2864,0.086561
165,-0.9954,0.534182,0.47849,-0.355994,0.284038,0.074801,-1.003772,0.52992,0.475803,-0.341077,0.280246,0.086731,-0.997403,0.53475,0.470281,-0.332155,0.267237,0.062176,-0.991761,0.531976,0.471522,-0.349667,0.273502,0.086064
166,-1.005468,0.512924,0.492655,-0.350726,0.269676,0.074678,-1.002828,0.516949,0.483877,-0.353466,0.268939,0.088782,-1.010378,0.506129,0.489083,-0.369006,0.278886,0.087312,-1.000114,0.513379,0.481612,-0.376315,0.268602,0.068778
167,-1.000803,0.492245,0.506129,-0.338756,0.257945,0.08706,-0.990632,0.499217,0.495104,-0.346415,0.257444,0.072521,-1.002081,0.492207,0.512202,-0.348379,0.260666,0.086103,-1.003422,0.50212,0.505631,-0.355996,0.266868,0.074658
168,-1.002076,0.479452,0.525158,-0.365228,0.272031,0.092779,-1.006853,0.474081,0.534774,-0.354215,0.265341,0.093015,-0.996727,0.48209,0.519832,-0.36454,0.270939,0.078613,-1.001332,0.481609,0.522198,-0.357586,0.248096,0.084098
169,-0.99364,0.463551,0.531862,-0.372441,0.252433,0.106818,-0.999661,0.464048,0.538285,-0.361095,0.256836,0.096771,-0.997112,0.465664,0.544379,-0.340441,0.276152,0.101973,-0.998308,0.456121,0.533471,-0.371341,0.262285,0.099897
170,-0.998163,0.444944,0.558196,-0.358106,0.248063,0.120967,-0.997846,0.437173,0.557274,-0.352296,0.252652,0.108047,-0.998635,0.446405,0.546175,-0.366088,0.242636,0.101185,-1.004868,0.451324,0.554581,-0.382848,0.266072,0.11065
171,-0.986266,0.430909,0.569205,-0.33925,0.23438,0.113189,-1.000238,0.432462,0.573229,-0.365191,0.233554,0.104583,-0.996819,0.431273,0.560135,-0.375227,0.249067,0.125649,-0.992925,0.42811,0.560331,-0.363582,0.247819,0.109626
172,-0.990654,0.42199,0.586727,-0.368895,0.248518,0.114179,-0.993136,0.418157,0.585427,-0.368543,0.222747,0.13032,-0.999907,0.409356,0.587235,-0.359671,0.237067,0.100467,-0.990576,0.417948,0.579024,-0.36528,0.241483,0.11195
173,-0.985338,0.386719,0.604976,-0.359778,0.229354,0.118727,-0.994204,0.386672,0.603215,-0.34809,0.245088,0.133963,-0.996555,0.387775,0.608788,-0.359158,0.265893,0.122379,-0.990618,0.396557,0.595544,-0.365572,0.249116,0.123359
174,-0.990482,0.376239,0.617148,-0.379422,0.236186,0.129277,-0.987589,0.379051,0.609553,-0.348734,0.235339,0.140335,-0.988252,0.374318,0.606249,-0.367444,0.228149,0.140257,-0.991341,0.374926,0.608674,-0.374762,0.242683,0.145456
175,-0.978756,0.353216,0.619027,-0.358273,0.243605,0.114165,-0.990406,0.354991,0.627808,-0.377809,0.221502,0.151289,-1.000012,0.350119,0.624651,-0.373138,0.228561,0.143998,-0.981705,0.353597,0.638575,-0.368277,0.227083,0.145602
176,-0.991664,0.337336,0.638072,-0.368462,0.210505,0.148728,-0.986358,0.334737,0.647003,-0.376191,0.234968,0.145589,-0.991164,0.33566,0.655466,-0.351115,0.219528,0.142696,-0.993737,0.344004,0.648035,-0.365722,0.221399,0.118109
177,-0.986684,0.323842,0.661198,-0.363631,0.22546,0.151133,-0.970566,0.323414,0.661568,-0.367769,0.236192,0.154136,-0.973801,0.324181,0.657949,-0.381831,0.22356,0.155451,-0.975772,0.319219,0.650865,-0.351598,0.20583,0.158116
178,-0.974438,0.302989,0.672912,-0.378339,0.205773,0.155499,-0.974494,0.299274,0.675007,-0.37401,0.184486,0.158873,-0.97599,0.297942,0.678872,-0.374774,0.207313,0.136011,-0.979664,0.309506,0.66651,-0.362602,0.228297,0.150308
179,-0.972736,0.286733,0.681744,-0.374274,0.2009,0.143093,-0.970104,0.293833,0.683358,-0.35778,0.217479,0.187461,-0.965315,0.295734,0.678236,-0.366916,0.201002,0.166305,-0.963982,0.286873,0.684915,-0.348095,0.206894,0.181444
180,-0.962818,0.272804,0.708281,-0.360595,0.201295,0.163378,-0.97149,0.260536,0.695166,-0.375163,0.183992,0.171396,-0.965983,0.27153,0.693691,-0.37173,0.210067,0.161668,-0.976192,0.272407,0.695828,-0.358841,0.205731,0.161723
181,-0.962825,0.248222,0.70926,-0.36845,0.190062,0.193516,-0.967834,0.244443,0.717032,-0.362801,0.187255,0.170214,-0.96232,0.256146,0.717362,-0.371352,0.214767,0.16792,-0.959649,0.245988,0.71053,-0.371312,0.17918,0.153366
182,-0.954995,0.238588,0.722732,-0.364951,0.181927,0.205738,-0.963016,0.232642,0.719806,-0.368536,0.157393,0.186668,-0.952957,0.239989,0.717659,-0.349848,0.197622,0.166953,-0.951615,0.225253,0.721542,-0.361519,0.210596,0.185715
183,-0.959367,0.212974,0.739303,-0.34304,0.188879,0.191688,-0.951043,0.211255,0.731052,-0.374685,0.175221,0.19525,-0.961871,0.212647,0.730424,-0.379211,0.180927,0.18319,-0.961248,0.216385,0.742047,-0.377152,0.184881,0.193574
184,-0.942358,0.194828,0.754318,-0.37834,0.173855,0.201616,-0.952072,0.203333,0.753147,-0.363974,0.18054,0.189923,-0.934355,0.199317,0.745049,-0.379397,0.167093,0.198948,-0.934005,0.197685,0.753141,-0.375657,0.172032,0.18701
185,-0.937161,0.179058,0.761882,-0.368422,0.140533,0.201687,-0.954319,0.179331,0.762924,-0.365812,0.165446,0.207135,-0.944026,0.176645,0.767781,-0.37335,0.17125,0.199157,-0.943949,0.175616,0.766544,-0.358085,0.155859,0.180512
186,-0.929292,0.169667,0.787217,-0.369602,0.169522,0.200285,-0.934091,0.156983,0.757606,-0.347761,0.160236,0.213259,-0.934726,0.152067,0.772337,-0.35312,0.151903,0.206901,-0.936347,0.159451,0.781538,-0.356088,0.170594,0.202925
187,-0.927158,0.141751,0.786288,-0.377447,0.135021,0.217691,-0.931151,0.139138,0.790932,-0.373128,0.16427,0.210823,-0.931099,0.144179,0.780251,-0.378779,0.146457,0.199271,-0.931461,0.146914,0.786943,-0.38588,0.171986,0.210278
188,-0.918721,0.124587,0.795833,-0.365313,0.160248,0.234967,-0.91951,0.115606,0.809018,-0.361364,0.150579,0.230671,-0.92371,0.120394,0.794158,-0.379046,0.155849,0.216444,-0.924075,0.123356,0.802916,-0.380926,0.164211,0.214647
189,-0.91445,0.107975,0.807041,-0.375506,0.134365,0.21862,-0.909891,0.101991,0.806041,-0.359193,0.122497,0.224038,-0.909468,0.098473,0.807608,-0.363765,0.145764,0.227759,-0.906495,0.101879,0.805028,-0.368937,0.139179,0.230536
190,-0.908524,0.080184,0.832997,-0.377518,0.135307,0.232429,-0.90614,0.084216,0.823549,-0.367776,0.133992,0.228881,-0.895886,0.088048,0.814734,-0.36855,0.116261,0.227565,-0.894756,0.089649,0.824159,-0.374878,0.146932,0.217009
191,-0.89376,0.058946,0.840842,-0.335376,0.142501,0.2389,-0.889109,0.06144,0.830006,-0.362762,0.132084,0.239455,-0.901651,0.07407,0.839128,-0.37426,0.125194,0.261418,-0.894432,0.063847,0.82349,-0.385137,0.133871,0.25822
192,-0.880872,0.046619,0.836608,-0.362054,0.128596,0.232647,-0.883911,0.051749,0.840245,-0.362987,0.123798,0.253419,-0.878033,0.047624,0.850527,-0.363182,0.127286,0.24913,-0.885376,0.050356,0.845082,-0.367014,0.127611,0.2292
193,-0.880137,0.01981,0.855074,-0.360902,0.129079,0.240414,-0.882055,0.03084,0.851902,-0.357881,0.120959,0.235532,-0.886894,0.033751,0.854114,-0.349156,0.130218,0.261057,-0.876431,0.02826,0.847512,-0.383846,0.115988,0.245241
194,-0.87532,0.00356,0.857002,-0.360382,0.110905,0.262375,-0.869583,0.011443,0.86488,-0.362075,0.114452,0.250864,-0.868029,0.011056,0.861037,-0.357882,0.128013,0.25072,-0.870047,0.015142,0.857717,-0.35435,0.115727,0.243951
195,-0.872342,-0.007175,0.872567,-0.364452,0.089417,0.263217,-0.861456,-0.010027,0.873447,-0.342858,0.12363,0.253279,-0.860379,-0.009197,0.866376,-0.360556,0.103652,0.241262,-0.858437,-0.009692,0.879507,-0.369565,0.107044,0.249712
196,-0.857757,-0.026816,0.878001,-0.346653,0.09255,0.247119,-0.849826,-0.032865,0.874005,-0.34226,0.110278,0.256501,-0.844694,-0.032192,0.883331,-0.357469,0.096305,0.24251,-0.842184,-0.031637,0.886145,-0.37589,0.098591,0.261348
197,-0.840128,-0.05341,0.887551,-0.366987,0.085393,0.271285,-0.847486,-0.049936,0.885763,-0.360089,0.093111,0.277845,-0.844196,-0.05557,0.884624,-0.372245,0.076128,0.260747,-0.847488,-0.055203,0.878785,-0.352577,0.090859,0.268341
198,-0.826685,-0.061895,0.897857,-0.345944,0.073351,0.265922,-0.82087,-0.071769,0.899657,-0.340848,0.077276,0.261159,-0.827951,-0.067366,0.893567,-0.374335,0.094857,0.264687,-0.821785,-0.069196,0.905062,-0.35507,0.073029,0.269847
199,-0.8151,-0.095157,0.914493,-0.37397,0.06129,0.286943,-0.810515,-0.094532,0.904914,-0.365555,0.079842,0.287955,-0.819481,-0.092112,0.899338,-0.356297,0.105863,0.278325,-0.825877,-0.086394,0.905571,-0.355497,0.089026,0.284558
200,-0.811376,-0.106193,0.927042,-0.358923,0.073041,0.278911,-0.812476,-0.101458,0.920965,-0.360051,0.072285,0.28227,-0.814451,-0.10607,0.913952,-0.344923,0.074831,0.286259,-0.811313,-0.108645,0.905709,-0.350576,0.069304,0.29015
201,-0.79551,-0.123559,0.919482,-0.347784,0.066606,0.269904,-0.801247,-0.128564,0.91659,-0.358088,0.070504,0.279181,-0.794233,-0.120032,0.925143,-0.36797,0.061786,0.272658,-0.80288,-0.125698,0.922316,-0.342541,0.081505,0.273989
202,-0.778116,-0.143624,0.923391,-0.346824,0.057409,0.281825,-0.791107,-0.150812,0.924341,-0.334913,0.052077,0.286254,-0.791181,-0.145653,0.932451,-0.355338,0.056546,0.305039,-0.788653,-0.143767,0.923434,-0.348794,0.04522,0.27992
203,-0.769934,-0.165051,0.93861,-0.347824,0.046765,0.281423,-0.768949,-0.162492,0.931527,-0.341724,0.04924,0.298298,-0.768621,-0.16055,0.934464,-0.32607,0.054352,0.293359,-0.772123,-0.167749,0.9314,-0.342573,0.048093,0.300753
204,-0.756335,-0.180446,0.948466,-0.334321,0.043636,0.290718,-0.758382,-0.177291,0.945865,-0.333535,0.04836,0.287438,-0.757889,-0.179098,0.933526,-0.34164,0.055146,0.295623,-0.753476,-0.180044,0.946615,-0.342245,0.059678,0.29619
205,-0.74632,-0.196674,0.947551,-0.348951,0.050748,0.293338,-0.748801,-0.186599,0.946214,-0.307311,0.050424,0.292167,-0.750772,-0.192411,0.946813,-0.339919,0.035502,0.324958,-0.746445,-0.194028,0.939456,-0.331003,0.042881,0.282413
206,-0.740227,-0.215232,0.955776,-0.301397,0.038011,0.316907,-0.737852,-0.21636,0.958095,-0.319901,0.027845,0.282966,-0.734225,-0.216693,0.946833,-0.347195,0.036106,0.318419,-0.733162,-0.219432,0.945369,-0.331001,0.026536,0.307925
207,-0.721435,-0.238259,0.964391,-0.326479,0.019026,0.317516,-0.719997,-0.229335,0.968503,-0.344721,0.028417,0.297191,-0.720139,-0.236496,0.963756,-0.327561,0.020222,0.315632,-0.724596,-0.227231,0.952442,-0.340418,0.016133,0.315847
208,-0.702471,-0.250079,0.968314,-0.326928,0.026646,0.321788,-0.709955,-0.252256,0.974584,-0.323117,0.01258,0.30042,-0.716418,-0.255116,0.965014,-0.335618,0.006392,0.321037,-0.716239,-0.250958,0.97088,-0.326543,0.01544,0.296188
209,-0.6955,-0.266637,0.97142,-0.310137,0.010617,0.311513,-0.705135,-0.268258,0.971363,-0.3371,0.006267,0.295812,-0.691691,-0.274812,0.977356,-0.304522,0.014038,0.325259,-0.700912,-0.277354,0.971365,-0.322195,0.00049,0.30366
210,-0.691114,-0.28989,0.974496,-0.307548,0.002462,0.334863,-0.687683,-0.291397,0.974581,-0.320594,-0.005416,0.315931,-0.682878,-0.289623,0.963179,-0.320173,-0.014585,0.306884,-0.673928,-0.294418,0.972958,-0.335498,0.005686,0.315226
211,-0.674658,-0.309246,0.973272,-0.317686,0.003116,0.310328,-0.668708,-0.313616,0.981755,-0.331927,0.016171,0.334377,-0.667506,-0.30097,0.976329,-0.31599,-0.002742,0.317687,-0.673921,-0.305383,0.973218,-0.307171,-0.000697,0.338835
212,-0.652726,-0.326808,0.980183,-0.318034,-0.003283,0.325536,-0.652725,-0.324338,0.977933,-0.311679,-0.010443,0.335566,-0.655887,-0.316374,0.983463,-0.301494,-0.02809,0.345518,-0.65179,-0.32245,0.976731,-0.316374,-0.015107,0.327177
213,-0.635681,-0.344291,0.981828,-0.318312,-0.023281,0.338269,-0.640857,-0.35161,0.984317,-0.302458,-0.021929,0.330883,-0.645286,-0.3495,0.988508,-0.327854,-0.02681,0.31122,-0.643078,-0.34801,0.98331,-0.309367,-0.022055,0.32149
214,-0.62045,-0.362672,0.998679,-0.325934,-0.038012,0.326556,-0.626772,-0.35516,0.977444,-0.322531,-0.029504,0.337592,-0.627213,-0.350836,0.988563,-0.308888,-0.022548,0.34231,-0.621155,-0.359152,0.994907,-0.3081,-0.026655,0.325822
215,-0.61757,-0.371631,0.989748,-0.306689,-0.041504,0.332835,-0.621163,-0.367173,0.982588,-0.310254,-0.030401,0.334629,-0.616627,-0.374144,0.99429,-0.301451,-0.0258,0.321202,-0.610266,-0.37351,0.992032,-0.295615,-0.032866,0.346848
216,-0.591553,-0.391372,0.993125,-0.308704,-0.050115,0.337319,-0.597318,-0.397022,0.988523,-0.319847,-0.051304,0.368585,-0.59343,-0.394172,0.990296,-0.304099,-0.039251,0.324375,-0.599159,-0.393477,0.995374,-0.316255,-0.048419,0.358024
217,-0.583779,-0.41467,0.983503,-0.281222,-0.038877,0.316615,-0.580725,-0.414371,0.993174,-0.292227,-0.027141,0.334382,-0.587402,-0.409842,0.998519,-0.281471,-0.047045,0.343133,-0.573527,-0.405858,0.992982,-0.295161,-0.035753,0.339053
218,-0.563796,-0.425535,0.995208,-0.29367,-0.060324,0.333072,-0.570539,-0.428758,0.992174,-0.288583,-0.03968,0.340077,-0.571915,-0.430591,0.99869,-0.272501,-0.040766,0.338454,-0.564472,-0.431623,1.001818,-0.288107,-0.045141,0.360058
219,-0.552098,-0.450707,0.998214,-0.293491,-0.046252,0.345954,-0.55469,-0.450389,0.985338,-0.282162,-0.083639,0.321792,-0.549257,-0.445301,1.002597,-0.286089,-0.078435,0.353426,-0.556154,-0.452158,0.998932,-0.285825,-0.060566,0.358938
220,-0.527841,-0.462116,1.003577,-0.295509,-0.057182,0.359901,-0.537844,-0.463485,0.999627,-0.270245,-0.071737,0.348232,-0.545654,-0.461163,0.996266,-0.291563,-0.06165,0.365251,-0.533709,-0.463582,1.000511,-0.289848,-0.057167,0.358316
221,-0.524735,-0.478063,0.999073,-0.269873,-0.082506,0.368228,-0.520546,-0.47601,1.002024,-0.276569,-0.083137,0.343665,-0.516767,-0.477103,0.996401,-0.271844,-0.083411,0.347949,-0.532276,-0.478865,1.00034,-0.292967,-0.057969,0.353248
222,-0.502382,-0.494804,0.996686,-0.279632,-0.076994,0.353418,-0.506736,-0.49516,0.999027,-0.281054,-0.080905,0.381622,-0.506879,-0.501057,0.998318,-0.272079,-0.079445,0.350925,-0.499702,-0.50118,0.999363,-0.278728,-0.100369,0.346949
223,-0.483862,-0.517086,0.990352,-0.270326,-0.073093,0.347047,-0.485266,-0.515402,1.007045,-0.271055,-0.104302,0.34688,-0.490153,-0.504734,1.00421,-0.255252,-0.087632,0.3442,-0.497054,-0.509348,0.995453,-0.276034,-0.090617,0.369825
224,-0.472887,-0.53612,1.000559,-0.275468,-0.083562,0.353685,-0.471029,-0.529917,1.002541,-0.26511,-0.1015,0.360292,-0.473264,-0.533384,0.993844,-0.277678,-0.100001,0.363536,-0.467541,-0.534642,0.993584,-0.26672,-0.089076,0.347175
225,-0.453468,-0.544338,1.000234,-0.266567,-0.080295,0.369486,-0.452665,-0.548321,1.001301,-0.243678,-0.116313,0.347172,-0.44995,-0.551829,0.999593,-0.264489,-0.090729,0.358347,-0.451815,-0.546136,0.99483,-0.274557,-0.106187,0.362283
226,-0.429384,-0.562294,0.995466,-0.274738,-0.11527,0.356934,-0.430099,-0.576444,1.002036,-0.254883,-0.109996,0.36911,-0.434186,-0.562767,1.001224,-0.254358,-0.091633,0.380144,-0.43673,-0.554711,0.996386,-0.24885,-0.107442,0.375366
227,-0.418464,-0.583418,0.991559,-0.256897,-0.122745,0.353762,-0.428945,-0.56601,0.990381,-0.248054,-0.124653,0.362244,-0.413434,-0.577269,0.998811,-0.244721,-0.112716,0.361049,-0.42154,-0.566426,0.990028,-0.244761,-0.111301,0.369172
228,-0.396102,-0.586335,0.990871,-0.256005,-0.14172,0.356295,-0.406822,-0.583919,1.000925,-0.235887,-0.128975,0.360303,-0.401355,-0.585121,0.993278,-0.243642,-0.12621,0.368298,-0.403173,-0.597021,0.99226,-0.237881,-0.105814,0.350607
229,-0.386981,-0.60122,0.999111,-0.252509,-0.139725,0.378916,-0.386835,-0.606641,0.996494,-0.239161,-0.138038,0.352225,-0.392254,-0.608893,0.994849,-0.243357,-0.113057,0.362665,-0.388199,-0.612457,0.9921,-0.250907,-0.135514,0.357302
230,-0.37214,-0.615116,0.976963,-0.243027,-0.131966,0.372738,-0.370725,-0.626537,0.992589,-0.216834,-0.143038,0.377851,-0.362742,-0.620701,0.983813,-0.236379,-0.118203,0.367363,-0.376516,-0.622724,0.995235,-0.234257,-0.135057,0.373163
231,-0.357999,-0.637069,0.987389,-0.22453,-0.125397,0.368614,-0.350181,-0.634676,0.985017,-0.214315,-0.158458,0.378977,-0.356445,-0.634502,0.978354,-0.218424,-0.142579,0.364881,-0.34606,-0.634044,0.986734,-0.247044,-0.139991,0.351139
232,-0.328493,-0.648729,0.974201,-0.220117,-0.157498,0.358054,-0.337417,-0.6433,0.977998,-0.22978,-0.14468,0.381307,-0.319042,-0.655637,0.983894,-0.206818,-0.156298,0.361905,-0.332922,-0.647362,0.983803,-0.216728,-0.146227,0.357349
233,-0.315633,-0.663765,0.982565,-0.212393,-0.159412,0.378806,-0.311696,-0.654766,0.980427,-0.209318,-0.141257,0.374799,-0.313355,-0.66397,0.972692,-0.219453,-0.159418,0.359915,-0.306671,-0.666683,0.978002,-0.211364,-0.146035,0.361016
234,-0.29214,-0.677597,0.984782,-0.211873,-0.156178,0.372687,-0.290037,-0.680999,0.979077,-0.207536,-0.167974,0.367776,-0.298048,-0.681947,0.978693,-0.203824,-0.167626,0.359101,-0.301451,-0.679126,0.979064,-0.206694,-0.144654,0.3737
235,-0.279241,-0.68859,0.960693,-0.225991,-0.178347,0.39112,-0.280403,-0.690306,0.966629,-0.191602,-0.172412,0.354631,-0.283474,-0.706585,0.97447,-0.210262,-0.164452,0.36378,-0.280309,-0.691713,0.964082,-0.199388,-0.154685,0.353607
236,-0.260713,-0.706308,0.969716,-0.190739,-0.188451,0.371157,-0.265816,-0.706728,0.973785,-0.186534,-0.181982,0.368313,-0.255886,-0.706322,0.970997,-0.203599,-0.177629,0.371418,-0.263881,-0.697984,0.969172,-0.214611,-0.166308,0.387243
237,-0.238846,-0.720553,0.958981,-0.190471,-0.171487,0.366188,-0.247983,-0.721599,0.95793,-0.205556,-0.183856,0.355961,-0.25344,-0.713173,0.955043,-0.202666,-0.18685,0.37693,-0.237857,-0.720436,0.954304,-0.188231,-0.182098,0.36538
238,-0.220696,-0.731145,0.959208,-0.183196,-0.190955,0.371376,-0.218635,-0.729519,0.951374,-0.193004,-0.177465,0.384119,-0.215211,-0.722937,0.959466,-0.171179,-0.190882,0.352029,-0.221644,-0.731465,0.954016,-0.191293,-0.170437,0.36458
239,-0.208022,-0.752364,0.949258,-0.171357,-0.175774,0.353547,-0.207429,-0.742442,0.946969,-0.179805,-0.189582,0.364856,-0.201377,-0.745976,0.952432,-0.169068,-0.204023,0.371093,-0.205859,-0.73809,0.954437,-0.188484,-0.19542,0.36722
240,-0.182046,-0.757789,0.943844,-0.175118,-0.193123,0.379355,-0.185317,-0.760888,0.943557,-0.154604,-0.195328,0.379496,-0.183646,-0.752012,0.941548,-0.177423,-0.192937,0.367669,-0.188834,-0.761489,0.939613,-0.181894,-0.183556,0.386973
241,-0.169678,-0.768757,0.935403,-0.153157,-0.201245,0.379612,-0.168556,-0.773859,0.940337,-0.15159,-0.200907,0.354154,-0.169609,-0.772409,0.935389,-0.17189,-0.204444,0.368551,-0.16785,-0.766188,0.932199,-0.16486,-0.215898,0.381897
242,-0.149984,-0.786052,0.92922,-0.15673,-0.212814,0.365445,-0.15157,-0.773438,0.929819,-0.18366,-0.210074,0.362158,-0.144471,-0.778951,0.925649,-0.155633,-0.204096,0.367921,-0.148587,-0.79075,0.930064,-0.140331,-0.200224,0.375199
243,-0.113892,-0.799715,0.926371,-0.160941,-0.222731,0.363408,-0.138157,-0.78417,0.915859,-0.156603,-0.204099,0.372953,-0.127167,-0.786767,0.922398,-0.16358,-0.19578,0.400081,-0.132873,-0.797119,0.916266,-0.169121,-0.212861,0.355717
244,-0.103225,-0.800241,0.910289,-0.133318,-0.216935,0.376535,-0.11247,-0.804392,0.908238,-0.150636,-0.222632,0.36164,-0.111059,-0.80924,0.922558,-0.135435,-0.214196,0.3566,-0.107938,-0.809638,0.922626,-0.139832,-0.212058,0.369386
245,-0.09255,-0.816109,0.911473,-0.134268,-0.231902,0.36168,-0.095968,-0.814534,0.912374,-0.120913,-0.223257,0.367064,-0.095044,-0.812195,0.914581,-0.129065,-0.212909,0.37159,-0.081745,-0.80722,0.908479,-0.150686,-0.230772,0.363816
246,-0.075983,-0.824937,0.90393,-0.152242,-0.22623,0.382913,-0.079053,-0.82585,0.901083,-0.129225,-0.233931,0.371969,-0.072927,-0.827744,0.896455,-0.136395,-0.244117,0.350925,-0.08156,-0.825919,0.902422,-0.14002,-0.227032,0.37371
247,-0.062506,-0.837263,0.902458,-0.142267,-0.242634,0.36124,-0.053411,-0.842755,0.890957,-0.129205,-0.235627,0.361449,-0.052,-0.831147,0.889821,-0.135814,-0.242113,0.368147,-0.050838,-0.838784,0.888565,-0.132106,-0.239594,0.365013
248,-0.042275,-0.835094,0.879423,-0.120647,-0.241869,0.343473,-0.037036,-0.836155,0.878119,-0.124667,-0.234322,0.372377,-0.038358,-0.843501,0.894148,-0.121511,-0.223054,0.360775,-0.03058,-0.849636,0.882891,-0.126562,-0.239764,0.36087
249,-0.017205,-0.852427,0.878782,-0.109971,-0.239289,0.376662,-0.017052,-0.856676,0.87985,-0.11528,-0.255938,0.368995,-0.022056,-0.848044,0.878854,-0.126207,-0.237129,0.358317,-0.024524,-0.853766,0.876896,-0.115895,-0.243585,0.357626
250,-0.00022,-0.868368,0.871788,-0.105406,-0.266875,0.376132,-0.00578,-0.873608,0.867023,-0.10035,-0.248605,0.369901,0.011029,-0.861032,0.871527,-0.098288,-0.259438,0.371952,0.001019,-0.868276,0.866059,-0.095831,-0.250535,0.361096
251,0.016042,-0.875124,0.846204,-0.106211,-0.260112,0.354475,0.014942,-0.875839,0.84991,-0.110563,-0.238878,0.366437,0.02698,-0.870771,0.857601,-0.100219,-0.271305,0.352756,0.028093,-0.875932,0.851834,-0.098855,-0.246602,0.357161
252,0.038289,-0.884845,0.83448,-0.104862,-0.264469,0.356568,0.040608,-0.882237,0.847998,-0.095258,-0.259849,0.346748,0.045889,-0.883695,0.849194,-0.092274,-0.273572,0.358738,0.039273,-0.888051,0.852037,-0.097499,-0.264576,0.365701
253,0.05543,-0.906211,0.830372,-0.093428,-0.263542,0.359281,0.057766,-0.895148,0.837405,-0.099311,-0.283591,0.374865,0.056121,-0.897337,0.833869,-0.085592,-0.262227,0.365217,0.063682,-0.897989,0.822306,-0.087705,-0.265122,0.358293
254,0.078307,-0.897912,0.834082,-0.083417,-0.274872,0.334209,0.072888,-0.907191,0.823754,-0.095388,-0.266186,0.343835,0.083095,-0.90505,0.834599,-0.07556,-0.277321,0.353205,0.073691,-0.908534,0.822696,-0.070754,-0.285845,0.345368
255,0.089117,-0.903824,0.81342,-0.08035,-0.297142,0.346216,0.096303,-0.910933,0.815754,-0.066558,-0.276758,0.335388,0.08841,-0.913672,0.80445,-0.071279,-0.287809,0.357707,0.093647,-0.898142,0.811774,-0.059858,-0.277681,0.350823
256,0.112939,-0.921489,0.802655,-0.064216,-0.276803,0.344314,0.110322,-0.930527,0.808317,-0.076544,-0.290367,0.348389,0.112768,-0.908749,0.800621,-0.06066,-0.286543,0.335598,0.107782,-0.915547,0.80171,-0.070088,-0.288241,0.361157
257,0.121097,-0.934059,0.792604,-0.069889,-0.309715,0.34937,0.136211,-0.925784,0.792194,-0.052868,-0.277691,0.361324,0.130875,-0.933129,0.787428,-0.048768,-0.299854,0.353418,0.1372,-0.928383,0.794385,-0.043439,-0.302745,0.349582
258,0.149575,-0.928246,0.783281,-0.045074,-0.285016,0.355257,0.149536,-0.924292,0.781065,-0.066574,-0.28296,0.357557,0.150344,-0.926559,0.785362,-0.061372,-0.289296,0.348756,0.145179,-0.921416,0.779233,-0.039632,-0.306215,0.339179
259,0.168982,-0.936046,0.769385,-0.060727,-0.294543,0.345021,0.177219,-0.935131,0.76785,-0.04714,-0.301917,0.335472,0.166475,-0.943685,0.766398,-0.051107,-0.282945,0.351376,0.165036,-0.940228,0.773881,-0.043558,-0.297297,0.333413
260,0.179836,-0.941487,0.761212,-0.039166,-0.282631,0.326827,0.189475,-0.939573,0.76079,-0.041139,-0.292156,0.348406,0.187846,-0.949288,0.767779,-0.060482,-0.317909,0.344186,0.189635,-0.951206,0.759655,-0.034656,-0.296588,0.331355
261,0.201754,-0.941058,0.741905,-0.02778,-0.298097,0.364955,0.202639,-0.950327,0.746537,-0.048566,-0.299821,0.321791,0.203554,-0.945509,0.737857,-0.044364,-0.302537,0.319454,0.206465,-0.950827,0.737127,-0.027384,-0.299121,0.346096
262,0.224823,-0.958257,0.726618,-0.039411,-0.29148,0.345457,0.2238,-0.957106,0.722178,-0.029659,-0.298859,0.328321,0.225704,-0.952737,0.742556,-0.0293,-0.302334,0.333933,0.225718,-0.963819,0.735355,-0.032597,-0.297476,0.334202
263,0.237111,-0.952304,0.720108,-0.021508,-0.319411,0.314687,0.238571,-0.944073,0.724753,-0.008197,-0.310291,0.327733,0.244563,-0.957941,0.71897,-0.016169,-0.30394,0.333244,0.242214,-0.950229,0.713145,-0.008192,-0.311904,0.330052
264,0.263458,-0.965732,0.705675,-0.023785,-0.304519,0.340294,0.258015,-0.967753,0.708071,-0.01422,-0.322357,0.326377,0.256136,-0.961678,0.6963,-0.024146,-0.318573,0.335334,0.260179,-0.964411,0.705074,-0.040907,-0.323847,0.329176
265,0.284627,-0.96909,0.694708,-0.008446,-0.337625,0.308696,0.27541,-0.982418,0.705479,-0.004339,-0.318616,0.318405,0.271682,-0.973185,0.692452,-0.007716,-0.324269,0.324071,0.274501,-0.958002,0.698455,0.008351,-0.316524,0.334563
266,0.289466,-0.974269,0.674101,0.002572,-0.346965,0.319244,0.302754,-0.971647,0.690316,0.003585,-0.301154,0.32018,0.296361,-0.984088,0.684131,0.003451,-0.321096,0.314582,0.298984,-0.979147,0.676585,-0.000125,-0.332395,0.305826
267,0.320172,-0.980176,0.659011,-0.006641,-0.305619,0.315835,0.316904,-0.977311,0.660382,0.011637,-0.326217,0.319365,0.309606,-0.978344,0.664684,0.016098,-0.325605,0.32128,0.318633,-0.972716,0.673368,0.009652,-0.321888,0.325618
268,0.333799,-0.975057,0.648381,0.023579,-0.333375,0.29331,0.326984,-0.981335,0.638606,0.013509,-0.327343,0.3356,0.339188,-0.986862,0.639351,0.024325,-0.336666,0.310175,0.340225,-0.992349,0.656127,0.027028,-0.332761,0.310429
269,0.346232,-0.989547,0.639636,0.011627,-0.332832,0.310564,0.346958,-0.985684,0.637857,0.036088,-0.337175,0.310802,0.340487,-0.989553,0.635993,0.015724,-0.340643,0.320889,0.352628,-0.990551,0.639766,0.022479,-0.327858,0.311585
270,0.375995,-0.989277,0.61653,0.025873,-0.330888,0.313229,0.365971,-0.993109,0.618578,0.053891,-0.340425,0.304384,0.364039,-0.989069,0.619053,0.015969,-0.337468,0.300022,0.365727,-0.98942,0.622802,0.008214,-0.319923,0.316224
271,0.384487,-0.994896,0.608099,0.039384,-0.313962,0.304899,0.388323,-0.996146,0.604346,0.035419,-0.338756,0.299907,0.389396,-0.997416,0.603569,0.026715,-0.339067,0.296251,0.38827,-0.9822,0.6125,0.027186,-0.346312,0.307355
272,0.405388,-0.992081,0.592762,0.048774,-0.35242,0.302295,0.403188,-0.993164,0.590634,0.050159,-0.340621,0.30674,0.40148,-0.994935,0.592622,0.042407,-0.34304,0.3014,0.401263,-0.996692,0.595553,0.054301,-0.344438,0.291324
273,0.417655,-1.002053,0.568989,0.054027,-0.343156,0.288846,0.428812,-0.993019,0.571312,0.050083,-0.346367,0.291522,0.427267,-0.992735,0.568994,0.051098,-0.350333,0.302332,0.416532,-0.995905,0.579332,0.042223,-0.33309,0.288284
274,0.432879,-1.000725,0.563173,0.052778,-0.356174,0.276119,0.432865,-0.999922,0.56336,0.064521,-0.348523,0.298626,0.435848,-0.988066,0.559803,0.060002,-0.343843,0.295688,0.437408,-0.999288,0.56079,0.065991,-0.339166,0.285937
275,0.44402,-0.990955,0.545294,0.058478,-0.349957,0.282011,0.452367,-1.004954,0.548255,0.071943,-0.349888,0.282548,0.461215,-0.997621,0.548883,0.068443,-0.351407,0.286538,0.456364,-0.998985,0.542446,0.060095,-0.352646,0.282145
276,0.466993,-1.000235,0.532329,0.071065,-0.337989,0.287391,0.4734,-1.004651,0.530482,0.057978,-0.339958,0.259312,0.472001,-0.994671,0.529443,0.075032,-0.345942,0.296238,0.467665,-1.009214,0.534447,0.066636,-0.34736,0.280337
277,0.496934,-0.992642,0.510588,0.060266,-0.351366,0.276727,0.486292,-1.003705,0.519977,0.072071,-0.354987,0.260674,0.489145,-0.999254,0.520246,0.079169,-0.354495,0.293644,0.483599,-0.999124,0.509763,0.076551,-0.352575,0.26686
278,0.498795,-1.005014,0.499449,0.083935,-0.365917,0.275329,0.509332,-1.006858,0.504407,0.084743,-0.355401,0.25988,0.501721,-0.999307,0.493567,0.099072,-0.347188,0.278005,0.510173,-1.005067,0.484615,0.082258,-0.350275,0.263179
279,0.515556,-1.002641,0.477467,0.097605,-0.356088,0.261765,0.51037,-1.006392,0.479803,0.093691,-0.377214,0.275814,0.524884,-1.003993,0.486027,0.087357,-0.365138,0.255182,0.512987,-1.00093,0.473599,0.081816,-0.36693,0.26474
280,0.530895,-0.988103,0.463157,0.098323,-0.349048,0.265259,0.529695,-0.99514,0.463427,0.117392,-0.354892,0.246456,0.538075,-0.998235,0.463425,0.101317,-0.372081,0.276538,0.535046,-0.997741,0.458569,0.100661,-0.360729,0.264188
281,0.554288,-0.990795,0.451326,0.108346,-0.348938,0.253232,0.549829,-1.007226,0.44795,0.0929,-0.371799,0.246941,0.552225,-0.996163,0.442959,0.098495,-0.374908,0.25585,0.550117,-0.995688,0.447529,0.105097,-0.358642,0.258103
282,0.563133,-0.992399,0.427279,0.107888,-0.364441,0.252174,0.561438,-0.991441,0.44236,0.135741,-0.364203,0.264418,0.567742,-1.00095,0.428553,0.113842,-0.373634,0.245429,0.573827,-0.998185,0.42743,0.115851,-0.349422,0.266082
283,0.579873,-0.992197,0.412512,0.122801,-0.35209,0.243056,0.587107,-0.99796,0.416189,0.110937,-0.363252,0.248304,0.590195,-0.999917,0.411584,0.135519,-0.371073,0.253703,0.579014,-0.989379,0.403195,0.123879,-0.370514,0.254935
284,0.595155,-0.992631,0.39876,0.100801,-0.356364,0.247386,0.594297,-0.989809,0.38785,0.136922,-0.353916,0.243169,0.595059,-0.994274,0.397821,0.124242,-0.357759,0.24276,0.599371,-0.987326,0.398158,0.12988,-0.341571,0.230979
285,0.609966,-0.990103,0.374681,0.133473,-0.361758,0.232797,0.605608,-0.996658,0.380611,0.134109,-0.36278,0.244988,0.613684,-0.989727,0.372532,0.144487,-0.366285,0.248131,0.607258,-0.993239,0.379069,0.12648,-0.351926,0.255031
286,0.627329,-0.978561,0.353983,0.121071,-0.370738,0.229842,0.633257,-0.984759,0.35723,0.140262,-0.371675,0.225297,0.620392,-0.988141,0.355527,0.145779,-0.374811,0.229018,0.630688,-1.001902,0.354127,0.144728,-0.361242,0.223305
287,0.635644,-0.986129,0.348553,0.136818,-0.353795,0.208176,0.6444,-0.980063,0.341759,0.141724,-0.372983,0.229456,0.640818,-0.984314,0.343462,0.14874,-0.365024,0.221662,0.637629,-0.98715,0.338786,0.145813,-0.371613,0.221416
288,0.646901,-0.975886,0.326053,0.13992,-0.362272,0.229686,0.65945,-0.989603,0.329266,0.153615,-0.367323,0.22875,0.659252,-0.975993,0.332938,0.148031,-0.370261,0.234069,0.658938,-0.988053,0.323878,0.156403,-0.362989,0.22619
289,0.670622,-0.985545,0.306028,0.168513,-0.3556,0.206419,0.664683,-0.982957,0.299948,0.165727,-0.382909,0.226322,0.670927,-0.974858,0.306263,0.158007,-0.366124,0.210029,0.670102,-0.979552,0.308788,0.15413,-0.373585,0.229589
290,0.68765,-0.975109,0.294215,0.149377,-0.361291,0.216058,0.682912,-0.966861,0.288609,0.167026,-0.364887,0.212051,0.688942,-0.969138,0.292456,0.177749,-0.374125,0.209934,0.686945,-0.976908,0.290401,0.168076,-0.380852,0.187848
291,0.70058,-0.971223,0.271429,0.168998,-0.345481,0.194195,0.695533,-0.973244,0.27083,0.173928,-0.36972,0.200665,0.706266,-0.983446,0.268041,0.169047,-0.372292,0.211064,0.694693,-0.970522,0.278012,0.175155,-0.374347,0.21738
292,0.709335,-0.968762,0.250886,0.181603,-0.366989,0.199638,0.719409,-0.963558,0.256253,0.163712,-0.379273,0.204949,0.704665,-0.966988,0.260478,0.178322,-0.359632,0.193436,0.706667,-0.962432,0.251169,0.171717,-0.369326,0.205631
293,0.714943,-0.960967,0.234341,0.192134,-0.373997,0.187494,0.718074,-0.957676,0.238379,0.17598,-0.361402,0.186018,0.729566,-0.962437,0.22679,0.183975,-0.352639,0.185785,0.730316,-0.961576,0.250854,0.191272,-0.364613,0.179333
294,0.743259,-0.956938,0.209146,0.182618,-0.384449,0.195783,0.737499,-0.958506,0.220057,0.197656,-0.36166,0.202585,0.734347,-0.952563,0.216926,0.195373,-0.379762,0.178275,0.739731,-0.953273,0.207959,0.174128,-0.369083,0.18465
295,0.746902,-0.954515,0.205772,0.208967,-0.359235,0.175634,0.746442,-0.941629,0.195578,0.201526,-0.381464,0.176859,0.757097,-0.93953,0.189279,0.191908,-0.3763,0.192278,0.749993,-0.939308,0.203098,0.190856,-0.372874,0.192201
296,0.75678,-0.942957,0.180682,0.205528,-0.36877,0.1658,0.761429,-0.943543,0.176411,0.198789,-0.38222,0.171393,0.763873,-0.951175,0.185866,0.191979,-0.362572,0.163738,0.769659,-0.935944,0.186472,0.209083,-0.385908,0.182884
297,0.776002,-0.935849,0.158401,0.22079,-0.369281,0.15415,0.772049,-0.938206,0.16063,0.215702,-0.37226,0.150593,0.784065,-0.934439,0.162744,0.208209,-0.372543,0.188229,0.764529,-0.933916,0.160558,0.210071,-0.370779,0.165693
298,0.796259,-0.926258,0.13591,0.219731,-0.361643,0.154927,0.797959,-0.929664,0.143787,0.200968,-0.360928,0.146509,0.788851,-0.926626,0.137483,0.207624,-0.377546,0.185267,0.785291,-0.922662,0.147413,0.226389,-0.37134,0.152894
299,0.790879,-0.918072,0.129112,0.227523,-0.34798,0.154139,0.79947,-0.927698,0.120423,0.242154,-0.376973,0.137689,0.801754,-0.91937,0.124675,0.214358,-0.359995,0.155016,0.801389,-0.926893,0.12619,0.206925,-0.380322,0.15591
300,0.809591,-0.908752,0.111477,0.21215,-0.370483,0.142361,0.813096,-0.911852,0.101047,0.213687,-0.377088,0.150825,0.814565,-0.905804,0.099047,0.233494,-0.37381,0.154628,0.813188,-0.913773,0.113824,0.229504,-0.353077,0.141916
301,0.82037,-0.904801,0.09334,0.224424,-0.372923,0.140327,0.82447,-0.907378,0.08807,0.229724,-0.370901,0.146992,0.815293,-0.906748,0.084361,0.22333,-0.37853,0.145121,0.82154,-0.909549,0.075753,0.207065,-0.369985,0.141153
302,0.828568,-0.900955,0.069816,0.236363,-0.375328,0.121849,0.833421,-0.892317,0.063917,0.23908,-0.369181,0.142597,0.835611,-0.890979,0.06466,0.228835,-0.364998,0.127719,0.826032,-0.908091,0.063443,0.232484,-0.373446,0.144457
303,0.848606,-0.888766,0.044009,0.241796,-0.354153,0.12123,0.835654,-0.88973,0.047653,0.239577,-0.358717,0.12105,0.849235,-0.887651,0.051424,0.255204,-0.36491,0.156677,0.843874,-0.88756,0.045494,0.234916,-0.354493,0.124327
304,0.847611,-0.880023,0.023406,0.230742,-0.375257,0.113313,0.845031,-0.874281,0.023775,0.244227,-0.348342,0.123014,0.848704,-0.879515,0.029488,0.248462,-0.359968,0.11935,0.851482,-0.883472,0.031016,0.235927,-0.370245,0.112894
305,0.850324,-0.861502,0.00804,0.237935,-0.384603,0.118406,0.855707,-0.879673,0.021459,0.224023,-0.372089,0.100709,0.868533,-0.860865,0.006722,0.253576,-0.362926,0.125139,0.862982,-0.87535,0.009705,0.256369,-0.344719,0.118366
306,0.867996,-0.866694,-0.003318,0.254933,-0.3473,0.123083,0.869961,-0.861916,-0.009063,0.247485,-0.354298,0.111737,0.875006,-0.859028,-0.009735,0.25935,-0.377537,0.089302,0.872734,-0.867611,-0.01248,0.258828,-0.365461,0.102719
307,0.879168,-0.848797,-0.027131,0.255815,-0.359811,0.100483,0.874773,-0.852146,-0.019515,0.258661,-0.355946,0.097935,0.881164,-0.857057,-0.032829,0.23992,-0.378164,0.100459,0.879079,-0.849767,-0.025801,0.25004,-0.350823,0.094105
308,0.895278,-0.842206,-0.039814,0.249349,-0.368604,0.088292,0.883267,-0.842374,-0.049775,0.256571,-0.368532,0.096883,0.889932,-0.84516,-0.044286,0.262223,-0.370741,0.085013,0.887895,-0.840764,-0.047786,0.264425,-0.336293,0.088836
309,0.900147,-0.831755,-0.062944,0.277163,-0.347448,0.090997,0.896393,-0.823687,-0.066911,0.263689,-0.352222,0.078709,0.896081,-0.826782,-0.064097,0.278334,-0.359726,0.089157,0.890107,-0.830504,-0.064474,0.261338,-0.365207,0.077754
310,0.909143,-0.823938,-0.082069,0.273864,-0.367299,0.06039,0.902177,-0.819819,-0.079665,0.280898,-0.359432,0.075879,0.899283,-0.823958,-0.081066,0.255238,-0.331285,0.07759,0.903514,-0.821051,-0.078785,0.288757,-0.358647,0.070906
311,0.921244,-0.809085,-0.103655,0.272362,-0.352547,0.060311,0.911266,-0.808116,-0.100276,0.282753,-0.359207,0.061809,0.914745,-0.80254,-0.109931,0.278165,-0.345117,0.075701,0.912873,-0.816592,-0.10801,0.287518,-0.354918,0.064915
312,0.915258,-0.798474,-0.123065,0.300282,-0.357531,0.063431,0.917914,-0.799474,-0.126603,0.278028,-0.350192,0.074405,0.922682,-0.798415,-0.127583,0.273821,-0.359747,0.062741,0.916708,-0.802484,-0.12395,0.271377,-0.352057,0.038135
313,0.931213,-0.776122,-0.136383,0.297868,-0.348874,0.055592,0.926805,-0.787222,-0.137981,0.283427,-0.347295,0.062806,0.923967,-0.78003,-0.142093,0.288255,-0.345546,0.050847,0.927361,-0.788055,-0.136708,0.277137,-0.350565,0.060813
314,0.941213,-0.771769,-0.155597,0.295472,-0.360269,0.05036,0.936055,-0.773729,-0.165038,0.289785,-0.345569,0.046894,0.927521,-0.778116,-0.156682,0.293572,-0.333396,0.042607,0.92871,-0.761126,-0.159525,0.292141,-0.343209,0.029868
315,0.941835,-0.765938,-0.185028,0.280794,-0.334643,0.070869,0.937705,-0.763274,-0.180549,0.297549,-0.356881,0.050391,0.949466,-0.766214,-0.17881,0.304618,-0.330014,0.038349,0.942744,-0.759735,-0.181625,0.293581,-0.329688,0.061159
316,0.945299,-0.745517,-0.194157,0.311052,-0.354443,0.038263,0.954773,-0.750421,-0.196002,0.294933,-0.341051,0.035567,0.948808,-0.752612,-0.200542,0.301262,-0.349607,0.043967,0.944667,-0.754587,-0.203964,0.296157,-0.326526,0.033525
317,0.950667,-0.740726,-0.214059,0.305791,-0.336328,0.026209,0.952949,-0.733469,-0.21285,0.316124,-0.336373,0.03039,0.958933,-0.732514,-0.214595,0.315105,-0.340847,0.040067,0.948442,-0.743758,-0.205003,0.303777,-0.332569,0.023498
318,0.961665,-0.726547,-0.235844,0.317579,-0.347143,0.022452,0.953385,-0.725716,-0.231943,0.301833,-0.329741,-0.004762,0.956235,-0.723439,-0.229829,0.305014,-0.32016,0.014702,0.958563,-0.72467,-0.229581,0.301456,-0.337819,0.035868
319,0.955789,-0.713058,-0.244035,0.316448,-0.333926,0.019356,0.961755,-0.714119,-0.243444,0.314202,-0.319382,0.00155,0.96171,-0.708303,-0.240579,0.311755,-0.334003,0.017791,0.959849,-0.711888,-0.257757,0.317619,-0.317271,0.026363
320,0.972452,-0.706221,-0.270255,0.318978,-0.321941,0.022937,0.960048,-0.70425,-0.264916,0.30691,-0.368354,0.023352,0.975534,-0.708117,-0.266505,0.328645,-0.334148,0.010717,0.969443,-0.702266,-0.264337,0.331051,-0.318654,0.029698
321,0.966819,-0.69098,-0.29193,0.316847,-0.329775,0.011777,0.970638,-0.688319,-0.291292,0.332056,-0.318454,0.011325,0.97851,-0.68479,-0.294533,0.321677,-0.311054,-0.010116,0.974648,-0.675539,-0.283205,0.335896,-0.316112,-0.012151
322,0.979426,-0.665178,-0.301445,0.336383,-0.29605,-0.009472,0.972186,-0.673847,-0.30377,0.328135,-0.31659,-0.011154,0.986185,-0.672816,-0.302441,0.325464,-0.315266,-0.000177,0.973538,-0.675417,-0.30385,0.319312,-0.31648,-0.000477
323,0.980227,-0.658905,-0.322025,0.334373,-0.319702,-0.005395,0.987539,-0.661193,-0.325999,0.324481,-0.308599,-0.018261,0.982036,-0.654218,-0.322816,0.321386,-0.319497,-0.018242,0.989558,-0.659226,-0.327508,0.307558,-0.319578,-0.019681
324,0.989114,-0.65203,-0.335044,0.332032,-0.301593,-0.029261,0.984421,-0.63546,-0.341145,0.321626,-0.309601,-0.01922,0.989207,-0.643338,-0.334243,0.334937,-0.28542,-0.007969,0.988397,-0.647652,-0.347736,0.334684,-0.323723,-0.017711
325,0.979355,-0.626819,-0.361545,0.336004,-0.310199,-0.035033,0.989715,-0.625743,-0.358146,0.342216,-0.30656,-0.03073,0.991769,-0.62376,-0.35186,0.328269,-0.313865,-0.043689,0.988117,-0.618864,-0.352911,0.341804,-0.308803,-0.016227
326,0.981853,-0.613941,-0.381954,0.331218,-0.315305,-0.035709,0.980975,-0.617032,-0.371599,0.310394,-0.309618,-0.021224,0.983524,-0.610535,-0.377142,0.323299,-0.290235,-0.037594,0.989379,-0.617882,-0.378368,0.332308,-0.304805,-0.025793
327,0.996139,-0.607779,-0.392176,0.323403,-0.312981,-0.030932,0.992932,-0.599947,-0.396956,0.351742,-0.295973,-0.04555,0.996348,-0.600837,-0.40183,0.358863,-0.307892,-0.024537,0.986925,-0.604191,-0.4024,0.341539,-0.299878,-0.032225
328,0.99476,-0.583914,-0.412262,0.341477,-0.292019,-0.039413,0.990827,-0.592439,-0.41095,0.361838,-0.300814,-0.040909,0.985935,-0.580868,-0.414829,0.33395,-0.318244,-0.045753,0.991502,-0.581613,-0.412877,0.34597,-0.284282,-0.044428
329,0.992782,-0.578382,-0.420738,0.355816,-0.282654,-0.062405,0.994143,-0.570576,-0.427657,0.358973,-0.298314,-0.063451,0.993153,-0.563485,-0.41519,0.339612,-0.30206,-0.050577,0.991364,-0.565652,-0.428469,0.339708,-0.273883,-0.06174
330,0.99629,-0.558131,-0.439721,0.345951,-0.280079,-0.059379,0.995162,-0.55198,-0.447626,0.332779,-0.288155,-0.045509,1.000286,-0.560179,-0.444891,0.335819,-0.294027,-0.065784,1.001547,-0.552276,-0.440885,0.33753,-0.287482,-0.053565
331,1.006511,-0.528787,-0.458269,0.358245,-0.286389,-0.066641,1.004551,-0.541406,-0.461955,0.349876,-0.28818,-0.075103,0.997716,-0.530253,-0.466015,0.357852,-0.283817,-0.049831,0.997909,-0.540018,-0.461145,0.34939,-0.293549,-0.065505
332,0.996797,-0.515427,-0.478414,0.34154,-0.267939,-0.076195,0.999972,-0.523927,-0.470206,0.362132,-0.281998,-0.077952,0.994525,-0.520675,-0.487283,0.346741,-0.275939,-0.066914,0.997672,-0.523349,-0.475027,0.355766,-0.265682,-0.077646
333,0.998015,-0.508244,-0.490172,0.346373,-0.283529,-0.080264,0.999462,-0.502081,-0.496376,0.355873,-0.269998,-0.074441,0.999008,-0.513642,-0.49912,0.362313,-0.286687,-0.088814,1.000856,-0.505667,-0.485124,0.349079,-0.269186,-0.090811
334,1.000201,-0.503001,-0.518961,0.374834,-0.264577,-0.08277,1.007256,-0.486777,-0.516471,0.354378,-0.27754,-0.094325,0.997343,-0.486202,-0.508397,0.348266,-0.270664,-0.082751,0.990623,-0.482421,-0.508179,0.354851,-0.288913,-0.079725
335,0.999253,-0.477746,-0.531275,0.365539,-0.25613,-0.106524,0.995655,-0.482194,-0.531962,0.361223,-0.261047,-0.102868,1.000334,-0.472908,-0.535899,0.352712,-0.281176,-0.097406,1.001057,-0.476068,-0.525947,0.357078,-0.269095,-0.105059
336,0.99822,-0.455348,-0.534067,0.349785,-0.244689,-0.094532,1.006586,-0.450784,-0.548824,0.376967,-0.261823,-0.106558,0.99938,-0.457623,-0.535076,0.368011,-0.270131,-0.09151,0.995202,-0.461025,-0.548252,0.37101,-0.263113,-0.090552
337,0.992865,-0.44057,-0.556256,0.367103,-0.268994,-0.085078,0.9909,-0.444281,-0.558469,0.362515,-0.246479,-0.110522,1.005376,-0.437618,-0.555383,0.35474,-0.246306,-0.111129,0.988776,-0.438333,-0.554835,0.374131,-0.275176,-0.127323
338,0.996019,-0.427355,-0.576247,0.363019,-0.244319,-0.11194,0.994792,-0.42441,-0.569132,0.365295,-0.25591,-0.118447,0.996264,-0.428016,-0.571955,0.363455,-0.257748,-0.114112,1.00552,-0.422223,-0.568897,0.370136,-0.252701,-0.12294
339,0.997073,-0.39876,-0.60316,0.374007,-0.263792,-0.119124,0.987884,-0.403517,-0.599221,0.36204,-0.25868,-0.144755,0.982952,-0.402092,-0.583903,0.359075,-0.240023,-0.123893,0.993494,-0.392915,-0.594534,0.361979,-0.253023,-0.129058
340,0.993121,-0.384919,-0.607383,0.370015,-0.248501,-0.112927,0.994698,-0.391167,-0.591349,0.37327,-0.245937,-0.123549,0.992242,-0.387067,-0.608837,0.360383,-0.235003,-0.125525,0.990052,-0.385171,-0.603843,0.353445,-0.233651,-0.122406
341,0.99783,-0.367903,-0.621822,0.377526,-0.219569,-0.156703,0.979541,-0.366166,-0.621775,0.364947,-0.240661,-0.150946,0.984833,-0.3657,-0.623066,0.363866,-0.235951,-0.149,0.9918,-0.369072,-0.614232,0.348489,-0.226661,-0.136965
342,0.983341,-0.3543,-0.635202,0.370575,-0.222325,-0.123295,0.979403,-0.358297,-0.632087,0.364516,-0.232882,-0.141783,0.985565,-0.346828,-0.631775,0.375466,-0.246873,-0.154734,0.985251,-0.346775,-0.642248,0.362639,-0.227839,-0.15605
343,0.986966,-0.340597,-0.647683,0.354628,-0.233224,-0.134886,0.973405,-0.336336,-0.642512,0.350883,-0.229914,-0.146086,0.9827,-0.326652,-0.650402,0.375952,-0.22655,-0.147912,0.990595,-0.33168,-0.647208,0.365549,-0.223758,-0.135381
344,0.9832,-0.31721,-0.664228,0.381644,-0.208272,-0.154046,0.988327,-0.32262,-0.669088,0.366572,-0.221513,-0.141878,0.974015,-0.319234,-0.673317,0.371252,-0.209428,-0.152604,0.973884,-0.313776,-0.667626,0.378043,-0.222079,-0.152703
345,0.976597,-0.300067,-0.68079,0.365291,-0.204701,-0.153121,0.970653,-0.304503,-0.673747,0.355859,-0.220583,-0.163572,0.973456,-0.29774,-0.676344,0.363697,-0.197672,-0.154729,0.975971,-0.299433,-0.680556,0.361806,-0.202608,-0.171631
346,0.967065,-0.276762,-0.691184,0.375245,-0.217658,-0.18006,0.968596,-0.280017,-0.691424,0.380238,-0.211532,-0.175978,0.964026,-0.287494,-0.682935,0.380158,-0.207366,-0.170076,0.973191,-0.282669,-0.686334,0.366133,-0.195661,-0.160016
347,0.964643,-0.264651,-0.702831,0.371244,-0.190065,-0.168258,0.970108,-0.270717,-0.706451,0.369041,-0.20502,-0.164489,0.966423,-0.262965,-0.707147,0.37515,-0.204699,-0.186033,0.961907,-0.267717,-0.70637,0.37424,-0.202796,-0.160392
348,0.952881,-0.249387,-0.720511,0.363139,-0.200311,-0.182918,0.96642,-0.245387,-0.71869,0.365451,-0.201918,-0.173366,0.962122,-0.245675,-0.721197,0.368772,-0.204436,-0.184189,0.959015,-0.252447,-0.719906,0.382111,-0.194002,-0.179258
349,0.953949,-0.225037,-0.730747,0.361844,-0.185798,-0.181416,0.955458,-0.225379,-0.731302,0.357879,-0.19471,-0.191129,0.953328,-0.226355,-0.729094,0.36071,-0.176389,-0.17981,0.965005,-0.220557,-0.721062,0.389222,-0.190654,-0.194322
350,0.944946,-0.199692,-0.739164,0.365288,-0.17321,-0.181243,0.955975,-0.201369,-0.739983,0.35517,-0.205236,-0.190783,0.946951,-0.207346,-0.742653,0.380735,-0.188447,-0.196884,0.951908,-0.211348,-0.744164,0.370427,-0.188123,-0.194077
351,0.954095,-0.17484,-0.754733,0.383145,-0.173478,-0.194945,0.946645,-0.185171,-0.76255,0.380476,-0.191409,-0.198197,0.950227,-0.191657,-0.751766,0.35689,-0.178689,-0.178462,0.943998,-0.188787,-0.753031,0.379022,-0.173978,-0.185887
352,0.939765,-0.164977,-0.768878,0.36051,-0.171846,-0.199572,0.940812,-0.170952,-0.776551,0.393141,-0.162042,-0.195843,0.933129,-0.175853,-0.768821,0.373595,-0.176579,-0.20059,0.942389,-0.16718,-0.76706,0.357038,-0.164104,-0.182428
353,0.935627,-0.153705,-0.771329,0.38243,-0.167872,-0.187373,0.919789,-0.153498,-0.785833,0.380188,-0.165406,-0.216322,0.928208,-0.145881,-0.776606,0.372935,-0.185077,-0.205247,0.929076,-0.160434,-0.777495,0.374646,-0.158873,-0.202119
354,0.917608,-0.134835,-0.788162,0.381131,-0.162831,-0.210965,0.919805,-0.144252,-0.776249,0.364065,-0.153831,-0.204778,0.920316,-0.139358,-0.792178,0.359468,-0.155087,-0.219429,0.926413,-0.138636,-0.790177,0.361412,-0.148151,-0.233474
355,0.915557,-0.114254,-0.794365,0.366866,-0.13894,-0.222229,0.916308,-0.122363,-0.811815,0.371505,-0.144907,-0.21676,0.920211,-0.113346,-0.798619,0.376347,-0.138759,-0.215306,0.927993,-0.118962,-0.805722,0.368016,-0.15713,-0.230047
356,0.903183,-0.099548,-0.816777,0.367214,-0.139044,-0.217681,0.903118,-0.101504,-0.807485,0.37834,-0.156301,-0.232198,0.899797,-0.097471,-0.816035,0.377054,-0.156162,-0.212573,0.904557,-0.096229,-0.813381,0.367698,-0.135171,-0.224398
357,0.900459,-0.07824,-0.821143,0.369183,-0.155567,-0.227279,0.904897,-0.072008,-0.825567,0.364445,-0.136612,-0.233499,0.900854,-0.076719,-0.832296,0.376387,-0.133519,-0.237427,0.894415,-0.079153,-0.831367,0.351057,-0.11652,-0.222266
358,0.902469,-0.064353,-0.836954,0.360079,-0.130637,-0.232083,0.901339,-0.054095,-0.8386,0.365655,-0.158473,-0.233364,0.899713,-0.053172,-0.837403,0.346748,-0.1131,-0.232808,0.892989,-0.057672,-0.838569,0.375406,-0.141415,-0.224684
359,0.890948,-0.040129,-0.83695,0.36267,-0.119743,-0.221462,0.884128,-0.043579,-0.834218,0.362367,-0.127168,-0.240608,0.885295,-0.040914,-0.835614,0.369992,-0.131949,-0.231288,0.887072,-0.037467,-0.844649,0.359209,-0.120247,-0.227569
360,0.879508,-0.026433,-0.852464,0.364936,-0.119366,-0.247969,0.884414,-0.019337,-0.859572,0.351602,-0.109266,-0.221547,0.873887,-0.030219,-0.859118,0.362902,-0.104396,-0.253645,0.879119,-0.012654,-0.849355,0.373501,-0.125059,-0.23525
361,0.863201,0.001646,-0.857504,0.356411,-0.102111,-0.237183,0.883416,0.005331,-0.877792,0.361852,-0.093879,-0.266216,0.866524,-0.006372,-0.869511,0.356895,-0.105046,-0.238799,0.860627,-0.001484,-0.861405,0.356321,-0.113782,-0.253344
362,0.867459,0.013852,-0.86243,0.353721,-0.097587,-0.252513,0.852879,0.022019,-0.878904,0.358649,-0.097445,-0.264786,0.854036,0.015338,-0.867461,0.362729,-0.092947,-0.252267,0.855802,0.007853,-0.871512,0.379077,-0.101502,-0.243141
363,0.850012,0.038609,-0.879917,0.341203,-0.096591,-0.264665,0.851792,0.035235,-0.888361,0.372107,-0.113376,-0.248366,0.850364,0.035427,-0.877512,0.355512,-0.085213,-0.274264,0.854113,0.021098,-0.88652,0.348645,-0.115314,-0.25269
364,0.829536,0.051997,-0.884559,0.358968,-0.095306,-0.263055,0.850057,0.048018,-0.887874,0.366233,-0.089691,-0.267488,0.845632,0.058602,-0.89225,0.344697,-0.088547,-0.263357,0.843025,0.056865,-0.898017,0.369081,-0.082932,-0.273094
365,0.829781,0.07452,-0.896919,0.339082,-0.081934,-0.264892,0.828223,0.064552,-0.898485,0.348592,-0.08147,-0.286531,0.824752,0.079373,-0.90602,0.358165,-0.081343,-0.270621,0.824299,0.06942,-0.902981,0.341088,-0.083062,-0.279127
366,0.82271,0.091739,-0.914913,0.360495,-0.068718,-0.274921,0.815988,0.087415,-0.912742,0.34363,-0.06621,-0.264951,0.804723,0.100174,-0.915018,0.360786,-0.080125,-0.266871,0.81581,0.083845,-0.908463,0.35472,-0.080955,-0.285434
367,0.809671,0.10672,-0.908172,0.35286,-0.075609,-0.285791,0.789417,0.102101,-0.914035,0.330796,-0.055109,-0.291975,0.810261,0.107676,-0.912842,0.345033,-0.075574,-0.296027,0.804987,0.111832,-0.911033,0.351969,-0.075879,-0.270408
368,0.791037,0.135067,-0.91519,0.332049,-0.05307,-0.293554,0.790435,0.135304,-0.924879,0.364565,-0.045746,-0.27742,0.802079,0.137629,-0.917602,0.360307,-0.055139,-0.279262,0.797828,0.135319,-0.914785,0.359244,-0.055119,-0.276273
369,0.774433,0.14683,-0.931157,0.330123,-0.065312,-0.312121,0.786618,0.144365,-0.926996,0.341784,-0.053847,-0.290795,0.781359,0.1472,-0.93214,0.33276,-0.067089,-0.290095,0.772773,0.149299,-0.93016,0.347162,-0.025335,-0.283965
370,0.770523,0.173067,-0.944779,0.349557,-0.0645,-0.297677,0.776101,0.164452,-0.941938,0.338229,-0.053861,-0.3054,0.770942,0.166643,-0.935167,0.359586,-0.044953,-0.297291,0.769923,0.164508,-0.936928,0.34182,-0.058983,-0.30027
371,0.755841,0.184668,-0.943424,0.326344,-0.057962,-0.287063,0.754771,0.175925,-0.945728,0.337525,-0.046391,-0.301218,0.760239,0.189515,-0.945317,0.360157,-0.053506,-0.303301,0.753169,0.187275,-0.949393,0.340424,-0.03736,-0.320691
372,0.752325,0.197263,-0.954677,0.336605,-0.039624,-0.317685,0.753868,0.198402,-0.956064,0.351817,-0.022352,-0.294537,0.740331,0.196371,-0.946593,0.343385,-0.030839,-0.289253,0.740431,0.200514,-0.950339,0.355844,-0.019014,-0.301422
373,0.739135,0.227193,-0.95433,0.347665,-0.031551,-0.291982,0.730622,0.225151,-0.956951,0.335134,-0.019555,-0.301068,0.73601,0.221506,-0.953197,0.360379,-0.029899,-0.314898,0.728837,0.220231,-0.956524,0.340333,-0.026511,-0.289892
374,0.722624,0.240031,-0.95747,0.338775,-0.011494,-0.301767,0.706536,0.246116,-0.95862,0.33406,-0.019324,-0.309566,0.720666,0.246019,-0.962354,0.322938,-0.018513,-0.30173,0.727595,0.248775,-0.967055,0.324063,-0.02249,-0.304569
375,0.708628,0.257836,-0.969955,0.333928,-0.034728,-0.306617,0.705784,0.258539,-0.968675,0.326351,-0.013473,-0.30987,0.699842,0.263831,-0.96742,0.328062,-0.00819,-0.308858,0.703045,0.257243,-0.964435,0.340692,-0.020912,-0.298822
376,0.689287,0.275137,-0.967498,0.330519,0.001732,-0.313212,0.686972,0.276244,-0.971869,0.308983,-0.017449,-0.306407,0.685472,0.273265,-0.976881,0.330041,-0.007136,-0.320058,0.695464,0.283293,-0.972143,0.322321,-0.010845,-0.304069
377,0.687688,0.29338,-0.97755,0.341094,0.009173,-0.324695,0.692827,0.290851,-0.974466,0.328636,0.003731,-0.318204,0.685952,0.287069,-0.976383,0.311858,-0.005023,-0.315993,0.674994,0.298204,-0.974391,0.336964,-0.014154,-0.331373
378,0.663315,0.307837,-0.977021,0.321572,0.016111,-0.320749,0.668475,0.309899,-0.979792,0.305197,-0.020001,-0.358536,0.667995,0.309748,-0.978962,0.318745,0.006828,-0.33132,0.667079,0.310418,-0.97685,0.334641,-0.001467,-0.325602
379,0.64833,0.329202,-0.99307,0.311455,0.025054,-0.329676,0.645663,0.336906,-0.988623,0.31915,0.007919,-0.334215,0.652374,0.331812,-0.98277,0.313572,0.015842,-0.313584,0.640299,0.332932,-0.986335,0.320766,0.004464,-0.322256
380,0.643663,0.343735,-0.985042,0.299226,0.026048,-0.311152,0.640708,0.345544,-0.992732,0.313698,0.025576,-0.337296,0.630641,0.353014,-0.985769,0.302783,0.039275,-0.331192,0.642765,0.346981,-0.989775,0.302189,0.032881,-0.316445
381,0.621277,0.36801,-0.990579,0.308133,0.025888,-0.318294,0.624507,0.355454,-0.988713,0.307101,0.031042,-0.348528,0.620663,0.368212,-0.984751,0.30042,0.029495,-0.319477,0.621652,0.366813,-0.983516,0.318236,0.013316,-0.314773
382,0.611551,0.387617,-0.996997,0.306026,0.044293,-0.346664,0.604672,0.380344,-0.98924,0.308997,0.04056,-0.342458,0.612409,0.386328,-0.996005,0.305972,0.045627,-0.349084,0.613699,0.386516,-0.993344,0.30626,0.027602,-0.335541
383,0.588663,0.393782,-1.002434,0.289492,0.041932,-0.326504,0.581529,0.402922,-0.991374,0.305573,0.051448,-0.365261,0.594482,0.400627,-0.992642,0.307089,0.035923,-0.332727,0.590534,0.394983,-0.994268,0.294744,0.046245,-0.339359
384,0.57218,0.421096,-0.992792,0.297988,0.03447,-0.355837,0.58216,0.419743,-1.007049,0.297877,0.055596,-0.340105,0.584382,0.42464,-0.996772,0.302033,0.056311,-0.336463,0.577253,0.410956,-0.995576,0.297205,0.050596,-0.364082
385,0.567691,0.436425,-0.994966,0.287367,0.058439,-0.33769,0.558314,0.433149,-0.995816,0.277174,0.054179,-0.343509,0.558609,0.427573,-0.997542,0.286094,0.063499,-0.366616,0.561202,0.427579,-0.997183,0.301776,0.048395,-0.355218
386,0.545505,0.448813,-1.002283,0.28772,0.055256,-0.359618,0.543159,0.458571,-0.993726,0.258257,0.065801,-0.350156,0.547012,0.456386,-0.996143,0.285396,0.072469,-0.345939,0.543554,0.448333,-1.00129,0.295296,0.059137,-0.359043
387,0.53124,0.474419,-0.997598,0.276496,0.065378,-0.344881,0.528528,0.464323,-0.994931,0.283291,0.08587,-0.351743,0.53258,0.459149,-0.999727,0.301933,0.075145,-0.362975,0.532679,0.463371,-0.989598,0.286445,0.079308,-0.344515
388,0.506851,0.487103,-0.987527,0.276818,0.061845,-0.336596,0.523254,0.487554,-0.999172,0.265876,0.077619,-0.356846,0.513173,0.485532,-1.013273,0.290756,0.078148,-0.354447,0.507299,0.490652,-0.996949,0.2737,0.080308,-0.341191
389,0.494885,0.501138,-1.001531,0.266582,0.084903,-0.351546,0.500646,0.503503,-1.002852,0.279161,0.059995,-0.370889,0.505657,0.504209,-0.997851,0.266063,0.086535,-0.356002,0.496162,0.502214,-0.996622,0.273154,0.070452,-0.357356
390,0.470807,0.519135,-1.004317,0.257531,0.092644,-0.358081,0.480083,0.505996,-1.000922,0.272052,0.077929,-0.361955,0.473395,0.508076,-0.999206,0.267768,0.086008,-0.34102,0.483674,0.519533,-0.996939,0.268679,0.082109,-0.359803
391,0.474645,0.535422,-0.995755,0.274498,0.096998,-0.352939,0.465195,0.532424,-0.99732,0.259201,0.0974,-0.375887,0.461717,0.533614,-0.995529,0.252574,0.094663,-0.351531,0.460974,0.53621,-1.007426,0.281134,0.097422,-0.364114
392,0.441309,0.542247,-0.990556,0.264043,0.096809,-0.353184,0.452403,0.543017,-0.997878,0.263799,0.10036,-0.347701,0.444645,0.544494,-0.990196,0.26661,0.088938,-0.349258,0.449838,0.559739,-0.997944,0.242078,0.113679,-0.372639
393,0.43032,0.56133,-1.002834,0.241976,0.116809,-0.354424,0.431464,0.574063,-1.0001,0.264263,0.112709,-0.375179,0.426564,0.560232,-0.994865,0.248279,0.114272,-0.34426,0.433942,0.569069,-0.989864,0.250939,0.124962,-0.358341
394,0.418355,0.578581,-1.007804,0.252336,0.107687,-0.384192,0.416546,0.581591,-0.996477,0.229442,0.098586,-0.356683,0.417522,0.580441,-0.998884,0.246875,0.114784,-0.352011,0.423858,0.585995,-0.99018,0.264032,0.110345,-0.365514
395,0.400429,0.593126,-0.996232,0.232611,0.12778,-0.366745,0.395472,0.597245,-0.974945,0.233564,0.12227,-0.372607,0.394242,0.597274,-0.995534,0.258089,0.122919,-0.353764,0.399682,0.600553,-0.991348,0.240702,0.114278,-0.35956
396,0.376085,0.613737,-0.991758,0.248386,0.148859,-0.353411,0.377586,0.615983,-0.982275,0.230594,0.129523,-0.370796,0.382369,0.614057,-0.992025,0.246182,0.134714,-0.363606,0.386403,0.613372,-0.989609,0.246307,0.131558,-0.365553
397,0.364371,0.620211,-0.986373,0.221195,0.136692,-0.385921,0.353417,0.623383,-0.986977,0.221676,0.120901,-0.364556,0.362937,0.616948,-0.988385,0.227379,0.133063,-0.389155,0.363439,0.622467,-0.985158,0.220535,0.132101,-0.372967
398,0.343177,0.64134,-0.987768,0.207672,0.138131,-0.373237,0.339891,0.63661,-0.979417,0.236219,0.133739,-0.379092,0.345618,0.6473,-0.986023,0.21622,0.157673,-0.368957,0.334597,0.646986,-0.999192,0.25335,0.146691,-0.354995
399,0.321903,0.650511,-0.979627,0.21849,0.140205,-0.363886,0.329337,0.652519,-0.98275,0.227519,0.153565,-0.358957,0.328692,0.652963,-0.991273,0.214335,0.138274,-0.370359,0.329466,0.665409,-0.968907,0.220535,0.161975,-0.389969
400,0.307352,0.67043,-0.981521,0.221266,0.155696,-0.374982,0.313788,0.675137,-0.981575,0.215364,0.160598,-0.375571,0.316539,0.674218,-0.977883,0.216025,0.168953,-0.360936,0.310464,0.673059,-0.980511,0.217844,0.17705,-0.382898
401,0.289979,0.682288,-0.975132,0.190908,0.150208,-0.371541,0.295906,0.691156,-0.976893,0.217252,0.172833,-0.375111,0.287275,0.6831,-0.971663,0.196832,0.1771,-0.356346,0.288807,0.676983,-0.970173,0.218706,0.179505,-0.36624
402,0.278582,0.697381,-0.968419,0.202032,0.16516,-0.354587,0.270069,0.69274,-0.968879,0.20058,0.159635,-0.358997,0.261616,0.696511,-0.971502,0.194005,0.171468,-0.34962,0.271635,0.691614,-0.966409,0.202926,0.170355,-0.360263
403,0.255532,0.711533,-0.96512,0.202758,0.185042,-0.393454,0.260811,0.71222,-0.958477,0.192495,0.181986,-0.370198,0.252106,0.715071,-0.964998,0.181394,0.182693,-0.365271,0.250478,0.711636,-0.958715,0.209187,0.181054,-0.369559
404,0.229649,0.728676,-0.954981,0.184133,0.185624,-0.365745,0.240399,0.726904,-0.951299,0.193605,0.175427,-0.35467,0.238109,0.728928,-0.954559,0.179915,0.186489,-0.381622,0.23677,0.718406,-0.971942,0.191002,0.188696,-0.380189
405,0.224242,0.73619,-0.951989,0.18703,0.217739,-0.374652,0.219159,0.740755,-0.9501,0.187284,0.181972,-0.380288,0.222066,0.73514,-0.951636,0.191546,0.197246,-0.372328,0.211635,0.734554,-0.962675,0.181761,0.185302,-0.379019
406,0.192826,0.75005,-0.946567,0.179171,0.183994,-0.359143,0.198335,0.753693,-0.956882,0.183756,0.181502,-0.366924,0.204453,0.74482,-0.950439,0.17632,0.207833,-0.364165,0.196259,0.749858,-0.945599,0.181261,0.178519,-0.381145
407,0.178882,0.761324,-0.949043,0.187948,0.198391,-0.370711,0.183772,0.763676,-0.949154,0.173331,0.185684,-0.37406,0.183543,0.767554,-0.938977,0.185314,0.208479,-0.348157,0.180115,0.760041,-0.947912,0.170034,0.209547,-0.39034
408,0.163781,0.770842,-0.942145,0.175394,0.193072,-0.387112,0.166058,0.766488,-0.934458,0.168969,0.21235,-0.370241,0.158649,0.76607,-0.933974,0.172916,0.204086,-0.372656,0.164659,0.766792,-0.936902,0.160341,0.201341,-0.376829
409,0.147077,0.779427,-0.940263,0.171401,0.191164,-0.363443,0.139564,0.77943,-0.927159,0.181809,0.21329,-0.373732,0.13885,0.78382,-0.933277,0.166727,0.210955,-0.358646,0.149312,0.778467,-0.934623,0.139129,0.203226,-0.366135
410,0.119807,0.799582,-0.930947,0.151929,0.198333,-0.367437,0.12278,0.797181,-0.925564,0.166135,0.210741,-0.359232,0.127863,0.789125,-0.921171,0.165329,0.197886,-0.37058,0.119589,0.795052,-0.921449,0.154117,0.215771,-0.370588
411,0.113962,0.801508,-0.906305,0.141356,0.219694,-0.381471,0.1044,0.814742,-0.918705,0.139543,0.235507,-0.381077,0.10863,0.808804,-0.913719,0.135879,0.237348,-0.381839,0.111999,0.807178,-0.90942,0.170439,0.215053,-0.364427
412,0.084263,0.818154,-0.909309,0.131576,0.222507,-0.360664,0.082841,0.819302,-0.903901,0.149879,0.232998,-0.360273,0.092305,0.8248,-0.919147,0.140665,0.238667,-0.36775,0.095245,0.820487,-0.908736,0.145104,0.220648,-0.381107
413,0.066328,0.824429,-0.899961,0.142824,0.23496,-0.351054,0.063034,0.824256,-0.89495,0.135497,0.218866,-0.346529,0.076028,0.833753,-0.891712,0.127357,0.229688,-0.371623,0.062356,0.834228,-0.901415,0.128321,0.224268,-0.376313
414,0.04524,0.841401,-0.888435,0.12041,0.233568,-0.36738,0.055568,0.847123,-0.8866,0.130354,0.240388,-0.385407,0.058094,0.837435,-0.887961,0.137538,0.239171,-0.36739,0.044796,0.839148,-0.89045,0.133489,0.241774,-0.364806
415,0.025796,0.852854,-0.87542,0.114514,0.225311,-0.375521,0.030079,0.845182,-0.875678,0.117752,0.264977,-0.354699,0.031821,0.852615,-0.887134,0.132907,0.239427,-0.361758,0.037549,0.845696,-0.877648,0.138633,0.246587,-0.352394
416,0.015739,0.852048,-0.87091,0.12024,0.230817,-0.356088,0.006142,0.869134,-0.878486,0.116811,0.265578,-0.362537,0.018672,0.869509,-0.870134,0.125659,0.250851,-0.362983,0.011528,0.854633,-0.87314,0.130901,0.24034,-0.350372
417,-0.00121,0.869856,-0.859414,0.120322,0.25348,-0.356306,-0.003137,0.868294,-0.866069,0.09669,0.257177,-0.363823,-0.00728,0.874123,-0.869224,0.127074,0.245963,-0.356416,-0.008964,0.871208,-0.869674,0.108106,0.257546,-0.356575
418,-0.02754,0.871454,-0.849358,0.093815,0.274829,-0.369409,-0.019419,0.873956,-0.855173,0.088472,0.252843,-0.360432,-0.024297,0.87599,-0.859697,0.089993,0.229978,-0.366232,-0.023168,0.887662,-0.844914,0.116235,0.271143,-0.365488
419,-0.039344,0.884744,-0.837185,0.097657,0.254533,-0.368273,-0.043621,0.880375,-0.850504,0.073018,0.262636,-0.352424,-0.047097,0.883308,-0.837466,0.071083,0.270285,-0.368961,-0.041873,0.88946,-0.8401,0.122902,0.263894,-0.34952
420,-0.053196,0.901986,-0.824009,0.078763,0.263289,-0.369955,-0.060743,0.900726,-0.82852,0.092282,0.267381,-0.359687,-0.066789,0.895041,-0.829267,0.079662,0.271241,-0.353545,-0.061584,0.891006,-0.831491,0.087809,0.264723,-0.363574
421,-0.083941,0.898606,-0.826989,0.074987,0.280272,-0.3489,-0.085398,0.902632,-0.818249,0.077022,0.279799,-0.360956,-0.083485,0.907854,-0.817852,0.085747,0.269849,-0.353377,-0.081615,0.90877,-0.822671,0.08184,0.271006,-0.348552
422,-0.102683,0.916137,-0.806736,0.090658,0.269824,-0.339291,-0.097179,0.912342,-0.80981,0.084386,0.264268,-0.342222,-0.103864,0.912163,-0.806173,0.066421,0.261909,-0.335018,-0.101905,0.907332,-0.816583,0.046103,0.294322,-0.346
423,-0.126113,0.928134,-0.789168,0.079468,0.267467,-0.345214,-0.112772,0.928006,-0.798656,0.069598,0.296635,-0.346426,-0.118064,0.925604,-0.799611,0.079147,0.283986,-0.345839,-0.12543,0.926359,-0.802081,0.06064,0.276867,-0.345574
424,-0.139945,0.922491,-0.792346,0.03549,0.290099,-0.348356,-0.134863,0.911885,-0.787757,0.064699,0.280371,-0.360732,-0.141465,0.922942,-0.792097,0.042163,0.289546,-0.342325,-0.136468,0.921642,-0.79962,0.036394,0.269807,-0.330394
425,-0.153885,0.937034,-0.771179,0.051192,0.280165,-0.352642,-0.149433,0.94048,-0.77344,0.044213,0.285873,-0.331643,-0.150831,0.942646,-0.777177,0.062492,0.303968,-0.348534,-0.163627,0.926253,-0.770672,0.0599,0.282819,-0.341423
426,-0.176618,0.932953,-0.764475,0.037909,0.313876,-0.35308,-0.178802,0.934443,-0.765119,0.065063,0.298138,-0.349342,-0.171285,0.944344,-0.769126,0.034053,0.275516,-0.35671,-0.173171,0.93566,-0.764598,0.043763,0.288974,-0.32616
427,-0.196935,0.948035,-0.76012,0.050744,0.29645,-0.319044,-0.196889,0.950487,-0.749387,0.055962,0.291074,-0.331934,-0.185661,0.94916,-0.750258,0.042634,0.310485,-0.344259,-0.197465,0.941628,-0.74486,0.029974,0.274231,-0.340097
428,-0.21042,0.963168,-0.737162,0.017462,0.311169,-0.34099,-0.217182,0.949484,-0.733337,0.027386,0.3192,-0.357928,-0.211419,0.94481,-0.741941,0.035533,0.306633,-0.336783,-0.219926,0.953085,-0.741238,0.038762,0.288238,-0.349023
429,-0.234596,0.959813,-0.737827,0.017193,0.302184,-0.333284,-0.233916,0.957845,-0.726722,0.043215,0.295851,-0.340627,-0.218901,0.960851,-0.720657,0.026067,0.298117,-0.3374,-0.233062,0.954333,-0.729734,0.036339,0.316533,-0.337645
430,-0.248638,0.960801,-0.704982,0.02563,0.321795,-0.342677,-0.249601,0.954364,-0.710789,0.014577,0.308055,-0.333551,-0.248839,0.969992,-0.714177,0.033411,0.305224,-0.316991,-0.249858,0.971943,-0.723435,0.013748,0.321381,-0.336269
431,-0.271018,0.976176,-0.70031,0.000546,0.326697,-0.333519,-0.265777,0.961428,-0.701255,0.031612,0.332296,-0.330822,-0.268411,0.97046,-0.709059,0.007095,0.327953,-0.316413,-0.267493,0.967019,-0.696964,0.022024,0.306749,-0.312374
432,-0.296327,0.972852,-0.680842,-0.015308,0.323394,-0.334957,-0.283098,0.979567,-0.679369,-0.007022,0.315457,-0.329762,-0.281659,0.972425,-0.689695,0.004584,0.31457,-0.337754,-0.276302,0.974199,-0.680739,0.003071,0.317723,-0.317275
433,-0.292728,0.978634,-0.674891,-0.012482,0.328312,-0.333483,-0.316455,0.980955,-0.68026,-0.001394,0.323802,-0.321888,-0.305856,0.974441,-0.66409,-0.001742,0.325421,-0.323799,-0.307068,0.979964,-0.671168,0.017828,0.31499,-0.309257
434,-0.324171,0.982312,-0.654179,-0.017165,0.329925,-0.318776,-0.328884,0.984116,-0.653791,-0.008389,0.328008,-0.314561,-0.320725,0.984543,-0.661003,-0.009951,0.314431,-0.320718,-0.318703,0.97377,-0.653141,-0.012376,0.32034,-0.311084
435,-0.337115,0.981564,-0.645151,-0.023427,0.345295,-0.304339,-0.338775,0.98156,-0.654112,-0.023461,0.345029,-0.30634,-0.332986,0.97942,-0.643365,-0.018024,0.328979,-0.331621,-0.336683,0.976206,-0.643594,-0.01503,0.344078,-0.306501
436,-0.35719,0.98191,-0.631986,-0.017171,0.329848,-0.312125,-0.348474,0.992251,-0.629708,-0.009344,0.332875,-0.29851,-0.365459,1.000517,-0.626566,-0.022612,0.333431,-0.30591,-0.361493,0.988372,-0.631838,-0.024706,0.339598,-0.299662
437,-0.37501,1.002067,-0.610397,-0.033916,0.337303,-0.294113,-0.38045,0.990771,-0.612586,-0.035092,0.340166,-0.291025,-0.380358,0.994982,-0.623915,-0.022719,0.319517,-0.285668,-0.369673,0.988382,-0.623276,-0.043644,0.319543,-0.31054
438,-0.388205,0.995759,-0.595475,-0.038237,0.328483,-0.318527,-0.399909,0.997109,-0.597974,-0.037488,0.342223,-0.2995,-0.392424,0.986406,-0.599845,-0.023987,0.332129,-0.298055,-0.387038,0.997787,-0.608867,-0.031339,0.345833,-0.32549
439,-0.408362,0.980888,-0.591135,-0.044641,0.325849,-0.29451,-0.415205,0.989269,-0.596091,-0.046969,0.34181,-0.301295,-0.399375,0.996374,-0.59671,-0.049122,0.342662,-0.280989,-0.405401,0.991004,-0.59031,-0.018513,0.342711,-0.313406
440,-0.421422,0.991842,-0.570984,-0.051486,0.352112,-0.294605,-0.422981,0.988391,-0.564269,-0.049233,0.342714,-0.290725,-0.437752,1.00343,-0.562751,-0.051323,0.353266,-0.295139,-0.420695,0.99921,-0.568747,-0.040327,0.344067,-0.285556
441,-0.446176,1.003075,-0.561587,-0.047773,0.334662,-0.290805,-0.440065,0.993196,-0.557013,-0.052699,0.327887,-0.282266,-0.452747,0.99691,-0.552367,-0.058514,0.343946,-0.288115,-0.438949,1.001452,-0.548257,-0.055149,0.333548,-0.276653
442,-0.461634,1.002146,-0.540699,-0.072708,0.356789,-0.295923,-0.462383,0.999213,-0.544959,-0.058991,0.326559,-0.277583,-0.453714,0.989239,-0.544145,-0.065284,0.36906,-0.275985,-0.456219,1.005289,-0.542033,-0.06627,0.359398,-0.270582
443,-0.469943,0.985089,-0.523961,-0.079084,0.355396,-0.281664,-0.474439,1.004293,-0.52532,-0.057488,0.337481,-0.281701,-0.483774,0.999473,-0.525065,-0.084326,0.350268,-0.272826,-0.467671,0.993239,-0.52361,-0.088033,0.338936,-0.261517
444,-0.493392,1.000491,-0.504554,-0.085721,0.350908,-0.279718,-0.493521,1.00599,-0.509853,-0.109484,0.373477,-0.264032,-0.489477,1.0012,-0.51122,-0.083829,0.372961,-0.265574,-0.496848,1.008254,-0.500281,-0.083538,0.347098,-0.27789
445,-0.512665,1.003897,-0.492711,-0.07219,0.367657,-0.267491,-0.513085,1.002801,-0.485684,-0.108807,0.360094,-0.274237,-0.504054,0.999364,-0.49127,-0.076731,0.353097,-0.282939,-0.51141,1.001398,-0.483374,-0.091528,0.353791,-0.276602
446,-0.520504,1.001878,-0.478727,-0.081621,0.343043,-0.25836,-0.532127,1.005031,-0.468656,-0.079474,0.346024,-0.272351,-0.525224,1.006229,-0.478479,-0.078953,0.383824,-0.265261,-0.5288,0.995874,-0.469812,-0.085916,0.353963,-0.27268
447,-0.543778,0.999154,-0.450717,-0.107691,0.346192,-0.278714,-0.546157,1.002197,-0.454474,-0.111334,0.343321,-0.257224,-0.529064,0.991571,-0.446807,-0.100243,0.358024,-0.24271,-0.539224,0.9952,-0.456,-0.09239,0.370157,-0.255536
448,-0.557052,1.005192,-0.44508,-0.112104,0.351192,-0.241268,-0.555381,1.001357,-0.444698,-0.100028,0.339449,-0.265007,-0.55588,0.989891,-0.430203,-0.111857,0.369281,-0.261969,-0.549832,0.99711,-0.444904,-0.10863,0.362301,-0.272356
449,-0.577901,1.003001,-0.425907,-0.120996,0.362174,-0.260333,-0.572431,1.00256,-0.42272,-0.13146,0.367349,-0.256345,-0.571003,0.998877,-0.420604,-0.105898,0.353545,-0.257581,-0.56951,1.001657,-0.42095,-0.115653,0.370003,-0.260832
450,-0.585055,1.000421,-0.410511,-0.107325,0.363533,-0.249393,-0.583892,0.992216,-0.406524,-0.130138,0.385033,-0.22641,-0.584813,1.002046,-0.414064,-0.105873,0.351855,-0.244023,-0.586076,0.999028,-0.409916,-0.12543,0.371952,-0.231072
451,-0.607259,0.996423,-0.386658,-0.134545,0.383583,-0.257226,-0.600935,0.98793,-0.389987,-0.1068,0.366677,-0.242053,-0.610109,0.99648,-0.386267,-0.11426,0.36917,-0.229511,-0.607517,0.992834,-0.374059,-0.121249,0.360941,-0.245429
452,-0.617358,0.995954,-0.379355,-0.128492,0.358839,-0.240206,-0.617269,0.984335,-0.366747,-0.139883,0.362841,-0.233011,-0.619167,0.9868,-0.369142,-0.135508,0.380038,-0.225806,-0.627685,0.981566,-0.378146,-0.145478,0.38078,-0.23607
453,-0.631166,0.983328,-0.356232,-0.12368,0.368423,-0.237043,-0.630504,0.991166,-0.346821,-0.124087,0.365596,-0.227926,-0.625209,0.989302,-0.359322,-0.153572,0.379599,-0.232499,-0.63522,0.989648,-0.348156,-0.141425,0.371601,-0.227674
454,-0.641749,0.98135,-0.338828,-0.143494,0.369605,-0.210281,-0.64699,0.983779,-0.327459,-0.14634,0.38867,-0.230448,-0.648547,0.980284,-0.339205,-0.146853,0.373397,-0.21248,-0.636712,0.996358,-0.333378,-0.132129,0.353379,-0.222476
455,-0.662587,0.977096,-0.314386,-0.158715,0.36693,-0.227442,-0.665463,0.973512,-0.309857,-0.150395,0.359063,-0.223579,-0.667044,0.977578,-0.316309,-0.147949,0.369266,-0.219342,-0.668403,0.974402,-0.313083,-0.155407,0.382636,-0.215098
456,-0.67015,0.977121,-0.296423,-0.152901,0.374161,-0.217329,-0.675415,0.97927,-0.304887,-0.166361,0.367273,-0.201743,-0.674438,0.986541,-0.300154,-0.152554,0.359156,-0.216495,-0.669912,0.978579,-0.298689,-0.161712,0.36362,-0.208784
457,-0.68598,0.966283,-0.274966,-0.176631,0.38602,-0.206129,-0.68779,0.969079,-0.282332,-0.161742,0.375285,-0.211596,-0.695502,0.97883,-0.273743,-0.16845,0.364296,-0.184519,-0.696664,0.977878,-0.272811,-0.178933,0.377606,-0.203015
458,-0.698451,0.973279,-0.256827,-0.179319,0.370853,-0.20532,-0.703092,0.974968,-0.266253,-0.16528,0.370257,-0.191219,-0.701881,0.9665,-0.26683,-0.180847,0.378965,-0.203279,-0.701112,0.963909,-0.268714,-0.166298,0.361303,-0.198112
459,-0.726603,0.953759,-0.243151,-0.182447,0.353877,-0.193483,-0.719457,0.963229,-0.251314,-0.169366,0.391809,-0.17578,-0.712456,0.955182,-0.243058,-0.17527,0.363785,-0.195505,-0.716328,0.960963,-0.246204,-0.176242,0.376754,-0.180741
460,-0.726216,0.953305,-0.23426,-0.185364,0.382223,-0.171708,-0.727597,0.966516,-0.233807,-0.181654,0.380124,-0.17532,-0.738357,0.958857,-0.225488,-0.191963,0.372517,-0.196174,-0.727321,0.95659,-0.223595,-0.185317,0.378522,-0.180685
461,-0.731261,0.958103,-0.210355,-0.204445,0.376568,-0.173935,-0.736296,0.962159,-0.207476,-0.194122,0.365786,-0.165984,-0.74373,0.950826,-0.206621,-0.189675,0.35003,-0.183554,-0.745212,0.959431,-0.207287,-0.205053,0.386134,-0.179706
462,-0.752625,0.950349,-0.192795,-0.19764,0.37241,-0.181179,-0.762024,0.947796,-0.186492,-0.200511,0.371954,-0.167417,-0.759643,0.950705,-0.19238,-0.1947,0.389219,-0.16243,-0.769384,0.943194,-0.187686,-0.199802,0.384792,-0.166321
463,-0.764988,0.943332,-0.172703,-0.201037,0.354216,-0.168666,-0.768056,0.935096,-0.170643,-0.199332,0.375881,-0.167973,-0.761293,0.936004,-0.171519,-0.202471,0.378418,-0.163279,-0.762296,0.930822,-0.171481,-0.207708,0.371935,-0.17473
464,-0.773632,0.927903,-0.146542,-0.193926,0.387384,-0.150666,-0.774744,0.927628,-0.142509,-0.200422,0.372926,-0.157843,-0.781163,0.935227,-0.156375,-0.210019,0.373463,-0.176242,-0.779413,0.940557,-0.15287,-0.219854,0.376269,-0.152818
465,-0.789782,0.93428,-0.139807,-0.214914,0.363931,-0.158992,-0.790814,0.927859,-0.140309,-0.221823,0.368813,-0.167557,-0.793649,0.919178,-0.138703,-0.221562,0.365471,-0.158393,-0.77774,0.938036,-0.13105,-0.213897,0.367266,-0.179043
466,-0.798527,0.921412,-0.119529,-0.228743,0.363587,-0.130421,-0.795095,0.908106,-0.122625,-0.225639,0.380315,-0.158099,-0.793718,0.921249,-0.118377,-0.203931,0.382987,-0.146104,-0.800974,0.92304,-0.122086,-0.22477,0.365816,-0.140283
467,-0.809327,0.910708,-0.0927,-0.2063,0.362192,-0.14902,-0.809719,0.916389,-0.0884,-0.23612,0.3549,-0.156494,-0.800607,0.907409,-0.098216,-0.21368,0.360251,-0.141902,-0.812312,0.91988,-0.099116,-0.214885,0.365789,-0.14619
468,-0.821616,0.904046,-0.085176,-0.241004,0.381866,-0.134544,-0.825446,0.909422,-0.074151,-0.232792,0.378097,-0.138236,-0.820317,0.901489,-0.080926,-0.219196,0.356367,-0.130651,-0.823284,0.90089,-0.08169,-0.244402,0.366422,-0.127887
469,-0.828287,0.879732,-0.058631,-0.235578,0.378976,-0.126934,-0.832318,0.891987,-0.049174,-0.231498,0.375742,-0.125466,-0.822168,0.90218,-0.060355,-0.239228,0.369574,-0.110333,-0.832074,0.89823,-0.053115,-0.22853,0.360106,-0.138968
470,-0.84442,0.891874,-0.035331,-0.23418,0.371036,-0.112913,-0.845221,0.881987,-0.051196,-0.228188,0.38767,-0.121332,-0.84254,0.880575,-0.041853,-0.234617,0.355478,-0.121599,-0.841809,0.88429,-0.042138,-0.223747,0.371239,-0.114239
471,-0.856674,0.879138,-0.025442,-0.241331,0.370316,-0.094668,-0.862897,0.862787,-0.022533,-0.259748,0.361718,-0.114627,-0.849901,0.871191,-0.022449,-0.246147,0.358374,-0.116638,-0.853425,0.874748,-0.025867,-0.242498,0.372938,-0.122614
472,-0.857393,0.865476,-0.005762,-0.24853,0.363757,-0.098686,-0.865433,0.877887,-0.00497,-0.245985,0.367006,-0.109563,-0.863894,0.871439,-0.001638,-0.247353,0.380157,-0.13657,-0.866571,0.862171,-0.006956,-0.251968,0.36927,-0.100826
473,-0.871099,0.860171,0.017968,-0.25945,0.371434,-0.102361,-0.879892,0.857968,0.020919,-0.24826,0.350122,-0.106376,-0.868799,0.86044,0.005589,-0.247792,0.345936,-0.0874,-0.875183,0.860897,0.015676,-0.259176,0.364348,-0.08869
474,-0.87954,0.849202,0.033956,-0.26218,0.357362,-0.088009,-0.884883,0.844929,0.039316,-0.263519,0.353855,-0.096072,-0.880669,0.847002,0.029016,-0.27504,0.341523,-0.112192,-0.879675,0.843723,0.030953,-0.252935,0.357929,-0.101484
475,-0.895268,0.830322,0.053796,-0.275052,0.369479,-0.081043,-0.887316,0.842939,0.057083,-0.262322,0.349839,-0.094174,-0.891297,0.838813,0.051151,-0.259507,0.370041,-0.088162,-0.889899,0.83976,0.048041,-0.274215,0.356982,-0.086477
476,-0.904458,0.818489,0.071688,-0.264913,0.363883,-0.063243,-0.896109,0.834979,0.067727,-0.250443,0.340591,-0.081171,-0.900627,0.844089,0.068002,-0.257405,0.36211,-0.069657,-0.894994,0.829501,0.074647,-0.269174,0.356248,-0.09047
477,-0.905466,0.820768,0.088845,-0.267016,0.354233,-0.089174,-0.908454,0.817896,0.091214,-0.266407,0.359538,-0.087399,-0.903514,0.820419,0.08977,-0.266633,0.362093,-0.084144,-0.910306,0.819673,0.080574,-0.285142,0.357123,-0.080366
478,-0.924593,0.802501,0.099461,-0.288441,0.35824,-0.067416,-0.912127,0.808522,0.113043,-0.279756,0.368789,-0.064157,-0.920422,0.816076,0.113554,-0.273076,0.360382,-0.054222,-0.908535,0.803458,0.11225,-0.258523,0.346558,-0.074303
479,-0.921806,0.789004,0.119555,-0.302049,0.362011,-0.058458,-0.925683,0.801454,0.137374,-0.286554,0.35222,-0.06521,-0.919502,0.788703,0.122593,-0.297523,0.346226,-0.076746,-0.917341,0.799795,0.125163,-0.286725,0.351751,-0.074607
480,-0.928315,0.783519,0.143458,-0.29257,0.353696,-0.057989,-0.929077,0.781211,0.15445,-0.293498,0.358869,-0.064872,-0.926154,0.781776,0.151047,-0.300545,0.32727,-0.065787,-0.924679,0.791778,0.142602,-0.2979,0.337419,-0.045513
481,-0.937083,0.768224,0.164593,-0.306252,0.353473,-0.051295,-0.929527,0.773809,0.173602,-0.296084,0.352749,-0.064828,-0.935053,0.771124,0.157379,-0.288534,0.332666,-0.069326,-0.93843,0.76348,0.168945,-0.30189,0.33499,-0.046447
482,-0.948275,0.758183,0.190702,-0.307956,0.342906,-0.041518,-0.946864,0.765335,0.187316,-0.301674,0.346778,-0.041855,-0.943337,0.760312,0.179967,-0.31445,0.344896,-0.04454,-0.944373,0.757674,0.1864,-0.278581,0.345443,-0.04435
483,-0.950569,0.753603,0.205847,-0.310597,0.344139,-0.040892,-0.950153,0.751431,0.19891,-0.287262,0.331748,-0.016504,-0.946833,0.747265,0.206933,-0.299928,0.335475,-0.026059,-0.942847,0.74548,0.20023,-0.305888,0.345005,-0.024319
484,-0.961464,0.733765,0.215364,-0.314892,0.341573,-0.006266,-0.957707,0.729643,0.22005,-0.297386,0.348958,-0.015174,-0.955418,0.736184,0.225778,-0.298229,0.339731,-0.04226,-0.95961,0.732994,0.21595,-0.327977,0.332036,-0.032069
485,-0.960222,0.71862,0.239314,-0.305421,0.332337,-0.019956,-0.964227,0.728664,0.2322,-0.325685,0.346447,-0.022598,-0.954775,0.716804,0.232493,-0.300756,0.341016,-0.038007,-0.958557,0.720067,0.243611,-0.304516,0.331521,-0.012334
486,-0.974168,0.706105,0.259203,-0.303044,0.325691,0.005865,-0.962256,0.709755,0.255213,-0.315827,0.333284,-0.018407,-0.967838,0.712988,0.264789,-0.314003,0.333725,-0.026282,-0.963033,0.69987,0.258583,-0.29324,0.333008,-0.007463
487,-0.963203,0.699166,0.272029,-0.299458,0.309546,-0.005673,-0.972691,0.691292,0.277865,-0.328483,0.336661,0.003097,-0.971424,0.687628,0.272799,-0.301589,0.319632,0.000936,-0.974275,0.694561,0.271754,-0.307241,0.325313,-0.006596
488,-0.981793,0.68018,0.288016,-0.321262,0.32843,-0.012281,-0.979305,0.678089,0.292318,-0.324076,0.326136,-0.008985,-0.980869,0.684533,0.290008,-0.301963,0.320114,-0.007181,-0.976238,0.680452,0.292414,-0.325458,0.32648,-0.005349
489,-0.984735,0.67978,0.311149,-0.325592,0.321591,0.005301,-0.98161,0.667724,0.309372,-0.320318,0.310894,0.015077,-0.991306,0.663064,0.314086,-0.342454,0.326639,-0.014616,-0.978867,0.672794,0.312125,-0.321483,0.314692,0.002568
490,-0.980379,0.648694,0.329079,-0.324856,0.319907,-0.001299,-0.989474,0.653816,0.331056,-0.32988,0.306285,0.009974,-0.977789,0.658055,0.334346,-0.338406,0.316608,0.011035,-0.979988,0.657733,0.327271,-0.335091,0.301141,0.00606
491,-0.983452,0.639592,0.350602,-0.3239,0.316053,-0.000196,-0.992481,0.638892,0.340055,-0.312879,0.306508,0.021064,-0.981075,0.63228,0.344179,-0.331694,0.312786,0.022253,-0.978168,0.643214,0.352533,-0.327091,0.325293,0.031594
492,-0.979671,0.631444,0.366817,-0.332773,0.309064,0.025042,-0.995078,0.62478,0.367638,-0.313247,0.316384,0.023816,-0.989519,0.628619,0.361894,-0.331716,0.311602,0.020345,-0.996171,0.624625,0.366205,-0.345338,0.320499,0.016042
493,-0.990837,0.607736,0.386879,-0.331118,0.327196,0.024853,-0.990327,0.608141,0.377717,-0.344956,0.305809,0.031088,-1.000563,0.60966,0.381947,-0.320286,0.31411,0.025726,-0.996533,0.604196,0.380386,-0.341247,0.289202,0.03773
494,-0.986818,0.592696,0.404601,-0.330694,0.284561,0.051571,-0.985414,0.587388,0.396988,-0.348413,0.312438,0.046456,-0.992251,0.584106,0.39722,-0.35261,0.301644,0.04677,-0.993019,0.591717,0.404635,-0.336713,0.302713,0.042419
495,-0.988746,0.581364,0.41868,-0.34244,0.290386,0.042605,-0.989566,0.578737,0.405085,-0.338139,0.295322,0.057785,-0.993115,0.58154,0.407637,-0.337402,0.287685,0.050819,-1.001172,0.57513,0.416914,-0.358077,0.290667,0.043103
496,-0.992913,0.560485,0.425436,-0.358553,0.303637,0.061644,-1.0012,0.566497,0.42965,-0.343897,0.293708,0.056412,-0.997695,0.562169,0.427732,-0.351599,0.294665,0.043614,-0.993913,0.558879,0.431983,-0.356499,0.288524,0.051341
497,-0.997699,0.559685,0.452149,-0.367573,0.311218,0.040738,-1.001181,0.551478,0.437646,-0.364872,0.287206,0.05173,-0.99084,0.544961,0.461039,-0.354996,0.281623,0.063361,-1.003056,0.552524,0.443048,-0.344729,0.295944,0.062553
498,-0.994373,0.532275,0.475013,-0.35554,0.287929,0.069282,-0.993111,0.536353,0.471886,-0.342248,0.269194,0.062077,-1.000192,0.533088,0.477214,-0.384445,0.279401,0.080576,-1.002231,0.534664,0.468083,-0.346402,0.284693,0.093789
499,-0.998423,0.517527,0.477755,-0.345476,0.278649,0.081838,-0.996187,0.511945,0.483242,-0.356108,0.282886,0.098666,-0.997398,0.511006,0.480294,-0.350578,0.290936,0.058117,-0.993518,0.510455,0.488028,-0.350252,0.284785,0.067972
500,-0.996783,0.50548,0.496857,-0.343059,0.283447,0.074693,-0.995698,0.491566,0.498397,-0.361444,0.254587,0.0771,-0.994464,0.493068,0.500611,-0.339165,0.263157,0.076472,-0.997481,0.49612,0.500716,-0.369502,0.275208,0.096062
501,-0.999186,0.484788,0.529672,-0.35552,0.266528,0.08512,-0.998741,0.484699,0.517873,-0.362941,0.288181,0.083257,-1.000445,0.482598,0.512181,-0.354543,0.271483,0.096246,-0.993354,0.490074,0.525213,-0.366488,0.277154,0.100331
502,-0.999203,0.476284,0.529186,-0.354331,0.260563,0.088176,-0.998746,0.462056,0.519305,-0.364094,0.253592,0.103442,-0.998201,0.468293,0.54015,-0.355392,0.259999,0.088347,-0.991631,0.470265,0.52643,-0.357934,0.25742,0.111184
503,-0.996819,0.442361,0.543808,-0.359483,0.237841,0.102416,-1.00383,0.455747,0.552391,-0.360811,0.255091,0.105472,-0.995744,0.455709,0.547428,-0.343433,0.258521,0.100064,-1.003479,0.453405,0.546257,-0.347191,0.245591,0.091559
504,-0.988759,0.441314,0.567492,-0.35675,0.230176,0.089545,-0.997308,0.440389,0.568637,-0.366935,0.258323,0.101263,-1.004154,0.426447,0.564524,-0.343306,0.257052,0.115272,-0.997014,0.435419,0.564495,-0.348412,0.243409,0.110608
505,-1.000319,0.408207,0.575685,-0.36196,0.236756,0.110806,-1.002867,0.41755,0.582801,-0.359926,0.245903,0.117422,-0.998712,0.413826,0.574197,-0.377604,0.263562,0.105196,-1.0049,0.418188,0.578592,-0.370504,0.240319,0.12178
506,-0.9938,0.401754,0.58663,-0.361166,0.229759,0.106624,-0.998152,0.395308,0.591849,-0.368566,0.250499,0.122627,-1.003339,0.39306,0.595876,-0.371003,0.241724,0.123383,-0.99407,0.405297,0.585743,-0.363762,0.268699,0.136198
507,-0.994162,0.384229,0.610462,-0.371588,0.224749,0.123955,-0.99336,0.381434,0.600297,-0.370887,0.224637,0.137363,-0.989166,0.371868,0.615761,-0.377691,0.221456,0.126502,-0.994965,0.385047,0.615467,-0.372283,0.231662,0.131733
508,-0.989526,0.372374,0.625476,-0.34605,0.229855,0.146093,-0.983561,0.363429,0.618177,-0.33668,0.231228,0.129572,-0.997391,0.363627,0.616789,-0.382096,0.236165,0.138351,-0.986631,0.363724,0.622098,-0.35556,0.237689,0.138109
509,-0.993985,0.35061,0.632798,-0.353526,0.213135,0.132483,-0.98361,0.351661,0.630569,-0.377888,0.213538,0.145879,-0.99131,0.340735,0.630732,-0.347625,0.225985,0.140276,-0.995821,0.343558,0.639805,-0.354879,0.211532,0.140971
510,-0.976026,0.332964,0.642625,-0.364486,0.22679,0.15446,-0.978981,0.315733,0.652523,-0.383803,0.226668,0.136187,-0.974281,0.325756,0.66557,-0.370873,0.228525,0.151111,-0.978608,0.321658,0.661757,-0.350681,0.216803,0.166173
511,-0.973253,0.308876,0.674883,-0.376063,0.224541,0.16483,-0.971393,0.308505,0.673864,-0.389617,0.197038,0.154624,-0.978779,0.317124,0.670529,-0.367908,0.235241,0.142937,-0.986039,0.309137,0.671063,-0.375034,0.208566,0.167454
512,-0.974646,0.295376,0.68447,-0.354774,0.212823,0.173131,-0.981434,0.301609,0.686715,-0.394751,0.189709,0.168122,-0.96741,0.291814,0.682589,-0.372388,0.216502,0.166958,-0.98376,0.294882,0.678265,-0.367127,0.220306,0.162283
513,-0.961525,0.271256,0.696845,-0.374215,0.192791,0.162334,-0.968284,0.265242,0.684562,-0.369657,0.202569,0.164102,-0.96927,0.285684,0.691943,-0.386956,0.197905,0.160603,-0.979829,0.26988,0.693537,-0.364133,0.18591,0.170816
514,-0.962838,0.254154,0.707888,-0.36401,0.183417,0.168849,-0.970569,0.256888,0.700475,-0.363116,0.206565,0.182433,-0.967118,0.25749,0.702608,-0.383611,0.21567,0.174287,-0.962777,0.256523,0.713727,-0.392896,0.197178,0.185878
515,-0.961206,0.237254,0.718707,-0.367603,0.179991,0.191951,-0.960035,0.230463,0.724128,-0.376944,0.198561,0.185363,-0.953132,0.23568,0.725845,-0.401315,0.191694,0.178327,-0.963835,0.232678,0.719807,-0.389253,0.188408,0.174399
516,-0.954707,0.212138,0.733687,-0.368382,0.204274,0.167616,-0.950691,0.220889,0.728006,-0.384807,0.187905,0.185983,-0.95721,0.214702,0.73658,-0.367812,0.182184,0.194646,-0.954591,0.224482,0.737102,-0.373817,0.169818,0.18211
517,-0.940139,0.202345,0.750318,-0.365832,0.19475,0.185747,-0.938383,0.209875,0.746498,-0.351925,0.164109,0.187449,-0.956629,0.209431,0.739962,-0.383359,0.195506,0.184122,-0.949925,0.195422,0.74961,-0.369401,0.186446,0.17906
518,-0.941807,0.179065,0.762736,-0.365863,0.179592,0.206499,-0.938895,0.182196,0.762047,-0.388482,0.177652,0.201123,-0.938093,0.191443,0.764736,-0.388612,0.183626,0.206047,-0.950634,0.18464,0.762499,-0.369106,0.159631,0.197453
519,-0.934571,0.160008,0.764927,-0.365689,0.171703,0.222358,-0.928861,0.165183,0.77326,-0.382162,0.175235,0.207439,-0.936677,0.161075,0.770782,-0.381655,0.169228,0.196992,-0.936796,0.165739,0.778138,-0.382532,0.165396,0.209577
520,-0.931379,0.151573,0.785302,-0.36017,0.167043,0.218622,-0.926354,0.144196,0.779578,-0.371539,0.161352,0.218228,-0.926575,0.156301,0.785664,-0.358048,0.155553,0.206249,-0.930408,0.13632,0.772808,-0.376179,0.155965,0.232858
521,-0.918025,0.132633,0.794433,-0.362874,0.142314,0.218209,-0.933993,0.133344,0.795416,-0.362028,0.143576,0.219938,-0.916702,0.126267,0.789302,-0.351778,0.158887,0.220531,-0.915484,0.126363,0.795138,-0.379763,0.148009,0.210191
522,-0.91923,0.106225,0.808808,-0.366588,0.149032,0.210726,-0.918819,0.11017,0.80531,-0.366931,0.147615,0.236881,-0.91094,0.104285,0.804253,-0.378441,0.125859,0.200036,-0.916147,0.115513,0.802577,-0.378117,0.139783,0.226834
523,-0.903509,0.093735,0.817802,-0.379352,0.134669,0.211834,-0.901408,0.091138,0.814681,-0.355963,0.134163,0.212631,-0.91008,0.090704,0.813572,-0.369508,0.130015,0.243989,-0.907275,0.097231,0.819465,-0.369146,0.133975,0.211767
524,-0.902654,0.078128,0.834422,-0.359856,0.137559,0.21854,-0.900457,0.076588,0.833962,-0.3601,0.11477,0.250851,-0.899453,0.068828,0.82495,-0.372047,0.116144,0.242809,-0.895938,0.072762,0.824402,-0.376546,0.143266,0.218997
525,-0.889614,0.051949,0.836853,-0.350155,0.135019,0.247449,-0.889867,0.055981,0.841537,-0.360709,0.138608,0.23506,-0.892253,0.044416,0.839295,-0.350666,0.135348,0.220688,-0.889518,0.054896,0.838613,-0.371117,0.115717,0.238537
526,-0.884293,0.02855,0.849982,-0.374449,0.122216,0.244697,-0.883511,0.035937,0.845287,-0.36245,0.123008,0.25961,-0.880173,0.033282,0.840466,-0.353021,0.112518,0.254411,-0.880226,0.03679,0.848721,-0.374988,0.120728,0.252428
527,-0.877346,0.016346,0.854942,-0.343697,0.114585,0.235534,-0.87532,0.010744,0.855173,-0.352694,0.111325,0.249412,-0.881218,0.01215,0.874348,-0.378091,0.114401,0.246711,-0.863973,0.015014,0.864463,-0.364117,0.114364,0.268688
528,-0.855099,-0.005339,0.86871,-0.364619,0.116641,0.27748,-0.860237,-0.004017,0.871827,-0.348519,0.11833,0.252285,-0.867768,-0.003292,0.858897,-0.368237,0.106576,0.271995,-0.867014,-0.002683,0.86904,-0.382219,0.104293,0.252057
529,-0.85496,-0.028375,0.871057,-0.357117,0.098119,0.243907,-0.856764,-0.014119,0.886685,-0.340026,0.113267,0.253073,-0.861998,-0.022489,0.871905,-0.358741,0.104908,0.256253,-0.84599,-0.021548,0.878782,-0.36287,0.096948,0.252237
530,-0.849256,-0.042179,0.889592,-0.368116,0.094506,0.238955,-0.840576,-0.043339,0.887437,-0.358957,0.09829,0.254397,-0.841905,-0.046521,0.881684,-0.353851,0.071124,0.252513,-0.855588,-0.044948,0.88289,-0.384036,0.104916,0.267848
531,-0.827637,-0.064678,0.891786,-0.337439,0.079146,0.271262,-0.836929,-0.066229,0.902467,-0.363992,0.095785,0.285214,-0.827805,-0.060884,0.889692,-0.358701,0.096361,0.250757,-0.829731,-0.061475,0.889346,-0.372251,0.083148,0.274115
532,-0.834194,-0.073642,0.905281,-0.355035,0.084716,0.26175,-0.817446,-0.079911,0.897116,-0.353453,0.086977,0.261673,-0.824963,-0.079797,0.906979,-0.346308,0.069481,0.273847,-0.826897,-0.080769,0.903971,-0.347429,0.069735,0.263047
533,-0.820004,-0.097511,0.906187,-0.353631,0.069864,0.285074,-0.818225,-0.104744,0.916179,-0.343085,0.072381,0.255763,-0.809082,-0.101236,0.918292,-0.365186,0.064837,0.264861,-0.814332,-0.10343,0.909075,-0.377944,0.077803,0.272643
534,-0.811186,-0.122398,0.921912,-0.347686,0.056781,0.27547,-0.802824,-0.113451,0.924546,-0.34599,0.06689,0.292829,-0.806373,-0.124047,0.918896,-0.349014,0.070639,0.282008,-0.789616,-0.114885,0.919644,-0.35439,0.052933,0.287718
535,-0.780215,-0.144813,0.930535,-0.349426,0.064555,0.292836,-0.792919,-0.130759,0.926932,-0.343151,0.076912,0.303632,-0.800761,-0.133072,0.921414,-0.351146,0.068191,0.288431,-0.793937,-0.127655,0.929282,-0.340625,0.080717,0.306259
536,-0.779718,-0.159409,0.928958,-0.354054,0.056858,0.285215,-0.775305,-0.157365,0.927936,-0.340459,0.060107,0.295009,-0.773921,-0.153843,0.924801,-0.35515,0.049425,0.280998,-0.776794,-0.160017,0.939008,-0.340285,0.05569,0.292815
537,-0.766999,-0.175893,0.935081,-0.355124,0.03375,0.288852,-0.768029,-0.177314,0.935045,-0.342093,0.044777,0.294901,-0.759802,-0.175953,0.930298,-0.334849,0.036599,0.287695,-0.762712,-0.169337,0.945389,-0.351909,0.038716,0.286947
538,-0.744463,-0.18701,0.944225,-0.356745,0.031591,0.296635,-0.757217,-0.196884,0.95744,-0.342986,0.038492,0.302867,-0.761685,-0.193028,0.956219,-0.34807,0.032198,0.300063,-0.749728,-0.190513,0.94539,-0.316843,0.028954,0.324948
539,-0.74505,-0.215193,0.954054,-0.332304,0.028251,0.31015,-0.751441,-0.205184,0.953041,-0.335572,0.037141,0.304405,-0.743969,-0.20406,0.950705,-0.332859,0.027499,0.302118,-0.737142,-0.214073,0.953977,-0.337025,0.026496,0.300469
540,-0.727764,-0.231254,0.954387,-0.322935,0.017617,0.291101,-0.722944,-0.219403,0.953093,-0.340167,0.019785,0.328997,-0.729887,-0.227992,0.955692,-0.335474,0.034485,0.310037,-0.735742,-0.227241,0.953651,-0.348828,0.039512,0.30406
541,-0.718448,-0.247294,0.966437,-0.320102,0.018775,0.299314,-0.717678,-0.24106,0.964044,-0.329671,0.033121,0.307746,-0.724672,-0.230637,0.964425,-0.338722,0.005169,0.322103,-0.719063,-0.250596,0.96029,-0.337923,0.012929,0.299774
542,-0.71134,-0.254197,0.972845,-0.314689,-0.002265,0.314292,-0.697087,-0.262757,0.96914,-0.323479,0.005452,0.314561,-0.704562,-0.264468,0.963207,-0.316996,-0.001555,0.313307,-0.702858,-0.266993,0.964053,-0.30896,0.018006,0.334731
543,-0.694416,-0.287651,0.98133,-0.311157,0.010008,0.312821,-0.684318,-0.291843,0.970912,-0.317879,-0.006751,0.328068,-0.683656,-0.282836,0.975287,-0.317674,-0.009291,0.320338,-0.687928,-0.280022,0.975915,-0.352792,0.005842,0.311752
544,-0.675232,-0.312228,0.978891,-0.321849,-0.012599,0.330177,-0.671268,-0.295368,0.977602,-0.311316,0.006306,0.330342,-0.683781,-0.308047,0.982168,-0.322778,-0.007808,0.316203,-0.676692,-0.302196,0.980104,-0.320021,-0.001931,0.325641
545,-0.665039,-0.316275,0.978873,-0.32393,0.005697,0.34056,-0.667671,-0.321142,0.987454,-0.323762,-0.008149,0.333186,-0.654452,-0.318128,0.977544,-0.315398,-0.018393,0.323239,-0.658333,-0.325112,0.987186,-0.331582,-0.017094,0.331979
546,-0.644165,-0.331268,0.985697,-0.324304,-0.024506,0.328477,-0.646788,-0.332798,0.991468,-0.313556,-0.020394,0.339367,-0.645415,-0.338648,0.988298,-0.299,-0.00166,0.321073,-0.645292,-0.329182,0.979545,-0.319584,-0.008837,0.320951
547,-0.627744,-0.346499,0.983289,-0.309633,-0.024024,0.324955,-0.633085,-0.356165,0.980781,-0.297661,-0.050149,0.347875,-0.63755,-0.358305,0.972927,-0.312458,-0.022764,0.333665,-0.631675,-0.353207,0.987657,-0.315688,-0.008305,0.330026
548,-0.618631,-0.377458,0.99108,-0.31383,-0.0417,0.326257,-0.618968,-0.363348,0.990483,-0.30238,-0.049125,0.328629,-0.611382,-0.374651,0.99148,-0.304801,-0.040264,0.334971,-0.616769,-0.377979,0.99229,-0.319089,-0.04282,0.32064
549,-0.608321,-0.392609,0.990155,-0.301743,-0.03243,0.335692,-0.591008,-0.390545,0.996193,-0.296472,-0.038059,0.333249,-0.61094,-0.389551,0.990282,-0.315806,-0.040635,0.319937,-0.605486,-0.392584,0.983385,-0.301537,-0.020653,0.344759
550,-0.593536,-0.414227,0.997199,-0.293358,-0.041668,0.335749,-0.584653,-0.413095,0.998009,-0.308199,-0.055656,0.342604,-0.582673,-0.408697,0.996465,-0.29729,-0.04378,0.343666,-0.581732,-0.41525,1.004121,-0.310946,-0.053847,0.343548
551,-0.578057,-0.416832,0.992216,-0.297794,-0.042525,0.354675,-0.575135,-0.422559,1.002867,-0.303976,-0.044552,0.336516,-0.572953,-0.420128,0.989787,-0.283434,-0.045,0.34621,-0.569847,-0.426151,0.998599,-0.297103,-0.048283,0.335217
552,-0.544568,-0.432428,0.994597,-0.292186,-0.047232,0.371166,-0.556497,-0.451357,0.99704,-0.299361,-0.049076,0.343159,-0.560293,-0.437192,1.001509,-0.276351,-0.060944,0.350883,-0.556378,-0.441616,1.005083,-0.297892,-0.05904,0.353819
553,-0.540796,-0.460057,0.995687,-0.271455,-0.065632,0.340571,-0.547577,-0.442733,1.009411,-0.276137,-0.079776,0.354347,-0.541708,-0.462271,1.001817,-0.282992,-0.063071,0.366072,-0.538848,-0.450956,0.996233,-0.286211,-0.054622,0.366
554,-0.526434,-0.477327,0.995787,-0.281893,-0.061722,0.37766,-0.522954,-0.477652,0.994981,-0.289739,-0.057839,0.356422,-0.525004,-0.480492,0.999979,-0.274377,-0.055119,0.349367,-0.529776,-0.475549,0.999188,-0.286883,-0.072849,0.369019
555,-0.508326,-0.489045,1.007101,-0.269046,-0.08944,0.34702,-0.500757,-0.500117,1.005741,-0.284439,-0.07696,0.359215,-0.50911,-0.485472,1.001423,-0.272481,-0.08218,0.352947,-0.512278,-0.491259,1.004085,-0.269518,-0.092933,0.348179
556,-0.494593,-0.515057,0.997834,-0.266717,-0.099248,0.360872,-0.483744,-0.509244,1.00281,-0.261904,-0.091098,0.358458,-0.486614,-0.510433,1.006939,-0.280391,-0.091617,0.3718,-0.486559,-0.50258,0.996607,-0.251007,-0.077805,0.349592
557,-0.470264,-0.522354,1.009583,-0.269858,-0.102648,0.345829,-0.469115,-0.52827,1.004243,-0.256819,-0.07746,0.370721,-0.484392,-0.520883,1.00379,-0.265346,-0.075978,0.35924,-0.479779,-0.516802,1.003159,-0.249166,-0.089794,0.347833
558,-0.460978,-0.541816,0.999251,-0.267416,-0.110091,0.366865,-0.458525,-0.543431,1.00639,-0.289496,-0.108335,0.357172,-0.457155,-0.537341,0.999241,-0.245277,-0.115082,0.357205,-0.451489,-0.538734,0.996518,-0.265947,-0.106336,0.382923
559,-0.44246,-0.560134,0.987054,-0.249272,-0.09633,0.355556,-0.441957,-0.559105,0.997526,-0.250962,-0.119891,0.340341,-0.450623,-0.546872,0.993042,-0.246045,-0.099864,0.349441,-0.441973,-0.54897,0.997518,-0.243258,-0.092044,0.357365
560,-0.426633,-0.563917,0.990825,-0.245107,-0.108199,0.38366,-0.425529,-0.570625,1.002036,-0.268085,-0.117305,0.366353,-0.432049,-0.566129,1.001895,-0.252917,-0.129493,0.363036,-0.422385,-0.575127,0.999799,-0.259574,-0.120506,0.360938
561,-0.405011,-0.592333,0.990984,-0.245722,-0.117676,0.35644,-0.409948,-0.586528,0.986622,-0.249732,-0.105414,0.363408,-0.406337,-0.586448,0.988528,-0.245093,-0.108888,0.384588,-0.401945,-0.587149,0.991796,-0.23954,-0.106361,0.376464
562,-0.385069,-0.596285,0.996634,-0.2296,-0.126276,0.358153,-0.394612,-0.602447,0.991105,-0.234315,-0.114444,0.376694,-0.389345,-0.606295,0.991556,-0.248456,-0.136705,0.351905,-0.382229,-0.596606,0.987934,-0.233977,-0.126907,0.369224
563,-0.381733,-0.605841,0.998336,-0.234952,-0.128158,0.363174,-0.374392,-0.623881,0.979872,-0.241746,-0.136485,0.356171,-0.370373,-0.618742,0.993616,-0.232018,-0.136723,0.379509,-0.366487,-0.617488,0.988182,-0.234619,-0.141977,0.367257
564,-0.354993,-0.630157,0.991308,-0.23612,-0.141826,0.361118,-0.353954,-0.640734,0.980977,-0.237579,-0.149138,0.357258,-0.351259,-0.643966,0.990016,-0.227721,-0.133697,0.358272,-0.366661,-0.633522,0.999953,-0.237104,-0.147038,0.364719
565,-0.337915,-0.645407,0.98963,-0.217472,-0.13711,0.367491,-0.338445,-0.640574,0.975941,-0.234302,-0.139181,0.368645,-0.340125,-0.642134,0.982191,-0.240591,-0.13125,0.352606,-0.341722,-0.643061,0.976816,-0.224472,-0.148981,0.355286
566,-0.319679,-0.647436,0.978324,-0.223251,-0.141038,0.369264,-0.316245,-0.649121,0.979798,-0.21335,-0.147432,0.358514,-0.321539,-0.664105,0.971718,-0.231042,-0.150843,0.367647,-0.310012,-0.646197,0.983454,-0.21901,-0.147074,0.365844
567,-0.306017,-0.671528,0.970581,-0.218445,-0.148343,0.374936,-0.298093,-0.673286,0.986907,-0.202826,-0.159642,0.360804,-0.306253,-0.663633,0.981555,-0.23191,-0.155982,0.370748,-0.300723,-0.68083,0.9724,-0.225431,-0.152497,0.378761
568,-0.290678,-0.682534,0.970036,-0.18689,-0.165852,0.372594,-0.279206,-0.690844,0.978224,-0.195965,-0.173908,0.375408,-0.288332,-0.684821,0.979249,-0.198597,-0.165562,0.357272,-0.288804,-0.681578,0.972333,-0.200845,-0.169533,0.371487
569,-0.261295,-0.696541,0.968015,-0.201814,-0.16433,0.39472,-0.27209,-0.687936,0.970453,-0.193052,-0.177726,0.397304,-0.273113,-0.70206,0.964366,-0.197927,-0.158203,0.354629,-0.261167,-0.697312,0.966123,-0.198881,-0.174711,0.36834
570,-0.246765,-0.714277,0.966579,-0.212264,-0.170456,0.379783,-0.242206,-0.714926,0.962744,-0.196206,-0.171908,0.366974,-0.248595,-0.723361,0.964365,-0.201305,-0.17322,0.380741,-0.246321,-0.718277,0.960268,-0.179675,-0.166082,0.383991
571,-0.238791,-0.735203,0.964084,-0.188305,-0.189437,0.36949,-0.230533,-0.716509,0.957523,-0.191284,-0.187626,0.373023,-0.234572,-0.73425,0.950528,-0.184096,-0.189118,0.376522,-0.240754,-0.726886,0.961884,-0.193653,-0.165477,0.380773
572,-0.212744,-0.735208,0.956014,-0.195135,-0.172439,0.358032,-0.212714,-0.746265,0.954086,-0.193219,-0.198903,0.367759,-0.206922,-0.746334,0.958897,-0.183322,-0.171034,0.37087,-0.208633,-0.72977,0.953367,-0.175331,-0.180075,0.375557
573,-0.190913,-0.745296,0.958515,-0.176548,-0.183592,0.363756,-0.190418,-0.75506,0.941824,-0.187631,-0.18457,0.372652,-0.202957,-0.762264,0.947115,-0.169953,-0.182474,0.377057,-0.18644,-0.751687,0.949781,-0.192589,-0.190339,0.372719
574,-0.179576,-0.763074,0.949115,-0.169849,-0.194323,0.376304,-0.184882,-0.758357,0.942485,-0.16757,-0.199663,0.361359,-0.167666,-0.763199,0.946677,-0.17553,-0.206214,0.375255,-0.174809,-0.760392,0.941394,-0.174865,-0.199811,0.39002
575,-0.16106,-0.76582,0.926389,-0.168336,-0.200143,0.36765,-0.151626,-0.770946,0.931814,-0.147385,-0.222613,0.373746,-0.15483,-0.774765,0.931683,-0.175621,-0.206842,0.384782,-0.156416,-0.775241,0.934167,-0.173772,-0.194222,0.365042
576,-0.150393,-0.790095,0.921441,-0.155102,-0.233396,0.382012,-0.13626,-0.788507,0.930366,-0.152741,-0.227759,0.359046,-0.141972,-0.783592,0.930427,-0.176659,-0.214006,0.364999,-0.13678,-0.784408,0.921612,-0.170127,-0.219766,0.383672
577,-0.115373,-0.803462,0.921292,-0.147752,-0.236081,0.367088,-0.120161,-0.812749,0.914994,-0.154686,-0.217848,0.372569,-0.111794,-0.802132,0.920009,-0.154371,-0.203839,0.364016,-0.11877,-0.805655,0.916591,-0.147863,-0.211915,0.373592
578,-0.096798,-0.81305,0.917114,-0.138481,-0.231724,0.357256,-0.11055,-0.807904,0.913877,-0.160293,-0.22042,0.36673,-0.098765,-0.815421,0.904196,-0.135524,-0.222961,0.372222,-0.102803,-0.799656,0.907988,-0.137084,-0.238867,0.359191
579,-0.084283,-0.824782,0.898268,-0.153806,-0.234291,0.360896,-0.079813,-0.826232,0.903243,-0.141188,-0.228402,0.373314,-0.087248,-0.818301,0.898584,-0.164363,-0.226553,0.357353,-0.084414,-0.833124,0.902195,-0.118386,-0.240425,0.376177
580,-0.060085,-0.838828,0.890681,-0.122985,-0.242334,0.38055,-0.067236,-0.836274,0.892577,-0.133865,-0.226742,0.373469,-0.062795,-0.828275,0.905618,-0.126398,-0.244351,0.372421,-0.064001,-0.831411,0.891419,-0.129626,-0.23729,0.378804
581,-0.046054,-0.845022,0.894079,-0.125988,-0.245582,0.3597,-0.039417,-0.844714,0.888252,-0.136782,-0.245919,0.347955,-0.044178,-0.841913,0.890827,-0.120493,-0.239892,0.363406,-0.053066,-0.848055,0.880363,-0.122288,-0.254054,0.368489
582,-0.025913,-0.860105,0.874817,-0.115129,-0.236837,0.358744,-0.015561,-0.86284,0.879359,-0.110026,-0.254362,0.374643,-0.024347,-0.85725,0.880567,-0.103723,-0.261896,0.351017,-0.018115,-0.858388,0.877927,-0.116086,-0.227787,0.376347
583,-0.006278,-0.867663,0.877612,-0.105965,-0.253813,0.367172,0.002931,-0.852805,0.878887,-0.09841,-0.243782,0.372595,-0.001873,-0.861079,0.861903,-0.103973,-0.243368,0.362898,-0.003365,-0.863565,0.864655,-0.100612,-0.246531,0.360144
584,0.006769,-0.86472,0.855703,-0.108143,-0.259257,0.354433,0.00967,-0.877493,0.863999,-0.111138,-0.25961,0.366781,0.011046,-0.869695,0.864601,-0.101756,-0.235995,0.351704,0.010914,-0.868314,0.858037,-0.104673,-0.256926,0.37155
585,0.025996,-0.880307,0.855002,-0.083485,-0.282166,0.369052,0.038936,-0.878856,0.856736,-0.098018,-0.265033,0.379488,0.028788,-0.879445,0.85033,-0.096109,-0.266967,0.365335,0.023163,-0.878483,0.84538,-0.09591,-0.260542,0.347483
586,0.043223,-0.881185,0.839899,-0.089403,-0.275173,0.379355,0.043426,-0.895771,0.840056,-0.09667,-0.273577,0.368971,0.04744,-0.882656,0.833315,-0.094329,-0.271991,0.359236,0.051542,-0.888217,0.839188,-0.078797,-0.24933,0.348114
587,0.055649,-0.894485,0.829967,-0.102277,-0.28346,0.354119,0.065361,-0.903638,0.826428,-0.085332,-0.275885,0.349426,0.070499,-0.902958,0.830114,-0.07944,-0.260819,0.356585,0.068998,-0.897531,0.824717,-0.082531,-0.289255,0.360548
588,0.086849,-0.899817,0.832047,-0.084067,-0.285078,0.35514,0.089805,-0.891984,0.815098,-0.079303,-0.290049,0.354715,0.090025,-0.909084,0.817993,-0.067176,-0.271792,0.37401,0.088299,-0.905826,0.811821,-0.099567,-0.295909,0.357708
589,0.117793,-0.914722,0.792374,-0.080476,-0.282502,0.352125,0.105749,-0.906653,0.803627,-0.059751,-0.268258,0.361025,0.104415,-0.905286,0.802406,-0.074929,-0.274815,0.354323,0.106559,-0.906137,0.806967,-0.077917,-0.278901,0.361784
590,0.116964,-0.928245,0.796752,-0.058086,-0.275041,0.321256,0.118726,-0.918051,0.791031,-0.063311,-0.286467,0.349918,0.121483,-0.914788,0.79134,-0.075028,-0.285039,0.350788,0.124793,-0.92876,0.790524,-0.069226,-0.277226,0.328843
591,0.150435,-0.927417,0.777559,-0.058295,-0.282213,0.344719,0.133951,-0.930633,0.784764,-0.064247,-0.285448,0.331352,0.126584,-0.931449,0.78284,-0.065346,-0.30493,0.349036,0.140289,-0.934005,0.78935,-0.066891,-0.285906,0.351511
592,0.166271,-0.939414,0.775408,-0.068271,-0.293663,0.353051,0.164517,-0.925245,0.770126,-0.043225,-0.318844,0.34756,0.157408,-0.928939,0.773001,-0.050139,-0.286893,0.347447,0.16752,-0.938711,0.769969,-0.059423,-0.288852,0.338187
593,0.179166,-0.940227,0.766603,-0.026613,-0.291486,0.338906,0.184338,-0.940369,0.755528,-0.030291,-0.282044,0.330861,0.180135,-0.94597,0.756994,-0.046893,-0.286336,0.333454,0.18668,-0.940444,0.757938,-0.039178,-0.296065,0.332063
594,0.197133,-0.943973,0.743863,-0.039742,-0.297574,0.327413,0.199675,-0.94835,0.73849,-0.03008,-0.306537,0.329057,0.199488,-0.945941,0.750707,-0.043217,-0.299359,0.335766,0.197146,-0.943136,0.745863,-0.050971,-0.326627,0.340958
595,0.211796,-0.947967,0.73619,-0.026835,-0.300914,0.315898,0.218604,-0.947684,0.74375,-0.019467,-0.306728,0.327165,0.212021,-0.957491,0.736053,-0.032954,-0.308936,0.329948,0.223205,-0.95281,0.73908,-0.032311,-0.320299,0.342237
596,0.238661,-0.960736,0.728225,-0.031625,-0.29118,0.332068,0.237234,-0.959342,0.721289,-0.022242,-0.305849,0.32065,0.237352,-0.965951,0.722498,-0.007342,-0.302681,0.328086,0.235104,-0.956496,0.725382,-0.023171,-0.306459,0.332942
597,0.24969,-0.962502,0.711932,-0.009531,-0.314862,0.323804,0.251725,-0.96204,0.703305,-0.009267,-0.316862,0.329331,0.254157,-0.963897,0.710634,-0.030149,-0.322938,0.335084,0.262933,-0.960881,0.715333,-0.013348,-0.323328,0.321711
598,0.277405,-0.979936,0.698413,-0.010799,-0.326389,0.31958,0.267443,-0.973792,0.692732,0.009261,-0.327125,0.346215,0.269186,-0.959442,0.70123,-0.031047,-0.305362,0.318695,0.268777,-0.968992,0.699353,-0.007768,-0.312611,0.33612
599,0.29268,-0.979488,0.683096,-0.022477,-0.329693,0.310055,0.291426,-0.977432,0.678585,0.007668,-0.302402,0.326905,0.295172,-0.975667,0.682451,-0.032621,-0.323386,0.301369,0.288693,-0.969786,0.692254,7.1e-05,-0.314336,0.323854
600,0.308984,-0.970252,0.669227,0.014159,-0.32515,0.326186,0.307211,-0.978659,0.672039,0.010248,-0.327579,0.320458,0.309004,-0.971665,0.670691,0.021966,-0.322882,0.301366,0.309315,-0.977945,0.669882,0.006792,-0.31909,0.323522
601,0.317259,-0.983325,0.655194,0.000476,-0.337175,0.302289,0.333819,-0.978387,0.667849,0.010496,-0.33836,0.311004,0.330633,-0.977595,0.664742,0.0217,-0.326306,0.324756,0.332703,-0.984061,0.659118,0.010414,-0.306645,0.315472
602,0.339889,-0.99309,0.642457,0.019928,-0.329867,0.314738,0.341985,-0.988466,0.642616,0.01615,-0.331923,0.298706,0.341181,-0.981352,0.647983,0.038335,-0.343704,0.320492,0.34468,-0.984078,0.647726,0.020462,-0.341688,0.304399
603,0.35631,-1.000662,0.624931,0.032162,-0.310753,0.321956,0.363835,-0.988449,0.632866,0.011644,-0.339292,0.302813,0.362146,-0.985757,0.633801,0.041127,-0.322227,0.318165,0.357388,-0.985776,0.627125,0.039762,-0.335364,0.313178
604,0.37523,-0.983299,0.605962,0.042654,-0.349627,0.302052,0.380569,-0.996163,0.612672,0.039774,-0.330282,0.296316,0.378556,-0.992671,0.618834,0.035463,-0.344697,0.311993,0.392476,-0.989874,0.599864,0.016364,-0.34569,0.312524
605,0.395833,-1.002352,0.597504,0.019871,-0.335658,0.293278,0.395873,-0.995855,0.602158,0.059934,-0.342036,0.290471,0.391437,-0.993028,0.588268,0.043871,-0.350002,0.298214,0.388119,-0.995594,0.60355,0.032581,-0.345264,0.285986
606,0.407748,-0.996192,0.582022,0.043898,-0.355187,0.278085,0.405873,-0.992809,0.587996,0.047622,-0.341028,0.300427,0.406709,-0.994549,0.583423,0.03775,-0.325294,0.300106,0.406196,-0.987524,0.588702,0.038226,-0.346859,0.273908
607,0.4301,-1.009066,0.566166,0.045776,-0.349361,0.278556,0.434549,-0.998016,0.564353,0.063276,-0.344747,0.278501,0.430668,-0.994206,0.569816,0.051315,-0.340267,0.283075,0.434933,-1.001877,0.575766,0.045827,-0.350209,0.299132
608,0.458499,-1.001713,0.557139,0.054399,-0.35812,0.286531,0.454305,-0.992002,0.553167,0.079711,-0.356201,0.288531,0.44998,-0.9964,0.551895,0.073044,-0.324517,0.292457,0.453309,-1.004838,0.537789,0.059222,-0.323711,0.298251
609,0.466916,-0.998062,0.528539,0.07462,-0.342895,0.275174,0.474347,-1.000534,0.53137,0.076639,-0.329338,0.281914,0.465343,-1.008921,0.532537,0.076454,-0.341864,0.283848,0.464141,-1.008364,0.535258,0.057717,-0.36105,0.296607
610,0.481386,-0.998436,0.519369,0.087888,-0.355375,0.272133,0.476713,-1.003419,0.530203,0.06245,-0.350977,0.27094,0.489503,-1.002427,0.514624,0.060705,-0.359793,0.279044,0.477178,-0.99593,0.535592,0.075544,-0.352872,0.284049
611,0.498338,-1.003263,0.501293,0.079046,-0.367918,0.263246,0.506978,-0.998989,0.488671,0.077705,-0.358426,0.267053,0.500105,-0.990069,0.489293,0.066439,-0.347183,0.281191,0.497845,-0.990161,0.504629,0.070656,-0.338909,0.276719
612,0.516635,-1.000177,0.486411,0.094944,-0.3641,0.26762,0.519705,-0.993263,0.484923,0.068285,-0.344583,0.265378,0.517759,-0.991589,0.491543,0.085312,-0.351166,0.269933,0.52401,-0.996814,0.478038,0.100914,-0.347895,0.261058
613,0.530818,-0.998424,0.470068,0.102261,-0.359492,0.254036,0.526167,-0.998054,0.470183,0.09823,-0.365522,0.267746,0.528142,-1.006667,0.467816,0.092686,-0.370812,0.263674,0.535718,-0.997965,0.459548,0.094526,-0.3602,0.260626
614,0.542626,-1.007081,0.453014,0.114896,-0.371578,0.249236,0.551051,-1.001942,0.459582,0.110419,-0.358871,0.251289,0.55126,-0.993804,0.447978,0.101933,-0.375697,0.266154,0.549297,-1.006877,0.445934,0.097917,-0.351915,0.257978
615,0.556091,-1.001302,0.437582,0.104851,-0.36881,0.261076,0.558526,-0.999049,0.42959,0.111891,-0.369312,0.269281,0.551123,-0.996977,0.431133,0.117221,-0.352349,0.259636,0.564348,-1.002503,0.440438,0.105257,-0.341829,0.26828
616,0.581917,-0.997458,0.42488,0.10583,-0.352949,0.260638,0.581105,-0.99847,0.417748,0.11224,-0.366022,0.240017,0.584583,-0.999039,0.425855,0.113955,-0.383944,0.23806,0.572545,-0.998902,0.41631,0.13498,-0.381764,0.249998
617,0.588264,-0.994386,0.399613,0.111504,-0.340949,0.227745,0.594856,-0.991859,0.405027,0.109825,-0.356276,0.228819,0.593255,-0.994097,0.401394,0.103418,-0.357806,0.243333,0.595362,-0.99267,0.409206,0.112869,-0.373284,0.243578
618,0.606874,-0.998882,0.384156,0.129784,-0.350217,0.230206,0.60564,-0.996916,0.386989,0.141917,-0.351975,0.23556,0.610068,-0.990465,0.383389,0.12954,-0.3616,0.252689,0.610431,-0.979758,0.377622,0.127,-0.380634,0.237642
619,0.626043,-0.993826,0.360346,0.135712,-0.359304,0.229746,0.633215,-0.991646,0.369935,0.142111,-0.375012,0.232521,0.619166,-0.983549,0.360874,0.142253,-0.367768,0.234541,0.622931,-0.983356,0.360034,0.156104,-0.37133,0.228104
620,0.63843,-0.98847,0.350391,0.137548,-0.373519,0.233237,0.642423,-0.994022,0.342158,0.138914,-0.381589,0.250795,0.639194,-0.983946,0.346426,0.135667,-0.360408,0.233015,0.64082,-0.98639,0.359073,0.137418,-0.360359,0.222471
621,0.651366,-0.975867,0.327807,0.143025,-0.370671,0.217185,0.652192,-0.982339,0.330379,0.151637,-0.359036,0.215887,0.656818,-0.982478,0.33207,0.138386,-0.376863,0.210626,0.655193,-0.987211,0.324258,0.134502,-0.360227,0.211079
622,0.664508,-0.978237,0.305598,0.163609,-0.377508,0.192398,0.664761,-0.980389,0.31989,0.157416,-0.357785,0.219701,0.676343,-0.985656,0.315935,0.157623,-0.389271,0.225657,0.670358,-0.982094,0.305635,0.121901,-0.353537,0.199569
623,0.684759,-0.980628,0.289577,0.167001,-0.369604,0.200969,0.676276,-0.968104,0.295816,0.145176,-0.375713,0.204204,0.682808,-0.975531,0.301124,0.153945,-0.364513,0.189421,0.684573,-0.964146,0.293028,0.153497,-0.368223,0.209934
624,0.683581,-0.968217,0.287072,0.170059,-0.360918,0.199013,0.693401,-0.961088,0.265046,0.166358,-0.365274,0.206953,0.688982,-0.969706,0.281428,0.176599,-0.359646,0.198319,0.686732,-0.974507,0.271498,0.181115,-0.372102,0.204272
625,0.705869,-0.961458,0.26372,0.188529,-0.356072,0.205928,0.701271,-0.961791,0.259973,0.165815,-0.359669,0.193745,0.709282,-0.968773,0.24904,0.17719,-0.378035,0.203822,0.708356,-0.968933,0.256679,0.159877,-0.366139,0.20391
626,0.715789,-0.962291,0.244764,0.169377,-0.384758,0.186355,0.722588,-0.952732,0.241579,0.195621,-0.361127,0.174932,0.718018,-0.959292,0.246114,0.193172,-0.362613,0.183665,0.724346,-0.972266,0.245188,0.168683,-0.369661,0.208191
627,0.732581,-0.952758,0.227,0.185367,-0.370999,0.190607,0.740368,-0.950798,0.22565,0.19259,-0.374032,0.174905,0.738959,-0.955488,0.227751,0.210096,-0.359205,0.180623,0.732371,-0.953273,0.22527,0.19385,-0.383538,0.171634
628,0.744116,-0.9451,0.209869,0.206139,-0.373679,0.168516,0.75113,-0.94058,0.206287,0.201861,-0.381718,0.196921,0.747433,-0.949872,0.211143,0.201173,-0.364057,0.167499,0.745086,-0.95544,0.196787,0.210661,-0.361986,0.186119
629,0.757529,-0.942602,0.1961,0.204005,-0.38364,0.173313,0.762639,-0.947258,0.18907,0.187917,-0.398124,0.172936,0.765378,-0.939891,0.18731,0.212184,-0.376286,0.183985,0.756588,-0.947938,0.176972,0.189444,-0.369328,0.19016
630,0.777448,-0.935775,0.16709,0.205498,-0.374881,0.151231,0.778058,-0.937185,0.166686,0.216246,-0.372856,0.179787,0.769218,-0.933345,0.159809,0.206881,-0.378356,0.160075,0.775534,-0.938637,0.161329,0.211702,-0.359609,0.180459
631,0.78549,-0.920123,0.157093,0.203979,-0.360743,0.157312,0.784832,-0.932362,0.15111,0.198967,-0.36385,0.149765,0.788354,-0.935402,0.155681,0.204003,-0.354401,0.164886,0.780187,-0.923267,0.156854,0.200419,-0.371632,0.17044
632,0.793228,-0.92116,0.134949,0.229991,-0.367007,0.140876,0.796833,-0.916212,0.128927,0.209643,-0.373073,0.142457,0.791309,-0.9256,0.139892,0.207742,-0.380634,0.15484,0.796801,-0.91983,0.133071,0.223814,-0.36966,0.163759
633,0.803836,-0.913028,0.108421,0.234862,-0.370025,0.154084,0.797549,-0.910505,0.10879,0.225851,-0.36227,0.130107,0.811525,-0.916629,0.11076,0.235176,-0.373946,0.134936,0.802043,-0.921268,0.120792,0.217331,-0.360896,0.138806
634,0.814384,-0.897127,0.08944,0.241492,-0.356575,0.12898,0.826111,-0.902999,0.09457,0.227889,-0.374526,0.14748,0.825623,-0.914058,0.083821,0.21508,-0.381147,0.135779,0.824981,-0.90292,0.089727,0.240315,-0.358135,0.151103
635,0.827525,-0.897302,0.074418,0.238317,-0.352147,0.145679,0.825808,-0.898415,0.073414,0.227156,-0.367033,0.142398,0.825937,-0.900842,0.070713,0.232255,-0.367381,0.135042,0.83243,-0.901433,0.075013,0.219708,-0.37925,0.12349
636,0.831185,-0.890423,0.065416,0.230756,-0.361142,0.12466,0.83733,-0.893274,0.058482,0.232575,-0.36492,0.116597,0.838752,-0.898633,0.058241,0.245996,-0.363395,0.144614,0.839002,-0.9025,0.054087,0.24035,-0.365417,0.119999
637,0.849991,-0.885926,0.028752,0.250411,-0.349154,0.120723,0.847548,-0.886625,0.038121,0.253645,-0.36412,0.125199,0.835174,-0.880017,0.032273,0.235567,-0.354974,0.126757,0.844366,-0.887522,0.039992,0.242159,-0.356674,0.125371
638,0.852656,-0.867047,0.022724,0.250483,-0.343532,0.103229,0.854807,-0.873447,0.016638,0.22505,-0.364764,0.131022,0.854372,-0.877902,0.015174,0.240308,-0.370448,0.113779,0.854084,-0.875192,0.020139,0.241726,-0.390777,0.123127
639,0.866052,-0.864822,-0.006351,0.266614,-0.37955,0.108807,0.861441,-0.870576,-0.007486,0.247362,-0.352975,0.125053,0.869502,-0.86581,-0.003804,0.25848,-0.365708,0.133082,0.857296,-0.858255,-0.002723,0.239401,-0.359128,0.125198
640,0.881397,-0.856847,-0.017073,0.26518,-0.369262,0.09937,0.874456,-0.846679,-0.011709,0.26678,-0.356909,0.109184,0.870885,-0.865015,-0.022776,0.249589,-0.356529,0.101336,0.880014,-0.844967,-0.025313,0.238843,-0.358868,0.103839
641,0.877853,-0.842988,-0.048345,0.269833,-0.373641,0.120013,0.886999,-0.844199,-0.051391,0.258687,-0.357715,0.093923,0.886564,-0.841928,-0.038063,0.256238,-0.35161,0.090416,0.883533,-0.847197,-0.033722,0.259598,-0.342828,0.088935
642,0.897325,-0.829359,-0.058285,0.25553,-0.353627,0.083724,0.895822,-0.827729,-0.063545,0.280945,-0.377737,0.093268,0.891279,-0.838085,-0.054206,0.266883,-0.361361,0.078294,0.897769,-0.829458,-0.063351,0.276316,-0.365952,0.077744
643,0.899951,-0.825796,-0.078959,0.279759,-0.365784,0.085186,0.907657,-0.825599,-0.07404,0.284109,-0.359754,0.074359,0.899882,-0.82136,-0.072654,0.273079,-0.347132,0.091217,0.903216,-0.823946,-0.076534,0.272491,-0.327724,0.0894
644,0.902483,-0.806722,-0.105883,0.284033,-0.338139,0.091456,0.915459,-0.813586,-0.095134,0.26786,-0.356248,0.076915,0.912246,-0.814567,-0.095405,0.267843,-0.349423,0.077665,0.902244,-0.809476,-0.098436,0.259516,-0.349661,0.081045
645,0.918968,-0.805079,-0.118052,0.278273,-0.359062,0.084383,0.918422,-0.802609,-0.117785,0.298725,-0.354983,0.066892,0.920944,-0.803758,-0.120068,0.282797,-0.343952,0.068472,0.924134,-0.801886,-0.120889,0.268588,-0.34858,0.077513
646,0.924831,-0.797588,-0.146084,0.274559,-0.345017,0.043883,0.929516,-0.790734,-0.129173,0.275658,-0.356628,0.05342,0.923906,-0.786013,-0.134835,0.296054,-0.344912,0.051545,0.930092,-0.790574,-0.144522,0.276805,-0.346519,0.064144
647,0.935121,-0.783475,-0.148086,0.292388,-0.343179,0.051065,0.948873,-0.778777,-0.142898,0.289638,-0.357723,0.039346,0.937303,-0.779838,-0.15912,0.298137,-0.35085,0.066451,0.930241,-0.788232,-0.155115,0.295052,-0.355735,0.054653
648,0.935007,-0.762968,-0.176949,0.299355,-0.341782,0.046289,0.936527,-0.763096,-0.167274,0.305271,-0.360028,0.025232,0.940208,-0.76837,-0.162933,0.280681,-0.336442,0.05004,0.944613,-0.774696,-0.160644,0.293767,-0.333864,0.043831
649,0.949522,-0.752129,-0.18622,0.287281,-0.358508,0.040666,0.945444,-0.751973,-0.191285,0.298649,-0.31663,0.057312,0.939239,-0.75304,-0.186192,0.292394,-0.341554,0.041317,0.95265,-0.750604,-0.186404,0.296099,-0.32988,0.029323
650,0.955117,-0.755146,-0.206813,0.32035,-0.342433,0.030301,0.954418,-0.747,-0.211208,0.305,-0.325251,0.036832,0.951647,-0.750692,-0.2048,0.299299,-0.33439,0.032164,0.95954,-0.734548,-0.202703,0.295797,-0.343443,0.055265
651,0.959868,-0.729177,-0.233472,0.322927,-0.329511,0.023615,0.956379,-0.73813,-0.227374,0.310067,-0.351254,0.031012,0.964058,-0.725802,-0.223299,0.311816,-0.340796,0.016259,0.959743,-0.727382,-0.22102,0.289668,-0.313543,0.034407
652,0.961856,-0.718306,-0.249627,0.309664,-0.312662,0.014688,0.964023,-0.709249,-0.246706,0.322871,-0.329393,0.028683,0.960429,-0.703443,-0.243167,0.302949,-0.332959,0.002616,0.959115,-0.711834,-0.246569,0.31293,-0.331856,0.027646
653,0.968212,-0.700217,-0.253588,0.315917,-0.328243,-0.003706,0.974226,-0.705695,-0.260274,0.32562,-0.345209,0.014726,0.96522,-0.706946,-0.258811,0.311345,-0.334328,0.011618,0.984046,-0.708295,-0.270852,0.308203,-0.333742,0.014084
654,0.981204,-0.685562,-0.277206,0.302589,-0.316518,0.008133,0.965561,-0.687041,-0.269005,0.326014,-0.314195,0.023784,0.976098,-0.68709,-0.263524,0.317339,-0.322977,-0.004725,0.969883,-0.685335,-0.276249,0.331971,-0.314705,-0.011737
655,0.970605,-0.672491,-0.302843,0.330934,-0.312735,-0.000288,0.98308,-0.674553,-0.294973,0.327503,-0.339927,0.000962,0.980351,-0.676301,-0.294284,0.338032,-0.330384,-0.004497,0.972199,-0.677094,-0.299869,0.321241,-0.306808,0.000961
656,0.96625,-0.660118,-0.323862,0.329477,-0.326973,0.008748,0.988869,-0.660394,-0.321932,0.316888,-0.33151,-0.001474,0.981119,-0.671918,-0.320849,0.335143,-0.302172,-0.028185,0.978079,-0.667979,-0.328145,0.326867,-0.318174,-0.011591
657,0.985399,-0.631608,-0.335324,0.320768,-0.317889,-0.001167,0.980792,-0.641,-0.34386,0.338834,-0.310019,-0.032231,0.980669,-0.652989,-0.330082,0.327969,-0.299436,-0.014887,0.979906,-0.652435,-0.346805,0.318206,-0.303938,-0.009105
658,0.995426,-0.636057,-0.351151,0.334121,-0.314238,-0.036395,0.990854,-0.630938,-0.34912,0.321937,-0.300819,-0.015046,0.990693,-0.637191,-0.355533,0.342445,-0.323827,-0.007168,0.992042,-0.635607,-0.352808,0.36345,-0.308984,-0.010066
659,0.993909,-0.616846,-0.367278,0.34533,-0.285095,-0.039311,0.992732,-0.62497,-0.373209,0.331793,-0.300156,-0.028653,0.989759,-0.617384,-0.370429,0.337841,-0.318545,-0.01678,0.993282,-0.628557,-0.369824,0.342926,-0.313571,-0.020494
660,0.987844,-0.597278,-0.385109,0.343009,-0.297733,-0.025239,0.999496,-0.595116,-0.385647,0.350747,-0.322443,-0.037571,0.9923,-0.600989,-0.389014,0.328187,-0.284916,-0.045301,1.002656,-0.606153,-0.378211,0.324355,-0.293297,-0.042682
661,0.990387,-0.5826,-0.403506,0.333735,-0.29156,-0.049348,0.993717,-0.591408,-0.399655,0.352262,-0.292534,-0.044442,0.988247,-0.590909,-0.403285,0.333938,-0.29099,-0.031747,0.990703,-0.583523,-0.410126,0.317625,-0.298447,-0.059384
662,0.996794,-0.567941,-0.419729,0.345108,-0.271874,-0.058569,0.995506,-0.576042,-0.419892,0.339786,-0.30993,-0.056581,0.98961,-0.575896,-0.42138,0.343713,-0.290907,-0.075102,0.991757,-0.574265,-0.423113,0.341743,-0.297077,-0.04107
663,0.992959,-0.554237,-0.438757,0.353701,-0.304255,-0.067369,0.993518,-0.553364,-0.439669,0.321118,-0.278648,-0.067814,1.003265,-0.564872,-0.430825,0.347377,-0.286665,-0.054874,0.99781,-0.562059,-0.43148,0.349086,-0.275957,-0.049299
664,1.004247,-0.54458,-0.456197,0.350232,-0.267525,-0.064629,0.998862,-0.550638,-0.457605,0.349464,-0.295161,-0.058449,1.004611,-0.538239,-0.45384,0.343875,-0.285687,-0.051503,0.997767,-0.54535,-0.452474,0.352857,-0.288851,-0.082566
665,0.998915,-0.532519,-0.475084,0.347932,-0.279429,-0.061205,1.002441,-0.524599,-0.472847,0.355155,-0.293643,-0.058014,0.996112,-0.523766,-0.466717,0.351203,-0.28843,-0.071214,0.996771,-0.529771,-0.469365,0.35422,-0.29458,-0.077524
666,1.003958,-0.511289,-0.488251,0.368201,-0.270453,-0.083622,0.989892,-0.510979,-0.488194,0.359377,-0.288055,-0.067405,1.000702,-0.514618,-0.489791,0.336703,-0.275773,-0.059878,0.998116,-0.517834,-0.491311,0.346395,-0.266388,-0.105487
