sample_idx,Va_1,Vb_1,Vc_1,Ia_1,Ib_1,Ic_1,Va_5,Vb_5,Vc_5,Ia_5,Ib_5,Ic_5,Va_10,Vb_10,Vc_10,Ia_10,Ib_10,Ic_10,Va_30,Vb_30,Vc_30,Ia_30,Ib_30,Ic_30
0,1.004442,-0.493443,-0.497101,0.371694,-0.312563,-0.095098,1.001179,-0.506056,-0.49957,0.382889,-0.311225,-0.069364,1.004674,-0.492655,-0.497201,0.382181,-0.302109,-0.09909,0.996327,-0.513226,-0.496651,0.364864,-0.288684,-0.089168
1,1.005133,-0.482904,-0.525062,0.391514,-0.297564,-0.092172,0.995979,-0.483851,-0.514452,0.390099,-0.300725,-0.088316,1.000228,-0.48362,-0.516431,0.378938,-0.30889,-0.098554,1.009491,-0.484617,-0.514781,0.40434,-0.281805,-0.108865
2,0.987725,-0.469006,-0.53044,0.393141,-0.277584,-0.09019,1.009524,-0.470968,-0.521066,0.379588,-0.283849,-0.112618,1.001769,-0.463816,-0.526986,0.394488,-0.300015,-0.118685,1.002872,-0.460928,-0.529001,0.381878,-0.281031,-0.100021
3,0.997712,-0.456273,-0.548697,0.391288,-0.272392,-0.121747,1.003049,-0.443639,-0.546106,0.381996,-0.267441,-0.113091,0.994105,-0.44978,-0.551841,0.379342,-0.284324,-0.104593,0.999323,-0.450976,-0.547914,0.395529,-0.276905,-0.093163
4,0.999112,-0.421012,-0.557568,0.409211,-0.270997,-0.117619,0.989958,-0.435281,-0.568317,0.393293,-0.278186,-0.126838,0.995477,-0.426544,-0.560596,0.401595,-0.276635,-0.097251,0.991998,-0.430257,-0.559709,0.392353,-0.282403,-0.111356
5,0.996777,-0.419737,-0.581753,0.404633,-0.266499,-0.127787,0.988137,-0.401867,-0.581116,0.401955,-0.269336,-0.119858,1.001967,-0.411984,-0.575167,0.391268,-0.286044,-0.12191,0.998486,-0.412784,-0.576723,0.390679,-0.2825,-0.124718
6,0.992519,-0.397329,-0.601476,0.403273,-0.266339,-0.142916,0.999835,-0.397909,-0.595337,0.40934,-0.276814,-0.149463,0.990251,-0.401347,-0.597851,0.399515,-0.256753,-0.131369,0.988226,-0.392693,-0.590842,0.392071,-0.278697,-0.147994
7,0.987587,-0.374691,-0.604445,0.386655,-0.272507,-0.131541,0.996911,-0.387948,-0.606698,0.402057,-0.256349,-0.140587,0.99087,-0.378012,-0.601533,0.404389,-0.281369,-0.141734,0.987561,-0.382817,-0.605872,0.391451,-0.260322,-0.141543
8,0.987124,-0.359141,-0.622065,0.401812,-0.266306,-0.156242,0.997899,-0.367233,-0.613674,0.415585,-0.263951,-0.154186,0.986613,-0.362152,-0.632856,0.397712,-0.261294,-0.155296,0.98288,-0.363783,-0.614915,0.398005,-0.244292,-0.176344
9,0.985114,-0.345841,-0.6371,0.40121,-0.254405,-0.150983,0.985995,-0.351636,-0.639587,0.391405,-0.23695,-0.141467,0.981901,-0.34903,-0.632059,0.409548,-0.239424,-0.158177,0.977293,-0.344698,-0.640992,0.388338,-0.242751,-0.168493
10,0.9825,-0.327365,-0.662695,0.423167,-0.234214,-0.155572,0.98385,-0.325147,-0.652011,0.394984,-0.2364,-0.157362,0.980909,-0.328737,-0.654074,0.406725,-0.239526,-0.158002,0.97397,-0.323549,-0.660456,0.383065,-0.237305,-0.175847
11,0.982764,-0.312605,-0.66618,0.408659,-0.247086,-0.159392,0.977501,-0.307717,-0.672884,0.3965,-0.213805,-0.176553,0.973468,-0.316725,-0.660785,0.389247,-0.246188,-0.151922,0.978623,-0.319951,-0.665411,0.407869,-0.226407,-0.163566
12,0.983839,-0.285176,-0.674996,0.403075,-0.230208,-0.184303,0.978998,-0.279764,-0.678054,0.39168,-0.201013,-0.173274,0.968395,-0.288921,-0.688547,0.410697,-0.219971,-0.185992,0.977012,-0.300611,-0.687676,0.414867,-0.204584,-0.184737
13,0.973211,-0.277326,-0.692718,0.384692,-0.220029,-0.171507,0.971316,-0.289577,-0.696267,0.40273,-0.214579,-0.179209,0.972615,-0.279193,-0.69034,0.400138,-0.221067,-0.195122,0.968444,-0.28143,-0.696755,0.396009,-0.213031,-0.177711
14,0.971924,-0.255244,-0.707277,0.401606,-0.227548,-0.182041,0.965861,-0.260494,-0.71017,0.400884,-0.213864,-0.195073,0.973903,-0.263636,-0.703234,0.399479,-0.209057,-0.199529,0.95526,-0.255368,-0.712011,0.40987,-0.210182,-0.189485
15,0.967071,-0.236062,-0.726362,0.39729,-0.219349,-0.213707,0.955179,-0.242864,-0.724517,0.399079,-0.213454,-0.201795,0.960364,-0.2333,-0.713708,0.411726,-0.189852,-0.205722,0.961246,-0.234159,-0.728093,0.397063,-0.214882,-0.189227
16,0.954444,-0.217948,-0.734893,0.429512,-0.190629,-0.213246,0.963576,-0.218223,-0.740868,0.412635,-0.194732,-0.18861,0.952527,-0.21903,-0.736411,0.413518,-0.212881,-0.201766,0.958358,-0.212272,-0.735307,0.41063,-0.197325,-0.199581
17,0.950465,-0.203959,-0.743864,0.400537,-0.192407,-0.199376,0.952259,-0.205718,-0.742128,0.409631,-0.190686,-0.210202,0.938344,-0.203094,-0.749497,0.419434,-0.201368,-0.207035,0.948701,-0.205373,-0.740581,0.396981,-0.198348,-0.21083
18,0.940091,-0.187561,-0.758989,0.406853,-0.188585,-0.23041,0.943027,-0.185835,-0.761049,0.412779,-0.183642,-0.207026,0.942818,-0.180869,-0.759814,0.406855,-0.179769,-0.21202,0.951529,-0.169559,-0.756529,0.395925,-0.19372,-0.214542
19,0.940703,-0.156541,-0.766903,0.401517,-0.181443,-0.22332,0.942996,-0.16444,-0.772781,0.424224,-0.185314,-0.229326,0.938278,-0.17366,-0.769701,0.429196,-0.172499,-0.214466,0.933484,-0.159959,-0.77716,0.411406,-0.198419,-0.226359
20,0.931407,-0.139543,-0.777181,0.402184,-0.177789,-0.228887,0.927296,-0.148115,-0.788708,0.40083,-0.168413,-0.227089,0.926333,-0.143687,-0.785072,0.39963,-0.185687,-0.238235,0.93788,-0.148521,-0.783458,0.388223,-0.163088,-0.223907
21,0.921914,-0.127469,-0.800288,0.411947,-0.169354,-0.236616,0.92608,-0.125398,-0.794831,0.40313,-0.155326,-0.245234,0.921204,-0.131914,-0.786592,0.384222,-0.177784,-0.226578,0.924757,-0.127253,-0.796755,0.415048,-0.167407,-0.233442
22,0.920153,-0.112823,-0.80563,0.401659,-0.167532,-0.228462,0.915074,-0.106553,-0.805143,0.405575,-0.16396,-0.255336,0.924655,-0.108904,-0.81186,0.401879,-0.155587,-0.242011,0.907245,-0.116166,-0.81003,0.398159,-0.160641,-0.247797
23,0.910298,-0.085149,-0.812773,0.393846,-0.146337,-0.243339,0.902337,-0.088013,-0.825489,0.402417,-0.161038,-0.240774,0.91167,-0.086199,-0.810412,0.420348,-0.162463,-0.23919,0.912762,-0.083637,-0.815593,0.3953,-0.154814,-0.256003
24,0.899646,-0.067289,-0.826541,0.412659,-0.144022,-0.265069,0.887448,-0.074319,-0.824591,0.378707,-0.134039,-0.251477,0.891883,-0.067671,-0.824724,0.395147,-0.152635,-0.267636,0.896107,-0.072327,-0.834813,0.394085,-0.1483,-0.245401
25,0.88951,-0.057603,-0.839306,0.393374,-0.140576,-0.260213,0.888662,-0.060735,-0.832772,0.390936,-0.147713,-0.257741,0.892484,-0.052633,-0.840971,0.387452,-0.141767,-0.25293,0.900422,-0.048986,-0.836033,0.390948,-0.14541,-0.245053
26,0.88154,-0.032339,-0.8566,0.40024,-0.127279,-0.256451,0.875734,-0.036387,-0.83983,0.391916,-0.134135,-0.279273,0.880348,-0.031269,-0.848514,0.396954,-0.128227,-0.246539,0.877846,-0.024358,-0.850138,0.384875,-0.118323,-0.264597
27,0.867129,-0.017026,-0.860627,0.396435,-0.120212,-0.27771,0.878427,-0.016642,-0.86401,0.39764,-0.126144,-0.269446,0.867734,-0.018032,-0.866883,0.39665,-0.143199,-0.282091,0.877791,-0.011016,-0.854144,0.394674,-0.11245,-0.255361
28,0.862472,0.005831,-0.87072,0.389934,-0.117665,-0.26362,0.866423,0.003794,-0.863443,0.385044,-0.124175,-0.282947,0.857103,-0.005603,-0.870217,0.390532,-0.114809,-0.286055,0.869397,0.015663,-0.862755,0.387799,-0.124779,-0.290204
29,0.849772,0.023679,-0.880344,0.386,-0.101287,-0.274323,0.849717,0.025554,-0.875862,0.383181,-0.105863,-0.281904,0.852044,0.017401,-0.879865,0.378486,-0.106988,-0.302408,0.847513,0.019643,-0.875568,0.384387,-0.097614,-0.281222
30,0.846529,0.045356,-0.885144,0.410676,-0.10057,-0.28039,0.845877,0.044868,-0.886335,0.388071,-0.099956,-0.282439,0.833258,0.0509,-0.888014,0.41104,-0.090794,-0.290236,0.846268,0.053971,-0.887994,0.382172,-0.111021,-0.281999
31,0.834379,0.065109,-0.894622,0.400232,-0.105076,-0.297726,0.839985,0.058659,-0.902676,0.39364,-0.11744,-0.298786,0.83604,0.05986,-0.892044,0.381307,-0.104761,-0.278667,0.835642,0.051956,-0.899978,0.40567,-0.106976,-0.306438
32,0.818393,0.087375,-0.895683,0.381243,-0.095289,-0.300528,0.820435,0.077981,-0.909869,0.400585,-0.079556,-0.297456,0.828535,0.081312,-0.905442,0.370318,-0.066313,-0.283875,0.826546,0.076544,-0.902098,0.402749,-0.061623,-0.288707
33,0.810175,0.098484,-0.912388,0.366959,-0.076551,-0.31434,0.817122,0.099322,-0.921173,0.389095,-0.08676,-0.303831,0.817905,0.103187,-0.912406,0.378536,-0.083675,-0.291708,0.81588,0.098604,-0.923299,0.389225,-0.076222,-0.310197
34,0.789612,0.119208,-0.922249,0.391384,-0.058303,-0.307574,0.798439,0.119296,-0.929885,0.392787,-0.071466,-0.311533,0.790477,0.121391,-0.924857,0.370486,-0.07609,-0.306479,0.800668,0.113507,-0.924161,0.389673,-0.072549,-0.31312
35,0.793658,0.132618,-0.930393,0.39112,-0.066408,-0.319205,0.786269,0.137086,-0.934278,0.376784,-0.061721,-0.309984,0.783438,0.133939,-0.92163,0.381431,-0.052736,-0.312828,0.794646,0.142804,-0.929439,0.383615,-0.080318,-0.302378
36,0.775157,0.15528,-0.926231,0.391007,-0.073606,-0.31467,0.779544,0.151434,-0.93108,0.374457,-0.055957,-0.321144,0.786133,0.146803,-0.922738,0.380044,-0.077574,-0.326598,0.771893,0.158093,-0.932019,0.383384,-0.059371,-0.306089
37,0.764851,0.163209,-0.950367,0.388035,-0.043787,-0.324409,0.771013,0.177806,-0.948737,0.354062,-0.04701,-0.345237,0.771859,0.162742,-0.945754,0.369657,-0.044306,-0.333237,0.760663,0.166593,-0.930136,0.379696,-0.052099,-0.319223
38,0.752423,0.195431,-0.944015,0.373114,-0.043918,-0.326738,0.750695,0.202246,-0.946619,0.368256,-0.045052,-0.329739,0.762647,0.194329,-0.947602,0.350731,-0.055632,-0.312845,0.747982,0.194519,-0.951809,0.368586,-0.065105,-0.322569
39,0.727665,0.213193,-0.951214,0.363108,-0.047979,-0.326136,0.733397,0.206707,-0.944687,0.372704,-0.027411,-0.334308,0.735748,0.208583,-0.963116,0.363293,-0.036892,-0.334392,0.743823,0.209227,-0.955646,0.362908,-0.04782,-0.312976
40,0.732098,0.230514,-0.953289,0.36843,-0.038373,-0.344665,0.738674,0.231512,-0.961747,0.361803,-0.018249,-0.338636,0.727693,0.230262,-0.955143,0.364532,-0.010097,-0.325539,0.726986,0.227585,-0.953783,0.364315,-0.042309,-0.341369
41,0.721849,0.237341,-0.957213,0.356014,-0.035464,-0.332363,0.713863,0.247819,-0.965226,0.33555,-0.021618,-0.346362,0.717767,0.247197,-0.960902,0.356301,-0.015826,-0.3327,0.715409,0.253655,-0.969249,0.345631,-0.038029,-0.339488
42,0.700138,0.257088,-0.967534,0.359329,-0.019502,-0.34945,0.703553,0.262038,-0.968014,0.362956,-0.004248,-0.332234,0.69477,0.268068,-0.964983,0.345147,-0.00379,-0.352654,0.700554,0.275166,-0.968056,0.349171,0.000928,-0.360183
43,0.687705,0.273928,-0.97721,0.367387,-0.024404,-0.346977,0.699476,0.287931,-0.973765,0.358189,0.005843,-0.340973,0.695496,0.282682,-0.981181,0.34666,-0.006327,-0.353867,0.689809,0.280241,-0.9743,0.359443,-0.001087,-0.336406
44,0.677126,0.302866,-0.970393,0.360848,0.014463,-0.366372,0.66957,0.30011,-0.971394,0.346281,-0.000245,-0.3568,0.671131,0.309134,-0.973896,0.353786,0.000933,-0.353159,0.67225,0.297213,-0.984626,0.356226,-0.000423,-0.359373
45,0.657791,0.317602,-0.97609,0.342542,0.003872,-0.364105,0.657635,0.314308,-0.98354,0.372141,0.009476,-0.358739,0.664826,0.320582,-0.979403,0.353171,0.006158,-0.346871,0.652578,0.320556,-0.977158,0.350725,-0.007095,-0.337282
46,0.652359,0.325372,-0.988989,0.337709,0.011283,-0.37229,0.651645,0.330561,-0.984615,0.340878,0.022284,-0.36503,0.648075,0.329528,-0.977538,0.341446,0.027746,-0.350645,0.643331,0.330455,-0.993614,0.332406,0.019556,-0.364719
47,0.620967,0.356635,-0.984419,0.343671,0.021512,-0.364287,0.637428,0.350678,-0.988634,0.340547,0.025781,-0.367652,0.637325,0.360397,-0.979879,0.326597,0.017027,-0.371844,0.626553,0.350161,-0.984153,0.326685,0.028105,-0.347262
48,0.613708,0.371369,-0.980889,0.339294,0.025737,-0.367733,0.615057,0.375715,-0.990177,0.327858,0.032126,-0.366948,0.61956,0.37426,-0.995204,0.326576,0.04229,-0.355487,0.624798,0.374652,-0.985867,0.319805,0.026297,-0.362192
49,0.606102,0.388381,-0.985991,0.316172,0.041485,-0.387464,0.603899,0.387593,-0.98697,0.342207,0.018374,-0.357534,0.605139,0.384794,-0.993228,0.321189,0.024112,-0.382778,0.604906,0.387828,-0.990307,0.307149,0.056114,-0.384225
50,0.584162,0.405293,-0.98435,0.319306,0.041085,-0.376698,0.579728,0.408238,-0.990302,0.309144,0.052619,-0.381433,0.58196,0.408953,-0.999698,0.307466,0.035958,-0.36428,0.595283,0.407915,-0.986186,0.333399,0.047741,-0.365771
51,0.572599,0.425653,-0.996966,0.337715,0.063117,-0.362611,0.575045,0.419379,-0.992713,0.336142,0.046624,-0.393698,0.569008,0.425238,-1.003521,0.306274,0.050262,-0.385569,0.568604,0.428811,-0.998081,0.311465,0.069309,-0.366798
52,0.553797,0.433894,-1.006528,0.308715,0.062391,-0.367991,0.55671,0.440817,-0.992822,0.325435,0.074208,-0.373429,0.553826,0.439276,-0.998734,0.327203,0.057574,-0.380739,0.56017,0.441643,-0.996036,0.327245,0.053144,-0.372637
53,0.537195,0.45619,-0.997914,0.295961,0.088024,-0.393405,0.542806,0.460797,-0.999361,0.324993,0.069332,-0.391323,0.550981,0.460962,-0.993255,0.311912,0.068883,-0.380279,0.533768,0.456033,-1.003772,0.311021,0.075749,-0.370067
54,0.524382,0.475627,-1.001685,0.28712,0.053773,-0.40612,0.521267,0.470784,-1.002356,0.289853,0.076145,-0.389118,0.521604,0.477051,-0.995231,0.299224,0.056953,-0.388276,0.521718,0.467635,-1.000925,0.314482,0.056676,-0.380542
55,0.505642,0.488321,-1.000479,0.319203,0.10163,-0.382539,0.505237,0.489729,-0.996764,0.300947,0.077256,-0.381273,0.495544,0.485717,-1.002333,0.285749,0.072195,-0.384714,0.511101,0.483938,-1.001205,0.317066,0.096536,-0.39094
56,0.487092,0.503802,-1.000626,0.300183,0.086129,-0.411238,0.493431,0.512025,-0.992894,0.317395,0.088589,-0.381624,0.489833,0.500493,-1.007663,0.294122,0.081561,-0.37294,0.492709,0.510348,-0.995684,0.306842,0.08246,-0.380655
57,0.474716,0.52392,-1.003112,0.295762,0.078131,-0.382901,0.474089,0.526844,-0.998358,0.280272,0.097266,-0.384684,0.479437,0.526169,-1.002362,0.29766,0.099193,-0.382267,0.481212,0.519935,-1.007155,0.298412,0.091915,-0.382103
58,0.45954,0.5405,-1.009412,0.289578,0.102077,-0.406963,0.461292,0.538877,-0.998529,0.279362,0.111993,-0.406315,0.45241,0.542993,-0.993457,0.289839,0.100589,-0.390233,0.464561,0.535193,-0.998976,0.285679,0.116793,-0.385944
59,0.432161,0.560569,-1.000183,0.311162,0.116506,-0.385604,0.444235,0.549775,-0.996937,0.269575,0.116574,-0.399801,0.431463,0.554186,-1.008939,0.2773,0.121365,-0.397688,0.443049,0.557069,-0.98963,0.290162,0.107201,-0.400222
60,0.417237,0.587237,-0.993337,0.268147,0.118153,-0.38549,0.427409,0.582522,-0.994011,0.267488,0.126369,-0.408362,0.43519,0.562831,-0.994952,0.268922,0.132885,-0.396052,0.428372,0.577233,-0.998848,0.269902,0.121634,-0.378215
61,0.404864,0.584262,-1.000694,0.263826,0.129425,-0.390055,0.40771,0.595373,-0.9933,0.272166,0.118517,-0.402145,0.408866,0.599493,-1.003933,0.274387,0.120165,-0.401741,0.413891,0.585449,-0.993976,0.277199,0.135709,-0.408274
62,0.391699,0.595989,-0.986096,0.270688,0.149007,-0.400609,0.384483,0.602179,-0.985458,0.238951,0.136875,-0.398607,0.388541,0.60766,-0.99616,0.243932,0.140884,-0.385559,0.388952,0.596667,-0.990772,0.261956,0.134929,-0.403
63,0.360268,0.621722,-0.984918,0.26492,0.136075,-0.392205,0.371749,0.620325,-0.98805,0.254846,0.145518,-0.394575,0.378148,0.619566,-0.994476,0.263864,0.14869,-0.405525,0.384081,0.612653,-0.998247,0.266166,0.155726,-0.405003
64,0.353429,0.631652,-0.989136,0.245203,0.151497,-0.400739,0.345498,0.634267,-0.993345,0.255158,0.141033,-0.397519,0.357337,0.634834,-0.985423,0.246326,0.168092,-0.404384,0.356825,0.637342,-0.987638,0.248074,0.139198,-0.406151
65,0.327981,0.642771,-0.988171,0.242994,0.153874,-0.393544,0.338849,0.643704,-0.987942,0.243951,0.147279,-0.405376,0.335049,0.64954,-0.983937,0.231486,0.163797,-0.39645,0.339803,0.648051,-0.989706,0.243637,0.160695,-0.397518
66,0.32191,0.659477,-0.974192,0.221401,0.174799,-0.409289,0.311528,0.660834,-0.983929,0.254354,0.181563,-0.398941,0.31677,0.657543,-0.978179,0.225694,0.149404,-0.41567,0.321909,0.661588,-0.978133,0.248048,0.156497,-0.414222
67,0.301043,0.673155,-0.978579,0.233784,0.164257,-0.394732,0.301126,0.672602,-0.98122,0.218751,0.163305,-0.408266,0.296529,0.667197,-0.976561,0.224093,0.181625,-0.397429,0.303401,0.670697,-0.971104,0.227755,0.159199,-0.402694
68,0.290618,0.680439,-0.971348,0.214041,0.165657,-0.408248,0.28332,0.692525,-0.975152,0.244592,0.178003,-0.404992,0.287368,0.679672,-0.976774,0.228618,0.182963,-0.403277,0.288359,0.680694,-0.972234,0.237772,0.184983,-0.394183
69,0.269536,0.703718,-0.97425,0.201942,0.184877,-0.40529,0.274662,0.699004,-0.961793,0.222633,0.177341,-0.402563,0.266968,0.695618,-0.966278,0.224017,0.174365,-0.398593,0.27362,0.704376,-0.971998,0.221544,0.190665,-0.410504
70,0.249378,0.713448,-0.964309,0.193964,0.170102,-0.397576,0.24747,0.711114,-0.962335,0.20046,0.202974,-0.40899,0.24149,0.722424,-0.967797,0.199724,0.17982,-0.3885,0.248247,0.715114,-0.966204,0.209698,0.193259,-0.407735
71,0.227138,0.725851,-0.953544,0.195359,0.211788,-0.396334,0.238258,0.732666,-0.95229,0.202829,0.204645,-0.393856,0.233672,0.733121,-0.96335,0.205488,0.194514,-0.401998,0.232441,0.720729,-0.956504,0.211534,0.189083,-0.386938
72,0.20592,0.746288,-0.963558,0.203957,0.198613,-0.388379,0.217811,0.742272,-0.952169,0.192886,0.207157,-0.395249,0.213454,0.745736,-0.949016,0.199639,0.197534,-0.393573,0.20747,0.734806,-0.954143,0.222235,0.220717,-0.402623
73,0.188937,0.752684,-0.941747,0.199204,0.226842,-0.394936,0.187767,0.755071,-0.940786,0.181919,0.203195,-0.412305,0.19475,0.758385,-0.947659,0.193062,0.210343,-0.407301,0.193598,0.743545,-0.949761,0.194624,0.203398,-0.42046
74,0.172992,0.762075,-0.950139,0.191471,0.212565,-0.403319,0.169825,0.757568,-0.938902,0.183654,0.20401,-0.397655,0.166103,0.765636,-0.942579,0.179854,0.223087,-0.401174,0.175402,0.77557,-0.936697,0.188637,0.23114,-0.417125
75,0.154073,0.782796,-0.936661,0.174843,0.213107,-0.391357,0.156054,0.770638,-0.935351,0.161119,0.223718,-0.409411,0.16064,0.778742,-0.93297,0.18221,0.233982,-0.402635,0.158469,0.779537,-0.926277,0.186313,0.237195,-0.40041
76,0.142278,0.799538,-0.927739,0.167808,0.231445,-0.386379,0.141236,0.790395,-0.927015,0.157578,0.22363,-0.383504,0.141411,0.790241,-0.928914,0.184374,0.253673,-0.411229,0.138906,0.792212,-0.933186,0.153524,0.233228,-0.407264
77,0.121801,0.789529,-0.918692,0.173746,0.243509,-0.392282,0.130494,0.803214,-0.928425,0.166164,0.251176,-0.40133,0.127049,0.798363,-0.921796,0.153927,0.237288,-0.416462,0.125558,0.795502,-0.923279,0.153184,0.235911,-0.397171
78,0.095235,0.815805,-0.91196,0.149202,0.234937,-0.406769,0.097268,0.823189,-0.913505,0.16296,0.225322,-0.384568,0.104563,0.813378,-0.915411,0.15181,0.23558,-0.403591,0.099822,0.813033,-0.909402,0.170122,0.223658,-0.402462
79,0.089223,0.817913,-0.904485,0.150308,0.268727,-0.396523,0.083541,0.821458,-0.908519,0.152327,0.268023,-0.409512,0.08225,0.821131,-0.899398,0.142033,0.25641,-0.390836,0.085794,0.815985,-0.904751,0.168019,0.256312,-0.408981
80,0.063818,0.83692,-0.901445,0.136418,0.253062,-0.397795,0.068842,0.84472,-0.883989,0.138322,0.252602,-0.409448,0.064537,0.82843,-0.897914,0.146876,0.271694,-0.39963,0.056307,0.837186,-0.900866,0.130849,0.261446,-0.401171
81,0.031397,0.857112,-0.898078,0.129395,0.261004,-0.391264,0.037438,0.842713,-0.885725,0.146809,0.255605,-0.398827,0.043739,0.844044,-0.87761,0.138345,0.26191,-0.406806,0.051429,0.84289,-0.893648,0.1385,0.258126,-0.395439
82,0.025388,0.847234,-0.883501,0.115004,0.25926,-0.392002,0.027897,0.852943,-0.872937,0.116801,0.264364,-0.408017,0.022513,0.843167,-0.878366,0.131264,0.251355,-0.401852,0.020901,0.844459,-0.876519,0.131819,0.269282,-0.388992
83,0.005408,0.857595,-0.865224,0.121956,0.265702,-0.399578,0.008186,0.866265,-0.867887,0.132016,0.267788,-0.396741,0.009175,0.863483,-0.861471,0.116695,0.273254,-0.386707,0.013543,0.865837,-0.869835,0.123845,0.266298,-0.420388
84,-0.009887,0.866565,-0.861426,0.108863,0.279645,-0.389898,-0.014683,0.86591,-0.862751,0.137588,0.283021,-0.384945,-0.011067,0.875602,-0.869219,0.112615,0.292002,-0.385803,-0.005485,0.865272,-0.858465,0.117778,0.289399,-0.399385
85,-0.018884,0.879459,-0.848015,0.108935,0.28532,-0.38833,-0.032533,0.878142,-0.857735,0.109271,0.28864,-0.375819,-0.036024,0.876074,-0.854856,0.101631,0.301412,-0.389242,-0.031049,0.885372,-0.856487,0.116642,0.275508,-0.390568
86,-0.059522,0.895592,-0.844489,0.090171,0.275175,-0.40205,-0.056388,0.890819,-0.841104,0.119126,0.27932,-0.389064,-0.052371,0.896497,-0.840275,0.079986,0.281437,-0.392576,-0.054267,0.88969,-0.839603,0.096443,0.296843,-0.399582
87,-0.06883,0.904432,-0.822687,0.101525,0.299313,-0.406607,-0.07406,0.896106,-0.821504,0.095893,0.306372,-0.392762,-0.076463,0.898567,-0.834674,0.098111,0.289758,-0.406002,-0.063826,0.903191,-0.830398,0.084,0.271602,-0.397428
88,-0.085779,0.905691,-0.816955,0.077065,0.291882,-0.357847,-0.081877,0.902922,-0.812534,0.082129,0.322456,-0.366313,-0.089079,0.912177,-0.819464,0.083769,0.314834,-0.386509,-0.081219,0.908279,-0.816259,0.088413,0.288324,-0.393858
89,-0.09493,0.926342,-0.800882,0.0908,0.312853,-0.38008,-0.098928,0.917597,-0.79883,0.072965,0.308797,-0.370674,-0.108811,0.91618,-0.810187,0.079144,0.309984,-0.389873,-0.101958,0.917308,-0.80906,0.074581,0.296424,-0.392817
90,-0.125997,0.920823,-0.793242,0.069528,0.317866,-0.37002,-0.123534,0.921625,-0.801819,0.05883,0.295767,-0.374259,-0.115191,0.917391,-0.800196,0.061026,0.304424,-0.379827,-0.122032,0.926046,-0.801584,0.070553,0.311372,-0.38263
91,-0.143036,0.935122,-0.798776,0.056053,0.325492,-0.382156,-0.141926,0.922303,-0.781248,0.053324,0.310551,-0.371619,-0.149349,0.924678,-0.792318,0.052385,0.311914,-0.407662,-0.146672,0.926311,-0.779318,0.078704,0.307758,-0.372551
92,-0.166177,0.930693,-0.767633,0.056633,0.32648,-0.362784,-0.153878,0.930583,-0.774607,0.051288,0.31555,-0.36943,-0.162698,0.932367,-0.77198,0.052833,0.311078,-0.37538,-0.168624,0.934592,-0.779713,0.050875,0.291822,-0.369968
93,-0.188687,0.938204,-0.757395,0.031996,0.308875,-0.377441,-0.171175,0.943439,-0.759968,0.061728,0.320633,-0.392277,-0.193985,0.950049,-0.762763,0.05337,0.328318,-0.382505,-0.178176,0.945991,-0.755017,0.040269,0.329357,-0.368003
94,-0.195011,0.957429,-0.747842,0.036237,0.330061,-0.366992,-0.19774,0.953244,-0.749208,0.041002,0.352302,-0.374435,-0.190266,0.947385,-0.746538,0.049642,0.327686,-0.361697,-0.204565,0.95544,-0.753336,0.052925,0.316927,-0.371916
95,-0.213219,0.955386,-0.738112,0.027882,0.333423,-0.364912,-0.219749,0.950777,-0.738114,0.038943,0.336995,-0.362467,-0.22229,0.956983,-0.734552,0.024509,0.321572,-0.351479,-0.216417,0.947615,-0.739391,0.042314,0.342028,-0.371141
96,-0.239293,0.953687,-0.722009,0.029953,0.326269,-0.369619,-0.24155,0.958093,-0.722317,0.034435,0.334358,-0.357917,-0.233414,0.956839,-0.719663,0.018282,0.338365,-0.364529,-0.235291,0.9544,-0.717779,0.006444,0.337826,-0.375078
97,-0.250342,0.973429,-0.715273,0.021337,0.333554,-0.343204,-0.251268,0.952241,-0.712998,0.011335,0.35073,-0.354405,-0.252753,0.966165,-0.707118,0.043195,0.33102,-0.36406,-0.247281,0.955572,-0.708881,0.020567,0.369076,-0.364544
98,-0.271997,0.976283,-0.696943,0.00221,0.34771,-0.341245,-0.281287,0.980471,-0.694922,0.003875,0.357425,-0.354177,-0.273304,0.96752,-0.697366,0.014728,0.348916,-0.357715,-0.267046,0.968778,-0.691906,0.004588,0.324893,-0.359805
99,-0.295773,0.975674,-0.673144,0.017541,0.355329,-0.348327,-0.298199,0.975859,-0.683552,0.00018,0.343612,-0.345561,-0.280741,0.973617,-0.685721,0.004823,0.333606,-0.355809,-0.286827,0.969514,-0.681903,-0.019913,0.361583,-0.344711
100,-0.306078,0.975256,-0.6737,-0.004323,0.344571,-0.353554,-0.310762,0.971023,-0.669365,-0.012981,0.347847,-0.347427,-0.310698,0.971726,-0.675588,-0.011902,0.363932,-0.335086,-0.313842,0.976439,-0.660663,0.009329,0.365138,-0.341536
101,-0.318064,0.981067,-0.654487,-0.021882,0.347893,-0.320063,-0.329298,0.974312,-0.650768,-0.014058,0.363177,-0.324418,-0.325498,0.982212,-0.65233,-0.012691,0.340868,-0.359215,-0.330534,0.983992,-0.651527,-0.014874,0.366541,-0.340306
102,-0.340123,0.976254,-0.644326,-0.022574,0.364187,-0.340317,-0.347937,0.987486,-0.645351,-0.022109,0.352453,-0.34101,-0.34076,0.979952,-0.64628,-0.023254,0.379733,-0.343066,-0.345683,0.986065,-0.639564,-0.015992,0.339201,-0.328843
103,-0.360283,0.986793,-0.618548,-0.005048,0.369778,-0.335079,-0.354133,0.984954,-0.62904,-0.022664,0.36113,-0.335115,-0.370196,0.986754,-0.623349,-0.027903,0.374285,-0.331374,-0.36856,0.994813,-0.624074,-0.033,0.362918,-0.338406
104,-0.371616,0.990593,-0.606897,-0.032099,0.365177,-0.343391,-0.388737,0.982148,-0.611629,-0.039947,0.377818,-0.33489,-0.382777,0.997442,-0.614248,-0.034681,0.377996,-0.334728,-0.377362,0.99128,-0.618961,-0.061787,0.37394,-0.326031
105,-0.391072,0.992026,-0.590301,-0.049334,0.382922,-0.324489,-0.39699,0.996693,-0.593457,-0.055034,0.374955,-0.33939,-0.39881,0.987899,-0.592072,-0.034622,0.379628,-0.320628,-0.391246,1.001031,-0.603045,-0.039155,0.37673,-0.331793
106,-0.416279,0.995944,-0.581687,-0.047403,0.383543,-0.319216,-0.402229,0.990233,-0.580768,-0.046837,0.369353,-0.323545,-0.42294,0.986688,-0.577227,-0.044738,0.37232,-0.331126,-0.411629,0.994654,-0.580419,-0.058876,0.393699,-0.329965
107,-0.441838,0.990285,-0.572016,-0.063507,0.386221,-0.30509,-0.428844,0.995856,-0.561571,-0.062234,0.385846,-0.326732,-0.428502,1.000456,-0.567114,-0.055213,0.380212,-0.310188,-0.427715,1.003394,-0.576014,-0.058813,0.388747,-0.308998
108,-0.455212,1.003946,-0.553348,-0.068065,0.366731,-0.296737,-0.45233,0.997557,-0.549525,-0.069769,0.36566,-0.307986,-0.451061,0.998712,-0.553676,-0.051553,0.382922,-0.31197,-0.444104,0.992537,-0.54458,-0.064501,0.389774,-0.315074
109,-0.463807,0.995935,-0.533363,-0.077859,0.372958,-0.324028,-0.46835,0.995369,-0.528624,-0.080087,0.384498,-0.306156,-0.465538,0.99762,-0.536208,-0.082666,0.378679,-0.29229,-0.469366,0.994322,-0.534292,-0.080582,0.383182,-0.283166
110,-0.479163,0.991218,-0.52049,-0.091727,0.382345,-0.299745,-0.487945,0.997974,-0.515934,-0.102136,0.404963,-0.298483,-0.480238,0.99734,-0.521961,-0.082442,0.378421,-0.306909,-0.481571,1.00446,-0.525072,-0.067257,0.394472,-0.301413
111,-0.498695,1.00106,-0.500834,-0.096076,0.401025,-0.297959,-0.49378,1.002514,-0.503103,-0.09914,0.371874,-0.309447,-0.493978,0.99808,-0.503812,-0.08721,0.388069,-0.311979,-0.505916,0.99784,-0.500918,-0.104186,0.393881,-0.284342
112,-0.514231,0.995952,-0.488232,-0.092497,0.39408,-0.293263,-0.513388,0.994973,-0.491172,-0.10753,0.395321,-0.301773,-0.513878,0.998476,-0.482668,-0.092556,0.391724,-0.293516,-0.507513,1.005389,-0.484367,-0.110358,0.381352,-0.304591
113,-0.529176,1.000744,-0.467534,-0.092404,0.371501,-0.292229,-0.533129,1.000533,-0.466853,-0.09848,0.400785,-0.285571,-0.522954,1.002387,-0.46613,-0.102043,0.379567,-0.297857,-0.530354,1.009721,-0.465163,-0.099227,0.387501,-0.280703
114,-0.546226,1.001742,-0.452519,-0.111049,0.386457,-0.267842,-0.553885,0.993641,-0.452259,-0.123768,0.407361,-0.269874,-0.546741,1.002008,-0.455643,-0.096759,0.400752,-0.264282,-0.53801,1.001129,-0.446758,-0.102203,0.394453,-0.281288
115,-0.571508,0.995599,-0.437173,-0.124255,0.389387,-0.272881,-0.566657,0.994844,-0.434439,-0.122562,0.402015,-0.270976,-0.552213,1.004946,-0.426637,-0.110101,0.409769,-0.270936,-0.562587,1.000996,-0.437131,-0.104081,0.390839,-0.275254
116,-0.577492,0.989715,-0.42036,-0.119713,0.408419,-0.26869,-0.570734,1.003137,-0.414651,-0.136083,0.399878,-0.258185,-0.581097,0.992452,-0.419022,-0.120383,0.385959,-0.276342,-0.581055,0.9959,-0.415236,-0.124962,0.376612,-0.281817
117,-0.601297,0.999609,-0.401507,-0.128511,0.4208,-0.26277,-0.592295,1.001672,-0.401305,-0.147878,0.396034,-0.263555,-0.589099,1.00358,-0.398684,-0.134033,0.42274,-0.276027,-0.594149,0.999024,-0.407938,-0.120385,0.384468,-0.246898
118,-0.605274,0.993876,-0.376811,-0.146571,0.415858,-0.260934,-0.604229,0.993616,-0.380999,-0.139714,0.391708,-0.257396,-0.601338,0.984543,-0.38454,-0.132024,0.391842,-0.249847,-0.611432,0.994525,-0.376078,-0.142322,0.392472,-0.25546
119,-0.631403,0.980387,-0.356993,-0.159343,0.40852,-0.247081,-0.62131,0.990605,-0.371378,-0.163268,0.394162,-0.245061,-0.626292,0.985004,-0.366058,-0.150846,0.385299,-0.252545,-0.625378,0.991223,-0.367082,-0.147531,0.375275,-0.254325
120,-0.634388,0.982323,-0.355288,-0.149175,0.405327,-0.257919,-0.631625,0.98716,-0.353905,-0.150138,0.394032,-0.236081,-0.642971,0.973901,-0.345296,-0.135316,0.399269,-0.229938,-0.636298,0.978752,-0.348397,-0.135497,0.388968,-0.239585
121,-0.654871,0.995891,-0.324785,-0.193244,0.392776,-0.238058,-0.644036,0.980324,-0.330793,-0.15595,0.404304,-0.249872,-0.652144,0.986396,-0.324167,-0.16247,0.385229,-0.225619,-0.658103,0.985565,-0.335029,-0.152689,0.391979,-0.236652
122,-0.670047,0.982692,-0.314109,-0.173685,0.402078,-0.238157,-0.665338,0.975998,-0.314306,-0.158428,0.403013,-0.225379,-0.671958,0.988048,-0.322108,-0.173982,0.396991,-0.232291,-0.662954,0.972589,-0.315957,-0.167217,0.420983,-0.214417
123,-0.677378,0.975005,-0.295702,-0.164316,0.40396,-0.225897,-0.673258,0.96224,-0.293257,-0.175126,0.41347,-0.229858,-0.691697,0.964529,-0.298763,-0.193063,0.387529,-0.229739,-0.682737,0.973525,-0.292475,-0.174006,0.401569,-0.223914
124,-0.694858,0.971301,-0.273894,-0.189819,0.409678,-0.207629,-0.697271,0.966466,-0.279024,-0.19339,0.398099,-0.230271,-0.693986,0.962986,-0.285769,-0.191851,0.388328,-0.214191,-0.68703,0.960583,-0.271907,-0.198969,0.405116,-0.207763
125,-0.704743,0.971133,-0.258761,-0.199055,0.404266,-0.223217,-0.703204,0.968335,-0.254355,-0.187487,0.413628,-0.212852,-0.702364,0.960073,-0.26184,-0.194207,0.409401,-0.230616,-0.705299,0.962643,-0.255634,-0.179875,0.393745,-0.218578
126,-0.713288,0.96069,-0.237942,-0.191822,0.394078,-0.207195,-0.721239,0.951382,-0.235972,-0.180247,0.404996,-0.208387,-0.719954,0.966453,-0.246354,-0.191755,0.402965,-0.212313,-0.730513,0.959393,-0.232094,-0.197951,0.407151,-0.202249
127,-0.734553,0.94727,-0.217263,-0.200171,0.400577,-0.197078,-0.738035,0.951185,-0.231775,-0.196223,0.412968,-0.209876,-0.728467,0.951254,-0.218532,-0.200772,0.398252,-0.200645,-0.723908,0.953791,-0.221307,-0.20525,0.397233,-0.194853
128,-0.751905,0.94957,-0.19786,-0.200191,0.40618,-0.18512,-0.747548,0.938591,-0.197731,-0.205016,0.388604,-0.186241,-0.746603,0.951734,-0.206054,-0.221733,0.402257,-0.183276,-0.744208,0.948426,-0.203611,-0.202462,0.422263,-0.179388
129,-0.75759,0.944101,-0.192716,-0.193974,0.409482,-0.188761,-0.753656,0.950282,-0.187975,-0.212807,0.433309,-0.174548,-0.758132,0.941176,-0.181218,-0.223418,0.415825,-0.178352,-0.75209,0.943715,-0.181459,-0.227605,0.409834,-0.177983
130,-0.769332,0.943026,-0.167256,-0.211397,0.383221,-0.170688,-0.776835,0.937626,-0.154507,-0.212808,0.416978,-0.189979,-0.767038,0.939226,-0.174871,-0.227841,0.392442,-0.178473,-0.768411,0.94496,-0.166994,-0.224237,0.429427,-0.185037
131,-0.782836,0.941241,-0.146191,-0.225598,0.400766,-0.163002,-0.774672,0.932085,-0.154288,-0.247493,0.402248,-0.192358,-0.783086,0.944626,-0.143755,-0.227874,0.393593,-0.183931,-0.786291,0.930084,-0.148359,-0.222446,0.396071,-0.167214
132,-0.80048,0.918213,-0.129411,-0.229424,0.411271,-0.173707,-0.793399,0.92798,-0.125309,-0.248362,0.402161,-0.185215,-0.795191,0.920435,-0.124676,-0.236943,0.415501,-0.179681,-0.794844,0.918643,-0.129713,-0.224597,0.391329,-0.171131
133,-0.809364,0.926348,-0.103018,-0.231308,0.413464,-0.175218,-0.798105,0.919021,-0.107799,-0.22591,0.393672,-0.152939,-0.800705,0.909424,-0.120591,-0.247395,0.377099,-0.161525,-0.804246,0.918641,-0.111104,-0.226576,0.4074,-0.16943
134,-0.816331,0.905072,-0.097588,-0.249978,0.408744,-0.167153,-0.818157,0.89808,-0.099025,-0.248386,0.389261,-0.157388,-0.815655,0.907339,-0.087377,-0.244977,0.397372,-0.144646,-0.824521,0.917839,-0.093164,-0.221873,0.420343,-0.144528
135,-0.830755,0.902002,-0.063237,-0.247578,0.385736,-0.144857,-0.834008,0.897918,-0.069328,-0.259388,0.392653,-0.141836,-0.828219,0.8941,-0.069843,-0.244053,0.402427,-0.146472,-0.823489,0.894264,-0.077218,-0.258118,0.401249,-0.132748
136,-0.842302,0.89439,-0.047774,-0.266796,0.407514,-0.140512,-0.835158,0.888343,-0.053365,-0.26372,0.392018,-0.138274,-0.838728,0.886119,-0.054003,-0.265203,0.404791,-0.146806,-0.837249,0.891854,-0.045181,-0.250518,0.381397,-0.152265
137,-0.844656,0.879476,-0.037997,-0.24124,0.398775,-0.133226,-0.842011,0.890791,-0.030857,-0.271544,0.420687,-0.123569,-0.847043,0.884375,-0.04204,-0.264983,0.396656,-0.134724,-0.849063,0.886432,-0.030695,-0.259175,0.388816,-0.126081
138,-0.855685,0.869301,-0.006245,-0.259779,0.380845,-0.126754,-0.847173,0.878654,-0.017531,-0.262704,0.38924,-0.135619,-0.851841,0.875775,-0.016891,-0.27362,0.397026,-0.12891,-0.859884,0.87771,-0.024754,-0.26128,0.41113,-0.142196
139,-0.873497,0.864067,-0.005093,-0.281975,0.403433,-0.125618,-0.864601,0.861702,-0.003025,-0.269171,0.391164,-0.122965,-0.867087,0.858128,0.004699,-0.282563,0.38975,-0.120455,-0.862647,0.867953,-0.00021,-0.267785,0.37522,-0.127688
140,-0.874861,0.859274,0.029953,-0.289611,0.379066,-0.112197,-0.883023,0.855562,0.02179,-0.270297,0.393199,-0.127153,-0.877208,0.866734,0.019009,-0.275652,0.416376,-0.100097,-0.868848,0.856487,0.029101,-0.277557,0.396827,-0.114179
141,-0.883615,0.84074,0.040371,-0.288328,0.396224,-0.112252,-0.879644,0.847722,0.031631,-0.283883,0.390864,-0.104008,-0.883182,0.846811,0.034863,-0.280297,0.401855,-0.129388,-0.889855,0.850315,0.043096,-0.284628,0.39086,-0.105222
142,-0.887337,0.831011,0.059743,-0.300037,0.382779,-0.101827,-0.893396,0.839995,0.063183,-0.289766,0.394176,-0.101003,-0.891312,0.84275,0.058826,-0.283138,0.383531,-0.103423,-0.886765,0.838258,0.060379,-0.29983,0.37797,-0.097208
143,-0.90338,0.820295,0.081822,-0.301179,0.387713,-0.082119,-0.905758,0.813092,0.082316,-0.294813,0.383282,-0.109414,-0.899354,0.826439,0.076979,-0.301829,0.388523,-0.080501,-0.900839,0.830261,0.08087,-0.306168,0.387547,-0.083292
144,-0.916335,0.815816,0.100456,-0.301231,0.395587,-0.092024,-0.917916,0.809574,0.103277,-0.298402,0.395078,-0.087803,-0.90257,0.804894,0.091054,-0.312135,0.364679,-0.069568,-0.909848,0.81849,0.095407,-0.31256,0.366848,-0.072787
145,-0.915449,0.813164,0.11019,-0.320481,0.390971,-0.090795,-0.923012,0.806405,0.115302,-0.32023,0.380279,-0.073958,-0.917506,0.801666,0.113878,-0.298632,0.383037,-0.079732,-0.911236,0.80345,0.112918,-0.314935,0.381158,-0.084159
146,-0.919321,0.791252,0.131075,-0.314955,0.37311,-0.084339,-0.9157,0.78535,0.141294,-0.30376,0.37452,-0.053025,-0.930779,0.789526,0.132164,-0.324765,0.387767,-0.065182,-0.930804,0.796831,0.135364,-0.316165,0.379355,-0.078697
147,-0.933979,0.779735,0.151196,-0.324125,0.377281,-0.071259,-0.934077,0.784318,0.155745,-0.312222,0.378514,-0.045242,-0.936951,0.768203,0.151516,-0.310142,0.387144,-0.063608,-0.922333,0.774494,0.148713,-0.302377,0.37655,-0.063682
148,-0.932826,0.773341,0.173909,-0.329648,0.369264,-0.039414,-0.95175,0.775793,0.17199,-0.318165,0.36643,-0.051946,-0.947887,0.771514,0.169221,-0.309094,0.37739,-0.054184,-0.938229,0.775587,0.170702,-0.325074,0.351662,-0.051182
149,-0.948237,0.763177,0.197661,-0.342071,0.382581,-0.046513,-0.946352,0.750484,0.195878,-0.332512,0.367358,-0.027783,-0.935377,0.752821,0.190652,-0.30983,0.373584,-0.055976,-0.943738,0.754981,0.191481,-0.331942,0.386811,-0.036233
150,-0.954795,0.747422,0.204694,-0.32595,0.362655,-0.050147,-0.946089,0.735056,0.209667,-0.313008,0.36068,-0.04196,-0.954389,0.742371,0.204668,-0.330035,0.355556,-0.030706,-0.958074,0.74049,0.200905,-0.322441,0.37098,-0.027674
151,-0.955974,0.727818,0.223128,-0.345892,0.365676,-0.033644,-0.957813,0.722071,0.224779,-0.33159,0.357773,-0.025402,-0.959995,0.726973,0.227562,-0.3414,0.338444,-0.014879,-0.955137,0.735151,0.221181,-0.344251,0.353307,-0.031771
152,-0.957892,0.712499,0.251009,-0.337357,0.335172,-0.025098,-0.963598,0.716837,0.252181,-0.350158,0.365562,-0.035258,-0.960398,0.722415,0.24866,-0.330497,0.375917,-0.026515,-0.964852,0.728077,0.247562,-0.343286,0.353541,-0.027905
153,-0.974771,0.704554,0.264807,-0.340393,0.365538,-0.021978,-0.960159,0.699278,0.257666,-0.34333,0.369243,-0.00341,-0.958601,0.707684,0.251947,-0.348297,0.357417,-0.021168,-0.969838,0.703543,0.265965,-0.343664,0.333479,-0.022473
154,-0.972307,0.687027,0.27851,-0.334041,0.348484,-0.010849,-0.983434,0.698776,0.281629,-0.344294,0.34527,-0.021124,-0.974804,0.686337,0.27991,-0.359557,0.345342,-0.016697,-0.973565,0.682262,0.287722,-0.361905,0.351719,-0.021395
155,-0.974509,0.67143,0.304815,-0.363189,0.373063,-0.000855,-0.967374,0.67695,0.300716,-0.351619,0.339524,-0.009778,-0.979724,0.678398,0.299921,-0.351273,0.349305,0.007139,-0.966836,0.676905,0.297663,-0.338719,0.350439,0.011057
156,-0.981104,0.664297,0.326007,-0.341235,0.346835,-0.00149,-0.984216,0.647202,0.307063,-0.367398,0.367012,-0.014651,-0.975534,0.669795,0.326467,-0.361748,0.344851,-0.006976,-0.974567,0.669277,0.31228,-0.356857,0.364089,0.003918
157,-0.977662,0.649719,0.342469,-0.348789,0.353769,0.025857,-0.986158,0.652209,0.344186,-0.368582,0.343391,0.019788,-0.982654,0.644121,0.336964,-0.34381,0.355163,0.023445,-0.985688,0.639137,0.337308,-0.3732,0.334444,0.027619
158,-0.99193,0.636872,0.350856,-0.354111,0.343081,0.013174,-0.981243,0.643789,0.351834,-0.372153,0.359789,0.026136,-0.988412,0.63732,0.351777,-0.355982,0.338279,0.028927,-0.980765,0.637809,0.358273,-0.375385,0.331067,0.011528
159,-0.989332,0.624456,0.364544,-0.3579,0.340452,0.044556,-0.990823,0.626766,0.372647,-0.38094,0.344672,0.02398,-0.993704,0.619499,0.358622,-0.357122,0.331396,0.042483,-0.986065,0.613438,0.365552,-0.371299,0.342293,0.02329
160,-0.997863,0.606355,0.378622,-0.380652,0.334506,0.045479,-0.998273,0.601411,0.388241,-0.366605,0.32079,0.040135,-0.994539,0.605213,0.40004,-0.364867,0.316077,0.027696,-0.994917,0.6004,0.382637,-0.362507,0.337559,0.036895
161,-0.986374,0.595183,0.399219,-0.37937,0.315663,0.049306,-0.990848,0.588773,0.407939,-0.376485,0.32872,0.054276,-0.994811,0.595142,0.398718,-0.397219,0.326283,0.054706,-0.99667,0.587262,0.397115,-0.369698,0.332361,0.040733
162,-1.001909,0.573218,0.428858,-0.377041,0.319165,0.084031,-0.994394,0.574807,0.417216,-0.391568,0.320056,0.053427,-0.996485,0.574164,0.419126,-0.370878,0.307915,0.061719,-0.993011,0.568973,0.426844,-0.360465,0.327964,0.050061
163,-0.992845,0.555675,0.437654,-0.380907,0.321734,0.04514,-0.990896,0.559816,0.442784,-0.402668,0.332174,0.072574,-1.004918,0.553362,0.436332,-0.377179,0.317049,0.062595,-0.998789,0.556187,0.437727,-0.381191,0.323948,0.054978
164,-1.003446,0.551208,0.465373,-0.387462,0.309043,0.077487,-0.999842,0.547324,0.453623,-0.396335,0.298262,0.070139,-0.999392,0.539871,0.456925,-0.368409,0.303469,0.075755,-1.005808,0.540337,0.462519,-0.382469,0.302234,0.067186
165,-1.001741,0.524966,0.46855,-0.401791,0.300521,0.084549,-0.997928,0.520832,0.476719,-0.402267,0.307129,0.073735,-0.999019,0.525305,0.469234,-0.370746,0.300092,0.090328,-0.995882,0.526738,0.475888,-0.394507,0.297699,0.080446
166,-0.995045,0.505254,0.496402,-0.388868,0.3073,0.072885,-1.001494,0.505378,0.490911,-0.395727,0.282905,0.078549,-0.998212,0.520818,0.493139,-0.388276,0.307672,0.101359,-0.993542,0.507224,0.493205,-0.374642,0.29407,0.099039
167,-0.249438,0.558766,0.567401,-1.683365,0.288998,0.095933,-0.464835,0.539634,0.544133,-1.312723,0.287445,0.093814,-0.580584,0.521844,0.550828,-1.119226,0.300172,0.094052,-0.654527,0.523888,0.535117,-0.984271,0.285497,0.096765
168,-0.244914,0.535925,0.585006,-1.721879,0.297196,0.081357,-0.45882,0.524904,0.56976,-1.335454,0.281235,0.09958,-0.577364,0.510941,0.555491,-1.121668,0.285825,0.090676,-0.660059,0.511851,0.545553,-0.975615,0.299793,0.082322
169,-0.239261,0.521848,0.599997,-1.724871,0.298786,0.094797,-0.462023,0.508974,0.587359,-1.331611,0.263323,0.116176,-0.585859,0.498528,0.577132,-1.131678,0.27752,0.121052,-0.658289,0.491917,0.574715,-0.989494,0.294477,0.092158
170,-0.240094,0.495403,0.625692,-1.720654,0.268961,0.101682,-0.455944,0.486121,0.604559,-1.337751,0.283037,0.108246,-0.573493,0.475147,0.597586,-1.120588,0.266742,0.108853,-0.656704,0.466996,0.583715,-0.986237,0.276398,0.10658
171,-0.250383,0.485007,0.641478,-1.736645,0.271062,0.125843,-0.457188,0.470248,0.617147,-1.342338,0.264422,0.115607,-0.586384,0.45665,0.61395,-1.125242,0.266745,0.11299,-0.65716,0.458669,0.602097,-1.010182,0.273903,0.119954
172,-0.241766,0.472253,0.657056,-1.751918,0.279287,0.131638,-0.457332,0.442277,0.636648,-1.349109,0.284547,0.126683,-0.579877,0.441045,0.624985,-1.140496,0.25566,0.139711,-0.64946,0.431431,0.618609,-1.001093,0.266559,0.136651
173,-0.240262,0.438801,0.670076,-1.733085,0.264584,0.126219,-0.456603,0.431296,0.652752,-1.352651,0.270115,0.140454,-0.577807,0.431999,0.62802,-1.115462,0.263055,0.135144,-0.648506,0.423317,0.631533,-0.986705,0.24803,0.141516
174,-0.242769,0.417845,0.693979,-1.740409,0.274126,0.134842,-0.461099,0.411525,0.667451,-1.362691,0.261873,0.133025,-0.571458,0.399509,0.651591,-1.141863,0.264253,0.152262,-0.654143,0.396479,0.639826,-1.02026,0.24219,0.145683
175,-0.243797,0.399263,0.713698,-1.755291,0.22959,0.138049,-0.441972,0.386598,0.684861,-1.366617,0.252734,0.16607,-0.582183,0.382397,0.668425,-1.152527,0.253095,0.164491,-0.647528,0.381522,0.665506,-1.025267,0.252047,0.148225
176,-0.233326,0.372345,0.71882,-1.753226,0.247525,0.177902,-0.447535,0.369068,0.704881,-1.36047,0.246425,0.160832,-0.572596,0.364195,0.69209,-1.13101,0.226627,0.147666,-0.63924,0.370352,0.686673,-1.023874,0.254316,0.152655
177,-0.237119,0.370951,0.729556,-1.763467,0.226818,0.149363,-0.447408,0.347839,0.719081,-1.400688,0.241625,0.152289,-0.568444,0.340101,0.708239,-1.151486,0.228873,0.165098,-0.644024,0.336458,0.69479,-1.010647,0.238188,0.153944
178,-0.242079,0.344839,0.758924,-1.764063,0.232846,0.156403,-0.445671,0.32616,0.72421,-1.365117,0.227519,0.166627,-0.572628,0.326269,0.714878,-1.162291,0.243619,0.167162,-0.643422,0.322253,0.708638,-1.033641,0.238864,0.16722
179,-0.243146,0.33169,0.775571,-1.764407,0.234204,0.160514,-0.451345,0.303683,0.74308,-1.382997,0.223858,0.184044,-0.565884,0.301715,0.733322,-1.154647,0.208687,0.172325,-0.639764,0.308462,0.723825,-1.024715,0.207258,0.154217
180,-0.238185,0.308801,0.786247,-1.779247,0.230437,0.162231,-0.444741,0.297178,0.761195,-1.385727,0.225337,0.175017,-0.566936,0.283189,0.750405,-1.160732,0.216658,0.208132,-0.633163,0.282028,0.739604,-1.022099,0.233016,0.183581
181,-0.229038,0.287664,0.801814,-1.778056,0.204419,0.185739,-0.437154,0.277191,0.777281,-1.367818,0.220568,0.195441,-0.559116,0.257606,0.768578,-1.180902,0.21475,0.19323,-0.632126,0.271797,0.750982,-1.027702,0.213926,0.18686
182,-0.229847,0.25883,0.823397,-1.752575,0.202201,0.201098,-0.439608,0.250172,0.780743,-1.375999,0.204578,0.198265,-0.554596,0.246022,0.775971,-1.14405,0.192052,0.196621,-0.636214,0.246517,0.765064,-1.016238,0.189879,0.194521
183,-0.227717,0.241538,0.83106,-1.764017,0.187553,0.214988,-0.436899,0.235002,0.806312,-1.377151,0.192272,0.212995,-0.549031,0.222182,0.787596,-1.169398,0.199722,0.194752,-0.628042,0.222625,0.776413,-1.026001,0.20025,0.18501
184,-0.231985,0.22281,0.84356,-1.760604,0.188065,0.217327,-0.434572,0.206088,0.817538,-1.369692,0.19738,0.204502,-0.542313,0.215501,0.800654,-1.168602,0.161537,0.211762,-0.616082,0.209109,0.792689,-1.022608,0.180604,0.202587
185,-0.227056,0.203593,0.856409,-1.749928,0.184321,0.230679,-0.437106,0.192889,0.836907,-1.378668,0.188086,0.222524,-0.53676,0.191717,0.816694,-1.155705,0.175598,0.223592,-0.611996,0.197495,0.819135,-1.024347,0.188411,0.210444
186,-0.218918,0.170809,0.873489,-1.773369,0.175881,0.221701,-0.428492,0.17191,0.842606,-1.373355,0.175776,0.22203,-0.546095,0.164404,0.827772,-1.162266,0.180804,0.225502,-0.620741,0.159721,0.809868,-1.016631,0.168026,0.22182
187,-0.227704,0.162892,0.883769,-1.741969,0.164126,0.242735,-0.42898,0.15012,0.846851,-1.366527,0.173694,0.2268,-0.533492,0.151151,0.838801,-1.154236,0.179348,0.243385,-0.605975,0.153865,0.836004,-1.015732,0.178085,0.241493
188,-0.227158,0.140575,0.893067,-1.738147,0.162116,0.254683,-0.422111,0.142185,0.869257,-1.356602,0.168669,0.220605,-0.538076,0.129528,0.854706,-1.152949,0.162074,0.241761,-0.603609,0.131753,0.847322,-1.02978,0.164155,0.232496
189,-0.227677,0.119119,0.908059,-1.763255,0.164936,0.25631,-0.415844,0.108151,0.883805,-1.365554,0.138331,0.2547,-0.528469,0.103771,0.865076,-1.159061,0.147814,0.257873,-0.598149,0.108502,0.859977,-1.010028,0.148106,0.227437
190,-0.220561,0.093819,0.924152,-1.754125,0.142906,0.252352,-0.409823,0.094088,0.897121,-1.383471,0.164133,0.247084,-0.514775,0.089445,0.883472,-1.151288,0.14991,0.246743,-0.593262,0.085143,0.869934,-1.022565,0.143958,0.236942
191,-0.232405,0.076297,0.937303,-1.744907,0.165636,0.246559,-0.412309,0.072772,0.904213,-1.367678,0.134567,0.25964,-0.513859,0.070781,0.899487,-1.155312,0.14836,0.253849,-0.593935,0.065192,0.874682,-1.005861,0.149606,0.261126
192,-0.219873,0.055333,0.944363,-1.741245,0.133775,0.274834,-0.402845,0.04394,0.920761,-1.341349,0.137445,0.270324,-0.510622,0.056917,0.897193,-1.160316,0.126319,0.247879,-0.596054,0.050246,0.893374,-1.021756,0.141862,0.264892
193,-0.213498,0.037084,0.964126,-1.72773,0.122814,0.2725,-0.404257,0.042592,0.934094,-1.346999,0.14253,0.272087,-0.493651,0.025161,0.9104,-1.133638,0.142413,0.259983,-0.578868,0.022868,0.901086,-1.008871,0.120134,0.264748
194,-0.210686,0.008667,0.977401,-1.723055,0.118557,0.275451,-0.388979,0.005213,0.941274,-1.340068,0.109631,0.267022,-0.512248,0.013747,0.914708,-1.124863,0.118552,0.276711,-0.567956,0.008687,0.920412,-1.004199,0.122791,0.278233
195,-0.211684,-0.016235,0.974182,-1.716216,0.110763,0.261647,-0.389702,-0.012476,0.952578,-1.313965,0.102976,0.282925,-0.500289,-0.009494,0.925902,-1.128561,0.129655,0.27496,-0.564123,-0.010681,0.921126,-0.995911,0.125157,0.280082
196,-0.205455,-0.025623,0.988701,-1.705983,0.11608,0.279544,-0.388536,-0.033634,0.954499,-1.334869,0.090521,0.292997,-0.500288,-0.034945,0.940279,-1.125027,0.121111,0.293087,-0.562452,-0.026046,0.931104,-1.003337,0.097637,0.273049
197,-0.205222,-0.056613,0.996508,-1.703966,0.098434,0.298824,-0.385185,-0.041462,0.968507,-1.318394,0.119359,0.309251,-0.487293,-0.048788,0.949117,-1.123601,0.106932,0.269709,-0.550937,-0.054791,0.943482,-0.983744,0.096838,0.283644
198,-0.201862,-0.074317,1.016323,-1.684306,0.101519,0.290012,-0.39025,-0.076196,0.969245,-1.318746,0.078362,0.300735,-0.477441,-0.060766,0.965191,-1.112459,0.083975,0.293658,-0.550945,-0.085762,0.95129,-0.983298,0.091573,0.29702
199,-0.194646,-0.095577,1.012753,-1.68333,0.084322,0.30742,-0.373589,-0.088369,0.990475,-1.300404,0.084805,0.283728,-0.475507,-0.085092,0.961677,-1.093057,0.105095,0.291897,-0.533771,-0.095884,0.963177,-0.976993,0.091263,0.313248
200,-0.199088,-0.118526,1.032224,-1.681349,0.07669,0.293979,-0.37272,-0.114141,0.994735,-1.306031,0.082099,0.311451,-0.472379,-0.11189,0.974856,-1.093673,0.083086,0.316969,-0.527739,-0.112326,0.955784,-0.965157,0.094682,0.317417
201,-0.198868,-0.140295,1.033796,-1.667612,0.059782,0.300429,-0.367377,-0.134409,1.007247,-1.280447,0.07888,0.316269,-0.460663,-0.140668,0.988994,-1.109702,0.052256,0.312202,-0.529619,-0.123369,0.97844,-0.965715,0.082932,0.311594
202,-0.190935,-0.170847,1.040907,-1.638055,0.041805,0.31063,-0.361606,-0.151021,1.012477,-1.27873,0.064545,0.299142,-0.453229,-0.146694,0.999443,-1.079082,0.082461,0.319683,-0.516333,-0.153485,0.9898,-0.952145,0.045062,0.313362
203,-0.178689,-0.182294,1.043963,-1.631856,0.07138,0.309951,-0.357299,-0.185886,1.012482,-1.263585,0.059326,0.320804,-0.450652,-0.177269,1.00271,-1.074541,0.04292,0.294235,-0.507378,-0.169218,0.990816,-0.938835,0.050455,0.338646
204,-0.185185,-0.197914,1.058776,-1.646068,0.045669,0.337055,-0.351278,-0.19625,1.030846,-1.263029,0.041432,0.328864,-0.443781,-0.194369,1.005536,-1.057861,0.040092,0.332341,-0.491064,-0.187276,1.001744,-0.926327,0.054009,0.318645
205,-0.191754,-0.219658,1.072294,-1.615328,0.047645,0.320971,-0.345086,-0.210109,1.034346,-1.263933,0.025218,0.343388,-0.443023,-0.214588,1.012326,-1.061651,0.055291,0.333485,-0.483492,-0.208497,0.99554,-0.93888,0.044229,0.324613
206,-0.17958,-0.240936,1.080028,-1.592148,0.024612,0.316567,-0.341147,-0.243572,1.036016,-1.234434,0.044702,0.324656,-0.42535,-0.233164,1.01725,-1.058416,0.01139,0.323921,-0.4799,-0.224681,1.012509,-0.922282,0.034945,0.348796
207,-0.17605,-0.267784,1.076297,-1.577573,0.030575,0.34334,-0.33266,-0.257526,1.051504,-1.22601,0.026249,0.340997,-0.417922,-0.250167,1.034617,-1.043144,0.040118,0.335701,-0.465861,-0.239687,1.023055,-0.915416,0.025888,0.324432
208,-0.179009,-0.290862,1.088826,-1.568833,0.016007,0.346923,-0.325388,-0.275928,1.047791,-1.221815,0.004482,0.342248,-0.416615,-0.268406,1.028075,-1.021206,0.00304,0.342144,-0.459961,-0.267749,1.017287,-0.898222,0.003253,0.344548
209,-0.163561,-0.287861,1.090737,-1.533833,0.007176,0.352845,-0.318775,-0.294966,1.052304,-1.221836,0.010777,0.351993,-0.403965,-0.284099,1.040636,-1.028634,0.002276,0.335604,-0.460679,-0.293221,1.030413,-0.913937,-0.007206,0.335851
210,-0.169304,-0.332175,1.088646,-1.533758,0.012131,0.337139,-0.317465,-0.318206,1.05967,-1.211184,0.012868,0.348334,-0.396899,-0.306816,1.050104,-1.007556,-0.002526,0.334449,-0.453456,-0.299898,1.025135,-0.86415,0.012371,0.346617
211,-0.164509,-0.343141,1.102341,-1.535698,-0.018146,0.344964,-0.307911,-0.333796,1.071728,-1.20757,-0.01537,0.360391,-0.3898,-0.32909,1.044061,-0.992609,0.010454,0.361855,-0.438149,-0.326737,1.035767,-0.89238,-0.016853,0.378449
212,-0.166437,-0.367406,1.106302,-1.500984,-0.005112,0.370121,-0.302755,-0.364234,1.073157,-1.158639,-0.010426,0.356783,-0.371696,-0.347145,1.04979,-0.99195,-0.001693,0.354096,-0.434362,-0.348325,1.036766,-0.856856,-0.017898,0.3497
213,-0.161086,-0.388455,1.111661,-1.505586,-0.032938,0.353782,-0.298246,-0.383834,1.075894,-1.169301,-0.021386,0.354468,-0.362879,-0.366508,1.050167,-0.955636,-0.026689,0.338901,-0.415616,-0.359188,1.041279,-0.869552,-0.00815,0.363549
214,-0.159102,-0.399169,1.108196,-1.44785,-0.036889,0.355271,-0.292457,-0.391202,1.072404,-1.126497,-0.033255,0.383696,-0.357319,-0.385042,1.058525,-0.978413,-0.00827,0.359253,-0.412877,-0.382844,1.040634,-0.868257,-0.015955,0.376373
215,-0.149782,-0.431016,1.119544,-1.434351,-0.039485,0.36848,-0.278996,-0.422371,1.078232,-1.14005,-0.040779,0.371347,-0.350769,-0.406859,1.061207,-0.941766,-0.045946,0.386035,-0.389258,-0.401498,1.04821,-0.838721,-0.032939,0.357666
216,-0.141975,-0.455401,1.121853,-1.433201,-0.042827,0.351045,-0.27814,-0.430266,1.071883,-1.124943,-0.040866,0.369621,-0.339479,-0.423956,1.059272,-0.931601,-0.037595,0.36314,-0.392943,-0.414366,1.049035,-0.834797,-0.046358,0.367926
217,-0.140819,-0.467643,1.118285,-1.394718,-0.062233,0.383925,-0.270782,-0.4445,1.086666,-1.107246,-0.063649,0.38545,-0.335307,-0.436909,1.06428,-0.936815,-0.054906,0.372999,-0.380214,-0.431659,1.058817,-0.818185,-0.068058,0.370674
218,-0.137813,-0.489728,1.122081,-1.36959,-0.055077,0.376136,-0.260817,-0.462707,1.088048,-1.070292,-0.062688,0.376264,-0.332249,-0.465722,1.059852,-0.914761,-0.056485,0.375257,-0.368665,-0.462573,1.047128,-0.801621,-0.051656,0.371908
219,-0.140824,-0.508927,1.128026,-1.361467,-0.076523,0.365703,-0.254603,-0.481232,1.090951,-1.034575,-0.068876,0.375804,-0.310378,-0.472236,1.065397,-0.877547,-0.071309,0.393061,-0.366399,-0.467861,1.054876,-0.779679,-0.075107,0.37819
220,-0.140587,-0.52497,1.127643,-1.339292,-0.089646,0.373799,-0.245173,-0.505366,1.086876,-1.038817,-0.07411,0.37571,-0.303858,-0.489742,1.069409,-0.871295,-0.065423,0.378268,-0.366049,-0.489328,1.054919,-0.761217,-0.061711,0.364861
221,-0.124514,-0.538055,1.136302,-1.324426,-0.062187,0.385532,-0.23558,-0.518036,1.085139,-1.037372,-0.081626,0.39338,-0.305055,-0.519159,1.072383,-0.872003,-0.084338,0.38439,-0.34392,-0.50882,1.050907,-0.768145,-0.077697,0.36993
222,-0.12489,-0.558751,1.134592,-1.294167,-0.092125,0.389617,-0.216857,-0.540153,1.089483,-1.017402,-0.087529,0.377414,-0.294177,-0.519945,1.07109,-0.856425,-0.090921,0.390125,-0.334359,-0.521893,1.061661,-0.747137,-0.098482,0.386103
223,-0.123102,-0.5783,1.130199,-1.280608,-0.08059,0.389118,-0.224866,-0.552183,1.085689,-1.001593,-0.102923,0.387696,-0.288103,-0.557003,1.07028,-0.839902,-0.093624,0.374484,-0.318116,-0.549831,1.049086,-0.741736,-0.095421,0.373514
224,-0.119171,-0.591339,1.128542,-1.270528,-0.097423,0.397102,-0.217607,-0.579513,1.086503,-0.975273,-0.096725,0.382911,-0.274653,-0.572804,1.067153,-0.826555,-0.101707,0.386225,-0.307407,-0.555108,1.050226,-0.730807,-0.101479,0.395803
225,-0.100306,-0.612711,1.130181,-1.232454,-0.118097,0.394638,-0.206154,-0.594741,1.090392,-0.951194,-0.122975,0.383947,-0.264807,-0.586694,1.078049,-0.795916,-0.099721,0.402718,-0.289534,-0.576162,1.062918,-0.713558,-0.116098,0.410215
226,-0.109693,-0.631045,1.119781,-1.223218,-0.12525,0.397537,-0.198107,-0.617271,1.084775,-0.9506,-0.096615,0.387091,-0.251093,-0.59435,1.051382,-0.797926,-0.110527,0.388012,-0.286013,-0.59782,1.055145,-0.696148,-0.126507,0.390591
227,-0.105381,-0.655804,1.115247,-1.176397,-0.13098,0.391285,-0.196625,-0.635599,1.078726,-0.917116,-0.117,0.39613,-0.241145,-0.613382,1.071506,-0.784821,-0.117971,0.396507,-0.277618,-0.612262,1.053545,-0.69969,-0.119253,0.401576
228,-0.097989,-0.664003,1.115352,-1.151617,-0.131977,0.406118,-0.178387,-0.642294,1.091636,-0.903873,-0.136898,0.383587,-0.230826,-0.627372,1.056779,-0.756878,-0.116076,0.402854,-0.262073,-0.628065,1.060855,-0.657804,-0.132929,0.395947
229,-0.090407,-0.687497,1.112007,-1.130581,-0.141192,0.404794,-0.185639,-0.659133,1.079215,-0.903281,-0.156045,0.386211,-0.221109,-0.652589,1.066062,-0.744933,-0.131404,0.411452,-0.250382,-0.635132,1.052171,-0.647729,-0.140268,0.393412
230,-0.089084,-0.697784,1.117051,-1.100137,-0.14814,0.394366,-0.176059,-0.680439,1.077629,-0.858527,-0.130961,0.410186,-0.213113,-0.669697,1.0559,-0.73922,-0.145074,0.38491,-0.24469,-0.659886,1.053117,-0.637336,-0.152023,0.399024
231,-0.078369,-0.720516,1.106053,-1.089372,-0.133588,0.405328,-0.159022,-0.679261,1.082564,-0.858559,-0.143078,0.419519,-0.203989,-0.681078,1.064265,-0.704989,-0.14962,0.407956,-0.229395,-0.669064,1.049613,-0.631417,-0.13743,0.386538
232,-0.07421,-0.737435,1.10266,-1.042016,-0.164699,0.401191,-0.152378,-0.701186,1.07637,-0.833128,-0.16956,0.383543,-0.191362,-0.697209,1.047168,-0.692469,-0.155839,0.402666,-0.21809,-0.683028,1.035374,-0.600233,-0.155427,0.41292
233,-0.07852,-0.740837,1.096509,-1.031103,-0.169836,0.380525,-0.156253,-0.732128,1.067818,-0.800769,-0.17288,0.383279,-0.184856,-0.714997,1.048238,-0.682003,-0.156425,0.393852,-0.2156,-0.698549,1.029826,-0.600325,-0.177246,0.404362
234,-0.068553,-0.760272,1.094848,-0.985683,-0.165947,0.418449,-0.13516,-0.739552,1.06293,-0.770328,-0.179003,0.41249,-0.170067,-0.729837,1.045456,-0.663166,-0.181458,0.399541,-0.189085,-0.722867,1.02714,-0.565388,-0.157468,0.410085
235,-0.067744,-0.77874,1.09824,-0.981154,-0.179769,0.401962,-0.132388,-0.751312,1.065673,-0.766841,-0.174582,0.416754,-0.165383,-0.738245,1.038388,-0.646589,-0.173796,0.389362,-0.17831,-0.734231,1.025229,-0.568553,-0.170276,0.403254
236,-0.065589,-0.7902,1.08513,-0.914915,-0.19116,0.414824,-0.123235,-0.777834,1.057029,-0.730314,-0.1821,0.406168,-0.153753,-0.746407,1.031475,-0.62089,-0.190475,0.38606,-0.168765,-0.74619,1.01612,-0.543557,-0.196502,0.4241
237,-0.058282,-0.816042,1.084881,-0.911683,-0.191185,0.408683,-0.104868,-0.784455,1.045692,-0.717582,-0.193751,0.410189,-0.13705,-0.76881,1.034201,-0.610057,-0.206999,0.390308,-0.160489,-0.757196,1.018518,-0.53758,-0.184427,0.388032
238,-0.045095,-0.816881,1.072015,-0.883258,-0.194886,0.406677,-0.096849,-0.792628,1.043997,-0.693986,-0.195008,0.410636,-0.122553,-0.78182,1.028484,-0.573889,-0.200981,0.393539,-0.141794,-0.76798,1.007136,-0.513158,-0.185296,0.400788
239,-0.057327,-0.836073,1.068928,-0.861184,-0.198253,0.415098,-0.094729,-0.800761,1.032379,-0.666331,-0.186719,0.406146,-0.120412,-0.794457,1.02255,-0.564822,-0.205391,0.416797,-0.132842,-0.795413,1.008971,-0.508785,-0.199528,0.395903
240,-0.045217,-0.84651,1.062553,-0.827374,-0.223696,0.403463,-0.083222,-0.827579,1.030558,-0.640592,-0.210853,0.400618,-0.107926,-0.805942,1.014607,-0.54503,-0.223123,0.402594,-0.125617,-0.801613,0.999418,-0.476399,-0.21678,0.403523
241,-0.047237,-0.87335,1.050371,-0.790698,-0.218348,0.389849,-0.077093,-0.841917,1.025329,-0.642297,-0.21072,0.409406,-0.098008,-0.821781,1.004792,-0.511081,-0.227899,0.401762,-0.11073,-0.82151,0.991942,-0.465817,-0.214013,0.373398
242,-0.043933,-0.876921,1.052825,-0.767026,-0.243436,0.394797,-0.06637,-0.85142,1.023363,-0.585737,-0.234527,0.406319,-0.091103,-0.834782,0.998231,-0.51833,-0.222492,0.398381,-0.098835,-0.82713,0.988174,-0.430302,-0.205977,0.391318
243,-0.037623,-0.887869,1.040583,-0.725925,-0.2281,0.412099,-0.061775,-0.850416,1.004873,-0.579037,-0.236205,0.391459,-0.066494,-0.849684,0.994788,-0.492171,-0.231709,0.394026,-0.084205,-0.841353,0.98846,-0.424841,-0.242518,0.389943
244,-0.03645,-0.906934,1.036949,-0.705617,-0.236233,0.401764,-0.05531,-0.882979,1.001331,-0.5549,-0.237477,0.384927,-0.071201,-0.857051,0.983931,-0.475324,-0.244109,0.396555,-0.078912,-0.858665,0.966648,-0.415862,-0.221748,0.394789
245,-0.01317,-0.925621,1.016144,-0.670296,-0.233434,0.406599,-0.045446,-0.884796,0.996053,-0.538129,-0.231575,0.398615,-0.045894,-0.876284,0.97629,-0.44008,-0.252734,0.397349,-0.054208,-0.862063,0.96384,-0.381711,-0.244615,0.391361
246,-0.01711,-0.939855,1.008427,-0.656699,-0.252335,0.405325,-0.035105,-0.897406,0.984985,-0.513864,-0.265253,0.391728,-0.040959,-0.884699,0.968707,-0.42226,-0.252307,0.389471,-0.047577,-0.878805,0.94904,-0.384962,-0.259151,0.410419
247,-0.011652,-0.944609,1.008901,-0.61661,-0.247479,0.38948,-0.026698,-0.917926,0.982995,-0.479376,-0.259586,0.408351,-0.033615,-0.897533,0.94438,-0.412565,-0.253104,0.402455,-0.034644,-0.881695,0.952507,-0.368849,-0.244971,0.404577
248,-0.007777,-0.951286,1.000451,-0.579257,-0.256331,0.403561,-0.011902,-0.917644,0.96201,-0.450692,-0.28304,0.407157,-0.028627,-0.90381,0.942722,-0.408525,-0.261752,0.398834,-0.020108,-0.903871,0.940369,-0.351408,-0.270332,0.377884
249,-0.013262,-0.960008,0.978774,-0.565546,-0.271678,0.406614,-0.010274,-0.933892,0.953215,-0.42424,-0.259419,0.401211,-0.008593,-0.91957,0.933629,-0.365163,-0.273506,0.402839,-0.016121,-0.90362,0.917874,-0.317892,-0.281234,0.388922
250,-0.000164,-0.967691,0.964965,-0.528041,-0.290772,0.39925,-0.00015,-0.940977,0.939775,-0.395288,-0.279688,0.385366,0.00388,-0.920228,0.926239,-0.327155,-0.280117,0.400167,-0.004095,-0.909123,0.922105,-0.313244,-0.272966,0.393409
251,0.015421,-0.979309,0.958497,-0.485841,-0.27708,0.380959,0.009118,-0.964655,0.939486,-0.39459,-0.265853,0.383405,0.006794,-0.947542,0.913631,-0.305088,-0.282898,0.388703,0.005922,-0.92179,0.906934,-0.272775,-0.277412,0.405954
252,0.012444,-0.992387,0.956859,-0.457798,-0.291826,0.391638,0.026009,-0.965156,0.930115,-0.372619,-0.284587,0.388024,0.022091,-0.950554,0.907084,-0.283602,-0.310389,0.396338,0.031099,-0.936605,0.901344,-0.244084,-0.294487,0.39907
253,0.017709,-1.005515,0.946546,-0.434456,-0.283028,0.389864,0.023171,-0.975672,0.920782,-0.331831,-0.314848,0.383254,0.038482,-0.955988,0.903663,-0.27352,-0.311473,0.413118,0.026905,-0.943684,0.879886,-0.243376,-0.292885,0.398136
254,0.020355,-1.007909,0.927106,-0.416619,-0.297448,0.396405,0.027644,-0.987276,0.904226,-0.31257,-0.291243,0.376831,0.035333,-0.96639,0.883842,-0.268025,-0.294421,0.363012,0.063078,-0.953835,0.867855,-0.227825,-0.29145,0.387777
255,0.019371,-1.021835,0.915307,-0.351651,-0.299413,0.377694,0.041539,-0.988602,0.895577,-0.270893,-0.321416,0.397906,0.063124,-0.982712,0.870429,-0.22332,-0.313366,0.393729,0.065023,-0.970418,0.864332,-0.208439,-0.288604,0.369136
256,0.025498,-1.031005,0.906402,-0.306452,-0.319699,0.373229,0.041291,-0.991059,0.871712,-0.281485,-0.325315,0.382346,0.065795,-0.980735,0.866792,-0.221804,-0.281241,0.362989,0.059935,-0.966501,0.840963,-0.191347,-0.31493,0.346547
257,0.035218,-1.044025,0.88867,-0.311196,-0.310605,0.376078,0.055561,-1.010027,0.865324,-0.228159,-0.314744,0.382829,0.078639,-0.986755,0.854079,-0.180408,-0.327801,0.380208,0.088635,-0.974095,0.834001,-0.175355,-0.319148,0.370417
258,0.037659,-1.038553,0.884529,-0.260684,-0.31941,0.386786,0.065783,-1.016065,0.847714,-0.195886,-0.317194,0.371151,0.07947,-0.996742,0.831696,-0.181486,-0.323033,0.377574,0.103822,-0.990193,0.829176,-0.136661,-0.304622,0.369577
259,0.033785,-1.056048,0.863165,-0.225884,-0.324787,0.362943,0.085778,-1.023308,0.830127,-0.184113,-0.318712,0.37984,0.088884,-1.00399,0.826501,-0.143363,-0.301656,0.368142,0.109218,-0.992778,0.812706,-0.136426,-0.331441,0.373694
260,0.050526,-1.057927,0.848737,-0.203531,-0.329051,0.361408,0.088983,-1.030711,0.823647,-0.164855,-0.331126,0.352555,0.103615,-1.008982,0.806154,-0.150774,-0.340863,0.3804,0.128552,-1.006975,0.79343,-0.114431,-0.339064,0.379392
261,0.059229,-1.069685,0.836923,-0.176253,-0.316653,0.388037,0.093692,-1.033951,0.809303,-0.120142,-0.339375,0.352647,0.121811,-1.01742,0.806347,-0.105467,-0.339509,0.375979,0.142695,-0.997332,0.788651,-0.101629,-0.332282,0.346878
262,0.059606,-1.079765,0.830062,-0.138401,-0.339845,0.377651,0.101542,-1.042383,0.799376,-0.094765,-0.348981,0.358941,0.130176,-1.023489,0.784507,-0.090983,-0.339271,0.366669,0.147467,-1.007008,0.777288,-0.073983,-0.316018,0.355089
263,0.051157,-1.081284,0.807868,-0.118178,-0.357691,0.371689,0.108187,-1.035928,0.794807,-0.080048,-0.323234,0.347657,0.142049,-1.027976,0.761596,-0.075429,-0.340498,0.358449,0.159057,-1.004338,0.766025,-0.047722,-0.330862,0.344266
264,0.054225,-1.095193,0.788539,-0.078228,-0.330533,0.363307,0.11951,-1.054285,0.766714,-0.04019,-0.325961,0.352766,0.154415,-1.039739,0.763221,-0.043043,-0.321993,0.355152,0.172358,-1.030443,0.750673,-0.043917,-0.344034,0.363011
265,0.069595,-1.093195,0.781743,-0.036786,-0.334962,0.342925,0.122195,-1.060379,0.755329,-0.029529,-0.34564,0.366302,0.153812,-1.03099,0.743511,-0.014549,-0.350117,0.369025,0.186032,-1.02586,0.726782,0.008348,-0.353938,0.37826
266,0.071245,-1.105276,0.771509,0.008462,-0.345283,0.35035,0.128251,-1.058757,0.750086,0.008186,-0.343352,0.370909,0.158009,-1.049079,0.722736,0.007679,-0.360637,0.347342,0.203613,-1.029673,0.719179,0.020188,-0.340655,0.351423
267,0.075568,-1.100573,0.751949,0.046234,-0.350854,0.35115,0.140958,-1.063727,0.718554,0.017248,-0.343186,0.356548,0.182602,-1.04682,0.704442,0.024766,-0.351645,0.350984,0.201491,-1.03434,0.703397,0.013627,-0.359231,0.343222
268,0.077731,-1.107871,0.733667,0.05545,-0.364587,0.347546,0.158227,-1.075943,0.705587,0.054584,-0.360635,0.344541,0.192629,-1.050457,0.690894,0.062506,-0.366391,0.340481,0.215244,-1.039111,0.690657,0.055991,-0.372911,0.327944
269,0.084832,-1.112654,0.712397,0.074963,-0.367264,0.331982,0.161011,-1.077437,0.692453,0.092412,-0.356303,0.342404,0.204591,-1.057588,0.6803,0.064644,-0.34698,0.345356,0.230472,-1.052065,0.682039,0.070977,-0.359454,0.326053
270,0.09982,-1.115555,0.698543,0.13854,-0.357388,0.350886,0.160563,-1.078713,0.668794,0.093462,-0.373033,0.333128,0.214012,-1.063366,0.664073,0.091214,-0.359414,0.34274,0.239361,-1.052395,0.656073,0.068441,-0.370598,0.319071
271,0.096775,-1.117746,0.678262,0.175329,-0.363048,0.323502,0.18035,-1.080888,0.668107,0.152235,-0.376675,0.3026,0.224773,-1.068096,0.649854,0.096281,-0.365997,0.328255,0.252332,-1.045999,0.639925,0.076624,-0.377346,0.326125
272,0.10209,-1.119055,0.667416,0.208157,-0.359031,0.320906,0.196977,-1.089705,0.645435,0.166372,-0.355889,0.318507,0.23213,-1.067966,0.630261,0.124496,-0.381746,0.334829,0.256844,-1.051611,0.620809,0.118486,-0.365596,0.312795
273,0.097825,-1.117307,0.65489,0.217224,-0.392185,0.313339,0.194037,-1.08219,0.627972,0.174534,-0.369131,0.317321,0.243342,-1.068033,0.625845,0.160516,-0.365285,0.32407,0.273786,-1.053558,0.613778,0.154703,-0.378123,0.329291
274,0.111859,-1.122949,0.634972,0.284571,-0.388873,0.306659,0.193389,-1.089493,0.60694,0.213421,-0.400354,0.312488,0.260308,-1.071373,0.605424,0.170924,-0.390319,0.315158,0.285044,-1.051252,0.593748,0.16051,-0.385196,0.314597
275,0.110015,-1.119229,0.61248,0.302934,-0.375896,0.307811,0.199175,-1.099269,0.591386,0.230862,-0.382298,0.307023,0.266479,-1.06177,0.576087,0.187596,-0.382104,0.328045,0.299488,-1.051989,0.578517,0.174004,-0.370158,0.307101
276,0.11763,-1.122989,0.595412,0.325037,-0.367084,0.314279,0.212176,-1.089216,0.58385,0.256071,-0.383324,0.288608,0.269142,-1.074179,0.572061,0.236125,-0.387401,0.314326,0.316799,-1.053544,0.558033,0.201099,-0.37985,0.293489
277,0.116779,-1.128557,0.574154,0.374517,-0.3884,0.324949,0.220371,-1.079721,0.563796,0.295517,-0.378124,0.300251,0.288107,-1.059717,0.542309,0.24711,-0.379537,0.294924,0.315332,-1.062188,0.542142,0.219292,-0.380759,0.305868
278,0.122242,-1.117793,0.55835,0.416352,-0.382334,0.289027,0.222478,-1.096243,0.541299,0.314367,-0.380234,0.283811,0.289013,-1.072553,0.536326,0.262449,-0.391408,0.28351,0.335478,-1.061074,0.52785,0.221136,-0.376323,0.308332
279,0.128214,-1.117629,0.548664,0.428767,-0.382352,0.301212,0.237275,-1.085735,0.517031,0.333234,-0.394955,0.265794,0.304752,-1.071774,0.519025,0.261209,-0.393783,0.27561,0.347152,-1.058964,0.51907,0.252452,-0.381715,0.279971
280,0.136431,-1.123567,0.520952,0.466996,-0.393936,0.281351,0.254065,-1.092121,0.504959,0.357425,-0.395238,0.283599,0.307389,-1.067378,0.496284,0.301532,-0.404795,0.284375,0.35301,-1.047202,0.48995,0.277477,-0.372275,0.276802
281,0.146486,-1.130707,0.505041,0.494803,-0.392752,0.294952,0.256159,-1.086356,0.486778,0.38748,-0.418257,0.277175,0.318138,-1.068429,0.47332,0.307293,-0.395624,0.27009,0.346156,-1.052849,0.471344,0.289126,-0.394628,0.279073
282,0.139681,-1.128509,0.481467,0.530997,-0.383587,0.257071,0.269558,-1.088631,0.463587,0.401574,-0.407998,0.253822,0.326506,-1.067557,0.467213,0.339168,-0.400262,0.277563,0.372206,-1.05378,0.461786,0.29338,-0.395215,0.275137
283,0.139331,-1.125165,0.456446,0.545664,-0.400831,0.283302,0.262354,-1.085009,0.439034,0.443396,-0.392458,0.268576,0.340144,-1.065258,0.440435,0.377197,-0.396381,0.279738,0.383748,-1.050781,0.436057,0.291932,-0.402762,0.248901
284,0.145285,-1.120859,0.444033,0.598939,-0.397032,0.276556,0.278409,-1.091011,0.43601,0.442179,-0.393133,0.248818,0.349963,-1.064572,0.427049,0.390183,-0.396837,0.260172,0.401302,-1.052907,0.417085,0.346603,-0.414382,0.247431
285,0.145021,-1.116741,0.429003,0.63054,-0.387989,0.264821,0.278754,-1.081101,0.419851,0.49499,-0.436996,0.272437,0.35607,-1.062794,0.401426,0.414885,-0.390853,0.258803,0.408933,-1.052426,0.404119,0.353558,-0.402172,0.26661
286,0.150519,-1.10715,0.401433,0.663141,-0.396736,0.267444,0.28633,-1.076534,0.395449,0.524621,-0.414581,0.278052,0.375296,-1.057263,0.385065,0.41588,-0.405976,0.25111,0.419685,-1.04311,0.387922,0.371939,-0.388763,0.263909
287,0.147446,-1.11075,0.386771,0.673122,-0.387319,0.241064,0.290177,-1.073028,0.376061,0.539738,-0.418338,0.253645,0.363199,-1.043641,0.358899,0.434503,-0.392917,0.226849,0.417007,-1.045162,0.372627,0.390119,-0.423701,0.253932
288,0.163403,-1.098842,0.364913,0.707746,-0.407951,0.237516,0.298672,-1.06941,0.351435,0.5727,-0.41048,0.259465,0.376988,-1.049769,0.343478,0.458843,-0.400107,0.222201,0.430487,-1.040441,0.35264,0.412838,-0.395447,0.230451
289,0.169897,-1.083707,0.35463,0.759244,-0.416465,0.233333,0.308359,-1.070285,0.340438,0.558671,-0.408526,0.229858,0.382839,-1.045987,0.321744,0.482495,-0.39975,0.221363,0.443306,-1.038263,0.323953,0.436269,-0.413139,0.236457
290,0.165217,-1.104453,0.326103,0.760513,-0.401579,0.232091,0.303524,-1.061869,0.319899,0.613709,-0.396539,0.230684,0.404002,-1.048688,0.307101,0.531444,-0.398183,0.225529,0.444682,-1.036359,0.316754,0.461377,-0.398995,0.236432
291,0.167943,-1.096204,0.304369,0.802376,-0.393692,0.197736,0.312284,-1.051718,0.294227,0.628445,-0.397993,0.231551,0.402387,-1.033748,0.293536,0.517418,-0.388493,0.225765,0.455697,-1.021516,0.289182,0.453337,-0.401845,0.226635
292,0.168651,-1.084456,0.283196,0.815713,-0.403012,0.210259,0.331621,-1.050498,0.279323,0.644157,-0.405874,0.216451,0.412024,-1.046296,0.275438,0.541213,-0.417768,0.224052,0.462726,-1.019894,0.263735,0.469094,-0.401688,0.201144
293,0.177251,-1.073755,0.264743,0.873486,-0.4034,0.204076,0.337003,-1.041277,0.254888,0.69538,-0.382687,0.235206,0.407748,-1.024639,0.247458,0.552842,-0.394472,0.212486,0.469809,-1.011323,0.243267,0.515708,-0.42815,0.206446
294,0.174811,-1.083413,0.24212,0.880342,-0.404908,0.203826,0.343843,-1.038109,0.232424,0.681914,-0.391285,0.216174,0.428927,-1.023139,0.232553,0.582214,-0.390686,0.192116,0.485314,-1.015711,0.226624,0.531783,-0.413614,0.207674
295,0.182682,-1.066435,0.227854,0.938865,-0.396284,0.199888,0.347306,-1.031667,0.218304,0.717157,-0.398001,0.194892,0.438212,-1.012287,0.214471,0.62312,-0.378516,0.185214,0.491925,-0.99412,0.210491,0.523749,-0.398974,0.183042
296,0.18511,-1.061756,0.204758,0.965108,-0.418174,0.182424,0.361283,-1.029798,0.204177,0.751017,-0.393762,0.18857,0.446328,-1.006548,0.192209,0.626128,-0.408482,0.19883,0.500564,-0.997769,0.180615,0.543019,-0.414234,0.189328
297,0.194518,-1.054314,0.192857,0.990818,-0.400877,0.192005,0.355105,-1.019645,0.17828,0.770452,-0.406188,0.173925,0.448556,-1.0151,0.174645,0.635356,-0.401095,0.172661,0.503285,-0.991174,0.16885,0.581754,-0.400158,0.17421
298,0.191666,-1.038199,0.156303,1.002106,-0.402467,0.196174,0.35795,-1.02063,0.151533,0.782009,-0.42702,0.163715,0.452902,-0.995162,0.148073,0.658002,-0.387763,0.18593,0.507919,-0.980802,0.157295,0.577019,-0.405806,0.168151
299,0.19099,-1.032867,0.136737,1.039376,-0.395974,0.152445,0.377022,-0.996342,0.137283,0.802757,-0.390527,0.17156,0.464274,-0.989695,0.134745,0.678059,-0.406335,0.167342,0.517446,-0.972709,0.129301,0.611172,-0.394447,0.162939
300,0.196666,-1.031974,0.11688,1.0463,-0.417052,0.154119,0.36794,-0.993102,0.118375,0.822608,-0.399809,0.150416,0.46221,-0.981678,0.106572,0.685736,-0.401283,0.162272,0.541979,-0.972866,0.110792,0.594821,-0.396139,0.167951
301,0.200196,-1.020024,0.091184,1.078085,-0.404943,0.166911,0.374548,-0.990842,0.092772,0.859969,-0.396385,0.171322,0.485133,-0.963259,0.101664,0.715328,-0.403695,0.160287,0.538122,-0.953559,0.085215,0.638522,-0.405113,0.167265
302,0.19996,-1.016208,0.073648,1.112035,-0.396124,0.159097,0.386776,-0.983155,0.06765,0.866421,-0.407839,0.156484,0.480852,-0.957127,0.069663,0.746042,-0.414903,0.144464,0.553474,-0.944726,0.066941,0.64606,-0.397541,0.149868
303,0.202088,-0.999074,0.045285,1.144093,-0.393872,0.14393,0.386381,-0.968828,0.047475,0.877637,-0.404237,0.134562,0.483535,-0.963366,0.043244,0.74187,-0.392316,0.145996,0.541525,-0.932377,0.058207,0.64673,-0.394266,0.138982
304,0.212604,-0.986741,0.035768,1.161188,-0.385316,0.122874,0.390476,-0.965323,0.028136,0.88496,-0.378859,0.158917,0.489041,-0.93767,0.031275,0.752928,-0.399458,0.130289,0.560719,-0.931655,0.028149,0.673904,-0.390247,0.132355
305,0.216578,-0.982797,0.009155,1.181721,-0.404986,0.137659,0.389375,-0.947387,0.016363,0.915618,-0.387329,0.152736,0.493388,-0.945395,0.014984,0.78398,-0.400677,0.107623,0.563408,-0.918154,0.00775,0.67782,-0.384578,0.119263
306,0.221253,-0.972804,-0.018579,1.214119,-0.39806,0.11332,0.401654,-0.941605,-0.019241,0.942018,-0.395281,0.101999,0.506251,-0.914448,-0.010232,0.78841,-0.38215,0.115288,0.577437,-0.910955,-0.011019,0.680278,-0.388293,0.119967
307,0.220644,-0.952872,-0.031269,1.232384,-0.392611,0.100811,0.40101,-0.922579,-0.035437,0.971127,-0.391832,0.108611,0.518308,-0.915083,-0.020423,0.817438,-0.390757,0.115571,0.576318,-0.893498,-0.029525,0.721927,-0.379602,0.105674
308,0.219326,-0.954045,-0.050009,1.269949,-0.389458,0.093864,0.403992,-0.92281,-0.048648,0.983368,-0.397677,0.085608,0.510003,-0.898241,-0.054032,0.837344,-0.395806,0.119542,0.581703,-0.886244,-0.048597,0.724467,-0.403879,0.098562
309,0.21982,-0.927361,-0.068722,1.283508,-0.404581,0.089558,0.403887,-0.90232,-0.069193,1.015333,-0.383168,0.08367,0.524932,-0.886684,-0.073254,0.855815,-0.393598,0.085065,0.592058,-0.892074,-0.076674,0.751345,-0.390027,0.093965
310,0.223866,-0.923775,-0.092444,1.29831,-0.381711,0.090502,0.41816,-0.894522,-0.088617,1.029222,-0.370565,0.094506,0.534261,-0.879065,-0.079644,0.867682,-0.386261,0.094971,0.59524,-0.865314,-0.093174,0.75196,-0.39697,0.101669
311,0.225071,-0.913519,-0.1141,1.311348,-0.382647,0.072586,0.417792,-0.885767,-0.11294,1.021996,-0.373466,0.080853,0.535099,-0.868541,-0.10539,0.886087,-0.383999,0.087148,0.602611,-0.847782,-0.10761,0.78114,-0.400785,0.066944
312,0.223686,-0.89951,-0.137152,1.352521,-0.381298,0.062279,0.422043,-0.875787,-0.130014,1.053067,-0.377398,0.061457,0.531431,-0.851928,-0.135375,0.881991,-0.360306,0.070033,0.604563,-0.845439,-0.138284,0.791098,-0.368124,0.074246
313,0.223058,-0.888813,-0.159773,1.379383,-0.376083,0.059758,0.423915,-0.857862,-0.151318,1.068741,-0.390308,0.054888,0.530618,-0.832773,-0.150638,0.88599,-0.391485,0.075111,0.608087,-0.829325,-0.142278,0.796621,-0.383926,0.071026
314,0.230509,-0.878831,-0.182348,1.391208,-0.381248,0.050898,0.425567,-0.843226,-0.17512,1.087935,-0.368977,0.055976,0.539695,-0.83084,-0.170323,0.933602,-0.364021,0.058361,0.615336,-0.821118,-0.161604,0.798428,-0.390482,0.040158
315,0.230532,-0.858768,-0.201323,1.418493,-0.365067,0.064291,0.433845,-0.838586,-0.194215,1.086874,-0.381791,0.055177,0.556676,-0.823883,-0.194234,0.923888,-0.37481,0.034234,0.619082,-0.811029,-0.175946,0.807229,-0.372826,0.034759
316,0.226802,-0.853499,-0.227762,1.424958,-0.368497,0.030755,0.43439,-0.825979,-0.211571,1.124055,-0.372891,0.060503,0.551943,-0.807073,-0.212172,0.938778,-0.372712,0.034772,0.622005,-0.798912,-0.200866,0.830386,-0.36866,0.035099
317,0.2342,-0.834714,-0.244747,1.461486,-0.365908,0.045762,0.440529,-0.809543,-0.231757,1.123387,-0.369878,0.026405,0.552768,-0.799143,-0.230557,0.9498,-0.371987,0.039856,0.619268,-0.782928,-0.230181,0.83063,-0.362782,0.021547
318,0.240002,-0.811007,-0.257139,1.468432,-0.360114,0.02982,0.444673,-0.794293,-0.250367,1.146222,-0.378258,0.031718,0.554547,-0.776349,-0.24371,0.963299,-0.376593,0.028669,0.628052,-0.766121,-0.243614,0.868482,-0.363759,0.0232
319,0.240581,-0.809723,-0.286747,1.486525,-0.359894,0.017968,0.43645,-0.766464,-0.272941,1.153519,-0.365674,0.015752,0.562765,-0.764644,-0.265816,0.98062,-0.36349,0.02166,0.625567,-0.748649,-0.267129,0.870501,-0.363827,0.020495
320,0.234229,-0.789122,-0.306555,1.514334,-0.354739,-0.000389,0.451314,-0.765101,-0.300074,1.186682,-0.353275,0.006632,0.548393,-0.751018,-0.289914,0.981652,-0.360379,0.022756,0.629896,-0.73626,-0.282251,0.878389,-0.338513,0.00983
321,0.239532,-0.781865,-0.326759,1.520163,-0.37614,-0.005724,0.453574,-0.749148,-0.303271,1.180013,-0.346932,0.000916,0.556442,-0.73667,-0.317728,1.008765,-0.345356,0.011445,0.638773,-0.721924,-0.303169,0.889418,-0.365337,-0.005447
322,0.246481,-0.75591,-0.349615,1.547869,-0.357894,0.000539,0.452928,-0.734625,-0.322576,1.185917,-0.346202,0.001642,0.575893,-0.716669,-0.320934,1.011955,-0.34042,-0.00257,0.644475,-0.711422,-0.323973,0.899377,-0.36053,-0.02184
323,0.241684,-0.75027,-0.368747,1.533466,-0.327898,-0.004704,0.449532,-0.710135,-0.347321,1.199428,-0.350411,-0.033025,0.5736,-0.698987,-0.337364,1.020421,-0.352638,-0.019371,0.646309,-0.691113,-0.337869,0.889578,-0.337753,-0.017944
324,0.237292,-0.722934,-0.386826,1.561575,-0.337652,-0.014818,0.455742,-0.695162,-0.364739,1.19742,-0.34338,-0.01607,0.575377,-0.702486,-0.362922,1.040058,-0.350241,-0.006219,0.652444,-0.686804,-0.36,0.912191,-0.339734,-0.008937
325,0.240368,-0.7036,-0.398741,1.583964,-0.339876,-0.017478,0.455092,-0.6844,-0.38901,1.253472,-0.354573,-0.035969,0.568088,-0.666643,-0.379635,1.038787,-0.337829,-0.027275,0.655104,-0.670756,-0.378449,0.906913,-0.335279,-0.014791
326,0.240681,-0.690937,-0.422081,1.587846,-0.342396,-0.020793,0.451966,-0.666916,-0.398705,1.243871,-0.342448,-0.054833,0.572544,-0.657673,-0.408709,1.052497,-0.33619,-0.030649,0.646427,-0.647927,-0.39154,0.916668,-0.335067,-0.016912
327,0.234167,-0.662258,-0.443726,1.618418,-0.324814,-0.051303,0.458131,-0.652278,-0.424074,1.245448,-0.320844,-0.04352,0.569916,-0.638984,-0.415403,1.054955,-0.338871,-0.027247,0.65673,-0.64039,-0.419076,0.931975,-0.322985,-0.064227
328,0.236629,-0.657951,-0.454926,1.623489,-0.311064,-0.052155,0.455841,-0.639764,-0.45187,1.283426,-0.321622,-0.047447,0.572531,-0.631493,-0.43971,1.083331,-0.32305,-0.053984,0.65092,-0.624152,-0.44038,0.933648,-0.314995,-0.036278
329,0.239151,-0.640529,-0.479725,1.632619,-0.315837,-0.052073,0.46059,-0.619843,-0.463089,1.274905,-0.344971,-0.051807,0.579918,-0.616524,-0.465775,1.075252,-0.306344,-0.043699,0.650822,-0.603504,-0.450866,0.942433,-0.322005,-0.054872
330,0.249193,-0.626072,-0.503203,1.664904,-0.281252,-0.061398,0.463069,-0.599997,-0.47958,1.294483,-0.293644,-0.077939,0.573752,-0.59008,-0.477334,1.080911,-0.314169,-0.077971,0.654547,-0.581508,-0.465641,0.955861,-0.304567,-0.066761
331,0.239739,-0.611692,-0.520081,1.665031,-0.311019,-0.071489,0.462268,-0.58893,-0.502478,1.282995,-0.313745,-0.068376,0.58374,-0.5722,-0.488947,1.076047,-0.322909,-0.075048,0.654731,-0.568017,-0.48663,0.964945,-0.310423,-0.076349
332,0.236017,-0.590204,-0.536205,1.667056,-0.303746,-0.088428,0.474212,-0.568793,-0.521467,1.319089,-0.307354,-0.075308,0.577493,-0.563434,-0.514948,1.111924,-0.318814,-0.08254,0.66074,-0.551936,-0.499476,0.964268,-0.320377,-0.074721
333,0.250419,-0.573651,-0.559325,1.702554,-0.28097,-0.094664,0.462632,-0.559823,-0.531549,1.314454,-0.297365,-0.069907,0.582511,-0.546938,-0.527116,1.103171,-0.291361,-0.087378,0.658363,-0.542421,-0.533394,0.968111,-0.300128,-0.071749
334,0.250489,-0.555835,-0.573302,1.688298,-0.285455,-0.078152,0.468725,-0.540985,-0.555897,1.330151,-0.308782,-0.112121,0.582752,-0.532587,-0.541599,1.125823,-0.283935,-0.10886,0.663386,-0.518412,-0.543296,0.966397,-0.295273,-0.105166
335,0.246869,-0.535883,-0.592556,1.706095,-0.295547,-0.105379,0.461531,-0.516522,-0.578624,1.339459,-0.269731,-0.114666,0.580578,-0.502903,-0.566458,1.141048,-0.297139,-0.10684,0.657077,-0.512756,-0.55368,0.993436,-0.291682,-0.107889
336,0.24838,-0.520248,-0.607304,1.701643,-0.281111,-0.115228,0.457092,-0.49501,-0.598927,1.35524,-0.29455,-0.114334,0.580081,-0.492119,-0.576328,1.136878,-0.279485,-0.113383,0.656895,-0.490401,-0.571907,1.00179,-0.290007,-0.127525
337,0.241376,-0.49062,-0.633536,1.711377,-0.264069,-0.123375,0.466456,-0.478286,-0.612726,1.333868,-0.264847,-0.112361,0.575339,-0.463832,-0.596519,1.122965,-0.27372,-0.117565,0.65782,-0.458121,-0.592892,1.000976,-0.269726,-0.119204
338,0.24472,-0.474918,-0.646834,1.735948,-0.269979,-0.124489,0.457502,-0.46917,-0.621788,1.348653,-0.264976,-0.13292,0.570471,-0.444773,-0.619167,1.156179,-0.270328,-0.140447,0.644182,-0.451131,-0.61199,1.018193,-0.286487,-0.129736
339,0.22933,-0.447904,-0.662306,1.72892,-0.254993,-0.133812,0.456307,-0.444434,-0.646396,1.361579,-0.287966,-0.138284,0.565772,-0.429475,-0.630283,1.129427,-0.260617,-0.138465,0.654155,-0.428946,-0.621466,0.987469,-0.264415,-0.112847
340,0.243435,-0.426098,-0.681804,1.709463,-0.26078,-0.138167,0.458182,-0.425852,-0.654679,1.354431,-0.252618,-0.147255,0.580773,-0.407069,-0.649969,1.136605,-0.262698,-0.124521,0.64883,-0.407797,-0.644131,1.009946,-0.259585,-0.146817
341,0.239245,-0.412631,-0.7053,1.740789,-0.241063,-0.142952,0.44781,-0.40055,-0.672494,1.372136,-0.24501,-0.140387,0.55973,-0.390817,-0.670247,1.155178,-0.241904,-0.149514,0.655034,-0.388779,-0.654524,1.013632,-0.248881,-0.155034
342,0.248429,-0.390956,-0.715857,1.75441,-0.260953,-0.157039,0.458205,-0.384741,-0.703524,1.349988,-0.222516,-0.159129,0.572549,-0.380928,-0.682848,1.13941,-0.247483,-0.14868,0.652997,-0.374317,-0.675421,1.018564,-0.263895,-0.15776
343,0.236706,-0.366962,-0.72326,1.749653,-0.252485,-0.16695,0.453081,-0.370183,-0.698274,1.371815,-0.223287,-0.164029,0.559311,-0.358883,-0.688838,1.157049,-0.218107,-0.165798,0.642551,-0.356104,-0.677952,1.005628,-0.257612,-0.151061
344,0.232614,-0.360354,-0.752581,1.748572,-0.225563,-0.163257,0.44829,-0.348747,-0.730999,1.3852,-0.249733,-0.148612,0.570581,-0.340536,-0.705971,1.144128,-0.228294,-0.168942,0.649118,-0.341649,-0.693588,1.027074,-0.239961,-0.139957
345,0.229577,-0.335683,-0.756259,1.762878,-0.239937,-0.174301,0.443646,-0.323092,-0.739707,1.360163,-0.229568,-0.172149,0.557727,-0.325365,-0.725318,1.153844,-0.208061,-0.169281,0.638477,-0.309477,-0.713341,1.03042,-0.257925,-0.163699
346,0.242059,-0.319954,-0.780168,1.763124,-0.217954,-0.183188,0.440478,-0.301724,-0.75028,1.385054,-0.218055,-0.175143,0.564383,-0.298074,-0.743279,1.149021,-0.220082,-0.177476,0.636704,-0.29091,-0.728532,1.010389,-0.23251,-0.182215
347,0.236975,-0.300228,-0.791616,1.751073,-0.229288,-0.175308,0.447402,-0.287165,-0.770764,1.376881,-0.226421,-0.196987,0.565636,-0.287602,-0.749873,1.162296,-0.219603,-0.179596,0.63185,-0.286241,-0.740568,1.030374,-0.216006,-0.180639
348,0.236935,-0.279036,-0.808435,1.769927,-0.218542,-0.197801,0.440756,-0.272576,-0.786828,1.36434,-0.204194,-0.181548,0.564533,-0.253926,-0.779435,1.177257,-0.219584,-0.176175,0.626036,-0.251978,-0.760779,1.002244,-0.216738,-0.186109
349,0.232256,-0.258025,-0.827925,1.76845,-0.210067,-0.209988,0.439777,-0.248123,-0.784347,1.374534,-0.199624,-0.209769,0.55744,-0.241813,-0.791508,1.152638,-0.191518,-0.195698,0.629567,-0.238026,-0.7767,1.029612,-0.202795,-0.201413
350,0.23643,-0.229083,-0.833736,1.790939,-0.191384,-0.208886,0.435851,-0.228528,-0.808519,1.376205,-0.205484,-0.207164,0.544378,-0.219237,-0.789794,1.174424,-0.20197,-0.202299,0.627652,-0.225384,-0.788773,1.028175,-0.195834,-0.203211
351,0.232252,-0.205739,-0.858197,1.747782,-0.195216,-0.229518,0.439203,-0.205482,-0.823294,1.380243,-0.178061,-0.232887,0.543255,-0.195589,-0.808639,1.145403,-0.193027,-0.228313,0.628835,-0.205615,-0.798269,1.024169,-0.198183,-0.228292
352,0.236289,-0.192082,-0.861074,1.759563,-0.173252,-0.237761,0.434426,-0.182443,-0.83785,1.366226,-0.174619,-0.221302,0.546962,-0.185214,-0.816343,1.154788,-0.185657,-0.230397,0.612972,-0.175974,-0.820567,1.02314,-0.18213,-0.23082
353,0.231599,-0.1675,-0.880524,1.763507,-0.179984,-0.238555,0.418672,-0.165995,-0.85066,1.368062,-0.174376,-0.223137,0.540194,-0.153959,-0.83263,1.156291,-0.184925,-0.232788,0.606762,-0.166612,-0.820868,1.03224,-0.167024,-0.226778
354,0.223977,-0.146065,-0.894041,1.769562,-0.162501,-0.219583,0.419969,-0.14848,-0.866855,1.387453,-0.176389,-0.227269,0.530837,-0.15268,-0.849672,1.14615,-0.178469,-0.228998,0.608491,-0.14129,-0.840369,0.995811,-0.179302,-0.225522
355,0.22175,-0.12047,-0.905574,1.753696,-0.162424,-0.24236,0.409046,-0.122995,-0.866587,1.368725,-0.169253,-0.239862,0.528806,-0.122873,-0.861983,1.151895,-0.163689,-0.238438,0.593273,-0.123768,-0.854437,1.034512,-0.144048,-0.232983
356,0.222461,-0.107038,-0.907859,1.75084,-0.14509,-0.250826,0.422104,-0.106206,-0.880566,1.361924,-0.159756,-0.242299,0.525698,-0.097942,-0.872675,1.150681,-0.150129,-0.224739,0.598335,-0.104861,-0.860709,1.012748,-0.156177,-0.243708
357,0.218734,-0.095695,-0.92943,1.756161,-0.152425,-0.250931,0.405539,-0.07973,-0.892616,1.353011,-0.136135,-0.244475,0.523496,-0.083622,-0.895621,1.145219,-0.139892,-0.248959,0.597485,-0.079843,-0.8703,0.996272,-0.157855,-0.252218
358,0.224702,-0.070428,-0.95014,1.739423,-0.147292,-0.245466,0.410583,-0.066323,-0.902661,1.35558,-0.149745,-0.253558,0.524552,-0.063782,-0.885725,1.150849,-0.150851,-0.250465,0.596245,-0.055592,-0.875593,1.002994,-0.116469,-0.255146
359,0.21583,-0.041459,-0.949249,1.738721,-0.137915,-0.271516,0.414774,-0.045093,-0.91886,1.372469,-0.135924,-0.258779,0.518343,-0.046426,-0.904259,1.139013,-0.151599,-0.281164,0.585406,-0.043552,-0.89111,1.017049,-0.123583,-0.272907
360,0.209688,-0.013771,-0.957746,1.728522,-0.143914,-0.272518,0.396042,-0.020727,-0.926296,1.360718,-0.119016,-0.284566,0.507273,-0.00934,-0.916294,1.141735,-0.137053,-0.245264,0.574346,-0.026524,-0.897749,1.019481,-0.132499,-0.267441
361,0.211796,-0.002069,-0.976395,1.736719,-0.105893,-0.283913,0.40009,-0.011188,-0.946418,1.34698,-0.115186,-0.282104,0.504282,-0.000705,-0.91957,1.136237,-0.114679,-0.263114,0.56733,0.004488,-0.911257,0.993893,-0.114442,-0.272752
362,0.213376,0.008549,-0.977675,1.708472,-0.125947,-0.296234,0.387792,0.012149,-0.954883,1.338083,-0.103806,-0.27671,0.499009,0.020132,-0.932726,1.13917,-0.105532,-0.278073,0.564967,0.014282,-0.925049,0.992148,-0.123449,-0.295436
363,0.207213,0.031908,-0.996042,1.711228,-0.115864,-0.288594,0.394581,0.044596,-0.963945,1.332286,-0.124498,-0.282614,0.481582,0.030115,-0.952931,1.133469,-0.103054,-0.278737,0.560706,0.041841,-0.927618,1.000808,-0.119004,-0.286129
364,0.194975,0.05888,-1.005159,1.706113,-0.096506,-0.307651,0.38646,0.065093,-0.965726,1.329484,-0.106302,-0.27437,0.483123,0.059614,-0.955934,1.121453,-0.084566,-0.28489,0.55548,0.06049,-0.943421,1.000442,-0.108427,-0.29413
365,0.200877,0.083459,-1.018574,1.68369,-0.097625,-0.30777,0.374002,0.08701,-0.987024,1.327513,-0.080343,-0.272642,0.475898,0.078309,-0.963811,1.100737,-0.09292,-0.288283,0.551281,0.074962,-0.951648,0.997773,-0.092145,-0.318438
366,0.191507,0.09997,-1.021957,1.699937,-0.100135,-0.303681,0.376359,0.110177,-0.990236,1.307783,-0.088901,-0.29859,0.473482,0.096355,-0.973247,1.121826,-0.091695,-0.302435,0.537176,0.101438,-0.957642,0.987883,-0.093844,-0.315857
367,0.198715,0.119298,-1.031694,1.664896,-0.077718,-0.306794,0.37448,0.119012,-0.999236,1.30495,-0.067764,-0.330859,0.461482,0.11245,-0.975322,1.094245,-0.09434,-0.306838,0.523846,0.116605,-0.977091,0.960459,-0.071737,-0.296615
368,0.192798,0.134441,-1.036486,1.64318,-0.06654,-0.323349,0.370191,0.153136,-1.00452,1.284746,-0.094763,-0.313347,0.462186,0.131517,-0.981117,1.094716,-0.085019,-0.312377,0.521028,0.124159,-0.979066,0.954735,-0.063474,-0.302218
369,0.187335,0.162448,-1.048474,1.650721,-0.063459,-0.311336,0.360749,0.16259,-1.019082,1.287062,-0.054174,-0.322218,0.450679,0.164678,-0.99175,1.083229,-0.054224,-0.314246,0.520405,0.155138,-0.978223,0.955548,-0.040955,-0.316956
370,0.18912,0.187159,-1.057747,1.628131,-0.032561,-0.301837,0.356582,0.183405,-1.019037,1.286626,-0.041529,-0.318677,0.446332,0.184174,-1.003802,1.067581,-0.063554,-0.32519,0.50129,0.181281,-0.991825,0.945695,-0.041177,-0.332425
371,0.183672,0.208351,-1.062704,1.613258,-0.037282,-0.335183,0.349975,0.198251,-1.026174,1.258565,-0.06331,-0.322621,0.445869,0.196576,-1.009276,1.066513,-0.052729,-0.337492,0.508039,0.204218,-0.985486,0.950408,-0.02255,-0.316833
372,0.191535,0.224662,-1.072975,1.630902,-0.048803,-0.338519,0.341366,0.213251,-1.039454,1.265254,-0.052967,-0.320317,0.440618,0.22271,-1.014504,1.056589,-0.026368,-0.326361,0.490544,0.22296,-1.006788,0.928297,-0.036238,-0.313052
373,0.175467,0.247964,-1.071357,1.596224,-0.050744,-0.33913,0.338198,0.246792,-1.04985,1.243878,-0.021221,-0.335214,0.426675,0.231748,-1.022701,1.043921,-0.0395,-0.330479,0.476049,0.226932,-1.009085,0.924351,-0.02718,-0.346624
374,0.163862,0.271756,-1.074975,1.575859,-0.025426,-0.336893,0.332481,0.256821,-1.039196,1.231912,-0.040956,-0.352166,0.411344,0.258496,-1.022735,1.058369,-0.021579,-0.345011,0.476972,0.253375,-1.019287,0.924128,-0.035927,-0.341461
375,0.174997,0.299002,-1.084093,1.55654,-0.022576,-0.347366,0.327679,0.288178,-1.056224,1.210664,-0.028814,-0.335785,0.413102,0.272694,-1.027484,1.027179,-0.004549,-0.341848,0.463248,0.276583,-1.014987,0.917747,-0.023482,-0.3451
376,0.16515,0.313253,-1.089078,1.540928,-0.006408,-0.35106,0.315237,0.294088,-1.052127,1.201916,0.002455,-0.330098,0.40218,0.300485,-1.030961,1.012442,0.002264,-0.348354,0.454491,0.293988,-1.02481,0.896413,0.008766,-0.347812
377,0.170571,0.330634,-1.091189,1.519808,-0.003699,-0.341895,0.313386,0.327026,-1.071014,1.19409,-0.001495,-0.357508,0.384616,0.314753,-1.041989,1.012229,-0.009002,-0.344342,0.438755,0.312608,-1.026245,0.883441,-0.002706,-0.352279
378,0.16329,0.353544,-1.105288,1.524977,-0.002175,-0.352202,0.309736,0.335884,-1.060414,1.168956,0.006203,-0.371202,0.379505,0.324049,-1.054372,1.00095,0.00964,-0.337299,0.434811,0.333809,-1.038423,0.875166,0.018232,-0.351171
379,0.16013,0.378205,-1.107681,1.504175,-0.006055,-0.348604,0.30764,0.364056,-1.068894,1.160876,0.020829,-0.355561,0.370962,0.355851,-1.055113,0.997582,0.02222,-0.363118,0.43016,0.345846,-1.038133,0.864689,0.008589,-0.371526
380,0.152475,0.394428,-1.106956,1.481733,0.029078,-0.36369,0.294995,0.383109,-1.075253,1.159627,0.031292,-0.353384,0.379912,0.373609,-1.05524,0.963938,0.00814,-0.353917,0.411217,0.355707,-1.038798,0.854233,0.027209,-0.363466
381,0.148516,0.411936,-1.115565,1.453953,0.041227,-0.368216,0.288155,0.401713,-1.078348,1.142276,0.021853,-0.389285,0.362537,0.388636,-1.05005,0.960411,0.031327,-0.364204,0.399116,0.393505,-1.051488,0.862042,0.025774,-0.362976
382,0.141601,0.429191,-1.114022,1.445832,0.037686,-0.366371,0.281,0.423123,-1.08412,1.105247,0.033972,-0.372849,0.350767,0.411776,-1.060499,0.956112,0.058951,-0.366619,0.409944,0.411492,-1.050816,0.827343,0.027535,-0.362617
383,0.144527,0.456017,-1.124652,1.427861,0.026118,-0.368854,0.271786,0.431144,-1.087966,1.090421,0.039795,-0.372376,0.345217,0.427217,-1.075433,0.93886,0.045839,-0.375183,0.394588,0.424741,-1.048203,0.816869,0.044172,-0.370295
384,0.138638,0.466701,-1.126709,1.391536,0.061122,-0.385089,0.272217,0.454964,-1.086681,1.088051,0.064205,-0.363512,0.332758,0.44609,-1.063695,0.931103,0.069554,-0.382447,0.379367,0.434199,-1.054134,0.798995,0.0597,-0.366349
385,0.128239,0.485823,-1.13189,1.384906,0.067429,-0.381672,0.261116,0.467979,-1.087844,1.080616,0.055592,-0.365449,0.331099,0.472026,-1.067776,0.912272,0.046059,-0.381803,0.37134,0.460655,-1.066094,0.78972,0.060097,-0.375855
386,0.133665,0.505156,-1.114761,1.355169,0.084269,-0.372723,0.241598,0.491653,-1.083231,1.062648,0.090416,-0.35861,0.314763,0.483608,-1.07891,0.897403,0.068163,-0.391528,0.350892,0.474969,-1.059502,0.790681,0.061605,-0.385196
387,0.125057,0.524276,-1.13391,1.341036,0.079286,-0.380169,0.253033,0.513693,-1.097195,1.057056,0.064741,-0.401006,0.313409,0.50383,-1.074136,0.881379,0.069884,-0.371325,0.356488,0.488586,-1.053634,0.765022,0.083937,-0.393855
388,0.125718,0.549865,-1.12817,1.309252,0.098912,-0.397643,0.244059,0.523578,-1.094356,1.037138,0.082497,-0.372639,0.299284,0.522922,-1.068879,0.858385,0.085492,-0.373968,0.336747,0.513452,-1.067275,0.749748,0.092901,-0.381827
389,0.12046,0.565451,-1.122591,1.308653,0.099771,-0.374585,0.232194,0.545931,-1.092254,1.017977,0.092473,-0.395096,0.285595,0.532129,-1.068987,0.83068,0.098634,-0.395304,0.326351,0.535172,-1.062049,0.732308,0.074572,-0.384153
390,0.108273,0.585553,-1.128788,1.269626,0.090097,-0.380178,0.213994,0.564127,-1.086419,1.000636,0.100497,-0.408065,0.277402,0.553678,-1.072739,0.827949,0.117726,-0.390034,0.317533,0.546176,-1.065995,0.746156,0.103717,-0.39201
391,0.1047,0.600322,-1.131081,1.244617,0.115925,-0.386963,0.210858,0.581544,-1.081596,0.947903,0.101665,-0.384943,0.265914,0.573727,-1.069643,0.831087,0.101564,-0.379126,0.31469,0.560423,-1.067677,0.713985,0.110184,-0.395434
392,0.108476,0.613058,-1.128419,1.225169,0.120608,-0.398561,0.206323,0.592159,-1.083812,0.959469,0.100079,-0.385165,0.264744,0.583096,-1.076771,0.812365,0.120442,-0.394805,0.290399,0.583315,-1.062086,0.702447,0.102725,-0.400918
393,0.112436,0.630101,-1.124478,1.192974,0.126725,-0.381983,0.198661,0.609166,-1.085888,0.937606,0.123783,-0.38158,0.250049,0.607749,-1.070965,0.800309,0.125825,-0.384615,0.281339,0.602123,-1.061074,0.679958,0.115019,-0.388588
394,0.096992,0.658823,-1.119533,1.174572,0.139033,-0.39572,0.182665,0.635376,-1.0878,0.916006,0.12473,-0.406103,0.245038,0.608336,-1.069965,0.777378,0.136679,-0.389863,0.270016,0.614996,-1.050604,0.690894,0.116184,-0.408477
395,0.102567,0.669982,-1.116525,1.13487,0.115204,-0.384798,0.180639,0.651852,-1.081265,0.889547,0.145567,-0.40146,0.225772,0.634024,-1.068444,0.759343,0.126122,-0.3903,0.264192,0.623719,-1.04281,0.680549,0.138236,-0.407741
396,0.093231,0.696548,-1.115442,1.120408,0.143699,-0.398449,0.161305,0.665108,-1.074375,0.883024,0.144847,-0.391598,0.216487,0.649993,-1.062056,0.738976,0.160828,-0.394295,0.246024,0.646947,-1.046571,0.642688,0.142061,-0.377482
397,0.091395,0.704661,-1.116931,1.098074,0.15841,-0.395322,0.165961,0.680994,-1.084137,0.866783,0.151363,-0.414344,0.211336,0.659663,-1.062102,0.718051,0.138835,-0.414389,0.237469,0.668873,-1.04247,0.637151,0.160359,-0.39286
398,0.080372,0.723986,-1.112718,1.083897,0.144299,-0.397585,0.162575,0.704295,-1.07897,0.829459,0.152369,-0.400188,0.198572,0.691662,-1.058405,0.712981,0.173638,-0.418441,0.235055,0.670261,-1.045564,0.628635,0.14912,-0.398398
399,0.079673,0.735512,-1.105121,1.047424,0.179142,-0.398709,0.149013,0.713049,-1.072709,0.811257,0.164673,-0.423577,0.196359,0.698058,-1.053502,0.691956,0.178105,-0.383887,0.213722,0.694992,-1.040226,0.610238,0.14725,-0.393702
400,0.087029,0.744232,-1.099334,1.018235,0.160872,-0.392932,0.139093,0.736813,-1.058294,0.780137,0.164932,-0.404297,0.179254,0.720884,-1.05375,0.666998,0.194466,-0.40688,0.208244,0.701901,-1.031386,0.595999,0.161449,-0.386103
401,0.066849,0.772829,-1.101241,0.990301,0.165995,-0.426733,0.136056,0.746368,-1.058838,0.771473,0.181377,-0.395864,0.168307,0.731629,-1.045796,0.643941,0.173137,-0.417679,0.188928,0.723766,-1.034639,0.575366,0.160117,-0.398631
402,0.065435,0.782016,-1.090009,0.969416,0.190301,-0.396023,0.121831,0.75962,-1.059534,0.760325,0.180597,-0.391186,0.162988,0.750703,-1.031466,0.627871,0.19224,-0.399845,0.176667,0.735983,-1.021277,0.547709,0.188348,-0.410618
403,0.054542,0.798733,-1.084173,0.924122,0.192058,-0.39562,0.111408,0.761496,-1.047294,0.722557,0.193836,-0.409006,0.145084,0.762549,-1.027898,0.618428,0.204532,-0.401215,0.171613,0.749572,-1.028122,0.536221,0.196024,-0.416122
404,0.055948,0.811838,-1.078455,0.893816,0.194731,-0.39791,0.118144,0.781876,-1.044545,0.719227,0.192649,-0.403703,0.130051,0.778294,-1.02568,0.583499,0.200318,-0.41495,0.154255,0.769194,-1.016216,0.512051,0.178548,-0.418714
405,0.058274,0.832319,-1.064219,0.873536,0.201848,-0.4206,0.099541,0.804658,-1.039722,0.678157,0.200983,-0.395732,0.13002,0.789981,-1.019143,0.566636,0.207448,-0.40987,0.139185,0.77099,-1.006486,0.519656,0.20552,-0.409588
406,0.041776,0.842233,-1.074363,0.865487,0.20923,-0.393836,0.093648,0.814586,-1.033134,0.665377,0.19945,-0.418356,0.115154,0.792007,-1.011286,0.570222,0.199941,-0.418519,0.128163,0.792324,-0.997848,0.478692,0.215194,-0.395398
407,0.042527,0.859382,-1.053865,0.82545,0.21158,-0.388854,0.077673,0.823413,-1.027632,0.637973,0.217121,-0.40883,0.105772,0.823144,-1.006053,0.530317,0.215722,-0.394539,0.116955,0.799416,-0.999166,0.472818,0.201223,-0.399195
408,0.035178,0.87603,-1.052369,0.797999,0.208548,-0.419729,0.075681,0.850733,-1.030454,0.609058,0.223361,-0.40255,0.090923,0.826742,-1.002594,0.521231,0.208726,-0.406892,0.10973,0.818633,-0.988927,0.462653,0.230148,-0.394971
409,0.035512,0.887504,-1.043232,0.752155,0.217416,-0.402929,0.067663,0.851956,-1.010884,0.581434,0.245234,-0.397847,0.075413,0.836239,-0.990235,0.514227,0.229274,-0.391193,0.088243,0.828883,-0.982104,0.433984,0.231415,-0.393832
410,0.036511,0.893983,-1.032535,0.738065,0.231768,-0.404178,0.056288,0.866882,-1.009623,0.565663,0.235542,-0.408762,0.065143,0.847653,-0.982447,0.496272,0.244466,-0.426,0.08312,0.828741,-0.984882,0.407923,0.217154,-0.414223
411,0.025202,0.907044,-1.023728,0.700565,0.245982,-0.398045,0.054096,0.879199,-1.00092,0.519881,0.240495,-0.415471,0.060359,0.864912,-0.975133,0.451562,0.243059,-0.404725,0.073716,0.851937,-0.968566,0.415226,0.230737,-0.390144
412,0.013754,0.919382,-1.009761,0.656912,0.27331,-0.408741,0.043625,0.892576,-0.985789,0.539933,0.23361,-0.393973,0.055675,0.884228,-0.97645,0.437405,0.251779,-0.389474,0.055485,0.860763,-0.963175,0.385238,0.243458,-0.3995
413,0.025565,0.929755,-1.00898,0.632113,0.228722,-0.420317,0.030709,0.907067,-0.981052,0.497911,0.247963,-0.388934,0.034821,0.886538,-0.960272,0.421589,0.258402,-0.402251,0.042119,0.873555,-0.946479,0.374892,0.24684,-0.401698
414,0.017795,0.954628,-1.000622,0.612039,0.261077,-0.42804,0.022445,0.917135,-0.961571,0.459375,0.257816,-0.423075,0.026175,0.896333,-0.952655,0.384478,0.244922,-0.402912,0.032893,0.88199,-0.946929,0.361988,0.247926,-0.384249
415,0.004661,0.9599,-0.991746,0.568815,0.264173,-0.404662,0.008781,0.924495,-0.958023,0.448981,0.249138,-0.403079,0.008282,0.918045,-0.944396,0.375376,0.260052,-0.413542,0.020456,0.893341,-0.929728,0.336531,0.275769,-0.414427
416,0.004244,0.968238,-0.985856,0.532219,0.270043,-0.373123,0.010953,0.939558,-0.95317,0.421149,0.279444,-0.388326,-0.000607,0.916661,-0.932944,0.353035,0.261587,-0.406166,0.007361,0.905087,-0.927628,0.330167,0.257203,-0.403484
417,0.001064,0.985396,-0.974664,0.504281,0.27436,-0.381737,-0.003549,0.944671,-0.942909,0.401254,0.277431,-0.388591,-0.009152,0.925362,-0.926846,0.337325,0.265469,-0.381283,0.006286,0.926583,-0.919743,0.311743,0.275845,-0.397996
418,-0.019676,0.993243,-0.964309,0.494501,0.28917,-0.399906,-0.019431,0.957887,-0.928302,0.375836,0.273764,-0.407371,-0.01409,0.941284,-0.902582,0.321297,0.295435,-0.390915,-0.020619,0.924957,-0.897246,0.266978,0.273484,-0.391218
419,-0.005508,0.994556,-0.940428,0.457982,0.290272,-0.395596,-0.027849,0.965141,-0.916949,0.340819,0.292323,-0.387715,-0.025292,0.950776,-0.904447,0.279426,0.277261,-0.38195,-0.033366,0.942109,-0.894872,0.255232,0.285139,-0.380545
420,-0.013839,1.004783,-0.944571,0.415249,0.286202,-0.401637,-0.029831,0.978483,-0.912767,0.337302,0.288267,-0.380172,-0.041152,0.964028,-0.887663,0.28002,0.299122,-0.383113,-0.040418,0.945244,-0.879733,0.24478,0.288149,-0.403306
421,-0.030494,1.016712,-0.923394,0.37799,0.296843,-0.390208,-0.030536,0.979513,-0.892376,0.301704,0.278885,-0.388211,-0.041781,0.973897,-0.880704,0.245301,0.275805,-0.377912,-0.04852,0.95113,-0.86904,0.216673,0.286467,-0.378667
422,-0.029307,1.027642,-0.912697,0.34775,0.31415,-0.38364,-0.044941,0.993644,-0.884565,0.278942,0.301319,-0.379591,-0.056828,0.972404,-0.870839,0.216557,0.305175,-0.389896,-0.061706,0.962109,-0.85268,0.185409,0.314537,-0.381583
423,-0.022171,1.03053,-0.904012,0.325528,0.311194,-0.378335,-0.05581,1.000962,-0.867452,0.231672,0.299369,-0.383259,-0.072638,0.991552,-0.858522,0.192936,0.301495,-0.371553,-0.078878,0.974919,-0.850688,0.18147,0.310525,-0.393237
424,-0.041566,1.038724,-0.891259,0.288523,0.299333,-0.368772,-0.06416,1.003635,-0.859957,0.204308,0.304567,-0.399107,-0.086019,0.990733,-0.842973,0.173199,0.315279,-0.368356,-0.093081,0.980033,-0.836606,0.161372,0.328365,-0.362995
425,-0.028737,1.052163,-0.877421,0.235147,0.311958,-0.382785,-0.071781,1.029654,-0.85286,0.204132,0.326786,-0.367687,-0.091098,1.004135,-0.825367,0.172559,0.313125,-0.362065,-0.096165,0.982332,-0.82955,0.137295,0.319214,-0.38957
426,-0.033813,1.061018,-0.865079,0.213264,0.340437,-0.376712,-0.082611,1.02033,-0.835581,0.174188,0.319186,-0.37423,-0.114521,1.006914,-0.810983,0.151264,0.323857,-0.385154,-0.111463,0.996098,-0.807349,0.119824,0.306917,-0.362236
427,-0.044006,1.068157,-0.844208,0.178229,0.330308,-0.367055,-0.086991,1.032971,-0.81875,0.152312,0.325096,-0.363817,-0.108773,1.01877,-0.802876,0.127495,0.320879,-0.378229,-0.129868,1.000712,-0.790928,0.112358,0.320769,-0.368226
428,-0.051927,1.074298,-0.830783,0.141238,0.329831,-0.369982,-0.105646,1.039308,-0.807441,0.121644,0.325302,-0.360458,-0.117021,1.020287,-0.801168,0.108189,0.339293,-0.372869,-0.142059,1.014168,-0.785486,0.088612,0.324111,-0.361592
429,-0.055398,1.085696,-0.823819,0.104532,0.341353,-0.378712,-0.104569,1.042984,-0.801133,0.104813,0.3463,-0.334505,-0.137837,1.02502,-0.777553,0.090393,0.334363,-0.360327,-0.164281,1.00558,-0.7621,0.073426,0.333541,-0.371558
430,-0.065814,1.082662,-0.80834,0.057869,0.345231,-0.353516,-0.112929,1.049437,-0.775827,0.072625,0.339047,-0.363185,-0.140798,1.030423,-0.768029,0.065154,0.344961,-0.360071,-0.159753,1.02419,-0.757936,0.047241,0.33853,-0.386682
431,-0.059623,1.094449,-0.790332,0.064926,0.350112,-0.340282,-0.128238,1.057347,-0.772341,0.030239,0.345604,-0.337052,-0.156594,1.035821,-0.756874,0.023511,0.344432,-0.345034,-0.171764,1.032245,-0.729985,0.042223,0.348884,-0.373898
432,-0.072622,1.095221,-0.784581,0.006883,0.350177,-0.346461,-0.12727,1.056319,-0.747771,0.031516,0.348836,-0.353499,-0.167252,1.037354,-0.733625,0.004356,0.344171,-0.359347,-0.183714,1.031085,-0.732284,0.014872,0.355451,-0.364784
433,-0.073319,1.094239,-0.769153,-0.021966,0.370588,-0.346284,-0.14715,1.070593,-0.734373,-0.022188,0.354435,-0.347963,-0.178984,1.045847,-0.712461,-0.004507,0.346071,-0.365582,-0.202184,1.033479,-0.711537,0.009118,0.342427,-0.33416
434,-0.078909,1.09434,-0.753114,-0.037137,0.358733,-0.345601,-0.148205,1.071109,-0.714756,-0.04233,0.36029,-0.34859,-0.181695,1.055227,-0.709739,-0.016657,0.354818,-0.348888,-0.211374,1.035943,-0.698647,-0.03853,0.348061,-0.347023
435,-0.085131,1.109844,-0.728433,-0.087436,0.348644,-0.335981,-0.154159,1.071465,-0.700258,-0.064491,0.352234,-0.334001,-0.2072,1.047796,-0.695878,-0.050644,0.363347,-0.330497,-0.219639,1.040817,-0.680138,-0.037845,0.370174,-0.359734
436,-0.085125,1.108205,-0.712828,-0.097394,0.369579,-0.346445,-0.157034,1.075868,-0.689261,-0.089341,0.355882,-0.329797,-0.20356,1.063657,-0.674408,-0.062001,0.36723,-0.325643,-0.233352,1.048043,-0.667721,-0.077619,0.368565,-0.347151
437,-0.093871,1.124191,-0.696604,-0.14124,0.357468,-0.333408,-0.170272,1.071144,-0.676721,-0.108112,0.388232,-0.322579,-0.219851,1.049617,-0.650989,-0.108101,0.359737,-0.334765,-0.248494,1.049432,-0.65805,-0.085581,0.37084,-0.343482
438,-0.096841,1.120167,-0.675544,-0.187463,0.370686,-0.328322,-0.174207,1.077789,-0.662404,-0.14298,0.363744,-0.315687,-0.223118,1.05819,-0.645784,-0.124736,0.376382,-0.324865,-0.260734,1.056214,-0.626064,-0.110529,0.356625,-0.322675
439,-0.09799,1.119557,-0.663153,-0.201398,0.363046,-0.327528,-0.186805,1.079013,-0.640411,-0.139669,0.369775,-0.315792,-0.233304,1.06135,-0.629168,-0.127946,0.380335,-0.326087,-0.261523,1.051133,-0.623981,-0.120222,0.384452,-0.330401
440,-0.106473,1.119386,-0.643131,-0.233827,0.377931,-0.330475,-0.193606,1.089324,-0.628777,-0.196498,0.373615,-0.318019,-0.25037,1.061824,-0.601087,-0.171111,0.377999,-0.319801,-0.279761,1.054216,-0.60077,-0.160489,0.378862,-0.336599
441,-0.109351,1.125061,-0.628575,-0.29296,0.383876,-0.318714,-0.206926,1.081064,-0.601687,-0.225997,0.380718,-0.335321,-0.25307,1.063757,-0.597348,-0.199277,0.365338,-0.311043,-0.29885,1.055267,-0.581039,-0.166594,0.385304,-0.311163
442,-0.114925,1.122796,-0.614054,-0.292845,0.396792,-0.312345,-0.209564,1.092252,-0.574909,-0.236868,0.399681,-0.306629,-0.271029,1.063114,-0.577331,-0.22149,0.386167,-0.316268,-0.306431,1.064207,-0.573682,-0.169193,0.384016,-0.312887
443,-0.126848,1.125183,-0.594927,-0.339716,0.380178,-0.297511,-0.219148,1.095176,-0.555126,-0.260516,0.391131,-0.303982,-0.28491,1.063907,-0.564261,-0.225221,0.372632,-0.315811,-0.317418,1.063175,-0.557584,-0.193252,0.379455,-0.304894
444,-0.119443,1.123653,-0.572921,-0.389979,0.384012,-0.286877,-0.224898,1.091316,-0.552888,-0.295238,0.385566,-0.30026,-0.283762,1.072516,-0.545958,-0.255895,0.373375,-0.281958,-0.324585,1.057589,-0.540192,-0.2142,0.384063,-0.293947
445,-0.126399,1.114393,-0.547952,-0.396254,0.390623,-0.291838,-0.227507,1.083489,-0.533285,-0.31539,0.411064,-0.290272,-0.299602,1.07517,-0.529291,-0.262485,0.39826,-0.318577,-0.328406,1.056531,-0.516046,-0.237044,0.383167,-0.302801
446,-0.133091,1.126897,-0.534084,-0.437219,0.376658,-0.298821,-0.245482,1.08833,-0.521849,-0.341501,0.394201,-0.29574,-0.304017,1.066983,-0.511514,-0.311839,0.395858,-0.280078,-0.343709,1.052904,-0.506971,-0.241676,0.385592,-0.287438
447,-0.130005,1.128516,-0.507083,-0.476234,0.389789,-0.284128,-0.244794,1.088156,-0.504837,-0.38283,0.401393,-0.290013,-0.314264,1.06544,-0.493084,-0.312907,0.380967,-0.276297,-0.345431,1.062829,-0.482728,-0.27591,0.391786,-0.265701
448,-0.134633,1.119518,-0.493273,-0.504442,0.382929,-0.256324,-0.253825,1.092424,-0.480854,-0.389687,0.400517,-0.282046,-0.324056,1.074237,-0.46341,-0.340356,0.404302,-0.285395,-0.364121,1.055428,-0.465191,-0.296395,0.381456,-0.284186
449,-0.145599,1.12522,-0.480062,-0.543453,0.402017,-0.253219,-0.263661,1.086236,-0.462964,-0.411761,0.390662,-0.264994,-0.328545,1.069608,-0.454946,-0.357358,0.375112,-0.25856,-0.372292,1.051035,-0.450782,-0.309765,0.410212,-0.278264
450,-0.139647,1.124399,-0.45526,-0.573402,0.423486,-0.281653,-0.255016,1.084682,-0.44251,-0.448955,0.388344,-0.268245,-0.339753,1.05711,-0.436516,-0.369232,0.393417,-0.261895,-0.386529,1.042918,-0.432125,-0.334666,0.387346,-0.251092
451,-0.15493,1.111486,-0.440992,-0.597289,0.40348,-0.24676,-0.280373,1.077494,-0.414558,-0.459164,0.39285,-0.264399,-0.346994,1.068463,-0.419317,-0.396821,0.393335,-0.264939,-0.405683,1.058481,-0.40819,-0.331121,0.412589,-0.266338
452,-0.152025,1.114753,-0.422937,-0.621413,0.394954,-0.242357,-0.289619,1.083442,-0.405935,-0.501615,0.387622,-0.263114,-0.357751,1.059868,-0.394805,-0.414954,0.396285,-0.258155,-0.412201,1.044681,-0.396358,-0.371574,0.402825,-0.249454
453,-0.153716,1.108417,-0.395055,-0.666669,0.396119,-0.242487,-0.289371,1.069863,-0.388016,-0.52024,0.392405,-0.256373,-0.368327,1.059468,-0.374987,-0.431819,0.403558,-0.241717,-0.420406,1.035628,-0.372598,-0.40662,0.402468,-0.251492
454,-0.150146,1.109109,-0.379649,-0.699249,0.376472,-0.242448,-0.311522,1.074322,-0.364811,-0.541668,0.410614,-0.238982,-0.372252,1.046865,-0.361696,-0.448993,0.406097,-0.24778,-0.423254,1.035364,-0.363881,-0.418785,0.396986,-0.243758
455,-0.151784,1.101345,-0.358291,-0.727497,0.414546,-0.246657,-0.299298,1.07416,-0.348001,-0.558743,0.399897,-0.21962,-0.388342,1.054713,-0.346526,-0.485749,0.406389,-0.244838,-0.436231,1.034356,-0.345405,-0.42025,0.401451,-0.22466
456,-0.161714,1.099105,-0.347021,-0.76024,0.401193,-0.21106,-0.3031,1.061322,-0.326725,-0.578255,0.40523,-0.239699,-0.384473,1.045507,-0.326817,-0.499698,0.405208,-0.236801,-0.438524,1.025987,-0.321409,-0.433672,0.41595,-0.237585
457,-0.162922,1.090456,-0.318865,-0.768316,0.407523,-0.218497,-0.315169,1.057372,-0.300386,-0.609565,0.401436,-0.234567,-0.401372,1.039814,-0.306598,-0.522176,0.396577,-0.209361,-0.447753,1.024426,-0.302537,-0.451552,0.403166,-0.222984
458,-0.177066,1.085235,-0.296596,-0.82018,0.402465,-0.216081,-0.330014,1.057153,-0.288147,-0.615995,0.406652,-0.212626,-0.410465,1.031295,-0.280511,-0.534451,0.412938,-0.22505,-0.467309,1.02804,-0.277035,-0.475966,0.386764,-0.220755
459,-0.178255,1.089638,-0.278986,-0.839461,0.40333,-0.217691,-0.330084,1.051089,-0.274104,-0.652504,0.384789,-0.20112,-0.421705,1.034443,-0.25646,-0.555369,0.413879,-0.207649,-0.47344,1.019933,-0.262431,-0.481013,0.415899,-0.207431
460,-0.177381,1.07856,-0.265311,-0.870237,0.38582,-0.199734,-0.33443,1.046251,-0.246452,-0.660783,0.391454,-0.192994,-0.427199,1.022133,-0.244048,-0.569783,0.408205,-0.196551,-0.474963,1.016984,-0.240254,-0.486327,0.406357,-0.194041
461,-0.182902,1.06179,-0.24121,-0.87758,0.398223,-0.20444,-0.339247,1.035626,-0.225599,-0.714436,0.401522,-0.192382,-0.432196,1.015457,-0.223396,-0.595107,0.401705,-0.198013,-0.489436,1.00862,-0.225534,-0.506983,0.408017,-0.190393
462,-0.182602,1.061938,-0.211067,-0.93607,0.41898,-0.187168,-0.339145,1.040711,-0.211382,-0.719382,0.398126,-0.18751,-0.435617,1.008981,-0.201194,-0.616218,0.411614,-0.19211,-0.49832,1.000848,-0.206102,-0.539918,0.396009,-0.217309
463,-0.186955,1.05805,-0.200559,-0.974723,0.405632,-0.182915,-0.35541,1.022779,-0.187614,-0.743201,0.425738,-0.181967,-0.444492,1.001528,-0.193726,-0.637879,0.40628,-0.18649,-0.501865,0.999331,-0.17831,-0.542492,0.422249,-0.183726
464,-0.18299,1.050784,-0.170953,-0.998078,0.400018,-0.169876,-0.349924,1.019291,-0.17682,-0.756969,0.379021,-0.185698,-0.45253,0.994582,-0.16006,-0.641493,0.386122,-0.160918,-0.506093,0.989281,-0.157176,-0.567933,0.408631,-0.175995
465,-0.190087,1.034365,-0.158571,-0.994204,0.405666,-0.176984,-0.356989,1.014539,-0.146727,-0.800829,0.40947,-0.175638,-0.453002,0.98479,-0.153683,-0.683076,0.41885,-0.163821,-0.517743,0.977121,-0.140833,-0.593637,0.394537,-0.154591
466,-0.190818,1.025482,-0.12854,-1.025915,0.39566,-0.155428,-0.373171,1.004395,-0.128811,-0.816588,0.394244,-0.170127,-0.459903,0.98317,-0.122907,-0.686765,0.410498,-0.170612,-0.512857,0.975908,-0.12533,-0.603296,0.402008,-0.151068
467,-0.19338,1.025904,-0.112983,-1.056393,0.381679,-0.180598,-0.362029,0.987649,-0.103344,-0.854751,0.396458,-0.156788,-0.472295,0.976838,-0.100186,-0.696666,0.409411,-0.143121,-0.53027,0.967595,-0.102023,-0.616289,0.380184,-0.142156
468,-0.198288,1.008176,-0.089456,-1.084741,0.401231,-0.159345,-0.380785,0.983183,-0.089999,-0.856745,0.39931,-0.115941,-0.475023,0.96692,-0.080516,-0.719696,0.407566,-0.156288,-0.552502,0.956727,-0.078285,-0.626173,0.408214,-0.153421
469,-0.207809,1.004225,-0.07064,-1.11379,0.396119,-0.144111,-0.38443,0.987999,-0.068862,-0.861735,0.406678,-0.126091,-0.485518,0.953407,-0.060782,-0.747719,0.386063,-0.144632,-0.541403,0.945071,-0.054196,-0.657188,0.416066,-0.156292
470,-0.204974,0.9967,-0.048956,-1.150384,0.382905,-0.125183,-0.384393,0.96746,-0.047711,-0.885535,0.404579,-0.139934,-0.472237,0.942937,-0.043218,-0.749165,0.39931,-0.124806,-0.552266,0.936568,-0.038048,-0.677294,0.40063,-0.142383
471,-0.20353,0.986687,-0.022784,-1.188666,0.393698,-0.13313,-0.398413,0.961896,-0.018854,-0.914041,0.42076,-0.134901,-0.49456,0.942259,-0.017147,-0.783907,0.411288,-0.104345,-0.5712,0.926298,-0.026993,-0.686435,0.41831,-0.116542
472,-0.210987,0.980582,-0.007638,-1.203144,0.385719,-0.130832,-0.388444,0.949304,-0.011702,-0.931523,0.408161,-0.122353,-0.496311,0.925419,-0.010369,-0.781052,0.394523,-0.129289,-0.562903,0.917438,-0.004125,-0.700236,0.395445,-0.113977
473,-0.212597,0.960911,0.019428,-1.215876,0.38132,-0.105504,-0.397315,0.934944,0.019909,-0.954044,0.389375,-0.128497,-0.499426,0.928329,0.018609,-0.805965,0.372309,-0.118252,-0.578701,0.911334,0.017903,-0.705611,0.409074,-0.106187
474,-0.215787,0.9609,0.037411,-1.262605,0.37082,-0.106485,-0.40734,0.935228,0.032009,-0.975203,0.400856,-0.101672,-0.509443,0.897762,0.035975,-0.836515,0.392931,-0.105375,-0.589865,0.897755,0.032959,-0.733607,0.382194,-0.092787
475,-0.21799,0.94273,0.05565,-1.25981,0.384046,-0.10384,-0.407484,0.913663,0.060833,-0.989075,0.395699,-0.089444,-0.516218,0.894136,0.054149,-0.838995,0.388443,-0.105389,-0.582821,0.885461,0.048203,-0.709282,0.383191,-0.108925
476,-0.210418,0.942045,0.083555,-1.283052,0.389359,-0.099244,-0.410963,0.897166,0.07428,-1.000944,0.378784,-0.081732,-0.519748,0.893229,0.070764,-0.832624,0.400196,-0.087923,-0.59948,0.870157,0.069351,-0.738978,0.404449,-0.085402
477,-0.217445,0.915842,0.094767,-1.317587,0.395623,-0.102806,-0.412015,0.899261,0.10658,-1.018542,0.378081,-0.082605,-0.522975,0.876333,0.096284,-0.872567,0.395985,-0.113984,-0.603427,0.873847,0.094331,-0.763406,0.370671,-0.094457
478,-0.226421,0.909525,0.12359,-1.334091,0.372167,-0.057513,-0.42148,0.875905,0.119124,-1.027612,0.387329,-0.073258,-0.52179,0.874389,0.113953,-0.882017,0.390339,-0.078728,-0.596839,0.851542,0.107808,-0.778836,0.367415,-0.07611
479,-0.221042,0.895011,0.144805,-1.334459,0.388569,-0.067026,-0.4182,0.866179,0.131716,-1.057165,0.395747,-0.068889,-0.53377,0.849389,0.142309,-0.889144,0.380763,-0.072761,-0.611227,0.842711,0.125744,-0.789919,0.367845,-0.056997
480,-0.225042,0.880084,0.163325,-1.396856,0.384208,-0.056454,-0.420683,0.855088,0.162551,-1.080348,0.376516,-0.057589,-0.532966,0.848189,0.16214,-0.911678,0.357417,-0.081281,-0.606083,0.824568,0.151607,-0.799405,0.365726,-0.056934
481,-0.221362,0.870467,0.187919,-1.383667,0.38085,-0.060367,-0.435486,0.84951,0.182682,-1.104386,0.373941,-0.055868,-0.537347,0.831615,0.180159,-0.941203,0.399543,-0.055603,-0.606272,0.818646,0.173104,-0.814419,0.379075,-0.055486
482,-0.237969,0.850655,0.202688,-1.402872,0.369509,-0.053634,-0.43418,0.830321,0.198686,-1.11597,0.389438,-0.046694,-0.544521,0.822355,0.19632,-0.912059,0.391415,-0.038259,-0.615325,0.80668,0.193033,-0.834502,0.378007,-0.052279
483,-0.229636,0.839203,0.224881,-1.438931,0.383782,-0.029471,-0.436781,0.817842,0.215916,-1.121951,0.370414,-0.046023,-0.54564,0.797374,0.213289,-0.949932,0.372749,-0.037498,-0.626639,0.794545,0.215159,-0.845247,0.376403,-0.019172
484,-0.231514,0.832091,0.249364,-1.4416,0.376389,-0.050742,-0.444991,0.794939,0.235242,-1.126701,0.372572,-0.044978,-0.553486,0.789948,0.233088,-0.962113,0.351691,-0.027193,-0.625186,0.769587,0.23177,-0.836752,0.355322,-0.04633
485,-0.244249,0.812323,0.270449,-1.481847,0.362911,-0.019848,-0.444453,0.77625,0.267829,-1.136779,0.348541,-0.03242,-0.562183,0.774299,0.267836,-0.982354,0.346461,-0.019062,-0.631386,0.765107,0.252766,-0.850999,0.365802,-0.025166
486,-0.241939,0.800059,0.286589,-1.503985,0.358018,-0.015288,-0.442658,0.772509,0.275448,-1.165314,0.361439,-0.014623,-0.564223,0.753226,0.273142,-0.992234,0.358291,-0.009977,-0.630234,0.739363,0.268121,-0.859476,0.35704,-0.011663
487,-0.238052,0.792545,0.311151,-1.502796,0.36013,-0.004997,-0.449042,0.760268,0.299096,-1.169324,0.352109,-0.00565,-0.573493,0.742186,0.295306,-0.999533,0.338578,-0.010212,-0.645626,0.723615,0.290666,-0.884322,0.351568,-0.015536
488,-0.231346,0.768641,0.325612,-1.519629,0.346399,-0.005306,-0.439805,0.741287,0.308349,-1.194783,0.353926,0.010941,-0.568958,0.734035,0.313538,-1.000972,0.346615,0.012072,-0.642836,0.728906,0.312933,-0.899443,0.357509,0.00265
489,-0.237373,0.748439,0.355322,-1.556484,0.355152,0.012652,-0.449903,0.719954,0.334905,-1.204918,0.363389,0.014601,-0.566396,0.711771,0.328584,-1.006778,0.348177,0.002054,-0.624982,0.697394,0.333486,-0.896063,0.362413,0.005432
490,-0.234942,0.732026,0.379362,-1.57829,0.342857,0.007474,-0.459143,0.714079,0.350493,-1.229677,0.34469,0.013905,-0.563923,0.705931,0.34412,-1.025292,0.346373,0.007066,-0.647889,0.696567,0.344848,-0.908583,0.353836,0.017692
491,-0.232269,0.719219,0.392354,-1.583676,0.336518,0.028029,-0.446279,0.690206,0.383612,-1.226726,0.33658,0.03275,-0.569709,0.683562,0.366628,-1.033358,0.322219,0.031387,-0.638369,0.676583,0.362313,-0.912318,0.332172,0.015364
492,-0.242673,0.697117,0.409608,-1.597122,0.323925,0.031057,-0.457857,0.6865,0.387189,-1.256788,0.338347,0.023435,-0.577524,0.671748,0.378798,-1.037558,0.332734,0.018663,-0.646243,0.66288,0.386849,-0.912533,0.347977,0.017405
493,-0.23836,0.683659,0.428512,-1.61291,0.340293,0.038923,-0.457028,0.661801,0.411029,-1.247036,0.330967,0.038974,-0.570772,0.653566,0.410509,-1.060471,0.339389,0.033376,-0.645324,0.647284,0.405463,-0.929586,0.338406,0.028153
494,-0.237232,0.67955,0.446277,-1.612329,0.345493,0.04105,-0.45292,0.654309,0.429739,-1.261428,0.337415,0.049665,-0.565862,0.64215,0.428671,-1.073034,0.321678,0.057428,-0.65066,0.622865,0.422654,-0.929125,0.330491,0.043483
495,-0.237123,0.651761,0.461943,-1.635378,0.33436,0.04426,-0.453779,0.62808,0.452019,-1.270043,0.328946,0.055608,-0.577764,0.617145,0.44199,-1.077513,0.333644,0.048927,-0.656074,0.623309,0.440487,-0.962364,0.325893,0.050253
496,-0.242521,0.635151,0.484096,-1.631399,0.317014,0.063085,-0.459741,0.612361,0.481957,-1.267574,0.309918,0.067873,-0.574204,0.605428,0.459466,-1.069782,0.301399,0.068909,-0.657919,0.598462,0.460123,-0.946612,0.311978,0.057016
497,-0.243649,0.622292,0.50139,-1.669788,0.311378,0.074803,-0.458817,0.594937,0.486852,-1.278601,0.318849,0.064336,-0.586504,0.589722,0.485602,-1.075114,0.32967,0.068376,-0.648224,0.581887,0.472541,-0.949696,0.328928,0.068313
498,-0.241168,0.592282,0.53265,-1.668324,0.307551,0.073219,-0.455838,0.580965,0.509748,-1.307397,0.31301,0.070399,-0.571184,0.575274,0.497279,-1.107283,0.306118,0.076765,-0.663514,0.564772,0.490177,-0.971782,0.301778,0.074392
499,-0.239813,0.575347,0.553576,-1.695662,0.320704,0.091584,-0.459998,0.564468,0.525089,-1.307066,0.287146,0.072916,-0.57845,0.554601,0.517748,-1.115113,0.30662,0.08445,-0.663238,0.546014,0.507439,-0.971486,0.302684,0.096457
500,-0.247477,0.566641,0.567824,-1.685148,0.30369,0.091298,-0.448638,0.551556,0.548629,-1.305337,0.286119,0.094842,-0.578482,0.542687,0.530063,-1.085915,0.295786,0.097446,-0.657008,0.516987,0.528699,-0.98379,0.303485,0.088334
501,-0.248386,0.538478,0.587402,-1.68901,0.298601,0.087493,-0.464125,0.536043,0.574491,-1.325,0.304997,0.089074,-0.582549,0.52263,0.558427,-1.110912,0.306946,0.104833,-0.646927,0.508665,0.546117,-0.99761,0.296958,0.097875
502,-0.233184,0.523567,0.594175,-1.699147,0.295697,0.107333,-0.461492,0.510724,0.577368,-1.35424,0.293675,0.107967,-0.584314,0.50178,0.568941,-1.125633,0.278029,0.100173,-0.658597,0.496318,0.558372,-0.981944,0.282817,0.105935
503,-0.240751,0.50241,0.606712,-1.723581,0.294623,0.127008,-0.457382,0.487078,0.592032,-1.354369,0.277637,0.103807,-0.582118,0.473227,0.586129,-1.139568,0.289239,0.107754,-0.663725,0.477401,0.572826,-1.001489,0.287461,0.095993
504,-0.243009,0.485012,0.63482,-1.72436,0.278918,0.097328,-0.454329,0.468909,0.621028,-1.329276,0.28181,0.11277,-0.572921,0.464914,0.612647,-1.127648,0.266081,0.105243,-0.658043,0.457094,0.605559,-1.008895,0.291759,0.122537
505,-0.25308,0.471703,0.647675,-1.730756,0.281697,0.119603,-0.449851,0.452441,0.630286,-1.352091,0.27175,0.110886,-0.575911,0.443852,0.627288,-1.137173,0.268036,0.131129,-0.650637,0.4431,0.603095,-0.997179,0.264117,0.118486
506,-0.235384,0.446425,0.675034,-1.750641,0.264951,0.124798,-0.45649,0.440485,0.658294,-1.351952,0.273327,0.139756,-0.575462,0.426975,0.638767,-1.149257,0.258608,0.143058,-0.65266,0.422011,0.63091,-1.00571,0.278141,0.127167
507,-0.254086,0.432666,0.68161,-1.751272,0.244844,0.150647,-0.454513,0.412426,0.657636,-1.362066,0.249525,0.126953,-0.573778,0.398829,0.648307,-1.13857,0.26764,0.155695,-0.65268,0.406467,0.635782,-1.02549,0.251713,0.151538
508,-0.240391,0.407518,0.709622,-1.741217,0.236415,0.155399,-0.46303,0.403845,0.677666,-1.360667,0.223831,0.143931,-0.574662,0.389551,0.669959,-1.151779,0.243808,0.135765,-0.644275,0.384036,0.65249,-1.02252,0.266803,0.139622
509,-0.245297,0.394414,0.722172,-1.75893,0.247899,0.149208,-0.453077,0.374587,0.702112,-1.353109,0.253992,0.168273,-0.572098,0.374829,0.681656,-1.159744,0.241088,0.154481,-0.655539,0.370634,0.680707,-1.030298,0.250198,0.145777
510,-0.239885,0.369828,0.742985,-1.732717,0.26592,0.174323,-0.449576,0.355335,0.701943,-1.376537,0.249885,0.167505,-0.569242,0.358309,0.698566,-1.147044,0.235108,0.171716,-0.643086,0.345223,0.690265,-1.019186,0.239323,0.17066
511,-0.235756,0.349834,0.749948,-1.764726,0.225989,0.179363,-0.444719,0.345845,0.738085,-1.384894,0.232763,0.163914,-0.576804,0.337985,0.719648,-1.167241,0.24991,0.167675,-0.637414,0.33103,0.711257,-1.021662,0.234114,0.179596
512,-0.24262,0.328338,0.7702,-1.75636,0.21815,0.162387,-0.443987,0.32302,0.729926,-1.347139,0.231707,0.17103,-0.565564,0.322002,0.73739,-1.155469,0.24261,0.16922,-0.63114,0.315059,0.723218,-1.036923,0.21241,0.17152
513,-0.236744,0.308026,0.783708,-1.761657,0.221636,0.174955,-0.445378,0.30093,0.75285,-1.361044,0.223622,0.169964,-0.564898,0.298742,0.747489,-1.157358,0.249197,0.177577,-0.633376,0.29267,0.732463,-1.019324,0.22304,0.189416
514,-0.234216,0.289527,0.792951,-1.77271,0.201783,0.184945,-0.449158,0.275233,0.775332,-1.397943,0.213202,0.200328,-0.560242,0.266183,0.756461,-1.145945,0.213989,0.191591,-0.629131,0.270075,0.747338,-1.031076,0.23233,0.205572
515,-0.228082,0.2676,0.813303,-1.773931,0.208495,0.185688,-0.444781,0.257201,0.794126,-1.377399,0.198261,0.183121,-0.557346,0.253046,0.77297,-1.170485,0.204264,0.193493,-0.63834,0.237673,0.758636,-1.028385,0.206506,0.210828
516,-0.222021,0.245829,0.819687,-1.758741,0.206906,0.197875,-0.433417,0.237879,0.803228,-1.357885,0.217696,0.208547,-0.550825,0.236234,0.786085,-1.15752,0.21183,0.209676,-0.626112,0.226022,0.771863,-1.017008,0.212576,0.193945
517,-0.229268,0.234173,0.838745,-1.754127,0.191384,0.19698,-0.426449,0.215825,0.814033,-1.368064,0.201037,0.217161,-0.551791,0.213578,0.800422,-1.156124,0.195141,0.209366,-0.615863,0.216608,0.791253,-1.035079,0.197254,0.222307
518,-0.22433,0.203752,0.852176,-1.770997,0.179918,0.204295,-0.439142,0.200452,0.821314,-1.3913,0.206446,0.208704,-0.543308,0.205316,0.812765,-1.161478,0.203803,0.194536,-0.623316,0.19283,0.801108,-1.021453,0.17199,0.216463
519,-0.226278,0.186593,0.866538,-1.751124,0.160708,0.231858,-0.435406,0.174493,0.839492,-1.374205,0.170049,0.222184,-0.54934,0.173624,0.827347,-1.15165,0.18407,0.220552,-0.608876,0.173275,0.812272,-1.026076,0.178177,0.216229
520,-0.22955,0.163802,0.882143,-1.758488,0.169337,0.219442,-0.429054,0.158656,0.856834,-1.381804,0.178064,0.217401,-0.546986,0.156675,0.838332,-1.166348,0.175311,0.198314,-0.611369,0.155136,0.826176,-1.046341,0.177041,0.220463
521,-0.217633,0.142927,0.891047,-1.760001,0.164579,0.225687,-0.427576,0.137903,0.868844,-1.378659,0.157572,0.226704,-0.532804,0.139031,0.849106,-1.164264,0.173191,0.220523,-0.602588,0.132407,0.839543,-1.03556,0.185991,0.228076
522,-0.226746,0.122536,0.909288,-1.763903,0.175155,0.24873,-0.415539,0.117082,0.877206,-1.356463,0.152897,0.251947,-0.530026,0.124116,0.854684,-1.146968,0.168854,0.241147,-0.596482,0.10902,0.852633,-1.024084,0.171362,0.260036
523,-0.219714,0.093756,0.916787,-1.755754,0.139678,0.239968,-0.412361,0.093291,0.887234,-1.36837,0.153704,0.240035,-0.523996,0.093409,0.879354,-1.134229,0.144668,0.25153,-0.590405,0.089469,0.861301,-1.025472,0.161521,0.246877
524,-0.217884,0.083738,0.931908,-1.752602,0.136817,0.259847,-0.411685,0.084019,0.903624,-1.363337,0.135538,0.266886,-0.521956,0.082381,0.888697,-1.143425,0.144589,0.274333,-0.585493,0.079098,0.883371,-1.005951,0.151645,0.245276
525,-0.218022,0.056693,0.94273,-1.743571,0.151444,0.266291,-0.408316,0.051957,0.916775,-1.355826,0.14088,0.278839,-0.514231,0.05447,0.902737,-1.133662,0.133388,0.274652,-0.591482,0.053732,0.878047,-1.011198,0.140132,0.278375
526,-0.206513,0.037049,0.956331,-1.7478,0.155928,0.265121,-0.408349,0.034059,0.920147,-1.35737,0.124737,0.27188,-0.508225,0.027129,0.909204,-1.13994,0.134062,0.255657,-0.576538,0.039141,0.900572,-1.001641,0.152553,0.271686
527,-0.216694,0.020163,0.965906,-1.741157,0.126339,0.248466,-0.405484,0.007251,0.938441,-1.335733,0.109886,0.27775,-0.505919,0.014253,0.916961,-1.138808,0.136777,0.254017,-0.568532,0.009435,0.904413,-0.995434,0.125452,0.274028
528,-0.21442,-0.004546,0.972074,-1.724785,0.106919,0.274405,-0.402176,-0.007609,0.942514,-1.34953,0.119528,0.266934,-0.505097,-0.004314,0.933726,-1.133312,0.117201,0.283257,-0.563986,0.006385,0.918201,-0.994057,0.123997,0.282134
529,-0.209992,-0.022015,0.988539,-1.71146,0.116783,0.278334,-0.382566,-0.031641,0.960928,-1.31739,0.11095,0.275779,-0.489969,-0.025955,0.943309,-1.128193,0.109118,0.283436,-0.563505,-0.030029,0.931156,-0.998044,0.107621,0.277415
530,-0.209324,-0.05097,0.998487,-1.687732,0.105454,0.305342,-0.389653,-0.043892,0.970711,-1.324299,0.107252,0.282481,-0.488021,-0.053875,0.949887,-1.131373,0.096341,0.283361,-0.556672,-0.043954,0.938258,-0.959557,0.111846,0.292291
531,-0.201733,-0.070062,1.006073,-1.695821,0.102632,0.299557,-0.387891,-0.071524,0.9791,-1.310182,0.087825,0.289873,-0.481736,-0.065379,0.960211,-1.103477,0.106528,0.281561,-0.550347,-0.071279,0.952527,-0.98163,0.110437,0.300264
532,-0.196334,-0.087585,1.014093,-1.701301,0.081044,0.314779,-0.375232,-0.083819,0.980342,-1.314849,0.093983,0.312422,-0.470335,-0.087196,0.964412,-1.118137,0.095092,0.306356,-0.549334,-0.080218,0.950785,-0.984949,0.08002,0.297919
533,-0.197539,-0.110769,1.023661,-1.680125,0.091618,0.303381,-0.383213,-0.105378,1.004672,-1.315355,0.092351,0.29843,-0.469522,-0.102577,0.977187,-1.085274,0.080903,0.308841,-0.541083,-0.100087,0.95967,-0.966971,0.084116,0.288053
534,-0.202258,-0.135012,1.034639,-1.66942,0.07297,0.321622,-0.372565,-0.122307,1.002902,-1.292127,0.085877,0.313156,-0.458535,-0.131409,0.979727,-1.095676,0.075776,0.304944,-0.518054,-0.121166,0.971195,-0.989875,0.0851,0.312453
535,-0.184979,-0.16292,1.036564,-1.666479,0.057388,0.310064,-0.362091,-0.145954,1.011129,-1.28299,0.055109,0.303306,-0.447073,-0.137251,0.995152,-1.074326,0.066272,0.304857,-0.519853,-0.141865,0.976502,-0.958999,0.079188,0.309226
536,-0.189489,-0.180881,1.056001,-1.638316,0.069424,0.305181,-0.351091,-0.171404,1.019163,-1.27812,0.051457,0.321201,-0.454764,-0.165627,0.992857,-1.087565,0.062338,0.305005,-0.511194,-0.162072,0.979458,-0.961552,0.068471,0.297378
537,-0.181087,-0.190955,1.061472,-1.629173,0.068101,0.317691,-0.358742,-0.181877,1.005267,-1.259816,0.056128,0.32321,-0.449161,-0.181496,0.999016,-1.053825,0.058999,0.32447,-0.506622,-0.181127,0.985221,-0.940989,0.052308,0.313531
538,-0.184598,-0.216544,1.060654,-1.633714,0.046211,0.325159,-0.339488,-0.208936,1.035831,-1.249297,0.044584,0.336752,-0.440184,-0.208422,1.013659,-1.072829,0.037071,0.331698,-0.499868,-0.20357,1.012206,-0.942027,0.063388,0.322472
539,-0.174592,-0.235202,1.064342,-1.585279,0.02392,0.341182,-0.341301,-0.224121,1.039052,-1.254147,0.055476,0.353131,-0.437651,-0.231183,1.00909,-1.059639,0.041237,0.326256,-0.478375,-0.221312,1.00808,-0.935254,0.056015,0.338449
540,-0.174819,-0.253578,1.075369,-1.591113,0.038585,0.340455,-0.341313,-0.246982,1.054143,-1.240082,0.029099,0.344091,-0.422555,-0.235795,1.027796,-1.041283,0.030984,0.354378,-0.477074,-0.237997,1.012181,-0.914497,0.037121,0.319201
541,-0.177892,-0.279045,1.077295,-1.58796,0.023316,0.348674,-0.333404,-0.273872,1.050828,-1.226683,0.008341,0.30493,-0.415263,-0.272297,1.031388,-1.039422,0.00321,0.345151,-0.472292,-0.260423,1.021483,-0.918922,0.021161,0.329133
542,-0.171288,-0.296332,1.086024,-1.560176,0.002393,0.335829,-0.320374,-0.28673,1.050554,-1.20227,0.015207,0.332801,-0.403978,-0.280353,1.036457,-1.011046,0.001368,0.348064,-0.457087,-0.281013,1.026032,-0.91629,0.000483,0.335045
543,-0.168466,-0.313934,1.096327,-1.555586,0.000827,0.33919,-0.313909,-0.312733,1.054877,-1.217461,0.014728,0.34316,-0.401496,-0.299245,1.049233,-1.021793,0.000918,0.341785,-0.45277,-0.301539,1.025519,-0.891888,-0.009563,0.362955
544,-0.165701,-0.337813,1.107195,-1.524228,-0.007129,0.350625,-0.312821,-0.326637,1.072443,-1.173478,-0.002206,0.345719,-0.392571,-0.320008,1.031042,-0.992494,0.003753,0.360147,-0.443667,-0.313103,1.028896,-0.873416,-0.000908,0.367557
545,-0.156021,-0.352362,1.10652,-1.521069,-0.007496,0.366351,-0.31054,-0.345153,1.069628,-1.177685,-0.009335,0.367769,-0.384074,-0.335142,1.043298,-0.992576,-0.019712,0.337994,-0.423068,-0.336729,1.036545,-0.881573,-0.038434,0.377099
546,-0.157489,-0.379431,1.105189,-1.495314,-0.024636,0.381111,-0.30272,-0.36636,1.071974,-1.14717,0.000275,0.358683,-0.372975,-0.366558,1.052671,-0.972312,-0.037866,0.38368,-0.431372,-0.358656,1.04268,-0.869713,-0.031983,0.355043
547,-0.158666,-0.396129,1.121779,-1.468447,-0.040484,0.38387,-0.296291,-0.387336,1.076661,-1.147215,-0.035492,0.36196,-0.36724,-0.380807,1.057211,-0.953097,-0.027937,0.355406,-0.413662,-0.376076,1.045768,-0.856325,-0.024276,0.367649
548,-0.146186,-0.422449,1.120863,-1.457467,-0.023841,0.361796,-0.28643,-0.399942,1.069643,-1.137952,-0.0453,0.371084,-0.356566,-0.398739,1.053671,-0.952673,-0.041263,0.35534,-0.404288,-0.393093,1.046743,-0.855193,-0.03364,0.343864
549,-0.139198,-0.440287,1.116,-1.439779,-0.053783,0.354364,-0.270277,-0.43038,1.08113,-1.116863,-0.040419,0.361215,-0.357989,-0.419833,1.06794,-0.930752,-0.030519,0.358766,-0.400845,-0.407294,1.06105,-0.824891,-0.043787,0.37191
550,-0.142274,-0.456509,1.11701,-1.401146,-0.026485,0.371913,-0.274644,-0.449966,1.089329,-1.115587,-0.048667,0.385238,-0.338562,-0.430026,1.060227,-0.917387,-0.037539,0.374779,-0.383422,-0.438949,1.047202,-0.823846,-0.044237,0.361798
551,-0.138278,-0.482529,1.123974,-1.38378,-0.052356,0.382421,-0.257737,-0.459075,1.087412,-1.076921,-0.064905,0.375147,-0.324744,-0.457038,1.070887,-0.919746,-0.061278,0.378114,-0.379897,-0.448301,1.05382,-0.81556,-0.053567,0.387386
552,-0.132455,-0.491828,1.132051,-1.36294,-0.04809,0.37127,-0.263876,-0.475324,1.089824,-1.072213,-0.060462,0.378643,-0.329576,-0.476515,1.07018,-0.890464,-0.069551,0.380285,-0.362648,-0.46579,1.053241,-0.803557,-0.063682,0.389921
553,-0.134047,-0.51292,1.127191,-1.338304,-0.07116,0.382421,-0.246436,-0.50087,1.0782,-1.05196,-0.057124,0.377355,-0.313146,-0.493864,1.064688,-0.886584,-0.09708,0.372896,-0.358458,-0.487291,1.04388,-0.794689,-0.067152,0.366204
554,-0.126204,-0.529176,1.129696,-1.31971,-0.09643,0.391197,-0.242224,-0.510991,1.079385,-1.04569,-0.070849,0.391224,-0.303607,-0.500687,1.065427,-0.888638,-0.097401,0.384999,-0.341383,-0.509183,1.055232,-0.779162,-0.086456,0.375939
555,-0.121067,-0.552256,1.130858,-1.29363,-0.071212,0.394814,-0.239583,-0.537705,1.087419,-1.024032,-0.100579,0.377417,-0.29639,-0.519491,1.060148,-0.855871,-0.083465,0.395368,-0.33013,-0.515418,1.061826,-0.759864,-0.071406,0.39854
556,-0.121653,-0.568444,1.119385,-1.293666,-0.090616,0.382699,-0.225999,-0.554007,1.088125,-1.004193,-0.080389,0.389102,-0.293207,-0.543839,1.073217,-0.842589,-0.100286,0.390998,-0.32637,-0.53856,1.063488,-0.738717,-0.081914,0.384786
557,-0.126559,-0.579631,1.12629,-1.25253,-0.107581,0.389888,-0.221944,-0.570069,1.090995,-0.993093,-0.099576,0.381054,-0.282698,-0.564123,1.067334,-0.839056,-0.115917,0.39,-0.309667,-0.557398,1.05472,-0.733732,-0.098316,0.400716
558,-0.113074,-0.605999,1.121183,-1.237667,-0.098336,0.38761,-0.212156,-0.589469,1.085493,-0.976695,-0.120502,0.390179,-0.27508,-0.572865,1.067955,-0.812781,-0.112493,0.397506,-0.306132,-0.566218,1.052976,-0.7032,-0.10012,0.385991
559,-0.111391,-0.612666,1.110014,-1.217868,-0.114226,0.393341,-0.205836,-0.602462,1.089883,-0.955666,-0.114433,0.401164,-0.26031,-0.602176,1.06999,-0.779999,-0.119404,0.39502,-0.294464,-0.587115,1.05334,-0.722503,-0.130898,0.397034
560,-0.109476,-0.640091,1.118704,-1.187005,-0.12104,0.393472,-0.196118,-0.62109,1.087716,-0.941937,-0.126529,0.392719,-0.25034,-0.619445,1.060097,-0.791151,-0.12308,0.390276,-0.279244,-0.598093,1.053895,-0.703134,-0.124293,0.383401
561,-0.095442,-0.661692,1.125068,-1.169117,-0.145357,0.388669,-0.191535,-0.637522,1.08906,-0.898616,-0.118847,0.399055,-0.243233,-0.631346,1.054894,-0.774964,-0.151386,0.38694,-0.275297,-0.620864,1.050419,-0.691523,-0.117014,0.384427
562,-0.097743,-0.673027,1.113467,-1.137114,-0.134344,0.389878,-0.18042,-0.6552,1.077833,-0.869139,-0.135334,0.390271,-0.221654,-0.642372,1.068693,-0.766168,-0.127718,0.414651,-0.252739,-0.626106,1.053911,-0.656972,-0.138902,0.3787
563,-0.096608,-0.700299,1.118288,-1.128021,-0.155112,0.400337,-0.167322,-0.675118,1.075447,-0.862474,-0.152972,0.398737,-0.218805,-0.661258,1.064893,-0.74408,-0.14468,0.4136,-0.243913,-0.648173,1.036941,-0.638947,-0.143091,0.38391
564,-0.090406,-0.709799,1.107996,-1.076359,-0.155557,0.389798,-0.16204,-0.684755,1.06911,-0.865484,-0.175242,0.391903,-0.200046,-0.677736,1.06575,-0.718468,-0.12957,0.382732,-0.230844,-0.660598,1.044093,-0.631832,-0.140326,0.390575
565,-0.082372,-0.736716,1.10401,-1.056381,-0.158773,0.387779,-0.147748,-0.699712,1.074161,-0.823464,-0.146825,0.399705,-0.190586,-0.697179,1.054267,-0.685832,-0.159158,0.391468,-0.22365,-0.684661,1.041904,-0.612097,-0.165216,0.405846
566,-0.076277,-0.750839,1.103501,-1.035379,-0.170631,0.408418,-0.145575,-0.711547,1.071115,-0.790219,-0.18202,0.408181,-0.187112,-0.705168,1.053071,-0.663959,-0.179259,0.391423,-0.210677,-0.696635,1.032609,-0.603687,-0.151436,0.395643
567,-0.074362,-0.757043,1.101069,-1.008982,-0.184016,0.405419,-0.132813,-0.739798,1.06196,-0.791837,-0.159697,0.415993,-0.173319,-0.719395,1.042815,-0.650864,-0.171059,0.40362,-0.194524,-0.717185,1.037395,-0.58043,-0.185684,0.398631
568,-0.072224,-0.780481,1.09874,-0.968581,-0.181267,0.417561,-0.132569,-0.745155,1.059162,-0.759804,-0.17866,0.403713,-0.165762,-0.731249,1.040103,-0.648253,-0.169197,0.402813,-0.186849,-0.739799,1.023229,-0.572581,-0.175505,0.410359
569,-0.059278,-0.787399,1.095093,-0.951042,-0.185839,0.397073,-0.120432,-0.769569,1.048544,-0.741511,-0.186451,0.385401,-0.158151,-0.747484,1.033367,-0.635665,-0.182007,0.401634,-0.183337,-0.740353,1.02273,-0.544806,-0.187732,0.385107
570,-0.065773,-0.806359,1.090998,-0.909449,-0.190869,0.397396,-0.105114,-0.781092,1.046401,-0.705242,-0.188829,0.388647,-0.132533,-0.767192,1.023186,-0.619129,-0.21553,0.40188,-0.16532,-0.759467,1.010815,-0.527605,-0.198922,0.409381
571,-0.051713,-0.816166,1.077674,-0.902728,-0.202368,0.389968,-0.103823,-0.793317,1.04881,-0.696828,-0.205107,0.389185,-0.132744,-0.783995,1.026214,-0.589274,-0.196669,0.387106,-0.154494,-0.763741,1.00922,-0.526126,-0.201215,0.404112
572,-0.055005,-0.829129,1.07205,-0.857623,-0.207556,0.416516,-0.104628,-0.809018,1.038015,-0.678943,-0.21539,0.416824,-0.12289,-0.796569,1.020116,-0.571915,-0.222102,0.418653,-0.14013,-0.784647,1.002879,-0.508185,-0.215976,0.405343
573,-0.051463,-0.851309,1.064946,-0.850909,-0.21575,0.398805,-0.089486,-0.829518,1.030072,-0.649977,-0.213385,0.42397,-0.109152,-0.801579,1.020784,-0.547293,-0.216903,0.418442,-0.119885,-0.797977,1.006583,-0.49218,-0.195353,0.400333
574,-0.047662,-0.869327,1.051773,-0.821616,-0.216658,0.395276,-0.086507,-0.83604,1.020676,-0.633352,-0.236009,0.41344,-0.098173,-0.821839,1.008048,-0.535069,-0.226381,0.410043,-0.106436,-0.802918,0.994454,-0.475335,-0.228943,0.408437
575,-0.033243,-0.879503,1.059561,-0.792573,-0.226785,0.407532,-0.072838,-0.852254,1.019167,-0.603441,-0.221296,0.406717,-0.084058,-0.834462,1.002225,-0.500644,-0.227079,0.404334,-0.106985,-0.817314,0.988269,-0.440332,-0.224064,0.396449
576,-0.033366,-0.890877,1.044866,-0.755519,-0.239544,0.386025,-0.058258,-0.862904,0.995025,-0.57039,-0.220446,0.401712,-0.080144,-0.837834,0.990449,-0.461642,-0.227771,0.403284,-0.094983,-0.833321,0.984304,-0.422388,-0.223462,0.40848
577,-0.025326,-0.887111,1.032896,-0.729692,-0.241815,0.393991,-0.055815,-0.870548,1.000261,-0.554182,-0.224712,0.404898,-0.058768,-0.863812,0.97552,-0.467888,-0.232895,0.392824,-0.080115,-0.853079,0.970652,-0.406203,-0.245206,0.406939
578,-0.027907,-0.912283,1.025584,-0.673597,-0.238396,0.397908,-0.045908,-0.891963,0.999167,-0.531729,-0.259585,0.396881,-0.059307,-0.872369,0.976983,-0.45752,-0.224772,0.394221,-0.063332,-0.850946,0.956915,-0.39221,-0.258731,0.39615
579,-0.019554,-0.924141,1.010107,-0.649496,-0.248542,0.384279,-0.038108,-0.889193,0.983079,-0.511246,-0.247306,0.416249,-0.043741,-0.886763,0.966207,-0.440106,-0.242213,0.393628,-0.051015,-0.87819,0.965871,-0.380053,-0.264097,0.402508
580,-0.019588,-0.933837,1.002808,-0.629533,-0.273849,0.406907,-0.029412,-0.915206,0.974534,-0.491647,-0.251504,0.397672,-0.046676,-0.88596,0.965482,-0.4041,-0.251558,0.384062,-0.035632,-0.885045,0.950624,-0.375493,-0.247786,0.389148
581,-0.013255,-0.94967,1.000854,-0.574295,-0.264398,0.405611,-0.018968,-0.919719,0.960998,-0.451334,-0.265676,0.404108,-0.025553,-0.902951,0.953805,-0.395672,-0.279931,0.405327,-0.032308,-0.894499,0.942277,-0.342226,-0.250614,0.403077
582,-0.008954,-0.954481,0.984966,-0.581015,-0.283829,0.395445,-0.001512,-0.939904,0.960761,-0.441115,-0.263632,0.391013,-0.019291,-0.918224,0.941537,-0.372334,-0.261104,0.405051,-0.015537,-0.910274,0.931905,-0.318045,-0.258539,0.375058
583,-0.009496,-0.971327,0.972613,-0.528408,-0.287389,0.398003,0.006417,-0.936046,0.957865,-0.429665,-0.262167,0.386757,0.004633,-0.931275,0.936672,-0.337749,-0.287574,0.397163,0.003121,-0.916385,0.926062,-0.298744,-0.263869,0.381889
584,0.003927,-0.984979,0.960331,-0.519932,-0.279397,0.396025,0.003087,-0.950719,0.940321,-0.400845,-0.268116,0.395479,0.004175,-0.935428,0.914038,-0.329331,-0.279817,0.403868,-0.000128,-0.927585,0.90297,-0.303394,-0.293608,0.400336
585,0.010477,-0.995223,0.964028,-0.46921,-0.28913,0.390562,0.00782,-0.95815,0.930872,-0.37143,-0.29229,0.397908,0.013333,-0.942693,0.913534,-0.316136,-0.28638,0.37595,0.022269,-0.928609,0.899413,-0.278296,-0.293748,0.397197
586,0.013111,-1.005544,0.940695,-0.422254,-0.298444,0.391666,0.025185,-0.97106,0.914224,-0.342162,-0.300986,0.392275,0.036542,-0.954878,0.899535,-0.275789,-0.289502,0.379634,0.028233,-0.943687,0.887789,-0.243786,-0.284578,0.394244
587,0.019341,-1.013986,0.933861,-0.37916,-0.292682,0.402505,0.034127,-0.977351,0.901922,-0.314524,-0.276973,0.400512,0.051547,-0.961428,0.88735,-0.272631,-0.297084,0.391167,0.04743,-0.955807,0.886386,-0.223993,-0.292267,0.396273
588,0.023215,-1.020448,0.929975,-0.369444,-0.31165,0.392002,0.046826,-0.990786,0.896579,-0.26545,-0.299121,0.366551,0.045394,-0.970568,0.874131,-0.257953,-0.2919,0.393341,0.057731,-0.961008,0.859455,-0.225806,-0.302982,0.379962
589,0.021701,-1.028666,0.903501,-0.345916,-0.31182,0.381163,0.04441,-1.000644,0.874169,-0.263905,-0.297098,0.383603,0.069671,-0.983763,0.852607,-0.225997,-0.290733,0.393533,0.065657,-0.964536,0.857554,-0.195619,-0.307752,0.373812
590,0.027254,-1.041644,0.907952,-0.315082,-0.29904,0.37934,0.053888,-1.012624,0.86884,-0.237544,-0.315306,0.376598,0.072035,-0.98703,0.84744,-0.198546,-0.314053,0.373759,0.089659,-0.97525,0.84244,-0.173654,-0.306414,0.370406
591,0.028032,-1.051,0.878216,-0.288613,-0.3144,0.368536,0.068797,-1.014999,0.859623,-0.211258,-0.333077,0.356402,0.087195,-0.991967,0.829999,-0.193333,-0.313844,0.365037,0.099693,-0.987136,0.822229,-0.144166,-0.324739,0.382054
592,0.041217,-1.052596,0.874365,-0.250261,-0.332569,0.369519,0.064009,-1.016624,0.847233,-0.189824,-0.31254,0.369239,0.093904,-0.999144,0.828544,-0.162527,-0.30338,0.377429,0.116043,-0.982336,0.827683,-0.149591,-0.32562,0.368116
593,0.039112,-1.054661,0.86266,-0.207132,-0.328833,0.36898,0.081147,-1.033051,0.839872,-0.159392,-0.321368,0.361225,0.114716,-1.002049,0.823511,-0.131676,-0.334868,0.371193,0.122217,-0.991068,0.799354,-0.114854,-0.336729,0.358038
594,0.052145,-1.075641,0.841376,-0.191716,-0.327277,0.370441,0.094735,-1.03272,0.818307,-0.135748,-0.336092,0.371001,0.117602,-1.009684,0.801386,-0.110031,-0.323054,0.374267,0.130039,-1.004771,0.795185,-0.109687,-0.334469,0.358409
595,0.052828,-1.082002,0.831017,-0.151121,-0.33814,0.385723,0.094566,-1.035065,0.805291,-0.101663,-0.34942,0.368116,0.127704,-1.018835,0.786302,-0.094666,-0.323351,0.355899,0.140903,-1.011336,0.772654,-0.078209,-0.352634,0.364633
596,0.061861,-1.084985,0.814979,-0.115062,-0.32619,0.377758,0.108058,-1.043041,0.787286,-0.079122,-0.344407,0.360961,0.13549,-1.023671,0.777772,-0.078821,-0.341023,0.355679,0.156923,-1.01994,0.767914,-0.057386,-0.34429,0.356319
597,0.069368,-1.087551,0.801303,-0.083853,-0.362131,0.36267,0.115422,-1.049074,0.777997,-0.066704,-0.326232,0.36224,0.152058,-1.038717,0.763388,-0.021753,-0.33525,0.364927,0.161922,-1.023395,0.748634,-0.031183,-0.343007,0.34335
598,0.066031,-1.096435,0.787663,-0.06661,-0.324828,0.355711,0.117262,-1.060239,0.76067,-0.031359,-0.333271,0.36593,0.161394,-1.044937,0.750867,-0.027741,-0.356489,0.350716,0.182949,-1.0209,0.733957,-0.034119,-0.326534,0.355261
599,0.066731,-1.093062,0.776099,-0.021389,-0.352342,0.354724,0.132256,-1.049522,0.74632,-0.017856,-0.361412,0.359362,0.170911,-1.041298,0.727859,0.006238,-0.354359,0.342691,0.185957,-1.033874,0.72118,-0.006167,-0.357824,0.348404
600,0.078429,-1.10122,0.752956,0.020731,-0.351565,0.352867,0.144592,-1.068459,0.7231,0.024734,-0.345066,0.343179,0.178373,-1.038363,0.708429,0.017738,-0.370792,0.341462,0.20956,-1.025405,0.70524,0.022601,-0.369694,0.346145
601,0.076599,-1.107256,0.747143,0.064705,-0.361976,0.334066,0.150541,-1.074116,0.711504,0.043774,-0.346224,0.336755,0.171058,-1.061412,0.705271,0.01876,-0.342726,0.332034,0.217627,-1.033087,0.68713,0.038614,-0.374393,0.353688
602,0.070984,-1.10721,0.714819,0.069177,-0.356701,0.33707,0.162078,-1.06694,0.697953,0.094221,-0.373678,0.347261,0.2021,-1.054038,0.675213,0.060541,-0.377609,0.330859,0.227224,-1.044992,0.684566,0.039141,-0.351446,0.343533
603,0.089675,-1.116095,0.706016,0.131911,-0.356845,0.352283,0.157746,-1.072756,0.676403,0.109679,-0.376134,0.321514,0.202731,-1.057972,0.662168,0.068366,-0.373224,0.340042,0.242352,-1.048396,0.658008,0.042218,-0.378185,0.31915
604,0.089404,-1.119636,0.68824,0.155413,-0.362505,0.336335,0.176298,-1.0866,0.667245,0.134573,-0.369267,0.327292,0.215898,-1.065481,0.65182,0.076267,-0.366046,0.337628,0.250932,-1.043813,0.648481,0.081547,-0.349936,0.335949
605,0.09374,-1.117057,0.67418,0.175403,-0.371386,0.323379,0.178269,-1.076999,0.643954,0.150977,-0.363982,0.35387,0.230958,-1.05267,0.639403,0.120564,-0.356889,0.311231,0.258852,-1.054157,0.632128,0.098368,-0.356884,0.315064
606,0.096936,-1.124747,0.660392,0.250612,-0.372094,0.311257,0.182672,-1.07781,0.6331,0.17105,-0.365318,0.325802,0.234616,-1.064671,0.611731,0.145974,-0.372578,0.316242,0.278559,-1.054115,0.617421,0.121524,-0.396466,0.320241
607,0.111963,-1.131649,0.641363,0.247366,-0.389603,0.318242,0.198051,-1.080104,0.612783,0.187445,-0.371148,0.307151,0.253248,-1.071817,0.609207,0.193793,-0.361771,0.319412,0.286217,-1.044763,0.595487,0.142722,-0.377135,0.327518
608,0.112841,-1.130841,0.612781,0.296499,-0.380459,0.304494,0.207856,-1.091236,0.59208,0.254032,-0.400834,0.321616,0.261123,-1.072727,0.586446,0.185528,-0.377076,0.316073,0.29598,-1.048388,0.571461,0.171745,-0.365999,0.323969
609,0.115373,-1.121134,0.594615,0.319569,-0.39321,0.307892,0.214766,-1.08837,0.587703,0.239599,-0.383105,0.302959,0.261967,-1.065682,0.575591,0.20809,-0.377324,0.291562,0.299846,-1.053648,0.566043,0.194256,-0.402561,0.300189
610,0.112632,-1.137637,0.583798,0.361351,-0.398547,0.306351,0.226068,-1.085553,0.560066,0.287731,-0.382707,0.303438,0.277935,-1.07122,0.56106,0.236139,-0.383957,0.314827,0.311966,-1.055196,0.550808,0.209947,-0.399043,0.307959
611,0.127741,-1.123237,0.559471,0.36913,-0.376172,0.292462,0.228747,-1.088595,0.551229,0.312498,-0.38066,0.280047,0.285086,-1.072276,0.527927,0.241852,-0.38005,0.282964,0.323005,-1.057293,0.536352,0.208076,-0.377213,0.298579
612,0.129555,-1.117746,0.546402,0.407151,-0.390023,0.294404,0.235157,-1.092298,0.530508,0.333347,-0.38433,0.295321,0.296823,-1.073132,0.513587,0.284199,-0.390858,0.307424,0.342834,-1.065001,0.504606,0.224216,-0.371621,0.282783
613,0.131063,-1.119347,0.531974,0.464413,-0.391777,0.306505,0.230978,-1.087417,0.523093,0.347792,-0.387173,0.308352,0.305927,-1.068378,0.498703,0.291726,-0.383256,0.293655,0.350785,-1.061224,0.498727,0.232984,-0.390632,0.288516
614,0.131203,-1.117001,0.508442,0.477672,-0.388489,0.266705,0.247148,-1.081856,0.490578,0.383487,-0.380751,0.285811,0.307935,-1.077561,0.475827,0.321177,-0.408475,0.280965,0.357431,-1.05487,0.482761,0.264075,-0.388766,0.293618
615,0.1343,-1.121136,0.49291,0.526373,-0.385393,0.285477,0.260179,-1.083429,0.477065,0.392981,-0.395762,0.26341,0.331337,-1.072957,0.463598,0.350893,-0.405336,0.2873,0.369647,-1.045909,0.462547,0.300774,-0.397359,0.273482
616,0.143617,-1.121615,0.4683,0.566623,-0.41693,0.269505,0.26712,-1.094263,0.455519,0.407196,-0.377179,0.269534,0.332848,-1.060822,0.446964,0.365045,-0.392027,0.288163,0.379051,-1.050381,0.444829,0.308707,-0.387927,0.259251
617,0.147403,-1.126009,0.448605,0.58452,-0.394403,0.262207,0.278181,-1.089576,0.439671,0.455287,-0.402757,0.26428,0.340009,-1.05941,0.427418,0.390486,-0.393927,0.267469,0.386004,-1.051394,0.427007,0.328819,-0.411455,0.253793
618,0.146856,-1.129604,0.428947,0.606888,-0.41233,0.266705,0.281875,-1.087787,0.419197,0.488095,-0.404906,0.238174,0.35337,-1.057209,0.411337,0.392631,-0.385018,0.254402,0.400422,-1.045619,0.403637,0.359467,-0.402969,0.262905
619,0.161526,-1.120833,0.418902,0.630833,-0.408038,0.269751,0.279983,-1.077742,0.396496,0.509682,-0.401099,0.253134,0.364991,-1.059116,0.395145,0.423756,-0.425461,0.246402,0.413847,-1.042003,0.38344,0.355667,-0.412114,0.254316
620,0.151916,-1.115001,0.399361,0.679803,-0.40484,0.250842,0.290057,-1.078501,0.380774,0.529738,-0.395574,0.23199,0.368846,-1.064558,0.371542,0.446599,-0.404091,0.24353,0.425868,-1.037926,0.364939,0.385422,-0.434607,0.259731
621,0.160731,-1.100805,0.367859,0.718378,-0.408383,0.244725,0.297798,-1.062685,0.369795,0.538451,-0.403654,0.251259,0.369884,-1.054171,0.357834,0.442561,-0.396402,0.254992,0.431187,-1.034044,0.360545,0.415663,-0.398075,0.23833
622,0.156862,-1.099603,0.36255,0.732321,-0.397268,0.240191,0.305558,-1.066037,0.338016,0.568677,-0.404601,0.21557,0.381269,-1.043641,0.339597,0.479652,-0.409382,0.245759,0.439057,-1.038966,0.336767,0.409783,-0.403973,0.23321
623,0.166844,-1.097483,0.332486,0.771588,-0.395355,0.235348,0.309826,-1.056046,0.327408,0.588717,-0.371841,0.236542,0.388144,-1.044609,0.326401,0.503582,-0.410069,0.224984,0.443155,-1.025773,0.313844,0.438494,-0.408588,0.231396
624,0.171392,-1.092784,0.312241,0.792858,-0.408791,0.219937,0.312836,-1.058481,0.296268,0.61978,-0.421564,0.234995,0.403675,-1.043654,0.298909,0.505522,-0.401271,0.229183,0.449166,-1.024399,0.298216,0.457817,-0.397208,0.211483
625,0.174695,-1.078888,0.29558,0.836833,-0.402926,0.221302,0.322723,-1.057062,0.278253,0.635557,-0.396008,0.220594,0.41533,-1.036608,0.273362,0.547493,-0.402419,0.212153,0.4659,-1.020735,0.275042,0.471688,-0.397204,0.218304
626,0.167491,-1.082631,0.273244,0.850487,-0.401633,0.216406,0.338702,-1.049743,0.269337,0.679617,-0.389348,0.211223,0.418124,-1.033571,0.258941,0.560681,-0.407432,0.220462,0.478659,-1.019744,0.253471,0.517037,-0.404989,0.200281
627,0.184088,-1.076514,0.265491,0.882983,-0.405375,0.199112,0.336066,-1.033608,0.238495,0.691959,-0.39574,0.20144,0.436009,-1.014561,0.237802,0.580472,-0.393342,0.201392,0.469591,-1.003507,0.247283,0.517869,-0.392242,0.190348
628,0.181492,-1.06084,0.236752,0.912439,-0.401376,0.202428,0.342406,-1.038019,0.226209,0.717717,-0.408999,0.189645,0.433758,-1.012304,0.203998,0.618765,-0.39876,0.189694,0.487585,-1.010175,0.217136,0.516824,-0.41396,0.204668
629,0.182831,-1.057254,0.197682,0.948407,-0.408953,0.197024,0.343179,-1.015572,0.199287,0.733824,-0.423567,0.197156,0.436326,-1.008626,0.194516,0.596777,-0.412291,0.199391,0.503372,-0.99547,0.190434,0.543072,-0.406438,0.180483
630,0.192476,-1.060284,0.190167,0.969306,-0.392058,0.166726,0.354607,-1.023704,0.178118,0.751757,-0.395402,0.19869,0.440813,-1.006264,0.179434,0.615667,-0.411143,0.176105,0.509017,-0.984526,0.17818,0.555396,-0.400446,0.172695
631,0.198174,-1.043676,0.170284,0.986878,-0.403062,0.190286,0.369971,-1.014677,0.165271,0.775055,-0.396326,0.16623,0.457678,-0.996843,0.15497,0.641459,-0.393826,0.167785,0.504611,-0.984917,0.150988,0.580419,-0.406501,0.175731
632,0.190682,-1.03224,0.137814,1.022395,-0.406035,0.162293,0.358703,-0.993614,0.136122,0.802386,-0.399603,0.183021,0.462278,-0.983372,0.136682,0.681866,-0.401473,0.166206,0.522665,-0.974552,0.13474,0.589189,-0.393314,0.16833
633,0.200883,-1.031665,0.121538,1.057285,-0.394212,0.146262,0.36212,-0.996194,0.122153,0.814837,-0.39175,0.159736,0.47052,-0.978317,0.118138,0.661638,-0.405266,0.155183,0.529803,-0.970414,0.115715,0.62011,-0.412003,0.16541
634,0.200142,-1.0247,0.103468,1.078701,-0.400542,0.156941,0.369955,-0.988999,0.095643,0.822058,-0.411528,0.142824,0.47462,-0.970039,0.102284,0.711447,-0.404386,0.147592,0.539626,-0.961697,0.100584,0.629945,-0.393816,0.148113
635,0.198675,-1.009697,0.088446,1.121546,-0.39244,0.152254,0.380766,-0.976182,0.083362,0.867044,-0.416852,0.155817,0.475281,-0.967285,0.081406,0.73106,-0.397159,0.139752,0.543023,-0.951407,0.07013,0.623612,-0.42492,0.139564
636,0.199669,-1.004695,0.0525,1.123089,-0.400248,0.15223,0.385968,-0.968206,0.052363,0.88615,-0.409206,0.166633,0.475144,-0.94719,0.052327,0.749488,-0.398194,0.153334,0.549319,-0.953306,0.050831,0.649684,-0.394584,0.160322
637,0.199913,-1.000703,0.0417,1.146455,-0.413994,0.143571,0.385671,-0.967153,0.03531,0.890664,-0.386678,0.121634,0.486744,-0.948267,0.043696,0.763237,-0.408062,0.15436,0.556597,-0.935345,0.029054,0.675163,-0.420652,0.144653
638,0.213706,-0.981133,0.022397,1.180764,-0.397567,0.117201,0.393144,-0.960255,0.018431,0.927668,-0.406912,0.122765,0.496432,-0.936413,0.023959,0.775855,-0.397638,0.129529,0.564763,-0.925412,0.013233,0.675943,-0.404439,0.134326
639,0.21109,-0.979572,-0.005589,1.194107,-0.405895,0.114457,0.399551,-0.941384,-0.006468,0.947807,-0.394291,0.117038,0.496941,-0.926831,0.006452,0.789098,-0.381145,0.109372,0.567784,-0.914998,-0.001702,0.711072,-0.389371,0.114932
640,0.207858,-0.960711,-0.025486,1.209629,-0.38597,0.129793,0.408793,-0.931145,-0.021616,0.978258,-0.418874,0.102772,0.505319,-0.919126,-0.020108,0.81915,-0.40518,0.118622,0.577308,-0.907033,-0.0241,0.69122,-0.381082,0.114145
641,0.217387,-0.949883,-0.035694,1.239259,-0.398917,0.104956,0.414538,-0.925932,-0.049298,0.974753,-0.390614,0.101677,0.523044,-0.90607,-0.041405,0.835586,-0.37604,0.116727,0.58412,-0.901675,-0.04044,0.730703,-0.411451,0.114952
642,0.220772,-0.939798,-0.06395,1.26468,-0.403763,0.095452,0.415563,-0.90695,-0.069658,1.000852,-0.385802,0.091158,0.518387,-0.895475,-0.063817,0.833111,-0.385615,0.121333,0.596218,-0.882385,-0.064772,0.727229,-0.397935,0.105114
643,0.226022,-0.926343,-0.078301,1.307501,-0.407744,0.103907,0.420083,-0.899764,-0.094597,0.993367,-0.37287,0.087068,0.521807,-0.879706,-0.093168,0.860175,-0.380332,0.084526,0.588626,-0.865587,-0.075884,0.762849,-0.385622,0.088604
644,0.208927,-0.919475,-0.113511,1.323738,-0.385531,0.086895,0.417822,-0.882862,-0.107447,1.039084,-0.385466,0.065186,0.522763,-0.86933,-0.103788,0.867136,-0.395222,0.085842,0.606867,-0.859065,-0.101552,0.761444,-0.396196,0.084503
645,0.222261,-0.900075,-0.127091,1.336552,-0.388765,0.075271,0.416895,-0.871951,-0.117267,1.042825,-0.365584,0.086116,0.52509,-0.858602,-0.121326,0.895836,-0.364769,0.074168,0.601863,-0.837314,-0.120808,0.78259,-0.383154,0.078081
646,0.222927,-0.888507,-0.148438,1.364368,-0.367427,0.073086,0.424364,-0.855861,-0.148223,1.073723,-0.367783,0.076511,0.53173,-0.844635,-0.143389,0.876663,-0.381557,0.076501,0.609595,-0.832067,-0.144453,0.797833,-0.377469,0.075943
647,0.23156,-0.873765,-0.178977,1.388484,-0.381427,0.069617,0.432702,-0.845371,-0.161133,1.077027,-0.393978,0.087557,0.546244,-0.832112,-0.157172,0.912012,-0.38043,0.051059,0.61651,-0.825794,-0.157247,0.807845,-0.370768,0.068656
648,0.225664,-0.866528,-0.192908,1.40338,-0.363993,0.046104,0.431387,-0.831362,-0.187811,1.096633,-0.375915,0.050171,0.543679,-0.819351,-0.17603,0.924267,-0.374811,0.059431,0.610622,-0.808929,-0.189206,0.806705,-0.357951,0.069872
649,0.227147,-0.842382,-0.219969,1.441016,-0.379813,0.043256,0.434679,-0.821694,-0.203511,1.126211,-0.373004,0.015776,0.549347,-0.806008,-0.200141,0.932807,-0.367106,0.027614,0.629267,-0.80382,-0.205269,0.838162,-0.361262,0.050248
650,0.233661,-0.83505,-0.227014,1.438148,-0.370284,0.029782,0.433122,-0.805452,-0.221723,1.139444,-0.370337,0.04172,0.555906,-0.795296,-0.225162,0.961531,-0.353067,0.056998,0.62852,-0.777862,-0.223874,0.834125,-0.364155,0.042283
651,0.230796,-0.822344,-0.255086,1.463344,-0.356011,0.040051,0.443445,-0.793703,-0.244587,1.135904,-0.357926,0.015657,0.556702,-0.776917,-0.245637,0.975098,-0.373814,0.041989,0.623437,-0.772238,-0.236974,0.859849,-0.357536,0.032656
652,0.233167,-0.801721,-0.280109,1.479096,-0.369024,0.031302,0.447998,-0.784836,-0.264789,1.159851,-0.371312,0.018373,0.563671,-0.768986,-0.266517,0.984425,-0.374677,0.009398,0.629212,-0.756898,-0.262832,0.856966,-0.349292,0.02484
653,0.237907,-0.806168,-0.294732,1.488254,-0.367358,0.027973,0.441327,-0.773862,-0.292089,1.184967,-0.366119,-0.003614,0.55104,-0.758588,-0.283745,0.981199,-0.361264,0.012168,0.630436,-0.745716,-0.272694,0.87898,-0.34134,0.018429
654,0.238739,-0.774348,-0.310838,1.52595,-0.36853,0.016117,0.447835,-0.75468,-0.306611,1.168012,-0.359203,0.007392,0.5692,-0.741201,-0.299309,0.990002,-0.34657,0.019413,0.630135,-0.731676,-0.296375,0.885476,-0.351656,0.013211
655,0.243095,-0.761059,-0.333494,1.539576,-0.335836,-0.006602,0.451237,-0.730022,-0.330814,1.182887,-0.335067,0.010153,0.57164,-0.734931,-0.314947,1.007881,-0.322806,-0.005437,0.647878,-0.71049,-0.32479,0.887748,-0.34842,0.002055
656,0.241596,-0.750341,-0.361463,1.545737,-0.334431,-0.010251,0.455211,-0.726252,-0.346006,1.209641,-0.345514,-0.00687,0.567799,-0.704072,-0.343418,1.01173,-0.36715,-0.002479,0.644515,-0.699199,-0.336878,0.893685,-0.338962,-0.002427
657,0.244489,-0.721698,-0.372717,1.572809,-0.353741,-0.024988,0.452711,-0.707908,-0.365505,1.201232,-0.337671,-0.018763,0.577668,-0.693078,-0.358301,1.023641,-0.342047,-0.003345,0.644254,-0.699557,-0.35369,0.89457,-0.336829,-0.012014
658,0.248489,-0.708784,-0.39808,1.560609,-0.338289,-0.011527,0.453128,-0.688835,-0.388507,1.217371,-0.333763,-0.018381,0.572348,-0.677996,-0.37244,1.050548,-0.338123,-0.011304,0.646962,-0.668897,-0.367348,0.911775,-0.327012,-0.023845
659,0.238567,-0.692039,-0.411115,1.605758,-0.335066,-0.035669,0.450574,-0.680852,-0.401451,1.233365,-0.350537,-0.04684,0.569117,-0.662589,-0.396408,1.054909,-0.316293,-0.039595,0.65172,-0.661297,-0.394848,0.919291,-0.339539,-0.018331
660,0.241174,-0.679351,-0.429959,1.60561,-0.337681,-0.045385,0.448735,-0.665688,-0.424346,1.250824,-0.347423,-0.044383,0.569331,-0.651564,-0.414494,1.055387,-0.344748,-0.038167,0.655871,-0.634797,-0.41486,0.928798,-0.328517,-0.026468
661,0.237456,-0.660255,-0.447662,1.610321,-0.332027,-0.054609,0.45902,-0.638224,-0.442197,1.252661,-0.324949,-0.034589,0.571737,-0.626888,-0.431912,1.059246,-0.334118,-0.044717,0.650105,-0.616031,-0.430015,0.969921,-0.315806,-0.044685
662,0.242527,-0.652204,-0.477503,1.639434,-0.312851,-0.046707,0.461493,-0.625549,-0.4571,1.260604,-0.327509,-0.069237,0.589274,-0.609513,-0.451045,1.072607,-0.29748,-0.049751,0.650527,-0.603309,-0.452715,0.937311,-0.325164,-0.059428
663,0.246656,-0.634575,-0.493612,1.648813,-0.314046,-0.058209,0.460298,-0.608489,-0.476902,1.280514,-0.316879,-0.063452,0.563685,-0.596636,-0.470394,1.063801,-0.315459,-0.0508,0.659538,-0.587787,-0.460346,0.952861,-0.315939,-0.062179
664,0.23246,-0.610883,-0.511785,1.65673,-0.311488,-0.061586,0.450367,-0.591356,-0.492092,1.305179,-0.320198,-0.068738,0.575191,-0.570999,-0.495883,1.09079,-0.286523,-0.06838,0.663792,-0.577482,-0.48152,0.970938,-0.312814,-0.065158
665,0.241755,-0.590942,-0.528425,1.658774,-0.316429,-0.080848,0.453631,-0.560957,-0.513523,1.303594,-0.312341,-0.080091,0.588387,-0.560353,-0.508975,1.111199,-0.306472,-0.062819,0.660306,-0.559717,-0.504708,0.992048,-0.287958,-0.071461
666,0.240627,-0.578885,-0.555231,1.681926,-0.291529,-0.080486,0.450795,-0.548738,-0.538884,1.320384,-0.293505,-0.076523,0.576333,-0.538337,-0.529458,1.125588,-0.30507,-0.076138,0.652889,-0.535344,-0.514373,0.97612,-0.297107,-0.075073
