sample_idx,Va_1,Vb_1,Vc_1,Ia_1,Ib_1,Ic_1,Va_5,Vb_5,Vc_5,Ia_5,Ib_5,Ic_5,Va_10,Vb_10,Vc_10,Ia_10,Ib_10,Ic_10,Va_30,Vb_30,Vc_30,Ia_30,Ib_30,Ic_30
0,0.994412,-0.494096,-0.490323,0.652928,-0.510569,-0.142418,0.99255,-0.502127,-0.506015,0.685989,-0.512852,-0.154215,0.997528,-0.501634,-0.498527,0.680469,-0.5208,-0.136964,0.994029,-0.499053,-0.502127,0.678568,-0.520255,-0.164779
1,1.009896,-0.487312,-0.51338,0.666225,-0.51104,-0.179896,0.997818,-0.487139,-0.519998,0.684125,-0.500734,-0.160562,0.997865,-0.484424,-0.513585,0.667698,-0.495894,-0.160592,1.008133,-0.481894,-0.516009,0.686213,-0.489814,-0.184703
2,0.999847,-0.475445,-0.528285,0.678158,-0.500076,-0.189346,0.995525,-0.467903,-0.532575,0.674539,-0.472784,-0.146046,1.007436,-0.466586,-0.530645,0.691989,-0.500951,-0.194141,1.003293,-0.465241,-0.536048,0.680231,-0.511089,-0.169903
3,0.9928,-0.443329,-0.535294,0.679047,-0.476414,-0.208666,0.994584,-0.45458,-0.551222,0.678181,-0.487023,-0.203113,0.990978,-0.444786,-0.54404,0.677773,-0.493499,-0.187108,0.994033,-0.453993,-0.55302,0.691255,-0.490667,-0.192597
4,1.000023,-0.43587,-0.579274,0.685781,-0.468573,-0.213636,0.997825,-0.433276,-0.564532,0.687414,-0.471165,-0.187674,0.99494,-0.431856,-0.57569,0.671851,-0.464163,-0.211001,0.999263,-0.430436,-0.571239,0.691375,-0.473275,-0.202135
5,0.996985,-0.426709,-0.588723,0.686498,-0.459524,-0.237742,1.006537,-0.410108,-0.578912,0.671405,-0.476371,-0.216263,0.994136,-0.416311,-0.578742,0.683813,-0.464834,-0.234519,0.988074,-0.413846,-0.580585,0.685619,-0.478551,-0.213815
6,1.002194,-0.393758,-0.598881,0.676486,-0.463567,-0.220642,0.995058,-0.405033,-0.597858,0.667665,-0.451903,-0.225472,0.988642,-0.39825,-0.592267,0.670124,-0.452455,-0.241294,0.998076,-0.396431,-0.595328,0.695228,-0.442718,-0.236161
7,0.989453,-0.385054,-0.611912,0.684925,-0.447616,-0.248023,1.000142,-0.383406,-0.606601,0.662823,-0.452904,-0.250093,0.98781,-0.383101,-0.615385,0.690203,-0.438928,-0.246851,0.985182,-0.3757,-0.612738,0.703689,-0.438363,-0.230701
8,0.990344,-0.367494,-0.631161,0.678963,-0.422189,-0.25426,0.991504,-0.365168,-0.625504,0.697075,-0.431156,-0.259698,0.987501,-0.365757,-0.619926,0.701428,-0.423245,-0.261061,0.981648,-0.357909,-0.621075,0.683298,-0.426016,-0.266904
9,0.976373,-0.343283,-0.637483,0.68438,-0.425735,-0.262595,0.979998,-0.35128,-0.641747,0.691001,-0.417853,-0.273563,0.985985,-0.346828,-0.638905,0.699521,-0.414597,-0.265785,0.990757,-0.348045,-0.647343,0.696498,-0.409036,-0.268428
10,0.977219,-0.323806,-0.654115,0.697667,-0.408824,-0.277651,0.982443,-0.331078,-0.657422,0.697405,-0.400134,-0.258936,0.977919,-0.32709,-0.654337,0.70666,-0.411606,-0.292038,0.988131,-0.332627,-0.648257,0.693367,-0.410591,-0.267653
11,0.970135,-0.309596,-0.67606,0.684974,-0.406485,-0.29909,0.983349,-0.311903,-0.66113,0.70808,-0.390674,-0.290827,0.971003,-0.304283,-0.665702,0.687625,-0.388062,-0.303205,0.975577,-0.303858,-0.672649,0.701069,-0.386343,-0.30087
12,0.973062,-0.298312,-0.67642,0.689265,-0.371291,-0.320174,0.975115,-0.295922,-0.680135,0.715315,-0.384705,-0.306971,0.9768,-0.295669,-0.677119,0.680711,-0.393961,-0.315653,0.971096,-0.289795,-0.674438,0.687917,-0.407677,-0.288767
13,0.970623,-0.27787,-0.690874,0.696856,-0.362582,-0.326879,0.966962,-0.271897,-0.695595,0.698315,-0.388139,-0.314783,0.968321,-0.277052,-0.695459,0.707411,-0.360126,-0.332532,0.968739,-0.28314,-0.695956,0.688835,-0.368816,-0.322722
14,0.965929,-0.25838,-0.696062,0.702604,-0.368374,-0.326915,0.972375,-0.25368,-0.702976,0.724571,-0.381981,-0.334726,0.960273,-0.256164,-0.704416,0.701744,-0.37271,-0.349133,0.956077,-0.255677,-0.706303,0.701379,-0.359107,-0.319564
15,0.962905,-0.241432,-0.720339,0.691146,-0.367877,-0.350866,0.958445,-0.240654,-0.724028,0.716308,-0.360813,-0.339777,0.957942,-0.234665,-0.728688,0.714334,-0.377215,-0.323627,0.949895,-0.237077,-0.71314,0.690419,-0.348469,-0.346672
16,0.954406,-0.225227,-0.729938,0.702532,-0.33804,-0.343665,0.95062,-0.228577,-0.73448,0.703815,-0.335035,-0.342723,0.961339,-0.222621,-0.744413,0.721628,-0.346978,-0.358794,0.950225,-0.21944,-0.736662,0.693705,-0.361761,-0.364139
17,0.946547,-0.202609,-0.748496,0.718043,-0.334025,-0.372964,0.956682,-0.202205,-0.753818,0.69331,-0.352884,-0.368578,0.946373,-0.209,-0.751334,0.682952,-0.320883,-0.355242,0.953935,-0.196913,-0.742895,0.700496,-0.324958,-0.344496
18,0.938561,-0.176839,-0.75852,0.701881,-0.324377,-0.361736,0.938091,-0.186278,-0.76753,0.717008,-0.337131,-0.370507,0.938001,-0.19276,-0.759247,0.70568,-0.327133,-0.379031,0.937107,-0.175991,-0.760897,0.699681,-0.331687,-0.36406
19,0.93208,-0.155243,-0.763608,0.69676,-0.312204,-0.379706,0.935095,-0.165347,-0.770794,0.695535,-0.310641,-0.396513,0.942678,-0.160065,-0.766711,0.687752,-0.337525,-0.38996,0.931386,-0.173564,-0.778125,0.693587,-0.323922,-0.382
20,0.937006,-0.1456,-0.782933,0.708794,-0.296794,-0.395112,0.937895,-0.149355,-0.783075,0.70253,-0.289603,-0.383343,0.927149,-0.147787,-0.785357,0.712891,-0.328006,-0.408777,0.935824,-0.139597,-0.781323,0.698254,-0.297221,-0.397309
21,0.925186,-0.123192,-0.798293,0.701371,-0.292758,-0.407586,0.922306,-0.13106,-0.800778,0.705148,-0.291863,-0.421249,0.911042,-0.13221,-0.801898,0.694444,-0.294673,-0.402334,0.926496,-0.128542,-0.800678,0.687355,-0.296785,-0.40284
22,0.905025,-0.098416,-0.801731,0.690476,-0.274492,-0.400546,0.921682,-0.107829,-0.807508,0.706695,-0.299684,-0.430174,0.91491,-0.099911,-0.809416,0.677003,-0.273815,-0.404584,0.924677,-0.113223,-0.80314,0.710458,-0.284569,-0.426524
23,0.902083,-0.090132,-0.813707,0.698232,-0.264427,-0.432196,0.907631,-0.09482,-0.822705,0.7058,-0.265898,-0.425079,0.907947,-0.090972,-0.818653,0.680858,-0.264516,-0.426724,0.90332,-0.092658,-0.816491,0.694745,-0.257574,-0.427477
24,0.897812,-0.065426,-0.829948,0.674615,-0.253543,-0.435514,0.903153,-0.074731,-0.825751,0.692416,-0.258054,-0.434734,0.90753,-0.079656,-0.830072,0.678022,-0.239188,-0.441183,0.899734,-0.07149,-0.829513,0.677904,-0.247455,-0.447278
25,0.897,-0.054028,-0.838105,0.698557,-0.253562,-0.445336,0.885206,-0.04313,-0.843589,0.682498,-0.262985,-0.445107,0.8967,-0.042561,-0.847788,0.68397,-0.239884,-0.428048,0.896015,-0.043756,-0.84594,0.690384,-0.235683,-0.447467
26,0.87814,-0.039208,-0.848429,0.688828,-0.234394,-0.458562,0.879929,-0.033864,-0.854112,0.689365,-0.22098,-0.453927,0.876148,-0.033423,-0.848805,0.682823,-0.237118,-0.457095,0.879764,-0.03336,-0.840249,0.689143,-0.229687,-0.437226
27,0.866373,-0.017037,-0.852236,0.683305,-0.218766,-0.462305,0.87118,-0.010522,-0.858994,0.684759,-0.22128,-0.466127,0.869172,-0.01457,-0.858277,0.684651,-0.221788,-0.486771,0.870302,-0.011328,-0.863743,0.674254,-0.214165,-0.471785
28,0.863358,0.010844,-0.86649,0.693671,-0.201914,-0.477891,0.866086,0.006036,-0.86519,0.687442,-0.207575,-0.475409,0.865149,0.001857,-0.867498,0.689702,-0.214315,-0.489593,0.865061,0.00696,-0.865356,0.685012,-0.219198,-0.47646
29,0.852526,0.011857,-0.879003,0.68586,-0.177908,-0.490145,0.859936,0.026313,-0.87679,0.671625,-0.199154,-0.48917,0.853771,0.014133,-0.880202,0.673691,-0.201441,-0.478947,0.85565,0.016626,-0.878623,0.692249,-0.195355,-0.480318
30,0.844065,0.041226,-0.88977,0.690057,-0.176387,-0.49421,0.839895,0.0342,-0.891587,0.680392,-0.173784,-0.499349,0.835773,0.041171,-0.885096,0.655833,-0.19863,-0.512589,0.846262,0.030221,-0.877089,0.679773,-0.187494,-0.509998
31,0.830991,0.052996,-0.889509,0.673543,-0.156187,-0.507637,0.830312,0.055003,-0.895432,0.660399,-0.174745,-0.513108,0.83107,0.059373,-0.895266,0.662495,-0.156203,-0.510319,0.837131,0.058853,-0.888192,0.686745,-0.184886,-0.50811
32,0.829615,0.074897,-0.90806,0.65041,-0.15779,-0.521738,0.823821,0.074318,-0.907807,0.645299,-0.151801,-0.513775,0.829557,0.081275,-0.899012,0.664016,-0.158011,-0.516284,0.826492,0.077815,-0.904849,0.669383,-0.154876,-0.524894
33,0.811136,0.102172,-0.910394,0.670218,-0.139541,-0.521692,0.802217,0.097973,-0.918894,0.667119,-0.142296,-0.521898,0.813666,0.099529,-0.916014,0.668931,-0.154318,-0.526809,0.807815,0.094512,-0.91511,0.64941,-0.145587,-0.522227
34,0.81051,0.121497,-0.915977,0.635438,-0.148688,-0.538926,0.801899,0.127438,-0.918202,0.669191,-0.119624,-0.528064,0.798608,0.122177,-0.91091,0.648142,-0.132483,-0.520223,0.806814,0.127326,-0.912447,0.664984,-0.123326,-0.544564
35,0.785456,0.125359,-0.923133,0.658122,-0.12493,-0.548614,0.796197,0.136398,-0.935254,0.648068,-0.109327,-0.537334,0.787723,0.128756,-0.913817,0.652218,-0.114214,-0.569527,0.792662,0.135855,-0.925805,0.652199,-0.115425,-0.537741
36,0.771754,0.156521,-0.930549,0.645301,-0.116587,-0.562567,0.771576,0.153743,-0.935495,0.640632,-0.080199,-0.555998,0.783751,0.154048,-0.928919,0.643302,-0.103154,-0.546571,0.787165,0.152669,-0.928682,0.669693,-0.084887,-0.56672
37,0.774996,0.177701,-0.932842,0.641713,-0.08224,-0.546697,0.769147,0.177433,-0.948836,0.641917,-0.085474,-0.553998,0.760655,0.162864,-0.932512,0.641549,-0.095983,-0.558148,0.766196,0.169941,-0.933746,0.661006,-0.102428,-0.558551
38,0.756334,0.189689,-0.949591,0.651555,-0.083826,-0.574678,0.75506,0.196713,-0.941591,0.657542,-0.075786,-0.57309,0.764021,0.193551,-0.941474,0.651043,-0.07234,-0.574984,0.754101,0.195414,-0.942086,0.64471,-0.07239,-0.562618
39,0.740346,0.215038,-0.94914,0.635412,-0.066509,-0.588993,0.743266,0.212899,-0.94849,0.634847,-0.072936,-0.564777,0.743356,0.214657,-0.9569,0.621475,-0.057514,-0.581651,0.739948,0.206253,-0.956223,0.657184,-0.043596,-0.580605
40,0.725845,0.228577,-0.96489,0.624571,-0.076018,-0.581337,0.728756,0.225406,-0.951142,0.627201,-0.060032,-0.590045,0.721793,0.233572,-0.950365,0.620735,-0.047394,-0.582432,0.727993,0.236224,-0.955298,0.629671,-0.059048,-0.585394
41,0.716822,0.253971,-0.96745,0.627004,-0.034522,-0.588414,0.719013,0.252073,-0.953401,0.605462,-0.025038,-0.601825,0.726694,0.239407,-0.961585,0.614742,-0.048881,-0.585382,0.711671,0.252818,-0.959735,0.622827,-0.02837,-0.5876
42,0.704955,0.267372,-0.964615,0.608052,0.001524,-0.612368,0.695413,0.265949,-0.958278,0.61221,-0.018769,-0.597809,0.700531,0.264752,-0.972145,0.637007,-0.022262,-0.59409,0.703837,0.265362,-0.968415,0.597436,-0.016289,-0.594336
43,0.688351,0.281246,-0.96997,0.621238,-0.002054,-0.604777,0.696028,0.287036,-0.96284,0.608743,0.004251,-0.595268,0.690456,0.284872,-0.969132,0.618353,-0.018295,-0.594615,0.694455,0.28443,-0.964917,0.605007,-0.015134,-0.622796
44,0.675571,0.301745,-0.965923,0.604073,0.003178,-0.617507,0.678035,0.299078,-0.978667,0.590451,0.007496,-0.603755,0.675869,0.296179,-0.982044,0.60152,0.001007,-0.607792,0.676373,0.296175,-0.972374,0.611171,0.018412,-0.596526
45,0.659787,0.32256,-0.985693,0.575361,0.02059,-0.616179,0.658321,0.321819,-0.974191,0.6035,0.022116,-0.603125,0.665008,0.323571,-0.982817,0.597748,0.009693,-0.614443,0.662238,0.320873,-0.977883,0.613598,0.019053,-0.621862
46,0.643232,0.331371,-0.984939,0.579008,0.03411,-0.619816,0.64394,0.336763,-0.985051,0.596966,0.01192,-0.642945,0.641021,0.334072,-0.98533,0.587585,0.049129,-0.612943,0.650073,0.341071,-0.989243,0.585684,0.032963,-0.617283
47,0.633059,0.355966,-0.990237,0.590463,0.035942,-0.618376,0.631887,0.352634,-0.998786,0.564046,0.039273,-0.645925,0.623388,0.356092,-0.988899,0.584613,0.037164,-0.632411,0.624856,0.348735,-0.989455,0.592114,0.053344,-0.621482
48,0.617627,0.378015,-0.981917,0.580391,0.04921,-0.62651,0.620892,0.373429,-0.990235,0.571136,0.056721,-0.616684,0.610219,0.36822,-0.989895,0.603455,0.081523,-0.642618,0.615251,0.378498,-0.986823,0.582352,0.06631,-0.629615
49,0.604209,0.38914,-0.994475,0.576604,0.068958,-0.647066,0.59928,0.397802,-0.994237,0.57175,0.070858,-0.653424,0.602454,0.383867,-0.98863,0.577054,0.077676,-0.644125,0.603139,0.386189,-0.991567,0.566754,0.073656,-0.630489
50,0.579258,0.414629,-1.001699,0.556897,0.083388,-0.638929,0.585168,0.388087,-1.002326,0.542552,0.085965,-0.637106,0.589315,0.410804,-0.993997,0.545166,0.080194,-0.642359,0.596897,0.403641,-1.001621,0.543548,0.101758,-0.654701
51,0.573526,0.426843,-0.993078,0.543333,0.093679,-0.644457,0.571765,0.421849,-0.998757,0.580565,0.082644,-0.645319,0.567757,0.432197,-0.990802,0.559259,0.085153,-0.651994,0.579596,0.422674,-0.996303,0.552062,0.103107,-0.646625
52,0.548318,0.440291,-0.999458,0.543406,0.116378,-0.65543,0.552014,0.431303,-0.996338,0.54091,0.094899,-0.658412,0.555724,0.440749,-0.989899,0.528904,0.103157,-0.667689,0.561943,0.438533,-0.997393,0.535111,0.111809,-0.648485
53,0.546713,0.461219,-0.993946,0.522941,0.126371,-0.657768,0.545331,0.454004,-0.994885,0.528744,0.133308,-0.641039,0.539386,0.462396,-0.995947,0.557624,0.109568,-0.654516,0.542908,0.455735,-0.99966,0.559867,0.126557,-0.660775
54,0.535501,0.474984,-1.002788,0.533683,0.146585,-0.665676,0.525446,0.478347,-0.997033,0.534016,0.147584,-0.673721,0.519752,0.483553,-1.006295,0.521117,0.129338,-0.658653,0.523954,0.480865,-1.000481,0.541992,0.136272,-0.656441
55,0.516636,0.491634,-1.007524,0.514581,0.1477,-0.684016,0.508195,0.49047,-0.999533,0.512067,0.144318,-0.681877,0.513266,0.488398,-0.996708,0.529456,0.149988,-0.658627,0.506683,0.496277,-0.992195,0.534049,0.158869,-0.67437
56,0.497065,0.506364,-1.003171,0.519273,0.157764,-0.669005,0.495005,0.50842,-0.998921,0.499114,0.149408,-0.669497,0.499054,0.510018,-0.992991,0.49918,0.167975,-0.660902,0.487335,0.503181,-0.993936,0.512043,0.164083,-0.676006
57,0.478887,0.523357,-1.002207,0.513486,0.171029,-0.676044,0.479691,0.528032,-0.999767,0.485821,0.181008,-0.67183,0.481339,0.53128,-1.010937,0.511959,0.16749,-0.676493,0.468508,0.517584,-0.996982,0.496293,0.168622,-0.686791
58,0.470748,0.544987,-1.003862,0.484979,0.192804,-0.675654,0.460129,0.54233,-1.004608,0.498812,0.187193,-0.695356,0.456617,0.540378,-1.000033,0.488178,0.191183,-0.685919,0.456648,0.536653,-0.999791,0.495115,0.187144,-0.680157
59,0.429811,0.556449,-0.995387,0.475099,0.196576,-0.669582,0.448398,0.548857,-1.000301,0.462004,0.208877,-0.696051,0.442822,0.553951,-0.994555,0.499595,0.211743,-0.675963,0.434674,0.55803,-1.005474,0.481471,0.204116,-0.67821
60,0.420419,0.573604,-0.999919,0.458467,0.214955,-0.682513,0.433775,0.573135,-1.000843,0.475887,0.213212,-0.67262,0.419264,0.567711,-0.99951,0.488466,0.212492,-0.679181,0.432675,0.571655,-0.997509,0.485091,0.221755,-0.696847
61,0.408865,0.589109,-0.994322,0.457914,0.207123,-0.683882,0.403935,0.583712,-0.991377,0.463062,0.228168,-0.670103,0.40274,0.585237,-0.992442,0.453365,0.22009,-0.68453,0.408563,0.591206,-0.980987,0.463156,0.219959,-0.688081
62,0.391028,0.605432,-0.994154,0.434044,0.235695,-0.692552,0.391104,0.594731,-0.98888,0.446926,0.229191,-0.694771,0.386699,0.597835,-0.990633,0.453008,0.221865,-0.672962,0.394487,0.597963,-0.991287,0.457157,0.22809,-0.701813
63,0.363331,0.612364,-0.991995,0.454265,0.24204,-0.689201,0.38086,0.621823,-0.991928,0.449191,0.256256,-0.694264,0.365492,0.609218,-0.988939,0.453113,0.246718,-0.688712,0.363908,0.619718,-0.984978,0.452315,0.249379,-0.68734
64,0.352882,0.635259,-0.991224,0.444928,0.271418,-0.669244,0.358992,0.63417,-0.988117,0.440496,0.248161,-0.690025,0.364983,0.626799,-0.988271,0.418723,0.261911,-0.693534,0.361113,0.627576,-0.992855,0.444362,0.267769,-0.692031
65,0.337208,0.648241,-0.980119,0.415567,0.269511,-0.696614,0.343458,0.64872,-0.980507,0.420448,0.279471,-0.684847,0.337053,0.640935,-0.983127,0.44013,0.28287,-0.718556,0.334598,0.646596,-0.983397,0.420976,0.263,-0.700714
66,0.316348,0.656665,-0.971277,0.40754,0.276996,-0.690007,0.314557,0.657094,-0.981807,0.404398,0.300255,-0.680095,0.324514,0.64842,-0.981511,0.412029,0.285559,-0.703489,0.320879,0.660835,-0.982669,0.403523,0.285051,-0.701209
67,0.307211,0.67211,-0.973357,0.406049,0.29536,-0.698487,0.300085,0.670593,-0.979014,0.388073,0.3251,-0.69358,0.30476,0.671891,-0.9775,0.410975,0.308384,-0.704138,0.298414,0.681519,-0.980845,0.390613,0.295135,-0.702173
68,0.283447,0.690482,-0.961441,0.388333,0.333615,-0.708729,0.282178,0.696701,-0.991313,0.391451,0.317122,-0.687312,0.284588,0.685085,-0.966927,0.395577,0.308492,-0.707671,0.280815,0.688281,-0.977766,0.415108,0.312504,-0.688445
69,0.269588,0.699401,-0.96887,0.382268,0.330901,-0.698096,0.271067,0.703568,-0.969906,0.372386,0.320416,-0.67952,0.263333,0.696741,-0.96863,0.385479,0.313248,-0.704253,0.263881,0.689489,-0.961181,0.370908,0.325083,-0.695388
70,0.24652,0.710117,-0.961658,0.366655,0.328719,-0.71806,0.246014,0.713541,-0.957003,0.373917,0.330748,-0.69765,0.244994,0.715369,-0.970247,0.377764,0.32726,-0.687393,0.256647,0.718005,-0.96151,0.380542,0.313502,-0.712199
71,0.22985,0.721747,-0.963194,0.344367,0.353276,-0.688971,0.223991,0.728948,-0.956511,0.361398,0.339024,-0.68394,0.23456,0.733076,-0.9599,0.356752,0.337341,-0.701554,0.228599,0.725615,-0.961932,0.348511,0.342665,-0.709584
72,0.205091,0.738069,-0.956453,0.335144,0.357988,-0.686395,0.205352,0.739061,-0.950888,0.355196,0.357617,-0.69978,0.206393,0.733498,-0.951671,0.330431,0.351165,-0.700307,0.205626,0.742153,-0.953245,0.332146,0.350539,-0.703496
73,0.19553,0.760816,-0.948255,0.328398,0.378569,-0.704037,0.19432,0.748537,-0.946618,0.32103,0.331126,-0.687616,0.206601,0.750592,-0.951692,0.331048,0.333643,-0.699422,0.189032,0.735056,-0.949696,0.319818,0.371013,-0.705727
74,0.172669,0.762303,-0.935667,0.329654,0.375235,-0.701747,0.178607,0.771788,-0.940231,0.315068,0.378357,-0.706183,0.17496,0.762358,-0.937879,0.33195,0.39119,-0.694483,0.175509,0.77206,-0.936051,0.321843,0.380396,-0.707727
75,0.16,0.771864,-0.939219,0.311763,0.406249,-0.70028,0.146774,0.773575,-0.934455,0.308291,0.403727,-0.701866,0.155982,0.773692,-0.931542,0.31013,0.394059,-0.685076,0.156254,0.774659,-0.935716,0.310514,0.387221,-0.679872
76,0.136047,0.786517,-0.925467,0.301724,0.402021,-0.69892,0.134311,0.786833,-0.929595,0.290984,0.395607,-0.704017,0.138988,0.79962,-0.923601,0.285553,0.390116,-0.694674,0.132734,0.79124,-0.943294,0.298829,0.397131,-0.704137
77,0.116551,0.798957,-0.925684,0.280225,0.399829,-0.700764,0.126731,0.798825,-0.915336,0.270892,0.402668,-0.712268,0.117977,0.80362,-0.920936,0.287869,0.427091,-0.691815,0.122559,0.793896,-0.915805,0.289793,0.408087,-0.701287
78,0.107045,0.821988,-0.917303,0.269497,0.40107,-0.702308,0.09294,0.8158,-0.912871,0.265752,0.404419,-0.713304,0.100606,0.813567,-0.91372,0.260554,0.424873,-0.696953,0.099313,0.814549,-0.908499,0.262733,0.411022,-0.679965
79,0.079815,0.823608,-0.904146,0.274283,0.430672,-0.691157,0.076798,0.827783,-0.911442,0.266709,0.435202,-0.694687,0.075302,0.831515,-0.902335,0.261773,0.444869,-0.669172,0.086325,0.827793,-0.906203,0.273935,0.423899,-0.695304
80,0.062506,0.836018,-0.896652,0.235285,0.440664,-0.674079,0.055187,0.835812,-0.90721,0.26145,0.443584,-0.703351,0.062104,0.824017,-0.893791,0.258694,0.461059,-0.699386,0.059678,0.833424,-0.903165,0.24951,0.440561,-0.692208
81,0.047907,0.834648,-0.889328,0.233963,0.435623,-0.695905,0.051967,0.84603,-0.879016,0.240357,0.457652,-0.695662,0.039622,0.848187,-0.887151,0.256541,0.455722,-0.701007,0.036436,0.835567,-0.884131,0.237565,0.451175,-0.706736
82,0.02383,0.855757,-0.875958,0.220147,0.472918,-0.68069,0.021576,0.864506,-0.876043,0.231599,0.46191,-0.673459,0.02478,0.860728,-0.876575,0.214525,0.462735,-0.682996,0.027457,0.854056,-0.879779,0.233118,0.457794,-0.688141
83,0.005192,0.862029,-0.86896,0.204338,0.46814,-0.676772,0.005427,0.864891,-0.869835,0.20131,0.47113,-0.675256,0.002979,0.855916,-0.864047,0.204248,0.473481,-0.684929,0.012948,0.866009,-0.880424,0.21481,0.49285,-0.685642
84,-0.008903,0.868137,-0.858365,0.191465,0.488144,-0.699085,-0.019167,0.870469,-0.863391,0.184734,0.488399,-0.704218,-0.015982,0.878576,-0.859764,0.198475,0.497101,-0.681311,-0.003621,0.867797,-0.863505,0.188858,0.489506,-0.698907
85,-0.028006,0.88341,-0.851157,0.185779,0.489984,-0.67425,-0.028651,0.870407,-0.862679,0.17947,0.499405,-0.684127,-0.034997,0.887158,-0.856888,0.195023,0.496418,-0.665066,-0.025312,0.87623,-0.834318,0.193209,0.488477,-0.677917
86,-0.041983,0.893998,-0.85199,0.171343,0.493095,-0.683041,-0.047464,0.887215,-0.841233,0.1669,0.489347,-0.670585,-0.049632,0.876566,-0.836511,0.169153,0.499568,-0.684719,-0.042182,0.884032,-0.831942,0.155874,0.495631,-0.662261
87,-0.075864,0.905115,-0.820317,0.159264,0.502247,-0.67002,-0.058731,0.90572,-0.828329,0.160868,0.518365,-0.660004,-0.069639,0.898652,-0.830473,0.16502,0.500291,-0.685193,-0.072794,0.90423,-0.825528,0.1697,0.524516,-0.664575
88,-0.089376,0.901683,-0.810172,0.133954,0.540099,-0.660892,-0.089373,0.909361,-0.829924,0.148158,0.503589,-0.665634,-0.088608,0.902105,-0.825324,0.145442,0.527517,-0.667327,-0.083791,0.905222,-0.819038,0.15538,0.516067,-0.681655
89,-0.104132,0.908064,-0.809543,0.12801,0.509184,-0.642643,-0.112463,0.919223,-0.802102,0.122138,0.517073,-0.648917,-0.10066,0.908532,-0.810864,0.144068,0.527742,-0.656128,-0.11457,0.909698,-0.803557,0.149819,0.53129,-0.665899
90,-0.133309,0.924493,-0.790073,0.123995,0.537392,-0.651128,-0.125809,0.925717,-0.797445,0.120564,0.530451,-0.654361,-0.131432,0.918357,-0.798264,0.142491,0.536343,-0.667547,-0.126349,0.928713,-0.795315,0.114722,0.534784,-0.65788
91,-0.140826,0.933464,-0.773025,0.097429,0.548808,-0.630456,-0.142645,0.932602,-0.782146,0.116888,0.565811,-0.658696,-0.140491,0.932905,-0.786916,0.106905,0.566866,-0.646728,-0.140432,0.927547,-0.789967,0.101535,0.527304,-0.667837
92,-0.159123,0.93691,-0.780754,0.080369,0.548426,-0.65021,-0.166408,0.938773,-0.771759,0.09367,0.550219,-0.647069,-0.169171,0.939891,-0.779918,0.098673,0.557148,-0.63649,-0.159857,0.931456,-0.773157,0.097637,0.552792,-0.646711
93,-0.185765,0.951209,-0.760245,0.083823,0.560897,-0.631705,-0.187715,0.952985,-0.748197,0.097836,0.55981,-0.639953,-0.179799,0.936814,-0.753347,0.064836,0.570797,-0.64208,-0.180234,0.94129,-0.76175,0.093138,0.561991,-0.634735
94,-0.192132,0.939699,-0.746532,0.05521,0.566679,-0.644741,-0.202716,0.946716,-0.743673,0.06097,0.585006,-0.635092,-0.199928,0.948621,-0.743495,0.075682,0.572629,-0.631705,-0.206074,0.951955,-0.748264,0.08583,0.566238,-0.636745
95,-0.222629,0.946741,-0.735077,0.07086,0.582279,-0.63629,-0.220589,0.961739,-0.735943,0.068286,0.564951,-0.635896,-0.215821,0.947524,-0.738953,0.040459,0.561728,-0.624334,-0.211052,0.956318,-0.736604,0.043931,0.578524,-0.628992
96,-0.234115,0.949984,-0.719031,0.031398,0.570412,-0.631981,-0.232853,0.961603,-0.715037,0.028605,0.576096,-0.612348,-0.236916,0.959621,-0.730654,0.039243,0.591425,-0.610563,-0.23675,0.955726,-0.728231,0.040597,0.58491,-0.637602
97,-0.258628,0.969768,-0.705887,0.037183,0.596725,-0.630642,-0.25593,0.966364,-0.713417,0.030562,0.589348,-0.627712,-0.249355,0.967355,-0.710434,0.042702,0.595297,-0.630154,-0.249477,0.965822,-0.70487,0.040617,0.60785,-0.626023
98,-0.26335,0.970174,-0.698364,0.03962,0.604778,-0.616936,-0.278746,0.966353,-0.694399,0.029662,0.603138,-0.596056,-0.266774,0.972343,-0.698838,0.016243,0.592827,-0.623503,-0.275022,0.967706,-0.707103,0.010296,0.579365,-0.620301
99,-0.291584,0.979574,-0.675944,0.004385,0.61141,-0.604555,-0.288204,0.978954,-0.682253,0.002769,0.600724,-0.619096,-0.295002,0.983457,-0.684474,-0.007203,0.606775,-0.614165,-0.290221,0.970282,-0.686469,0.014861,0.613797,-0.614632
100,-0.306928,0.977658,-0.677125,0.004673,0.598887,-0.610826,-0.313693,0.976752,-0.671613,0.003054,0.610377,-0.627397,-0.315755,0.984072,-0.666507,-0.009819,0.605849,-0.61003,-0.310066,0.985707,-0.677158,-0.016206,0.603528,-0.58253
101,-0.317892,0.982905,-0.654624,-0.01851,0.630165,-0.582485,-0.332968,0.988164,-0.650255,-0.037063,0.600022,-0.598002,-0.322753,0.974633,-0.658823,-0.038056,0.614131,-0.593763,-0.328746,0.981927,-0.64638,-0.024267,0.616588,-0.597241
102,-0.343676,0.985245,-0.640753,-0.018387,0.630644,-0.575151,-0.340635,0.985624,-0.645216,-0.039047,0.632364,-0.588342,-0.346471,0.980297,-0.642934,-0.011219,0.62317,-0.590622,-0.34667,0.983003,-0.643222,-0.0457,0.61512,-0.580288
103,-0.361142,0.981311,-0.62742,-0.04572,0.634506,-0.582216,-0.363788,0.980772,-0.628733,-0.031171,0.617769,-0.576829,-0.361913,0.98958,-0.620188,-0.041517,0.637015,-0.582675,-0.363617,0.98982,-0.621456,-0.059148,0.632283,-0.582843
104,-0.378237,1.000405,-0.610453,-0.059785,0.635676,-0.576071,-0.391028,0.991828,-0.609631,-0.059949,0.622809,-0.601701,-0.375084,0.996823,-0.609299,-0.063806,0.641715,-0.582215,-0.375023,0.991887,-0.617322,-0.061314,0.623243,-0.573293
105,-0.394569,1.000149,-0.593272,-0.077771,0.637431,-0.572024,-0.397147,0.993539,-0.59041,-0.082827,0.640524,-0.567604,-0.397799,0.98599,-0.594209,-0.068017,0.63959,-0.550255,-0.399306,0.985214,-0.594342,-0.075351,0.635873,-0.555479
106,-0.417732,0.994897,-0.578358,-0.088555,0.643634,-0.551379,-0.407538,0.998389,-0.576849,-0.085549,0.649379,-0.571293,-0.420029,0.991806,-0.57503,-0.09855,0.653816,-0.55713,-0.406681,0.996935,-0.572599,-0.083859,0.63988,-0.560778
107,-0.438639,0.998529,-0.565231,-0.085359,0.64112,-0.549167,-0.426785,0.991761,-0.569768,-0.099379,0.650543,-0.557243,-0.427205,0.99587,-0.563647,-0.113161,0.658421,-0.544002,-0.43263,1.000693,-0.5541,-0.100133,0.634708,-0.541227
108,-0.447552,0.995628,-0.550115,-0.094609,0.667511,-0.540999,-0.44499,0.998654,-0.557441,-0.129117,0.64483,-0.529423,-0.453235,1.011068,-0.550258,-0.125477,0.658937,-0.529216,-0.446706,0.998435,-0.549558,-0.116207,0.647124,-0.534602
109,-0.46745,0.991236,-0.525479,-0.129753,0.670676,-0.537786,-0.466658,0.995846,-0.524479,-0.133138,0.674642,-0.52332,-0.461523,0.999187,-0.537551,-0.128969,0.662835,-0.523292,-0.465427,1.010094,-0.531819,-0.125967,0.677146,-0.52915
110,-0.489119,0.996109,-0.518376,-0.139108,0.680227,-0.526349,-0.486826,0.996566,-0.519602,-0.135066,0.685594,-0.526158,-0.483839,0.990712,-0.518719,-0.141287,0.664884,-0.530198,-0.487022,0.994823,-0.521325,-0.144137,0.66127,-0.522126
111,-0.498095,0.994966,-0.501636,-0.170792,0.676465,-0.515759,-0.492776,0.998083,-0.503295,-0.163262,0.656456,-0.487864,-0.496656,1.00238,-0.496426,-0.162294,0.647427,-0.508014,-0.493061,1.000243,-0.502642,-0.15651,0.67691,-0.521975
112,-0.520673,0.99549,-0.479714,-0.16209,0.66875,-0.509424,-0.50949,1.002771,-0.482943,-0.165312,0.684358,-0.492112,-0.519529,1.002443,-0.493025,-0.174675,0.677985,-0.499642,-0.510765,0.998136,-0.478992,-0.160572,0.660632,-0.501293
113,-0.542298,0.999139,-0.478001,-0.184545,0.647969,-0.490194,-0.536645,0.994502,-0.474958,-0.174765,0.68848,-0.495507,-0.528661,0.997613,-0.469966,-0.194799,0.691231,-0.47793,-0.536435,1.001977,-0.468136,-0.17405,0.663731,-0.510061
114,-0.547413,1.003514,-0.45718,-0.203074,0.676862,-0.499377,-0.548794,0.992891,-0.456323,-0.164647,0.669456,-0.489304,-0.550605,0.998512,-0.454546,-0.198339,0.669769,-0.482993,-0.552204,0.996902,-0.451442,-0.194806,0.670845,-0.506469
115,-0.555883,0.99349,-0.445106,-0.205376,0.681562,-0.492223,-0.568714,0.997618,-0.432581,-0.194671,0.682923,-0.492231,-0.557344,0.995227,-0.443865,-0.202939,0.69104,-0.472019,-0.564016,0.995873,-0.447508,-0.20483,0.673466,-0.48446
116,-0.577182,1.003869,-0.421397,-0.20425,0.680246,-0.462295,-0.570847,1.008801,-0.418724,-0.222356,0.666606,-0.495628,-0.577556,1.007385,-0.410419,-0.236327,0.676023,-0.472077,-0.574881,0.996664,-0.417203,-0.225856,0.701799,-0.482083
117,-0.595652,0.987956,-0.390872,-0.211366,0.701423,-0.457868,-0.59232,0.995138,-0.406241,-0.238101,0.676364,-0.45832,-0.592134,0.998452,-0.405935,-0.231835,0.688168,-0.45259,-0.591795,0.995928,-0.404629,-0.236468,0.691346,-0.464412
118,-0.614852,0.991451,-0.391363,-0.232265,0.691039,-0.434239,-0.603711,0.98829,-0.38747,-0.240525,0.695564,-0.446414,-0.601783,0.988768,-0.391549,-0.237989,0.688905,-0.445654,-0.611103,0.994222,-0.384273,-0.243835,0.720974,-0.445401
119,-0.626634,0.993442,-0.375018,-0.255845,0.686489,-0.422653,-0.624862,0.987184,-0.364989,-0.254917,0.687745,-0.436099,-0.6326,0.984849,-0.372804,-0.259925,0.692622,-0.427273,-0.625368,0.989447,-0.374367,-0.255955,0.692626,-0.43894
120,-0.631331,0.980995,-0.343165,-0.264098,0.711709,-0.428217,-0.64321,0.977791,-0.348708,-0.26034,0.705534,-0.439391,-0.63905,0.990072,-0.355535,-0.265108,0.682602,-0.413745,-0.630992,0.984487,-0.346471,-0.275264,0.683193,-0.416753
121,-0.649511,0.987524,-0.328195,-0.262832,0.703301,-0.415016,-0.657477,0.980217,-0.328413,-0.27365,0.692566,-0.410805,-0.647677,0.99075,-0.329674,-0.270358,0.700261,-0.432617,-0.65042,0.985249,-0.325388,-0.270545,0.698417,-0.424778
122,-0.66356,0.96548,-0.316921,-0.28537,0.692024,-0.404884,-0.667089,0.979758,-0.313951,-0.287568,0.679759,-0.41063,-0.657372,0.977342,-0.311841,-0.30066,0.68801,-0.40409,-0.660732,0.987002,-0.307149,-0.30194,0.695842,-0.40657
123,-0.675827,0.98132,-0.292937,-0.316305,0.678532,-0.398433,-0.673064,0.981215,-0.286216,-0.292294,0.692068,-0.385629,-0.675703,0.980178,-0.293474,-0.308988,0.695212,-0.389893,-0.683221,0.965177,-0.294936,-0.308351,0.696737,-0.415478
124,-0.700804,0.978558,-0.283553,-0.317002,0.680332,-0.396552,-0.68922,0.980483,-0.272628,-0.32032,0.712756,-0.377788,-0.689313,0.973396,-0.286047,-0.299728,0.702398,-0.388394,-0.687297,0.969319,-0.280621,-0.310097,0.687507,-0.399346
125,-0.708265,0.961275,-0.257671,-0.332925,0.684667,-0.376682,-0.7003,0.9683,-0.25512,-0.327497,0.686673,-0.367659,-0.698475,0.961623,-0.267158,-0.333258,0.699487,-0.347446,-0.708016,0.957549,-0.265083,-0.331719,0.700141,-0.367015
126,-0.717289,0.964716,-0.24583,-0.343626,0.70154,-0.356219,-0.723409,0.955616,-0.235111,-0.331623,0.689886,-0.358823,-0.72563,0.964675,-0.238466,-0.330591,0.696645,-0.364006,-0.720371,0.958956,-0.242016,-0.344076,0.722723,-0.372131
127,-0.72987,0.957277,-0.217587,-0.358706,0.7173,-0.355107,-0.733129,0.957708,-0.222535,-0.350497,0.689644,-0.370023,-0.726824,0.957409,-0.217589,-0.358784,0.701952,-0.367954,-0.726871,0.951213,-0.223547,-0.350429,0.687565,-0.34302
128,-0.739015,0.955006,-0.20232,-0.360493,0.711452,-0.343401,-0.744426,0.949816,-0.20967,-0.379194,0.686047,-0.336812,-0.754815,0.950394,-0.200118,-0.374659,0.68784,-0.333318,-0.738117,0.948631,-0.204593,-0.364459,0.704543,-0.341553
129,-0.75432,0.941802,-0.181847,-0.375419,0.697621,-0.339159,-0.75649,0.940307,-0.188621,-0.371437,0.68831,-0.3224,-0.752684,0.939996,-0.188884,-0.363443,0.689611,-0.325442,-0.757435,0.943292,-0.194889,-0.360897,0.705073,-0.33253
130,-0.772519,0.926204,-0.167116,-0.382191,0.698534,-0.316976,-0.773444,0.942248,-0.166921,-0.399269,0.699634,-0.314698,-0.783528,0.940446,-0.162146,-0.377938,0.695011,-0.322106,-0.772633,0.93982,-0.166664,-0.400539,0.701761,-0.315695
131,-0.786724,0.922844,-0.144725,-0.406099,0.685585,-0.317624,-0.785425,0.918889,-0.146948,-0.408102,0.690283,-0.316105,-0.7782,0.931113,-0.150116,-0.392227,0.70231,-0.304008,-0.774454,0.924812,-0.150093,-0.385646,0.698891,-0.313013
132,-0.783898,0.928115,-0.129389,-0.391237,0.682608,-0.289811,-0.79964,0.920828,-0.13137,-0.411655,0.698529,-0.308116,-0.805323,0.920821,-0.123262,-0.395428,0.671512,-0.276157,-0.7995,0.923813,-0.129403,-0.406376,0.704932,-0.294384
133,-0.800988,0.913484,-0.110558,-0.423872,0.698478,-0.277204,-0.803574,0.910783,-0.123543,-0.417467,0.700883,-0.283175,-0.797996,0.91818,-0.109453,-0.412284,0.696446,-0.298084,-0.808924,0.907991,-0.11312,-0.418015,0.684835,-0.272516
134,-0.809651,0.903629,-0.097886,-0.41998,0.69118,-0.275901,-0.818018,0.907331,-0.095761,-0.432933,0.674421,-0.268039,-0.822097,0.913032,-0.083906,-0.428303,0.689491,-0.27513,-0.817606,0.903635,-0.086455,-0.425174,0.688678,-0.278747
135,-0.82907,0.898402,-0.072364,-0.41002,0.68525,-0.231549,-0.825777,0.896554,-0.068327,-0.437876,0.685355,-0.251074,-0.829453,0.905857,-0.069822,-0.44711,0.702004,-0.258875,-0.822854,0.901036,-0.075437,-0.438459,0.687735,-0.249882
136,-0.830884,0.894781,-0.061581,-0.463858,0.695002,-0.271282,-0.835701,0.893559,-0.044858,-0.445031,0.691176,-0.243021,-0.83651,0.890453,-0.052377,-0.453641,0.709838,-0.244328,-0.833358,0.889587,-0.054127,-0.440231,0.710424,-0.253615
137,-0.848898,0.883346,-0.031369,-0.464926,0.700414,-0.230893,-0.855759,0.887481,-0.036012,-0.450546,0.704446,-0.230391,-0.84417,0.8877,-0.039402,-0.465671,0.686662,-0.233776,-0.850083,0.883859,-0.032312,-0.458767,0.676849,-0.224312
138,-0.857869,0.874783,-0.012231,-0.474437,0.695143,-0.225149,-0.853372,0.865867,-0.015905,-0.471761,0.694608,-0.212562,-0.85451,0.870054,-0.012083,-0.479978,0.680118,-0.23277,-0.859495,0.874892,-0.010797,-0.47017,0.69475,-0.227244
139,-0.867424,0.859298,0.007335,-0.481536,0.666667,-0.208993,-0.875034,0.859552,0.011111,-0.48652,0.688009,-0.20903,-0.864742,0.860481,0.001535,-0.484,0.668684,-0.222223,-0.869324,0.867388,0.001612,-0.462693,0.686657,-0.207621
140,-0.870151,0.856282,0.038512,-0.480851,0.669728,-0.200658,-0.870874,0.862808,0.021274,-0.474751,0.679947,-0.170094,-0.871309,0.857062,0.030008,-0.460541,0.688775,-0.176325,-0.875474,0.855908,0.020327,-0.466079,0.671172,-0.192211
141,-0.886641,0.843545,0.037725,-0.481273,0.675699,-0.175877,-0.887742,0.846941,0.051699,-0.503927,0.665103,-0.193709,-0.882616,0.848876,0.040809,-0.508995,0.677764,-0.190043,-0.884731,0.847239,0.041858,-0.489642,0.69044,-0.170677
142,-0.896161,0.826746,0.06568,-0.50246,0.67555,-0.165762,-0.888263,0.840228,0.053728,-0.505456,0.675436,-0.170097,-0.891091,0.83063,0.063173,-0.49913,0.669313,-0.163321,-0.886715,0.835598,0.055537,-0.49964,0.692215,-0.171926
143,-0.90042,0.820167,0.075745,-0.51392,0.674408,-0.159143,-0.907411,0.829727,0.082278,-0.515117,0.665475,-0.162595,-0.897819,0.822662,0.07715,-0.517828,0.671215,-0.151176,-0.896887,0.825178,0.07055,-0.526536,0.656077,-0.163515
144,-0.909451,0.816794,0.087553,-0.527135,0.66296,-0.132234,-0.913284,0.809133,0.096173,-0.513041,0.679684,-0.149422,-0.907418,0.814416,0.100531,-0.521675,0.652338,-0.147382,-0.919153,0.816599,0.092209,-0.51977,0.663772,-0.141388
145,-0.915575,0.806329,0.115389,-0.534929,0.6517,-0.105578,-0.915004,0.802491,0.1094,-0.535199,0.666054,-0.137727,-0.926835,0.808549,0.118503,-0.507003,0.662789,-0.120614,-0.922181,0.807288,0.126843,-0.536074,0.676153,-0.124213
146,-0.933483,0.791858,0.1378,-0.54179,0.636405,-0.115922,-0.928169,0.795239,0.131167,-0.555811,0.656592,-0.112164,-0.925773,0.790643,0.134164,-0.527767,0.663088,-0.115446,-0.930885,0.78888,0.136877,-0.540315,0.659787,-0.119885
147,-0.936556,0.784499,0.158805,-0.550443,0.653806,-0.100352,-0.932517,0.769512,0.152097,-0.564878,0.656951,-0.10766,-0.932755,0.782489,0.140111,-0.546419,0.653543,-0.113085,-0.941146,0.773074,0.148288,-0.56504,0.643831,-0.111243
148,-0.941093,0.763802,0.17578,-0.548955,0.642924,-0.104709,-0.946059,0.760709,0.177184,-0.561766,0.662745,-0.084538,-0.941344,0.768572,0.16699,-0.55247,0.64503,-0.086309,-0.942734,0.772758,0.164626,-0.554865,0.670269,-0.105487
149,-0.95065,0.751389,0.188827,-0.591487,0.659732,-0.083961,-0.935708,0.761237,0.193368,-0.563382,0.635759,-0.097543,-0.953711,0.756573,0.189166,-0.560562,0.630747,-0.086851,-0.952281,0.749058,0.19307,-0.561646,0.640671,-0.075623
150,-0.956749,0.738903,0.215175,-0.579342,0.63473,-0.054414,-0.963998,0.744304,0.208566,-0.573,0.627527,-0.077303,-0.951772,0.740438,0.212312,-0.57532,0.63787,-0.052339,-0.944923,0.737904,0.210793,-0.563225,0.639342,-0.048224
151,-0.961886,0.724481,0.229853,-0.576077,0.639082,-0.047649,-0.953363,0.721701,0.224743,-0.567636,0.636339,-0.055131,-0.955133,0.730011,0.225416,-0.579149,0.629072,-0.032593,-0.953048,0.732765,0.223798,-0.589875,0.602865,-0.072121
152,-0.966035,0.71446,0.24084,-0.579122,0.630276,-0.042187,-0.959262,0.721479,0.247897,-0.601501,0.623008,-0.039007,-0.964445,0.714889,0.247386,-0.5733,0.62685,-0.022621,-0.967483,0.721636,0.247527,-0.593192,0.625924,-0.047718
153,-0.973686,0.699775,0.260052,-0.595062,0.599372,-0.032511,-0.966106,0.699256,0.259954,-0.586688,0.609079,-0.03576,-0.968818,0.696628,0.270737,-0.586131,0.625309,-0.02103,-0.966361,0.699605,0.262487,-0.58205,0.630836,-0.030727
154,-0.971063,0.6909,0.280502,-0.611275,0.614567,-0.004224,-0.967508,0.692665,0.290717,-0.598797,0.611281,-0.018472,-0.973832,0.694811,0.279825,-0.574594,0.625786,0.005062,-0.961711,0.686671,0.281565,-0.609267,0.615808,-0.020996
155,-0.975248,0.685633,0.296797,-0.591869,0.613069,-0.017179,-0.968429,0.674657,0.296147,-0.609121,0.619296,-0.007115,-0.983756,0.668358,0.304424,-0.597845,0.602745,0.009427,-0.975137,0.678876,0.292074,-0.604582,0.60857,-0.012355
156,-0.978725,0.674391,0.316339,-0.616908,0.59091,0.029877,-0.987304,0.65893,0.317097,-0.599479,0.598869,0.024817,-0.97812,0.658521,0.314304,-0.613919,0.592355,0.035183,-0.975061,0.661015,0.314429,-0.618663,0.622678,0.010621
157,-0.986971,0.649536,0.338568,-0.597499,0.591169,0.036499,-0.988007,0.64842,0.33476,-0.619586,0.583551,0.039682,-0.984223,0.648197,0.340658,-0.621669,0.588833,0.034001,-0.985151,0.656033,0.339933,-0.623897,0.594319,0.014035
158,-0.988915,0.63963,0.349001,-0.616074,0.581779,0.040388,-0.982004,0.630587,0.356656,-0.649232,0.590963,0.035073,-0.985953,0.628973,0.351038,-0.616697,0.588518,0.042865,-0.98262,0.634548,0.352345,-0.625813,0.587126,0.046023
159,-0.988901,0.623078,0.378699,-0.621203,0.567686,0.057937,-0.992659,0.622618,0.365771,-0.632652,0.592695,0.05653,-0.989454,0.612897,0.372274,-0.624491,0.568572,0.040221,-0.988199,0.616155,0.363829,-0.633599,0.561357,0.067218
160,-0.99343,0.610306,0.382954,-0.648683,0.57347,0.066755,-0.981596,0.606258,0.385891,-0.636401,0.561053,0.083254,-0.992885,0.604663,0.391026,-0.636951,0.579737,0.084274,-0.998308,0.600698,0.390859,-0.629128,0.562535,0.055033
161,-0.992914,0.591183,0.401815,-0.629774,0.581282,0.072525,-0.990458,0.585143,0.399464,-0.650914,0.564266,0.073443,-1.00157,0.588772,0.408779,-0.655507,0.568393,0.086649,-0.995901,0.588182,0.40967,-0.650129,0.560054,0.084247
162,-1.000714,0.577022,0.424066,-0.660669,0.563242,0.103878,-1.005102,0.585349,0.421638,-0.640037,0.553341,0.094115,-1.006371,0.575053,0.424514,-0.648427,0.546547,0.080239,-1.000783,0.5763,0.423462,-0.637815,0.554939,0.10467
163,-0.989033,0.564121,0.442483,-0.649294,0.55366,0.092046,-0.996274,0.557611,0.442827,-0.676138,0.539438,0.117691,-0.993761,0.54785,0.435217,-0.646008,0.558803,0.095939,-1.000614,0.56326,0.435223,-0.638558,0.532231,0.110328
164,-1.004324,0.549445,0.451025,-0.651894,0.548296,0.121593,-0.996015,0.551115,0.451858,-0.662928,0.524169,0.136042,-1.002285,0.540243,0.452705,-0.660178,0.551987,0.123502,-0.994669,0.539664,0.451303,-0.641762,0.5426,0.126593
165,-0.996218,0.523333,0.478333,-0.659352,0.515395,0.13662,-0.995231,0.533892,0.461628,-0.651849,0.538451,0.140657,-0.999671,0.534894,0.464157,-0.65196,0.527223,0.129399,-0.994607,0.515174,0.472481,-0.65743,0.516286,0.142833
166,-0.996494,0.501892,0.483242,-0.653718,0.541873,0.146553,-1.000331,0.510758,0.493773,-0.667733,0.525928,0.144849,-0.997435,0.515708,0.487304,-0.656176,0.514807,0.141555,-0.999908,0.515486,0.484246,-0.669197,0.507759,0.151669
167,-0.68619,0.334259,0.540661,-1.381047,1.068338,0.15835,-0.621251,0.296845,0.565665,-1.533846,1.166796,0.148878,-0.504352,0.246846,0.56334,-1.79611,1.364777,0.160334,-0.305072,0.146432,0.576142,-2.239666,1.711223,0.143128
168,-0.682334,0.309886,0.552783,-1.392446,1.047827,0.169096,-0.61309,0.28899,0.566879,-1.538746,1.140809,0.173227,-0.505376,0.238419,0.576526,-1.798439,1.343577,0.183119,-0.298854,0.140676,0.595819,-2.230271,1.685899,0.173624
169,-0.68359,0.317186,0.573248,-1.38876,1.024866,0.181626,-0.622623,0.280783,0.586747,-1.557951,1.125936,0.17781,-0.499375,0.238463,0.601521,-1.825431,1.307018,0.184665,-0.309828,0.135069,0.615134,-2.259117,1.646577,0.186538
170,-0.683768,0.301906,0.593197,-1.391619,0.98609,0.17229,-0.606092,0.26898,0.597033,-1.560834,1.106494,0.209941,-0.505627,0.224931,0.602093,-1.797464,1.296699,0.205594,-0.299422,0.130388,0.642444,-2.270738,1.594721,0.201683
171,-0.671091,0.286932,0.601881,-1.411427,0.983371,0.221701,-0.606585,0.267933,0.622395,-1.572652,1.065376,0.2003,-0.511231,0.216247,0.63076,-1.818441,1.240306,0.21077,-0.28978,0.134199,0.656168,-2.279763,1.57295,0.20406
172,-0.683098,0.279945,0.624967,-1.410644,0.942477,0.220534,-0.611118,0.24712,0.643353,-1.580381,1.069565,0.214747,-0.498352,0.207305,0.651034,-1.812653,1.247688,0.226619,-0.297928,0.120145,0.668864,-2.282491,1.541399,0.229109
173,-0.676771,0.270561,0.642766,-1.422909,0.921677,0.23577,-0.603037,0.234677,0.6523,-1.594233,1.049674,0.255407,-0.500208,0.193958,0.656242,-1.83598,1.213997,0.22049,-0.304023,0.120473,0.701987,-2.286816,1.502609,0.241114
174,-0.672158,0.249334,0.660638,-1.422057,0.905285,0.24223,-0.601608,0.225269,0.658312,-1.590187,1.030297,0.244518,-0.492133,0.189133,0.680143,-1.848706,1.191965,0.246072,-0.301343,0.106721,0.707204,-2.297485,1.474366,0.25483
175,-0.670345,0.238896,0.681555,-1.427077,0.905491,0.257465,-0.606226,0.215335,0.691741,-1.58735,1.004801,0.25638,-0.49532,0.172633,0.710023,-1.842036,1.143135,0.265128,-0.294752,0.110242,0.725817,-2.302117,1.432119,0.273352
176,-0.676194,0.22823,0.686801,-1.428755,0.862488,0.275719,-0.599301,0.209303,0.695684,-1.592289,0.957872,0.26736,-0.488796,0.170294,0.714288,-1.842769,1.136609,0.271396,-0.296897,0.105059,0.746326,-2.314907,1.401505,0.266856
177,-0.674399,0.223879,0.702681,-1.427618,0.855816,0.274338,-0.602988,0.20179,0.714348,-1.596837,0.94705,0.286943,-0.495669,0.157601,0.732635,-1.855195,1.096441,0.286797,-0.289861,0.092796,0.766529,-2.311384,1.366626,0.266974
178,-0.660601,0.202618,0.720045,-1.415584,0.837651,0.291348,-0.600664,0.186328,0.729532,-1.580703,0.909231,0.293435,-0.491596,0.150182,0.748798,-1.85507,1.084866,0.273825,-0.296315,0.093944,0.789388,-2.31796,1.345543,0.291901
179,-0.664628,0.191981,0.74116,-1.455997,0.808077,0.30312,-0.594169,0.177202,0.745141,-1.609634,0.891228,0.330613,-0.481071,0.147449,0.766977,-1.860511,1.0307,0.289489,-0.283618,0.089302,0.788083,-2.324031,1.291207,0.300352
180,-0.656596,0.190731,0.755639,-1.441756,0.781416,0.32797,-0.590453,0.174011,0.760137,-1.60492,0.859991,0.308021,-0.486692,0.129856,0.780772,-1.882271,0.997855,0.311748,-0.288196,0.088834,0.804888,-2.324271,1.280511,0.317803
181,-0.667011,0.16662,0.762502,-1.445337,0.755304,0.338789,-0.583724,0.148394,0.780874,-1.603623,0.827024,0.338005,-0.484209,0.125382,0.801331,-1.85411,0.982394,0.328603,-0.289236,0.077838,0.82912,-2.32181,1.235642,0.317455
182,-0.64931,0.152333,0.776058,-1.444598,0.733439,0.348432,-0.586815,0.142063,0.789051,-1.611214,0.83025,0.341709,-0.477063,0.113672,0.799863,-1.871659,0.947365,0.327121,-0.293094,0.074283,0.835091,-2.325221,1.192376,0.348269
183,-0.645583,0.149716,0.783437,-1.456881,0.71107,0.377563,-0.578754,0.127731,0.804832,-1.606767,0.799827,0.344805,-0.480808,0.096592,0.812203,-1.866528,0.920541,0.347463,-0.286237,0.07109,0.860109,-2.338241,1.166923,0.356227
184,-0.648334,0.134972,0.802717,-1.432197,0.685327,0.368455,-0.580989,0.12404,0.81238,-1.601051,0.768139,0.369094,-0.475985,0.097786,0.844946,-1.861432,0.902716,0.361778,-0.287023,0.06064,0.867242,-2.350049,1.113415,0.382504
185,-0.640824,0.117173,0.816918,-1.443134,0.645427,0.380707,-0.568641,0.108028,0.830816,-1.597383,0.72844,0.370865,-0.479792,0.094576,0.85453,-1.859147,0.852056,0.347707,-0.282122,0.054978,0.883635,-2.315149,1.076985,0.377783
186,-0.647868,0.119282,0.835383,-1.433599,0.661564,0.386159,-0.579286,0.095817,0.840396,-1.605295,0.741717,0.389197,-0.474538,0.083435,0.858236,-1.869464,0.831491,0.387083,-0.277977,0.042759,0.891827,-2.311963,1.037828,0.390317
187,-0.637674,0.096201,0.839492,-1.435389,0.616827,0.392284,-0.574366,0.081809,0.852734,-1.597685,0.690667,0.406482,-0.469773,0.071015,0.876656,-1.864711,0.797774,0.398602,-0.287229,0.027481,0.91543,-2.322699,0.983892,0.396284
188,-0.629696,0.081894,0.855107,-1.439475,0.603514,0.402868,-0.564267,0.066968,0.868193,-1.608432,0.642387,0.406697,-0.463132,0.070456,0.888342,-1.844462,0.758148,0.407183,-0.283398,0.041539,0.918681,-2.318313,0.928931,0.406814
189,-0.620201,0.06819,0.869134,-1.432472,0.571471,0.425366,-0.558743,0.062959,0.881399,-1.58142,0.621179,0.414092,-0.457204,0.044739,0.901453,-1.862128,0.718635,0.418165,-0.276439,0.024148,0.939046,-2.317421,0.92744,0.404463
190,-0.624039,0.053598,0.885739,-1.417877,0.544043,0.439891,-0.542711,0.051619,0.894474,-1.594864,0.606595,0.437253,-0.454071,0.033796,0.916881,-1.843249,0.688468,0.438621,-0.273564,0.026461,0.945692,-2.315004,0.887214,0.433505
191,-0.615523,0.043423,0.883059,-1.428203,0.51343,0.438948,-0.54646,0.043298,0.901943,-1.580606,0.573317,0.424985,-0.446227,0.029657,0.928979,-1.856192,0.648373,0.433782,-0.27057,0.01738,0.957524,-2.31291,0.81007,0.441487
192,-0.610656,0.024534,0.911876,-1.418018,0.476153,0.447769,-0.54175,0.025505,0.914311,-1.597803,0.543424,0.466324,-0.439916,0.00932,0.935831,-1.82603,0.6105,0.434264,-0.271947,0.011664,0.963018,-2.311962,0.811262,0.467296
193,-0.596297,0.018279,0.912453,-1.410453,0.457339,0.455563,-0.535572,0.020825,0.928769,-1.567633,0.519618,0.466315,-0.439832,0.011638,0.941748,-1.83887,0.596826,0.443262,-0.253318,0.014349,0.984314,-2.283832,0.738831,0.458082
194,-0.594561,0.005239,0.922417,-1.421918,0.414043,0.454756,-0.539976,-0.005411,0.92852,-1.560756,0.480828,0.481768,-0.438245,0.009509,0.94881,-1.833417,0.580737,0.463538,-0.262732,-0.003564,1.00083,-2.285101,0.687332,0.462655
195,-0.581489,-0.0069,0.929214,-1.409208,0.419768,0.4947,-0.525624,-0.008294,0.937125,-1.565141,0.48285,0.477658,-0.427197,-0.009096,0.968078,-1.804415,0.519216,0.48915,-0.255255,-0.005858,1.015696,-2.276373,0.655073,0.478981
196,-0.577884,-0.021189,0.943457,-1.395325,0.39902,0.484138,-0.517337,-0.015813,0.959423,-1.544961,0.436982,0.464751,-0.429168,-0.022148,0.974967,-1.811669,0.514424,0.484599,-0.24935,0.000539,1.013377,-2.271481,0.622372,0.480887
197,-0.567614,-0.031802,0.951918,-1.387147,0.350315,0.488558,-0.506974,-0.032715,0.963105,-1.537025,0.397838,0.491514,-0.420314,-0.024557,0.986349,-1.79955,0.461329,0.517585,-0.254539,-0.011787,1.035779,-2.240231,0.579808,0.495104
198,-0.560748,-0.045115,0.971981,-1.393492,0.331088,0.522617,-0.513905,-0.033628,0.978871,-1.515728,0.363828,0.517635,-0.415116,-0.035329,1.003572,-1.784364,0.428068,0.51089,-0.248768,-0.029783,1.039369,-2.238746,0.545797,0.525799
199,-0.554579,-0.054725,0.964973,-1.380759,0.32447,0.515355,-0.493549,-0.050257,0.990415,-1.541821,0.327199,0.51813,-0.410687,-0.049624,1.004167,-1.7628,0.384695,0.525183,-0.230403,-0.027154,1.040604,-2.217825,0.491933,0.516101
200,-0.550598,-0.067323,0.967668,-1.358978,0.266239,0.522538,-0.493603,-0.06479,0.989128,-1.519375,0.31839,0.51267,-0.402675,-0.052198,1.011772,-1.771494,0.363279,0.499835,-0.238125,-0.026651,1.055532,-2.217766,0.439876,0.534573
201,-0.54407,-0.084345,0.991232,-1.364185,0.250987,0.550284,-0.487569,-0.074091,1.009374,-1.508382,0.297251,0.537022,-0.403922,-0.057915,1.024546,-1.760145,0.305838,0.537654,-0.243012,-0.033109,1.063786,-2.168075,0.411754,0.511568
202,-0.537746,-0.090533,0.987879,-1.347043,0.22154,0.534505,-0.473717,-0.086047,1.017334,-1.498852,0.242649,0.564638,-0.394359,-0.069975,1.039981,-1.752492,0.295873,0.54544,-0.237167,-0.037454,1.066685,-2.165257,0.355532,0.539364
203,-0.529391,-0.111629,0.998223,-1.341375,0.193519,0.557116,-0.472408,-0.091524,1.015815,-1.490485,0.234824,0.540004,-0.389292,-0.081185,1.039295,-1.741512,0.271643,0.554391,-0.228954,-0.053773,1.07641,-2.164785,0.316195,0.562842
204,-0.516966,-0.114207,1.002167,-1.330713,0.176303,0.573908,-0.473404,-0.123859,1.020691,-1.487416,0.195315,0.562603,-0.380233,-0.095449,1.053916,-1.714768,0.22616,0.56131,-0.232273,-0.056383,1.086423,-2.150352,0.284847,0.579014
205,-0.51139,-0.136237,1.002745,-1.323263,0.139198,0.553778,-0.467552,-0.128206,1.02792,-1.469869,0.167021,0.555117,-0.376882,-0.101933,1.056466,-1.699353,0.189923,0.572835,-0.229791,-0.061803,1.091249,-2.114701,0.223462,0.549966
206,-0.500568,-0.163555,1.021137,-1.308649,0.120454,0.570107,-0.457196,-0.128769,1.03153,-1.455717,0.143399,0.566952,-0.373654,-0.093937,1.054333,-1.689737,0.164869,0.568207,-0.215625,-0.061976,1.101608,-2.119967,0.197661,0.595323
207,-0.495904,-0.166302,1.031256,-1.286257,0.080333,0.575332,-0.440342,-0.147089,1.037228,-1.438155,0.087222,0.566954,-0.360629,-0.125689,1.064033,-1.657414,0.114719,0.577194,-0.22401,-0.065952,1.110402,-2.09203,0.139556,0.571079
208,-0.491106,-0.177672,1.039659,-1.262982,0.060506,0.60334,-0.427674,-0.155382,1.048984,-1.423736,0.099183,0.576744,-0.349712,-0.121919,1.063883,-1.644541,0.08597,0.599665,-0.220758,-0.079644,1.107531,-2.066409,0.095901,0.585358
209,-0.473811,-0.181479,1.041897,-1.250377,0.053773,0.59905,-0.428991,-0.169858,1.054339,-1.405237,0.03842,0.589563,-0.338126,-0.134577,1.081691,-1.647737,0.062142,0.599492,-0.203123,-0.084576,1.116055,-2.046939,0.054206,0.604719
210,-0.460345,-0.200675,1.050687,-1.262128,0.007424,0.603944,-0.413933,-0.167375,1.057117,-1.393069,0.014267,0.612362,-0.341027,-0.147901,1.084467,-1.636798,-0.005321,0.60942,-0.203111,-0.089675,1.125558,-2.027729,-0.002367,0.603509
211,-0.455239,-0.20896,1.052162,-1.236376,0.001709,0.604439,-0.405803,-0.192186,1.055756,-1.384972,-0.036164,0.597003,-0.34091,-0.155971,1.089578,-1.600545,-0.021004,0.61848,-0.202353,-0.082008,1.129329,-1.996647,-0.040777,0.610047
212,-0.448953,-0.219313,1.055658,-1.234277,-0.055456,0.623039,-0.404408,-0.199497,1.068063,-1.358392,-0.041032,0.614049,-0.339033,-0.156726,1.085195,-1.581184,-0.044355,0.604121,-0.199897,-0.089139,1.124111,-1.9654,-0.074688,0.618863
213,-0.436678,-0.236259,1.061149,-1.215732,-0.070197,0.620239,-0.403041,-0.203639,1.067373,-1.349983,-0.071682,0.620465,-0.319016,-0.165598,1.093722,-1.571732,-0.095905,0.643477,-0.19164,-0.102586,1.142888,-1.964957,-0.099104,0.615454
214,-0.422246,-0.243386,1.055431,-1.197311,-0.104707,0.633902,-0.387307,-0.217379,1.068437,-1.324989,-0.097838,0.634104,-0.308364,-0.182007,1.09586,-1.560368,-0.142117,0.64874,-0.186399,-0.109279,1.140702,-1.931214,-0.17053,0.626289
215,-0.425208,-0.264173,1.055242,-1.193797,-0.123243,0.641834,-0.376101,-0.235633,1.073135,-1.326747,-0.140734,0.647811,-0.303635,-0.192246,1.095878,-1.525286,-0.147168,0.649933,-0.180917,-0.111411,1.14974,-1.910163,-0.206805,0.627194
216,-0.410566,-0.272349,1.06558,-1.191699,-0.153875,0.602524,-0.360535,-0.251038,1.082017,-1.302201,-0.163896,0.630075,-0.29686,-0.198162,1.108458,-1.497423,-0.201903,0.640413,-0.184497,-0.126717,1.150706,-1.895133,-0.260368,0.633512
217,-0.39675,-0.276361,1.05763,-1.167049,-0.169956,0.652313,-0.357227,-0.255855,1.077493,-1.269137,-0.179353,0.66277,-0.290405,-0.199056,1.109424,-1.496393,-0.22119,0.648241,-0.177107,-0.120793,1.153388,-1.862534,-0.285919,0.648775
218,-0.38924,-0.290559,1.061958,-1.111293,-0.22033,0.64467,-0.34687,-0.261874,1.081086,-1.269312,-0.244196,0.644839,-0.27737,-0.214029,1.095695,-1.470798,-0.266986,0.640703,-0.17358,-0.133658,1.156564,-1.836601,-0.319214,0.644742
219,-0.37912,-0.303195,1.069132,-1.116314,-0.233698,0.64591,-0.339201,-0.269153,1.088173,-1.234524,-0.275751,0.643745,-0.28024,-0.217632,1.108333,-1.457316,-0.313256,0.646104,-0.168634,-0.147111,1.152945,-1.791204,-0.389899,0.65306
220,-0.37061,-0.314356,1.074241,-1.100229,-0.264672,0.663022,-0.330028,-0.283398,1.083708,-1.211985,-0.296619,0.675918,-0.276925,-0.241091,1.10257,-1.39755,-0.336283,0.665918,-0.163833,-0.142373,1.145826,-1.774134,-0.416377,0.648967
221,-0.353572,-0.33914,1.072496,-1.072729,-0.289947,0.65919,-0.321871,-0.290322,1.076647,-1.195463,-0.317334,0.66939,-0.253213,-0.232544,1.114869,-1.406657,-0.374628,0.651116,-0.155256,-0.142517,1.155506,-1.739665,-0.462999,0.667863
222,-0.348014,-0.336066,1.072464,-1.058069,-0.321358,0.676281,-0.311805,-0.301235,1.087332,-1.187055,-0.349016,0.66361,-0.249879,-0.24883,1.116608,-1.371658,-0.403435,0.686866,-0.154247,-0.147252,1.154913,-1.720317,-0.518861,0.654466
223,-0.33375,-0.356213,1.075602,-1.030265,-0.354395,0.68029,-0.30398,-0.317305,1.088396,-1.161213,-0.382774,0.687264,-0.243603,-0.252287,1.109487,-1.352941,-0.453252,0.657963,-0.153136,-0.156568,1.156032,-1.6844,-0.551251,0.673554
224,-0.322569,-0.3547,1.05735,-1.020618,-0.363102,0.67672,-0.287814,-0.322001,1.082822,-1.129898,-0.424027,0.685281,-0.229017,-0.264022,1.111726,-1.322012,-0.483284,0.668343,-0.145841,-0.155929,1.152276,-1.644036,-0.576227,0.668606
225,-0.307252,-0.371649,1.067075,-1.000803,-0.382769,0.674425,-0.279268,-0.328064,1.089775,-1.12827,-0.43602,0.669317,-0.220357,-0.274004,1.097745,-1.308654,-0.521712,0.682858,-0.138363,-0.16248,1.154392,-1.62786,-0.64245,0.678017
226,-0.298092,-0.38792,1.062411,-0.979174,-0.415211,0.69493,-0.256906,-0.3419,1.093492,-1.104478,-0.46677,0.67835,-0.223403,-0.27459,1.107734,-1.269301,-0.53803,0.686189,-0.128242,-0.166883,1.154339,-1.601104,-0.681228,0.699446
227,-0.292448,-0.387456,1.074819,-0.954082,-0.452814,0.692633,-0.253694,-0.358058,1.079968,-1.080374,-0.494344,0.678973,-0.210275,-0.291681,1.098818,-1.253401,-0.573095,0.70014,-0.13327,-0.179158,1.1557,-1.564933,-0.72526,0.681279
228,-0.269911,-0.409749,1.067326,-0.942206,-0.467064,0.691652,-0.248583,-0.355747,1.082885,-1.048826,-0.512568,0.671054,-0.199159,-0.292062,1.104653,-1.220295,-0.601735,0.682195,-0.125009,-0.174915,1.153295,-1.539103,-0.756425,0.690802
229,-0.259383,-0.404553,1.058791,-0.922487,-0.473903,0.691318,-0.234716,-0.374261,1.068619,-1.033081,-0.546199,0.701401,-0.186192,-0.307564,1.093487,-1.192695,-0.648853,0.679368,-0.113429,-0.179754,1.13516,-1.472716,-0.808427,0.690624
230,-0.249442,-0.4289,1.061683,-0.901444,-0.516599,0.679556,-0.22008,-0.386101,1.069441,-1.017247,-0.569906,0.698016,-0.191102,-0.310213,1.099937,-1.168353,-0.68974,0.705165,-0.107368,-0.179921,1.147315,-1.47008,-0.834931,0.680237
231,-0.237227,-0.433533,1.057959,-0.872326,-0.549142,0.699644,-0.209292,-0.385726,1.063129,-0.965173,-0.603478,0.688092,-0.176824,-0.312858,1.090584,-1.139569,-0.703854,0.692711,-0.102107,-0.202784,1.143117,-1.404147,-0.898806,0.691242
232,-0.225885,-0.446451,1.05239,-0.859318,-0.569684,0.704296,-0.201842,-0.392914,1.068629,-0.963206,-0.633031,0.698887,-0.157957,-0.327418,1.090537,-1.099148,-0.739242,0.693969,-0.103463,-0.189778,1.135655,-1.37041,-0.925447,0.678009
233,-0.210166,-0.443288,1.045799,-0.830231,-0.593101,0.699046,-0.194286,-0.401289,1.065305,-0.94478,-0.665567,0.68076,-0.158427,-0.330311,1.081751,-1.091578,-0.76029,0.702772,-0.097123,-0.196085,1.140441,-1.345581,-0.946512,0.709274
234,-0.19414,-0.460237,1.051149,-0.830883,-0.623598,0.72041,-0.185511,-0.412356,1.061546,-0.91485,-0.699977,0.673893,-0.141328,-0.340338,1.075595,-1.074199,-0.802677,0.701708,-0.091634,-0.198855,1.134292,-1.325613,-1.026435,0.701843
235,-0.200711,-0.4652,1.029973,-0.807814,-0.647906,0.713257,-0.182351,-0.422952,1.057412,-0.88531,-0.733242,0.70805,-0.142369,-0.349314,1.079425,-1.031522,-0.843256,0.712611,-0.086072,-0.209436,1.128622,-1.274419,-1.048557,0.692166
236,-0.178237,-0.484073,1.037061,-0.764369,-0.679148,0.690103,-0.160869,-0.436692,1.043953,-0.841784,-0.744018,0.712109,-0.129746,-0.350201,1.075259,-0.998891,-0.864802,0.70523,-0.077084,-0.212592,1.120543,-1.232097,-1.080418,0.695156
237,-0.165146,-0.485065,1.027255,-0.746553,-0.697443,0.695017,-0.149064,-0.439932,1.045083,-0.843023,-0.761707,0.70729,-0.122178,-0.356632,1.067609,-0.955782,-0.895283,0.697994,-0.073479,-0.213334,1.11354,-1.195378,-1.124776,0.690512
238,-0.1627,-0.498704,1.023294,-0.718936,-0.7039,0.700034,-0.139003,-0.452614,1.031121,-0.817063,-0.803592,0.703326,-0.102797,-0.359208,1.05968,-0.955359,-0.924445,0.712617,-0.078074,-0.216093,1.090882,-1.162477,-1.157198,0.687041
239,-0.141287,-0.511623,1.020814,-0.703528,-0.730139,0.703578,-0.131933,-0.447657,1.038214,-0.77092,-0.828195,0.693123,-0.107297,-0.364387,1.054914,-0.896033,-0.95884,0.727859,-0.059191,-0.226811,1.107124,-1.137233,-1.182379,0.69964
240,-0.121237,-0.515434,1.008088,-0.678205,-0.782171,0.699779,-0.10944,-0.467137,1.026196,-0.727209,-0.862864,0.692192,-0.089594,-0.376715,1.04841,-0.872724,-0.988579,0.701689,-0.060194,-0.232256,1.093963,-1.105582,-1.231207,0.700314
241,-0.117415,-0.521542,0.995385,-0.65326,-0.785252,0.691254,-0.111122,-0.471019,1.018358,-0.734877,-0.874869,0.704558,-0.079071,-0.390143,1.042407,-0.844535,-1.031854,0.694178,-0.046282,-0.229899,1.078164,-1.052351,-1.281914,0.713431
242,-0.100542,-0.546571,0.999905,-0.636063,-0.819698,0.701389,-0.094607,-0.477905,1.019605,-0.699857,-0.907306,0.707251,-0.07417,-0.386801,1.03288,-0.832477,-1.034669,0.706124,-0.044792,-0.235225,1.080931,-1.019374,-1.286554,0.681213
243,-0.096707,-0.5541,0.990478,-0.602298,-0.833605,0.697309,-0.074545,-0.480233,1.00492,-0.673581,-0.927505,0.694347,-0.065646,-0.396208,1.038501,-0.772632,-1.088792,0.669626,-0.035381,-0.246053,1.063154,-0.964802,-1.350381,0.692372
244,-0.075124,-0.54314,0.980305,-0.574354,-0.856051,0.692207,-0.076197,-0.491912,0.997281,-0.642678,-0.959189,0.687764,-0.062682,-0.411195,1.017857,-0.738576,-1.087482,0.710748,-0.033899,-0.246729,1.054981,-0.943331,-1.391933,0.678275
245,-0.061353,-0.562528,0.974704,-0.536403,-0.890361,0.696022,-0.053833,-0.502587,0.980408,-0.602272,-0.990793,0.680378,-0.050791,-0.403761,1.019239,-0.706175,-1.124004,0.680696,-0.038683,-0.249249,1.051294,-0.901929,-1.439133,0.680619
246,-0.053177,-0.556726,0.962743,-0.528755,-0.894254,0.688102,-0.041984,-0.50102,0.984973,-0.587148,-1.002478,0.700325,-0.038879,-0.415316,1.004955,-0.687738,-1.176294,0.69915,-0.025502,-0.245277,1.039398,-0.864197,-1.449538,0.67925
247,-0.039334,-0.563884,0.960427,-0.508336,-0.91136,0.675084,-0.029217,-0.509149,0.965863,-0.547522,-1.027079,0.691184,-0.02454,-0.406333,0.985274,-0.644695,-1.187539,0.692811,-0.021566,-0.257313,1.035669,-0.832953,-1.461224,0.670446
248,-0.033515,-0.572009,0.945316,-0.477656,-0.955379,0.681382,-0.016538,-0.521288,0.957295,-0.533426,-1.055102,0.689648,-0.014628,-0.422938,0.98084,-0.618893,-1.213611,0.682241,-0.008723,-0.251267,1.022136,-0.783442,-1.531258,0.69055
249,-0.014139,-0.577419,0.926605,-0.45558,-0.962087,0.68908,-0.011119,-0.529139,0.949358,-0.518952,-1.075087,0.691154,-0.003995,-0.432766,0.966226,-0.588669,-1.248737,0.693824,-0.01209,-0.261525,1.002531,-0.728212,-1.569953,0.687568
250,0.007265,-0.600834,0.922537,-0.430918,-0.984179,0.69256,0.0006,-0.528451,0.934302,-0.477458,-1.102471,0.687048,-0.004958,-0.439043,0.96208,-0.537464,-1.275701,0.678927,-0.001762,-0.275529,0.99911,-0.710781,-1.558883,0.670788
251,0.010759,-0.60778,0.922055,-0.390161,-1.003916,0.684603,0.004301,-0.542937,0.927412,-0.437136,-1.09763,0.676428,0.003824,-0.434425,0.952452,-0.513804,-1.303374,0.682688,0.006384,-0.268679,0.989669,-0.639648,-1.620671,0.676154
252,0.024152,-0.609066,0.906753,-0.378312,-1.01782,0.67859,0.02024,-0.543364,0.917417,-0.421566,-1.136397,0.670773,0.022003,-0.442882,0.947813,-0.497358,-1.314669,0.68042,0.02416,-0.265951,0.977668,-0.604121,-1.641165,0.674682
253,0.030381,-0.600975,0.903075,-0.354772,-1.033481,0.676651,0.036788,-0.54414,0.911202,-0.379438,-1.14493,0.666802,0.030238,-0.450414,0.936497,-0.455597,-1.353015,0.677874,0.0127,-0.266334,0.968608,-0.559265,-1.687694,0.651742
254,0.051898,-0.615626,0.885681,-0.328978,-1.069248,0.660802,0.050748,-0.551554,0.896827,-0.347727,-1.174304,0.668799,0.043599,-0.460371,0.9156,-0.428744,-1.362917,0.666406,0.021897,-0.269298,0.958565,-0.537489,-1.715997,0.670334
255,0.072859,-0.624031,0.871361,-0.291569,-1.074967,0.668499,0.062778,-0.558812,0.886436,-0.339973,-1.188831,0.654846,0.044518,-0.459012,0.898652,-0.395278,-1.375715,0.669316,0.030445,-0.270161,0.93934,-0.487126,-1.727345,0.658515
256,0.075772,-0.631725,0.867354,-0.264761,-1.107126,0.649169,0.064824,-0.566168,0.868155,-0.29389,-1.221976,0.661322,0.054833,-0.466389,0.898287,-0.348868,-1.406176,0.673179,0.047348,-0.283163,0.9218,-0.444106,-1.772227,0.651287
257,0.084863,-0.634851,0.850814,-0.238739,-1.118636,0.647411,0.071913,-0.568751,0.865082,-0.284877,-1.228433,0.648793,0.076263,-0.462288,0.884589,-0.310535,-1.424525,0.679356,0.038933,-0.277464,0.91812,-0.39928,-1.785638,0.667711
258,0.103839,-0.637176,0.826592,-0.203166,-1.128678,0.652062,0.091996,-0.577677,0.847541,-0.237354,-1.253667,0.645574,0.075296,-0.468983,0.869273,-0.27049,-1.46782,0.653827,0.044277,-0.273992,0.905323,-0.348878,-1.807865,0.661847
259,0.119172,-0.643352,0.829206,-0.194639,-1.143194,0.657074,0.09681,-0.569934,0.840346,-0.200409,-1.266209,0.633342,0.084285,-0.465083,0.860791,-0.251884,-1.486573,0.668804,0.041604,-0.287256,0.887409,-0.319497,-1.846422,0.654228
260,0.114862,-0.649278,0.820138,-0.156193,-1.158265,0.64373,0.113054,-0.575875,0.826309,-0.191624,-1.296907,0.661306,0.0859,-0.472193,0.84881,-0.194742,-1.509168,0.63971,0.054673,-0.28324,0.8751,-0.252541,-1.879949,0.634661
261,0.147071,-0.640747,0.795872,-0.153463,-1.182631,0.636337,0.129528,-0.584065,0.809168,-0.158423,-1.316622,0.657203,0.105945,-0.465499,0.823713,-0.177567,-1.509453,0.643738,0.056604,-0.284865,0.871898,-0.218315,-1.895889,0.641223
262,0.147269,-0.651239,0.783859,-0.109981,-1.193513,0.624464,0.141383,-0.588186,0.802406,-0.109755,-1.317683,0.639998,0.1158,-0.478543,0.808519,-0.11486,-1.546366,0.638731,0.068278,-0.293046,0.861544,-0.178839,-1.928292,0.607846
263,0.173156,-0.660128,0.764468,-0.092837,-1.204749,0.632431,0.148779,-0.591388,0.778921,-0.083226,-1.368239,0.622028,0.122088,-0.4898,0.801705,-0.09962,-1.57247,0.625981,0.070142,-0.280746,0.831764,-0.122229,-1.936947,0.640801
264,0.187138,-0.661962,0.744425,-0.048431,-1.236799,0.600783,0.159756,-0.586872,0.767843,-0.062771,-1.351597,0.619697,0.131288,-0.482608,0.768295,-0.064667,-1.586485,0.610559,0.081793,-0.295209,0.817088,-0.090414,-1.962113,0.618564
265,0.196792,-0.666265,0.748517,-0.025592,-1.247117,0.629486,0.165766,-0.598381,0.751378,-0.032034,-1.367273,0.614208,0.14094,-0.486602,0.776526,-0.029392,-1.580087,0.590476,0.083275,-0.292596,0.805825,-0.017777,-2.002291,0.629301
266,0.198884,-0.651907,0.729676,-5e-05,-1.259013,0.604315,0.180428,-0.593283,0.741199,0.002403,-1.40272,0.612104,0.153182,-0.489731,0.752199,0.005405,-1.614515,0.587807,0.08334,-0.299003,0.783304,-0.000409,-2.018913,0.588248
267,0.215931,-0.664949,0.711357,0.034603,-1.252582,0.589733,0.192147,-0.605843,0.727682,0.034954,-1.416568,0.605462,0.157514,-0.490495,0.74974,0.046632,-1.632336,0.611393,0.095814,-0.294961,0.766858,0.055722,-2.039762,0.582006
268,0.226446,-0.672055,0.696882,0.067815,-1.270776,0.587079,0.195766,-0.608585,0.705581,0.053143,-1.420839,0.608213,0.177349,-0.500435,0.720656,0.073567,-1.648029,0.593089,0.09426,-0.291756,0.751502,0.088634,-2.050949,0.587099
269,0.232179,-0.679439,0.68588,0.087405,-1.294434,0.568224,0.210681,-0.609403,0.682895,0.094657,-1.442606,0.573126,0.181189,-0.499481,0.708358,0.095343,-1.663615,0.599783,0.095262,-0.294153,0.736133,0.125807,-2.080503,0.586079
270,0.246918,-0.669334,0.660982,0.107003,-1.2981,0.575545,0.227877,-0.609866,0.685787,0.118874,-1.437737,0.589712,0.187841,-0.497572,0.686501,0.149827,-1.674251,0.579691,0.102661,-0.298108,0.718105,0.183795,-2.103635,0.578893
271,0.259839,-0.674813,0.644423,0.132193,-1.31963,0.559114,0.230283,-0.605502,0.649883,0.150648,-1.458203,0.561446,0.194777,-0.493693,0.672201,0.179619,-1.707213,0.56081,0.118063,-0.292736,0.701346,0.223684,-2.108965,0.565952
272,0.272427,-0.675382,0.630806,0.168423,-1.315693,0.548462,0.257561,-0.607714,0.639471,0.177628,-1.472171,0.567037,0.195056,-0.503959,0.654564,0.205178,-1.727772,0.561414,0.122923,-0.308916,0.681766,0.258176,-2.132074,0.562265
273,0.288967,-0.672114,0.613297,0.180676,-1.341942,0.544074,0.254768,-0.603413,0.623817,0.226398,-1.502547,0.519699,0.211136,-0.495185,0.642618,0.254175,-1.729998,0.546124,0.125243,-0.303047,0.664446,0.302342,-2.15183,0.546653
274,0.292608,-0.694122,0.596854,0.203422,-1.342819,0.551345,0.273107,-0.604049,0.603198,0.238439,-1.500327,0.552268,0.207177,-0.498852,0.624577,0.301588,-1.736329,0.527412,0.136648,-0.300085,0.646303,0.359836,-2.154659,0.545603
275,0.308463,-0.676621,0.5843,0.249517,-1.358265,0.547399,0.277358,-0.613058,0.589354,0.279332,-1.515321,0.538725,0.221314,-0.514219,0.608202,0.304745,-1.738979,0.52848,0.131925,-0.302729,0.628242,0.381756,-2.167581,0.537887
276,0.311173,-0.681499,0.561151,0.287085,-1.377798,0.5198,0.290987,-0.61049,0.574841,0.299255,-1.523092,0.520605,0.242947,-0.508646,0.586479,0.363125,-1.763252,0.527558,0.138937,-0.299915,0.608717,0.438695,-2.185874,0.541447
277,0.335023,-0.683441,0.551495,0.302163,-1.35754,0.51688,0.291638,-0.612821,0.56965,0.334786,-1.528837,0.522282,0.244159,-0.506702,0.566183,0.39137,-1.799186,0.509369,0.152043,-0.299569,0.591321,0.485309,-2.210091,0.523084
278,0.336288,-0.678036,0.532135,0.330772,-1.387782,0.527999,0.30585,-0.604528,0.534796,0.362017,-1.53802,0.506999,0.258412,-0.50303,0.544134,0.419403,-1.78834,0.512318,0.154281,-0.304507,0.578569,0.535075,-2.229741,0.506941
279,0.356782,-0.681767,0.517654,0.357424,-1.389382,0.513835,0.319074,-0.607738,0.519033,0.397613,-1.541599,0.517216,0.257147,-0.496219,0.53156,0.460529,-1.794811,0.497833,0.157773,-0.300584,0.563078,0.565145,-2.241953,0.516468
280,0.36942,-0.679028,0.488067,0.38881,-1.38745,0.496251,0.325251,-0.608461,0.496382,0.4302,-1.553919,0.517178,0.271983,-0.498874,0.519774,0.496181,-1.825704,0.496404,0.151324,-0.296124,0.532419,0.632069,-2.247968,0.462243
281,0.371995,-0.683216,0.473068,0.425634,-1.385754,0.496135,0.349099,-0.614175,0.480078,0.467745,-1.556278,0.481435,0.278276,-0.507043,0.504639,0.535723,-1.816435,0.49094,0.170484,-0.300871,0.521026,0.665019,-2.270376,0.475285
282,0.389294,-0.68295,0.459629,0.423581,-1.40343,0.490743,0.34834,-0.609241,0.463948,0.474438,-1.563243,0.473329,0.285817,-0.494906,0.473507,0.565185,-1.813566,0.464849,0.174781,-0.305461,0.495333,0.707285,-2.291155,0.48904
283,0.394437,-0.687157,0.443831,0.465262,-1.411913,0.48138,0.36037,-0.600876,0.451717,0.492476,-1.545203,0.446547,0.289544,-0.496778,0.464113,0.592141,-1.818347,0.469743,0.177878,-0.303083,0.473998,0.739082,-2.303835,0.472847
284,0.413072,-0.684431,0.412995,0.489604,-1.422703,0.443891,0.373218,-0.612833,0.427241,0.535594,-1.58789,0.446561,0.309819,-0.497268,0.440012,0.619944,-1.826194,0.459518,0.18738,-0.289546,0.458587,0.780623,-2.292435,0.455749
285,0.417114,-0.680111,0.396517,0.501035,-1.417802,0.435718,0.365373,-0.605094,0.417541,0.551117,-1.573581,0.440812,0.307684,-0.489615,0.425767,0.666197,-1.838713,0.428331,0.180633,-0.302475,0.434558,0.821831,-2.305612,0.419401
286,0.427792,-0.668123,0.391193,0.528352,-1.448686,0.434723,0.371672,-0.606504,0.388899,0.602111,-1.599879,0.442144,0.32079,-0.490495,0.396195,0.693879,-1.844226,0.424583,0.191691,-0.295282,0.408141,0.864335,-2.298399,0.421827
287,0.441758,-0.670611,0.372092,0.559576,-1.434016,0.410822,0.390919,-0.603304,0.376848,0.644437,-1.588904,0.423638,0.32591,-0.496912,0.381665,0.712372,-1.87093,0.414555,0.202913,-0.297598,0.398648,0.921098,-2.31233,0.427412
288,0.446228,-0.672273,0.354933,0.591188,-1.436898,0.435836,0.397852,-0.605454,0.355828,0.637211,-1.611903,0.415229,0.323669,-0.48984,0.359013,0.74404,-1.840172,0.41667,0.190156,-0.291344,0.376988,0.915983,-2.334937,0.397984
289,0.460253,-0.672036,0.331412,0.617613,-1.434816,0.421586,0.403841,-0.597359,0.337851,0.672884,-1.595871,0.39824,0.327292,-0.49286,0.337615,0.792379,-1.871494,0.398568,0.201871,-0.301803,0.349423,0.970946,-2.314689,0.38456
290,0.470016,-0.666268,0.309617,0.628815,-1.453375,0.386781,0.412913,-0.595207,0.316466,0.70555,-1.591531,0.40025,0.349663,-0.485275,0.322494,0.807109,-1.868094,0.401702,0.19929,-0.29183,0.336078,1.029148,-2.32644,0.401781
291,0.47622,-0.65694,0.290501,0.656442,-1.446843,0.362945,0.423239,-0.588224,0.292823,0.732987,-1.594635,0.381043,0.345712,-0.488306,0.305382,0.84318,-1.864785,0.393188,0.208199,-0.288824,0.316716,1.060712,-2.324285,0.382112
292,0.480075,-0.647723,0.27291,0.687303,-1.444851,0.358788,0.440573,-0.590604,0.283082,0.753336,-1.597153,0.348385,0.352157,-0.481641,0.282427,0.883558,-1.8684,0.374071,0.213489,-0.283057,0.294444,1.093248,-2.349148,0.365026
293,0.502539,-0.651284,0.250559,0.69941,-1.43343,0.346016,0.449711,-0.584331,0.260812,0.787866,-1.604546,0.370626,0.363228,-0.476183,0.262273,0.903323,-1.878999,0.349374,0.225664,-0.284593,0.275384,1.158047,-2.330334,0.369286
294,0.5024,-0.646337,0.22852,0.706572,-1.434194,0.325407,0.455918,-0.586472,0.235514,0.808165,-1.599615,0.337071,0.372278,-0.473252,0.234393,0.926052,-1.855149,0.354172,0.220548,-0.290912,0.242652,1.183751,-2.321366,0.343596
295,0.505026,-0.64889,0.206147,0.758031,-1.453095,0.325823,0.460902,-0.575119,0.216395,0.838557,-1.585388,0.345528,0.376074,-0.474179,0.219455,0.972211,-1.852927,0.33538,0.237704,-0.295717,0.236468,1.218539,-2.320177,0.32984
296,0.524272,-0.644935,0.197919,0.765943,-1.452002,0.3125,0.458113,-0.579094,0.18965,0.875766,-1.610284,0.315142,0.37683,-0.469925,0.195935,0.996713,-1.860226,0.329293,0.23345,-0.285635,0.221222,1.256588,-2.325656,0.320598
297,0.524796,-0.632692,0.177973,0.778168,-1.417687,0.313522,0.472428,-0.572736,0.172758,0.889914,-1.622846,0.309176,0.386794,-0.462317,0.184083,1.030025,-1.886545,0.315741,0.231244,-0.283624,0.188402,1.289238,-2.316367,0.301737
298,0.525759,-0.62894,0.15706,0.82439,-1.432837,0.310314,0.480678,-0.569825,0.149369,0.897311,-1.611476,0.302,0.393276,-0.458558,0.160487,1.050939,-1.862146,0.320255,0.234843,-0.28548,0.166844,1.317025,-2.336524,0.304347
299,0.554046,-0.622077,0.130309,0.860171,-1.437353,0.306139,0.48978,-0.563946,0.1354,0.94362,-1.616714,0.278415,0.401989,-0.461519,0.137719,1.08341,-1.863294,0.281418,0.23916,-0.279238,0.136503,1.360117,-2.317106,0.286617
300,0.551491,-0.622543,0.108954,0.872706,-1.439543,0.283009,0.491819,-0.563698,0.103883,0.960987,-1.606132,0.270422,0.407632,-0.460105,0.123058,1.123286,-1.845784,0.280537,0.23373,-0.269969,0.116076,1.419068,-2.301874,0.279007
301,0.563771,-0.613693,0.094613,0.877409,-1.434947,0.262443,0.501601,-0.553995,0.098359,0.991638,-1.576168,0.2686,0.410767,-0.458001,0.099168,1.141901,-1.860082,0.256114,0.241686,-0.265819,0.090084,1.446814,-2.323889,0.281462
302,0.563093,-0.614782,0.069356,0.903637,-1.429111,0.249088,0.506398,-0.556624,0.072721,1.005322,-1.601317,0.265698,0.410991,-0.458132,0.073744,1.165532,-1.848982,0.252533,0.251374,-0.273156,0.070674,1.477642,-2.294326,0.238963
303,0.582583,-0.617309,0.046685,0.931769,-1.410196,0.242504,0.515921,-0.535379,0.056386,1.03904,-1.570215,0.23743,0.417822,-0.446521,0.051551,1.184944,-1.832875,0.245908,0.248708,-0.263585,0.052468,1.491873,-2.275349,0.239953
304,0.584954,-0.603068,0.029278,0.945488,-1.412026,0.223743,0.516161,-0.542118,0.039124,1.058263,-1.573521,0.210552,0.42929,-0.43662,0.033237,1.228608,-1.802405,0.238279,0.254059,-0.258184,0.035683,1.5484,-2.285206,0.210742
305,0.590264,-0.595213,0.015105,0.974329,-1.405583,0.195173,0.527263,-0.534208,0.01995,1.088986,-1.56082,0.210704,0.428374,-0.432756,0.012344,1.263059,-1.800147,0.232717,0.262812,-0.256394,0.016614,1.581702,-2.288027,0.229301
306,0.590981,-0.589951,-0.011065,0.980792,-1.374823,0.193692,0.526921,-0.528259,-0.015429,1.0769,-1.567366,0.197157,0.431187,-0.432366,-0.005107,1.285418,-1.794202,0.208811,0.265217,-0.253131,-0.008848,1.589825,-2.2697,0.22286
307,0.605153,-0.586267,-0.026048,1.018306,-1.409611,0.192011,0.536018,-0.518634,-0.03653,1.127295,-1.554372,0.182635,0.442556,-0.426103,-0.032438,1.30162,-1.800081,0.182709,0.264192,-0.262231,-0.027067,1.612469,-2.250354,0.186528
308,0.614446,-0.574386,-0.046085,1.03473,-1.40725,0.173634,0.540651,-0.509845,-0.053676,1.151621,-1.550217,0.188175,0.450206,-0.424138,-0.046014,1.324541,-1.799787,0.176616,0.265345,-0.26211,-0.057339,1.680871,-2.25733,0.188863
309,0.610375,-0.573083,-0.073701,1.04024,-1.389775,0.175035,0.54822,-0.505196,-0.066077,1.162964,-1.528783,0.160375,0.446808,-0.404593,-0.06617,1.35935,-1.802219,0.165672,0.277119,-0.251805,-0.074463,1.68746,-2.24121,0.175242
310,0.615159,-0.557301,-0.093988,1.05701,-1.37165,0.156192,0.556718,-0.509573,-0.098266,1.185671,-1.552269,0.142426,0.449983,-0.408182,-0.096212,1.381496,-1.788392,0.15166,0.270515,-0.247788,-0.098493,1.71243,-2.238473,0.145085
311,0.614032,-0.548954,-0.116852,1.108837,-1.363804,0.138343,0.554867,-0.495109,-0.105028,1.207833,-1.52883,0.110677,0.45045,-0.398779,-0.109891,1.388528,-1.763165,0.125217,0.27729,-0.25034,-0.119912,1.744319,-2.20531,0.153553
312,0.628426,-0.541555,-0.137076,1.113154,-1.364258,0.107271,0.557846,-0.495514,-0.136907,1.225544,-1.540082,0.129555,0.46638,-0.403947,-0.142588,1.418082,-1.762222,0.109107,0.274377,-0.233048,-0.136787,1.776489,-2.210921,0.130725
313,0.640272,-0.539104,-0.148298,1.111544,-1.355102,0.111351,0.566005,-0.480982,-0.156689,1.250955,-1.502605,0.106854,0.467591,-0.395228,-0.152946,1.437629,-1.744958,0.105467,0.284313,-0.236557,-0.167577,1.828839,-2.189923,0.12497
314,0.639512,-0.530884,-0.172995,1.138924,-1.319754,0.084793,0.574511,-0.47392,-0.177593,1.266771,-1.504688,0.093665,0.471837,-0.389242,-0.180158,1.496324,-1.735506,0.113622,0.27923,-0.22786,-0.19307,1.834756,-2.162328,0.095209
315,0.644572,-0.524892,-0.196669,1.132392,-1.328432,0.077492,0.575124,-0.459822,-0.189406,1.283232,-1.477637,0.098922,0.464679,-0.389585,-0.195586,1.482083,-1.697893,0.074408,0.280971,-0.224227,-0.197059,1.853949,-2.137616,0.086437
316,0.652982,-0.514076,-0.211546,1.155209,-1.314282,0.08393,0.573447,-0.469599,-0.216954,1.296479,-1.454575,0.074398,0.478859,-0.372017,-0.223418,1.513444,-1.702127,0.068559,0.280746,-0.233117,-0.230157,1.893719,-2.136311,0.084059
317,0.654051,-0.501755,-0.224433,1.18703,-1.312001,0.053526,0.571251,-0.456235,-0.236581,1.3018,-1.452017,0.052686,0.480306,-0.36523,-0.237409,1.54741,-1.675449,0.053821,0.287711,-0.211594,-0.252353,1.919674,-2.111816,0.04935
318,0.654085,-0.493112,-0.254502,1.210997,-1.296524,0.036039,0.58052,-0.439963,-0.251389,1.33613,-1.433446,0.06657,0.479391,-0.359937,-0.261806,1.552289,-1.686274,0.042712,0.293173,-0.218776,-0.269068,1.926688,-2.097507,0.063206
319,0.651674,-0.478405,-0.267452,1.218247,-1.28802,0.022546,0.584263,-0.433659,-0.266579,1.352737,-1.439088,0.025688,0.485415,-0.358365,-0.281842,1.562077,-1.651104,0.049803,0.288689,-0.204486,-0.297932,1.947817,-2.072112,0.030843
320,0.659002,-0.480156,-0.294539,1.225951,-1.271537,0.016744,0.589379,-0.425968,-0.289321,1.362787,-1.41182,-0.003651,0.489178,-0.352127,-0.299432,1.570122,-1.651714,0.025461,0.298126,-0.213505,-0.31213,1.999764,-2.048798,0.017023
321,0.668895,-0.472655,-0.302612,1.248066,-1.260276,-0.000615,0.592716,-0.422868,-0.317613,1.398827,-1.40702,0.002122,0.484446,-0.342837,-0.324521,1.614231,-1.611672,0.013765,0.293273,-0.205158,-0.329331,1.99413,-2.034481,-0.001887
322,0.667325,-0.456933,-0.324904,1.262176,-1.240441,-0.013981,0.599673,-0.405411,-0.336841,1.396311,-1.374015,-0.018807,0.500144,-0.337813,-0.339719,1.630907,-1.589823,-0.013475,0.292885,-0.207327,-0.354475,2.015911,-2.005057,-0.002689
323,0.662612,-0.450406,-0.343634,1.276578,-1.250426,-0.028176,0.596277,-0.412363,-0.337663,1.434468,-1.387732,-0.007445,0.484285,-0.332139,-0.365349,1.634094,-1.572574,-0.014915,0.28457,-0.196332,-0.37535,2.032773,-1.995403,-0.006145
324,0.669455,-0.438398,-0.365787,1.282582,-1.208108,-0.031417,0.604423,-0.396203,-0.370727,1.417756,-1.351067,-0.02901,0.501249,-0.3145,-0.378938,1.649596,-1.57038,-0.030457,0.304471,-0.195891,-0.397683,2.071299,-1.981067,-0.032049
325,0.674995,-0.429693,-0.389278,1.296209,-1.211899,-0.030862,0.604642,-0.389625,-0.391026,1.440301,-1.335366,-0.048917,0.489938,-0.311751,-0.390654,1.653677,-1.562493,-0.04025,0.298098,-0.190429,-0.417053,2.100304,-1.940171,-0.05362
326,0.670593,-0.418481,-0.405371,1.316318,-1.186199,-0.054145,0.611297,-0.372515,-0.41197,1.451428,-1.318488,-0.056095,0.503288,-0.303524,-0.417691,1.68646,-1.521882,-0.047655,0.304018,-0.184973,-0.433649,2.110018,-1.906671,-0.059264
327,0.673379,-0.406267,-0.417844,1.324992,-1.164081,-0.096482,0.601272,-0.365134,-0.427544,1.448671,-1.296817,-0.07052,0.494102,-0.306193,-0.439427,1.713396,-1.525653,-0.083698,0.30123,-0.183628,-0.452515,2.130836,-1.87374,-0.065829
328,0.676968,-0.397586,-0.444645,1.337775,-1.1322,-0.08288,0.602315,-0.364666,-0.443427,1.468732,-1.303255,-0.081181,0.495302,-0.28613,-0.453288,1.708358,-1.482292,-0.103562,0.29493,-0.175638,-0.483013,2.128912,-1.873285,-0.090872
329,0.676524,-0.390673,-0.46565,1.333391,-1.144657,-0.088409,0.609661,-0.354108,-0.465308,1.494887,-1.265904,-0.099479,0.503564,-0.285569,-0.470311,1.7428,-1.460085,-0.105176,0.291295,-0.17159,-0.487216,2.160902,-1.837023,-0.089195
330,0.681,-0.378649,-0.474482,1.343367,-1.118208,-0.128657,0.605567,-0.34166,-0.476995,1.504636,-1.249396,-0.115306,0.502072,-0.276684,-0.49423,1.746409,-1.444302,-0.104861,0.302316,-0.160894,-0.517641,2.182261,-1.801824,-0.104594
331,0.677907,-0.372053,-0.496258,1.361524,-1.113843,-0.132897,0.616946,-0.322743,-0.498403,1.506705,-1.205535,-0.126453,0.503678,-0.271633,-0.502226,1.739075,-1.404933,-0.128067,0.302148,-0.160796,-0.533051,2.20194,-1.794079,-0.12628
332,0.683741,-0.346186,-0.51689,1.372901,-1.075431,-0.151083,0.61449,-0.317689,-0.516207,1.538279,-1.197975,-0.139358,0.502487,-0.255666,-0.532163,1.778382,-1.408299,-0.141444,0.303114,-0.162601,-0.555986,2.197943,-1.756472,-0.130203
333,0.680121,-0.358165,-0.533351,1.368075,-1.070559,-0.132262,0.610344,-0.310121,-0.542607,1.540889,-1.166769,-0.140928,0.487846,-0.250191,-0.554495,1.774904,-1.383266,-0.153847,0.306559,-0.154504,-0.572317,2.246271,-1.712774,-0.170743
334,0.691072,-0.332129,-0.535206,1.383408,-1.048979,-0.15776,0.619766,-0.284758,-0.549074,1.549345,-1.161578,-0.162613,0.499671,-0.24349,-0.569845,1.787064,-1.350113,-0.157095,0.299703,-0.141952,-0.58039,2.240601,-1.692147,-0.16467
335,0.679786,-0.321984,-0.562855,1.390236,-1.037129,-0.177088,0.609798,-0.284365,-0.573313,1.546576,-1.139281,-0.171753,0.499824,-0.237312,-0.573184,1.810196,-1.334093,-0.172561,0.301396,-0.148694,-0.600263,2.244564,-1.652424,-0.180616
336,0.683849,-0.316313,-0.581338,1.406891,-1.009819,-0.18511,0.614423,-0.276775,-0.587199,1.561689,-1.122559,-0.182408,0.495817,-0.229121,-0.596319,1.797548,-1.311246,-0.187421,0.312755,-0.14321,-0.628406,2.2506,-1.630593,-0.174247
337,0.683998,-0.297351,-0.595116,1.403226,-0.986588,-0.205173,0.612282,-0.26393,-0.608754,1.555753,-1.092353,-0.204184,0.498727,-0.213857,-0.613616,1.817416,-1.284949,-0.207747,0.292966,-0.13162,-0.644521,2.260952,-1.592287,-0.198527
338,0.67433,-0.279726,-0.611873,1.402794,-0.976154,-0.205216,0.609925,-0.249857,-0.616694,1.578897,-1.081445,-0.206403,0.497751,-0.205039,-0.639862,1.824036,-1.254003,-0.206647,0.297062,-0.126655,-0.658596,2.270929,-1.579183,-0.224845
339,0.678152,-0.272931,-0.625965,1.420443,-0.940152,-0.227211,0.610555,-0.246157,-0.643236,1.556674,-1.060482,-0.231648,0.502354,-0.196317,-0.650313,1.83634,-1.224739,-0.229161,0.295405,-0.129041,-0.68063,2.306205,-1.529192,-0.220547
340,0.677173,-0.26077,-0.647317,1.439114,-0.920472,-0.234149,0.610873,-0.240392,-0.652726,1.588059,-1.023067,-0.24471,0.501992,-0.191167,-0.668497,1.82312,-1.187124,-0.235628,0.30316,-0.105754,-0.697165,2.301684,-1.508409,-0.232702
341,0.668401,-0.254059,-0.65641,1.430775,-0.907637,-0.259574,0.607745,-0.223178,-0.672051,1.608964,-1.005517,-0.245955,0.497037,-0.174588,-0.688565,1.847529,-1.185414,-0.245489,0.302472,-0.120735,-0.711056,2.293679,-1.446095,-0.253124
342,0.683114,-0.239849,-0.679647,1.422897,-0.881604,-0.270979,0.59751,-0.204581,-0.679065,1.589899,-0.98469,-0.255637,0.494914,-0.174543,-0.700758,1.85523,-1.14745,-0.288544,0.295934,-0.100938,-0.72651,2.312821,-1.443948,-0.270445
343,0.676288,-0.227856,-0.684921,1.433348,-0.860819,-0.269961,0.594371,-0.201106,-0.712817,1.606151,-0.986778,-0.274805,0.484697,-0.169657,-0.726006,1.857816,-1.124493,-0.284403,0.298662,-0.104379,-0.747889,2.305799,-1.375411,-0.271334
344,0.669288,-0.214847,-0.707972,1.431096,-0.831679,-0.284872,0.596164,-0.192034,-0.721445,1.590504,-0.920746,-0.274762,0.494883,-0.161191,-0.732067,1.852535,-1.092621,-0.293876,0.294567,-0.09276,-0.759375,2.302403,-1.373703,-0.284249
345,0.662416,-0.193812,-0.723201,1.438087,-0.823736,-0.30353,0.593666,-0.18435,-0.745986,1.594191,-0.909377,-0.288714,0.488469,-0.138295,-0.75709,1.861087,-1.050798,-0.296054,0.293521,-0.092315,-0.784638,2.323154,-1.331521,-0.307485
346,0.662545,-0.18561,-0.744665,1.43635,-0.797663,-0.323171,0.598335,-0.175562,-0.760746,1.60931,-0.880309,-0.31997,0.483984,-0.148313,-0.774151,1.864975,-1.012775,-0.313507,0.287925,-0.079699,-0.800116,2.323876,-1.279432,-0.313332
347,0.653479,-0.171045,-0.76546,1.43102,-0.770842,-0.343384,0.59114,-0.166131,-0.763572,1.59522,-0.860402,-0.335139,0.486146,-0.136132,-0.779446,1.853273,-0.996236,-0.326807,0.292137,-0.084975,-0.810371,2.323013,-1.244825,-0.31903
348,0.652879,-0.165583,-0.766949,1.438257,-0.745889,-0.328615,0.589747,-0.143174,-0.776154,1.617402,-0.837521,-0.351555,0.482103,-0.122726,-0.796422,1.863115,-0.968763,-0.356926,0.290956,-0.074099,-0.823337,2.325355,-1.22112,-0.332991
349,0.656489,-0.148101,-0.776975,1.440363,-0.720944,-0.339664,0.58099,-0.150007,-0.796125,1.605678,-0.811764,-0.347486,0.480334,-0.109254,-0.807078,1.880337,-0.944293,-0.34613,0.285391,-0.070313,-0.843559,2.331588,-1.173137,-0.337865
350,0.647705,-0.142882,-0.793694,1.445541,-0.708594,-0.353358,0.58026,-0.123838,-0.813325,1.605631,-0.775767,-0.354283,0.480343,-0.102151,-0.825167,1.880763,-0.917288,-0.347252,0.291709,-0.071394,-0.861455,2.322216,-1.142558,-0.371344
351,0.647856,-0.1251,-0.805728,1.44939,-0.667824,-0.366077,0.581007,-0.117627,-0.81745,1.61492,-0.763842,-0.357413,0.465223,-0.092916,-0.837852,1.861639,-0.891754,-0.382298,0.289913,-0.055374,-0.870161,2.332267,-1.101306,-0.355884
352,0.639849,-0.108586,-0.819669,1.442868,-0.650317,-0.380371,0.578423,-0.098398,-0.836627,1.608617,-0.742074,-0.362885,0.476298,-0.086646,-0.855038,1.86933,-0.845126,-0.389613,0.279108,-0.052894,-0.884744,2.331265,-1.062791,-0.363983
353,0.638143,-0.111384,-0.827977,1.427385,-0.614672,-0.401931,0.556881,-0.093328,-0.859992,1.586457,-0.705931,-0.395991,0.466621,-0.072577,-0.863868,1.848871,-0.814507,-0.391411,0.288447,-0.045275,-0.895649,2.329545,-1.009448,-0.398569
354,0.621902,-0.085446,-0.854566,1.423426,-0.610735,-0.40255,0.575653,-0.079271,-0.858007,1.600269,-0.682085,-0.406706,0.451961,-0.070009,-0.878403,1.844453,-0.779562,-0.40699,0.276043,-0.039073,-0.915756,2.320013,-0.975828,-0.411663
355,0.633358,-0.087567,-0.868243,1.432261,-0.593921,-0.391172,0.56503,-0.064286,-0.874137,1.599393,-0.638856,-0.442261,0.463493,-0.05568,-0.889807,1.869176,-0.771941,-0.419839,0.268506,-0.03646,-0.92925,2.322717,-0.947408,-0.392766
356,0.621441,-0.069995,-0.870348,1.425518,-0.541674,-0.403842,0.56377,-0.053502,-0.883859,1.580966,-0.603962,-0.426156,0.455424,-0.041337,-0.904759,1.859988,-0.719058,-0.428063,0.278348,-0.030247,-0.932675,2.287807,-0.903797,-0.436132
357,0.620644,-0.050972,-0.871531,1.436107,-0.51137,-0.44084,0.555252,-0.043401,-0.899725,1.579246,-0.585682,-0.447819,0.450339,-0.033033,-0.909009,1.848535,-0.687449,-0.429025,0.274303,-0.010877,-0.950426,2.306176,-0.876042,-0.448632
358,0.610255,-0.04569,-0.897304,1.414547,-0.519114,-0.446395,0.545108,-0.034528,-0.915264,1.56901,-0.573586,-0.447534,0.449013,-0.029438,-0.922686,1.853089,-0.662752,-0.456683,0.272312,-0.013517,-0.965344,2.3242,-0.814844,-0.450713
359,0.600896,-0.026114,-0.910389,1.417608,-0.499171,-0.442314,0.541361,-0.019313,-0.920773,1.556108,-0.534569,-0.464442,0.451135,-0.023064,-0.94118,1.837864,-0.6122,-0.449011,0.270943,-0.008646,-0.974014,2.288119,-0.784096,-0.458992
360,0.595424,-0.008494,-0.919881,1.400904,-0.451503,-0.462268,0.540128,-0.010379,-0.928618,1.560126,-0.499322,-0.458114,0.434045,-0.015296,-0.946241,1.814167,-0.59329,-0.441396,0.269252,-0.003493,-0.989007,2.281375,-0.736611,-0.446169
361,0.59093,-0.007115,-0.924991,1.385246,-0.412105,-0.477906,0.538111,0.006637,-0.936339,1.560698,-0.475951,-0.470301,0.440415,0.001075,-0.957724,1.799752,-0.561123,-0.467947,0.259732,-0.006548,-0.9911,2.280706,-0.699487,-0.459664
362,0.583128,0.016254,-0.936393,1.388934,-0.386393,-0.488094,0.533331,0.014875,-0.944948,1.54424,-0.450123,-0.481498,0.437344,0.006786,-0.959673,1.807732,-0.530159,-0.487003,0.259802,0.002619,-1.016535,2.272114,-0.667395,-0.487869
363,0.574753,0.026853,-0.952919,1.386462,-0.375036,-0.494288,0.515629,0.018229,-0.957821,1.541524,-0.432368,-0.499301,0.415052,0.020985,-0.975333,1.789544,-0.475343,-0.488943,0.247436,0.013994,-1.024887,2.242768,-0.595042,-0.48745
364,0.565612,0.030472,-0.949268,1.393457,-0.328547,-0.504717,0.521782,0.038919,-0.969195,1.546897,-0.390442,-0.506711,0.409483,0.030838,-0.989014,1.788507,-0.450678,-0.497106,0.252464,0.011027,-1.031451,2.224728,-0.566631,-0.517422
365,0.554342,0.057218,-0.972296,1.379909,-0.329403,-0.51002,0.509089,0.047906,-0.974878,1.532925,-0.360438,-0.502451,0.411616,0.037224,-1.005091,1.792018,-0.418472,-0.510808,0.247765,0.018339,-1.045429,2.213274,-0.524469,-0.519525
366,0.556979,0.061667,-0.970656,1.384761,-0.294328,-0.517585,0.496011,0.051765,-0.984827,1.533686,-0.31611,-0.523042,0.412002,0.051027,-1.016746,1.786791,-0.391589,-0.51687,0.245813,0.026974,-1.054934,2.218146,-0.488923,-0.517357
367,0.552625,0.084317,-0.982505,1.37251,-0.274527,-0.525652,0.49717,0.08037,-0.99056,1.522793,-0.297944,-0.529325,0.40638,0.057046,-1.023746,1.74999,-0.352912,-0.534596,0.237121,0.035577,-1.057319,2.202745,-0.433336,-0.541913
368,0.545404,0.082454,-0.982079,1.352826,-0.238153,-0.536157,0.475785,0.07611,-1.004162,1.525749,-0.281412,-0.549426,0.399194,0.061592,-1.027269,1.742262,-0.322451,-0.535382,0.231907,0.040833,-1.063922,2.18891,-0.386393,-0.538946
369,0.530648,0.101843,-0.983927,1.347704,-0.206199,-0.542434,0.475927,0.083781,-1.003387,1.498085,-0.23726,-0.552538,0.397079,0.068049,-1.026168,1.757195,-0.280982,-0.557601,0.240576,0.041101,-1.072818,2.169602,-0.352313,-0.550386
370,0.517068,0.113936,-1.00692,1.327577,-0.191476,-0.557387,0.47491,0.099581,-1.021902,1.496185,-0.212212,-0.560576,0.390204,0.08447,-1.040284,1.712811,-0.248021,-0.537954,0.229304,0.054089,-1.084844,2.155869,-0.303049,-0.524064
371,0.521381,0.126776,-1.00883,1.321118,-0.154078,-0.556927,0.469031,0.110464,-1.032409,1.468523,-0.191249,-0.570107,0.374581,0.088865,-1.048237,1.722902,-0.232807,-0.552804,0.228074,0.047395,-1.086208,2.140019,-0.268297,-0.548326
372,0.508032,0.136513,-1.013323,1.312391,-0.152348,-0.557787,0.449955,0.122023,-1.034826,1.469138,-0.152923,-0.55495,0.369924,0.10374,-1.047329,1.681426,-0.161348,-0.564997,0.227802,0.053921,-1.099102,2.145422,-0.242606,-0.56829
373,0.497495,0.144482,-1.025401,1.317271,-0.098525,-0.578129,0.447493,0.133645,-1.034944,1.453011,-0.121957,-0.580078,0.365998,0.108487,-1.053882,1.663779,-0.14521,-0.564787,0.221457,0.078531,-1.111671,2.096137,-0.190615,-0.566432
374,0.489106,0.165071,-1.021012,1.308847,-0.091682,-0.571339,0.43684,0.142484,-1.048059,1.441072,-0.09592,-0.58006,0.356086,0.127422,-1.075039,1.655289,-0.0881,-0.593996,0.216042,0.076296,-1.110176,2.097097,-0.143866,-0.590934
375,0.480901,0.171547,-1.034118,1.280336,-0.06208,-0.597783,0.431856,0.15553,-1.054741,1.423602,-0.046314,-0.597251,0.347549,0.13608,-1.075588,1.643486,-0.077323,-0.586956,0.213291,0.077128,-1.111148,2.062355,-0.083272,-0.598222
376,0.474275,0.187161,-1.042138,1.271475,-0.022422,-0.601879,0.418987,0.173654,-1.05868,1.386674,-0.037163,-0.602357,0.348137,0.133006,-1.074974,1.623858,-0.016438,-0.605394,0.209121,0.081139,-1.119266,2.038393,-0.036426,-0.581722
377,0.463497,0.19755,-1.047369,1.254428,-0.0043,-0.609706,0.415383,0.184665,-1.047827,1.377613,0.007645,-0.595636,0.33587,0.151474,-1.079927,1.611969,0.007548,-0.608432,0.215838,0.074024,-1.125359,2.018142,-0.008644,-0.598674
378,0.458706,0.210305,-1.047962,1.253728,0.026094,-0.6269,0.412719,0.193734,-1.067995,1.364393,0.040373,-0.600457,0.333045,0.163241,-1.090018,1.609397,0.03341,-0.610971,0.192649,0.098113,-1.130685,2.02095,0.022946,-0.625127
379,0.454543,0.218378,-1.045772,1.200641,0.060582,-0.620713,0.398419,0.202963,-1.070052,1.355044,0.073866,-0.639001,0.330296,0.162168,-1.093193,1.588551,0.078343,-0.619879,0.196858,0.102382,-1.130448,1.979785,0.092175,-0.610461
380,0.435907,0.239897,-1.053083,1.202201,0.070362,-0.618902,0.376279,0.210867,-1.068866,1.340457,0.082457,-0.61865,0.325406,0.172516,-1.100501,1.560958,0.114846,-0.601114,0.192443,0.106146,-1.140194,1.94402,0.122055,-0.615878
381,0.418654,0.250357,-1.053145,1.190722,0.091951,-0.623794,0.377177,0.231281,-1.072643,1.327579,0.105377,-0.630793,0.302918,0.182692,-1.095796,1.531315,0.147111,-0.627768,0.193097,0.107958,-1.144792,1.927186,0.19675,-0.631753
382,0.417575,0.263693,-1.061748,1.186211,0.133386,-0.643085,0.378079,0.230614,-1.072315,1.289761,0.150521,-0.63203,0.305822,0.189017,-1.105826,1.541125,0.174789,-0.627415,0.185125,0.113968,-1.144871,1.898258,0.209905,-0.638694
383,0.40063,0.27484,-1.055783,1.164609,0.164079,-0.640358,0.362738,0.250268,-1.073979,1.293213,0.177111,-0.658887,0.290335,0.192851,-1.107353,1.498571,0.201321,-0.641104,0.183392,0.116933,-1.155509,1.878449,0.250512,-0.644687
384,0.400486,0.28608,-1.062976,1.148971,0.178883,-0.643759,0.359859,0.256076,-1.085189,1.269626,0.207025,-0.65703,0.287974,0.217481,-1.106855,1.48191,0.253416,-0.654033,0.172021,0.119271,-1.145597,1.846982,0.297034,-0.655271
385,0.379963,0.303273,-1.069101,1.136372,0.214442,-0.658472,0.33882,0.273054,-1.083716,1.255909,0.232579,-0.657709,0.279743,0.234207,-1.117884,1.466189,0.281488,-0.644306,0.165429,0.134293,-1.148135,1.838165,0.345993,-0.645818
386,0.360269,0.303064,-1.072734,1.121586,0.238108,-0.656751,0.333889,0.274649,-1.076758,1.233455,0.264606,-0.673714,0.276667,0.228355,-1.114149,1.436361,0.333394,-0.644292,0.171646,0.133591,-1.160118,1.79679,0.380446,-0.663619
387,0.368951,0.319756,-1.065594,1.082517,0.26823,-0.676594,0.323414,0.294635,-1.085639,1.221078,0.288003,-0.653715,0.265911,0.233391,-1.101947,1.400857,0.349697,-0.672845,0.161896,0.139867,-1.157599,1.757998,0.440311,-0.658
388,0.3456,0.335175,-1.064463,1.085641,0.301801,-0.664951,0.312263,0.291918,-1.089223,1.19959,0.336591,-0.667905,0.256881,0.24271,-1.107973,1.389695,0.391613,-0.662858,0.157522,0.141368,-1.149154,1.741381,0.475272,-0.67508
389,0.340273,0.332422,-1.070125,1.06173,0.334252,-0.660311,0.310094,0.301421,-1.089953,1.157536,0.347213,-0.680382,0.251732,0.244695,-1.115212,1.348601,0.403903,-0.688969,0.137015,0.157273,-1.163125,1.695686,0.52939,-0.670372
390,0.331819,0.362144,-1.070519,1.043655,0.351591,-0.681237,0.284946,0.320658,-1.09763,1.151258,0.395851,-0.678946,0.243,0.259894,-1.11506,1.344783,0.438395,-0.653149,0.145386,0.152527,-1.158804,1.675259,0.563295,-0.677254
391,0.315091,0.367908,-1.070557,1.015527,0.35071,-0.660096,0.276967,0.332096,-1.084326,1.123795,0.418482,-0.688087,0.227631,0.267201,-1.107567,1.327535,0.484285,-0.684081,0.140269,0.166652,-1.162106,1.651405,0.614363,-0.692373
392,0.316074,0.372509,-1.069252,1.004819,0.401567,-0.681235,0.270838,0.330564,-1.087685,1.119031,0.431193,-0.673476,0.223109,0.271737,-1.102087,1.280717,0.51268,-0.685414,0.12936,0.164312,-1.151087,1.611357,0.633359,-0.682783
393,0.301968,0.38681,-1.068831,0.978819,0.41111,-0.686223,0.2637,0.341227,-1.083449,1.082184,0.490522,-0.662521,0.208478,0.293552,-1.116661,1.282684,0.551077,-0.673595,0.126746,0.178747,-1.151745,1.574745,0.694191,-0.704435
394,0.286244,0.398245,-1.06198,0.95587,0.439561,-0.683424,0.255322,0.35023,-1.07832,1.079255,0.503324,-0.68564,0.201844,0.28921,-1.105019,1.244206,0.594598,-0.685445,0.121934,0.175244,-1.142553,1.550402,0.729984,-0.688141
395,0.26767,0.408698,-1.07175,0.927066,0.492964,-0.670791,0.244191,0.361458,-1.075873,1.04223,0.538242,-0.676413,0.194956,0.304224,-1.102835,1.213592,0.59409,-0.698479,0.113463,0.183728,-1.139504,1.516738,0.775141,-0.673181
396,0.25244,0.413779,-1.064335,0.924082,0.501431,-0.714298,0.231301,0.37672,-1.072027,1.024801,0.555636,-0.70389,0.190206,0.305494,-1.097924,1.177769,0.656197,-0.676357,0.111104,0.180613,-1.150168,1.478439,0.817394,-0.683488
397,0.241844,0.429196,-1.048114,0.912426,0.547426,-0.695572,0.221002,0.380517,-1.069565,1.002907,0.593716,-0.679439,0.188403,0.306825,-1.10596,1.151686,0.691025,-0.699966,0.101963,0.184639,-1.139391,1.438971,0.856738,-0.696487
398,0.230157,0.432799,-1.055082,0.862203,0.528392,-0.678136,0.214294,0.402705,-1.074068,0.977946,0.625011,-0.691955,0.170701,0.328338,-1.088952,1.128309,0.729609,-0.696092,0.110992,0.192569,-1.142032,1.415099,0.894847,-0.705829
399,0.220563,0.439831,-1.056757,0.854698,0.57746,-0.693011,0.199934,0.404982,-1.067249,0.946899,0.665774,-0.693816,0.163803,0.332866,-1.088917,1.094236,0.752988,-0.686934,0.101384,0.202048,-1.130797,1.380136,0.949315,-0.702869
400,0.211421,0.452194,-1.047415,0.825672,0.615548,-0.709484,0.192521,0.401747,-1.064673,0.932581,0.670221,-0.681221,0.159052,0.335227,-1.096117,1.068865,0.79436,-0.694615,0.081411,0.197414,-1.134483,1.34791,0.960719,-0.69331
401,0.198281,0.462822,-1.042058,0.803054,0.628949,-0.687537,0.174664,0.411106,-1.065783,0.894803,0.693757,-0.683853,0.144037,0.337579,-1.080386,1.031958,0.817111,-0.693682,0.086936,0.216492,-1.121481,1.303018,1.014405,-0.684038
402,0.178859,0.470231,-1.0311,0.769289,0.659421,-0.693534,0.16013,0.42264,-1.062949,0.884621,0.736667,-0.705295,0.137075,0.358853,-1.080483,1.027335,0.851515,-0.707069,0.077999,0.210119,-1.127236,1.2614,1.064164,-0.680358
403,0.177862,0.485253,-1.032893,0.757142,0.661309,-0.693984,0.148908,0.439592,-1.0486,0.834253,0.750627,-0.677868,0.117787,0.354777,-1.060312,0.974953,0.883186,-0.693977,0.070782,0.219054,-1.113967,1.242747,1.102094,-0.675327
404,0.162294,0.487537,-1.025995,0.749236,0.686926,-0.694392,0.145055,0.44059,-1.047828,0.838138,0.799542,-0.707831,0.113729,0.363979,-1.064713,0.960235,0.88895,-0.696238,0.067275,0.217088,-1.112342,1.197283,1.137713,-0.705389
405,0.147407,0.500917,-1.019247,0.726122,0.728833,-0.697799,0.134616,0.444368,-1.040344,0.787429,0.811602,-0.697739,0.110973,0.367483,-1.064222,0.933762,0.960329,-0.698638,0.071088,0.221666,-1.103853,1.166862,1.182818,-0.701938
406,0.144142,0.500227,-1.019875,0.696956,0.739434,-0.699576,0.117666,0.449215,-1.033954,0.747567,0.829576,-0.70217,0.099764,0.37688,-1.058377,0.89631,0.964237,-0.689663,0.057335,0.224367,-1.093426,1.115629,1.20268,-0.716507
407,0.125247,0.519591,-1.007756,0.660202,0.775068,-0.688995,0.110513,0.463948,-1.023755,0.74919,0.844773,-0.705989,0.08803,0.375715,-1.036728,0.866937,1.002276,-0.702215,0.061648,0.23259,-1.095773,1.096635,1.235908,-0.68692
408,0.107936,0.531253,-0.994709,0.65882,0.801112,-0.683769,0.104654,0.470268,-1.014702,0.714907,0.862821,-0.704267,0.073387,0.380489,-1.041627,0.81721,1.026857,-0.711595,0.047171,0.235761,-1.081799,1.05466,1.278448,-0.692056
409,0.096668,0.538255,-0.990839,0.62621,0.812868,-0.704859,0.08502,0.4834,-1.003211,0.710093,0.898534,-0.68888,0.073423,0.392358,-1.03544,0.814431,1.045519,-0.684465,0.040559,0.237108,-1.070057,1.009827,1.307379,-0.68801
410,0.080415,0.543681,-0.989984,0.588538,0.846007,-0.695394,0.086524,0.487933,-1.002656,0.661961,0.929587,-0.678155,0.065513,0.392408,-1.035152,0.774461,1.087167,-0.700115,0.038406,0.238214,-1.064329,0.969074,1.35147,-0.694961
411,0.075836,0.551264,-0.978006,0.574308,0.86759,-0.701299,0.064169,0.492624,-0.991576,0.645296,0.967043,-0.70503,0.049963,0.400734,-1.022249,0.728481,1.117563,-0.688139,0.033319,0.244784,-1.056484,0.906329,1.386881,-0.691139
412,0.048534,0.560651,-0.968691,0.548207,0.860024,-0.687391,0.052352,0.493042,-0.977784,0.607302,0.983988,-0.695211,0.032805,0.412045,-0.999763,0.697544,1.131671,-0.678471,0.03198,0.243382,-1.055204,0.878419,1.423245,-0.696575
413,0.0497,0.570584,-0.956462,0.521541,0.888829,-0.696621,0.037414,0.500153,-0.971777,0.596485,1.016027,-0.699127,0.0325,0.413152,-0.999626,0.670641,1.174375,-0.685107,0.020669,0.244999,-1.035848,0.847825,1.458578,-0.681343
414,0.032449,0.578827,-0.95377,0.497778,0.92242,-0.674719,0.02471,0.516484,-0.959136,0.573097,1.049739,-0.697669,0.023257,0.41727,-0.97945,0.637359,1.199469,-0.676725,0.015293,0.252036,-1.019997,0.804881,1.505875,-0.675279
415,0.020644,0.585206,-0.9397,0.484007,0.932241,-0.664971,0.015076,0.518611,-0.963034,0.513896,1.060446,-0.676332,0.009712,0.418602,-0.98106,0.591531,1.226017,-0.684571,0.008595,0.25574,-1.01615,0.76915,1.531734,-0.68142
416,0.005624,0.589261,-0.936916,0.440401,0.974853,-0.678828,0.014301,0.523766,-0.951025,0.487857,1.084889,-0.687805,0.009994,0.442276,-0.972924,0.5655,1.270242,-0.687908,-0.001545,0.261976,-1.008995,0.71346,1.590454,-0.689319
417,-0.009427,0.589911,-0.924167,0.414509,0.980532,-0.680468,-0.006521,0.535526,-0.92995,0.453639,1.107842,-0.678584,0.003391,0.428465,-0.958861,0.534766,1.289922,-0.675487,-0.003175,0.269409,-0.988999,0.666904,1.588019,-0.68567
418,-0.017509,0.594256,-0.904097,0.372726,1.00632,-0.679923,-0.023252,0.537258,-0.938594,0.439328,1.113188,-0.676746,-0.015803,0.437477,-0.94521,0.522132,1.313039,-0.701033,-0.001923,0.265386,-0.995618,0.645195,1.625454,-0.685318
419,-0.028995,0.601316,-0.899432,0.358953,1.019665,-0.670183,-0.028204,0.537638,-0.916278,0.392482,1.143481,-0.688741,-0.016579,0.446962,-0.937131,0.465457,1.319353,-0.66877,-0.014803,0.27065,-0.981721,0.595657,1.657232,-0.675915
420,-0.05581,0.61162,-0.890464,0.35843,1.036012,-0.67945,-0.049105,0.55892,-0.908874,0.383289,1.154513,-0.677291,-0.030099,0.455625,-0.924799,0.438649,1.363665,-0.665523,-0.029889,0.269178,-0.96062,0.546672,1.707221,-0.65949
421,-0.050945,0.620514,-0.880677,0.33721,1.054556,-0.676565,-0.055768,0.546336,-0.892254,0.35449,1.184534,-0.663144,-0.029593,0.455122,-0.914358,0.397147,1.360224,-0.674897,-0.018261,0.262101,-0.951467,0.487871,1.71381,-0.649367
422,-0.068749,0.626774,-0.865389,0.308576,1.079487,-0.662639,-0.060381,0.553736,-0.885484,0.327918,1.199723,-0.647887,-0.055492,0.46862,-0.904899,0.371204,1.41028,-0.676265,-0.022499,0.272337,-0.93726,0.470344,1.749438,-0.658509
423,-0.083893,0.630154,-0.854751,0.25168,1.086911,-0.646536,-0.076804,0.566708,-0.864522,0.291448,1.216716,-0.653584,-0.050371,0.454178,-0.889948,0.323187,1.430221,-0.685116,-0.041474,0.280272,-0.919241,0.435621,1.767949,-0.656408
424,-0.094804,0.626972,-0.852828,0.243357,1.121556,-0.644923,-0.088961,0.574499,-0.848891,0.260001,1.242716,-0.655133,-0.069751,0.45914,-0.874933,0.287932,1.453524,-0.647733,-0.043085,0.278054,-0.909132,0.38807,1.805176,-0.646352
425,-0.100086,0.63821,-0.8266,0.200159,1.131328,-0.640495,-0.092469,0.569763,-0.843765,0.214295,1.267922,-0.643847,-0.082598,0.470767,-0.863586,0.265665,1.454706,-0.650018,-0.044049,0.270966,-0.902606,0.331564,1.841724,-0.655636
426,-0.11754,0.648587,-0.810593,0.173112,1.153976,-0.623214,-0.1095,0.566608,-0.833581,0.211058,1.278296,-0.652739,-0.090984,0.471533,-0.848693,0.244724,1.480743,-0.656838,-0.056063,0.280955,-0.885377,0.307394,1.853225,-0.647062
427,-0.142217,0.645026,-0.803626,0.15224,1.166076,-0.65178,-0.122629,0.573852,-0.821974,0.166305,1.29555,-0.651298,-0.094196,0.474162,-0.826644,0.20637,1.508358,-0.631381,-0.064053,0.284565,-0.874646,0.240868,1.890731,-0.632487
428,-0.146077,0.649547,-0.788096,0.124857,1.181057,-0.642355,-0.131911,0.583048,-0.80104,0.134596,1.343223,-0.620932,-0.110258,0.481058,-0.826262,0.157979,1.523267,-0.633422,-0.066755,0.283233,-0.856028,0.205378,1.908922,-0.635424
429,-0.153001,0.647819,-0.779888,0.104491,1.187117,-0.617058,-0.137948,0.586429,-0.793811,0.090765,1.318229,-0.634614,-0.114192,0.484452,-0.808622,0.135205,1.540432,-0.624212,-0.071214,0.295541,-0.841991,0.156637,1.914926,-0.639767
430,-0.168229,0.659064,-0.777012,0.07049,1.187813,-0.64189,-0.16058,0.58925,-0.769908,0.0684,1.355939,-0.637951,-0.131261,0.482019,-0.788829,0.0715,1.585082,-0.618474,-0.078184,0.291756,-0.8299,0.124721,1.956966,-0.617033
431,-0.183159,0.655325,-0.743851,0.034123,1.212789,-0.62731,-0.166595,0.593198,-0.76213,0.04137,1.364748,-0.618444,-0.132278,0.488714,-0.776745,0.065173,1.581619,-0.613261,-0.076687,0.29263,-0.808454,0.072751,1.990186,-0.623896
432,-0.196493,0.657684,-0.741411,0.013567,1.256414,-0.603021,-0.172395,0.591707,-0.748965,0.013314,1.360972,-0.596414,-0.144419,0.494853,-0.757848,0.009073,1.594244,-0.614123,-0.086089,0.284469,-0.799552,0.034923,1.993159,-0.603403
433,-0.206128,0.662863,-0.720094,-0.016459,1.254735,-0.600948,-0.186329,0.595851,-0.730648,-0.0159,1.39588,-0.59322,-0.155417,0.482817,-0.753997,-0.015989,1.631993,-0.606356,-0.099201,0.294593,-0.780095,-0.026267,2.027425,-0.603739
434,-0.215576,0.666424,-0.712366,-0.036608,1.290996,-0.603053,-0.187679,0.596318,-0.711386,-0.021841,1.407292,-0.599064,-0.166429,0.489897,-0.731918,-0.033545,1.640975,-0.626317,-0.095792,0.294175,-0.763412,-0.048178,2.035219,-0.608879
435,-0.22882,0.66701,-0.692949,-0.060446,1.272037,-0.568857,-0.207887,0.600075,-0.694639,-0.078164,1.422121,-0.58127,-0.168685,0.495371,-0.714581,-0.10006,1.665721,-0.591783,-0.100188,0.303234,-0.747442,-0.104462,2.045596,-0.590185
436,-0.23911,0.667845,-0.683006,-0.094424,1.276513,-0.587219,-0.22646,0.600595,-0.68197,-0.114811,1.442721,-0.56626,-0.185419,0.500743,-0.71092,-0.115589,1.671957,-0.586705,-0.108102,0.290326,-0.725938,-0.154854,2.10283,-0.590501
437,-0.246648,0.670801,-0.664179,-0.117509,1.298463,-0.580051,-0.228305,0.607968,-0.677204,-0.138118,1.436381,-0.554982,-0.193646,0.484016,-0.678024,-0.146872,1.690237,-0.593543,-0.117255,0.303282,-0.704773,-0.185808,2.10793,-0.581287
438,-0.264149,0.66787,-0.654461,-0.150757,1.321658,-0.559093,-0.230067,0.603783,-0.64833,-0.165728,1.476348,-0.570595,-0.196169,0.498691,-0.665774,-0.193561,1.704486,-0.566354,-0.116573,0.29264,-0.701391,-0.244629,2.136119,-0.55539
439,-0.282558,0.685695,-0.625881,-0.190381,1.321471,-0.562187,-0.247425,0.606117,-0.624161,-0.200186,1.468426,-0.559845,-0.200055,0.503321,-0.644591,-0.230694,1.708413,-0.554083,-0.124776,0.296021,-0.683458,-0.283638,2.140033,-0.55817
440,-0.296266,0.685797,-0.616839,-0.196419,1.342267,-0.554034,-0.262512,0.601586,-0.629176,-0.212094,1.480776,-0.579029,-0.21467,0.499131,-0.630335,-0.253438,1.720019,-0.55566,-0.131128,0.299985,-0.65618,-0.336396,2.163873,-0.551661
441,-0.297661,0.686961,-0.592673,-0.233844,1.341133,-0.534506,-0.268551,0.611829,-0.601174,-0.2484,1.512467,-0.541166,-0.227888,0.502471,-0.615952,-0.283896,1.736369,-0.538135,-0.138112,0.302337,-0.640892,-0.373657,2.178523,-0.524377
442,-0.316148,0.676882,-0.574883,-0.265937,1.351867,-0.533416,-0.280683,0.611811,-0.597665,-0.289405,1.501723,-0.543516,-0.229641,0.499134,-0.599624,-0.331862,1.754191,-0.534555,-0.138648,0.299326,-0.627577,-0.41608,2.192938,-0.535426
443,-0.326652,0.680651,-0.564415,-0.275911,1.379036,-0.509991,-0.29449,0.604367,-0.575546,-0.308901,1.519743,-0.5309,-0.247772,0.499659,-0.580494,-0.364195,1.764627,-0.52899,-0.148681,0.306943,-0.600746,-0.444897,2.20019,-0.51073
444,-0.330808,0.678463,-0.545931,-0.297711,1.38834,-0.527333,-0.299572,0.614925,-0.561764,-0.34298,1.538843,-0.531246,-0.251126,0.491421,-0.559441,-0.420453,1.763542,-0.512017,-0.148685,0.296574,-0.58189,-0.488178,2.229876,-0.531727
445,-0.34033,0.680571,-0.523913,-0.354403,1.410731,-0.496765,-0.321402,0.61695,-0.534064,-0.384139,1.544203,-0.502123,-0.251858,0.502361,-0.541337,-0.435455,1.789308,-0.504989,-0.150324,0.299309,-0.57371,-0.544391,2.229737,-0.511666
446,-0.360519,0.690436,-0.504196,-0.34858,1.385305,-0.499541,-0.325281,0.62002,-0.51293,-0.3948,1.541172,-0.498966,-0.272587,0.496009,-0.529786,-0.46884,1.798729,-0.499576,-0.152749,0.310178,-0.544498,-0.56525,2.237893,-0.501769
447,-0.366719,0.682084,-0.489065,-0.395342,1.382717,-0.497857,-0.327443,0.614935,-0.510288,-0.436785,1.562608,-0.482489,-0.266441,0.50206,-0.501133,-0.499054,1.812158,-0.490139,-0.163667,0.29031,-0.529027,-0.637704,2.247918,-0.482997
448,-0.378326,0.684824,-0.471698,-0.406625,1.416245,-0.486457,-0.339558,0.613523,-0.47923,-0.456695,1.552263,-0.476154,-0.289923,0.503225,-0.497745,-0.548041,1.796697,-0.479262,-0.175865,0.295833,-0.508442,-0.664209,2.251843,-0.492342
449,-0.388539,0.68167,-0.448819,-0.437788,1.409754,-0.473632,-0.353495,0.609061,-0.46303,-0.49096,1.569236,-0.474676,-0.279209,0.488343,-0.476336,-0.563523,1.829289,-0.479617,-0.172446,0.298452,-0.492739,-0.716783,2.266828,-0.468849
450,-0.395014,0.679601,-0.437722,-0.45135,1.41478,-0.453778,-0.358634,0.607672,-0.447245,-0.518371,1.582217,-0.460698,-0.289925,0.498408,-0.463595,-0.594431,1.841568,-0.458587,-0.184047,0.297437,-0.46754,-0.736408,2.276123,-0.468912
451,-0.407365,0.673565,-0.418348,-0.471042,1.419943,-0.449324,-0.368716,0.616485,-0.426549,-0.547543,1.581181,-0.449012,-0.307181,0.500741,-0.438396,-0.626599,1.835612,-0.458773,-0.180171,0.292573,-0.446987,-0.800172,2.293534,-0.437906
452,-0.4257,0.666291,-0.395502,-0.513053,1.433648,-0.438524,-0.379887,0.604126,-0.405753,-0.584557,1.57656,-0.45618,-0.30317,0.501766,-0.415796,-0.679754,1.852766,-0.434004,-0.182151,0.286456,-0.428948,-0.845977,2.302281,-0.447853
453,-0.432219,0.666038,-0.378617,-0.539138,1.432795,-0.433907,-0.380281,0.601465,-0.379365,-0.583823,1.589098,-0.431183,-0.317648,0.491714,-0.391325,-0.694203,1.854614,-0.425964,-0.192041,0.300124,-0.407612,-0.876467,2.308235,-0.427253
454,-0.441015,0.667651,-0.363008,-0.56484,1.440885,-0.443438,-0.395778,0.607851,-0.365085,-0.622104,1.588449,-0.415201,-0.320393,0.486075,-0.371114,-0.72857,1.861363,-0.405722,-0.195917,0.293474,-0.385756,-0.919636,2.310123,-0.416509
455,-0.443407,0.666698,-0.341665,-0.583187,1.434294,-0.393957,-0.408722,0.605748,-0.357693,-0.655956,1.614901,-0.39718,-0.329064,0.491592,-0.359396,-0.759543,1.854006,-0.401125,-0.205298,0.296228,-0.361273,-0.953405,2.313801,-0.420579
456,-0.464971,0.666751,-0.326142,-0.627832,1.438342,-0.411017,-0.413246,0.590253,-0.317135,-0.685311,1.608274,-0.399036,-0.340379,0.490414,-0.340231,-0.810714,1.856518,-0.412859,-0.198821,0.294725,-0.356585,-0.994194,2.33477,-0.394383
457,-0.47191,0.663891,-0.306406,-0.641186,1.438921,-0.389604,-0.424012,0.604215,-0.307224,-0.730101,1.618131,-0.385009,-0.348617,0.481336,-0.310245,-0.805087,1.879083,-0.367774,-0.209663,0.297473,-0.329048,-1.043884,2.320974,-0.393046
458,-0.477041,0.654877,-0.290468,-0.669766,1.465538,-0.380084,-0.431799,0.58508,-0.29197,-0.730035,1.589566,-0.391573,-0.346569,0.482633,-0.29912,-0.856389,1.86261,-0.37966,-0.213441,0.295415,-0.298278,-1.064381,2.320095,-0.379648
459,-0.489109,0.659404,-0.249488,-0.703583,1.451769,-0.369358,-0.435746,0.587152,-0.266288,-0.772965,1.613634,-0.362314,-0.356713,0.479742,-0.275475,-0.90457,1.856302,-0.364961,-0.213853,0.290095,-0.284129,-1.130605,2.324959,-0.371825
460,-0.498002,0.657847,-0.242398,-0.715516,1.442612,-0.350504,-0.439471,0.583032,-0.247426,-0.795971,1.606664,-0.359019,-0.361034,0.481921,-0.252417,-0.916723,1.860485,-0.360701,-0.216108,0.280383,-0.257259,-1.150172,2.323463,-0.350693
461,-0.499804,0.643114,-0.223793,-0.719292,1.43898,-0.329277,-0.453826,0.584627,-0.24047,-0.821518,1.616994,-0.343266,-0.370804,0.469331,-0.232056,-0.960454,1.862698,-0.339862,-0.221613,0.284252,-0.232273,-1.185206,2.329077,-0.363758
462,-0.5219,0.645305,-0.199966,-0.758541,1.43863,-0.344432,-0.458067,0.585768,-0.213652,-0.831314,1.601785,-0.334273,-0.373668,0.47117,-0.207075,-0.98501,1.86316,-0.337702,-0.220197,0.276323,-0.227769,-1.236143,2.333243,-0.317558
463,-0.534943,0.636205,-0.196545,-0.774365,1.451143,-0.318444,-0.458288,0.590193,-0.191417,-0.87858,1.602397,-0.314328,-0.385741,0.466125,-0.194713,-1.012724,1.855545,-0.300659,-0.232434,0.279759,-0.200865,-1.265889,2.33797,-0.323595
464,-0.536941,0.621702,-0.163679,-0.800877,1.463007,-0.312042,-0.477119,0.569944,-0.169013,-0.903351,1.583718,-0.301095,-0.377906,0.469555,-0.169929,-1.048243,1.858734,-0.32128,-0.237357,0.278914,-0.175586,-1.291512,2.309255,-0.289999
465,-0.535698,0.62644,-0.145233,-0.830234,1.436934,-0.295812,-0.484242,0.559107,-0.149398,-0.92554,1.605311,-0.294643,-0.404375,0.4624,-0.151801,-1.057248,1.852078,-0.283859,-0.241952,0.282938,-0.148604,-1.346242,2.296668,-0.302967
466,-0.54795,0.625138,-0.119705,-0.855177,1.423888,-0.287971,-0.492436,0.567508,-0.128368,-0.957118,1.596294,-0.283338,-0.398617,0.468275,-0.12384,-1.095952,1.842536,-0.292456,-0.233453,0.275409,-0.132537,-1.378462,2.342761,-0.26283
467,-0.556528,0.621733,-0.10931,-0.863922,1.449953,-0.252491,-0.500895,0.553756,-0.104936,-0.982857,1.583396,-0.273944,-0.401309,0.455474,-0.112481,-1.145683,1.863322,-0.275231,-0.233372,0.280922,-0.110883,-1.398172,2.329517,-0.26474
468,-0.568546,0.612916,-0.075188,-0.877484,1.406002,-0.2578,-0.506702,0.563527,-0.082286,-0.995514,1.566359,-0.264275,-0.410702,0.450743,-0.08141,-1.161615,1.829249,-0.264537,-0.249149,0.271632,-0.093635,-1.43439,2.305597,-0.262326
469,-0.56883,0.613581,-0.069596,-0.912088,1.423669,-0.232657,-0.507723,0.551603,-0.068333,-1.017123,1.562911,-0.262582,-0.411873,0.449377,-0.067336,-1.187437,1.829057,-0.240622,-0.251316,0.268898,-0.066916,-1.466566,2.296102,-0.24292
470,-0.579003,0.605452,-0.04607,-0.916186,1.406885,-0.241341,-0.522376,0.547805,-0.044562,-1.035727,1.571863,-0.208366,-0.412668,0.444978,-0.045802,-1.199026,1.83161,-0.243193,-0.258763,0.258794,-0.048243,-1.506353,2.283833,-0.233083
471,-0.58924,0.590974,-0.024908,-0.971273,1.415521,-0.218685,-0.52063,0.541297,-0.022474,-1.065338,1.573397,-0.223621,-0.42701,0.445528,-0.027432,-1.239168,1.831076,-0.216134,-0.253553,0.267264,-0.019435,-1.570351,2.277182,-0.227595
472,-0.588755,0.5945,0.001241,-0.974028,1.416991,-0.202534,-0.528676,0.528415,-0.002779,-1.084024,1.565256,-0.225652,-0.430033,0.445713,-0.002115,-1.273551,1.835577,-0.216577,-0.25838,0.260419,-0.007826,-1.588424,2.261523,-0.215705
473,-0.598393,0.582472,0.012578,-1.003,1.378958,-0.207942,-0.539728,0.521451,0.007015,-1.116711,1.573263,-0.199043,-0.436961,0.435124,0.01477,-1.297451,1.813247,-0.208046,-0.265045,0.262886,0.020959,-1.615788,2.257203,-0.199589
474,-0.610563,0.575021,0.0406,-1.013319,1.384265,-0.203315,-0.540122,0.518948,0.0403,-1.122347,1.56126,-0.167026,-0.444972,0.418772,0.038319,-1.306974,1.795423,-0.194593,-0.264612,0.258971,0.040879,-1.618187,2.256414,-0.177223
475,-0.614286,0.565585,0.065091,-1.043079,1.389228,-0.186373,-0.549566,0.511627,0.054765,-1.129372,1.555544,-0.182394,-0.449339,0.413275,0.052776,-1.326812,1.781546,-0.168749,-0.262202,0.258505,0.054837,-1.67576,2.247441,-0.173859
476,-0.619233,0.560346,0.077257,-1.059506,1.382369,-0.173664,-0.55062,0.511949,0.082279,-1.172046,1.523425,-0.168453,-0.448907,0.416386,0.076031,-1.358689,1.756584,-0.170264,-0.265133,0.249585,0.089945,-1.705277,2.224966,-0.162268
477,-0.622549,0.555861,0.095454,-1.071934,1.379362,-0.135577,-0.557926,0.489992,0.100467,-1.212952,1.536999,-0.123228,-0.452922,0.40346,0.096339,-1.389214,1.767973,-0.134198,-0.270066,0.244417,0.113496,-1.736616,2.232971,-0.147226
478,-0.630042,0.544271,0.102088,-1.08691,1.372077,-0.143562,-0.556071,0.496974,0.112929,-1.206289,1.519572,-0.103922,-0.454078,0.397003,0.11084,-1.423446,1.745301,-0.122844,-0.280146,0.241287,0.122038,-1.766044,2.204655,-0.136076
479,-0.622067,0.540375,0.139254,-1.099014,1.351263,-0.121296,-0.561571,0.478738,0.132184,-1.231994,1.500977,-0.112542,-0.465369,0.396861,0.13638,-1.426868,1.7597,-0.144414,-0.267986,0.232703,0.152943,-1.782862,2.192482,-0.129107
480,-0.641045,0.543547,0.152425,-1.121591,1.350314,-0.103365,-0.577291,0.484314,0.157972,-1.243573,1.495828,-0.107137,-0.465939,0.395015,0.165429,-1.452109,1.748772,-0.102661,-0.287359,0.238315,0.163802,-1.830816,2.179447,-0.092754
481,-0.637345,0.524182,0.175345,-1.127998,1.335474,-0.091899,-0.567744,0.473771,0.176667,-1.272744,1.488511,-0.096219,-0.461402,0.381386,0.18346,-1.466715,1.712705,-0.10866,-0.287252,0.236358,0.198859,-1.845453,2.174152,-0.08536
482,-0.637087,0.53492,0.19281,-1.164382,1.322374,-0.077439,-0.578664,0.456381,0.197067,-1.290896,1.472174,-0.080971,-0.468801,0.378821,0.200387,-1.488816,1.700557,-0.076416,-0.283862,0.220098,0.21412,-1.867628,2.146988,-0.094734
483,-0.657568,0.51103,0.22205,-1.160981,1.314746,-0.082932,-0.588325,0.453841,0.219235,-1.30308,1.480391,-0.056826,-0.476157,0.37523,0.221255,-1.529195,1.700566,-0.055491,-0.287285,0.225253,0.236819,-1.875064,2.121789,-0.065092
484,-0.652426,0.508276,0.243133,-1.204231,1.297397,-0.049544,-0.577364,0.446672,0.239694,-1.307771,1.466396,-0.058367,-0.468402,0.366304,0.242345,-1.545654,1.672628,-0.065827,-0.288795,0.221007,0.249863,-1.923498,2.095063,-0.054067
485,-0.655087,0.495924,0.260256,-1.200527,1.299047,-0.046064,-0.588724,0.445006,0.257554,-1.352379,1.414121,-0.034812,-0.483407,0.367316,0.26793,-1.566959,1.662436,-0.042577,-0.296778,0.215942,0.271406,-1.958055,2.091264,-0.045647
486,-0.660288,0.483404,0.282231,-1.222958,1.288432,-0.024444,-0.594929,0.438802,0.282601,-1.356508,1.410614,-0.012041,-0.492819,0.353814,0.290543,-1.581779,1.654853,-0.045764,-0.283043,0.211566,0.304822,-1.96898,2.070547,-0.046996
487,-0.671183,0.48034,0.298616,-1.228562,1.26951,-0.029608,-0.593826,0.423649,0.298006,-1.38473,1.407583,-0.004126,-0.488233,0.357601,0.302844,-1.588115,1.628662,-0.044454,-0.285174,0.209512,0.322353,-1.981066,2.049712,-0.014444
488,-0.668324,0.459227,0.316366,-1.24772,1.25843,-0.01759,-0.601564,0.413789,0.319267,-1.381921,1.386005,-0.002706,-0.48967,0.34175,0.33203,-1.620595,1.616374,0.003355,-0.300412,0.207876,0.343059,-2.02054,2.01739,-0.016201
489,-0.667757,0.4568,0.334207,-1.256826,1.23547,-0.004001,-0.592717,0.408823,0.347332,-1.403172,1.387645,0.023406,-0.491167,0.334129,0.342597,-1.630466,1.6036,3.8e-05,-0.302074,0.20232,0.359834,-2.043833,1.993859,0.026641
490,-0.665778,0.446949,0.359681,-1.286142,1.230721,0.015701,-0.601096,0.405511,0.371558,-1.427717,1.373994,0.013961,-0.480188,0.330169,0.368815,-1.644017,1.589307,0.025349,-0.295223,0.192817,0.373586,-2.060751,1.990251,0.0139
491,-0.673956,0.440304,0.373285,-1.302814,1.19598,0.033125,-0.594167,0.392363,0.378873,-1.430917,1.344543,0.037833,-0.503736,0.320327,0.372419,-1.659367,1.575511,0.042625,-0.295958,0.196943,0.402381,-2.092677,1.94714,0.041817
492,-0.678433,0.425568,0.396794,-1.311219,1.193891,0.054611,-0.610802,0.383143,0.39779,-1.44102,1.338938,0.061794,-0.490765,0.31819,0.404947,-1.677815,1.556626,0.047733,-0.295165,0.188874,0.419524,-2.095287,1.931267,0.0528
493,-0.672285,0.422001,0.406732,-1.301283,1.195577,0.070084,-0.608217,0.371985,0.421038,-1.438212,1.307337,0.066976,-0.490786,0.305733,0.432367,-1.694607,1.519723,0.066848,-0.296667,0.1757,0.445095,-2.111909,1.899,0.062291
494,-0.672672,0.404351,0.429198,-1.330691,1.159008,0.064847,-0.611829,0.356452,0.436382,-1.469673,1.299838,0.06242,-0.490237,0.304447,0.44131,-1.711548,1.504296,0.06897,-0.295873,0.183495,0.456841,-2.141083,1.876109,0.053122
495,-0.673662,0.398085,0.445253,-1.323184,1.129575,0.090509,-0.609701,0.354668,0.458018,-1.474801,1.282282,0.097525,-0.504114,0.292153,0.459126,-1.736727,1.469584,0.095845,-0.29732,0.175748,0.481214,-2.155216,1.862471,0.087314
496,-0.681717,0.384187,0.464375,-1.335792,1.123106,0.11363,-0.613534,0.342909,0.470545,-1.501399,1.241264,0.103947,-0.505086,0.275943,0.480376,-1.733849,1.457062,0.11829,-0.295356,0.155498,0.501102,-2.163346,1.825527,0.089176
497,-0.6831,0.377272,0.489322,-1.357413,1.089717,0.106603,-0.618483,0.332037,0.487557,-1.513169,1.238636,0.119667,-0.50093,0.269788,0.502651,-1.736228,1.443942,0.1118,-0.303291,0.172551,0.516907,-2.177685,1.785038,0.124742
498,-0.681033,0.366559,0.503549,-1.366584,1.079371,0.120342,-0.618348,0.325051,0.509849,-1.50954,1.210173,0.13245,-0.493665,0.271739,0.522495,-1.773505,1.424629,0.113982,-0.306729,0.147584,0.538096,-2.198765,1.761517,0.124139
499,-0.681422,0.34802,0.517289,-1.38897,1.085079,0.152893,-0.613377,0.31172,0.527522,-1.542404,1.198545,0.143193,-0.495983,0.24781,0.532898,-1.769736,1.408382,0.146351,-0.299052,0.151822,0.559109,-2.222648,1.74779,0.151308
500,-0.685584,0.336369,0.537042,-1.38345,1.07153,0.163567,-0.607838,0.307314,0.537328,-1.557439,1.172109,0.167673,-0.501561,0.249031,0.560705,-1.787226,1.386456,0.169646,-0.300416,0.153342,0.578016,-2.223686,1.707298,0.162341
501,-0.682966,0.327703,0.56314,-1.384038,1.049265,0.175926,-0.615835,0.291128,0.561104,-1.542295,1.146326,0.170242,-0.501811,0.243597,0.568742,-1.790837,1.342361,0.187269,-0.306488,0.147074,0.594407,-2.238058,1.664366,0.17377
502,-0.681831,0.3188,0.561775,-1.388021,1.014366,0.17446,-0.601292,0.290071,0.574724,-1.530936,1.125643,0.205075,-0.506155,0.229971,0.590242,-1.791437,1.300184,0.169749,-0.297965,0.140021,0.618702,-2.249254,1.639539,0.190618
503,-0.675107,0.314175,0.5856,-1.40009,1.006273,0.187168,-0.611474,0.284784,0.602816,-1.55468,1.10191,0.209769,-0.500909,0.218331,0.605641,-1.821113,1.292267,0.202733,-0.293826,0.142768,0.639849,-2.267179,1.631593,0.191891
504,-0.67941,0.297739,0.601308,-1.388717,0.989828,0.226692,-0.617069,0.274215,0.60601,-1.553019,1.091888,0.205732,-0.501883,0.210558,0.615646,-1.830601,1.268252,0.214401,-0.29617,0.136654,0.646495,-2.28024,1.588249,0.20653
505,-0.680614,0.284344,0.614938,-1.422262,0.958118,0.229092,-0.602684,0.262591,0.629878,-1.568687,1.072467,0.215288,-0.502809,0.210527,0.644111,-1.836144,1.244163,0.212014,-0.303221,0.123277,0.677825,-2.278826,1.553222,0.230246
506,-0.670429,0.272248,0.634669,-1.402618,0.945242,0.234275,-0.610538,0.23129,0.649776,-1.571839,1.051644,0.244924,-0.501253,0.192232,0.667912,-1.829676,1.216691,0.230563,-0.291611,0.121546,0.688762,-2.296924,1.5186,0.226254
507,-0.683889,0.261093,0.650437,-1.431257,0.924631,0.235544,-0.608467,0.219107,0.662877,-1.570677,1.016778,0.247215,-0.503678,0.184081,0.683422,-1.826661,1.168061,0.237015,-0.296982,0.10508,0.710963,-2.289461,1.496612,0.231998
508,-0.67761,0.243067,0.67885,-1.421543,0.899553,0.254908,-0.598028,0.216153,0.681318,-1.580476,0.991162,0.252813,-0.47501,0.178592,0.691406,-1.845074,1.157851,0.269898,-0.297226,0.103898,0.716928,-2.305002,1.441904,0.248029
509,-0.666767,0.235737,0.683947,-1.427661,0.896083,0.263508,-0.595718,0.216698,0.691049,-1.612191,0.987916,0.262985,-0.499892,0.171692,0.710786,-1.844542,1.119463,0.255217,-0.297423,0.107443,0.746893,-2.298349,1.411264,0.256186
510,-0.674548,0.220559,0.698684,-1.425023,0.850411,0.278221,-0.591442,0.21029,0.709193,-1.60509,0.978516,0.28169,-0.494503,0.163383,0.72755,-1.861949,1.102079,0.280124,-0.28935,0.100839,0.750736,-2.319912,1.396609,0.302875
511,-0.665143,0.204015,0.712089,-1.436585,0.821527,0.316534,-0.604021,0.195818,0.719213,-1.601649,0.936876,0.297619,-0.488287,0.164221,0.740063,-1.866285,1.0655,0.30259,-0.292349,0.089629,0.768379,-2.338492,1.345167,0.284058
512,-0.663065,0.215385,0.725541,-1.436511,0.811664,0.301585,-0.601392,0.17967,0.743597,-1.583594,0.909305,0.302209,-0.481854,0.150124,0.764637,-1.852132,1.050113,0.308218,-0.290953,0.084984,0.793479,-2.309564,1.305416,0.306282
513,-0.665834,0.178794,0.754953,-1.453589,0.783087,0.319361,-0.584636,0.176801,0.755352,-1.619498,0.893721,0.305898,-0.486762,0.141407,0.772637,-1.85567,1.018366,0.304406,-0.294771,0.073067,0.799409,-2.34887,1.258144,0.318
514,-0.652518,0.170848,0.765866,-1.446904,0.781157,0.329228,-0.593011,0.161333,0.761742,-1.61994,0.852632,0.329204,-0.494779,0.128448,0.793134,-1.863135,0.98271,0.323222,-0.297824,0.07424,0.816126,-2.330609,1.233979,0.32757
515,-0.657322,0.160046,0.766293,-1.417486,0.74193,0.334345,-0.585104,0.149718,0.788652,-1.624221,0.832077,0.350482,-0.485358,0.111561,0.799414,-1.860381,0.951546,0.347792,-0.284892,0.060976,0.829568,-2.340135,1.192353,0.335483
516,-0.647963,0.147713,0.792773,-1.454496,0.716908,0.37583,-0.586713,0.130621,0.792568,-1.59325,0.804425,0.35863,-0.484045,0.105547,0.821042,-1.875622,0.935866,0.339128,-0.291826,0.054412,0.84356,-2.337732,1.174724,0.353315
517,-0.648131,0.131821,0.798264,-1.443372,0.676336,0.357513,-0.577822,0.118277,0.816829,-1.611647,0.781439,0.376281,-0.4718,0.102253,0.833008,-1.866176,0.89053,0.363774,-0.289241,0.058466,0.862702,-2.3349,1.138404,0.37255
518,-0.646796,0.126494,0.810037,-1.431204,0.687795,0.391228,-0.57445,0.107374,0.828556,-1.59333,0.744366,0.367379,-0.467792,0.080988,0.843169,-1.874571,0.875387,0.38453,-0.276117,0.057195,0.881289,-2.329163,1.083511,0.378211
519,-0.638189,0.119364,0.820736,-1.452084,0.655618,0.370038,-0.575195,0.095348,0.833335,-1.601749,0.712791,0.396423,-0.469094,0.077134,0.855485,-1.869403,0.835801,0.389845,-0.286034,0.045095,0.892708,-2.325903,1.043692,0.370417
520,-0.634641,0.107442,0.840071,-1.449699,0.613835,0.397816,-0.571436,0.097999,0.847119,-1.590471,0.695392,0.383939,-0.466034,0.079183,0.87069,-1.860367,0.794472,0.404245,-0.273358,0.04787,0.917583,-2.332451,0.996608,0.387075
521,-0.632503,0.087068,0.850106,-1.429532,0.598653,0.414904,-0.567608,0.083772,0.867153,-1.592774,0.670861,0.403497,-0.459479,0.064339,0.884791,-1.84939,0.785564,0.410689,-0.285376,0.037058,0.928343,-2.331748,0.973183,0.415738
522,-0.627283,0.072904,0.867823,-1.436902,0.584993,0.423371,-0.564114,0.067268,0.885159,-1.593753,0.632478,0.413011,-0.462481,0.044126,0.889317,-1.844513,0.755299,0.422772,-0.274768,0.020067,0.938914,-2.319498,0.942203,0.416744
523,-0.623758,0.069727,0.882986,-1.436006,0.543807,0.427963,-0.546799,0.046861,0.879406,-1.592593,0.612228,0.420281,-0.456581,0.042995,0.910542,-1.853382,0.705881,0.420278,-0.272029,0.034348,0.955271,-2.309482,0.885475,0.432337
524,-0.613927,0.048057,0.893221,-1.407651,0.506642,0.443458,-0.553619,0.037101,0.902925,-1.582486,0.580997,0.439097,-0.46366,0.033915,0.914476,-1.844539,0.69079,0.444756,-0.276471,0.018406,0.968428,-2.29151,0.842875,0.446332
525,-0.595352,0.036595,0.899572,-1.414478,0.481985,0.441792,-0.533743,0.031815,0.908048,-1.6038,0.561915,0.448437,-0.445136,0.023104,0.918602,-1.832244,0.636104,0.441337,-0.268877,0.01319,0.96796,-2.292689,0.806834,0.445813
526,-0.602526,0.02045,0.908831,-1.434899,0.47815,0.455306,-0.540884,0.025219,0.924823,-1.573956,0.517005,0.453479,-0.432299,0.020733,0.942062,-1.853236,0.613142,0.460697,-0.266137,0.003563,0.984286,-2.271536,0.75771,0.455711
527,-0.601425,0.012273,0.918086,-1.414877,0.435343,0.464226,-0.533562,0.005069,0.931543,-1.563956,0.50969,0.459391,-0.431477,0.006146,0.957928,-1.830765,0.556023,0.477396,-0.26032,0.009929,0.992796,-2.283799,0.725951,0.461657
528,-0.587685,-0.006407,0.927974,-1.418053,0.411441,0.475343,-0.535117,-0.012734,0.937329,-1.571237,0.473361,0.475276,-0.425981,-0.012888,0.964332,-1.812264,0.535492,0.473544,-0.257654,0.000984,1.002317,-2.279855,0.690352,0.473108
529,-0.580462,-0.011699,0.931702,-1.406993,0.387351,0.487058,-0.521289,-0.013018,0.950265,-1.558143,0.431634,0.492384,-0.432527,-0.007224,0.970984,-1.801287,0.494403,0.508383,-0.266366,-0.007407,1.003217,-2.269794,0.64554,0.47316
530,-0.576239,-0.018798,0.939448,-1.371665,0.37531,0.493655,-0.520625,-0.020197,0.970369,-1.561046,0.400037,0.491302,-0.433407,-0.017342,0.987948,-1.79527,0.47663,0.509784,-0.254823,-0.008641,1.026166,-2.24302,0.597695,0.491079
531,-0.554876,-0.030424,0.954431,-1.378907,0.348105,0.502243,-0.514224,-0.027222,0.971545,-1.538915,0.397173,0.499554,-0.435151,-0.024214,0.985859,-1.789613,0.42075,0.518381,-0.250239,-0.025022,1.035171,-2.239533,0.54328,0.501053
532,-0.5698,-0.066921,0.967151,-1.369176,0.303462,0.513375,-0.513639,-0.044476,0.979012,-1.537141,0.357686,0.515014,-0.416668,-0.043974,1.014882,-1.772508,0.41483,0.509491,-0.25085,-0.02457,1.047233,-2.217919,0.525454,0.527285
533,-0.553904,-0.059775,0.976809,-1.353353,0.286637,0.5164,-0.499928,-0.057289,0.991188,-1.531214,0.32377,0.512893,-0.402867,-0.051329,1.012646,-1.769429,0.382346,0.51529,-0.249735,-0.028532,1.044141,-2.224654,0.45037,0.518773
534,-0.545782,-0.078722,0.975805,-1.340598,0.269957,0.536918,-0.487463,-0.06445,1.006377,-1.502914,0.291711,0.541131,-0.401825,-0.05542,1.021155,-1.757367,0.340685,0.532852,-0.239501,-0.032035,1.062547,-2.20076,0.412709,0.533152
535,-0.547171,-0.084941,0.99054,-1.356738,0.241857,0.544964,-0.476008,-0.084728,1.001609,-1.505447,0.279493,0.541122,-0.393665,-0.064413,1.032281,-1.734501,0.286054,0.522014,-0.222387,-0.038095,1.080662,-2.175578,0.361836,0.556612
536,-0.530756,-0.103495,0.993547,-1.338974,0.206352,0.526046,-0.472339,-0.089668,1.010074,-1.506702,0.244581,0.54185,-0.389308,-0.079456,1.034555,-1.745287,0.258159,0.554158,-0.232569,-0.050748,1.081153,-2.173264,0.349318,0.552594
537,-0.530591,-0.110642,1.00024,-1.313417,0.191793,0.564845,-0.474344,-0.096885,1.017127,-1.479302,0.202616,0.551454,-0.387084,-0.089297,1.043944,-1.705342,0.230053,0.562811,-0.229317,-0.056387,1.095005,-2.142241,0.283654,0.5545
538,-0.519775,-0.124221,1.017323,-1.317041,0.16733,0.562374,-0.453266,-0.124222,1.022826,-1.4743,0.172181,0.577464,-0.382142,-0.101583,1.043047,-1.720327,0.18684,0.565255,-0.230549,-0.061138,1.091692,-2.144003,0.243019,0.561908
539,-0.50576,-0.137063,1.022915,-1.305739,0.135321,0.578432,-0.443641,-0.120825,1.02736,-1.468047,0.123017,0.565549,-0.372193,-0.104755,1.059725,-1.687134,0.166321,0.569482,-0.229152,-0.065484,1.100523,-2.109448,0.213255,0.565776
540,-0.494235,-0.159387,1.023894,-1.288028,0.113717,0.576526,-0.437672,-0.143081,1.043244,-1.436118,0.117287,0.565831,-0.367523,-0.123826,1.059125,-1.6737,0.111562,0.571719,-0.220499,-0.067071,1.109809,-2.09157,0.173743,0.601036
541,-0.480525,-0.175573,1.017968,-1.276813,0.087085,0.573916,-0.435111,-0.151871,1.043401,-1.427005,0.061443,0.579537,-0.348365,-0.11778,1.07215,-1.675144,0.10091,0.576404,-0.212556,-0.067382,1.111266,-2.075117,0.093654,0.592125
542,-0.481425,-0.184586,1.031903,-1.266844,0.051865,0.589678,-0.438435,-0.160005,1.045821,-1.410359,0.058148,0.563172,-0.354781,-0.13499,1.071073,-1.640491,0.05518,0.601648,-0.219579,-0.070479,1.118832,-2.060055,0.069316,0.602813
543,-0.464791,-0.180785,1.037079,-1.258589,0.025104,0.586568,-0.427511,-0.17549,1.058789,-1.407564,0.038174,0.595877,-0.34668,-0.137506,1.079203,-1.629852,0.014204,0.606058,-0.214213,-0.081455,1.121261,-2.033081,0.036223,0.608332
544,-0.459837,-0.206041,1.057237,-1.26801,-0.01306,0.612872,-0.402466,-0.187369,1.061523,-1.385374,-0.002907,0.594635,-0.339234,-0.153152,1.080608,-1.614065,-0.016078,0.602342,-0.195586,-0.101076,1.120763,-2.007998,-0.016829,0.625166
545,-0.450029,-0.217587,1.048902,-1.246349,-0.037072,0.596548,-0.41348,-0.199225,1.066832,-1.354894,-0.048545,0.611833,-0.330395,-0.162424,1.088656,-1.603826,-0.044896,0.62051,-0.201858,-0.091307,1.135454,-1.995054,-0.071949,0.627487
546,-0.437949,-0.221537,1.055117,-1.216225,-0.055685,0.622761,-0.394025,-0.204752,1.069989,-1.354089,-0.056853,0.61297,-0.318995,-0.160794,1.093986,-1.565326,-0.06895,0.621477,-0.193095,-0.106473,1.141406,-1.970786,-0.102407,0.614563
547,-0.424496,-0.242004,1.056701,-1.188102,-0.098544,0.62516,-0.38328,-0.21429,1.073485,-1.345198,-0.084203,0.608193,-0.314712,-0.174648,1.097912,-1.542767,-0.102174,0.649945,-0.184634,-0.109537,1.137558,-1.975527,-0.135342,0.626958
548,-0.428509,-0.257076,1.060346,-1.173359,-0.118754,0.642149,-0.375195,-0.227005,1.065212,-1.330346,-0.124475,0.636556,-0.306324,-0.191323,1.099364,-1.538544,-0.157264,0.632147,-0.183787,-0.118907,1.144484,-1.925095,-0.19576,0.607064
549,-0.413258,-0.264941,1.063922,-1.180699,-0.161649,0.65016,-0.369294,-0.241766,1.078523,-1.315409,-0.164365,0.612479,-0.302925,-0.205102,1.106549,-1.524212,-0.185342,0.639129,-0.19326,-0.110466,1.145421,-1.890525,-0.230497,0.63696
550,-0.402994,-0.278609,1.075351,-1.152474,-0.193662,0.650385,-0.363893,-0.24971,1.092272,-1.280989,-0.190489,0.648746,-0.287014,-0.205336,1.10354,-1.489766,-0.216155,0.644711,-0.177626,-0.128639,1.146589,-1.866422,-0.289187,0.652545
551,-0.39015,-0.283702,1.065159,-1.142871,-0.193615,0.63856,-0.355489,-0.259418,1.083463,-1.24304,-0.211668,0.656253,-0.289431,-0.206798,1.111355,-1.487314,-0.251071,0.650892,-0.17881,-0.120517,1.155557,-1.849926,-0.327136,0.646302
552,-0.385916,-0.307916,1.066455,-1.116518,-0.238386,0.650501,-0.347429,-0.271079,1.093243,-1.24852,-0.256763,0.672052,-0.274468,-0.224667,1.106522,-1.468177,-0.296873,0.657349,-0.173424,-0.141935,1.148114,-1.825041,-0.36262,0.651299
553,-0.362876,-0.317651,1.083162,-1.101296,-0.254597,0.680207,-0.338551,-0.2846,1.082493,-1.226962,-0.295028,0.655629,-0.269746,-0.232204,1.114207,-1.412611,-0.320662,0.64685,-0.161641,-0.129002,1.157547,-1.790619,-0.415689,0.655457
554,-0.36101,-0.320356,1.068234,-1.0719,-0.288066,0.658115,-0.31805,-0.290683,1.092144,-1.220539,-0.295259,0.645702,-0.271954,-0.234066,1.111831,-1.407537,-0.374039,0.677761,-0.163068,-0.147485,1.155297,-1.763777,-0.442716,0.646599
555,-0.355161,-0.333246,1.071136,-1.071728,-0.317458,0.65738,-0.301419,-0.304124,1.078784,-1.193928,-0.350868,0.663793,-0.248915,-0.244119,1.105072,-1.389157,-0.398162,0.663775,-0.154669,-0.14165,1.148542,-1.721974,-0.480772,0.664971
556,-0.335039,-0.353084,1.076016,-1.065023,-0.32571,0.663839,-0.298121,-0.315748,1.077072,-1.179383,-0.378102,0.670582,-0.254623,-0.249767,1.101392,-1.3481,-0.423793,0.687041,-0.155898,-0.157075,1.159871,-1.691881,-0.538327,0.675316
557,-0.325673,-0.354791,1.066265,-1.026724,-0.356623,0.687162,-0.286106,-0.320065,1.086098,-1.156316,-0.41108,0.67325,-0.242272,-0.25614,1.11786,-1.326609,-0.486394,0.671431,-0.144579,-0.166383,1.164524,-1.64595,-0.586751,0.678751
558,-0.309827,-0.371428,1.062668,-0.999455,-0.369445,0.66697,-0.275282,-0.326198,1.084499,-1.113287,-0.44198,0.68536,-0.227673,-0.273526,1.106924,-1.306609,-0.501327,0.676111,-0.133998,-0.162995,1.149902,-1.639947,-0.638626,0.677723
559,-0.300453,-0.375044,1.058445,-0.99407,-0.406956,0.683873,-0.26648,-0.341227,1.077878,-1.102327,-0.467191,0.69474,-0.218466,-0.274259,1.118211,-1.265997,-0.53293,0.689334,-0.131094,-0.160077,1.145866,-1.599724,-0.660885,0.689451
560,-0.29305,-0.388468,1.068938,-0.967822,-0.430851,0.698076,-0.257946,-0.354409,1.077408,-1.078089,-0.474359,0.690292,-0.225069,-0.277426,1.096244,-1.25459,-0.571088,0.704307,-0.129628,-0.173403,1.156198,-1.572054,-0.72026,0.709384
561,-0.27777,-0.407896,1.06807,-0.957856,-0.484327,0.687737,-0.255794,-0.354892,1.083754,-1.077345,-0.522238,0.698547,-0.202629,-0.291024,1.097989,-1.226999,-0.591455,0.680003,-0.123475,-0.175257,1.151155,-1.527789,-0.756874,0.692995
562,-0.265841,-0.403899,1.064661,-0.935034,-0.457427,0.690034,-0.229619,-0.363057,1.080235,-1.059923,-0.544034,0.688067,-0.199405,-0.297727,1.104594,-1.209605,-0.637905,0.680153,-0.113544,-0.184711,1.145143,-1.493812,-0.794571,0.677159
563,-0.252288,-0.421154,1.061216,-0.924549,-0.517304,0.68713,-0.226864,-0.381193,1.072905,-1.002602,-0.575578,0.693755,-0.190113,-0.306054,1.103022,-1.164179,-0.658983,0.691745,-0.10917,-0.17639,1.143433,-1.466654,-0.828242,0.687044
564,-0.244356,-0.423325,1.059856,-0.876803,-0.542236,0.706169,-0.223975,-0.382378,1.0736,-0.993605,-0.594083,0.690464,-0.174451,-0.314521,1.100587,-1.150533,-0.708322,0.701129,-0.108755,-0.190273,1.141885,-1.441749,-0.866789,0.697065
565,-0.231075,-0.431323,1.052778,-0.870763,-0.55441,0.700741,-0.197911,-0.398653,1.05901,-0.954617,-0.639575,0.698556,-0.164276,-0.327058,1.09367,-1.134539,-0.727914,0.695014,-0.110334,-0.192878,1.144368,-1.393983,-0.89853,0.674191
566,-0.226383,-0.449012,1.054042,-0.857586,-0.587409,0.699248,-0.199875,-0.395308,1.063108,-0.943066,-0.646501,0.691709,-0.163097,-0.338052,1.097241,-1.11102,-0.764553,0.672775,-0.093897,-0.197741,1.139258,-1.352367,-0.929273,0.697079
567,-0.203771,-0.454059,1.05213,-0.824332,-0.633651,0.705859,-0.186438,-0.416952,1.065531,-0.901873,-0.669577,0.704161,-0.149685,-0.33102,1.087191,-1.064478,-0.779328,0.701956,-0.084371,-0.200899,1.127447,-1.325919,-0.998419,0.702195
568,-0.188731,-0.477387,1.037495,-0.794924,-0.632628,0.698853,-0.169026,-0.417716,1.053247,-0.906907,-0.712936,0.711245,-0.139419,-0.342083,1.082489,-1.045191,-0.831514,0.689738,-0.083169,-0.203262,1.121762,-1.309137,-1.030327,0.690821
569,-0.181645,-0.480841,1.041153,-0.788711,-0.667897,0.681171,-0.161581,-0.42595,1.052628,-0.862244,-0.730871,0.686441,-0.137037,-0.345392,1.081783,-1.027303,-0.869203,0.675646,-0.083094,-0.203173,1.114896,-1.260718,-1.064588,0.690541
570,-0.171974,-0.490253,1.025573,-0.744452,-0.675384,0.719716,-0.148867,-0.435741,1.046134,-0.846498,-0.748311,0.702477,-0.120471,-0.349446,1.071617,-0.962253,-0.890156,0.693278,-0.074282,-0.207335,1.104426,-1.226515,-1.099185,0.710709
571,-0.158066,-0.494673,1.021966,-0.732286,-0.68593,0.701203,-0.138243,-0.44518,1.03429,-0.822965,-0.783212,0.704407,-0.112568,-0.363543,1.06625,-0.94973,-0.916736,0.700114,-0.065469,-0.215517,1.102317,-1.187193,-1.133313,0.714675
572,-0.145424,-0.504912,1.025169,-0.721468,-0.733945,0.697814,-0.133009,-0.45555,1.041026,-0.788277,-0.813181,0.703964,-0.103723,-0.367047,1.05886,-0.9264,-0.949473,0.703855,-0.063932,-0.219182,1.098081,-1.14127,-1.204266,0.67932
573,-0.128228,-0.514207,1.012312,-0.700808,-0.749725,0.702837,-0.11353,-0.462274,1.024124,-0.779305,-0.85892,0.693222,-0.104804,-0.372662,1.053225,-0.887158,-0.962589,0.7044,-0.062441,-0.229305,1.097399,-1.085212,-1.205341,0.685444
574,-0.119455,-0.525993,1.007515,-0.648986,-0.797546,0.70944,-0.106241,-0.467886,1.023708,-0.733006,-0.890231,0.718923,-0.085466,-0.384823,1.045534,-0.850481,-1.017919,0.70693,-0.060626,-0.225008,1.089467,-1.062501,-1.267353,0.692669
575,-0.107811,-0.53299,1.008559,-0.637734,-0.796074,0.716461,-0.092258,-0.471991,1.01288,-0.704867,-0.88202,0.700321,-0.078937,-0.392663,1.039866,-0.816705,-1.044532,0.68889,-0.038684,-0.23478,1.073109,-1.020755,-1.290821,0.705916
576,-0.095718,-0.54169,0.985916,-0.621619,-0.832841,0.714551,-0.091729,-0.479881,1.004232,-0.694495,-0.924006,0.695672,-0.067117,-0.39611,1.033923,-0.81056,-1.082265,0.68672,-0.043497,-0.243016,1.074716,-1.002406,-1.318267,0.686778
577,-0.082483,-0.535492,0.986653,-0.58705,-0.847813,0.68277,-0.076363,-0.480248,1.003527,-0.638729,-0.938217,0.696182,-0.073454,-0.398799,1.014526,-0.749974,-1.080024,0.685084,-0.034008,-0.241848,1.070872,-0.941915,-1.380958,0.705655
578,-0.074945,-0.544166,0.977661,-0.559489,-0.867775,0.682033,-0.064468,-0.492806,0.991502,-0.642572,-0.947848,0.706751,-0.056706,-0.401394,1.017726,-0.720715,-1.102386,0.704258,-0.031224,-0.249662,1.040853,-0.909214,-1.393531,0.701152
579,-0.060208,-0.56857,0.960876,-0.532806,-0.891698,0.705403,-0.054113,-0.508589,0.973422,-0.581568,-0.999825,0.702372,-0.043011,-0.40489,1.000429,-0.702407,-1.157839,0.705353,-0.023917,-0.248433,1.046237,-0.867089,-1.426246,0.692059
580,-0.042203,-0.568597,0.965909,-0.519522,-0.920016,0.696342,-0.039678,-0.506978,0.975813,-0.567618,-1.005331,0.7028,-0.034754,-0.416247,0.995549,-0.658442,-1.176592,0.69062,-0.020458,-0.252323,1.040188,-0.820869,-1.465084,0.698359
581,-0.030908,-0.571636,0.949331,-0.480971,-0.92531,0.681858,-0.024787,-0.520047,0.956681,-0.555909,-1.031101,0.673472,-0.010406,-0.428433,0.983339,-0.642631,-1.217802,0.690939,-0.019121,-0.250222,1.027951,-0.792365,-1.505787,0.701981
582,-0.025628,-0.580795,0.940466,-0.446791,-0.942037,0.682246,-0.008535,-0.526075,0.944928,-0.514447,-1.075863,0.682733,-0.00983,-0.430577,0.970437,-0.607415,-1.232341,0.689955,-0.005441,-0.251397,1.020945,-0.749396,-1.541416,0.703256
583,5e-05,-0.591615,0.931857,-0.439408,-0.982787,0.678124,-0.001303,-0.531031,0.944525,-0.496697,-1.087237,0.683812,0.003338,-0.434597,0.970039,-0.574461,-1.262677,0.69541,-0.006496,-0.247615,1.00674,-0.715377,-1.573781,0.671914
584,0.003524,-0.597367,0.910877,-0.429574,-0.980482,0.686085,0.010583,-0.536894,0.927349,-0.451432,-1.102805,0.693169,-0.000403,-0.444742,0.948761,-0.530843,-1.285487,0.680025,0.00318,-0.265329,0.997732,-0.681636,-1.599874,0.687317
585,0.017035,-0.601731,0.908322,-0.367926,-0.999025,0.667845,0.017775,-0.542782,0.918073,-0.418886,-1.118185,0.661698,0.010653,-0.442291,0.937428,-0.497073,-1.310939,0.677136,0.008517,-0.265963,0.989143,-0.598001,-1.630304,0.675319
586,0.039413,-0.603904,0.904107,-0.352431,-1.028083,0.677343,0.030095,-0.541334,0.92551,-0.396589,-1.139392,0.69249,0.021649,-0.445546,0.937941,-0.46356,-1.338154,0.664657,0.014569,-0.268906,0.966625,-0.588957,-1.671478,0.681653
587,0.050736,-0.611866,0.89099,-0.328813,-1.050609,0.663578,0.045846,-0.552599,0.903677,-0.371245,-1.18231,0.661877,0.037231,-0.445906,0.919508,-0.427341,-1.373559,0.66806,0.013288,-0.263339,0.954238,-0.523606,-1.711836,0.6732
588,0.062906,-0.615281,0.876048,-0.298424,-1.077858,0.662041,0.056613,-0.55234,0.892263,-0.331778,-1.181261,0.655544,0.044115,-0.455435,0.914801,-0.393934,-1.379628,0.666768,0.023647,-0.265035,0.936217,-0.488604,-1.71433,0.672945
589,0.071554,-0.627221,0.860127,-0.289778,-1.091441,0.669736,0.075711,-0.558925,0.867094,-0.295723,-1.222886,0.660897,0.052471,-0.452883,0.901375,-0.370018,-1.393841,0.678701,0.031439,-0.275095,0.933304,-0.450132,-1.755755,0.679878
590,0.094076,-0.624281,0.85795,-0.257004,-1.102064,0.665723,0.083234,-0.560752,0.850554,-0.267994,-1.223068,0.643939,0.064366,-0.456814,0.882431,-0.331097,-1.41895,0.662621,0.045275,-0.280301,0.924968,-0.412497,-1.791994,0.677898
591,0.102585,-0.640667,0.842218,-0.238795,-1.113735,0.643986,0.083752,-0.569321,0.853217,-0.234479,-1.245868,0.643503,0.065176,-0.474706,0.873692,-0.274033,-1.455079,0.649405,0.048776,-0.281993,0.910557,-0.357661,-1.816969,0.643996
592,0.107491,-0.641048,0.827477,-0.203681,-1.145883,0.657265,0.104371,-0.574473,0.830576,-0.201135,-1.281226,0.643427,0.081731,-0.472817,0.861158,-0.25535,-1.464259,0.662669,0.051059,-0.274346,0.89019,-0.309646,-1.837463,0.636511
593,0.122746,-0.643154,0.807931,-0.169879,-1.141369,0.650477,0.111708,-0.576726,0.827927,-0.187252,-1.269215,0.632494,0.089166,-0.471067,0.849675,-0.217222,-1.487787,0.634048,0.06306,-0.279046,0.87324,-0.258255,-1.8608,0.651775
594,0.146176,-0.645552,0.802261,-0.136001,-1.181478,0.650021,0.127258,-0.569631,0.81375,-0.160895,-1.302083,0.618508,0.105195,-0.476109,0.835827,-0.184887,-1.527604,0.621594,0.05952,-0.278289,0.876308,-0.229839,-1.909513,0.650147
595,0.154724,-0.649356,0.791185,-0.112379,-1.184817,0.630564,0.129978,-0.583871,0.807675,-0.139824,-1.326739,0.654516,0.117711,-0.473969,0.822719,-0.146686,-1.531792,0.635923,0.058057,-0.287475,0.852507,-0.1986,-1.921995,0.631831
596,0.151795,-0.655534,0.780928,-0.083539,-1.201889,0.62388,0.144198,-0.58445,0.784128,-0.105897,-1.341338,0.625722,0.112782,-0.48631,0.790699,-0.120739,-1.565061,0.631581,0.072622,-0.284616,0.839855,-0.147185,-1.960064,0.624707
597,0.176931,-0.657403,0.752346,-0.052649,-1.211232,0.608675,0.153116,-0.583588,0.773812,-0.073352,-1.366005,0.620025,0.137171,-0.483967,0.78507,-0.075178,-1.573706,0.633103,0.070713,-0.292506,0.814861,-0.108031,-1.971166,0.611607
598,0.181752,-0.667486,0.735837,-0.026771,-1.222036,0.611789,0.162064,-0.594362,0.761361,-0.035126,-1.370955,0.625645,0.136451,-0.484311,0.780625,-0.036299,-1.587532,0.609072,0.079316,-0.292232,0.802497,-0.027066,-2.003854,0.610624
599,0.209706,-0.662831,0.73636,0.000742,-1.249821,0.617716,0.169131,-0.598954,0.743896,-0.018852,-1.391733,0.604669,0.148406,-0.488712,0.757616,0.004084,-1.603974,0.608701,0.083972,-0.286869,0.789405,-0.027005,-2.001632,0.60298
600,0.208107,-0.667027,0.718573,0.018627,-1.270579,0.607834,0.189208,-0.601823,0.72933,0.026277,-1.422159,0.612063,0.157103,-0.495244,0.739478,0.030636,-1.639715,0.596981,0.0895,-0.29458,0.78091,0.04111,-2.035938,0.605749
601,0.225705,-0.664134,0.705517,0.045111,-1.28173,0.588982,0.204195,-0.603396,0.710688,0.043239,-1.418549,0.592226,0.162902,-0.487147,0.731041,0.065396,-1.631243,0.593761,0.102527,-0.288088,0.763269,0.06301,-2.053377,0.58808
602,0.238954,-0.674028,0.680538,0.062795,-1.295052,0.600277,0.211194,-0.591881,0.691937,0.086538,-1.429105,0.595005,0.166676,-0.484282,0.715947,0.11667,-1.659206,0.5711,0.100938,-0.295604,0.737603,0.13451,-2.070811,0.579212
603,0.251207,-0.684695,0.6653,0.086128,-1.291167,0.574723,0.227532,-0.60023,0.678619,0.114674,-1.434335,0.576588,0.182412,-0.49492,0.699361,0.116595,-1.669661,0.560891,0.101959,-0.296007,0.716915,0.176619,-2.113005,0.569824
604,0.262242,-0.671632,0.653634,0.136644,-1.295935,0.588594,0.230271,-0.60837,0.674954,0.158897,-1.45561,0.578975,0.18484,-0.493346,0.670382,0.176445,-1.69297,0.569039,0.113916,-0.294822,0.706318,0.19537,-2.106548,0.568799
605,0.268297,-0.682024,0.642656,0.155365,-1.335294,0.568869,0.24577,-0.611484,0.650656,0.155233,-1.471477,0.5715,0.199817,-0.488679,0.665883,0.199991,-1.707357,0.56472,0.114043,-0.303203,0.682587,0.26605,-2.138127,0.571533
606,0.283984,-0.682058,0.624614,0.180024,-1.323302,0.539757,0.241838,-0.602412,0.630918,0.192036,-1.484852,0.590417,0.206883,-0.508513,0.649725,0.2378,-1.723035,0.545218,0.119075,-0.302009,0.668432,0.285184,-2.133936,0.570975
607,0.290725,-0.680431,0.617117,0.194881,-1.341762,0.542192,0.261563,-0.606983,0.615327,0.226202,-1.48224,0.539728,0.220266,-0.511969,0.637068,0.271879,-1.746788,0.548565,0.135633,-0.304732,0.654045,0.34412,-2.173468,0.561652
608,0.306062,-0.678304,0.582364,0.239324,-1.353432,0.527024,0.275284,-0.6102,0.587745,0.272272,-1.496226,0.548124,0.219661,-0.504313,0.616447,0.300094,-1.732967,0.526174,0.134548,-0.302851,0.639173,0.395871,-2.157237,0.529979
609,0.318564,-0.688263,0.570395,0.269873,-1.36235,0.530358,0.2873,-0.611277,0.579422,0.301127,-1.513852,0.519385,0.22679,-0.502931,0.594243,0.336818,-1.747939,0.515178,0.14539,-0.30676,0.624666,0.433729,-2.216572,0.517605
610,0.325415,-0.684783,0.551802,0.289347,-1.371172,0.535984,0.299003,-0.60666,0.567125,0.315555,-1.524741,0.532028,0.24441,-0.498366,0.578265,0.370039,-1.761448,0.523484,0.145761,-0.307005,0.599356,0.471856,-2.217988,0.517644
611,0.336817,-0.696027,0.534433,0.324434,-1.359175,0.51787,0.298369,-0.619903,0.546673,0.38376,-1.556438,0.511646,0.245589,-0.496767,0.563249,0.397667,-1.770139,0.521552,0.143457,-0.307907,0.572763,0.509839,-2.240316,0.501369
612,0.347385,-0.687569,0.519414,0.335167,-1.401134,0.508635,0.307723,-0.620838,0.525272,0.378948,-1.536102,0.517164,0.24096,-0.512815,0.536758,0.445814,-1.794064,0.498212,0.160524,-0.30533,0.558272,0.533398,-2.249424,0.514179
613,0.364972,-0.678374,0.508691,0.368828,-1.385461,0.496654,0.328475,-0.618582,0.512976,0.429867,-1.547708,0.498089,0.269052,-0.500274,0.517551,0.491596,-1.795732,0.484339,0.153952,-0.308157,0.536375,0.594534,-2.247947,0.4952
614,0.363394,-0.679736,0.487718,0.409347,-1.393826,0.484425,0.327154,-0.609942,0.485441,0.429551,-1.558653,0.478909,0.269178,-0.50012,0.51065,0.500999,-1.810629,0.480971,0.159846,-0.30137,0.519817,0.641572,-2.278698,0.466297
615,0.374731,-0.678173,0.467287,0.41513,-1.419966,0.458641,0.340204,-0.614613,0.462422,0.467843,-1.570793,0.484134,0.295816,-0.495018,0.478412,0.546144,-1.80594,0.484868,0.163969,-0.299605,0.502598,0.702925,-2.281826,0.478881
616,0.397497,-0.685499,0.440347,0.451868,-1.406419,0.461387,0.356997,-0.61637,0.447611,0.48155,-1.579579,0.462201,0.293821,-0.501617,0.465134,0.581126,-1.811551,0.467269,0.178261,-0.287694,0.483729,0.735543,-2.276775,0.463941
617,0.399927,-0.674479,0.426131,0.479882,-1.407178,0.442681,0.369033,-0.604133,0.439354,0.527103,-1.57421,0.461322,0.29928,-0.495735,0.440783,0.626364,-1.839685,0.475652,0.174283,-0.304911,0.463417,0.770344,-2.276364,0.442194
618,0.412766,-0.683161,0.3987,0.510334,-1.422103,0.466995,0.371018,-0.597899,0.409131,0.540947,-1.5854,0.45735,0.299938,-0.495975,0.431676,0.661016,-1.834968,0.443499,0.183286,-0.293581,0.442143,0.813541,-2.298135,0.468074
619,0.43682,-0.673532,0.394547,0.51437,-1.420724,0.426858,0.377373,-0.601449,0.39454,0.583996,-1.595932,0.437286,0.317072,-0.495464,0.407809,0.673088,-1.851666,0.446784,0.193867,-0.294459,0.418648,0.836807,-2.296719,0.450434
620,0.438067,-0.677573,0.370981,0.537518,-1.440661,0.427163,0.389371,-0.599658,0.369617,0.613479,-1.599795,0.425612,0.318321,-0.50031,0.389123,0.706875,-1.850938,0.425628,0.183642,-0.298421,0.404268,0.890004,-2.302157,0.434583
621,0.448596,-0.663747,0.352735,0.569281,-1.42706,0.405438,0.400293,-0.60352,0.34964,0.648771,-1.586653,0.405753,0.330872,-0.487638,0.370958,0.730931,-1.854573,0.416274,0.195135,-0.294895,0.387925,0.925267,-2.317254,0.424194
622,0.450017,-0.670289,0.332617,0.589213,-1.451976,0.404108,0.402279,-0.595915,0.340602,0.674205,-1.601858,0.423061,0.333337,-0.494986,0.342408,0.758455,-1.853274,0.406508,0.194897,-0.29235,0.363581,0.967512,-2.321039,0.402424
623,0.459495,-0.654649,0.32417,0.616046,-1.441906,0.398333,0.421919,-0.590602,0.326084,0.689568,-1.606077,0.390506,0.342581,-0.484141,0.323172,0.818912,-1.860471,0.393665,0.202982,-0.29102,0.33601,0.988542,-2.339436,0.396341
624,0.478435,-0.662095,0.298668,0.652798,-1.439387,0.386361,0.424746,-0.589825,0.295595,0.724661,-1.617316,0.390565,0.351177,-0.484471,0.301711,0.82643,-1.865728,0.374972,0.206004,-0.293661,0.32444,1.029952,-2.315818,0.373151
625,0.476327,-0.650747,0.274867,0.674469,-1.443093,0.37859,0.440031,-0.590189,0.286877,0.734573,-1.615291,0.375081,0.360687,-0.480202,0.285248,0.857038,-1.855257,0.383009,0.212397,-0.288041,0.289445,1.090019,-2.340335,0.383663
626,0.498348,-0.64791,0.258013,0.706518,-1.434681,0.368435,0.439296,-0.57692,0.259781,0.776656,-1.619134,0.37698,0.360264,-0.486069,0.259985,0.906372,-1.856724,0.357603,0.217394,-0.284826,0.275595,1.133665,-2.34735,0.373115
627,0.50413,-0.650621,0.238775,0.72996,-1.449856,0.356868,0.4427,-0.579765,0.244071,0.793431,-1.608946,0.345604,0.365543,-0.479121,0.251165,0.938356,-1.865527,0.329565,0.2168,-0.276579,0.256927,1.172523,-2.344359,0.354759
628,0.511235,-0.643406,0.216147,0.741579,-1.430639,0.362453,0.45114,-0.582985,0.230311,0.831307,-1.616104,0.341914,0.36757,-0.468815,0.224017,0.96411,-1.856191,0.329513,0.22977,-0.288246,0.239683,1.203975,-2.324505,0.340881
629,0.506965,-0.646931,0.199284,0.773369,-1.43924,0.341311,0.456545,-0.585676,0.202519,0.867464,-1.598334,0.32573,0.389048,-0.47004,0.209546,0.983864,-1.861316,0.320612,0.220795,-0.276695,0.209287,1.23046,-2.320574,0.309549
630,0.528271,-0.634659,0.179738,0.787165,-1.423598,0.328308,0.464593,-0.578926,0.180873,0.882691,-1.599197,0.31898,0.386261,-0.467519,0.184998,1.015013,-1.862248,0.330559,0.239054,-0.27176,0.190534,1.290546,-2.327203,0.330344
631,0.536051,-0.631756,0.156822,0.810694,-1.442674,0.318389,0.483398,-0.563867,0.164375,0.914423,-1.609757,0.31514,0.393305,-0.461158,0.17437,1.046013,-1.854479,0.299134,0.240087,-0.273651,0.177919,1.324666,-2.319855,0.303287
632,0.547378,-0.626272,0.137599,0.822565,-1.441842,0.277631,0.477762,-0.561787,0.147937,0.938023,-1.614471,0.288481,0.399392,-0.461428,0.145378,1.066801,-1.840918,0.292097,0.24261,-0.270713,0.146005,1.361698,-2.302618,0.290087
633,0.560438,-0.626366,0.117693,0.839436,-1.441955,0.280774,0.495045,-0.561629,0.117613,0.96367,-1.598878,0.263122,0.406485,-0.452787,0.123749,1.096608,-1.870423,0.279935,0.247825,-0.267712,0.132143,1.370926,-2.320251,0.286447
634,0.557492,-0.625615,0.099027,0.882466,-1.439137,0.256788,0.494253,-0.548149,0.099378,0.998997,-1.598121,0.272709,0.408011,-0.451157,0.100521,1.150175,-1.850261,0.255566,0.242713,-0.280346,0.11023,1.436455,-2.32517,0.26054
635,0.556299,-0.612349,0.077544,0.893052,-1.42861,0.260472,0.508375,-0.552548,0.077801,0.986846,-1.596664,0.248499,0.408783,-0.458208,0.080189,1.160806,-1.835402,0.246639,0.251017,-0.269091,0.090244,1.448616,-2.288435,0.25087
636,0.565588,-0.612911,0.068336,0.925142,-1.416081,0.248502,0.509672,-0.550746,0.056002,1.024831,-1.593816,0.233765,0.421327,-0.444559,0.0616,1.22097,-1.840527,0.23905,0.239969,-0.274242,0.064208,1.482271,-2.316718,0.239022
637,0.569042,-0.595346,0.042532,0.922494,-1.417325,0.221786,0.519501,-0.538382,0.039198,1.040842,-1.577448,0.228209,0.422228,-0.443176,0.049106,1.229491,-1.854633,0.22842,0.257623,-0.268146,0.031597,1.532634,-2.291799,0.226161
638,0.576723,-0.591176,0.01702,0.9463,-1.424527,0.211837,0.528866,-0.53345,0.02168,1.087769,-1.56751,0.226793,0.430887,-0.438409,0.016859,1.231374,-1.814385,0.211287,0.262154,-0.26471,0.020336,1.573737,-2.284037,0.227646
639,0.581087,-0.589126,-0.006779,0.980966,-1.399264,0.212823,0.539306,-0.525235,0.005861,1.105032,-1.569925,0.223826,0.436774,-0.432311,-0.002987,1.273018,-1.811263,0.194389,0.246808,-0.267224,-0.0044,1.59244,-2.285107,0.205521
640,0.590085,-0.580363,-0.011845,1.001868,-1.410465,0.185515,0.537299,-0.523672,-0.024312,1.09698,-1.578678,0.187596,0.433647,-0.429718,-0.02479,1.304192,-1.80424,0.211179,0.271216,-0.256708,-0.023871,1.607667,-2.268663,0.195367
641,0.607828,-0.567966,-0.046191,0.996353,-1.413756,0.167495,0.541345,-0.514997,-0.03683,1.144844,-1.551974,0.1832,0.44353,-0.418652,-0.04512,1.329336,-1.788127,0.186142,0.261193,-0.254258,-0.04112,1.648948,-2.248448,0.184444
642,0.601812,-0.564498,-0.061267,1.034468,-1.400299,0.175947,0.548367,-0.506334,-0.064754,1.14564,-1.542931,0.172826,0.445939,-0.417745,-0.057999,1.357406,-1.79217,0.171304,0.276518,-0.251018,-0.061608,1.670019,-2.270584,0.181043
643,0.62329,-0.577159,-0.085457,1.060839,-1.368396,0.152866,0.550773,-0.511985,-0.088381,1.163842,-1.531485,0.156391,0.44087,-0.411298,-0.083788,1.383363,-1.76835,0.144497,0.269139,-0.245311,-0.08029,1.715709,-2.23423,0.147171
644,0.620375,-0.560382,-0.105579,1.086606,-1.355887,0.144015,0.552349,-0.500243,-0.102897,1.200295,-1.518251,0.13681,0.452292,-0.409599,-0.109963,1.390357,-1.752136,0.135576,0.265631,-0.247529,-0.108833,1.747902,-2.223105,0.152737
645,0.622376,-0.552179,-0.123725,1.101302,-1.353001,0.133377,0.560578,-0.500999,-0.126492,1.198416,-1.52199,0.133885,0.453186,-0.394773,-0.12467,1.415538,-1.767697,0.12499,0.278085,-0.246864,-0.134526,1.770434,-2.21644,0.139827
646,0.633036,-0.531752,-0.14084,1.128865,-1.344248,0.132273,0.569032,-0.485858,-0.152943,1.226155,-1.502595,0.112231,0.4653,-0.393574,-0.156406,1.453183,-1.75135,0.140104,0.28167,-0.245725,-0.149119,1.80479,-2.182629,0.120901
647,0.637463,-0.540623,-0.166057,1.128664,-1.336804,0.108488,0.571242,-0.474137,-0.167782,1.256469,-1.463121,0.095601,0.460877,-0.390966,-0.174058,1.480672,-1.73356,0.093392,0.276938,-0.236302,-0.179191,1.827996,-2.169386,0.086066
648,0.640439,-0.527298,-0.17825,1.131756,-1.348396,0.058176,0.576542,-0.469047,-0.18064,1.261273,-1.490989,0.078841,0.468671,-0.389175,-0.182528,1.491312,-1.702098,0.084401,0.279993,-0.232377,-0.193112,1.827517,-2.153305,0.086924
649,0.637931,-0.517785,-0.196158,1.16593,-1.314953,0.077828,0.577764,-0.470033,-0.201708,1.290715,-1.472054,0.077328,0.467197,-0.382378,-0.205887,1.518521,-1.683893,0.077541,0.285916,-0.222965,-0.225858,1.867577,-2.127148,0.060245
650,0.654155,-0.506072,-0.227912,1.171269,-1.320255,0.051243,0.57135,-0.455017,-0.224046,1.328439,-1.44875,0.064797,0.489375,-0.375696,-0.233378,1.527066,-1.68772,0.049245,0.276965,-0.222716,-0.243093,1.90552,-2.126209,0.06608
651,0.649054,-0.501677,-0.241404,1.197646,-1.292055,0.049463,0.582062,-0.448921,-0.243997,1.333416,-1.435019,0.036182,0.490586,-0.368264,-0.249076,1.530059,-1.6539,0.040011,0.287965,-0.219519,-0.259643,1.929905,-2.123301,0.034643
652,0.669066,-0.496453,-0.256741,1.202901,-1.271154,0.030808,0.584518,-0.436701,-0.266842,1.344279,-1.434005,0.037635,0.488256,-0.349554,-0.280778,1.550627,-1.66691,0.028179,0.286281,-0.207139,-0.274724,1.961767,-2.076213,0.058498
653,0.659255,-0.475441,-0.284492,1.213702,-1.267537,0.034034,0.582822,-0.428326,-0.281882,1.349058,-1.431449,0.017176,0.486399,-0.351709,-0.292389,1.574247,-1.65255,0.009672,0.294929,-0.210162,-0.298791,1.965971,-2.052404,0.021759
654,0.660522,-0.475845,-0.298565,1.238008,-1.258869,-0.000218,0.591241,-0.422256,-0.303711,1.387864,-1.399994,0.014057,0.487283,-0.343219,-0.308972,1.606707,-1.640244,0.013796,0.295797,-0.204046,-0.32727,1.985779,-2.025255,0.004647
655,0.668453,-0.459175,-0.312216,1.257544,-1.224639,-0.030352,0.598301,-0.409714,-0.324088,1.406054,-1.40005,-0.00752,0.482075,-0.344979,-0.331553,1.633475,-1.610362,-0.001817,0.290378,-0.206141,-0.344841,2.016524,-2.014022,0.006607
656,0.671757,-0.451049,-0.340096,1.273636,-1.223297,-0.021728,0.592785,-0.407529,-0.33966,1.410493,-1.364357,-0.015374,0.482827,-0.337366,-0.35247,1.621259,-1.598331,-0.026039,0.294662,-0.203178,-0.363043,2.049361,-1.988547,-0.012797
657,0.680801,-0.432847,-0.360379,1.281334,-1.219366,-0.032954,0.597702,-0.402751,-0.362731,1.412839,-1.36713,-0.030996,0.492333,-0.33844,-0.376952,1.636995,-1.567444,-0.03306,0.300388,-0.191372,-0.383777,2.051034,-1.97325,-0.031586
658,0.681887,-0.435629,-0.366824,1.275795,-1.181838,-0.059932,0.608805,-0.38446,-0.38383,1.430698,-1.335172,-0.040904,0.495208,-0.313216,-0.391254,1.662889,-1.547903,-0.059115,0.299725,-0.188717,-0.410757,2.090176,-1.93886,-0.041165
659,0.673416,-0.421015,-0.396006,1.293891,-1.186528,-0.043291,0.600459,-0.381592,-0.406564,1.457093,-1.328315,-0.045906,0.490258,-0.307901,-0.410645,1.677192,-1.527321,-0.051474,0.291474,-0.189843,-0.427784,2.112285,-1.91949,-0.054605
660,0.676681,-0.404039,-0.406508,1.313713,-1.190197,-0.072617,0.61853,-0.369021,-0.420764,1.471623,-1.297626,-0.068306,0.499439,-0.307392,-0.439261,1.713344,-1.528784,-0.069255,0.299179,-0.18304,-0.443686,2.111177,-1.895395,-0.065086
661,0.68067,-0.398727,-0.436251,1.335603,-1.151323,-0.086571,0.607462,-0.359794,-0.441777,1.460309,-1.280982,-0.090855,0.492695,-0.290649,-0.454822,1.716601,-1.507188,-0.07689,0.298574,-0.174328,-0.472626,2.136315,-1.857346,-0.074112
662,0.667885,-0.399484,-0.464846,1.325869,-1.139624,-0.08711,0.61479,-0.350177,-0.462222,1.484247,-1.291326,-0.104384,0.492735,-0.289428,-0.467388,1.723818,-1.483816,-0.095757,0.30429,-0.168446,-0.489289,2.149582,-1.839552,-0.091143
663,0.678639,-0.382622,-0.465671,1.331897,-1.100784,-0.10331,0.608724,-0.340718,-0.475163,1.499784,-1.27547,-0.104483,0.497684,-0.277113,-0.484474,1.73078,-1.448877,-0.112008,0.298091,-0.167985,-0.503231,2.18341,-1.818813,-0.113977
664,0.674165,-0.37707,-0.477627,1.359246,-1.094729,-0.125818,0.618458,-0.329915,-0.500497,1.507779,-1.226663,-0.138828,0.500394,-0.270122,-0.510585,1.736578,-1.432441,-0.106522,0.296212,-0.157455,-0.533014,2.201562,-1.777801,-0.119668
665,0.674809,-0.366597,-0.499661,1.376935,-1.077973,-0.133143,0.612523,-0.320538,-0.50523,1.517997,-1.213194,-0.13114,0.504966,-0.267697,-0.529215,1.775863,-1.42085,-0.141862,0.298245,-0.160281,-0.546868,2.21974,-1.734677,-0.11483
666,0.681866,-0.350757,-0.528346,1.385643,-1.067782,-0.13328,0.605116,-0.307115,-0.532669,1.522097,-1.18537,-0.132718,0.498992,-0.249479,-0.545326,1.759072,-1.395037,-0.163569,0.297678,-0.153684,-0.558774,2.224529,-1.73919,-0.145053
