sample_idx,Va_1,Vb_1,Vc_1,Ia_1,Ib_1,Ic_1,Va_5,Vb_5,Vc_5,Ia_5,Ib_5,Ic_5,Va_10,Vb_10,Vc_10,Ia_10,Ib_10,Ic_10,Va_30,Vb_30,Vc_30,Ia_30,Ib_30,Ic_30
0,1.000665,-0.505978,-0.488577,0.649365,-0.490089,-0.143998,0.99075,-0.493962,-0.503997,0.640102,-0.482276,-0.154736,0.99949,-0.495245,-0.498691,0.640466,-0.500007,-0.13686,0.995248,-0.501057,-0.497322,0.633886,-0.497076,-0.14735
1,0.997846,-0.488093,-0.521503,0.629521,-0.468908,-0.161011,1.001214,-0.496083,-0.520533,0.627258,-0.483245,-0.150978,1.000854,-0.486634,-0.511611,0.654851,-0.487823,-0.167673,1.001032,-0.484527,-0.516591,0.651703,-0.480257,-0.144185
2,0.995951,-0.462432,-0.533613,0.659755,-0.478286,-0.164286,0.999688,-0.470051,-0.537506,0.643871,-0.466506,-0.167425,0.999434,-0.469555,-0.542514,0.644899,-0.467397,-0.180752,0.999639,-0.47224,-0.531645,0.643611,-0.489665,-0.183564
3,0.998134,-0.461446,-0.555719,0.646713,-0.466524,-0.185709,0.992337,-0.449844,-0.551931,0.660523,-0.464761,-0.190655,0.993986,-0.446314,-0.553303,0.637285,-0.467208,-0.19305,1.007913,-0.450275,-0.547568,0.655722,-0.451389,-0.191517
4,1.006391,-0.437483,-0.565337,0.672847,-0.458311,-0.198474,1.00191,-0.433113,-0.564426,0.659924,-0.446796,-0.213693,0.998731,-0.435415,-0.574662,0.649608,-0.46155,-0.202444,1.009754,-0.426597,-0.56586,0.64464,-0.467723,-0.176486
5,0.996911,-0.418969,-0.580383,0.66868,-0.446967,-0.21087,0.997136,-0.424104,-0.575389,0.672658,-0.445304,-0.203157,0.99508,-0.414589,-0.58325,0.637368,-0.459018,-0.202213,0.999252,-0.421118,-0.578981,0.652046,-0.435453,-0.218302
6,0.99279,-0.396176,-0.596903,0.644729,-0.440527,-0.214341,0.995744,-0.408537,-0.593162,0.656347,-0.428706,-0.226305,0.996762,-0.404711,-0.595851,0.654899,-0.431653,-0.222136,0.989872,-0.401903,-0.590602,0.668802,-0.429652,-0.219749
7,0.984897,-0.382324,-0.611052,0.670038,-0.420531,-0.230837,0.986002,-0.381398,-0.608226,0.658969,-0.419534,-0.24689,0.981134,-0.390174,-0.605681,0.665518,-0.422811,-0.235836,0.986168,-0.386238,-0.61138,0.654771,-0.408688,-0.245106
8,0.994728,-0.358875,-0.625343,0.673247,-0.405556,-0.249196,0.992619,-0.371462,-0.617448,0.65778,-0.416726,-0.232318,0.996682,-0.360601,-0.62057,0.644099,-0.404236,-0.24841,0.984586,-0.361987,-0.625084,0.641781,-0.421439,-0.252914
9,0.979699,-0.349791,-0.644372,0.66726,-0.40641,-0.250638,0.9885,-0.348316,-0.637916,0.672493,-0.426883,-0.258978,0.985424,-0.347082,-0.637255,0.673471,-0.425742,-0.240588,0.987696,-0.343269,-0.633198,0.657458,-0.391326,-0.265817
10,0.9855,-0.317462,-0.649832,0.675977,-0.39487,-0.27392,0.979136,-0.334399,-0.657046,0.663036,-0.394023,-0.264929,0.982008,-0.322244,-0.658608,0.663475,-0.383782,-0.275967,0.974904,-0.325997,-0.653775,0.662564,-0.389001,-0.260109
11,0.979239,-0.311254,-0.669664,0.664309,-0.38413,-0.276211,0.981858,-0.316368,-0.666776,0.673555,-0.399728,-0.281584,0.975487,-0.306039,-0.663685,0.66887,-0.383813,-0.284265,0.980233,-0.310306,-0.666503,0.674389,-0.403826,-0.277265
12,0.970747,-0.29589,-0.680547,0.677857,-0.350502,-0.27905,0.981067,-0.293594,-0.689818,0.684711,-0.368471,-0.286867,0.979872,-0.287166,-0.671258,0.670613,-0.381161,-0.304808,0.976094,-0.28907,-0.682732,0.659551,-0.381129,-0.298149
13,0.964314,-0.276485,-0.691833,0.65486,-0.348823,-0.30839,0.971557,-0.265276,-0.69102,0.659836,-0.37007,-0.299284,0.964662,-0.278609,-0.684878,0.661318,-0.368811,-0.302852,0.975911,-0.2774,-0.692275,0.672661,-0.376102,-0.311961
14,0.960254,-0.263421,-0.699311,0.677607,-0.362788,-0.31396,0.977953,-0.253853,-0.71288,0.680937,-0.342605,-0.316919,0.957007,-0.25794,-0.71425,0.668149,-0.35682,-0.319718,0.967772,-0.254892,-0.708479,0.660093,-0.35356,-0.31886
15,0.955903,-0.236936,-0.717515,0.673882,-0.354935,-0.326782,0.961267,-0.234323,-0.715465,0.671055,-0.348627,-0.32741,0.958561,-0.249541,-0.725276,0.682826,-0.339638,-0.324439,0.963577,-0.236936,-0.719397,0.672154,-0.351768,-0.315475
16,0.961391,-0.212395,-0.727677,0.658066,-0.336839,-0.357312,0.956903,-0.222029,-0.736904,0.676231,-0.31863,-0.344887,0.952913,-0.221263,-0.732054,0.669206,-0.353707,-0.343363,0.957117,-0.215355,-0.72857,0.67824,-0.345945,-0.333107
17,0.944304,-0.203136,-0.752713,0.667196,-0.324621,-0.360037,0.944687,-0.200959,-0.751516,0.67629,-0.327361,-0.354277,0.951163,-0.202656,-0.73785,0.653392,-0.321149,-0.36201,0.954311,-0.206938,-0.739155,0.666501,-0.320453,-0.352584
18,0.947413,-0.177922,-0.761647,0.65794,-0.313038,-0.348109,0.953591,-0.190356,-0.755296,0.657113,-0.310099,-0.343375,0.943919,-0.182456,-0.753842,0.653973,-0.309608,-0.357703,0.947311,-0.181202,-0.766342,0.679346,-0.318881,-0.369255
19,0.935989,-0.150699,-0.778054,0.675479,-0.297497,-0.384561,0.941251,-0.160106,-0.765739,0.664799,-0.297255,-0.365594,0.932961,-0.157947,-0.773481,0.671366,-0.306105,-0.371593,0.943698,-0.162854,-0.772585,0.689924,-0.31708,-0.365057
20,0.927196,-0.143929,-0.785269,0.665238,-0.291675,-0.398901,0.922208,-0.136857,-0.789554,0.659439,-0.316589,-0.381217,0.923239,-0.153949,-0.778996,0.670869,-0.28175,-0.372041,0.935737,-0.144877,-0.787174,0.684633,-0.273201,-0.381741
21,0.923693,-0.130414,-0.79663,0.671711,-0.272015,-0.388138,0.928918,-0.125908,-0.796529,0.66447,-0.288712,-0.399181,0.921381,-0.121544,-0.802198,0.677097,-0.25724,-0.374132,0.921165,-0.123129,-0.792873,0.666572,-0.280536,-0.40113
22,0.904161,-0.110478,-0.811244,0.660296,-0.2646,-0.402574,0.917823,-0.107319,-0.806232,0.658784,-0.25692,-0.391646,0.908557,-0.10766,-0.800081,0.651524,-0.259395,-0.408743,0.914015,-0.113696,-0.799667,0.665052,-0.289195,-0.403736
23,0.911803,-0.096458,-0.816417,0.658707,-0.239353,-0.410252,0.910442,-0.084778,-0.816064,0.674399,-0.252587,-0.391476,0.910303,-0.087868,-0.812565,0.665325,-0.253126,-0.416012,0.914376,-0.082324,-0.813444,0.661798,-0.261799,-0.400353
24,0.895488,-0.07898,-0.833235,0.649809,-0.256098,-0.422714,0.90421,-0.076173,-0.82453,0.649626,-0.222912,-0.419246,0.900032,-0.072572,-0.831771,0.659511,-0.242629,-0.429221,0.900321,-0.078182,-0.829966,0.651347,-0.247019,-0.412435
25,0.89596,-0.053962,-0.842193,0.661663,-0.211798,-0.426438,0.893694,-0.066382,-0.837242,0.659715,-0.238264,-0.433802,0.891536,-0.052844,-0.838642,0.644257,-0.232172,-0.4174,0.886683,-0.052639,-0.842182,0.649068,-0.225299,-0.419564
26,0.890234,-0.025204,-0.852918,0.655021,-0.218635,-0.444024,0.891524,-0.031897,-0.838491,0.670898,-0.206928,-0.448112,0.879722,-0.042103,-0.847006,0.662219,-0.243615,-0.424567,0.879512,-0.038612,-0.849024,0.647695,-0.201932,-0.435461
27,0.868745,-0.024326,-0.850521,0.66078,-0.205051,-0.449634,0.873341,-0.017636,-0.846707,0.653133,-0.224057,-0.434322,0.868485,-0.012659,-0.866708,0.658874,-0.203978,-0.460088,0.861223,-0.007944,-0.858307,0.651899,-0.207867,-0.455032
28,0.873423,0.012842,-0.865864,0.658396,-0.194938,-0.435943,0.85813,0.010967,-0.871982,0.643457,-0.220404,-0.453364,0.867343,0.002563,-0.863196,0.659412,-0.197467,-0.457055,0.864625,-0.0003,-0.868218,0.639708,-0.206368,-0.437327
29,0.853754,0.023535,-0.87409,0.65524,-0.189525,-0.441655,0.853832,0.02414,-0.873165,0.645215,-0.190703,-0.452436,0.842669,0.013404,-0.871447,0.654859,-0.183288,-0.45684,0.855132,0.020593,-0.873908,0.635776,-0.174457,-0.455139
30,0.838142,0.042428,-0.890795,0.64501,-0.171621,-0.468632,0.8466,0.031872,-0.884215,0.652012,-0.183025,-0.482267,0.843968,0.032735,-0.883831,0.649664,-0.161661,-0.46032,0.844037,0.051108,-0.889451,0.646669,-0.180548,-0.465548
31,0.839276,0.053786,-0.893443,0.641332,-0.163412,-0.491102,0.840558,0.0597,-0.89104,0.620993,-0.170259,-0.475711,0.834331,0.061485,-0.899445,0.654506,-0.166181,-0.480164,0.828844,0.065053,-0.901888,0.649769,-0.162039,-0.490668
32,0.825579,0.083751,-0.903226,0.642013,-0.146092,-0.492762,0.823747,0.074028,-0.904067,0.643803,-0.148368,-0.477068,0.830047,0.080228,-0.905953,0.639604,-0.131806,-0.496295,0.825681,0.080712,-0.903491,0.659401,-0.127217,-0.484176
33,0.808075,0.105408,-0.907462,0.638912,-0.116792,-0.502786,0.815351,0.096414,-0.914754,0.635351,-0.128048,-0.504095,0.818536,0.098342,-0.911076,0.631156,-0.137908,-0.505405,0.811154,0.104478,-0.913781,0.635004,-0.131,-0.501364
34,0.80321,0.114034,-0.926706,0.612231,-0.123186,-0.525986,0.806727,0.118774,-0.917774,0.647387,-0.139376,-0.506683,0.796121,0.116005,-0.922864,0.637002,-0.130322,-0.500093,0.802023,0.120198,-0.919416,0.632591,-0.127833,-0.510574
35,0.800103,0.132235,-0.924383,0.616578,-0.095586,-0.520735,0.788741,0.13156,-0.918652,0.616405,-0.088237,-0.512882,0.795779,0.132762,-0.919018,0.616656,-0.113442,-0.526963,0.787904,0.142645,-0.925125,0.63644,-0.109479,-0.527877
36,0.772688,0.152312,-0.94221,0.618119,-0.084593,-0.529087,0.769488,0.153882,-0.933142,0.623859,-0.09844,-0.535382,0.77274,0.154373,-0.934556,0.60921,-0.088432,-0.515558,0.778665,0.154817,-0.942306,0.612602,-0.097161,-0.524093
37,0.768954,0.169364,-0.941131,0.618172,-0.092371,-0.546857,0.759621,0.181925,-0.939158,0.619489,-0.090834,-0.525604,0.769021,0.17026,-0.92988,0.61206,-0.086647,-0.531681,0.761814,0.171113,-0.935084,0.608199,-0.091612,-0.540428
38,0.754055,0.185886,-0.944184,0.592615,-0.085458,-0.545132,0.756906,0.192293,-0.953149,0.627371,-0.084637,-0.535246,0.754268,0.190752,-0.94551,0.629372,-0.073722,-0.532717,0.756299,0.186773,-0.938689,0.601973,-0.068885,-0.536651
39,0.742822,0.212931,-0.947908,0.598713,-0.058228,-0.558101,0.736946,0.207972,-0.954199,0.607506,-0.069032,-0.553476,0.738251,0.210411,-0.953732,0.609639,-0.04892,-0.54406,0.740332,0.216025,-0.951192,0.607533,-0.048099,-0.538129
40,0.730476,0.225296,-0.956518,0.600412,-0.054287,-0.541558,0.724121,0.230682,-0.952348,0.620501,-0.049894,-0.547857,0.736841,0.232026,-0.948552,0.608655,-0.03186,-0.546635,0.722735,0.225673,-0.958384,0.596945,-0.059494,-0.544098
41,0.70959,0.247183,-0.96569,0.585967,-0.038127,-0.55534,0.722872,0.251879,-0.959959,0.594625,-0.027904,-0.565865,0.718123,0.254348,-0.962158,0.5819,-0.030091,-0.571077,0.702437,0.257298,-0.965313,0.59173,-0.030826,-0.577491
42,0.70609,0.269162,-0.967834,0.600336,-0.025637,-0.579814,0.712003,0.266232,-0.971728,0.580588,-0.012838,-0.565427,0.708925,0.258791,-0.97962,0.584541,-0.031907,-0.573605,0.69792,0.268695,-0.972716,0.602211,-0.028201,-0.571241
43,0.684756,0.280365,-0.967908,0.582151,-0.020961,-0.575825,0.69082,0.288321,-0.958814,0.576923,-0.006794,-0.562582,0.69447,0.290512,-0.973818,0.593491,-0.015723,-0.563435,0.693576,0.2826,-0.971336,0.582241,-0.023833,-0.563126
44,0.681034,0.297987,-0.973333,0.572697,-0.012989,-0.595388,0.671687,0.297713,-0.981827,0.583238,0.006732,-0.559649,0.678371,0.303889,-0.977738,0.582062,-0.022727,-0.580753,0.681485,0.298411,-0.979395,0.571541,-0.000404,-0.571467
45,0.660362,0.320768,-0.982853,0.568739,0.016885,-0.594899,0.664849,0.328513,-0.968037,0.577351,0.01309,-0.601438,0.660715,0.32126,-0.980671,0.560762,0.003493,-0.580301,0.663396,0.321768,-0.990109,0.569633,0.030406,-0.585446
46,0.648505,0.334619,-0.984064,0.576952,0.028542,-0.591424,0.642458,0.33956,-0.977978,0.562916,0.029849,-0.605594,0.648173,0.339334,-0.986652,0.563047,0.037633,-0.587688,0.642259,0.334127,-0.977802,0.5688,0.019784,-0.604184
47,0.632769,0.358885,-0.99189,0.559847,0.031659,-0.587538,0.632452,0.362762,-0.984738,0.553991,0.040415,-0.596521,0.63464,0.352528,-0.989363,0.570822,0.067076,-0.602557,0.640084,0.347623,-0.979718,0.558452,0.052159,-0.619905
48,0.62181,0.376733,-0.988296,0.561733,0.038904,-0.601876,0.617489,0.367305,-0.990192,0.559227,0.044625,-0.609541,0.625633,0.370221,-0.984133,0.554113,0.059172,-0.62235,0.625711,0.364076,-0.985946,0.549513,0.057166,-0.594974
49,0.600474,0.385982,-0.99085,0.536347,0.069973,-0.616043,0.590833,0.387424,-0.990578,0.540074,0.070681,-0.603672,0.608887,0.4022,-0.991108,0.538745,0.053484,-0.620213,0.595359,0.393903,-0.991077,0.552358,0.057984,-0.621188
50,0.586815,0.398249,-0.989722,0.540139,0.063456,-0.608945,0.589427,0.4139,-0.988991,0.534352,0.08027,-0.623965,0.591661,0.409706,-1.003576,0.506401,0.060796,-0.610398,0.586962,0.4067,-0.995416,0.54497,0.083845,-0.613977
51,0.576354,0.423936,-0.999679,0.529223,0.091376,-0.623725,0.567134,0.427368,-0.999924,0.527961,0.097486,-0.631743,0.563306,0.425988,-0.986325,0.534601,0.088695,-0.620996,0.58148,0.419043,-0.992077,0.518399,0.081601,-0.624017
52,0.553243,0.436261,-0.986246,0.510083,0.114416,-0.629302,0.556437,0.436884,-0.989572,0.526127,0.094336,-0.619861,0.556704,0.443746,-0.993605,0.508021,0.108757,-0.613363,0.550352,0.444441,-0.990401,0.538352,0.12654,-0.612435
53,0.545715,0.462582,-0.992042,0.520119,0.133372,-0.636949,0.541938,0.454143,-1.008923,0.505015,0.118722,-0.645254,0.535629,0.447543,-0.992144,0.507326,0.124652,-0.616999,0.546005,0.449352,-0.997862,0.503797,0.131999,-0.616929
54,0.527923,0.470199,-0.998517,0.517225,0.117663,-0.638258,0.526569,0.478368,-0.99593,0.51209,0.125696,-0.608513,0.526421,0.472376,-0.999542,0.489291,0.123381,-0.61777,0.520668,0.478225,-1.004103,0.513669,0.113915,-0.638646
55,0.508024,0.486635,-1.004576,0.506524,0.135292,-0.641837,0.515595,0.48773,-0.995981,0.489091,0.133593,-0.641758,0.505076,0.491116,-0.997559,0.48796,0.142655,-0.63436,0.506982,0.494884,-0.991192,0.495206,0.141068,-0.649719
56,0.48727,0.512269,-0.995047,0.496341,0.156892,-0.636761,0.493734,0.498532,-1.003518,0.489191,0.142074,-0.644432,0.485099,0.511905,-0.992335,0.487724,0.168419,-0.647667,0.490001,0.514537,-0.997213,0.47799,0.147936,-0.636621
57,0.474087,0.530502,-1.005962,0.484232,0.169285,-0.641254,0.47823,0.519058,-0.999795,0.491129,0.174174,-0.629411,0.46911,0.520376,-1.005103,0.492314,0.152248,-0.632967,0.473619,0.51828,-0.999144,0.493608,0.171265,-0.655588
58,0.456769,0.536867,-1.002682,0.468906,0.160887,-0.655239,0.457583,0.542776,-1.00258,0.475505,0.171752,-0.615071,0.457748,0.542075,-1.000604,0.456156,0.195872,-0.645641,0.462894,0.538221,-0.997228,0.486354,0.180616,-0.655319
59,0.440693,0.553064,-0.997676,0.45325,0.187613,-0.640806,0.440464,0.545411,-0.998203,0.456728,0.187794,-0.654483,0.455931,0.559926,-1.009255,0.469179,0.204204,-0.652041,0.443469,0.554967,-0.996474,0.465958,0.186551,-0.64375
60,0.422167,0.574531,-0.996622,0.467667,0.222683,-0.67048,0.422424,0.57396,-1.000695,0.459437,0.206727,-0.636381,0.42028,0.577354,-0.994741,0.447046,0.191684,-0.653969,0.422226,0.573591,-0.997406,0.454354,0.203804,-0.648445
61,0.409888,0.5939,-0.989899,0.43465,0.194715,-0.673852,0.40826,0.589792,-0.987923,0.427264,0.215603,-0.654333,0.409179,0.586882,-1.00283,0.421935,0.213157,-0.642517,0.418228,0.59263,-0.99434,0.452961,0.205223,-0.651813
62,0.393927,0.601422,-0.986705,0.411343,0.219905,-0.670971,0.386592,0.602886,-0.993753,0.436843,0.223158,-0.665029,0.384434,0.600853,-0.991219,0.440921,0.218568,-0.665572,0.389395,0.598495,-0.986764,0.451222,0.230992,-0.67426
63,0.367929,0.623144,-0.990624,0.418012,0.245384,-0.665613,0.368174,0.617361,-0.992544,0.418227,0.233558,-0.653264,0.366601,0.614055,-0.987123,0.417308,0.229696,-0.661534,0.373691,0.613716,-0.983682,0.416169,0.228095,-0.687487
64,0.360904,0.634087,-0.991782,0.408403,0.254133,-0.663572,0.360328,0.629194,-0.982517,0.415382,0.249129,-0.680011,0.353781,0.636584,-0.988791,0.417102,0.226077,-0.668657,0.351119,0.620546,-0.990232,0.413234,0.245678,-0.670587
65,0.332809,0.647023,-0.983462,0.397561,0.242139,-0.674357,0.340011,0.648351,-0.992093,0.403985,0.266803,-0.650859,0.344579,0.644348,-0.98008,0.391044,0.260416,-0.645453,0.338663,0.650853,-0.978333,0.407118,0.256333,-0.666333
66,0.313743,0.662626,-0.979474,0.385096,0.276094,-0.663359,0.314982,0.660626,-0.973294,0.396706,0.264981,-0.665778,0.316807,0.661544,-0.984609,0.405083,0.287062,-0.665796,0.323953,0.669158,-0.982582,0.397441,0.272747,-0.684318
67,0.299174,0.669907,-0.9747,0.394659,0.2889,-0.652349,0.295064,0.684261,-0.980332,0.391423,0.288283,-0.665877,0.299873,0.67417,-0.980336,0.376942,0.281013,-0.669272,0.29755,0.676151,-0.97846,0.400519,0.269036,-0.674357
68,0.288416,0.690307,-0.971913,0.370057,0.313015,-0.678667,0.284724,0.686533,-0.969586,0.360888,0.289153,-0.664442,0.276917,0.678612,-0.978459,0.374433,0.301038,-0.675237,0.273329,0.686061,-0.973046,0.376591,0.303898,-0.663322
69,0.260103,0.696403,-0.972677,0.359891,0.311703,-0.663664,0.263485,0.696722,-0.967609,0.353459,0.304692,-0.665975,0.272849,0.696733,-0.984965,0.371608,0.295417,-0.678241,0.266002,0.693447,-0.967238,0.356752,0.31938,-0.65995
70,0.251546,0.709261,-0.955954,0.34307,0.328212,-0.665242,0.252109,0.713717,-0.970625,0.356486,0.320128,-0.680477,0.252873,0.714368,-0.966019,0.349548,0.321605,-0.667563,0.248585,0.719413,-0.95408,0.361927,0.331568,-0.693912
71,0.224476,0.737253,-0.954738,0.340492,0.323312,-0.660491,0.229623,0.727507,-0.950924,0.343027,0.309434,-0.66549,0.235466,0.726291,-0.958703,0.344555,0.334836,-0.662673,0.22652,0.719338,-0.955635,0.336016,0.332699,-0.660214
72,0.212966,0.750185,-0.947974,0.323229,0.326889,-0.659556,0.215528,0.736339,-0.959996,0.316689,0.341838,-0.668392,0.215064,0.744738,-0.948387,0.33022,0.351181,-0.662416,0.210993,0.735634,-0.945697,0.338919,0.344223,-0.675758
73,0.184704,0.757623,-0.948535,0.323787,0.370902,-0.680034,0.192702,0.752407,-0.946425,0.337059,0.350112,-0.65428,0.185986,0.748922,-0.947899,0.308049,0.363313,-0.670946,0.197589,0.758993,-0.949981,0.327257,0.351307,-0.662512
74,0.178944,0.764494,-0.939215,0.300643,0.351186,-0.656847,0.177004,0.760671,-0.933506,0.310077,0.358004,-0.670944,0.17607,0.768817,-0.948334,0.301933,0.36127,-0.689166,0.171879,0.771911,-0.937217,0.300951,0.363585,-0.675956
75,0.15882,0.781507,-0.927334,0.312742,0.380316,-0.678638,0.159422,0.774374,-0.932394,0.291596,0.367569,-0.673414,0.15953,0.774952,-0.933286,0.287454,0.364455,-0.666112,0.150896,0.771595,-0.93971,0.295482,0.374397,-0.666434
76,0.144762,0.793652,-0.919065,0.301342,0.386076,-0.667409,0.137816,0.789415,-0.92361,0.287647,0.389196,-0.673068,0.141828,0.792439,-0.937153,0.283095,0.377436,-0.685509,0.134053,0.787348,-0.92854,0.282478,0.384084,-0.672415
77,0.114604,0.799025,-0.912403,0.292854,0.39285,-0.676733,0.123751,0.79743,-0.913788,0.276837,0.399011,-0.665375,0.113828,0.802187,-0.918791,0.269039,0.399333,-0.667725,0.113962,0.798612,-0.919793,0.263752,0.386293,-0.671824
78,0.107452,0.805279,-0.907849,0.252592,0.401681,-0.669646,0.103024,0.815586,-0.905562,0.25503,0.41244,-0.658848,0.1041,0.815056,-0.905989,0.253552,0.403645,-0.672497,0.103383,0.811027,-0.916626,0.25064,0.400576,-0.653263
79,0.070812,0.818804,-0.905031,0.263597,0.401842,-0.640318,0.07635,0.821728,-0.904421,0.241516,0.396012,-0.638946,0.080743,0.820233,-0.908888,0.253006,0.418404,-0.647055,0.085074,0.82425,-0.906644,0.24543,0.405501,-0.673623
80,0.064784,0.831407,-0.895282,0.249856,0.436623,-0.647227,0.064574,0.834054,-0.877859,0.247576,0.415647,-0.64972,0.068486,0.831634,-0.88944,0.237165,0.443539,-0.660286,0.062476,0.829337,-0.893371,0.233422,0.431743,-0.668821
81,0.059593,0.85371,-0.894024,0.212009,0.458185,-0.644518,0.041722,0.834284,-0.893487,0.220847,0.433823,-0.644846,0.047872,0.830802,-0.884931,0.231379,0.429731,-0.662426,0.046866,0.850376,-0.892861,0.240031,0.438386,-0.660893
82,0.033221,0.855159,-0.884102,0.215736,0.450068,-0.665848,0.026557,0.860578,-0.879198,0.221504,0.441941,-0.64882,0.020541,0.851848,-0.881477,0.213898,0.43262,-0.650665,0.029543,0.855298,-0.87493,0.213798,0.442761,-0.64377
83,0.002157,0.865732,-0.874264,0.194912,0.453187,-0.647641,0.015648,0.861653,-0.867796,0.202513,0.454386,-0.646392,0.000156,0.85849,-0.859646,0.205677,0.45873,-0.657714,0.007936,0.86407,-0.871241,0.187345,0.466651,-0.672338
84,-0.005245,0.869602,-0.85465,0.202988,0.44654,-0.62369,-0.004428,0.866072,-0.859858,0.185932,0.452994,-0.650129,-0.008655,0.875537,-0.858226,0.191495,0.46753,-0.645292,-0.010693,0.875424,-0.862305,0.185259,0.459086,-0.640084
85,-0.032115,0.874609,-0.845098,0.179474,0.462639,-0.669095,-0.034066,0.887286,-0.851541,0.170185,0.471956,-0.633286,-0.022126,0.87817,-0.843135,0.176267,0.456405,-0.636504,-0.023524,0.878598,-0.845817,0.169284,0.468573,-0.643036
86,-0.056028,0.89186,-0.840662,0.16622,0.451327,-0.635939,-0.051258,0.889345,-0.842609,0.150703,0.474751,-0.651503,-0.049995,0.894967,-0.840503,0.169644,0.475994,-0.655726,-0.057333,0.902463,-0.839218,0.166856,0.469967,-0.650827
87,-0.071366,0.899094,-0.835023,0.162344,0.489993,-0.643533,-0.073148,0.901377,-0.826224,0.147788,0.493402,-0.644743,-0.073062,0.899768,-0.829629,0.138779,0.489407,-0.633981,-0.067599,0.898383,-0.837708,0.159302,0.484299,-0.651761
88,-0.084527,0.90794,-0.820104,0.145509,0.497072,-0.634838,-0.08301,0.912364,-0.819248,0.138954,0.494703,-0.645781,-0.090374,0.904626,-0.823209,0.146422,0.502401,-0.647328,-0.092384,0.91071,-0.820646,0.140236,0.507181,-0.610642
89,-0.103211,0.909482,-0.807099,0.114565,0.494243,-0.628975,-0.109503,0.908244,-0.804379,0.131543,0.507015,-0.620291,-0.105919,0.9126,-0.799817,0.124311,0.498113,-0.618207,-0.10598,0.916605,-0.81566,0.128266,0.486869,-0.63434
90,-0.123952,0.925165,-0.790886,0.114142,0.507524,-0.630786,-0.125128,0.931419,-0.789848,0.122494,0.507236,-0.650919,-0.129703,0.924424,-0.791881,0.10734,0.509451,-0.618266,-0.122539,0.91791,-0.791762,0.12823,0.503364,-0.629278
91,-0.144277,0.929727,-0.777197,0.109558,0.50666,-0.632112,-0.140111,0.92909,-0.787218,0.106933,0.513122,-0.626417,-0.153003,0.932187,-0.781967,0.115047,0.518075,-0.622094,-0.139848,0.933077,-0.784424,0.103012,0.522154,-0.629149
92,-0.156456,0.928634,-0.777261,0.092104,0.530085,-0.62361,-0.150636,0.934274,-0.771752,0.084326,0.545107,-0.619537,-0.176886,0.938775,-0.776917,0.085868,0.527085,-0.617432,-0.173417,0.934252,-0.780455,0.097082,0.522702,-0.617393
93,-0.184408,0.939429,-0.764119,0.086594,0.536247,-0.619817,-0.180237,0.942818,-0.756596,0.083184,0.536297,-0.617037,-0.182251,0.942535,-0.765845,0.084321,0.531924,-0.622827,-0.185573,0.943476,-0.756784,0.094774,0.556235,-0.631649
94,-0.198032,0.942494,-0.758167,0.092497,0.524041,-0.609432,-0.1975,0.943298,-0.752193,0.07497,0.529287,-0.600101,-0.203166,0.948949,-0.744843,0.058902,0.54915,-0.59243,-0.1997,0.949065,-0.744834,0.073086,0.545938,-0.611551
95,-0.211451,0.954134,-0.731114,0.059685,0.549923,-0.602487,-0.218317,0.96205,-0.735101,0.043086,0.541864,-0.604072,-0.220858,0.951063,-0.736432,0.074409,0.539279,-0.613163,-0.222603,0.956444,-0.732419,0.073314,0.552094,-0.594782
96,-0.22657,0.960344,-0.719835,0.045709,0.564686,-0.602862,-0.241563,0.95646,-0.72473,0.04761,0.555464,-0.602833,-0.227454,0.962526,-0.716343,0.035259,0.556422,-0.605847,-0.234734,0.956608,-0.721793,0.048995,0.5655,-0.585423
97,-0.251794,0.961559,-0.70959,0.02371,0.570088,-0.585807,-0.256211,0.956357,-0.712406,0.029816,0.565791,-0.596549,-0.252212,0.965907,-0.727497,0.035797,0.568452,-0.606248,-0.254871,0.965592,-0.707332,0.031418,0.559288,-0.612974
98,-0.272577,0.969479,-0.69875,0.017707,0.575008,-0.571132,-0.270356,0.968862,-0.693556,0.033921,0.570238,-0.611092,-0.266823,0.973457,-0.703928,0.013849,0.566193,-0.566592,-0.271406,0.965235,-0.692435,0.027108,0.574315,-0.585807
99,-0.294659,0.976794,-0.684109,0.01373,0.585234,-0.587985,-0.296898,0.975745,-0.688142,0.019517,0.583866,-0.557638,-0.286697,0.979862,-0.6757,0.003305,0.570631,-0.590075,-0.28749,0.971785,-0.679791,0.005718,0.560262,-0.562034
100,-0.312791,0.975328,-0.67059,0.00333,0.593416,-0.576843,-0.300834,0.975728,-0.663473,-0.008504,0.577017,-0.562504,-0.310523,0.979889,-0.670498,0.009019,0.576183,-0.576414,-0.301473,0.978569,-0.67437,-0.016077,0.611601,-0.579555
101,-0.328591,0.980507,-0.652559,-0.020036,0.589376,-0.55102,-0.328133,0.984432,-0.656353,-0.048607,0.593465,-0.577552,-0.318713,0.988204,-0.650235,-0.006512,0.586909,-0.562135,-0.329322,0.97788,-0.653229,-0.023628,0.579897,-0.57456
102,-0.345553,0.986652,-0.64316,-0.042692,0.59395,-0.561238,-0.340042,0.981504,-0.636273,-0.039564,0.589422,-0.57041,-0.341654,0.983771,-0.641034,-0.03535,0.592979,-0.53647,-0.339937,0.987816,-0.644127,-0.051053,0.57796,-0.559852
103,-0.360672,0.992792,-0.623233,-0.043642,0.608436,-0.548616,-0.36089,0.992356,-0.619785,-0.038575,0.598575,-0.55885,-0.362948,0.99025,-0.623896,-0.058896,0.596344,-0.541725,-0.361383,0.988552,-0.626309,-0.050075,0.60648,-0.546257
104,-0.375526,0.992397,-0.612607,-0.06893,0.615206,-0.556729,-0.379483,0.993341,-0.618566,-0.050773,0.607798,-0.543721,-0.376176,0.988894,-0.614453,-0.054579,0.607587,-0.537316,-0.375932,0.990118,-0.613993,-0.063488,0.628025,-0.529076
105,-0.394749,0.991864,-0.597457,-0.092969,0.611868,-0.532397,-0.397623,0.992006,-0.601333,-0.072407,0.608278,-0.550437,-0.398419,0.984798,-0.601447,-0.058679,0.598359,-0.535172,-0.392888,0.998151,-0.595072,-0.076773,0.583281,-0.53375
106,-0.412845,0.993466,-0.575137,-0.091498,0.601736,-0.539766,-0.41812,0.992841,-0.573176,-0.080617,0.639129,-0.516608,-0.422629,1.000155,-0.586718,-0.09454,0.619847,-0.531167,-0.414063,0.999423,-0.579845,-0.088777,0.603561,-0.532998
107,-0.433319,0.99841,-0.567809,-0.109683,0.620493,-0.534887,-0.436021,1.003493,-0.567494,-0.105887,0.604516,-0.533084,-0.428484,0.987835,-0.569673,-0.084292,0.633359,-0.526677,-0.422334,0.987541,-0.567148,-0.098463,0.61803,-0.52267
108,-0.448824,0.994711,-0.560211,-0.100781,0.626157,-0.515743,-0.445909,0.999913,-0.559703,-0.113829,0.638377,-0.521131,-0.453651,0.995629,-0.547519,-0.134114,0.625387,-0.515605,-0.452799,0.996134,-0.554017,-0.110233,0.623429,-0.512073
109,-0.465821,0.991296,-0.542613,-0.106633,0.623311,-0.510649,-0.472104,0.993118,-0.537116,-0.117246,0.639178,-0.498627,-0.468519,1.000279,-0.540613,-0.111021,0.61538,-0.515416,-0.456149,1.000379,-0.537116,-0.132138,0.651044,-0.500238
110,-0.492876,0.996734,-0.521519,-0.127784,0.642257,-0.507766,-0.480473,0.991794,-0.517259,-0.13141,0.629673,-0.500706,-0.485996,1.000273,-0.50513,-0.155855,0.633721,-0.50217,-0.470239,1.00296,-0.522602,-0.134203,0.6314,-0.500764
111,-0.496536,1.002221,-0.498666,-0.166929,0.630576,-0.495194,-0.504245,1.007035,-0.506457,-0.157013,0.63668,-0.492418,-0.49771,0.991502,-0.502208,-0.153044,0.62705,-0.472368,-0.495187,1.00331,-0.507955,-0.135793,0.649242,-0.480315
112,-0.520611,1.002588,-0.483124,-0.159034,0.643634,-0.478718,-0.510043,1.00164,-0.481851,-0.150846,0.640101,-0.473372,-0.511891,0.996179,-0.481674,-0.156562,0.636049,-0.479992,-0.50394,0.99764,-0.489689,-0.133864,0.653588,-0.478151
113,-0.529803,1.00133,-0.473788,-0.168183,0.650607,-0.483019,-0.527508,0.990129,-0.466069,-0.167664,0.635704,-0.468417,-0.521837,0.996234,-0.472314,-0.183922,0.652663,-0.47895,-0.521471,0.994751,-0.467914,-0.175141,0.641812,-0.489823
114,-0.542639,1.004051,-0.450361,-0.180128,0.660237,-0.453028,-0.547064,1.00245,-0.451253,-0.186558,0.648704,-0.465527,-0.546179,1.001714,-0.459095,-0.172676,0.644145,-0.46818,-0.540479,1.003419,-0.465644,-0.173034,0.638313,-0.461511
115,-0.565704,0.993492,-0.438121,-0.189821,0.651216,-0.449749,-0.564341,0.994993,-0.434413,-0.187667,0.66154,-0.443492,-0.560163,1.004209,-0.431331,-0.195417,0.66347,-0.464454,-0.566074,0.992924,-0.436197,-0.183783,0.660287,-0.45709
116,-0.5717,0.98898,-0.413758,-0.22096,0.639379,-0.468314,-0.578352,0.995693,-0.418395,-0.213471,0.649829,-0.435916,-0.5813,0.998137,-0.423244,-0.217416,0.655018,-0.458415,-0.582589,0.987753,-0.415247,-0.204648,0.650053,-0.461348
117,-0.603983,0.994559,-0.405484,-0.220263,0.657192,-0.453327,-0.590749,0.988378,-0.395941,-0.217982,0.662308,-0.447831,-0.597331,0.981731,-0.398744,-0.211754,0.648957,-0.443633,-0.59119,0.995782,-0.394732,-0.212308,0.663658,-0.450014
118,-0.612013,0.994034,-0.39563,-0.233997,0.662648,-0.415388,-0.605906,0.993026,-0.379382,-0.225511,0.651226,-0.421956,-0.608068,0.991511,-0.384866,-0.2337,0.681801,-0.424122,-0.604532,0.988197,-0.388111,-0.232442,0.667816,-0.422489
119,-0.624372,0.984083,-0.362427,-0.244478,0.666514,-0.419631,-0.623957,0.985783,-0.363231,-0.262014,0.661258,-0.41102,-0.623156,0.989683,-0.363849,-0.243049,0.669952,-0.422004,-0.625688,0.992437,-0.360643,-0.239253,0.662518,-0.410278
120,-0.639433,0.987537,-0.346722,-0.24224,0.637359,-0.420831,-0.634185,0.988301,-0.348383,-0.263561,0.669141,-0.404763,-0.641482,0.986243,-0.347561,-0.25068,0.666255,-0.421149,-0.634412,0.983079,-0.344997,-0.244112,0.652485,-0.420384
121,-0.658877,0.990337,-0.325268,-0.269692,0.667677,-0.402972,-0.642859,0.984015,-0.32677,-0.260459,0.655216,-0.385735,-0.655784,0.984452,-0.325243,-0.267022,0.68308,-0.397268,-0.655309,0.979471,-0.329749,-0.267602,0.660142,-0.395647
122,-0.667279,0.980797,-0.316847,-0.289766,0.662837,-0.388932,-0.661148,0.978824,-0.306461,-0.278099,0.650164,-0.393066,-0.665166,0.985026,-0.31632,-0.26496,0.661301,-0.384556,-0.666191,0.972999,-0.324375,-0.261766,0.666272,-0.400321
123,-0.683139,0.981615,-0.296441,-0.292469,0.66417,-0.38017,-0.678799,0.969259,-0.303662,-0.279237,0.662503,-0.382287,-0.671709,0.96812,-0.298051,-0.29948,0.650599,-0.372236,-0.685872,0.966305,-0.29672,-0.295564,0.660371,-0.383685
124,-0.694725,0.973522,-0.275148,-0.296095,0.676967,-0.355136,-0.696477,0.972375,-0.27503,-0.294902,0.674143,-0.367034,-0.692969,0.965835,-0.280743,-0.292994,0.673828,-0.367895,-0.696256,0.965106,-0.279055,-0.289378,0.669002,-0.348219
125,-0.707886,0.962311,-0.25334,-0.328191,0.66908,-0.363837,-0.708038,0.961044,-0.257751,-0.317966,0.667675,-0.358616,-0.704363,0.960466,-0.259477,-0.315039,0.660396,-0.356291,-0.696874,0.964316,-0.261525,-0.31835,0.66837,-0.347827
126,-0.713477,0.959478,-0.246407,-0.327357,0.673243,-0.362193,-0.72253,0.96992,-0.243657,-0.327698,0.673768,-0.350882,-0.723959,0.962528,-0.239083,-0.330959,0.682438,-0.329841,-0.722605,0.969432,-0.237664,-0.342906,0.656664,-0.343445
127,-0.743733,0.957167,-0.22136,-0.336164,0.672873,-0.337856,-0.725302,0.94762,-0.218915,-0.305796,0.676158,-0.345603,-0.723021,0.9589,-0.217172,-0.336475,0.687264,-0.346085,-0.726911,0.96109,-0.227904,-0.342623,0.672156,-0.341237
128,-0.7466,0.945689,-0.205359,-0.351995,0.680633,-0.328757,-0.742641,0.945382,-0.199497,-0.355942,0.667967,-0.314816,-0.753731,0.95534,-0.210501,-0.325055,0.671993,-0.327378,-0.748565,0.947354,-0.196687,-0.35898,0.659247,-0.325553
129,-0.756016,0.94083,-0.187994,-0.361735,0.658502,-0.32753,-0.77201,0.94755,-0.180207,-0.352726,0.671126,-0.309481,-0.753895,0.944226,-0.176717,-0.357246,0.669043,-0.314224,-0.750917,0.947001,-0.188511,-0.360527,0.658309,-0.315256
130,-0.774721,0.945387,-0.170352,-0.383728,0.66974,-0.294479,-0.780393,0.93181,-0.169206,-0.366716,0.658625,-0.293237,-0.772732,0.931417,-0.168767,-0.361026,0.692832,-0.284399,-0.76192,0.941608,-0.168551,-0.388138,0.67038,-0.293506
131,-0.789315,0.937741,-0.141889,-0.378924,0.66371,-0.282365,-0.782535,0.935545,-0.14524,-0.386382,0.667114,-0.275568,-0.77566,0.930036,-0.141433,-0.374379,0.69978,-0.278369,-0.782831,0.937374,-0.143491,-0.371787,0.662095,-0.272008
132,-0.798574,0.926352,-0.131239,-0.392148,0.664207,-0.284888,-0.784902,0.936157,-0.119403,-0.390622,0.651898,-0.287604,-0.794619,0.924645,-0.124525,-0.401365,0.647897,-0.270027,-0.790503,0.926188,-0.129178,-0.391727,0.657442,-0.283921
133,-0.800893,0.92353,-0.112916,-0.416021,0.664114,-0.254879,-0.80064,0.920098,-0.116052,-0.390127,0.662143,-0.263396,-0.81013,0.914143,-0.108121,-0.397695,0.64557,-0.27485,-0.807514,0.908171,-0.118402,-0.40189,0.651606,-0.277086
134,-0.814559,0.904931,-0.094647,-0.405093,0.661035,-0.263748,-0.810921,0.899216,-0.092684,-0.403486,0.660255,-0.252992,-0.813306,0.900247,-0.088833,-0.396833,0.68421,-0.253309,-0.805252,0.903993,-0.096591,-0.429744,0.657843,-0.24139
135,-0.827875,0.905738,-0.06162,-0.421072,0.66236,-0.256363,-0.825701,0.901205,-0.084155,-0.421692,0.653925,-0.243029,-0.824967,0.904614,-0.071192,-0.421705,0.664889,-0.246075,-0.821236,0.898297,-0.066954,-0.424805,0.656324,-0.238796
136,-0.834959,0.890624,-0.058608,-0.417724,0.659686,-0.226949,-0.842299,0.894461,-0.056333,-0.421759,0.650317,-0.219529,-0.840985,0.900746,-0.058135,-0.41347,0.657376,-0.242915,-0.832181,0.882987,-0.053727,-0.423641,0.6529,-0.208029
137,-0.844472,0.883962,-0.03825,-0.430785,0.652781,-0.212314,-0.847367,0.885672,-0.040244,-0.418459,0.660283,-0.198548,-0.850556,0.88373,-0.040513,-0.436847,0.669206,-0.221071,-0.83539,0.880347,-0.032513,-0.439081,0.648346,-0.228794
138,-0.859899,0.883242,-0.004762,-0.441971,0.659283,-0.193677,-0.858412,0.877421,-0.027993,-0.445903,0.664505,-0.217409,-0.859103,0.875302,-0.025445,-0.446041,0.657945,-0.192541,-0.858019,0.874809,-0.014148,-0.455772,0.648851,-0.222619
139,-0.869224,0.86013,-0.000801,-0.461756,0.646027,-0.202354,-0.867806,0.860748,0.0009,-0.463801,0.660453,-0.191697,-0.862142,0.861468,-0.003124,-0.452105,0.643208,-0.196194,-0.863893,0.864727,-0.005517,-0.4452,0.658316,-0.208797
140,-0.879123,0.858475,0.023162,-0.475181,0.646555,-0.187721,-0.872208,0.847457,0.030182,-0.48347,0.651376,-0.188246,-0.875205,0.849018,0.022797,-0.461802,0.644215,-0.199062,-0.871413,0.852496,0.022676,-0.472239,0.656006,-0.176137
141,-0.887542,0.844811,0.052956,-0.485994,0.639673,-0.155805,-0.881253,0.854973,0.038131,-0.475533,0.637208,-0.181271,-0.888143,0.843541,0.044987,-0.458652,0.643525,-0.182221,-0.893475,0.850912,0.046211,-0.462394,0.643211,-0.176191
142,-0.884477,0.838806,0.062795,-0.475022,0.646893,-0.177233,-0.896235,0.826512,0.056367,-0.462347,0.635483,-0.171467,-0.898446,0.838558,0.059537,-0.480982,0.629021,-0.148673,-0.890832,0.841144,0.064779,-0.484091,0.64568,-0.149624
143,-0.898144,0.82896,0.073202,-0.4784,0.637127,-0.156846,-0.90301,0.827695,0.078852,-0.495206,0.630522,-0.14058,-0.898389,0.827467,0.083115,-0.486666,0.629869,-0.168829,-0.89807,0.82011,0.08048,-0.493221,0.638522,-0.164348
144,-0.91357,0.805819,0.092458,-0.500844,0.635644,-0.147943,-0.910496,0.815347,0.09518,-0.494549,0.651348,-0.143047,-0.904953,0.81709,0.098745,-0.501978,0.626353,-0.145312,-0.906523,0.815933,0.102686,-0.521465,0.621338,-0.122634
145,-0.921621,0.801766,0.111044,-0.499863,0.629493,-0.130363,-0.914366,0.803038,0.11838,-0.497614,0.63463,-0.113627,-0.912536,0.797954,0.11949,-0.524729,0.646234,-0.125013,-0.92242,0.802491,0.123981,-0.492609,0.63763,-0.116573
146,-0.926182,0.787797,0.134831,-0.504966,0.618195,-0.127178,-0.947234,0.790598,0.134948,-0.51845,0.628905,-0.112066,-0.920931,0.777684,0.129714,-0.532852,0.641246,-0.110414,-0.93659,0.792932,0.127749,-0.528088,0.650658,-0.109806
147,-0.930292,0.77571,0.145491,-0.523991,0.610507,-0.096033,-0.924901,0.778973,0.152477,-0.516211,0.620414,-0.095785,-0.932602,0.787407,0.155017,-0.537743,0.627861,-0.090465,-0.936625,0.768006,0.156955,-0.515387,0.616101,-0.092769
148,-0.937312,0.774552,0.164609,-0.516659,0.620744,-0.079253,-0.944064,0.767614,0.17648,-0.539914,0.598162,-0.080291,-0.937565,0.763436,0.172376,-0.542158,0.611708,-0.094963,-0.937646,0.760147,0.167756,-0.528288,0.616015,-0.083301
149,-0.933409,0.759613,0.17963,-0.561021,0.61294,-0.068774,-0.95242,0.749837,0.191939,-0.529833,0.616142,-0.0755,-0.943221,0.763725,0.187857,-0.540628,0.60418,-0.081435,-0.947434,0.75397,0.195558,-0.525634,0.616286,-0.071371
150,-0.950632,0.743427,0.208049,-0.537186,0.612779,-0.049273,-0.950611,0.742081,0.208647,-0.562382,0.604443,-0.061599,-0.945283,0.745043,0.207928,-0.559888,0.614925,-0.069136,-0.947776,0.755361,0.202452,-0.538864,0.61431,-0.053716
151,-0.961537,0.730139,0.227494,-0.541003,0.59517,-0.043781,-0.948867,0.736376,0.226585,-0.569422,0.600582,-0.047848,-0.952524,0.726748,0.226,-0.559433,0.604754,-0.032285,-0.965564,0.732911,0.220331,-0.553282,0.615028,-0.048039
152,-0.957823,0.71539,0.248036,-0.574565,0.604509,-0.041658,-0.960474,0.721838,0.254711,-0.545672,0.591611,-0.026663,-0.959076,0.716382,0.245116,-0.577689,0.594241,-0.039792,-0.962865,0.707961,0.254773,-0.566488,0.590846,-0.039143
153,-0.964365,0.704795,0.2666,-0.568128,0.589383,-0.024273,-0.973523,0.700986,0.26465,-0.567395,0.58926,-0.027998,-0.961885,0.699128,0.270971,-0.574943,0.599877,-0.025543,-0.971382,0.692952,0.271722,-0.56446,0.579961,-0.021349
154,-0.976488,0.691243,0.289143,-0.573339,0.580251,-0.020951,-0.976837,0.681767,0.276866,-0.5848,0.572387,-0.012742,-0.973327,0.689924,0.275556,-0.558645,0.584392,-0.012094,-0.961931,0.676315,0.285394,-0.570949,0.593544,-0.007112
155,-0.973296,0.664322,0.297101,-0.597271,0.59849,0.010689,-0.970447,0.682708,0.302256,-0.575165,0.578125,-0.005854,-0.968662,0.680126,0.299148,-0.577558,0.574143,-0.004934,-0.974484,0.672457,0.300015,-0.580608,0.569896,-0.00287
156,-0.976506,0.657627,0.306059,-0.582047,0.567617,0.014253,-0.986847,0.659344,0.319938,-0.587284,0.574087,0.017382,-0.978199,0.663121,0.324499,-0.586536,0.572963,0.008737,-0.977818,0.663824,0.321558,-0.5894,0.556493,0.015781
157,-0.992872,0.644446,0.324773,-0.589946,0.566946,0.024836,-0.985565,0.65001,0.334309,-0.589545,0.54811,0.043297,-0.980585,0.648055,0.32535,-0.583198,0.566659,0.026902,-0.975928,0.641418,0.333882,-0.577291,0.573801,0.009623
158,-0.976183,0.631507,0.348586,-0.598196,0.549385,0.046552,-0.979236,0.638258,0.353312,-0.600669,0.565367,0.043486,-0.981274,0.636026,0.356618,-0.612052,0.568761,0.040918,-0.987996,0.639943,0.353599,-0.60382,0.562894,0.028894
159,-0.987857,0.611521,0.36207,-0.582692,0.547763,0.039865,-0.991981,0.6224,0.372466,-0.609799,0.541062,0.065757,-0.989898,0.621057,0.3719,-0.606682,0.570011,0.06277,-0.996055,0.623071,0.378917,-0.587504,0.542648,0.048554
160,-0.990811,0.607607,0.388929,-0.609427,0.541663,0.059386,-0.992369,0.600228,0.373682,-0.613581,0.555583,0.076702,-0.983627,0.598823,0.386278,-0.62096,0.547996,0.056058,-0.98893,0.610754,0.383254,-0.611818,0.538611,0.08753
161,-1.001294,0.592755,0.406583,-0.615615,0.552914,0.087092,-0.998357,0.59692,0.400701,-0.603878,0.543744,0.072679,-0.991312,0.581893,0.401316,-0.62091,0.531692,0.068894,-0.99942,0.585224,0.413024,-0.628442,0.547797,0.069232
162,-0.994277,0.570896,0.420097,-0.625606,0.518128,0.077823,-0.987961,0.570568,0.419365,-0.628517,0.528262,0.097885,-1.006136,0.572067,0.424896,-0.620403,0.521503,0.097836,-0.994515,0.577088,0.423056,-0.62195,0.527472,0.082553
163,-0.996814,0.556651,0.442127,-0.620015,0.528923,0.096817,-0.99702,0.557483,0.441426,-0.623609,0.530705,0.102343,-0.992917,0.55337,0.443435,-0.636962,0.526126,0.102782,-1.002089,0.55664,0.437782,-0.6182,0.51472,0.096365
164,-1.00623,0.541042,0.45774,-0.629996,0.519721,0.090068,-0.990709,0.543985,0.463336,-0.633475,0.512177,0.096279,-0.997485,0.54954,0.456223,-0.633552,0.511379,0.104112,-1.002335,0.540833,0.461519,-0.632727,0.50702,0.118905
165,-0.986976,0.522796,0.475583,-0.637002,0.499094,0.128432,-1.001367,0.524922,0.4763,-0.65158,0.493652,0.130638,-1.001995,0.52297,0.460722,-0.635535,0.506892,0.136336,-0.998537,0.532417,0.471452,-0.618063,0.506994,0.144095
166,-0.99401,0.518052,0.49511,-0.651647,0.48747,0.151644,-1.000437,0.510343,0.490788,-0.650685,0.490951,0.150307,-0.993851,0.510343,0.487166,-0.638325,0.503281,0.139863,-1.010421,0.520254,0.496965,-0.646677,0.498566,0.133333
167,-0.130481,0.060389,0.597655,-2.503463,1.915,0.15913,-0.374949,0.185966,0.579296,-1.978993,1.492691,0.157823,-0.508793,0.259414,0.5533,-1.665791,1.290005,0.15093,-0.602343,0.297496,0.545642,-1.488982,1.149131,0.158429
168,-0.125505,0.0667,0.624422,-2.523682,1.875113,0.188069,-0.375822,0.183215,0.598168,-1.993439,1.482172,0.162974,-0.511531,0.24571,0.574287,-1.694104,1.244985,0.167716,-0.599453,0.279009,0.564171,-1.510585,1.108393,0.177959
169,-0.126635,0.04631,0.648884,-2.529417,1.839151,0.173088,-0.371246,0.162724,0.61538,-1.995859,1.445898,0.189415,-0.510334,0.236509,0.595063,-1.699358,1.210502,0.168837,-0.60456,0.278144,0.583622,-1.511984,1.096026,0.161333
170,-0.12133,0.06151,0.665009,-2.550435,1.793895,0.20761,-0.373876,0.161515,0.628334,-2.005239,1.426691,0.175559,-0.507321,0.221972,0.605011,-1.702391,1.212484,0.181343,-0.603194,0.268841,0.597129,-1.512593,1.063566,0.179205
171,-0.12185,0.061254,0.67951,-2.560414,1.766856,0.197554,-0.367729,0.159602,0.647057,-2.019077,1.397227,0.209208,-0.515344,0.228489,0.619277,-1.7105,1.176237,0.197249,-0.601439,0.258151,0.61558,-1.517671,1.052203,0.192571
172,-0.12406,0.047661,0.703264,-2.563216,1.730689,0.207464,-0.367812,0.148173,0.666166,-2.024381,1.373393,0.210414,-0.507623,0.213077,0.644732,-1.724688,1.165856,0.202608,-0.600629,0.245952,0.639513,-1.51211,1.026862,0.212258
173,-0.133388,0.050483,0.709753,-2.583142,1.696802,0.226538,-0.366718,0.14426,0.684541,-2.028073,1.336943,0.234201,-0.506609,0.192553,0.669934,-1.734876,1.1363,0.230008,-0.603515,0.230658,0.648419,-1.517162,1.001763,0.246378
174,-0.112674,0.042873,0.745813,-2.588398,1.687084,0.234181,-0.373546,0.137566,0.694467,-2.052874,1.288249,0.217008,-0.511732,0.189863,0.684462,-1.726568,1.112121,0.24567,-0.590449,0.224073,0.670551,-1.546477,0.981835,0.233297
175,-0.122991,0.045582,0.748771,-2.607564,1.616417,0.245747,-0.372643,0.138132,0.709867,-2.058106,1.271822,0.253713,-0.51837,0.187957,0.698895,-1.728713,1.07494,0.268174,-0.595912,0.219042,0.687607,-1.546223,0.959817,0.250562
176,-0.126262,0.047388,0.771447,-2.59442,1.584611,0.26992,-0.366733,0.136545,0.732386,-2.069659,1.245911,0.267344,-0.513546,0.167618,0.706834,-1.735497,1.055498,0.262461,-0.588211,0.204273,0.696077,-1.552137,0.939431,0.256986
177,-0.125392,0.040006,0.785906,-2.606036,1.518156,0.272125,-0.368407,0.117885,0.744566,-2.04239,1.21478,0.291023,-0.506293,0.164838,0.736142,-1.743842,1.016775,0.283515,-0.585181,0.187831,0.713911,-1.543295,0.908676,0.27732
178,-0.120126,0.040107,0.802485,-2.631666,1.515516,0.275902,-0.360086,0.112434,0.762517,-2.053878,1.180772,0.280464,-0.496963,0.159686,0.748004,-1.740195,0.998968,0.27556,-0.587772,0.181047,0.738302,-1.565165,0.917176,0.290461
179,-0.112267,0.03862,0.820929,-2.605763,1.464981,0.285152,-0.367455,0.102299,0.78453,-2.053334,1.160086,0.294577,-0.494734,0.147645,0.766106,-1.753874,0.977098,0.291963,-0.58106,0.174884,0.743569,-1.558369,0.863483,0.290027
180,-0.125939,0.041413,0.845534,-2.641959,1.412708,0.312048,-0.363191,0.099178,0.789814,-2.06805,1.114115,0.323462,-0.482607,0.135243,0.776671,-1.741335,0.944439,0.310216,-0.579464,0.16689,0.762517,-1.558012,0.83842,0.322938
181,-0.115866,0.027995,0.855002,-2.640034,1.396744,0.310841,-0.352625,0.097391,0.805215,-2.053665,1.086439,0.324649,-0.502034,0.131322,0.794324,-1.752847,0.932678,0.322123,-0.572858,0.164849,0.76957,-1.574563,0.814388,0.301193
182,-0.121349,0.025651,0.864694,-2.605021,1.338665,0.329971,-0.361799,0.087663,0.821122,-2.051758,1.05975,0.329809,-0.490725,0.116976,0.798826,-1.751911,0.899146,0.309598,-0.579022,0.141526,0.7868,-1.566334,0.782015,0.322763
183,-0.116026,0.034262,0.884018,-2.627326,1.287422,0.348311,-0.361213,0.078802,0.84577,-2.065004,1.01846,0.325965,-0.483683,0.104636,0.824263,-1.754895,0.841423,0.337642,-0.570754,0.132353,0.811259,-1.573864,0.767413,0.347435
184,-0.104622,0.0177,0.893565,-2.619548,1.231887,0.324884,-0.358589,0.063845,0.854455,-2.058381,0.978603,0.36174,-0.484741,0.105583,0.835914,-1.756012,0.840033,0.357131,-0.575258,0.112602,0.813791,-1.560595,0.739152,0.360636
185,-0.111813,0.025546,0.905324,-2.633374,1.19382,0.360051,-0.347393,0.062912,0.881775,-2.058226,0.96,0.358467,-0.484896,0.095238,0.837446,-1.764934,0.806393,0.369941,-0.558676,0.10024,0.826132,-1.554466,0.716786,0.373574
186,-0.118344,0.025458,0.929511,-2.60175,1.167129,0.35577,-0.344479,0.055127,0.878795,-2.048011,0.913112,0.369443,-0.478437,0.081413,0.861595,-1.742223,0.782874,0.374792,-0.563175,0.094046,0.8397,-1.558927,0.703181,0.38649
187,-0.11319,0.017422,0.945475,-2.618694,1.1159,0.382944,-0.34666,0.053232,0.894959,-2.043849,0.864311,0.378116,-0.478848,0.077242,0.871218,-1.762491,0.733885,0.366451,-0.561849,0.079855,0.860717,-1.566673,0.660324,0.393827
188,-0.107899,0.016353,0.963944,-2.600767,1.075224,0.390373,-0.352967,0.049816,0.912962,-2.051573,0.846195,0.362633,-0.477053,0.061507,0.873783,-1.757933,0.728883,0.390181,-0.554407,0.076467,0.870962,-1.565993,0.626999,0.385264
189,-0.107323,0.013673,0.962269,-2.607833,1.023647,0.392907,-0.340695,0.034689,0.933183,-2.047373,0.802622,0.381534,-0.46417,0.052676,0.897706,-1.735065,0.707801,0.400697,-0.541306,0.063613,0.883334,-1.549455,0.597502,0.415005
190,-0.117803,0.016621,0.981431,-2.607925,0.988836,0.422,-0.340643,0.032351,0.936637,-2.034077,0.772998,0.420552,-0.4606,0.041432,0.90908,-1.727665,0.662044,0.414951,-0.537987,0.050039,0.893874,-1.536058,0.580256,0.4205
191,-0.112692,0.005364,0.982912,-2.575487,0.921872,0.418223,-0.336741,0.023292,0.947777,-2.035043,0.731002,0.425973,-0.471239,0.031623,0.926373,-1.725935,0.622036,0.418696,-0.538402,0.029466,0.910788,-1.542016,0.567006,0.427662
192,-0.110305,0.005616,1.006779,-2.592002,0.882186,0.425831,-0.330909,0.014756,0.959766,-2.030173,0.708255,0.423365,-0.46506,0.022088,0.933177,-1.714741,0.596312,0.422657,-0.527692,0.020232,0.929096,-1.54154,0.538062,0.427107
193,-0.115649,0.003922,1.011785,-2.565578,0.838971,0.419376,-0.336687,0.016261,0.967529,-2.012398,0.678485,0.441958,-0.451312,0.011072,0.937887,-1.715693,0.555033,0.435493,-0.522128,0.013486,0.931822,-1.521519,0.513735,0.448904
194,-0.106548,0.000671,1.03873,-2.572671,0.800474,0.458087,-0.315966,0.002947,0.976964,-2.013593,0.623288,0.450129,-0.451851,0.004572,0.954334,-1.727361,0.530807,0.432533,-0.527721,0.010436,0.940526,-1.522221,0.487519,0.449629
195,-0.113544,0.003543,1.042365,-2.539002,0.757054,0.467593,-0.323079,0.000873,0.990385,-2.002987,0.581151,0.460802,-0.441791,-0.013011,0.96431,-1.695461,0.503134,0.467592,-0.517289,-0.005295,0.948741,-1.505799,0.438556,0.460193
196,-0.109095,-0.009416,1.045086,-2.537052,0.702368,0.461682,-0.312341,-0.00973,1.005165,-2.014661,0.543756,0.45363,-0.430489,-0.011131,0.97758,-1.698202,0.45914,0.466632,-0.521431,-0.016497,0.96093,-1.500772,0.39588,0.469325
197,-0.114512,-0.009677,1.05645,-2.519569,0.65697,0.474701,-0.314126,-0.016694,1.020562,-1.987051,0.508509,0.470325,-0.435011,-0.017243,0.987491,-1.68843,0.423463,0.484911,-0.507751,-0.032479,0.970622,-1.518009,0.391073,0.49085
198,-0.101411,-0.007834,1.060259,-2.52831,0.620412,0.477418,-0.32224,-0.025712,1.02616,-1.988726,0.470059,0.48647,-0.423151,-0.044024,0.990224,-1.681433,0.422784,0.502396,-0.505874,-0.050514,0.982664,-1.50191,0.380345,0.501321
199,-0.100203,-0.010674,1.085449,-2.49394,0.53321,0.498314,-0.299291,-0.026108,1.027742,-1.978824,0.444868,0.48892,-0.433384,-0.043464,1.008764,-1.672035,0.381439,0.502063,-0.492875,-0.051423,0.98634,-1.485963,0.321877,0.503395
200,-0.105869,-0.015752,1.09045,-2.494493,0.510932,0.489512,-0.312596,-0.036409,1.031496,-1.964409,0.415931,0.508594,-0.418666,-0.053713,1.004826,-1.660073,0.325606,0.496656,-0.492344,-0.065629,0.992415,-1.463974,0.282025,0.499258
201,-0.104338,-0.024428,1.099804,-2.464773,0.443306,0.510449,-0.30762,-0.0453,1.051605,-1.944664,0.356803,0.514152,-0.417009,-0.062865,1.01457,-1.630747,0.313977,0.508048,-0.480753,-0.071352,1.009786,-1.465161,0.266227,0.507
202,-0.094125,-0.010923,1.116712,-2.448475,0.409697,0.515138,-0.308254,-0.06185,1.054295,-1.917063,0.311653,0.527976,-0.396734,-0.072012,1.026487,-1.640878,0.271991,0.506596,-0.489834,-0.083077,1.01252,-1.445137,0.245674,0.510861
203,-0.098389,-0.025321,1.109554,-2.429626,0.342348,0.534169,-0.288363,-0.062614,1.066323,-1.931871,0.303744,0.530373,-0.390777,-0.078212,1.03604,-1.620563,0.257529,0.520521,-0.472781,-0.099585,1.015309,-1.450532,0.228256,0.512249
204,-0.083494,-0.014502,1.134109,-2.410903,0.307564,0.544406,-0.282444,-0.062212,1.074253,-1.880916,0.241999,0.513964,-0.385028,-0.086392,1.043567,-1.628329,0.202088,0.5451,-0.452481,-0.106687,1.024529,-1.420215,0.189171,0.519175
205,-0.091936,-0.018693,1.131277,-2.387167,0.271928,0.542848,-0.288272,-0.070368,1.080685,-1.866574,0.202327,0.53263,-0.376727,-0.100032,1.040473,-1.595348,0.172245,0.530822,-0.450545,-0.122327,1.036262,-1.431061,0.149106,0.541552
206,-0.094524,-0.026657,1.137353,-2.37744,0.223436,0.553257,-0.274684,-0.075228,1.087288,-1.863173,0.17753,0.552561,-0.380277,-0.10734,1.052409,-1.594481,0.14836,0.562871,-0.446252,-0.132376,1.032149,-1.412234,0.128341,0.561663
207,-0.093783,-0.025227,1.142593,-2.334881,0.153079,0.552018,-0.270101,-0.090887,1.094889,-1.828434,0.149645,0.542587,-0.373423,-0.123747,1.061033,-1.560024,0.113536,0.552403,-0.442203,-0.139278,1.038356,-1.393357,0.091999,0.543903
208,-0.092456,-0.024807,1.156423,-2.320772,0.118123,0.561809,-0.248553,-0.098679,1.096006,-1.851497,0.101262,0.53212,-0.364612,-0.128224,1.07263,-1.564111,0.067863,0.576729,-0.421951,-0.153268,1.049132,-1.366703,0.053106,0.586448
209,-0.085277,-0.033943,1.149936,-2.302954,0.07062,0.554681,-0.251877,-0.100635,1.103568,-1.815697,0.059799,0.567751,-0.359892,-0.13727,1.076396,-1.535445,0.041759,0.585203,-0.417069,-0.16435,1.054271,-1.364387,0.043771,0.55993
210,-0.078599,-0.040113,1.163606,-2.265081,0.017171,0.56773,-0.255206,-0.107139,1.109298,-1.775444,0.016755,0.595808,-0.352651,-0.147939,1.079848,-1.543132,-0.001801,0.59523,-0.414179,-0.175226,1.052023,-1.359984,0.020299,0.576448
211,-0.0856,-0.038977,1.172629,-2.254484,-0.048776,0.576459,-0.251936,-0.104166,1.11475,-1.766322,-0.023326,0.580529,-0.340362,-0.151786,1.083761,-1.499752,-0.011428,0.580768,-0.39809,-0.186686,1.063247,-1.333892,-0.01752,0.595786
212,-0.086216,-0.037935,1.16696,-2.234383,-0.073338,0.59889,-0.248584,-0.123946,1.112716,-1.755061,-0.056113,0.570943,-0.342722,-0.170444,1.086862,-1.511161,-0.058457,0.595081,-0.396748,-0.200216,1.073425,-1.321453,-0.060334,0.584049
213,-0.074986,-0.042266,1.181429,-2.208083,-0.135204,0.611456,-0.235089,-0.132577,1.117923,-1.739071,-0.095215,0.596503,-0.338652,-0.182064,1.08833,-1.484136,-0.099951,0.580695,-0.393338,-0.207349,1.076114,-1.295084,-0.080898,0.599204
214,-0.078991,-0.052735,1.183361,-2.180677,-0.169886,0.617525,-0.239924,-0.129814,1.121748,-1.711363,-0.141952,0.605825,-0.310882,-0.188363,1.099111,-1.468735,-0.110656,0.597552,-0.372933,-0.224379,1.078321,-1.284968,-0.132073,0.607684
215,-0.068066,-0.045475,1.194104,-2.161991,-0.230145,0.59368,-0.223207,-0.140712,1.123749,-1.704246,-0.181423,0.625276,-0.307684,-0.188034,1.103993,-1.446573,-0.157251,0.614817,-0.366191,-0.232181,1.082267,-1.274869,-0.126043,0.605184
216,-0.073938,-0.043194,1.190448,-2.121804,-0.291317,0.611189,-0.222064,-0.143619,1.129928,-1.670896,-0.224925,0.618321,-0.308823,-0.196146,1.105214,-1.4237,-0.181955,0.600629,-0.360393,-0.241422,1.086289,-1.250943,-0.137047,0.616088
217,-0.071093,-0.0606,1.189283,-2.098107,-0.316351,0.6036,-0.212374,-0.152353,1.142963,-1.618291,-0.245161,0.608015,-0.303213,-0.214801,1.096318,-1.392762,-0.222735,0.624449,-0.349917,-0.258988,1.082053,-1.234116,-0.20516,0.622769
218,-0.071813,-0.050063,1.192485,-2.048561,-0.366737,0.613181,-0.217923,-0.157999,1.129877,-1.614148,-0.284535,0.61418,-0.285536,-0.220813,1.106665,-1.363036,-0.251086,0.603182,-0.336766,-0.260705,1.082202,-1.228013,-0.227155,0.610469
219,-0.073908,-0.064191,1.191198,-2.042531,-0.433256,0.629868,-0.206368,-0.166142,1.132565,-1.586212,-0.331196,0.626237,-0.286718,-0.228637,1.104697,-1.341696,-0.281456,0.63047,-0.333467,-0.26837,1.098493,-1.200751,-0.246779,0.620384
220,-0.074348,-0.056938,1.193985,-1.993226,-0.475536,0.637486,-0.206261,-0.186524,1.144816,-1.582849,-0.369171,0.618806,-0.276377,-0.237753,1.100321,-1.324941,-0.305653,0.624605,-0.326506,-0.283549,1.08832,-1.190214,-0.273509,0.642447
221,-0.070316,-0.057573,1.199589,-1.962251,-0.523764,0.62652,-0.199117,-0.165188,1.136182,-1.542372,-0.411286,0.623806,-0.267185,-0.237845,1.1161,-1.324875,-0.350506,0.63605,-0.309209,-0.294203,1.0926,-1.156831,-0.328825,0.632166
222,-0.050366,-0.057909,1.193953,-1.920909,-0.563635,0.638535,-0.193676,-0.189396,1.139977,-1.520555,-0.459424,0.640755,-0.256447,-0.262172,1.100439,-1.288145,-0.378929,0.628096,-0.296283,-0.297185,1.091683,-1.141374,-0.351124,0.63543
223,-0.059503,-0.07327,1.198127,-1.900625,-0.606821,0.642378,-0.176854,-0.190128,1.14133,-1.500782,-0.478768,0.648026,-0.252319,-0.272067,1.118144,-1.253496,-0.428439,0.636998,-0.300058,-0.315165,1.087359,-1.141453,-0.374348,0.626999
224,-0.060494,-0.062966,1.187386,-1.880344,-0.656866,0.661948,-0.170134,-0.205296,1.133744,-1.470283,-0.539579,0.655726,-0.239412,-0.265089,1.107479,-1.243144,-0.449844,0.646591,-0.270665,-0.307451,1.083914,-1.104536,-0.410071,0.6355
225,-0.05714,-0.069354,1.190527,-1.827746,-0.721743,0.620999,-0.159156,-0.205048,1.14208,-1.445125,-0.553467,0.651042,-0.234751,-0.27328,1.107648,-1.216558,-0.472186,0.66296,-0.267184,-0.330246,1.084194,-1.086089,-0.424179,0.654212
226,-0.057098,-0.064077,1.191289,-1.780782,-0.756215,0.659758,-0.165666,-0.202033,1.142646,-1.410221,-0.603561,0.651942,-0.224238,-0.28993,1.111471,-1.196588,-0.519997,0.666295,-0.255174,-0.343643,1.089888,-1.062972,-0.448747,0.657561
227,-0.049951,-0.065118,1.184357,-1.754094,-0.810616,0.66801,-0.156928,-0.21171,1.144202,-1.364282,-0.648616,0.663643,-0.212299,-0.295318,1.105758,-1.175076,-0.542789,0.654683,-0.251279,-0.34157,1.084913,-1.057171,-0.46886,0.650504
228,-0.04699,-0.075464,1.193903,-1.715207,-0.873931,0.647433,-0.154406,-0.224543,1.130388,-1.3357,-0.68501,0.655617,-0.208071,-0.299809,1.110812,-1.153602,-0.568137,0.656798,-0.239534,-0.356052,1.081016,-1.028976,-0.515023,0.664054
229,-0.045854,-0.075923,1.186726,-1.684614,-0.916328,0.649939,-0.145092,-0.226714,1.138775,-1.304885,-0.727772,0.645207,-0.197966,-0.313608,1.090078,-1.116716,-0.601508,0.638895,-0.231773,-0.365363,1.074475,-1.013903,-0.533514,0.660036
230,-0.052333,-0.07227,1.187708,-1.659663,-0.949364,0.642026,-0.129692,-0.230521,1.127336,-1.297791,-0.748572,0.649681,-0.185395,-0.320024,1.090955,-1.102646,-0.646615,0.667945,-0.218476,-0.367197,1.073188,-0.968821,-0.561871,0.668526
231,-0.054135,-0.084943,1.174033,-1.599638,-0.994815,0.661004,-0.115875,-0.236084,1.120194,-1.281188,-0.794679,0.657869,-0.186569,-0.327879,1.09162,-1.077755,-0.684442,0.665554,-0.20111,-0.385244,1.075389,-0.960551,-0.590379,0.660511
232,-0.033203,-0.073043,1.166499,-1.544588,-1.052877,0.664938,-0.126844,-0.250756,1.125344,-1.246278,-0.817095,0.681206,-0.176933,-0.342357,1.095548,-1.041666,-0.705597,0.66901,-0.197363,-0.392487,1.06953,-0.949799,-0.635142,0.661507
233,-0.039991,-0.075908,1.161599,-1.525875,-1.071788,0.65598,-0.115795,-0.253939,1.114636,-1.185251,-0.843502,0.662551,-0.158469,-0.329471,1.081413,-1.032259,-0.732602,0.680432,-0.182858,-0.395057,1.058649,-0.911836,-0.633117,0.658121
234,-0.053433,-0.085556,1.163005,-1.470357,-1.133173,0.674443,-0.103529,-0.24826,1.109848,-1.161475,-0.900907,0.6723,-0.157679,-0.355066,1.073561,-0.980942,-0.76222,0.678358,-0.180062,-0.405088,1.063618,-0.888403,-0.685023,0.674196
235,-0.041834,-0.080185,1.15969,-1.450545,-1.181339,0.676702,-0.105858,-0.251998,1.108419,-1.136923,-0.914193,0.666241,-0.138593,-0.355046,1.080646,-0.951575,-0.778331,0.663925,-0.17029,-0.409736,1.052761,-0.867442,-0.687557,0.672842
236,-0.03031,-0.090728,1.150675,-1.411002,-1.200057,0.665929,-0.100869,-0.263532,1.094907,-1.102895,-0.9526,0.673914,-0.134618,-0.363346,1.06789,-0.952426,-0.828207,0.668725,-0.16273,-0.424032,1.050947,-0.836887,-0.737573,0.666008
237,-0.041346,-0.083772,1.149455,-1.359202,-1.271021,0.664456,-0.094517,-0.270298,1.104601,-1.076379,-0.997485,0.670554,-0.130058,-0.363715,1.069556,-0.906059,-0.838316,0.69154,-0.148387,-0.434213,1.043958,-0.81797,-0.765123,0.676599
238,-0.025725,-0.087589,1.142753,-1.325232,-1.303115,0.652073,-0.086121,-0.286293,1.096746,-1.045803,-1.030062,0.683575,-0.111564,-0.368642,1.057052,-0.885077,-0.888121,0.678379,-0.131481,-0.447081,1.040003,-0.774172,-0.778347,0.678774
239,-0.024421,-0.095151,1.130042,-1.256528,-1.344785,0.644136,-0.082829,-0.279508,1.074846,-1.006439,-1.05441,0.661485,-0.108305,-0.379745,1.054017,-0.861764,-0.912051,0.673722,-0.128897,-0.446253,1.035661,-0.753583,-0.810309,0.649187
240,-0.01115,-0.090173,1.131167,-1.234989,-1.375495,0.657409,-0.064998,-0.281907,1.073315,-0.971468,-1.10093,0.681598,-0.09386,-0.387111,1.044653,-0.812093,-0.92832,0.678239,-0.105868,-0.460494,1.037027,-0.729938,-0.829088,0.668192
241,-0.016817,-0.099664,1.11486,-1.187567,-1.439937,0.661181,-0.07186,-0.284916,1.063355,-0.922721,-1.117943,0.680478,-0.085935,-0.402862,1.033448,-0.796034,-0.951721,0.681801,-0.099096,-0.466029,1.022579,-0.707574,-0.854906,0.678912
242,-0.021038,-0.104036,1.111769,-1.137742,-1.476873,0.66076,-0.058322,-0.299243,1.058366,-0.895783,-1.157972,0.658976,-0.082669,-0.400979,1.029186,-0.763342,-1.000115,0.670347,-0.095195,-0.47216,1.010092,-0.678382,-0.887158,0.669187
243,-0.011719,-0.09413,1.094999,-1.115524,-1.49832,0.667346,-0.055609,-0.296391,1.045854,-0.871921,-1.198859,0.684465,-0.067266,-0.416045,1.025058,-0.745276,-1.01987,0.66402,-0.075816,-0.477056,0.994815,-0.646577,-0.909314,0.65907
244,-0.011623,-0.101643,1.089023,-1.0655,-1.537301,0.654604,-0.041322,-0.291628,1.04893,-0.840541,-1.213635,0.646998,-0.065653,-0.410159,1.020204,-0.700933,-1.036073,0.667615,-0.060938,-0.474722,1.000042,-0.604323,-0.94184,0.646239
245,-0.013232,-0.105162,1.085504,-0.996107,-1.602984,0.674422,-0.039097,-0.315466,1.039094,-0.78981,-1.258302,0.663658,-0.046262,-0.424035,1.005799,-0.673033,-1.065076,0.658996,-0.04743,-0.498635,0.992613,-0.591616,-0.933184,0.679886
246,-0.010856,-0.103774,1.082088,-0.979486,-1.632736,0.675091,-0.031836,-0.314193,1.028479,-0.761778,-1.28339,0.661444,-0.042401,-0.426327,0.991395,-0.644709,-1.094336,0.642945,-0.051719,-0.49497,0.970887,-0.563064,-0.977498,0.674556
247,-0.014488,-0.107455,1.07032,-0.918424,-1.666773,0.662563,-0.026172,-0.30992,1.014354,-0.713961,-1.322812,0.651931,-0.028503,-0.429846,0.982381,-0.613333,-1.105731,0.665492,-0.036955,-0.505384,0.973188,-0.534849,-0.996579,0.665214
248,-0.008278,-0.103508,1.050686,-0.874811,-1.714943,0.641779,-0.020865,-0.318445,1.008677,-0.697632,-1.330227,0.667082,-0.023123,-0.431522,0.983875,-0.57493,-1.1624,0.66997,-0.015188,-0.507559,0.965608,-0.499774,-1.001024,0.651113
249,-0.003144,-0.106414,1.043042,-0.826147,-1.74696,0.647693,-0.011996,-0.314543,1.003696,-0.672508,-1.362116,0.643555,-0.005424,-0.443421,0.964807,-0.55465,-1.163717,0.64448,-0.008983,-0.507899,0.96233,-0.478278,-1.030196,0.650084
250,0.003017,-0.101303,1.032789,-0.797338,-1.783955,0.645695,0.003615,-0.321735,0.996977,-0.607095,-1.404951,0.671665,0.000276,-0.447789,0.959522,-0.528508,-1.201279,0.650786,0.003346,-0.519592,0.935462,-0.465308,-1.052324,0.665398
251,-0.000317,-0.103273,1.027775,-0.738667,-1.829765,0.644958,0.009314,-0.337795,0.966654,-0.570033,-1.43105,0.645709,0.013656,-0.440368,0.946124,-0.494584,-1.223743,0.65985,0.009129,-0.529847,0.922349,-0.434099,-1.055395,0.640523
252,0.002667,-0.106408,1.001508,-0.697957,-1.840171,0.644987,0.02056,-0.322532,0.973615,-0.54099,-1.451328,0.664403,0.01965,-0.450299,0.93396,-0.450325,-1.24237,0.638307,0.021879,-0.531711,0.92162,-0.398625,-1.11224,0.655746
253,0.006203,-0.11147,1.0031,-0.631656,-1.891424,0.631816,0.023247,-0.332249,0.958729,-0.486868,-1.482449,0.655538,0.036679,-0.464783,0.919723,-0.421588,-1.261694,0.633635,0.043371,-0.531737,0.910857,-0.378143,-1.122342,0.639594
254,0.022361,-0.115066,0.989986,-0.586826,-1.9077,0.646595,0.02844,-0.324518,0.948469,-0.447021,-1.518868,0.627809,0.031535,-0.460684,0.906653,-0.392082,-1.2914,0.647863,0.043125,-0.544628,0.898243,-0.349219,-1.153839,0.62992
255,0.014784,-0.110998,0.975585,-0.524509,-1.947298,0.630413,0.038103,-0.331663,0.925473,-0.412803,-1.523666,0.640322,0.04934,-0.46166,0.900078,-0.374518,-1.3267,0.629062,0.061749,-0.545087,0.885177,-0.313162,-1.147526,0.646213
256,0.008728,-0.119068,0.952901,-0.482025,-1.972226,0.653598,0.042348,-0.343747,0.907916,-0.379234,-1.554253,0.63379,0.060097,-0.474796,0.888807,-0.316119,-1.325527,0.630633,0.064205,-0.545145,0.869505,-0.288685,-1.155763,0.637473
257,0.01614,-0.120279,0.957501,-0.429072,-2.011387,0.619508,0.051583,-0.340658,0.901909,-0.322406,-1.583937,0.634131,0.065311,-0.47989,0.879304,-0.27971,-1.342176,0.621357,0.070917,-0.560823,0.861024,-0.269186,-1.195277,0.644375
258,0.026243,-0.119056,0.935079,-0.392732,-2.043235,0.622366,0.058575,-0.3441,0.890557,-0.303312,-1.606572,0.634321,0.07917,-0.473339,0.864027,-0.291365,-1.384209,0.6233,0.093137,-0.56207,0.855248,-0.23093,-1.224427,0.616725
259,0.032372,-0.121068,0.927026,-0.336285,-2.07733,0.616987,0.064993,-0.347,0.881404,-0.267464,-1.659097,0.632518,0.086072,-0.486685,0.852316,-0.221771,-1.397722,0.622862,0.107321,-0.556447,0.839089,-0.207353,-1.236406,0.62731
260,0.025308,-0.119089,0.905755,-0.278107,-2.112055,0.621863,0.066527,-0.348282,0.85886,-0.238233,-1.66457,0.618107,0.08758,-0.485648,0.835347,-0.183917,-1.401327,0.61518,0.11915,-0.567122,0.823901,-0.185633,-1.249928,0.618572
261,0.027624,-0.117007,0.886407,-0.233877,-2.12982,0.614903,0.070384,-0.358753,0.853154,-0.187021,-1.690956,0.588916,0.10776,-0.490808,0.81694,-0.15129,-1.423709,0.604772,0.124078,-0.57141,0.808766,-0.129563,-1.270521,0.589901
262,0.023979,-0.120742,0.875187,-0.202139,-2.153413,0.599876,0.086896,-0.355507,0.8308,-0.12692,-1.695932,0.603793,0.116521,-0.489971,0.806308,-0.128943,-1.446551,0.603437,0.145613,-0.57318,0.797668,-0.114901,-1.308764,0.604691
263,0.027781,-0.114838,0.852213,-0.160526,-2.206164,0.601191,0.095318,-0.359991,0.819022,-0.11175,-1.752455,0.601652,0.119559,-0.4889,0.803258,-0.094026,-1.472586,0.603137,0.143278,-0.579322,0.780692,-0.094563,-1.297502,0.599366
264,0.027547,-0.116115,0.842942,-0.099884,-2.242414,0.613911,0.100272,-0.363337,0.803143,-0.068016,-1.767337,0.602972,0.130491,-0.495006,0.775254,-0.062819,-1.50026,0.616113,0.163025,-0.588573,0.782524,-0.049164,-1.310706,0.583085
265,0.022917,-0.113828,0.817961,-0.063877,-2.242756,0.571894,0.101598,-0.363777,0.778078,-0.040024,-1.78675,0.562893,0.133892,-0.498925,0.766954,-0.018923,-1.505422,0.589541,0.178767,-0.583175,0.753733,-0.026674,-1.322736,0.580049
266,0.039615,-0.114283,0.817057,0.010277,-2.258522,0.573683,0.111384,-0.353994,0.770557,0.018709,-1.790983,0.571879,0.140902,-0.504805,0.75152,-0.01109,-1.503276,0.590443,0.177617,-0.582395,0.727752,0.003207,-1.342151,0.581065
267,0.041733,-0.120495,0.791053,0.044426,-2.292773,0.580594,0.12115,-0.375236,0.75231,0.05817,-1.802273,0.568539,0.16068,-0.500487,0.734683,0.041233,-1.538485,0.587127,0.195565,-0.59115,0.736205,0.023486,-1.372219,0.558837
268,0.043528,-0.122319,0.783088,0.09993,-2.327029,0.583466,0.127515,-0.366072,0.735581,0.090989,-1.835292,0.572262,0.171523,-0.49534,0.723225,0.073419,-1.550962,0.571498,0.200246,-0.583692,0.699258,0.056742,-1.377304,0.566311
269,0.049443,-0.114345,0.761294,0.16126,-2.346245,0.564985,0.138638,-0.375581,0.722436,0.116883,-1.847421,0.562097,0.181065,-0.506954,0.697302,0.098609,-1.560607,0.565867,0.21382,-0.589908,0.687898,0.06827,-1.377438,0.563342
270,0.055959,-0.116288,0.751842,0.198659,-2.353935,0.555523,0.129075,-0.37306,0.704525,0.163261,-1.856339,0.539391,0.188949,-0.513747,0.681779,0.12722,-1.575272,0.526015,0.223888,-0.596845,0.687969,0.125022,-1.411129,0.561852
271,0.040692,-0.121882,0.73338,0.250771,-2.388709,0.554506,0.153587,-0.376226,0.694225,0.193747,-1.888326,0.550433,0.195996,-0.501925,0.678932,0.164376,-1.586394,0.547864,0.227601,-0.589894,0.663833,0.14584,-1.420586,0.574102
272,0.05169,-0.133865,0.706403,0.293829,-2.403005,0.52415,0.150184,-0.371084,0.677648,0.234909,-1.882984,0.540128,0.202345,-0.511771,0.659993,0.205965,-1.597002,0.514624,0.249732,-0.5991,0.643937,0.190865,-1.419639,0.565846
273,0.05472,-0.122312,0.693266,0.341601,-2.429154,0.515472,0.157352,-0.367366,0.653049,0.292842,-1.924656,0.515394,0.21382,-0.510419,0.63207,0.241773,-1.617432,0.538181,0.253765,-0.604035,0.623621,0.202947,-1.45431,0.536609
274,0.053113,-0.124365,0.670716,0.410108,-2.451363,0.529306,0.156979,-0.376227,0.644289,0.317162,-1.917553,0.526756,0.223778,-0.518382,0.618418,0.271242,-1.638695,0.526257,0.2687,-0.595065,0.61642,0.220106,-1.448386,0.527389
275,0.056422,-0.120278,0.649846,0.454307,-2.466368,0.525259,0.17074,-0.369685,0.633313,0.351537,-1.918714,0.502597,0.228211,-0.513502,0.610357,0.304529,-1.649061,0.511217,0.276915,-0.597972,0.590714,0.266801,-1.462013,0.51336
276,0.064919,-0.123388,0.624941,0.493088,-2.48592,0.506755,0.176021,-0.379319,0.598174,0.390289,-1.942801,0.509987,0.239112,-0.515326,0.587359,0.327673,-1.659448,0.50274,0.289669,-0.602965,0.574566,0.288015,-1.468495,0.498943
277,0.066861,-0.125706,0.621828,0.565163,-2.500402,0.514504,0.190019,-0.372555,0.589595,0.419546,-1.963137,0.499261,0.256979,-0.511012,0.56214,0.338986,-1.665821,0.495299,0.296525,-0.594615,0.562021,0.311038,-1.480672,0.502753
278,0.069652,-0.132293,0.604097,0.585768,-2.497453,0.497421,0.185005,-0.379444,0.559608,0.472094,-1.965429,0.494845,0.26779,-0.515504,0.544828,0.414668,-1.685271,0.495434,0.310316,-0.602448,0.536054,0.345822,-1.485378,0.473814
279,0.065534,-0.127609,0.566731,0.649195,-2.521942,0.474153,0.194286,-0.378301,0.553453,0.492121,-1.97171,0.493997,0.262885,-0.522197,0.52528,0.439526,-1.692301,0.469236,0.314784,-0.606402,0.526222,0.374095,-1.504098,0.467912
280,0.07377,-0.123229,0.552273,0.686726,-2.524752,0.485202,0.199334,-0.379837,0.530552,0.546914,-2.008828,0.459593,0.273412,-0.509871,0.510795,0.451994,-1.711406,0.459904,0.321734,-0.602031,0.502037,0.401548,-1.496304,0.465235
281,0.065294,-0.120416,0.532207,0.741513,-2.544657,0.481003,0.217065,-0.374197,0.5121,0.588424,-1.987426,0.475006,0.288708,-0.517714,0.500374,0.480277,-1.706758,0.464026,0.334773,-0.595723,0.48069,0.458057,-1.520406,0.454251
282,0.064361,-0.131048,0.514913,0.770788,-2.566084,0.441181,0.220684,-0.372781,0.497713,0.619289,-1.995145,0.45688,0.294549,-0.513193,0.467503,0.515079,-1.731892,0.469658,0.351857,-0.598447,0.466627,0.445677,-1.508409,0.427248
283,0.066908,-0.127083,0.495625,0.810243,-2.562428,0.447466,0.219887,-0.37404,0.469001,0.656768,-2.033807,0.458936,0.295949,-0.500266,0.454272,0.555212,-1.720783,0.461492,0.345861,-0.60652,0.453359,0.499015,-1.521519,0.447549
284,0.067568,-0.12477,0.472795,0.870189,-2.572469,0.44712,0.229436,-0.372207,0.453662,0.68553,-2.027537,0.434532,0.304048,-0.514135,0.443106,0.584541,-1.722428,0.424484,0.362695,-0.60145,0.425204,0.537047,-1.515747,0.407195
285,0.081305,-0.123152,0.448158,0.923501,-2.588551,0.430248,0.233902,-0.366862,0.434546,0.736938,-2.055847,0.436412,0.318204,-0.510867,0.410139,0.600991,-1.715028,0.419972,0.366625,-0.601012,0.410476,0.546887,-1.54919,0.435275
286,0.079812,-0.128464,0.426862,0.967538,-2.604845,0.409422,0.242575,-0.377213,0.410585,0.752935,-2.047517,0.410607,0.323192,-0.50372,0.396046,0.643596,-1.718346,0.41071,0.373863,-0.601074,0.394856,0.563545,-1.55538,0.409267
287,0.08698,-0.127931,0.410056,1.01296,-2.596686,0.394169,0.233518,-0.366114,0.391897,0.784316,-2.058548,0.417895,0.334314,-0.502367,0.380383,0.680927,-1.732282,0.395176,0.385133,-0.591501,0.373041,0.591861,-1.537846,0.418706
288,0.076269,-0.129814,0.388913,1.055613,-2.617912,0.398546,0.25764,-0.366805,0.370261,0.840739,-2.04971,0.389368,0.341346,-0.503031,0.35221,0.711479,-1.742687,0.399864,0.39314,-0.598407,0.356866,0.631981,-1.53624,0.387468
289,0.078226,-0.125541,0.35743,1.096087,-2.605491,0.397306,0.252703,-0.353969,0.351505,0.884013,-2.052716,0.383147,0.346966,-0.502138,0.341502,0.747306,-1.730246,0.385326,0.40664,-0.591818,0.326839,0.653874,-1.547339,0.371658
290,0.079343,-0.130294,0.350867,1.15125,-2.625956,0.375161,0.257144,-0.362151,0.331662,0.899818,-2.067965,0.380948,0.349958,-0.500132,0.327719,0.77048,-1.763967,0.375712,0.413587,-0.591918,0.31192,0.701838,-1.555772,0.378134
291,0.087495,-0.127231,0.320352,1.18025,-2.620092,0.381396,0.266584,-0.355901,0.31307,0.930436,-2.049407,0.355613,0.354458,-0.498554,0.299622,0.781271,-1.733747,0.369594,0.410773,-0.581237,0.300368,0.694859,-1.555999,0.370898
292,0.080859,-0.113361,0.300431,1.249318,-2.614396,0.354778,0.272392,-0.366978,0.295086,0.97253,-2.051576,0.35235,0.362523,-0.495504,0.285401,0.837979,-1.753514,0.360713,0.430023,-0.577222,0.273273,0.734804,-1.5472,0.36993
293,0.09143,-0.120162,0.288113,1.28148,-2.634365,0.347581,0.268077,-0.358635,0.270681,1.004101,-2.049081,0.350591,0.374374,-0.494023,0.256207,0.870023,-1.745172,0.330797,0.433337,-0.58186,0.251037,0.75835,-1.547324,0.325392
294,0.090139,-0.118916,0.263593,1.32319,-2.617029,0.33593,0.277532,-0.358888,0.252132,1.034003,-2.074096,0.343233,0.373645,-0.501044,0.235512,0.887855,-1.749625,0.333201,0.446361,-0.573431,0.230339,0.792262,-1.549236,0.358116
295,0.098689,-0.119432,0.242943,1.354213,-2.62712,0.334493,0.285086,-0.357803,0.22461,1.061092,-2.069852,0.296364,0.384558,-0.490509,0.222786,0.917603,-1.747024,0.323159,0.440445,-0.5713,0.204099,0.815202,-1.564337,0.320532
296,0.096466,-0.117266,0.21741,1.410986,-2.618935,0.316712,0.289849,-0.34612,0.207338,1.106131,-2.04603,0.311659,0.390568,-0.484957,0.203071,0.950154,-1.75336,0.308174,0.460532,-0.561265,0.185539,0.839329,-1.565557,0.326519
297,0.110095,-0.107399,0.189442,1.436153,-2.615261,0.310937,0.295738,-0.341867,0.184479,1.155001,-2.07943,0.292165,0.388719,-0.482495,0.175614,0.980378,-1.754862,0.297773,0.464533,-0.563001,0.174944,0.859595,-1.535879,0.289751
298,0.089413,-0.119093,0.165361,1.494784,-2.63448,0.280186,0.288248,-0.343971,0.166138,1.177107,-2.066857,0.29985,0.403197,-0.478004,0.150915,1.003443,-1.738395,0.281896,0.461117,-0.544409,0.16452,0.89438,-1.539297,0.292315
299,0.102052,-0.116769,0.146813,1.550041,-2.606001,0.27747,0.294156,-0.342152,0.138784,1.205351,-2.053063,0.284774,0.405608,-0.472715,0.127553,1.03208,-1.73906,0.279874,0.482849,-0.554862,0.141082,0.906601,-1.541998,0.273152
300,0.09363,-0.115072,0.11551,1.575963,-2.599566,0.269858,0.302724,-0.343025,0.115459,1.232359,-2.049607,0.25318,0.419208,-0.476406,0.118633,1.038549,-1.744728,0.261504,0.485905,-0.543658,0.118512,0.934837,-1.526723,0.244789
301,0.101094,-0.10156,0.101255,1.595654,-2.601141,0.248271,0.311543,-0.339676,0.104401,1.284017,-2.030078,0.230527,0.414105,-0.473556,0.100288,1.073342,-1.735213,0.2339,0.49802,-0.546461,0.099539,0.9602,-1.537342,0.239359
302,0.113928,-0.116585,0.08657,1.661223,-2.575968,0.234473,0.308317,-0.346471,0.087256,1.297801,-2.049583,0.23838,0.42081,-0.45725,0.07389,1.099619,-1.724041,0.2425,0.495393,-0.545733,0.064121,0.993025,-1.543786,0.236521
303,0.105334,-0.109589,0.057005,1.703747,-2.570171,0.234359,0.319844,-0.330883,0.05817,1.330956,-2.020125,0.224983,0.426192,-0.461537,0.05004,1.121548,-1.743204,0.226793,0.506781,-0.534777,0.056049,1.026077,-1.522278,0.243069
304,0.109454,-0.102904,0.038465,1.720155,-2.578002,0.212416,0.310308,-0.331731,0.031746,1.369839,-2.03063,0.210153,0.430332,-0.445425,0.03494,1.164104,-1.71497,0.225129,0.514732,-0.535357,0.020671,1.025431,-1.523243,0.22039
305,0.10204,-0.11541,0.016806,1.740286,-2.56175,0.206455,0.326903,-0.328435,0.011325,1.398669,-2.010867,0.182942,0.450114,-0.44898,0.003185,1.174332,-1.743796,0.194536,0.512378,-0.52785,0.004563,1.054984,-1.529127,0.20149
306,0.0987,-0.108978,-0.010585,1.791288,-2.551071,0.197374,0.33831,-0.323722,-0.002314,1.425037,-2.005499,0.20144,0.447581,-0.448227,-0.005468,1.191527,-1.70107,0.195642,0.531029,-0.526266,-0.007527,1.067222,-1.520131,0.202263
307,0.108862,-0.097541,-0.033652,1.829918,-2.548373,0.188633,0.327739,-0.327887,-0.033544,1.422162,-2.003692,0.162541,0.453441,-0.430039,-0.024473,1.217838,-1.692669,0.17063,0.530588,-0.511455,-0.031529,1.080069,-1.524033,0.181793
308,0.116605,-0.106188,-0.056128,1.863177,-2.524178,0.179329,0.324034,-0.314504,-0.047139,1.456137,-2.002666,0.170992,0.46282,-0.43606,-0.049232,1.236483,-1.709785,0.173793,0.528226,-0.508065,-0.054951,1.106879,-1.498655,0.168461
309,0.119213,-0.098576,-0.087899,1.894408,-2.501577,0.169136,0.335035,-0.314399,-0.08207,1.508718,-1.98141,0.17958,0.460361,-0.428986,-0.07564,1.270305,-1.672293,0.161424,0.541116,-0.498321,-0.072397,1.139766,-1.494352,0.152474
310,0.126181,-0.096259,-0.101488,1.924346,-2.503731,0.152911,0.345606,-0.296923,-0.09144,1.508752,-1.950278,0.134279,0.465038,-0.426994,-0.089705,1.279602,-1.679788,0.136125,0.54441,-0.489876,-0.080804,1.146761,-1.502478,0.141213
311,0.116467,-0.107126,-0.122435,1.966223,-2.481549,0.129575,0.336535,-0.296935,-0.111474,1.553768,-1.961188,0.124709,0.472359,-0.413347,-0.112475,1.321539,-1.673647,0.119878,0.543847,-0.495941,-0.10585,1.178578,-1.463164,0.129254
312,0.105861,-0.102409,-0.140121,2.005141,-2.447137,0.118959,0.349342,-0.300334,-0.132999,1.570519,-1.939905,0.125727,0.473832,-0.40515,-0.13261,1.329536,-1.645621,0.126016,0.55455,-0.481118,-0.138784,1.185043,-1.450931,0.134867
313,0.111486,-0.099842,-0.166994,2.04469,-2.44812,0.090859,0.348842,-0.288858,-0.170462,1.595382,-1.923102,0.107899,0.459997,-0.395411,-0.161431,1.351415,-1.637507,0.104093,0.551437,-0.468491,-0.149229,1.209456,-1.454831,0.09536
314,0.10845,-0.094818,-0.182382,2.069196,-2.423633,0.111934,0.350054,-0.291329,-0.183497,1.630056,-1.903135,0.104916,0.486632,-0.40463,-0.176709,1.384535,-1.617599,0.083187,0.558194,-0.463192,-0.171027,1.235848,-1.444334,0.103588
315,0.119613,-0.090041,-0.206552,2.101233,-2.416203,0.093353,0.357753,-0.285181,-0.205164,1.667062,-1.910176,0.0952,0.490685,-0.385368,-0.194854,1.412676,-1.619696,0.069797,0.57359,-0.453297,-0.186625,1.242477,-1.42788,0.078621
316,0.123307,-0.091138,-0.234786,2.128923,-2.393154,0.058429,0.353815,-0.284477,-0.217006,1.676703,-1.878667,0.066934,0.488664,-0.386705,-0.210353,1.419925,-1.605348,0.069895,0.566778,-0.447384,-0.217874,1.260922,-1.413297,0.060513
317,0.110291,-0.086676,-0.259925,2.14674,-2.367179,0.04882,0.354079,-0.276392,-0.246174,1.691023,-1.868237,0.061092,0.481882,-0.380309,-0.235493,1.427908,-1.578321,0.059715,0.574129,-0.43706,-0.228045,1.267723,-1.406327,0.036723
318,0.116467,-0.099743,-0.270151,2.183726,-2.363475,0.044789,0.351158,-0.282022,-0.269334,1.70025,-1.850879,0.026656,0.496566,-0.374447,-0.256132,1.456877,-1.574129,0.044767,0.570395,-0.435803,-0.256189,1.306443,-1.404726,0.023636
319,0.119255,-0.07734,-0.303366,2.192052,-2.34651,0.026074,0.36193,-0.262828,-0.281226,1.726634,-1.821549,0.039555,0.486537,-0.369541,-0.281723,1.484661,-1.554223,0.04385,0.581167,-0.438678,-0.27473,1.304368,-1.378847,0.036577
320,0.12298,-0.082122,-0.323453,2.220982,-2.309738,0.023467,0.362758,-0.256739,-0.311943,1.7484,-1.806429,0.017083,0.489804,-0.35371,-0.304193,1.509749,-1.520136,0.037384,0.583179,-0.419063,-0.285186,1.326306,-1.371692,0.01914
321,0.119435,-0.092678,-0.35177,2.252414,-2.29327,-0.009126,0.358571,-0.250603,-0.320309,1.776709,-1.799488,0.005616,0.502265,-0.35485,-0.314688,1.504886,-1.525447,0.018016,0.577168,-0.411647,-0.311168,1.349756,-1.345161,0.003032
322,0.116155,-0.086133,-0.370519,2.287896,-2.265863,-0.008453,0.348681,-0.250332,-0.352339,1.791982,-1.792426,-0.011765,0.505272,-0.344391,-0.329198,1.530553,-1.49883,-0.015259,0.586717,-0.405658,-0.326515,1.345409,-1.338793,-0.019554
323,0.114569,-0.083796,-0.384411,2.306495,-2.248338,-0.010413,0.365445,-0.238959,-0.378973,1.818426,-1.744425,-0.006013,0.503705,-0.329694,-0.352424,1.555836,-1.493273,-0.018051,0.592208,-0.398699,-0.346311,1.365004,-1.335464,-0.012614
324,0.12582,-0.085254,-0.402692,2.329154,-2.195501,-0.032477,0.373757,-0.244721,-0.387145,1.838632,-1.737668,-0.031246,0.51183,-0.337197,-0.381975,1.569909,-1.472647,-0.037549,0.595067,-0.394689,-0.368679,1.381157,-1.29695,-0.046483
325,0.125449,-0.079984,-0.422964,2.356797,-2.171684,-0.044417,0.374223,-0.232444,-0.406331,1.858941,-1.699042,-0.036668,0.507984,-0.318717,-0.394591,1.59585,-1.469686,-0.052252,0.596678,-0.370618,-0.3909,1.384091,-1.275789,-0.046082
326,0.125685,-0.08151,-0.443912,2.382295,-2.144601,-0.064405,0.366111,-0.230833,-0.430349,1.875269,-1.687755,-0.058111,0.510386,-0.313869,-0.419156,1.583861,-1.41734,-0.068629,0.602203,-0.366644,-0.414696,1.422234,-1.299052,-0.042463
327,0.12731,-0.070344,-0.469293,2.395493,-2.119365,-0.072426,0.365876,-0.223848,-0.440152,1.870355,-1.663336,-0.067949,0.512668,-0.316426,-0.44241,1.59714,-1.420953,-0.057524,0.590905,-0.3664,-0.429616,1.444319,-1.254926,-0.067938
328,0.123972,-0.073087,-0.494299,2.437209,-2.090479,-0.091603,0.37658,-0.219306,-0.464106,1.895704,-1.634888,-0.097166,0.51549,-0.29748,-0.457664,1.640703,-1.393498,-0.077627,0.590984,-0.355228,-0.437634,1.440004,-1.235285,-0.077295
329,0.123441,-0.068915,-0.514382,2.433565,-2.046738,-0.101128,0.380332,-0.210209,-0.486783,1.920169,-1.63321,-0.10082,0.506211,-0.287347,-0.475022,1.628549,-1.392362,-0.113318,0.604443,-0.340322,-0.457755,1.434767,-1.235209,-0.098078
330,0.124264,-0.070282,-0.526989,2.447594,-2.041149,-0.100483,0.371865,-0.205474,-0.509858,1.942602,-1.585958,-0.118689,0.508425,-0.289546,-0.487873,1.635748,-1.353247,-0.131174,0.596191,-0.33876,-0.478826,1.463071,-1.194894,-0.118856
331,0.119488,-0.070319,-0.548886,2.468299,-1.991471,-0.130385,0.377907,-0.197825,-0.525911,1.937457,-1.567771,-0.114079,0.511843,-0.273838,-0.508039,1.643539,-1.334434,-0.102202,0.61371,-0.315526,-0.49693,1.472175,-1.207894,-0.117817
332,0.123266,-0.059911,-0.573368,2.485805,-1.967193,-0.133571,0.375398,-0.194859,-0.545188,1.959311,-1.550291,-0.126638,0.509479,-0.269469,-0.521675,1.664223,-1.318241,-0.140957,0.602202,-0.312431,-0.519844,1.462552,-1.178512,-0.134161
333,0.124679,-0.066384,-0.590216,2.494888,-1.933936,-0.134618,0.373291,-0.189313,-0.551994,1.972577,-1.535416,-0.135721,0.518777,-0.258863,-0.551991,1.685123,-1.295371,-0.147686,0.599405,-0.314353,-0.547828,1.496162,-1.142551,-0.140628
334,0.132279,-0.058337,-0.604726,2.51689,-1.915426,-0.167977,0.371152,-0.190658,-0.580568,1.993022,-1.490414,-0.150105,0.520662,-0.251925,-0.560742,1.678697,-1.263237,-0.154471,0.596347,-0.295635,-0.550667,1.49076,-1.128896,-0.155916
335,0.129935,-0.058388,-0.635794,2.520637,-1.846462,-0.164072,0.37574,-0.177656,-0.60272,1.991154,-1.467384,-0.184154,0.510477,-0.256369,-0.581667,1.690802,-1.262136,-0.159756,0.607497,-0.292346,-0.58618,1.496081,-1.11533,-0.161994
336,0.12319,-0.058262,-0.642729,2.55602,-1.821689,-0.188034,0.371869,-0.167272,-0.612941,1.999986,-1.440162,-0.176568,0.524805,-0.228286,-0.604078,1.695414,-1.220327,-0.171823,0.599841,-0.282478,-0.585504,1.515615,-1.090782,-0.164257
337,0.117644,-0.052459,-0.658763,2.565537,-1.817113,-0.206789,0.372439,-0.157013,-0.640896,2.015273,-1.414263,-0.214118,0.51533,-0.225519,-0.624668,1.714759,-1.204896,-0.19598,0.593494,-0.261252,-0.611463,1.504714,-1.068315,-0.209974
338,0.122541,-0.046275,-0.681404,2.560461,-1.756282,-0.205642,0.37269,-0.159774,-0.652944,2.006112,-1.395339,-0.211434,0.504451,-0.208098,-0.639312,1.701641,-1.170024,-0.215413,0.6093,-0.254484,-0.633767,1.498332,-1.046035,-0.191768
339,0.118886,-0.048157,-0.702631,2.580336,-1.742877,-0.217244,0.368292,-0.155318,-0.68199,2.005324,-1.354704,-0.208185,0.513892,-0.211609,-0.649982,1.741443,-1.149635,-0.207363,0.598984,-0.240223,-0.640144,1.539691,-1.035216,-0.222804
340,0.113517,-0.05036,-0.728829,2.575249,-1.668255,-0.256697,0.368862,-0.137493,-0.693452,2.026048,-1.320672,-0.234415,0.509636,-0.201459,-0.676234,1.739139,-1.126341,-0.2276,0.595071,-0.231545,-0.650444,1.540538,-1.011468,-0.249983
341,0.118614,-0.042114,-0.737971,2.591137,-1.628712,-0.235284,0.377925,-0.137921,-0.703331,2.058456,-1.296649,-0.228622,0.514928,-0.194373,-0.689755,1.726584,-1.097824,-0.259549,0.596353,-0.216656,-0.678194,1.540442,-0.992141,-0.243443
342,0.125977,-0.049217,-0.761538,2.609748,-1.620967,-0.23674,0.373695,-0.135691,-0.719017,2.055712,-1.272022,-0.22823,0.51252,-0.180669,-0.698843,1.754452,-1.068252,-0.235369,0.604546,-0.204463,-0.692616,1.537848,-0.946393,-0.255481
343,0.12425,-0.045311,-0.776584,2.600616,-1.576429,-0.275004,0.36367,-0.115343,-0.735401,2.046958,-1.22883,-0.267671,0.507108,-0.169677,-0.719771,1.751845,-1.054698,-0.266139,0.597015,-0.20921,-0.709486,1.552927,-0.945289,-0.271977
344,0.118871,-0.040538,-0.785154,2.595532,-1.52918,-0.272527,0.37124,-0.118657,-0.752922,2.046565,-1.206095,-0.271557,0.506706,-0.163785,-0.740521,1.744962,-1.02635,-0.272663,0.592455,-0.186651,-0.713119,1.544121,-0.899252,-0.272179
345,0.123008,-0.038957,-0.807616,2.616838,-1.484434,-0.315907,0.364563,-0.123693,-0.775405,2.055901,-1.176861,-0.289792,0.504306,-0.143373,-0.754126,1.735415,-1.000713,-0.278528,0.589696,-0.180413,-0.7505,1.538415,-0.884406,-0.290281
346,0.119791,-0.03425,-0.829982,2.628955,-1.440402,-0.292205,0.35837,-0.102522,-0.788417,2.057658,-1.128823,-0.289686,0.50248,-0.148131,-0.772374,1.754911,-0.955917,-0.30242,0.582414,-0.174481,-0.754753,1.531431,-0.862313,-0.303413
347,0.118336,-0.027564,-0.847987,2.632287,-1.405172,-0.313726,0.369892,-0.100239,-0.797758,2.063024,-1.100027,-0.301622,0.490654,-0.129768,-0.7834,1.74892,-0.921457,-0.322697,0.581905,-0.158481,-0.759423,1.560129,-0.833517,-0.308038
348,0.120619,-0.03598,-0.85653,2.601204,-1.362934,-0.321555,0.357144,-0.087291,-0.818356,2.057921,-1.068042,-0.316662,0.502411,-0.130394,-0.798398,1.770858,-0.916017,-0.336182,0.578316,-0.139756,-0.783557,1.552228,-0.801699,-0.322221
349,0.116194,-0.029238,-0.86493,2.63631,-1.326291,-0.345072,0.358188,-0.078395,-0.839747,2.066725,-1.047192,-0.332933,0.485228,-0.1132,-0.810399,1.760861,-0.890371,-0.321376,0.577253,-0.134786,-0.786255,1.561437,-0.768147,-0.338815
350,0.122363,-0.029464,-0.886543,2.615355,-1.278081,-0.337191,0.359248,-0.076687,-0.851329,2.069595,-1.003289,-0.335374,0.480728,-0.095923,-0.825827,1.764336,-0.858183,-0.352833,0.568238,-0.136345,-0.809871,1.55996,-0.775011,-0.341278
351,0.112457,-0.026809,-0.91424,2.62233,-1.245013,-0.381795,0.357679,-0.081233,-0.854363,2.058125,-0.955951,-0.34555,0.481929,-0.103411,-0.836724,1.761224,-0.827754,-0.375371,0.571548,-0.115886,-0.815831,1.565585,-0.721919,-0.36522
352,0.119307,-0.024658,-0.905773,2.632232,-1.181833,-0.362218,0.34854,-0.066231,-0.870955,2.068371,-0.914835,-0.36144,0.478741,-0.094618,-0.859864,1.764047,-0.803544,-0.354147,0.561923,-0.104777,-0.836043,1.560227,-0.717638,-0.366817
353,0.110942,-0.024388,-0.930937,2.614339,-1.170426,-0.372332,0.350753,-0.055607,-0.892264,2.054808,-0.917051,-0.36306,0.46959,-0.085842,-0.87184,1.744689,-0.76061,-0.379504,0.55671,-0.089124,-0.851071,1.544872,-0.689959,-0.365866
354,0.118533,-0.010897,-0.944213,2.626719,-1.106642,-0.378522,0.344644,-0.050706,-0.895925,2.054535,-0.860003,-0.392071,0.477559,-0.068373,-0.878568,1.740709,-0.749603,-0.399818,0.554122,-0.084254,-0.863347,1.573095,-0.649795,-0.390998
355,0.114174,-0.017336,-0.956718,2.606092,-1.054305,-0.40713,0.341816,-0.045965,-0.907617,2.067739,-0.834982,-0.395815,0.471463,-0.055432,-0.890292,1.758649,-0.704001,-0.412469,0.551138,-0.063624,-0.882221,1.539131,-0.619847,-0.396125
356,0.114651,-0.004772,-0.969606,2.597764,-1.007398,-0.413479,0.344549,-0.028677,-0.924894,2.053828,-0.801799,-0.403574,0.478616,-0.031017,-0.90626,1.723301,-0.677942,-0.406979,0.541346,-0.05384,-0.876429,1.568366,-0.568523,-0.413095
357,0.110513,0.000399,-0.983301,2.585365,-0.954157,-0.411902,0.3409,-0.032628,-0.933774,2.04096,-0.76335,-0.418343,0.457631,-0.040505,-0.918463,1.725134,-0.645034,-0.414579,0.541072,-0.04746,-0.894967,1.539491,-0.562692,-0.422575
358,0.116247,-0.014857,-0.998389,2.572734,-0.938451,-0.405904,0.331114,-0.033227,-0.952762,2.021202,-0.722685,-0.417841,0.455189,-0.030348,-0.920892,1.742916,-0.617786,-0.429638,0.536666,-0.041962,-0.911801,1.543558,-0.554292,-0.425603
359,0.111767,-0.009137,-1.013288,2.581202,-0.868949,-0.429733,0.324741,-0.015321,-0.968001,2.032798,-0.686794,-0.438185,0.45799,-0.020647,-0.937153,1.731063,-0.575221,-0.432614,0.518575,-0.023121,-0.919056,1.513661,-0.530118,-0.439964
360,0.112057,0.008097,-1.016608,2.567085,-0.838078,-0.444496,0.336517,-0.007272,-0.969819,2.009798,-0.64312,-0.44474,0.450172,-0.01128,-0.945628,1.71918,-0.550791,-0.430722,0.523827,-0.015776,-0.933711,1.528326,-0.50885,-0.434096
361,0.101918,-0.000978,-1.040339,2.56625,-0.759981,-0.449565,0.314291,0.002946,-0.990869,2.013111,-0.622545,-0.449186,0.445228,-0.00512,-0.954802,1.720963,-0.511,-0.457399,0.521019,-0.004951,-0.946794,1.526193,-0.464282,-0.452276
362,0.104399,0.002675,-1.038809,2.545967,-0.725388,-0.471355,0.321907,0.019706,-0.992521,1.99209,-0.561775,-0.466458,0.439065,0.00477,-0.969157,1.69923,-0.485047,-0.467133,0.521224,0.008435,-0.948072,1.494779,-0.426576,-0.469221
363,0.097002,0.002981,-1.049961,2.535254,-0.698919,-0.464922,0.322541,0.009632,-1.0079,1.988261,-0.519875,-0.46264,0.435622,0.019835,-0.978328,1.678314,-0.439977,-0.4715,0.508592,0.018396,-0.968221,1.515274,-0.41396,-0.475494
364,0.105199,0.003731,-1.067543,2.522337,-0.649476,-0.484303,0.317462,0.020313,-1.016606,1.984661,-0.50677,-0.484644,0.442256,0.031053,-0.984196,1.67053,-0.452109,-0.470242,0.505858,0.035813,-0.969997,1.485081,-0.391125,-0.486586
365,0.102033,0.004321,-1.077874,2.502878,-0.574041,-0.481312,0.306076,0.028476,-1.031228,1.977444,-0.475831,-0.494194,0.426867,0.034153,-0.989072,1.676264,-0.413034,-0.502039,0.504188,0.042699,-0.977821,1.482963,-0.368297,-0.489799
366,0.099637,0.020096,-1.083287,2.50304,-0.541858,-0.497282,0.301125,0.038545,-1.03579,1.974797,-0.434665,-0.496048,0.420539,0.038816,-1.0138,1.666939,-0.366885,-0.501202,0.481646,0.058355,-0.988254,1.479305,-0.317437,-0.488572
367,0.093187,0.009059,-1.091095,2.472388,-0.49413,-0.504538,0.296857,0.042519,-1.038259,1.947235,-0.388221,-0.517589,0.407941,0.054482,-1.014718,1.663036,-0.330032,-0.514402,0.481264,0.068753,-0.994925,1.453745,-0.305165,-0.506562
368,0.100903,0.003534,-1.1057,2.455393,-0.4676,-0.516421,0.290803,0.04114,-1.051015,1.925988,-0.3393,-0.525849,0.415179,0.074087,-1.019848,1.656958,-0.307906,-0.511931,0.472995,0.082825,-1.002048,1.447218,-0.242725,-0.502009
369,0.102306,0.03042,-1.110693,2.458878,-0.399917,-0.519004,0.291981,0.056609,-1.051125,1.930274,-0.318495,-0.51807,0.398026,0.08106,-1.032904,1.640671,-0.267379,-0.510343,0.478758,0.095533,-1.013882,1.441994,-0.251402,-0.5259
370,0.093011,0.021317,-1.125006,2.425419,-0.334753,-0.523352,0.285112,0.069075,-1.06754,1.905018,-0.267788,-0.522776,0.391032,0.088326,-1.036654,1.630492,-0.227048,-0.521023,0.466541,0.109159,-1.020167,1.451155,-0.215221,-0.549541
371,0.097777,0.01764,-1.128301,2.394635,-0.297945,-0.533614,0.279187,0.071426,-1.076823,1.887972,-0.232334,-0.538821,0.385548,0.091192,-1.045865,1.621797,-0.184265,-0.535556,0.448733,0.110678,-1.024976,1.419335,-0.173046,-0.529353
372,0.088813,0.019738,-1.140373,2.383671,-0.250685,-0.557689,0.273588,0.083718,-1.083531,1.875196,-0.194371,-0.527645,0.391385,0.099542,-1.051522,1.600687,-0.170915,-0.536836,0.451358,0.125602,-1.039581,1.430419,-0.146057,-0.544702
373,0.098162,0.028789,-1.144906,2.350289,-0.213107,-0.569391,0.273435,0.076869,-1.092178,1.857912,-0.143708,-0.540747,0.373613,0.11889,-1.051556,1.587027,-0.125124,-0.561779,0.439972,0.130699,-1.037623,1.398201,-0.132134,-0.545019
374,0.084565,0.036486,-1.14508,2.334599,-0.15121,-0.556807,0.263449,0.096207,-1.102005,1.841596,-0.101544,-0.566952,0.369514,0.123564,-1.073964,1.562553,-0.097083,-0.560168,0.44279,0.150227,-1.047171,1.38964,-0.067691,-0.550881
375,0.084131,0.025363,-1.149575,2.312114,-0.100238,-0.575858,0.262315,0.091878,-1.099408,1.83598,-0.082637,-0.576138,0.371352,0.127207,-1.065204,1.541672,-0.065247,-0.559582,0.423839,0.159675,-1.042658,1.368807,-0.055813,-0.579492
376,0.083846,0.036887,-1.164209,2.286287,-0.047384,-0.575619,0.25805,0.109297,-1.104958,1.793465,-0.035172,-0.566898,0.351353,0.137367,-1.078743,1.537477,-0.027178,-0.562706,0.424973,0.157923,-1.063445,1.354314,-0.02334,-0.56716
377,0.078683,0.033863,-1.163016,2.257608,0.010786,-0.578493,0.256435,0.109062,-1.108968,1.775459,-0.010358,-0.567039,0.348273,0.152058,-1.075802,1.519524,0.010212,-0.582462,0.40679,0.172686,-1.071772,1.3686,0.012537,-0.572765
378,0.082978,0.049912,-1.171851,2.25602,0.057921,-0.602016,0.257267,0.113553,-1.119986,1.776183,0.030315,-0.587616,0.347167,0.160601,-1.080808,1.504961,0.026219,-0.563298,0.402274,0.200716,-1.07021,1.328317,0.021866,-0.59668
379,0.077907,0.054059,-1.168821,2.22729,0.118579,-0.590388,0.253252,0.124003,-1.123422,1.746461,0.085456,-0.623723,0.336319,0.165817,-1.096809,1.494511,0.074145,-0.596927,0.397598,0.191808,-1.070497,1.32564,0.045566,-0.593346
380,0.089991,0.043536,-1.17761,2.185411,0.141889,-0.60128,0.239195,0.130592,-1.125384,1.748569,0.108589,-0.601021,0.333419,0.183581,-1.093394,1.456924,0.096617,-0.598227,0.380128,0.211766,-1.0666,1.289073,0.098601,-0.60836
381,0.080946,0.040677,-1.185421,2.173541,0.186853,-0.605799,0.236712,0.142181,-1.130334,1.712822,0.154855,-0.581397,0.326005,0.182012,-1.092613,1.44183,0.145464,-0.590082,0.372799,0.226801,-1.079494,1.281677,0.110489,-0.598871
382,0.074935,0.038683,-1.180403,2.14549,0.258833,-0.612997,0.226705,0.148314,-1.128434,1.684167,0.179647,-0.603977,0.305969,0.201348,-1.094642,1.396578,0.155573,-0.598872,0.369486,0.230139,-1.072195,1.276893,0.140127,-0.602455
383,0.071827,0.061628,-1.181654,2.116391,0.305308,-0.621175,0.229523,0.14797,-1.13104,1.662524,0.247361,-0.621044,0.307989,0.201942,-1.100513,1.419624,0.198622,-0.616609,0.358683,0.240683,-1.086204,1.242191,0.166082,-0.61384
384,0.074149,0.050196,-1.191831,2.06459,0.341099,-0.624795,0.215373,0.1468,-1.127758,1.619735,0.273013,-0.618227,0.292725,0.213319,-1.105763,1.391596,0.225969,-0.625448,0.359874,0.253292,-1.087834,1.22721,0.213593,-0.624955
385,0.076152,0.058851,-1.192559,2.046445,0.40279,-0.636201,0.213357,0.158357,-1.137463,1.613464,0.317462,-0.602891,0.290354,0.224488,-1.111228,1.357636,0.259694,-0.631544,0.335883,0.266055,-1.084974,1.204924,0.220031,-0.617963
386,0.067274,0.058709,-1.20153,2.014799,0.435578,-0.647587,0.205244,0.170144,-1.137679,1.610254,0.355865,-0.618956,0.284877,0.234643,-1.109299,1.34515,0.274035,-0.626344,0.321627,0.280475,-1.082047,1.20164,0.259955,-0.622472
387,0.0675,0.057201,-1.193537,1.996558,0.498593,-0.634724,0.196792,0.183125,-1.141883,1.564726,0.39078,-0.624077,0.265894,0.234251,-1.106441,1.316001,0.330408,-0.64724,0.315055,0.278375,-1.090086,1.186217,0.306637,-0.618597
388,0.06173,0.063461,-1.193077,1.955599,0.546897,-0.65144,0.195175,0.189095,-1.136745,1.53753,0.413634,-0.631119,0.270202,0.241414,-1.100154,1.296739,0.356978,-0.65132,0.307642,0.295924,-1.077404,1.149326,0.316647,-0.618037
389,0.062973,0.059538,-1.191405,1.918705,0.588684,-0.620674,0.186177,0.180695,-1.139008,1.511241,0.457853,-0.635083,0.262549,0.260339,-1.106521,1.308684,0.40851,-0.637452,0.289405,0.306255,-1.078032,1.12766,0.338022,-0.638921
390,0.049778,0.056255,-1.197859,1.887926,0.619208,-0.657391,0.186288,0.196444,-1.133596,1.497912,0.493018,-0.632992,0.246555,0.268208,-1.107659,1.261085,0.414123,-0.633949,0.288442,0.311105,-1.093711,1.105028,0.390006,-0.625727
391,0.053674,0.070488,-1.190003,1.860194,0.675883,-0.654743,0.178966,0.195118,-1.135077,1.471724,0.539376,-0.656578,0.235106,0.278422,-1.108645,1.234223,0.464923,-0.638053,0.275662,0.327437,-1.091287,1.100943,0.401598,-0.633362
392,0.051062,0.061718,-1.193356,1.795353,0.72853,-0.646756,0.167943,0.207915,-1.130639,1.415187,0.589083,-0.660493,0.22971,0.284049,-1.102474,1.215939,0.484883,-0.642995,0.276264,0.324279,-1.092809,1.07797,0.423985,-0.65208
393,0.057252,0.07322,-1.187639,1.802222,0.759826,-0.64518,0.151684,0.207408,-1.139898,1.426692,0.6139,-0.664229,0.222322,0.285331,-1.100295,1.191563,0.512872,-0.642078,0.255234,0.344191,-1.087026,1.076943,0.459668,-0.641409
394,0.055698,0.077686,-1.190627,1.73557,0.816401,-0.659892,0.147622,0.215213,-1.142168,1.357448,0.657285,-0.657748,0.221593,0.29406,-1.104618,1.15638,0.538387,-0.664982,0.243096,0.343659,-1.081473,1.04594,0.487964,-0.64455
395,0.056565,0.075877,-1.184002,1.703448,0.863667,-0.655972,0.151918,0.227892,-1.131043,1.347007,0.695164,-0.648605,0.20357,0.309555,-1.1017,1.138898,0.601509,-0.652963,0.249401,0.358613,-1.076991,1.013842,0.514044,-0.663306
396,0.04819,0.086532,-1.181529,1.67241,0.912213,-0.660931,0.149388,0.234869,-1.131266,1.31574,0.741574,-0.660323,0.190122,0.316914,-1.104096,1.124497,0.607982,-0.66663,0.226858,0.364912,-1.079501,0.98744,0.54069,-0.662637
397,0.053286,0.071353,-1.180666,1.639543,0.96838,-0.689695,0.1258,0.23074,-1.117243,1.282993,0.771548,-0.673754,0.185492,0.318109,-1.089152,1.09403,0.637716,-0.683453,0.210389,0.383448,-1.076142,0.965932,0.575386,-0.673498
398,0.043347,0.077244,-1.177218,1.600119,0.99165,-0.658422,0.125284,0.242355,-1.125916,1.241467,0.790411,-0.660361,0.173618,0.32698,-1.096386,1.058367,0.669775,-0.663563,0.209049,0.387795,-1.069578,0.953109,0.592922,-0.674391
399,0.039254,0.083384,-1.168459,1.552638,1.061029,-0.656185,0.125041,0.246411,-1.117191,1.215007,0.829162,-0.671726,0.16339,0.343364,-1.09178,1.055229,0.710078,-0.645086,0.201772,0.395455,-1.063141,0.91723,0.607762,-0.671867
400,0.033812,0.074296,-1.173681,1.514363,1.089298,-0.676922,0.114452,0.250764,-1.117925,1.203546,0.850735,-0.670754,0.161877,0.343601,-1.091304,1.010416,0.730924,-0.677912,0.184118,0.399889,-1.061894,0.886545,0.655124,-0.663752
401,0.032182,0.090628,-1.162534,1.467277,1.140598,-0.662605,0.099042,0.255494,-1.113922,1.164482,0.903748,-0.665792,0.145867,0.349031,-1.080467,0.977727,0.777318,-0.666897,0.180715,0.420406,-1.060096,0.863006,0.67722,-0.667837
402,0.031538,0.086145,-1.149449,1.446935,1.193857,-0.646546,0.096256,0.269075,-1.101621,1.106147,0.94272,-0.657525,0.145402,0.35942,-1.077813,0.97883,0.799669,-0.654402,0.177858,0.427861,-1.061956,0.858869,0.723188,-0.655307
403,0.030355,0.08656,-1.153742,1.398969,1.217626,-0.670603,0.096478,0.265963,-1.103468,1.099082,0.950177,-0.661293,0.140709,0.362717,-1.070527,0.942755,0.840898,-0.681202,0.144292,0.426582,-1.049684,0.822184,0.738524,-0.681333
404,0.029303,0.093016,-1.148882,1.356191,1.288817,-0.671657,0.089349,0.263728,-1.096017,1.051971,1.000195,-0.66707,0.123034,0.373458,-1.058241,0.896093,0.841199,-0.668875,0.140835,0.437072,-1.041635,0.788851,0.756584,-0.649751
405,0.027317,0.089232,-1.142053,1.293844,1.336741,-0.674067,0.086556,0.265654,-1.089497,1.015153,1.039621,-0.665567,0.119452,0.382466,-1.053837,0.870377,0.883686,-0.667881,0.12048,0.44329,-1.035745,0.770402,0.782256,-0.681873
406,0.019313,0.093182,-1.133227,1.263232,1.364862,-0.6721,0.078725,0.284846,-1.076491,0.968198,1.070503,-0.665692,0.099911,0.380456,-1.053483,0.827457,0.911273,-0.667235,0.128552,0.452063,-1.037825,0.74178,0.812257,-0.663776
407,0.027755,0.097403,-1.122406,1.215975,1.409834,-0.65113,0.069707,0.286054,-1.072789,0.963134,1.109348,-0.666466,0.08851,0.392748,-1.044136,0.815546,0.94326,-0.667605,0.113188,0.463871,-1.027748,0.737416,0.837386,-0.65258
408,0.019557,0.093551,-1.112276,1.179088,1.446629,-0.666172,0.064811,0.290934,-1.070002,0.91822,1.147038,-0.6677,0.0965,0.403039,-1.034408,0.775437,0.966853,-0.667619,0.09744,0.470286,-1.017861,0.697131,0.865713,-0.66633
409,0.011765,0.09325,-1.100094,1.11638,1.497333,-0.665434,0.066014,0.290843,-1.054084,0.87771,1.16381,-0.674155,0.07912,0.399767,-1.030692,0.761509,0.966766,-0.677084,0.080768,0.475504,-0.998804,0.683812,0.876317,-0.679891
410,0.015322,0.099221,-1.104782,1.088979,1.518277,-0.641103,0.039174,0.301277,-1.04437,0.841543,1.209555,-0.657593,0.069242,0.407526,-1.022482,0.706777,1.026955,-0.658058,0.072808,0.481027,-1.009243,0.648546,0.900181,-0.664536
411,0.011219,0.105328,-1.098711,1.033897,1.566646,-0.655711,0.037593,0.312507,-1.038802,0.820267,1.221067,-0.665888,0.055899,0.417454,-1.01272,0.699788,1.036759,-0.673898,0.061194,0.480168,-1.005639,0.62359,0.934934,-0.663851
412,0.010526,0.105844,-1.077666,0.997613,1.616483,-0.662136,0.03152,0.310319,-1.03218,0.783841,1.255177,-0.657591,0.049628,0.42462,-1.008172,0.671406,1.071967,-0.663296,0.053464,0.502629,-0.98774,0.575277,0.960789,-0.659758
413,0.012282,0.104328,-1.069356,0.934472,1.627776,-0.664913,0.02514,0.311539,-1.024249,0.756082,1.297169,-0.656846,0.029789,0.4212,-0.995453,0.621179,1.118648,-0.656396,0.045146,0.502689,-0.98202,0.562335,0.965823,-0.66116
414,0.001556,0.109539,-1.070876,0.895998,1.683845,-0.672801,0.008167,0.312309,-1.012601,0.706306,1.341365,-0.656537,0.03326,0.4303,-0.979321,0.594362,1.145852,-0.661886,0.032452,0.514749,-0.973646,0.528099,0.998135,-0.662966
415,0.003008,0.109785,-1.051142,0.843315,1.730479,-0.661293,0.006622,0.314396,-1.004453,0.683975,1.350919,-0.651387,0.013877,0.430884,-0.975457,0.572035,1.158473,-0.662044,0.022353,0.514731,-0.962271,0.486685,1.027074,-0.671973
416,0.010686,0.108524,-1.047226,0.797791,1.746765,-0.664372,0.007635,0.323573,-0.984433,0.636378,1.387399,-0.645555,0.008184,0.443931,-0.96683,0.546843,1.176233,-0.661064,0.00238,0.516586,-0.955726,0.486003,1.03961,-0.66082
417,-0.009548,0.100501,-1.033755,0.755017,1.80236,-0.651071,-0.011129,0.321227,-0.985697,0.594897,1.413329,-0.651722,-0.004772,0.446449,-0.961006,0.496826,1.200957,-0.664848,-0.000156,0.522152,-0.937023,0.437529,1.063096,-0.651807
418,-0.000201,0.113148,-1.021977,0.715965,1.834206,-0.64513,-0.005476,0.32758,-0.971728,0.557145,1.426376,-0.652149,-0.011126,0.454408,-0.941728,0.460675,1.221546,-0.635518,-0.008308,0.534121,-0.930535,0.43735,1.096489,-0.631531
419,-0.003932,0.115728,-1.006526,0.660374,1.856495,-0.651362,-0.015638,0.324778,-0.971643,0.508215,1.471782,-0.640433,-0.024887,0.454317,-0.924375,0.456556,1.246699,-0.628581,-0.020474,0.538123,-0.917042,0.405303,1.114122,-0.653166
420,-0.018204,0.115309,-0.997339,0.610369,1.894312,-0.633889,-0.028123,0.340771,-0.943421,0.485374,1.504607,-0.635435,-0.034705,0.46221,-0.923098,0.411606,1.277901,-0.645255,-0.042706,0.544157,-0.906609,0.379335,1.127815,-0.652212
421,-0.018498,0.114557,-0.9768,0.571068,1.936177,-0.640238,-0.035047,0.324215,-0.936955,0.439631,1.524491,-0.630525,-0.045364,0.460624,-0.919449,0.395218,1.307535,-0.63719,-0.043145,0.538481,-0.898559,0.345053,1.14313,-0.625081
422,-0.016139,0.113769,-0.972561,0.495245,1.96656,-0.628608,-0.036315,0.338926,-0.924493,0.401444,1.533109,-0.638532,-0.04946,0.464423,-0.899891,0.337565,1.314378,-0.64535,-0.058067,0.553496,-0.881793,0.330802,1.157895,-0.62677
423,-0.018611,0.11114,-0.951304,0.477887,1.989098,-0.636675,-0.043884,0.346107,-0.909418,0.370443,1.571412,-0.622769,-0.058733,0.469192,-0.890347,0.321827,1.359227,-0.649341,-0.076864,0.556563,-0.867663,0.286283,1.159987,-0.619461
424,-0.016194,0.11995,-0.940999,0.433952,2.020899,-0.620952,-0.046432,0.354193,-0.893137,0.338261,1.591874,-0.629755,-0.063037,0.481856,-0.86909,0.277264,1.352206,-0.641783,-0.08606,0.561292,-0.854307,0.252286,1.187675,-0.631162
425,-0.02017,0.107384,-0.924726,0.363236,2.069736,-0.608685,-0.062733,0.351605,-0.879506,0.300378,1.618703,-0.611485,-0.090377,0.473428,-0.86081,0.259328,1.388029,-0.634164,-0.099294,0.564069,-0.849155,0.213736,1.217314,-0.622406
426,-0.018909,0.127156,-0.921706,0.305921,2.095788,-0.615827,-0.071407,0.350869,-0.870906,0.237235,1.646674,-0.634684,-0.096529,0.480709,-0.847205,0.205966,1.391572,-0.609292,-0.117013,0.562825,-0.840039,0.18879,1.234693,-0.635113
427,-0.023805,0.103991,-0.899963,0.268368,2.128904,-0.607071,-0.076165,0.349367,-0.858954,0.20338,1.646404,-0.617717,-0.103365,0.483263,-0.829493,0.189973,1.424077,-0.629516,-0.118931,0.565986,-0.811848,0.152182,1.249876,-0.625201
428,-0.019208,0.119067,-0.883925,0.223392,2.156194,-0.590987,-0.072927,0.354876,-0.855192,0.180487,1.70127,-0.607215,-0.111361,0.48444,-0.815597,0.15331,1.424865,-0.61082,-0.128423,0.57502,-0.813273,0.143715,1.285851,-0.608563
429,-0.026988,0.121797,-0.862445,0.165568,2.185334,-0.60405,-0.078904,0.367405,-0.8331,0.145124,1.718955,-0.615839,-0.119407,0.494883,-0.809358,0.118403,1.458027,-0.617882,-0.137591,0.578713,-0.801807,0.121823,1.301776,-0.604096
430,-0.029469,0.116382,-0.852346,0.120597,2.213241,-0.596641,-0.100257,0.367522,-0.808473,0.114593,1.735444,-0.581896,-0.12807,0.491381,-0.800628,0.097359,1.481371,-0.594434,-0.142269,0.572017,-0.772274,0.074512,1.305559,-0.592673
431,-0.033532,0.128348,-0.838433,0.082597,2.225967,-0.580373,-0.101834,0.35997,-0.803408,0.059445,1.756625,-0.57974,-0.134332,0.495296,-0.775497,0.031419,1.491304,-0.596945,-0.158658,0.577114,-0.771103,0.051452,1.313773,-0.579419
432,-0.033679,0.125183,-0.817102,0.030597,2.255862,-0.578145,-0.112559,0.359889,-0.780455,0.022831,1.776151,-0.591723,-0.141578,0.503635,-0.767863,0.015914,1.515681,-0.572862,-0.170363,0.58538,-0.746874,0.016607,1.350395,-0.581556
433,-0.035559,0.131055,-0.805671,-0.017053,2.286559,-0.570889,-0.105944,0.368493,-0.766278,-0.025202,1.788934,-0.560745,-0.151466,0.505339,-0.748067,-0.008555,1.525982,-0.556904,-0.175213,0.588577,-0.735683,-0.01714,1.34714,-0.586343
434,-0.036141,0.116861,-0.788996,-0.062605,2.311057,-0.575044,-0.115449,0.365144,-0.757349,-0.053375,1.824084,-0.59964,-0.171257,0.500587,-0.735538,-0.032031,1.548037,-0.570851,-0.183106,0.593043,-0.720772,-0.05561,1.397369,-0.565017
435,-0.04122,0.122784,-0.775692,-0.11446,2.322536,-0.552105,-0.125783,0.359127,-0.732747,-0.092428,1.839472,-0.56281,-0.171493,0.508123,-0.711603,-0.081447,1.566763,-0.56537,-0.199427,0.596652,-0.706859,-0.094148,1.36845,-0.555801
436,-0.043313,0.117686,-0.747839,-0.156975,2.344854,-0.557915,-0.137186,0.368802,-0.728833,-0.134878,1.849493,-0.571841,-0.176166,0.507902,-0.694557,-0.109924,1.554494,-0.551241,-0.221064,0.602361,-0.687187,-0.112643,1.399132,-0.549367
437,-0.049329,0.120282,-0.730218,-0.225457,2.392917,-0.554179,-0.143209,0.366725,-0.705047,-0.173309,1.8625,-0.550005,-0.195118,0.504142,-0.684575,-0.120519,1.591751,-0.552887,-0.223035,0.574123,-0.666294,-0.133736,1.40775,-0.555846
438,-0.042996,0.125691,-0.734347,-0.260568,2.388992,-0.5403,-0.151227,0.367653,-0.679597,-0.21074,1.878403,-0.546253,-0.198662,0.504462,-0.666302,-0.179704,1.58656,-0.542151,-0.232864,0.597873,-0.653278,-0.156936,1.416646,-0.535734
439,-0.03986,0.121587,-0.701409,-0.311767,2.413588,-0.53278,-0.141587,0.377683,-0.665273,-0.244797,1.904238,-0.537534,-0.218779,0.51646,-0.644776,-0.225103,1.609917,-0.536972,-0.247514,0.594647,-0.635397,-0.200114,1.443306,-0.536334
440,-0.051819,0.122137,-0.679251,-0.378033,2.427394,-0.534731,-0.159657,0.369382,-0.64361,-0.290441,1.91625,-0.505189,-0.211986,0.51094,-0.623048,-0.246915,1.620231,-0.533911,-0.253597,0.600224,-0.617709,-0.225584,1.452856,-0.523289
441,-0.050267,0.126804,-0.663323,-0.410019,2.463889,-0.526042,-0.170187,0.372907,-0.638175,-0.32578,1.936627,-0.523593,-0.231616,0.506524,-0.611311,-0.26762,1.631387,-0.497957,-0.268057,0.597423,-0.604032,-0.24864,1.446465,-0.516813
442,-0.055282,0.123114,-0.640292,-0.48246,2.482672,-0.500519,-0.176497,0.370884,-0.611429,-0.365476,1.93848,-0.509089,-0.237542,0.513817,-0.601152,-0.308881,1.662312,-0.51546,-0.269544,0.608358,-0.590851,-0.286039,1.459792,-0.512403
443,-0.060724,0.135463,-0.620182,-0.508823,2.470082,-0.494544,-0.175192,0.373603,-0.599126,-0.389988,1.959129,-0.508336,-0.246951,0.514397,-0.586124,-0.345241,1.648059,-0.473415,-0.2904,0.603989,-0.568647,-0.308516,1.480689,-0.480513
444,-0.053492,0.123014,-0.607876,-0.557143,2.509786,-0.49528,-0.185617,0.378689,-0.575447,-0.428498,1.964038,-0.49591,-0.254149,0.508596,-0.560333,-0.391267,1.659955,-0.48839,-0.298474,0.590869,-0.551327,-0.322765,1.479537,-0.516973
445,-0.054948,0.124052,-0.588834,-0.611092,2.507622,-0.47471,-0.185281,0.376056,-0.558659,-0.471272,1.961449,-0.49656,-0.265135,0.516392,-0.542957,-0.417493,1.675397,-0.491165,-0.307149,0.610724,-0.529619,-0.351155,1.484668,-0.476208
446,-0.070028,0.126569,-0.554852,-0.6417,2.5466,-0.469189,-0.192324,0.384198,-0.541688,-0.502759,2.003066,-0.470379,-0.269656,0.514711,-0.518193,-0.43826,1.690383,-0.467734,-0.31957,0.606255,-0.515303,-0.395568,1.501899,-0.474186
447,-0.069284,0.127111,-0.545783,-0.706267,2.535982,-0.471315,-0.21101,0.369593,-0.522737,-0.568241,1.998929,-0.469719,-0.275432,0.515203,-0.506705,-0.446894,1.687338,-0.47557,-0.327784,0.602698,-0.497553,-0.4327,1.512218,-0.455507
448,-0.067479,0.117852,-0.537982,-0.742864,2.538923,-0.46248,-0.206771,0.37626,-0.498072,-0.593456,2.020218,-0.471015,-0.282823,0.517084,-0.4803,-0.518229,1.70228,-0.468381,-0.330316,0.594675,-0.481742,-0.451066,1.525264,-0.465332
449,-0.071273,0.119801,-0.500526,-0.820382,2.56854,-0.445064,-0.217441,0.370743,-0.475195,-0.628724,2.005517,-0.4474,-0.290343,0.508856,-0.472742,-0.537877,1.722048,-0.452343,-0.344773,0.599544,-0.462584,-0.487052,1.52018,-0.439301
450,-0.062282,0.127403,-0.477153,-0.839244,2.5748,-0.449668,-0.226504,0.373271,-0.471919,-0.661379,2.011923,-0.452471,-0.288379,0.513229,-0.448017,-0.553991,1.730434,-0.44157,-0.350716,0.605676,-0.448643,-0.500773,1.528429,-0.43898
451,-0.079802,0.123633,-0.464721,-0.883608,2.585938,-0.435624,-0.225451,0.380814,-0.445838,-0.705387,2.0353,-0.421684,-0.307191,0.508859,-0.432983,-0.600286,1.708227,-0.429235,-0.362468,0.594993,-0.417613,-0.536663,1.539503,-0.424372
452,-0.081411,0.134653,-0.445843,-0.928314,2.596555,-0.426254,-0.238525,0.374633,-0.421483,-0.744266,2.038111,-0.433785,-0.326508,0.503773,-0.41278,-0.614945,1.733248,-0.420682,-0.375054,0.598645,-0.419767,-0.556829,1.531794,-0.405901
453,-0.080517,0.12529,-0.423153,-0.983562,2.577549,-0.407251,-0.227208,0.376068,-0.39998,-0.775352,2.065759,-0.411676,-0.328457,0.504124,-0.396492,-0.661389,1.732405,-0.401582,-0.376556,0.5987,-0.397465,-0.578008,1.529635,-0.401862
454,-0.086226,0.129442,-0.413542,-1.01436,2.592555,-0.400762,-0.246456,0.374676,-0.378319,-0.814533,2.045553,-0.375445,-0.32551,0.516243,-0.374783,-0.691424,1.743457,-0.39583,-0.384945,0.595702,-0.369062,-0.60724,1.573529,-0.394628
455,-0.077064,0.124354,-0.381181,-1.084808,2.602236,-0.397815,-0.256159,0.372167,-0.366753,-0.866179,2.074378,-0.400394,-0.335928,0.508573,-0.355147,-0.737959,1.758895,-0.391877,-0.395614,0.584584,-0.349064,-0.637233,1.550811,-0.382699
456,-0.083857,0.119521,-0.356568,-1.137859,2.626161,-0.396319,-0.252969,0.361201,-0.346166,-0.898272,2.055302,-0.373297,-0.346798,0.501014,-0.33148,-0.750365,1.747038,-0.369635,-0.405848,0.582233,-0.330169,-0.679755,1.555561,-0.368241
457,-0.084109,0.114118,-0.334787,-1.179664,2.617968,-0.369916,-0.257165,0.363287,-0.323123,-0.909479,2.065952,-0.3761,-0.348714,0.493495,-0.310856,-0.766197,1.743035,-0.355647,-0.420717,0.587508,-0.316842,-0.657145,1.55455,-0.368402
458,-0.085767,0.120922,-0.317129,-1.206808,2.608077,-0.357145,-0.268941,0.360385,-0.303019,-0.941877,2.068531,-0.365104,-0.359018,0.499325,-0.291257,-0.8053,1.750556,-0.35058,-0.42644,0.588913,-0.289564,-0.71518,1.578638,-0.354221
459,-0.090081,0.129465,-0.300107,-1.245341,2.626703,-0.367569,-0.26426,0.360893,-0.278425,-0.988575,2.04428,-0.348491,-0.36629,0.496895,-0.278637,-0.8126,1.764788,-0.350858,-0.435824,0.580205,-0.264747,-0.735034,1.564514,-0.356999
460,-0.084089,0.115093,-0.268237,-1.289035,2.622411,-0.328727,-0.266833,0.360431,-0.256562,-1.030479,2.063985,-0.34388,-0.373296,0.497197,-0.249808,-0.872812,1.761329,-0.343415,-0.438642,0.576859,-0.248475,-0.780597,1.554807,-0.35658
461,-0.087026,0.114352,-0.247237,-1.341291,2.610275,-0.335398,-0.276596,0.359037,-0.237779,-1.065856,2.061352,-0.30778,-0.384852,0.488073,-0.231658,-0.899205,1.764725,-0.322066,-0.447799,0.565135,-0.22116,-0.798228,1.568449,-0.307405
462,-0.10423,0.12511,-0.22546,-1.395561,2.644777,-0.314377,-0.28844,0.356706,-0.217995,-1.090465,2.059281,-0.314337,-0.385853,0.472937,-0.213693,-0.94175,1.737122,-0.328669,-0.448423,0.56892,-0.214864,-0.826016,1.561275,-0.332091
463,-0.090477,0.121285,-0.205024,-1.41529,2.613512,-0.296486,-0.290367,0.343891,-0.201617,-1.132011,2.051314,-0.293453,-0.395506,0.48129,-0.190173,-0.970804,1.754621,-0.317029,-0.465248,0.557436,-0.191386,-0.858952,1.547616,-0.307446
464,-0.097679,0.116562,-0.187296,-1.453337,2.638005,-0.286392,-0.294232,0.345959,-0.176091,-1.153514,2.044183,-0.308399,-0.397201,0.468956,-0.175136,-0.968686,1.748421,-0.290712,-0.464935,0.557116,-0.166555,-0.854155,1.563459,-0.277999
465,-0.089609,0.111483,-0.157571,-1.495194,2.62012,-0.271364,-0.291878,0.35039,-0.161359,-1.188833,2.055203,-0.269637,-0.409077,0.472401,-0.157456,-0.996301,1.744645,-0.290988,-0.488272,0.553954,-0.149574,-0.903709,1.567899,-0.290215
466,-0.090766,0.120279,-0.131157,-1.527555,2.599115,-0.265024,-0.303176,0.347873,-0.128294,-1.202022,2.040227,-0.267216,-0.414685,0.472694,-0.125771,-1.039354,1.770628,-0.266974,-0.477579,0.557056,-0.12283,-0.923712,1.551686,-0.258248
467,-0.103541,0.114234,-0.116005,-1.561671,2.611309,-0.248783,-0.296772,0.335496,-0.115598,-1.263108,2.041761,-0.260456,-0.422278,0.463524,-0.100489,-1.067049,1.75124,-0.264011,-0.482918,0.553675,-0.104675,-0.941094,1.527356,-0.267321
468,-0.099815,0.111481,-0.100179,-1.613518,2.584839,-0.234817,-0.305574,0.341487,-0.088995,-1.273795,2.040581,-0.235588,-0.425233,0.460506,-0.084537,-1.083894,1.730559,-0.244596,-0.495858,0.535824,-0.084902,-0.977681,1.529377,-0.259847
469,-0.096063,0.107223,-0.068136,-1.655647,2.573233,-0.236312,-0.302956,0.335084,-0.07533,-1.294066,2.039628,-0.231532,-0.434902,0.465104,-0.08167,-1.105101,1.736483,-0.23017,-0.511741,0.542282,-0.067142,-0.987615,1.545211,-0.236776
470,-0.100394,0.113284,-0.04683,-1.714163,2.579907,-0.233908,-0.330365,0.329237,-0.048022,-1.360759,2.023828,-0.222863,-0.433376,0.462325,-0.046646,-1.132943,1.72775,-0.212905,-0.508364,0.540939,-0.04297,-1.016121,1.508729,-0.206513
471,-0.107345,0.108943,-0.023389,-1.746111,2.578106,-0.225038,-0.322008,0.321247,-0.01698,-1.357942,2.043278,-0.22432,-0.443709,0.45345,-0.027925,-1.13667,1.719747,-0.220877,-0.515097,0.524362,-0.021762,-1.053689,1.535949,-0.212966
472,-0.105129,0.101177,-0.008904,-1.770491,2.550315,-0.199224,-0.328494,0.331267,-0.001651,-1.401143,2.005485,-0.206524,-0.441168,0.444422,-0.005913,-1.181853,1.700236,-0.19703,-0.509959,0.517543,-0.013446,-1.051438,1.537801,-0.199688
473,-0.105327,0.105835,0.016105,-1.822024,2.540541,-0.177636,-0.329777,0.319183,0.020089,-1.414005,2.003426,-0.200077,-0.44522,0.439459,0.031094,-1.220533,1.694499,-0.204382,-0.522417,0.5128,0.014746,-1.082303,1.508252,-0.217013
474,-0.102705,0.104646,0.04875,-1.832174,2.531264,-0.177727,-0.330042,0.321885,0.038489,-1.472917,2.012016,-0.17079,-0.455561,0.445686,0.02505,-1.242217,1.699769,-0.176931,-0.522996,0.514455,0.036075,-1.096502,1.518361,-0.185935
475,-0.102884,0.107232,0.070411,-1.897841,2.517171,-0.157862,-0.327922,0.314634,0.05929,-1.487033,1.9836,-0.161345,-0.457422,0.432324,0.054852,-1.254337,1.683728,-0.161747,-0.538582,0.502615,0.061313,-1.109388,1.494524,-0.169507
476,-0.114909,0.101497,0.083065,-1.917999,2.502657,-0.157265,-0.340324,0.303028,0.071822,-1.512324,1.992884,-0.17243,-0.463137,0.425308,0.083105,-1.288028,1.689437,-0.156992,-0.541409,0.488132,0.066788,-1.151181,1.487611,-0.171002
477,-0.11964,0.108698,0.099687,-1.961286,2.497488,-0.133404,-0.340508,0.311083,0.092199,-1.507989,1.955494,-0.134188,-0.481172,0.418064,0.094715,-1.307101,1.679712,-0.139455,-0.546275,0.485364,0.080058,-1.175748,1.488834,-0.142022
478,-0.114248,0.096646,0.138989,-1.972924,2.4846,-0.110872,-0.343096,0.298972,0.121814,-1.569461,1.954425,-0.121265,-0.470274,0.414045,0.116887,-1.341008,1.664445,-0.123172,-0.5528,0.482069,0.117497,-1.174269,1.455625,-0.113665
479,-0.108608,0.092113,0.153705,-2.012405,2.462791,-0.102194,-0.34329,0.305919,0.146818,-1.588928,1.930146,-0.122563,-0.477201,0.410509,0.13896,-1.350596,1.649985,-0.124062,-0.555003,0.480139,0.145241,-1.208338,1.452669,-0.103575
480,-0.112213,0.104334,0.179235,-2.037989,2.429577,-0.096221,-0.351201,0.288001,0.161036,-1.587767,1.923792,-0.090963,-0.477265,0.404303,0.168891,-1.358413,1.633024,-0.084516,-0.567697,0.464099,0.156517,-1.203715,1.433549,-0.108766
481,-0.112537,0.093455,0.189392,-2.075655,2.406847,-0.096379,-0.345757,0.286246,0.178792,-1.622736,1.927048,-0.079591,-0.477906,0.396475,0.180496,-1.390768,1.611923,-0.103443,-0.560927,0.472057,0.172857,-1.223552,1.458853,-0.094958
482,-0.120555,0.09703,0.221794,-2.096364,2.41222,-0.076679,-0.350882,0.281924,0.220327,-1.654364,1.902605,-0.055539,-0.483311,0.392848,0.203893,-1.425282,1.613086,-0.063491,-0.567282,0.44758,0.201276,-1.2465,1.409833,-0.097424
483,-0.12662,0.098863,0.24326,-2.136648,2.385298,-0.064869,-0.355905,0.284885,0.223626,-1.683161,1.88616,-0.05432,-0.492828,0.375429,0.224534,-1.426478,1.616842,-0.070655,-0.573517,0.453267,0.221337,-1.272161,1.399583,-0.0612
484,-0.112831,0.091197,0.266527,-2.15379,2.379119,-0.064671,-0.361311,0.273104,0.256055,-1.700003,1.852267,-0.04817,-0.4968,0.368687,0.247241,-1.459504,1.574634,-0.063933,-0.576341,0.434888,0.241039,-1.277918,1.400596,-0.04655
485,-0.11735,0.081761,0.28208,-2.165847,2.356777,-0.035135,-0.361623,0.27474,0.271719,-1.743923,1.850584,-0.036505,-0.48381,0.363313,0.270518,-1.476144,1.56577,-0.066262,-0.580312,0.426602,0.263399,-1.309152,1.391497,-0.028916
486,-0.123475,0.083076,0.301726,-2.215029,2.332103,-0.022479,-0.364979,0.269113,0.289087,-1.758585,1.839277,-0.039391,-0.487938,0.363065,0.281253,-1.482067,1.546226,-0.016846,-0.578212,0.431667,0.281593,-1.311971,1.389662,-0.030225
487,-0.119241,0.090412,0.324453,-2.241985,2.30086,0.001683,-0.357877,0.262328,0.312615,-1.779401,1.811543,-0.016486,-0.495076,0.3474,0.309346,-1.494784,1.547643,-0.003341,-0.582239,0.4174,0.301681,-1.336375,1.375532,-0.005826
488,-0.124824,0.098093,0.346392,-2.26734,2.287947,0.012164,-0.360366,0.255873,0.335734,-1.796597,1.812226,0.008926,-0.506149,0.343488,0.315655,-1.511287,1.520414,0.004449,-0.589979,0.412023,0.323195,-1.331398,1.348691,0.003072
489,-0.126828,0.079423,0.376095,-2.274495,2.236065,0.017078,-0.365112,0.251608,0.356904,-1.801524,1.772145,0.01387,-0.498273,0.3458,0.339992,-1.527127,1.500543,0.00844,-0.582608,0.402659,0.347318,-1.363479,1.320977,0.019466
490,-0.133008,0.078812,0.393351,-2.308801,2.206179,0.022167,-0.369469,0.239858,0.375772,-1.817613,1.762538,0.027478,-0.500307,0.341813,0.360274,-1.539053,1.494557,0.025769,-0.595302,0.392223,0.36207,-1.371399,1.314263,0.009152
491,-0.119087,0.078106,0.417889,-2.34242,2.205454,0.039561,-0.367829,0.238029,0.394691,-1.843242,1.723948,0.025781,-0.511918,0.324157,0.383006,-1.558625,1.466832,0.055568,-0.599347,0.376283,0.387076,-1.37575,1.296463,0.036079
492,-0.124212,0.073885,0.436346,-2.35579,2.176779,0.050623,-0.376333,0.237676,0.411856,-1.859429,1.697302,0.054492,-0.504951,0.320133,0.405849,-1.586676,1.448615,0.05353,-0.58736,0.374752,0.399984,-1.383181,1.285823,0.036232
493,-0.121547,0.064044,0.463145,-2.394543,2.149646,0.0619,-0.368625,0.226608,0.435949,-1.888397,1.686746,0.071298,-0.521641,0.313074,0.425223,-1.59418,1.415552,0.066442,-0.598428,0.364812,0.418217,-1.40131,1.26348,0.070682
494,-0.129319,0.075289,0.47316,-2.397645,2.103719,0.062505,-0.368594,0.221781,0.458877,-1.891732,1.672947,0.065631,-0.505986,0.307775,0.435575,-1.596906,1.423114,0.067569,-0.59312,0.368588,0.431072,-1.418655,1.251765,0.074004
495,-0.124414,0.070423,0.499515,-2.430078,2.088565,0.088515,-0.368882,0.2152,0.476508,-1.905537,1.639865,0.079535,-0.51234,0.297938,0.465368,-1.609325,1.382252,0.093643,-0.590293,0.351906,0.445496,-1.438581,1.261277,0.090005
496,-0.125201,0.07639,0.516453,-2.451433,2.057745,0.084888,-0.371506,0.214677,0.497714,-1.94408,1.606313,0.095695,-0.508772,0.289701,0.477785,-1.620998,1.363067,0.101254,-0.600022,0.349665,0.471692,-1.420681,1.232496,0.088362
497,-0.11799,0.069821,0.532366,-2.461966,2.024697,0.11651,-0.379559,0.195682,0.516575,-1.927888,1.577752,0.11492,-0.505071,0.286182,0.513391,-1.648873,1.344293,0.105219,-0.596828,0.333815,0.486688,-1.469432,1.193889,0.122292
498,-0.130982,0.074253,0.56355,-2.472034,1.980696,0.122967,-0.377709,0.206176,0.534425,-1.942686,1.577679,0.122195,-0.513265,0.274064,0.516539,-1.65061,1.348028,0.116365,-0.601388,0.322053,0.505959,-1.480007,1.171775,0.118763
499,-0.128057,0.067978,0.583198,-2.478604,1.952825,0.14195,-0.369902,0.191252,0.546133,-1.955334,1.511617,0.142871,-0.5027,0.263768,0.537403,-1.662222,1.313339,0.147244,-0.602596,0.311263,0.521183,-1.485156,1.166537,0.138103
500,-0.116003,0.06333,0.597428,-2.502728,1.930821,0.166311,-0.379257,0.182351,0.57184,-1.977985,1.524971,0.134097,-0.523343,0.259962,0.558269,-1.658338,1.287659,0.148869,-0.611787,0.302923,0.531959,-1.467274,1.115587,0.14792
501,-0.128388,0.063988,0.611489,-2.511342,1.885946,0.167574,-0.377293,0.180254,0.590384,-1.986702,1.477987,0.147465,-0.51137,0.247441,0.574803,-1.695226,1.265358,0.174046,-0.594463,0.296757,0.566453,-1.51002,1.116795,0.166637
502,-0.126027,0.06326,0.641071,-2.542334,1.868635,0.173695,-0.370856,0.176029,0.605823,-1.97574,1.449359,0.173836,-0.510474,0.237989,0.595522,-1.700101,1.253721,0.180582,-0.606997,0.283145,0.573871,-1.519637,1.114956,0.16356
503,-0.124717,0.053317,0.653708,-2.544077,1.810941,0.192191,-0.374297,0.169916,0.619702,-1.989533,1.420797,0.18002,-0.519835,0.239967,0.613056,-1.70019,1.215783,0.178599,-0.597509,0.27252,0.597153,-1.512077,1.072787,0.187328
504,-0.127954,0.050783,0.666576,-2.564685,1.792708,0.17214,-0.370653,0.160188,0.641629,-2.02421,1.393848,0.206421,-0.511413,0.226565,0.625348,-1.710066,1.190456,0.20269,-0.602154,0.262874,0.611594,-1.505755,1.070895,0.191052
505,-0.12758,0.046304,0.685013,-2.581824,1.743135,0.217324,-0.365963,0.148733,0.668338,-2.00879,1.373038,0.200472,-0.503771,0.210817,0.633973,-1.716844,1.185675,0.213737,-0.603004,0.259652,0.630012,-1.535781,1.029847,0.228808
506,-0.119373,0.045791,0.708125,-2.58116,1.709095,0.226936,-0.366461,0.153565,0.680327,-2.033181,1.335341,0.225886,-0.514992,0.19376,0.660438,-1.719369,1.141311,0.214359,-0.602511,0.233992,0.650934,-1.513698,1.017937,0.205221
507,-0.126467,0.057428,0.723227,-2.580399,1.690891,0.249111,-0.377531,0.139827,0.704201,-2.038687,1.321056,0.248417,-0.510085,0.204649,0.67278,-1.736224,1.110442,0.220286,-0.595137,0.230118,0.653662,-1.522554,0.998176,0.226008
508,-0.111007,0.046507,0.744026,-2.589829,1.626409,0.230693,-0.380815,0.146497,0.716895,-2.053239,1.286195,0.247461,-0.509252,0.18685,0.697249,-1.7286,1.065874,0.235025,-0.595956,0.219283,0.680306,-1.533839,0.949016,0.246887
509,-0.118533,0.048505,0.767531,-2.604655,1.585357,0.269892,-0.373619,0.136566,0.724352,-2.034458,1.249985,0.270164,-0.508964,0.178377,0.711144,-1.749686,1.062977,0.235765,-0.59846,0.207498,0.690754,-1.546218,0.938294,0.264939
510,-0.120166,0.041852,0.78246,-2.605124,1.537518,0.269726,-0.36388,0.126393,0.739221,-2.063968,1.236507,0.273852,-0.491494,0.176684,0.718255,-1.735153,1.04703,0.264227,-0.593803,0.196932,0.7131,-1.54499,0.925615,0.27958
511,-0.11564,0.035714,0.79869,-2.610199,1.493156,0.278368,-0.358497,0.117396,0.760827,-2.050618,1.216751,0.275906,-0.505672,0.163811,0.738444,-1.741805,1.007799,0.276462,-0.591492,0.192008,0.719913,-1.557763,0.896261,0.282936
512,-0.123047,0.034653,0.811467,-2.612319,1.475799,0.298105,-0.360363,0.105614,0.782301,-2.054643,1.160547,0.283949,-0.504013,0.154933,0.747109,-1.768224,0.975565,0.293192,-0.587687,0.170046,0.741963,-1.563766,0.859821,0.289912
513,-0.122367,0.023944,0.8284,-2.623549,1.420114,0.308955,-0.367464,0.101919,0.79389,-2.057139,1.122437,0.300358,-0.498789,0.134359,0.769464,-1.744451,0.963857,0.299454,-0.58282,0.160597,0.756615,-1.551332,0.858066,0.286244
514,-0.1266,0.034646,0.845547,-2.61554,1.391967,0.319753,-0.357196,0.104681,0.806425,-2.058497,1.102722,0.322548,-0.499467,0.131483,0.782832,-1.75132,0.9236,0.29858,-0.581874,0.157865,0.777146,-1.565933,0.828356,0.30922
515,-0.119546,0.030771,0.866132,-2.611551,1.35221,0.330401,-0.365513,0.088486,0.823389,-2.058135,1.072682,0.330229,-0.492852,0.123326,0.808086,-1.754674,0.895056,0.331385,-0.574754,0.142358,0.782785,-1.54278,0.816886,0.325591
516,-0.121148,0.017303,0.878038,-2.619019,1.304282,0.348882,-0.365346,0.087477,0.835116,-2.069955,1.033593,0.340066,-0.487263,0.110043,0.815362,-1.752986,0.873928,0.333407,-0.577062,0.129648,0.794044,-1.54265,0.773818,0.355233
517,-0.122217,0.017384,0.888748,-2.615015,1.274985,0.344417,-0.363645,0.078899,0.851375,-2.070805,0.981093,0.341389,-0.481085,0.10055,0.826368,-1.749545,0.849258,0.340514,-0.575815,0.120351,0.812354,-1.568453,0.738984,0.339813
518,-0.122602,0.01737,0.908446,-2.618301,1.232764,0.362885,-0.349845,0.074088,0.863936,-2.051854,0.985711,0.37811,-0.492741,0.086882,0.840051,-1.757745,0.823186,0.349075,-0.572552,0.107174,0.830387,-1.580893,0.741499,0.370022
519,-0.119779,0.01823,0.918101,-2.61062,1.179545,0.372961,-0.349175,0.060883,0.885722,-2.059288,0.923099,0.364552,-0.470447,0.088156,0.851266,-1.75216,0.780985,0.381836,-0.559065,0.102816,0.836763,-1.55018,0.710316,0.363506
520,-0.111782,0.016444,0.930444,-2.608093,1.130693,0.398224,-0.348981,0.052826,0.886509,-2.05588,0.878888,0.391599,-0.482439,0.075057,0.873568,-1.730019,0.761309,0.379493,-0.565338,0.093047,0.852691,-1.557674,0.674623,0.375717
521,-0.115601,0.009481,0.953401,-2.606812,1.094798,0.384593,-0.347289,0.052172,0.902736,-2.063692,0.852861,0.406247,-0.464545,0.06174,0.876093,-1.74445,0.730329,0.389235,-0.555808,0.078268,0.875966,-1.547023,0.646756,0.387003
522,-0.11547,0.015768,0.954988,-2.603062,1.029597,0.375186,-0.342041,0.03646,0.917877,-2.03521,0.822585,0.399157,-0.478944,0.052742,0.896109,-1.746483,0.712046,0.39369,-0.555428,0.0668,0.87667,-1.546836,0.633482,0.404409
523,-0.106225,0.010027,0.985266,-2.589894,0.991059,0.404615,-0.339237,0.034882,0.927476,-2.034384,0.763912,0.411521,-0.464977,0.044786,0.905084,-1.746536,0.660476,0.423841,-0.562659,0.052978,0.89991,-1.540829,0.612878,0.413756
524,-0.112597,0.000409,0.990198,-2.597501,0.96899,0.435521,-0.342272,0.025502,0.95037,-2.050092,0.74997,0.436197,-0.45335,0.026769,0.918744,-1.740468,0.648194,0.406403,-0.536374,0.034815,0.89948,-1.544643,0.564957,0.425489
525,-0.11409,0.019186,1.006459,-2.589991,0.925303,0.424599,-0.328482,0.029775,0.95853,-2.031397,0.704749,0.418745,-0.454577,0.023547,0.927964,-1.725357,0.582687,0.42773,-0.534604,0.032386,0.916353,-1.517237,0.548905,0.423675
526,-0.107787,0.010333,1.013041,-2.578391,0.856305,0.442037,-0.340995,0.013556,0.965064,-2.047124,0.673627,0.438123,-0.448703,0.019023,0.938334,-1.722643,0.563393,0.44032,-0.535056,0.019568,0.918054,-1.520126,0.501103,0.445528
527,-0.110069,-0.004309,1.025956,-2.560872,0.812241,0.456302,-0.332289,0.009157,0.983359,-2.024488,0.639007,0.439327,-0.45077,0.009608,0.955567,-1.744527,0.534141,0.446497,-0.534461,0.010756,0.932223,-1.528657,0.47655,0.448214
528,-0.100072,-0.008627,1.032471,-2.563725,0.75615,0.460988,-0.316667,-0.005636,0.991181,-2.027494,0.606683,0.441913,-0.441084,0.000879,0.964526,-1.705979,0.496468,0.446253,-0.516242,-0.005556,0.939968,-1.500504,0.446786,0.458887
529,-0.107749,-0.0007,1.039344,-2.541596,0.729341,0.476321,-0.316909,-0.009685,1.00863,-2.000501,0.568892,0.468044,-0.434202,-0.016756,0.970633,-1.701357,0.484246,0.466497,-0.509687,-0.0106,0.959289,-1.525106,0.423965,0.471775
530,-0.09473,-0.017704,1.051406,-2.565665,0.679495,0.484345,-0.311495,-0.019308,1.011066,-1.996953,0.533079,0.478074,-0.43148,-0.02515,0.974864,-1.693071,0.425159,0.465725,-0.505765,-0.021352,0.971835,-1.495435,0.397323,0.489995
531,-0.110466,-0.012489,1.073137,-2.52087,0.631759,0.485395,-0.309715,-0.022203,1.021496,-2.005508,0.503019,0.475958,-0.435668,-0.039686,0.98461,-1.669428,0.441495,0.474369,-0.504115,-0.036135,0.979228,-1.511419,0.350469,0.483816
532,-0.095857,-0.015922,1.08216,-2.500196,0.564813,0.493862,-0.311022,-0.025102,1.023767,-1.977369,0.445099,0.503937,-0.423001,-0.043012,0.999308,-1.669799,0.391472,0.498152,-0.499961,-0.058364,0.989814,-1.483206,0.325196,0.490492
533,-0.11541,-0.011241,1.089334,-2.478506,0.523033,0.501187,-0.30658,-0.038493,1.0235,-1.963551,0.402047,0.506012,-0.415711,-0.053684,1.009523,-1.657604,0.342527,0.509805,-0.485865,-0.054826,0.985982,-1.486486,0.30018,0.521304
534,-0.09411,-0.023771,1.092207,-2.488896,0.491786,0.509567,-0.300813,-0.055695,1.044523,-1.951011,0.364373,0.509472,-0.418323,-0.05962,1.016104,-1.647928,0.318618,0.519068,-0.479637,-0.064677,1.001472,-1.461362,0.277064,0.510525
535,-0.102575,-0.021055,1.101304,-2.437224,0.408369,0.524389,-0.293519,-0.056312,1.054348,-1.934755,0.336043,0.512755,-0.404653,-0.074538,1.030265,-1.651232,0.277857,0.508684,-0.472834,-0.093376,1.007271,-1.453119,0.253843,0.516213
536,-0.092946,-0.023097,1.120778,-2.418035,0.378762,0.526523,-0.293477,-0.059737,1.052002,-1.908818,0.311873,0.523639,-0.403688,-0.07986,1.027571,-1.628276,0.249485,0.521523,-0.472971,-0.090888,1.022138,-1.425717,0.216654,0.533883
537,-0.092325,-0.022603,1.118432,-2.412864,0.321627,0.524956,-0.282579,-0.061861,1.070192,-1.884745,0.254776,0.526923,-0.394858,-0.09019,1.045698,-1.612915,0.222452,0.530158,-0.45503,-0.104204,1.015511,-1.427821,0.197661,0.529761
538,-0.099161,-0.01957,1.120864,-2.390757,0.275055,0.524049,-0.277556,-0.071186,1.079378,-1.862326,0.223987,0.550762,-0.392894,-0.104816,1.050876,-1.615123,0.182276,0.522361,-0.453741,-0.1207,1.028434,-1.421996,0.169543,0.54593
539,-0.089662,-0.024731,1.150267,-2.360754,0.229317,0.534113,-0.271114,-0.082607,1.079116,-1.888857,0.175945,0.568892,-0.381594,-0.112965,1.061283,-1.597711,0.144844,0.522033,-0.443187,-0.123385,1.036956,-1.410296,0.131976,0.549868
540,-0.088754,-0.026786,1.142734,-2.35093,0.172947,0.549914,-0.268474,-0.082571,1.089808,-1.848902,0.140812,0.565904,-0.371814,-0.122384,1.061223,-1.574175,0.132816,0.558934,-0.443686,-0.138169,1.04318,-1.406646,0.108153,0.560587
541,-0.085296,-0.029631,1.156987,-2.346567,0.118357,0.549032,-0.271865,-0.099703,1.096257,-1.840857,0.113362,0.557715,-0.364457,-0.135275,1.070228,-1.55942,0.081896,0.569229,-0.436899,-0.153956,1.044574,-1.385547,0.100468,0.575919
542,-0.088193,-0.024252,1.16638,-2.309444,0.069113,0.560968,-0.269947,-0.092761,1.094531,-1.820722,0.052327,0.551074,-0.356699,-0.140598,1.071631,-1.552494,0.065814,0.564152,-0.414518,-0.16419,1.052814,-1.379381,0.047958,0.580286
543,-0.07634,-0.039361,1.159659,-2.292677,0.037062,0.587523,-0.258156,-0.107772,1.114057,-1.809823,0.0297,0.576327,-0.35718,-0.144692,1.075019,-1.551125,0.026135,0.576527,-0.415596,-0.163677,1.060084,-1.37182,0.002953,0.572869
544,-0.080451,-0.034836,1.167337,-2.275007,-0.021612,0.579567,-0.247662,-0.105409,1.111552,-1.784497,-0.00372,0.5943,-0.346242,-0.156919,1.0836,-1.531982,-0.033971,0.565438,-0.404895,-0.186252,1.065881,-1.319259,0.006267,0.592644
545,-0.07582,-0.046713,1.155852,-2.234014,-0.054686,0.567106,-0.23905,-0.11881,1.11159,-1.756127,-0.05458,0.58007,-0.339497,-0.166089,1.086482,-1.497723,-0.025485,0.575362,-0.396705,-0.188101,1.062566,-1.307547,-0.035156,0.580208
546,-0.081605,-0.038207,1.173906,-2.20933,-0.118408,0.604875,-0.247319,-0.121054,1.119713,-1.737143,-0.096961,0.597081,-0.339133,-0.166993,1.077416,-1.493014,-0.057241,0.59532,-0.382085,-0.20744,1.072108,-1.298786,-0.061529,0.587237
547,-0.075271,-0.043678,1.186985,-2.18308,-0.163057,0.58802,-0.241874,-0.117211,1.121295,-1.727783,-0.13817,0.596093,-0.320349,-0.177962,1.09827,-1.454903,-0.109613,0.593578,-0.383818,-0.21046,1.073071,-1.290029,-0.104015,0.608573
548,-0.073075,-0.060336,1.186566,-2.14363,-0.206782,0.607264,-0.245287,-0.131401,1.130574,-1.691845,-0.151499,0.605161,-0.313847,-0.19655,1.105517,-1.467167,-0.149513,0.597335,-0.368903,-0.225719,1.082893,-1.283523,-0.128559,0.601302
549,-0.07203,-0.050926,1.197085,-2.13482,-0.251769,0.617509,-0.222894,-0.143751,1.126465,-1.680373,-0.213074,0.603284,-0.31054,-0.204044,1.103461,-1.415596,-0.184093,0.612647,-0.358209,-0.231179,1.08399,-1.269633,-0.147975,0.628112
550,-0.075622,-0.054497,1.184169,-2.118794,-0.314751,0.616,-0.220601,-0.146434,1.129806,-1.655685,-0.251341,0.593519,-0.304262,-0.210443,1.093819,-1.397245,-0.216778,0.616433,-0.356172,-0.245137,1.077401,-1.252941,-0.204674,0.597856
551,-0.081009,-0.055187,1.181813,-2.062246,-0.373216,0.61831,-0.209399,-0.162,1.138455,-1.630952,-0.283111,0.602739,-0.297976,-0.213857,1.106796,-1.399657,-0.246396,0.630178,-0.344621,-0.250971,1.076472,-1.223372,-0.197187,0.613441
552,-0.065454,-0.047713,1.184649,-2.041929,-0.412979,0.626188,-0.214959,-0.163398,1.135515,-1.608076,-0.323338,0.631718,-0.279593,-0.23189,1.107372,-1.356829,-0.256356,0.623389,-0.335258,-0.255054,1.077291,-1.214734,-0.231544,0.613918
553,-0.065412,-0.049869,1.194889,-2.00641,-0.462031,0.635988,-0.193352,-0.166941,1.13659,-1.577112,-0.365784,0.618758,-0.267275,-0.233546,1.105615,-1.350944,-0.30653,0.632447,-0.315707,-0.287295,1.081453,-1.19256,-0.27101,0.651103
554,-0.073381,-0.06119,1.192919,-1.98617,-0.50286,0.636912,-0.201611,-0.186428,1.13537,-1.537102,-0.401998,0.628202,-0.265357,-0.23742,1.107749,-1.313525,-0.323586,0.633814,-0.323246,-0.283854,1.083873,-1.168082,-0.295237,0.639656
555,-0.055762,-0.055089,1.195774,-1.946587,-0.537558,0.627312,-0.185537,-0.183084,1.138853,-1.508329,-0.422675,0.645942,-0.256294,-0.252613,1.107503,-1.294949,-0.371874,0.632927,-0.310189,-0.290276,1.086601,-1.148519,-0.321329,0.629371
556,-0.061246,-0.063449,1.190184,-1.90986,-0.60782,0.62473,-0.186077,-0.195181,1.130136,-1.514447,-0.454424,0.633329,-0.252728,-0.26256,1.106071,-1.275648,-0.396853,0.630012,-0.297452,-0.302524,1.091651,-1.120663,-0.363786,0.621142
557,-0.062548,-0.055424,1.196622,-1.882324,-0.654354,0.638477,-0.17394,-0.196283,1.14339,-1.48569,-0.517568,0.623993,-0.234055,-0.262167,1.101667,-1.25618,-0.449446,0.642768,-0.291485,-0.311055,1.080714,-1.110964,-0.390686,0.649731
558,-0.065657,-0.06457,1.19192,-1.841827,-0.69238,0.63534,-0.181513,-0.201972,1.137708,-1.452895,-0.564244,0.671372,-0.241375,-0.28504,1.104678,-1.227387,-0.459298,0.645411,-0.279755,-0.325587,1.083382,-1.080968,-0.437093,0.649974
559,-0.056556,-0.069628,1.202337,-1.794971,-0.739487,0.659101,-0.172287,-0.210082,1.147656,-1.42036,-0.581003,0.65394,-0.225148,-0.287568,1.095491,-1.204571,-0.487703,0.658742,-0.270804,-0.333811,1.08609,-1.055858,-0.461675,0.670358
560,-0.036825,-0.0702,1.197068,-1.786617,-0.813316,0.65739,-0.16131,-0.211345,1.133891,-1.390641,-0.601759,0.658047,-0.217615,-0.292561,1.100596,-1.215163,-0.537795,0.659568,-0.255089,-0.3388,1.094498,-1.035904,-0.457983,0.659948
561,-0.055468,-0.08182,1.189092,-1.735871,-0.851,0.670797,-0.151148,-0.225858,1.125444,-1.354689,-0.662705,0.668692,-0.213231,-0.297689,1.099747,-1.153911,-0.564788,0.666355,-0.242513,-0.350497,1.088427,-1.025947,-0.491478,0.650534
562,-0.051449,-0.072678,1.192821,-1.695824,-0.891344,0.664292,-0.142331,-0.222616,1.128731,-1.346631,-0.690633,0.650454,-0.200226,-0.310228,1.101478,-1.139557,-0.595889,0.644141,-0.236338,-0.355957,1.084586,-1.004287,-0.53807,0.651441
563,-0.056071,-0.074396,1.188753,-1.660726,-0.932478,0.67805,-0.141862,-0.229818,1.133892,-1.275328,-0.715357,0.665829,-0.186515,-0.320027,1.098423,-1.107171,-0.618702,0.668792,-0.213396,-0.374397,1.075163,-0.972688,-0.55757,0.663401
564,-0.04801,-0.07403,1.176186,-1.606943,-0.987485,0.648287,-0.127252,-0.237011,1.120439,-1.258626,-0.779731,0.659932,-0.185369,-0.319878,1.090498,-1.071552,-0.641119,0.646307,-0.21617,-0.385663,1.072869,-0.97182,-0.569441,0.654408
565,-0.040297,-0.080603,1.174231,-1.57955,-1.042123,0.642851,-0.118871,-0.243936,1.119609,-1.243239,-0.820465,0.653472,-0.173774,-0.331347,1.09542,-1.052431,-0.677381,0.65565,-0.203936,-0.386436,1.074386,-0.940671,-0.620581,0.659651
566,-0.039085,-0.080649,1.164779,-1.534603,-1.079291,0.670901,-0.121038,-0.244656,1.113177,-1.210884,-0.829085,0.659685,-0.160323,-0.336362,1.092862,-1.018637,-0.707701,0.660457,-0.197321,-0.397348,1.06836,-0.884919,-0.633229,0.660745
567,-0.032179,-0.080296,1.178044,-1.498636,-1.106044,0.652267,-0.119768,-0.256963,1.114634,-1.179583,-0.889208,0.684069,-0.159255,-0.342891,1.083843,-0.9789,-0.759756,0.645778,-0.181004,-0.405476,1.058974,-0.899889,-0.665692,0.661344
568,-0.03005,-0.080871,1.164745,-1.442494,-1.147167,0.66667,-0.110139,-0.256246,1.108643,-1.152829,-0.914254,0.658357,-0.149372,-0.359423,1.073914,-0.958051,-0.761165,0.669864,-0.163614,-0.415964,1.056831,-0.872043,-0.677791,0.664577
569,-0.033288,-0.084527,1.16552,-1.42301,-1.187878,0.670892,-0.102583,-0.262095,1.107424,-1.119499,-0.940719,0.661515,-0.139065,-0.348414,1.079461,-0.948606,-0.806461,0.670468,-0.165082,-0.417423,1.053636,-0.826425,-0.719178,0.681796
570,-0.034431,-0.084722,1.157763,-1.376536,-1.240779,0.665932,-0.083419,-0.265727,1.100911,-1.09876,-0.979383,0.664665,-0.129762,-0.366422,1.066488,-0.915233,-0.833634,0.666665,-0.145534,-0.425748,1.0553,-0.815033,-0.716948,0.653051
571,-0.023701,-0.091718,1.143436,-1.340935,-1.298244,0.687307,-0.101717,-0.283211,1.092118,-1.065203,-1.028802,0.680603,-0.119797,-0.37368,1.059553,-0.91602,-0.850704,0.666985,-0.140785,-0.438368,1.040126,-0.795107,-0.775489,0.668755
572,-0.024564,-0.099542,1.13185,-1.279023,-1.33181,0.682248,-0.077031,-0.279307,1.080954,-1.019979,-1.052622,0.665553,-0.108242,-0.383831,1.052604,-0.864272,-0.887769,0.65621,-0.124396,-0.449476,1.036947,-0.762765,-0.805589,0.659517
573,-0.032136,-0.102599,1.132749,-1.244567,-1.371336,0.671033,-0.066794,-0.271818,1.070413,-0.971543,-1.082066,0.679996,-0.093513,-0.392439,1.046205,-0.825673,-0.927167,0.670375,-0.11862,-0.455254,1.033872,-0.736688,-0.822893,0.668742
574,-0.019013,-0.09587,1.12408,-1.196691,-1.428985,0.670958,-0.069476,-0.27797,1.069135,-0.941648,-1.112496,0.686942,-0.085865,-0.398866,1.031919,-0.829299,-0.942225,0.662841,-0.097842,-0.464771,1.024053,-0.701449,-0.816648,0.665313
575,-0.018141,-0.103533,1.116968,-1.1535,-1.442109,0.681186,-0.063741,-0.291514,1.073588,-0.894653,-1.13753,0.675301,-0.087509,-0.390144,1.038793,-0.784698,-0.9851,0.676768,-0.099127,-0.471171,1.012051,-0.682847,-0.858977,0.659665
576,-0.010626,-0.095975,1.112321,-1.106855,-1.526355,0.678497,-0.054359,-0.301445,1.049191,-0.868673,-1.171186,0.656412,-0.078704,-0.401325,1.036688,-0.755494,-1.01575,0.653851,-0.078418,-0.468278,1.008985,-0.654909,-0.895776,0.677147
577,-0.010545,-0.103404,1.092736,-1.07474,-1.52854,0.666906,-0.04982,-0.30252,1.047201,-0.859882,-1.214309,0.660602,-0.05546,-0.411795,1.014109,-0.730258,-1.029049,0.673135,-0.067271,-0.484367,0.997315,-0.627445,-0.915305,0.663063
578,-0.004842,-0.10139,1.098843,-1.015162,-1.577264,0.665473,-0.030228,-0.301774,1.042838,-0.828334,-1.253392,0.676913,-0.045813,-0.421161,1.011018,-0.674244,-1.049636,0.658982,-0.052774,-0.490757,0.994735,-0.598774,-0.947069,0.676371
579,-0.013084,-0.097081,1.082755,-0.970017,-1.62091,0.664186,-0.032962,-0.306548,1.03305,-0.781186,-1.269578,0.651788,-0.047948,-0.427232,0.996254,-0.659783,-1.069547,0.66418,-0.047083,-0.492494,0.980311,-0.575205,-0.975203,0.646063
580,-0.011175,-0.106191,1.077425,-0.924386,-1.636354,0.662437,-0.036116,-0.310668,1.018483,-0.728108,-1.311609,0.664656,-0.034475,-0.417267,1.001319,-0.627703,-1.106544,0.667629,-0.044281,-0.504799,0.971496,-0.553555,-0.973426,0.669036
581,0.001359,-0.103485,1.050373,-0.892226,-1.700594,0.657231,-0.016791,-0.317189,1.015383,-0.701125,-1.357563,0.65348,-0.020168,-0.431052,0.978061,-0.586708,-1.14737,0.659257,-0.022819,-0.504277,0.968549,-0.512656,-1.023562,0.659232
582,-0.007536,-0.100688,1.055399,-0.836878,-1.738977,0.653875,-0.007931,-0.315398,0.999682,-0.654271,-1.350048,0.638614,-0.017602,-0.437518,0.969475,-0.563197,-1.158847,0.649015,-0.023887,-0.518571,0.951823,-0.489807,-1.011996,0.671507
583,-0.005047,-0.094825,1.045945,-0.800759,-1.770999,0.670202,0.002002,-0.323905,0.990495,-0.628038,-1.409253,0.651393,0.005563,-0.43961,0.96822,-0.530152,-1.165386,0.647986,-0.010566,-0.520542,0.943264,-0.4549,-1.048615,0.643472
584,0.001978,-0.107429,1.025527,-0.741259,-1.797426,0.654178,0.007532,-0.327676,0.980866,-0.578359,-1.4084,0.67201,0.008305,-0.445909,0.962388,-0.481887,-1.210553,0.646961,0.006892,-0.532957,0.938297,-0.425224,-1.09117,0.642068
585,0.002225,-0.11051,1.010286,-0.693361,-1.852185,0.642946,0.010347,-0.330061,0.970252,-0.538345,-1.431061,0.640731,0.017942,-0.45385,0.936991,-0.468199,-1.223967,0.65663,0.010044,-0.521985,0.924835,-0.414336,-1.100501,0.66235
586,0.010914,-0.108685,1.003227,-0.671575,-1.882525,0.644588,0.0212,-0.332681,0.9527,-0.512678,-1.497381,0.647015,0.026528,-0.450714,0.932325,-0.432549,-1.247231,0.630787,0.036216,-0.532021,0.908362,-0.376127,-1.102014,0.630946
587,0.006973,-0.109339,0.985581,-0.602697,-1.903807,0.659379,0.018477,-0.326874,0.946422,-0.460041,-1.510661,0.63523,0.032544,-0.468364,0.917467,-0.402924,-1.282804,0.634719,0.043914,-0.540728,0.896436,-0.349085,-1.151646,0.642379
588,0.001629,-0.110124,0.977743,-0.556229,-1.938175,0.626861,0.038487,-0.336083,0.927815,-0.454012,-1.530582,0.638919,0.048914,-0.461925,0.902661,-0.360291,-1.308265,0.614901,0.054857,-0.548542,0.891805,-0.338856,-1.159622,0.641179
589,0.0096,-0.110189,0.962603,-0.516907,-1.979778,0.624993,0.042045,-0.332659,0.92204,-0.394461,-1.543225,0.622794,0.054207,-0.471188,0.890642,-0.339956,-1.34494,0.627741,0.071856,-0.549518,0.87969,-0.3182,-1.169301,0.645517
590,0.016434,-0.114298,0.948203,-0.466866,-2.00188,0.627416,0.047501,-0.345856,0.902805,-0.360245,-1.588384,0.618852,0.06176,-0.476941,0.885062,-0.318034,-1.339314,0.642668,0.069766,-0.558931,0.870949,-0.283901,-1.194015,0.621181
591,0.017529,-0.120991,0.942101,-0.402701,-2.041286,0.628572,0.054009,-0.345724,0.891046,-0.338841,-1.611913,0.62834,0.067024,-0.474112,0.866675,-0.288809,-1.379083,0.617999,0.088245,-0.54687,0.849904,-0.225554,-1.209012,0.61877
592,0.009873,-0.117466,0.927599,-0.35971,-2.083139,0.634076,0.056948,-0.340405,0.879302,-0.27822,-1.641306,0.609841,0.08292,-0.477104,0.852481,-0.234489,-1.362997,0.621457,0.095385,-0.561039,0.847658,-0.206986,-1.222622,0.603662
593,0.016604,-0.116163,0.910175,-0.305157,-2.08257,0.60162,0.078106,-0.343747,0.875309,-0.246423,-1.64821,0.615418,0.101358,-0.483881,0.840799,-0.205302,-1.399618,0.617643,0.100826,-0.570431,0.822117,-0.173815,-1.261116,0.59514
594,0.029099,-0.116343,0.885513,-0.258149,-2.126413,0.601225,0.078545,-0.357434,0.859059,-0.211697,-1.66341,0.609669,0.100757,-0.486399,0.827716,-0.162455,-1.439242,0.606094,0.117652,-0.57221,0.812066,-0.145704,-1.273285,0.598182
595,0.035469,-0.110862,0.882194,-0.203553,-2.151917,0.602843,0.087734,-0.352889,0.826494,-0.158971,-1.698281,0.606707,0.111954,-0.495599,0.812896,-0.123866,-1.444312,0.618486,0.133118,-0.572259,0.802472,-0.12916,-1.29392,0.580472
596,0.039982,-0.114428,0.864688,-0.168774,-2.194437,0.596265,0.090553,-0.356086,0.816846,-0.119991,-1.721409,0.604099,0.118177,-0.494094,0.799243,-0.109472,-1.46193,0.595041,0.13976,-0.584065,0.789559,-0.065273,-1.298782,0.596227
597,0.03236,-0.117915,0.853648,-0.119242,-2.202757,0.597284,0.092547,-0.363886,0.813382,-0.097566,-1.742293,0.599745,0.119727,-0.49728,0.779253,-0.083245,-1.48023,0.59531,0.154364,-0.572762,0.770327,-0.064295,-1.320007,0.577493
598,0.02566,-0.122058,0.826864,-0.059376,-2.244756,0.562642,0.099489,-0.365343,0.785979,-0.047904,-1.767334,0.58739,0.145418,-0.495932,0.762198,-0.029322,-1.487231,0.593178,0.166221,-0.58609,0.762877,-0.045542,-1.31699,0.587618
599,0.030109,-0.119795,0.815274,-0.010848,-2.278458,0.58489,0.114496,-0.367632,0.768125,-0.017096,-1.794922,0.589917,0.153925,-0.495809,0.75996,0.002552,-1.507097,0.568835,0.17276,-0.589812,0.734445,-0.014657,-1.352698,0.596171
600,0.034997,-0.120155,0.801565,0.033424,-2.285385,0.571312,0.116277,-0.364872,0.755254,0.03164,-1.793669,0.573281,0.155388,-0.500981,0.747752,0.025565,-1.53508,0.562128,0.18285,-0.59504,0.732919,0.024455,-1.377974,0.591454
601,0.042112,-0.135987,0.785251,0.080992,-2.313062,0.57776,0.114375,-0.368114,0.749189,0.059073,-1.820609,0.573142,0.163251,-0.500433,0.721327,0.054186,-1.558278,0.565443,0.201306,-0.594206,0.710071,0.052046,-1.371691,0.569686
602,0.036928,-0.125557,0.76054,0.148321,-2.342721,0.56824,0.127491,-0.366527,0.729304,0.087615,-1.841769,0.574608,0.188149,-0.502461,0.710612,0.089692,-1.57229,0.559845,0.195893,-0.595779,0.701244,0.074149,-1.370847,0.571085
603,0.037821,-0.11007,0.742003,0.180505,-2.355552,0.554206,0.135842,-0.374222,0.714091,0.143684,-1.854323,0.560772,0.184628,-0.507082,0.694975,0.135453,-1.572852,0.564152,0.211758,-0.602339,0.673645,0.107879,-1.414243,0.550795
604,0.045416,-0.12923,0.719787,0.215538,-2.379476,0.545828,0.142788,-0.378479,0.700618,0.191278,-1.863753,0.548473,0.197659,-0.520144,0.67506,0.151367,-1.584489,0.554571,0.23909,-0.599149,0.669774,0.136162,-1.418615,0.545791
605,0.041162,-0.128136,0.70715,0.289014,-2.4023,0.554656,0.148883,-0.380388,0.678408,0.211089,-1.895682,0.547333,0.193837,-0.515695,0.665042,0.187299,-1.604755,0.537173,0.241618,-0.591358,0.647468,0.166209,-1.424297,0.54774
606,0.042985,-0.127241,0.700205,0.32555,-2.415694,0.544559,0.155496,-0.37819,0.65998,0.270494,-1.903344,0.529064,0.209456,-0.503018,0.648127,0.216953,-1.631393,0.528334,0.24538,-0.593889,0.62959,0.184676,-1.435921,0.522669
607,0.04885,-0.128563,0.688829,0.384359,-2.447786,0.543303,0.167641,-0.377619,0.649585,0.310974,-1.917603,0.522115,0.224918,-0.510225,0.629648,0.257252,-1.607757,0.516324,0.255116,-0.59585,0.607814,0.222948,-1.439219,0.529588
608,0.062593,-0.113716,0.661523,0.421068,-2.457586,0.504093,0.169253,-0.381009,0.617077,0.326587,-1.938136,0.536721,0.230204,-0.510323,0.606728,0.28454,-1.654756,0.521673,0.270359,-0.60873,0.598481,0.244179,-1.461334,0.50399
609,0.060899,-0.120846,0.644895,0.485864,-2.469246,0.515445,0.171876,-0.376153,0.609733,0.390348,-1.949061,0.503713,0.230948,-0.5068,0.591412,0.355157,-1.632926,0.512563,0.274938,-0.598322,0.580814,0.291208,-1.448957,0.506468
610,0.067598,-0.12861,0.617874,0.529471,-2.494774,0.503792,0.175509,-0.382523,0.588665,0.414191,-1.949658,0.522007,0.244609,-0.521129,0.57392,0.355787,-1.678741,0.492217,0.29124,-0.601671,0.556403,0.295674,-1.492679,0.486246
611,0.061293,-0.127616,0.59528,0.579376,-2.496172,0.501284,0.186584,-0.376531,0.576798,0.470343,-1.970643,0.503393,0.266427,-0.500618,0.556458,0.397769,-1.671138,0.501632,0.301517,-0.602906,0.555675,0.340448,-1.503771,0.494089
612,0.065311,-0.128786,0.576833,0.618494,-2.516929,0.46323,0.197975,-0.377625,0.548041,0.499976,-1.993209,0.475545,0.259097,-0.512213,0.544228,0.415908,-1.668177,0.480723,0.304468,-0.59777,0.532082,0.379704,-1.478583,0.482284
613,0.069702,-0.12046,0.55952,0.658897,-2.516408,0.470328,0.19658,-0.3703,0.540552,0.538699,-1.998013,0.471141,0.271579,-0.510556,0.516178,0.457486,-1.698541,0.478312,0.313503,-0.605752,0.509738,0.413845,-1.498806,0.475464
614,0.064787,-0.121012,0.536824,0.7317,-2.54244,0.478607,0.20503,-0.376476,0.521986,0.579314,-2.00095,0.463974,0.278732,-0.513053,0.49241,0.482462,-1.706067,0.475086,0.331184,-0.598298,0.492599,0.421173,-1.514008,0.461076
615,0.07415,-0.118426,0.517904,0.783223,-2.534013,0.460265,0.22236,-0.376795,0.4926,0.615293,-2.009122,0.473122,0.287516,-0.513167,0.480428,0.515507,-1.698619,0.461311,0.336482,-0.597022,0.475334,0.459618,-1.532259,0.468594
616,0.067145,-0.122049,0.498138,0.811365,-2.562074,0.458673,0.21982,-0.359215,0.475985,0.653286,-2.042747,0.434281,0.289697,-0.5119,0.458914,0.529343,-1.712208,0.442975,0.348838,-0.594694,0.450608,0.491977,-1.523375,0.449021
617,0.070943,-0.125695,0.480552,0.866802,-2.562995,0.423967,0.229266,-0.368292,0.452954,0.68176,-2.014141,0.433915,0.30877,-0.500452,0.444687,0.58509,-1.726396,0.414011,0.361992,-0.59549,0.433715,0.516699,-1.524682,0.438574
618,0.072377,-0.132635,0.455421,0.906935,-2.586467,0.421852,0.230276,-0.374124,0.434767,0.726923,-2.029967,0.438571,0.306455,-0.505625,0.423697,0.592947,-1.713272,0.449876,0.366832,-0.600527,0.420084,0.547037,-1.518552,0.434941
619,0.092294,-0.115394,0.444501,0.96957,-2.600279,0.407848,0.235188,-0.367638,0.420831,0.755124,-2.026579,0.41504,0.31831,-0.500484,0.405288,0.644449,-1.725814,0.423681,0.373105,-0.59576,0.40769,0.562705,-1.52677,0.410994
620,0.082076,-0.122333,0.407542,1.010827,-2.610823,0.405426,0.237082,-0.378225,0.393222,0.777271,-2.054302,0.412858,0.326773,-0.502515,0.39016,0.671168,-1.731532,0.404466,0.388671,-0.596354,0.379989,0.593491,-1.548726,0.387775
621,0.086707,-0.119319,0.393876,1.031005,-2.597489,0.40577,0.238549,-0.37656,0.375773,0.820611,-2.059214,0.392911,0.329803,-0.508222,0.363044,0.69499,-1.740801,0.397291,0.393538,-0.590125,0.358239,0.609982,-1.555992,0.393598
622,0.088172,-0.125748,0.373382,1.094947,-2.620622,0.392537,0.250957,-0.371656,0.350136,0.848202,-2.055945,0.39829,0.338652,-0.504775,0.359042,0.748898,-1.720265,0.39207,0.40418,-0.591463,0.347943,0.64112,-1.556897,0.390592
623,0.080323,-0.121391,0.356324,1.145952,-2.610635,0.390052,0.256135,-0.362759,0.338388,0.899194,-2.059049,0.374901,0.347005,-0.49374,0.322885,0.75175,-1.757606,0.381408,0.415369,-0.590401,0.320061,0.647006,-1.558848,0.394205
624,0.08291,-0.124187,0.325947,1.168386,-2.623556,0.365746,0.265432,-0.356698,0.311653,0.941397,-2.088001,0.380358,0.352174,-0.501165,0.310573,0.790001,-1.746332,0.367219,0.419772,-0.589052,0.301782,0.70342,-1.562176,0.377189
625,0.090731,-0.126673,0.302491,1.210537,-2.616683,0.33597,0.262999,-0.359279,0.292543,0.972803,-2.063799,0.356862,0.352364,-0.502666,0.295646,0.822116,-1.75526,0.372455,0.420669,-0.576346,0.284414,0.724849,-1.554581,0.372724
626,0.086961,-0.114941,0.281726,1.279972,-2.633093,0.337501,0.270973,-0.364702,0.274125,0.998086,-2.052128,0.337924,0.366836,-0.485485,0.260771,0.84725,-1.746944,0.346108,0.431809,-0.579059,0.253371,0.766227,-1.540363,0.347452
627,0.096342,-0.117249,0.260748,1.316955,-2.615296,0.336537,0.264669,-0.354446,0.249961,1.033821,-2.068281,0.333592,0.377087,-0.493754,0.243791,0.876504,-1.753088,0.331917,0.444832,-0.576142,0.251431,0.77703,-1.563915,0.330557
628,0.092005,-0.114815,0.239819,1.356926,-2.611085,0.321555,0.276059,-0.354437,0.230588,1.079089,-2.048918,0.313845,0.381615,-0.495147,0.224385,0.899788,-1.751005,0.326687,0.438994,-0.574112,0.226221,0.807381,-1.563371,0.327529
629,0.091739,-0.107485,0.226934,1.395278,-2.634206,0.307284,0.277878,-0.347377,0.210605,1.105315,-2.059763,0.321944,0.400007,-0.48593,0.204362,0.921412,-1.759518,0.304683,0.448662,-0.568171,0.207621,0.830951,-1.557907,0.32241
630,0.093258,-0.115088,0.206409,1.437714,-2.624196,0.295364,0.284653,-0.342451,0.18442,1.143637,-2.065984,0.276521,0.392836,-0.486358,0.190125,0.968994,-1.744493,0.30959,0.474438,-0.563697,0.177584,0.853255,-1.566309,0.302579
631,0.098454,-0.106325,0.183393,1.474054,-2.623418,0.27992,0.297734,-0.355503,0.165083,1.176892,-2.053269,0.293187,0.398585,-0.470921,0.159751,0.975759,-1.743467,0.287811,0.476293,-0.559559,0.154907,0.884931,-1.548386,0.269478
632,0.099583,-0.120101,0.148815,1.525023,-2.608077,0.291624,0.299882,-0.352429,0.14638,1.177298,-2.053587,0.26446,0.414395,-0.473424,0.139356,1.036113,-1.740091,0.278587,0.489543,-0.561691,0.14483,0.895344,-1.551205,0.280227
633,0.097348,-0.112694,0.132794,1.557463,-2.618585,0.276954,0.302558,-0.347278,0.131367,1.221252,-2.038489,0.261086,0.421227,-0.461965,0.132038,1.035692,-1.757047,0.267214,0.483807,-0.548828,0.124815,0.913007,-1.547357,0.243528
634,0.104091,-0.106216,0.11639,1.592282,-2.589508,0.252327,0.306114,-0.334452,0.106116,1.251113,-2.042181,0.269752,0.419199,-0.466904,0.104362,1.053715,-1.73166,0.257371,0.494444,-0.549881,0.097941,0.952193,-1.561093,0.26239
635,0.105963,-0.106649,0.082057,1.629517,-2.602625,0.246213,0.309497,-0.336179,0.09649,1.279444,-2.048876,0.244147,0.427818,-0.461113,0.078735,1.099914,-1.746391,0.247958,0.496751,-0.540689,0.079886,0.953556,-1.545249,0.235092
636,0.095976,-0.109517,0.064939,1.689327,-2.570637,0.225986,0.315958,-0.336297,0.059244,1.328812,-2.030975,0.22257,0.420675,-0.462052,0.067125,1.121717,-1.719702,0.240471,0.498855,-0.531017,0.043689,0.999533,-1.53539,0.23951
637,0.107775,-0.115626,0.043214,1.71571,-2.576813,0.217717,0.317429,-0.327804,0.031891,1.351521,-2.046175,0.230621,0.433681,-0.4525,0.037207,1.149,-1.718748,0.223926,0.503193,-0.536557,0.037042,1.027341,-1.533674,0.212707
638,0.107233,-0.111387,0.01976,1.776197,-2.580208,0.215466,0.321891,-0.331287,0.019777,1.392812,-2.026662,0.190485,0.444344,-0.454961,0.017877,1.167894,-1.724046,0.2191,0.515862,-0.530911,0.025906,1.025267,-1.5306,0.198338
639,0.109944,-0.101532,-0.006805,1.76841,-2.563165,0.174448,0.313459,-0.319025,0.000615,1.395578,-2.007727,0.211636,0.437899,-0.443591,-0.00109,1.165364,-1.715207,0.187895,0.518957,-0.528112,-0.007442,1.061284,-1.529298,0.187988
640,0.114779,-0.107739,-0.028716,1.833629,-2.540017,0.193064,0.330167,-0.307226,-0.023257,1.450957,-1.989883,0.179019,0.454977,-0.433715,-0.02485,1.214891,-1.708998,0.182039,0.525934,-0.50562,-0.020065,1.081151,-1.51222,0.192351
641,0.118675,-0.103467,-0.047402,1.841539,-2.528857,0.14552,0.330928,-0.312759,-0.048279,1.488826,-1.99963,0.19089,0.459673,-0.440782,-0.040462,1.255744,-1.701198,0.184752,0.535569,-0.505516,-0.035913,1.099264,-1.513618,0.158641
642,0.103895,-0.104389,-0.066038,1.895301,-2.518385,0.153753,0.327577,-0.31664,-0.07047,1.485586,-1.988009,0.180243,0.454399,-0.425168,-0.068469,1.256199,-1.686844,0.176618,0.543179,-0.504455,-0.062802,1.127969,-1.494121,0.171808
643,0.110237,-0.104711,-0.09363,1.9452,-2.495528,0.156274,0.339565,-0.302533,-0.089715,1.517778,-1.989584,0.135756,0.457713,-0.418201,-0.081894,1.288695,-1.688919,0.127967,0.536264,-0.502122,-0.079196,1.14179,-1.504883,0.147239
644,0.100581,-0.103536,-0.110108,1.964689,-2.494554,0.122693,0.337536,-0.296726,-0.104722,1.574716,-1.956487,0.141773,0.465321,-0.418786,-0.105164,1.309429,-1.673017,0.127972,0.550891,-0.47751,-0.113931,1.160048,-1.466953,0.117658
645,0.115973,-0.095131,-0.149438,1.989573,-2.47032,0.125491,0.351123,-0.298103,-0.127596,1.568067,-1.933619,0.130383,0.469258,-0.422134,-0.115723,1.351457,-1.624638,0.115855,0.556343,-0.485886,-0.113213,1.17852,-1.480401,0.107729
646,0.113268,-0.098986,-0.159468,2.038092,-2.460891,0.114271,0.347886,-0.297585,-0.154382,1.583123,-1.943048,0.101591,0.477079,-0.402289,-0.143338,1.346221,-1.648672,0.110454,0.563338,-0.480802,-0.144917,1.207035,-1.447351,0.112237
647,0.119995,-0.087104,-0.17083,2.044351,-2.445779,0.095422,0.353645,-0.288598,-0.182222,1.62179,-1.941697,0.099814,0.477956,-0.401749,-0.17304,1.366321,-1.63291,0.093034,0.560307,-0.464082,-0.172176,1.222417,-1.469275,0.08773
648,0.118297,-0.094299,-0.200459,2.087482,-2.421477,0.091986,0.348108,-0.28181,-0.200385,1.655673,-1.925549,0.083099,0.481888,-0.391287,-0.192277,1.413391,-1.613691,0.078135,0.568541,-0.473823,-0.174924,1.235228,-1.424228,0.077117
649,0.120376,-0.090304,-0.232089,2.106604,-2.383762,0.06841,0.355728,-0.286696,-0.219772,1.65265,-1.900015,0.071867,0.492261,-0.383956,-0.210808,1.401426,-1.595333,0.079211,0.569368,-0.455538,-0.206405,1.253605,-1.426348,0.066265
650,0.121643,-0.087472,-0.253944,2.156722,-2.36821,0.044795,0.35335,-0.278164,-0.233373,1.694558,-1.876755,0.052945,0.490308,-0.382612,-0.225689,1.431495,-1.608135,0.068278,0.572709,-0.43995,-0.223235,1.281964,-1.408916,0.060301
651,0.123889,-0.082681,-0.270539,2.15959,-2.358201,0.034424,0.365212,-0.271791,-0.255642,1.705645,-1.850931,0.052022,0.491044,-0.384586,-0.261413,1.433855,-1.575753,0.056498,0.582775,-0.437951,-0.253046,1.297433,-1.410091,0.060328
652,0.120228,-0.089357,-0.28771,2.211541,-2.339818,0.029983,0.361421,-0.265506,-0.283195,1.712234,-1.852133,0.029053,0.497343,-0.374866,-0.268313,1.472665,-1.561821,0.02037,0.585904,-0.425151,-0.262991,1.302337,-1.381918,0.041039
653,0.121524,-0.087201,-0.303244,2.216512,-2.301979,0.013419,0.360562,-0.255916,-0.293802,1.751908,-1.815168,0.01678,0.498292,-0.363333,-0.294119,1.477434,-1.562006,0.022846,0.584152,-0.430434,-0.29166,1.303613,-1.382018,0.030889
654,0.122218,-0.091912,-0.342193,2.249632,-2.283437,0.005978,0.359936,-0.261927,-0.31815,1.773652,-1.814403,0.016783,0.496511,-0.362247,-0.313426,1.499999,-1.528976,0.009834,0.589084,-0.420004,-0.307175,1.329141,-1.355124,0.010821
655,0.121846,-0.086547,-0.361043,2.280506,-2.272857,-0.012002,0.370037,-0.254423,-0.333925,1.8076,-1.769662,-0.023795,0.502764,-0.350752,-0.326444,1.527448,-1.512895,-0.008757,0.587673,-0.407374,-0.326804,1.355744,-1.357025,-0.013371
656,0.129449,-0.072533,-0.373114,2.294669,-2.240895,-0.004123,0.371242,-0.247619,-0.353808,1.802634,-1.762582,-0.028848,0.505434,-0.342886,-0.350397,1.533593,-1.508424,-0.022598,0.588478,-0.396823,-0.340515,1.360328,-1.333353,-0.01647
657,0.117613,-0.090068,-0.404823,2.324049,-2.224663,-0.037515,0.357129,-0.237409,-0.376518,1.847973,-1.738727,-0.025057,0.502751,-0.335046,-0.374486,1.542631,-1.485516,-0.041978,0.594667,-0.382117,-0.374302,1.376088,-1.296335,-0.027883
658,0.12481,-0.072632,-0.417846,2.350949,-2.191312,-0.030923,0.363746,-0.233856,-0.402411,1.845642,-1.732348,-0.032005,0.502049,-0.329429,-0.390686,1.576379,-1.457692,-0.060491,0.600526,-0.389305,-0.385898,1.378874,-1.304633,-0.054032
659,0.128372,-0.083948,-0.44518,2.364667,-2.16259,-0.05063,0.364323,-0.23639,-0.419313,1.867623,-1.706065,-0.047953,0.509609,-0.320168,-0.40488,1.586763,-1.457834,-0.046202,0.606213,-0.380165,-0.403375,1.41843,-1.28693,-0.046627
660,0.116246,-0.066422,-0.467329,2.397246,-2.121188,-0.085658,0.367861,-0.226435,-0.442985,1.881772,-1.673369,-0.057707,0.511013,-0.302094,-0.423184,1.603807,-1.416141,-0.059218,0.594139,-0.361985,-0.426961,1.418157,-1.25675,-0.054843
661,0.116739,-0.073903,-0.474694,2.413343,-2.101448,-0.080365,0.374402,-0.230055,-0.46433,1.899403,-1.664922,-0.078796,0.505326,-0.296697,-0.451823,1.612311,-1.422191,-0.074561,0.604442,-0.352048,-0.434551,1.435033,-1.2429,-0.083364
662,0.122522,-0.068312,-0.497235,2.439124,-2.070492,-0.097442,0.383695,-0.21675,-0.485761,1.919041,-1.627861,-0.093114,0.506862,-0.283035,-0.462442,1.6057,-1.393089,-0.09596,0.600344,-0.346942,-0.46705,1.457218,-1.239344,-0.075499
663,0.128589,-0.075687,-0.522379,2.441394,-2.040891,-0.116307,0.371677,-0.20126,-0.497136,1.929351,-1.617106,-0.113807,0.510855,-0.284884,-0.48903,1.635311,-1.367903,-0.107744,0.601623,-0.331096,-0.472922,1.435785,-1.213877,-0.121386
664,0.124001,-0.066077,-0.549756,2.468423,-2.016202,-0.097176,0.374736,-0.200976,-0.521354,1.950467,-1.58318,-0.083842,0.516558,-0.280237,-0.500002,1.65366,-1.343309,-0.122488,0.591827,-0.336472,-0.493814,1.454899,-1.186216,-0.122226
665,0.128289,-0.070392,-0.563932,2.487322,-1.979094,-0.124139,0.371625,-0.195076,-0.53995,1.966915,-1.567045,-0.154413,0.5096,-0.255119,-0.529985,1.669085,-1.318679,-0.116873,0.599516,-0.312325,-0.513917,1.483361,-1.173007,-0.140623
666,0.125077,-0.066946,-0.587003,2.497262,-1.947709,-0.139547,0.365948,-0.189549,-0.555334,1.959314,-1.523626,-0.143751,0.525227,-0.264894,-0.549544,1.67101,-1.312869,-0.131082,0.605687,-0.301724,-0.528406,1.466734,-1.159035,-0.141263
