sample_idx,Va_1,Vb_1,Vc_1,Ia_1,Ib_1,Ic_1,Va_5,Vb_5,Vc_5,Ia_5,Ib_5,Ic_5,Va_10,Vb_10,Vc_10,Ia_10,Ib_10,Ic_10,Va_30,Vb_30,Vc_30,Ia_30,Ib_30,Ic_30
0,1.007698,-0.496744,-0.502337,0.556472,-0.425031,-0.135497,0.997765,-0.498474,-0.507968,0.580994,-0.435279,-0.123831,1.006383,-0.504885,-0.498243,0.584009,-0.444091,-0.139074,0.994246,-0.503725,-0.504698,0.57009,-0.454728,-0.119197
1,1.003013,-0.487211,-0.516071,0.573603,-0.42328,-0.122092,1.002263,-0.483601,-0.513307,0.570915,-0.418098,-0.152285,0.995961,-0.482503,-0.518132,0.570315,-0.423137,-0.130085,1.001654,-0.479404,-0.514885,0.564001,-0.450728,-0.149101
2,0.999433,-0.462576,-0.540505,0.566293,-0.426396,-0.144364,0.992675,-0.464705,-0.537294,0.590073,-0.410213,-0.129595,0.989496,-0.468515,-0.531713,0.56948,-0.433754,-0.152463,0.993224,-0.472706,-0.532572,0.592386,-0.411163,-0.17321
3,1.003441,-0.457335,-0.543046,0.566191,-0.412338,-0.167346,0.994781,-0.456202,-0.550852,0.577532,-0.42132,-0.195459,0.992006,-0.45287,-0.552888,0.589163,-0.425805,-0.17168,0.994873,-0.448951,-0.542269,0.573097,-0.412393,-0.159449
4,1.007477,-0.43533,-0.564786,0.569212,-0.3858,-0.169271,0.989374,-0.427883,-0.55617,0.578616,-0.405603,-0.183443,0.992837,-0.431083,-0.563067,0.583365,-0.397112,-0.169564,0.993192,-0.442489,-0.562995,0.571777,-0.411661,-0.187114
5,0.991664,-0.419987,-0.574326,0.604293,-0.395127,-0.178254,0.997518,-0.421156,-0.575179,0.578767,-0.392366,-0.191356,1.000797,-0.419958,-0.566929,0.588514,-0.383566,-0.184965,0.989923,-0.412982,-0.577585,0.570183,-0.40023,-0.186327
6,0.993056,-0.394525,-0.5971,0.59568,-0.362751,-0.19521,0.990962,-0.407904,-0.593586,0.581176,-0.391948,-0.198476,0.9911,-0.394746,-0.592249,0.583113,-0.383313,-0.205732,0.993328,-0.39043,-0.600407,0.581514,-0.393868,-0.179453
7,0.995915,-0.387637,-0.603196,0.589655,-0.366763,-0.221343,0.994346,-0.390378,-0.600593,0.579614,-0.396864,-0.193296,0.991662,-0.383638,-0.606205,0.580475,-0.365463,-0.213077,0.982536,-0.379837,-0.617932,0.602424,-0.387864,-0.211359
8,0.989492,-0.358104,-0.615499,0.588353,-0.348243,-0.211584,0.984037,-0.36277,-0.630579,0.583966,-0.362282,-0.201022,0.987209,-0.362741,-0.624549,0.576234,-0.379411,-0.206101,0.991294,-0.365163,-0.627311,0.579554,-0.379832,-0.216707
9,0.984774,-0.347856,-0.640451,0.579745,-0.347094,-0.230604,0.990178,-0.344235,-0.652372,0.58272,-0.353726,-0.212922,0.987892,-0.347647,-0.637362,0.607869,-0.343417,-0.231918,0.991861,-0.342874,-0.643454,0.581146,-0.370655,-0.239213
10,0.967321,-0.32809,-0.654599,0.59298,-0.342794,-0.239072,0.98548,-0.331079,-0.643869,0.587989,-0.361699,-0.246083,0.98593,-0.329512,-0.643899,0.596475,-0.349223,-0.234524,0.982059,-0.337006,-0.658947,0.575625,-0.35235,-0.229765
11,0.975837,-0.315906,-0.673625,0.595496,-0.334046,-0.238356,0.967809,-0.303292,-0.672376,0.575672,-0.345633,-0.244918,0.977035,-0.317085,-0.658938,0.587382,-0.356424,-0.239977,0.976839,-0.309275,-0.673185,0.5694,-0.336452,-0.240838
12,0.974448,-0.285717,-0.68041,0.601791,-0.334969,-0.248676,0.9686,-0.300144,-0.683644,0.587939,-0.335978,-0.259951,0.973604,-0.290932,-0.681127,0.576091,-0.316915,-0.238845,0.98147,-0.296952,-0.680617,0.591162,-0.348106,-0.258868
13,0.973929,-0.276457,-0.695257,0.604851,-0.339292,-0.255459,0.975864,-0.277086,-0.701338,0.617037,-0.324622,-0.272206,0.970699,-0.27919,-0.690128,0.595506,-0.329358,-0.256397,0.98024,-0.279113,-0.693094,0.582449,-0.312815,-0.252258
14,0.963833,-0.255682,-0.702057,0.593078,-0.323936,-0.283253,0.967205,-0.263593,-0.716139,0.592282,-0.308976,-0.283604,0.963689,-0.252941,-0.709002,0.582772,-0.305711,-0.266302,0.96907,-0.251546,-0.695963,0.593894,-0.306078,-0.276349
15,0.963315,-0.24317,-0.72536,0.594439,-0.307701,-0.272706,0.966272,-0.233531,-0.721103,0.58972,-0.324,-0.292843,0.957247,-0.229715,-0.723512,0.597209,-0.304728,-0.299005,0.957131,-0.242301,-0.729396,0.598572,-0.312685,-0.280501
16,0.962017,-0.223869,-0.736853,0.597417,-0.294236,-0.293649,0.953248,-0.22023,-0.730699,0.605136,-0.273993,-0.279214,0.952261,-0.21481,-0.727512,0.586006,-0.286772,-0.298803,0.95233,-0.220505,-0.73839,0.60084,-0.311596,-0.304584
17,0.951295,-0.194467,-0.74737,0.576477,-0.287086,-0.298936,0.948427,-0.198298,-0.749384,0.595194,-0.28045,-0.305704,0.948019,-0.195767,-0.744647,0.593299,-0.291063,-0.316806,0.955507,-0.21198,-0.736436,0.587462,-0.282309,-0.307865
18,0.940743,-0.189365,-0.766712,0.591203,-0.275393,-0.31291,0.941817,-0.181004,-0.763553,0.600311,-0.25512,-0.326294,0.93455,-0.186943,-0.762468,0.590976,-0.270573,-0.313093,0.94673,-0.182799,-0.755603,0.577094,-0.270098,-0.303807
19,0.937571,-0.165921,-0.769119,0.606682,-0.263572,-0.328488,0.940332,-0.160869,-0.764748,0.583798,-0.261936,-0.320687,0.941679,-0.165896,-0.778493,0.599792,-0.261516,-0.298366,0.936636,-0.165703,-0.782946,0.579613,-0.257034,-0.317902
20,0.940528,-0.145461,-0.781512,0.591334,-0.26731,-0.339598,0.933302,-0.146596,-0.791963,0.591609,-0.23715,-0.338059,0.927965,-0.143528,-0.788529,0.59179,-0.253327,-0.356263,0.932564,-0.144746,-0.787416,0.594091,-0.249157,-0.310717
21,0.923809,-0.126065,-0.798708,0.609986,-0.238192,-0.348186,0.916343,-0.121468,-0.800566,0.586501,-0.247393,-0.327003,0.923394,-0.129475,-0.791988,0.604355,-0.248253,-0.337353,0.922626,-0.12872,-0.801894,0.589382,-0.239884,-0.338811
22,0.902528,-0.09987,-0.806846,0.570288,-0.238273,-0.355908,0.904374,-0.10836,-0.805263,0.583506,-0.220548,-0.365394,0.926834,-0.106996,-0.7918,0.589683,-0.241444,-0.361306,0.920647,-0.106025,-0.800849,0.585542,-0.242751,-0.354794
23,0.902197,-0.085158,-0.819889,0.566731,-0.223164,-0.356148,0.906718,-0.087259,-0.819811,0.581002,-0.225902,-0.375537,0.898052,-0.083422,-0.814329,0.584363,-0.222016,-0.345992,0.905305,-0.092601,-0.814387,0.595896,-0.225377,-0.366324
24,0.894861,-0.064088,-0.827885,0.581029,-0.193681,-0.367093,0.89724,-0.075783,-0.82175,0.563972,-0.21941,-0.364087,0.910719,-0.069038,-0.831428,0.60902,-0.213823,-0.364856,0.899475,-0.075084,-0.828076,0.589871,-0.213726,-0.384265
25,0.880184,-0.050412,-0.845827,0.5836,-0.201521,-0.397545,0.897116,-0.05198,-0.837856,0.59435,-0.213589,-0.372177,0.891735,-0.054712,-0.836795,0.577354,-0.207297,-0.377028,0.892703,-0.048737,-0.840332,0.596281,-0.207785,-0.386624
26,0.883756,-0.031432,-0.855736,0.577766,-0.202299,-0.363422,0.884549,-0.034353,-0.848257,0.596147,-0.197723,-0.379223,0.880876,-0.042519,-0.841852,0.58737,-0.196106,-0.395462,0.87035,-0.029408,-0.843493,0.586997,-0.189251,-0.39972
27,0.871864,-0.018617,-0.86029,0.59625,-0.197227,-0.386055,0.871474,-0.012738,-0.862667,0.584586,-0.177291,-0.392316,0.871744,-0.023251,-0.862926,0.588778,-0.193074,-0.40333,0.864773,-0.01593,-0.853979,0.587793,-0.181675,-0.390152
28,0.864149,0.006366,-0.863616,0.575468,-0.158816,-0.421848,0.867978,-0.002016,-0.867692,0.579374,-0.16392,-0.405025,0.865937,0.00999,-0.869783,0.570541,-0.144734,-0.394746,0.868196,0.000774,-0.871288,0.584435,-0.166974,-0.39178
29,0.854371,0.025019,-0.872494,0.584589,-0.171257,-0.419671,0.852291,0.032263,-0.870868,0.572208,-0.152395,-0.408458,0.846747,0.02016,-0.888079,0.576774,-0.164089,-0.408064,0.857289,0.033517,-0.873256,0.582677,-0.158361,-0.424424
30,0.841588,0.044298,-0.879128,0.573918,-0.153956,-0.411093,0.841768,0.034615,-0.893755,0.557429,-0.142001,-0.431725,0.846233,0.03827,-0.886476,0.574388,-0.156295,-0.407392,0.844183,0.039414,-0.884725,0.575896,-0.153138,-0.405641
31,0.843376,0.062408,-0.891039,0.566225,-0.129625,-0.433444,0.839911,0.059475,-0.886697,0.563222,-0.141966,-0.439841,0.837026,0.06162,-0.896401,0.566717,-0.133316,-0.438475,0.844429,0.060613,-0.895592,0.585876,-0.14219,-0.441803
32,0.822098,0.07974,-0.901476,0.550654,-0.121228,-0.439169,0.822234,0.073189,-0.90715,0.571613,-0.11555,-0.424095,0.827597,0.082115,-0.899606,0.562009,-0.132841,-0.432231,0.821141,0.081338,-0.895184,0.564491,-0.142921,-0.431748
33,0.806565,0.102564,-0.898672,0.565612,-0.126441,-0.444439,0.814274,0.092686,-0.909891,0.57261,-0.124843,-0.4432,0.818481,0.086021,-0.905814,0.552721,-0.127757,-0.443495,0.8179,0.102736,-0.916682,0.564535,-0.111636,-0.442635
34,0.795302,0.116191,-0.914791,0.538996,-0.135486,-0.447374,0.808673,0.117588,-0.92116,0.565713,-0.126378,-0.436976,0.805009,0.119748,-0.92072,0.550405,-0.101643,-0.44044,0.805077,0.117486,-0.923282,0.563582,-0.082461,-0.444511
35,0.797912,0.143141,-0.926932,0.549722,-0.078995,-0.461588,0.78745,0.13584,-0.927954,0.561219,-0.088212,-0.453594,0.789859,0.13212,-0.927632,0.543519,-0.088576,-0.447826,0.782659,0.136962,-0.924788,0.559027,-0.105058,-0.464284
36,0.782924,0.154552,-0.932412,0.544639,-0.085496,-0.45919,0.780669,0.152813,-0.933114,0.549111,-0.08097,-0.460763,0.782234,0.162187,-0.937027,0.563167,-0.085764,-0.473346,0.78429,0.153278,-0.928751,0.548685,-0.086281,-0.475474
37,0.760167,0.173063,-0.941996,0.558519,-0.059724,-0.476838,0.754424,0.174304,-0.942327,0.547786,-0.087794,-0.474685,0.755018,0.177107,-0.941564,0.545956,-0.078746,-0.470156,0.768423,0.171811,-0.938688,0.559438,-0.067565,-0.457112
38,0.754374,0.193413,-0.947545,0.552048,-0.06933,-0.486748,0.754276,0.185884,-0.941551,0.532409,-0.074105,-0.461342,0.746288,0.195929,-0.940616,0.546827,-0.055022,-0.464779,0.757602,0.206806,-0.942857,0.541196,-0.05869,-0.473084
39,0.741754,0.204331,-0.951933,0.531765,-0.047769,-0.478758,0.73909,0.211137,-0.95598,0.542605,-0.064317,-0.473173,0.74513,0.2146,-0.945884,0.528416,-0.045102,-0.490266,0.743641,0.218026,-0.959801,0.535612,-0.053,-0.480235
40,0.726952,0.230822,-0.95859,0.547493,-0.025504,-0.49306,0.737581,0.231063,-0.953505,0.519796,-0.052726,-0.499489,0.727831,0.228271,-0.962269,0.536787,-0.050888,-0.494997,0.72809,0.223215,-0.951367,0.540883,-0.040766,-0.490374
41,0.710252,0.245366,-0.959589,0.527152,-0.017737,-0.495765,0.717831,0.255535,-0.965848,0.533346,-0.038427,-0.513316,0.71945,0.245013,-0.971832,0.519473,-0.032412,-0.490213,0.710785,0.244679,-0.960814,0.533729,-0.024094,-0.497332
42,0.713926,0.269005,-0.973669,0.513488,-0.021903,-0.491292,0.704549,0.268725,-0.968093,0.535036,-0.00825,-0.487362,0.707294,0.257773,-0.970762,0.517955,-0.032917,-0.514885,0.70216,0.264485,-0.968835,0.522822,-0.015201,-0.503163
43,0.685436,0.279131,-0.972653,0.52816,-0.00901,-0.512754,0.690823,0.274829,-0.979776,0.512491,-0.019999,-0.500759,0.690769,0.284819,-0.979659,0.517312,-0.023024,-0.509536,0.683955,0.285368,-0.978292,0.517055,-0.017567,-0.508058
44,0.683435,0.293732,-0.983657,0.522876,-0.004623,-0.50544,0.682702,0.301242,-0.97744,0.517029,0.007078,-0.526177,0.674058,0.304344,-0.978698,0.517052,0.00954,-0.491659,0.678014,0.302322,-0.97931,0.500803,-0.000109,-0.516767
45,0.665286,0.322615,-0.979622,0.521537,0.013006,-0.516405,0.661558,0.326562,-0.981745,0.506383,0.016778,-0.522095,0.659966,0.313717,-0.963812,0.523298,0.017936,-0.517085,0.650215,0.316807,-0.980834,0.503758,0.015118,-0.526364
46,0.647413,0.340852,-0.979319,0.508453,0.01475,-0.521735,0.652221,0.340552,-0.988127,0.511703,0.024064,-0.509785,0.659445,0.347538,-0.991947,0.493338,0.030717,-0.538064,0.64694,0.3338,-0.978258,0.488812,0.020542,-0.511725
47,0.627065,0.354744,-0.975704,0.488004,0.027415,-0.542867,0.632251,0.353446,-0.995026,0.503986,0.04863,-0.536012,0.623014,0.359426,-0.981322,0.477503,0.023885,-0.517167,0.630576,0.345722,-0.978739,0.496812,0.034119,-0.525378
48,0.624927,0.373986,-0.998616,0.480769,0.039141,-0.54542,0.614801,0.369417,-0.991271,0.482247,0.047386,-0.537235,0.609746,0.363154,-0.990528,0.485046,0.059732,-0.542505,0.624059,0.378352,-0.985027,0.488001,0.058427,-0.521964
49,0.596648,0.389509,-0.99374,0.476931,0.056616,-0.535924,0.598512,0.402949,-0.990406,0.491718,0.070084,-0.551093,0.610484,0.389437,-1.004954,0.488966,0.076298,-0.520521,0.607835,0.388285,-0.988886,0.47492,0.074519,-0.532681
50,0.582254,0.402598,-0.992065,0.458728,0.065461,-0.541468,0.588155,0.401649,-1.002542,0.454689,0.073699,-0.545562,0.587376,0.411621,-0.992336,0.461137,0.070458,-0.564925,0.583268,0.410296,-0.992647,0.47174,0.070067,-0.563849
51,0.57325,0.417881,-0.99717,0.477302,0.078856,-0.547693,0.580656,0.421598,-0.998903,0.469913,0.07645,-0.558413,0.571016,0.423197,-0.993389,0.446709,0.070729,-0.560627,0.577267,0.418459,-0.996924,0.470484,0.085883,-0.523674
52,0.559665,0.451363,-1.003299,0.448241,0.109499,-0.554501,0.562479,0.439676,-1.00051,0.440325,0.084601,-0.555851,0.556714,0.438259,-1.001745,0.457708,0.095533,-0.552011,0.555019,0.448848,-1.001134,0.427658,0.082023,-0.534004
53,0.535777,0.456881,-1.005941,0.46025,0.098748,-0.566497,0.546619,0.451832,-0.994659,0.454951,0.101897,-0.563726,0.547261,0.464311,-0.995483,0.454788,0.088674,-0.552072,0.54531,0.456021,-1.002689,0.448131,0.109747,-0.544156
54,0.524276,0.479683,-0.994665,0.43262,0.129715,-0.566747,0.531392,0.482238,-0.99687,0.453676,0.118372,-0.561044,0.525543,0.479408,-0.997375,0.444706,0.112786,-0.570493,0.515225,0.471345,-0.998845,0.445232,0.10873,-0.558083
55,0.510655,0.492626,-1.006942,0.445583,0.117344,-0.560492,0.508315,0.483621,-1.00739,0.45513,0.108433,-0.554503,0.504378,0.491929,-1.004131,0.444731,0.121897,-0.571341,0.504625,0.479666,-0.999553,0.449201,0.116667,-0.56327
56,0.491338,0.497569,-0.996348,0.441368,0.149694,-0.580987,0.495668,0.505795,-0.9963,0.438331,0.143705,-0.56468,0.494072,0.506642,-0.995201,0.427385,0.143072,-0.575357,0.489173,0.51359,-1.004176,0.445805,0.125823,-0.562163
57,0.469486,0.531869,-0.996053,0.419659,0.147531,-0.562265,0.478845,0.520177,-1.001671,0.434084,0.142989,-0.572107,0.481674,0.528584,-1.006626,0.427008,0.165228,-0.562692,0.481661,0.534896,-0.996661,0.419606,0.162059,-0.57887
58,0.455647,0.53489,-0.997965,0.410834,0.174859,-0.589659,0.45594,0.551745,-1.004226,0.419835,0.157847,-0.592391,0.463369,0.53291,-0.996311,0.422909,0.133869,-0.569998,0.463635,0.536009,-1.000948,0.415581,0.168614,-0.574326
59,0.44789,0.552474,-0.994216,0.402258,0.15812,-0.581988,0.443394,0.551992,-0.994543,0.39897,0.155863,-0.574802,0.436072,0.553049,-1.0046,0.411198,0.166043,-0.579845,0.444386,0.553912,-1.001024,0.408946,0.172391,-0.59503
60,0.431453,0.565098,-0.989331,0.402165,0.176334,-0.577624,0.430668,0.575252,-0.994443,0.412531,0.186448,-0.582158,0.418326,0.572604,-0.993493,0.409587,0.170428,-0.57928,0.427351,0.575527,-0.994611,0.417892,0.189943,-0.58008
61,0.404706,0.585865,-0.991342,0.382511,0.199552,-0.58762,0.406926,0.570067,-0.998671,0.411393,0.181111,-0.591617,0.396742,0.595938,-1.005283,0.385763,0.184797,-0.581343,0.408919,0.578318,-0.994082,0.396334,0.177792,-0.569653
62,0.39704,0.602641,-0.997061,0.385309,0.191648,-0.580117,0.390169,0.594752,-0.993841,0.38241,0.204405,-0.579231,0.401735,0.604242,-0.991685,0.396752,0.194141,-0.57992,0.382342,0.60945,-0.992296,0.375329,0.194522,-0.585796
63,0.373101,0.615908,-0.994036,0.37472,0.210161,-0.5916,0.370188,0.613735,-0.985216,0.379132,0.213199,-0.595222,0.366631,0.617187,-0.990682,0.36883,0.213091,-0.58674,0.373497,0.613257,-0.989387,0.379792,0.213606,-0.574412
64,0.355845,0.636049,-0.992784,0.350183,0.214427,-0.571296,0.355937,0.627064,-0.981127,0.377585,0.216467,-0.588769,0.355482,0.6375,-0.989886,0.36097,0.206841,-0.599397,0.354931,0.632081,-0.997967,0.357164,0.22965,-0.598356
65,0.34222,0.644446,-0.984205,0.354579,0.250615,-0.584052,0.340373,0.643422,-0.980757,0.350307,0.235148,-0.58513,0.331187,0.644967,-0.984053,0.350176,0.24374,-0.591262,0.337459,0.652915,-0.991241,0.369308,0.227478,-0.588448
66,0.3221,0.659731,-0.98058,0.329276,0.231522,-0.57419,0.322597,0.656901,-0.97981,0.341563,0.246952,-0.578399,0.319939,0.661875,-0.978697,0.336771,0.257991,-0.593844,0.318092,0.658398,-0.981284,0.358225,0.238119,-0.576623
67,0.295237,0.682135,-0.975735,0.340709,0.246696,-0.578073,0.302177,0.666765,-0.973577,0.324859,0.264835,-0.580996,0.30947,0.673574,-0.971426,0.346235,0.229359,-0.58441,0.303947,0.67831,-0.973677,0.350823,0.256093,-0.596428
68,0.289063,0.70137,-0.96061,0.324445,0.259603,-0.581321,0.287859,0.68694,-0.97531,0.323769,0.261178,-0.591379,0.290818,0.692843,-0.977351,0.327748,0.251234,-0.579869,0.28227,0.687757,-0.975876,0.321878,0.260919,-0.592896
69,0.265985,0.701644,-0.969926,0.321821,0.267553,-0.593817,0.256146,0.692044,-0.970203,0.312254,0.271754,-0.588101,0.268917,0.705156,-0.971361,0.311766,0.280087,-0.595289,0.265243,0.70659,-0.970407,0.318434,0.278007,-0.593256
70,0.264082,0.711371,-0.953796,0.313543,0.306173,-0.602299,0.256504,0.708133,-0.974483,0.306459,0.287081,-0.593603,0.251543,0.713349,-0.965692,0.311967,0.28499,-0.593947,0.25056,0.7183,-0.965418,0.315618,0.280254,-0.604138
71,0.237342,0.726406,-0.958842,0.317404,0.300398,-0.594798,0.230178,0.726616,-0.959847,0.308536,0.288285,-0.598555,0.233303,0.729982,-0.948611,0.315978,0.284038,-0.586439,0.23051,0.724981,-0.968899,0.31113,0.30596,-0.596361
72,0.214583,0.740623,-0.963063,0.277681,0.285754,-0.588849,0.212847,0.737831,-0.950298,0.287777,0.320616,-0.589225,0.216463,0.737334,-0.950803,0.299821,0.299575,-0.57857,0.195627,0.741231,-0.944417,0.269995,0.304938,-0.598064
73,0.192356,0.750523,-0.949754,0.289889,0.304729,-0.584535,0.191711,0.748737,-0.941763,0.284882,0.318768,-0.579992,0.197135,0.751206,-0.946872,0.285371,0.290311,-0.577511,0.199789,0.752573,-0.943043,0.287599,0.329738,-0.592661
74,0.160366,0.767443,-0.944521,0.275663,0.285958,-0.588176,0.177057,0.762044,-0.940549,0.28862,0.339346,-0.590245,0.173891,0.766359,-0.940905,0.258143,0.324592,-0.583159,0.175671,0.767074,-0.928626,0.278072,0.310924,-0.601443
75,0.151191,0.774203,-0.934186,0.264617,0.319682,-0.586609,0.15266,0.776256,-0.944999,0.260922,0.316423,-0.585182,0.158328,0.78181,-0.936254,0.248445,0.339162,-0.591812,0.156888,0.773681,-0.927499,0.265895,0.321421,-0.602093
76,0.137414,0.788847,-0.926281,0.249144,0.334982,-0.596182,0.140318,0.793471,-0.925789,0.227672,0.316578,-0.597152,0.142938,0.779271,-0.923169,0.253807,0.346067,-0.595786,0.13478,0.794254,-0.927713,0.261732,0.338281,-0.591923
77,0.117097,0.806029,-0.926229,0.250489,0.344569,-0.591118,0.115388,0.793589,-0.925331,0.229873,0.35713,-0.588755,0.125194,0.806127,-0.909059,0.252706,0.348129,-0.59739,0.115847,0.802828,-0.92259,0.248873,0.348778,-0.58304
78,0.095325,0.799348,-0.911292,0.224935,0.364923,-0.582498,0.102642,0.803754,-0.913769,0.210118,0.36003,-0.589839,0.102942,0.799889,-0.925922,0.237607,0.369288,-0.576508,0.097449,0.808008,-0.908932,0.233713,0.348101,-0.595702
79,0.081866,0.820983,-0.897589,0.21454,0.368783,-0.604456,0.072802,0.824491,-0.911563,0.216984,0.361802,-0.602517,0.086015,0.821777,-0.90199,0.22634,0.372523,-0.585486,0.073718,0.818542,-0.915465,0.209031,0.378357,-0.582065
80,0.060338,0.839097,-0.902795,0.202256,0.368307,-0.585559,0.058133,0.836828,-0.896123,0.199835,0.370688,-0.591744,0.062368,0.830685,-0.89506,0.217513,0.380762,-0.56922,0.053326,0.830311,-0.89641,0.214038,0.377864,-0.59982
81,0.038621,0.839175,-0.892362,0.198542,0.398354,-0.581768,0.048467,0.852598,-0.888118,0.2002,0.370197,-0.580956,0.045415,0.834973,-0.894981,0.194823,0.385323,-0.587699,0.039565,0.842198,-0.883696,0.201174,0.360304,-0.576141
82,0.016472,0.854128,-0.874323,0.190473,0.370757,-0.596878,0.025037,0.853826,-0.887071,0.173121,0.39931,-0.584988,0.033158,0.858201,-0.885612,0.189725,0.401415,-0.582831,0.032033,0.849279,-0.885968,0.196197,0.400674,-0.556768
83,0.00679,0.867165,-0.860093,0.167888,0.394462,-0.591009,0.011396,0.855439,-0.867061,0.167103,0.387567,-0.583725,0.007872,0.861918,-0.865637,0.196119,0.391019,-0.593477,0.016169,0.862099,-0.872032,0.163982,0.405174,-0.573212
84,-0.016474,0.867817,-0.86189,0.155606,0.411246,-0.556273,-0.015207,0.877202,-0.859357,0.173617,0.41053,-0.563139,-0.021553,0.871216,-0.858525,0.171945,0.410513,-0.568996,-0.019738,0.869727,-0.849942,0.149794,0.431387,-0.562156
85,-0.037258,0.882269,-0.852637,0.163669,0.416394,-0.590622,-0.03214,0.888786,-0.84978,0.146293,0.429658,-0.587299,-0.035123,0.884496,-0.848642,0.157554,0.415141,-0.568965,-0.028862,0.881014,-0.853889,0.158028,0.417901,-0.584545
86,-0.051528,0.892635,-0.845126,0.139862,0.418501,-0.566429,-0.060802,0.884291,-0.83864,0.154457,0.415796,-0.571267,-0.0523,0.890777,-0.829949,0.12721,0.426352,-0.575479,-0.048197,0.89393,-0.845896,0.142237,0.413448,-0.579038
87,-0.068133,0.896024,-0.830603,0.15218,0.434716,-0.562312,-0.069367,0.896966,-0.82682,0.140493,0.4259,-0.558381,-0.071353,0.901435,-0.825896,0.138703,0.419998,-0.568154,-0.056364,0.897883,-0.828252,0.134962,0.433344,-0.563723
88,-0.093203,0.904906,-0.808917,0.121801,0.433467,-0.554871,-0.090236,0.904261,-0.815206,0.119404,0.425029,-0.55584,-0.096151,0.897917,-0.81821,0.129217,0.441285,-0.574217,-0.084707,0.90873,-0.813388,0.118489,0.439726,-0.554122
89,-0.112668,0.912072,-0.810185,0.129823,0.438314,-0.545758,-0.113973,0.908376,-0.808653,0.110718,0.444658,-0.561896,-0.107837,0.911973,-0.811547,0.113046,0.426188,-0.566851,-0.105497,0.917106,-0.811765,0.131723,0.464329,-0.567655
90,-0.125807,0.917213,-0.797778,0.096677,0.453484,-0.550236,-0.128285,0.914187,-0.801631,0.109669,0.461852,-0.557661,-0.124894,0.923835,-0.793962,0.110196,0.461697,-0.562133,-0.128553,0.92263,-0.789684,0.101546,0.451903,-0.568757
91,-0.141351,0.927294,-0.782759,0.095213,0.452964,-0.568994,-0.148758,0.928363,-0.787315,0.088496,0.451836,-0.5548,-0.144591,0.931386,-0.78926,0.089679,0.44628,-0.543211,-0.145411,0.936224,-0.79446,0.104617,0.456462,-0.557146
92,-0.151031,0.929805,-0.764425,0.077409,0.467327,-0.554061,-0.160553,0.945041,-0.778654,0.078672,0.462522,-0.533172,-0.169184,0.936869,-0.770977,0.090267,0.461714,-0.551681,-0.156112,0.931689,-0.760862,0.089023,0.47062,-0.546482
93,-0.180572,0.938002,-0.763746,0.044725,0.462849,-0.547109,-0.182839,0.951819,-0.76656,0.070404,0.484725,-0.551362,-0.18906,0.939693,-0.764402,0.079494,0.463734,-0.545752,-0.18565,0.938109,-0.764803,0.081144,0.472227,-0.527596
94,-0.195903,0.954302,-0.757585,0.049275,0.480137,-0.53988,-0.1902,0.951425,-0.750109,0.041423,0.485022,-0.565699,-0.202991,0.946551,-0.753022,0.060872,0.480625,-0.523271,-0.195425,0.953707,-0.746993,0.060063,0.472077,-0.55131
95,-0.21404,0.955672,-0.734039,0.058273,0.483019,-0.547078,-0.214448,0.954492,-0.731042,0.044996,0.490859,-0.528725,-0.230346,0.95678,-0.738176,0.033824,0.484262,-0.540925,-0.222873,0.951347,-0.733815,0.030395,0.506821,-0.553736
96,-0.232508,0.957421,-0.72194,0.052067,0.493184,-0.528225,-0.237956,0.960297,-0.717168,0.023419,0.492467,-0.527346,-0.225905,0.960363,-0.715696,0.027546,0.485639,-0.519323,-0.237793,0.97127,-0.717562,0.048206,0.490256,-0.52671
97,-0.248596,0.966902,-0.705444,0.045089,0.492203,-0.528012,-0.246515,0.962376,-0.71083,0.023703,0.509237,-0.546211,-0.264207,0.96332,-0.713201,0.031341,0.486388,-0.513129,-0.255149,0.967957,-0.705553,0.026888,0.508272,-0.518268
98,-0.274625,0.963891,-0.694834,0.028539,0.508795,-0.537579,-0.276156,0.970742,-0.699427,-0.003586,0.5044,-0.513387,-0.270095,0.976747,-0.696483,0.020683,0.511718,-0.514214,-0.269929,0.962149,-0.69565,0.013016,0.509353,-0.534813
99,-0.295707,0.967175,-0.688011,0.012739,0.540171,-0.533046,-0.294445,0.979834,-0.692951,0.005221,0.510166,-0.507105,-0.291494,0.98584,-0.688025,-0.009614,0.524568,-0.506103,-0.286414,0.969567,-0.687725,0.011572,0.493988,-0.521964
100,-0.312338,0.986912,-0.672019,-0.014298,0.499979,-0.519756,-0.307564,0.985915,-0.660953,-0.012304,0.53439,-0.520266,-0.30893,0.990291,-0.664397,-0.011797,0.505525,-0.489734,-0.311947,0.974967,-0.670096,-0.008267,0.503748,-0.502162
101,-0.318051,0.975374,-0.656622,-0.01994,0.521012,-0.513018,-0.3226,0.987085,-0.659562,-0.017416,0.528901,-0.492926,-0.328421,0.986129,-0.652832,8.2e-05,0.512825,-0.503375,-0.329954,0.981248,-0.652752,-0.010821,0.54214,-0.497959
102,-0.336219,0.989515,-0.645046,-0.031007,0.526426,-0.477755,-0.349782,0.9844,-0.636217,-0.046992,0.536481,-0.498433,-0.343994,0.983612,-0.644865,-0.031062,0.532543,-0.493946,-0.344148,0.978628,-0.631354,-0.030682,0.533789,-0.49173
103,-0.35922,0.995552,-0.630666,-0.049369,0.543121,-0.482284,-0.371333,0.986954,-0.618929,-0.038389,0.529266,-0.498315,-0.362596,0.986785,-0.627467,-0.044752,0.530507,-0.49158,-0.366713,0.983417,-0.619655,-0.037635,0.531161,-0.486454
104,-0.376899,0.990249,-0.609337,-0.052105,0.546435,-0.486551,-0.383711,0.991181,-0.61259,-0.061486,0.504022,-0.497116,-0.377087,0.984294,-0.60916,-0.045604,0.540258,-0.470991,-0.37213,0.990739,-0.613737,-0.047468,0.517638,-0.486899
105,-0.393769,0.996015,-0.59913,-0.06949,0.538235,-0.484542,-0.384383,0.991158,-0.597433,-0.060276,0.559159,-0.499841,-0.40589,0.990019,-0.59403,-0.070826,0.552159,-0.468506,-0.402814,0.986904,-0.596781,-0.065206,0.543189,-0.477154
106,-0.410634,1.002139,-0.581241,-0.076789,0.542044,-0.447368,-0.410425,0.993967,-0.583259,-0.077896,0.542031,-0.464152,-0.411767,0.990346,-0.593894,-0.062964,0.531044,-0.457448,-0.409229,0.988238,-0.581427,-0.078097,0.555492,-0.467147
107,-0.432272,0.990894,-0.568772,-0.094016,0.55395,-0.456413,-0.42335,0.990895,-0.558762,-0.108157,0.548386,-0.472587,-0.43321,0.991842,-0.56815,-0.096207,0.542526,-0.46252,-0.424688,0.998536,-0.558181,-0.101469,0.560011,-0.473051
108,-0.447786,0.994239,-0.556035,-0.093503,0.548577,-0.456312,-0.452304,0.995486,-0.5542,-0.114356,0.573622,-0.460847,-0.454277,0.998096,-0.55149,-0.098744,0.55142,-0.463819,-0.452776,0.997558,-0.54993,-0.07282,0.54359,-0.430996
109,-0.464602,0.997942,-0.527884,-0.113187,0.563052,-0.461144,-0.454081,0.999659,-0.536321,-0.091791,0.556424,-0.433235,-0.465502,1.007541,-0.538688,-0.100482,0.553946,-0.454762,-0.463495,0.995007,-0.542476,-0.114868,0.560303,-0.440336
110,-0.493683,0.993579,-0.51836,-0.107554,0.565536,-0.438762,-0.483767,1.006934,-0.513562,-0.111163,0.566489,-0.447646,-0.484567,1.000983,-0.515831,-0.116693,0.565833,-0.428262,-0.478599,0.997258,-0.518867,-0.099647,0.574484,-0.436511
111,-0.506364,1.007498,-0.500847,-0.130757,0.580192,-0.446096,-0.508906,1.000439,-0.497298,-0.132597,0.564122,-0.438076,-0.501206,0.98915,-0.506461,-0.126837,0.550957,-0.456897,-0.495272,1.007828,-0.503668,-0.137497,0.565313,-0.443139
112,-0.511361,0.995213,-0.480443,-0.146343,0.577863,-0.432192,-0.516421,1.006172,-0.484317,-0.134977,0.585044,-0.446191,-0.522932,0.995298,-0.475729,-0.132398,0.578796,-0.436315,-0.514358,0.998518,-0.481509,-0.147466,0.558728,-0.423167
113,-0.529573,1.003616,-0.461183,-0.165039,0.574104,-0.420624,-0.537198,0.99507,-0.47011,-0.16309,0.579037,-0.41082,-0.535502,1.003908,-0.471292,-0.160245,0.573447,-0.430555,-0.537643,1.002814,-0.476081,-0.157996,0.57795,-0.429439
114,-0.551856,0.995608,-0.453081,-0.170954,0.56411,-0.403916,-0.541626,1.000727,-0.449874,-0.164179,0.588852,-0.391809,-0.550823,0.99118,-0.448562,-0.159547,0.5885,-0.421129,-0.543672,0.999143,-0.45479,-0.171929,0.571757,-0.407825
115,-0.562573,1.001717,-0.438608,-0.165814,0.561051,-0.396567,-0.555989,0.993334,-0.428362,-0.179482,0.604643,-0.399967,-0.56838,1.001554,-0.437646,-0.184162,0.59145,-0.405087,-0.556553,0.994192,-0.43362,-0.184629,0.573888,-0.406084
116,-0.577779,0.995252,-0.416865,-0.17833,0.588497,-0.390719,-0.58191,0.996624,-0.418235,-0.163353,0.584732,-0.402252,-0.581988,1.00804,-0.415209,-0.180623,0.569278,-0.395294,-0.573958,0.991212,-0.417405,-0.188354,0.590184,-0.38852
117,-0.592039,0.99014,-0.403566,-0.212127,0.577161,-0.383365,-0.600628,0.990632,-0.403529,-0.178178,0.585367,-0.396148,-0.603309,0.992109,-0.406145,-0.183112,0.563887,-0.384197,-0.593055,0.988888,-0.404627,-0.192232,0.583267,-0.399296
118,-0.59881,0.988944,-0.387912,-0.210148,0.579261,-0.386354,-0.605874,0.995262,-0.370406,-0.22395,0.568334,-0.381075,-0.602216,0.991169,-0.392062,-0.199055,0.601409,-0.390556,-0.60579,0.985928,-0.389301,-0.202567,0.571336,-0.38982
119,-0.622997,0.996899,-0.366173,-0.214714,0.595117,-0.377522,-0.627803,0.993369,-0.364964,-0.21907,0.595021,-0.382615,-0.627098,0.985961,-0.363329,-0.225062,0.593821,-0.364622,-0.633319,0.987903,-0.361747,-0.218423,0.582834,-0.382589
120,-0.63623,0.983552,-0.346167,-0.240384,0.594314,-0.369616,-0.64424,0.98685,-0.346968,-0.22138,0.599802,-0.373932,-0.640066,0.979069,-0.348666,-0.219731,0.586913,-0.342681,-0.633106,0.98428,-0.348508,-0.223997,0.572607,-0.341074
121,-0.662119,0.986286,-0.326825,-0.244246,0.581769,-0.343637,-0.653763,0.973647,-0.32355,-0.228416,0.598256,-0.348566,-0.646503,0.983092,-0.330263,-0.238649,0.603532,-0.351808,-0.654496,0.984315,-0.327584,-0.237078,0.585492,-0.344451
122,-0.671534,0.983826,-0.317447,-0.227656,0.57686,-0.328944,-0.6641,0.981955,-0.31574,-0.253789,0.587796,-0.345947,-0.658989,0.9731,-0.29786,-0.261927,0.577318,-0.360914,-0.673603,0.969381,-0.304766,-0.224147,0.581391,-0.353453
123,-0.675043,0.980762,-0.297219,-0.262181,0.583629,-0.347724,-0.67781,0.974288,-0.290701,-0.280765,0.591996,-0.324184,-0.685085,0.975784,-0.296713,-0.257466,0.593459,-0.321549,-0.679072,0.972701,-0.29408,-0.244828,0.594974,-0.346316
124,-0.693809,0.967549,-0.291257,-0.26617,0.589412,-0.316258,-0.694513,0.97149,-0.270125,-0.261222,0.598979,-0.33181,-0.693781,0.974107,-0.272411,-0.271312,0.594355,-0.318579,-0.692107,0.982435,-0.286518,-0.247539,0.594274,-0.329105
125,-0.703079,0.96958,-0.263013,-0.268062,0.588537,-0.302441,-0.700477,0.958779,-0.260982,-0.258387,0.587969,-0.313368,-0.710274,0.961753,-0.264581,-0.273117,0.587598,-0.321993,-0.70714,0.958987,-0.270865,-0.285409,0.592787,-0.311865
126,-0.719479,0.953924,-0.228725,-0.286809,0.591204,-0.292973,-0.720789,0.96558,-0.235359,-0.27825,0.587932,-0.308662,-0.719167,0.961617,-0.240462,-0.275821,0.593252,-0.303681,-0.718337,0.962279,-0.241947,-0.2676,0.599323,-0.310948
127,-0.735155,0.949708,-0.224801,-0.28388,0.588063,-0.291855,-0.729574,0.95774,-0.227097,-0.322457,0.588072,-0.311715,-0.735795,0.962768,-0.222544,-0.292034,0.595423,-0.286455,-0.732882,0.959625,-0.223225,-0.293913,0.599097,-0.293463
128,-0.742171,0.95275,-0.208071,-0.303498,0.590177,-0.276171,-0.741267,0.958427,-0.204567,-0.30769,0.598492,-0.274816,-0.753065,0.952303,-0.203157,-0.294811,0.595437,-0.285779,-0.744867,0.950933,-0.200178,-0.311067,0.594097,-0.289145
129,-0.760243,0.933995,-0.179118,-0.315415,0.584596,-0.281136,-0.757887,0.940312,-0.182742,-0.294948,0.58463,-0.259773,-0.753732,0.939653,-0.184339,-0.309446,0.581937,-0.275994,-0.75427,0.943623,-0.182802,-0.309945,0.592554,-0.271781
130,-0.77951,0.935376,-0.17008,-0.325729,0.587981,-0.273211,-0.768225,0.94232,-0.16422,-0.342464,0.586595,-0.256488,-0.761231,0.93949,-0.166918,-0.321407,0.591146,-0.266687,-0.782109,0.943718,-0.169866,-0.327015,0.602753,-0.272035
131,-0.780061,0.934948,-0.154856,-0.332641,0.598522,-0.242519,-0.781539,0.930932,-0.141355,-0.322581,0.604486,-0.255854,-0.777359,0.93629,-0.138381,-0.334318,0.603655,-0.26228,-0.788914,0.935796,-0.146426,-0.323618,0.575976,-0.274776
132,-0.789769,0.930232,-0.130956,-0.348228,0.573766,-0.247233,-0.795548,0.920353,-0.128141,-0.346204,0.597247,-0.232277,-0.793352,0.91727,-0.131706,-0.357212,0.566689,-0.238208,-0.794813,0.930848,-0.12621,-0.34499,0.594219,-0.2573
133,-0.802485,0.912887,-0.108697,-0.354217,0.581122,-0.229723,-0.809486,0.91704,-0.119288,-0.350526,0.596208,-0.2324,-0.810391,0.909532,-0.107242,-0.359626,0.60696,-0.236922,-0.802303,0.919392,-0.116111,-0.344655,0.583966,-0.238886
134,-0.81566,0.908825,-0.093065,-0.383925,0.580407,-0.232886,-0.815102,0.911661,-0.085273,-0.356328,0.59199,-0.222787,-0.810065,0.910067,-0.081565,-0.351629,0.582655,-0.232363,-0.820358,0.910081,-0.076477,-0.353022,0.598671,-0.230837
135,-0.836187,0.898057,-0.069251,-0.37806,0.579276,-0.215557,-0.826149,0.896042,-0.081506,-0.366737,0.578598,-0.215417,-0.821838,0.900926,-0.066991,-0.366868,0.598385,-0.213737,-0.831053,0.894474,-0.077073,-0.355842,0.588359,-0.215076
136,-0.833873,0.890373,-0.049896,-0.384069,0.584731,-0.209914,-0.837477,0.886103,-0.054577,-0.36574,0.603575,-0.215452,-0.846675,0.902158,-0.05642,-0.369419,0.566718,-0.197305,-0.842342,0.88823,-0.063236,-0.378462,0.598655,-0.220699
137,-0.839751,0.88747,-0.036196,-0.404964,0.559029,-0.185252,-0.844201,0.889218,-0.034632,-0.369272,0.58791,-0.172119,-0.84994,0.876097,-0.032511,-0.395591,0.554997,-0.200149,-0.850057,0.898746,-0.035589,-0.385839,0.571501,-0.195398
138,-0.851359,0.867318,-0.020893,-0.416016,0.584327,-0.180372,-0.852563,0.874914,-0.012642,-0.40462,0.589025,-0.203389,-0.859623,0.872891,-0.020571,-0.399509,0.58501,-0.178264,-0.864328,0.872345,-0.018631,-0.383151,0.589603,-0.163662
139,-0.865095,0.873011,-0.002187,-0.414149,0.582109,-0.157447,-0.864245,0.875533,-0.005396,-0.397579,0.595785,-0.171581,-0.867096,0.871044,0.003099,-0.380743,0.584294,-0.17689,-0.86402,0.863653,0.003089,-0.415208,0.574143,-0.181417
140,-0.885888,0.860097,0.0225,-0.418064,0.564276,-0.169779,-0.868301,0.862685,0.030706,-0.411342,0.592704,-0.173912,-0.869175,0.845255,0.013878,-0.410243,0.573242,-0.184753,-0.874965,0.858975,0.018414,-0.406738,0.579756,-0.156592
141,-0.887789,0.847757,0.04914,-0.44192,0.566176,-0.155092,-0.880507,0.843879,0.038361,-0.419782,0.558202,-0.148658,-0.881723,0.838824,0.048114,-0.433503,0.567476,-0.160886,-0.883232,0.842595,0.037073,-0.409438,0.588401,-0.148123
142,-0.888911,0.842481,0.063272,-0.43111,0.573703,-0.157578,-0.889543,0.841257,0.063671,-0.428171,0.584345,-0.12695,-0.89832,0.834123,0.058233,-0.434853,0.554071,-0.13779,-0.896589,0.835031,0.061184,-0.437935,0.570977,-0.147574
143,-0.896896,0.819583,0.075394,-0.448529,0.571997,-0.14334,-0.905232,0.826696,0.091741,-0.43541,0.582069,-0.107128,-0.90346,0.819674,0.081999,-0.423301,0.564805,-0.134467,-0.901769,0.816004,0.084475,-0.445361,0.567452,-0.125677
144,-0.908022,0.817467,0.093539,-0.436228,0.54825,-0.135391,-0.911744,0.818744,0.098011,-0.431308,0.549991,-0.125012,-0.909801,0.814964,0.095378,-0.44782,0.554577,-0.131544,-0.914193,0.815465,0.096106,-0.445525,0.565858,-0.110777
145,-0.916909,0.806216,0.108616,-0.467009,0.578629,-0.113729,-0.900336,0.803523,0.119408,-0.469304,0.578658,-0.10425,-0.911701,0.806987,0.113028,-0.461669,0.568148,-0.11342,-0.910515,0.804966,0.116601,-0.436809,0.557723,-0.110407
146,-0.919107,0.787477,0.130043,-0.464432,0.566649,-0.097891,-0.925049,0.800891,0.13311,-0.469299,0.552847,-0.097418,-0.921076,0.783514,0.127849,-0.440317,0.555266,-0.096117,-0.931494,0.789511,0.13421,-0.454152,0.548585,-0.087277
147,-0.927346,0.790581,0.152273,-0.464274,0.555833,-0.102007,-0.932437,0.775904,0.152582,-0.463262,0.562722,-0.086893,-0.938081,0.778699,0.153893,-0.467914,0.57972,-0.079038,-0.931666,0.783734,0.150086,-0.48795,0.548057,-0.089373
148,-0.939021,0.764795,0.167217,-0.453244,0.530504,-0.07859,-0.936084,0.761141,0.170144,-0.463741,0.530195,-0.089298,-0.934495,0.777578,0.174963,-0.461546,0.537079,-0.078757,-0.935049,0.766316,0.167247,-0.471694,0.550506,-0.093431
149,-0.943154,0.74808,0.191627,-0.481853,0.538505,-0.075752,-0.945275,0.753884,0.19798,-0.481222,0.545629,-0.076764,-0.94174,0.755197,0.193463,-0.463287,0.550991,-0.063543,-0.939395,0.757952,0.193361,-0.465228,0.552555,-0.046251
150,-0.947815,0.743743,0.216002,-0.490455,0.550576,-0.056958,-0.950095,0.752404,0.208287,-0.485815,0.540308,-0.050621,-0.953211,0.745862,0.208286,-0.484456,0.543339,-0.049794,-0.959317,0.755723,0.206571,-0.462613,0.540706,-0.051364
151,-0.963323,0.725247,0.236786,-0.491785,0.539698,-0.041751,-0.954052,0.729515,0.224099,-0.47499,0.528296,-0.035158,-0.9484,0.72616,0.221695,-0.500215,0.53652,-0.028288,-0.958928,0.735474,0.22511,-0.473714,0.538563,-0.045409
152,-0.973907,0.715268,0.247681,-0.498142,0.533316,-0.042472,-0.963635,0.722062,0.243005,-0.497801,0.525639,-0.028308,-0.960241,0.721718,0.251402,-0.511934,0.520756,-0.036975,-0.957608,0.716877,0.239205,-0.507764,0.536431,-0.038128
153,-0.963584,0.697573,0.256633,-0.502461,0.520737,-0.034473,-0.9748,0.694749,0.2768,-0.498789,0.514217,-0.014122,-0.969904,0.707462,0.264569,-0.493619,0.533595,-0.026454,-0.961548,0.709623,0.266008,-0.490645,0.515381,-0.016166
154,-0.969381,0.690968,0.275094,-0.508983,0.528768,0.009789,-0.964738,0.686679,0.286195,-0.513563,0.533825,-0.002073,-0.98704,0.692033,0.281116,-0.50517,0.497654,-0.003756,-0.969427,0.686034,0.286782,-0.481628,0.517654,0.001464
155,-0.972364,0.68945,0.303803,-0.509041,0.500964,0.011893,-0.972502,0.67732,0.300254,-0.519247,0.53364,0.007397,-0.975365,0.684166,0.304225,-0.519287,0.51118,0.010591,-0.97871,0.672238,0.29953,-0.505489,0.531753,0.021579
156,-0.979798,0.672412,0.316962,-0.516542,0.49528,0.016964,-0.982956,0.666534,0.322205,-0.550121,0.517324,-0.004109,-0.978981,0.660125,0.3204,-0.516401,0.510641,0.019128,-0.993635,0.658711,0.317547,-0.523233,0.519388,0.013068
157,-0.978919,0.644638,0.336644,-0.542715,0.521777,0.031477,-0.985815,0.653053,0.334031,-0.511247,0.500209,0.008357,-0.978986,0.648033,0.338184,-0.534524,0.510149,0.033168,-0.978125,0.650853,0.335291,-0.516376,0.506709,0.022985
158,-0.989388,0.624922,0.346396,-0.530596,0.496185,0.031499,-0.985848,0.632649,0.345502,-0.538649,0.500966,0.045014,-0.990324,0.637895,0.346673,-0.528326,0.507964,0.02811,-0.99319,0.637846,0.344332,-0.54423,0.518429,0.035444
159,-0.994651,0.626986,0.379051,-0.53872,0.50126,0.05907,-0.993832,0.625657,0.362388,-0.535606,0.493033,0.044103,-0.992137,0.623478,0.378097,-0.5414,0.48632,0.042572,-0.993669,0.626322,0.362542,-0.537774,0.486135,0.035747
160,-0.991894,0.605185,0.388919,-0.511553,0.480037,0.037772,-0.991017,0.616489,0.389859,-0.521607,0.486816,0.062422,-0.992615,0.608091,0.391829,-0.542199,0.481262,0.051402,-1.009462,0.599241,0.38853,-0.542167,0.496486,0.061109
161,-0.995735,0.586282,0.395112,-0.547519,0.484267,0.053213,-0.996129,0.590198,0.398866,-0.536326,0.451661,0.091393,-0.992072,0.590866,0.40717,-0.525219,0.494495,0.079539,-0.987234,0.589499,0.399676,-0.563909,0.478248,0.068614
162,-1.005707,0.575087,0.424061,-0.536809,0.466479,0.083923,-0.98252,0.574778,0.41988,-0.542642,0.459688,0.086912,-0.999174,0.567976,0.418259,-0.546209,0.47503,0.096637,-1.003809,0.581907,0.426269,-0.535365,0.464452,0.082129
163,-0.993372,0.551917,0.443651,-0.546402,0.460329,0.091201,-0.990879,0.561538,0.439231,-0.569441,0.45354,0.100252,-1.007292,0.556796,0.435131,-0.522382,0.471578,0.086369,-0.997124,0.555155,0.435672,-0.559001,0.452896,0.091448
164,-0.993712,0.542096,0.454923,-0.547638,0.434626,0.10331,-0.989568,0.538633,0.454953,-0.562629,0.455684,0.096833,-1.004982,0.53554,0.450637,-0.565001,0.450547,0.114323,-0.990348,0.551021,0.45238,-0.541416,0.44082,0.096592
165,-1.00019,0.524741,0.466696,-0.531804,0.45515,0.100469,-0.994719,0.525388,0.475677,-0.565728,0.445779,0.112757,-0.993173,0.532486,0.472094,-0.560588,0.436525,0.12801,-0.995906,0.519965,0.472962,-0.558106,0.446905,0.098156
166,-0.99548,0.506003,0.48827,-0.565942,0.45032,0.11929,-0.995301,0.51908,0.485344,-0.55602,0.448937,0.118814,-1.004506,0.505252,0.491753,-0.580646,0.426657,0.131333,-0.998553,0.510668,0.487697,-0.552738,0.429725,0.134512
167,-0.42585,0.215706,0.575308,-1.667357,1.262609,0.135111,-0.192101,0.097717,0.605946,-2.086818,1.579147,0.141109,-0.422416,0.214867,0.572358,-1.665982,1.272172,0.124483,-0.547611,0.264695,0.559417,-1.420708,1.087473,0.129314
168,-0.428534,0.201239,0.580965,-1.669593,1.243707,0.154072,-0.192849,0.090802,0.617839,-2.102649,1.585633,0.149526,-0.417567,0.208781,0.590662,-1.664871,1.230755,0.154455,-0.553166,0.268807,0.577416,-1.429555,1.056566,0.145206
169,-0.420557,0.190422,0.60635,-1.681549,1.220793,0.144711,-0.186253,0.085682,0.636798,-2.117429,1.523125,0.170334,-0.418759,0.190724,0.603507,-1.682889,1.23235,0.162329,-0.555499,0.25111,0.590191,-1.447029,1.037878,0.145722
170,-0.421573,0.181976,0.614442,-1.687101,1.188863,0.180552,-0.19577,0.08558,0.646289,-2.133957,1.517337,0.163368,-0.419941,0.190304,0.617142,-1.67101,1.177477,0.148778,-0.547137,0.249049,0.607612,-1.448249,1.008904,0.166903
171,-0.418395,0.188172,0.641588,-1.703895,1.182587,0.170098,-0.189562,0.085069,0.668058,-2.13533,1.477785,0.193322,-0.4288,0.185849,0.636589,-1.695402,1.182147,0.180694,-0.557382,0.23284,0.617719,-1.444026,0.999123,0.182481
172,-0.424382,0.17791,0.659168,-1.708569,1.14787,0.192336,-0.18435,0.07812,0.682705,-2.143153,1.433463,0.220608,-0.423615,0.167471,0.667715,-1.70087,1.153225,0.196513,-0.55145,0.221002,0.636016,-1.457152,0.993619,0.201026
173,-0.424574,0.156858,0.681438,-1.707935,1.133746,0.203845,-0.183142,0.075756,0.711503,-2.161374,1.431516,0.201628,-0.421855,0.172678,0.672503,-1.713781,1.127261,0.201405,-0.53794,0.222581,0.655227,-1.440807,0.937479,0.187312
174,-0.413722,0.158585,0.701985,-1.711751,1.105023,0.197129,-0.191583,0.062965,0.726361,-2.157746,1.393655,0.201236,-0.40923,0.160662,0.696371,-1.716257,1.098011,0.227262,-0.546024,0.213622,0.675431,-1.455588,0.948718,0.213078
175,-0.407884,0.149721,0.712963,-1.717179,1.089299,0.230096,-0.185589,0.067709,0.737935,-2.17782,1.356139,0.214035,-0.414395,0.151525,0.70994,-1.708032,1.07094,0.231808,-0.547854,0.194777,0.69992,-1.466636,0.911495,0.209559
176,-0.418736,0.139731,0.731748,-1.724319,1.051095,0.23378,-0.184699,0.062605,0.759687,-2.182721,1.32792,0.237025,-0.412487,0.139513,0.722789,-1.726897,1.052596,0.244459,-0.538966,0.187308,0.715671,-1.466834,0.895041,0.223856
177,-0.413685,0.125994,0.74604,-1.722781,1.015765,0.23151,-0.188879,0.061442,0.785137,-2.17519,1.274396,0.25166,-0.428402,0.142877,0.73625,-1.711437,1.028029,0.229082,-0.536081,0.176553,0.726394,-1.473894,0.868275,0.248613
178,-0.412557,0.133695,0.755268,-1.732091,0.978836,0.257001,-0.190152,0.068607,0.79645,-2.18297,1.255549,0.246044,-0.409525,0.13134,0.760956,-1.724881,0.98953,0.254787,-0.535146,0.169644,0.743797,-1.466157,0.856883,0.244881
179,-0.413619,0.119139,0.767859,-1.731044,0.954692,0.261039,-0.185724,0.054137,0.805975,-2.187689,1.223517,0.263921,-0.416603,0.113922,0.76859,-1.747829,0.964408,0.250638,-0.532064,0.163458,0.755458,-1.477025,0.830958,0.258592
180,-0.415014,0.106285,0.792709,-1.724903,0.936433,0.264538,-0.177705,0.045109,0.826992,-2.188775,1.191212,0.251415,-0.413985,0.117107,0.781524,-1.739405,0.937041,0.286876,-0.5235,0.152698,0.769131,-1.47707,0.817121,0.290952
181,-0.405414,0.102474,0.806561,-1.740195,0.906309,0.278381,-0.186953,0.045853,0.83609,-2.195215,1.152873,0.279806,-0.404834,0.104627,0.81573,-1.716442,0.914893,0.283228,-0.533895,0.131561,0.796531,-1.500162,0.789344,0.296153
182,-0.402196,0.100306,0.813023,-1.734181,0.8864,0.286548,-0.185088,0.04446,0.856797,-2.201331,1.130595,0.299215,-0.409053,0.103753,0.813281,-1.728509,0.892801,0.288261,-0.518169,0.129575,0.795933,-1.480275,0.762909,0.278889
183,-0.40342,0.086921,0.83406,-1.723925,0.844765,0.298536,-0.187775,0.034789,0.871336,-2.194119,1.064723,0.298744,-0.404147,0.08579,0.839122,-1.727424,0.857255,0.29486,-0.517213,0.120797,0.80318,-1.47576,0.739291,0.307026
184,-0.389519,0.084766,0.847182,-1.718227,0.828687,0.310296,-0.176578,0.036265,0.883959,-2.185416,1.048144,0.325628,-0.410773,0.088659,0.847576,-1.730973,0.824437,0.308183,-0.522043,0.108648,0.821575,-1.470029,0.71833,0.301107
185,-0.397882,0.067287,0.862689,-1.742419,0.801885,0.301418,-0.181361,0.050755,0.903337,-2.198394,1.016284,0.319217,-0.40613,0.072379,0.868152,-1.734045,0.791811,0.308241,-0.522685,0.096612,0.843756,-1.498864,0.680166,0.299392
186,-0.386581,0.069531,0.87301,-1.730457,0.777745,0.334296,-0.188222,0.031931,0.917101,-2.185062,0.965053,0.330626,-0.397024,0.068846,0.87743,-1.73578,0.770098,0.331106,-0.512274,0.090899,0.849476,-1.479327,0.653812,0.347035
187,-0.387385,0.063126,0.882571,-1.724016,0.74054,0.335118,-0.182353,0.021757,0.926969,-2.175743,0.937069,0.32918,-0.400995,0.054533,0.890994,-1.710373,0.72884,0.320793,-0.51182,0.078959,0.872009,-1.496869,0.624577,0.33057
188,-0.391257,0.055937,0.898404,-1.724618,0.720457,0.366437,-0.167543,0.022852,0.939025,-2.183144,0.908903,0.335521,-0.378284,0.05083,0.907209,-1.730859,0.705439,0.355271,-0.501345,0.073501,0.875638,-1.466136,0.60088,0.342515
189,-0.385297,0.043504,0.916949,-1.732681,0.692839,0.345454,-0.177834,0.011301,0.955946,-2.183016,0.865357,0.367403,-0.385372,0.0382,0.920739,-1.714577,0.690179,0.359227,-0.498782,0.063788,0.891604,-1.471676,0.56501,0.356944
190,-0.38194,0.033711,0.936748,-1.732735,0.637993,0.35662,-0.16994,0.016404,0.969046,-2.17706,0.813681,0.37851,-0.390343,0.021279,0.923075,-1.721217,0.657151,0.362927,-0.500125,0.037978,0.891359,-1.446855,0.553948,0.369964
191,-0.377514,0.027154,0.943951,-1.703684,0.62879,0.365755,-0.174368,0.011826,0.98659,-2.162825,0.775587,0.359327,-0.377176,0.023115,0.937103,-1.715447,0.615976,0.371813,-0.488221,0.036015,0.915449,-1.466082,0.524254,0.369082
192,-0.379504,0.014063,0.938388,-1.692276,0.591691,0.386793,-0.167063,0.010441,0.99616,-2.152799,0.733805,0.391599,-0.37714,0.011067,0.937892,-1.713446,0.587907,0.370107,-0.495178,0.025452,0.927633,-1.462133,0.505983,0.389353
193,-0.371133,0.012637,0.954047,-1.697378,0.565291,0.396119,-0.171012,0.014115,0.994956,-2.148043,0.703189,0.382329,-0.365654,0.017161,0.95935,-1.681035,0.567435,0.397138,-0.479915,0.02289,0.943191,-1.463165,0.468095,0.403176
194,-0.365507,0.006819,0.969228,-1.673322,0.520394,0.385583,-0.168599,-0.008558,1.023697,-2.150964,0.685128,0.406068,-0.367082,0.000421,0.977274,-1.706118,0.512454,0.377646,-0.483914,0.006186,0.955507,-1.439388,0.445839,0.403021
195,-0.366127,-0.004392,0.985072,-1.700354,0.481617,0.413642,-0.161273,0.002365,1.028045,-2.140778,0.621662,0.423812,-0.365598,-0.005979,0.973303,-1.678372,0.491969,0.399572,-0.475188,-0.002707,0.953849,-1.44636,0.411437,0.416931
196,-0.349132,-0.009446,0.99714,-1.675121,0.461631,0.400632,-0.155108,-0.014704,1.039933,-2.109458,0.590893,0.404639,-0.365929,-0.004567,0.984875,-1.682782,0.461774,0.40605,-0.466549,-0.006968,0.965672,-1.430863,0.403346,0.403997
197,-0.351827,-0.016262,1.008331,-1.664549,0.433661,0.433139,-0.160669,-0.009611,1.051762,-2.106653,0.537571,0.422555,-0.351473,-0.024703,1.000005,-1.661684,0.428232,0.421844,-0.458535,-0.026755,0.974277,-1.431303,0.371462,0.435499
198,-0.347433,-0.023124,1.017267,-1.66832,0.386316,0.438093,-0.163375,-0.023083,1.057387,-2.106365,0.495454,0.426053,-0.351803,-0.025111,1.008566,-1.658389,0.413123,0.43981,-0.462469,-0.043707,0.984389,-1.411327,0.340846,0.439605
199,-0.359956,-0.038091,1.024975,-1.648448,0.366446,0.426269,-0.15335,-0.024532,1.073561,-2.06904,0.450276,0.431615,-0.341238,-0.028464,1.021785,-1.63728,0.353828,0.434487,-0.445845,-0.047887,1.002665,-1.417579,0.319785,0.444618
200,-0.349339,-0.03838,1.030895,-1.635508,0.33537,0.449214,-0.158328,-0.022037,1.07905,-2.05633,0.426686,0.44892,-0.345658,-0.052676,1.023169,-1.663464,0.334888,0.437051,-0.448871,-0.056343,1.004896,-1.390607,0.26471,0.435445
201,-0.333914,-0.044229,1.036401,-1.644115,0.308437,0.441579,-0.152265,-0.011561,1.084775,-2.055519,0.382277,0.478475,-0.339856,-0.051659,1.032992,-1.646103,0.29915,0.4671,-0.440352,-0.066724,1.017736,-1.387267,0.266713,0.442543
202,-0.329498,-0.059197,1.046933,-1.62496,0.277131,0.456944,-0.151059,-0.025758,1.086777,-2.038151,0.328204,0.449244,-0.336016,-0.058737,1.044999,-1.621453,0.268042,0.462224,-0.428674,-0.082011,1.028646,-1.374031,0.230862,0.46776
203,-0.317477,-0.063839,1.051561,-1.602028,0.241424,0.466089,-0.146032,-0.035832,1.101873,-2.03156,0.31226,0.473605,-0.329379,-0.059155,1.058768,-1.608844,0.23032,0.453076,-0.424461,-0.086322,1.030839,-1.361356,0.197754,0.463182
204,-0.31651,-0.075991,1.067002,-1.571831,0.199521,0.474464,-0.145892,-0.040504,1.109399,-2.029029,0.277626,0.455856,-0.319957,-0.06881,1.058361,-1.598348,0.208598,0.471195,-0.416561,-0.095374,1.03284,-1.362473,0.170397,0.471491
205,-0.315227,-0.090654,1.064566,-1.58101,0.171274,0.49802,-0.140891,-0.039024,1.119332,-1.998098,0.220943,0.488355,-0.316816,-0.094451,1.071959,-1.573368,0.178097,0.478687,-0.411642,-0.112288,1.042799,-1.326747,0.145253,0.483628
206,-0.313151,-0.088588,1.077142,-1.539081,0.138505,0.471073,-0.150488,-0.035753,1.116873,-1.979033,0.170177,0.495757,-0.310354,-0.080401,1.071989,-1.589521,0.11849,0.468834,-0.405412,-0.121447,1.04443,-1.343929,0.126872,0.492053
207,-0.307216,-0.108178,1.073174,-1.528178,0.10605,0.484973,-0.142798,-0.048818,1.136792,-1.944685,0.141384,0.502534,-0.301309,-0.102549,1.08408,-1.554991,0.114489,0.496893,-0.393554,-0.130542,1.063724,-1.330433,0.098513,0.505562
208,-0.308259,-0.112673,1.087828,-1.546444,0.074202,0.488415,-0.128496,-0.041648,1.141534,-1.945027,0.094129,0.482572,-0.298894,-0.09665,1.08956,-1.541225,0.081332,0.513592,-0.395533,-0.137004,1.066388,-1.308965,0.088995,0.500466
209,-0.291595,-0.114508,1.081599,-1.53227,0.043193,0.514034,-0.12737,-0.051618,1.141694,-1.915212,0.055404,0.511677,-0.301511,-0.107696,1.092646,-1.525247,0.037831,0.509914,-0.389316,-0.151025,1.05815,-1.303164,0.040213,0.507414
210,-0.29299,-0.129912,1.098774,-1.51533,0.026383,0.516524,-0.136019,-0.05688,1.146219,-1.921299,0.024034,0.485613,-0.280018,-0.122815,1.104302,-1.511388,0.006148,0.496372,-0.37583,-0.152831,1.068131,-1.287886,0.008567,0.521318
211,-0.281132,-0.12531,1.10631,-1.494212,-0.0073,0.510094,-0.12143,-0.05645,1.156766,-1.876641,-0.040066,0.512655,-0.282526,-0.132036,1.105233,-1.479705,-0.038963,0.518767,-0.368456,-0.165556,1.080691,-1.258487,-0.028649,0.507522
212,-0.274477,-0.13507,1.103369,-1.474171,-0.053382,0.513133,-0.130569,-0.062524,1.15462,-1.838589,-0.086582,0.507738,-0.282129,-0.139481,1.114592,-1.453085,-0.053131,0.519559,-0.361873,-0.17998,1.075197,-1.2659,-0.044614,0.525685
213,-0.265274,-0.147877,1.101634,-1.456187,-0.094932,0.530065,-0.125089,-0.061391,1.150452,-1.844311,-0.119815,0.520937,-0.27133,-0.140809,1.117182,-1.455609,-0.100069,0.544722,-0.348156,-0.188757,1.0821,-1.267368,-0.060597,0.533705
214,-0.261499,-0.152313,1.123748,-1.424076,-0.135011,0.519299,-0.116916,-0.068157,1.157299,-1.831024,-0.167774,0.550883,-0.262054,-0.155713,1.116699,-1.435428,-0.11626,0.528866,-0.345727,-0.2043,1.08706,-1.217881,-0.097272,0.516257
215,-0.261188,-0.170178,1.124017,-1.400873,-0.17376,0.544572,-0.116028,-0.072629,1.167624,-1.794526,-0.203009,0.525462,-0.263227,-0.156841,1.118434,-1.408946,-0.137604,0.541317,-0.338999,-0.208259,1.086253,-1.216035,-0.116697,0.518538
216,-0.256125,-0.175009,1.125233,-1.414994,-0.182986,0.541325,-0.120701,-0.077995,1.180139,-1.771884,-0.248934,0.550333,-0.247928,-0.167761,1.11705,-1.386268,-0.170163,0.543232,-0.335687,-0.217653,1.089989,-1.19628,-0.163298,0.53096
217,-0.239833,-0.174734,1.120264,-1.381469,-0.197929,0.524854,-0.111721,-0.082626,1.175761,-1.773903,-0.273173,0.552333,-0.245485,-0.184479,1.119736,-1.382803,-0.21801,0.546322,-0.320078,-0.223496,1.089221,-1.166301,-0.186069,0.536191
218,-0.232361,-0.172106,1.12304,-1.396987,-0.238305,0.551693,-0.102575,-0.073832,1.178595,-1.736559,-0.31532,0.551853,-0.239578,-0.177524,1.126997,-1.358332,-0.247253,0.553356,-0.309459,-0.232286,1.097988,-1.145181,-0.203398,0.530864
219,-0.234443,-0.190294,1.123085,-1.33935,-0.268586,0.557675,-0.110044,-0.076182,1.167068,-1.699276,-0.353397,0.532458,-0.23114,-0.191376,1.121316,-1.32732,-0.279478,0.547611,-0.299655,-0.241309,1.097118,-1.155985,-0.240368,0.56506
220,-0.226287,-0.199976,1.126347,-1.332136,-0.320406,0.554108,-0.099951,-0.086755,1.185592,-1.658328,-0.405351,0.56301,-0.226273,-0.201403,1.131794,-1.317332,-0.326115,0.538622,-0.29652,-0.254405,1.094206,-1.131036,-0.274712,0.569204
221,-0.21683,-0.209185,1.133261,-1.300774,-0.342749,0.545715,-0.100399,-0.093394,1.185387,-1.643015,-0.434783,0.54785,-0.219995,-0.195548,1.118176,-1.294126,-0.326683,0.585861,-0.292032,-0.275131,1.107652,-1.104581,-0.311624,0.56932
222,-0.205828,-0.214024,1.130676,-1.280265,-0.396428,0.55554,-0.090972,-0.098735,1.178519,-1.605772,-0.462445,0.560257,-0.203112,-0.213107,1.124679,-1.268343,-0.365044,0.553496,-0.279989,-0.268361,1.091039,-1.090274,-0.310185,0.568098
223,-0.211005,-0.204363,1.12458,-1.26107,-0.425982,0.549645,-0.090499,-0.101432,1.177714,-1.582781,-0.53161,0.554244,-0.209603,-0.2205,1.122744,-1.269452,-0.396945,0.596545,-0.265075,-0.281096,1.112904,-1.08179,-0.347468,0.566694
224,-0.201571,-0.23237,1.129047,-1.233344,-0.444343,0.58491,-0.098414,-0.096166,1.176917,-1.562098,-0.562463,0.578702,-0.193814,-0.23011,1.128675,-1.239357,-0.43627,0.579168,-0.265726,-0.290731,1.10372,-1.034913,-0.383998,0.596919
225,-0.193803,-0.221834,1.133008,-1.206088,-0.478061,0.551436,-0.089865,-0.105435,1.180142,-1.531761,-0.598313,0.560415,-0.192648,-0.232271,1.12615,-1.210292,-0.464359,0.565806,-0.24796,-0.299075,1.09661,-1.032365,-0.401341,0.579244
226,-0.172598,-0.23194,1.124441,-1.18526,-0.502338,0.599028,-0.086677,-0.109654,1.178755,-1.492586,-0.64209,0.593438,-0.186246,-0.234825,1.128374,-1.161062,-0.495857,0.572334,-0.244731,-0.315626,1.093695,-1.007206,-0.421807,0.589425
227,-0.173006,-0.242344,1.119136,-1.14276,-0.529863,0.572503,-0.080804,-0.114948,1.169148,-1.466375,-0.680209,0.580837,-0.175585,-0.237511,1.126094,-1.160627,-0.542304,0.576248,-0.227823,-0.307059,1.093107,-0.994986,-0.430755,0.589423
228,-0.168126,-0.25029,1.116477,-1.1382,-0.570638,0.568839,-0.071903,-0.113262,1.173963,-1.411289,-0.702724,0.592244,-0.175315,-0.254813,1.121269,-1.135443,-0.569921,0.566566,-0.229895,-0.318998,1.085895,-0.955408,-0.486526,0.592824
229,-0.160207,-0.261663,1.114503,-1.110402,-0.601081,0.57663,-0.072133,-0.114512,1.172158,-1.400387,-0.748733,0.592858,-0.152359,-0.261161,1.118339,-1.098034,-0.58548,0.570583,-0.214254,-0.339347,1.095568,-0.948369,-0.497953,0.592486
230,-0.157222,-0.258597,1.121644,-1.083169,-0.611473,0.573379,-0.075699,-0.117128,1.165177,-1.376053,-0.814571,0.58854,-0.145416,-0.261231,1.120562,-1.069383,-0.644719,0.565701,-0.198114,-0.339951,1.08898,-0.932205,-0.553961,0.585999
231,-0.149723,-0.264311,1.112862,-1.048029,-0.661234,0.591878,-0.066612,-0.119344,1.162853,-1.328369,-0.831276,0.598244,-0.146039,-0.265287,1.109241,-1.06164,-0.665528,0.586472,-0.19849,-0.34846,1.078182,-0.891205,-0.563301,0.578798
232,-0.142012,-0.277198,1.108985,-1.026931,-0.701829,0.604653,-0.054513,-0.121025,1.165599,-1.298762,-0.855516,0.588532,-0.136584,-0.269234,1.103737,-1.028734,-0.683952,0.582632,-0.189894,-0.364604,1.082855,-0.873576,-0.563423,0.60098
233,-0.143041,-0.285311,1.107829,-1.019913,-0.709584,0.570475,-0.049778,-0.133204,1.156201,-1.275772,-0.914632,0.603908,-0.132447,-0.274566,1.100227,-1.014187,-0.703758,0.599892,-0.171377,-0.367742,1.073989,-0.867755,-0.63226,0.597923
234,-0.123823,-0.291558,1.097874,-0.993632,-0.73565,0.593366,-0.060676,-0.129287,1.151113,-1.243314,-0.958892,0.588929,-0.125275,-0.290174,1.095848,-0.990277,-0.754257,0.613263,-0.162582,-0.380692,1.068485,-0.834441,-0.642914,0.573837
235,-0.123703,-0.293855,1.084659,-0.953913,-0.771155,0.596237,-0.053646,-0.133208,1.143133,-1.213148,-0.982799,0.583861,-0.115227,-0.296248,1.092772,-0.955349,-0.779728,0.588154,-0.150663,-0.376172,1.077359,-0.793583,-0.652788,0.578756
236,-0.107243,-0.295692,1.08298,-0.940984,-0.790723,0.594272,-0.051609,-0.127608,1.145057,-1.180099,-1.005246,0.600826,-0.109117,-0.307778,1.097244,-0.912909,-0.808808,0.59847,-0.134651,-0.391645,1.052388,-0.790575,-0.692244,0.615962
237,-0.111783,-0.303579,1.092691,-0.90405,-0.838979,0.595455,-0.051092,-0.136191,1.138411,-1.139337,-1.047977,0.587657,-0.104442,-0.309317,1.092101,-0.892146,-0.826935,0.594899,-0.127989,-0.391525,1.052192,-0.773261,-0.724337,0.611932
238,-0.088968,-0.306476,1.085739,-0.884983,-0.867189,0.598893,-0.0443,-0.147604,1.129201,-1.058552,-1.082583,0.603003,-0.093354,-0.305148,1.089029,-0.878156,-0.86674,0.586497,-0.122478,-0.402118,1.053246,-0.754888,-0.720497,0.597464
239,-0.091237,-0.309712,1.074899,-0.84619,-0.890289,0.606403,-0.04568,-0.141742,1.119585,-1.056865,-1.129491,0.586902,-0.082155,-0.312392,1.065196,-0.83992,-0.889905,0.594982,-0.114455,-0.406033,1.048534,-0.708709,-0.754416,0.591934
240,-0.087566,-0.318036,1.070016,-0.807132,-0.922733,0.597283,-0.040396,-0.144163,1.111648,-1.014686,-1.152244,0.5854,-0.081243,-0.319089,1.067111,-0.824028,-0.916986,0.585912,-0.103651,-0.419445,1.040341,-0.677648,-0.77865,0.604598
241,-0.079004,-0.321534,1.063008,-0.77429,-0.95144,0.581087,-0.030384,-0.142748,1.107849,-0.986742,-1.195943,0.590967,-0.077911,-0.325591,1.061321,-0.784477,-0.949391,0.595384,-0.100088,-0.429863,1.026631,-0.669812,-0.794027,0.599028
242,-0.073733,-0.335359,1.044145,-0.75656,-0.967723,0.580408,-0.024186,-0.143288,1.091191,-0.951377,-1.22287,0.598591,-0.060246,-0.331346,1.044439,-0.757637,-0.960207,0.575547,-0.081994,-0.436317,1.03108,-0.647119,-0.834957,0.589321
243,-0.053658,-0.332825,1.047888,-0.7134,-1.009525,0.604129,-0.033347,-0.148232,1.096468,-0.926914,-1.257752,0.584111,-0.052002,-0.335891,1.040513,-0.726008,-0.990815,0.589844,-0.069804,-0.435732,1.014922,-0.608585,-0.851497,0.583298
244,-0.046092,-0.332661,1.04949,-0.699881,-1.017255,0.594387,-0.014674,-0.154904,1.080698,-0.877845,-1.294889,0.60068,-0.043784,-0.343215,1.042841,-0.701154,-1.029801,0.584236,-0.058518,-0.446354,1.011954,-0.588074,-0.87493,0.59352
245,-0.043878,-0.342395,1.027655,-0.669768,-1.040868,0.589701,-0.012471,-0.155172,1.068786,-0.84481,-1.334286,0.583908,-0.033518,-0.340814,1.036921,-0.674592,-1.051872,0.592348,-0.056941,-0.444805,0.999157,-0.576075,-0.886662,0.585017
246,-0.030465,-0.339569,1.020659,-0.648416,-1.078779,0.592042,-0.01908,-0.152018,1.057142,-0.799175,-1.351318,0.578293,-0.03965,-0.352101,1.013666,-0.627363,-1.082686,0.596182,-0.042872,-0.464135,0.98839,-0.54649,-0.898041,0.583192
247,-0.015184,-0.355196,1.009648,-0.623224,-1.116642,0.603202,-0.006289,-0.151684,1.053107,-0.77105,-1.388559,0.597662,-0.024609,-0.356102,1.003967,-0.604109,-1.108014,0.563939,-0.036371,-0.464337,0.977392,-0.511338,-0.937034,0.587886
248,-0.016729,-0.353687,0.996221,-0.584726,-1.126856,0.595451,0.00337,-0.161447,1.042372,-0.716957,-1.427612,0.580506,-0.020681,-0.363766,1.008004,-0.599022,-1.14448,0.583105,-0.029404,-0.470965,0.974773,-0.492362,-0.965527,0.595203
249,-0.005993,-0.370764,0.987738,-0.521453,-1.147765,0.589562,0.001404,-0.153701,1.030285,-0.697623,-1.440967,0.586294,-0.007902,-0.359175,0.985165,-0.544265,-1.152515,0.582387,-0.009968,-0.472314,0.965392,-0.479553,-0.993977,0.570919
250,0.004746,-0.367118,0.971108,-0.514891,-1.173574,0.580864,0.004872,-0.166937,1.015567,-0.655479,-1.490753,0.570577,-0.007329,-0.372323,0.983072,-0.512482,-1.183627,0.583186,-0.006805,-0.474002,0.953209,-0.444292,-1.005387,0.570166
251,0.010443,-0.372845,0.968507,-0.495372,-1.212703,0.567029,0.009703,-0.174544,1.014528,-0.591001,-1.503446,0.568527,0.001948,-0.362979,0.957257,-0.481251,-1.211978,0.568378,0.00815,-0.491155,0.940077,-0.411254,-1.037503,0.569303
252,0.020903,-0.369912,0.950639,-0.436074,-1.226633,0.586314,0.009864,-0.167409,0.992371,-0.56473,-1.555943,0.571393,0.027554,-0.370855,0.962551,-0.449922,-1.215259,0.576482,0.020204,-0.494701,0.935659,-0.371974,-1.03739,0.576836
253,0.028776,-0.378561,0.94844,-0.419403,-1.244542,0.565051,0.011389,-0.173424,0.981367,-0.514838,-1.591149,0.579129,0.014972,-0.38048,0.944063,-0.438106,-1.24898,0.578382,0.034576,-0.493077,0.920168,-0.369619,-1.069679,0.558491
254,0.034349,-0.384667,0.929619,-0.376023,-1.297467,0.571679,0.016403,-0.172716,0.975909,-0.478141,-1.62463,0.548453,0.042616,-0.377757,0.932797,-0.38899,-1.29691,0.566665,0.040922,-0.499818,0.904824,-0.320056,-1.084792,0.571525
255,0.047514,-0.377099,0.908045,-0.34853,-1.304521,0.578232,0.015049,-0.171848,0.961769,-0.45079,-1.631523,0.553397,0.044665,-0.394292,0.918945,-0.352383,-1.297192,0.552774,0.053418,-0.50666,0.904909,-0.285114,-1.09649,0.589591
256,0.049175,-0.388138,0.901947,-0.301869,-1.310542,0.556293,0.018954,-0.167805,0.94844,-0.409139,-1.673718,0.555907,0.04278,-0.389949,0.912997,-0.337443,-1.306155,0.566207,0.065346,-0.497599,0.8828,-0.272787,-1.120113,0.565292
257,0.042878,-0.395202,0.895152,-0.280394,-1.328351,0.555315,0.028476,-0.181795,0.932009,-0.37379,-1.680078,0.564326,0.064529,-0.389352,0.899973,-0.273366,-1.347458,0.558861,0.065631,-0.501268,0.874847,-0.229009,-1.141219,0.55395
258,0.068182,-0.39187,0.876564,-0.262258,-1.359945,0.563645,0.030412,-0.174237,0.918129,-0.325908,-1.709545,0.547854,0.065118,-0.38627,0.89142,-0.269985,-1.353194,0.553482,0.085654,-0.519849,0.860452,-0.228647,-1.147648,0.542916
259,0.069598,-0.393264,0.868596,-0.22293,-1.394967,0.552188,0.024345,-0.182683,0.904071,-0.292279,-1.736361,0.544614,0.066196,-0.392773,0.862959,-0.221265,-1.401275,0.54353,0.095307,-0.519924,0.845164,-0.201806,-1.162781,0.562474
260,0.082889,-0.408736,0.854744,-0.200332,-1.394112,0.5559,0.041467,-0.179787,0.885293,-0.243943,-1.773114,0.54917,0.08436,-0.406906,0.85966,-0.169057,-1.402629,0.549617,0.097188,-0.524862,0.836822,-0.16391,-1.186019,0.545025
261,0.094684,-0.406334,0.841504,-0.173581,-1.402724,0.546758,0.038457,-0.18103,0.87194,-0.20231,-1.786103,0.533722,0.08085,-0.406437,0.837037,-0.139419,-1.411194,0.528814,0.105602,-0.521922,0.815173,-0.136892,-1.221979,0.535633
262,0.098815,-0.400783,0.826473,-0.129348,-1.415384,0.52696,0.044251,-0.180294,0.862575,-0.155816,-1.808265,0.519661,0.089684,-0.403023,0.827249,-0.138643,-1.442552,0.524435,0.123294,-0.525321,0.802695,-0.108033,-1.222821,0.522549
263,0.088582,-0.403774,0.805391,-0.096983,-1.449773,0.518957,0.037481,-0.182526,0.846256,-0.129709,-1.832998,0.543304,0.100606,-0.404796,0.817801,-0.086816,-1.451758,0.534333,0.124723,-0.528721,0.782073,-0.085767,-1.222484,0.521277
264,0.120067,-0.417511,0.796444,-0.049305,-1.470667,0.503707,0.055129,-0.184562,0.82918,-0.082893,-1.848064,0.523567,0.112846,-0.414225,0.793651,-0.065958,-1.451368,0.511839,0.144725,-0.530529,0.764765,-0.051924,-1.260563,0.519564
265,0.121282,-0.4088,0.782641,-0.041934,-1.501748,0.515499,0.05127,-0.18058,0.817727,-0.0479,-1.858202,0.516254,0.119103,-0.401373,0.765948,-0.021626,-1.48342,0.51295,0.161854,-0.524156,0.761399,-0.034757,-1.279191,0.506696
266,0.121928,-0.406669,0.768392,0.011234,-1.483227,0.517139,0.059094,-0.18434,0.797911,-0.003169,-1.889247,0.510859,0.125775,-0.399601,0.768681,-0.002693,-1.495634,0.528476,0.169497,-0.532876,0.75021,0.002644,-1.266514,0.499739
267,0.131421,-0.411179,0.744145,0.033564,-1.5224,0.514296,0.052659,-0.184236,0.789187,0.035868,-1.937664,0.507188,0.130764,-0.400391,0.74615,0.047399,-1.507736,0.52551,0.176133,-0.538489,0.738451,0.033927,-1.28476,0.505261
268,0.142062,-0.412764,0.73047,0.064055,-1.53301,0.482658,0.062426,-0.195362,0.766156,0.090412,-1.9345,0.495545,0.14099,-0.403686,0.739214,0.071401,-1.534998,0.485426,0.182775,-0.540445,0.71599,0.048469,-1.306458,0.502112
269,0.151282,-0.411642,0.713201,0.091495,-1.533995,0.494409,0.059065,-0.188393,0.747249,0.123828,-1.969745,0.502307,0.142862,-0.409169,0.716157,0.10236,-1.550364,0.493945,0.184196,-0.5388,0.703213,0.07478,-1.325558,0.496053
270,0.161923,-0.416502,0.704128,0.115965,-1.575745,0.475957,0.066471,-0.191201,0.729832,0.169658,-1.968032,0.475783,0.1515,-0.40921,0.695408,0.13201,-1.557367,0.486158,0.201449,-0.548044,0.680153,0.107187,-1.336315,0.476769
271,0.159171,-0.416232,0.681322,0.160939,-1.581847,0.476366,0.074649,-0.191629,0.715012,0.205242,-1.983343,0.496792,0.161903,-0.414431,0.694673,0.160088,-1.594849,0.484686,0.211658,-0.544755,0.672242,0.153406,-1.341908,0.467498
272,0.167835,-0.417266,0.660742,0.208932,-1.602732,0.481864,0.075357,-0.194435,0.698244,0.242611,-2.012373,0.474161,0.164856,-0.420355,0.663045,0.204684,-1.592199,0.488172,0.214634,-0.54852,0.647269,0.167789,-1.371443,0.478246
273,0.177832,-0.421874,0.650229,0.237564,-1.591925,0.473496,0.090954,-0.20091,0.675447,0.302282,-2.019219,0.474471,0.172346,-0.421989,0.651941,0.243327,-1.613111,0.486488,0.240201,-0.554474,0.63555,0.17794,-1.377327,0.465516
274,0.191051,-0.429262,0.63209,0.252298,-1.600427,0.483549,0.079524,-0.185646,0.665078,0.326761,-2.0356,0.471056,0.18619,-0.422077,0.626026,0.271055,-1.608253,0.458857,0.248795,-0.548847,0.615826,0.230342,-1.390771,0.451938
275,0.189384,-0.419378,0.608565,0.305279,-1.624054,0.446958,0.080717,-0.193811,0.649766,0.366457,-2.039287,0.453832,0.18977,-0.423393,0.609767,0.288758,-1.629339,0.448776,0.256121,-0.553291,0.601109,0.252413,-1.386969,0.451179
276,0.195016,-0.421095,0.607645,0.336814,-1.629576,0.459617,0.086082,-0.189367,0.630775,0.412292,-2.064198,0.449804,0.2041,-0.423729,0.58805,0.323897,-1.626781,0.451097,0.255991,-0.550949,0.581147,0.293729,-1.390869,0.436315
277,0.199941,-0.423387,0.581129,0.34402,-1.659115,0.419192,0.089939,-0.198564,0.609451,0.463614,-2.075981,0.447489,0.225522,-0.421666,0.583809,0.337388,-1.650592,0.452945,0.276284,-0.546714,0.574144,0.296845,-1.397326,0.440458
278,0.211423,-0.424,0.550193,0.387261,-1.659644,0.430816,0.101917,-0.194681,0.580328,0.488141,-2.085702,0.43609,0.213512,-0.426659,0.564802,0.381673,-1.655268,0.449894,0.283435,-0.540119,0.554628,0.317109,-1.421739,0.420904
279,0.217878,-0.4321,0.543542,0.417401,-1.669718,0.425959,0.106976,-0.187458,0.563044,0.545987,-2.099907,0.432062,0.215942,-0.423167,0.542062,0.421111,-1.668096,0.430565,0.280829,-0.549852,0.53173,0.372133,-1.423957,0.432524
280,0.231507,-0.421403,0.531726,0.465972,-1.669047,0.430111,0.103095,-0.179953,0.55142,0.567329,-2.122298,0.405155,0.223191,-0.419843,0.524003,0.452464,-1.670829,0.408055,0.299071,-0.554254,0.511695,0.389242,-1.436792,0.426585
281,0.233449,-0.418932,0.501766,0.483308,-1.691738,0.414937,0.104175,-0.195321,0.52057,0.619745,-2.127182,0.408027,0.235242,-0.418249,0.507504,0.4938,-1.688432,0.40141,0.307586,-0.560362,0.494806,0.408797,-1.450475,0.406997
282,0.241017,-0.416574,0.485425,0.509145,-1.706837,0.395323,0.111809,-0.201757,0.511787,0.644368,-2.125873,0.399296,0.239799,-0.419322,0.492326,0.517007,-1.711993,0.40021,0.322487,-0.555171,0.470114,0.438642,-1.453362,0.413149
283,0.250635,-0.423697,0.458591,0.53335,-1.702324,0.390125,0.109039,-0.192442,0.482454,0.691745,-2.14527,0.407286,0.247843,-0.417282,0.459228,0.530622,-1.696016,0.382006,0.316142,-0.553432,0.456777,0.432945,-1.455768,0.383734
284,0.260485,-0.417308,0.440135,0.571649,-1.709669,0.377437,0.11599,-0.187512,0.470183,0.724451,-2.156516,0.375216,0.251919,-0.420014,0.452407,0.571099,-1.705324,0.385645,0.335139,-0.542523,0.434628,0.492957,-1.470248,0.384258
285,0.263609,-0.413955,0.424748,0.597186,-1.735962,0.373544,0.118362,-0.190385,0.449746,0.776231,-2.176046,0.376729,0.262251,-0.425403,0.434596,0.611858,-1.717498,0.379553,0.334616,-0.546102,0.416489,0.523218,-1.472455,0.377274
286,0.269785,-0.422345,0.396175,0.640282,-1.711893,0.37034,0.118308,-0.186643,0.416351,0.807867,-2.166867,0.361304,0.275385,-0.415084,0.41033,0.643552,-1.706339,0.382878,0.347311,-0.540341,0.399641,0.535738,-1.470627,0.375148
287,0.273839,-0.420572,0.373483,0.665647,-1.69408,0.369052,0.135381,-0.19288,0.400217,0.845737,-2.15867,0.380889,0.271467,-0.409283,0.38505,0.662493,-1.721063,0.354025,0.350346,-0.549706,0.364445,0.576779,-1.471295,0.381401
288,0.27815,-0.410731,0.360927,0.699008,-1.731752,0.342576,0.116098,-0.181914,0.375733,0.892443,-2.159959,0.354998,0.284242,-0.412361,0.373903,0.703324,-1.719302,0.361437,0.35682,-0.54022,0.365402,0.604852,-1.486777,0.346976
289,0.278136,-0.414432,0.336088,0.725543,-1.715711,0.330553,0.135687,-0.18868,0.350566,0.92471,-2.186642,0.325975,0.282772,-0.414084,0.350101,0.726368,-1.730406,0.352367,0.361197,-0.529244,0.335894,0.623673,-1.483967,0.336289
290,0.281705,-0.407103,0.323603,0.754867,-1.745352,0.357211,0.134189,-0.187043,0.354844,0.941001,-2.18299,0.324919,0.282809,-0.411261,0.325787,0.774433,-1.734381,0.333808,0.377592,-0.538308,0.320147,0.643355,-1.493274,0.332315
291,0.296905,-0.409062,0.304898,0.786141,-1.734341,0.333794,0.126217,-0.185845,0.319331,0.996889,-2.195618,0.32104,0.295641,-0.402846,0.312829,0.79241,-1.710693,0.343869,0.388262,-0.531798,0.303582,0.673052,-1.486967,0.309642
292,0.299797,-0.409099,0.289334,0.821919,-1.739381,0.320119,0.144686,-0.178677,0.29052,1.016326,-2.192191,0.312452,0.309282,-0.410606,0.290914,0.811366,-1.720427,0.3152,0.391541,-0.532433,0.282235,0.704937,-1.466584,0.307923
293,0.316718,-0.406431,0.261418,0.852779,-1.73268,0.294276,0.143345,-0.179799,0.269922,1.059545,-2.209601,0.317937,0.2999,-0.409885,0.268309,0.842427,-1.718499,0.303319,0.395407,-0.527643,0.260045,0.715235,-1.463702,0.300427
294,0.313486,-0.389588,0.24031,0.878311,-1.728139,0.28471,0.139993,-0.188032,0.260244,1.111408,-2.183386,0.320562,0.316527,-0.404632,0.238756,0.873708,-1.738163,0.292942,0.400394,-0.526934,0.234268,0.724916,-1.469915,0.309202
295,0.312988,-0.402589,0.224631,0.904414,-1.73527,0.274537,0.14408,-0.177738,0.2311,1.155404,-2.169357,0.284309,0.318835,-0.398245,0.225556,0.895528,-1.747593,0.283508,0.419902,-0.525242,0.219602,0.766781,-1.47774,0.291487
296,0.322799,-0.39638,0.197185,0.939161,-1.72974,0.265732,0.147393,-0.179585,0.211508,1.187911,-2.197572,0.271379,0.327101,-0.400993,0.202096,0.916887,-1.735667,0.262942,0.424838,-0.524545,0.19886,0.795238,-1.484609,0.279476
297,0.327858,-0.394143,0.185912,0.959819,-1.730279,0.268053,0.144745,-0.183487,0.190476,1.226946,-2.183144,0.266678,0.337046,-0.394628,0.184878,0.965335,-1.718284,0.267226,0.42877,-0.518558,0.178463,0.821991,-1.476621,0.263521
298,0.330703,-0.387928,0.161967,0.986227,-1.742179,0.252091,0.149128,-0.18124,0.159441,1.269695,-2.191537,0.254976,0.334603,-0.393735,0.164894,0.977679,-1.709914,0.264233,0.429861,-0.506792,0.15649,0.840197,-1.474815,0.266975
299,0.340276,-0.387844,0.139274,0.998513,-1.72739,0.243442,0.155134,-0.180157,0.147028,1.269072,-2.166914,0.251615,0.338031,-0.386702,0.142909,1.009824,-1.736115,0.248298,0.432302,-0.503938,0.132102,0.856518,-1.465656,0.243423
300,0.338485,-0.384654,0.126295,1.050143,-1.734753,0.248018,0.15435,-0.178313,0.127951,1.313216,-2.18606,0.225181,0.341297,-0.390139,0.113889,1.042658,-1.717477,0.224824,0.448857,-0.504431,0.111984,0.884213,-1.470546,0.232251
301,0.342567,-0.38504,0.092169,1.070125,-1.736636,0.22284,0.155801,-0.170567,0.094152,1.356727,-2.17962,0.236012,0.341509,-0.384679,0.097429,1.07,-1.711202,0.246758,0.450591,-0.495131,0.09021,0.918469,-1.469463,0.228619
302,0.345928,-0.380791,0.073856,1.091767,-1.725009,0.207681,0.15761,-0.175692,0.074713,1.372674,-2.161973,0.224598,0.352283,-0.376644,0.074651,1.078251,-1.709033,0.213982,0.470558,-0.501623,0.070559,0.921714,-1.468582,0.222936
303,0.354466,-0.377123,0.06113,1.103513,-1.714566,0.207348,0.162123,-0.16943,0.059958,1.416925,-2.14642,0.201349,0.357568,-0.371791,0.055835,1.12601,-1.717165,0.185122,0.465863,-0.492063,0.058528,0.95583,-1.480909,0.192954
304,0.369138,-0.372398,0.025699,1.140276,-1.695463,0.201538,0.163606,-0.162959,0.039056,1.447602,-2.155735,0.186465,0.359803,-0.368799,0.029579,1.143574,-1.712665,0.185701,0.468794,-0.484616,0.036823,0.968925,-1.46965,0.203425
305,0.36486,-0.357081,0.016549,1.152327,-1.673706,0.177372,0.162049,-0.162956,0.012731,1.476637,-2.146358,0.20026,0.364615,-0.362226,0.012512,1.170001,-1.699822,0.188498,0.467401,-0.474829,0.016375,0.991965,-1.446602,0.19038
306,0.365672,-0.371045,-0.009559,1.191926,-1.699799,0.16664,0.172083,-0.157477,-0.013609,1.502377,-2.150492,0.170763,0.355753,-0.36625,-0.003964,1.181998,-1.709961,0.171662,0.47635,-0.4816,0.001651,1.004227,-1.420571,0.176716
307,0.373227,-0.368543,-0.037823,1.214623,-1.682587,0.166452,0.16387,-0.163493,-0.027107,1.539294,-2.124323,0.175193,0.37003,-0.370296,-0.033181,1.213393,-1.692125,0.16264,0.485041,-0.475187,-0.028067,1.035707,-1.434271,0.15782
308,0.382078,-0.353874,-0.05884,1.227885,-1.669881,0.144193,0.175567,-0.156404,-0.058016,1.543407,-2.116029,0.165311,0.371291,-0.356332,-0.052153,1.265386,-1.685601,0.151913,0.492214,-0.460109,-0.060151,1.043976,-1.428905,0.15997
309,0.380558,-0.348826,-0.070785,1.244202,-1.65057,0.121801,0.175397,-0.166801,-0.075567,1.57034,-2.094991,0.133123,0.376341,-0.348017,-0.072437,1.273342,-1.677036,0.130837,0.491402,-0.462356,-0.074957,1.067829,-1.401651,0.139761
310,0.388236,-0.349368,-0.083346,1.280874,-1.651513,0.11863,0.178467,-0.154189,-0.099796,1.622063,-2.064175,0.110183,0.379294,-0.346095,-0.098958,1.278673,-1.651278,0.126331,0.510568,-0.453556,-0.108129,1.094929,-1.416375,0.124365
311,0.386423,-0.34741,-0.115645,1.302941,-1.648443,0.110173,0.173128,-0.148661,-0.123913,1.638798,-2.074983,0.132483,0.389375,-0.339966,-0.113174,1.291004,-1.634017,0.118533,0.49556,-0.448177,-0.105411,1.096237,-1.403015,0.119512
312,0.389173,-0.338704,-0.135534,1.321732,-1.629696,0.117549,0.177828,-0.149999,-0.139939,1.688473,-2.061343,0.11162,0.386554,-0.332267,-0.143987,1.321212,-1.6148,0.102297,0.505014,-0.435278,-0.13412,1.140608,-1.389337,0.117122
313,0.3898,-0.32971,-0.14913,1.334247,-1.624771,0.110627,0.183238,-0.147248,-0.164894,1.676429,-2.042966,0.12057,0.392466,-0.340227,-0.155303,1.342309,-1.626718,0.097857,0.514543,-0.440177,-0.151121,1.168835,-1.378669,0.077876
314,0.387085,-0.333086,-0.172136,1.366214,-1.603091,0.084798,0.178335,-0.151171,-0.184336,1.717427,-2.038774,0.074081,0.388766,-0.33494,-0.186074,1.349055,-1.602436,0.08681,0.521488,-0.425493,-0.170937,1.168348,-1.388634,0.089816
315,0.395529,-0.327448,-0.201194,1.380736,-1.590291,0.068325,0.175627,-0.14324,-0.207223,1.754137,-2.007321,0.06875,0.394563,-0.325387,-0.201739,1.405168,-1.583857,0.06882,0.520078,-0.416217,-0.20154,1.192229,-1.360448,0.046472
316,0.395003,-0.324841,-0.221778,1.398202,-1.580816,0.070569,0.189985,-0.152952,-0.223714,1.787058,-1.997677,0.048241,0.391853,-0.323632,-0.22936,1.409646,-1.591195,0.064152,0.52129,-0.411748,-0.223612,1.212591,-1.348319,0.051996
317,0.396372,-0.304559,-0.241659,1.412192,-1.572253,0.045341,0.184239,-0.141435,-0.26033,1.79203,-1.982024,0.07047,0.40694,-0.311183,-0.23988,1.419881,-1.566632,0.019341,0.523325,-0.413712,-0.238136,1.210012,-1.331354,0.043966
318,0.412124,-0.311578,-0.264766,1.435577,-1.556323,0.025764,0.185004,-0.136708,-0.270868,1.79609,-1.98169,0.019419,0.400663,-0.306384,-0.258502,1.451297,-1.551555,0.038935,0.526856,-0.403098,-0.256705,1.238161,-1.334491,0.033867
319,0.405478,-0.296424,-0.282099,1.463127,-1.530434,0.023255,0.193701,-0.149749,-0.301085,1.854015,-1.94716,0.031559,0.409545,-0.296264,-0.276722,1.460709,-1.532551,0.041354,0.530993,-0.384341,-0.275473,1.246836,-1.321445,0.018837
320,0.407865,-0.313016,-0.296789,1.490261,-1.542222,0.010672,0.189153,-0.134469,-0.314817,1.856811,-1.931545,0.007556,0.417443,-0.291011,-0.295898,1.500564,-1.543004,0.015133,0.533211,-0.390651,-0.295253,1.26974,-1.302511,0.003045
321,0.417002,-0.294125,-0.326244,1.472463,-1.507276,0.002173,0.183851,-0.130513,-0.33489,1.895462,-1.911405,0.001771,0.41307,-0.292194,-0.311851,1.491582,-1.499376,0.007324,0.536775,-0.376941,-0.312118,1.275721,-1.268812,0.020303
322,0.41067,-0.284069,-0.341685,1.503617,-1.498496,0.000942,0.184556,-0.130189,-0.351552,1.907679,-1.894826,0.003688,0.409956,-0.27887,-0.338914,1.49326,-1.491167,0.013732,0.553324,-0.371361,-0.338099,1.295395,-1.284137,-0.011485
323,0.412574,-0.286182,-0.366287,1.512308,-1.482041,-0.014683,0.19022,-0.125319,-0.372936,1.929574,-1.873931,-0.019866,0.412116,-0.274769,-0.364629,1.52891,-1.472584,-0.024546,0.544117,-0.361763,-0.361679,1.284916,-1.25946,-0.027381
324,0.423316,-0.278079,-0.381224,1.536108,-1.455133,-0.027085,0.185796,-0.121981,-0.401816,1.955667,-1.835237,-0.026695,0.41853,-0.274021,-0.384859,1.547583,-1.435072,-0.028659,0.5394,-0.351053,-0.368692,1.294393,-1.267017,-0.019638
325,0.422716,-0.259673,-0.40515,1.565881,-1.438242,-0.046133,0.187168,-0.122747,-0.429746,1.975372,-1.817173,-0.055942,0.416405,-0.268577,-0.413503,1.567525,-1.438824,-0.02723,0.539308,-0.343502,-0.393085,1.339671,-1.233589,-0.035673
326,0.417375,-0.25913,-0.425773,1.563182,-1.428557,-0.036164,0.202097,-0.114388,-0.440825,1.986167,-1.781128,-0.03918,0.414149,-0.254593,-0.424057,1.57429,-1.419306,-0.051588,0.547902,-0.342321,-0.426711,1.344934,-1.22109,-0.050753
327,0.425128,-0.257429,-0.444542,1.569682,-1.396263,-0.061638,0.19671,-0.110704,-0.467281,1.98019,-1.771148,-0.059325,0.421046,-0.255381,-0.43585,1.577393,-1.395227,-0.064254,0.546998,-0.337091,-0.434223,1.346693,-1.199228,-0.06496
328,0.424475,-0.242916,-0.472331,1.608347,-1.398845,-0.076584,0.191468,-0.11895,-0.486958,2.013305,-1.734706,-0.067189,0.414723,-0.24377,-0.461805,1.590799,-1.393139,-0.072531,0.552149,-0.323894,-0.447546,1.342874,-1.183884,-0.083405
329,0.416897,-0.234131,-0.477007,1.608977,-1.374259,-0.088967,0.19542,-0.117893,-0.505027,2.024793,-1.73532,-0.085729,0.430404,-0.235319,-0.479292,1.604719,-1.363037,-0.083742,0.550838,-0.308543,-0.472498,1.364143,-1.169315,-0.091287
330,0.423609,-0.225555,-0.500047,1.614698,-1.336565,-0.098986,0.1931,-0.107584,-0.521937,2.065066,-1.715464,-0.083954,0.425313,-0.230594,-0.493582,1.621977,-1.355445,-0.098989,0.540354,-0.317319,-0.486527,1.365468,-1.155179,-0.091369
331,0.42515,-0.232517,-0.524561,1.606677,-1.314512,-0.099593,0.180306,-0.10845,-0.546091,2.051887,-1.676224,-0.102986,0.420026,-0.221623,-0.516513,1.635704,-1.345569,-0.10202,0.555401,-0.292711,-0.513399,1.394281,-1.137782,-0.124882
332,0.42213,-0.226721,-0.544354,1.638477,-1.293143,-0.122229,0.193424,-0.101532,-0.569904,2.076273,-1.656214,-0.110347,0.416163,-0.226766,-0.540031,1.619887,-1.305545,-0.106798,0.557008,-0.295192,-0.519991,1.402759,-1.098097,-0.128049
333,0.427332,-0.215278,-0.564381,1.66188,-1.262361,-0.127946,0.191159,-0.092814,-0.592127,2.092271,-1.600328,-0.115947,0.424738,-0.221182,-0.558699,1.641365,-1.271585,-0.127362,0.551945,-0.269869,-0.546604,1.403264,-1.093486,-0.105612
334,0.425774,-0.212599,-0.575115,1.661857,-1.259951,-0.141209,0.190628,-0.090754,-0.604829,2.102408,-1.589744,-0.137522,0.42526,-0.206903,-0.585796,1.665335,-1.246193,-0.139555,0.556313,-0.269711,-0.556592,1.432263,-1.058463,-0.140524
335,0.4237,-0.195483,-0.60205,1.668866,-1.238991,-0.15596,0.194326,-0.094242,-0.624846,2.097817,-1.546788,-0.141719,0.415678,-0.190852,-0.581682,1.670388,-1.231969,-0.155707,0.552118,-0.261874,-0.59062,1.41614,-1.054795,-0.147033
336,0.414108,-0.188794,-0.613728,1.681301,-1.189544,-0.1285,0.201198,-0.090034,-0.645585,2.123703,-1.532743,-0.166262,0.422226,-0.19815,-0.604084,1.677247,-1.210842,-0.177781,0.556411,-0.237675,-0.595868,1.431189,-1.045083,-0.162963
337,0.417774,-0.18576,-0.634503,1.692441,-1.193041,-0.164831,0.184499,-0.085466,-0.659551,2.127456,-1.489181,-0.159401,0.420033,-0.19115,-0.628733,1.680394,-1.193309,-0.172962,0.543141,-0.240967,-0.613007,1.43328,-1.008759,-0.170117
338,0.418496,-0.174471,-0.64041,1.701757,-1.166298,-0.172504,0.192708,-0.081959,-0.679457,2.165071,-1.450378,-0.176876,0.433729,-0.175191,-0.660025,1.694937,-1.170922,-0.192456,0.549611,-0.230068,-0.625802,1.42793,-0.999937,-0.182387
339,0.421665,-0.165957,-0.655434,1.706166,-1.132576,-0.202641,0.191955,-0.075463,-0.694884,2.143797,-1.445142,-0.208219,0.424611,-0.171196,-0.670805,1.714346,-1.141081,-0.19993,0.548871,-0.221392,-0.637984,1.470898,-0.970321,-0.185141
340,0.428107,-0.162679,-0.688223,1.71532,-1.120727,-0.214815,0.202384,-0.070195,-0.714084,2.16042,-1.412209,-0.186367,0.417393,-0.164156,-0.686862,1.717523,-1.127869,-0.198673,0.546699,-0.215132,-0.668473,1.454839,-0.975556,-0.186759
341,0.421171,-0.16185,-0.691177,1.732356,-1.09594,-0.209771,0.185818,-0.075867,-0.721746,2.167467,-1.380402,-0.181223,0.422283,-0.153468,-0.700843,1.70743,-1.082782,-0.220029,0.541038,-0.202707,-0.677106,1.45403,-0.90069,-0.20866
342,0.414734,-0.147445,-0.7128,1.739479,-1.0614,-0.228206,0.201642,-0.075795,-0.743337,2.167808,-1.331974,-0.219377,0.419263,-0.148196,-0.70998,1.717696,-1.059458,-0.220667,0.543682,-0.194353,-0.693871,1.465365,-0.92476,-0.215832
343,0.411904,-0.141025,-0.736622,1.715696,-1.027699,-0.231939,0.189635,-0.073699,-0.77172,2.186727,-1.328555,-0.246103,0.414458,-0.13474,-0.736116,1.717243,-1.029483,-0.244073,0.537285,-0.173497,-0.711554,1.465436,-0.888973,-0.229615
344,0.41572,-0.141066,-0.737543,1.739677,-1.00595,-0.267584,0.199199,-0.056506,-0.776913,2.189807,-1.276979,-0.226423,0.422594,-0.119747,-0.752873,1.742306,-1.022013,-0.241107,0.541647,-0.17574,-0.73649,1.482207,-0.878076,-0.241795
345,0.404757,-0.123591,-0.766156,1.739378,-0.982214,-0.252114,0.189391,-0.048183,-0.796975,2.165299,-1.241032,-0.259623,0.414743,-0.130655,-0.764711,1.726418,-0.978817,-0.229296,0.532214,-0.165352,-0.743614,1.484213,-0.83514,-0.258792
346,0.411968,-0.122844,-0.779022,1.730267,-0.950712,-0.261807,0.188109,-0.051022,-0.811742,2.187566,-1.196674,-0.262134,0.413313,-0.123463,-0.77605,1.730509,-0.96835,-0.277543,0.533504,-0.161054,-0.765248,1.477529,-0.809738,-0.283627
347,0.410679,-0.115611,-0.79834,1.716558,-0.960627,-0.276052,0.183027,-0.050293,-0.829127,2.187084,-1.1783,-0.266909,0.407867,-0.120115,-0.788041,1.741251,-0.92547,-0.273877,0.529818,-0.148471,-0.771793,1.48073,-0.777879,-0.292197
348,0.407796,-0.097544,-0.803823,1.744755,-0.90221,-0.31084,0.17955,-0.045237,-0.847428,2.200437,-1.143137,-0.281297,0.408611,-0.090016,-0.804921,1.734617,-0.899636,-0.283929,0.532866,-0.134521,-0.789848,1.470899,-0.773403,-0.287465
349,0.409047,-0.093662,-0.819122,1.741057,-0.858731,-0.29326,0.185321,-0.046889,-0.859145,2.204584,-1.113029,-0.291028,0.401841,-0.100132,-0.822855,1.739349,-0.868422,-0.291673,0.525073,-0.121717,-0.79951,1.480541,-0.731528,-0.304
350,0.40373,-0.093971,-0.847675,1.736084,-0.84233,-0.285154,0.181037,-0.039743,-0.882652,2.20149,-1.069984,-0.305792,0.397121,-0.080243,-0.844195,1.759493,-0.855915,-0.307789,0.524251,-0.120675,-0.826726,1.476099,-0.715713,-0.295316
351,0.396922,-0.072896,-0.855962,1.729356,-0.800975,-0.323293,0.184854,-0.043764,-0.890278,2.180168,-1.022857,-0.328708,0.408784,-0.084315,-0.854681,1.730131,-0.82621,-0.313566,0.527472,-0.103712,-0.830717,1.478078,-0.712466,-0.305376
352,0.393041,-0.069576,-0.859493,1.741106,-0.767391,-0.32436,0.176374,-0.027676,-0.897967,2.191004,-0.989262,-0.316775,0.394197,-0.076918,-0.870283,1.698898,-0.794717,-0.321079,0.518839,-0.100923,-0.844486,1.478778,-0.673284,-0.317211
353,0.401687,-0.054775,-0.881116,1.737618,-0.761248,-0.337935,0.184805,-0.017367,-0.91663,2.191282,-0.968379,-0.345308,0.395367,-0.058106,-0.875268,1.731852,-0.763058,-0.321463,0.512711,-0.082738,-0.855896,1.476017,-0.649933,-0.327008
354,0.387168,-0.051086,-0.895237,1.704162,-0.743782,-0.339537,0.174537,-0.020045,-0.935245,2.165217,-0.93454,-0.34081,0.3923,-0.059105,-0.900529,1.738974,-0.72869,-0.338521,0.508015,-0.071575,-0.877806,1.467138,-0.624113,-0.33786
355,0.389412,-0.059333,-0.90661,1.741928,-0.692612,-0.347878,0.177059,-0.020129,-0.944872,2.176323,-0.868078,-0.34954,0.388547,-0.045775,-0.906995,1.712645,-0.708082,-0.338203,0.510866,-0.060576,-0.877539,1.461013,-0.590353,-0.372569
356,0.39077,-0.040878,-0.92479,1.730579,-0.678059,-0.365961,0.171741,-0.019955,-0.960371,2.176616,-0.845524,-0.369364,0.387126,-0.038892,-0.917693,1.720704,-0.667721,-0.345815,0.496859,-0.058857,-0.893065,1.466772,-0.574024,-0.360418
357,0.380799,-0.026149,-0.931671,1.72295,-0.642617,-0.370109,0.173315,-0.017366,-0.982255,2.180588,-0.803581,-0.363649,0.384537,-0.030365,-0.925938,1.694128,-0.635765,-0.357559,0.490293,-0.032559,-0.910281,1.457363,-0.550161,-0.35941
358,0.382869,-0.028645,-0.940611,1.711857,-0.606966,-0.377513,0.168341,-0.01092,-0.976537,2.150033,-0.756415,-0.368294,0.372729,-0.017119,-0.938431,1.725766,-0.603826,-0.37682,0.497581,-0.030754,-0.911296,1.443104,-0.534202,-0.352166
359,0.374997,-0.020621,-0.95612,1.70845,-0.584801,-0.401059,0.18113,-0.009107,-1.005527,2.157845,-0.721695,-0.393632,0.373986,-0.014485,-0.951754,1.6993,-0.583522,-0.395808,0.479446,-0.022676,-0.930639,1.445534,-0.499517,-0.384185
360,0.378119,-0.004822,-0.96223,1.689652,-0.546416,-0.397418,0.161363,-0.001269,-1.00636,2.128866,-0.706183,-0.406837,0.379031,-0.005529,-0.958798,1.696855,-0.561639,-0.394639,0.472406,-0.010976,-0.940617,1.46462,-0.468399,-0.40045
361,0.373975,1.8e-05,-0.97759,1.683189,-0.509031,-0.390881,0.173443,-0.002858,-1.015023,2.134647,-0.654298,-0.423065,0.3771,-0.000107,-0.976519,1.679218,-0.542637,-0.394981,0.471537,-0.002945,-0.948472,1.450204,-0.450146,-0.396169
362,0.355658,0.00355,-0.985157,1.692376,-0.469788,-0.411415,0.160512,-0.001066,-1.036317,2.112859,-0.628716,-0.409864,0.358805,0.009589,-0.986011,1.685482,-0.487873,-0.421187,0.472543,0.011256,-0.959588,1.442479,-0.40001,-0.42664
363,0.355107,0.010664,-0.986489,1.653671,-0.452728,-0.422087,0.163579,0.005508,-1.042634,2.115222,-0.569651,-0.414965,0.35806,0.02198,-1.003333,1.663043,-0.463679,-0.427717,0.465013,0.01424,-0.980001,1.423958,-0.386107,-0.416503
364,0.355287,0.020485,-1.010495,1.654727,-0.426759,-0.432206,0.161984,0.000928,-1.055892,2.111107,-0.524667,-0.407929,0.355322,0.017867,-1.002981,1.670862,-0.423351,-0.41898,0.462606,0.033166,-0.987492,1.426135,-0.355847,-0.420523
365,0.343165,0.027949,-1.023774,1.653252,-0.38578,-0.43105,0.158795,0.017231,-1.058123,2.087293,-0.476713,-0.420882,0.34914,0.024778,-1.023936,1.667462,-0.391758,-0.437668,0.453952,0.049481,-0.989537,1.437457,-0.339688,-0.437066
366,0.339905,0.040721,-1.01901,1.63618,-0.36638,-0.440767,0.15076,0.015909,-1.075717,2.088807,-0.460276,-0.447973,0.34794,0.03742,-1.021164,1.662224,-0.361373,-0.437748,0.437111,0.054407,-0.996161,1.40878,-0.318357,-0.446027
367,0.339826,0.043845,-1.032615,1.643187,-0.331859,-0.444482,0.159613,0.029157,-1.080002,2.07723,-0.40952,-0.44667,0.33714,0.046179,-1.02587,1.638984,-0.31858,-0.442408,0.444706,0.055936,-1.003247,1.402221,-0.266336,-0.438299
368,0.328624,0.058307,-1.039596,1.63078,-0.303414,-0.459434,0.154374,0.02225,-1.093339,2.056754,-0.365198,-0.450518,0.323742,0.053463,-1.032738,1.620372,-0.287748,-0.453479,0.432814,0.077579,-1.013409,1.399547,-0.244723,-0.448416
369,0.331664,0.067071,-1.04421,1.62064,-0.245094,-0.461933,0.149002,0.028705,-1.098243,2.043836,-0.331876,-0.451099,0.336038,0.064899,-1.052567,1.623437,-0.262414,-0.486974,0.432545,0.075057,-1.018802,1.37116,-0.235694,-0.464438
370,0.334474,0.079378,-1.064492,1.616301,-0.229413,-0.469864,0.139051,0.037127,-1.106817,2.022005,-0.282312,-0.468317,0.328021,0.064956,-1.052748,1.610957,-0.214321,-0.470656,0.420684,0.09082,-1.031393,1.361059,-0.178839,-0.47879
371,0.323779,0.075393,-1.067705,1.605242,-0.19775,-0.473169,0.146005,0.033669,-1.111608,2.011389,-0.218394,-0.471247,0.322018,0.07806,-1.067715,1.595628,-0.195621,-0.489241,0.413723,0.102731,-1.043965,1.370102,-0.181312,-0.47051
372,0.31123,0.086996,-1.075822,1.584035,-0.160998,-0.497436,0.145175,0.039992,-1.123875,1.983649,-0.208521,-0.483233,0.318777,0.085653,-1.067476,1.57596,-0.170173,-0.488429,0.407527,0.108759,-1.047001,1.343348,-0.147213,-0.491817
373,0.305658,0.085404,-1.078606,1.571604,-0.130382,-0.498683,0.145986,0.045853,-1.130088,1.965289,-0.161299,-0.491112,0.302043,0.091372,-1.075333,1.563356,-0.121647,-0.496352,0.406736,0.121897,-1.045323,1.336531,-0.09816,-0.491957
374,0.303464,0.100972,-1.090383,1.546498,-0.080942,-0.498565,0.139741,0.04293,-1.119632,1.960588,-0.114513,-0.499979,0.302668,0.098977,-1.081412,1.553888,-0.101557,-0.494832,0.390009,0.128519,-1.054007,1.340883,-0.073493,-0.486091
375,0.301399,0.11803,-1.096773,1.520402,-0.072556,-0.514135,0.143214,0.040547,-1.134844,1.950167,-0.07288,-0.484239,0.296523,0.116196,-1.088892,1.51111,-0.064083,-0.49792,0.381955,0.141836,-1.061866,1.325687,-0.050435,-0.486446
376,0.293314,0.115578,-1.104656,1.512726,-0.029719,-0.497699,0.130866,0.052336,-1.143736,1.929256,-0.04814,-0.501789,0.301364,0.110856,-1.086974,1.515676,-0.027623,-0.50284,0.387856,0.152086,-1.058095,1.303722,-0.01595,-0.513316
377,0.281828,0.121878,-1.096798,1.516691,0.008717,-0.527073,0.131146,0.054407,-1.14971,1.898871,0.004286,-0.507939,0.279984,0.11679,-1.095982,1.507754,0.000537,-0.520901,0.368683,0.159897,-1.080576,1.286106,0.003975,-0.518305
378,0.277465,0.141246,-1.109621,1.495069,0.043251,-0.52032,0.137018,0.053719,-1.156001,1.860598,0.037401,-0.509375,0.283297,0.134386,-1.10411,1.487736,0.029786,-0.534077,0.375408,0.174619,-1.071097,1.272835,0.011172,-0.510805
379,0.273881,0.137705,-1.105945,1.46176,0.049045,-0.526701,0.130089,0.076706,-1.161131,1.834904,0.074431,-0.521772,0.270524,0.135368,-1.107869,1.470794,0.030652,-0.531596,0.366824,0.180978,-1.078437,1.244761,0.060456,-0.546304
380,0.275219,0.14689,-1.118854,1.446333,0.084527,-0.513919,0.120402,0.069201,-1.167407,1.834175,0.137858,-0.519917,0.274054,0.145224,-1.118487,1.45715,0.101603,-0.547518,0.350464,0.206102,-1.08399,1.23699,0.083274,-0.532552
381,0.26338,0.150219,-1.115395,1.427741,0.126949,-0.53581,0.123438,0.07096,-1.171836,1.810254,0.176033,-0.539388,0.26599,0.145987,-1.116499,1.447466,0.1464,-0.525026,0.346835,0.21207,-1.090844,1.214177,0.094685,-0.528363
382,0.254562,0.155433,-1.11675,1.428277,0.177699,-0.537978,0.110773,0.079242,-1.171384,1.803103,0.219132,-0.528494,0.25254,0.162151,-1.120444,1.404618,0.157785,-0.523789,0.332807,0.214058,-1.09445,1.199345,0.132113,-0.516631
383,0.246265,0.168942,-1.130524,1.390113,0.1907,-0.544918,0.114539,0.068096,-1.166127,1.76625,0.235719,-0.564759,0.255173,0.171592,-1.110946,1.420442,0.196893,-0.550403,0.326244,0.218169,-1.082754,1.188012,0.147874,-0.535947
384,0.235549,0.169367,-1.127187,1.38469,0.233453,-0.546974,0.114792,0.089107,-1.166993,1.710099,0.28053,-0.553674,0.233157,0.170796,-1.129054,1.381721,0.232156,-0.552822,0.316222,0.227765,-1.096788,1.176163,0.190371,-0.57184
385,0.233014,0.188356,-1.127429,1.34846,0.255936,-0.546472,0.099838,0.080544,-1.18046,1.720459,0.324126,-0.562451,0.231796,0.178686,-1.115589,1.334651,0.271435,-0.546115,0.306557,0.242763,-1.096616,1.158138,0.214618,-0.566535
386,0.22383,0.199735,-1.11489,1.313135,0.287815,-0.536185,0.101793,0.081845,-1.179683,1.68781,0.386405,-0.55567,0.226655,0.193524,-1.121847,1.322418,0.306742,-0.577701,0.296443,0.248208,-1.101369,1.141468,0.247615,-0.542624
387,0.222498,0.201208,-1.125515,1.332162,0.32777,-0.545819,0.094065,0.089065,-1.179519,1.669033,0.39938,-0.546728,0.219238,0.195486,-1.121223,1.319927,0.321319,-0.559022,0.296711,0.262748,-1.110711,1.111135,0.28067,-0.555524
388,0.226859,0.207358,-1.128066,1.281796,0.36217,-0.55527,0.097816,0.086258,-1.172899,1.634848,0.456303,-0.562744,0.216504,0.205046,-1.128198,1.287434,0.347325,-0.559258,0.282729,0.2613,-1.101265,1.1056,0.325528,-0.562941
389,0.208575,0.212409,-1.132483,1.268842,0.410751,-0.565472,0.097696,0.098921,-1.180984,1.614915,0.499206,-0.561169,0.210418,0.211606,-1.123473,1.265975,0.39835,-0.561768,0.270521,0.264343,-1.097472,1.089453,0.328882,-0.558899
390,0.215857,0.220053,-1.124673,1.251614,0.408239,-0.562299,0.089827,0.100917,-1.169976,1.56726,0.544664,-0.566801,0.199361,0.223789,-1.12257,1.253579,0.406412,-0.556955,0.269071,0.278383,-1.097508,1.062485,0.357369,-0.563016
391,0.191285,0.230152,-1.125636,1.231591,0.449147,-0.572117,0.100385,0.101553,-1.182897,1.561166,0.566005,-0.56144,0.194763,0.223044,-1.122777,1.219099,0.446677,-0.571356,0.252254,0.289753,-1.102506,1.032125,0.38896,-0.582722
392,0.188892,0.233001,-1.122806,1.199341,0.474063,-0.580814,0.084467,0.10022,-1.188609,1.513706,0.61311,-0.569772,0.192432,0.230746,-1.1223,1.209429,0.478784,-0.586512,0.244188,0.306163,-1.09255,1.007235,0.417696,-0.581633
393,0.191082,0.227645,-1.120017,1.188571,0.520434,-0.574638,0.075407,0.109197,-1.183048,1.484303,0.632859,-0.568415,0.186126,0.233665,-1.130123,1.182136,0.503486,-0.57999,0.240272,0.309916,-1.100907,1.004483,0.428317,-0.576308
394,0.178108,0.241808,-1.128284,1.141196,0.547301,-0.588109,0.077869,0.11245,-1.169856,1.452867,0.667556,-0.577129,0.17073,0.250408,-1.122598,1.153007,0.542426,-0.566598,0.223088,0.317782,-1.095264,0.974312,0.472184,-0.587822
395,0.170661,0.252969,-1.122187,1.137507,0.573025,-0.579153,0.070109,0.115289,-1.16572,1.42941,0.734196,-0.601934,0.169911,0.250851,-1.116771,1.138976,0.56543,-0.580342,0.220877,0.335628,-1.093186,0.959636,0.482511,-0.580422
396,0.155465,0.263446,-1.121094,1.0962,0.615135,-0.596887,0.071618,0.1001,-1.164767,1.411498,0.777388,-0.590013,0.162975,0.263086,-1.119315,1.108013,0.613359,-0.583353,0.208442,0.345125,-1.092341,0.960245,0.499189,-0.587766
397,0.152456,0.261711,-1.109729,1.080056,0.640486,-0.577396,0.073601,0.123249,-1.16037,1.349187,0.816729,-0.584044,0.156171,0.261343,-1.116393,1.094499,0.643809,-0.566893,0.193038,0.342271,-1.084348,0.919344,0.535298,-0.590904
398,0.150357,0.266896,-1.109481,1.02803,0.690525,-0.584395,0.057744,0.115394,-1.159571,1.324631,0.818287,-0.583387,0.148198,0.262113,-1.10903,1.045194,0.683142,-0.576116,0.181475,0.353218,-1.091474,0.91207,0.558564,-0.585888
399,0.143665,0.271407,-1.105274,1.017536,0.701744,-0.582945,0.064368,0.124822,-1.157187,1.32228,0.875137,-0.606821,0.140118,0.277601,-1.115675,1.020166,0.696589,-0.592952,0.183134,0.354181,-1.073863,0.873335,0.609662,-0.575802
400,0.141189,0.279007,-1.10914,0.993212,0.726496,-0.607942,0.057714,0.125623,-1.16406,1.253652,0.904923,-0.589576,0.129327,0.275431,-1.108445,0.980203,0.732569,-0.595563,0.169313,0.381189,-1.075512,0.842909,0.610522,-0.584764
401,0.119098,0.280845,-1.104656,0.988316,0.756451,-0.578188,0.049914,0.128067,-1.15305,1.23364,0.947295,-0.601439,0.115802,0.288852,-1.091505,0.97622,0.760584,-0.585002,0.161743,0.377139,-1.063635,0.847836,0.63867,-0.590973
402,0.113744,0.293379,-1.081443,0.93439,0.789335,-0.587878,0.050141,0.130841,-1.153425,1.207456,1.003381,-0.593765,0.104756,0.294813,-1.093043,0.936042,0.794108,-0.600271,0.150952,0.383608,-1.063462,0.794211,0.675893,-0.589533
403,0.101241,0.307326,-1.091675,0.913235,0.817502,-0.577422,0.048932,0.14035,-1.14437,1.158543,1.015412,-0.590651,0.103518,0.30542,-1.092345,0.897457,0.789944,-0.602455,0.145628,0.396431,-1.063899,0.782112,0.699304,-0.593484
404,0.091707,0.298714,-1.089369,0.877936,0.820048,-0.601952,0.041574,0.131021,-1.128535,1.107931,1.063558,-0.597348,0.08718,0.299893,-1.091454,0.907898,0.838511,-0.597427,0.121687,0.40059,-1.055308,0.772422,0.71389,-0.586497
405,0.101965,0.308274,-1.071584,0.866604,0.875532,-0.596546,0.040516,0.136995,-1.128249,1.099434,1.10732,-0.597197,0.09196,0.30841,-1.080102,0.867714,0.859345,-0.592785,0.121952,0.408713,-1.045807,0.738993,0.719813,-0.605039
406,0.0805,0.318454,-1.064596,0.826144,0.908344,-0.595575,0.036505,0.145704,-1.114567,1.049469,1.126093,-0.588595,0.08274,0.314264,-1.066569,0.828915,0.898233,-0.588749,0.105658,0.416471,-1.045716,0.681255,0.77545,-0.597687
407,0.075211,0.322646,-1.062187,0.805536,0.935664,-0.601021,0.032745,0.140565,-1.108188,1.01173,1.185889,-0.600262,0.079239,0.318953,-1.054904,0.817952,0.956388,-0.585558,0.100754,0.424769,-1.037482,0.685245,0.802541,-0.572454
408,0.074008,0.315746,-1.058303,0.769092,0.942264,-0.606754,0.023598,0.145718,-1.107112,0.970136,1.211269,-0.607464,0.076781,0.327067,-1.060635,0.777122,0.951971,-0.589082,0.092475,0.425208,-1.025219,0.663288,0.825323,-0.592441
409,0.060413,0.333206,-1.034183,0.738209,0.979078,-0.585724,0.036457,0.149278,-1.102019,0.939975,1.235201,-0.596943,0.064333,0.338048,-1.053546,0.750909,0.983794,-0.589875,0.076546,0.432144,-1.017659,0.633467,0.845062,-0.597061
410,0.048754,0.340518,-1.038358,0.722555,0.980258,-0.584046,0.039219,0.155558,-1.09892,0.898514,1.272648,-0.599052,0.048374,0.341396,-1.041412,0.734755,1.018065,-0.59232,0.076326,0.442163,-1.011935,0.604998,0.850273,-0.581222
411,0.047335,0.33667,-1.037387,0.692727,1.041699,-0.594826,0.021965,0.153808,-1.077949,0.865737,1.292626,-0.602196,0.040153,0.34697,-1.027617,0.698345,1.049052,-0.580169,0.054678,0.452649,-1.009818,0.606021,0.895502,-0.589721
412,0.040412,0.352775,-1.022489,0.666733,1.071711,-0.572068,0.017828,0.154884,-1.065429,0.822287,1.361547,-0.579781,0.031645,0.343265,-1.02189,0.647208,1.08064,-0.566136,0.052068,0.44415,-0.989159,0.552247,0.916856,-0.601093
413,0.032653,0.351843,-1.020106,0.616667,1.094555,-0.581769,0.018187,0.155139,-1.061363,0.80844,1.386977,-0.601615,0.02889,0.354378,-1.019049,0.616056,1.094418,-0.590924,0.030815,0.453945,-0.989901,0.526064,0.930891,-0.579057
414,0.022766,0.353069,-1.013195,0.590646,1.121982,-0.574024,0.006143,0.162852,-1.055435,0.746369,1.389836,-0.587019,0.021094,0.352738,-1.007938,0.620282,1.127616,-0.589596,0.024689,0.468815,-0.980655,0.506448,0.96041,-0.574726
415,0.015555,0.359689,-0.998172,0.568537,1.115781,-0.579276,0.007337,0.166234,-1.04763,0.71482,1.457129,-0.587217,0.015877,0.358585,-0.988738,0.558849,1.126948,-0.577003,0.017272,0.471132,-0.97321,0.461536,0.980979,-0.590136
416,0.009085,0.365297,-0.975798,0.532807,1.154463,-0.593503,-0.002971,0.165457,-1.036819,0.673325,1.463553,-0.570686,0.012281,0.364737,-0.984659,0.535407,1.171099,-0.566983,0.001737,0.469596,-0.967356,0.464326,0.978136,-0.578634
417,-0.01001,0.369434,-0.975925,0.495532,1.184041,-0.568376,-0.006572,0.163392,-1.028493,0.627141,1.49931,-0.58619,0.000298,0.364698,-0.972716,0.489594,1.202269,-0.571984,-0.008891,0.479438,-0.943033,0.424706,1.016547,-0.58035
418,-0.007803,0.384063,-0.960968,0.47239,1.199299,-0.561043,-0.002522,0.166204,-1.004772,0.595125,1.529025,-0.579689,-0.021702,0.376747,-0.969062,0.475202,1.211049,-0.573784,-0.006585,0.487489,-0.937894,0.383126,1.030408,-0.567046
419,-0.012005,0.375613,-0.953838,0.430552,1.24873,-0.558647,-0.007252,0.170905,-0.995489,0.53588,1.545302,-0.579151,-0.023886,0.382489,-0.951044,0.416586,1.225906,-0.569717,-0.027711,0.493646,-0.921002,0.35691,1.046324,-0.559874
420,-0.026769,0.380721,-0.94284,0.411054,1.260931,-0.560495,-0.013266,0.162768,-0.986196,0.525736,1.591898,-0.568184,-0.025828,0.373295,-0.932922,0.406286,1.261685,-0.548561,-0.041797,0.497094,-0.919586,0.328681,1.07876,-0.565057
421,-0.032995,0.374923,-0.927232,0.370447,1.286657,-0.574248,-0.016441,0.170011,-0.962567,0.461284,1.613521,-0.566975,-0.029134,0.384373,-0.930498,0.367007,1.287319,-0.558665,-0.038225,0.502426,-0.908212,0.328701,1.101407,-0.558492
422,-0.04114,0.379018,-0.921205,0.331492,1.289902,-0.562917,-0.014183,0.173867,-0.947881,0.432858,1.627225,-0.567564,-0.051139,0.384922,-0.915492,0.360957,1.294889,-0.565084,-0.053044,0.497753,-0.889146,0.306854,1.113865,-0.561697
423,-0.047688,0.390824,-0.89628,0.326666,1.317549,-0.550188,-0.024062,0.176028,-0.949995,0.387585,1.66251,-0.550394,-0.039116,0.390092,-0.908394,0.309104,1.323442,-0.564028,-0.064452,0.515129,-0.874251,0.268288,1.137839,-0.547609
424,-0.05825,0.383147,-0.87696,0.275983,1.335406,-0.563384,-0.034335,0.171256,-0.928997,0.358513,1.705718,-0.549667,-0.054926,0.396769,-0.882474,0.275102,1.334362,-0.565905,-0.07461,0.512177,-0.86489,0.237346,1.131332,-0.549685
425,-0.064489,0.393673,-0.876841,0.258435,1.34696,-0.551439,-0.022597,0.181542,-0.916148,0.315022,1.715688,-0.542064,-0.063925,0.391813,-0.879193,0.25258,1.371604,-0.564945,-0.082193,0.514952,-0.860674,0.209577,1.161852,-0.555116
426,-0.075614,0.395826,-0.861394,0.211427,1.389964,-0.549678,-0.031725,0.180583,-0.895759,0.266185,1.740453,-0.535,-0.072801,0.392951,-0.868744,0.220025,1.379235,-0.541889,-0.085225,0.514953,-0.848656,0.183473,1.184133,-0.534224
427,-0.085997,0.402902,-0.844592,0.18157,1.40251,-0.551313,-0.039313,0.184428,-0.883986,0.236324,1.78475,-0.548904,-0.080856,0.403561,-0.851778,0.185472,1.394788,-0.549855,-0.102699,0.530541,-0.821281,0.162427,1.198769,-0.544016
428,-0.092489,0.398463,-0.841795,0.153026,1.423191,-0.535846,-0.047843,0.175735,-0.87843,0.196516,1.786311,-0.53934,-0.090922,0.403455,-0.830374,0.155905,1.430409,-0.554936,-0.109655,0.528776,-0.816269,0.129535,1.196906,-0.54004
429,-0.105861,0.399741,-0.828681,0.116445,1.446052,-0.539147,-0.048238,0.181845,-0.860699,0.154729,1.814162,-0.534455,-0.096388,0.400304,-0.824575,0.116673,1.452964,-0.518041,-0.123444,0.521793,-0.798193,0.116547,1.230316,-0.547045
430,-0.098722,0.396685,-0.793715,0.072474,1.448623,-0.530102,-0.042086,0.190511,-0.848086,0.111511,1.840661,-0.537857,-0.114212,0.401851,-0.809989,0.089115,1.489628,-0.542876,-0.138144,0.532436,-0.780823,0.079677,1.236352,-0.53058
431,-0.111366,0.412494,-0.779477,0.057372,1.460938,-0.535199,-0.056803,0.192146,-0.832342,0.073245,1.852115,-0.516308,-0.118362,0.399961,-0.794737,0.033,1.459455,-0.531778,-0.151061,0.533527,-0.766989,0.058607,1.254605,-0.523138
432,-0.118007,0.407942,-0.772512,0.03099,1.486566,-0.514962,-0.052985,0.188877,-0.811274,0.023244,1.879795,-0.521721,-0.127154,0.404477,-0.785627,0.020786,1.501407,-0.504068,-0.1514,0.52942,-0.760995,0.011213,1.269072,-0.522706
433,-0.126231,0.414961,-0.753706,-0.005876,1.516877,-0.529083,-0.058637,0.187231,-0.796271,-0.027518,1.908019,-0.497372,-0.127762,0.40761,-0.767263,-0.019097,1.510121,-0.497023,-0.16121,0.539305,-0.743153,-0.004024,1.274454,-0.508568
434,-0.142065,0.413438,-0.742401,-0.047689,1.520903,-0.507545,-0.06535,0.186298,-0.772603,-0.040398,1.92116,-0.519649,-0.127373,0.407696,-0.746214,-0.043815,1.516932,-0.507113,-0.175437,0.541186,-0.726591,-0.047597,1.289323,-0.489345
435,-0.144034,0.410883,-0.728467,-0.090772,1.534494,-0.498277,-0.068754,0.18653,-0.754301,-0.103974,1.956041,-0.481248,-0.141866,0.424629,-0.7295,-0.071169,1.543633,-0.493746,-0.184029,0.549927,-0.714944,-0.078735,1.316733,-0.493887
436,-0.145953,0.42838,-0.708418,-0.107948,1.548698,-0.48682,-0.065344,0.180874,-0.737285,-0.131178,1.970773,-0.479469,-0.144943,0.421997,-0.716969,-0.116015,1.55574,-0.489036,-0.199313,0.537653,-0.697785,-0.093121,1.34137,-0.48959
437,-0.148304,0.424716,-0.698685,-0.130377,1.564241,-0.483396,-0.06952,0.182322,-0.729115,-0.189444,1.996919,-0.49789,-0.158713,0.418476,-0.700474,-0.159206,1.562277,-0.479333,-0.20685,0.539778,-0.672305,-0.121868,1.336124,-0.49547
438,-0.166252,0.423123,-0.679428,-0.17771,1.577992,-0.497172,-0.083702,0.19385,-0.711492,-0.235489,1.985447,-0.490844,-0.163561,0.419979,-0.676792,-0.168069,1.578677,-0.466886,-0.219966,0.544852,-0.658895,-0.150897,1.366979,-0.488461
439,-0.165101,0.423913,-0.662641,-0.203883,1.584167,-0.477235,-0.082734,0.192489,-0.694666,-0.266235,2.010043,-0.461224,-0.169255,0.415748,-0.669158,-0.214907,1.592111,-0.474238,-0.226533,0.54797,-0.643803,-0.181581,1.353127,-0.476328
440,-0.171513,0.427305,-0.641421,-0.243698,1.603241,-0.461138,-0.077316,0.176485,-0.669286,-0.310367,2.016319,-0.472732,-0.184065,0.424229,-0.643763,-0.262014,1.609235,-0.46698,-0.228573,0.550855,-0.626224,-0.202518,1.364346,-0.463151
441,-0.192065,0.419357,-0.624067,-0.280889,1.613385,-0.446316,-0.086574,0.184783,-0.653589,-0.347389,2.038683,-0.470642,-0.182968,0.427092,-0.625266,-0.267438,1.622621,-0.458734,-0.247041,0.550828,-0.603001,-0.243135,1.377721,-0.452223
442,-0.196074,0.418872,-0.610456,-0.307256,1.631416,-0.462089,-0.099891,0.198161,-0.638188,-0.374029,2.058571,-0.434354,-0.190599,0.417228,-0.608291,-0.309217,1.634614,-0.443058,-0.251453,0.553942,-0.590748,-0.261345,1.389071,-0.45604
443,-0.198589,0.416607,-0.594171,-0.327405,1.62958,-0.444906,-0.087772,0.176984,-0.610238,-0.443072,2.065694,-0.429901,-0.2032,0.418613,-0.592913,-0.328013,1.639828,-0.446715,-0.266522,0.560528,-0.579536,-0.27999,1.406299,-0.460027
444,-0.206063,0.420029,-0.575792,-0.370317,1.648981,-0.447476,-0.095842,0.198846,-0.597056,-0.456461,2.078937,-0.438037,-0.216283,0.415395,-0.572404,-0.368694,1.650836,-0.449253,-0.276789,0.542023,-0.56445,-0.299856,1.405933,-0.437857
445,-0.208002,0.415647,-0.551913,-0.392959,1.656089,-0.429372,-0.097896,0.193029,-0.577269,-0.509486,2.08443,-0.440238,-0.215849,0.42008,-0.557656,-0.405718,1.678202,-0.424995,-0.284578,0.546939,-0.535764,-0.336446,1.415878,-0.426814
446,-0.219757,0.414285,-0.541076,-0.43672,1.668206,-0.419063,-0.090286,0.196335,-0.562333,-0.536268,2.116771,-0.407794,-0.224551,0.417058,-0.534089,-0.427503,1.65941,-0.409677,-0.292638,0.548132,-0.515071,-0.354658,1.409791,-0.42018
447,-0.227104,0.424267,-0.511701,-0.453541,1.67998,-0.423647,-0.104249,0.18724,-0.541879,-0.588878,2.105648,-0.415985,-0.224127,0.420736,-0.511032,-0.457881,1.662683,-0.425344,-0.293704,0.551042,-0.502208,-0.390356,1.441189,-0.411118
448,-0.232528,0.425897,-0.495061,-0.508072,1.687742,-0.394005,-0.111463,0.186236,-0.519423,-0.626457,2.117959,-0.418973,-0.236441,0.421081,-0.499574,-0.508345,1.709873,-0.408807,-0.300262,0.5544,-0.48777,-0.415432,1.433365,-0.404795
449,-0.250743,0.406905,-0.482845,-0.536606,1.686613,-0.404285,-0.110281,0.191057,-0.498842,-0.659432,2.134293,-0.403271,-0.243615,0.412736,-0.477311,-0.51509,1.682925,-0.391257,-0.31349,0.541921,-0.459922,-0.452033,1.448426,-0.381799
450,-0.241099,0.434482,-0.463155,-0.572341,1.703456,-0.383736,-0.108036,0.190174,-0.479791,-0.713964,2.15282,-0.359057,-0.241326,0.419921,-0.473535,-0.563871,1.70295,-0.38141,-0.325992,0.544787,-0.444029,-0.479463,1.477264,-0.388219
451,-0.252913,0.412371,-0.430817,-0.586637,1.719683,-0.39906,-0.104945,0.194837,-0.453615,-0.768411,2.158487,-0.371727,-0.249875,0.422778,-0.44385,-0.575635,1.70551,-0.37963,-0.327007,0.545379,-0.426209,-0.504091,1.453628,-0.378115
452,-0.261582,0.414423,-0.422668,-0.645438,1.711204,-0.370052,-0.118022,0.189283,-0.445961,-0.784863,2.166333,-0.380718,-0.26787,0.419694,-0.421329,-0.645314,1.717598,-0.371949,-0.341335,0.545138,-0.411827,-0.53669,1.46478,-0.374713
453,-0.272066,0.420256,-0.403247,-0.665165,1.705719,-0.365057,-0.127675,0.191881,-0.407863,-0.852164,2.180262,-0.375355,-0.266238,0.406997,-0.396986,-0.641725,1.718966,-0.372335,-0.341721,0.537007,-0.394406,-0.550173,1.485484,-0.362367
454,-0.272491,0.406618,-0.377715,-0.68332,1.717499,-0.359426,-0.124251,0.193111,-0.399735,-0.863953,2.181176,-0.350372,-0.274561,0.416063,-0.376702,-0.674027,1.714658,-0.366635,-0.35219,0.539977,-0.37127,-0.577501,1.470577,-0.367266
455,-0.282169,0.419543,-0.355609,-0.705688,1.709017,-0.3291,-0.12074,0.178542,-0.380391,-0.886624,2.183583,-0.340104,-0.276331,0.410997,-0.354477,-0.728015,1.729648,-0.347328,-0.359278,0.533916,-0.34901,-0.614245,1.448929,-0.355573
456,-0.282534,0.415451,-0.333233,-0.748185,1.725943,-0.334335,-0.131695,0.187564,-0.349045,-0.924948,2.181052,-0.338762,-0.29396,0.406971,-0.347649,-0.74322,1.734658,-0.329339,-0.374281,0.54809,-0.326586,-0.646015,1.48682,-0.34856
457,-0.296918,0.412909,-0.317714,-0.782299,1.737325,-0.323003,-0.132434,0.17897,-0.33215,-1.002393,2.188246,-0.324044,-0.297252,0.408073,-0.310941,-0.760912,1.720374,-0.312825,-0.383493,0.52817,-0.308248,-0.661041,1.462494,-0.331434
458,-0.300672,0.41741,-0.304043,-0.793353,1.718912,-0.315435,-0.137391,0.177158,-0.315361,-1.024577,2.190016,-0.318862,-0.302754,0.40846,-0.296557,-0.80425,1.731554,-0.333269,-0.387275,0.529101,-0.286234,-0.698267,1.477599,-0.302123
459,-0.303758,0.404343,-0.281418,-0.839978,1.739262,-0.307363,-0.138418,0.181673,-0.280114,-1.04189,2.179195,-0.314397,-0.296006,0.412099,-0.278489,-0.828539,1.732432,-0.315707,-0.389713,0.518626,-0.271062,-0.694965,1.484622,-0.306096
460,-0.31214,0.400315,-0.264303,-0.848159,1.730482,-0.302746,-0.138768,0.187718,-0.270327,-1.088232,2.202681,-0.328636,-0.308275,0.399039,-0.253542,-0.851204,1.723635,-0.282423,-0.403151,0.531057,-0.249508,-0.741512,1.492191,-0.314258
461,-0.313522,0.405442,-0.249931,-0.880983,1.74259,-0.292332,-0.14629,0.191253,-0.245333,-1.114134,2.199643,-0.288886,-0.319985,0.405016,-0.235511,-0.883207,1.721016,-0.264591,-0.398413,0.52265,-0.235687,-0.760316,1.486346,-0.289505
462,-0.318615,0.397648,-0.217641,-0.919281,1.742017,-0.280701,-0.146857,0.181328,-0.228117,-1.162339,2.192316,-0.272485,-0.322079,0.403326,-0.215521,-0.916321,1.72693,-0.273839,-0.415903,0.520855,-0.206403,-0.773717,1.48605,-0.281476
463,-0.325799,0.406126,-0.195281,-0.947489,1.729123,-0.266894,-0.1496,0.180181,-0.211961,-1.189285,2.186424,-0.288072,-0.322625,0.398498,-0.191114,-0.946657,1.722927,-0.248591,-0.433158,0.512544,-0.195976,-0.799461,1.48115,-0.285251
464,-0.328672,0.384586,-0.175016,-0.969673,1.728047,-0.262905,-0.157552,0.181446,-0.179574,-1.233529,2.16143,-0.267242,-0.334904,0.397714,-0.172587,-0.96936,1.732032,-0.249058,-0.429831,0.513643,-0.170569,-0.844762,1.456098,-0.260683
465,-0.332651,0.397676,-0.154951,-0.984232,1.72254,-0.248733,-0.157941,0.182177,-0.163915,-1.263221,2.182954,-0.260306,-0.343706,0.391263,-0.150225,-0.978965,1.729181,-0.246637,-0.43623,0.509869,-0.152877,-0.849009,1.452126,-0.232018
466,-0.345945,0.39594,-0.129197,-1.011401,1.70357,-0.232997,-0.151067,0.174031,-0.132207,-1.283484,2.183678,-0.237213,-0.334664,0.390023,-0.133151,-1.014994,1.719899,-0.225121,-0.437301,0.50818,-0.133985,-0.882103,1.479812,-0.233198
467,-0.341633,0.383345,-0.117771,-1.027489,1.709794,-0.234189,-0.159854,0.168566,-0.108588,-1.316625,2.151567,-0.221882,-0.343246,0.388454,-0.10493,-1.032973,1.714837,-0.223286,-0.438677,0.507665,-0.101537,-0.913904,1.463758,-0.233775
468,-0.347367,0.379632,-0.08396,-1.085576,1.73658,-0.222613,-0.160151,0.176719,-0.102407,-1.358629,2.165441,-0.237459,-0.345997,0.375441,-0.081319,-1.077642,1.730776,-0.221578,-0.445355,0.498501,-0.092489,-0.924264,1.474578,-0.229788
469,-0.352512,0.37918,-0.080196,-1.101235,1.705637,-0.196054,-0.16008,0.172526,-0.075214,-1.378511,2.155614,-0.208092,-0.347639,0.378816,-0.077297,-1.103724,1.734815,-0.228873,-0.455703,0.492908,-0.066582,-0.948141,1.464684,-0.212783
470,-0.363762,0.38403,-0.042291,-1.11683,1.711379,-0.194721,-0.153931,0.169646,-0.048895,-1.435282,2.157151,-0.193226,-0.35677,0.371052,-0.046787,-1.119607,1.70293,-0.199108,-0.467059,0.475308,-0.046187,-0.957262,1.455539,-0.203608
471,-0.369583,0.367505,-0.028875,-1.139759,1.699071,-0.187124,-0.159272,0.169363,-0.014419,-1.445364,2.16727,-0.19889,-0.366521,0.376055,-0.029016,-1.150747,1.712308,-0.206453,-0.472896,0.486669,-0.024136,-0.983468,1.446664,-0.181117
472,-0.3652,0.369371,-0.010314,-1.163885,1.702886,-0.17541,-0.167753,0.165231,-0.001727,-1.477779,2.121422,-0.171005,-0.368544,0.366699,0.003281,-1.178192,1.673055,-0.188261,-0.471806,0.474369,-0.01423,-1.006616,1.443625,-0.179592
473,-0.374108,0.365056,0.01989,-1.20283,1.675718,-0.158346,-0.167867,0.162072,0.017293,-1.517652,2.116232,-0.162507,-0.357512,0.36353,0.0147,-1.190994,1.682543,-0.180178,-0.48031,0.477573,0.021456,-1.032159,1.43306,-0.178555
474,-0.373474,0.35703,0.036958,-1.203809,1.661071,-0.130746,-0.174032,0.157058,0.040217,-1.532459,2.123929,-0.185909,-0.369389,0.360017,0.044215,-1.232262,1.6894,-0.158732,-0.485294,0.473695,0.041475,-1.042426,1.430784,-0.147459
475,-0.373321,0.354651,0.055462,-1.233489,1.664128,-0.139499,-0.172594,0.15307,0.067799,-1.580169,2.108739,-0.123494,-0.383541,0.354691,0.05472,-1.245124,1.67458,-0.152988,-0.492578,0.458418,0.046079,-1.06012,1.436144,-0.143996
476,-0.384203,0.351067,0.074189,-1.243332,1.660521,-0.139807,-0.16914,0.153286,0.08191,-1.590785,2.113055,-0.111699,-0.380741,0.343535,0.08607,-1.248468,1.654384,-0.147869,-0.495016,0.459974,0.081182,-1.079535,1.407341,-0.136046
477,-0.376875,0.35084,0.098588,-1.28552,1.655784,-0.114949,-0.171382,0.146453,0.115089,-1.63863,2.068947,-0.112922,-0.381428,0.339506,0.093553,-1.287459,1.647519,-0.120397,-0.498063,0.453793,0.099955,-1.106228,1.418339,-0.128123
478,-0.384673,0.346464,0.121762,-1.310276,1.664968,-0.115774,-0.17667,0.160026,0.125791,-1.652865,2.07665,-0.103534,-0.383645,0.333314,0.109723,-1.311018,1.645945,-0.127029,-0.50708,0.452528,0.126169,-1.129587,1.405739,-0.109625
479,-0.398632,0.331245,0.150917,-1.330731,1.615204,-0.096816,-0.180912,0.15014,0.149668,-1.683243,2.052596,-0.101077,-0.392773,0.335251,0.138205,-1.332895,1.625035,-0.116378,-0.507462,0.438848,0.146464,-1.132232,1.389297,-0.119845
480,-0.389972,0.332305,0.162522,-1.34079,1.620157,-0.107493,-0.171719,0.145705,0.172466,-1.719216,2.044603,-0.087045,-0.390962,0.329215,0.164541,-1.353029,1.600622,-0.085528,-0.511125,0.429029,0.163804,-1.13054,1.377321,-0.077238
481,-0.38954,0.324273,0.187152,-1.361261,1.609088,-0.089258,-0.17814,0.161904,0.182059,-1.742593,2.045632,-0.074706,-0.393515,0.320224,0.187693,-1.371274,1.604099,-0.053186,-0.506984,0.419842,0.175756,-1.167796,1.367588,-0.089828
482,-0.394797,0.323281,0.204855,-1.397684,1.589454,-0.056094,-0.181073,0.135245,0.210536,-1.749443,1.999809,-0.063545,-0.397284,0.326393,0.209156,-1.390628,1.592098,-0.076312,-0.527312,0.410506,0.205961,-1.202193,1.360759,-0.072516
483,-0.402934,0.31854,0.229238,-1.41393,1.575954,-0.06251,-0.189146,0.141491,0.238447,-1.792715,1.977604,-0.058633,-0.404521,0.315925,0.224997,-1.415819,1.589557,-0.059406,-0.521403,0.40684,0.215442,-1.191263,1.343989,-0.057915
484,-0.400117,0.31306,0.252748,-1.421772,1.562251,-0.033435,-0.173127,0.142526,0.258446,-1.801901,1.971859,-0.041366,-0.402177,0.315443,0.245834,-1.399913,1.570364,-0.047939,-0.535365,0.412352,0.235844,-1.221452,1.359031,-0.025591
485,-0.406517,0.300221,0.269448,-1.442371,1.551413,-0.023777,-0.191484,0.137785,0.27294,-1.824688,1.975934,-0.01817,-0.407064,0.303845,0.269061,-1.452746,1.546796,-0.019343,-0.530131,0.400203,0.269724,-1.238001,1.326702,-0.043747
486,-0.407579,0.294396,0.292266,-1.452553,1.531367,-0.034862,-0.183063,0.13254,0.299967,-1.834431,1.932598,-0.02118,-0.411911,0.299481,0.282355,-1.471416,1.558123,-0.011424,-0.531762,0.39121,0.286885,-1.257436,1.289886,-0.02443
487,-0.409596,0.293908,0.312464,-1.483805,1.511304,-0.01195,-0.191321,0.138977,0.325795,-1.865517,1.914051,-0.006333,-0.407729,0.287188,0.308783,-1.484901,1.52323,-0.018931,-0.542608,0.385222,0.301268,-1.271772,1.299265,0.00229
488,-0.41657,0.2851,0.327769,-1.517844,1.500386,0.006807,-0.181584,0.133403,0.348924,-1.896181,1.895996,-0.018005,-0.416974,0.285704,0.326709,-1.501639,1.505823,-0.018826,-0.532634,0.376331,0.327107,-1.301009,1.266229,-1.4e-05
489,-0.4087,0.295744,0.339828,-1.511816,1.488954,0.017718,-0.18152,0.12573,0.362832,-1.926229,1.880655,0.014579,-0.416069,0.278376,0.347416,-1.515246,1.496321,0.016395,-0.536851,0.371833,0.337237,-1.302504,1.264953,0.001273
490,-0.415055,0.28071,0.36962,-1.539992,1.473814,0.045343,-0.197709,0.128541,0.382442,-1.932343,1.84332,0.006661,-0.419646,0.280572,0.374704,-1.525497,1.462018,0.020286,-0.540836,0.356617,0.3609,-1.307831,1.234214,0.001146
491,-0.428685,0.2743,0.397112,-1.551425,1.471534,0.029576,-0.198415,0.125808,0.399172,-1.960069,1.844191,0.024966,-0.414355,0.269069,0.389389,-1.559053,1.456198,0.035045,-0.54013,0.357512,0.379475,-1.324117,1.241941,0.035005
492,-0.416068,0.271011,0.407541,-1.56304,1.41586,0.033661,-0.186403,0.117732,0.427397,-1.985615,1.823661,0.043427,-0.417811,0.269752,0.410035,-1.565666,1.424114,0.051094,-0.538012,0.338007,0.395149,-1.32793,1.225875,0.056455
493,-0.425069,0.260864,0.437045,-1.565999,1.420926,0.053802,-0.187011,0.114384,0.455209,-1.97009,1.785418,0.05186,-0.42163,0.24878,0.435885,-1.572029,1.42451,0.060166,-0.543122,0.342693,0.42509,-1.328491,1.198527,0.064082
494,-0.410246,0.249472,0.458155,-1.609514,1.386826,0.077152,-0.193012,0.117274,0.477045,-2.003887,1.756288,0.081888,-0.421358,0.250145,0.451566,-1.590279,1.39334,0.075886,-0.553406,0.336004,0.437705,-1.346817,1.206042,0.0488
495,-0.422147,0.235862,0.471233,-1.612637,1.379597,0.069539,-0.185702,0.114586,0.487634,-2.004756,1.739893,0.078261,-0.432905,0.243082,0.464416,-1.591658,1.378892,0.076904,-0.552093,0.33097,0.452132,-1.349467,1.185424,0.053593
496,-0.421929,0.232993,0.487537,-1.618669,1.349562,0.090676,-0.191278,0.114431,0.511159,-2.021606,1.714595,0.104531,-0.41949,0.236399,0.494047,-1.597717,1.360588,0.081323,-0.547247,0.312826,0.473649,-1.378109,1.163506,0.082044
497,-0.420374,0.234064,0.507557,-1.628111,1.325993,0.078871,-0.20133,0.106304,0.539171,-2.052568,1.692236,0.09269,-0.412438,0.229867,0.515738,-1.633177,1.331972,0.107071,-0.556286,0.306718,0.49394,-1.396675,1.136608,0.097747
498,-0.430213,0.226179,0.521157,-1.634605,1.300506,0.106662,-0.198051,0.10543,0.54682,-2.072215,1.653748,0.099479,-0.412402,0.228166,0.521841,-1.648341,1.302237,0.128678,-0.546546,0.293375,0.518805,-1.387634,1.132155,0.085951
499,-0.418831,0.224036,0.550963,-1.640981,1.3051,0.113692,-0.185702,0.105734,0.567552,-2.093749,1.632274,0.11128,-0.425181,0.214789,0.546746,-1.644224,1.29263,0.122888,-0.554951,0.279998,0.534624,-1.409931,1.105145,0.117444
500,-0.424968,0.210741,0.561553,-1.655151,1.268588,0.139413,-0.185867,0.09346,0.586382,-2.082042,1.613484,0.145903,-0.425843,0.208967,0.566316,-1.661759,1.270591,0.127118,-0.555284,0.288514,0.544134,-1.41793,1.084011,0.141531
501,-0.422156,0.201374,0.585165,-1.673836,1.251848,0.163097,-0.19693,0.085804,0.606703,-2.090004,1.587805,0.154524,-0.422627,0.20835,0.580423,-1.686241,1.250239,0.140276,-0.552206,0.266282,0.563494,-1.426485,1.079729,0.145555
502,-0.420128,0.199288,0.595578,-1.685895,1.236785,0.142673,-0.187651,0.082804,0.62191,-2.134138,1.544004,0.16629,-0.422404,0.203913,0.595393,-1.684439,1.231822,0.149859,-0.546877,0.257871,0.592246,-1.43197,1.046799,0.161013
503,-0.430629,0.188337,0.620818,-1.675675,1.190265,0.164997,-0.191336,0.08931,0.650954,-2.122299,1.497886,0.153243,-0.432256,0.19212,0.612286,-1.681005,1.204743,0.168286,-0.556611,0.25159,0.598507,-1.415665,1.024514,0.18055
504,-0.417102,0.179607,0.631902,-1.683964,1.176981,0.16684,-0.197388,0.076293,0.67177,-2.129983,1.482567,0.170968,-0.426107,0.183069,0.636156,-1.686658,1.197506,0.174601,-0.546698,0.238431,0.616731,-1.434121,1.002987,0.175792
505,-0.421008,0.176044,0.660714,-1.710339,1.141818,0.182493,-0.193364,0.071071,0.672483,-2.135925,1.459932,0.179528,-0.419022,0.168621,0.646162,-1.708739,1.157022,0.183199,-0.546966,0.22102,0.640544,-1.445614,0.981343,0.182091
506,-0.411624,0.167617,0.663176,-1.689783,1.138905,0.18055,-0.190604,0.070661,0.703945,-2.157764,1.419115,0.199814,-0.418164,0.173735,0.665905,-1.688446,1.1407,0.205898,-0.54192,0.225095,0.655915,-1.467551,0.969005,0.19947
507,-0.4178,0.158954,0.693081,-1.71604,1.098326,0.195134,-0.189323,0.064585,0.720405,-2.156683,1.381353,0.218134,-0.409727,0.164568,0.686968,-1.698984,1.10267,0.200644,-0.544013,0.201845,0.680622,-1.47341,0.946541,0.20397
508,-0.417677,0.15188,0.703988,-1.720276,1.077744,0.226628,-0.193362,0.059613,0.734083,-2.174483,1.343456,0.217205,-0.419434,0.155917,0.704687,-1.716659,1.096573,0.207096,-0.546959,0.203487,0.684431,-1.448588,0.923794,0.223101
509,-0.41983,0.148062,0.724189,-1.711782,1.061467,0.226155,-0.186071,0.058855,0.754601,-2.172526,1.335469,0.225086,-0.413087,0.141685,0.718324,-1.716236,1.069754,0.214028,-0.538238,0.195903,0.708765,-1.475598,0.889947,0.219735
510,-0.414427,0.147002,0.734412,-1.716883,1.018883,0.249552,-0.190282,0.060197,0.767414,-2.172325,1.303244,0.249118,-0.42019,0.136165,0.743707,-1.741281,1.040149,0.237807,-0.545859,0.182014,0.72326,-1.468888,0.869039,0.229135
511,-0.411639,0.135431,0.753745,-1.734936,0.981756,0.257603,-0.187585,0.06268,0.780059,-2.178422,1.249017,0.244052,-0.415962,0.130925,0.752624,-1.73323,0.998691,0.267285,-0.538442,0.171893,0.725603,-1.463118,0.86412,0.238775
512,-0.415012,0.133148,0.757619,-1.734929,0.960473,0.258263,-0.182443,0.048662,0.804206,-2.179572,1.243551,0.258421,-0.409284,0.126762,0.776301,-1.721501,0.983141,0.259684,-0.540089,0.160248,0.74662,-1.469587,0.845144,0.270939
513,-0.408385,0.112761,0.783717,-1.719192,0.945913,0.25875,-0.182597,0.048546,0.824605,-2.192395,1.186751,0.267246,-0.409374,0.116868,0.779176,-1.709603,0.943001,0.285295,-0.536109,0.14384,0.760055,-1.473205,0.810921,0.255592
514,-0.397111,0.104904,0.789929,-1.736231,0.920542,0.271238,-0.185244,0.044133,0.835023,-2.180475,1.157553,0.272225,-0.414855,0.111189,0.799769,-1.747975,0.915594,0.267307,-0.526558,0.140387,0.779946,-1.487546,0.786667,0.280447
515,-0.397239,0.100448,0.823748,-1.730381,0.893547,0.261155,-0.182468,0.053522,0.844835,-2.186436,1.114195,0.288741,-0.40224,0.096591,0.811706,-1.745976,0.898157,0.281428,-0.528501,0.138327,0.803294,-1.483319,0.763492,0.292905
516,-0.401676,0.089499,0.822622,-1.730523,0.862317,0.29586,-0.175316,0.038876,0.868981,-2.187764,1.087169,0.293131,-0.398331,0.082586,0.82757,-1.704153,0.864018,0.300415,-0.532444,0.128065,0.820503,-1.485249,0.737517,0.298818
517,-0.398472,0.0811,0.844548,-1.736331,0.827647,0.293205,-0.177685,0.03769,0.887965,-2.183921,1.05477,0.317575,-0.399728,0.081799,0.844027,-1.727642,0.83106,0.314284,-0.528795,0.10606,0.830984,-1.506302,0.715362,0.301795
518,-0.408799,0.075917,0.858643,-1.728775,0.821929,0.308839,-0.17975,0.042681,0.897208,-2.185853,1.000614,0.317509,-0.396013,0.07521,0.864427,-1.731653,0.802003,0.300448,-0.517005,0.103841,0.838498,-1.490912,0.694418,0.325957
519,-0.396569,0.064228,0.869524,-1.75895,0.768061,0.320871,-0.181092,0.035633,0.908851,-2.183621,0.971766,0.331956,-0.390517,0.070226,0.877498,-1.726254,0.778024,0.316568,-0.512448,0.099232,0.845303,-1.461101,0.661928,0.329876
520,-0.398924,0.065175,0.885494,-1.726054,0.759965,0.332197,-0.173909,0.020178,0.932512,-2.196787,0.932543,0.320428,-0.392465,0.058779,0.882217,-1.723136,0.758218,0.316704,-0.511164,0.082235,0.859641,-1.47984,0.616464,0.352682
521,-0.38356,0.061852,0.892614,-1.719911,0.719012,0.332377,-0.188048,0.029726,0.938179,-2.186949,0.905976,0.353641,-0.39517,0.045976,0.909464,-1.720554,0.721225,0.349126,-0.51702,0.072191,0.872094,-1.477816,0.617728,0.349579
522,-0.378651,0.047082,0.917478,-1.71299,0.695616,0.343194,-0.17586,0.020427,0.949302,-2.186965,0.875972,0.343847,-0.376709,0.046701,0.915538,-1.71296,0.714042,0.355536,-0.502953,0.055366,0.885109,-1.466354,0.594435,0.364602
523,-0.384928,0.033082,0.927812,-1.732712,0.641065,0.353688,-0.177898,0.01763,0.956753,-2.173262,0.838364,0.340293,-0.393732,0.025803,0.925361,-1.712399,0.645851,0.359692,-0.488044,0.04643,0.89841,-1.467143,0.562733,0.363636
524,-0.377395,0.030812,0.929772,-1.713309,0.62328,0.373044,-0.175619,0.010209,0.975563,-2.166425,0.792212,0.364716,-0.383783,0.027982,0.937228,-1.725851,0.63165,0.358832,-0.499122,0.037049,0.91416,-1.464659,0.535278,0.377859
525,-0.381378,0.027507,0.946568,-1.706145,0.604237,0.388762,-0.168126,0.010083,0.98259,-2.172055,0.751216,0.386572,-0.373163,0.011926,0.952808,-1.687058,0.596286,0.35809,-0.489251,0.026562,0.915837,-1.457481,0.504958,0.387285
526,-0.368382,0.007808,0.957144,-1.695354,0.568556,0.378706,-0.167262,0.00494,1.003479,-2.145913,0.717863,0.372113,-0.371649,0.012072,0.966849,-1.691568,0.550996,0.388999,-0.484479,0.010397,0.931679,-1.440511,0.475919,0.37735
527,-0.36808,-0.001569,0.973997,-1.691028,0.530222,0.390558,-0.165979,-0.00131,1.003753,-2.14781,0.682457,0.407537,-0.379746,0.008844,0.968249,-1.705355,0.523664,0.412048,-0.482406,0.00836,0.943296,-1.44133,0.461118,0.407543
528,-0.359449,-0.002416,0.980313,-1.678595,0.499245,0.399376,-0.16659,0.008942,1.02405,-2.133369,0.660611,0.414735,-0.366158,0.000307,0.978265,-1.665922,0.493887,0.393968,-0.48479,-0.002376,0.954087,-1.442383,0.430077,0.424812
529,-0.356053,-0.010489,0.981928,-1.681682,0.490087,0.41918,-0.163977,-0.00737,1.037587,-2.120819,0.608209,0.410523,-0.361909,-0.008264,0.999377,-1.686625,0.487262,0.41686,-0.469405,-0.007822,0.965847,-1.430849,0.424884,0.423371
530,-0.356621,-0.026442,1.007159,-1.669984,0.442171,0.410593,-0.161579,-0.012845,1.03472,-2.105643,0.555074,0.414169,-0.358664,-0.012274,1.01159,-1.679014,0.45648,0.422278,-0.47039,-0.019901,0.977711,-1.42469,0.389326,0.412145
531,-0.350239,-0.022804,1.00632,-1.665835,0.407273,0.434713,-0.161903,-0.010887,1.065891,-2.119952,0.514206,0.428239,-0.349416,-0.02614,1.018179,-1.666248,0.411123,0.439286,-0.460764,-0.034025,0.981754,-1.41253,0.355015,0.430176
532,-0.350136,-0.029936,1.020676,-1.656572,0.369225,0.4208,-0.154795,-0.020827,1.059132,-2.081479,0.481529,0.438654,-0.343524,-0.030462,1.014407,-1.634856,0.380045,0.426627,-0.443866,-0.042172,0.991902,-1.412523,0.317419,0.434045
533,-0.345512,-0.030006,1.038232,-1.633948,0.37015,0.454897,-0.157171,-0.014487,1.072274,-2.076228,0.442369,0.425148,-0.338299,-0.043617,1.029267,-1.641029,0.351787,0.448943,-0.440489,-0.052252,0.999702,-1.392501,0.315325,0.439692
534,-0.346439,-0.052222,1.038006,-1.63823,0.298734,0.451343,-0.152998,-0.015351,1.081452,-2.05328,0.403931,0.476703,-0.337128,-0.047945,1.027636,-1.641875,0.318218,0.460388,-0.446001,-0.066973,1.004362,-1.401975,0.27561,0.448455
535,-0.334341,-0.061438,1.04497,-1.633409,0.282087,0.460312,-0.156993,-0.031468,1.092809,-2.04988,0.365264,0.45129,-0.332834,-0.052847,1.043746,-1.617976,0.299729,0.463667,-0.434228,-0.072987,1.00809,-1.378679,0.239849,0.453112
536,-0.334795,-0.055145,1.048723,-1.60796,0.238793,0.46302,-0.152782,-0.028094,1.087055,-2.049243,0.312854,0.46439,-0.331499,-0.063808,1.049169,-1.600998,0.2563,0.459661,-0.422116,-0.084478,1.020305,-1.394141,0.213762,0.469463
537,-0.31931,-0.075232,1.067659,-1.58872,0.208828,0.468642,-0.145759,-0.032777,1.105829,-2.007046,0.269586,0.467456,-0.322327,-0.076235,1.065889,-1.606422,0.228825,0.46121,-0.426276,-0.097754,1.034913,-1.355095,0.195417,0.475387
538,-0.322431,-0.084156,1.071118,-1.58745,0.18361,0.483379,-0.145994,-0.032344,1.112405,-2.006252,0.237623,0.484121,-0.326754,-0.080553,1.067021,-1.555159,0.183696,0.492864,-0.411496,-0.109653,1.030594,-1.35018,0.157499,0.485035
539,-0.303659,-0.092116,1.069448,-1.568117,0.136842,0.504236,-0.1342,-0.046578,1.127729,-2.003295,0.186706,0.48454,-0.320031,-0.084746,1.075414,-1.587696,0.16341,0.485764,-0.406997,-0.107909,1.050385,-1.35782,0.124888,0.486966
540,-0.297873,-0.092874,1.081481,-1.547951,0.121632,0.478866,-0.14185,-0.046981,1.124822,-1.973906,0.176898,0.479956,-0.309442,-0.097712,1.07597,-1.57193,0.129029,0.497593,-0.404818,-0.128954,1.05801,-1.317232,0.109156,0.48324
541,-0.30514,-0.102907,1.082681,-1.539676,0.08974,0.489812,-0.139529,-0.056363,1.130494,-1.95085,0.101045,0.504388,-0.29985,-0.110365,1.082824,-1.54704,0.095653,0.497993,-0.396724,-0.13758,1.05843,-1.320267,0.07911,0.505111
542,-0.288668,-0.119863,1.095601,-1.525064,0.042419,0.511632,-0.140766,-0.057224,1.142821,-1.935693,0.080825,0.502051,-0.290859,-0.101079,1.095072,-1.519159,0.048804,0.504519,-0.384686,-0.143878,1.064376,-1.29734,0.058694,0.499405
543,-0.295298,-0.121196,1.099708,-1.505376,0.02707,0.507441,-0.129787,-0.047007,1.141779,-1.914288,0.020781,0.510273,-0.28993,-0.121302,1.099878,-1.499168,0.016069,0.49549,-0.381701,-0.157637,1.066317,-1.292191,0.014586,0.511243
544,-0.287172,-0.126021,1.098682,-1.511319,-0.021109,0.530113,-0.131661,-0.059046,1.150042,-1.894802,-0.016342,0.521102,-0.281267,-0.129321,1.09841,-1.494011,-0.019606,0.502961,-0.371853,-0.157576,1.067159,-1.280061,0.000684,0.517731
545,-0.287369,-0.13964,1.107528,-1.472058,-0.042832,0.518915,-0.129112,-0.061201,1.154525,-1.880591,-0.030537,0.517067,-0.280795,-0.12787,1.10435,-1.475171,-0.059993,0.523409,-0.36366,-0.179144,1.088635,-1.249229,-0.019409,0.526898
546,-0.271422,-0.15217,1.110081,-1.44916,-0.082254,0.514252,-0.125166,-0.072307,1.15387,-1.85297,-0.085465,0.505066,-0.272439,-0.136982,1.115386,-1.467521,-0.067635,0.534397,-0.355178,-0.189911,1.08392,-1.257979,-0.047687,0.535294
547,-0.258823,-0.156055,1.11483,-1.419085,-0.097641,0.522228,-0.117392,-0.063673,1.159238,-1.831388,-0.140882,0.555288,-0.259748,-0.148967,1.113984,-1.433225,-0.132388,0.517482,-0.351484,-0.202448,1.083135,-1.241889,-0.085295,0.526911
548,-0.257348,-0.162146,1.124626,-1.428574,-0.140826,0.539807,-0.112627,-0.076521,1.167344,-1.818107,-0.15802,0.539714,-0.258657,-0.154003,1.116842,-1.434256,-0.146554,0.524657,-0.334021,-0.20406,1.091919,-1.205665,-0.12004,0.533652
549,-0.256884,-0.160552,1.116036,-1.406973,-0.183529,0.550961,-0.111297,-0.069421,1.172312,-1.773976,-0.222698,0.547286,-0.257089,-0.156603,1.124505,-1.39008,-0.173509,0.535686,-0.334535,-0.21662,1.09382,-1.192231,-0.163274,0.547591
550,-0.249542,-0.166283,1.120505,-1.387697,-0.205878,0.557186,-0.119497,-0.078311,1.168227,-1.754099,-0.260915,0.531971,-0.237975,-0.17545,1.126925,-1.378536,-0.194673,0.552477,-0.319836,-0.223736,1.088193,-1.187021,-0.167874,0.543564
551,-0.233691,-0.177194,1.120556,-1.349903,-0.240813,0.561803,-0.111175,-0.075277,1.180203,-1.719453,-0.303008,0.539178,-0.245917,-0.184183,1.129813,-1.35952,-0.236052,0.53036,-0.313088,-0.226356,1.103664,-1.170177,-0.194542,0.551734
552,-0.233489,-0.187488,1.132634,-1.342299,-0.270429,0.569454,-0.108783,-0.083187,1.177896,-1.706518,-0.325383,0.556534,-0.234581,-0.187553,1.127586,-1.34499,-0.280511,0.553758,-0.3093,-0.239403,1.0946,-1.128922,-0.221733,0.553213
553,-0.235241,-0.19326,1.11996,-1.346698,-0.303983,0.560763,-0.099588,-0.088617,1.182151,-1.677601,-0.376733,0.56021,-0.234898,-0.191265,1.133975,-1.327481,-0.316791,0.560061,-0.304105,-0.24794,1.097495,-1.136459,-0.260504,0.562085
554,-0.218682,-0.198752,1.130365,-1.313943,-0.34074,0.542846,-0.09716,-0.088639,1.185938,-1.66667,-0.430962,0.579861,-0.218468,-0.204314,1.132355,-1.289732,-0.336955,0.563227,-0.281281,-0.26098,1.103359,-1.114122,-0.288345,0.565264
555,-0.208082,-0.210816,1.13628,-1.303234,-0.370743,0.539599,-0.09533,-0.09231,1.172584,-1.611936,-0.464761,0.564267,-0.211415,-0.220906,1.119001,-1.286154,-0.377794,0.575095,-0.277064,-0.271583,1.096476,-1.084199,-0.319172,0.575898
556,-0.216675,-0.213058,1.128952,-1.26447,-0.407613,0.560621,-0.096088,-0.094875,1.188461,-1.586999,-0.512733,0.578501,-0.209319,-0.22287,1.126253,-1.258806,-0.402975,0.56212,-0.269258,-0.283175,1.092829,-1.087129,-0.342463,0.567247
557,-0.201058,-0.220277,1.129122,-1.233385,-0.430828,0.561417,-0.08326,-0.107852,1.175618,-1.580675,-0.554543,0.564776,-0.203229,-0.21851,1.122585,-1.233939,-0.431047,0.560978,-0.259097,-0.289006,1.091422,-1.052243,-0.371804,0.575517
558,-0.188557,-0.223207,1.128249,-1.216492,-0.448156,0.567871,-0.098201,-0.108347,1.169967,-1.538414,-0.58165,0.562332,-0.193548,-0.221821,1.12853,-1.210944,-0.465185,0.606628,-0.25083,-0.291677,1.104033,-1.040961,-0.408829,0.567687
559,-0.193044,-0.236724,1.125062,-1.205857,-0.476781,0.572244,-0.081912,-0.105764,1.177528,-1.502579,-0.638822,0.567526,-0.189291,-0.233549,1.133801,-1.176517,-0.475912,0.592824,-0.243769,-0.300468,1.096257,-1.040678,-0.429541,0.563814
560,-0.177893,-0.233147,1.114474,-1.169334,-0.535718,0.584457,-0.073626,-0.102327,1.174014,-1.485663,-0.662419,0.578139,-0.183196,-0.242917,1.123725,-1.166308,-0.542746,0.584229,-0.230842,-0.305704,1.091993,-0.990257,-0.446314,0.581105
561,-0.1646,-0.254942,1.122443,-1.121459,-0.540927,0.578612,-0.082521,-0.106344,1.175278,-1.440348,-0.706439,0.564793,-0.172828,-0.249085,1.12765,-1.158097,-0.552671,0.589269,-0.219243,-0.320446,1.100365,-0.971678,-0.46187,0.582176
562,-0.165345,-0.252549,1.119264,-1.123641,-0.588965,0.585011,-0.069468,-0.113461,1.167991,-1.414391,-0.745388,0.578981,-0.162435,-0.254877,1.113793,-1.116526,-0.577218,0.570762,-0.215056,-0.33519,1.090659,-0.969187,-0.486479,0.576324
563,-0.157226,-0.262361,1.120724,-1.092145,-0.625043,0.594896,-0.073031,-0.119942,1.168973,-1.376146,-0.798427,0.574422,-0.158128,-0.261837,1.113988,-1.085945,-0.615952,0.587816,-0.207922,-0.340859,1.084646,-0.941525,-0.529229,0.592887
564,-0.146658,-0.273523,1.110573,-1.055717,-0.642636,0.577845,-0.068106,-0.121755,1.167493,-1.358096,-0.814057,0.576073,-0.153727,-0.270261,1.115428,-1.076837,-0.660171,0.569873,-0.193329,-0.345149,1.093262,-0.909754,-0.562314,0.585061
565,-0.147421,-0.268513,1.117837,-1.029332,-0.679255,0.581663,-0.064603,-0.121424,1.161317,-1.315909,-0.848823,0.580283,-0.141615,-0.268452,1.11329,-1.048361,-0.677515,0.578565,-0.186224,-0.351611,1.076797,-0.899799,-0.583421,0.591741
566,-0.142684,-0.272552,1.105288,-1.017851,-0.694825,0.572721,-0.065598,-0.13177,1.157293,-1.277987,-0.886638,0.590288,-0.134168,-0.277291,1.105867,-1.022396,-0.69989,0.588993,-0.17802,-0.365342,1.078448,-0.870402,-0.601356,0.594716
567,-0.126875,-0.282027,1.10547,-0.970443,-0.725027,0.598028,-0.0504,-0.133617,1.151983,-1.25181,-0.930513,0.606491,-0.121886,-0.283861,1.106368,-0.98185,-0.730239,0.607662,-0.167448,-0.358532,1.067005,-0.842337,-0.635834,0.580793
568,-0.115263,-0.292299,1.102278,-0.960158,-0.75653,0.571666,-0.059612,-0.128283,1.151028,-1.21051,-0.961597,0.594026,-0.115202,-0.27711,1.103772,-0.961966,-0.763094,0.603166,-0.15245,-0.383219,1.069359,-0.821231,-0.646097,0.592656
569,-0.115686,-0.297274,1.077915,-0.920756,-0.806745,0.585194,-0.05636,-0.136213,1.147441,-1.170786,-1.010513,0.592627,-0.116126,-0.306081,1.0886,-0.927881,-0.801917,0.599449,-0.154404,-0.383406,1.067115,-0.811152,-0.68531,0.569168
570,-0.101722,-0.30191,1.083217,-0.922645,-0.805192,0.585322,-0.053817,-0.141779,1.139982,-1.159008,-1.049681,0.587186,-0.109634,-0.308255,1.081198,-0.928732,-0.827539,0.607594,-0.136732,-0.396833,1.060802,-0.770299,-0.709686,0.586325
571,-0.090874,-0.306167,1.077659,-0.878541,-0.84914,0.600484,-0.042009,-0.142883,1.124608,-1.105923,-1.070265,0.593102,-0.098684,-0.307997,1.087279,-0.873258,-0.847868,0.588326,-0.126903,-0.407137,1.053399,-0.751618,-0.711177,0.60513
572,-0.087634,-0.313221,1.077919,-0.842033,-0.873429,0.594271,-0.041443,-0.14683,1.122351,-1.07933,-1.097009,0.605711,-0.086893,-0.324215,1.079773,-0.846165,-0.87918,0.578524,-0.118127,-0.40228,1.044609,-0.737222,-0.758376,0.58253
573,-0.088351,-0.321269,1.070727,-0.816121,-0.900432,0.592213,-0.036627,-0.148333,1.122713,-1.023142,-1.159797,0.573203,-0.080005,-0.321838,1.068489,-0.827024,-0.901776,0.574309,-0.099123,-0.4167,1.035708,-0.720449,-0.75706,0.590922
574,-0.066813,-0.323916,1.067652,-0.795521,-0.93213,0.588052,-0.032318,-0.145026,1.106046,-0.997499,-1.196642,0.58208,-0.07328,-0.313672,1.053642,-0.763937,-0.928534,0.607842,-0.091775,-0.41828,1.038329,-0.67507,-0.768955,0.581817
575,-0.068199,-0.322922,1.04289,-0.769017,-0.969925,0.578132,-0.026071,-0.145111,1.104654,-0.960024,-1.207862,0.570766,-0.07304,-0.32192,1.057139,-0.777948,-0.968074,0.587325,-0.075986,-0.436542,1.029177,-0.644728,-0.796221,0.595678
576,-0.054267,-0.333351,1.046822,-0.727872,-0.98875,0.582397,-0.031594,-0.152497,1.085498,-0.934175,-1.23473,0.587852,-0.067996,-0.330803,1.040733,-0.736522,-1.006383,0.578254,-0.06905,-0.442131,1.019943,-0.616883,-0.843146,0.605888
577,-0.048092,-0.333379,1.040546,-0.699849,-1.018298,0.575068,-0.021865,-0.155899,1.084309,-0.907046,-1.294705,0.596964,-0.051944,-0.329406,1.039248,-0.695422,-1.011497,0.577268,-0.06761,-0.435296,1.008295,-0.625061,-0.865595,0.601181
578,-0.044233,-0.343349,1.034079,-0.681238,-1.022047,0.583823,-0.019315,-0.160614,1.066777,-0.840667,-1.310718,0.569007,-0.049113,-0.340495,1.029707,-0.666683,-1.041707,0.590813,-0.063093,-0.4504,1.003955,-0.55956,-0.893313,0.577146
579,-0.035014,-0.356088,1.021597,-0.654086,-1.050801,0.573576,-0.022334,-0.16162,1.069794,-0.829419,-1.360492,0.58411,-0.037321,-0.343424,1.012249,-0.660545,-1.051679,0.583123,-0.048143,-0.452159,0.998524,-0.549232,-0.912288,0.590023
580,-0.02684,-0.347578,1.014683,-0.628947,-1.087383,0.597302,-0.001574,-0.164528,1.05003,-0.786036,-1.384074,0.579491,-0.026128,-0.348472,1.011841,-0.612734,-1.094479,0.590848,-0.024647,-0.458627,0.98009,-0.529345,-0.918538,0.606466
581,-0.016491,-0.354289,0.992986,-0.593077,-1.115117,0.583683,-0.003802,-0.155478,1.043543,-0.73726,-1.403514,0.593268,-0.021272,-0.350067,1.006563,-0.587132,-1.125117,0.591528,-0.028943,-0.462298,0.990687,-0.503068,-0.937932,0.579545
582,-0.004548,-0.360999,0.99321,-0.560576,-1.157004,0.606905,-0.007924,-0.153038,1.037937,-0.718192,-1.441594,0.576037,-0.015795,-0.361668,0.987234,-0.5498,-1.135632,0.568208,-0.000893,-0.474964,0.959872,-0.460732,-0.972087,0.580118
583,0.011474,-0.355102,0.98254,-0.517253,-1.182193,0.576604,0.002557,-0.167246,1.014589,-0.662573,-1.461472,0.554384,-0.003154,-0.363931,0.980617,-0.519421,-1.196493,0.601225,-0.003494,-0.469349,0.959222,-0.442828,-0.978972,0.569016
584,0.001136,-0.364001,0.960002,-0.472406,-1.188221,0.567554,-0.001559,-0.160449,1.018194,-0.626918,-1.509702,0.548817,0.011746,-0.368478,0.968503,-0.499843,-1.197502,0.573659,0.00154,-0.477173,0.946845,-0.431088,-0.98972,0.565654
585,0.004367,-0.374711,0.96879,-0.477493,-1.216686,0.574989,0.007965,-0.184759,0.999498,-0.571061,-1.5509,0.563543,0.017399,-0.366117,0.970803,-0.464249,-1.221125,0.571809,0.020772,-0.486716,0.929606,-0.389717,-1.039112,0.563587
586,0.017667,-0.373883,0.946331,-0.422181,-1.239569,0.572488,0.007458,-0.168368,0.988617,-0.538642,-1.570331,0.573203,0.026169,-0.372619,0.940926,-0.42791,-1.253247,0.570102,0.031227,-0.489048,0.924368,-0.358354,-1.062889,0.581016
587,0.024988,-0.384562,0.936189,-0.37508,-1.255534,0.563572,0.013738,-0.168441,0.985466,-0.496458,-1.604979,0.557355,0.03396,-0.38413,0.924434,-0.384664,-1.263868,0.577832,0.033559,-0.48935,0.903473,-0.323457,-1.074478,0.565387
588,0.024927,-0.384806,0.926831,-0.360174,-1.281061,0.565599,0.020264,-0.174441,0.962276,-0.455901,-1.620594,0.567124,0.039181,-0.382826,0.92458,-0.366633,-1.286379,0.585126,0.0408,-0.506046,0.901095,-0.31257,-1.093264,0.559612
589,0.044039,-0.383797,0.91132,-0.324413,-1.311538,0.559421,0.023838,-0.17898,0.945298,-0.425058,-1.657975,0.561488,0.049809,-0.388597,0.918982,-0.338178,-1.293662,0.548566,0.059658,-0.500254,0.887126,-0.279022,-1.095798,0.57306
590,0.041139,-0.397745,0.895511,-0.292462,-1.326198,0.565804,0.018579,-0.182272,0.941871,-0.384517,-1.676975,0.5589,0.050535,-0.390491,0.891765,-0.296583,-1.317451,0.560662,0.068155,-0.512302,0.882595,-0.247171,-1.14149,0.556037
591,0.051601,-0.390446,0.882056,-0.270621,-1.344601,0.542095,0.030549,-0.178105,0.934359,-0.341357,-1.698025,0.534447,0.054165,-0.398215,0.888202,-0.278495,-1.352956,0.565231,0.066083,-0.500098,0.860739,-0.235136,-1.163075,0.555785
592,0.075501,-0.393267,0.878179,-0.236546,-1.357971,0.54232,0.027616,-0.182452,0.910686,-0.290936,-1.739772,0.544489,0.072071,-0.397781,0.879078,-0.241808,-1.355747,0.544658,0.093679,-0.514708,0.861674,-0.215122,-1.182216,0.545275
593,0.077746,-0.401444,0.861017,-0.212267,-1.389388,0.541678,0.028174,-0.18617,0.898904,-0.262839,-1.739146,0.548107,0.072836,-0.394251,0.860408,-0.189479,-1.400039,0.556385,0.097831,-0.528713,0.838283,-0.179341,-1.19388,0.537423
594,0.091445,-0.394022,0.846668,-0.157118,-1.414161,0.532633,0.039246,-0.178906,0.879183,-0.212176,-1.774608,0.532307,0.087102,-0.397714,0.847048,-0.159541,-1.418426,0.540053,0.112487,-0.52307,0.826575,-0.148357,-1.188032,0.533751
595,0.095073,-0.391627,0.828635,-0.136072,-1.41923,0.539913,0.042015,-0.179703,0.87574,-0.188485,-1.792187,0.527849,0.098525,-0.396564,0.828804,-0.14305,-1.430938,0.537886,0.120293,-0.527289,0.806468,-0.123744,-1.205933,0.541789
596,0.105887,-0.403016,0.817853,-0.118008,-1.440365,0.536216,0.049278,-0.189904,0.85597,-0.143432,-1.823066,0.51977,0.10087,-0.4014,0.815795,-0.104444,-1.427854,0.530874,0.130528,-0.533936,0.802749,-0.098794,-1.245232,0.534146
597,0.1019,-0.405206,0.79981,-0.064024,-1.465417,0.532318,0.055682,-0.184403,0.842762,-0.095328,-1.843891,0.517246,0.110766,-0.411826,0.798142,-0.089576,-1.464536,0.517295,0.134666,-0.529565,0.783505,-0.065813,-1.255454,0.520457
598,0.11513,-0.405346,0.789569,-0.033637,-1.466512,0.521943,0.048551,-0.185549,0.822121,-0.05415,-1.882094,0.524343,0.11321,-0.410224,0.792057,-0.047996,-1.477062,0.532892,0.14698,-0.538378,0.769888,-0.034112,-1.255311,0.530736
599,0.119344,-0.411672,0.773171,-0.017058,-1.502153,0.498036,0.059326,-0.181907,0.80703,-0.037695,-1.893916,0.516667,0.129675,-0.410303,0.778926,-0.0106,-1.507734,0.515415,0.162069,-0.542949,0.744291,-0.016617,-1.280403,0.528011
600,0.131675,-0.417656,0.755162,-0.000563,-1.507344,0.535237,0.056303,-0.188463,0.784432,0.04628,-1.921914,0.511733,0.120379,-0.412537,0.759234,0.018757,-1.509747,0.488298,0.168981,-0.546558,0.745871,0.01928,-1.294849,0.506499
601,0.138406,-0.41082,0.737401,0.0541,-1.540799,0.490838,0.057871,-0.194368,0.764922,0.061437,-1.937851,0.514094,0.139743,-0.414336,0.732157,0.055925,-1.518619,0.500525,0.181521,-0.544636,0.729795,0.0624,-1.29498,0.499461
602,0.146842,-0.410694,0.721438,0.089924,-1.542241,0.497154,0.06481,-0.195171,0.757236,0.11519,-1.946279,0.502037,0.138425,-0.407058,0.731504,0.072603,-1.544193,0.498176,0.185311,-0.541935,0.694032,0.091159,-1.298819,0.494618
603,0.150172,-0.421844,0.703192,0.105853,-1.555533,0.482862,0.066499,-0.185073,0.737636,0.151807,-1.968092,0.502379,0.147618,-0.409561,0.703351,0.122634,-1.560514,0.473043,0.19526,-0.542761,0.686248,0.119002,-1.33665,0.490848
604,0.162149,-0.423658,0.687503,0.148315,-1.585854,0.481414,0.074539,-0.195252,0.715611,0.185898,-1.998565,0.473947,0.155908,-0.420942,0.689292,0.163343,-1.570161,0.464199,0.207011,-0.554908,0.67395,0.13092,-1.344358,0.489909
605,0.177746,-0.41886,0.677715,0.178535,-1.589007,0.496684,0.078505,-0.195411,0.689078,0.2385,-1.992395,0.49467,0.170503,-0.419391,0.676613,0.188285,-1.588545,0.473172,0.219795,-0.552853,0.636586,0.156386,-1.3432,0.489194
606,0.165483,-0.420499,0.649678,0.218491,-1.590389,0.466259,0.07489,-0.190214,0.683516,0.266341,-2.010813,0.472705,0.180355,-0.431135,0.652234,0.228685,-1.587204,0.483339,0.231302,-0.54603,0.639231,0.184367,-1.358292,0.461803
607,0.188745,-0.416723,0.638327,0.261952,-1.591088,0.462154,0.081668,-0.194115,0.663274,0.312012,-2.045915,0.455932,0.178083,-0.427742,0.64484,0.24761,-1.622002,0.446331,0.240597,-0.543977,0.628669,0.224493,-1.373067,0.469187
608,0.187688,-0.419681,0.616514,0.29985,-1.615995,0.464728,0.088057,-0.189042,0.644318,0.358034,-2.06294,0.452332,0.1869,-0.420581,0.629765,0.302379,-1.613239,0.442538,0.239932,-0.543933,0.600611,0.238404,-1.381892,0.461677
609,0.190843,-0.423805,0.607384,0.304805,-1.633444,0.436951,0.079812,-0.199211,0.627128,0.402096,-2.058923,0.443502,0.196561,-0.42415,0.598044,0.323787,-1.631066,0.442926,0.250699,-0.546404,0.5924,0.263946,-1.399917,0.459519
610,0.203463,-0.427323,0.587006,0.345384,-1.655353,0.450935,0.089307,-0.194844,0.606451,0.431651,-2.07978,0.443226,0.207954,-0.42097,0.579438,0.327902,-1.634277,0.455491,0.26411,-0.554219,0.576184,0.297149,-1.421875,0.433459
611,0.21142,-0.418238,0.576612,0.377004,-1.657608,0.43721,0.084765,-0.193554,0.588844,0.479059,-2.077961,0.438437,0.210747,-0.41983,0.563518,0.392009,-1.648163,0.420555,0.274532,-0.549923,0.554224,0.322412,-1.421194,0.437162
612,0.224568,-0.424729,0.550436,0.407031,-1.672891,0.412351,0.097758,-0.17748,0.573758,0.525297,-2.09872,0.426331,0.22136,-0.42826,0.553451,0.424688,-1.658923,0.409071,0.286105,-0.555358,0.53225,0.354493,-1.443565,0.426419
613,0.22405,-0.425946,0.535783,0.453153,-1.674655,0.416418,0.101716,-0.190854,0.543742,0.554035,-2.125064,0.423803,0.217849,-0.42457,0.534898,0.452859,-1.666179,0.412675,0.29386,-0.551137,0.517612,0.366682,-1.440545,0.419484
614,0.232861,-0.423498,0.511779,0.471618,-1.674338,0.414903,0.105848,-0.19062,0.536048,0.597637,-2.13168,0.407143,0.230405,-0.421563,0.510181,0.483816,-1.697288,0.405314,0.298864,-0.547359,0.499552,0.41204,-1.434389,0.409517
615,0.238553,-0.418193,0.48739,0.497757,-1.682453,0.404296,0.105648,-0.188221,0.516197,0.641129,-2.128938,0.418926,0.24409,-0.430491,0.479611,0.492766,-1.691811,0.417825,0.298673,-0.541508,0.477347,0.446716,-1.427764,0.400394
616,0.246721,-0.422652,0.472493,0.543278,-1.677509,0.393607,0.108086,-0.190746,0.495873,0.698702,-2.146008,0.393169,0.24067,-0.416211,0.476063,0.54615,-1.697607,0.374563,0.310596,-0.55107,0.462814,0.473694,-1.464455,0.402335
617,0.248182,-0.428348,0.456933,0.567606,-1.710151,0.367244,0.108666,-0.189426,0.476768,0.723736,-2.166715,0.360437,0.247656,-0.416221,0.454926,0.583077,-1.689698,0.388335,0.322719,-0.543547,0.44067,0.477901,-1.459413,0.405211
618,0.251368,-0.424346,0.429419,0.61128,-1.713708,0.374236,0.113138,-0.183031,0.452549,0.773921,-2.164233,0.362203,0.261202,-0.424475,0.43658,0.592631,-1.719472,0.380452,0.333154,-0.552317,0.42322,0.519199,-1.457573,0.380275
619,0.257221,-0.423708,0.419704,0.637069,-1.716315,0.355533,0.111008,-0.19268,0.429291,0.791039,-2.167356,0.383865,0.268022,-0.414894,0.409522,0.609027,-1.726736,0.367485,0.344058,-0.547868,0.398858,0.541335,-1.462899,0.364073
620,0.267659,-0.41824,0.388423,0.663739,-1.723579,0.359702,0.125877,-0.179931,0.413342,0.823275,-2.174761,0.369444,0.264763,-0.418315,0.386005,0.656988,-1.713977,0.359916,0.351108,-0.535705,0.384207,0.561923,-1.459223,0.372478
621,0.264263,-0.410724,0.374029,0.681333,-1.718596,0.345324,0.134539,-0.187836,0.391835,0.876195,-2.179157,0.362268,0.27144,-0.410939,0.365692,0.709067,-1.697916,0.333392,0.356453,-0.548383,0.371006,0.578218,-1.455806,0.349424
622,0.274883,-0.416258,0.357323,0.709077,-1.71561,0.35248,0.132916,-0.187811,0.368353,0.894827,-2.170198,0.352781,0.280686,-0.41538,0.355961,0.712468,-1.726406,0.331195,0.36283,-0.546192,0.347605,0.612502,-1.464215,0.341728
623,0.287648,-0.401663,0.331306,0.742373,-1.730601,0.342263,0.132145,-0.181342,0.347905,0.936681,-2.181976,0.334694,0.288549,-0.41566,0.330411,0.752354,-1.720696,0.331972,0.369822,-0.53476,0.328612,0.663317,-1.475018,0.347716
624,0.286974,-0.408107,0.305917,0.777334,-1.737229,0.319194,0.13569,-0.190876,0.322305,0.971954,-2.187595,0.341207,0.302364,-0.40744,0.320528,0.776442,-1.737738,0.311553,0.381373,-0.530861,0.300452,0.65319,-1.501231,0.30782
625,0.29812,-0.410511,0.28571,0.815372,-1.725887,0.292605,0.130798,-0.18454,0.312626,1.018234,-2.201119,0.294873,0.3046,-0.409163,0.295807,0.821207,-1.717044,0.328064,0.397368,-0.530075,0.287951,0.69865,-1.473804,0.315253
626,0.300748,-0.397217,0.270636,0.822056,-1.750743,0.325428,0.142085,-0.18774,0.28126,1.05695,-2.206961,0.293,0.297377,-0.406327,0.281688,0.847417,-1.746097,0.320537,0.394355,-0.532234,0.265821,0.730812,-1.475028,0.314836
627,0.305712,-0.399883,0.245016,0.864721,-1.739148,0.302563,0.147524,-0.179525,0.25668,1.084056,-2.184972,0.288162,0.307629,-0.411139,0.238269,0.86096,-1.729172,0.2953,0.399127,-0.531591,0.246685,0.737988,-1.472907,0.293066
628,0.319046,-0.404659,0.238041,0.896904,-1.723468,0.276131,0.13435,-0.187012,0.239062,1.12826,-2.195837,0.298264,0.31727,-0.40325,0.220665,0.890348,-1.73529,0.28958,0.410905,-0.519835,0.227179,0.775316,-1.48726,0.265797
629,0.3235,-0.397751,0.212951,0.929679,-1.735828,0.261085,0.152086,-0.180363,0.225645,1.173907,-2.188724,0.293495,0.32117,-0.395336,0.214088,0.926263,-1.731118,0.269769,0.418131,-0.515131,0.200439,0.775523,-1.496601,0.279536
630,0.323814,-0.394189,0.180636,0.950778,-1.736102,0.273573,0.142206,-0.174041,0.196035,1.196011,-2.18399,0.26524,0.326913,-0.393492,0.186172,0.952365,-1.732058,0.275266,0.430137,-0.520204,0.181952,0.82984,-1.478457,0.264089
631,0.332512,-0.396875,0.17399,0.978933,-1.733393,0.263776,0.143074,-0.182478,0.167079,1.238871,-2.208961,0.271953,0.327764,-0.387935,0.156412,0.984544,-1.728755,0.266878,0.422428,-0.5158,0.171308,0.829843,-1.486183,0.263196
632,0.32774,-0.384182,0.147592,0.977054,-1.721705,0.256152,0.160583,-0.179439,0.15195,1.267793,-2.178034,0.240112,0.342069,-0.394625,0.147189,0.977933,-1.731538,0.261979,0.44094,-0.515085,0.141096,0.837358,-1.461348,0.221054
633,0.328144,-0.394496,0.128995,1.028562,-1.725497,0.230111,0.152863,-0.175451,0.124867,1.317737,-2.182179,0.228999,0.347152,-0.383478,0.124007,1.006125,-1.70396,0.247908,0.453781,-0.498904,0.114017,0.878937,-1.467158,0.24337
634,0.344906,-0.391023,0.102897,1.05542,-1.720181,0.222056,0.159238,-0.181109,0.099802,1.330097,-2.167459,0.22504,0.350613,-0.370822,0.10454,1.070591,-1.716578,0.241239,0.445393,-0.493792,0.103511,0.902679,-1.47576,0.199719
635,0.346121,-0.386628,0.085521,1.075161,-1.712103,0.239228,0.166553,-0.1801,0.086622,1.355011,-2.163129,0.21987,0.350853,-0.391432,0.087153,1.086765,-1.723666,0.214812,0.458375,-0.497215,0.070933,0.927996,-1.477853,0.232346
636,0.362354,-0.384873,0.062823,1.107774,-1.691715,0.198251,0.159515,-0.172206,0.064225,1.395843,-2.154546,0.210234,0.349448,-0.383091,0.06525,1.115005,-1.712903,0.204835,0.459221,-0.4915,0.054273,0.947344,-1.453033,0.197948
637,0.350287,-0.366344,0.033889,1.143585,-1.694718,0.209517,0.156933,-0.165651,0.041626,1.435785,-2.157416,0.193859,0.359051,-0.366429,0.048777,1.119904,-1.700237,0.180659,0.466199,-0.484485,0.034192,0.988085,-1.451746,0.199763
638,0.364235,-0.364586,0.012457,1.155652,-1.690418,0.177876,0.165544,-0.160023,0.017223,1.457194,-2.156692,0.184687,0.355204,-0.374502,0.018443,1.156454,-1.691489,0.157259,0.469802,-0.478635,0.01406,0.994886,-1.43889,0.19795
639,0.363771,-0.364545,0.00822,1.18309,-1.675333,0.186842,0.172699,-0.171099,-0.005302,1.482502,-2.128295,0.156748,0.366397,-0.360962,0.000825,1.170448,-1.703795,0.180673,0.471436,-0.475144,-0.009312,0.999791,-1.433934,0.174082
640,0.370038,-0.360086,-0.020898,1.189339,-1.686385,0.146933,0.161428,-0.163337,-0.029026,1.512507,-2.140928,0.173298,0.377769,-0.361277,-0.014734,1.19801,-1.688962,0.169081,0.484229,-0.475369,-0.016157,1.026739,-1.439921,0.15814
641,0.380647,-0.355062,-0.049736,1.228667,-1.65643,0.139657,0.160821,-0.160264,-0.05384,1.532666,-2.109362,0.157613,0.375712,-0.353836,-0.039007,1.215309,-1.670602,0.157512,0.4868,-0.46658,-0.041796,1.047744,-1.433625,0.156919
642,0.378266,-0.362542,-0.071875,1.247816,-1.670858,0.129058,0.165722,-0.161261,-0.073725,1.589138,-2.092936,0.143843,0.380081,-0.350834,-0.059429,1.253631,-1.654688,0.142015,0.484375,-0.460761,-0.071249,1.058602,-1.414774,0.151929
643,0.390265,-0.351061,-0.086484,1.264822,-1.661528,0.131543,0.1779,-0.150268,-0.09819,1.613284,-2.096985,0.125224,0.378802,-0.343262,-0.090683,1.266504,-1.641368,0.138474,0.503633,-0.459523,-0.083216,1.075991,-1.399568,0.126872
644,0.386546,-0.347575,-0.116646,1.303965,-1.643358,0.132225,0.175182,-0.157722,-0.121994,1.636221,-2.103543,0.112206,0.385914,-0.340414,-0.107411,1.305193,-1.664575,0.127507,0.499303,-0.449873,-0.098172,1.088758,-1.411825,0.120162
645,0.387047,-0.33993,-0.123242,1.316647,-1.651449,0.117917,0.180698,-0.154866,-0.129584,1.669895,-2.080375,0.125092,0.392731,-0.348437,-0.135356,1.324086,-1.62609,0.09753,0.50956,-0.443159,-0.1294,1.134094,-1.393425,0.095922
646,0.394839,-0.332492,-0.1454,1.34914,-1.613338,0.103986,0.165271,-0.159942,-0.161352,1.697203,-2.038008,0.101808,0.390672,-0.336245,-0.146527,1.333207,-1.62585,0.107316,0.513158,-0.435443,-0.154091,1.136244,-1.390605,0.065589
647,0.39061,-0.32819,-0.173961,1.366235,-1.599166,0.102592,0.18804,-0.144312,-0.172916,1.715926,-2.041868,0.089069,0.398074,-0.323881,-0.169254,1.357949,-1.600557,0.092547,0.524417,-0.430921,-0.159397,1.170032,-1.370577,0.092999
648,0.390725,-0.322546,-0.188906,1.387653,-1.603865,0.061231,0.18132,-0.144373,-0.193089,1.754666,-2.023557,0.091926,0.391851,-0.322801,-0.196335,1.377421,-1.593426,0.077494,0.524727,-0.427379,-0.195587,1.173553,-1.385815,0.093437
649,0.397231,-0.319442,-0.212853,1.381159,-1.58116,0.056283,0.185896,-0.14547,-0.223889,1.760903,-2.0154,0.068795,0.396806,-0.325134,-0.217042,1.391419,-1.586509,0.054527,0.510521,-0.414115,-0.216083,1.198113,-1.344167,0.074479
650,0.412535,-0.311121,-0.229609,1.425363,-1.57782,0.048694,0.178383,-0.141495,-0.248487,1.786478,-1.977425,0.054421,0.400016,-0.31751,-0.239233,1.430801,-1.55967,0.06661,0.527669,-0.412042,-0.231258,1.218722,-1.347988,0.068012
651,0.407922,-0.311477,-0.256902,1.412701,-1.563814,0.05206,0.180092,-0.139128,-0.267977,1.815404,-1.966002,0.036115,0.402631,-0.310736,-0.25914,1.434018,-1.569283,0.053756,0.52727,-0.402018,-0.245764,1.226472,-1.339145,0.055794
652,0.417702,-0.295702,-0.266032,1.456577,-1.54915,0.033958,0.190142,-0.139342,-0.284237,1.837693,-1.93954,0.035434,0.41127,-0.303492,-0.279551,1.44319,-1.536978,0.023657,0.538341,-0.396802,-0.270889,1.227739,-1.309557,0.056725
653,0.41626,-0.295786,-0.287751,1.482183,-1.541446,0.015861,0.180356,-0.133066,-0.31046,1.852662,-1.925002,0.007173,0.409722,-0.302824,-0.297843,1.474439,-1.529841,0.034214,0.540608,-0.391526,-0.287258,1.252675,-1.288752,0.02146
654,0.408727,-0.296051,-0.31682,1.488266,-1.520609,0.003662,0.182119,-0.134302,-0.330167,1.88915,-1.904109,0.00644,0.410702,-0.288584,-0.31965,1.491532,-1.5176,0.002408,0.530879,-0.387285,-0.307242,1.275996,-1.268779,-0.005012
655,0.415713,-0.29019,-0.342907,1.492216,-1.494575,-0.012688,0.187772,-0.130719,-0.3468,1.916727,-1.890191,-0.00716,0.418416,-0.278271,-0.329646,1.512928,-1.499204,-0.000943,0.537273,-0.375753,-0.327666,1.298465,-1.27309,-0.020225
656,0.408859,-0.271089,-0.348775,1.534934,-1.458545,-0.004311,0.182792,-0.124302,-0.378293,1.936854,-1.875905,-0.025248,0.41027,-0.271089,-0.355472,1.499859,-1.479374,-0.014498,0.538301,-0.35776,-0.3499,1.297752,-1.256396,-0.009198
657,0.417028,-0.270706,-0.376559,1.534412,-1.461665,-0.032177,0.178622,-0.12952,-0.398441,1.931321,-1.845492,-0.020399,0.416032,-0.275998,-0.376665,1.546006,-1.461336,-0.013659,0.543245,-0.357696,-0.356435,1.312369,-1.238673,-0.007663
658,0.420191,-0.272241,-0.403424,1.560142,-1.447174,-0.035217,0.181998,-0.118807,-0.423624,1.957674,-1.830603,-0.036629,0.414258,-0.268583,-0.398579,1.548348,-1.439648,-0.015583,0.54228,-0.342515,-0.383224,1.33406,-1.24709,-0.051722
659,0.408665,-0.258428,-0.422035,1.556978,-1.420693,-0.038946,0.187242,-0.115934,-0.435393,1.968806,-1.799345,-0.046221,0.425001,-0.262753,-0.424287,1.558004,-1.429868,-0.053586,0.549939,-0.341813,-0.403655,1.328346,-1.214584,-0.066756
660,0.420652,-0.255037,-0.438354,1.582466,-1.418248,-0.067061,0.193366,-0.131905,-0.44527,2.006238,-1.784866,-0.044186,0.425676,-0.257817,-0.438559,1.560946,-1.416695,-0.055407,0.54572,-0.331787,-0.420142,1.325084,-1.192635,-0.068723
661,0.4137,-0.246746,-0.456511,1.584846,-1.370261,-0.080725,0.188486,-0.121013,-0.47583,2.009195,-1.763577,-0.058816,0.424607,-0.249335,-0.462454,1.589686,-1.404027,-0.076234,0.540896,-0.326888,-0.447196,1.36125,-1.192173,-0.05101
662,0.434765,-0.247688,-0.479812,1.615577,-1.353782,-0.090689,0.195131,-0.10779,-0.490943,2.024221,-1.738295,-0.076862,0.411808,-0.23741,-0.471316,1.601061,-1.373747,-0.060743,0.546716,-0.322485,-0.469238,1.361901,-1.169889,-0.087563
663,0.424076,-0.239682,-0.496573,1.634042,-1.343175,-0.104032,0.185603,-0.118012,-0.514657,2.039673,-1.686446,-0.086477,0.40811,-0.228851,-0.493263,1.617491,-1.337455,-0.087179,0.56072,-0.305294,-0.479517,1.372956,-1.140246,-0.080284
664,0.426842,-0.230162,-0.506553,1.632051,-1.324715,-0.101819,0.198063,-0.100651,-0.539913,2.0685,-1.693671,-0.110833,0.423131,-0.229738,-0.528015,1.619749,-1.337124,-0.126151,0.551326,-0.29549,-0.506674,1.398745,-1.152423,-0.095968
665,0.426544,-0.214522,-0.53365,1.629911,-1.311903,-0.111456,0.190356,-0.098932,-0.558258,2.071833,-1.666361,-0.112418,0.428429,-0.213844,-0.529267,1.649105,-1.307746,-0.107318,0.548256,-0.294954,-0.518893,1.404906,-1.125925,-0.120106
666,0.429624,-0.210311,-0.55004,1.643705,-1.28026,-0.122848,0.18967,-0.103688,-0.576954,2.092644,-1.632664,-0.129978,0.42603,-0.211551,-0.549364,1.657052,-1.279632,-0.115632,0.547543,-0.273006,-0.534505,1.407222,-1.096701,-0.115553
