sample_idx,Va_1,Vb_1,Vc_1,Ia_1,Ib_1,Ic_1,Va_5,Vb_5,Vc_5,Ia_5,Ib_5,Ic_5,Va_10,Vb_10,Vc_10,Ia_10,Ib_10,Ic_10,Va_30,Vb_30,Vc_30,Ia_30,Ib_30,Ic_30
0,1.00048,-0.503362,-0.49726,0.710085,-0.546224,-0.149955,0.996738,-0.507217,-0.502531,0.700363,-0.518333,-0.163191,0.99118,-0.497301,-0.508329,0.700422,-0.550176,-0.164378,0.998009,-0.496548,-0.513017,0.690769,-0.527166,-0.152528
1,1.000465,-0.485641,-0.520002,0.712068,-0.525503,-0.197704,0.994669,-0.485171,-0.514801,0.697074,-0.553747,-0.171458,1.006353,-0.48372,-0.519532,0.715036,-0.519435,-0.186564,1.007745,-0.492702,-0.517655,0.705084,-0.526438,-0.167684
2,0.989545,-0.46952,-0.530746,0.710982,-0.535428,-0.186488,0.99771,-0.472,-0.528824,0.709081,-0.546397,-0.210848,0.992716,-0.457684,-0.532489,0.720614,-0.517251,-0.183289,1.005486,-0.468783,-0.535836,0.709462,-0.527578,-0.173428
3,0.998357,-0.450184,-0.551875,0.698081,-0.516041,-0.192027,0.991302,-0.447697,-0.545374,0.718542,-0.509391,-0.213679,0.99356,-0.444406,-0.559775,0.727283,-0.49559,-0.196994,0.995197,-0.452091,-0.54356,0.717679,-0.515351,-0.18734
4,0.998974,-0.429296,-0.56438,0.719522,-0.498654,-0.209002,0.990302,-0.430203,-0.562436,0.743714,-0.494502,-0.206577,0.999644,-0.433649,-0.562721,0.721065,-0.500568,-0.224622,0.990391,-0.431476,-0.562979,0.719072,-0.497208,-0.195782
5,0.99683,-0.417934,-0.583076,0.714946,-0.48072,-0.243907,0.997176,-0.423523,-0.58036,0.723373,-0.490898,-0.21895,1.004022,-0.415886,-0.588079,0.724325,-0.478442,-0.230438,0.998024,-0.408452,-0.585242,0.702285,-0.482662,-0.215304
6,0.993202,-0.398903,-0.594392,0.719016,-0.456922,-0.24938,1.002927,-0.401165,-0.596105,0.697869,-0.475299,-0.242042,0.990417,-0.393948,-0.586648,0.7074,-0.469235,-0.254308,1.00999,-0.395232,-0.595797,0.719341,-0.488735,-0.249608
7,0.984442,-0.379985,-0.609686,0.712831,-0.484083,-0.240866,0.995031,-0.389514,-0.606539,0.723715,-0.467015,-0.244192,0.992364,-0.375693,-0.611699,0.722449,-0.453918,-0.26446,0.997234,-0.381292,-0.608708,0.705652,-0.464771,-0.257553
8,0.984122,-0.368973,-0.622338,0.736793,-0.450045,-0.273274,0.984327,-0.360871,-0.615236,0.721427,-0.474503,-0.268164,0.991072,-0.353906,-0.627051,0.7274,-0.468729,-0.273393,0.986843,-0.356851,-0.626602,0.74046,-0.467464,-0.265981
9,0.981471,-0.352108,-0.639164,0.743878,-0.469987,-0.287199,0.990801,-0.342394,-0.631731,0.722235,-0.451712,-0.288384,0.981296,-0.338889,-0.639196,0.729997,-0.454531,-0.287151,0.98331,-0.344701,-0.632207,0.732844,-0.45411,-0.308973
10,0.973816,-0.314791,-0.647427,0.73814,-0.445483,-0.285403,0.976201,-0.322912,-0.648903,0.705013,-0.418173,-0.294279,0.974288,-0.328312,-0.652902,0.713668,-0.431716,-0.301494,0.984416,-0.327268,-0.651051,0.741168,-0.440287,-0.301997
11,0.979139,-0.303307,-0.667682,0.726945,-0.404534,-0.304878,0.990665,-0.313443,-0.66251,0.747051,-0.42496,-0.30504,0.978464,-0.306318,-0.666055,0.721223,-0.422673,-0.290446,0.97457,-0.309528,-0.667947,0.722449,-0.43399,-0.30813
12,0.963641,-0.300009,-0.682831,0.731021,-0.399,-0.309344,0.982604,-0.294869,-0.689992,0.722681,-0.415306,-0.314562,0.976063,-0.296087,-0.677221,0.727168,-0.416124,-0.309919,0.971833,-0.29087,-0.686323,0.746002,-0.411646,-0.330625
13,0.967937,-0.285864,-0.69475,0.725956,-0.395186,-0.331379,0.971512,-0.288489,-0.697974,0.730749,-0.397175,-0.309344,0.981217,-0.279345,-0.693177,0.732727,-0.40817,-0.345718,0.970978,-0.272145,-0.691181,0.747306,-0.398926,-0.326663
14,0.964385,-0.248972,-0.705104,0.738941,-0.382011,-0.353951,0.971034,-0.252998,-0.709035,0.744843,-0.400452,-0.352535,0.965131,-0.251895,-0.70467,0.737808,-0.397094,-0.344567,0.964861,-0.243789,-0.707086,0.754455,-0.376827,-0.351671
15,0.955489,-0.234873,-0.717202,0.731733,-0.382367,-0.348537,0.964154,-0.243786,-0.725167,0.733453,-0.376446,-0.370811,0.961409,-0.234967,-0.720298,0.76577,-0.39582,-0.349393,0.96101,-0.244793,-0.729446,0.744411,-0.380377,-0.353993
16,0.951566,-0.214507,-0.739051,0.755172,-0.361044,-0.37955,0.948844,-0.21546,-0.73021,0.732516,-0.382813,-0.364038,0.955029,-0.220418,-0.739132,0.745182,-0.348887,-0.365792,0.952341,-0.22326,-0.725484,0.735307,-0.358494,-0.37696
17,0.944202,-0.194852,-0.745547,0.737336,-0.369213,-0.380577,0.963632,-0.201507,-0.742426,0.724528,-0.353939,-0.372501,0.948647,-0.213784,-0.742549,0.736769,-0.350333,-0.379525,0.947371,-0.207703,-0.754406,0.729263,-0.355305,-0.387733
18,0.944612,-0.183254,-0.757213,0.732996,-0.345768,-0.384103,0.943915,-0.180463,-0.760612,0.743751,-0.333646,-0.402,0.93919,-0.187821,-0.753914,0.739289,-0.345146,-0.371119,0.943504,-0.177853,-0.764828,0.744949,-0.319582,-0.384419
19,0.943208,-0.160209,-0.774346,0.737455,-0.314245,-0.422668,0.936617,-0.162486,-0.772394,0.757216,-0.327655,-0.413441,0.943396,-0.158784,-0.766711,0.733687,-0.325628,-0.40954,0.93619,-0.166988,-0.775416,0.728337,-0.327115,-0.397597
20,0.929252,-0.143776,-0.790426,0.724057,-0.298889,-0.420397,0.935224,-0.157365,-0.782321,0.736008,-0.338104,-0.419929,0.940223,-0.145867,-0.783012,0.733877,-0.304384,-0.434068,0.922664,-0.145999,-0.790745,0.736906,-0.325762,-0.400784
21,0.9221,-0.138494,-0.792212,0.739982,-0.309788,-0.412018,0.923907,-0.121584,-0.79322,0.71946,-0.314611,-0.426297,0.916529,-0.121939,-0.792404,0.716892,-0.299916,-0.425153,0.923313,-0.127446,-0.793064,0.727586,-0.295246,-0.437769
22,0.918607,-0.114382,-0.806552,0.737623,-0.272742,-0.438405,0.916577,-0.107313,-0.812514,0.724874,-0.292476,-0.431479,0.920181,-0.107419,-0.817504,0.725411,-0.284216,-0.447966,0.916719,-0.108451,-0.798458,0.749811,-0.309761,-0.428827
23,0.906154,-0.08913,-0.813893,0.725733,-0.271608,-0.460748,0.907248,-0.094354,-0.819156,0.733478,-0.278568,-0.450175,0.907959,-0.088678,-0.816572,0.713606,-0.2664,-0.471871,0.908518,-0.081888,-0.819072,0.719666,-0.281881,-0.456525
24,0.901506,-0.075095,-0.827049,0.754091,-0.276158,-0.447522,0.898484,-0.073694,-0.838047,0.732796,-0.253662,-0.473508,0.901697,-0.075737,-0.828892,0.723945,-0.269976,-0.459963,0.895463,-0.064244,-0.832068,0.738639,-0.291661,-0.463394
25,0.896273,-0.060399,-0.833143,0.739572,-0.260482,-0.473144,0.894993,-0.059765,-0.837856,0.720371,-0.259284,-0.459201,0.882483,-0.052473,-0.838769,0.725751,-0.264657,-0.465466,0.883486,-0.057849,-0.836091,0.715755,-0.251923,-0.489664
26,0.876337,-0.034793,-0.841171,0.728549,-0.238896,-0.479553,0.886004,-0.02962,-0.847614,0.707808,-0.259573,-0.474632,0.882695,-0.033507,-0.847649,0.715737,-0.23986,-0.472974,0.883896,-0.032049,-0.859618,0.740845,-0.259322,-0.48834
27,0.869854,-0.005456,-0.86408,0.735074,-0.224677,-0.48707,0.869057,-0.024222,-0.860175,0.728093,-0.22443,-0.492454,0.875964,-0.018729,-0.858108,0.700621,-0.22659,-0.482897,0.877637,-0.004948,-0.852279,0.709586,-0.248358,-0.489267
28,0.866394,3.5e-05,-0.862539,0.728025,-0.230571,-0.489129,0.865971,0.004216,-0.867292,0.702742,-0.215223,-0.522194,0.858744,0.004743,-0.875037,0.732983,-0.211312,-0.508112,0.865677,0.000908,-0.866203,0.725602,-0.226151,-0.497021
29,0.858711,0.031355,-0.888066,0.720897,-0.213558,-0.513212,0.855055,0.024287,-0.880896,0.718272,-0.199512,-0.53726,0.849363,0.022257,-0.882617,0.715554,-0.192984,-0.537228,0.847225,0.024143,-0.882169,0.702614,-0.185697,-0.508633
30,0.84872,0.042903,-0.888484,0.72633,-0.177804,-0.525703,0.842155,0.042657,-0.88776,0.708982,-0.182205,-0.523162,0.849661,0.037804,-0.880801,0.713328,-0.182763,-0.532746,0.842084,0.038791,-0.882426,0.711884,-0.168966,-0.52103
31,0.830551,0.063099,-0.895417,0.705668,-0.189978,-0.514697,0.82616,0.049891,-0.897219,0.719314,-0.191038,-0.52328,0.835401,0.055436,-0.894001,0.695866,-0.168961,-0.53166,0.828998,0.067099,-0.895348,0.719828,-0.17581,-0.524798
32,0.831802,0.082352,-0.914318,0.705639,-0.172665,-0.554825,0.823768,0.084578,-0.903322,0.698577,-0.166727,-0.539206,0.822796,0.086183,-0.903176,0.701241,-0.166908,-0.553648,0.824129,0.073059,-0.905128,0.704642,-0.16794,-0.555574
33,0.81733,0.114705,-0.916678,0.689027,-0.141058,-0.526101,0.810637,0.102303,-0.91317,0.700055,-0.154638,-0.559079,0.814028,0.098784,-0.914172,0.71278,-0.143877,-0.537477,0.808427,0.097697,-0.907007,0.676191,-0.13918,-0.556084
34,0.810147,0.120633,-0.915109,0.689335,-0.134118,-0.55839,0.804696,0.11901,-0.922399,0.691891,-0.131159,-0.578454,0.796266,0.11684,-0.926856,0.700614,-0.15035,-0.561542,0.805967,0.114869,-0.913296,0.68263,-0.136889,-0.564547
35,0.783555,0.128714,-0.922074,0.673024,-0.125664,-0.566278,0.789038,0.135616,-0.927156,0.700378,-0.10213,-0.557958,0.78999,0.132734,-0.926075,0.701771,-0.106196,-0.564813,0.791813,0.1324,-0.928452,0.692668,-0.132667,-0.555032
36,0.772583,0.146695,-0.93222,0.688778,-0.11315,-0.581582,0.782577,0.150104,-0.939029,0.680679,-0.094932,-0.588298,0.773401,0.160344,-0.929854,0.684792,-0.082096,-0.580839,0.774725,0.150688,-0.935575,0.677065,-0.09957,-0.570197
37,0.76424,0.170065,-0.933631,0.687226,-0.082525,-0.570408,0.763258,0.166945,-0.942447,0.684364,-0.104435,-0.590386,0.770832,0.165179,-0.932207,0.685408,-0.097821,-0.59817,0.768502,0.179941,-0.943882,0.674992,-0.087118,-0.565659
38,0.754899,0.189451,-0.941252,0.671719,-0.099609,-0.604637,0.749589,0.190341,-0.945635,0.659119,-0.082004,-0.59585,0.757435,0.17883,-0.946271,0.679579,-0.081533,-0.580691,0.749676,0.188991,-0.949813,0.678701,-0.071778,-0.606307
39,0.739547,0.214342,-0.949892,0.657178,-0.058021,-0.602946,0.742726,0.208212,-0.952859,0.679337,-0.059501,-0.616158,0.746762,0.21028,-0.950789,0.657422,-0.069013,-0.607558,0.734267,0.205745,-0.954429,0.665209,-0.083898,-0.586424
40,0.725965,0.236263,-0.961529,0.666648,-0.056454,-0.618635,0.731854,0.232006,-0.953289,0.643996,-0.038548,-0.616972,0.737885,0.221723,-0.955925,0.673293,-0.051685,-0.615111,0.729175,0.228858,-0.961797,0.668845,-0.067075,-0.609515
41,0.720499,0.23957,-0.961238,0.657382,-0.047596,-0.632689,0.71801,0.242103,-0.96917,0.669433,-0.047958,-0.612536,0.720558,0.245789,-0.96148,0.664806,-0.04071,-0.633033,0.721181,0.24473,-0.955508,0.661127,-0.051857,-0.615181
42,0.697171,0.266255,-0.960523,0.633109,-0.012255,-0.625884,0.695489,0.263659,-0.961568,0.641372,-0.024092,-0.630517,0.707223,0.260533,-0.963232,0.633386,-0.031198,-0.629948,0.695526,0.267927,-0.964129,0.644769,-0.029252,-0.630973
43,0.694054,0.279862,-0.972061,0.654972,-0.001824,-0.611033,0.683475,0.272579,-0.96665,0.649231,-0.015336,-0.631054,0.691179,0.281301,-0.979361,0.643158,-0.002632,-0.664713,0.681439,0.276198,-0.974889,0.647897,-0.005122,-0.63778
44,0.677819,0.299137,-0.975545,0.653425,0.019897,-0.64307,0.67604,0.304986,-0.969313,0.634364,-0.003964,-0.630558,0.67502,0.3001,-0.975371,0.64409,-0.009094,-0.629921,0.680039,0.296566,-0.975654,0.639019,6.9e-05,-0.635275
45,0.660451,0.323901,-0.988662,0.646387,0.009869,-0.650196,0.667539,0.325515,-0.988203,0.638464,0.011834,-0.628302,0.656687,0.315652,-0.974216,0.614078,0.016917,-0.642438,0.657588,0.3172,-0.982241,0.628199,0.019008,-0.645939
46,0.645852,0.330907,-0.982077,0.621567,0.034906,-0.650814,0.640291,0.339068,-0.983048,0.640623,0.031484,-0.658924,0.64865,0.337437,-0.986827,0.630704,0.034462,-0.653449,0.646616,0.339682,-0.991568,0.628397,0.035877,-0.657505
47,0.628128,0.357033,-0.997101,0.613806,0.043618,-0.659413,0.62717,0.363168,-0.992349,0.587942,0.054839,-0.659367,0.629897,0.339701,-0.985852,0.622115,0.027699,-0.651702,0.635519,0.346789,-0.992216,0.623125,0.025694,-0.663565
48,0.618974,0.356813,-0.993194,0.613749,0.056968,-0.674189,0.61574,0.373118,-0.996286,0.612845,0.039515,-0.654675,0.615688,0.367014,-0.99458,0.606849,0.045486,-0.676002,0.62632,0.367482,-0.982112,0.603531,0.063043,-0.673673
49,0.605729,0.390273,-0.998273,0.627568,0.073835,-0.680952,0.599547,0.388803,-0.999737,0.590034,0.08262,-0.678948,0.603093,0.384426,-0.987076,0.60554,0.076142,-0.671816,0.599788,0.389819,-0.991368,0.602805,0.063496,-0.658928
50,0.585344,0.403081,-0.996393,0.592528,0.106886,-0.683919,0.584838,0.406424,-0.994794,0.603301,0.094961,-0.664044,0.581931,0.411914,-0.991751,0.597085,0.08883,-0.678539,0.591243,0.407895,-0.991774,0.584077,0.065064,-0.696518
51,0.572592,0.432702,-0.996655,0.569051,0.097271,-0.690553,0.576033,0.420229,-0.993975,0.567983,0.089134,-0.677072,0.572374,0.422674,-1.007894,0.581563,0.109824,-0.685389,0.569079,0.42501,-0.990213,0.595676,0.103006,-0.678881
52,0.561686,0.433262,-0.996766,0.561681,0.130032,-0.679938,0.554907,0.432576,-0.999929,0.568718,0.103375,-0.684664,0.553596,0.440467,-0.98943,0.556237,0.119991,-0.673813,0.567937,0.431006,-1.004083,0.571812,0.12286,-0.692157
53,0.542177,0.452662,-0.998263,0.568913,0.134085,-0.690985,0.536225,0.453255,-1.002367,0.55454,0.118135,-0.687919,0.541215,0.461787,-1.009521,0.554926,0.116529,-0.687684,0.55035,0.460534,-1.003496,0.575092,0.113132,-0.686051
54,0.525123,0.463649,-1.009006,0.550602,0.15862,-0.669617,0.528949,0.478481,-1.000542,0.55499,0.143991,-0.686099,0.529068,0.469659,-0.995661,0.551829,0.140209,-0.695209,0.527361,0.464868,-0.996163,0.553261,0.132787,-0.702825
55,0.506858,0.489708,-1.00717,0.518907,0.163494,-0.703112,0.503174,0.49325,-0.998046,0.536691,0.142979,-0.696931,0.509275,0.488719,-1.008859,0.531394,0.135135,-0.703169,0.513163,0.484856,-0.993108,0.545134,0.157295,-0.70946
56,0.489456,0.514263,-0.996593,0.529864,0.164378,-0.693076,0.503496,0.509141,-0.997784,0.530078,0.180794,-0.692328,0.483274,0.510962,-0.998851,0.54191,0.152259,-0.709754,0.493569,0.509145,-1.008289,0.537063,0.169336,-0.70769
57,0.478462,0.517301,-1.002928,0.537999,0.162619,-0.718949,0.484949,0.526284,-1.000207,0.546813,0.179849,-0.701831,0.470059,0.525706,-1.003794,0.528616,0.181387,-0.720454,0.470742,0.523608,-0.995889,0.538164,0.186087,-0.698283
58,0.457273,0.543597,-0.994866,0.532192,0.188785,-0.718038,0.467457,0.539765,-0.992619,0.512171,0.178277,-0.723107,0.460841,0.547477,-1.00392,0.514382,0.173956,-0.711404,0.46268,0.537876,-0.998965,0.517173,0.198787,-0.702034
59,0.43609,0.555507,-0.99684,0.502452,0.199655,-0.708567,0.443328,0.549989,-0.990262,0.515874,0.197612,-0.705831,0.44568,0.552433,-0.997994,0.504757,0.204994,-0.716992,0.43449,0.57001,-0.992811,0.507088,0.205652,-0.694715
60,0.427268,0.569789,-0.994137,0.481083,0.239111,-0.734847,0.425938,0.572277,-0.998452,0.484309,0.238933,-0.742404,0.435853,0.567984,-0.995113,0.501295,0.215599,-0.738494,0.42594,0.574978,-0.992674,0.511628,0.231542,-0.715304
61,0.401566,0.591631,-0.987642,0.483115,0.234694,-0.713255,0.405791,0.57563,-0.999195,0.490571,0.229682,-0.723667,0.407993,0.592467,-0.991887,0.503412,0.251638,-0.71936,0.402457,0.580035,-1.002856,0.488026,0.240847,-0.721339
62,0.396416,0.61212,-1.003954,0.47479,0.251111,-0.739703,0.395062,0.604348,-0.990694,0.495636,0.265965,-0.711836,0.390986,0.602042,-0.993524,0.49051,0.254284,-0.715414,0.387189,0.598988,-0.991345,0.478921,0.256275,-0.729161
63,0.378322,0.612959,-0.983238,0.47525,0.272122,-0.716457,0.378982,0.620638,-0.989037,0.458435,0.260956,-0.723683,0.371914,0.608521,-0.987747,0.465353,0.260685,-0.723985,0.364928,0.622312,-0.993932,0.469617,0.264688,-0.740131
64,0.356128,0.632112,-0.987565,0.447202,0.270091,-0.719847,0.354779,0.632812,-0.991593,0.468573,0.260114,-0.718468,0.351152,0.634394,-0.977189,0.455189,0.285122,-0.725538,0.349433,0.624556,-0.988675,0.453909,0.268732,-0.725255
65,0.346678,0.640086,-0.976422,0.438554,0.28186,-0.735318,0.339212,0.643081,-0.977531,0.449057,0.291641,-0.716814,0.335052,0.650158,-0.979738,0.437135,0.271295,-0.72273,0.341358,0.645868,-0.981705,0.452999,0.289798,-0.717272
66,0.311441,0.658215,-0.977812,0.442954,0.29609,-0.734003,0.323061,0.653132,-0.972032,0.44066,0.303455,-0.727675,0.326016,0.671949,-0.97157,0.417069,0.310277,-0.731109,0.324102,0.653999,-0.973718,0.424518,0.316279,-0.724056
67,0.298054,0.667611,-0.977199,0.407436,0.296997,-0.72178,0.306374,0.673956,-0.970664,0.413369,0.319054,-0.753034,0.308365,0.676179,-0.971446,0.424533,0.315206,-0.742743,0.309053,0.677666,-0.973031,0.423937,0.300781,-0.726725
68,0.286064,0.682649,-0.966547,0.40534,0.332081,-0.744842,0.281863,0.686333,-0.974653,0.397556,0.334129,-0.739302,0.283148,0.684014,-0.975187,0.414325,0.321092,-0.746057,0.281797,0.694311,-0.973849,0.407218,0.349372,-0.736212
69,0.266721,0.700999,-0.963739,0.404167,0.331602,-0.744586,0.272887,0.700676,-0.971548,0.396768,0.34938,-0.720412,0.263296,0.70076,-0.970693,0.396097,0.347364,-0.723763,0.260335,0.695348,-0.960465,0.406335,0.33497,-0.742006
70,0.257569,0.716135,-0.960417,0.387243,0.353697,-0.7285,0.247835,0.712664,-0.959976,0.378548,0.350875,-0.736701,0.249296,0.724897,-0.962977,0.391607,0.36627,-0.727769,0.250819,0.712228,-0.954735,0.385521,0.349882,-0.729214
71,0.23154,0.727587,-0.960288,0.375631,0.376397,-0.740438,0.231231,0.725219,-0.955,0.366322,0.383156,-0.728579,0.229328,0.721877,-0.945196,0.377322,0.349725,-0.738714,0.226302,0.721128,-0.958977,0.369705,0.377727,-0.725556
72,0.206468,0.735154,-0.957704,0.371701,0.370389,-0.720724,0.212099,0.745769,-0.949165,0.350282,0.39508,-0.736637,0.20643,0.746734,-0.955075,0.36401,0.366748,-0.735749,0.211833,0.736387,-0.961589,0.369407,0.378591,-0.727422
73,0.182777,0.746943,-0.94832,0.339936,0.403448,-0.734314,0.18915,0.745657,-0.94376,0.351578,0.383381,-0.732804,0.202014,0.757379,-0.944965,0.332969,0.379211,-0.738524,0.194583,0.751702,-0.93959,0.362605,0.393109,-0.747101
74,0.174387,0.770048,-0.937029,0.340928,0.394077,-0.734404,0.173192,0.756316,-0.946112,0.335531,0.39377,-0.740883,0.17268,0.771589,-0.938247,0.339713,0.390244,-0.72373,0.180002,0.767754,-0.958097,0.322477,0.406746,-0.729971
75,0.160574,0.781743,-0.930467,0.320692,0.399791,-0.726233,0.161044,0.776885,-0.934485,0.321419,0.415266,-0.729431,0.159218,0.783548,-0.928524,0.330833,0.408881,-0.737257,0.161114,0.77643,-0.93542,0.320823,0.391563,-0.731126
76,0.136654,0.780724,-0.931569,0.309465,0.429611,-0.733201,0.131825,0.789248,-0.933772,0.306677,0.410166,-0.725762,0.137888,0.78581,-0.925722,0.308582,0.434668,-0.736947,0.142717,0.780575,-0.923808,0.340582,0.428596,-0.733713
77,0.123357,0.797985,-0.923589,0.302408,0.430537,-0.725786,0.125072,0.799604,-0.924408,0.302567,0.448136,-0.723901,0.126805,0.808687,-0.918823,0.298838,0.430339,-0.72497,0.125716,0.805922,-0.917473,0.3069,0.429118,-0.74101
78,0.093199,0.810775,-0.913123,0.28839,0.437535,-0.726676,0.109187,0.817072,-0.908992,0.292596,0.451619,-0.735849,0.101171,0.813048,-0.922805,0.270255,0.443221,-0.727494,0.101737,0.79964,-0.916804,0.301485,0.426122,-0.71721
79,0.082988,0.828534,-0.90972,0.272123,0.480326,-0.734052,0.08367,0.814599,-0.902484,0.293983,0.449701,-0.733196,0.082456,0.823133,-0.898273,0.274809,0.439999,-0.722567,0.086445,0.823261,-0.900099,0.274646,0.464788,-0.722743
80,0.059592,0.841355,-0.898441,0.259332,0.465332,-0.719137,0.065591,0.822411,-0.89995,0.26855,0.463007,-0.734236,0.061277,0.828824,-0.897021,0.25605,0.478112,-0.715755,0.064092,0.831589,-0.898866,0.253694,0.47172,-0.722918
81,0.046654,0.846351,-0.883316,0.235083,0.478465,-0.740415,0.047354,0.840761,-0.89212,0.231908,0.480488,-0.735577,0.043196,0.849348,-0.885894,0.260966,0.47104,-0.729853,0.045866,0.83625,-0.877675,0.24523,0.47479,-0.743432
82,0.023539,0.859105,-0.875761,0.234774,0.479215,-0.714922,0.018973,0.860916,-0.877245,0.23102,0.472386,-0.723331,0.025348,0.859534,-0.875736,0.240144,0.491832,-0.727966,0.028364,0.852094,-0.878893,0.222469,0.499461,-0.725363
83,0.011295,0.860315,-0.866564,0.242179,0.49348,-0.714455,0.002908,0.85178,-0.861508,0.233864,0.510561,-0.740577,0.005405,0.866036,-0.868188,0.235745,0.503105,-0.725522,0.006626,0.865924,-0.876399,0.208883,0.501434,-0.71313
84,-0.011216,0.87698,-0.861538,0.210343,0.524033,-0.726768,-0.008718,0.875812,-0.856236,0.234545,0.501106,-0.716543,-0.012182,0.864775,-0.872165,0.212528,0.525731,-0.70592,-0.015058,0.871324,-0.85327,0.206946,0.505589,-0.702658
85,-0.030283,0.875762,-0.845683,0.192402,0.532894,-0.702892,-0.033237,0.883606,-0.846314,0.225451,0.516538,-0.72472,-0.027282,0.878802,-0.852419,0.185751,0.511785,-0.70533,-0.02475,0.880114,-0.851199,0.204385,0.507215,-0.704597
86,-0.050425,0.882602,-0.834182,0.185866,0.528294,-0.704097,-0.045494,0.881597,-0.834845,0.183474,0.522301,-0.713547,-0.053752,0.898506,-0.844056,0.189645,0.539625,-0.706764,-0.057653,0.891946,-0.846498,0.185963,0.542447,-0.698885
87,-0.060905,0.91318,-0.829866,0.16677,0.544421,-0.678308,-0.075543,0.897767,-0.827593,0.171958,0.528086,-0.705293,-0.074409,0.89897,-0.819569,0.158828,0.535413,-0.678229,-0.070901,0.895012,-0.832368,0.173666,0.537807,-0.719246
88,-0.085841,0.905216,-0.815474,0.161078,0.514432,-0.700781,-0.083928,0.915013,-0.828289,0.139793,0.555945,-0.718651,-0.102104,0.913519,-0.814219,0.152921,0.536608,-0.699004,-0.08498,0.910206,-0.813072,0.155017,0.532984,-0.708632
89,-0.099919,0.910573,-0.812048,0.150879,0.54509,-0.70508,-0.10572,0.914067,-0.811372,0.162565,0.548905,-0.696686,-0.114331,0.921324,-0.81097,0.136868,0.555134,-0.695706,-0.110105,0.910063,-0.806837,0.140975,0.527786,-0.7106
90,-0.129399,0.923244,-0.796631,0.124328,0.563976,-0.682876,-0.120209,0.924297,-0.795521,0.129995,0.562889,-0.701774,-0.126212,0.918339,-0.798508,0.132048,0.566215,-0.677314,-0.125834,0.921019,-0.792127,0.147872,0.568746,-0.690133
91,-0.140333,0.923407,-0.79013,0.110613,0.592803,-0.705218,-0.151947,0.93019,-0.786263,0.126184,0.571587,-0.68861,-0.145854,0.935745,-0.782739,0.11636,0.557247,-0.685139,-0.147492,0.928209,-0.786354,0.100621,0.559599,-0.694791
92,-0.166013,0.929632,-0.773685,0.08794,0.575144,-0.695317,-0.158226,0.937132,-0.772402,0.092327,0.579648,-0.696951,-0.161629,0.934263,-0.777566,0.102709,0.585432,-0.684585,-0.164201,0.94093,-0.776339,0.094856,0.587181,-0.689958
93,-0.180582,0.939664,-0.760038,0.094563,0.571187,-0.679094,-0.173163,0.9448,-0.759868,0.078428,0.59371,-0.674856,-0.181204,0.943774,-0.759606,0.088509,0.579901,-0.681068,-0.175255,0.948255,-0.753187,0.067721,0.606091,-0.66785
94,-0.196546,0.951724,-0.749654,0.077666,0.601161,-0.668517,-0.191973,0.946609,-0.754318,0.07156,0.583402,-0.668113,-0.204073,0.943838,-0.747864,0.063196,0.601363,-0.662772,-0.201858,0.943365,-0.745436,0.064315,0.577689,-0.668458
95,-0.222981,0.956212,-0.744127,0.034224,0.610059,-0.649881,-0.215174,0.956414,-0.725144,0.050076,0.616592,-0.676265,-0.216125,0.956572,-0.732535,0.06023,0.593158,-0.681675,-0.225506,0.95021,-0.736137,0.056416,0.592759,-0.66111
96,-0.239555,0.962832,-0.715599,0.041068,0.629362,-0.680817,-0.236958,0.961412,-0.72534,0.05698,0.610686,-0.668147,-0.232992,0.962708,-0.723881,0.038567,0.603717,-0.660894,-0.232854,0.962161,-0.728717,0.045676,0.611345,-0.668169
97,-0.25532,0.964419,-0.707549,0.03761,0.608832,-0.649188,-0.253211,0.968275,-0.704056,0.053147,0.636693,-0.653227,-0.259611,0.964317,-0.703502,0.019724,0.614245,-0.664497,-0.254681,0.959599,-0.712131,0.026091,0.624593,-0.641265
98,-0.277287,0.968341,-0.703764,0.049599,0.625844,-0.632506,-0.262342,0.969526,-0.698185,0.011693,0.631031,-0.651289,-0.274068,0.965035,-0.698407,0.019397,0.618045,-0.651441,-0.277788,0.966773,-0.699108,0.002639,0.654216,-0.649481
99,-0.289078,0.968991,-0.67372,0.006408,0.641561,-0.638903,-0.295661,0.974002,-0.687875,0.007118,0.619454,-0.624392,-0.286154,0.981448,-0.67876,-0.001186,0.632,-0.639412,-0.295213,0.964778,-0.683043,-0.000956,0.648425,-0.641039
100,-0.310676,0.980524,-0.676978,0.002017,0.64398,-0.639882,-0.304917,0.986756,-0.669241,-0.019496,0.647537,-0.629316,-0.308353,0.980337,-0.665448,-0.018676,0.651351,-0.627487,-0.310888,0.98427,-0.660927,-0.012077,0.649665,-0.636145
101,-0.326465,0.984408,-0.657093,-0.013786,0.668104,-0.614044,-0.328777,0.982017,-0.658658,-0.030335,0.653234,-0.616855,-0.320555,0.973065,-0.651817,-0.015162,0.632307,-0.608756,-0.326037,0.977771,-0.651357,-0.036802,0.649948,-0.636048
102,-0.34438,0.984319,-0.63267,-0.037651,0.65431,-0.6132,-0.358098,0.985795,-0.64749,-0.032182,0.655587,-0.614093,-0.342916,0.987362,-0.639526,-0.029529,0.664685,-0.619883,-0.343339,0.984853,-0.636053,-0.040311,0.670428,-0.640784
103,-0.363585,0.981046,-0.625913,-0.033999,0.658452,-0.595151,-0.358054,0.987227,-0.624233,-0.054568,0.641462,-0.61737,-0.365591,0.983083,-0.629254,-0.061061,0.656481,-0.617328,-0.366885,0.991996,-0.627271,-0.045832,0.674551,-0.615117
104,-0.380732,0.99997,-0.610114,-0.053346,0.675284,-0.591611,-0.387002,0.994338,-0.625756,-0.081262,0.678269,-0.594059,-0.380463,0.99761,-0.610953,-0.058275,0.66003,-0.606495,-0.379419,1.005058,-0.608857,-0.058773,0.67511,-0.590899
105,-0.388119,0.990717,-0.597714,-0.07308,0.682776,-0.589449,-0.398016,0.994924,-0.603023,-0.091796,0.671721,-0.598741,-0.403876,0.985836,-0.596177,-0.077853,0.66325,-0.596005,-0.395378,0.997231,-0.588316,-0.085575,0.667594,-0.613888
106,-0.407797,0.999539,-0.575679,-0.092484,0.667979,-0.582364,-0.412554,0.998152,-0.581963,-0.07008,0.706066,-0.595435,-0.404262,1.005696,-0.56918,-0.089348,0.689695,-0.588838,-0.419808,0.995767,-0.581762,-0.09879,0.679544,-0.578738
107,-0.442245,1.000557,-0.570154,-0.094724,0.67874,-0.570585,-0.432312,0.995961,-0.557526,-0.105598,0.677407,-0.576969,-0.432537,0.984474,-0.56093,-0.117862,0.69265,-0.569961,-0.435265,0.994847,-0.562581,-0.092666,0.693538,-0.581292
108,-0.449976,0.988531,-0.549221,-0.124468,0.672131,-0.559618,-0.440346,1.005931,-0.551086,-0.108678,0.689387,-0.565225,-0.450764,0.991047,-0.554301,-0.11638,0.682012,-0.568138,-0.455662,0.99221,-0.55427,-0.09368,0.679032,-0.563748
109,-0.45926,0.995178,-0.536802,-0.134312,0.701574,-0.550631,-0.463052,1.000985,-0.538798,-0.149947,0.685592,-0.552367,-0.468967,1.00945,-0.534368,-0.14805,0.694897,-0.563876,-0.466815,0.997364,-0.532489,-0.147356,0.702346,-0.570867
110,-0.483511,0.998432,-0.51756,-0.154338,0.686977,-0.56067,-0.475235,1.001384,-0.520497,-0.145505,0.695906,-0.560713,-0.480133,1.000461,-0.513127,-0.157123,0.697031,-0.562241,-0.484146,0.991527,-0.518166,-0.123338,0.679002,-0.534094
111,-0.487508,1.006461,-0.490915,-0.144804,0.699858,-0.554644,-0.500624,1.002078,-0.500642,-0.15554,0.711209,-0.543039,-0.495275,0.994626,-0.498898,-0.152484,0.699219,-0.541667,-0.494137,0.996772,-0.504567,-0.155549,0.711577,-0.547377
112,-0.516146,1.00536,-0.483266,-0.169912,0.693498,-0.541579,-0.50874,0.999371,-0.478576,-0.176472,0.69706,-0.525094,-0.517854,0.999796,-0.491195,-0.181838,0.704628,-0.50804,-0.517262,0.99456,-0.483864,-0.183419,0.715135,-0.532155
113,-0.529809,1.002696,-0.469639,-0.20226,0.716667,-0.500011,-0.536576,0.986281,-0.471919,-0.192874,0.699637,-0.510704,-0.538918,0.998424,-0.475927,-0.19381,0.69503,-0.521178,-0.525068,0.995272,-0.456251,-0.205015,0.714521,-0.506459
114,-0.548869,0.994416,-0.454433,-0.194791,0.721652,-0.511969,-0.538406,0.997247,-0.455832,-0.191279,0.693099,-0.498292,-0.544493,1.002088,-0.462876,-0.196191,0.7146,-0.505465,-0.552656,0.998337,-0.451746,-0.192205,0.712303,-0.527953
115,-0.55835,0.992259,-0.438892,-0.196514,0.713113,-0.492655,-0.557177,0.996175,-0.433467,-0.215846,0.697063,-0.500604,-0.568481,0.996313,-0.435642,-0.205055,0.705819,-0.510001,-0.557728,1.000222,-0.432816,-0.206635,0.719823,-0.495851
116,-0.575972,0.987546,-0.414821,-0.221541,0.705855,-0.481642,-0.579987,0.999935,-0.413623,-0.20794,0.724755,-0.488796,-0.588378,0.995623,-0.415833,-0.234097,0.714501,-0.490903,-0.577693,0.996496,-0.425186,-0.241231,0.754086,-0.495696
117,-0.58429,0.993671,-0.402788,-0.234841,0.723413,-0.458542,-0.597954,1.003596,-0.394206,-0.230521,0.73459,-0.499955,-0.590026,0.99489,-0.410792,-0.256326,0.724399,-0.487322,-0.589257,0.994244,-0.399022,-0.235692,0.729053,-0.481696
118,-0.611576,0.992345,-0.381955,-0.236913,0.708825,-0.478128,-0.603717,0.987932,-0.387711,-0.260571,0.717808,-0.476968,-0.612644,0.991908,-0.387745,-0.27106,0.744023,-0.439767,-0.608127,0.990492,-0.392589,-0.248244,0.70978,-0.486824
119,-0.627715,0.993396,-0.367739,-0.283239,0.743827,-0.461254,-0.619063,0.981417,-0.369882,-0.267059,0.730149,-0.446363,-0.626777,0.988781,-0.366346,-0.259308,0.730617,-0.455085,-0.622706,0.999495,-0.3597,-0.236944,0.718196,-0.462006
120,-0.635964,0.988345,-0.341875,-0.275022,0.738264,-0.45603,-0.639385,0.975708,-0.351473,-0.279034,0.736674,-0.457299,-0.646643,0.981808,-0.344658,-0.276323,0.72197,-0.450769,-0.635787,0.983878,-0.342458,-0.272958,0.713099,-0.443651
121,-0.65484,0.98448,-0.330857,-0.307405,0.76215,-0.440292,-0.641602,0.98028,-0.325138,-0.284823,0.740785,-0.44219,-0.656549,0.992177,-0.330762,-0.280822,0.741256,-0.432923,-0.6532,0.978863,-0.339455,-0.290806,0.730391,-0.422756
122,-0.665796,0.979501,-0.314912,-0.309007,0.741706,-0.437176,-0.668782,0.984682,-0.31338,-0.301455,0.728645,-0.420092,-0.668427,0.980143,-0.309857,-0.308084,0.722948,-0.427703,-0.664837,0.970971,-0.316021,-0.312249,0.738019,-0.439582
123,-0.674925,0.972351,-0.287653,-0.323871,0.726178,-0.420296,-0.677874,0.969367,-0.295752,-0.296982,0.730298,-0.422243,-0.680261,0.975334,-0.292442,-0.312499,0.741687,-0.423708,-0.674016,0.973493,-0.302883,-0.324301,0.737524,-0.403617
124,-0.690657,0.977329,-0.281796,-0.329567,0.724363,-0.402499,-0.694931,0.979628,-0.276627,-0.321822,0.742824,-0.403957,-0.698757,0.969016,-0.278268,-0.3269,0.731198,-0.4129,-0.696559,0.971686,-0.278609,-0.329755,0.744346,-0.397468
125,-0.699876,0.972123,-0.257686,-0.334333,0.75557,-0.37792,-0.709263,0.972723,-0.268927,-0.343609,0.739787,-0.380778,-0.726753,0.976792,-0.258691,-0.349888,0.727125,-0.391007,-0.712416,0.958819,-0.256718,-0.348297,0.739502,-0.385619
126,-0.718984,0.952506,-0.242719,-0.359561,0.73532,-0.368616,-0.723763,0.955258,-0.234312,-0.361811,0.726633,-0.36505,-0.725862,0.960033,-0.235627,-0.361483,0.734972,-0.370167,-0.719319,0.972739,-0.240695,-0.370198,0.7486,-0.374729
127,-0.732416,0.961934,-0.213774,-0.368204,0.74881,-0.374499,-0.729386,0.954098,-0.221655,-0.34982,0.7436,-0.37239,-0.732661,0.950414,-0.218021,-0.379951,0.722586,-0.370792,-0.735291,0.950716,-0.220753,-0.37403,0.748167,-0.368719
128,-0.740984,0.945134,-0.19422,-0.377448,0.749381,-0.35689,-0.743231,0.941912,-0.194178,-0.385524,0.738292,-0.344352,-0.747324,0.945726,-0.206818,-0.360556,0.725783,-0.32739,-0.749462,0.944758,-0.208804,-0.387659,0.743352,-0.353688
129,-0.756768,0.941426,-0.192472,-0.400172,0.704629,-0.357939,-0.756642,0.951086,-0.172908,-0.392461,0.739896,-0.341308,-0.754163,0.943643,-0.186844,-0.398943,0.727732,-0.343157,-0.765236,0.934309,-0.189333,-0.385398,0.730687,-0.350429
130,-0.764897,0.939588,-0.169395,-0.416296,0.744681,-0.337762,-0.776727,0.931182,-0.164317,-0.391259,0.742326,-0.326046,-0.778347,0.941983,-0.165188,-0.402255,0.729834,-0.353761,-0.771678,0.926438,-0.162486,-0.394686,0.732179,-0.340103
131,-0.781569,0.925148,-0.154397,-0.410497,0.711417,-0.310185,-0.779109,0.928394,-0.145,-0.396763,0.731434,-0.321607,-0.780717,0.930022,-0.150706,-0.433317,0.751756,-0.339882,-0.786096,0.930178,-0.146981,-0.421615,0.709508,-0.3367
132,-0.801911,0.927189,-0.122676,-0.4403,0.746886,-0.307459,-0.785777,0.926813,-0.131811,-0.425952,0.744086,-0.289238,-0.803903,0.926327,-0.125568,-0.426577,0.738402,-0.300872,-0.796127,0.926256,-0.129033,-0.426367,0.728037,-0.312014
133,-0.80581,0.912957,-0.115472,-0.454524,0.735044,-0.271074,-0.809067,0.909345,-0.119615,-0.431554,0.739737,-0.2885,-0.801577,0.912873,-0.121814,-0.447892,0.74632,-0.286544,-0.799,0.921041,-0.113957,-0.449263,0.715835,-0.285525
134,-0.808261,0.904672,-0.093369,-0.431868,0.739446,-0.285726,-0.817144,0.901734,-0.09774,-0.466615,0.711461,-0.295955,-0.811427,0.903317,-0.08919,-0.450019,0.720232,-0.270755,-0.820487,0.912293,-0.094956,-0.466321,0.729959,-0.263016
135,-0.825897,0.909825,-0.070891,-0.457826,0.718345,-0.285017,-0.826738,0.910389,-0.074355,-0.470726,0.742918,-0.293634,-0.827532,0.903421,-0.072901,-0.471214,0.739813,-0.287935,-0.824617,0.890145,-0.080301,-0.470593,0.711852,-0.270524
136,-0.837564,0.891356,-0.056228,-0.471833,0.721163,-0.256483,-0.832612,0.889493,-0.046666,-0.476323,0.728256,-0.253634,-0.83569,0.88983,-0.053286,-0.473615,0.732579,-0.246677,-0.848068,0.892979,-0.060823,-0.460541,0.710266,-0.259198
137,-0.844948,0.892082,-0.032823,-0.48151,0.736292,-0.2405,-0.843448,0.880422,-0.030047,-0.498462,0.71845,-0.251474,-0.842961,0.884636,-0.038424,-0.497146,0.726275,-0.247374,-0.849879,0.885866,-0.038274,-0.486153,0.721578,-0.251791
138,-0.85105,0.878481,-0.01752,-0.485607,0.705939,-0.245015,-0.864753,0.875809,-0.014953,-0.494934,0.705725,-0.228517,-0.857778,0.866575,-0.023126,-0.493358,0.712381,-0.22232,-0.856503,0.878464,-0.022371,-0.47607,0.719306,-0.212474
139,-0.872519,0.860183,0.006078,-0.509922,0.700978,-0.22049,-0.8757,0.86774,0.003433,-0.514495,0.728044,-0.221855,-0.857108,0.861086,0.003471,-0.504855,0.728628,-0.228845,-0.864558,0.859773,0.005038,-0.513566,0.714145,-0.231229
140,-0.874687,0.852823,0.021947,-0.508961,0.713955,-0.187705,-0.880635,0.860751,0.012275,-0.494921,0.718271,-0.193303,-0.877854,0.859401,0.021807,-0.49185,0.715072,-0.220743,-0.883711,0.856886,0.01055,-0.499746,0.726095,-0.202978
141,-0.886668,0.846451,0.039346,-0.536158,0.714425,-0.168088,-0.887669,0.841005,0.036861,-0.514293,0.716447,-0.179268,-0.88099,0.84673,0.0319,-0.527604,0.705378,-0.192879,-0.879531,0.840738,0.033703,-0.527914,0.702867,-0.17844
142,-0.893301,0.836328,0.060547,-0.524929,0.713299,-0.197016,-0.897355,0.844126,0.060863,-0.540588,0.711976,-0.1818,-0.895931,0.837611,0.062893,-0.530082,0.71383,-0.177964,-0.893216,0.840913,0.057072,-0.529996,0.688481,-0.17449
143,-0.902813,0.814319,0.07728,-0.53014,0.697371,-0.155694,-0.899346,0.828055,0.085104,-0.536547,0.693184,-0.152249,-0.894979,0.817145,0.076846,-0.515045,0.702299,-0.175627,-0.908564,0.830655,0.078744,-0.550056,0.702239,-0.169731
144,-0.910202,0.809317,0.0957,-0.56349,0.689001,-0.157402,-0.905569,0.814339,0.094251,-0.554779,0.69401,-0.134249,-0.909422,0.809879,0.102068,-0.551266,0.687792,-0.148008,-0.912004,0.816573,0.101588,-0.561432,0.695135,-0.148469
145,-0.905351,0.811436,0.114909,-0.545245,0.693967,-0.150669,-0.923366,0.805834,0.114993,-0.551485,0.678854,-0.135327,-0.923602,0.80038,0.116073,-0.539225,0.705647,-0.144394,-0.914104,0.804192,0.114231,-0.565562,0.687085,-0.133938
146,-0.925863,0.797445,0.130722,-0.559648,0.693765,-0.135156,-0.9265,0.795925,0.143378,-0.568595,0.686836,-0.108398,-0.920116,0.78857,0.129241,-0.583181,0.689973,-0.132129,-0.92911,0.790264,0.136932,-0.569687,0.67996,-0.106957
147,-0.930453,0.782194,0.151533,-0.570591,0.687029,-0.100584,-0.940875,0.781618,0.156365,-0.571075,0.675701,-0.117286,-0.930571,0.783118,0.158136,-0.566601,0.687849,-0.097831,-0.934262,0.782878,0.144803,-0.570552,0.663875,-0.104725
148,-0.935841,0.763998,0.177307,-0.568338,0.675281,-0.09897,-0.93227,0.774548,0.170688,-0.579783,0.668775,-0.104707,-0.931026,0.770821,0.168251,-0.580752,0.690649,-0.090665,-0.93776,0.768775,0.158492,-0.580891,0.680128,-0.098195
149,-0.95023,0.754505,0.183262,-0.63909,0.677873,-0.100056,-0.93857,0.752001,0.184441,-0.606689,0.684197,-0.062707,-0.9456,0.7529,0.196698,-0.590113,0.676563,-0.085362,-0.939198,0.751045,0.188142,-0.592465,0.674607,-0.085366
150,-0.947846,0.737196,0.201004,-0.59821,0.670772,-0.050358,-0.947537,0.737772,0.215415,-0.599941,0.684824,-0.077011,-0.956529,0.751106,0.203772,-0.607617,0.663787,-0.059656,-0.950271,0.74047,0.212951,-0.607031,0.651243,-0.061137
151,-0.953424,0.722681,0.217094,-0.611331,0.663221,-0.067909,-0.961829,0.732352,0.218693,-0.610121,0.659169,-0.059834,-0.956338,0.718432,0.224252,-0.60055,0.64866,-0.037449,-0.960522,0.733126,0.225493,-0.597041,0.679039,-0.049235
152,-0.955762,0.720957,0.253384,-0.62477,0.668603,-0.037841,-0.964373,0.707954,0.245428,-0.608898,0.667552,-0.03565,-0.958763,0.712851,0.241528,-0.606278,0.664847,-0.027059,-0.970019,0.72446,0.244151,-0.640657,0.658312,-0.036876
153,-0.964214,0.706121,0.262126,-0.591564,0.654033,-0.033322,-0.967547,0.702634,0.265332,-0.619145,0.642768,-0.030168,-0.964056,0.69691,0.2665,-0.623478,0.657476,-0.0322,-0.971587,0.703379,0.262456,-0.623958,0.652083,-0.026388
154,-0.97312,0.692032,0.284579,-0.6266,0.642358,-0.011974,-0.980973,0.689045,0.282561,-0.650122,0.65561,-0.001308,-0.971495,0.686406,0.289925,-0.622183,0.649218,-0.015967,-0.966853,0.692788,0.284945,-0.644323,0.650413,0.002298
155,-0.97089,0.677869,0.302951,-0.637611,0.63658,-0.002049,-0.972835,0.679242,0.294391,-0.636819,0.61545,-0.009004,-0.976762,0.678319,0.298265,-0.646655,0.626851,0.010466,-0.982501,0.673296,0.296635,-0.637829,0.631816,0.008265
156,-0.983816,0.664546,0.316345,-0.646811,0.63138,0.020271,-0.970256,0.665284,0.317699,-0.646198,0.621923,0.017388,-0.973709,0.669438,0.318576,-0.660951,0.638072,0.007686,-0.986901,0.655628,0.323009,-0.652947,0.626888,0.010851
157,-0.989607,0.655859,0.337476,-0.660018,0.632002,0.043844,-0.98664,0.650741,0.337808,-0.6363,0.613692,0.037195,-0.977665,0.648633,0.339329,-0.665455,0.628646,0.024361,-0.984446,0.650185,0.333632,-0.648949,0.626804,0.043157
158,-0.98541,0.641222,0.351967,-0.668555,0.607881,0.042704,-0.976787,0.633686,0.346889,-0.642087,0.605943,0.053618,-0.992833,0.634561,0.350552,-0.660133,0.610089,0.040153,-0.98673,0.631236,0.344923,-0.666624,0.606448,0.03365
159,-0.994381,0.615865,0.365285,-0.6632,0.592714,0.053309,-0.997547,0.612712,0.363512,-0.653063,0.599795,0.04987,-0.982641,0.628631,0.369371,-0.669657,0.594266,0.056733,-1.00167,0.622824,0.370749,-0.673516,0.606137,0.056649
160,-0.989964,0.597702,0.388553,-0.659506,0.620688,0.081188,-0.985125,0.594346,0.385434,-0.651923,0.603947,0.086026,-0.981987,0.604042,0.385312,-0.680606,0.590299,0.050657,-0.991102,0.603579,0.386316,-0.6616,0.602583,0.051366
161,-0.998319,0.588337,0.404,-0.665535,0.599128,0.088768,-0.994846,0.584132,0.399611,-0.677766,0.570589,0.080968,-0.993806,0.590729,0.403964,-0.680017,0.575519,0.105789,-0.984923,0.583665,0.396375,-0.681161,0.583633,0.088848
162,-0.99075,0.575173,0.425728,-0.66692,0.600179,0.106763,-0.991605,0.581176,0.406899,-0.688155,0.586819,0.104286,-0.997893,0.57451,0.424076,-0.679558,0.590963,0.105949,-0.994594,0.580716,0.421867,-0.694449,0.577688,0.08675
163,-0.994159,0.557129,0.446391,-0.676735,0.571127,0.122624,-0.994727,0.550249,0.439373,-0.685469,0.556341,0.108527,-0.998557,0.569721,0.427674,-0.680498,0.572866,0.119908,-0.994117,0.555023,0.430464,-0.697698,0.573485,0.114132
164,-0.9797,0.548461,0.447925,-0.697334,0.556519,0.118224,-1.001676,0.538738,0.454907,-0.6967,0.567238,0.132671,-1.004856,0.544753,0.464472,-0.684873,0.55611,0.114725,-0.991295,0.54968,0.457458,-0.681105,0.566262,0.13879
165,-0.995187,0.523691,0.485677,-0.694422,0.546998,0.136834,-1.010633,0.527931,0.476479,-0.672962,0.561847,0.132474,-1.000974,0.532915,0.468045,-0.687312,0.562528,0.146674,-0.99527,0.538295,0.466309,-0.697143,0.540529,0.140285
166,-1.000885,0.507884,0.484279,-0.700527,0.548154,0.146016,-1.002897,0.515994,0.489332,-0.695072,0.534553,0.161837,-0.988703,0.512472,0.489689,-0.703912,0.555164,0.152093,-1.004381,0.517195,0.488473,-0.694157,0.535625,0.151352
167,-0.308764,0.549443,0.557676,-2.832594,0.536792,0.169898,-0.5226,0.535617,0.553982,-2.228923,0.549575,0.151984,-0.616272,0.523731,0.548214,-1.896642,0.545504,0.168104,-0.687762,0.522997,0.525928,-1.660033,0.537503,0.168525
168,-0.314894,0.536139,0.58364,-2.846908,0.532331,0.175057,-0.505312,0.511143,0.565259,-2.254091,0.510153,0.193158,-0.627883,0.503307,0.553212,-1.904234,0.531115,0.195595,-0.691747,0.502985,0.552876,-1.668647,0.530673,0.193368
169,-0.317223,0.517837,0.590456,-2.868659,0.528465,0.209894,-0.50937,0.49765,0.572813,-2.253456,0.530493,0.203061,-0.621468,0.496884,0.572678,-1.920173,0.530096,0.205909,-0.692739,0.48354,0.576257,-1.688468,0.513624,0.185947
170,-0.310268,0.4921,0.61457,-2.890444,0.514835,0.228152,-0.509263,0.474595,0.597182,-2.266724,0.505976,0.21379,-0.624635,0.468661,0.586629,-1.912152,0.523015,0.204425,-0.683355,0.471138,0.586128,-1.700503,0.512835,0.197917
171,-0.321848,0.474174,0.63427,-2.901792,0.489112,0.219968,-0.506413,0.465217,0.614567,-2.272608,0.493315,0.202983,-0.611473,0.456662,0.601053,-1.932541,0.48062,0.232785,-0.683895,0.447458,0.60528,-1.706011,0.492318,0.226799
172,-0.310888,0.456936,0.640392,-2.908587,0.482124,0.245055,-0.513355,0.446678,0.630858,-2.292118,0.48151,0.241164,-0.609793,0.432513,0.622235,-1.933979,0.475669,0.227305,-0.688979,0.432372,0.607989,-1.717464,0.485465,0.247354
173,-0.305372,0.449091,0.666393,-2.91153,0.477031,0.253048,-0.514357,0.426853,0.64456,-2.292639,0.472743,0.242069,-0.61511,0.419565,0.635982,-1.951231,0.46407,0.250092,-0.685965,0.408989,0.632231,-1.711392,0.468975,0.235234
174,-0.320406,0.41491,0.689846,-2.94576,0.479645,0.256957,-0.504168,0.409633,0.668041,-2.300668,0.464884,0.262205,-0.618566,0.401631,0.65795,-1.961518,0.461498,0.249844,-0.691563,0.397534,0.648794,-1.728346,0.447347,0.259282
175,-0.315359,0.391019,0.706497,-2.936681,0.462184,0.261514,-0.500236,0.384179,0.677852,-2.311097,0.449926,0.257375,-0.617228,0.384059,0.678663,-1.941538,0.473759,0.275756,-0.677433,0.380756,0.666898,-1.731437,0.445962,0.281193
176,-0.316089,0.375448,0.711623,-2.967785,0.44459,0.295045,-0.506228,0.369875,0.699213,-2.33316,0.453415,0.277664,-0.610968,0.35982,0.684191,-1.964183,0.450575,0.280796,-0.667891,0.366723,0.684847,-1.734427,0.431393,0.289014
177,-0.305225,0.36289,0.730396,-2.948094,0.44005,0.291881,-0.50541,0.358402,0.714442,-2.314744,0.442209,0.270558,-0.612367,0.346831,0.693229,-1.961565,0.435268,0.299534,-0.674466,0.342326,0.691731,-1.740574,0.444359,0.29171
178,-0.301743,0.348259,0.755647,-2.976571,0.423966,0.320582,-0.501508,0.3344,0.729476,-2.325087,0.401336,0.304408,-0.611953,0.32638,0.717536,-1.955378,0.423109,0.313241,-0.673928,0.32326,0.701291,-1.756267,0.414516,0.298781
179,-0.309119,0.324612,0.767747,-2.950121,0.411471,0.330803,-0.493916,0.311378,0.747592,-2.333893,0.412836,0.32784,-0.609829,0.306955,0.720867,-1.979153,0.41505,0.324532,-0.663865,0.311878,0.711235,-1.757184,0.411431,0.340371
180,-0.308173,0.294442,0.776284,-2.982356,0.391801,0.338161,-0.491106,0.28705,0.757054,-2.317881,0.416579,0.333244,-0.595959,0.28981,0.742103,-1.958886,0.391295,0.334067,-0.665787,0.280519,0.733003,-1.771517,0.417292,0.340626
181,-0.302397,0.2804,0.794983,-2.976687,0.396855,0.348297,-0.496446,0.26856,0.774102,-2.339024,0.392449,0.307107,-0.598773,0.262195,0.758302,-1.985467,0.390619,0.356702,-0.66452,0.274834,0.752739,-1.767118,0.381748,0.361309
182,-0.313736,0.26037,0.817356,-2.955766,0.368544,0.355987,-0.492556,0.259245,0.779567,-2.337009,0.383522,0.370872,-0.591698,0.250139,0.77015,-1.97104,0.38086,0.359778,-0.655778,0.245731,0.760838,-1.755722,0.378718,0.360534
183,-0.296981,0.236292,0.822737,-2.969834,0.35921,0.345011,-0.49296,0.223359,0.80237,-2.335768,0.352222,0.371699,-0.589581,0.229465,0.782588,-1.971265,0.364485,0.363376,-0.651835,0.225537,0.78297,-1.758885,0.357534,0.375805
184,-0.303475,0.227876,0.840897,-2.968689,0.345794,0.365668,-0.489457,0.222109,0.822267,-2.318174,0.340603,0.391139,-0.590888,0.21236,0.801073,-1.978604,0.361934,0.369792,-0.650208,0.201575,0.800512,-1.754058,0.337543,0.379053
185,-0.29236,0.188685,0.858984,-2.948737,0.350903,0.391289,-0.481705,0.183199,0.817088,-2.342921,0.336284,0.39934,-0.579083,0.18344,0.813355,-1.989244,0.335582,0.386261,-0.6519,0.184699,0.80353,-1.75893,0.349304,0.399142
186,-0.296991,0.1787,0.858776,-2.982572,0.318527,0.415659,-0.481393,0.164985,0.829423,-2.317489,0.316222,0.417793,-0.577634,0.165688,0.826092,-1.98744,0.311491,0.428714,-0.645975,0.173962,0.812942,-1.760536,0.330223,0.398135
187,-0.294835,0.159688,0.884755,-2.959519,0.316007,0.417063,-0.475679,0.138217,0.845478,-2.313208,0.30024,0.420763,-0.573732,0.150709,0.832564,-1.980499,0.302469,0.418528,-0.634537,0.14833,0.832846,-1.746533,0.312832,0.430031
188,-0.287471,0.144149,0.890206,-2.952698,0.295474,0.420831,-0.477205,0.128606,0.87019,-2.332049,0.315928,0.427857,-0.566742,0.130221,0.852997,-1.95202,0.299366,0.435023,-0.632021,0.126243,0.850747,-1.746867,0.314042,0.421099
189,-0.280532,0.110356,0.901439,-2.953938,0.281407,0.444259,-0.475791,0.113163,0.874128,-2.325384,0.283091,0.437501,-0.569337,0.11163,0.859985,-1.951196,0.290196,0.441789,-0.624017,0.111877,0.842052,-1.729925,0.286626,0.422666
190,-0.286984,0.098337,0.912104,-2.944174,0.26432,0.451212,-0.467741,0.091747,0.887705,-2.306571,0.275835,0.444964,-0.550601,0.087553,0.875686,-1.959452,0.27217,0.453911,-0.61824,0.086971,0.862835,-1.72436,0.27491,0.449552
191,-0.268925,0.0686,0.92767,-2.926534,0.267233,0.478828,-0.458129,0.074559,0.905475,-2.307512,0.248271,0.45922,-0.555203,0.06536,0.888314,-1.961867,0.261959,0.468749,-0.613765,0.068365,0.88038,-1.739831,0.251996,0.446471
192,-0.285847,0.051242,0.93639,-2.911368,0.238286,0.465715,-0.454534,0.043634,0.905882,-2.280072,0.257149,0.490508,-0.547472,0.045939,0.899201,-1.951362,0.242809,0.480884,-0.604868,0.045088,0.884695,-1.725141,0.245462,0.469585
193,-0.277715,0.026534,0.951163,-2.919888,0.23334,0.488502,-0.453324,0.03803,0.921448,-2.277254,0.23941,0.47364,-0.551535,0.03262,0.899428,-1.946783,0.217376,0.47831,-0.608825,0.032588,0.892874,-1.730362,0.231973,0.490901
194,-0.279469,0.00732,0.957568,-2.904925,0.215335,0.497165,-0.454382,0.002162,0.932241,-2.270413,0.21763,0.494866,-0.542828,0.007351,0.915407,-1.947666,0.234776,0.501466,-0.598629,0.010371,0.903267,-1.707755,0.233443,0.489714
195,-0.267116,-0.012557,0.967673,-2.878257,0.223755,0.516316,-0.439015,-0.009765,0.938631,-2.266007,0.213677,0.497411,-0.527155,-0.018234,0.921651,-1.910295,0.214549,0.486577,-0.588868,-0.012224,0.919844,-1.707355,0.22305,0.510296
196,-0.269311,-0.03143,0.979051,-2.881649,0.185516,0.506044,-0.427868,-0.03202,0.951687,-2.247884,0.208132,0.522529,-0.524986,-0.020209,0.940794,-1.916205,0.18755,0.535812,-0.580905,-0.029453,0.930043,-1.689609,0.190116,0.49534
197,-0.263326,-0.047931,0.991101,-2.864771,0.174262,0.522316,-0.429283,-0.05645,0.961428,-2.239024,0.184316,0.534096,-0.515048,-0.055945,0.941813,-1.900696,0.163392,0.534447,-0.581677,-0.043753,0.93113,-1.675257,0.17857,0.515618
198,-0.263522,-0.083693,1.002289,-2.843784,0.175273,0.521012,-0.431529,-0.062498,0.973085,-2.249875,0.150871,0.521246,-0.523607,-0.070566,0.946459,-1.891556,0.158268,0.536067,-0.567439,-0.082662,0.946405,-1.674709,0.191302,0.53411
199,-0.259116,-0.100932,1.0117,-2.833669,0.163973,0.547592,-0.422492,-0.09864,0.976042,-2.212572,0.159297,0.532105,-0.507561,-0.094586,0.964938,-1.901098,0.142798,0.528357,-0.560952,-0.098258,0.947648,-1.675038,0.152074,0.564059
200,-0.261001,-0.121423,1.01926,-2.811998,0.150709,0.56519,-0.421655,-0.115747,0.982503,-2.220523,0.145861,0.55211,-0.504211,-0.110254,0.975729,-1.856346,0.150719,0.543712,-0.555643,-0.107699,0.964981,-1.653527,0.130186,0.56215
201,-0.250835,-0.133119,1.019296,-2.801486,0.128779,0.556771,-0.406242,-0.12864,0.99442,-2.197479,0.123749,0.570972,-0.500464,-0.129183,0.97827,-1.858357,0.143838,0.570936,-0.552604,-0.132601,0.964685,-1.662597,0.137001,0.573433
202,-0.25904,-0.163698,1.041434,-2.765642,0.099666,0.563091,-0.3974,-0.150871,0.998678,-2.185764,0.120087,0.57026,-0.495461,-0.152748,0.991601,-1.844968,0.109465,0.569091,-0.538715,-0.157199,0.974729,-1.631483,0.123101,0.564761
203,-0.244231,-0.168131,1.03872,-2.736228,0.086949,0.599135,-0.397082,-0.173027,1.022677,-2.158907,0.088469,0.57239,-0.490136,-0.162988,0.995986,-1.852077,0.097479,0.586182,-0.536409,-0.165378,0.988205,-1.616114,0.099783,0.576691
204,-0.244401,-0.201782,1.042073,-2.70978,0.094092,0.571972,-0.387193,-0.191639,1.017629,-2.141518,0.089771,0.582487,-0.469468,-0.185932,0.997802,-1.808407,0.084766,0.598519,-0.526682,-0.185492,0.995322,-1.605808,0.069738,0.581821
205,-0.238441,-0.218076,1.052405,-2.700309,0.078675,0.594264,-0.37613,-0.21608,1.02439,-2.105193,0.075592,0.587124,-0.467686,-0.203621,1.01067,-1.804877,0.087238,0.60015,-0.510064,-0.205627,0.98908,-1.582859,0.080095,0.59645
206,-0.235127,-0.236605,1.060368,-2.688234,0.066942,0.600181,-0.374643,-0.235837,1.036636,-2.109825,0.063258,0.59215,-0.451565,-0.232394,1.006547,-1.80448,0.086115,0.609437,-0.507616,-0.21331,0.999913,-1.584881,0.083518,0.599087
207,-0.228547,-0.265952,1.070613,-2.654853,0.050543,0.595765,-0.369992,-0.254849,1.048148,-2.084906,0.063266,0.610546,-0.450388,-0.241109,1.010022,-1.780765,0.044071,0.598645,-0.498218,-0.238007,1.010922,-1.555096,0.03086,0.63349
208,-0.224736,-0.278411,1.07571,-2.644596,0.033889,0.623982,-0.362253,-0.278145,1.045154,-2.068642,0.022149,0.609651,-0.441607,-0.276237,1.025034,-1.758478,0.051039,0.62731,-0.491223,-0.269864,1.009673,-1.546217,0.033038,0.61113
209,-0.226727,-0.302774,1.080578,-2.609866,0.025307,0.636658,-0.352853,-0.290253,1.053091,-2.024731,0.018514,0.626632,-0.434411,-0.289301,1.037295,-1.74498,0.010941,0.636532,-0.483227,-0.286654,1.018421,-1.511964,0.013381,0.6203
210,-0.215487,-0.329503,1.078991,-2.58109,0.012114,0.621761,-0.344796,-0.312313,1.042894,-2.026045,0.009789,0.643272,-0.431961,-0.306298,1.036907,-1.732776,0.008624,0.622512,-0.464798,-0.299255,1.021363,-1.505064,0.016703,0.650221
211,-0.206611,-0.347214,1.086967,-2.567874,-0.015397,0.632934,-0.344846,-0.330342,1.050253,-2.018008,-0.033878,0.632313,-0.413824,-0.322156,1.040665,-1.704395,-0.010284,0.624273,-0.462705,-0.320889,1.01824,-1.51445,0.002036,0.632549
212,-0.201834,-0.366191,1.095265,-2.529472,-0.02471,0.637773,-0.330863,-0.34346,1.056972,-1.991712,-0.02616,0.650733,-0.411699,-0.333899,1.053268,-1.67327,-0.014898,0.65131,-0.455071,-0.340498,1.038507,-1.483805,-0.025123,0.655503
213,-0.207849,-0.38573,1.093366,-2.47859,-0.034607,0.642956,-0.3283,-0.369771,1.072428,-1.947882,-0.059196,0.634208,-0.39757,-0.362519,1.058259,-1.648765,-0.036769,0.647304,-0.443944,-0.362411,1.039214,-1.485408,-0.056049,0.647924
214,-0.200192,-0.398647,1.107526,-2.469972,-0.05404,0.668327,-0.321841,-0.385214,1.070205,-1.936267,-0.042916,0.648802,-0.400741,-0.375254,1.047761,-1.636927,-0.048171,0.657082,-0.42484,-0.376441,1.040143,-1.447291,-0.034645,0.674228
215,-0.198876,-0.42088,1.104242,-2.440095,-0.055278,0.645061,-0.312526,-0.405335,1.071528,-1.912985,-0.045289,0.676702,-0.381148,-0.398858,1.06189,-1.611532,-0.063584,0.663899,-0.419002,-0.405768,1.037874,-1.439515,-0.068242,0.680935
216,-0.198903,-0.436116,1.112665,-2.394597,-0.060749,0.66487,-0.301336,-0.432381,1.075446,-1.881825,-0.080947,0.682718,-0.381586,-0.413142,1.05116,-1.598214,-0.078266,0.656758,-0.411372,-0.414134,1.038133,-1.410807,-0.073215,0.692698
217,-0.180349,-0.456654,1.114374,-2.373294,-0.087895,0.68849,-0.29993,-0.453034,1.079395,-1.860391,-0.093048,0.689798,-0.368961,-0.447581,1.056129,-1.560611,-0.101555,0.688058,-0.406522,-0.439498,1.042288,-1.395587,-0.080318,0.669946
218,-0.181849,-0.47634,1.116255,-2.32473,-0.090949,0.669019,-0.285903,-0.456671,1.093503,-1.817728,-0.106987,0.666418,-0.350845,-0.454458,1.06223,-1.568297,-0.102353,0.700462,-0.397035,-0.441706,1.046814,-1.380627,-0.100188,0.669498
219,-0.166743,-0.49572,1.11482,-2.298024,-0.128185,0.701773,-0.284758,-0.478825,1.082747,-1.803478,-0.113877,0.687997,-0.332204,-0.477072,1.060143,-1.527893,-0.113439,0.690689,-0.387011,-0.464452,1.061512,-1.357994,-0.1373,0.687804
220,-0.179821,-0.511916,1.113761,-2.264167,-0.138348,0.692168,-0.269366,-0.500261,1.082579,-1.782701,-0.130455,0.690602,-0.33799,-0.49364,1.058879,-1.498929,-0.144368,0.706907,-0.369686,-0.496933,1.057728,-1.364062,-0.128004,0.676725
221,-0.163846,-0.536905,1.121235,-2.216576,-0.148099,0.682694,-0.259056,-0.517266,1.08274,-1.740786,-0.151188,0.692759,-0.322218,-0.507412,1.065664,-1.473422,-0.141851,0.692613,-0.361198,-0.51351,1.049394,-1.317189,-0.14649,0.701362
222,-0.16809,-0.548552,1.105917,-2.18552,-0.156568,0.699996,-0.255349,-0.534126,1.085273,-1.71913,-0.166293,0.696215,-0.31907,-0.530848,1.064333,-1.472735,-0.161897,0.7017,-0.348321,-0.522886,1.04028,-1.298001,-0.162816,0.697571
223,-0.157445,-0.575908,1.112782,-2.161992,-0.172903,0.696312,-0.250895,-0.552283,1.080129,-1.675847,-0.182759,0.708971,-0.300409,-0.531671,1.057009,-1.423858,-0.192857,0.709021,-0.339886,-0.534324,1.059289,-1.278283,-0.198302,0.727318
224,-0.152544,-0.587597,1.107998,-2.104044,-0.174377,0.694759,-0.241666,-0.56736,1.077853,-1.65474,-0.191911,0.706246,-0.297918,-0.563365,1.067677,-1.414387,-0.19468,0.712505,-0.327404,-0.553634,1.042721,-1.236045,-0.200069,0.70981
225,-0.139775,-0.611868,1.11544,-2.073473,-0.190962,0.741053,-0.225098,-0.590478,1.07522,-1.623303,-0.197449,0.707112,-0.282648,-0.586207,1.06461,-1.382418,-0.187898,0.704852,-0.313661,-0.576322,1.05744,-1.208594,-0.186251,0.724689
226,-0.136639,-0.623418,1.117158,-2.037922,-0.213043,0.722287,-0.217322,-0.605939,1.085868,-1.609925,-0.20344,0.737336,-0.264598,-0.598783,1.063697,-1.350268,-0.219377,0.728894,-0.294649,-0.588994,1.033959,-1.200157,-0.209869,0.700537
227,-0.136347,-0.644764,1.103075,-2.007189,-0.229067,0.716088,-0.203783,-0.622357,1.078145,-1.560401,-0.22333,0.717912,-0.262115,-0.6075,1.059034,-1.324245,-0.246105,0.744184,-0.295181,-0.611562,1.042464,-1.179613,-0.213863,0.722921
228,-0.136145,-0.64603,1.11346,-1.949996,-0.226003,0.724387,-0.212647,-0.635075,1.080028,-1.532685,-0.245801,0.734627,-0.25124,-0.620343,1.054676,-1.30488,-0.21758,0.737501,-0.276291,-0.62143,1.044125,-1.157051,-0.240049,0.738765
229,-0.115009,-0.678088,1.103128,-1.900526,-0.283846,0.739274,-0.202568,-0.65179,1.078784,-1.518537,-0.250565,0.711037,-0.247995,-0.641707,1.048758,-1.265259,-0.259378,0.71606,-0.262528,-0.637583,1.057259,-1.123536,-0.265792,0.719921
230,-0.113519,-0.689102,1.106148,-1.882604,-0.295088,0.718752,-0.182835,-0.674824,1.064971,-1.470013,-0.264282,0.738152,-0.233044,-0.658898,1.046163,-1.242477,-0.272043,0.741716,-0.247738,-0.63848,1.035266,-1.097603,-0.263883,0.711565
231,-0.108343,-0.714994,1.090113,-1.80649,-0.262627,0.716217,-0.172934,-0.681509,1.065157,-1.434478,-0.275727,0.743032,-0.20998,-0.689389,1.052912,-1.188924,-0.288079,0.72941,-0.246037,-0.674107,1.031302,-1.082832,-0.268344,0.723864
232,-0.112908,-0.736238,1.096413,-1.770223,-0.275835,0.732716,-0.171509,-0.70465,1.061244,-1.377615,-0.271963,0.72882,-0.205607,-0.685012,1.050299,-1.185918,-0.303266,0.723051,-0.232078,-0.680075,1.038603,-1.026638,-0.292653,0.729337
233,-0.09825,-0.74295,1.097599,-1.741075,-0.30241,0.741437,-0.167639,-0.719468,1.055225,-1.352771,-0.317457,0.728733,-0.192182,-0.705905,1.043404,-1.152918,-0.307429,0.753886,-0.216618,-0.707074,1.038263,-1.000062,-0.310078,0.738735
234,-0.096034,-0.758652,1.078528,-1.677773,-0.312529,0.734268,-0.147047,-0.737946,1.053,-1.299524,-0.310969,0.723627,-0.176782,-0.719865,1.036289,-1.110275,-0.320862,0.719477,-0.207409,-0.709866,1.033615,-0.982869,-0.301501,0.716586
235,-0.099871,-0.777576,1.092365,-1.635877,-0.331933,0.730057,-0.143702,-0.744031,1.04802,-1.289413,-0.326712,0.75675,-0.170012,-0.734439,1.029677,-1.085074,-0.324957,0.741528,-0.191289,-0.725953,1.024272,-0.966346,-0.336668,0.733829
236,-0.08523,-0.786733,1.08397,-1.564198,-0.339968,0.734811,-0.125794,-0.761218,1.042893,-1.260711,-0.349039,0.721162,-0.159753,-0.741796,1.031862,-1.047319,-0.34591,0.742012,-0.182792,-0.736431,1.016382,-0.923312,-0.335118,0.747255
237,-0.077057,-0.799176,1.071322,-1.544221,-0.355212,0.73701,-0.123958,-0.771239,1.035801,-1.194641,-0.364274,0.750083,-0.148706,-0.76271,1.022407,-1.040836,-0.347071,0.721231,-0.156178,-0.757757,1.003915,-0.92021,-0.350293,0.747919
238,-0.073639,-0.829672,1.057164,-1.485374,-0.357879,0.731239,-0.11917,-0.783625,1.035639,-1.175892,-0.376084,0.748828,-0.140461,-0.779278,1.01286,-0.97914,-0.360947,0.729999,-0.153336,-0.762616,1.006417,-0.881021,-0.357869,0.749264
239,-0.057238,-0.841775,1.057593,-1.444178,-0.382427,0.743852,-0.105308,-0.807596,1.027469,-1.131078,-0.388184,0.73877,-0.127934,-0.786375,1.001358,-0.96592,-0.385157,0.735014,-0.14889,-0.785175,1.000389,-0.85014,-0.368247,0.730239
240,-0.05259,-0.843239,1.046071,-1.403605,-0.396156,0.74126,-0.089744,-0.824431,1.034306,-1.091809,-0.400755,0.74003,-0.113711,-0.81172,1.006726,-0.924757,-0.391444,0.738741,-0.135032,-0.795273,0.990258,-0.824431,-0.362164,0.714225
241,-0.043898,-0.857079,1.044251,-1.333177,-0.412574,0.730698,-0.080742,-0.832587,1.016904,-1.050692,-0.39081,0.747537,-0.10581,-0.804398,0.994617,-0.891462,-0.413807,0.730636,-0.118813,-0.815269,0.989883,-0.77881,-0.410833,0.721153
242,-0.049308,-0.87392,1.02683,-1.279326,-0.400636,0.73731,-0.082312,-0.845727,1.001348,-1.01484,-0.423723,0.733245,-0.098548,-0.83545,0.993043,-0.856275,-0.404578,0.723995,-0.106483,-0.817832,0.977348,-0.772539,-0.436183,0.747851
243,-0.053088,-0.888935,1.041364,-1.242428,-0.440055,0.715281,-0.07085,-0.849712,0.997374,-0.993477,-0.424635,0.756115,-0.085322,-0.837597,0.980536,-0.844604,-0.434232,0.751246,-0.086831,-0.834311,0.971118,-0.737264,-0.436582,0.738352
244,-0.042357,-0.894857,1.016096,-1.200632,-0.432762,0.726947,-0.059535,-0.862448,0.99134,-0.932868,-0.427225,0.717915,-0.071346,-0.845344,0.970111,-0.788678,-0.442522,0.712773,-0.073983,-0.840998,0.963875,-0.711034,-0.417595,0.716537
245,-0.033331,-0.904822,1.013446,-1.149506,-0.452092,0.731681,-0.052365,-0.884679,0.981153,-0.904034,-0.42918,0.727852,-0.058944,-0.862419,0.965075,-0.754818,-0.438506,0.743057,-0.063859,-0.855221,0.959552,-0.680435,-0.452654,0.726618
246,-0.023109,-0.914999,1.002898,-1.080996,-0.478269,0.722812,-0.042351,-0.90238,0.973843,-0.861025,-0.463377,0.722328,-0.041346,-0.880434,0.954681,-0.727746,-0.456105,0.722143,-0.058213,-0.868059,0.95521,-0.634995,-0.458112,0.718498
247,-0.018005,-0.933758,1.000155,-1.045411,-0.460546,0.711118,-0.026123,-0.898269,0.970073,-0.815212,-0.469104,0.719297,-0.032032,-0.888308,0.95411,-0.699462,-0.467919,0.70897,-0.04266,-0.873478,0.941327,-0.608199,-0.467286,0.728857
248,-0.010633,-0.941607,0.981844,-0.985481,-0.498025,0.719254,-0.018874,-0.916525,0.952343,-0.773839,-0.482545,0.718649,-0.017768,-0.903199,0.935597,-0.665592,-0.478625,0.718852,-0.030793,-0.888651,0.934002,-0.58792,-0.45669,0.729659
249,0.000989,-0.953262,0.977365,-0.932026,-0.481873,0.722228,-0.001104,-0.926118,0.950852,-0.728173,-0.477631,0.723915,-0.007844,-0.915066,0.930867,-0.627396,-0.494432,0.703353,-0.01111,-0.898709,0.923381,-0.551262,-0.495297,0.732001
250,-0.003447,-0.962665,0.964381,-0.897249,-0.513626,0.715139,0.000933,-0.931262,0.944332,-0.687406,-0.487472,0.722053,0.005022,-0.930905,0.919761,-0.593652,-0.486378,0.712136,-0.003789,-0.909849,0.909774,-0.517647,-0.494332,0.717597
251,0.009147,-0.979276,0.95314,-0.836487,-0.512314,0.703725,0.015333,-0.941371,0.934395,-0.64984,-0.511622,0.718097,0.009447,-0.932428,0.915143,-0.539186,-0.485126,0.719678,0.003708,-0.92788,0.906453,-0.467255,-0.497128,0.729227
252,0.008765,-0.980654,0.9371,-0.77687,-0.503427,0.707363,0.022677,-0.956259,0.91348,-0.612014,-0.525431,0.703081,0.014673,-0.942368,0.902146,-0.526282,-0.511901,0.697443,0.026303,-0.929119,0.892896,-0.454933,-0.518839,0.701518
253,0.020403,-1.0064,0.936598,-0.733376,-0.522004,0.696839,0.028179,-0.962885,0.912333,-0.566133,-0.506414,0.717777,0.025355,-0.9554,0.89599,-0.461782,-0.532002,0.709587,0.042671,-0.935859,0.876632,-0.420768,-0.529025,0.717407
254,0.016934,-1.003515,0.92319,-0.651644,-0.523595,0.709864,0.042546,-0.981294,0.88722,-0.522159,-0.524182,0.696923,0.054909,-0.966229,0.893132,-0.432829,-0.543766,0.69776,0.054535,-0.944422,0.868077,-0.39193,-0.540878,0.711349
255,0.039481,-1.01487,0.911366,-0.598702,-0.567861,0.691917,0.044896,-0.985216,0.885647,-0.453157,-0.548092,0.688554,0.051244,-0.965229,0.867594,-0.426804,-0.551844,0.699313,0.064096,-0.96036,0.85886,-0.355453,-0.540416,0.670207
256,0.033273,-1.026044,0.89744,-0.545345,-0.555582,0.70867,0.059352,-0.993575,0.870739,-0.430718,-0.562559,0.691082,0.065444,-0.972268,0.859569,-0.351278,-0.562645,0.70638,0.069933,-0.964895,0.840392,-0.328953,-0.575299,0.697409
257,0.043307,-1.032416,0.895636,-0.511078,-0.568046,0.692504,0.066769,-0.995264,0.858725,-0.394255,-0.583837,0.690289,0.079538,-0.985263,0.84557,-0.330889,-0.556229,0.679608,0.085048,-0.981819,0.838388,-0.295631,-0.575361,0.679341
258,0.053711,-1.028701,0.869036,-0.443559,-0.60114,0.695358,0.076991,-1.003508,0.851097,-0.353246,-0.56282,0.68674,0.103473,-0.993209,0.827122,-0.302587,-0.570969,0.695931,0.102321,-0.977373,0.816816,-0.252116,-0.583494,0.666845
259,0.051934,-1.05273,0.852618,-0.387577,-0.569017,0.682031,0.080875,-1.014938,0.82512,-0.287803,-0.587154,0.674432,0.108787,-0.999758,0.817371,-0.246901,-0.575338,0.693093,0.114703,-0.974723,0.806305,-0.192563,-0.5745,0.674539
260,0.071705,-1.061054,0.842113,-0.327794,-0.595254,0.675746,0.098615,-1.026213,0.814524,-0.238943,-0.589402,0.692483,0.113702,-0.999187,0.807002,-0.222002,-0.594271,0.69528,0.127834,-0.991017,0.797721,-0.197678,-0.596118,0.668535
261,0.07157,-1.055198,0.826249,-0.262366,-0.59881,0.663885,0.101592,-1.030117,0.806295,-0.218885,-0.608371,0.668506,0.124698,-1.010992,0.784988,-0.162342,-0.601469,0.679604,0.144191,-1.007259,0.779797,-0.14897,-0.603331,0.676814
262,0.06984,-1.071879,0.814431,-0.22412,-0.639487,0.673652,0.112326,-1.038738,0.791812,-0.162325,-0.623089,0.657084,0.138725,-1.021148,0.775914,-0.147299,-0.619748,0.649394,0.142919,-1.00179,0.778373,-0.121157,-0.62251,0.650056
263,0.072709,-1.073448,0.803305,-0.181888,-0.616725,0.666001,0.126836,-1.034799,0.769206,-0.129196,-0.609154,0.655383,0.156814,-1.027606,0.765432,-0.11554,-0.625986,0.643462,0.171996,-1.005817,0.755845,-0.101186,-0.626998,0.652373
264,0.086004,-1.066774,0.788132,-0.098245,-0.637625,0.652156,0.136158,-1.045512,0.761012,-0.085614,-0.61109,0.652959,0.168175,-1.030322,0.748756,-0.059782,-0.625641,0.650854,0.17566,-1.016592,0.734504,-0.063971,-0.632563,0.636444
265,0.084763,-1.065582,0.769545,-0.044104,-0.649501,0.623093,0.138599,-1.055415,0.752202,-0.023977,-0.627389,0.635373,0.168863,-1.040305,0.730986,-0.023209,-0.640896,0.641753,0.198093,-1.017702,0.709204,-0.027218,-0.633845,0.641798
266,0.093571,-1.090683,0.762198,0.008211,-0.644402,0.631938,0.146167,-1.045529,0.733603,0.018853,-0.63601,0.638443,0.179449,-1.044641,0.7193,0.008448,-0.637602,0.618051,0.212538,-1.034627,0.712288,0.008478,-0.640518,0.632595
267,0.0939,-1.088879,0.740338,0.055494,-0.662669,0.635948,0.158804,-1.060295,0.715289,0.05687,-0.642643,0.624088,0.191879,-1.040775,0.698159,0.037517,-0.633345,0.631302,0.221157,-1.033013,0.694165,0.039376,-0.640607,0.625084
268,0.102878,-1.094999,0.71753,0.122301,-0.649194,0.624209,0.164581,-1.066745,0.700814,0.109208,-0.628026,0.638697,0.204565,-1.04595,0.68586,0.077932,-0.638573,0.617191,0.228051,-1.037171,0.681362,0.089716,-0.646305,0.621164
269,0.109692,-1.109628,0.705223,0.168118,-0.652071,0.61697,0.179871,-1.066075,0.689174,0.146001,-0.680297,0.637291,0.218294,-1.052031,0.678955,0.111543,-0.658669,0.602113,0.240294,-1.034454,0.664747,0.094033,-0.667015,0.611889
270,0.12018,-1.102147,0.686223,0.233139,-0.665576,0.603395,0.188336,-1.070755,0.670307,0.172768,-0.660439,0.617876,0.224591,-1.052028,0.660564,0.148181,-0.672511,0.596278,0.259109,-1.040327,0.654525,0.157913,-0.658403,0.598191
271,0.125719,-1.108987,0.667855,0.295773,-0.676526,0.602609,0.204967,-1.071782,0.657316,0.222877,-0.66754,0.602391,0.238145,-1.06753,0.644237,0.207415,-0.683786,0.600014,0.269205,-1.04809,0.635255,0.170143,-0.67046,0.586659
272,0.133838,-1.107038,0.65161,0.318786,-0.682054,0.591105,0.207521,-1.080424,0.635115,0.269053,-0.68746,0.589685,0.254174,-1.052162,0.632912,0.23191,-0.680282,0.585544,0.277821,-1.043752,0.630724,0.217306,-0.670516,0.598853
273,0.131565,-1.118402,0.644906,0.383524,-0.687542,0.581232,0.213942,-1.076786,0.630051,0.317658,-0.690304,0.598917,0.260043,-1.055897,0.603567,0.26153,-0.678561,0.570877,0.298936,-1.043386,0.606977,0.22549,-0.674553,0.584674
274,0.141336,-1.107731,0.630956,0.451336,-0.679405,0.572994,0.228248,-1.076927,0.607357,0.345901,-0.699141,0.587574,0.262734,-1.053461,0.595128,0.292816,-0.691252,0.560045,0.304999,-1.04567,0.595328,0.265336,-0.690614,0.575499
275,0.147116,-1.108607,0.609889,0.493669,-0.690027,0.54181,0.234828,-1.084038,0.597983,0.401097,-0.704185,0.555722,0.277536,-1.063838,0.575127,0.334383,-0.686029,0.549622,0.308261,-1.060866,0.575007,0.285968,-0.694513,0.553412
276,0.148596,-1.107689,0.592029,0.575017,-0.693956,0.572569,0.23662,-1.085753,0.568492,0.455366,-0.694933,0.566065,0.299679,-1.056518,0.555607,0.376817,-0.679811,0.553114,0.322919,-1.050897,0.554898,0.316869,-0.686576,0.543252
277,0.159294,-1.114478,0.572882,0.608946,-0.699668,0.547792,0.249648,-1.087381,0.565574,0.499029,-0.708612,0.526064,0.297315,-1.054273,0.545334,0.398177,-0.702701,0.554064,0.336028,-1.049428,0.52661,0.359646,-0.694555,0.541426
278,0.159949,-1.115007,0.549713,0.66973,-0.710575,0.537088,0.266137,-1.080902,0.530068,0.522455,-0.704595,0.523468,0.311083,-1.056739,0.53024,0.452177,-0.698703,0.546462,0.344236,-1.049116,0.523633,0.413081,-0.698941,0.539668
279,0.165473,-1.118152,0.536606,0.717665,-0.72088,0.528755,0.267998,-1.073676,0.522024,0.572691,-0.718724,0.548242,0.324513,-1.067378,0.507264,0.48411,-0.69023,0.533207,0.351336,-1.048003,0.506972,0.455163,-0.691685,0.526018
280,0.165224,-1.106178,0.5159,0.774366,-0.730732,0.531873,0.274419,-1.081441,0.50275,0.614413,-0.709701,0.511239,0.335046,-1.060131,0.493289,0.512708,-0.709564,0.519521,0.373336,-1.036897,0.478585,0.470816,-0.719321,0.52527
281,0.170008,-1.113395,0.496817,0.834046,-0.697063,0.522223,0.289009,-1.078595,0.481498,0.647684,-0.702222,0.49611,0.341211,-1.05929,0.473811,0.542706,-0.715693,0.532464,0.383855,-1.048315,0.471607,0.4798,-0.707973,0.500271
282,0.174222,-1.100572,0.473943,0.87413,-0.733562,0.49244,0.291275,-1.075739,0.464728,0.693988,-0.698468,0.494565,0.346807,-1.055536,0.449369,0.597064,-0.729242,0.506205,0.38911,-1.052145,0.457862,0.531114,-0.714283,0.504405
283,0.182712,-1.10725,0.460388,0.941205,-0.714976,0.481264,0.305118,-1.075944,0.442355,0.727014,-0.726054,0.479132,0.359872,-1.063765,0.438459,0.64734,-0.744328,0.49934,0.399591,-1.04879,0.437507,0.564541,-0.700763,0.476205
284,0.192969,-1.102039,0.443449,1.011284,-0.705291,0.466673,0.309864,-1.070753,0.429072,0.799761,-0.722543,0.496033,0.376722,-1.056569,0.419248,0.663826,-0.739063,0.461686,0.418065,-1.052674,0.425728,0.57831,-0.719665,0.471705
285,0.191491,-1.098359,0.413536,1.034154,-0.714802,0.481799,0.319568,-1.070182,0.414433,0.834078,-0.747889,0.469061,0.382531,-1.055739,0.398227,0.706202,-0.72218,0.461908,0.428929,-1.051281,0.402471,0.621463,-0.730727,0.477862
286,0.200733,-1.111488,0.395816,1.098542,-0.717388,0.458808,0.316362,-1.066887,0.391477,0.864238,-0.737505,0.463636,0.393623,-1.048567,0.377174,0.718587,-0.734726,0.465215,0.432483,-1.046155,0.376778,0.652836,-0.718526,0.456485
287,0.196427,-1.095802,0.383972,1.147848,-0.72123,0.42614,0.329539,-1.060587,0.371645,0.909269,-0.721396,0.438295,0.393099,-1.050294,0.361886,0.774986,-0.737622,0.444795,0.449418,-1.034677,0.359722,0.695798,-0.741446,0.444114
288,0.209895,-1.095078,0.364978,1.187342,-0.737971,0.440081,0.33306,-1.062523,0.347476,0.943024,-0.722241,0.46366,0.404955,-1.03727,0.347602,0.804524,-0.753025,0.421383,0.456873,-1.037631,0.343073,0.724272,-0.721598,0.448762
289,0.210609,-1.096402,0.338986,1.258438,-0.732344,0.423647,0.339381,-1.061,0.33912,0.980691,-0.74017,0.429469,0.41334,-1.05635,0.325352,0.821673,-0.733764,0.417765,0.463299,-1.030243,0.325986,0.747777,-0.752215,0.40175
290,0.218782,-1.085776,0.326647,1.319205,-0.70151,0.403296,0.341755,-1.049672,0.310091,1.023773,-0.734933,0.408755,0.421447,-1.038769,0.305904,0.87932,-0.744645,0.415545,0.473042,-1.01792,0.300672,0.773728,-0.734733,0.416211
291,0.226944,-1.081152,0.303574,1.366739,-0.745583,0.406867,0.357195,-1.052754,0.285424,1.055929,-0.723385,0.389526,0.430997,-1.034812,0.283052,0.900681,-0.753956,0.401436,0.478657,-1.019287,0.287921,0.779359,-0.729585,0.41486
292,0.215652,-1.077267,0.287398,1.405334,-0.73901,0.382484,0.361621,-1.047825,0.280919,1.100112,-0.742252,0.384793,0.443659,-1.028309,0.267714,0.947339,-0.714716,0.395887,0.493876,-1.008295,0.268519,0.836197,-0.719129,0.394847
293,0.228055,-1.065169,0.264274,1.455597,-0.743912,0.374813,0.376072,-1.03399,0.254085,1.135707,-0.740269,0.36961,0.444346,-1.024466,0.251013,0.968102,-0.737835,0.361551,0.500926,-1.006061,0.250656,0.8585,-0.720078,0.375514
294,0.236378,-1.067165,0.245428,1.496314,-0.731104,0.37757,0.382797,-1.028329,0.227895,1.183328,-0.720642,0.359759,0.453382,-1.005086,0.23522,1.002748,-0.712526,0.376027,0.50549,-1.000875,0.232315,0.900656,-0.732717,0.360861
295,0.235966,-1.054202,0.217873,1.555178,-0.745676,0.354147,0.38415,-1.038581,0.208935,1.20911,-0.758534,0.363755,0.475943,-1.009976,0.210333,1.028259,-0.738127,0.349621,0.517641,-0.993966,0.206393,0.918718,-0.71565,0.344741
296,0.238384,-1.057233,0.203571,1.594028,-0.728936,0.339509,0.399034,-1.017132,0.19679,1.251058,-0.722934,0.341377,0.47796,-0.99921,0.19012,1.056754,-0.732265,0.329087,0.526445,-0.990381,0.192576,0.920417,-0.732239,0.352083
297,0.231103,-1.044746,0.179079,1.630362,-0.741639,0.331703,0.398305,-1.011164,0.1816,1.293713,-0.74837,0.32483,0.481,-0.997535,0.170662,1.104518,-0.731555,0.32676,0.537035,-0.980792,0.177172,0.944293,-0.731508,0.333905
298,0.25006,-1.032686,0.153269,1.673286,-0.73217,0.315166,0.402482,-1.01028,0.153466,1.334897,-0.73613,0.323332,0.485843,-0.990359,0.157394,1.129291,-0.72851,0.320368,0.542534,-0.978098,0.149429,1.001853,-0.729048,0.307211
299,0.25213,-1.023961,0.133852,1.731422,-0.715527,0.296973,0.404366,-0.992256,0.131651,1.378497,-0.744393,0.293517,0.498324,-0.974419,0.134398,1.139495,-0.719957,0.290953,0.549206,-0.973948,0.134368,1.034372,-0.73474,0.302805
300,0.255018,-1.008551,0.115602,1.784835,-0.740969,0.280501,0.413351,-0.990027,0.11509,1.397235,-0.742339,0.286061,0.497151,-0.973661,0.105861,1.159041,-0.743232,0.292545,0.558561,-0.964226,0.103668,1.045629,-0.727745,0.284588
301,0.259659,-1.003894,0.088677,1.80974,-0.727113,0.280603,0.426132,-0.9843,0.090093,1.425296,-0.73368,0.280216,0.508079,-0.956976,0.090625,1.203999,-0.727778,0.276288,0.563946,-0.949365,0.089634,1.078074,-0.726377,0.273209
302,0.261037,-0.994419,0.074791,1.862641,-0.73868,0.274263,0.429352,-0.97588,0.0646,1.454616,-0.71863,0.261621,0.521349,-0.956804,0.072356,1.253192,-0.745202,0.250879,0.571493,-0.957504,0.076462,1.078196,-0.723009,0.246867
303,0.263929,-0.991865,0.052685,1.896402,-0.711957,0.22692,0.437011,-0.971209,0.041401,1.516924,-0.730768,0.25339,0.519975,-0.943533,0.042524,1.266678,-0.739771,0.233812,0.577723,-0.9338,0.052728,1.143035,-0.723243,0.272321
304,0.269802,-0.972055,0.029945,1.961387,-0.730142,0.249025,0.432213,-0.957114,0.033651,1.527113,-0.726724,0.241875,0.534049,-0.941141,0.031654,1.308795,-0.714167,0.235952,0.591418,-0.9244,0.031858,1.16851,-0.7127,0.221949
305,0.270799,-0.976024,0.008397,2.000921,-0.713921,0.226072,0.439679,-0.934205,0.001314,1.554005,-0.726007,0.224278,0.536428,-0.920344,0.016106,1.325684,-0.7131,0.226141,0.590086,-0.920605,0.010008,1.161077,-0.71049,0.224852
306,0.27254,-0.961432,-0.015421,2.049599,-0.717627,0.212921,0.441505,-0.926037,-0.006502,1.589699,-0.729538,0.215671,0.543028,-0.921732,-0.008817,1.356884,-0.706974,0.228262,0.603548,-0.911071,-0.007544,1.213025,-0.719332,0.226399
307,0.278978,-0.947055,-0.028164,2.086432,-0.695009,0.181548,0.452692,-0.926796,-0.030926,1.628884,-0.701888,0.192068,0.552417,-0.901302,-0.033832,1.381637,-0.72167,0.193317,0.602967,-0.896504,-0.016957,1.236625,-0.707688,0.210694
308,0.285218,-0.934824,-0.048945,2.109628,-0.695079,0.181809,0.452937,-0.902921,-0.05471,1.654948,-0.702575,0.186907,0.556956,-0.897353,-0.054114,1.39777,-0.719297,0.192847,0.60678,-0.888368,-0.051746,1.246025,-0.714979,0.19216
309,0.284442,-0.919261,-0.07722,2.151822,-0.708858,0.169369,0.462819,-0.907236,-0.069401,1.707443,-0.73637,0.152415,0.555998,-0.889338,-0.069328,1.42879,-0.701546,0.175156,0.626926,-0.872504,-0.060266,1.271334,-0.720899,0.170145
310,0.284962,-0.912403,-0.091317,2.198093,-0.703479,0.146313,0.46523,-0.882829,-0.094656,1.704415,-0.701441,0.167568,0.554967,-0.878291,-0.091894,1.459883,-0.706495,0.16269,0.628651,-0.864973,-0.079363,1.295128,-0.71017,0.160221
311,0.289184,-0.903879,-0.111167,2.246673,-0.683998,0.156674,0.46426,-0.86538,-0.111593,1.749625,-0.701523,0.140385,0.559897,-0.864213,-0.108677,1.482933,-0.712301,0.147754,0.625436,-0.858851,-0.111943,1.320533,-0.688912,0.139902
312,0.292428,-0.889202,-0.137158,2.261815,-0.666452,0.132395,0.477336,-0.853203,-0.135633,1.778898,-0.694863,0.123608,0.566543,-0.844647,-0.1347,1.502263,-0.684217,0.144491,0.628177,-0.841903,-0.133118,1.334758,-0.685893,0.143006
313,0.289965,-0.879887,-0.14704,2.307488,-0.686213,0.116329,0.475784,-0.859332,-0.154635,1.801447,-0.687091,0.11565,0.577428,-0.83623,-0.14595,1.539378,-0.677469,0.131299,0.640518,-0.823255,-0.143663,1.362541,-0.700356,0.13413
314,0.284284,-0.865774,-0.163229,2.332166,-0.680354,0.120363,0.476372,-0.843363,-0.182358,1.835141,-0.679589,0.121627,0.570528,-0.82131,-0.169096,1.546442,-0.6995,0.105605,0.641643,-0.812297,-0.164304,1.370087,-0.682338,0.086438
315,0.295019,-0.844507,-0.210211,2.372244,-0.685062,0.078781,0.482479,-0.823876,-0.190627,1.866153,-0.679453,0.067775,0.578667,-0.81504,-0.181784,1.584801,-0.683361,0.074991,0.647975,-0.803714,-0.184289,1.420638,-0.679328,0.105824
316,0.308462,-0.835771,-0.211964,2.420785,-0.650679,0.099096,0.482741,-0.805425,-0.211344,1.879396,-0.689176,0.079604,0.58142,-0.806813,-0.20739,1.601648,-0.678259,0.080838,0.656425,-0.792366,-0.209702,1.414807,-0.661923,0.077233
317,0.29301,-0.82162,-0.232761,2.426438,-0.672841,0.076543,0.487585,-0.798204,-0.229505,1.921662,-0.673194,0.04562,0.589168,-0.781924,-0.232129,1.622035,-0.662361,0.057619,0.661468,-0.775123,-0.233707,1.437281,-0.683075,0.060038
318,0.303738,-0.800375,-0.25777,2.458899,-0.654129,0.057148,0.496676,-0.785402,-0.257522,1.939747,-0.651382,0.041086,0.597866,-0.767882,-0.248466,1.631598,-0.668544,0.045609,0.652513,-0.765758,-0.246079,1.450945,-0.659979,0.061782
319,0.294852,-0.796331,-0.27277,2.504225,-0.64782,0.034075,0.491327,-0.768514,-0.275209,1.955429,-0.649621,0.025711,0.600095,-0.751828,-0.261536,1.649538,-0.66258,0.038683,0.663669,-0.749866,-0.26605,1.461012,-0.656629,0.042805
320,0.305737,-0.786931,-0.300545,2.523604,-0.629674,-0.006608,0.500981,-0.758191,-0.284169,1.978386,-0.653278,0.016677,0.602017,-0.741429,-0.289269,1.682865,-0.651095,0.03956,0.672549,-0.736127,-0.288349,1.488702,-0.653999,0.016607
321,0.310924,-0.764822,-0.317157,2.564047,-0.649098,0.02006,0.487338,-0.730616,-0.302332,2.016426,-0.633752,0.001636,0.605877,-0.736227,-0.302405,1.690945,-0.639569,0.003719,0.673742,-0.711803,-0.306093,1.535467,-0.676934,0.014869
322,0.306922,-0.743374,-0.342186,2.591724,-0.630496,-0.010788,0.497659,-0.726685,-0.336585,2.028283,-0.623481,0.007894,0.596111,-0.721149,-0.323271,1.716297,-0.635709,-0.027866,0.667883,-0.712406,-0.321237,1.530751,-0.627552,-0.017229
323,0.307918,-0.727697,-0.362188,2.629139,-0.625492,-0.033365,0.501095,-0.711774,-0.348732,2.04262,-0.618303,-0.02269,0.607912,-0.696416,-0.336226,1.73556,-0.631021,-0.014366,0.674883,-0.685059,-0.340803,1.548558,-0.618281,-0.013186
324,0.311692,-0.725039,-0.366264,2.622815,-0.613362,-0.043417,0.495235,-0.693529,-0.373066,2.05983,-0.622768,-0.017679,0.607562,-0.682862,-0.355487,1.75729,-0.62415,-0.055075,0.684002,-0.671851,-0.35512,1.566281,-0.614808,-0.028171
325,0.316762,-0.707299,-0.397843,2.659364,-0.613102,-0.053194,0.506238,-0.673554,-0.385147,2.090315,-0.611877,-0.045694,0.613024,-0.67566,-0.374488,1.77068,-0.622096,-0.043022,0.677262,-0.678376,-0.376345,1.561863,-0.603094,-0.040193
326,0.32034,-0.6822,-0.423403,2.693109,-0.606994,-0.068304,0.509031,-0.66706,-0.398709,2.110496,-0.614688,-0.058336,0.614213,-0.655609,-0.406149,1.795204,-0.611458,-0.056359,0.684724,-0.644622,-0.391793,1.586727,-0.606862,-0.058767
327,0.329643,-0.667958,-0.442653,2.724213,-0.583348,-0.097044,0.510067,-0.650763,-0.429312,2.118259,-0.598017,-0.066223,0.614243,-0.632963,-0.422202,1.802624,-0.60673,-0.077955,0.680191,-0.632816,-0.414563,1.59207,-0.608363,-0.075731
328,0.311675,-0.656277,-0.452512,2.743319,-0.588359,-0.093631,0.506563,-0.627725,-0.442165,2.144827,-0.593484,-0.102002,0.612547,-0.624729,-0.437682,1.822861,-0.588963,-0.076996,0.691902,-0.617922,-0.425548,1.593609,-0.582737,-0.098533
329,0.320927,-0.636112,-0.475177,2.752205,-0.57835,-0.114568,0.510709,-0.621723,-0.453141,2.168496,-0.594828,-0.110657,0.613597,-0.603016,-0.447115,1.839396,-0.590194,-0.09997,0.691933,-0.596886,-0.448964,1.631892,-0.576404,-0.1083
330,0.322536,-0.616005,-0.498589,2.76816,-0.57643,-0.126452,0.513889,-0.58723,-0.48198,2.177605,-0.575816,-0.110532,0.620617,-0.58657,-0.470011,1.857845,-0.565408,-0.116917,0.683454,-0.576865,-0.474188,1.641336,-0.574698,-0.117977
331,0.318918,-0.588543,-0.515992,2.796939,-0.564223,-0.134957,0.504124,-0.581944,-0.494732,2.204229,-0.560829,-0.11575,0.626372,-0.574674,-0.488551,1.85939,-0.558435,-0.127931,0.688996,-0.562059,-0.488535,1.636891,-0.570214,-0.137891
332,0.319316,-0.579634,-0.536083,2.820507,-0.547907,-0.16626,0.515765,-0.568367,-0.521972,2.215561,-0.53632,-0.148465,0.609283,-0.54641,-0.511198,1.875229,-0.548605,-0.139116,0.693982,-0.550928,-0.503985,1.653832,-0.566683,-0.136277
333,0.316471,-0.568851,-0.544707,2.829852,-0.54282,-0.157667,0.521976,-0.547641,-0.532856,2.222822,-0.540727,-0.152,0.624766,-0.535307,-0.530345,1.885894,-0.538415,-0.151564,0.695295,-0.527659,-0.510315,1.676155,-0.5399,-0.162158
334,0.316405,-0.541094,-0.5626,2.841039,-0.53307,-0.182636,0.514236,-0.530285,-0.558642,2.231205,-0.535099,-0.170978,0.612079,-0.520841,-0.548615,1.88904,-0.515428,-0.197338,0.690962,-0.509976,-0.53511,1.662506,-0.538727,-0.174037
335,0.31445,-0.526945,-0.589941,2.852023,-0.515728,-0.185753,0.512147,-0.508941,-0.567032,2.239734,-0.518332,-0.185603,0.625459,-0.504585,-0.559914,1.901695,-0.537819,-0.182451,0.688016,-0.496265,-0.55544,1.693027,-0.513992,-0.183435
336,0.323431,-0.516793,-0.612035,2.883317,-0.499681,-0.192413,0.504954,-0.485752,-0.587144,2.262412,-0.500214,-0.2069,0.619364,-0.491243,-0.573705,1.899467,-0.526782,-0.178542,0.694759,-0.480553,-0.580427,1.689369,-0.512634,-0.201333
337,0.299005,-0.490943,-0.620856,2.889106,-0.499779,-0.209895,0.514381,-0.469234,-0.604353,2.258281,-0.50358,-0.236246,0.613979,-0.47199,-0.591403,1.930952,-0.493296,-0.216466,0.684775,-0.458511,-0.583571,1.747703,-0.498992,-0.219217
338,0.31428,-0.471713,-0.639143,2.906832,-0.500265,-0.227872,0.504137,-0.456069,-0.623739,2.280528,-0.490877,-0.197124,0.610979,-0.455224,-0.611208,1.933773,-0.499398,-0.228624,0.693757,-0.454766,-0.599987,1.710537,-0.48999,-0.213777
339,0.310279,-0.44919,-0.656688,2.913033,-0.49021,-0.235918,0.510557,-0.432533,-0.641023,2.285312,-0.48163,-0.245589,0.612986,-0.433187,-0.624321,1.955526,-0.486813,-0.237131,0.682467,-0.426226,-0.617209,1.717777,-0.455392,-0.243946
340,0.314246,-0.434015,-0.671848,2.943207,-0.47639,-0.240921,0.510367,-0.416644,-0.651503,2.285405,-0.471988,-0.245495,0.617834,-0.413687,-0.648486,1.944323,-0.480475,-0.237469,0.68671,-0.395305,-0.637945,1.738045,-0.466467,-0.253817
341,0.307486,-0.414454,-0.696476,2.935146,-0.482729,-0.272932,0.51245,-0.396588,-0.680847,2.299942,-0.45322,-0.257375,0.61247,-0.404676,-0.660974,1.949336,-0.45572,-0.279373,0.683947,-0.384515,-0.648726,1.741179,-0.462112,-0.263267
342,0.309985,-0.394711,-0.713864,2.936079,-0.459184,-0.267617,0.504339,-0.374118,-0.691548,2.324705,-0.44479,-0.287815,0.613015,-0.371061,-0.670301,1.96369,-0.459231,-0.28998,0.674767,-0.37065,-0.658242,1.74405,-0.449831,-0.27913
343,0.307818,-0.374573,-0.724414,2.957817,-0.435722,-0.297711,0.497221,-0.356551,-0.709491,2.33247,-0.454606,-0.271406,0.609287,-0.35922,-0.689737,1.965771,-0.442713,-0.276142,0.677481,-0.344588,-0.689643,1.737591,-0.435634,-0.269184
344,0.309461,-0.358251,-0.737385,2.958528,-0.4328,-0.297205,0.503333,-0.346728,-0.712808,2.308861,-0.426797,-0.30169,0.614191,-0.338588,-0.701318,1.975609,-0.418312,-0.301828,0.664395,-0.330393,-0.697042,1.732253,-0.421542,-0.290908
345,0.304065,-0.331069,-0.744975,2.956035,-0.426294,-0.322472,0.494885,-0.315286,-0.730595,2.32304,-0.425036,-0.329534,0.606856,-0.310187,-0.721372,1.94759,-0.411285,-0.301435,0.674878,-0.316718,-0.703117,1.742045,-0.420358,-0.33017
346,0.307894,-0.309511,-0.779073,2.961687,-0.395685,-0.337041,0.499181,-0.306395,-0.749562,2.336033,-0.395216,-0.3206,0.60582,-0.302291,-0.734883,1.965546,-0.391874,-0.322285,0.670305,-0.29385,-0.725255,1.750394,-0.40039,-0.327409
347,0.301466,-0.289344,-0.784787,2.981363,-0.41654,-0.350972,0.50203,-0.287459,-0.761171,2.332017,-0.383975,-0.34822,0.594686,-0.28529,-0.746938,1.973588,-0.389214,-0.348245,0.670905,-0.276028,-0.738373,1.746733,-0.378648,-0.349448
348,0.311193,-0.267342,-0.806549,2.975657,-0.384658,-0.355536,0.501173,-0.260425,-0.77612,2.3373,-0.377813,-0.363229,0.586293,-0.253493,-0.762469,1.967787,-0.393971,-0.349429,0.666831,-0.252599,-0.749011,1.748735,-0.396541,-0.336567
349,0.304845,-0.256154,-0.804406,2.965972,-0.391987,-0.37841,0.493202,-0.246265,-0.795172,2.329501,-0.369894,-0.368457,0.582749,-0.240142,-0.778874,1.972351,-0.374304,-0.356385,0.655502,-0.231477,-0.764589,1.751033,-0.379618,-0.374081
350,0.3053,-0.23215,-0.824935,2.956214,-0.358189,-0.370536,0.485062,-0.226564,-0.804592,2.329325,-0.354977,-0.377966,0.590421,-0.222722,-0.802653,2.000891,-0.383842,-0.370656,0.652034,-0.209045,-0.774853,1.75182,-0.354918,-0.361126
351,0.298919,-0.204677,-0.831729,2.985459,-0.349914,-0.411995,0.481355,-0.208362,-0.826145,2.325897,-0.352047,-0.400082,0.588176,-0.206373,-0.804747,1.975764,-0.345453,-0.3903,0.645831,-0.200587,-0.787376,1.742771,-0.362616,-0.383919
352,0.296634,-0.194392,-0.856675,2.973851,-0.339843,-0.401036,0.472045,-0.194738,-0.830428,2.32933,-0.334669,-0.401543,0.581155,-0.177747,-0.818945,1.976731,-0.34331,-0.412054,0.648808,-0.18172,-0.807661,1.754069,-0.325869,-0.397978
353,0.295635,-0.17856,-0.858544,2.96244,-0.312323,-0.4167,0.471793,-0.166878,-0.846334,2.326468,-0.330784,-0.408358,0.57442,-0.169726,-0.828708,1.957906,-0.336821,-0.419061,0.640952,-0.158526,-0.814952,1.734809,-0.328394,-0.394951
354,0.291331,-0.147309,-0.887167,2.966758,-0.290998,-0.434432,0.467671,-0.150033,-0.858986,2.323477,-0.313443,-0.404778,0.57914,-0.136089,-0.849129,1.942864,-0.303464,-0.429792,0.641625,-0.136162,-0.834779,1.735407,-0.293568,-0.421924
355,0.293377,-0.139285,-0.898961,2.94901,-0.319354,-0.439227,0.471147,-0.115301,-0.875034,2.3218,-0.309725,-0.427315,0.566102,-0.119291,-0.859412,1.962866,-0.295359,-0.428049,0.632541,-0.109071,-0.839685,1.752408,-0.311515,-0.432616
356,0.285533,-0.104273,-0.906936,2.943346,-0.292049,-0.466467,0.469518,-0.104732,-0.882182,2.32643,-0.297939,-0.449525,0.565446,-0.101099,-0.871671,1.964042,-0.275218,-0.430001,0.634783,-0.106784,-0.857894,1.739699,-0.300476,-0.42632
357,0.29229,-0.080532,-0.908679,2.944534,-0.285679,-0.451197,0.455588,-0.075161,-0.890605,2.33284,-0.278195,-0.469377,0.570913,-0.088663,-0.875727,1.968767,-0.272593,-0.449002,0.622963,-0.086005,-0.866952,1.724099,-0.271879,-0.45897
358,0.284275,-0.073957,-0.927972,2.928905,-0.232914,-0.469657,0.457696,-0.05549,-0.9016,2.294587,-0.266305,-0.466093,0.550686,-0.060283,-0.884652,1.96763,-0.264544,-0.449633,0.617359,-0.056477,-0.877599,1.726945,-0.253382,-0.462047
359,0.286054,-0.045038,-0.939836,2.917181,-0.261551,-0.474047,0.461739,-0.044243,-0.919181,2.302911,-0.247494,-0.47818,0.558824,-0.04694,-0.902598,1.953921,-0.23498,-0.47125,0.611709,-0.043683,-0.879562,1.702298,-0.251328,-0.473298
360,0.275357,-0.024549,-0.941281,2.895726,-0.219596,-0.493225,0.448216,-0.026513,-0.928948,2.282514,-0.239398,-0.483631,0.545492,-0.022719,-0.905758,1.943574,-0.244414,-0.499502,0.5991,-0.013161,-0.898298,1.695309,-0.234468,-0.481221
361,0.276292,-0.012191,-0.956779,2.896657,-0.220736,-0.498141,0.444846,-0.013324,-0.936098,2.271021,-0.219969,-0.491718,0.542569,-0.004631,-0.928734,1.926223,-0.225955,-0.493259,0.600768,0.001907,-0.913714,1.693894,-0.201972,-0.480466
362,0.267396,0.02003,-0.971527,2.881464,-0.222668,-0.51082,0.437579,0.029649,-0.945642,2.263015,-0.21194,-0.519658,0.530022,0.013889,-0.923169,1.931901,-0.210418,-0.502312,0.589114,0.021019,-0.916572,1.70351,-0.224801,-0.497172
363,0.262235,0.034955,-0.980555,2.8749,-0.19578,-0.531013,0.439689,0.03639,-0.94087,2.240977,-0.201327,-0.522801,0.535943,0.03943,-0.94069,1.914953,-0.191487,-0.518603,0.583518,0.042412,-0.929195,1.690984,-0.210353,-0.512644
364,0.266472,0.066188,-0.991686,2.854139,-0.177846,-0.528273,0.423347,0.058416,-0.962294,2.242038,-0.17564,-0.524655,0.521255,0.057694,-0.953651,1.919865,-0.167312,-0.539605,0.586031,0.051881,-0.943237,1.680916,-0.189944,-0.539764
365,0.265259,0.089174,-1.003347,2.853409,-0.160223,-0.543055,0.428224,0.083782,-0.972306,2.229617,-0.164478,-0.541927,0.515566,0.075926,-0.959595,1.877399,-0.173588,-0.514228,0.566844,0.07777,-0.954198,1.672773,-0.152573,-0.542682
366,0.264206,0.102349,-1.017303,2.826783,-0.165364,-0.547245,0.415519,0.098881,-0.987991,2.222119,-0.164276,-0.546193,0.510009,0.108677,-0.961214,1.885595,-0.149044,-0.516317,0.561935,0.089823,-0.95915,1.675034,-0.139249,-0.553348
367,0.251602,0.124608,-1.025719,2.790273,-0.143948,-0.569739,0.417961,0.118328,-0.996158,2.204685,-0.142716,-0.577371,0.500686,0.116679,-0.975288,1.866617,-0.124714,-0.54542,0.549863,0.109085,-0.960495,1.638974,-0.149679,-0.548817
368,0.256271,0.137401,-1.031768,2.776803,-0.133648,-0.572104,0.40976,0.137561,-1.005681,2.197678,-0.139307,-0.576648,0.487159,0.131363,-0.98143,1.856341,-0.130982,-0.555482,0.550102,0.136599,-0.975266,1.660285,-0.122139,-0.561691
369,0.253857,0.16674,-1.040291,2.776162,-0.093681,-0.577712,0.403745,0.159274,-1.007368,2.169359,-0.10408,-0.578964,0.487683,0.149773,-0.99102,1.838833,-0.118142,-0.58035,0.545023,0.154538,-0.975642,1.633608,-0.117238,-0.575468
370,0.247245,0.174158,-1.0527,2.754652,-0.084029,-0.582288,0.395461,0.180126,-1.009496,2.144332,-0.082146,-0.586246,0.483996,0.181173,-0.99465,1.833262,-0.082603,-0.584314,0.537987,0.175717,-0.982187,1.629755,-0.113313,-0.577887
371,0.240754,0.212159,-1.04695,2.73955,-0.079695,-0.590583,0.391085,0.202083,-1.017689,2.152923,-0.068566,-0.593717,0.467744,0.19636,-1.00106,1.810641,-0.08193,-0.594365,0.530178,0.194588,-0.993881,1.598927,-0.082328,-0.580763
372,0.232731,0.220725,-1.054125,2.707156,-0.070715,-0.602355,0.383734,0.226119,-1.032155,2.133611,-0.053123,-0.604227,0.451271,0.219691,-1.012868,1.797307,-0.051038,-0.613534,0.519951,0.219481,-0.995017,1.597374,-0.073638,-0.602751
373,0.232854,0.248108,-1.055437,2.676953,-0.057936,-0.609602,0.368983,0.236181,-1.034763,2.086398,-0.047071,-0.621961,0.465738,0.237719,-1.017161,1.788719,-0.050768,-0.620779,0.509614,0.243003,-1.009664,1.568307,-0.062387,-0.590965
374,0.231953,0.265501,-1.068248,2.652574,-0.044966,-0.61267,0.368453,0.254712,-1.039777,2.080308,-0.021637,-0.614232,0.450653,0.257563,-1.026323,1.769043,-0.048379,-0.622962,0.502522,0.252022,-1.014097,1.565243,-0.048717,-0.623514
375,0.22282,0.292705,-1.074448,2.614382,-0.029307,-0.615964,0.361198,0.279409,-1.04341,2.079428,-0.021581,-0.641293,0.429936,0.271269,-1.027635,1.752792,-0.023097,-0.629904,0.488929,0.281636,-1.016037,1.544925,-0.035192,-0.632526
376,0.21642,0.311926,-1.07553,2.618571,0.014187,-0.644573,0.353739,0.303486,-1.043472,2.018122,0.008368,-0.631323,0.428323,0.292186,-1.02966,1.743692,-0.006028,-0.620685,0.478042,0.291354,-1.021362,1.532505,-0.008977,-0.634295
377,0.217396,0.332938,-1.081355,2.582504,-0.002778,-0.643956,0.346037,0.314926,-1.060523,2.022472,-0.003201,-0.640088,0.428561,0.311304,-1.041146,1.713922,-0.00638,-0.651033,0.467312,0.309952,-1.029515,1.525684,0.00643,-0.650919
378,0.216463,0.35292,-1.102296,2.538898,0.012943,-0.636061,0.34263,0.338395,-1.05523,2.013086,0.004588,-0.644636,0.421653,0.335081,-1.04253,1.703258,0.017273,-0.662939,0.457787,0.333876,-1.028632,1.493028,0.008221,-0.646278
379,0.200184,0.369199,-1.0934,2.511735,0.037852,-0.645796,0.331243,0.361154,-1.062287,1.980971,0.019125,-0.653385,0.40163,0.353806,-1.042708,1.668965,0.026659,-0.653677,0.445278,0.345322,-1.032049,1.484808,0.023726,-0.644174
380,0.202105,0.385517,-1.092567,2.49933,0.047287,-0.672469,0.320774,0.371758,-1.061472,1.957839,0.044612,-0.649648,0.404507,0.37223,-1.044561,1.658302,0.040795,-0.661766,0.4407,0.362339,-1.039091,1.46554,0.043589,-0.641262
381,0.199533,0.406138,-1.096527,2.463324,0.052505,-0.660151,0.321,0.388395,-1.076238,1.918932,0.054818,-0.646037,0.384582,0.394425,-1.051006,1.62766,0.064093,-0.665131,0.434212,0.385903,-1.037147,1.448361,0.034661,-0.652026
382,0.189314,0.42932,-1.108018,2.413226,0.085339,-0.668531,0.309965,0.419578,-1.070244,1.896809,0.075305,-0.681242,0.371839,0.414977,-1.051865,1.610302,0.083134,-0.679514,0.415278,0.403813,-1.032746,1.416269,0.063766,-0.661159
383,0.187071,0.440318,-1.103899,2.37827,0.05835,-0.686909,0.298342,0.442725,-1.067836,1.864799,0.077652,-0.672808,0.365498,0.439895,-1.053985,1.598095,0.075977,-0.671868,0.403075,0.424204,-1.050619,1.423049,0.091143,-0.674404
384,0.181409,0.469288,-1.109184,2.353906,0.095959,-0.695931,0.299309,0.452735,-1.078103,1.856121,0.10449,-0.677537,0.360616,0.450899,-1.064314,1.572844,0.104339,-0.683207,0.392613,0.436866,-1.048395,1.382889,0.094165,-0.679675
385,0.185737,0.482883,-1.113196,2.347139,0.109383,-0.684338,0.290458,0.471063,-1.074685,1.805777,0.123416,-0.684763,0.350193,0.464525,-1.0524,1.529328,0.105069,-0.685348,0.383172,0.463842,-1.05208,1.364097,0.116534,-0.690635
386,0.17156,0.505721,-1.112527,2.283917,0.121867,-0.67975,0.278678,0.473523,-1.082648,1.785284,0.135827,-0.688872,0.344571,0.476075,-1.053975,1.52882,0.131578,-0.690195,0.376823,0.476037,-1.043472,1.332185,0.131517,-0.678569
387,0.17357,0.5293,-1.111044,2.258591,0.140237,-0.686261,0.268683,0.508631,-1.077494,1.776248,0.158775,-0.683333,0.333377,0.495971,-1.050254,1.489974,0.140991,-0.688413,0.363356,0.491228,-1.055013,1.329522,0.129093,-0.687666
388,0.158465,0.542404,-1.113238,2.217074,0.140075,-0.694606,0.268808,0.520622,-1.075876,1.738379,0.164704,-0.712592,0.318495,0.522556,-1.057305,1.470043,0.162135,-0.696864,0.350203,0.505822,-1.057353,1.295539,0.146476,-0.697365
389,0.158194,0.555869,-1.113139,2.161096,0.164681,-0.704841,0.250918,0.542327,-1.087316,1.721857,0.181329,-0.709311,0.309905,0.534191,-1.064856,1.47086,0.167549,-0.695435,0.347792,0.526604,-1.048744,1.280814,0.176394,-0.707891
390,0.148252,0.573313,-1.104135,2.132147,0.178566,-0.718451,0.24551,0.557794,-1.068728,1.680376,0.176175,-0.705833,0.306769,0.552352,-1.05744,1.427877,0.18507,-0.703117,0.332316,0.544582,-1.045809,1.240725,0.171029,-0.720716
391,0.144848,0.595858,-1.108201,2.082524,0.179935,-0.71876,0.251706,0.5695,-1.075251,1.647228,0.189331,-0.710987,0.289932,0.572262,-1.054529,1.384408,0.191542,-0.718144,0.32145,0.561986,-1.045288,1.257967,0.17682,-0.707163
392,0.144158,0.612534,-1.109614,2.047138,0.195167,-0.698433,0.237972,0.593107,-1.074123,1.632331,0.204401,-0.695482,0.271789,0.584757,-1.065163,1.370378,0.199646,-0.73262,0.313646,0.578273,-1.049706,1.212452,0.215477,-0.725549
393,0.134799,0.624845,-1.106782,2.014092,0.227961,-0.723149,0.223039,0.615619,-1.074002,1.578799,0.212008,-0.721525,0.265155,0.602182,-1.057761,1.357625,0.23037,-0.709017,0.287684,0.595169,-1.044754,1.18545,0.224969,-0.711135
394,0.121993,0.653053,-1.119449,1.962316,0.226352,-0.720968,0.215836,0.620852,-1.072683,1.549519,0.226666,-0.717005,0.255922,0.60913,-1.052619,1.323123,0.232472,-0.725214,0.288773,0.615749,-1.041234,1.154242,0.234624,-0.735085
395,0.123798,0.671187,-1.105982,1.933711,0.236183,-0.713091,0.211651,0.644821,-1.075514,1.519725,0.250939,-0.740131,0.244539,0.627716,-1.058272,1.305308,0.237237,-0.721873,0.269221,0.629254,-1.041187,1.13819,0.249897,-0.726076
396,0.119642,0.684463,-1.100054,1.884421,0.25735,-0.724943,0.193569,0.662515,-1.065686,1.485994,0.264906,-0.714216,0.231205,0.645335,-1.052076,1.277854,0.262788,-0.70992,0.263391,0.643838,-1.042479,1.135949,0.240046,-0.726812
397,0.117447,0.693457,-1.096444,1.851779,0.286447,-0.734673,0.185132,0.681055,-1.072809,1.437591,0.279361,-0.705041,0.229559,0.6672,-1.04976,1.217089,0.27233,-0.727454,0.255165,0.661348,-1.047004,1.075075,0.255232,-0.724973
398,0.106595,0.711974,-1.091774,1.806055,0.276435,-0.732389,0.173376,0.687411,-1.062061,1.407273,0.260218,-0.728937,0.216392,0.678749,-1.048638,1.185188,0.289169,-0.744718,0.236368,0.67465,-1.039066,1.086319,0.295799,-0.726211
399,0.107334,0.72024,-1.089782,1.763013,0.296684,-0.739134,0.166746,0.706863,-1.064892,1.377156,0.288009,-0.737389,0.191765,0.694172,-1.048511,1.181594,0.299052,-0.738789,0.225394,0.682988,-1.028689,1.043704,0.287403,-0.734853
400,0.099705,0.749994,-1.091765,1.702864,0.315075,-0.72595,0.1566,0.729499,-1.060428,1.343249,0.307373,-0.730988,0.184698,0.707219,-1.038269,1.124834,0.305277,-0.729454,0.21386,0.7052,-1.026944,1.011567,0.307214,-0.749022
401,0.098069,0.767282,-1.084967,1.677639,0.316802,-0.748471,0.144845,0.733501,-1.058018,1.299432,0.329671,-0.733101,0.183801,0.735575,-1.038221,1.10541,0.327813,-0.723926,0.195724,0.719046,-1.021863,0.974296,0.321806,-0.748605
402,0.087853,0.777337,-1.08604,1.625815,0.340525,-0.722364,0.133821,0.758897,-1.047791,1.25947,0.342144,-0.738985,0.162499,0.749553,-1.035202,1.08089,0.324657,-0.734573,0.187935,0.730512,-1.012227,0.970385,0.352063,-0.751208
403,0.085845,0.799291,-1.067796,1.577836,0.340478,-0.73332,0.118962,0.766492,-1.038555,1.25191,0.334861,-0.730268,0.167712,0.753151,-1.028379,1.048692,0.343717,-0.731527,0.175477,0.745242,-1.01152,0.933748,0.342148,-0.742249
404,0.07798,0.803357,-1.068807,1.517795,0.352303,-0.728113,0.120749,0.775521,-1.03172,1.204649,0.365698,-0.733934,0.148912,0.77386,-1.016697,0.993023,0.348225,-0.7435,0.160722,0.761072,-1.003548,0.882177,0.359751,-0.741286
405,0.076693,0.814585,-1.064784,1.462475,0.358602,-0.723156,0.114541,0.804938,-1.027358,1.162296,0.370404,-0.723232,0.13001,0.782741,-1.020492,0.994025,0.366751,-0.724561,0.149203,0.773873,-0.994868,0.87959,0.381067,-0.721858
406,0.062196,0.833906,-1.057329,1.405632,0.400311,-0.734198,0.104761,0.815745,-1.029,1.126634,0.385381,-0.750139,0.120647,0.794668,-1.007693,0.964042,0.370253,-0.717068,0.141051,0.79009,-0.996801,0.847935,0.395042,-0.738541
407,0.063791,0.853978,-1.048113,1.38708,0.381604,-0.73487,0.089853,0.831648,-1.026988,1.076389,0.389295,-0.725765,0.106883,0.800752,-1.00873,0.909618,0.381609,-0.736479,0.127941,0.797814,-0.987849,0.81716,0.377552,-0.723499
408,0.050844,0.857744,-1.047531,1.305491,0.405701,-0.719368,0.08226,0.835123,-1.004271,1.043981,0.405445,-0.727304,0.095526,0.829637,-1.002285,0.884237,0.391888,-0.742717,0.112219,0.817668,-0.987693,0.782587,0.408869,-0.730407
409,0.046077,0.868724,-1.033491,1.286887,0.429678,-0.743763,0.06611,0.841699,-1.006762,1.024487,0.418861,-0.737108,0.090411,0.830344,-0.993984,0.848731,0.41051,-0.732705,0.101162,0.819754,-0.979848,0.752173,0.426497,-0.724922
410,0.041215,0.880832,-1.019394,1.224842,0.438188,-0.734164,0.067078,0.872667,-0.994213,0.953178,0.432088,-0.744863,0.083886,0.855209,-0.985507,0.795573,0.436117,-0.737761,0.085098,0.839488,-0.96631,0.718543,0.421629,-0.743882
411,0.035307,0.894786,-1.021495,1.174025,0.42533,-0.726205,0.054943,0.87133,-0.990346,0.935968,0.435434,-0.730972,0.068879,0.85636,-0.984421,0.782443,0.444933,-0.71955,0.068082,0.842264,-0.967002,0.698574,0.429756,-0.750671
412,0.039342,0.911399,-1.013251,1.132884,0.444801,-0.715522,0.040957,0.891013,-0.98614,0.883024,0.449428,-0.732331,0.051371,0.873966,-0.962026,0.732034,0.451422,-0.729155,0.06051,0.863233,-0.944242,0.663119,0.45543,-0.736799
413,0.014897,0.931303,-0.992164,1.077249,0.466065,-0.738039,0.035956,0.894228,-0.970942,0.845882,0.455288,-0.729003,0.051629,0.884254,-0.956595,0.710866,0.450245,-0.728439,0.048014,0.875697,-0.945269,0.62328,0.478976,-0.72142
414,0.015508,0.939141,-0.984816,1.013865,0.472818,-0.729822,0.028744,0.911074,-0.969982,0.809912,0.473389,-0.739263,0.027253,0.88986,-0.940415,0.668869,0.473811,-0.725245,0.043952,0.885311,-0.933233,0.598399,0.466296,-0.712665
415,0.018148,0.948062,-0.985066,0.970976,0.486893,-0.701599,0.013618,0.918363,-0.954399,0.75931,0.502938,-0.732919,0.020076,0.895146,-0.944653,0.614227,0.490619,-0.722606,0.015957,0.893122,-0.924695,0.565826,0.489453,-0.726117
416,0.015234,0.954939,-0.964349,0.915457,0.501476,-0.71392,0.008101,0.931267,-0.948758,0.709316,0.481728,-0.723766,0.005836,0.905626,-0.929992,0.60644,0.484738,-0.720972,0.011169,0.903387,-0.90781,0.529667,0.510341,-0.720037
417,-0.000885,0.961967,-0.962664,0.869834,0.530342,-0.716577,-0.007472,0.932909,-0.938531,0.682905,0.511257,-0.708253,-0.014496,0.926214,-0.914748,0.587021,0.511668,-0.736005,-0.015228,0.907302,-0.908985,0.496547,0.515508,-0.707686
418,-0.00351,0.979791,-0.950736,0.809472,0.513554,-0.716049,-0.01147,0.949815,-0.924119,0.634724,0.513454,-0.698861,-0.010248,0.933241,-0.916816,0.530309,0.512245,-0.710345,-0.008366,0.925141,-0.898298,0.484382,0.514867,-0.723604
419,-0.016589,0.980949,-0.938422,0.745947,0.531015,-0.694006,-0.020654,0.958678,-0.90581,0.571886,0.527366,-0.715228,-0.031334,0.945606,-0.898991,0.503051,0.515531,-0.717486,-0.026557,0.928399,-0.888249,0.454873,0.52495,-0.704554
420,-0.015632,1.001411,-0.927484,0.692821,0.53519,-0.698465,-0.032487,0.970246,-0.902172,0.564845,0.523813,-0.696778,-0.04021,0.946285,-0.882753,0.467857,0.534782,-0.700926,-0.048172,0.939538,-0.874303,0.401599,0.524059,-0.713223
421,-0.035784,1.006341,-0.911172,0.648889,0.541899,-0.709995,-0.036827,0.978928,-0.890343,0.503055,0.536194,-0.709823,-0.042753,0.964313,-0.870372,0.429969,0.546894,-0.703906,-0.055242,0.953323,-0.862805,0.379402,0.540004,-0.707267
422,-0.021542,1.022626,-0.909839,0.608823,0.53108,-0.696522,-0.043773,0.990798,-0.876333,0.465314,0.565001,-0.720066,-0.063977,0.970416,-0.864224,0.396073,0.544572,-0.680807,-0.06757,0.960561,-0.845529,0.339739,0.545218,-0.692343
423,-0.033775,1.019486,-0.895669,0.52321,0.555188,-0.68409,-0.054642,1.001016,-0.862241,0.405203,0.556926,-0.691131,-0.077314,0.975113,-0.857403,0.356213,0.571701,-0.703412,-0.07887,0.968922,-0.844431,0.324055,0.541932,-0.698155
424,-0.049706,1.030162,-0.877551,0.46373,0.562366,-0.69193,-0.063022,0.996879,-0.860653,0.394354,0.575941,-0.687675,-0.088838,0.984837,-0.843849,0.309232,0.576456,-0.671184,-0.092266,0.96521,-0.836387,0.289844,0.555813,-0.686786
425,-0.048285,1.043693,-0.871228,0.412137,0.578539,-0.692526,-0.071895,1.016021,-0.843345,0.345481,0.576786,-0.663632,-0.09641,0.995948,-0.821452,0.281421,0.56912,-0.695257,-0.113122,0.987323,-0.817277,0.257341,0.586893,-0.687314
426,-0.054608,1.042308,-0.860507,0.385198,0.590617,-0.679019,-0.093844,1.019604,-0.8278,0.294225,0.579126,-0.690368,-0.11053,0.992235,-0.820216,0.247344,0.567781,-0.683302,-0.125327,0.99043,-0.805786,0.216753,0.581304,-0.682009
427,-0.060883,1.058208,-0.844845,0.307664,0.612676,-0.666009,-0.103199,1.020388,-0.817065,0.252497,0.585572,-0.670177,-0.11512,1.007274,-0.798678,0.206197,0.606285,-0.677045,-0.144047,0.993892,-0.79842,0.169144,0.592513,-0.666441
428,-0.057426,1.066645,-0.825613,0.263642,0.612147,-0.666375,-0.113769,1.023936,-0.78945,0.205492,0.596812,-0.680706,-0.132159,1.017509,-0.779526,0.15685,0.609645,-0.66151,-0.151795,0.995015,-0.78147,0.14461,0.613387,-0.684503
429,-0.072715,1.075055,-0.80801,0.196418,0.613539,-0.652641,-0.123906,1.046394,-0.783417,0.152193,0.599869,-0.66687,-0.146313,1.013012,-0.771189,0.135178,0.610246,-0.661083,-0.161246,1.011339,-0.761012,0.111589,0.598629,-0.668809
430,-0.074798,1.068823,-0.800914,0.148286,0.617604,-0.624975,-0.126127,1.041855,-0.769556,0.104157,0.60672,-0.656689,-0.153703,1.020431,-0.755162,0.101491,0.620606,-0.664859,-0.167655,1.010824,-0.75587,0.071133,0.610413,-0.661947
431,-0.085752,1.077975,-0.773662,0.101581,0.635022,-0.634598,-0.148873,1.053092,-0.765434,0.074625,0.619774,-0.63948,-0.164371,1.02558,-0.745219,0.065866,0.628932,-0.641847,-0.189359,1.017831,-0.747656,0.050509,0.618495,-0.668675
432,-0.091227,1.083646,-0.761907,0.046599,0.615541,-0.635641,-0.139102,1.05169,-0.742766,0.030823,0.615737,-0.629972,-0.174763,1.030257,-0.726513,0.02309,0.631555,-0.653945,-0.194173,1.017025,-0.724001,0.023946,0.632577,-0.652296
433,-0.096994,1.094338,-0.750411,-0.05221,0.645236,-0.63461,-0.147929,1.057692,-0.726047,-0.02551,0.617915,-0.643057,-0.185605,1.037474,-0.727288,-0.009608,0.63754,-0.612987,-0.205029,1.033017,-0.715535,-0.006034,0.640123,-0.627346
434,-0.102533,1.091888,-0.739907,-0.068946,0.652861,-0.614868,-0.153242,1.056641,-0.707678,-0.07066,0.644604,-0.63305,-0.199095,1.043522,-0.702892,-0.061497,0.649852,-0.625608,-0.213567,1.033629,-0.699975,-0.048804,0.640284,-0.631785
435,-0.102863,1.112331,-0.72687,-0.135484,0.664016,-0.609811,-0.173603,1.060536,-0.694647,-0.095685,0.633753,-0.626899,-0.196026,1.053395,-0.679898,-0.077986,0.656034,-0.613505,-0.239288,1.037524,-0.682415,-0.080486,0.66324,-0.6209
436,-0.113183,1.099994,-0.698044,-0.203879,0.652229,-0.606871,-0.192951,1.056213,-0.683586,-0.140178,0.652206,-0.609156,-0.218819,1.042385,-0.680367,-0.142411,0.663675,-0.622723,-0.243137,1.048319,-0.656575,-0.124046,0.659023,-0.617362
437,-0.116149,1.101465,-0.680524,-0.246318,0.655522,-0.605889,-0.194371,1.074973,-0.665862,-0.199747,0.67228,-0.603946,-0.233772,1.057422,-0.656226,-0.159829,0.673411,-0.598758,-0.262546,1.040185,-0.645713,-0.146004,0.682763,-0.59818
438,-0.128951,1.104453,-0.665268,-0.299798,0.691343,-0.598176,-0.195439,1.070602,-0.643953,-0.230964,0.678166,-0.598702,-0.241231,1.048066,-0.639759,-0.208042,0.665284,-0.606,-0.275654,1.038997,-0.628794,-0.174326,0.658795,-0.591075
439,-0.129198,1.097433,-0.659138,-0.354236,0.673944,-0.577603,-0.208169,1.081217,-0.62803,-0.282735,0.66634,-0.59074,-0.252819,1.058738,-0.628202,-0.241204,0.678707,-0.594468,-0.276672,1.040504,-0.618398,-0.217542,0.661194,-0.600265
440,-0.141375,1.104573,-0.627254,-0.408236,0.684816,-0.589832,-0.224926,1.07993,-0.623869,-0.32098,0.667144,-0.595874,-0.257856,1.060042,-0.606496,-0.273017,0.689633,-0.573702,-0.288047,1.040794,-0.600485,-0.238261,0.677122,-0.5777
441,-0.136366,1.111852,-0.624485,-0.46672,0.697701,-0.569723,-0.226065,1.080157,-0.594937,-0.359842,0.698562,-0.568931,-0.271115,1.066057,-0.597978,-0.321945,0.683399,-0.559898,-0.304209,1.046569,-0.582384,-0.266231,0.674392,-0.555281
442,-0.149036,1.117372,-0.592406,-0.535866,0.684641,-0.555979,-0.215277,1.08146,-0.590423,-0.407214,0.687323,-0.567137,-0.291559,1.067968,-0.573055,-0.349159,0.689055,-0.564952,-0.311177,1.052655,-0.564581,-0.30265,0.691257,-0.551694
443,-0.153393,1.110688,-0.575887,-0.585917,0.694235,-0.557604,-0.235447,1.086336,-0.564755,-0.442859,0.706939,-0.544753,-0.298822,1.061825,-0.560043,-0.36639,0.686819,-0.570882,-0.329997,1.05624,-0.553537,-0.332129,0.714606,-0.568084
444,-0.153407,1.118008,-0.568756,-0.619721,0.719817,-0.540595,-0.253869,1.074527,-0.547854,-0.498617,0.694569,-0.548528,-0.298471,1.062421,-0.538817,-0.424799,0.71342,-0.547028,-0.34269,1.043557,-0.536678,-0.362846,0.714836,-0.540957
445,-0.177036,1.114172,-0.549231,-0.683492,0.707346,-0.557824,-0.258187,1.077012,-0.530242,-0.546608,0.707349,-0.536942,-0.318073,1.067005,-0.525769,-0.444367,0.681485,-0.523528,-0.35393,1.05452,-0.511008,-0.392872,0.69515,-0.520581
446,-0.166132,1.107629,-0.521779,-0.733915,0.71393,-0.533476,-0.272605,1.086987,-0.516048,-0.582075,0.709038,-0.528317,-0.32646,1.067562,-0.50886,-0.495259,0.699385,-0.521954,-0.363316,1.05166,-0.511003,-0.419436,0.702974,-0.528051
447,-0.179671,1.109849,-0.508552,-0.799014,0.703374,-0.51714,-0.279323,1.077247,-0.494075,-0.624741,0.706482,-0.5106,-0.331682,1.068845,-0.478898,-0.524158,0.720542,-0.51397,-0.382988,1.044862,-0.478937,-0.461085,0.707864,-0.523938
448,-0.168326,1.112931,-0.486549,-0.869641,0.705939,-0.511422,-0.282357,1.074007,-0.475512,-0.684475,0.710655,-0.504768,-0.335849,1.057955,-0.464726,-0.563676,0.718735,-0.507323,-0.376523,1.04736,-0.463078,-0.503794,0.711961,-0.507549
449,-0.188989,1.110683,-0.474619,-0.900623,0.704458,-0.483691,-0.300085,1.075572,-0.462843,-0.717043,0.705806,-0.504393,-0.361992,1.058073,-0.456978,-0.604335,0.723936,-0.5047,-0.393655,1.042894,-0.443567,-0.545717,0.721059,-0.487859
450,-0.186141,1.118046,-0.456222,-0.933785,0.703788,-0.487268,-0.305617,1.071898,-0.440993,-0.75694,0.714151,-0.491123,-0.359012,1.059529,-0.431784,-0.642471,0.724367,-0.483782,-0.405456,1.039599,-0.435948,-0.576613,0.744895,-0.499206
451,-0.198685,1.108454,-0.4387,-1.002877,0.736988,-0.472673,-0.315277,1.071373,-0.422485,-0.781168,0.727,-0.490907,-0.3768,1.057927,-0.41366,-0.67003,0.710056,-0.460626,-0.417697,1.04506,-0.410708,-0.590166,0.717553,-0.489111
452,-0.188092,1.102481,-0.412883,-1.058698,0.714801,-0.447716,-0.319539,1.076252,-0.413095,-0.828685,0.704658,-0.45586,-0.384548,1.054792,-0.402247,-0.684628,0.728084,-0.463603,-0.425703,1.042379,-0.386602,-0.62204,0.716205,-0.471671
453,-0.199443,1.096788,-0.398605,-1.11311,0.726389,-0.435622,-0.324351,1.06761,-0.383098,-0.856839,0.730094,-0.465452,-0.38881,1.0426,-0.37917,-0.74773,0.726037,-0.45145,-0.445262,1.035321,-0.365239,-0.667132,0.732733,-0.45585
454,-0.201268,1.100212,-0.374354,-1.149819,0.723677,-0.440927,-0.321303,1.063446,-0.367556,-0.906059,0.740157,-0.429415,-0.401747,1.051912,-0.354457,-0.766746,0.721255,-0.433485,-0.441954,1.02558,-0.356024,-0.686778,0.715889,-0.446943
455,-0.210808,1.100948,-0.355454,-1.210924,0.74621,-0.441891,-0.329538,1.066766,-0.34018,-0.960039,0.723152,-0.435357,-0.408845,1.042767,-0.340245,-0.810666,0.745167,-0.435191,-0.457162,1.027937,-0.335592,-0.719863,0.734378,-0.433989
456,-0.219144,1.087808,-0.33185,-1.265092,0.729591,-0.411058,-0.339413,1.057827,-0.325851,-1.005776,0.7346,-0.417553,-0.417526,1.0326,-0.327144,-0.837734,0.743661,-0.432004,-0.464925,1.015387,-0.323856,-0.735763,0.729111,-0.434399
457,-0.210089,1.078718,-0.314128,-1.313047,0.747709,-0.407806,-0.355492,1.045214,-0.303287,-1.041507,0.738363,-0.415246,-0.436639,1.039192,-0.295158,-0.885371,0.717373,-0.41007,-0.472632,1.020081,-0.295472,-0.779538,0.713809,-0.416153
458,-0.224257,1.08104,-0.299399,-1.3663,0.7414,-0.402679,-0.355506,1.040204,-0.29043,-1.075223,0.727885,-0.392064,-0.43454,1.030094,-0.277704,-0.907064,0.741932,-0.405226,-0.490313,1.020303,-0.28281,-0.820894,0.730812,-0.402143
459,-0.224633,1.071787,-0.278969,-1.41932,0.729874,-0.38335,-0.369542,1.038382,-0.265434,-1.116826,0.740465,-0.390339,-0.449534,1.025122,-0.255409,-0.954864,0.726166,-0.378292,-0.494827,1.01219,-0.257776,-0.854273,0.734448,-0.388921
460,-0.215305,1.066923,-0.260554,-1.464621,0.736497,-0.356026,-0.376498,1.030255,-0.242019,-1.137619,0.729541,-0.381748,-0.448887,1.021486,-0.237654,-0.98333,0.738693,-0.386719,-0.504539,1.007698,-0.24126,-0.862554,0.745269,-0.379113
461,-0.240381,1.058926,-0.225237,-1.512797,0.735388,-0.351863,-0.374919,1.032771,-0.229258,-1.188741,0.727578,-0.36031,-0.459434,1.016302,-0.218696,-1.005043,0.743665,-0.36384,-0.511278,1.004723,-0.2248,-0.896642,0.731327,-0.352352
462,-0.237426,1.048568,-0.22358,-1.554842,0.74141,-0.355195,-0.384015,1.024587,-0.198051,-1.218237,0.743479,-0.361598,-0.471761,1.00795,-0.203049,-1.043841,0.727151,-0.341247,-0.521381,0.998251,-0.204151,-0.922926,0.733567,-0.364368
463,-0.237056,1.049767,-0.186237,-1.616566,0.73923,-0.339524,-0.389811,1.010517,-0.183134,-1.249938,0.732246,-0.338538,-0.486872,0.999154,-0.186297,-1.064807,0.741533,-0.342581,-0.52591,0.986035,-0.187421,-0.944715,0.734649,-0.345005
464,-0.250242,1.038337,-0.171441,-1.64001,0.727262,-0.317522,-0.400859,1.009754,-0.168115,-1.307261,0.748395,-0.317993,-0.487871,0.996337,-0.153794,-1.118982,0.720876,-0.327179,-0.535887,0.984806,-0.165193,-0.989347,0.74714,-0.348422
465,-0.251307,1.026238,-0.155341,-1.694667,0.744143,-0.300426,-0.40513,1.007109,-0.14518,-1.328807,0.730859,-0.320728,-0.487812,0.988833,-0.148211,-1.128552,0.732248,-0.312456,-0.547221,0.972862,-0.151064,-0.987442,0.745201,-0.305951
466,-0.249728,1.022064,-0.136424,-1.753308,0.719231,-0.299618,-0.412628,0.98965,-0.130009,-1.361716,0.748342,-0.312516,-0.499757,0.977611,-0.118764,-1.176738,0.758892,-0.29439,-0.53588,0.966771,-0.123312,-1.034115,0.720173,-0.289434
467,-0.250086,1.020373,-0.110184,-1.791772,0.72446,-0.288559,-0.417582,0.987965,-0.10278,-1.396765,0.736018,-0.286244,-0.508033,0.975553,-0.102765,-1.194742,0.739894,-0.272269,-0.568664,0.952238,-0.102005,-1.055022,0.731076,-0.297691
468,-0.273464,1.005957,-0.092541,-1.808151,0.735566,-0.27097,-0.416547,0.970255,-0.082135,-1.443103,0.735167,-0.288389,-0.511886,0.956558,-0.082316,-1.20575,0.7427,-0.278672,-0.567217,0.944895,-0.085418,-1.0876,0.746723,-0.273074
469,-0.25947,0.99717,-0.063847,-1.857398,0.723665,-0.266134,-0.432436,0.964525,-0.068181,-1.487695,0.732223,-0.273528,-0.523691,0.9513,-0.061095,-1.259099,0.71699,-0.275792,-0.57213,0.948786,-0.06662,-1.108492,0.735737,-0.23354
470,-0.264871,0.981799,-0.044848,-1.928195,0.732372,-0.262615,-0.434675,0.9605,-0.043761,-1.516567,0.711946,-0.236897,-0.526702,0.941163,-0.04363,-1.279945,0.718602,-0.248484,-0.589651,0.93991,-0.037338,-1.122938,0.72593,-0.25246
471,-0.275892,0.97948,-0.026413,-1.953467,0.747504,-0.231289,-0.435986,0.953284,-0.016147,-1.532811,0.71981,-0.218056,-0.528983,0.93724,-0.017738,-1.306056,0.706763,-0.237622,-0.590675,0.930606,-0.025999,-1.152139,0.718608,-0.228817
472,-0.265793,0.969906,-0.012809,-2.004562,0.699173,-0.20986,-0.441187,0.937628,0.010936,-1.581794,0.687939,-0.214585,-0.549702,0.928338,-0.001051,-1.333817,0.721659,-0.219849,-0.601801,0.914178,-0.002709,-1.175013,0.725259,-0.218531
473,-0.268633,0.954622,0.023016,-2.026509,0.733291,-0.219694,-0.44269,0.928191,0.018554,-1.609943,0.721814,-0.218617,-0.543659,0.909134,0.015548,-1.375215,0.715527,-0.20386,-0.60291,0.897489,0.020056,-1.217298,0.727259,-0.220753
474,-0.27827,0.940596,0.033396,-2.079766,0.722888,-0.197037,-0.453502,0.920304,0.040823,-1.621668,0.701283,-0.211005,-0.550187,0.900099,0.046001,-1.381899,0.708094,-0.192318,-0.598096,0.892007,0.043344,-1.215506,0.709097,-0.181586
475,-0.285575,0.931944,0.064846,-2.134103,0.697012,-0.1771,-0.470347,0.913035,0.060747,-1.664732,0.710109,-0.175816,-0.562037,0.903631,0.053346,-1.423136,0.713175,-0.181099,-0.620599,0.882888,0.061535,-1.241311,0.702177,-0.186219
476,-0.288464,0.922788,0.079012,-2.170079,0.710756,-0.169292,-0.468149,0.902278,0.07046,-1.706999,0.708404,-0.160544,-0.566885,0.886663,0.083081,-1.463007,0.694026,-0.16858,-0.618403,0.862861,0.077568,-1.275873,0.706615,-0.183517
477,-0.293201,0.910135,0.106547,-2.21556,0.715276,-0.13462,-0.462508,0.88617,0.095101,-1.729901,0.704164,-0.152989,-0.552045,0.861018,0.088712,-1.47458,0.707936,-0.142411,-0.626457,0.863997,0.091721,-1.307094,0.71459,-0.157985
478,-0.289075,0.90252,0.127996,-2.219162,0.707797,-0.153477,-0.461642,0.871201,0.124047,-1.76745,0.693945,-0.138736,-0.569904,0.856317,0.10893,-1.480426,0.702953,-0.155471,-0.630899,0.837874,0.11715,-1.323602,0.690659,-0.127595
479,-0.286819,0.888303,0.140424,-2.26989,0.691958,-0.125639,-0.480531,0.85413,0.139685,-1.803081,0.698259,-0.126845,-0.57303,0.848971,0.136085,-1.533437,0.692878,-0.121132,-0.639648,0.837046,0.136761,-1.341695,0.710296,-0.139236
480,-0.290753,0.880227,0.165532,-2.316191,0.696883,-0.103965,-0.465593,0.847644,0.159291,-1.814146,0.68486,-0.101512,-0.579339,0.833269,0.163779,-1.5553,0.690526,-0.120934,-0.632773,0.831856,0.14869,-1.35545,0.673012,-0.124232
481,-0.297299,0.862531,0.176868,-2.372217,0.680474,-0.106142,-0.487059,0.837532,0.1747,-1.833264,0.665838,-0.103659,-0.586577,0.835663,0.175601,-1.5588,0.659861,-0.115109,-0.64241,0.808523,0.174692,-1.389324,0.66794,-0.095003
482,-0.289232,0.843072,0.212069,-2.371469,0.683547,-0.075422,-0.492141,0.823591,0.20233,-1.867321,0.652799,-0.093556,-0.58593,0.806977,0.192736,-1.601352,0.671324,-0.099921,-0.647237,0.799086,0.202363,-1.40356,0.672659,-0.068197
483,-0.301594,0.833345,0.218373,-2.42395,0.66569,-0.092765,-0.488226,0.812462,0.222391,-1.91198,0.652113,-0.074886,-0.588178,0.794458,0.219523,-1.613999,0.679516,-0.078345,-0.663069,0.783534,0.216323,-1.416304,0.649761,-0.076075
484,-0.301349,0.818074,0.251004,-2.455509,0.649346,-0.068184,-0.494241,0.791397,0.244441,-1.923929,0.668989,-0.046245,-0.590892,0.790023,0.240441,-1.630113,0.661123,-0.046978,-0.654844,0.780859,0.222925,-1.444271,0.666537,-0.054004
485,-0.309385,0.810565,0.266619,-2.472157,0.667209,-0.052716,-0.49406,0.76872,0.256499,-1.945127,0.663594,-0.031915,-0.594091,0.769111,0.254406,-1.649147,0.65426,-0.046988,-0.655633,0.76637,0.257431,-1.448473,0.648168,-0.057805
486,-0.309366,0.793265,0.282312,-2.515566,0.660241,-0.040067,-0.481642,0.76319,0.281356,-1.992086,0.641154,-0.037818,-0.600809,0.761725,0.268033,-1.666188,0.670164,-0.011942,-0.663589,0.744073,0.282132,-1.485573,0.664938,-0.035751
487,-0.308153,0.776186,0.310746,-2.55024,0.629696,0.001179,-0.500985,0.751489,0.310027,-1.996428,0.643048,-0.021226,-0.612589,0.731637,0.296626,-1.697646,0.639298,-0.028031,-0.675538,0.744502,0.297117,-1.488,0.648468,0.00932
488,-0.312815,0.76021,0.329151,-2.580086,0.638602,0.008731,-0.498113,0.733125,0.312354,-2.050945,0.651094,0.001113,-0.606203,0.731969,0.316131,-1.704365,0.643694,0.012369,-0.663659,0.716153,0.308206,-1.516066,0.620071,-0.021363
489,-0.315399,0.740754,0.350119,-2.589801,0.636364,0.019959,-0.500839,0.719078,0.33912,-2.039413,0.629924,0.009024,-0.599219,0.70571,0.331066,-1.740714,0.632861,0.009637,-0.678969,0.700288,0.325026,-1.525158,0.614099,0.01591
490,-0.31673,0.722127,0.370688,-2.619554,0.631718,0.042203,-0.505945,0.700956,0.360008,-2.055563,0.625256,0.015361,-0.612833,0.697882,0.341366,-1.749453,0.62761,0.029641,-0.672963,0.683798,0.345351,-1.551407,0.623511,0.025434
491,-0.311515,0.712318,0.389937,-2.661552,0.630642,0.058992,-0.500871,0.685557,0.37638,-2.087093,0.627833,0.037487,-0.606831,0.682983,0.368765,-1.759709,0.615944,0.04044,-0.67256,0.667107,0.355847,-1.555163,0.611878,0.020289
492,-0.310376,0.69108,0.40227,-2.676788,0.612378,0.06753,-0.503436,0.675083,0.39804,-2.092742,0.631215,0.058006,-0.615257,0.656547,0.386779,-1.774823,0.611443,0.070074,-0.686546,0.65738,0.381432,-1.569034,0.608828,0.056733
493,-0.306503,0.674897,0.418531,-2.692113,0.596614,0.079964,-0.514385,0.656481,0.40602,-2.137123,0.590045,0.063969,-0.610666,0.663344,0.404031,-1.802276,0.585158,0.079871,-0.683869,0.647388,0.414428,-1.561929,0.607122,0.060557
494,-0.31674,0.6563,0.450761,-2.717945,0.576919,0.072188,-0.510083,0.647599,0.429019,-2.118304,0.598306,0.093339,-0.623909,0.631779,0.424849,-1.805888,0.603646,0.080751,-0.688856,0.622503,0.423789,-1.612,0.583167,0.084406
495,-0.316114,0.637867,0.461214,-2.746911,0.588824,0.086479,-0.508389,0.6308,0.449163,-2.167814,0.585375,0.106342,-0.61605,0.619145,0.449935,-1.835139,0.579606,0.096404,-0.690401,0.609032,0.44039,-1.621346,0.572652,0.098951
496,-0.320147,0.62728,0.486079,-2.758423,0.564884,0.128577,-0.511482,0.600722,0.46508,-2.185533,0.559931,0.113677,-0.613941,0.599667,0.465873,-1.839992,0.570738,0.113703,-0.684888,0.584092,0.45116,-1.621551,0.554363,0.129951
497,-0.315573,0.607999,0.502183,-2.790622,0.587357,0.123314,-0.517487,0.586907,0.482183,-2.193347,0.545606,0.121353,-0.613847,0.582763,0.482232,-1.845442,0.573781,0.112879,-0.684413,0.570011,0.47131,-1.65579,0.585692,0.143695
498,-0.318404,0.58633,0.520654,-2.802121,0.559655,0.148759,-0.516126,0.567315,0.506985,-2.199975,0.566212,0.135075,-0.619471,0.565738,0.498499,-1.862168,0.551273,0.133381,-0.687142,0.551936,0.494673,-1.660392,0.541922,0.148264
499,-0.315882,0.575439,0.521179,-2.82103,0.54218,0.147463,-0.511494,0.5396,0.52681,-2.215971,0.556998,0.148595,-0.619818,0.55023,0.51247,-1.880585,0.548907,0.153829,-0.688426,0.546884,0.509373,-1.67839,0.543131,0.138644
500,-0.316239,0.555873,0.562814,-2.851704,0.542265,0.169354,-0.517206,0.54095,0.549205,-2.23604,0.538082,0.162383,-0.617667,0.527847,0.527449,-1.884681,0.539943,0.160802,-0.694739,0.523471,0.523464,-1.682292,0.547947,0.168477
501,-0.316072,0.530312,0.57999,-2.848523,0.546396,0.172945,-0.504798,0.514457,0.561684,-2.238942,0.540823,0.173222,-0.620288,0.511933,0.547519,-1.890577,0.539052,0.168241,-0.683554,0.505594,0.547816,-1.683267,0.517718,0.166651
502,-0.310873,0.515411,0.59581,-2.870979,0.526026,0.199058,-0.512447,0.503471,0.576399,-2.246055,0.515227,0.17986,-0.616372,0.501874,0.564586,-1.908756,0.52828,0.190074,-0.685214,0.498658,0.551996,-1.700128,0.51799,0.194885
503,-0.327403,0.505467,0.606077,-2.880832,0.510093,0.204854,-0.504314,0.49535,0.590438,-2.268063,0.498614,0.203164,-0.620866,0.481801,0.590769,-1.917433,0.503684,0.208973,-0.688033,0.478369,0.580787,-1.703656,0.502602,0.204558
504,-0.313018,0.477504,0.625402,-2.882405,0.488795,0.217748,-0.508979,0.464985,0.618232,-2.266815,0.485492,0.23347,-0.622698,0.466373,0.598256,-1.936373,0.502069,0.216293,-0.686629,0.457487,0.589697,-1.707366,0.492278,0.211735
505,-0.308499,0.462626,0.642996,-2.924879,0.491502,0.229394,-0.51659,0.446992,0.621977,-2.290321,0.495022,0.221217,-0.62939,0.437092,0.620052,-1.946803,0.506726,0.213581,-0.69769,0.429967,0.605101,-1.716219,0.486295,0.233621
506,-0.320623,0.434167,0.665737,-2.918075,0.481099,0.250139,-0.517619,0.42865,0.644778,-2.282719,0.491711,0.240825,-0.616796,0.42492,0.627267,-1.939618,0.490981,0.248591,-0.684492,0.407339,0.623643,-1.716918,0.473155,0.249191
507,-0.315875,0.425875,0.683023,-2.931801,0.466341,0.24441,-0.51194,0.411255,0.667547,-2.317946,0.458094,0.25941,-0.61809,0.408067,0.649467,-1.937778,0.456713,0.276742,-0.682295,0.405227,0.643283,-1.726223,0.456566,0.248054
508,-0.309541,0.403989,0.702392,-2.932021,0.454645,0.267403,-0.512852,0.394637,0.672277,-2.276804,0.455523,0.269105,-0.605061,0.3831,0.658903,-1.950948,0.455668,0.273242,-0.680537,0.386041,0.655586,-1.726566,0.450495,0.255416
509,-0.309771,0.382368,0.717411,-2.938571,0.45436,0.288514,-0.507633,0.373607,0.691891,-2.304324,0.438039,0.274765,-0.608773,0.368855,0.667906,-1.952498,0.451864,0.280418,-0.67651,0.362533,0.677643,-1.739132,0.438832,0.295314
510,-0.317846,0.358694,0.728339,-2.944671,0.408193,0.291205,-0.496545,0.357467,0.713604,-2.350983,0.443375,0.291618,-0.613354,0.358537,0.696786,-1.961401,0.433466,0.285867,-0.684679,0.340514,0.688258,-1.754694,0.433806,0.296648
511,-0.299736,0.349129,0.74663,-2.950575,0.431429,0.31327,-0.494609,0.337001,0.723975,-2.318265,0.426164,0.314253,-0.60669,0.330103,0.699025,-1.948105,0.412426,0.304837,-0.674036,0.32142,0.697795,-1.740493,0.427836,0.31017
512,-0.316741,0.33214,0.753486,-2.947734,0.402606,0.341355,-0.503331,0.324122,0.73813,-2.338408,0.424581,0.316484,-0.6121,0.308326,0.720148,-1.974203,0.403127,0.323887,-0.670484,0.312593,0.713069,-1.739256,0.42545,0.31737
513,-0.313166,0.3086,0.782475,-2.964138,0.405885,0.321177,-0.493573,0.290643,0.752951,-2.31712,0.41909,0.345989,-0.606146,0.291817,0.742329,-1.973873,0.403869,0.342439,-0.676902,0.277383,0.740183,-1.738638,0.41288,0.336102
514,-0.318963,0.290944,0.789063,-2.968714,0.384706,0.343076,-0.500593,0.278067,0.766413,-2.328058,0.387359,0.335306,-0.602968,0.279121,0.74675,-1.984937,0.402376,0.358217,-0.669213,0.272169,0.750738,-1.758407,0.390038,0.340014
515,-0.308128,0.271198,0.811499,-2.988887,0.374978,0.358101,-0.481058,0.260233,0.77699,-2.338021,0.382836,0.350719,-0.58642,0.247942,0.760414,-1.991407,0.356344,0.373008,-0.663721,0.262411,0.763427,-1.756009,0.371721,0.333498
516,-0.298792,0.250088,0.81723,-2.982225,0.375471,0.367295,-0.490503,0.245499,0.800118,-2.330267,0.37023,0.37041,-0.598513,0.237589,0.779355,-1.969314,0.359755,0.369045,-0.654243,0.232805,0.777766,-1.748733,0.36565,0.374917
517,-0.301275,0.222362,0.831215,-2.975019,0.355141,0.378006,-0.492191,0.213712,0.805912,-2.345531,0.354645,0.375237,-0.589729,0.215947,0.791671,-1.968025,0.351779,0.380551,-0.656884,0.21711,0.782631,-1.759728,0.365863,0.376543
518,-0.29035,0.20914,0.847752,-2.972133,0.333583,0.398892,-0.48395,0.190395,0.825397,-2.324488,0.343636,0.396642,-0.584755,0.188134,0.810506,-1.978135,0.352288,0.399986,-0.644593,0.202649,0.804962,-1.762622,0.346313,0.396279
519,-0.292829,0.17797,0.862266,-2.95961,0.336091,0.405084,-0.481907,0.177452,0.841732,-2.329537,0.341588,0.412228,-0.587058,0.175486,0.823875,-1.973917,0.336299,0.403759,-0.647658,0.172017,0.814061,-1.751115,0.324954,0.394844
520,-0.300156,0.166925,0.873876,-2.972208,0.318473,0.399493,-0.476994,0.172553,0.855138,-2.306191,0.308696,0.416972,-0.577068,0.157318,0.835174,-1.969674,0.331921,0.417281,-0.642574,0.147362,0.825394,-1.732953,0.322614,0.437488
521,-0.289982,0.146455,0.888185,-2.938936,0.316353,0.426741,-0.466776,0.142661,0.858582,-2.315957,0.29287,0.42681,-0.565167,0.137566,0.854331,-1.976216,0.311494,0.427613,-0.643428,0.136005,0.837069,-1.770023,0.286994,0.427898
522,-0.290865,0.120757,0.902986,-2.961831,0.306187,0.428006,-0.473039,0.115098,0.874402,-2.321613,0.291328,0.45034,-0.569306,0.105682,0.860663,-1.960103,0.291251,0.432945,-0.631106,0.119878,0.844477,-1.743468,0.278319,0.426684
523,-0.285729,0.102072,0.909959,-2.937454,0.27273,0.450056,-0.463789,0.096846,0.88245,-2.309547,0.289917,0.447037,-0.560972,0.099833,0.874842,-1.956626,0.284483,0.439773,-0.626069,0.09878,0.863984,-1.743261,0.268885,0.462441
524,-0.286601,0.087298,0.919284,-2.931036,0.276087,0.466652,-0.458378,0.076359,0.88903,-2.321676,0.251262,0.471144,-0.547544,0.075189,0.886594,-1.947128,0.274823,0.468751,-0.629154,0.069382,0.877559,-1.738816,0.264259,0.456975
525,-0.280197,0.066231,0.942382,-2.913787,0.245968,0.460066,-0.456067,0.056464,0.899487,-2.298822,0.254843,0.477244,-0.540755,0.057626,0.887124,-1.946268,0.25874,0.462508,-0.625779,0.059975,0.882764,-1.732466,0.272514,0.477739
526,-0.277049,0.04017,0.950797,-2.91604,0.23397,0.471957,-0.455398,0.033801,0.916193,-2.29377,0.225488,0.469897,-0.544391,0.040659,0.90477,-1.936652,0.245954,0.490177,-0.617692,0.041555,0.887014,-1.724616,0.2222,0.480968
527,-0.272345,0.020949,0.95851,-2.896522,0.227895,0.473005,-0.451107,0.017726,0.922881,-2.271148,0.223073,0.474198,-0.541592,0.00886,0.908011,-1.927537,0.232547,0.495626,-0.602254,0.011343,0.914147,-1.724077,0.225575,0.488802
528,-0.274229,-0.007935,0.967118,-2.88673,0.215082,0.513668,-0.44003,0.000975,0.942127,-2.275884,0.221143,0.502226,-0.544574,-0.007768,0.925728,-1.911531,0.206162,0.488958,-0.591112,-0.007823,0.918537,-1.704226,0.209142,0.499187
529,-0.27264,-0.027195,0.975823,-2.899254,0.196461,0.511614,-0.438348,-0.020313,0.948982,-2.26197,0.186898,0.503933,-0.531136,-0.020068,0.93414,-1.919616,0.204352,0.527013,-0.586425,-0.020356,0.916507,-1.70279,0.213571,0.507868
530,-0.265265,-0.043314,0.983834,-2.869903,0.205261,0.50841,-0.428851,-0.044196,0.958462,-2.241662,0.17842,0.517962,-0.527967,-0.041383,0.938267,-1.912937,0.193057,0.521668,-0.578757,-0.041695,0.936813,-1.705707,0.189926,0.528626
531,-0.261655,-0.059087,0.992427,-2.8562,0.154608,0.509121,-0.431527,-0.071011,0.9651,-2.225334,0.163711,0.523675,-0.522723,-0.069279,0.947743,-1.894069,0.177876,0.53931,-0.567805,-0.070507,0.940952,-1.706807,0.181105,0.526003
532,-0.261059,-0.080774,1.016386,-2.84735,0.156112,0.536954,-0.421593,-0.08233,0.979363,-2.229682,0.161394,0.553757,-0.506941,-0.083485,0.950133,-1.872735,0.15599,0.542198,-0.571747,-0.090475,0.943378,-1.66423,0.168706,0.556625
533,-0.263257,-0.116129,1.021798,-2.819889,0.140133,0.543759,-0.411281,-0.101998,0.987596,-2.205229,0.142371,0.55332,-0.502487,-0.100527,0.974152,-1.87633,0.13853,0.539294,-0.566252,-0.102481,0.952371,-1.653128,0.143612,0.559009
534,-0.250803,-0.129164,1.022039,-2.807624,0.131755,0.559917,-0.411847,-0.123336,0.989171,-2.191378,0.122984,0.568463,-0.505722,-0.13095,0.974933,-1.896341,0.136885,0.559617,-0.546918,-0.137817,0.963013,-1.674269,0.133873,0.556156
535,-0.248469,-0.148299,1.037659,-2.787154,0.114929,0.56593,-0.408458,-0.152367,1.005292,-2.182906,0.112719,0.567233,-0.494759,-0.148873,0.979722,-1.848808,0.125907,0.566854,-0.547955,-0.152425,0.985518,-1.650465,0.13338,0.574115
536,-0.243237,-0.16926,1.039895,-2.754087,0.117211,0.580334,-0.408864,-0.167489,1.015752,-2.176203,0.119479,0.573703,-0.480641,-0.167801,0.997659,-1.826922,0.111782,0.58158,-0.531457,-0.155001,0.983174,-1.63259,0.121738,0.57734
537,-0.243739,-0.184724,1.041404,-2.724673,0.081041,0.579404,-0.390822,-0.187072,1.016762,-2.140952,0.078029,0.597907,-0.48073,-0.186948,0.998451,-1.835174,0.08018,0.588377,-0.522562,-0.178909,0.988717,-1.599112,0.083037,0.570786
538,-0.234103,-0.204546,1.049432,-2.727374,0.095632,0.585247,-0.38436,-0.200554,1.017748,-2.119711,0.075398,0.595392,-0.463375,-0.209916,1.006899,-1.815813,0.093679,0.59568,-0.526989,-0.20488,0.99503,-1.593484,0.078712,0.594981
539,-0.232217,-0.228881,1.059464,-2.703818,0.07184,0.593123,-0.388903,-0.230418,1.02698,-2.131993,0.054453,0.611508,-0.453834,-0.215188,1.015795,-1.803364,0.065186,0.611682,-0.509148,-0.210326,1.001509,-1.586907,0.046321,0.601601
540,-0.231275,-0.266751,1.073339,-2.667402,0.053009,0.60525,-0.379132,-0.248059,1.044938,-2.106486,0.057163,0.597966,-0.46277,-0.23887,1.020816,-1.776647,0.051752,0.6085,-0.491335,-0.241211,1.003323,-1.581934,0.057325,0.598242
541,-0.223351,-0.283497,1.073087,-2.658162,0.05105,0.594421,-0.361746,-0.266264,1.038412,-2.075393,0.021865,0.615302,-0.452228,-0.261375,1.021174,-1.769191,0.029465,0.626472,-0.504858,-0.255296,1.01376,-1.558553,0.039628,0.63365
542,-0.215373,-0.292125,1.074859,-2.611863,0.024917,0.614146,-0.353828,-0.278863,1.0532,-2.048875,0.019733,0.634909,-0.440135,-0.282158,1.022234,-1.743221,0.024335,0.616658,-0.487347,-0.272064,1.009031,-1.543358,0.019012,0.632606
543,-0.220657,-0.312772,1.08319,-2.588603,0.016882,0.64808,-0.352234,-0.304553,1.040263,-2.026208,0.023502,0.646003,-0.4381,-0.300987,1.029782,-1.728717,0.004766,0.62679,-0.477025,-0.297612,1.030057,-1.532833,0.005218,0.640892
544,-0.209717,-0.330665,1.094802,-2.565001,-0.01208,0.644089,-0.345462,-0.324697,1.049415,-2.011177,0.00525,0.620778,-0.412012,-0.311327,1.043276,-1.701193,-0.017176,0.624926,-0.46663,-0.317956,1.025711,-1.511885,0.004094,0.628314
545,-0.20831,-0.35641,1.095668,-2.523996,-0.032132,0.658648,-0.331939,-0.339244,1.053342,-1.98916,-0.021709,0.64191,-0.403072,-0.336141,1.046617,-1.699101,0.000437,0.654412,-0.464768,-0.335089,1.028038,-1.504031,-0.012588,0.650153
546,-0.209082,-0.369685,1.092912,-2.517454,-0.024841,0.654066,-0.322772,-0.360795,1.069062,-1.961837,-0.036506,0.645361,-0.40021,-0.360786,1.041256,-1.67071,-0.037255,0.647994,-0.455268,-0.357165,1.045196,-1.470115,-0.033498,0.65021
547,-0.199202,-0.39494,1.094104,-2.46225,-0.04094,0.645772,-0.325076,-0.385524,1.065268,-1.935507,-0.048578,0.653636,-0.382094,-0.378166,1.043625,-1.639478,-0.045987,0.670104,-0.437848,-0.380967,1.033264,-1.461454,-0.037534,0.650188
548,-0.193823,-0.417522,1.107531,-2.448416,-0.063035,0.658121,-0.32172,-0.396993,1.070426,-1.919152,-0.05441,0.649803,-0.385866,-0.401843,1.054285,-1.632822,-0.057715,0.651492,-0.422996,-0.394626,1.040994,-1.433737,-0.072556,0.657134
549,-0.195778,-0.434602,1.112997,-2.396233,-0.08294,0.679333,-0.303969,-0.42653,1.061459,-1.87854,-0.066147,0.672028,-0.37446,-0.407648,1.047663,-1.603158,-0.051008,0.644777,-0.41142,-0.41078,1.040298,-1.419462,-0.08412,0.669808
550,-0.188769,-0.463814,1.093214,-2.392661,-0.067355,0.694629,-0.30037,-0.434992,1.074579,-1.876931,-0.085014,0.684335,-0.362603,-0.433192,1.063419,-1.58271,-0.067843,0.672901,-0.407075,-0.427509,1.043259,-1.426917,-0.092421,0.69198
551,-0.17406,-0.469312,1.103783,-2.344109,-0.098736,0.681827,-0.291606,-0.463868,1.083652,-1.839807,-0.092947,0.67273,-0.361448,-0.445912,1.055967,-1.559612,-0.106633,0.67046,-0.394477,-0.444053,1.051837,-1.376943,-0.104672,0.675747
552,-0.169536,-0.48888,1.113249,-2.325494,-0.101504,0.689843,-0.288755,-0.482223,1.06656,-1.806743,-0.115095,0.695836,-0.340059,-0.466317,1.062643,-1.536487,-0.105159,0.675642,-0.384072,-0.473038,1.0449,-1.359129,-0.117258,0.692413
553,-0.167822,-0.502435,1.107336,-2.275244,-0.125097,0.688233,-0.276461,-0.494461,1.081925,-1.79481,-0.125651,0.685367,-0.34301,-0.487898,1.060414,-1.52839,-0.139617,0.691709,-0.3809,-0.476029,1.058173,-1.332566,-0.128436,0.686974
554,-0.159578,-0.52012,1.107142,-2.227488,-0.142978,0.686085,-0.266395,-0.511337,1.082335,-1.750189,-0.140826,0.688187,-0.329908,-0.510643,1.07244,-1.497402,-0.159658,0.690025,-0.365575,-0.491314,1.053316,-1.328652,-0.154642,0.697258
555,-0.161749,-0.548929,1.116442,-2.197921,-0.15474,0.703782,-0.259282,-0.523442,1.077386,-1.729304,-0.170411,0.708015,-0.326744,-0.52234,1.071036,-1.451066,-0.166015,0.695132,-0.349479,-0.517963,1.064841,-1.287272,-0.157756,0.702543
556,-0.145188,-0.559013,1.111207,-2.161603,-0.159751,0.711603,-0.256235,-0.547262,1.084027,-1.688944,-0.162673,0.702556,-0.29865,-0.537618,1.054419,-1.445456,-0.176295,0.713365,-0.33365,-0.536583,1.051788,-1.28926,-0.180014,0.696641
557,-0.146734,-0.577871,1.115731,-2.141468,-0.176582,0.707996,-0.248292,-0.559915,1.083661,-1.675282,-0.181593,0.715402,-0.295028,-0.551108,1.056448,-1.405381,-0.172625,0.704947,-0.332169,-0.560836,1.048038,-1.250862,-0.196144,0.724032
558,-0.140961,-0.605866,1.116217,-2.094756,-0.201019,0.71941,-0.239422,-0.584319,1.085105,-1.649797,-0.174045,0.731707,-0.282787,-0.573182,1.065065,-1.384367,-0.196963,0.684167,-0.312911,-0.558245,1.054963,-1.240486,-0.206446,0.701196
559,-0.137053,-0.616453,1.115289,-2.020258,-0.211488,0.726426,-0.232573,-0.602987,1.073703,-1.612643,-0.209371,0.694349,-0.28373,-0.5902,1.071808,-1.343877,-0.230231,0.714471,-0.29892,-0.585846,1.050827,-1.201727,-0.205201,0.725007
560,-0.129332,-0.634973,1.103021,-1.99883,-0.236098,0.727314,-0.222228,-0.620386,1.07778,-1.576233,-0.229511,0.721214,-0.270134,-0.608532,1.058792,-1.320961,-0.221121,0.726961,-0.291773,-0.598812,1.047556,-1.179909,-0.220842,0.716143
561,-0.128904,-0.656795,1.108648,-1.961547,-0.228866,0.713174,-0.205288,-0.63897,1.075096,-1.561452,-0.246428,0.716434,-0.248533,-0.618888,1.05263,-1.292183,-0.243558,0.712345,-0.284536,-0.613373,1.048945,-1.132103,-0.23476,0.712233
562,-0.126831,-0.670994,1.107042,-1.913009,-0.25227,0.731751,-0.21739,-0.654798,1.080253,-1.505212,-0.254299,0.720252,-0.240185,-0.647585,1.05378,-1.293452,-0.260561,0.72842,-0.270549,-0.631769,1.039083,-1.140074,-0.246879,0.722507
563,-0.120334,-0.681011,1.097325,-1.881517,-0.271091,0.726794,-0.192666,-0.665499,1.068578,-1.49428,-0.249585,0.716049,-0.242854,-0.655604,1.057121,-1.235697,-0.259249,0.715841,-0.263679,-0.641364,1.043468,-1.108523,-0.273904,0.733248
564,-0.113786,-0.707927,1.100205,-1.857855,-0.265304,0.724949,-0.188228,-0.678459,1.068029,-1.445527,-0.272836,0.748174,-0.222041,-0.670054,1.051644,-1.224067,-0.274141,0.731229,-0.244773,-0.669327,1.027389,-1.081226,-0.272818,0.712349
565,-0.106051,-0.720529,1.098834,-1.810167,-0.276115,0.746334,-0.180967,-0.703034,1.064568,-1.395667,-0.301537,0.714719,-0.203385,-0.6853,1.046372,-1.196368,-0.286081,0.723295,-0.231686,-0.675073,1.027938,-1.030473,-0.293352,0.725292
566,-0.107424,-0.729967,1.087817,-1.7458,-0.297125,0.72798,-0.171668,-0.710284,1.065126,-1.369375,-0.309642,0.736414,-0.196834,-0.704554,1.044353,-1.162368,-0.305556,0.715118,-0.228041,-0.693065,1.0254,-1.020738,-0.30158,0.745869
567,-0.102042,-0.749945,1.087892,-1.703302,-0.321961,0.756685,-0.154029,-0.730802,1.05487,-1.337595,-0.306136,0.73704,-0.190042,-0.722806,1.038639,-1.137933,-0.315606,0.736773,-0.20768,-0.695407,1.038388,-0.998349,-0.30539,0.724345
568,-0.089716,-0.752463,1.068002,-1.631609,-0.344002,0.740884,-0.147841,-0.738361,1.051391,-1.299734,-0.32379,0.746701,-0.178167,-0.730213,1.033072,-1.099883,-0.325175,0.740967,-0.196943,-0.72468,1.018539,-0.981386,-0.322263,0.726123
569,-0.081775,-0.776146,1.069384,-1.591241,-0.326288,0.749319,-0.13883,-0.762852,1.042094,-1.259096,-0.317393,0.746625,-0.156625,-0.753578,1.033825,-1.04634,-0.349037,0.734234,-0.179103,-0.73755,1.020754,-0.948247,-0.331212,0.74222
570,-0.078613,-0.796368,1.082527,-1.558128,-0.350299,0.724826,-0.123767,-0.772793,1.036494,-1.224461,-0.346989,0.744313,-0.149053,-0.766032,1.02323,-1.044733,-0.354269,0.748177,-0.172713,-0.756395,1.014747,-0.914903,-0.36207,0.735964
571,-0.068219,-0.804546,1.067341,-1.507141,-0.358046,0.739895,-0.111857,-0.792713,1.03579,-1.174117,-0.350631,0.732545,-0.14097,-0.770683,1.015755,-1.001932,-0.364645,0.748941,-0.16569,-0.76869,1.004912,-0.876229,-0.348455,0.731146
572,-0.063717,-0.828201,1.062589,-1.452389,-0.379807,0.742554,-0.105063,-0.799806,1.030817,-1.146844,-0.377034,0.729124,-0.131167,-0.787013,1.014664,-0.973606,-0.368517,0.718868,-0.140013,-0.78329,1.001957,-0.858013,-0.384369,0.738638
573,-0.055249,-0.838637,1.050786,-1.410512,-0.390068,0.73829,-0.092589,-0.816399,1.017991,-1.099198,-0.381263,0.739245,-0.12338,-0.794698,1.007256,-0.920255,-0.397562,0.737837,-0.134668,-0.78878,0.992801,-0.823051,-0.385748,0.764355
574,-0.052299,-0.845065,1.048795,-1.358674,-0.382673,0.736423,-0.086856,-0.836246,1.010019,-1.062799,-0.405386,0.738795,-0.112974,-0.81344,1.000997,-0.913897,-0.392915,0.740383,-0.119302,-0.799394,0.99239,-0.797072,-0.375858,0.748509
575,-0.050284,-0.871259,1.041591,-1.291309,-0.407046,0.750633,-0.078373,-0.842163,1.016418,-1.035448,-0.413664,0.744785,-0.077713,-0.832213,0.992378,-0.868714,-0.42619,0.719925,-0.113954,-0.820577,0.976658,-0.779721,-0.416236,0.737655
576,-0.052164,-0.875179,1.033012,-1.27313,-0.409567,0.752749,-0.073716,-0.850437,1.002438,-0.993928,-0.422387,0.744523,-0.086797,-0.846584,0.990467,-0.850884,-0.440192,0.756611,-0.093101,-0.835551,0.974467,-0.743584,-0.430715,0.745864
577,-0.035954,-0.890728,1.023247,-1.199647,-0.439526,0.727069,-0.060612,-0.871614,1.000238,-0.96351,-0.43029,0.746032,-0.065338,-0.843184,0.972343,-0.800229,-0.440171,0.727754,-0.091432,-0.845675,0.965377,-0.702062,-0.435228,0.736413
578,-0.038834,-0.901227,1.01902,-1.158871,-0.44657,0.737297,-0.049165,-0.868474,0.986509,-0.899632,-0.4474,0.741309,-0.063623,-0.858922,0.967522,-0.774061,-0.455706,0.730765,-0.063902,-0.855386,0.9582,-0.676431,-0.450576,0.733944
579,-0.022661,-0.914667,1.000543,-1.110649,-0.449046,0.72398,-0.039459,-0.896393,0.974307,-0.87005,-0.450357,0.733869,-0.039239,-0.876645,0.95476,-0.756478,-0.469508,0.729639,-0.060995,-0.874157,0.954089,-0.660667,-0.45728,0.72799
580,-0.022553,-0.922621,1.002995,-1.048412,-0.460668,0.723886,-0.034993,-0.897337,0.975371,-0.828492,-0.469121,0.742625,-0.04196,-0.88403,0.956721,-0.688604,-0.460831,0.70686,-0.037486,-0.871659,0.94446,-0.624547,-0.478957,0.729552
581,-0.007521,-0.938147,0.983014,-1.013173,-0.469874,0.72962,-0.018305,-0.91488,0.957452,-0.760232,-0.48393,0.740852,-0.030592,-0.89798,0.936357,-0.658184,-0.4733,0.723536,-0.025606,-0.887489,0.941338,-0.584455,-0.474735,0.72811
582,-0.019394,-0.940311,0.981506,-0.930565,-0.475753,0.720763,-0.011712,-0.925326,0.952593,-0.754773,-0.487898,0.703295,-0.020755,-0.902696,0.932169,-0.624353,-0.497721,0.720297,-0.020971,-0.900977,0.909349,-0.558329,-0.490184,0.719268
583,0.00241,-0.958977,0.969547,-0.894364,-0.516995,0.723607,-0.007596,-0.929615,0.937557,-0.717892,-0.489372,0.708995,-0.007295,-0.919506,0.931307,-0.608521,-0.488186,0.725728,-0.01204,-0.923584,0.908986,-0.522747,-0.507889,0.708642
584,0.005633,-0.977331,0.948182,-0.847716,-0.514199,0.729121,0.009233,-0.948727,0.922436,-0.66373,-0.508323,0.719036,0.00743,-0.92582,0.913535,-0.569883,-0.516483,0.723811,0.013243,-0.908957,0.905341,-0.492705,-0.50953,0.723421
585,0.007503,-0.988538,0.955082,-0.79896,-0.518902,0.708598,0.015948,-0.960142,0.918629,-0.630412,-0.510296,0.722175,0.012476,-0.929028,0.902408,-0.51097,-0.508508,0.719878,0.024736,-0.93057,0.892621,-0.472555,-0.518954,0.7039
586,0.02367,-1.003962,0.934599,-0.71718,-0.530194,0.727176,0.029571,-0.962217,0.904123,-0.585942,-0.513653,0.699067,0.029969,-0.94138,0.903319,-0.49213,-0.528769,0.710594,0.036679,-0.938291,0.879935,-0.429384,-0.521533,0.71618
587,0.017042,-1.004178,0.917218,-0.659434,-0.546793,0.682057,0.041233,-0.973507,0.902637,-0.531605,-0.534914,0.708372,0.052754,-0.950604,0.885855,-0.451068,-0.518436,0.678889,0.050154,-0.938302,0.867455,-0.415828,-0.531603,0.712614
588,0.029779,-1.008014,0.908855,-0.627418,-0.533138,0.687623,0.050363,-0.981902,0.883945,-0.509184,-0.541382,0.691409,0.059009,-0.961414,0.86995,-0.41967,-0.544598,0.686758,0.061539,-0.952294,0.855534,-0.363219,-0.534192,0.710455
589,0.035302,-1.019032,0.900825,-0.566641,-0.557213,0.704469,0.061167,-0.985714,0.878298,-0.470588,-0.557582,0.697027,0.063797,-0.96404,0.86552,-0.390626,-0.547029,0.693939,0.067446,-0.970575,0.850196,-0.34693,-0.55687,0.699963
590,0.031538,-1.025414,0.889737,-0.51297,-0.563048,0.689668,0.065939,-1.002194,0.86409,-0.415182,-0.550217,0.699069,0.073897,-0.977156,0.846121,-0.359922,-0.559536,0.69111,0.081963,-0.96386,0.840528,-0.283827,-0.564088,0.675341
591,0.046129,-1.025069,0.880693,-0.46359,-0.573754,0.690579,0.079694,-1.004595,0.844434,-0.360284,-0.57273,0.695716,0.086992,-0.984651,0.834635,-0.297289,-0.579823,0.693311,0.101216,-0.979858,0.840045,-0.263955,-0.579804,0.680354
592,0.045369,-1.040086,0.864247,-0.412432,-0.578039,0.686587,0.080374,-1.010959,0.839287,-0.326113,-0.574924,0.677835,0.096231,-0.997897,0.827537,-0.255234,-0.579842,0.684427,0.112695,-0.987353,0.814944,-0.250371,-0.578546,0.6906
593,0.048319,-1.053094,0.84773,-0.334521,-0.593405,0.666354,0.09539,-1.018251,0.819688,-0.26882,-0.597498,0.682274,0.121407,-0.995527,0.802869,-0.230618,-0.592194,0.677048,0.119783,-0.988479,0.797534,-0.198288,-0.592646,0.678843
594,0.067383,-1.054256,0.834746,-0.292925,-0.580963,0.676164,0.101336,-1.025136,0.81081,-0.227848,-0.595743,0.67153,0.11417,-1.006498,0.784509,-0.195581,-0.606045,0.67426,0.147669,-0.991409,0.790972,-0.181248,-0.60147,0.68282
595,0.072229,-1.063497,0.818507,-0.225296,-0.619677,0.664631,0.11877,-1.035287,0.786464,-0.174675,-0.607716,0.679428,0.13464,-1.013319,0.779358,-0.149356,-0.607727,0.657161,0.152578,-0.993295,0.768955,-0.142762,-0.623842,0.667738
596,0.080903,-1.068914,0.804393,-0.167574,-0.606474,0.650872,0.126334,-1.037033,0.782108,-0.154923,-0.615925,0.653092,0.154556,-1.028297,0.759768,-0.12259,-0.626641,0.675973,0.165735,-1.010267,0.760092,-0.10156,-0.598818,0.662866
597,0.082274,-1.069553,0.786022,-0.123332,-0.625989,0.647706,0.127164,-1.039328,0.768123,-0.096575,-0.629865,0.648456,0.157532,-1.027233,0.761496,-0.077121,-0.602999,0.632307,0.171278,-1.013237,0.744688,-0.074856,-0.652119,0.652768
598,0.083282,-1.072029,0.786402,-0.064045,-0.65175,0.631197,0.141831,-1.042674,0.759539,-0.066541,-0.634156,0.637307,0.16996,-1.037584,0.754585,-0.030477,-0.62089,0.649388,0.194114,-1.022446,0.737823,-0.058949,-0.609636,0.645326
599,0.086019,-1.081075,0.767304,-0.020022,-0.63692,0.638159,0.145864,-1.050319,0.730719,-0.022151,-0.641244,0.618672,0.182639,-1.036259,0.726634,-0.003172,-0.622077,0.640327,0.199024,-1.012234,0.711449,-0.006112,-0.624734,0.630163
600,0.095866,-1.089117,0.743137,0.021773,-0.647591,0.630009,0.162923,-1.058618,0.718573,0.026814,-0.64746,0.62705,0.185001,-1.03242,0.701573,0.036167,-0.627791,0.624943,0.21275,-1.025384,0.697741,0.023429,-0.626613,0.632109
601,0.107622,-1.094502,0.724361,0.082668,-0.65129,0.639523,0.15755,-1.061069,0.703536,0.074087,-0.651033,0.625653,0.202723,-1.0511,0.698646,0.070022,-0.666258,0.613548,0.225985,-1.028543,0.677527,0.065731,-0.638457,0.624367
602,0.113977,-1.104761,0.70953,0.15212,-0.655267,0.626533,0.170704,-1.059536,0.687986,0.115022,-0.661727,0.624145,0.205868,-1.039468,0.68616,0.09285,-0.666961,0.606369,0.240547,-1.032906,0.677756,0.086396,-0.662847,0.640819
603,0.113303,-1.114449,0.693616,0.22008,-0.67607,0.595213,0.188741,-1.062817,0.679404,0.158891,-0.649215,0.621423,0.231262,-1.050611,0.66582,0.141363,-0.669673,0.616941,0.243485,-1.03394,0.660674,0.129097,-0.662003,0.603557
604,0.121353,-1.104485,0.681469,0.261688,-0.648511,0.59468,0.188058,-1.073018,0.657706,0.200082,-0.68924,0.600226,0.236007,-1.054587,0.655937,0.175016,-0.652535,0.610055,0.261352,-1.037119,0.634702,0.154384,-0.67584,0.596278
605,0.125031,-1.113491,0.658362,0.308516,-0.679979,0.591497,0.205524,-1.077088,0.652196,0.241961,-0.693623,0.586663,0.237529,-1.056403,0.630661,0.202983,-0.667646,0.591104,0.271088,-1.053668,0.627507,0.179782,-0.688773,0.600717
606,0.143196,-1.115678,0.644459,0.36936,-0.672605,0.588714,0.208923,-1.07194,0.623176,0.292201,-0.687612,0.600804,0.272773,-1.057501,0.62536,0.250897,-0.681944,0.563921,0.293598,-1.038006,0.609717,0.219385,-0.676632,0.578843
607,0.135268,-1.116806,0.625099,0.434333,-0.696577,0.577853,0.231989,-1.075885,0.614373,0.337221,-0.693712,0.576236,0.272201,-1.055463,0.608753,0.28341,-0.674871,0.58866,0.291244,-1.038519,0.590995,0.260292,-0.691972,0.588986
608,0.147622,-1.110914,0.619359,0.487434,-0.676374,0.573998,0.229985,-1.075076,0.600565,0.385441,-0.689654,0.552963,0.28399,-1.05656,0.590671,0.334745,-0.699725,0.567068,0.303098,-1.035382,0.577385,0.282557,-0.689197,0.568102
609,0.140714,-1.112459,0.599466,0.558271,-0.69571,0.549416,0.245329,-1.082557,0.57869,0.418189,-0.703183,0.542888,0.284847,-1.063757,0.571337,0.342983,-0.689865,0.568156,0.328603,-1.051274,0.559819,0.308907,-0.696731,0.567165
610,0.149761,-1.112236,0.578365,0.608636,-0.702279,0.548432,0.251372,-1.07739,0.557653,0.4754,-0.687698,0.543183,0.298274,-1.065892,0.549822,0.409155,-0.710121,0.553451,0.32505,-1.052317,0.545458,0.330451,-0.695681,0.548207
611,0.158005,-1.115066,0.556457,0.660333,-0.683511,0.532435,0.2503,-1.084351,0.546315,0.515592,-0.704932,0.556233,0.314402,-1.066305,0.530666,0.427903,-0.6939,0.533211,0.333609,-1.05406,0.534894,0.382227,-0.707363,0.553934
612,0.158275,-1.116543,0.546387,0.709492,-0.710834,0.53416,0.26522,-1.071468,0.532094,0.557569,-0.686861,0.532268,0.31936,-1.065324,0.513217,0.469934,-0.689224,0.544244,0.355814,-1.049199,0.514173,0.428701,-0.703237,0.529526
613,0.177422,-1.113467,0.516091,0.768866,-0.71661,0.510517,0.270429,-1.084695,0.498348,0.589883,-0.721122,0.524825,0.326996,-1.053541,0.49952,0.510272,-0.713147,0.522033,0.365519,-1.054888,0.491345,0.437586,-0.704246,0.518916
614,0.1731,-1.110317,0.500569,0.802716,-0.719525,0.516181,0.280217,-1.089751,0.481064,0.648812,-0.702914,0.492062,0.336705,-1.062785,0.485309,0.531873,-0.709995,0.532421,0.372156,-1.047309,0.475622,0.461864,-0.722521,0.52631
615,0.181383,-1.110309,0.48724,0.855892,-0.702261,0.501802,0.281931,-1.079274,0.473132,0.681505,-0.731372,0.510514,0.349783,-1.063564,0.459187,0.565197,-0.701916,0.524353,0.39354,-1.045111,0.461925,0.512357,-0.722249,0.49528
616,0.173117,-1.100554,0.472171,0.935213,-0.722684,0.481051,0.303933,-1.071291,0.45936,0.728534,-0.711003,0.471991,0.352653,-1.064787,0.449987,0.612715,-0.715483,0.499483,0.396849,-1.058608,0.441723,0.533248,-0.71383,0.483047
617,0.185491,-1.103855,0.443499,0.966602,-0.714562,0.506641,0.304993,-1.076026,0.432214,0.779796,-0.713599,0.465839,0.372371,-1.049361,0.428931,0.64621,-0.725045,0.495441,0.410971,-1.047975,0.423043,0.561756,-0.724731,0.486016
618,0.184741,-1.106474,0.437449,1.024949,-0.711548,0.457033,0.309503,-1.077883,0.415707,0.789243,-0.736286,0.469841,0.383171,-1.057083,0.410786,0.673779,-0.72452,0.47197,0.42074,-1.050943,0.400174,0.606824,-0.712938,0.462807
619,0.201924,-1.100509,0.406532,1.098314,-0.728168,0.43908,0.310003,-1.074131,0.394024,0.857143,-0.743456,0.458502,0.381934,-1.060589,0.390658,0.70843,-0.731446,0.452905,0.430344,-1.047464,0.379906,0.645573,-0.724238,0.461995
620,0.209148,-1.099924,0.389869,1.115353,-0.745334,0.452206,0.31944,-1.051623,0.377325,0.871872,-0.721171,0.447138,0.394941,-1.042821,0.359893,0.757091,-0.732337,0.463648,0.438182,-1.041036,0.365645,0.686815,-0.71372,0.437444
621,0.205195,-1.084231,0.378076,1.183122,-0.729681,0.432122,0.329629,-1.061967,0.360498,0.924124,-0.727254,0.445761,0.403425,-1.053734,0.352555,0.792902,-0.732668,0.435637,0.461788,-1.034376,0.349479,0.701426,-0.742938,0.409262
622,0.202874,-1.072462,0.358981,1.250521,-0.718619,0.414702,0.343054,-1.059591,0.335626,0.96151,-0.740381,0.430603,0.407475,-1.04661,0.339212,0.804001,-0.725303,0.430703,0.455242,-1.03705,0.332435,0.724093,-0.742775,0.425097
623,0.21057,-1.090127,0.325394,1.275203,-0.747714,0.395526,0.340403,-1.056224,0.317764,1.021835,-0.755863,0.415979,0.419503,-1.039644,0.304156,0.863207,-0.72308,0.424987,0.47418,-1.024929,0.308367,0.764288,-0.7357,0.437402
624,0.221711,-1.076459,0.31109,1.335487,-0.721699,0.401323,0.357948,-1.046273,0.29328,1.049217,-0.726542,0.395921,0.438004,-1.034755,0.298606,0.874466,-0.728321,0.392312,0.48972,-1.020511,0.289482,0.790255,-0.72839,0.404759
625,0.220475,-1.073864,0.287261,1.379556,-0.739037,0.406106,0.373805,-1.036054,0.277609,1.085675,-0.750412,0.414744,0.440215,-1.026022,0.272324,0.906927,-0.730836,0.39416,0.487706,-1.018581,0.272402,0.809953,-0.744334,0.400558
626,0.225842,-1.067472,0.265305,1.437346,-0.744818,0.38843,0.364304,-1.046322,0.259764,1.143743,-0.739379,0.371469,0.44126,-1.024033,0.245212,0.960867,-0.737539,0.379041,0.504952,-1.011961,0.263676,0.828806,-0.748211,0.396896
627,0.235132,-1.064513,0.250403,1.498842,-0.737397,0.36044,0.380988,-1.036145,0.240109,1.161429,-0.745814,0.380539,0.461858,-1.024899,0.232117,0.974174,-0.733544,0.365066,0.511879,-0.998866,0.230783,0.881465,-0.726064,0.371324
628,0.229296,-1.056333,0.232522,1.541057,-0.73784,0.366621,0.382965,-1.035921,0.222868,1.189213,-0.740516,0.349889,0.468798,-1.008662,0.216345,1.021412,-0.741887,0.3498,0.514636,-0.991067,0.204501,0.920606,-0.745134,0.360052
629,0.236638,-1.051464,0.206533,1.588723,-0.748028,0.34774,0.387356,-1.016075,0.203757,1.235267,-0.724005,0.33696,0.471197,-0.999161,0.194923,1.053822,-0.758603,0.343308,0.523638,-1.001512,0.195049,0.930845,-0.729301,0.349383
630,0.243335,-1.039998,0.191502,1.630057,-0.744706,0.329362,0.392283,-1.018203,0.176587,1.28796,-0.734964,0.31548,0.480951,-0.991531,0.181458,1.080271,-0.730995,0.346454,0.529508,-0.992084,0.173844,0.9652,-0.747021,0.326719
631,0.253194,-1.02968,0.165302,1.682271,-0.748106,0.321516,0.400471,-1.009409,0.162913,1.330265,-0.736143,0.326262,0.481,-0.988444,0.161031,1.123644,-0.741787,0.326701,0.546007,-0.97139,0.157756,1.004709,-0.739766,0.326431
632,0.253243,-1.040887,0.144184,1.718907,-0.733808,0.290013,0.409018,-1.003229,0.145776,1.353395,-0.71473,0.305473,0.490858,-0.979659,0.134416,1.148939,-0.724682,0.301043,0.557314,-0.966017,0.136107,1.021363,-0.7338,0.31092
633,0.246354,-1.018195,0.122755,1.756866,-0.72834,0.295656,0.408989,-0.989711,0.117957,1.407509,-0.721384,0.302076,0.495964,-0.962699,0.115037,1.182663,-0.737772,0.287009,0.55964,-0.971699,0.126168,1.0447,-0.717024,0.293289
634,0.262676,-1.00153,0.101034,1.820655,-0.715591,0.300001,0.422876,-0.982152,0.098433,1.43135,-0.738272,0.278736,0.509491,-0.971683,0.100207,1.19857,-0.717579,0.284517,0.565927,-0.947033,0.090396,1.068613,-0.724969,0.286424
635,0.258066,-0.996578,0.079127,1.839973,-0.72159,0.266424,0.425994,-0.973683,0.076386,1.446302,-0.736096,0.259068,0.515118,-0.957045,0.076853,1.230587,-0.72232,0.266101,0.574978,-0.948684,0.07709,1.11851,-0.709955,0.270369
636,0.272347,-0.985413,0.058969,1.882971,-0.714375,0.260073,0.415848,-0.961008,0.06681,1.482033,-0.728218,0.246864,0.521844,-0.950945,0.062546,1.251652,-0.734404,0.251565,0.577357,-0.939823,0.063217,1.129112,-0.729965,0.261597
637,0.26965,-0.978878,0.039717,1.929969,-0.733353,0.243793,0.43664,-0.953396,0.04661,1.534182,-0.702238,0.240431,0.526674,-0.941258,0.045786,1.292816,-0.71042,0.260014,0.58779,-0.9225,0.036694,1.14743,-0.716872,0.223382
638,0.277354,-0.972243,0.014458,1.976352,-0.732441,0.221497,0.434496,-0.947179,0.026244,1.561859,-0.735609,0.230232,0.529264,-0.926021,0.018103,1.312045,-0.713362,0.224888,0.591022,-0.921243,0.019223,1.172374,-0.731279,0.231769
639,0.270554,-0.973275,0.003329,2.027456,-0.706854,0.212811,0.442101,-0.93406,-0.00597,1.593198,-0.712862,0.207965,0.546937,-0.922941,-0.008796,1.345881,-0.719677,0.223291,0.601398,-0.909973,-0.002135,1.185297,-0.719283,0.229368
640,0.276997,-0.955709,-0.032252,2.072604,-0.715165,0.204849,0.448183,-0.925615,-0.020415,1.637578,-0.717521,0.205231,0.544931,-0.905925,-0.018704,1.391738,-0.717644,0.199641,0.604046,-0.910574,-0.015663,1.212101,-0.722814,0.221187
641,0.278419,-0.94373,-0.036805,2.091396,-0.711051,0.185968,0.451512,-0.909938,-0.036183,1.65235,-0.718957,0.182301,0.547321,-0.896688,-0.046912,1.405779,-0.724317,0.19357,0.611174,-0.889836,-0.034964,1.246837,-0.716182,0.191309
642,0.293663,-0.931263,-0.067695,2.139264,-0.720064,0.192261,0.450097,-0.897584,-0.06401,1.684736,-0.689726,0.181787,0.557412,-0.889565,-0.065974,1.419487,-0.684286,0.163511,0.619835,-0.885638,-0.060884,1.251957,-0.707123,0.174176
643,0.287366,-0.91859,-0.081158,2.172928,-0.691226,0.140776,0.461265,-0.889466,-0.078745,1.717752,-0.719222,0.153966,0.558288,-0.876047,-0.080805,1.456573,-0.706401,0.178486,0.615573,-0.873848,-0.07008,1.285016,-0.700753,0.170515
644,0.28558,-0.900162,-0.108614,2.224052,-0.708599,0.162414,0.476066,-0.884256,-0.104723,1.744424,-0.702013,0.132293,0.557354,-0.866766,-0.105157,1.478178,-0.686295,0.157848,0.619076,-0.854744,-0.108304,1.306924,-0.703833,0.138456
645,0.293556,-0.898283,-0.122787,2.26241,-0.683591,0.123687,0.465372,-0.865782,-0.122073,1.774251,-0.694727,0.145021,0.571796,-0.850197,-0.128194,1.488396,-0.705109,0.134854,0.634287,-0.849009,-0.118756,1.337097,-0.684561,0.142449
646,0.298034,-0.886784,-0.144877,2.291208,-0.702951,0.115849,0.47314,-0.864453,-0.144183,1.799616,-0.666987,0.129524,0.579183,-0.847253,-0.137437,1.523329,-0.684773,0.115792,0.638207,-0.828009,-0.142593,1.322972,-0.694937,0.141791
647,0.288335,-0.866545,-0.177468,2.326671,-0.675807,0.104237,0.474134,-0.844324,-0.163546,1.833868,-0.670445,0.093782,0.576497,-0.830519,-0.164936,1.553753,-0.685925,0.116082,0.644266,-0.822299,-0.158492,1.374341,-0.683092,0.105439
648,0.300047,-0.854535,-0.177505,2.371665,-0.6601,0.091693,0.475053,-0.833056,-0.188451,1.84577,-0.690698,0.097097,0.588912,-0.810168,-0.179855,1.579154,-0.682798,0.100062,0.643753,-0.809264,-0.179644,1.399904,-0.696954,0.094496
649,0.301877,-0.839462,-0.217021,2.382893,-0.682478,0.093059,0.497677,-0.807862,-0.207168,1.878772,-0.66365,0.083876,0.581892,-0.806368,-0.207096,1.581504,-0.692077,0.076499,0.652733,-0.794338,-0.196931,1.409584,-0.681548,0.084858
650,0.301309,-0.827245,-0.237466,2.446102,-0.672182,0.074748,0.486249,-0.809034,-0.227252,1.910127,-0.673706,0.060839,0.588618,-0.794926,-0.218701,1.593575,-0.671209,0.054451,0.649114,-0.77927,-0.220142,1.43268,-0.649396,0.072505
651,0.309967,-0.821427,-0.244827,2.471061,-0.659995,0.059131,0.490557,-0.795245,-0.240243,1.937833,-0.678248,0.063538,0.595557,-0.77048,-0.246102,1.632356,-0.665419,0.051559,0.661482,-0.762738,-0.227111,1.451805,-0.672598,0.054178
652,0.295358,-0.795773,-0.267743,2.477287,-0.648345,0.037267,0.498498,-0.7722,-0.271193,1.958925,-0.651251,0.05088,0.59874,-0.763005,-0.264995,1.642716,-0.652174,0.041645,0.656092,-0.756127,-0.257526,1.46324,-0.66467,0.038993
653,0.310767,-0.787533,-0.287384,2.533179,-0.647893,0.019114,0.489987,-0.761902,-0.285944,1.993431,-0.639928,0.013761,0.603322,-0.752749,-0.285694,1.693815,-0.668576,0.018001,0.666263,-0.742101,-0.27855,1.502255,-0.664744,0.03614
654,0.307412,-0.77072,-0.30743,2.540831,-0.661361,-0.003103,0.50325,-0.753119,-0.298723,2.000399,-0.642856,0.025035,0.605275,-0.735237,-0.298652,1.705818,-0.660999,0.020849,0.670171,-0.726367,-0.297808,1.505316,-0.637171,0.014122
655,0.310562,-0.756418,-0.330882,2.581422,-0.639056,0.000175,0.491247,-0.729782,-0.323834,2.027236,-0.629282,-0.003301,0.608499,-0.721362,-0.3162,1.704537,-0.631495,-0.008398,0.673931,-0.716422,-0.308098,1.536759,-0.636976,-0.001385
656,0.317903,-0.741052,-0.351864,2.590294,-0.615429,-0.013831,0.50604,-0.71037,-0.349507,2.061298,-0.63247,-0.000706,0.611801,-0.70885,-0.33972,1.734685,-0.620818,-0.015326,0.665053,-0.70099,-0.337402,1.554234,-0.641445,-0.021724
657,0.301523,-0.724873,-0.379614,2.627436,-0.621045,-0.046272,0.507318,-0.716778,-0.358445,2.068473,-0.628201,-0.027713,0.611089,-0.686084,-0.352901,1.741242,-0.610701,-0.028637,0.676244,-0.679248,-0.351951,1.555088,-0.623207,-0.030502
658,0.321532,-0.70814,-0.395647,2.653735,-0.626923,-0.045176,0.504583,-0.692787,-0.382782,2.089415,-0.611926,-0.050406,0.617914,-0.684178,-0.382141,1.765038,-0.636524,-0.036547,0.680499,-0.67055,-0.372657,1.563785,-0.618311,-0.044578
659,0.300212,-0.67568,-0.419435,2.680133,-0.595516,-0.049588,0.516565,-0.674562,-0.402269,2.090529,-0.624648,-0.058128,0.616517,-0.64675,-0.398356,1.792187,-0.609074,-0.069242,0.682701,-0.652985,-0.391625,1.587032,-0.601329,-0.057609
660,0.325556,-0.672978,-0.44056,2.692738,-0.588635,-0.066616,0.50685,-0.648821,-0.423991,2.131255,-0.602078,-0.072198,0.609263,-0.645718,-0.418874,1.793929,-0.59416,-0.070714,0.682523,-0.638523,-0.398625,1.595478,-0.599348,-0.071753
661,0.318875,-0.656329,-0.44765,2.722428,-0.597012,-0.081511,0.512529,-0.643418,-0.44063,2.1697,-0.578932,-0.098743,0.620969,-0.630426,-0.435313,1.830208,-0.583378,-0.095065,0.689876,-0.623123,-0.42643,1.601182,-0.580181,-0.087246
662,0.312913,-0.641378,-0.472096,2.757757,-0.585259,-0.097624,0.510824,-0.616891,-0.450186,2.148713,-0.594199,-0.091474,0.617171,-0.603968,-0.45581,1.815838,-0.586766,-0.095068,0.67904,-0.605808,-0.449099,1.62028,-0.57002,-0.093762
663,0.310628,-0.617364,-0.485976,2.782037,-0.568858,-0.116203,0.50848,-0.607155,-0.477841,2.214848,-0.567024,-0.11078,0.619928,-0.598993,-0.467865,1.846154,-0.576493,-0.125809,0.686271,-0.591631,-0.467453,1.615536,-0.567992,-0.12204
664,0.31492,-0.61109,-0.511876,2.78486,-0.573132,-0.117686,0.504508,-0.58536,-0.49353,2.193792,-0.552459,-0.117131,0.626914,-0.579852,-0.481788,1.857545,-0.566366,-0.135968,0.696364,-0.564991,-0.472772,1.645543,-0.564021,-0.130484
665,0.318257,-0.581107,-0.528718,2.819034,-0.56847,-0.155091,0.517821,-0.565052,-0.508886,2.228744,-0.54075,-0.1411,0.612883,-0.556328,-0.487257,1.859658,-0.541207,-0.135871,0.692717,-0.556677,-0.505255,1.646294,-0.551914,-0.148775
666,0.31733,-0.569102,-0.552868,2.843606,-0.546594,-0.164333,0.50592,-0.553509,-0.528485,2.225291,-0.541298,-0.14315,0.620903,-0.5484,-0.527335,1.879343,-0.555625,-0.149046,0.684457,-0.540165,-0.51412,1.643242,-0.550597,-0.144451
