sample_idx,Va_1,Vb_1,Vc_1,Ia_1,Ib_1,Ic_1,Va_5,Vb_5,Vc_5,Ia_5,Ib_5,Ic_5,Va_10,Vb_10,Vc_10,Ia_10,Ib_10,Ic_10,Va_30,Vb_30,Vc_30,Ia_30,Ib_30,Ic_30
0,0.998836,-0.504175,-0.493122,0.736307,-0.572134,-0.163835,0.996213,-0.50775,-0.506673,0.746274,-0.579998,-0.153432,0.997622,-0.495958,-0.501655,0.73437,-0.58203,-0.152712,1.001271,-0.49918,-0.505857,0.740744,-0.568156,-0.172822
1,0.997241,-0.487875,-0.517802,0.744665,-0.555673,-0.190214,1.006074,-0.486667,-0.509751,0.735253,-0.54827,-0.207994,1.001419,-0.487414,-0.513336,0.731749,-0.562817,-0.199586,1.006683,-0.487751,-0.523621,0.75052,-0.558115,-0.182028
2,1.000857,-0.47665,-0.534437,0.74855,-0.53844,-0.201319,0.99237,-0.461518,-0.532585,0.748889,-0.536689,-0.186011,1.012266,-0.468437,-0.530223,0.758167,-0.538865,-0.192022,1.003224,-0.469849,-0.534043,0.740301,-0.542519,-0.193695
3,1.002495,-0.441918,-0.548233,0.749634,-0.527008,-0.200035,0.998904,-0.446154,-0.557641,0.750435,-0.528105,-0.197824,0.999552,-0.456773,-0.552025,0.73919,-0.529055,-0.207126,1.005936,-0.454425,-0.536922,0.744813,-0.532416,-0.203283
4,0.997006,-0.43822,-0.56093,0.749027,-0.532341,-0.226248,1.00415,-0.434015,-0.5614,0.722003,-0.535587,-0.231716,0.989591,-0.437034,-0.565015,0.742905,-0.511745,-0.226593,0.998427,-0.425957,-0.563235,0.737052,-0.536788,-0.22146
5,0.988514,-0.420883,-0.577785,0.750027,-0.523871,-0.251958,0.994392,-0.40773,-0.581426,0.757864,-0.504507,-0.231353,0.992057,-0.414087,-0.581861,0.753413,-0.51459,-0.245423,1.00005,-0.414262,-0.579239,0.75095,-0.5098,-0.234255
6,0.990875,-0.395098,-0.596852,0.756337,-0.495456,-0.253409,0.987973,-0.401497,-0.593809,0.757608,-0.509822,-0.240285,0.991968,-0.393934,-0.597643,0.75232,-0.508996,-0.253261,0.988587,-0.405559,-0.594956,0.762799,-0.486017,-0.264803
7,0.993375,-0.381641,-0.609576,0.760856,-0.496914,-0.282424,0.990326,-0.388162,-0.614586,0.740678,-0.476419,-0.263516,0.990598,-0.380557,-0.611338,0.753026,-0.500253,-0.270999,0.994588,-0.379652,-0.613413,0.76218,-0.491102,-0.256758
8,0.991754,-0.368392,-0.625927,0.757335,-0.484115,-0.281736,0.987976,-0.358761,-0.635654,0.756347,-0.500787,-0.27803,0.984383,-0.363923,-0.617949,0.76148,-0.464791,-0.282768,0.992865,-0.359703,-0.621662,0.747995,-0.480298,-0.287054
9,0.980961,-0.342742,-0.643915,0.770295,-0.467103,-0.288488,0.980689,-0.336088,-0.64078,0.777326,-0.480822,-0.281735,0.983208,-0.340034,-0.640955,0.768808,-0.451997,-0.27941,0.973226,-0.346631,-0.648786,0.764105,-0.474102,-0.30022
10,0.975981,-0.330387,-0.650723,0.755966,-0.456246,-0.299427,0.977807,-0.322923,-0.656726,0.780785,-0.462974,-0.316554,0.982162,-0.322189,-0.663198,0.772405,-0.468182,-0.311935,0.976454,-0.330155,-0.655221,0.75944,-0.468086,-0.316534
11,0.978329,-0.309042,-0.664516,0.753183,-0.453697,-0.315892,0.979648,-0.304588,-0.662226,0.746467,-0.447624,-0.307273,0.978516,-0.306801,-0.671292,0.756326,-0.42606,-0.305763,0.987382,-0.304786,-0.677837,0.767608,-0.445547,-0.325354
12,0.981392,-0.297955,-0.682478,0.775468,-0.427196,-0.352709,0.969333,-0.29102,-0.681325,0.767504,-0.430255,-0.325497,0.9691,-0.291367,-0.683908,0.76676,-0.428973,-0.321975,0.975031,-0.286716,-0.68222,0.787871,-0.42729,-0.334388
13,0.978172,-0.276733,-0.702654,0.767309,-0.420499,-0.355839,0.964237,-0.273234,-0.685796,0.763913,-0.420239,-0.348742,0.970575,-0.272385,-0.692613,0.758323,-0.404194,-0.36584,0.972631,-0.271905,-0.691679,0.76486,-0.421227,-0.354004
14,0.967574,-0.250751,-0.710714,0.756802,-0.444748,-0.358381,0.959539,-0.251993,-0.706632,0.770515,-0.410194,-0.378427,0.962202,-0.257503,-0.711237,0.745849,-0.406531,-0.333294,0.964911,-0.257756,-0.710743,0.780198,-0.411848,-0.351399
15,0.951779,-0.240462,-0.717839,0.767215,-0.397562,-0.371107,0.951379,-0.235019,-0.720825,0.772622,-0.393366,-0.36928,0.953619,-0.240252,-0.718709,0.748721,-0.409128,-0.374432,0.958977,-0.237751,-0.71705,0.763876,-0.402692,-0.379133
16,0.961702,-0.219461,-0.744472,0.768831,-0.389684,-0.375689,0.954015,-0.222032,-0.737454,0.779469,-0.364169,-0.387567,0.955014,-0.210447,-0.735773,0.775184,-0.394226,-0.391563,0.956308,-0.224607,-0.734984,0.784711,-0.388569,-0.377437
17,0.954076,-0.19973,-0.743815,0.763832,-0.367381,-0.397686,0.948044,-0.204895,-0.740644,0.757702,-0.375085,-0.397876,0.945736,-0.2072,-0.757552,0.765996,-0.366905,-0.392199,0.948434,-0.19508,-0.744152,0.768717,-0.363084,-0.392144
18,0.943269,-0.180016,-0.767694,0.778166,-0.359966,-0.400442,0.936966,-0.179747,-0.763281,0.780717,-0.364606,-0.415381,0.941107,-0.189879,-0.761245,0.77366,-0.361805,-0.409135,0.936961,-0.184161,-0.762547,0.783838,-0.375842,-0.411943
19,0.93159,-0.166148,-0.779656,0.777602,-0.357936,-0.428961,0.931783,-0.161252,-0.768586,0.767514,-0.338416,-0.409142,0.938802,-0.153225,-0.775024,0.767738,-0.345141,-0.43877,0.945257,-0.16205,-0.756503,0.783669,-0.340048,-0.4142
20,0.930406,-0.144949,-0.781839,0.746364,-0.327092,-0.435436,0.921663,-0.147608,-0.777958,0.77177,-0.313389,-0.460084,0.925396,-0.151479,-0.785695,0.771364,-0.32869,-0.426743,0.923712,-0.148492,-0.787314,0.764963,-0.352433,-0.433984
21,0.928368,-0.12886,-0.78713,0.77146,-0.317482,-0.446499,0.920703,-0.138,-0.791948,0.766608,-0.300318,-0.443662,0.920963,-0.127222,-0.793424,0.74499,-0.318185,-0.441512,0.915304,-0.125735,-0.80596,0.761798,-0.315261,-0.458037
22,0.919618,-0.106127,-0.814958,0.761853,-0.314363,-0.468295,0.919538,-0.1056,-0.806756,0.769617,-0.303653,-0.453177,0.918714,-0.107967,-0.795947,0.763135,-0.30277,-0.452563,0.906761,-0.10997,-0.804807,0.772855,-0.315414,-0.470818
23,0.90865,-0.09431,-0.813245,0.752527,-0.290466,-0.454909,0.909326,-0.092504,-0.818228,0.76809,-0.271601,-0.461779,0.903478,-0.081253,-0.817313,0.762464,-0.286112,-0.465493,0.906315,-0.084074,-0.825229,0.759526,-0.308537,-0.501572
24,0.899768,-0.067355,-0.835255,0.764053,-0.27925,-0.481996,0.89759,-0.068006,-0.818653,0.75344,-0.274064,-0.473314,0.896851,-0.06662,-0.825786,0.787571,-0.274787,-0.474492,0.888286,-0.069778,-0.834384,0.766065,-0.273087,-0.49544
25,0.885392,-0.057566,-0.831763,0.769842,-0.291008,-0.488998,0.899395,-0.054056,-0.832656,0.754825,-0.256631,-0.501427,0.886088,-0.049943,-0.841523,0.751654,-0.256946,-0.476763,0.904027,-0.046463,-0.841646,0.757143,-0.269635,-0.504732
26,0.877222,-0.032877,-0.85468,0.743928,-0.232855,-0.504839,0.883168,-0.034455,-0.851499,0.76094,-0.250591,-0.502209,0.88185,-0.030631,-0.847643,0.773952,-0.249157,-0.520416,0.886752,-0.038508,-0.841923,0.76554,-0.256747,-0.515668
27,0.872365,-0.0227,-0.868028,0.768216,-0.239116,-0.531944,0.87042,-0.015219,-0.864814,0.747624,-0.233932,-0.524373,0.872417,-0.024115,-0.857406,0.766237,-0.226998,-0.513719,0.870866,-0.013196,-0.856824,0.755572,-0.236834,-0.51382
28,0.873422,0.005277,-0.873141,0.746954,-0.229549,-0.528006,0.861062,-0.005384,-0.86502,0.747511,-0.233426,-0.53312,0.868827,-0.003092,-0.870623,0.761423,-0.228624,-0.532,0.861063,0.005843,-0.873244,0.731036,-0.229453,-0.534333
29,0.858666,0.025178,-0.870683,0.753464,-0.215319,-0.533667,0.854497,0.019124,-0.883555,0.741999,-0.208104,-0.537696,0.862033,0.019941,-0.879628,0.731832,-0.197559,-0.527105,0.854218,0.031408,-0.872797,0.754,-0.205857,-0.523601
30,0.847909,0.042442,-0.887439,0.744945,-0.19365,-0.552704,0.84493,0.0471,-0.886635,0.730881,-0.192552,-0.531319,0.846129,0.039597,-0.883589,0.748198,-0.206558,-0.540778,0.843495,0.034953,-0.87631,0.740645,-0.197345,-0.543847
31,0.838081,0.063024,-0.900677,0.735781,-0.183372,-0.552654,0.830008,0.058417,-0.896237,0.72982,-0.182989,-0.549906,0.83735,0.056469,-0.894111,0.742356,-0.173648,-0.557195,0.829109,0.070404,-0.892485,0.719288,-0.18629,-0.560687
32,0.832624,0.08581,-0.900227,0.727243,-0.172263,-0.567913,0.823817,0.080105,-0.906484,0.721877,-0.177813,-0.562574,0.837199,0.083205,-0.899489,0.723493,-0.164169,-0.582067,0.814517,0.077352,-0.907624,0.733156,-0.161118,-0.563871
33,0.814214,0.095555,-0.907274,0.710044,-0.153204,-0.571122,0.815275,0.100205,-0.910398,0.715949,-0.127407,-0.573562,0.81693,0.104383,-0.904358,0.743989,-0.15876,-0.561658,0.812468,0.099123,-0.922768,0.741814,-0.145411,-0.562496
34,0.808896,0.117838,-0.916484,0.721093,-0.156563,-0.572404,0.807639,0.120556,-0.912231,0.710888,-0.128865,-0.561497,0.812174,0.110015,-0.915482,0.732679,-0.135179,-0.582855,0.802739,0.113688,-0.912861,0.726443,-0.13843,-0.592258
35,0.784026,0.134688,-0.926607,0.704657,-0.132698,-0.593298,0.789815,0.128951,-0.931558,0.726944,-0.102329,-0.575476,0.795034,0.121036,-0.925588,0.72115,-0.119511,-0.583509,0.796863,0.136989,-0.929427,0.72004,-0.126497,-0.616499
36,0.781848,0.14395,-0.935456,0.704603,-0.113173,-0.603272,0.777046,0.150059,-0.927416,0.710301,-0.111204,-0.600704,0.776838,0.148942,-0.935647,0.710636,-0.109433,-0.601284,0.775865,0.157786,-0.924568,0.718928,-0.105561,-0.59861
37,0.76556,0.170053,-0.936232,0.717685,-0.096645,-0.619028,0.769082,0.171497,-0.931226,0.703512,-0.087581,-0.612611,0.770874,0.172898,-0.932202,0.701936,-0.090412,-0.608145,0.762761,0.177783,-0.930033,0.70139,-0.110421,-0.622951
38,0.760332,0.191781,-0.949695,0.710428,-0.097455,-0.615104,0.761828,0.19528,-0.947537,0.696664,-0.082036,-0.62693,0.750495,0.197886,-0.948905,0.701783,-0.081034,-0.598952,0.757884,0.183048,-0.941706,0.708585,-0.083643,-0.61492
39,0.755356,0.214039,-0.953313,0.699615,-0.060563,-0.62518,0.741494,0.217605,-0.948009,0.697798,-0.047558,-0.632019,0.743221,0.200161,-0.94077,0.683945,-0.070088,-0.627998,0.738225,0.198464,-0.949803,0.705492,-0.079056,-0.637014
40,0.72756,0.228173,-0.959876,0.695063,-0.066594,-0.63681,0.724159,0.22338,-0.955239,0.690654,-0.061288,-0.637283,0.72307,0.22959,-0.947582,0.697249,-0.065738,-0.638936,0.730187,0.227354,-0.960873,0.694599,-0.065263,-0.624325
41,0.717385,0.246167,-0.950281,0.684556,-0.026539,-0.646407,0.713024,0.24539,-0.958159,0.675313,-0.039684,-0.642107,0.708856,0.249048,-0.965574,0.687307,-0.04368,-0.649472,0.719788,0.241437,-0.957064,0.679674,-0.033541,-0.645829
42,0.685673,0.265247,-0.963044,0.678869,-0.009806,-0.657309,0.705592,0.262085,-0.959883,0.677026,-0.035077,-0.650529,0.70364,0.268797,-0.96601,0.680373,-0.037398,-0.657685,0.696766,0.258981,-0.965986,0.673968,-0.029766,-0.64037
43,0.692692,0.290801,-0.969673,0.661456,-0.020702,-0.675932,0.692448,0.275752,-0.968491,0.658728,-0.020926,-0.675467,0.682774,0.281566,-0.972809,0.680259,0.007955,-0.650233,0.697952,0.278767,-0.971447,0.682376,-0.017499,-0.680896
44,0.676978,0.296512,-0.97683,0.68636,0.001017,-0.675005,0.677185,0.292535,-0.977623,0.670247,0.009157,-0.665971,0.669822,0.296536,-0.973523,0.659934,0.005152,-0.672722,0.677556,0.29135,-0.981505,0.672672,-0.006685,-0.654361
45,0.662109,0.318031,-0.979683,0.662524,0.021876,-0.662823,0.663183,0.323714,-0.978,0.646726,0.011558,-0.679193,0.662375,0.320707,-0.974215,0.661811,0.029608,-0.66558,0.667378,0.317263,-0.980554,0.672467,0.028155,-0.658425
46,0.640902,0.339685,-0.985643,0.651331,0.028743,-0.678587,0.646263,0.348246,-0.983227,0.636058,0.04552,-0.67835,0.636321,0.338691,-0.987214,0.637726,0.058781,-0.67283,0.648314,0.336959,-0.979351,0.663997,0.016547,-0.694538
47,0.619972,0.35254,-0.98979,0.629302,0.047846,-0.696636,0.626912,0.357332,-0.990239,0.643234,0.06779,-0.678993,0.636786,0.346332,-0.986661,0.639932,0.053427,-0.679406,0.63103,0.35119,-0.99185,0.619983,0.066151,-0.697733
48,0.614983,0.369825,-0.993637,0.643812,0.069465,-0.684291,0.615997,0.374595,-0.991448,0.616895,0.057708,-0.699227,0.622684,0.374485,-0.985887,0.622766,0.06638,-0.706356,0.608031,0.37023,-0.989621,0.627849,0.056799,-0.689955
49,0.60389,0.390236,-0.99288,0.62914,0.078476,-0.7033,0.61079,0.395089,-1.004335,0.625989,0.065149,-0.688203,0.605826,0.394957,-0.992413,0.636394,0.078744,-0.696714,0.593895,0.396364,-1.002895,0.632521,0.070906,-0.702123
50,0.589952,0.397356,-0.998622,0.622543,0.088173,-0.709675,0.595079,0.407999,-0.993482,0.593689,0.082833,-0.717981,0.590792,0.416764,-0.998079,0.626702,0.077305,-0.705119,0.584889,0.411843,-0.992328,0.608477,0.086354,-0.700453
51,0.573147,0.420709,-1.000336,0.59453,0.092702,-0.715021,0.57391,0.417103,-1.008973,0.627935,0.114121,-0.711386,0.579767,0.426523,-0.987342,0.598364,0.097198,-0.708098,0.57654,0.415703,-0.990448,0.613086,0.091806,-0.732714
52,0.560845,0.445871,-1.003817,0.603748,0.12952,-0.706376,0.557312,0.44407,-0.988036,0.597284,0.097781,-0.726907,0.559829,0.446217,-0.992915,0.59538,0.102804,-0.71195,0.551746,0.430397,-0.989237,0.612451,0.134465,-0.707742
53,0.543328,0.459683,-1.001429,0.583432,0.134245,-0.712334,0.535439,0.468763,-0.996956,0.587357,0.1428,-0.722548,0.53843,0.456376,-0.993991,0.591563,0.120942,-0.738247,0.539149,0.458757,-1.009342,0.589082,0.119327,-0.728587
54,0.514499,0.45989,-1.002755,0.584905,0.147184,-0.703105,0.524957,0.472904,-1.004069,0.568449,0.147451,-0.725679,0.517799,0.469666,-1.000426,0.579889,0.159898,-0.736048,0.529993,0.471835,-0.993697,0.577229,0.135388,-0.716598
55,0.511242,0.497311,-0.998666,0.567381,0.156069,-0.73659,0.508164,0.495361,-1.00104,0.564391,0.165572,-0.721469,0.503412,0.49102,-1.000141,0.567505,0.175166,-0.736179,0.505101,0.490976,-1.003266,0.588896,0.169053,-0.724627
56,0.5021,0.50799,-0.992996,0.564682,0.174729,-0.734124,0.500715,0.51874,-0.994983,0.582974,0.186066,-0.720108,0.495717,0.506696,-1.003747,0.579947,0.178877,-0.71691,0.49492,0.509517,-0.999851,0.547209,0.192373,-0.746383
57,0.473091,0.522335,-0.996118,0.543045,0.189421,-0.749886,0.486133,0.525053,-0.998378,0.554043,0.184483,-0.736093,0.473998,0.520602,-0.9938,0.549765,0.206573,-0.725895,0.481207,0.51669,-0.999097,0.562396,0.175336,-0.736347
58,0.453018,0.530811,-1.003406,0.538389,0.205963,-0.739833,0.464015,0.533277,-1.006687,0.539325,0.207148,-0.763513,0.451317,0.535744,-0.996794,0.541775,0.201772,-0.745811,0.466875,0.539505,-0.994567,0.552282,0.197713,-0.755183
59,0.449802,0.550796,-0.998152,0.535062,0.225833,-0.734453,0.44435,0.556809,-0.999461,0.522968,0.228785,-0.771767,0.438201,0.555926,-0.999651,0.521994,0.225741,-0.736242,0.440019,0.551066,-0.989674,0.530334,0.206788,-0.741099
60,0.431546,0.576043,-1.000957,0.50766,0.229236,-0.743446,0.431011,0.571617,-0.996615,0.520669,0.230738,-0.754885,0.420549,0.570285,-0.998377,0.51982,0.224495,-0.739706,0.429508,0.571237,-0.998633,0.519205,0.228376,-0.756044
61,0.40942,0.592143,-0.99504,0.499438,0.231097,-0.749888,0.409752,0.59231,-0.993165,0.506117,0.259008,-0.751249,0.409591,0.581035,-0.987463,0.504865,0.245237,-0.764206,0.412464,0.58765,-0.989166,0.51406,0.246493,-0.743579
62,0.391969,0.602855,-0.987961,0.510085,0.270384,-0.773533,0.396979,0.611291,-0.998267,0.501728,0.258348,-0.761134,0.391176,0.609553,-1.002383,0.491858,0.267278,-0.757534,0.386329,0.604186,-0.993926,0.505929,0.264413,-0.736321
63,0.381747,0.626134,-0.998757,0.495529,0.270063,-0.75871,0.381376,0.610581,-0.989509,0.487413,0.270139,-0.7787,0.371778,0.621941,-0.983719,0.50215,0.274129,-0.782338,0.374921,0.620485,-1.001123,0.485507,0.284176,-0.771408
64,0.350303,0.632909,-0.983879,0.481675,0.284237,-0.739342,0.351549,0.640818,-0.983432,0.4688,0.289785,-0.782809,0.35349,0.632414,-0.992586,0.475066,0.278314,-0.769402,0.366566,0.624583,-0.983909,0.462974,0.284925,-0.762113
65,0.349232,0.649768,-0.992302,0.4503,0.310695,-0.756105,0.341303,0.639309,-0.979701,0.462952,0.310772,-0.759764,0.341185,0.650485,-0.977439,0.467735,0.30603,-0.755464,0.334513,0.649433,-0.980987,0.444562,0.302915,-0.750031
66,0.322247,0.670563,-0.995559,0.440982,0.326723,-0.747712,0.318251,0.669326,-0.978078,0.435985,0.311492,-0.765745,0.319187,0.654363,-0.979069,0.453842,0.32618,-0.762131,0.322636,0.655323,-0.989052,0.428308,0.310797,-0.764593
67,0.304011,0.663131,-0.978827,0.442327,0.344086,-0.778992,0.305043,0.670148,-0.970522,0.440777,0.329421,-0.783282,0.303767,0.669077,-0.973191,0.433019,0.334857,-0.763859,0.299143,0.67101,-0.968403,0.440577,0.329645,-0.762068
68,0.286948,0.699475,-0.968508,0.448974,0.34869,-0.770504,0.288893,0.694394,-0.973109,0.42383,0.33235,-0.767742,0.284284,0.694183,-0.96991,0.45144,0.3376,-0.772022,0.284435,0.677466,-0.968405,0.432397,0.353162,-0.773756
69,0.265212,0.69788,-0.967342,0.418062,0.352828,-0.756651,0.262033,0.709244,-0.969184,0.428551,0.344606,-0.766408,0.264697,0.701279,-0.968185,0.424798,0.342338,-0.785368,0.262444,0.702035,-0.968234,0.410308,0.349434,-0.757334
70,0.258986,0.71875,-0.96678,0.410247,0.360454,-0.759985,0.250419,0.710297,-0.964404,0.415875,0.370948,-0.769096,0.244776,0.715558,-0.963726,0.426337,0.367121,-0.756081,0.24512,0.712771,-0.971706,0.417803,0.374291,-0.763191
71,0.233173,0.729635,-0.960566,0.381133,0.384811,-0.771239,0.226021,0.730283,-0.957992,0.405192,0.382953,-0.763098,0.232528,0.728083,-0.952229,0.387255,0.377943,-0.761435,0.239835,0.731755,-0.948656,0.388687,0.386432,-0.774738
72,0.204359,0.743804,-0.955105,0.379291,0.386062,-0.76727,0.201116,0.744337,-0.952736,0.374857,0.402807,-0.771297,0.208832,0.738679,-0.949363,0.369022,0.387472,-0.766502,0.213603,0.734749,-0.953877,0.374959,0.402752,-0.740755
73,0.191526,0.750576,-0.942654,0.377574,0.409948,-0.789249,0.193549,0.753874,-0.937707,0.383608,0.399547,-0.762768,0.185726,0.750592,-0.951044,0.368758,0.409156,-0.782211,0.19731,0.754529,-0.952812,0.37804,0.398434,-0.762388
74,0.172371,0.768109,-0.946108,0.344402,0.41966,-0.785031,0.182539,0.763609,-0.934361,0.367646,0.413479,-0.769339,0.178498,0.765537,-0.939715,0.33636,0.418313,-0.764618,0.178931,0.776126,-0.941676,0.360391,0.399184,-0.766038
75,0.16143,0.768208,-0.93092,0.324582,0.43126,-0.765237,0.154118,0.779482,-0.927344,0.347819,0.437992,-0.752066,0.156833,0.776534,-0.934338,0.346879,0.449131,-0.782879,0.152337,0.774894,-0.933662,0.344156,0.447342,-0.752242
76,0.128953,0.790262,-0.927019,0.326244,0.453267,-0.748929,0.133116,0.787122,-0.926609,0.316786,0.449411,-0.769744,0.140422,0.785907,-0.930038,0.314231,0.437179,-0.760415,0.13956,0.784427,-0.931979,0.341218,0.41763,-0.760385
77,0.116112,0.80029,-0.918031,0.305563,0.451383,-0.75604,0.122759,0.800514,-0.926199,0.316575,0.4588,-0.7662,0.120469,0.802549,-0.92078,0.316498,0.454568,-0.745344,0.11995,0.808327,-0.913443,0.295002,0.453455,-0.766316
78,0.104747,0.813362,-0.914066,0.297157,0.477997,-0.765512,0.101459,0.809341,-0.912172,0.307657,0.450338,-0.771666,0.095952,0.81842,-0.912118,0.288164,0.456614,-0.752537,0.109997,0.80525,-0.906482,0.305725,0.468433,-0.7596
79,0.086047,0.822117,-0.906708,0.285303,0.448982,-0.763269,0.090705,0.823207,-0.909931,0.308109,0.467092,-0.760997,0.090586,0.822746,-0.908064,0.284302,0.46185,-0.780604,0.073932,0.829687,-0.905371,0.26357,0.486583,-0.749206
80,0.061096,0.828066,-0.891071,0.265806,0.487607,-0.767372,0.058952,0.832994,-0.900411,0.291507,0.478191,-0.758348,0.0648,0.827752,-0.89646,0.272203,0.497199,-0.759244,0.051375,0.830418,-0.904707,0.268214,0.492995,-0.748673
81,0.044507,0.850605,-0.89105,0.259655,0.494953,-0.777331,0.047094,0.843004,-0.888723,0.271443,0.500733,-0.742139,0.043625,0.84551,-0.88863,0.23828,0.500622,-0.785148,0.04639,0.844323,-0.887208,0.252364,0.50531,-0.764602
82,0.017788,0.854075,-0.872108,0.241105,0.505264,-0.738995,0.022753,0.856721,-0.875156,0.235143,0.493855,-0.756662,0.029008,0.848921,-0.877664,0.240493,0.506884,-0.743598,0.027272,0.856163,-0.879776,0.235975,0.491743,-0.752605
83,0.014845,0.866353,-0.86089,0.229655,0.526435,-0.758803,0.00737,0.861313,-0.867335,0.261527,0.52219,-0.738935,0.006203,0.866008,-0.862391,0.214921,0.519197,-0.757253,0.006025,0.859355,-0.871313,0.236738,0.518542,-0.770545
84,-0.015396,0.883841,-0.860068,0.221011,0.528419,-0.745426,-0.005248,0.872822,-0.867823,0.212712,0.531457,-0.743457,-0.016181,0.866115,-0.860979,0.235334,0.55012,-0.745472,-0.015791,0.869049,-0.855617,0.215729,0.52827,-0.747168
85,-0.038694,0.875243,-0.845778,0.186986,0.549315,-0.742187,-0.032327,0.875368,-0.848439,0.200639,0.558211,-0.748399,-0.033957,0.891148,-0.847736,0.204384,0.554287,-0.744921,-0.02965,0.880506,-0.854163,0.201467,0.54776,-0.759397
86,-0.054785,0.883362,-0.8418,0.20999,0.557283,-0.736587,-0.038059,0.891601,-0.839545,0.187705,0.568093,-0.739811,-0.063195,0.888392,-0.848137,0.184112,0.552341,-0.731114,-0.045723,0.899807,-0.836641,0.178958,0.550562,-0.740016
87,-0.074926,0.901284,-0.834489,0.168861,0.562887,-0.72143,-0.060648,0.905362,-0.828537,0.182392,0.554485,-0.737653,-0.06463,0.899095,-0.836417,0.188813,0.561554,-0.716672,-0.067373,0.903419,-0.831906,0.184087,0.55284,-0.73051
88,-0.099933,0.915454,-0.820722,0.166703,0.57791,-0.735081,-0.087153,0.912516,-0.81732,0.154715,0.567629,-0.720354,-0.090348,0.904818,-0.820926,0.174966,0.562504,-0.731582,-0.081738,0.915504,-0.821573,0.151618,0.593198,-0.742716
89,-0.109756,0.914413,-0.80645,0.157372,0.57858,-0.726087,-0.105715,0.919412,-0.805394,0.157439,0.571807,-0.740355,-0.104834,0.916589,-0.802794,0.14612,0.564389,-0.717519,-0.109041,0.911653,-0.805712,0.149764,0.589023,-0.728158
90,-0.134458,0.919112,-0.795899,0.122882,0.593763,-0.723826,-0.12167,0.914703,-0.789601,0.138085,0.582651,-0.714106,-0.11774,0.917049,-0.79982,0.131393,0.591374,-0.708092,-0.128544,0.922186,-0.7877,0.138903,0.581445,-0.708445
91,-0.136706,0.930884,-0.780818,0.120029,0.593721,-0.724244,-0.139379,0.932706,-0.787701,0.118756,0.612217,-0.712938,-0.140275,0.928184,-0.787125,0.127224,0.601365,-0.726471,-0.142122,0.934714,-0.782095,0.112634,0.591849,-0.721463
92,-0.153847,0.93283,-0.76902,0.106719,0.619781,-0.715153,-0.160554,0.933291,-0.774789,0.111877,0.61372,-0.712774,-0.15772,0.92851,-0.763427,0.086956,0.593776,-0.698584,-0.173343,0.937848,-0.771378,0.095657,0.593489,-0.711146
93,-0.17577,0.948775,-0.761068,0.085905,0.591072,-0.707021,-0.185061,0.942802,-0.756638,0.074689,0.626096,-0.715747,-0.171332,0.940875,-0.771156,0.076755,0.601412,-0.690025,-0.186735,0.946877,-0.75999,0.088589,0.623899,-0.708939
94,-0.201396,0.95067,-0.751661,0.064427,0.620178,-0.696429,-0.201792,0.951043,-0.750601,0.074548,0.625689,-0.69397,-0.204243,0.95416,-0.751856,0.08275,0.611074,-0.706109,-0.207311,0.950021,-0.750057,0.073565,0.624927,-0.703004
95,-0.208719,0.956343,-0.736265,0.052388,0.612856,-0.69503,-0.220161,0.957277,-0.734681,0.063699,0.642893,-0.699961,-0.210051,0.949357,-0.742417,0.048636,0.63379,-0.708631,-0.21862,0.957301,-0.742088,0.066056,0.618239,-0.703114
96,-0.227054,0.96277,-0.731622,0.053524,0.657072,-0.693142,-0.23901,0.963564,-0.718682,0.043406,0.644159,-0.674931,-0.24153,0.958276,-0.723942,0.054406,0.655094,-0.690655,-0.226945,0.954009,-0.724254,0.059115,0.648126,-0.672264
97,-0.253219,0.976181,-0.70697,0.041831,0.653405,-0.684868,-0.253016,0.9591,-0.71531,0.035341,0.651721,-0.67875,-0.261088,0.966749,-0.71577,0.029951,0.653098,-0.698253,-0.251454,0.965503,-0.700925,0.026984,0.64743,-0.690458
98,-0.273968,0.970903,-0.704183,0.017632,0.660562,-0.657009,-0.277106,0.965872,-0.710669,0.033793,0.648658,-0.671747,-0.26813,0.973472,-0.691665,0.026006,0.668297,-0.678218,-0.281997,0.971295,-0.700663,0.001445,0.654893,-0.673045
99,-0.29018,0.966059,-0.685012,0.017156,0.647343,-0.658493,-0.29127,0.976058,-0.682677,0.015772,0.677549,-0.666023,-0.293458,0.976594,-0.690386,0.005501,0.662063,-0.666149,-0.282875,0.968248,-0.674614,-0.008558,0.671495,-0.669095
100,-0.309325,0.991729,-0.670809,-0.011283,0.663205,-0.662398,-0.311908,0.977483,-0.675027,-0.013894,0.682334,-0.670447,-0.310298,0.978624,-0.676065,-0.023399,0.667364,-0.652027,-0.310789,0.978983,-0.677301,-0.005618,0.663756,-0.654026
101,-0.327131,0.986106,-0.657689,-0.019659,0.672589,-0.660737,-0.325573,0.982321,-0.653822,-0.040377,0.671438,-0.639535,-0.32828,0.981585,-0.655106,-0.034491,0.673842,-0.663047,-0.324823,0.983504,-0.653694,-0.03212,0.664228,-0.665332
102,-0.346081,0.992944,-0.639903,-0.026439,0.686587,-0.640863,-0.341732,0.984756,-0.646332,-0.020797,0.677982,-0.650859,-0.348148,0.980528,-0.635538,-0.032822,0.699633,-0.645136,-0.343706,0.979968,-0.644661,-0.031515,0.670133,-0.669025
103,-0.355999,0.985722,-0.630878,-0.043244,0.686656,-0.616459,-0.366527,0.980136,-0.630632,-0.047442,0.680651,-0.628197,-0.362735,0.995894,-0.620898,-0.070071,0.694444,-0.643837,-0.364433,0.991353,-0.633771,-0.047625,0.689939,-0.635179
104,-0.379778,0.998097,-0.618856,-0.068776,0.689684,-0.625405,-0.369987,0.985562,-0.610634,-0.062225,0.701051,-0.635024,-0.375976,0.99352,-0.612634,-0.067608,0.709408,-0.628765,-0.37535,0.983211,-0.61672,-0.070616,0.70711,-0.626855
105,-0.3938,0.994483,-0.599248,-0.106842,0.697022,-0.623393,-0.41328,1.000626,-0.593345,-0.09981,0.712705,-0.60968,-0.404189,0.993542,-0.593505,-0.071126,0.683148,-0.629868,-0.390727,0.997302,-0.602705,-0.082076,0.692043,-0.616831
106,-0.408237,0.995554,-0.58093,-0.109205,0.708881,-0.615478,-0.398252,0.992918,-0.576528,-0.09069,0.709742,-0.605796,-0.418801,0.987178,-0.590788,-0.108238,0.709341,-0.621797,-0.411126,0.992232,-0.572581,-0.097967,0.713822,-0.606775
107,-0.435498,0.994708,-0.558414,-0.11673,0.717998,-0.581808,-0.434837,0.994742,-0.571049,-0.112802,0.710395,-0.610212,-0.434991,0.98949,-0.564497,-0.10788,0.718426,-0.612898,-0.425543,0.99817,-0.569719,-0.100316,0.727148,-0.592646
108,-0.440234,0.996709,-0.553815,-0.118087,0.722512,-0.580206,-0.45537,1.00655,-0.563267,-0.121631,0.717109,-0.601462,-0.444357,0.997799,-0.549572,-0.125782,0.718389,-0.579622,-0.453474,1.000409,-0.54331,-0.124247,0.715339,-0.590157
109,-0.46062,1.011049,-0.541697,-0.124465,0.725575,-0.581965,-0.47195,0.991956,-0.531658,-0.139661,0.729777,-0.594159,-0.457598,0.998044,-0.538113,-0.136047,0.716784,-0.572313,-0.468756,1.000177,-0.533587,-0.139969,0.72294,-0.578242
110,-0.486088,1.001222,-0.513999,-0.14215,0.71992,-0.572505,-0.480123,1.000436,-0.513252,-0.14715,0.72717,-0.571221,-0.481325,1.00227,-0.516036,-0.137249,0.725313,-0.57331,-0.483061,1.008609,-0.521191,-0.144782,0.725049,-0.579609
111,-0.494611,0.997706,-0.500788,-0.169031,0.720155,-0.57765,-0.49805,0.992447,-0.4912,-0.167512,0.731,-0.544527,-0.495073,0.996893,-0.491435,-0.159918,0.718277,-0.556011,-0.50225,1.000192,-0.494939,-0.171926,0.727709,-0.568509
112,-0.518845,0.996858,-0.494292,-0.179215,0.738795,-0.557493,-0.507862,1.000226,-0.493261,-0.183513,0.745138,-0.554882,-0.515214,0.999285,-0.492741,-0.184296,0.728749,-0.562543,-0.513927,0.994552,-0.494193,-0.195369,0.746246,-0.567726
113,-0.532524,1.002932,-0.471596,-0.189487,0.745658,-0.54812,-0.53278,0.996728,-0.468127,-0.196843,0.732957,-0.549076,-0.525192,0.996532,-0.469111,-0.20227,0.729257,-0.543214,-0.538714,1.005153,-0.468859,-0.200144,0.740683,-0.549266
114,-0.550077,0.996722,-0.457374,-0.210874,0.757552,-0.538002,-0.543735,1.000532,-0.44911,-0.205415,0.732089,-0.540492,-0.544504,0.99685,-0.447092,-0.213169,0.748137,-0.519655,-0.550717,0.999682,-0.449844,-0.224318,0.758006,-0.547137
115,-0.569573,0.996038,-0.432751,-0.207473,0.75673,-0.523479,-0.558787,0.995821,-0.426616,-0.235871,0.748783,-0.520964,-0.570903,0.990331,-0.436916,-0.24212,0.748894,-0.521921,-0.562419,0.992246,-0.429403,-0.224005,0.747418,-0.507497
116,-0.578537,0.998092,-0.418725,-0.23739,0.759611,-0.514267,-0.581561,1.001493,-0.414689,-0.250475,0.765826,-0.514636,-0.582519,0.992153,-0.429787,-0.238613,0.745887,-0.52073,-0.58216,0.994205,-0.41996,-0.237224,0.757024,-0.531994
117,-0.59793,0.993465,-0.39419,-0.261881,0.760942,-0.507126,-0.595645,1.00011,-0.409469,-0.260079,0.761892,-0.491034,-0.591607,0.995606,-0.409729,-0.241232,0.737527,-0.49977,-0.596386,0.991713,-0.399912,-0.24721,0.745275,-0.497042
118,-0.610894,0.986077,-0.386039,-0.270217,0.764634,-0.483064,-0.609071,0.99376,-0.385806,-0.270807,0.749722,-0.496011,-0.613591,0.983091,-0.380582,-0.267203,0.77798,-0.482237,-0.613432,0.983998,-0.380773,-0.257144,0.771263,-0.505619
119,-0.632014,0.98373,-0.368288,-0.266387,0.768933,-0.470195,-0.619659,0.99133,-0.359021,-0.276939,0.745451,-0.48918,-0.62265,0.993164,-0.366191,-0.268434,0.768496,-0.474129,-0.620362,0.995584,-0.365044,-0.296687,0.764965,-0.505126
120,-0.629362,0.978778,-0.350229,-0.302639,0.768544,-0.467169,-0.636201,0.986691,-0.342891,-0.299681,0.772776,-0.472337,-0.640297,0.979527,-0.344912,-0.29741,0.77231,-0.46877,-0.644381,0.993261,-0.347768,-0.291888,0.76532,-0.474029
121,-0.645598,0.990332,-0.330477,-0.316627,0.766726,-0.450218,-0.651582,0.984671,-0.334591,-0.306111,0.745505,-0.456402,-0.656173,0.981884,-0.329869,-0.307529,0.754508,-0.445904,-0.64659,0.984654,-0.333933,-0.315137,0.773882,-0.453745
122,-0.665441,0.974395,-0.321817,-0.325381,0.762852,-0.432534,-0.660764,0.975149,-0.316087,-0.317556,0.779532,-0.445589,-0.668961,0.976376,-0.311511,-0.308049,0.742706,-0.437449,-0.662371,0.982336,-0.32049,-0.31812,0.776645,-0.447052
123,-0.688939,0.979349,-0.291791,-0.318091,0.765195,-0.406327,-0.690803,0.977309,-0.295529,-0.342735,0.776699,-0.430327,-0.677434,0.97656,-0.295624,-0.347908,0.773247,-0.454293,-0.680587,0.978874,-0.297226,-0.341458,0.770598,-0.442781
124,-0.692562,0.974352,-0.279095,-0.361467,0.778527,-0.432475,-0.686417,0.966086,-0.283436,-0.33712,0.767586,-0.412399,-0.688955,0.975868,-0.274625,-0.34296,0.761825,-0.431812,-0.697433,0.959173,-0.276859,-0.353687,0.769598,-0.417032
125,-0.704315,0.960783,-0.26349,-0.358104,0.770948,-0.43709,-0.711304,0.973929,-0.260538,-0.361509,0.790603,-0.422881,-0.704502,0.959144,-0.259785,-0.355367,0.790899,-0.405617,-0.705963,0.965828,-0.255752,-0.380339,0.766974,-0.415998
126,-0.723719,0.972005,-0.236756,-0.370359,0.774147,-0.407098,-0.723809,0.964658,-0.237019,-0.365719,0.774233,-0.408105,-0.718449,0.963102,-0.249321,-0.383058,0.764052,-0.40037,-0.717913,0.962628,-0.241137,-0.369782,0.768982,-0.386924
127,-0.727576,0.953471,-0.219564,-0.392313,0.761009,-0.389908,-0.734589,0.949788,-0.223931,-0.387091,0.784645,-0.372818,-0.728521,0.951802,-0.226775,-0.394037,0.770984,-0.386261,-0.738236,0.961079,-0.226389,-0.377633,0.772006,-0.379322
128,-0.736035,0.95893,-0.207223,-0.402696,0.772896,-0.395755,-0.747216,0.950002,-0.206975,-0.378913,0.757713,-0.363188,-0.742462,0.945241,-0.208936,-0.389027,0.779534,-0.352998,-0.741778,0.946586,-0.208708,-0.382058,0.780305,-0.375311
129,-0.754095,0.953018,-0.180798,-0.412619,0.776728,-0.362723,-0.760883,0.950785,-0.191263,-0.430544,0.767311,-0.347383,-0.757988,0.941316,-0.189405,-0.405417,0.779179,-0.352521,-0.76584,0.945993,-0.187297,-0.421068,0.757216,-0.331216
130,-0.774484,0.937776,-0.162598,-0.435422,0.759033,-0.347171,-0.771634,0.934115,-0.174215,-0.410925,0.767275,-0.318635,-0.773256,0.928284,-0.169796,-0.424628,0.764988,-0.342689,-0.767405,0.933283,-0.168597,-0.419215,0.779036,-0.330035
131,-0.775661,0.930243,-0.143872,-0.435669,0.762499,-0.342793,-0.787563,0.931631,-0.141059,-0.458094,0.777997,-0.322219,-0.781178,0.925434,-0.141971,-0.440572,0.756723,-0.330742,-0.785295,0.930996,-0.151158,-0.412113,0.758479,-0.325878
132,-0.799555,0.924312,-0.132358,-0.440325,0.762488,-0.321461,-0.798054,0.921295,-0.136261,-0.44475,0.767792,-0.310565,-0.789942,0.926288,-0.133885,-0.459322,0.779675,-0.312079,-0.793283,0.914775,-0.129857,-0.450065,0.764725,-0.332866
133,-0.807704,0.917294,-0.121966,-0.439591,0.759473,-0.29941,-0.811518,0.913877,-0.111823,-0.450449,0.767334,-0.312346,-0.810042,0.91417,-0.109198,-0.46126,0.769053,-0.323887,-0.80778,0.918236,-0.122443,-0.45568,0.763324,-0.302205
134,-0.811727,0.906919,-0.09097,-0.462495,0.771615,-0.293411,-0.817805,0.908605,-0.100683,-0.463824,0.774466,-0.296631,-0.812042,0.901727,-0.081151,-0.470136,0.751658,-0.277109,-0.822346,0.90617,-0.080568,-0.472405,0.77653,-0.308452
135,-0.821264,0.90289,-0.074148,-0.475839,0.756573,-0.29565,-0.829883,0.893915,-0.064345,-0.472078,0.743588,-0.287029,-0.833078,0.903879,-0.070164,-0.491692,0.743946,-0.285993,-0.830813,0.893967,-0.079493,-0.460701,0.770063,-0.273349
136,-0.832205,0.891153,-0.053076,-0.501087,0.759096,-0.268572,-0.843761,0.892747,-0.053813,-0.48508,0.750162,-0.247427,-0.832683,0.88416,-0.057389,-0.477768,0.757227,-0.268287,-0.842337,0.888899,-0.054004,-0.495814,0.758327,-0.267914
137,-0.835723,0.886163,-0.033442,-0.488452,0.746085,-0.25383,-0.851471,0.88225,-0.042928,-0.495966,0.737238,-0.263651,-0.848239,0.878709,-0.042706,-0.50893,0.748422,-0.258128,-0.852421,0.881097,-0.046128,-0.505962,0.761104,-0.256472
138,-0.856497,0.872339,-0.023271,-0.511894,0.756162,-0.238502,-0.861565,0.86472,-0.020227,-0.518036,0.748844,-0.231575,-0.863271,0.87155,-0.019163,-0.514014,0.74602,-0.213293,-0.864019,0.872322,-0.011259,-0.52482,0.76979,-0.230016
139,-0.870731,0.868128,0.01111,-0.517517,0.738096,-0.215934,-0.860972,0.861952,0.001618,-0.54026,0.74216,-0.225467,-0.869858,0.870157,0.010231,-0.540663,0.748673,-0.214673,-0.867077,0.864556,0.008756,-0.526589,0.766019,-0.220867
140,-0.869801,0.850898,0.022984,-0.537628,0.744043,-0.202424,-0.865153,0.857195,0.016,-0.532847,0.747229,-0.234935,-0.873387,0.859829,0.014994,-0.532292,0.746457,-0.212539,-0.879931,0.853014,0.015541,-0.52847,0.743164,-0.20866
141,-0.881071,0.847395,0.036745,-0.545525,0.753615,-0.199671,-0.887309,0.83922,0.039233,-0.540031,0.739125,-0.207679,-0.882378,0.853334,0.033379,-0.548006,0.745596,-0.18966,-0.892782,0.841654,0.028484,-0.552028,0.7373,-0.205579
142,-0.880993,0.832335,0.052125,-0.545298,0.760917,-0.174345,-0.899768,0.823677,0.061551,-0.567412,0.750798,-0.174119,-0.896208,0.831236,0.068426,-0.548498,0.724775,-0.195403,-0.883626,0.837889,0.054498,-0.543837,0.753142,-0.195381
143,-0.901478,0.818449,0.080721,-0.553201,0.72317,-0.187395,-0.908042,0.826402,0.081489,-0.568544,0.729713,-0.175008,-0.901033,0.826967,0.082601,-0.580038,0.731936,-0.157722,-0.906756,0.827913,0.073759,-0.552534,0.718103,-0.191002
144,-0.912643,0.818996,0.095393,-0.56902,0.723743,-0.156943,-0.905669,0.816559,0.088046,-0.580717,0.73498,-0.168985,-0.911796,0.818291,0.095871,-0.57096,0.739201,-0.150018,-0.910484,0.816202,0.096859,-0.577156,0.730957,-0.161203
145,-0.91838,0.805163,0.113802,-0.588834,0.722609,-0.14159,-0.920249,0.800684,0.110841,-0.612468,0.742759,-0.165972,-0.915164,0.798481,0.113673,-0.606094,0.71348,-0.137693,-0.921782,0.805766,0.117154,-0.580703,0.728443,-0.148282
146,-0.921371,0.79037,0.128916,-0.602269,0.726519,-0.12164,-0.92681,0.791744,0.127391,-0.584848,0.7157,-0.138861,-0.927517,0.801156,0.126286,-0.580105,0.712951,-0.115453,-0.935711,0.795932,0.130071,-0.597106,0.725386,-0.130931
147,-0.932479,0.78164,0.153696,-0.595665,0.732869,-0.118789,-0.947019,0.773387,0.155907,-0.589809,0.706341,-0.098838,-0.943323,0.777663,0.156502,-0.600515,0.732787,-0.118521,-0.939162,0.783815,0.163088,-0.60161,0.72377,-0.103346
148,-0.935571,0.777388,0.16863,-0.61955,0.710516,-0.103988,-0.943359,0.764549,0.169259,-0.606649,0.708296,-0.100087,-0.941355,0.772196,0.16195,-0.612514,0.697877,-0.09157,-0.939367,0.772466,0.168163,-0.606547,0.70573,-0.110067
149,-0.93473,0.759645,0.188823,-0.629986,0.71358,-0.080106,-0.9495,0.746529,0.187334,-0.615398,0.706222,-0.069904,-0.947762,0.76348,0.189818,-0.610428,0.687048,-0.079074,-0.945703,0.756844,0.180192,-0.629332,0.710714,-0.087094
150,-0.946989,0.747344,0.2108,-0.619278,0.687817,-0.072446,-0.953442,0.743373,0.200804,-0.655071,0.696912,-0.075154,-0.952993,0.737319,0.203294,-0.619115,0.694465,-0.06058,-0.942217,0.750329,0.207926,-0.627659,0.692584,-0.079668
151,-0.954962,0.726493,0.228922,-0.645062,0.718838,-0.060955,-0.952762,0.733256,0.226798,-0.622278,0.685086,-0.069676,-0.950236,0.731244,0.22438,-0.640115,0.713665,-0.056775,-0.964941,0.737798,0.231086,-0.628631,0.686661,-0.055362
152,-0.955909,0.727389,0.249578,-0.648922,0.694899,-0.059704,-0.9617,0.708167,0.249078,-0.651425,0.688385,-0.037107,-0.966495,0.718941,0.24592,-0.663629,0.699654,-0.025043,-0.962731,0.719353,0.245154,-0.641911,0.686395,-0.040636
153,-0.960097,0.697133,0.264957,-0.655798,0.678741,-0.006792,-0.974205,0.700824,0.275116,-0.663716,0.691011,-0.02947,-0.970969,0.701649,0.258843,-0.642557,0.683073,-0.03492,-0.964102,0.709266,0.26902,-0.645692,0.692667,-0.040365
154,-0.965923,0.675407,0.284621,-0.664263,0.689514,-0.004333,-0.967572,0.678088,0.271492,-0.65793,0.677023,-0.004236,-0.9696,0.68973,0.28466,-0.638805,0.650613,-0.004972,-0.97871,0.688443,0.268535,-0.654436,0.683207,-0.009922
155,-0.981291,0.674035,0.306071,-0.666674,0.67467,0.008392,-0.971952,0.67855,0.302535,-0.676503,0.644273,0.005063,-0.982956,0.675321,0.293529,-0.66375,0.654277,0.010839,-0.978446,0.681736,0.300069,-0.662838,0.68014,0.016046
156,-0.979676,0.654263,0.327646,-0.66947,0.642117,0.019588,-0.980132,0.656375,0.317684,-0.686175,0.641864,0.014056,-0.989774,0.650088,0.312684,-0.673184,0.650501,0.006181,-0.975935,0.648552,0.319068,-0.681182,0.674256,0.03377
157,-0.978958,0.644953,0.329745,-0.704593,0.641954,0.014411,-0.970683,0.650183,0.338851,-0.69747,0.634907,0.016451,-0.996688,0.643843,0.337905,-0.674986,0.622663,0.036241,-0.985483,0.648281,0.342643,-0.687645,0.637306,0.061462
158,-0.984339,0.6332,0.361021,-0.694071,0.630305,0.049571,-0.981256,0.631555,0.363027,-0.685439,0.648545,0.053107,-0.984299,0.636089,0.354754,-0.682232,0.632048,0.05108,-0.987161,0.629436,0.349709,-0.68936,0.616762,0.059665
159,-0.989701,0.619551,0.372365,-0.693101,0.62686,0.067381,-0.989273,0.611976,0.364699,-0.701652,0.640304,0.049302,-0.993189,0.618747,0.367648,-0.701749,0.637685,0.077323,-0.989491,0.622149,0.371138,-0.700005,0.633182,0.072411
160,-0.984607,0.604227,0.393128,-0.718659,0.624836,0.092849,-1.002789,0.597833,0.382962,-0.710832,0.633285,0.080313,-0.994557,0.606668,0.39138,-0.694483,0.637306,0.060796,-0.993538,0.611467,0.383818,-0.705757,0.620105,0.076827
161,-0.999896,0.591524,0.415985,-0.696988,0.599915,0.069636,-1.002678,0.582889,0.404482,-0.717035,0.615845,0.109679,-0.996924,0.596272,0.400822,-0.700949,0.624239,0.082653,-0.999079,0.586243,0.404613,-0.716439,0.62021,0.067345
162,-0.999645,0.579809,0.423884,-0.707478,0.618953,0.132588,-0.993425,0.570968,0.421199,-0.693478,0.614534,0.105715,-1.001608,0.583852,0.418317,-0.719376,0.599457,0.103757,-0.993983,0.581707,0.418877,-0.729447,0.616773,0.09636
163,-0.98916,0.557495,0.44548,-0.710588,0.597835,0.109164,-0.985708,0.564887,0.438099,-0.732156,0.602352,0.099464,-1.004289,0.563669,0.439803,-0.718879,0.581306,0.112148,-0.996515,0.552361,0.43894,-0.718429,0.602073,0.106366
164,-1.008368,0.541391,0.459659,-0.725593,0.598268,0.13674,-1.004167,0.536488,0.454943,-0.707623,0.584059,0.140969,-1.008643,0.547602,0.45029,-0.714994,0.58115,0.129613,-0.998127,0.541124,0.451267,-0.723422,0.598144,0.143841
165,-0.998751,0.528134,0.472611,-0.742792,0.579257,0.144377,-0.995064,0.52154,0.467601,-0.744142,0.573975,0.139775,-0.998696,0.522327,0.482686,-0.719776,0.568352,0.131986,-0.987203,0.524128,0.481374,-0.707017,0.577689,0.149226
166,-0.988693,0.502923,0.492051,-0.745295,0.576371,0.156814,-1.005549,0.503704,0.497016,-0.738731,0.569888,0.161258,-1.007272,0.503721,0.489537,-0.742155,0.574998,0.168208,-1.000658,0.518868,0.491368,-0.730169,0.568422,0.145781
167,-0.997619,0.498836,0.504056,-0.744316,0.565646,0.164046,-0.996482,0.49664,0.503818,-0.733597,0.560664,0.172664,-0.998219,0.495628,0.509622,-0.738993,0.561136,0.164951,-0.999419,0.492676,0.506537,-0.755645,0.555146,0.175475
168,-0.993053,0.486663,0.528157,-0.73159,0.538715,0.179599,-1.00101,0.474563,0.524107,-0.750896,0.547825,0.181622,-0.997303,0.479741,0.509235,-0.734996,0.536294,0.186342,-0.999624,0.4748,0.520405,-0.735738,0.542642,0.166248
169,-1.005975,0.462093,0.52808,-0.736008,0.528651,0.210829,-1.009547,0.459381,0.543786,-0.736923,0.537042,0.19283,-0.994689,0.456321,0.539089,-0.731199,0.535948,0.211658,-1.007101,0.463904,0.539079,-0.738258,0.546821,0.199504
170,-1.001064,0.44107,0.556703,-0.753225,0.525132,0.211788,-0.996884,0.438421,0.547532,-0.750248,0.524879,0.211843,-0.99081,0.453263,0.559012,-0.755214,0.523704,0.220484,-1.001435,0.44996,0.546938,-0.762285,0.5136,0.210913
171,-0.984285,0.434008,0.570147,-0.737838,0.527028,0.248915,-0.993545,0.425864,0.568912,-0.769685,0.521695,0.240926,-0.987535,0.423712,0.575626,-0.744365,0.507658,0.246785,-0.996697,0.438515,0.564607,-0.750949,0.524017,0.221387
172,-0.999761,0.404589,0.581121,-0.745773,0.525557,0.263269,-0.998472,0.408705,0.58404,-0.762669,0.510558,0.265792,-0.995501,0.407745,0.58835,-0.742649,0.497744,0.241427,-0.997507,0.403349,0.587763,-0.745234,0.493461,0.230455
173,-0.992176,0.392618,0.608328,-0.77276,0.500877,0.270484,-0.991447,0.401215,0.596308,-0.753973,0.49055,0.253766,-0.996571,0.390996,0.594275,-0.746791,0.498539,0.246771,-1.004518,0.396689,0.596002,-0.768835,0.509121,0.25075
174,-0.99725,0.378653,0.60906,-0.746199,0.499918,0.279061,-0.992543,0.379154,0.615606,-0.771083,0.494262,0.272729,-0.989971,0.37117,0.616075,-0.751818,0.503659,0.286719,-0.993102,0.370699,0.610654,-0.740671,0.485804,0.275669
175,-0.98567,0.35776,0.623777,-0.748135,0.473972,0.295746,-0.980663,0.351748,0.628649,-0.763339,0.491735,0.281819,-0.999221,0.363191,0.632119,-0.768888,0.464663,0.270729,-0.986083,0.357922,0.637664,-0.772419,0.479642,0.28923
176,-0.987682,0.347777,0.645966,-0.765182,0.466166,0.293989,-0.98816,0.34101,0.649568,-0.762597,0.468436,0.310978,-0.980103,0.339394,0.644623,-0.762355,0.454688,0.300199,-0.99069,0.330417,0.645181,-0.764689,0.471961,0.29603
177,-0.98395,0.323056,0.663623,-0.779511,0.460099,0.314015,-0.981839,0.318117,0.653935,-0.780392,0.445085,0.305903,-0.978548,0.319939,0.660468,-0.769992,0.43259,0.301404,-0.984206,0.317265,0.661349,-0.770126,0.430603,0.320377
178,-0.98555,0.302594,0.673615,-0.765291,0.444535,0.325085,-0.982529,0.306819,0.672645,-0.768049,0.433349,0.323804,-0.978904,0.306456,0.668567,-0.768523,0.453548,0.320166,-0.983401,0.313267,0.681003,-0.782978,0.4441,0.332551
179,-0.974256,0.286609,0.68999,-0.776209,0.408311,0.339619,-0.965919,0.27837,0.692403,-0.781993,0.40642,0.33036,-0.964893,0.277788,0.689956,-0.766585,0.441089,0.336795,-0.966784,0.282716,0.679571,-0.761105,0.422011,0.326436
180,-0.966816,0.267692,0.69831,-0.769616,0.41401,0.361166,-0.966833,0.267964,0.691209,-0.760787,0.407501,0.340649,-0.982163,0.265516,0.710001,-0.769118,0.409715,0.36355,-0.967695,0.271622,0.703793,-0.752705,0.416926,0.339986
181,-0.96254,0.251029,0.710468,-0.787798,0.404876,0.373062,-0.961975,0.256838,0.708573,-0.772012,0.402236,0.365281,-0.963957,0.247717,0.710352,-0.778282,0.400041,0.365519,-0.972501,0.250613,0.713214,-0.767509,0.403283,0.360203
182,-0.953703,0.230382,0.720153,-0.764625,0.381065,0.375762,-0.954745,0.226947,0.727494,-0.768983,0.385074,0.370511,-0.961829,0.234605,0.732648,-0.782369,0.389444,0.382523,-0.962057,0.235112,0.734988,-0.751544,0.396862,0.387631
183,-0.959405,0.211109,0.735982,-0.758917,0.383364,0.364244,-0.94257,0.215294,0.740914,-0.768302,0.392606,0.409167,-0.951878,0.21601,0.733027,-0.770659,0.357458,0.404515,-0.94991,0.209845,0.742471,-0.756158,0.375365,0.398411
184,-0.952707,0.194435,0.743387,-0.75507,0.362713,0.40308,-0.95203,0.194271,0.750771,-0.762281,0.369037,0.407734,-0.946742,0.190021,0.749728,-0.769129,0.365239,0.387577,-0.956096,0.194423,0.753586,-0.76107,0.355618,0.3946
185,-0.9384,0.185976,0.772228,-0.761157,0.358639,0.404465,-0.936715,0.173484,0.76441,-0.774918,0.345621,0.423526,-0.947404,0.173236,0.768376,-0.768787,0.370884,0.406528,-0.936922,0.175409,0.756927,-0.751305,0.340233,0.416528
186,-0.929293,0.152414,0.77476,-0.770668,0.348249,0.410935,-0.936186,0.152055,0.776925,-0.767883,0.336759,0.428086,-0.940724,0.156611,0.777925,-0.762321,0.342395,0.416463,-0.924713,0.160431,0.778737,-0.755212,0.350274,0.402461
187,-0.925469,0.147165,0.786005,-0.777514,0.33863,0.455187,-0.924667,0.138164,0.796217,-0.794056,0.325558,0.433768,-0.923335,0.148358,0.794439,-0.763381,0.320095,0.430135,-0.922906,0.149142,0.788282,-0.757471,0.338485,0.448591
188,-0.9147,0.125581,0.809328,-0.754591,0.327354,0.453005,-0.926162,0.118027,0.787974,-0.753431,0.325463,0.47008,-0.916269,0.122524,0.793863,-0.765003,0.322809,0.447065,-0.914477,0.118209,0.796249,-0.762765,0.308909,0.443966
189,-0.914272,0.118358,0.81076,-0.767456,0.311544,0.479353,-0.92707,0.107414,0.799362,-0.770589,0.315648,0.472996,-0.913339,0.107896,0.812835,-0.760795,0.317153,0.451962,-0.914299,0.094223,0.811825,-0.756243,0.290555,0.45274
190,-0.902092,0.078899,0.8236,-0.770391,0.287143,0.478448,-0.902589,0.084405,0.816794,-0.763433,0.279617,0.454679,-0.913668,0.077458,0.825424,-0.753675,0.285088,0.476426,-0.900339,0.08251,0.81898,-0.746541,0.297779,0.474801
191,-0.89233,0.068756,0.821,-0.748495,0.280111,0.482698,-0.896522,0.06192,0.826975,-0.751886,0.270187,0.486232,-0.898127,0.066448,0.838413,-0.759906,0.269223,0.477834,-0.893013,0.058992,0.833556,-0.766523,0.260633,0.487374
192,-0.888916,0.047883,0.837838,-0.756775,0.253674,0.496193,-0.884748,0.047683,0.834649,-0.749093,0.272548,0.494901,-0.895527,0.05649,0.843719,-0.75235,0.262333,0.480429,-0.893115,0.041997,0.844858,-0.750787,0.266789,0.504381
193,-0.878519,0.03271,0.852429,-0.760923,0.229683,0.495172,-0.88181,0.022058,0.855673,-0.768206,0.252506,0.530264,-0.886421,0.02943,0.848676,-0.759125,0.231624,0.519222,-0.890934,0.035541,0.857176,-0.748721,0.248451,0.513612
194,-0.868171,0.00911,0.859958,-0.757228,0.245401,0.521875,-0.865969,0.007251,0.862597,-0.7592,0.242079,0.52436,-0.871417,0.00661,0.85303,-0.759083,0.226639,0.515903,-0.86728,0.013503,0.868421,-0.74179,0.229191,0.511469
195,-0.857655,-0.008298,0.8706,-0.748999,0.236826,0.5424,-0.861411,-0.010229,0.863611,-0.748602,0.224116,0.536148,-0.86109,-0.015787,0.863838,-0.757531,0.213392,0.535535,-0.858398,-0.008284,0.870214,-0.752062,0.206666,0.532264
196,-0.857945,-0.028482,0.87131,-0.744663,0.217754,0.558659,-0.847663,-0.030911,0.874887,-0.754241,0.221706,0.543604,-0.843233,-0.030406,0.886966,-0.751119,0.2055,0.533954,-0.855749,-0.031259,0.87867,-0.747598,0.210488,0.548196
197,-0.836618,-0.046981,0.88286,-0.731432,0.189752,0.5357,-0.839371,-0.044182,0.892236,-0.747256,0.18856,0.538559,-0.848737,-0.041959,0.898146,-0.739847,0.176625,0.547117,-0.840953,-0.052141,0.893869,-0.750373,0.186885,0.553718
198,-0.825407,-0.070544,0.890677,-0.746756,0.178708,0.549235,-0.834052,-0.067794,0.898823,-0.731699,0.190839,0.570663,-0.827124,-0.06287,0.903742,-0.735929,0.188585,0.566406,-0.827631,-0.068482,0.901249,-0.741121,0.174435,0.553391
199,-0.815742,-0.089676,0.899399,-0.733832,0.188696,0.554728,-0.812677,-0.088213,0.909689,-0.735497,0.164819,0.586277,-0.818683,-0.097543,0.899457,-0.72894,0.181985,0.576902,-0.815599,-0.083732,0.905011,-0.741149,0.170483,0.574618
200,-0.797386,-0.102486,0.918274,-0.71796,0.156911,0.576477,-0.812848,-0.103447,0.909304,-0.714079,0.145555,0.595592,-0.805848,-0.108447,0.910135,-0.72363,0.145962,0.577579,-0.81904,-0.108482,0.917429,-0.73983,0.131889,0.583005
201,-0.799671,-0.128898,0.920556,-0.715025,0.147413,0.587088,-0.788129,-0.126233,0.91032,-0.717216,0.152729,0.583801,-0.798272,-0.118978,0.926336,-0.741416,0.134073,0.605357,-0.799269,-0.120285,0.922478,-0.74475,0.14478,0.581454
202,-0.776247,-0.145744,0.925507,-0.731186,0.119516,0.592842,-0.785927,-0.144471,0.92526,-0.731314,0.104271,0.593248,-0.78454,-0.14746,0.924884,-0.713321,0.107387,0.60012,-0.790484,-0.149303,0.932159,-0.724777,0.119484,0.586887
203,-0.779052,-0.166978,0.938398,-0.71624,0.123567,0.60618,-0.782171,-0.164661,0.934969,-0.714722,0.109798,0.609782,-0.778944,-0.160438,0.932619,-0.701779,0.110311,0.622678,-0.767684,-0.15969,0.934903,-0.718066,0.101004,0.587823
204,-0.759993,-0.170624,0.948831,-0.696098,0.100719,0.61265,-0.762712,-0.173844,0.936267,-0.713304,0.108017,0.614852,-0.754827,-0.177326,0.93381,-0.718775,0.088382,0.612183,-0.752531,-0.174098,0.938336,-0.714012,0.083852,0.605864
205,-0.745252,-0.197746,0.947561,-0.718346,0.078815,0.615754,-0.743803,-0.204007,0.946841,-0.7073,0.077567,0.625537,-0.751009,-0.194615,0.948153,-0.697568,0.074296,0.628923,-0.75746,-0.194413,0.939769,-0.709134,0.099841,0.626056
206,-0.746491,-0.217077,0.95731,-0.697712,0.067854,0.653847,-0.737847,-0.223588,0.958379,-0.693395,0.062246,0.626619,-0.733242,-0.214625,0.953711,-0.694058,0.06061,0.634267,-0.733908,-0.208921,0.95462,-0.71185,0.070747,0.642302
207,-0.723377,-0.233065,0.959654,-0.686567,0.053344,0.636662,-0.721035,-0.228778,0.96958,-0.692061,0.054942,0.632821,-0.727113,-0.236169,0.955033,-0.685457,0.044236,0.640537,-0.725323,-0.234363,0.96079,-0.69383,0.021961,0.642269
208,-0.709169,-0.254212,0.969304,-0.699569,0.018787,0.64096,-0.711548,-0.259529,0.971132,-0.676772,0.047562,0.644568,-0.704114,-0.254295,0.956935,-0.688018,0.021167,0.633411,-0.705905,-0.256482,0.96533,-0.691016,0.034538,0.644003
209,-0.694753,-0.274959,0.964388,-0.675591,0.036137,0.656613,-0.697147,-0.265171,0.980757,-0.665746,0.019569,0.656252,-0.691568,-0.271463,0.966863,-0.691714,0.01297,0.647768,-0.694399,-0.271789,0.963378,-0.666962,0.02752,0.653053
210,-0.683721,-0.291107,0.967845,-0.668718,0.011669,0.657822,-0.683759,-0.288821,0.973339,-0.669604,0.016797,0.683529,-0.678633,-0.283157,0.977414,-0.669538,0.010701,0.655683,-0.683181,-0.289937,0.981235,-0.6689,-0.001972,0.665374
211,-0.671593,-0.307083,0.971093,-0.676819,-0.005394,0.663034,-0.668588,-0.308122,0.977229,-0.664869,0.007479,0.662034,-0.672197,-0.307826,0.984879,-0.673631,-0.007015,0.656742,-0.67015,-0.303192,0.978193,-0.665674,-0.007824,0.668356
212,-0.65256,-0.334964,0.988479,-0.661883,-0.029917,0.679793,-0.66047,-0.323659,0.980693,-0.656247,-0.004215,0.681915,-0.646959,-0.3199,0.986487,-0.661564,-0.031782,0.679246,-0.659469,-0.321679,0.982346,-0.646711,-0.018211,0.664066
213,-0.636444,-0.348123,0.989035,-0.666674,-0.033207,0.685668,-0.647793,-0.342623,0.978808,-0.647059,-0.027841,0.686359,-0.644699,-0.343021,0.988971,-0.66233,-0.025562,0.674472,-0.643917,-0.350433,0.993376,-0.663396,-0.02261,0.675335
214,-0.626679,-0.367938,0.980593,-0.632724,-0.054047,0.695753,-0.631303,-0.362986,0.988839,-0.647947,-0.026738,0.671594,-0.632226,-0.361772,0.988898,-0.631859,-0.058063,0.693076,-0.625863,-0.35917,0.992289,-0.643811,-0.046552,0.690972
215,-0.609836,-0.38445,0.987154,-0.649256,-0.078273,0.689137,-0.612985,-0.381283,0.982248,-0.624954,-0.088684,0.7007,-0.611972,-0.375096,0.993148,-0.641719,-0.072746,0.708524,-0.611464,-0.373084,0.992922,-0.62778,-0.061607,0.706656
216,-0.590016,-0.394736,0.981681,-0.614631,-0.0909,0.714882,-0.594069,-0.399745,0.985386,-0.623029,-0.088092,0.688352,-0.598136,-0.391545,1.003059,-0.622749,-0.099936,0.708768,-0.602835,-0.394208,0.996831,-0.615989,-0.064161,0.689364
217,-0.586662,-0.407845,0.99453,-0.603536,-0.09971,0.693871,-0.585132,-0.412432,0.992099,-0.608374,-0.081138,0.714974,-0.585024,-0.419569,0.990656,-0.603022,-0.08944,0.714481,-0.582105,-0.411722,0.9901,-0.614189,-0.097796,0.707806
218,-0.575128,-0.42584,0.995905,-0.598958,-0.124933,0.716374,-0.571366,-0.434061,0.996773,-0.593725,-0.106304,0.715639,-0.573922,-0.435918,0.999422,-0.605722,-0.111527,0.721374,-0.56331,-0.440295,0.998317,-0.599659,-0.108354,0.696765
219,-0.553057,-0.451486,1.000611,-0.586146,-0.133999,0.707475,-0.548699,-0.443587,0.996296,-0.596984,-0.121604,0.716787,-0.550372,-0.44258,1.003569,-0.588283,-0.13872,0.72357,-0.554376,-0.446052,0.983923,-0.59173,-0.127039,0.708925
220,-0.535587,-0.466769,0.999336,-0.594764,-0.134762,0.728895,-0.540102,-0.466271,1.001663,-0.575748,-0.135688,0.710182,-0.530426,-0.459654,0.994309,-0.589687,-0.132397,0.721343,-0.52829,-0.461056,1.000853,-0.591445,-0.117051,0.738671
221,-0.512166,-0.475605,1.002549,-0.549925,-0.160583,0.73614,-0.521071,-0.483751,1.00484,-0.570699,-0.160197,0.738312,-0.514211,-0.486212,1.007023,-0.574421,-0.157021,0.737562,-0.520021,-0.477823,0.997652,-0.584586,-0.14952,0.71851
222,-0.505944,-0.488192,1.007538,-0.574082,-0.1849,0.729609,-0.511111,-0.495174,1.000495,-0.574315,-0.16871,0.739604,-0.502924,-0.49562,0.998498,-0.570903,-0.170851,0.719707,-0.497724,-0.493584,0.998014,-0.57879,-0.135322,0.740653
223,-0.486839,-0.512162,1.000304,-0.564104,-0.1876,0.74829,-0.485543,-0.50984,1.000797,-0.547519,-0.182507,0.723892,-0.486931,-0.508465,0.996609,-0.56486,-0.182343,0.738747,-0.490665,-0.508747,0.996789,-0.551868,-0.188232,0.725715
224,-0.459818,-0.523567,1.001084,-0.523789,-0.181931,0.740701,-0.46174,-0.519868,1.000767,-0.544594,-0.212269,0.742509,-0.469981,-0.532369,1.007743,-0.545362,-0.207255,0.751328,-0.469173,-0.531406,0.99741,-0.545015,-0.20704,0.749201
225,-0.458137,-0.541072,1.005125,-0.556333,-0.188888,0.75055,-0.450916,-0.547626,1.002196,-0.538329,-0.197918,0.749925,-0.462636,-0.549003,1.007133,-0.536204,-0.203407,0.745042,-0.452169,-0.555141,0.996347,-0.537147,-0.204125,0.74213
226,-0.436053,-0.559359,0.989363,-0.513299,-0.21983,0.74594,-0.434885,-0.565562,0.99914,-0.528227,-0.23186,0.748918,-0.429305,-0.552338,0.995833,-0.530428,-0.22323,0.742157,-0.426863,-0.560363,0.997828,-0.520417,-0.222567,0.760238
227,-0.425681,-0.586994,0.998972,-0.498563,-0.244584,0.739812,-0.415332,-0.588047,0.998326,-0.511971,-0.223389,0.752184,-0.430586,-0.572582,0.996047,-0.506166,-0.240004,0.762132,-0.426921,-0.581854,0.987481,-0.495004,-0.246895,0.765808
228,-0.403622,-0.589264,0.994914,-0.501574,-0.224627,0.772862,-0.402073,-0.584913,0.998254,-0.507423,-0.233958,0.765003,-0.405319,-0.594813,0.994196,-0.493955,-0.241783,0.763518,-0.403111,-0.58652,0.998289,-0.515708,-0.244082,0.759945
229,-0.382887,-0.604817,0.994248,-0.482147,-0.262843,0.766573,-0.382292,-0.60327,0.992512,-0.485578,-0.260394,0.762404,-0.380158,-0.597154,0.985782,-0.488314,-0.25453,0.778821,-0.375104,-0.606316,0.994188,-0.491991,-0.260823,0.756287
230,-0.3727,-0.618296,0.991553,-0.477176,-0.272163,0.749894,-0.377864,-0.618325,0.990631,-0.475799,-0.294785,0.763213,-0.366419,-0.611845,0.990293,-0.467596,-0.277695,0.770974,-0.365778,-0.617596,0.99106,-0.498902,-0.277247,0.759813
231,-0.349661,-0.637996,0.988642,-0.472989,-0.282543,0.774572,-0.348611,-0.631393,0.984223,-0.458027,-0.299574,0.763973,-0.356795,-0.625843,0.986828,-0.464191,-0.297406,0.777479,-0.354679,-0.640964,0.989198,-0.468607,-0.285181,0.763534
232,-0.327151,-0.642439,0.987972,-0.455916,-0.316315,0.762222,-0.333892,-0.657369,0.990399,-0.465551,-0.306785,0.744441,-0.328248,-0.64585,0.977799,-0.450628,-0.312018,0.786077,-0.33851,-0.63942,0.975641,-0.455741,-0.29066,0.769334
233,-0.311293,-0.663625,0.987114,-0.443713,-0.334006,0.747222,-0.322718,-0.663065,0.988057,-0.459232,-0.316699,0.766332,-0.311756,-0.664556,0.972384,-0.460316,-0.312795,0.775279,-0.314045,-0.665275,0.981522,-0.440856,-0.319357,0.763647
234,-0.297102,-0.677544,0.985212,-0.44007,-0.326269,0.748527,-0.29193,-0.684365,0.974758,-0.433218,-0.329767,0.771668,-0.304042,-0.676435,0.974784,-0.433996,-0.319601,0.78468,-0.294431,-0.675689,0.97746,-0.44034,-0.342234,0.760694
235,-0.277702,-0.692806,0.975257,-0.428532,-0.340111,0.772922,-0.277496,-0.698576,0.974164,-0.4236,-0.344362,0.762919,-0.285142,-0.693802,0.975914,-0.422192,-0.339861,0.750988,-0.272175,-0.687887,0.973463,-0.432972,-0.34007,0.75689
236,-0.264302,-0.704345,0.96838,-0.402241,-0.340914,0.756869,-0.246237,-0.698322,0.96442,-0.40181,-0.336794,0.751782,-0.26067,-0.705715,0.973576,-0.425765,-0.352468,0.774672,-0.26263,-0.701166,0.968665,-0.395132,-0.345872,0.765706
237,-0.241417,-0.716699,0.961231,-0.403873,-0.359071,0.775275,-0.233419,-0.718394,0.96008,-0.379379,-0.354966,0.777228,-0.248812,-0.724964,0.961859,-0.390982,-0.367578,0.768596,-0.241058,-0.727375,0.967272,-0.401168,-0.37521,0.784892
238,-0.22759,-0.733226,0.960341,-0.380617,-0.387569,0.772725,-0.220281,-0.728068,0.954946,-0.386121,-0.394388,0.776117,-0.231744,-0.725497,0.964738,-0.392183,-0.382805,0.761104,-0.227593,-0.732701,0.957963,-0.362175,-0.384346,0.766929
239,-0.20779,-0.735134,0.948871,-0.369389,-0.418656,0.761714,-0.200656,-0.747607,0.95125,-0.36929,-0.381316,0.764078,-0.21258,-0.741674,0.949768,-0.36004,-0.384003,0.75872,-0.209173,-0.745237,0.953825,-0.366877,-0.384871,0.765366
240,-0.189773,-0.754125,0.943553,-0.352088,-0.427948,0.756653,-0.184105,-0.757957,0.936839,-0.364291,-0.395271,0.790926,-0.186708,-0.753466,0.945328,-0.377488,-0.402238,0.768746,-0.190613,-0.759812,0.945969,-0.351455,-0.428588,0.7621
241,-0.167387,-0.771342,0.946854,-0.340643,-0.434791,0.748212,-0.174917,-0.761863,0.941695,-0.342143,-0.423001,0.756312,-0.167945,-0.772426,0.936581,-0.35033,-0.425714,0.741744,-0.167432,-0.77333,0.930039,-0.363969,-0.419239,0.758562
242,-0.150195,-0.774732,0.929094,-0.330571,-0.43064,0.759262,-0.146508,-0.784714,0.928675,-0.335161,-0.431087,0.770088,-0.137897,-0.78262,0.930362,-0.335169,-0.425801,0.781193,-0.146669,-0.780674,0.926227,-0.338032,-0.429221,0.764214
243,-0.138154,-0.797172,0.918853,-0.310788,-0.441624,0.775376,-0.133307,-0.789559,0.926455,-0.341907,-0.452499,0.758107,-0.136152,-0.794967,0.92855,-0.321903,-0.460485,0.758585,-0.134371,-0.796388,0.922746,-0.327556,-0.441416,0.769024
244,-0.118,-0.805628,0.915121,-0.310929,-0.450794,0.772765,-0.114828,-0.801977,0.913968,-0.305186,-0.443814,0.781114,-0.112629,-0.799403,0.918222,-0.302554,-0.461365,0.763013,-0.124884,-0.804087,0.913471,-0.305834,-0.45253,0.753429
245,-0.088964,-0.819919,0.91217,-0.30144,-0.478658,0.767634,-0.105773,-0.819146,0.902561,-0.280093,-0.468212,0.746141,-0.098494,-0.822157,0.907846,-0.30391,-0.470217,0.766564,-0.093134,-0.814736,0.912131,-0.302728,-0.466112,0.752773
246,-0.068076,-0.824081,0.906406,-0.304368,-0.477545,0.744523,-0.075664,-0.823987,0.88905,-0.282634,-0.488535,0.7666,-0.070922,-0.833841,0.900253,-0.287734,-0.468572,0.756471,-0.077986,-0.828949,0.907395,-0.282657,-0.47689,0.763242
247,-0.061182,-0.839128,0.896005,-0.278575,-0.4694,0.737977,-0.051472,-0.832872,0.891041,-0.275386,-0.49293,0.757162,-0.056319,-0.833479,0.885492,-0.26896,-0.494788,0.782611,-0.051585,-0.841185,0.896527,-0.268068,-0.482326,0.742672
248,-0.040262,-0.844526,0.883752,-0.246861,-0.494028,0.744277,-0.034188,-0.846423,0.884143,-0.257817,-0.509756,0.737392,-0.04822,-0.851175,0.891828,-0.244861,-0.513432,0.759694,-0.03583,-0.840003,0.888767,-0.271434,-0.498837,0.76025
249,-0.015679,-0.864483,0.881559,-0.250129,-0.528655,0.753002,-0.025619,-0.853724,0.876586,-0.244279,-0.519588,0.740796,-0.01856,-0.853643,0.875555,-0.246793,-0.510342,0.758101,-0.02087,-0.849884,0.874388,-0.252246,-0.507848,0.761932
250,0.004752,-0.867464,0.868764,-0.229475,-0.545024,0.74085,0.001676,-0.870634,0.868924,-0.225203,-0.509165,0.752695,-0.001438,-0.863612,0.862898,-0.221374,-0.522882,0.736834,-0.006432,-0.875582,0.859553,-0.21644,-0.514301,0.748096
251,0.013249,-0.872355,0.851312,-0.213812,-0.537414,0.762062,0.018399,-0.879377,0.853965,-0.225031,-0.525888,0.722746,0.015511,-0.874603,0.856073,-0.21583,-0.519847,0.752487,0.011127,-0.872959,0.851492,-0.223502,-0.54563,0.722818
252,0.037393,-0.879842,0.846335,-0.199581,-0.541329,0.741179,0.0462,-0.88178,0.850651,-0.191359,-0.528619,0.754702,0.037385,-0.892137,0.846474,-0.203095,-0.544653,0.743501,0.030575,-0.880207,0.848671,-0.215953,-0.550117,0.750627
253,0.054123,-0.889349,0.834048,-0.187756,-0.540975,0.751898,0.054036,-0.892717,0.833602,-0.168653,-0.554757,0.746583,0.060296,-0.896849,0.837795,-0.17791,-0.558956,0.737153,0.057251,-0.896719,0.84051,-0.179862,-0.567176,0.754327
254,0.075496,-0.895006,0.834841,-0.159104,-0.5581,0.752967,0.066674,-0.888655,0.815163,-0.157702,-0.564959,0.749358,0.078245,-0.910181,0.816745,-0.156971,-0.562793,0.726733,0.072758,-0.905892,0.827792,-0.157485,-0.553515,0.730968
255,0.093886,-0.911046,0.812294,-0.156073,-0.574597,0.71611,0.099006,-0.9034,0.809313,-0.153423,-0.580623,0.743045,0.095277,-0.908219,0.81348,-0.142186,-0.560447,0.723253,0.09925,-0.909709,0.810391,-0.15644,-0.570912,0.734841
256,0.112695,-0.917032,0.800158,-0.127746,-0.597446,0.727266,0.122382,-0.911115,0.803029,-0.138549,-0.582885,0.726211,0.113393,-0.916875,0.810694,-0.12335,-0.584299,0.722959,0.123999,-0.918829,0.807799,-0.157642,-0.588103,0.729568
257,0.129182,-0.933613,0.796813,-0.117404,-0.58343,0.728269,0.132777,-0.922096,0.798483,-0.139241,-0.583844,0.708439,0.131412,-0.924903,0.790162,-0.141334,-0.594362,0.710465,0.117037,-0.929689,0.795877,-0.132983,-0.598913,0.722722
258,0.147421,-0.93577,0.773759,-0.111567,-0.592951,0.717752,0.153365,-0.939543,0.774682,-0.125009,-0.592203,0.716996,0.153888,-0.935494,0.783685,-0.124525,-0.593425,0.716435,0.139781,-0.931016,0.780929,-0.114548,-0.605209,0.711277
259,0.171392,-0.938654,0.765718,-0.093621,-0.604438,0.694817,0.170151,-0.929116,0.775776,-0.096734,-0.614928,0.719663,0.166872,-0.934909,0.766155,-0.099075,-0.624543,0.7152,0.159599,-0.931524,0.775808,-0.088819,-0.601212,0.703049
260,0.184702,-0.946108,0.75109,-0.076445,-0.610794,0.716412,0.186581,-0.941955,0.764062,-0.079032,-0.629382,0.69736,0.19045,-0.935557,0.756474,-0.090715,-0.622909,0.718491,0.181468,-0.948102,0.751735,-0.072832,-0.598222,0.703909
261,0.19951,-0.952378,0.743404,-0.060142,-0.623634,0.697942,0.202302,-0.951453,0.755309,-0.052886,-0.607374,0.704573,0.206143,-0.950414,0.743997,-0.097641,-0.631906,0.685073,0.20745,-0.951557,0.742594,-0.069505,-0.622018,0.706805
262,0.21817,-0.951311,0.730038,-0.064228,-0.625924,0.67973,0.221251,-0.958805,0.727415,-0.060949,-0.629487,0.703876,0.227315,-0.96307,0.736578,-0.058163,-0.632613,0.692112,0.226405,-0.955416,0.737796,-0.045042,-0.637721,0.678775
263,0.236997,-0.963109,0.724326,-0.02524,-0.632388,0.672917,0.236449,-0.95892,0.713957,-0.039213,-0.650122,0.689086,0.241019,-0.964301,0.72467,-0.049923,-0.647016,0.693197,0.249796,-0.956649,0.718185,-0.058259,-0.64689,0.667787
264,0.267454,-0.959829,0.69095,-0.029249,-0.650162,0.693502,0.260926,-0.961372,0.705283,-0.029101,-0.66306,0.671727,0.259984,-0.952146,0.705877,-0.031302,-0.644158,0.688163,0.263567,-0.964932,0.716262,-0.014204,-0.635489,0.689947
265,0.282981,-0.973882,0.688841,-0.013825,-0.662466,0.685392,0.28072,-0.973491,0.690339,-0.026961,-0.655599,0.681614,0.284241,-0.971341,0.696352,-0.004366,-0.652063,0.671379,0.279073,-0.966584,0.685362,-0.004877,-0.662856,0.685047
266,0.291664,-0.969367,0.675065,0.010421,-0.67624,0.65879,0.302647,-0.978334,0.676764,-0.014028,-0.660855,0.673002,0.289933,-0.971299,0.675072,-0.016704,-0.670423,0.655266,0.298571,-0.978321,0.677179,0.005143,-0.668978,0.660462
267,0.312305,-0.975212,0.666775,0.021797,-0.668119,0.655829,0.315743,-0.984044,0.660456,0.024285,-0.6687,0.650693,0.325759,-0.974784,0.658221,0.012185,-0.660614,0.665054,0.313711,-0.976637,0.679415,0.021352,-0.664836,0.667508
268,0.331855,-0.983456,0.64678,0.03216,-0.682523,0.646629,0.332902,-0.976562,0.647117,0.030022,-0.671223,0.652916,0.328048,-0.987116,0.659129,0.021081,-0.690892,0.645715,0.334724,-0.987237,0.654054,0.021113,-0.665968,0.656417
269,0.35695,-0.9898,0.641359,0.051666,-0.688343,0.648188,0.353375,-0.994276,0.635637,0.04711,-0.681416,0.636919,0.347128,-0.986671,0.63407,0.059483,-0.682664,0.653315,0.356047,-0.985522,0.635888,0.036028,-0.695027,0.627203
270,0.360992,-0.992173,0.625399,0.079572,-0.700707,0.637315,0.364603,-0.986473,0.625986,0.051702,-0.687204,0.634909,0.373565,-0.99066,0.624511,0.064318,-0.699198,0.632218,0.370621,-0.987222,0.619593,0.072243,-0.705117,0.622924
271,0.384394,-0.98948,0.604708,0.077257,-0.701498,0.606962,0.390226,-0.99634,0.603059,0.069877,-0.69262,0.637051,0.387345,-0.993937,0.605072,0.063152,-0.703988,0.634733,0.385936,-0.9814,0.611472,0.076927,-0.711215,0.623793
272,0.404871,-0.996397,0.59112,0.100464,-0.712741,0.6071,0.388634,-1.000467,0.588944,0.081166,-0.697184,0.60382,0.407723,-0.993609,0.584917,0.072742,-0.719588,0.615395,0.403177,-0.98529,0.58932,0.07574,-0.710627,0.598152
273,0.422479,-0.998621,0.581474,0.109211,-0.709347,0.592445,0.423096,-0.997606,0.574711,0.11165,-0.721131,0.595287,0.418335,-0.989352,0.570291,0.08622,-0.715451,0.617341,0.409078,-1.001698,0.572844,0.10214,-0.703485,0.611114
274,0.432492,-0.991824,0.563307,0.114652,-0.703335,0.599324,0.441604,-0.998849,0.566629,0.112553,-0.730766,0.597745,0.440665,-0.995772,0.56122,0.134963,-0.716139,0.605602,0.435158,-0.990637,0.564448,0.131103,-0.709169,0.605674
275,0.462203,-0.996973,0.547233,0.130415,-0.724823,0.57833,0.450363,-0.992969,0.54679,0.126877,-0.7385,0.588428,0.455382,-1.001705,0.543088,0.128967,-0.72506,0.594519,0.456607,-0.993796,0.547898,0.139045,-0.720059,0.599484
276,0.469054,-0.995913,0.53645,0.152064,-0.709278,0.568093,0.472839,-1.001094,0.532503,0.144915,-0.742486,0.570278,0.46668,-0.997514,0.52508,0.152118,-0.724326,0.580415,0.467421,-0.993196,0.535647,0.134038,-0.731482,0.581732
277,0.49007,-0.999837,0.514405,0.158179,-0.720857,0.57171,0.486755,-1.003283,0.505358,0.178383,-0.732848,0.568286,0.477937,-1.007161,0.521235,0.165846,-0.732339,0.575014,0.485404,-0.995176,0.514646,0.17136,-0.747285,0.563899
278,0.505008,-0.997543,0.499747,0.170781,-0.732639,0.569709,0.498445,-1.002794,0.499537,0.160843,-0.724987,0.559042,0.501971,-1.001539,0.507053,0.167759,-0.755188,0.553414,0.509177,-0.992435,0.496096,0.16862,-0.735951,0.575638
279,0.521379,-1.002302,0.479989,0.18081,-0.729921,0.570585,0.518896,-1.004793,0.491428,0.177649,-0.732005,0.558386,0.524888,-0.995847,0.486903,0.192943,-0.740529,0.547345,0.523369,-0.992412,0.477719,0.184442,-0.733572,0.543127
280,0.531749,-0.998176,0.462675,0.209909,-0.727551,0.537576,0.534091,-0.996345,0.459022,0.216609,-0.739072,0.53851,0.538865,-0.993863,0.462037,0.204044,-0.734315,0.541446,0.535425,-0.996996,0.468041,0.194553,-0.742114,0.550155
281,0.543921,-0.996129,0.441102,0.222679,-0.75623,0.534468,0.553089,-0.988562,0.445032,0.202847,-0.770561,0.545843,0.563649,-0.985054,0.448243,0.207583,-0.744168,0.539176,0.544583,-1.005326,0.455027,0.219819,-0.751662,0.533313
282,0.568666,-0.994558,0.419916,0.223677,-0.738658,0.506194,0.562223,-1.010314,0.427526,0.228731,-0.7576,0.51251,0.564854,-1.000863,0.428972,0.225385,-0.747908,0.527666,0.568876,-0.995486,0.434456,0.226821,-0.75418,0.506791
283,0.575303,-0.999304,0.420767,0.244661,-0.751197,0.500095,0.590381,-0.988543,0.412719,0.260145,-0.750839,0.507288,0.596205,-0.99501,0.408404,0.257942,-0.749805,0.498653,0.585257,-1.002274,0.415707,0.245881,-0.754994,0.508672
284,0.599585,-0.993506,0.396683,0.261666,-0.75219,0.513511,0.597966,-0.99454,0.397131,0.262132,-0.756801,0.494443,0.606244,-1.004059,0.394695,0.249871,-0.754045,0.501058,0.599419,-0.990328,0.398547,0.263233,-0.745359,0.510738
285,0.608176,-0.994049,0.379128,0.256672,-0.759225,0.491803,0.608016,-1.000452,0.377529,0.267445,-0.763007,0.490987,0.609022,-0.99708,0.373341,0.269829,-0.771596,0.492302,0.618959,-0.99568,0.376,0.264682,-0.772961,0.484651
286,0.623181,-0.989408,0.353601,0.282194,-0.773746,0.486782,0.636227,-1.003297,0.355245,0.280175,-0.75657,0.47136,0.637775,-0.983498,0.363457,0.266072,-0.758607,0.47635,0.633134,-0.999659,0.355987,0.271658,-0.749824,0.479829
287,0.64868,-0.987361,0.33288,0.281642,-0.760614,0.469916,0.645526,-0.984259,0.338752,0.287831,-0.770168,0.451201,0.642536,-0.981242,0.347845,0.281164,-0.741897,0.468797,0.634418,-0.990178,0.345806,0.320634,-0.756426,0.462667
288,0.656383,-0.990174,0.318247,0.300679,-0.764035,0.459973,0.661559,-0.988326,0.326688,0.326896,-0.759977,0.463049,0.653807,-0.976992,0.321508,0.309986,-0.772789,0.443788,0.654013,-0.978057,0.332857,0.320575,-0.742438,0.471984
289,0.670442,-0.977092,0.304752,0.338747,-0.764539,0.427757,0.67985,-0.977815,0.309046,0.32992,-0.766873,0.444481,0.670918,-0.981166,0.301886,0.333183,-0.773914,0.463422,0.664021,-0.979388,0.3017,0.322123,-0.776509,0.436836
290,0.68297,-0.978821,0.291322,0.347256,-0.749317,0.434584,0.681416,-0.979397,0.283817,0.337851,-0.769447,0.435094,0.677406,-0.9684,0.29205,0.327206,-0.763064,0.438514,0.685446,-0.967104,0.290322,0.344011,-0.764528,0.419471
291,0.69485,-0.968206,0.270093,0.350215,-0.77615,0.417749,0.701987,-0.974622,0.275321,0.350167,-0.769084,0.41361,0.687862,-0.973934,0.265203,0.342982,-0.772198,0.427093,0.712679,-0.968356,0.273218,0.355224,-0.756061,0.419505
292,0.71877,-0.958648,0.250639,0.362926,-0.783561,0.409474,0.712075,-0.962146,0.253802,0.34917,-0.764732,0.411353,0.712143,-0.964075,0.251898,0.364999,-0.770506,0.405802,0.710058,-0.960753,0.257375,0.385789,-0.766077,0.401825
293,0.728079,-0.965681,0.23075,0.364334,-0.769121,0.382792,0.720158,-0.961381,0.226936,0.365647,-0.757477,0.401676,0.723465,-0.955402,0.228679,0.361449,-0.762603,0.367986,0.720983,-0.954049,0.23479,0.399341,-0.781638,0.383873
294,0.734214,-0.950343,0.226193,0.394431,-0.773817,0.37798,0.742618,-0.949818,0.216925,0.381077,-0.754831,0.380928,0.735943,-0.951474,0.213877,0.389002,-0.767403,0.373449,0.738318,-0.956889,0.207517,0.381712,-0.755104,0.373412
295,0.753794,-0.948359,0.200736,0.400293,-0.768616,0.366702,0.748217,-0.955279,0.190615,0.396673,-0.772212,0.36106,0.747698,-0.942908,0.205018,0.380374,-0.764822,0.368448,0.746818,-0.946925,0.193548,0.420321,-0.756786,0.359853
296,0.759621,-0.93587,0.17738,0.400175,-0.767224,0.351148,0.764016,-0.940919,0.170705,0.390812,-0.773019,0.34758,0.758863,-0.941693,0.178963,0.40372,-0.768852,0.351142,0.76052,-0.935323,0.185522,0.416456,-0.752631,0.361372
297,0.772252,-0.928287,0.165266,0.436309,-0.764062,0.352845,0.781138,-0.932485,0.156429,0.417571,-0.783094,0.353792,0.777197,-0.926717,0.1622,0.438786,-0.765962,0.355612,0.781375,-0.938013,0.168951,0.431213,-0.769104,0.342048
298,0.788676,-0.932784,0.138314,0.443675,-0.762798,0.332313,0.7812,-0.922066,0.140956,0.453648,-0.7596,0.341774,0.786746,-0.932575,0.140423,0.447677,-0.791763,0.336826,0.788699,-0.926403,0.138471,0.426831,-0.766299,0.325411
299,0.796459,-0.917525,0.137414,0.449702,-0.761661,0.331929,0.794656,-0.924539,0.121206,0.444413,-0.756469,0.30026,0.784931,-0.916566,0.122029,0.434389,-0.755041,0.304228,0.794599,-0.916002,0.134777,0.448733,-0.78059,0.305761
300,0.819468,-0.915434,0.106925,0.468755,-0.762251,0.303533,0.804587,-0.910171,0.105826,0.44946,-0.759751,0.299087,0.810221,-0.912469,0.103754,0.464565,-0.778113,0.308287,0.814886,-0.916685,0.107144,0.464456,-0.756608,0.286758
301,0.821308,-0.89819,0.089433,0.468721,-0.75875,0.275111,0.819917,-0.900346,0.085029,0.485002,-0.751346,0.283997,0.815852,-0.909119,0.084924,0.476245,-0.764452,0.292413,0.820621,-0.902443,0.080545,0.46781,-0.750743,0.300989
302,0.833403,-0.897856,0.060388,0.472753,-0.771126,0.283124,0.825743,-0.900427,0.072065,0.461834,-0.753873,0.287896,0.822923,-0.896282,0.060255,0.485232,-0.763147,0.254308,0.831614,-0.897184,0.069494,0.47085,-0.760622,0.281913
303,0.844085,-0.888204,0.051036,0.490083,-0.755241,0.273573,0.844376,-0.886506,0.037328,0.492286,-0.756344,0.268671,0.842947,-0.900589,0.042679,0.492773,-0.771272,0.267949,0.840001,-0.891857,0.056878,0.499285,-0.761194,0.252966
304,0.851895,-0.870832,0.024748,0.515587,-0.761346,0.243807,0.849498,-0.880059,0.031668,0.498152,-0.750007,0.232613,0.853176,-0.87711,0.023766,0.501789,-0.760028,0.247072,0.846756,-0.884782,0.02069,0.512627,-0.764871,0.259693
305,0.861883,-0.874859,0.003036,0.510733,-0.755718,0.220429,0.855102,-0.876887,0.012551,0.516737,-0.755233,0.237849,0.859564,-0.874545,0.008366,0.502316,-0.72971,0.212527,0.864756,-0.876591,0.010701,0.531277,-0.744962,0.234467
306,0.869979,-0.855082,-0.00503,0.541552,-0.731364,0.218369,0.873711,-0.864883,-0.01057,0.521112,-0.747822,0.214916,0.868899,-0.866158,-0.008369,0.518642,-0.738804,0.229849,0.871854,-0.871913,-0.00689,0.53403,-0.743581,0.224464
307,0.888321,-0.857039,-0.025862,0.531762,-0.733268,0.212919,0.879531,-0.854667,-0.031072,0.542136,-0.740858,0.193714,0.87201,-0.866408,-0.022848,0.544661,-0.761732,0.205395,0.876943,-0.861258,-0.042641,0.54845,-0.744697,0.210049
308,0.889223,-0.852128,-0.04593,0.540246,-0.745459,0.196465,0.881344,-0.833478,-0.042413,0.546957,-0.743394,0.189173,0.886078,-0.854871,-0.04479,0.552284,-0.740173,0.211008,0.885651,-0.844615,-0.043021,0.530928,-0.75694,0.17579
309,0.891076,-0.837201,-0.063209,0.548833,-0.72385,0.195827,0.89881,-0.829206,-0.062874,0.575131,-0.742024,0.159312,0.902015,-0.825337,-0.064713,0.575147,-0.753867,0.167643,0.890674,-0.829379,-0.058557,0.562842,-0.735227,0.17743
310,0.904406,-0.81618,-0.079607,0.572222,-0.73795,0.176963,0.896731,-0.825053,-0.091418,0.565231,-0.732939,0.154456,0.901296,-0.820005,-0.083744,0.557966,-0.729205,0.166603,0.904092,-0.827235,-0.082032,0.583552,-0.731804,0.163046
311,0.913604,-0.808696,-0.095868,0.586931,-0.741296,0.140298,0.916328,-0.814209,-0.105463,0.576885,-0.739677,0.151608,0.91864,-0.805852,-0.105503,0.573972,-0.726846,0.150188,0.90572,-0.804754,-0.097444,0.585833,-0.740501,0.159979
312,0.915132,-0.798061,-0.123031,0.593047,-0.711389,0.118519,0.921576,-0.803646,-0.123501,0.580741,-0.738269,0.138469,0.926906,-0.793878,-0.114978,0.593575,-0.722573,0.152636,0.931911,-0.800217,-0.128238,0.601336,-0.729579,0.139325
313,0.926777,-0.779756,-0.144895,0.617023,-0.727113,0.117096,0.934986,-0.781452,-0.14059,0.584419,-0.732565,0.116402,0.935209,-0.792855,-0.139602,0.600076,-0.72325,0.134071,0.927424,-0.782196,-0.133311,0.589812,-0.734158,0.121536
314,0.937862,-0.779401,-0.162241,0.609612,-0.705775,0.102,0.923043,-0.771089,-0.155469,0.588714,-0.718654,0.098609,0.931493,-0.777769,-0.169468,0.609816,-0.711682,0.112058,0.940946,-0.768659,-0.155306,0.596346,-0.723784,0.095382
315,0.940683,-0.764117,-0.167601,0.625259,-0.689382,0.087364,0.934007,-0.766178,-0.175101,0.601984,-0.688997,0.080036,0.94992,-0.767467,-0.180675,0.622823,-0.714057,0.097647,0.940702,-0.762754,-0.170225,0.60961,-0.716401,0.104117
316,0.95162,-0.747579,-0.196515,0.613988,-0.707349,0.072975,0.952807,-0.759549,-0.196446,0.626897,-0.710134,0.072739,0.945289,-0.766584,-0.198153,0.626901,-0.70509,0.077546,0.94598,-0.75657,-0.197793,0.620829,-0.678969,0.096095
317,0.953873,-0.741167,-0.208991,0.650054,-0.687043,0.06625,0.952212,-0.73873,-0.213128,0.621028,-0.703122,0.092597,0.960733,-0.738042,-0.217377,0.636956,-0.693668,0.049559,0.95202,-0.740151,-0.211277,0.646064,-0.675921,0.070806
318,0.957582,-0.720022,-0.230037,0.657663,-0.677462,0.037475,0.962076,-0.7231,-0.236294,0.640338,-0.678473,0.056865,0.9521,-0.723313,-0.232203,0.625757,-0.68959,0.046586,0.959698,-0.734476,-0.229156,0.629823,-0.682341,0.045367
319,0.953759,-0.710478,-0.251396,0.641705,-0.698876,0.054235,0.962716,-0.715845,-0.253113,0.640976,-0.680664,0.029998,0.957347,-0.71886,-0.250325,0.65572,-0.6866,0.03109,0.956277,-0.707387,-0.243135,0.648852,-0.676793,0.030823
320,0.972176,-0.698684,-0.268161,0.657857,-0.673788,0.024382,0.96307,-0.701216,-0.270827,0.676129,-0.681488,0.02708,0.965167,-0.693811,-0.26399,0.66463,-0.669096,0.031048,0.96511,-0.697973,-0.261831,0.645029,-0.677993,0.044266
321,0.97225,-0.681983,-0.294667,0.669293,-0.690817,0.018299,0.972148,-0.680145,-0.283217,0.670766,-0.667178,-0.013422,0.968735,-0.687657,-0.291152,0.673097,-0.645043,-0.007687,0.963477,-0.68249,-0.286685,0.6799,-0.675798,-0.008155
322,0.975743,-0.674641,-0.308418,0.671602,-0.655091,-0.012203,0.975827,-0.675425,-0.309704,0.674714,-0.65461,0.006569,0.972412,-0.671637,-0.302173,0.672833,-0.644683,-0.005551,0.977809,-0.663056,-0.306927,0.652725,-0.678304,-0.001768
323,0.97651,-0.655339,-0.319969,0.686213,-0.657464,-0.04996,0.974667,-0.663267,-0.317984,0.675025,-0.666484,-0.02615,0.982042,-0.656506,-0.323772,0.682459,-0.667173,-0.016579,0.986759,-0.651535,-0.31358,0.669161,-0.660192,-0.023679
324,0.99156,-0.64217,-0.348832,0.689369,-0.632645,-0.035891,0.987248,-0.649957,-0.344528,0.691086,-0.644177,-0.051822,0.983417,-0.649598,-0.346391,0.681874,-0.6371,-0.04341,0.974684,-0.643845,-0.340433,0.668058,-0.655643,-0.032815
325,0.989189,-0.628104,-0.361347,0.702117,-0.636765,-0.048684,0.984581,-0.627795,-0.358843,0.690099,-0.610175,-0.046798,0.987396,-0.634272,-0.372826,0.677345,-0.645197,-0.047075,0.98839,-0.638455,-0.354361,0.691702,-0.651819,-0.057937
326,0.979295,-0.609539,-0.364855,0.686053,-0.623693,-0.072836,0.98951,-0.619164,-0.3712,0.6883,-0.637356,-0.061763,0.991528,-0.613718,-0.386718,0.700427,-0.616573,-0.072794,0.988078,-0.617446,-0.388954,0.687961,-0.633676,-0.059394
327,0.995,-0.600424,-0.392878,0.69441,-0.618914,-0.055505,0.991185,-0.588992,-0.398878,0.719748,-0.630136,-0.081064,0.99169,-0.600516,-0.394538,0.688112,-0.614424,-0.075236,0.995246,-0.601465,-0.391186,0.69247,-0.603289,-0.083024
328,0.999964,-0.586485,-0.409567,0.706652,-0.620186,-0.112328,0.993901,-0.583791,-0.409563,0.710812,-0.603054,-0.100516,0.99058,-0.5827,-0.420215,0.706529,-0.621795,-0.094589,0.983037,-0.586311,-0.411671,0.718006,-0.603103,-0.090373
329,0.996558,-0.573743,-0.430576,0.729568,-0.605013,-0.105518,1.000502,-0.569818,-0.423628,0.719162,-0.604494,-0.11389,0.997635,-0.570186,-0.421564,0.707774,-0.601105,-0.100885,0.999628,-0.566029,-0.432394,0.710486,-0.597849,-0.124865
330,0.994247,-0.548731,-0.442059,0.713533,-0.613616,-0.104203,0.998255,-0.558941,-0.44511,0.731105,-0.580983,-0.124727,0.993039,-0.558876,-0.444202,0.717392,-0.595204,-0.143922,0.997863,-0.556216,-0.442831,0.715098,-0.606538,-0.141004
331,1.00154,-0.539548,-0.460506,0.740103,-0.599836,-0.132563,0.995465,-0.54418,-0.463247,0.718081,-0.582899,-0.139172,1.001721,-0.538674,-0.464114,0.711781,-0.601806,-0.135884,1.006674,-0.540014,-0.468885,0.745486,-0.59259,-0.137298
332,0.998154,-0.512608,-0.472102,0.7381,-0.59027,-0.147407,0.996166,-0.529217,-0.473532,0.746301,-0.594525,-0.156613,0.997627,-0.526198,-0.483916,0.732727,-0.593706,-0.150613,0.999793,-0.516364,-0.487569,0.731476,-0.575986,-0.165918
333,0.999456,-0.510073,-0.489909,0.742473,-0.566441,-0.155723,0.999267,-0.506586,-0.50124,0.730873,-0.554491,-0.171465,1.000209,-0.500996,-0.50049,0.742568,-0.567319,-0.153579,1.001251,-0.503386,-0.493719,0.719318,-0.548733,-0.146282
334,0.99872,-0.491471,-0.513894,0.743584,-0.560114,-0.176599,1.005056,-0.490591,-0.51133,0.741445,-0.532309,-0.171084,1.004833,-0.492066,-0.513097,0.730969,-0.562976,-0.168109,0.987483,-0.490008,-0.514663,0.731858,-0.562371,-0.185346
335,0.99482,-0.478084,-0.523171,0.747234,-0.554446,-0.18694,0.99924,-0.480687,-0.530569,0.728897,-0.516271,-0.184578,1.005629,-0.482104,-0.529992,0.752733,-0.534354,-0.208359,0.999632,-0.464113,-0.516094,0.73794,-0.553096,-0.176892
336,1.005185,-0.453368,-0.539598,0.756546,-0.531681,-0.212965,1.000329,-0.462779,-0.547277,0.73859,-0.519395,-0.212623,0.992775,-0.44734,-0.538346,0.724822,-0.551449,-0.201413,0.994473,-0.456963,-0.54323,0.755125,-0.540013,-0.194199
337,1.003916,-0.440568,-0.553473,0.749444,-0.542273,-0.22284,1.005415,-0.433606,-0.563253,0.75635,-0.511177,-0.218441,0.995995,-0.437738,-0.55951,0.73602,-0.545918,-0.220808,0.987556,-0.435676,-0.570358,0.747891,-0.505911,-0.217448
338,0.993993,-0.42355,-0.567551,0.759956,-0.509349,-0.242422,1.004528,-0.428334,-0.57265,0.734246,-0.517128,-0.23485,1.004753,-0.417691,-0.577875,0.744825,-0.511574,-0.230413,1.00116,-0.419101,-0.571695,0.752312,-0.520356,-0.250487
339,0.990972,-0.403782,-0.596054,0.75616,-0.495954,-0.275017,0.99162,-0.409333,-0.587391,0.749342,-0.494384,-0.25371,0.986186,-0.404104,-0.584264,0.749002,-0.49607,-0.255141,0.993096,-0.406943,-0.592031,0.75845,-0.498107,-0.254325
340,0.991991,-0.387611,-0.600249,0.763396,-0.483683,-0.250708,0.989548,-0.39659,-0.615201,0.754463,-0.504547,-0.253464,0.990713,-0.386207,-0.594965,0.762976,-0.507194,-0.270535,0.995054,-0.390777,-0.608482,0.75641,-0.478807,-0.250896
341,0.994051,-0.372364,-0.622295,0.766484,-0.48836,-0.271166,0.995628,-0.373942,-0.621336,0.753022,-0.475063,-0.283019,0.993485,-0.373644,-0.616366,0.759925,-0.489114,-0.268388,0.98757,-0.365256,-0.618225,0.78081,-0.47089,-0.286387
342,0.982445,-0.348315,-0.642228,0.753486,-0.481425,-0.316695,0.990582,-0.350433,-0.639592,0.762656,-0.460342,-0.298172,0.986361,-0.352449,-0.63215,0.761469,-0.490702,-0.295999,0.995353,-0.350724,-0.633547,0.752828,-0.479929,-0.305641
343,0.977133,-0.334861,-0.638318,0.760617,-0.464898,-0.291675,0.985222,-0.333854,-0.652539,0.748107,-0.46495,-0.301316,0.98124,-0.337541,-0.643754,0.76197,-0.460198,-0.307835,0.982723,-0.321395,-0.646218,0.75595,-0.442112,-0.310477
344,0.974587,-0.310823,-0.666115,0.770196,-0.459617,-0.31704,0.980698,-0.317018,-0.665623,0.757949,-0.455761,-0.342128,0.978448,-0.319122,-0.659562,0.777376,-0.442916,-0.294197,0.979191,-0.323028,-0.65674,0.760323,-0.464591,-0.319415
345,0.978978,-0.293316,-0.681523,0.757823,-0.458033,-0.329089,0.976092,-0.29921,-0.674345,0.772838,-0.425679,-0.337012,0.986378,-0.305111,-0.67485,0.769653,-0.43333,-0.317866,0.976998,-0.299748,-0.68048,0.774038,-0.452192,-0.318217
346,0.972674,-0.287907,-0.692738,0.764849,-0.422135,-0.348368,0.970261,-0.277811,-0.68943,0.748087,-0.4371,-0.340003,0.97507,-0.287398,-0.686985,0.761657,-0.438843,-0.366571,0.972335,-0.282884,-0.682035,0.767872,-0.417138,-0.33778
347,0.960927,-0.263238,-0.703094,0.780646,-0.420544,-0.358202,0.958914,-0.264277,-0.70011,0.766765,-0.407751,-0.359924,0.970193,-0.255644,-0.708041,0.771701,-0.40457,-0.35781,0.969276,-0.257988,-0.701187,0.760597,-0.414538,-0.358911
348,0.959359,-0.245933,-0.71375,0.757072,-0.398232,-0.373896,0.96263,-0.245059,-0.725888,0.776545,-0.405387,-0.372321,0.964944,-0.248792,-0.718455,0.763451,-0.422302,-0.375395,0.963647,-0.240147,-0.711008,0.774027,-0.389422,-0.36707
349,0.95812,-0.224273,-0.733934,0.771428,-0.379065,-0.37181,0.956276,-0.219898,-0.736342,0.770959,-0.381241,-0.394935,0.958729,-0.221271,-0.732694,0.787603,-0.367597,-0.381657,0.961631,-0.225687,-0.723867,0.786314,-0.383565,-0.391898
350,0.950406,-0.209462,-0.731219,0.77107,-0.371882,-0.412827,0.951034,-0.20225,-0.738454,0.770896,-0.364598,-0.372837,0.947914,-0.206184,-0.744442,0.77456,-0.382043,-0.402228,0.955212,-0.200771,-0.747852,0.779373,-0.366408,-0.3934
351,0.946045,-0.200335,-0.754707,0.769763,-0.364418,-0.407399,0.941609,-0.188889,-0.75075,0.769873,-0.360013,-0.409058,0.943493,-0.179547,-0.766804,0.772322,-0.371025,-0.421304,0.956296,-0.200563,-0.753521,0.775538,-0.364218,-0.424366
352,0.93375,-0.170622,-0.76536,0.776512,-0.356434,-0.405847,0.936051,-0.17293,-0.772542,0.76746,-0.333853,-0.425359,0.941946,-0.176686,-0.769794,0.775802,-0.373821,-0.437494,0.93301,-0.178669,-0.768861,0.768819,-0.344544,-0.415386
353,0.932153,-0.147334,-0.774544,0.775194,-0.349218,-0.432352,0.922921,-0.156857,-0.7766,0.766016,-0.338773,-0.426421,0.940539,-0.146632,-0.785275,0.771584,-0.318623,-0.428179,0.93127,-0.156189,-0.773455,0.769572,-0.338523,-0.420721
354,0.92457,-0.138589,-0.790945,0.764606,-0.312079,-0.453414,0.92346,-0.142422,-0.795182,0.76117,-0.328403,-0.454601,0.931518,-0.132106,-0.789202,0.763569,-0.321631,-0.435835,0.915012,-0.126538,-0.792468,0.781643,-0.331464,-0.442058
355,0.923843,-0.125587,-0.808403,0.753565,-0.302975,-0.440823,0.916357,-0.109996,-0.794346,0.750675,-0.310553,-0.448736,0.909192,-0.114129,-0.806981,0.766734,-0.302049,-0.47681,0.913376,-0.110612,-0.807211,0.772857,-0.300853,-0.451758
356,0.913639,-0.095373,-0.820307,0.770253,-0.308609,-0.468447,0.908348,-0.090385,-0.805765,0.737441,-0.315459,-0.467338,0.90606,-0.090424,-0.809104,0.738222,-0.302694,-0.468834,0.908654,-0.093207,-0.818031,0.767195,-0.302347,-0.46918
357,0.898425,-0.076904,-0.826233,0.756056,-0.298741,-0.483133,0.906822,-0.079246,-0.821188,0.761041,-0.266163,-0.488747,0.898395,-0.067303,-0.832619,0.763322,-0.290886,-0.472796,0.899964,-0.0799,-0.830569,0.776663,-0.279278,-0.488853
358,0.899606,-0.052262,-0.841543,0.744511,-0.257689,-0.488956,0.88667,-0.062044,-0.838333,0.770585,-0.27223,-0.48936,0.889528,-0.055847,-0.834685,0.776721,-0.274007,-0.486465,0.898037,-0.056338,-0.839653,0.783894,-0.264146,-0.495217
359,0.89592,-0.035493,-0.85016,0.754876,-0.258055,-0.505649,0.883548,-0.042009,-0.852235,0.753502,-0.246456,-0.487527,0.881286,-0.038989,-0.844422,0.759159,-0.287856,-0.503446,0.892002,-0.037017,-0.847953,0.75598,-0.265236,-0.498801
360,0.876876,-0.031111,-0.863527,0.758368,-0.234781,-0.526363,0.875836,-0.018954,-0.858831,0.744687,-0.224861,-0.51218,0.869081,-0.02009,-0.851278,0.757038,-0.23136,-0.529034,0.871169,-0.023248,-0.851501,0.778322,-0.230512,-0.532895
361,0.862383,0.000564,-0.87267,0.763447,-0.213126,-0.522758,0.8639,-0.006046,-0.856869,0.739136,-0.23021,-0.506735,0.862894,-0.002245,-0.858511,0.76223,-0.213168,-0.523393,0.856261,-0.005121,-0.86505,0.747884,-0.221285,-0.509324
362,0.850618,0.021112,-0.874269,0.743157,-0.222064,-0.527614,0.851806,0.017536,-0.87556,0.72465,-0.218579,-0.54712,0.852281,0.024204,-0.869404,0.734025,-0.205051,-0.525941,0.845404,0.007283,-0.875734,0.760274,-0.211841,-0.526972
363,0.846547,0.033332,-0.887488,0.732521,-0.198633,-0.544425,0.848215,0.032188,-0.883131,0.726802,-0.180041,-0.538568,0.846055,0.040563,-0.889479,0.749727,-0.198664,-0.551066,0.855517,0.030968,-0.884276,0.743702,-0.177757,-0.542083
364,0.827317,0.04935,-0.895325,0.738899,-0.199074,-0.561906,0.835177,0.056469,-0.889629,0.754161,-0.174711,-0.552627,0.842092,0.04824,-0.894947,0.738448,-0.190712,-0.555024,0.832294,0.052664,-0.880682,0.747778,-0.185185,-0.573259
365,0.824578,0.081266,-0.9042,0.739029,-0.176664,-0.554997,0.82006,0.06843,-0.901536,0.735314,-0.16473,-0.559607,0.828917,0.078735,-0.901207,0.746672,-0.171022,-0.563653,0.830224,0.071524,-0.898406,0.732456,-0.172375,-0.56959
366,0.81675,0.084055,-0.905705,0.712693,-0.151703,-0.581459,0.821128,0.092843,-0.906079,0.750563,-0.170929,-0.564957,0.823316,0.094224,-0.905154,0.736052,-0.14991,-0.565148,0.820658,0.086519,-0.903953,0.722299,-0.166421,-0.570073
367,0.80984,0.11298,-0.902164,0.719314,-0.13555,-0.582188,0.802342,0.113433,-0.914578,0.731681,-0.14252,-0.589578,0.810298,0.105282,-0.91628,0.710613,-0.15545,-0.584774,0.807618,0.110992,-0.915617,0.733671,-0.141779,-0.561637
368,0.790203,0.130736,-0.921035,0.717774,-0.14568,-0.596327,0.797083,0.125457,-0.923783,0.718804,-0.131748,-0.591698,0.791502,0.130449,-0.922849,0.742278,-0.136126,-0.586875,0.79555,0.124262,-0.932708,0.723181,-0.137691,-0.58948
369,0.785342,0.15197,-0.930119,0.716443,-0.104509,-0.599492,0.781384,0.141992,-0.928422,0.698873,-0.128252,-0.597262,0.782531,0.144298,-0.928741,0.723775,-0.112046,-0.595569,0.787687,0.145142,-0.939424,0.714081,-0.110095,-0.600671
370,0.784189,0.16719,-0.934937,0.707586,-0.109521,-0.602653,0.776848,0.169775,-0.938026,0.707054,-0.091893,-0.617017,0.779771,0.159942,-0.93729,0.704565,-0.115064,-0.618174,0.775059,0.166663,-0.940801,0.724629,-0.107861,-0.606294
371,0.75796,0.181234,-0.942473,0.696758,-0.080743,-0.61287,0.750555,0.18145,-0.945779,0.720507,-0.091839,-0.612113,0.762404,0.183735,-0.938731,0.697534,-0.086027,-0.601946,0.764445,0.193201,-0.945728,0.704658,-0.097214,-0.610808
372,0.75024,0.209147,-0.950698,0.706042,-0.070129,-0.626334,0.740817,0.205655,-0.946146,0.682855,-0.080312,-0.639155,0.742714,0.202552,-0.945416,0.712473,-0.075074,-0.61615,0.751797,0.205935,-0.95185,0.694066,-0.079548,-0.622533
373,0.735044,0.219049,-0.951581,0.702795,-0.064151,-0.635309,0.74552,0.221894,-0.95225,0.684716,-0.043923,-0.626834,0.733023,0.227235,-0.957041,0.695269,-0.050689,-0.640427,0.732273,0.224826,-0.959479,0.701441,-0.055895,-0.637588
374,0.730716,0.237898,-0.962187,0.683662,-0.050448,-0.634954,0.723884,0.245215,-0.967291,0.684745,-0.037897,-0.643831,0.718882,0.234148,-0.957401,0.683421,-0.044274,-0.641792,0.729098,0.244887,-0.96238,0.685222,-0.033033,-0.65128
375,0.707601,0.255694,-0.962121,0.691622,-0.024824,-0.644159,0.711918,0.253733,-0.970214,0.6628,-0.004147,-0.657603,0.69979,0.248386,-0.962818,0.686232,-0.005751,-0.662277,0.693887,0.256816,-0.962396,0.672968,-0.034401,-0.652875
376,0.700357,0.279441,-0.968906,0.668158,-0.015918,-0.675506,0.695633,0.282476,-0.976041,0.668607,-0.015202,-0.6537,0.699332,0.272948,-0.972444,0.695221,-0.027257,-0.65922,0.697161,0.271603,-0.964384,0.665317,0.000163,-0.659051
377,0.673279,0.28837,-0.973436,0.666215,0.0007,-0.655453,0.683753,0.286947,-0.965244,0.683197,0.015703,-0.691816,0.683651,0.291846,-0.969661,0.651404,7.2e-05,-0.668593,0.674632,0.29937,-0.968923,0.667372,-0.004965,-0.680568
378,0.667491,0.319776,-0.977026,0.671503,-0.000718,-0.686907,0.668649,0.314737,-0.974238,0.656064,0.011787,-0.663965,0.671832,0.306353,-0.976561,0.651567,0.000738,-0.66082,0.663503,0.311571,-0.982267,0.651149,-0.002639,-0.667173
379,0.644922,0.334707,-0.983119,0.649814,0.038169,-0.681443,0.657433,0.326058,-0.975663,0.641666,0.048242,-0.687208,0.660113,0.330731,-0.989307,0.653536,0.016698,-0.668844,0.654519,0.329515,-0.983522,0.640427,0.027651,-0.671249
380,0.632282,0.338474,-0.979582,0.647846,0.036305,-0.689699,0.64287,0.34853,-0.977812,0.641602,0.03639,-0.686387,0.636766,0.349447,-0.991761,0.645234,0.042275,-0.705628,0.64485,0.350399,-0.983836,0.653572,0.040844,-0.692393
381,0.620671,0.360194,-0.980494,0.63729,0.066382,-0.693554,0.624525,0.379882,-0.982412,0.635904,0.055791,-0.691604,0.630178,0.363006,-0.987342,0.647566,0.053508,-0.684037,0.623261,0.364805,-1.000401,0.638541,0.059676,-0.689149
382,0.605171,0.376668,-0.989695,0.625799,0.056088,-0.675884,0.601047,0.386322,-0.990911,0.638655,0.077824,-0.700466,0.608165,0.378577,-0.988722,0.631755,0.083236,-0.690298,0.610121,0.382701,-0.986052,0.628627,0.10073,-0.699535
383,0.598262,0.400824,-0.993827,0.625717,0.087306,-0.701868,0.593675,0.403626,-0.993671,0.608827,0.09334,-0.685982,0.596526,0.400194,-0.992518,0.619132,0.074627,-0.710984,0.598492,0.402374,-0.99606,0.615536,0.079368,-0.697852
384,0.575654,0.413509,-0.993275,0.607607,0.097497,-0.689833,0.5767,0.41519,-1.004629,0.61113,0.091421,-0.710332,0.580278,0.422214,-0.998122,0.629323,0.104381,-0.699843,0.5785,0.414523,-0.996623,0.604279,0.093509,-0.715611
385,0.562925,0.434409,-0.990744,0.603951,0.109348,-0.715957,0.563021,0.43269,-1.004395,0.631218,0.114158,-0.708817,0.566522,0.426961,-0.998695,0.580706,0.102122,-0.729021,0.56242,0.43506,-1.004875,0.608263,0.102278,-0.704981
386,0.538417,0.454659,-0.994236,0.592698,0.117921,-0.72002,0.545096,0.452515,-0.999541,0.589569,0.132064,-0.710313,0.539961,0.452118,-0.992782,0.586683,0.131229,-0.717187,0.555575,0.454434,-1.005537,0.575235,0.129283,-0.703634
387,0.525166,0.465891,-1.009045,0.589032,0.144418,-0.726993,0.522164,0.459832,-0.998576,0.590062,0.144619,-0.732162,0.529506,0.474455,-1.008205,0.571569,0.159139,-0.750235,0.529936,0.47521,-1.000871,0.583351,0.134211,-0.730501
388,0.522047,0.484809,-1.003005,0.560364,0.158061,-0.727392,0.516564,0.486715,-0.999178,0.569556,0.172372,-0.731556,0.515386,0.479798,-0.992635,0.589712,0.155023,-0.713718,0.511364,0.479625,-0.99539,0.566696,0.154975,-0.742124
389,0.492974,0.504829,-1.000364,0.536841,0.170515,-0.72816,0.498367,0.501121,-0.99462,0.547493,0.179249,-0.740658,0.500369,0.500294,-1.003433,0.566764,0.162132,-0.73139,0.496797,0.501104,-1.001282,0.561483,0.18224,-0.730029
390,0.478537,0.526494,-1.000311,0.546119,0.194584,-0.741325,0.492825,0.519434,-0.996587,0.545385,0.186234,-0.733738,0.482223,0.518573,-0.989684,0.554775,0.166686,-0.732131,0.477043,0.519862,-1.001823,0.543994,0.174106,-0.73641
391,0.456606,0.527706,-1.004858,0.547626,0.216247,-0.751918,0.465317,0.533171,-0.997129,0.551042,0.211122,-0.738332,0.463919,0.529443,-0.998911,0.552941,0.198779,-0.744192,0.457868,0.538057,-0.997829,0.544921,0.218273,-0.720347
392,0.445383,0.539569,-0.992725,0.540729,0.210247,-0.741435,0.448398,0.554498,-0.995481,0.527909,0.214515,-0.737036,0.452763,0.552916,-1.004947,0.527464,0.22178,-0.72535,0.455713,0.552663,-1.001852,0.530234,0.210331,-0.746979
393,0.429262,0.573228,-0.997081,0.519786,0.231054,-0.743512,0.429014,0.564517,-1.007336,0.53771,0.234399,-0.753786,0.431262,0.558783,-0.997027,0.510709,0.21452,-0.741286,0.428842,0.566358,-0.992347,0.534632,0.233848,-0.751576
394,0.417691,0.582604,-0.994389,0.516662,0.238909,-0.742248,0.418764,0.583648,-0.991895,0.515384,0.226588,-0.761514,0.413269,0.582243,-1.003108,0.49567,0.231187,-0.734284,0.404855,0.583795,-0.991736,0.514162,0.242826,-0.773542
395,0.396847,0.603167,-1.000536,0.486467,0.269012,-0.760246,0.400046,0.602053,-0.998401,0.514717,0.26341,-0.758285,0.387911,0.600685,-0.993535,0.499335,0.243133,-0.754663,0.397021,0.601091,-0.994421,0.497299,0.24417,-0.74526
396,0.376732,0.616838,-0.996235,0.496849,0.290582,-0.764831,0.37508,0.612175,-0.991361,0.5153,0.280729,-0.750501,0.375264,0.612046,-0.986726,0.473276,0.267863,-0.762781,0.384871,0.609834,-0.995136,0.485513,0.287657,-0.746523
397,0.367371,0.62527,-0.987911,0.482533,0.284586,-0.752113,0.350664,0.6234,-0.989221,0.472973,0.282905,-0.7586,0.363142,0.629604,-0.98914,0.471351,0.27663,-0.753956,0.355427,0.62539,-0.98461,0.469697,0.273746,-0.749467
398,0.342337,0.644229,-0.983788,0.465675,0.298992,-0.760256,0.342655,0.645417,-0.990489,0.449154,0.282559,-0.77093,0.342167,0.644623,-0.98067,0.462129,0.298457,-0.759238,0.342576,0.642217,-0.991845,0.448011,0.295117,-0.759118
399,0.332522,0.66308,-0.977041,0.467666,0.309336,-0.756037,0.321593,0.650241,-0.980722,0.440065,0.296768,-0.755889,0.331442,0.65461,-0.980512,0.455109,0.305686,-0.752238,0.328398,0.656616,-0.978463,0.449511,0.319599,-0.757366
400,0.316632,0.66997,-0.978369,0.454783,0.327283,-0.778831,0.308263,0.670695,-0.979515,0.437074,0.331634,-0.770513,0.310638,0.667579,-0.972942,0.454476,0.339176,-0.765285,0.306249,0.667493,-0.969735,0.448579,0.317059,-0.768057
401,0.295098,0.673473,-0.96901,0.417311,0.351718,-0.769368,0.29319,0.679708,-0.972907,0.426778,0.337643,-0.773859,0.290605,0.687236,-0.982772,0.437726,0.322558,-0.751291,0.288223,0.678138,-0.972031,0.431776,0.353644,-0.770458
402,0.274099,0.690483,-0.965072,0.428457,0.352476,-0.771041,0.280432,0.70218,-0.970448,0.41533,0.336606,-0.747795,0.273883,0.70023,-0.968033,0.423649,0.362628,-0.764984,0.270027,0.69707,-0.961918,0.423207,0.346815,-0.767801
403,0.24965,0.705137,-0.971674,0.412759,0.357265,-0.788977,0.257009,0.709363,-0.965823,0.40819,0.349074,-0.749131,0.249285,0.712922,-0.972613,0.402925,0.379998,-0.792134,0.263209,0.717136,-0.966188,0.41344,0.348305,-0.762904
404,0.247017,0.726782,-0.961542,0.39021,0.375669,-0.757081,0.227851,0.721953,-0.957885,0.389701,0.384806,-0.764135,0.242715,0.733204,-0.956943,0.393816,0.377735,-0.76372,0.242587,0.723694,-0.953057,0.378242,0.372678,-0.771922
405,0.224416,0.73611,-0.951943,0.381288,0.379208,-0.773575,0.218154,0.731981,-0.952396,0.386819,0.382458,-0.781591,0.22651,0.737561,-0.949702,0.379818,0.388548,-0.773289,0.209316,0.737895,-0.959909,0.368643,0.384834,-0.78222
406,0.194283,0.755244,-0.944012,0.350299,0.395175,-0.785141,0.195492,0.751788,-0.950553,0.375594,0.415928,-0.758667,0.195675,0.751082,-0.944436,0.358191,0.395717,-0.764925,0.200833,0.75043,-0.945818,0.374447,0.419668,-0.770238
407,0.179809,0.767995,-0.939273,0.353266,0.387612,-0.758211,0.181407,0.759284,-0.936644,0.354834,0.4158,-0.766565,0.186709,0.761325,-0.939292,0.340726,0.414286,-0.763007,0.182167,0.759804,-0.947591,0.361362,0.405195,-0.775999
408,0.160775,0.763624,-0.928972,0.345113,0.405991,-0.762439,0.165992,0.767457,-0.937302,0.33587,0.416557,-0.750546,0.160997,0.778922,-0.935624,0.337561,0.422605,-0.787009,0.157848,0.765945,-0.936219,0.333266,0.437187,-0.746387
409,0.136013,0.794613,-0.9286,0.344395,0.44296,-0.771138,0.14764,0.780251,-0.934331,0.325117,0.420666,-0.762139,0.146776,0.788305,-0.925847,0.318122,0.429338,-0.766852,0.142706,0.783697,-0.924728,0.328981,0.4368,-0.763554
410,0.12655,0.791752,-0.910453,0.315687,0.461017,-0.761764,0.121634,0.793869,-0.922492,0.31454,0.436011,-0.758477,0.124843,0.800218,-0.927938,0.320158,0.467722,-0.763563,0.124084,0.79002,-0.925279,0.318375,0.429845,-0.763395
411,0.102762,0.798839,-0.909436,0.306924,0.447938,-0.768814,0.099504,0.810272,-0.905636,0.301983,0.466663,-0.748583,0.11222,0.799772,-0.917733,0.306755,0.456907,-0.761207,0.103493,0.798054,-0.90473,0.303194,0.45072,-0.753901
412,0.088941,0.81656,-0.909465,0.294753,0.484753,-0.746513,0.080487,0.808857,-0.914296,0.303632,0.462308,-0.751114,0.087907,0.820761,-0.913934,0.299516,0.464264,-0.755535,0.099661,0.818339,-0.896724,0.283864,0.469384,-0.757442
413,0.070603,0.837255,-0.903643,0.291101,0.484803,-0.749635,0.064842,0.837996,-0.901531,0.27791,0.497079,-0.761433,0.064914,0.835736,-0.905708,0.290923,0.477123,-0.781585,0.064617,0.83482,-0.89271,0.263209,0.483913,-0.762942
414,0.045308,0.845598,-0.882796,0.262921,0.502223,-0.739965,0.044154,0.838902,-0.894285,0.270092,0.478167,-0.745529,0.051149,0.83607,-0.892517,0.259204,0.495201,-0.75132,0.050434,0.833351,-0.895029,0.26051,0.498782,-0.743743
415,0.031365,0.853464,-0.879158,0.241713,0.502157,-0.757774,0.028001,0.851235,-0.882882,0.239129,0.484112,-0.770218,0.028703,0.844968,-0.881509,0.269235,0.513319,-0.765463,0.034759,0.855767,-0.875717,0.256218,0.500295,-0.761096
416,0.009682,0.863723,-0.875779,0.225908,0.517552,-0.754433,0.016648,0.854987,-0.870134,0.233113,0.512624,-0.748077,0.008245,0.864629,-0.874063,0.218287,0.509156,-0.759721,0.008468,0.859607,-0.876399,0.228825,0.513682,-0.759651
417,-0.008163,0.868009,-0.863456,0.228595,0.515685,-0.759787,-0.006962,0.864685,-0.864368,0.213886,0.532781,-0.747863,-0.009143,0.865431,-0.855454,0.230075,0.52135,-0.738368,-0.0066,0.873336,-0.865684,0.225605,0.526551,-0.758587
418,-0.023518,0.881137,-0.86106,0.220621,0.539949,-0.735194,-0.024893,0.875874,-0.856567,0.189813,0.527386,-0.736204,-0.021481,0.875936,-0.858724,0.22392,0.54231,-0.744316,-0.030231,0.875246,-0.85981,0.214737,0.555641,-0.758336
419,-0.046537,0.897294,-0.845383,0.19539,0.547453,-0.726225,-0.043439,0.882409,-0.840514,0.201409,0.5303,-0.729141,-0.040826,0.878769,-0.843168,0.18252,0.558603,-0.730507,-0.045988,0.883771,-0.844248,0.195373,0.545573,-0.736931
420,-0.064867,0.895694,-0.836585,0.172178,0.548543,-0.724066,-0.064822,0.904211,-0.833347,0.194032,0.560787,-0.723812,-0.071028,0.893413,-0.833777,0.187541,0.566707,-0.759975,-0.064131,0.900183,-0.833967,0.185812,0.549842,-0.735559
421,-0.082237,0.904002,-0.819295,0.170678,0.579214,-0.746527,-0.077214,0.901818,-0.823153,0.178306,0.565911,-0.720283,-0.075949,0.905435,-0.819832,0.162066,0.557213,-0.72368,-0.077994,0.911691,-0.82675,0.179223,0.584334,-0.719858
422,-0.101766,0.908729,-0.814415,0.155111,0.572034,-0.725812,-0.095894,0.907026,-0.813197,0.146019,0.561089,-0.738062,-0.109222,0.907487,-0.810707,0.144493,0.563632,-0.726226,-0.099084,0.91657,-0.8121,0.148042,0.595404,-0.713132
423,-0.115577,0.924522,-0.804754,0.126429,0.579046,-0.734442,-0.116336,0.914577,-0.798627,0.147035,0.60127,-0.723146,-0.119543,0.925894,-0.804267,0.14292,0.574398,-0.730256,-0.12645,0.927475,-0.799582,0.143803,0.583059,-0.742
424,-0.141587,0.930219,-0.790397,0.132305,0.592582,-0.709307,-0.131379,0.928106,-0.790905,0.133055,0.599525,-0.71673,-0.145447,0.926091,-0.797017,0.122828,0.602139,-0.736502,-0.148507,0.927063,-0.782422,0.121448,0.622642,-0.71374
425,-0.159968,0.937183,-0.775144,0.109696,0.594927,-0.708163,-0.163981,0.930606,-0.783363,0.114986,0.59219,-0.719459,-0.150263,0.935907,-0.76839,0.103839,0.595702,-0.705603,-0.154894,0.934557,-0.775808,0.094762,0.616171,-0.704498
426,-0.175473,0.940953,-0.76804,0.07166,0.611608,-0.708349,-0.169618,0.929097,-0.768293,0.09308,0.610575,-0.720174,-0.175424,0.941399,-0.765144,0.093998,0.614418,-0.697953,-0.172213,0.946198,-0.767669,0.09759,0.596454,-0.709407
427,-0.193081,0.947642,-0.743552,0.089902,0.621729,-0.677373,-0.194533,0.950759,-0.751442,0.077816,0.61505,-0.701683,-0.193922,0.931175,-0.748309,0.092132,0.63967,-0.709752,-0.19184,0.949577,-0.761943,0.060237,0.639274,-0.704159
428,-0.212224,0.952813,-0.740177,0.081203,0.639976,-0.684933,-0.205653,0.948369,-0.73586,0.064124,0.630641,-0.695702,-0.212769,0.946909,-0.738286,0.053798,0.622835,-0.706157,-0.205845,0.95744,-0.731577,0.057035,0.62256,-0.704487
429,-0.220114,0.955086,-0.726327,0.037721,0.628994,-0.686106,-0.233292,0.950387,-0.729692,0.060415,0.639137,-0.689935,-0.24017,0.951071,-0.731171,0.040703,0.639828,-0.700883,-0.227443,0.956644,-0.716772,0.05101,0.645404,-0.699907
430,-0.250425,0.962669,-0.717191,0.037737,0.638763,-0.675416,-0.247971,0.960641,-0.712295,0.024629,0.63891,-0.693085,-0.249101,0.951953,-0.715779,0.042451,0.636437,-0.70464,-0.247911,0.958635,-0.710809,0.038917,0.651563,-0.682323
431,-0.25866,0.980427,-0.700336,0.02612,0.65961,-0.676586,-0.275045,0.97343,-0.702443,0.035034,0.662538,-0.680192,-0.269975,0.963668,-0.693138,0.034659,0.641816,-0.678308,-0.262232,0.959297,-0.695523,0.022564,0.650347,-0.673427
432,-0.284118,0.968896,-0.694761,-0.0153,0.663992,-0.660664,-0.28834,0.971177,-0.696231,0.005677,0.671814,-0.681029,-0.287765,0.980816,-0.683372,-0.005228,0.650685,-0.65098,-0.297295,0.967326,-0.687809,0.011351,0.658604,-0.655114
433,-0.302659,0.972633,-0.673158,-0.018281,0.651026,-0.650338,-0.306482,0.978578,-0.673821,-0.015209,0.663278,-0.666904,-0.299022,0.969776,-0.673264,-0.017059,0.667648,-0.685868,-0.307246,0.979644,-0.676437,0.006717,0.648434,-0.659022
434,-0.31428,0.975843,-0.666281,-0.034613,0.689846,-0.656249,-0.324859,0.980115,-0.664611,-0.028951,0.657347,-0.666522,-0.325274,0.98262,-0.664962,-0.016633,0.671935,-0.646854,-0.320815,0.988676,-0.654659,-0.017579,0.693876,-0.647219
435,-0.345416,0.994943,-0.652464,-0.048168,0.678843,-0.64761,-0.34484,0.98688,-0.646054,-0.029522,0.694484,-0.655614,-0.339317,0.97422,-0.645782,-0.013548,0.675118,-0.641518,-0.331718,0.98368,-0.634154,-0.036651,0.698828,-0.630101
436,-0.365101,0.980527,-0.627318,-0.04207,0.689107,-0.639182,-0.355409,1.001365,-0.632309,-0.044289,0.666457,-0.645929,-0.354493,0.985276,-0.635078,-0.065573,0.703013,-0.645567,-0.361104,0.986467,-0.629992,-0.041305,0.69145,-0.656294
437,-0.373566,0.985197,-0.616818,-0.061077,0.71488,-0.624165,-0.372289,1.00058,-0.608587,-0.065048,0.697008,-0.625766,-0.372947,0.987298,-0.617053,-0.070141,0.680464,-0.615735,-0.366575,0.994514,-0.610315,-0.058366,0.691342,-0.633353
438,-0.396026,0.995756,-0.594598,-0.087417,0.700544,-0.601905,-0.385404,0.988405,-0.596729,-0.076117,0.68913,-0.624348,-0.393175,0.993983,-0.606118,-0.072853,0.697814,-0.620278,-0.393242,0.992533,-0.600049,-0.065443,0.687115,-0.610612
439,-0.415447,0.995221,-0.585947,-0.115147,0.716783,-0.605234,-0.401679,0.989899,-0.588446,-0.105784,0.705583,-0.606861,-0.408199,0.992342,-0.583105,-0.108888,0.720204,-0.624143,-0.415999,0.998832,-0.590056,-0.104542,0.695809,-0.624193
440,-0.425347,0.998378,-0.570334,-0.092029,0.706322,-0.595363,-0.435816,0.994372,-0.570032,-0.107845,0.709978,-0.582618,-0.428113,0.997038,-0.572023,-0.100137,0.724817,-0.60908,-0.42588,0.991236,-0.571517,-0.120184,0.713678,-0.611061
441,-0.447444,0.99679,-0.558723,-0.128731,0.713546,-0.595562,-0.4386,0.993922,-0.551921,-0.104458,0.735323,-0.585813,-0.440265,1.00183,-0.555219,-0.117389,0.727324,-0.589894,-0.446823,1.00142,-0.551884,-0.118052,0.71782,-0.602625
442,-0.459071,1.001747,-0.542728,-0.108253,0.730558,-0.583154,-0.45694,0.989048,-0.540818,-0.122735,0.734713,-0.584886,-0.458362,0.996886,-0.537657,-0.147149,0.720634,-0.57799,-0.465184,0.990874,-0.545095,-0.130138,0.719816,-0.599189
443,-0.466997,1.004874,-0.521004,-0.159656,0.721516,-0.591066,-0.474277,1.001298,-0.521698,-0.145525,0.735189,-0.592569,-0.482721,1.000778,-0.5195,-0.141065,0.72702,-0.58308,-0.47274,0.999669,-0.527936,-0.148533,0.710057,-0.577488
444,-0.486461,1.001066,-0.509737,-0.166393,0.715656,-0.556451,-0.494522,1.003701,-0.512064,-0.160342,0.747282,-0.570076,-0.492738,0.996076,-0.498714,-0.161662,0.733518,-0.564349,-0.495064,0.989701,-0.510392,-0.16954,0.734204,-0.550305
445,-0.512677,0.999004,-0.491806,-0.178147,0.729254,-0.54867,-0.509284,0.995978,-0.491115,-0.161331,0.739814,-0.539447,-0.511784,0.99492,-0.493029,-0.167926,0.724965,-0.561633,-0.513501,0.994719,-0.493523,-0.173464,0.734294,-0.557729
446,-0.526733,0.997434,-0.475679,-0.214795,0.739717,-0.567667,-0.523737,1.00647,-0.474912,-0.179386,0.740522,-0.540919,-0.532371,0.996483,-0.479238,-0.192171,0.749565,-0.553913,-0.522868,1.001618,-0.472944,-0.219481,0.72691,-0.562387
447,-0.546599,0.997516,-0.460329,-0.206339,0.75591,-0.542071,-0.540425,0.992387,-0.454811,-0.198201,0.752105,-0.554501,-0.545896,1.003723,-0.456111,-0.200256,0.751932,-0.545091,-0.541351,0.997112,-0.451799,-0.187452,0.748003,-0.549796
448,-0.558368,0.995129,-0.442375,-0.216648,0.748948,-0.523683,-0.552122,1.000857,-0.441312,-0.208041,0.74507,-0.540134,-0.548052,0.995909,-0.439,-0.212171,0.737161,-0.519046,-0.562551,0.995966,-0.446992,-0.237214,0.753548,-0.517661
449,-0.57557,1.000251,-0.426118,-0.235024,0.760103,-0.520516,-0.577327,0.99129,-0.431021,-0.225774,0.731639,-0.510103,-0.575681,0.99786,-0.419954,-0.220038,0.75481,-0.531797,-0.577019,0.994656,-0.426486,-0.247332,0.74304,-0.510945
450,-0.586794,0.989962,-0.410949,-0.240407,0.750412,-0.507642,-0.582623,0.992029,-0.404208,-0.231761,0.766769,-0.524624,-0.585311,0.996766,-0.401854,-0.257981,0.762226,-0.508381,-0.589374,0.994454,-0.408077,-0.248572,0.737742,-0.504519
451,-0.601214,0.987547,-0.395773,-0.251104,0.736934,-0.487558,-0.600049,0.992592,-0.386317,-0.269226,0.760923,-0.500679,-0.602295,0.989789,-0.389447,-0.247874,0.765603,-0.491802,-0.608261,0.984355,-0.39456,-0.274197,0.755292,-0.480642
452,-0.626438,0.991177,-0.374158,-0.283058,0.765221,-0.483622,-0.617577,0.988174,-0.366535,-0.267205,0.763471,-0.489798,-0.607116,0.989459,-0.382131,-0.277406,0.772739,-0.485833,-0.627569,0.986183,-0.374666,-0.295599,0.764337,-0.484583
453,-0.631241,0.991819,-0.358709,-0.28606,0.765378,-0.484021,-0.632986,0.985776,-0.361175,-0.294773,0.757912,-0.4671,-0.639971,0.986012,-0.353392,-0.306268,0.76479,-0.485175,-0.643108,0.98269,-0.361138,-0.293793,0.771274,-0.481548
454,-0.639489,0.979671,-0.341041,-0.305628,0.76268,-0.453937,-0.643873,0.992274,-0.337199,-0.307404,0.748084,-0.45178,-0.635938,0.981335,-0.33426,-0.288287,0.746914,-0.454041,-0.641604,0.988433,-0.339472,-0.306215,0.764682,-0.46625
455,-0.662781,0.986798,-0.321627,-0.33257,0.760544,-0.441578,-0.66145,0.981355,-0.311301,-0.31577,0.747318,-0.470647,-0.659103,0.976166,-0.318868,-0.319559,0.771026,-0.440718,-0.660406,0.976909,-0.323587,-0.317428,0.764078,-0.456116
456,-0.666058,0.984023,-0.305403,-0.335364,0.770653,-0.42698,-0.678915,0.975872,-0.299558,-0.321871,0.772035,-0.447276,-0.673975,0.978463,-0.29833,-0.329741,0.757775,-0.455811,-0.673482,0.976487,-0.301559,-0.330475,0.777325,-0.456691
457,-0.686868,0.965356,-0.278878,-0.335468,0.743606,-0.424672,-0.689311,0.970274,-0.287082,-0.344737,0.777611,-0.43599,-0.682281,0.976193,-0.295219,-0.356845,0.757568,-0.419045,-0.685242,0.969848,-0.283061,-0.348005,0.762766,-0.428111
458,-0.711339,0.967229,-0.269622,-0.350253,0.763295,-0.419152,-0.697826,0.974823,-0.2627,-0.359552,0.755035,-0.421834,-0.705979,0.965623,-0.264408,-0.351667,0.761798,-0.398499,-0.702203,0.968825,-0.269786,-0.365264,0.745683,-0.40901
459,-0.717112,0.95531,-0.245784,-0.375167,0.775357,-0.402374,-0.705269,0.962735,-0.253664,-0.37101,0.750621,-0.405136,-0.716381,0.970535,-0.241775,-0.365892,0.785291,-0.409121,-0.710597,0.9602,-0.245414,-0.366089,0.764983,-0.405826
460,-0.72886,0.95805,-0.226327,-0.373434,0.761928,-0.376575,-0.735544,0.959312,-0.220216,-0.366291,0.789446,-0.376476,-0.729014,0.957453,-0.234131,-0.369573,0.775266,-0.383799,-0.725087,0.964597,-0.23069,-0.377997,0.784633,-0.37766
461,-0.751124,0.946784,-0.209213,-0.372649,0.773074,-0.373032,-0.741371,0.943453,-0.211353,-0.386979,0.785608,-0.372167,-0.746981,0.944294,-0.206902,-0.38768,0.759674,-0.375515,-0.745398,0.952357,-0.214508,-0.394114,0.775797,-0.361119
462,-0.75839,0.940149,-0.188115,-0.398541,0.764774,-0.36288,-0.752564,0.945376,-0.183429,-0.400751,0.771238,-0.362858,-0.758946,0.948546,-0.199494,-0.392736,0.762664,-0.370376,-0.754733,0.945429,-0.197463,-0.40519,0.785708,-0.368169
463,-0.777366,0.945211,-0.162421,-0.425966,0.772644,-0.355109,-0.768421,0.948542,-0.175873,-0.414013,0.776092,-0.340738,-0.771693,0.939789,-0.177551,-0.430075,0.771453,-0.358703,-0.76734,0.951422,-0.178678,-0.425634,0.759455,-0.359474
464,-0.779885,0.932388,-0.149423,-0.424728,0.761145,-0.352012,-0.77076,0.931335,-0.163051,-0.435289,0.778197,-0.346391,-0.778419,0.941157,-0.152355,-0.438931,0.766723,-0.336931,-0.779249,0.941013,-0.151806,-0.407866,0.768575,-0.328662
465,-0.790853,0.919414,-0.142075,-0.429693,0.772074,-0.319682,-0.79032,0.927226,-0.136608,-0.440805,0.762495,-0.343157,-0.783358,0.914835,-0.129608,-0.447643,0.768189,-0.319985,-0.791699,0.931451,-0.135378,-0.439729,0.764305,-0.317337
466,-0.816258,0.926715,-0.115808,-0.440745,0.755428,-0.316807,-0.803922,0.918198,-0.120142,-0.451982,0.764124,-0.319925,-0.798168,0.918645,-0.118461,-0.471071,0.754391,-0.310105,-0.800182,0.916041,-0.115362,-0.454665,0.763129,-0.309675
467,-0.812261,0.909328,-0.102401,-0.467582,0.768872,-0.296679,-0.817303,0.910873,-0.095276,-0.468771,0.753748,-0.277911,-0.80712,0.911855,-0.093849,-0.450708,0.777616,-0.305308,-0.811157,0.914317,-0.101874,-0.465136,0.765666,-0.305232
468,-0.835549,0.898781,-0.078064,-0.479562,0.765243,-0.273456,-0.815992,0.9021,-0.075059,-0.474014,0.763691,-0.279886,-0.819945,0.904055,-0.079624,-0.475188,0.770807,-0.279324,-0.830598,0.901624,-0.078071,-0.496263,0.741382,-0.287756
469,-0.832648,0.895318,-0.058052,-0.491576,0.777673,-0.260298,-0.837314,0.889971,-0.055032,-0.481483,0.740865,-0.27866,-0.831848,0.896306,-0.06496,-0.491958,0.766444,-0.26838,-0.828985,0.894049,-0.056922,-0.489306,0.772652,-0.263981
470,-0.853446,0.882808,-0.037424,-0.495054,0.753186,-0.2595,-0.840042,0.877261,-0.039397,-0.503794,0.760258,-0.25002,-0.846986,0.880808,-0.036972,-0.490389,0.770311,-0.251204,-0.843167,0.886943,-0.036135,-0.485768,0.749806,-0.246263
471,-0.84682,0.876104,-0.026152,-0.51442,0.764974,-0.251912,-0.847808,0.872782,-0.017623,-0.521104,0.757342,-0.25002,-0.857417,0.892103,-0.025234,-0.506568,0.771426,-0.2435,-0.854611,0.875151,-0.027918,-0.492233,0.74277,-0.226026
472,-0.868647,0.859423,0.000975,-0.51948,0.740242,-0.244168,-0.868979,0.873542,-0.005818,-0.520908,0.756164,-0.225146,-0.875783,0.873429,-0.003432,-0.534893,0.742496,-0.240688,-0.861032,0.860505,0.001784,-0.536727,0.75409,-0.229175
473,-0.87254,0.857825,0.019221,-0.523023,0.740815,-0.220567,-0.877041,0.858015,0.020239,-0.537344,0.731479,-0.233822,-0.873413,0.874673,0.009828,-0.505779,0.740781,-0.227019,-0.859986,0.854378,0.00861,-0.514167,0.748503,-0.215166
474,-0.884485,0.854832,0.034055,-0.540775,0.736538,-0.192008,-0.884162,0.844881,0.039399,-0.532887,0.756437,-0.213477,-0.874576,0.846248,0.03376,-0.554226,0.747523,-0.201331,-0.894707,0.845512,0.031645,-0.541616,0.744464,-0.20806
475,-0.90243,0.845298,0.047659,-0.548228,0.723169,-0.191221,-0.896358,0.847415,0.053767,-0.53509,0.718021,-0.195088,-0.882886,0.842027,0.053053,-0.553939,0.744987,-0.179151,-0.8917,0.840045,0.043586,-0.555529,0.739307,-0.186244
476,-0.898831,0.834338,0.073863,-0.544297,0.724891,-0.176661,-0.898749,0.822399,0.066666,-0.56646,0.752037,-0.171827,-0.895555,0.819229,0.067614,-0.56727,0.731032,-0.177102,-0.902159,0.832165,0.075196,-0.575427,0.737696,-0.179192
477,-0.907449,0.808867,0.087012,-0.582284,0.739625,-0.150526,-0.905964,0.813974,0.093188,-0.578692,0.732028,-0.165295,-0.915584,0.819371,0.088211,-0.579015,0.725155,-0.148306,-0.909063,0.812865,0.089722,-0.570613,0.731589,-0.143238
478,-0.918474,0.810503,0.112363,-0.589522,0.727135,-0.146679,-0.912862,0.802662,0.110793,-0.587253,0.709102,-0.166291,-0.913833,0.797739,0.109764,-0.581686,0.733795,-0.146214,-0.911281,0.817286,0.101091,-0.57439,0.726034,-0.130007
479,-0.919733,0.799218,0.135907,-0.592789,0.742011,-0.12151,-0.927614,0.793533,0.118735,-0.600403,0.715307,-0.122088,-0.922194,0.785904,0.131934,-0.590216,0.737764,-0.132262,-0.922274,0.788696,0.12914,-0.593653,0.721622,-0.154823
480,-0.930421,0.780057,0.138092,-0.603821,0.731915,-0.104012,-0.923239,0.778792,0.143233,-0.597801,0.711478,-0.115919,-0.927442,0.781096,0.149845,-0.582827,0.719887,-0.124889,-0.923806,0.776673,0.15354,-0.608842,0.710045,-0.131854
481,-0.931798,0.777593,0.163101,-0.600133,0.692187,-0.091865,-0.93714,0.775988,0.167872,-0.611329,0.705555,-0.125004,-0.936203,0.768814,0.157319,-0.606982,0.715929,-0.102009,-0.937839,0.770361,0.167859,-0.608757,0.704512,-0.116287
482,-0.952396,0.763203,0.182672,-0.626377,0.700455,-0.085155,-0.941091,0.765709,0.179866,-0.608266,0.697728,-0.092294,-0.937216,0.755793,0.182979,-0.605572,0.708873,-0.07488,-0.945563,0.763908,0.188924,-0.60175,0.712672,-0.099662
483,-0.952239,0.746871,0.206593,-0.631053,0.690872,-0.087603,-0.963268,0.743029,0.196787,-0.610049,0.697277,-0.066905,-0.947635,0.750112,0.206301,-0.618544,0.697592,-0.075238,-0.953876,0.749068,0.198706,-0.640384,0.69793,-0.065504
484,-0.949168,0.742001,0.211844,-0.657756,0.686697,-0.040115,-0.960131,0.739226,0.220092,-0.632841,0.6967,-0.040725,-0.95274,0.73163,0.217834,-0.624627,0.682203,-0.066264,-0.952043,0.740543,0.224773,-0.632835,0.690567,-0.066174
485,-0.967339,0.719393,0.236305,-0.657696,0.693001,-0.036866,-0.958439,0.727999,0.241628,-0.625923,0.692734,-0.04405,-0.951976,0.724856,0.242665,-0.651478,0.683474,-0.041381,-0.969412,0.720697,0.238247,-0.645759,0.685234,-0.037653
486,-0.962999,0.711328,0.246699,-0.643883,0.671731,-0.026512,-0.961515,0.716432,0.261507,-0.64142,0.663283,-0.039273,-0.958732,0.711689,0.250644,-0.653966,0.681708,-0.040419,-0.959666,0.711084,0.259192,-0.647396,0.682932,-0.044811
487,-0.968781,0.701371,0.272281,-0.677363,0.692579,-0.012686,-0.967355,0.699459,0.275097,-0.65133,0.639451,-0.016526,-0.964666,0.693158,0.281075,-0.654622,0.66671,-0.034605,-0.967882,0.689323,0.275131,-0.6632,0.653248,-0.013588
488,-0.970068,0.689847,0.293514,-0.652201,0.658096,0.007665,-0.972039,0.688036,0.287249,-0.664475,0.666627,0.005858,-0.978239,0.688909,0.288016,-0.675871,0.673318,-0.001053,-0.9688,0.681566,0.292569,-0.657809,0.681096,0.010118
489,-0.96589,0.661851,0.307882,-0.673059,0.674334,0.019438,-0.982981,0.667888,0.302206,-0.675015,0.660308,0.003469,-0.984101,0.662546,0.313174,-0.672599,0.651615,0.022657,-0.983643,0.668102,0.311219,-0.682585,0.671438,0.020338
490,-0.980627,0.649856,0.333898,-0.681877,0.662879,0.023753,-0.983174,0.644533,0.325244,-0.686672,0.665786,0.016464,-0.981832,0.64387,0.324151,-0.675367,0.646746,0.040797,-0.983916,0.648063,0.331245,-0.68507,0.668783,0.046884
491,-0.984838,0.649729,0.341173,-0.667698,0.646775,0.046546,-0.974981,0.623891,0.343134,-0.673102,0.646749,0.053819,-0.991277,0.648298,0.34514,-0.685967,0.660274,0.039512,-0.976621,0.630417,0.345473,-0.683263,0.64617,0.058576
492,-0.994734,0.6146,0.36954,-0.692141,0.637979,0.057427,-0.988095,0.625888,0.362084,-0.68418,0.632207,0.065193,-0.99033,0.627842,0.36111,-0.688298,0.637303,0.057296,-0.987787,0.625414,0.365561,-0.701406,0.633902,0.044363
493,-0.992657,0.613122,0.383953,-0.689495,0.622104,0.079565,-0.98846,0.616304,0.3741,-0.7115,0.627185,0.065431,-0.984318,0.609933,0.385797,-0.687298,0.638637,0.072078,-0.989673,0.610031,0.378684,-0.688962,0.637353,0.078128
494,-0.995334,0.590443,0.408769,-0.666399,0.63629,0.076858,-0.993015,0.588973,0.393816,-0.71175,0.627813,0.094855,-0.988504,0.596494,0.398261,-0.692931,0.622105,0.076101,-0.997215,0.598297,0.404539,-0.699685,0.620009,0.086856
495,-0.995142,0.575177,0.416146,-0.705486,0.601789,0.104434,-0.993847,0.583475,0.425103,-0.696885,0.609676,0.10653,-1.000208,0.574469,0.415142,-0.712127,0.618001,0.101936,-0.99818,0.579272,0.415874,-0.71179,0.611018,0.096038
496,-0.995806,0.563968,0.437247,-0.720254,0.614564,0.101546,-0.991775,0.555295,0.438916,-0.731892,0.599266,0.10133,-0.991308,0.563844,0.430378,-0.710418,0.598314,0.102577,-0.990404,0.552592,0.442123,-0.707671,0.626158,0.111979
497,-1.009244,0.555456,0.448619,-0.717247,0.584161,0.125182,-1.002124,0.548749,0.447161,-0.734496,0.601148,0.129622,-0.987729,0.550534,0.455267,-0.72797,0.602322,0.132751,-1.002224,0.546229,0.451937,-0.702016,0.588544,0.128306
498,-0.997295,0.541483,0.464833,-0.716399,0.575516,0.161862,-0.998853,0.538752,0.460749,-0.725818,0.597833,0.13147,-1.00946,0.536286,0.471358,-0.717911,0.591525,0.147577,-0.993823,0.536404,0.472385,-0.72463,0.597407,0.13769
499,-0.994004,0.515573,0.479258,-0.71931,0.583576,0.151596,-0.994423,0.520783,0.494834,-0.728419,0.574903,0.162957,-1.000678,0.518488,0.48234,-0.724546,0.565087,0.169399,-0.998512,0.51674,0.492731,-0.739566,0.576186,0.165588
500,-1.003941,0.508962,0.50342,-0.742985,0.555127,0.168015,-0.998942,0.50121,0.495863,-0.737004,0.551585,0.178173,-0.999179,0.490968,0.49407,-0.734248,0.56056,0.156374,-0.994114,0.495797,0.505215,-0.718782,0.555529,0.167394
501,-0.991682,0.487086,0.517276,-0.743921,0.558179,0.188458,-1.006389,0.486943,0.508676,-0.728495,0.556493,0.186771,-0.996336,0.474114,0.51137,-0.742584,0.573029,0.170159,-1.000426,0.480612,0.519153,-0.742756,0.566326,0.1845
502,-0.99844,0.469621,0.522994,-0.749319,0.544156,0.202345,-0.998816,0.469499,0.532279,-0.747939,0.564952,0.191213,-1.006352,0.469165,0.530485,-0.750671,0.559873,0.206745,-0.998437,0.468885,0.538382,-0.747271,0.548092,0.201033
503,-0.991022,0.451126,0.540138,-0.739827,0.544108,0.219373,-0.993278,0.457642,0.553397,-0.754988,0.534023,0.232541,-1.001373,0.454096,0.551124,-0.747557,0.537243,0.18934,-1.000997,0.443535,0.543897,-0.757607,0.551871,0.224409
504,-0.998885,0.439738,0.571476,-0.748905,0.509237,0.235612,-0.998693,0.432666,0.561411,-0.748534,0.508759,0.235992,-0.991468,0.439082,0.556777,-0.752016,0.533638,0.225084,-0.996855,0.43525,0.566858,-0.769263,0.503302,0.218328
505,-1.003929,0.422174,0.575265,-0.759275,0.511382,0.25143,-0.995274,0.413553,0.576874,-0.75469,0.521732,0.233098,-0.992837,0.416404,0.579285,-0.741842,0.501755,0.227672,-0.986314,0.425637,0.578304,-0.738549,0.498244,0.243921
506,-1.008204,0.394748,0.596544,-0.750933,0.495146,0.251608,-0.991724,0.397693,0.59847,-0.752102,0.498791,0.259375,-0.996207,0.398393,0.594457,-0.747974,0.496593,0.264588,-0.990292,0.402056,0.598837,-0.7466,0.50313,0.25693
507,-0.995449,0.389246,0.618763,-0.766202,0.487078,0.257274,-0.991811,0.37182,0.608565,-0.755644,0.487914,0.263979,-0.984693,0.382749,0.619657,-0.76831,0.485298,0.269916,-0.993706,0.386663,0.609369,-0.753653,0.490408,0.266162
508,-0.992364,0.371938,0.628012,-0.753204,0.479006,0.287279,-0.980469,0.362261,0.62875,-0.777063,0.479775,0.267635,-0.990354,0.354427,0.622449,-0.750948,0.483281,0.272195,-0.989585,0.357841,0.624089,-0.767266,0.484669,0.270092
509,-0.982019,0.351748,0.637226,-0.766456,0.487167,0.306058,-0.991468,0.352835,0.638445,-0.762693,0.461895,0.297353,-0.983761,0.350713,0.630761,-0.766086,0.477066,0.289718,-0.984343,0.3433,0.644052,-0.765857,0.446777,0.285953
510,-0.985349,0.328177,0.656337,-0.755331,0.461813,0.303428,-0.973627,0.340488,0.653629,-0.776603,0.453318,0.328409,-0.974634,0.324534,0.650385,-0.762241,0.448776,0.302712,-0.977924,0.330119,0.653512,-0.764853,0.47428,0.312551
511,-0.982302,0.308817,0.662459,-0.749524,0.437018,0.319161,-0.973854,0.311216,0.677158,-0.777852,0.430561,0.339421,-0.982397,0.313494,0.663757,-0.754422,0.449891,0.321274,-0.989487,0.31053,0.673246,-0.749258,0.449464,0.321954
512,-0.967025,0.288124,0.676454,-0.759335,0.445623,0.340179,-0.974378,0.286017,0.676847,-0.771934,0.415871,0.34273,-0.965389,0.300955,0.678952,-0.756369,0.425689,0.327204,-0.983263,0.2871,0.676482,-0.769387,0.429962,0.315293
513,-0.971203,0.278439,0.693486,-0.769904,0.422123,0.35273,-0.972575,0.268799,0.692569,-0.774301,0.383819,0.338987,-0.967488,0.278668,0.687551,-0.770054,0.404994,0.346819,-0.965675,0.276997,0.698261,-0.766429,0.410651,0.352016
514,-0.966079,0.255602,0.715506,-0.775745,0.399495,0.360393,-0.97512,0.261783,0.709778,-0.781366,0.400898,0.369598,-0.959955,0.250384,0.70059,-0.769495,0.388373,0.347075,-0.965721,0.254726,0.705311,-0.744163,0.413244,0.362057
515,-0.959169,0.234256,0.713768,-0.768091,0.398954,0.379364,-0.967541,0.238419,0.726607,-0.769627,0.383122,0.365258,-0.955412,0.243447,0.727379,-0.778196,0.406092,0.365689,-0.963277,0.240793,0.719204,-0.749064,0.401856,0.371559
516,-0.951123,0.219422,0.733614,-0.769413,0.38718,0.381314,-0.95593,0.22477,0.731555,-0.776592,0.383515,0.399933,-0.965774,0.21438,0.739707,-0.762893,0.384085,0.391837,-0.950595,0.217719,0.737225,-0.787572,0.38912,0.390823
517,-0.9549,0.204825,0.7545,-0.780071,0.367424,0.41873,-0.942001,0.208807,0.749964,-0.751611,0.350454,0.402524,-0.954267,0.206806,0.748075,-0.785268,0.361258,0.39988,-0.950391,0.209412,0.751987,-0.780964,0.382905,0.395534
518,-0.941522,0.178149,0.753741,-0.7726,0.35429,0.401856,-0.939258,0.185973,0.762703,-0.755366,0.372573,0.408551,-0.944127,0.184888,0.765924,-0.768086,0.345762,0.396648,-0.936629,0.183257,0.7652,-0.778587,0.343523,0.393644
519,-0.938194,0.164387,0.770375,-0.783755,0.341126,0.436533,-0.939038,0.169557,0.771415,-0.781524,0.357927,0.416358,-0.944364,0.164955,0.780368,-0.769532,0.36022,0.425502,-0.943465,0.163439,0.775199,-0.766706,0.348369,0.433117
520,-0.926445,0.153135,0.782955,-0.79165,0.31505,0.445324,-0.934418,0.140809,0.787234,-0.760854,0.326187,0.43831,-0.936624,0.151397,0.787483,-0.771583,0.331813,0.442593,-0.929178,0.15321,0.787214,-0.786739,0.333659,0.442204
521,-0.918429,0.124463,0.79477,-0.772622,0.330826,0.443738,-0.913623,0.132131,0.791337,-0.7695,0.306763,0.4339,-0.923344,0.135005,0.794516,-0.756932,0.331044,0.426621,-0.915975,0.13384,0.795308,-0.766164,0.296332,0.460706
522,-0.919505,0.115419,0.806117,-0.784748,0.298018,0.479664,-0.918136,0.104722,0.806481,-0.759994,0.306844,0.469933,-0.913402,0.114021,0.802049,-0.764344,0.294329,0.468844,-0.914026,0.105393,0.809144,-0.770857,0.309547,0.4557
523,-0.903428,0.085683,0.816118,-0.754167,0.314825,0.485827,-0.915112,0.089634,0.822543,-0.754831,0.28667,0.477676,-0.898299,0.093907,0.819069,-0.765221,0.291359,0.466022,-0.911477,0.086275,0.821489,-0.775604,0.289811,0.483226
524,-0.902085,0.067267,0.830568,-0.737297,0.275047,0.474459,-0.893314,0.071151,0.826177,-0.763077,0.305899,0.472907,-0.904909,0.076511,0.827243,-0.751807,0.28201,0.485024,-0.902968,0.069984,0.824387,-0.751742,0.281476,0.478433
525,-0.899916,0.045481,0.839437,-0.752829,0.268165,0.497387,-0.898259,0.057944,0.837157,-0.746179,0.259192,0.499385,-0.883191,0.053331,0.846016,-0.759918,0.259665,0.476714,-0.894834,0.041157,0.837807,-0.741618,0.254771,0.481237
526,-0.882134,0.028659,0.847338,-0.747606,0.268924,0.493217,-0.884157,0.032559,0.847763,-0.743768,0.238618,0.520204,-0.884573,0.03027,0.840336,-0.76479,0.273531,0.501711,-0.886996,0.029276,0.859386,-0.757102,0.243678,0.502165
527,-0.879736,0.013924,0.863953,-0.755217,0.247374,0.520065,-0.859916,0.020084,0.85425,-0.746927,0.240051,0.534966,-0.878434,0.013754,0.864711,-0.748403,0.223545,0.490015,-0.865123,0.029049,0.861485,-0.743118,0.227713,0.503388
528,-0.858403,-0.000965,0.872154,-0.7516,0.238438,0.511709,-0.864247,0.001367,0.862734,-0.738692,0.228941,0.526955,-0.872016,-0.00758,0.875607,-0.752639,0.214215,0.523164,-0.857834,-0.002475,0.870465,-0.759398,0.234958,0.527749
529,-0.859718,-0.028488,0.878429,-0.737457,0.208094,0.537086,-0.852481,-0.01791,0.868594,-0.732336,0.193816,0.544945,-0.857064,-0.011089,0.878603,-0.746571,0.205554,0.52448,-0.85509,-0.020016,0.878113,-0.758793,0.227709,0.541057
530,-0.848666,-0.039414,0.89487,-0.748593,0.21504,0.549275,-0.846057,-0.049355,0.892669,-0.727169,0.182351,0.530167,-0.845545,-0.037472,0.889156,-0.738024,0.193922,0.547316,-0.838268,-0.040675,0.890177,-0.740589,0.203246,0.543082
531,-0.839596,-0.05734,0.900349,-0.731504,0.179613,0.555048,-0.839036,-0.064427,0.895937,-0.745512,0.181583,0.554812,-0.83467,-0.057153,0.888713,-0.735212,0.169011,0.541362,-0.836789,-0.063518,0.890367,-0.742898,0.187434,0.556532
532,-0.823633,-0.083954,0.897144,-0.729896,0.171619,0.563717,-0.819752,-0.077965,0.909493,-0.721904,0.175956,0.563464,-0.823001,-0.082282,0.903513,-0.720384,0.174838,0.583305,-0.824312,-0.085238,0.897486,-0.733052,0.159203,0.566481
533,-0.823476,-0.095187,0.90515,-0.736438,0.151987,0.563398,-0.803995,-0.103735,0.905523,-0.739793,0.156934,0.567383,-0.808676,-0.110144,0.911436,-0.723006,0.148073,0.577287,-0.799316,-0.101657,0.919711,-0.729317,0.162456,0.579197
534,-0.801631,-0.120657,0.915108,-0.72848,0.151118,0.570842,-0.806897,-0.115241,0.918362,-0.733062,0.151094,0.616077,-0.811053,-0.114535,0.920867,-0.722621,0.142459,0.587743,-0.800893,-0.116803,0.900502,-0.724063,0.137118,0.574785
535,-0.788019,-0.138573,0.929204,-0.709879,0.123179,0.574831,-0.793418,-0.1348,0.930233,-0.729659,0.122202,0.588998,-0.784037,-0.134816,0.930891,-0.717761,0.129717,0.581519,-0.788047,-0.14135,0.92737,-0.710472,0.131201,0.58672
536,-0.783549,-0.154842,0.926051,-0.721977,0.083873,0.598539,-0.779126,-0.157171,0.934284,-0.712143,0.110352,0.614701,-0.787608,-0.157359,0.927563,-0.711702,0.094188,0.600954,-0.773787,-0.156535,0.936889,-0.715389,0.122325,0.601746
537,-0.767291,-0.169827,0.935787,-0.705012,0.086294,0.616549,-0.770566,-0.1785,0.941613,-0.704284,0.105944,0.601273,-0.770534,-0.173426,0.937263,-0.70542,0.093496,0.613034,-0.762348,-0.173006,0.947428,-0.696239,0.08863,0.60809
538,-0.755296,-0.192483,0.943316,-0.711629,0.099438,0.635046,-0.763062,-0.190303,0.933929,-0.728602,0.080185,0.611537,-0.739289,-0.190595,0.950587,-0.699222,0.074322,0.613467,-0.755398,-0.188453,0.94235,-0.715838,0.088408,0.626773
539,-0.739263,-0.206155,0.954655,-0.713418,0.061218,0.629993,-0.73962,-0.212054,0.94772,-0.693088,0.070567,0.638475,-0.739099,-0.212781,0.95166,-0.687412,0.082211,0.608312,-0.741952,-0.199755,0.957667,-0.693051,0.078522,0.621975
540,-0.725277,-0.230333,0.958025,-0.670171,0.062016,0.627239,-0.734023,-0.233209,0.953205,-0.695153,0.045525,0.637488,-0.73197,-0.228535,0.962458,-0.693585,0.055461,0.634197,-0.726525,-0.22895,0.964743,-0.679667,0.069062,0.65525
541,-0.72077,-0.253858,0.957891,-0.670013,0.048204,0.63141,-0.709301,-0.244782,0.959404,-0.686076,0.043489,0.641368,-0.717723,-0.250101,0.966837,-0.683621,0.024941,0.629547,-0.721705,-0.240418,0.955469,-0.671621,0.027269,0.668288
542,-0.705547,-0.257865,0.958468,-0.669927,0.04711,0.627506,-0.706725,-0.263956,0.973903,-0.686043,0.008325,0.649048,-0.708389,-0.266927,0.970338,-0.664257,0.011562,0.649385,-0.703454,-0.264675,0.970632,-0.684827,0.022958,0.667207
543,-0.682631,-0.280845,0.976444,-0.676037,0.013873,0.651247,-0.692833,-0.292068,0.976036,-0.68576,0.02232,0.659977,-0.687486,-0.279626,0.966825,-0.667108,0.018403,0.669898,-0.692148,-0.285363,0.969513,-0.666951,0.016127,0.653069
544,-0.6743,-0.30425,0.974454,-0.672953,-0.010627,0.650431,-0.671119,-0.303285,0.978795,-0.650356,-0.004305,0.65119,-0.674245,-0.298847,0.976121,-0.668959,-0.004462,0.687059,-0.668521,-0.297369,0.982714,-0.65704,-0.001749,0.66241
545,-0.656581,-0.311106,0.980406,-0.642889,-0.01775,0.662438,-0.67112,-0.319763,0.981122,-0.669352,-0.027051,0.677751,-0.659211,-0.31628,0.983454,-0.658211,-0.013304,0.691341,-0.661766,-0.319081,0.968978,-0.661791,-0.017365,0.673473
546,-0.651297,-0.338499,0.984353,-0.644807,-0.040876,0.676299,-0.646229,-0.337942,0.980573,-0.639766,-0.013724,0.686988,-0.6494,-0.329348,0.984703,-0.653289,-0.019453,0.683147,-0.641643,-0.343888,0.984162,-0.663839,-0.03328,0.679087
547,-0.630808,-0.35244,0.994157,-0.634815,-0.041597,0.682931,-0.631833,-0.351135,0.988124,-0.64681,-0.046589,0.679667,-0.626827,-0.354766,0.993454,-0.633255,-0.048141,0.694599,-0.627554,-0.350695,0.984192,-0.647088,-0.040193,0.676985
548,-0.605883,-0.37291,0.99281,-0.622769,-0.068764,0.682193,-0.619048,-0.371225,0.988897,-0.612729,-0.062631,0.699027,-0.608615,-0.373125,0.981191,-0.634347,-0.062292,0.705519,-0.620194,-0.369968,0.992215,-0.633184,-0.074205,0.687764
549,-0.606467,-0.391192,0.989041,-0.621851,-0.068116,0.700787,-0.602835,-0.387998,1.003063,-0.620383,-0.075807,0.689843,-0.598968,-0.388668,0.996617,-0.613128,-0.068182,0.692846,-0.609081,-0.38333,0.988519,-0.62714,-0.081787,0.707289
550,-0.591636,-0.406121,0.986509,-0.61636,-0.090554,0.703832,-0.594681,-0.403542,0.993596,-0.619234,-0.086264,0.702049,-0.59158,-0.408651,1.000638,-0.611122,-0.089773,0.682991,-0.594873,-0.404284,0.994706,-0.622937,-0.108798,0.720612
551,-0.570414,-0.419421,0.989067,-0.615535,-0.117764,0.705379,-0.567921,-0.420236,0.986436,-0.615378,-0.101449,0.709458,-0.584023,-0.428392,0.991547,-0.601476,-0.107279,0.728383,-0.571158,-0.429956,0.999506,-0.616335,-0.116726,0.717319
552,-0.559643,-0.444414,0.993707,-0.612119,-0.126591,0.718385,-0.554311,-0.442225,1.000468,-0.617008,-0.10892,0.719067,-0.556153,-0.443617,0.991608,-0.610293,-0.118518,0.726107,-0.560129,-0.441673,0.99994,-0.608401,-0.124796,0.71079
553,-0.545824,-0.456879,0.992198,-0.609823,-0.135468,0.710089,-0.546139,-0.466853,0.994943,-0.589931,-0.124683,0.729469,-0.548097,-0.465398,0.99408,-0.584344,-0.129183,0.743245,-0.54374,-0.452233,1.005093,-0.585384,-0.135608,0.720164
554,-0.524842,-0.466033,1.000269,-0.566065,-0.127854,0.724805,-0.528021,-0.481135,1.003227,-0.577709,-0.148621,0.712932,-0.524592,-0.474337,0.997115,-0.591668,-0.166846,0.725056,-0.528288,-0.473401,0.993715,-0.576176,-0.150752,0.721821
555,-0.500948,-0.493766,1.001804,-0.571673,-0.161973,0.752587,-0.503094,-0.49564,1.003685,-0.567578,-0.163402,0.725035,-0.509225,-0.487824,1.001837,-0.578522,-0.142576,0.720317,-0.508369,-0.490194,1.006833,-0.561705,-0.167431,0.728014
556,-0.490028,-0.505868,1.005048,-0.553497,-0.187027,0.750096,-0.495852,-0.501155,0.996946,-0.570125,-0.182875,0.724432,-0.484566,-0.513186,0.999411,-0.558944,-0.182123,0.748677,-0.500363,-0.50959,1.003414,-0.557253,-0.171544,0.75538
557,-0.476734,-0.521775,1.004126,-0.54306,-0.196827,0.741637,-0.478886,-0.5171,0.999069,-0.542059,-0.206166,0.757598,-0.482631,-0.524192,0.990442,-0.556648,-0.185416,0.753189,-0.473906,-0.529004,1.002881,-0.540999,-0.202094,0.718319
558,-0.447497,-0.539492,1.002314,-0.538316,-0.189558,0.74328,-0.457821,-0.534543,0.988812,-0.528599,-0.229033,0.750326,-0.456182,-0.537581,0.989295,-0.544841,-0.212017,0.735764,-0.461285,-0.538495,1.000077,-0.525075,-0.193892,0.7403
559,-0.444009,-0.55228,0.998876,-0.524322,-0.205173,0.738534,-0.449681,-0.55881,1.005675,-0.52928,-0.223813,0.736649,-0.441145,-0.557914,0.997792,-0.532427,-0.205278,0.740027,-0.434086,-0.551237,1.001203,-0.534362,-0.225524,0.762667
560,-0.423911,-0.577887,0.990255,-0.516514,-0.220322,0.750315,-0.424656,-0.577341,0.99217,-0.523544,-0.234781,0.76657,-0.426848,-0.573229,1.000347,-0.511673,-0.228284,0.736041,-0.424532,-0.5673,0.995182,-0.514757,-0.220477,0.741869
561,-0.412989,-0.582486,0.995456,-0.516349,-0.261809,0.747252,-0.411145,-0.579495,0.994368,-0.509774,-0.227551,0.752231,-0.405597,-0.583222,0.991827,-0.496158,-0.261968,0.752686,-0.41645,-0.589049,1.001691,-0.51733,-0.244511,0.78467
562,-0.397431,-0.598729,0.98546,-0.499403,-0.258693,0.765416,-0.398844,-0.595789,0.990651,-0.506173,-0.256665,0.766829,-0.391294,-0.602466,0.995997,-0.495779,-0.275231,0.777704,-0.393561,-0.597742,1.000992,-0.516384,-0.259435,0.761475
563,-0.379266,-0.621419,0.989289,-0.479041,-0.267777,0.750044,-0.373957,-0.621842,0.980571,-0.506644,-0.264126,0.75348,-0.381291,-0.620082,0.990947,-0.470561,-0.254013,0.770333,-0.367502,-0.617312,0.985264,-0.475601,-0.256048,0.746587
564,-0.349995,-0.63138,0.992102,-0.473474,-0.296162,0.741821,-0.348444,-0.630511,0.988112,-0.474219,-0.286316,0.754448,-0.359032,-0.625714,0.989411,-0.472112,-0.285408,0.767506,-0.35413,-0.635283,0.9996,-0.471151,-0.308557,0.753362
565,-0.335065,-0.647041,0.981877,-0.448431,-0.301012,0.766196,-0.342924,-0.635254,0.980537,-0.45457,-0.283869,0.740228,-0.331889,-0.644171,0.98829,-0.456839,-0.289791,0.762423,-0.342929,-0.640885,0.987655,-0.491883,-0.30113,0.766187
566,-0.321346,-0.661889,0.986178,-0.429965,-0.317721,0.764193,-0.320183,-0.656809,0.981047,-0.439233,-0.318377,0.754238,-0.322499,-0.655373,0.97857,-0.447371,-0.318776,0.775258,-0.321992,-0.649721,0.98098,-0.453843,-0.306958,0.754354
567,-0.306943,-0.664803,0.972067,-0.447923,-0.335484,0.762535,-0.305132,-0.679371,0.973546,-0.420679,-0.326114,0.760796,-0.30307,-0.678321,0.982247,-0.439107,-0.333321,0.777012,-0.305079,-0.669086,0.984775,-0.430339,-0.328237,0.756111
568,-0.288104,-0.692547,0.978422,-0.425815,-0.339304,0.779813,-0.273707,-0.691032,0.972503,-0.452704,-0.342794,0.765111,-0.28891,-0.683748,0.966642,-0.429296,-0.34245,0.777899,-0.278271,-0.689092,0.970388,-0.440195,-0.332376,0.7625
569,-0.264426,-0.703665,0.970072,-0.420918,-0.344838,0.758649,-0.262642,-0.695974,0.962652,-0.423266,-0.352112,0.774366,-0.267966,-0.708998,0.96864,-0.422956,-0.353427,0.762674,-0.274398,-0.712912,0.967305,-0.4132,-0.33634,0.765819
570,-0.254781,-0.714791,0.968864,-0.383752,-0.363664,0.754654,-0.251134,-0.709986,0.965437,-0.419678,-0.348413,0.77637,-0.252198,-0.708841,0.969522,-0.397062,-0.375754,0.777821,-0.240294,-0.714658,0.960688,-0.386934,-0.390662,0.775595
571,-0.237148,-0.723462,0.95695,-0.394429,-0.386026,0.754265,-0.22833,-0.730525,0.96206,-0.392985,-0.382893,0.748212,-0.223729,-0.734398,0.962421,-0.393172,-0.384784,0.776646,-0.22667,-0.733372,0.959586,-0.385553,-0.366898,0.775149
572,-0.210388,-0.742582,0.956131,-0.356055,-0.386313,0.76362,-0.211916,-0.729003,0.954427,-0.376336,-0.37789,0.763208,-0.217654,-0.733976,0.954365,-0.365429,-0.392188,0.767379,-0.219506,-0.743835,0.960906,-0.373357,-0.390632,0.761956
573,-0.182719,-0.750413,0.957406,-0.348666,-0.39665,0.755381,-0.204251,-0.759888,0.947195,-0.35911,-0.392935,0.769159,-0.188395,-0.750333,0.949754,-0.351098,-0.399915,0.771087,-0.196822,-0.753228,0.953259,-0.366403,-0.397571,0.773728
574,-0.174014,-0.762712,0.947318,-0.360812,-0.392716,0.768812,-0.173943,-0.761251,0.936989,-0.361395,-0.414791,0.766021,-0.184994,-0.770727,0.940443,-0.345329,-0.445713,0.77955,-0.167043,-0.777036,0.936849,-0.348684,-0.41017,0.772589
575,-0.157731,-0.784403,0.936631,-0.331031,-0.432799,0.747706,-0.152505,-0.780071,0.928066,-0.345654,-0.428696,0.758524,-0.155336,-0.775508,0.941154,-0.339223,-0.436664,0.763344,-0.16302,-0.777568,0.929141,-0.358052,-0.43014,0.76303
576,-0.131423,-0.795033,0.928992,-0.339458,-0.443596,0.768171,-0.134876,-0.791939,0.923116,-0.320608,-0.424022,0.766394,-0.136538,-0.784781,0.935047,-0.315323,-0.43836,0.763212,-0.12856,-0.794357,0.922829,-0.332689,-0.434525,0.780416
577,-0.118117,-0.797861,0.926072,-0.325384,-0.452753,0.763011,-0.115952,-0.787919,0.921584,-0.308557,-0.444426,0.773029,-0.11669,-0.814073,0.920387,-0.324061,-0.451972,0.762246,-0.128618,-0.802475,0.917099,-0.314085,-0.468301,0.768334
578,-0.102112,-0.807607,0.908276,-0.29824,-0.464589,0.777199,-0.09875,-0.804459,0.913717,-0.318985,-0.477817,0.768945,-0.10898,-0.811897,0.912001,-0.308633,-0.466506,0.750311,-0.098896,-0.809515,0.91066,-0.29626,-0.472838,0.766292
579,-0.076083,-0.82317,0.902492,-0.289801,-0.469724,0.754995,-0.074786,-0.815905,0.917981,-0.277438,-0.477876,0.757651,-0.078865,-0.834034,0.910349,-0.281099,-0.463504,0.751461,-0.078262,-0.823639,0.90377,-0.289726,-0.481574,0.767337
580,-0.052794,-0.834485,0.893309,-0.262256,-0.488434,0.76164,-0.063909,-0.830734,0.902232,-0.273129,-0.486007,0.769763,-0.059926,-0.840627,0.897889,-0.268901,-0.479504,0.767833,-0.067174,-0.837517,0.894087,-0.272261,-0.47735,0.759384
581,-0.049117,-0.84642,0.888777,-0.260086,-0.4923,0.77333,-0.049699,-0.84128,0.89027,-0.248194,-0.509778,0.765319,-0.043207,-0.850716,0.888776,-0.263439,-0.495013,0.759778,-0.047911,-0.840481,0.891296,-0.250221,-0.505329,0.765375
582,-0.030384,-0.845967,0.878062,-0.23614,-0.505128,0.761702,-0.019714,-0.847386,0.871027,-0.243299,-0.495317,0.746728,-0.026826,-0.856707,0.877688,-0.260983,-0.507238,0.753744,-0.028803,-0.849761,0.881023,-0.257649,-0.494936,0.775466
583,-0.011578,-0.858762,0.873441,-0.233379,-0.510798,0.750195,-0.002032,-0.866161,0.865152,-0.2084,-0.510931,0.750307,-0.001674,-0.856148,0.869739,-0.222722,-0.522815,0.756957,-0.013522,-0.860001,0.857741,-0.235823,-0.524345,0.754421
584,0.012951,-0.869902,0.854584,-0.204988,-0.521527,0.752897,0.014968,-0.871303,0.861214,-0.203556,-0.548441,0.738819,0.02173,-0.876718,0.867682,-0.221734,-0.524036,0.75727,0.008222,-0.877266,0.862108,-0.233551,-0.536436,0.726128
585,0.030519,-0.876952,0.841484,-0.197978,-0.539001,0.742796,0.03205,-0.885086,0.849727,-0.197551,-0.529578,0.733262,0.036085,-0.881872,0.846956,-0.194752,-0.541836,0.741754,0.02881,-0.873478,0.850635,-0.192869,-0.552212,0.735149
586,0.050442,-0.896042,0.826335,-0.188698,-0.54805,0.744828,0.047058,-0.889567,0.838322,-0.187833,-0.51069,0.729985,0.050591,-0.894236,0.839473,-0.182159,-0.549709,0.746285,0.05564,-0.890936,0.842104,-0.19498,-0.551913,0.764721
587,0.057465,-0.89818,0.827979,-0.15901,-0.571061,0.745006,0.067192,-0.901649,0.829476,-0.161821,-0.553623,0.738402,0.064147,-0.891752,0.829535,-0.181283,-0.545047,0.72916,0.07329,-0.902349,0.835563,-0.153926,-0.565632,0.736365
588,0.090644,-0.899776,0.82138,-0.155672,-0.565578,0.739404,0.087762,-0.906973,0.816784,-0.158989,-0.566339,0.737814,0.086992,-0.912123,0.821384,-0.164216,-0.5721,0.737798,0.090833,-0.910905,0.810298,-0.159702,-0.562183,0.73462
589,0.104454,-0.914442,0.809788,-0.142005,-0.579663,0.747305,0.104622,-0.919476,0.805565,-0.140681,-0.576302,0.730048,0.117006,-0.923375,0.800582,-0.141647,-0.572814,0.716583,0.109491,-0.909693,0.802777,-0.157276,-0.580818,0.704807
590,0.125365,-0.917678,0.802346,-0.143751,-0.591073,0.735298,0.137821,-0.929885,0.796268,-0.121896,-0.590726,0.716312,0.130362,-0.924935,0.79632,-0.136907,-0.587247,0.710833,0.126055,-0.909554,0.79168,-0.136261,-0.593404,0.745883
591,0.139873,-0.932092,0.789299,-0.101684,-0.590358,0.723636,0.136079,-0.930854,0.784494,-0.120499,-0.609467,0.725466,0.136469,-0.923251,0.781924,-0.145601,-0.604085,0.710028,0.146281,-0.923206,0.7782,-0.116944,-0.603475,0.712633
592,0.162945,-0.935496,0.770948,-0.110094,-0.631787,0.713897,0.164053,-0.928255,0.765672,-0.094741,-0.595182,0.701787,0.159148,-0.935492,0.766894,-0.095268,-0.601819,0.715039,0.167093,-0.931045,0.772083,-0.104854,-0.604212,0.694035
593,0.181316,-0.938815,0.756284,-0.088253,-0.614458,0.681859,0.179851,-0.935651,0.753358,-0.079187,-0.627075,0.696088,0.17782,-0.943433,0.760219,-0.085534,-0.61714,0.706349,0.189096,-0.934915,0.759082,-0.080347,-0.614325,0.700368
594,0.204394,-0.944928,0.750357,-0.090751,-0.641415,0.694443,0.189721,-0.945158,0.749965,-0.059488,-0.632631,0.699868,0.200275,-0.945334,0.749024,-0.085763,-0.634493,0.695615,0.207899,-0.947586,0.753626,-0.065564,-0.615087,0.693254
595,0.213764,-0.953927,0.73696,-0.059905,-0.614165,0.702031,0.220608,-0.958951,0.735569,-0.06833,-0.633211,0.687932,0.213627,-0.950293,0.735453,-0.064205,-0.627802,0.691443,0.225684,-0.959365,0.735561,-0.060109,-0.637805,0.684988
596,0.237605,-0.960963,0.716453,-0.053498,-0.632756,0.680044,0.237871,-0.962828,0.726944,-0.051265,-0.631434,0.683813,0.239066,-0.962803,0.720665,-0.057467,-0.642522,0.693202,0.231917,-0.957812,0.716971,-0.037245,-0.63801,0.702056
597,0.256369,-0.976891,0.700045,-0.035739,-0.632758,0.695879,0.258058,-0.963026,0.710602,-0.031972,-0.644694,0.674663,0.254157,-0.962541,0.705833,-0.030578,-0.65727,0.66785,0.246838,-0.966311,0.710956,-0.018665,-0.644013,0.683958
598,0.267928,-0.969519,0.70539,-0.02706,-0.659138,0.670019,0.267512,-0.97309,0.696134,0.00486,-0.65982,0.678912,0.27656,-0.972124,0.702997,-0.01881,-0.651613,0.675901,0.27889,-0.971279,0.70535,0.004633,-0.667717,0.669991
599,0.293579,-0.979667,0.682306,-0.016029,-0.659132,0.658378,0.290996,-0.97639,0.676226,-0.013278,-0.66356,0.679521,0.287335,-0.970187,0.684275,-0.007378,-0.65451,0.670157,0.290433,-0.977272,0.682164,-0.009772,-0.659323,0.657643
600,0.317952,-0.973549,0.665576,0.01122,-0.667189,0.658305,0.319512,-0.977928,0.673022,0.018933,-0.661328,0.666327,0.305278,-0.979718,0.675352,0.007014,-0.668742,0.66929,0.309564,-0.981547,0.66873,-0.002098,-0.663423,0.658561
601,0.32869,-0.983586,0.655076,0.023811,-0.679155,0.6338,0.329124,-0.981072,0.65744,0.0172,-0.684958,0.651717,0.327438,-0.98318,0.654031,0.027358,-0.680577,0.65663,0.32199,-0.98114,0.657469,0.019801,-0.682733,0.650546
602,0.332659,-0.981996,0.635372,0.039707,-0.685584,0.639332,0.341067,-0.979635,0.637232,0.049108,-0.697555,0.653576,0.347212,-0.988384,0.639585,0.031964,-0.70122,0.636248,0.345853,-0.975441,0.646703,0.033374,-0.682186,0.644767
603,0.361122,-0.990284,0.632163,0.053612,-0.677977,0.635148,0.357634,-0.9942,0.622662,0.057126,-0.701613,0.639349,0.355411,-0.9923,0.618129,0.049918,-0.680854,0.634223,0.366572,-0.986026,0.623186,0.066983,-0.693797,0.632521
604,0.374983,-0.997241,0.609297,0.065162,-0.698527,0.634364,0.379347,-0.99243,0.606616,0.084,-0.692246,0.629973,0.378921,-0.989032,0.60776,0.082343,-0.679626,0.634228,0.384692,-1.001547,0.612271,0.058969,-0.701025,0.639679
605,0.402758,-0.99079,0.595518,0.087306,-0.705012,0.637403,0.394845,-0.995464,0.59004,0.084574,-0.695284,0.626205,0.400857,-0.998298,0.59925,0.058778,-0.700698,0.625523,0.393819,-0.989946,0.592308,0.080895,-0.717494,0.615767
606,0.414969,-0.991331,0.576491,0.091761,-0.717582,0.608718,0.415923,-0.999293,0.584514,0.085269,-0.709415,0.618505,0.419105,-0.996967,0.583277,0.092528,-0.700835,0.611304,0.416565,-0.988622,0.583691,0.093874,-0.714599,0.604788
607,0.430892,-0.994492,0.564494,0.119465,-0.708686,0.607759,0.43967,-0.997389,0.563164,0.115454,-0.704894,0.615616,0.444245,-0.985128,0.571257,0.126063,-0.716402,0.600879,0.435336,-1.007099,0.56447,0.092717,-0.720927,0.608302
608,0.452234,-0.994243,0.557985,0.135457,-0.733872,0.591676,0.452842,-0.985557,0.558509,0.146869,-0.730317,0.603311,0.446377,-1.001835,0.54038,0.125271,-0.712364,0.600111,0.443214,-1.005107,0.546372,0.120404,-0.710071,0.590969
609,0.464449,-0.998839,0.540284,0.139341,-0.720439,0.587869,0.472212,-0.996176,0.539067,0.159276,-0.72386,0.592636,0.470569,-1.001265,0.53638,0.133209,-0.727414,0.561831,0.461537,-0.997073,0.528164,0.129985,-0.722159,0.57915
610,0.481251,-0.996086,0.507333,0.139733,-0.711966,0.568823,0.486485,-1.000902,0.514844,0.156027,-0.726468,0.573961,0.481687,-0.99993,0.516419,0.177994,-0.728471,0.588908,0.483279,-0.997494,0.524553,0.158095,-0.72554,0.574009
611,0.49911,-0.992538,0.49634,0.17095,-0.735889,0.550729,0.499914,-0.994918,0.506842,0.161517,-0.7312,0.570759,0.49532,-1.004242,0.500463,0.16618,-0.732222,0.5575,0.491634,-0.995235,0.500395,0.165282,-0.731863,0.551026
612,0.513082,-0.995496,0.481207,0.191767,-0.736734,0.559887,0.517219,-0.996201,0.484863,0.19429,-0.750265,0.56414,0.517983,-1.0019,0.488982,0.185274,-0.737102,0.579246,0.523449,-1.002009,0.493008,0.189501,-0.751605,0.551716
613,0.537035,-0.997772,0.463024,0.206589,-0.730114,0.556181,0.521856,-0.997557,0.475767,0.218959,-0.740956,0.551371,0.534565,-0.997819,0.463769,0.191549,-0.746142,0.533309,0.529824,-1.003122,0.470591,0.171524,-0.73905,0.543429
614,0.551883,-1.002431,0.450734,0.213158,-0.756677,0.537612,0.541609,-1.004661,0.456708,0.21482,-0.758115,0.525057,0.544609,-0.999658,0.449258,0.211492,-0.724044,0.541352,0.541805,-0.997304,0.460477,0.217896,-0.742689,0.54439
615,0.570571,-1.00267,0.430046,0.22502,-0.728618,0.530597,0.573173,-0.999496,0.433807,0.231146,-0.745821,0.53448,0.558795,-0.988381,0.433616,0.23514,-0.745057,0.52474,0.559806,-1.000167,0.435599,0.218772,-0.739534,0.522867
616,0.585122,-0.998521,0.418991,0.24041,-0.757673,0.525923,0.579135,-0.994761,0.418799,0.234488,-0.767823,0.506389,0.585307,-0.99077,0.416878,0.240222,-0.758351,0.51783,0.574737,-1.001448,0.420472,0.248766,-0.74201,0.522114
617,0.601294,-0.989478,0.408287,0.253043,-0.749609,0.493927,0.595028,-1.000228,0.40454,0.269087,-0.763744,0.511711,0.594612,-0.986114,0.407428,0.278082,-0.754205,0.506732,0.593319,-1.004102,0.387895,0.242589,-0.748809,0.501181
618,0.611117,-0.993425,0.388086,0.237636,-0.757122,0.499699,0.60714,-0.996278,0.390079,0.28117,-0.742291,0.48563,0.598719,-0.993497,0.379931,0.270578,-0.750052,0.524933,0.609035,-0.980811,0.379492,0.257983,-0.768206,0.481746
619,0.626483,-0.990095,0.36825,0.289275,-0.779412,0.477506,0.622465,-0.997473,0.365122,0.272738,-0.770187,0.478018,0.616278,-0.991059,0.366634,0.275824,-0.781309,0.470715,0.617786,-0.976354,0.368325,0.266281,-0.77817,0.4796
620,0.637994,-0.986449,0.351867,0.27596,-0.767941,0.46664,0.632898,-0.977668,0.344833,0.291871,-0.760512,0.465835,0.633562,-0.984541,0.350153,0.299071,-0.759115,0.468787,0.639848,-0.979421,0.347142,0.285675,-0.755394,0.491186
621,0.652179,-0.987665,0.327477,0.299326,-0.773879,0.454972,0.652481,-0.982422,0.325233,0.313187,-0.759799,0.464328,0.650214,-0.980357,0.328411,0.310371,-0.760518,0.477535,0.650636,-0.991632,0.327201,0.313849,-0.761815,0.45555
622,0.668551,-0.980658,0.312028,0.322489,-0.762901,0.446152,0.674634,-0.976086,0.317835,0.3205,-0.776847,0.454593,0.662897,-0.978702,0.313916,0.32285,-0.770187,0.454854,0.664338,-0.977499,0.307508,0.329576,-0.77788,0.447666
623,0.682593,-0.978554,0.29201,0.337484,-0.781693,0.430809,0.682206,-0.97179,0.301591,0.345812,-0.762859,0.422395,0.687676,-0.968158,0.298711,0.335733,-0.750894,0.446479,0.689327,-0.978207,0.305796,0.33276,-0.768481,0.440391
624,0.704205,-0.974178,0.272519,0.341361,-0.780049,0.418191,0.693175,-0.979054,0.273967,0.333471,-0.767274,0.411705,0.687504,-0.969416,0.270671,0.331654,-0.77286,0.439249,0.697651,-0.970589,0.283839,0.348784,-0.748289,0.429668
625,0.707004,-0.964503,0.262731,0.350693,-0.774604,0.38902,0.70916,-0.969113,0.263141,0.357118,-0.772986,0.419736,0.716718,-0.970659,0.264694,0.340206,-0.771183,0.418642,0.703975,-0.962806,0.254481,0.357999,-0.774677,0.414669
626,0.729452,-0.965751,0.233544,0.356294,-0.767362,0.37996,0.719787,-0.961698,0.237386,0.353251,-0.765969,0.394243,0.726508,-0.960289,0.235783,0.358023,-0.770574,0.401109,0.720448,-0.956771,0.245282,0.362687,-0.764433,0.39912
627,0.727324,-0.9632,0.233682,0.369245,-0.778815,0.38615,0.734082,-0.950827,0.222014,0.386997,-0.76826,0.39742,0.737427,-0.961517,0.222502,0.370066,-0.774546,0.391723,0.729182,-0.958028,0.229622,0.407548,-0.770905,0.37524
628,0.750321,-0.956168,0.20293,0.402659,-0.754181,0.365068,0.74579,-0.949998,0.19837,0.382644,-0.758868,0.376506,0.741702,-0.943392,0.207757,0.393144,-0.765765,0.381537,0.746365,-0.960417,0.205261,0.397387,-0.759065,0.371409
629,0.761519,-0.939851,0.190456,0.413218,-0.769289,0.347103,0.757609,-0.947865,0.185738,0.420947,-0.77382,0.353411,0.749099,-0.960275,0.17861,0.414251,-0.759404,0.361518,0.76744,-0.943665,0.183093,0.425568,-0.753482,0.355917
630,0.770025,-0.934811,0.168647,0.411369,-0.788729,0.341163,0.771874,-0.945714,0.161358,0.416854,-0.768485,0.342341,0.773806,-0.937495,0.165843,0.409184,-0.7701,0.340782,0.775811,-0.937577,0.170383,0.430892,-0.765317,0.331576
631,0.785146,-0.933052,0.149358,0.420666,-0.77423,0.35037,0.788612,-0.934854,0.144027,0.433801,-0.751084,0.336223,0.789271,-0.938226,0.141537,0.445285,-0.762122,0.330873,0.782813,-0.927129,0.149294,0.437755,-0.774819,0.327463
632,0.78628,-0.924129,0.126477,0.451697,-0.763837,0.326589,0.788531,-0.926178,0.121011,0.430144,-0.764027,0.341664,0.798061,-0.925793,0.124347,0.451489,-0.767283,0.318728,0.791285,-0.925551,0.129696,0.439404,-0.764745,0.328482
633,0.803429,-0.910765,0.109415,0.463077,-0.753314,0.304824,0.813535,-0.914375,0.111425,0.45594,-0.750745,0.309714,0.800264,-0.915332,0.111562,0.453158,-0.772378,0.299113,0.801695,-0.919785,0.110309,0.441078,-0.75678,0.284325
634,0.820843,-0.907581,0.083883,0.452981,-0.788941,0.298713,0.81294,-0.902287,0.095131,0.472884,-0.750104,0.303753,0.820412,-0.913607,0.089735,0.465302,-0.762522,0.285568,0.815303,-0.918746,0.095415,0.462658,-0.776498,0.273652
635,0.830931,-0.89865,0.073201,0.489728,-0.749607,0.274023,0.824611,-0.905818,0.075128,0.479875,-0.768637,0.289171,0.819974,-0.905534,0.08109,0.473,-0.761944,0.281108,0.822003,-0.897104,0.070509,0.489331,-0.74086,0.288054
636,0.826118,-0.894632,0.058968,0.488911,-0.761655,0.267271,0.832024,-0.891217,0.049312,0.494276,-0.761538,0.273221,0.835122,-0.894065,0.052696,0.493661,-0.754533,0.25676,0.837342,-0.892302,0.045974,0.496853,-0.763158,0.269201
637,0.851891,-0.883391,0.043299,0.499713,-0.763988,0.24946,0.850067,-0.881976,0.035414,0.496988,-0.772819,0.262765,0.843761,-0.873266,0.035178,0.50865,-0.75663,0.246108,0.86149,-0.885197,0.039157,0.499917,-0.763276,0.255916
638,0.854855,-0.872677,0.00993,0.51866,-0.780889,0.237166,0.858839,-0.868987,0.012412,0.488376,-0.764548,0.259117,0.851045,-0.884428,0.007133,0.515572,-0.763113,0.233833,0.862457,-0.869792,0.02237,0.513217,-0.759075,0.254653
639,0.864049,-0.860172,-0.008034,0.524689,-0.739397,0.208935,0.856385,-0.859879,-0.006331,0.519132,-0.749606,0.225445,0.873475,-0.86881,0.003038,0.534565,-0.760762,0.236825,0.871671,-0.862215,-0.00722,0.509591,-0.760805,0.227612
640,0.88035,-0.85114,-0.016898,0.528168,-0.753503,0.192347,0.883349,-0.859667,-0.016802,0.535346,-0.747393,0.207533,0.867281,-0.855751,-0.021169,0.520291,-0.733877,0.21291,0.874845,-0.856517,-0.027016,0.535751,-0.750194,0.201632
641,0.891223,-0.843334,-0.031229,0.552271,-0.748618,0.215217,0.887499,-0.835685,-0.043766,0.554453,-0.743149,0.20515,0.882287,-0.8349,-0.035273,0.55434,-0.750465,0.202106,0.880378,-0.840964,-0.043586,0.542764,-0.745236,0.189038
642,0.904417,-0.834007,-0.055474,0.553411,-0.711848,0.18084,0.883437,-0.826983,-0.054962,0.549011,-0.757222,0.187137,0.889559,-0.832537,-0.060884,0.562228,-0.735213,0.178485,0.897532,-0.836727,-0.054689,0.560544,-0.75874,0.184296
643,0.9088,-0.834168,-0.079191,0.568981,-0.737246,0.178514,0.899085,-0.833781,-0.068503,0.559135,-0.727266,0.168234,0.903129,-0.82785,-0.077723,0.584141,-0.735001,0.17028,0.898255,-0.822372,-0.078298,0.566108,-0.744816,0.17791
644,0.909263,-0.816137,-0.102922,0.581492,-0.741772,0.153187,0.898745,-0.80906,-0.104391,0.584651,-0.724611,0.185447,0.907481,-0.815154,-0.088087,0.561455,-0.725351,0.17691,0.90992,-0.814916,-0.092708,0.568593,-0.74282,0.16115
645,0.916985,-0.796705,-0.11348,0.583394,-0.718439,0.135469,0.918219,-0.813474,-0.114228,0.593328,-0.723885,0.136456,0.91988,-0.806747,-0.11604,0.573307,-0.714095,0.149194,0.907383,-0.790443,-0.113079,0.589788,-0.726668,0.166009
646,0.932939,-0.789796,-0.132004,0.601105,-0.733543,0.140195,0.92589,-0.791566,-0.119478,0.595462,-0.715485,0.121578,0.917327,-0.795591,-0.13922,0.587259,-0.725021,0.148626,0.923049,-0.79272,-0.13303,0.600453,-0.719097,0.12286
647,0.926937,-0.782432,-0.15734,0.603135,-0.711233,0.108032,0.930664,-0.777544,-0.158861,0.587445,-0.716896,0.095106,0.938635,-0.77914,-0.161046,0.578948,-0.706527,0.116593,0.931788,-0.776899,-0.152111,0.622565,-0.722002,0.109887
648,0.940533,-0.766191,-0.170974,0.602469,-0.722874,0.105999,0.934294,-0.759052,-0.165317,0.609746,-0.716454,0.096989,0.941891,-0.769047,-0.16958,0.603166,-0.702684,0.108767,0.936011,-0.766736,-0.162601,0.611397,-0.714569,0.108955
649,0.942551,-0.748447,-0.192495,0.61529,-0.723344,0.087741,0.941535,-0.748629,-0.18787,0.620575,-0.68327,0.081589,0.948238,-0.765887,-0.185582,0.625176,-0.705407,0.104722,0.945159,-0.760947,-0.182143,0.622884,-0.710768,0.093876
650,0.958069,-0.738215,-0.217518,0.631891,-0.714022,0.084744,0.942275,-0.739453,-0.204534,0.644355,-0.709213,0.058326,0.956151,-0.740265,-0.202454,0.615941,-0.71608,0.079744,0.952467,-0.754425,-0.211518,0.625357,-0.696605,0.056774
651,0.956315,-0.719932,-0.222969,0.625537,-0.692296,0.059631,0.961905,-0.733806,-0.224394,0.641808,-0.703454,0.059629,0.958977,-0.730393,-0.228356,0.630839,-0.706298,0.042099,0.964225,-0.730326,-0.22921,0.627824,-0.675747,0.056469
652,0.960503,-0.708042,-0.253185,0.643482,-0.696697,0.042516,0.960649,-0.718185,-0.246386,0.663643,-0.692164,0.045227,0.952757,-0.731665,-0.252983,0.653625,-0.690703,0.052739,0.963748,-0.708471,-0.250178,0.649649,-0.680647,0.041081
653,0.967608,-0.703436,-0.25959,0.652268,-0.683097,0.037836,0.971306,-0.712724,-0.264059,0.659625,-0.677882,0.019869,0.964153,-0.700887,-0.254913,0.639726,-0.680791,0.02859,0.96424,-0.694296,-0.262246,0.653131,-0.674441,0.022246
654,0.969314,-0.692175,-0.277299,0.675303,-0.677201,0.020374,0.96558,-0.685176,-0.283885,0.628088,-0.684341,-0.010133,0.966422,-0.686152,-0.281016,0.661791,-0.681344,0.00901,0.973157,-0.689015,-0.277023,0.65601,-0.659387,0.024086
655,0.976095,-0.6793,-0.300963,0.667195,-0.660792,0.003242,0.979542,-0.675153,-0.296277,0.675312,-0.659075,0.019913,0.968343,-0.676991,-0.304249,0.6632,-0.657469,-0.011746,0.977831,-0.674866,-0.301112,0.662104,-0.656596,0.001028
656,0.978399,-0.657787,-0.317778,0.67244,-0.667661,-0.022195,0.975412,-0.66311,-0.308469,0.685572,-0.663276,-0.018256,0.977269,-0.648452,-0.317031,0.671611,-0.656116,-0.022719,0.985587,-0.665107,-0.316757,0.678809,-0.652705,-0.003139
657,0.987801,-0.653256,-0.330799,0.679523,-0.645344,-0.0268,0.983391,-0.650631,-0.336547,0.686195,-0.648762,-0.015676,0.98255,-0.64873,-0.336862,0.678918,-0.665203,-0.002347,0.98046,-0.652109,-0.333231,0.689511,-0.64709,-0.019368
658,0.983177,-0.631432,-0.347859,0.69601,-0.634494,-0.056768,0.988336,-0.639462,-0.350783,0.681562,-0.636073,-0.037368,0.982357,-0.636302,-0.353825,0.688048,-0.633833,-0.039599,0.988469,-0.640792,-0.349439,0.69145,-0.65505,-0.048936
659,0.988247,-0.625647,-0.37071,0.688649,-0.629453,-0.061031,0.990254,-0.616709,-0.371632,0.690383,-0.629776,-0.060599,0.991028,-0.620663,-0.370686,0.681446,-0.639734,-0.040749,0.993181,-0.619648,-0.365639,0.702671,-0.628677,-0.050746
660,0.986295,-0.60052,-0.394034,0.687978,-0.618602,-0.066036,0.987407,-0.605854,-0.381985,0.704019,-0.639218,-0.087516,0.985902,-0.598459,-0.392052,0.69579,-0.607767,-0.087972,0.990127,-0.595835,-0.389447,0.714375,-0.630986,-0.077045
661,0.990467,-0.594562,-0.406582,0.70315,-0.623405,-0.086087,0.999586,-0.585283,-0.401825,0.708727,-0.60703,-0.095409,0.996815,-0.591558,-0.405267,0.705913,-0.619739,-0.077977,0.991266,-0.587922,-0.403638,0.707917,-0.609304,-0.098143
662,0.995928,-0.566987,-0.427615,0.707693,-0.609511,-0.109524,0.993189,-0.572036,-0.417668,0.719748,-0.600408,-0.110429,0.985768,-0.575734,-0.426227,0.684501,-0.586664,-0.088272,0.994913,-0.579773,-0.415115,0.716775,-0.617606,-0.089608
663,0.997055,-0.554899,-0.446159,0.706973,-0.601065,-0.115801,1.003917,-0.559767,-0.433595,0.713949,-0.589661,-0.119087,0.994405,-0.553263,-0.43674,0.704817,-0.591221,-0.10776,1.000559,-0.56539,-0.42456,0.723011,-0.607947,-0.123241
664,0.991791,-0.543485,-0.454031,0.711965,-0.573276,-0.127419,0.99795,-0.539481,-0.456074,0.715394,-0.582664,-0.142849,0.999628,-0.543415,-0.457061,0.729301,-0.601317,-0.126449,0.994193,-0.535343,-0.448615,0.714595,-0.588614,-0.138496
665,0.998075,-0.53599,-0.469353,0.700864,-0.579648,-0.142752,0.988636,-0.53112,-0.468963,0.747734,-0.580285,-0.151868,1.00504,-0.522278,-0.467904,0.72143,-0.595738,-0.140856,0.991844,-0.532415,-0.47361,0.73526,-0.593428,-0.157923
666,1.003658,-0.510915,-0.47956,0.74198,-0.584632,-0.159782,0.99985,-0.515055,-0.492086,0.712426,-0.564384,-0.151744,0.989671,-0.510725,-0.48684,0.728512,-0.585718,-0.131008,1.006919,-0.512999,-0.491982,0.721843,-0.581349,-0.153832
