sample_idx,Va_1,Vb_1,Vc_1,Ia_1,Ib_1,Ic_1,Va_5,Vb_5,Vc_5,Ia_5,Ib_5,Ic_5,Va_10,Vb_10,Vc_10,Ia_10,Ib_10,Ic_10,Va_30,Vb_30,Vc_30,Ia_30,Ib_30,Ic_30
0,1.002893,-0.496701,-0.499346,0.552623,-0.41234,-0.129908,1.005985,-0.498694,-0.505749,0.557587,-0.414344,-0.13224,1.004435,-0.50552,-0.498316,0.54949,-0.426557,-0.139383,0.998417,-0.494555,-0.501897,0.553638,-0.424683,-0.1203
1,1.001726,-0.486807,-0.513383,0.54772,-0.431327,-0.128098,1.00473,-0.483167,-0.507039,0.563125,-0.423583,-0.119294,0.995764,-0.485392,-0.523953,0.560404,-0.407538,-0.121189,1.003104,-0.490493,-0.512866,0.570434,-0.417826,-0.132551
2,1.015385,-0.464273,-0.538087,0.558696,-0.410846,-0.153929,1.000442,-0.468747,-0.525264,0.556566,-0.406644,-0.160282,0.997005,-0.464935,-0.526512,0.554112,-0.436934,-0.137446,0.99344,-0.464061,-0.532241,0.550783,-0.397113,-0.141133
3,0.990561,-0.444844,-0.547591,0.557297,-0.406057,-0.156292,1.000754,-0.444147,-0.547051,0.550534,-0.40347,-0.144591,0.996237,-0.450976,-0.542672,0.566456,-0.41951,-0.182786,0.999231,-0.455171,-0.551699,0.568575,-0.412574,-0.179944
4,0.997608,-0.431511,-0.552459,0.554129,-0.408441,-0.177829,0.994411,-0.435505,-0.563611,0.554694,-0.397907,-0.171818,0.996517,-0.439869,-0.560786,0.545024,-0.40303,-0.192749,1.00708,-0.427898,-0.555173,0.545297,-0.408458,-0.175707
5,0.998954,-0.410247,-0.588109,0.565168,-0.37783,-0.173777,0.991129,-0.415662,-0.57667,0.576953,-0.399263,-0.195742,0.998948,-0.40618,-0.571267,0.562247,-0.377127,-0.203262,0.993744,-0.417371,-0.580667,0.558923,-0.411006,-0.201078
6,1.003616,-0.398058,-0.602348,0.558999,-0.374276,-0.208132,1.002163,-0.395221,-0.587198,0.568804,-0.373818,-0.171811,0.997566,-0.396491,-0.594539,0.548927,-0.394663,-0.187923,0.992851,-0.40734,-0.594361,0.56814,-0.387075,-0.163375
7,0.993727,-0.383344,-0.618557,0.56928,-0.37418,-0.205526,0.989509,-0.378542,-0.601838,0.574107,-0.36112,-0.197258,0.992844,-0.383622,-0.604299,0.570693,-0.368188,-0.210441,0.99464,-0.376969,-0.607181,0.578264,-0.370022,-0.191189
8,0.984335,-0.359104,-0.633189,0.571538,-0.351016,-0.2056,0.986215,-0.359188,-0.622503,0.590862,-0.353091,-0.209903,0.983706,-0.356299,-0.623004,0.566173,-0.363824,-0.20732,0.995373,-0.369724,-0.631402,0.572118,-0.372601,-0.201429
9,0.983121,-0.342913,-0.639087,0.57838,-0.346398,-0.2266,0.983382,-0.33898,-0.638652,0.576347,-0.345304,-0.214273,0.988256,-0.349722,-0.641286,0.561814,-0.364263,-0.219948,0.9934,-0.346438,-0.64784,0.559458,-0.349513,-0.234952
10,0.98934,-0.324618,-0.652634,0.572872,-0.359363,-0.235999,0.982496,-0.321368,-0.652354,0.577025,-0.354465,-0.227623,0.986457,-0.321069,-0.655674,0.571947,-0.35243,-0.228809,0.977839,-0.328092,-0.655058,0.580626,-0.337198,-0.23265
11,0.984627,-0.305678,-0.669458,0.57991,-0.332037,-0.237208,0.977426,-0.316038,-0.66849,0.578511,-0.34735,-0.252072,0.980811,-0.320886,-0.670649,0.586205,-0.335662,-0.209568,0.977791,-0.309368,-0.671142,0.575907,-0.328516,-0.241818
12,0.98204,-0.299469,-0.686817,0.574137,-0.317714,-0.243296,0.974535,-0.300992,-0.683957,0.586054,-0.3334,-0.273009,0.976346,-0.292949,-0.681794,0.576558,-0.331136,-0.242581,0.965444,-0.292513,-0.680549,0.583399,-0.317232,-0.265866
13,0.972966,-0.280385,-0.695024,0.569204,-0.329281,-0.25744,0.964466,-0.27245,-0.697134,0.565779,-0.308848,-0.272489,0.971392,-0.283194,-0.697861,0.584572,-0.318682,-0.271093,0.97116,-0.274906,-0.680452,0.569074,-0.321122,-0.251944
14,0.975956,-0.25868,-0.708331,0.586109,-0.305855,-0.270902,0.967332,-0.258989,-0.711104,0.59189,-0.303298,-0.273422,0.96404,-0.263082,-0.711678,0.570963,-0.292391,-0.28089,0.967972,-0.259486,-0.703406,0.575666,-0.29371,-0.285694
15,0.953116,-0.244419,-0.716371,0.562171,-0.282143,-0.28463,0.963742,-0.239271,-0.728786,0.593866,-0.305466,-0.277972,0.953111,-0.244242,-0.725839,0.573632,-0.307511,-0.273013,0.964308,-0.248514,-0.720001,0.575997,-0.300974,-0.283549
16,0.957539,-0.215885,-0.728499,0.580985,-0.283292,-0.287495,0.957348,-0.207347,-0.726613,0.589524,-0.292103,-0.296392,0.958192,-0.216637,-0.740079,0.573038,-0.288761,-0.298781,0.962273,-0.219132,-0.736027,0.573482,-0.276879,-0.283281
17,0.953598,-0.200829,-0.751691,0.574986,-0.28114,-0.291751,0.957361,-0.198846,-0.748866,0.58907,-0.283658,-0.295704,0.944752,-0.193493,-0.748947,0.574017,-0.25853,-0.299574,0.946744,-0.205469,-0.742293,0.574641,-0.28314,-0.300523
18,0.927998,-0.181268,-0.747384,0.584774,-0.280152,-0.29188,0.946051,-0.180884,-0.761101,0.569421,-0.271612,-0.317592,0.949495,-0.181617,-0.761619,0.585039,-0.262324,-0.32219,0.936867,-0.185627,-0.760143,0.583665,-0.272682,-0.300315
19,0.941621,-0.163428,-0.775204,0.583076,-0.248349,-0.325938,0.933456,-0.174314,-0.779946,0.563976,-0.275939,-0.323647,0.933295,-0.160487,-0.773736,0.592583,-0.268193,-0.320954,0.938385,-0.170514,-0.77176,0.573249,-0.246209,-0.319512
20,0.923242,-0.144658,-0.784432,0.576517,-0.238959,-0.296766,0.924061,-0.144015,-0.786055,0.57908,-0.241756,-0.321472,0.928443,-0.147181,-0.789957,0.599215,-0.255394,-0.33657,0.921243,-0.145573,-0.784672,0.576991,-0.249578,-0.327803
21,0.927134,-0.123025,-0.799174,0.577844,-0.242799,-0.362628,0.920659,-0.129216,-0.795868,0.581201,-0.234375,-0.31999,0.922199,-0.125356,-0.799518,0.582382,-0.25476,-0.339852,0.926452,-0.127495,-0.793323,0.573815,-0.240074,-0.334224
22,0.908805,-0.10909,-0.808269,0.580113,-0.253744,-0.349069,0.922731,-0.112248,-0.80433,0.574489,-0.218496,-0.349385,0.918098,-0.11274,-0.804919,0.596014,-0.23092,-0.333857,0.916347,-0.103661,-0.808646,0.566882,-0.230695,-0.34293
23,0.903403,-0.089809,-0.816799,0.576728,-0.208383,-0.356307,0.908797,-0.089542,-0.815393,0.575155,-0.223455,-0.358147,0.907394,-0.080457,-0.824258,0.594096,-0.21412,-0.347598,0.903625,-0.087813,-0.821642,0.561366,-0.211511,-0.340884
24,0.901545,-0.067959,-0.83087,0.576056,-0.205102,-0.360308,0.894695,-0.074126,-0.825847,0.569675,-0.207007,-0.355355,0.913866,-0.067026,-0.829707,0.565627,-0.214791,-0.362386,0.899141,-0.072781,-0.820813,0.566693,-0.220837,-0.355796
25,0.8946,-0.056456,-0.832766,0.560833,-0.208202,-0.351983,0.894774,-0.047214,-0.842337,0.567878,-0.211074,-0.353264,0.889709,-0.05096,-0.830641,0.569989,-0.209634,-0.361996,0.89068,-0.052249,-0.847571,0.563644,-0.21396,-0.374261
26,0.889003,-0.02918,-0.849593,0.556641,-0.180855,-0.373251,0.879515,-0.025922,-0.853681,0.564606,-0.192726,-0.363399,0.890355,-0.034606,-0.851348,0.578303,-0.19459,-0.377134,0.886254,-0.029507,-0.852896,0.604665,-0.174417,-0.379234
27,0.873034,-0.005292,-0.85354,0.547728,-0.176429,-0.378897,0.876738,-0.027833,-0.857432,0.558692,-0.16621,-0.385573,0.875626,-0.008308,-0.855858,0.571759,-0.172649,-0.369715,0.871392,-0.020418,-0.855479,0.56165,-0.173876,-0.394566
28,0.871461,0.004627,-0.872489,0.572856,-0.188285,-0.3977,0.866279,0.009694,-0.867903,0.572624,-0.164013,-0.390207,0.862348,0.009324,-0.871051,0.567083,-0.163284,-0.409208,0.870625,0.007836,-0.861067,0.546709,-0.181238,-0.388303
29,0.852606,0.019381,-0.879014,0.570179,-0.167019,-0.395933,0.863675,0.029776,-0.878013,0.557112,-0.146348,-0.396226,0.851957,0.031735,-0.874014,0.571341,-0.167892,-0.408401,0.843387,0.021164,-0.871414,0.554555,-0.173163,-0.396461
30,0.840502,0.043631,-0.890422,0.565504,-0.142203,-0.402803,0.841198,0.04604,-0.89248,0.547652,-0.150068,-0.414065,0.850587,0.028774,-0.895729,0.533256,-0.156896,-0.396191,0.840363,0.04428,-0.885569,0.565952,-0.140877,-0.388344
31,0.835235,0.060777,-0.898602,0.575818,-0.113759,-0.438869,0.832701,0.06526,-0.895753,0.567125,-0.135801,-0.407119,0.840464,0.066493,-0.890219,0.558169,-0.154908,-0.424349,0.83668,0.056912,-0.900047,0.560336,-0.115128,-0.417566
32,0.825675,0.071149,-0.90321,0.544578,-0.118233,-0.410838,0.823882,0.072599,-0.907276,0.53968,-0.123342,-0.410756,0.824734,0.07782,-0.91631,0.564949,-0.130086,-0.428663,0.826382,0.072504,-0.895423,0.54905,-0.129649,-0.408941
33,0.808756,0.103363,-0.912634,0.542367,-0.109533,-0.421661,0.806945,0.095642,-0.9163,0.568333,-0.115767,-0.435603,0.820894,0.104293,-0.907298,0.537081,-0.106722,-0.415242,0.809118,0.092222,-0.907414,0.559676,-0.130437,-0.432702
34,0.804707,0.117175,-0.912322,0.531828,-0.098465,-0.434264,0.803778,0.129902,-0.922515,0.533649,-0.130589,-0.427756,0.790649,0.11572,-0.916711,0.532416,-0.103317,-0.425775,0.810839,0.115588,-0.923652,0.548622,-0.11291,-0.429733
35,0.787593,0.136593,-0.926383,0.543103,-0.106598,-0.452648,0.795584,0.129201,-0.9203,0.548509,-0.104745,-0.461076,0.786665,0.132515,-0.934349,0.546772,-0.092526,-0.452529,0.78436,0.137187,-0.927527,0.558952,-0.08772,-0.426497
36,0.774297,0.164439,-0.936578,0.545231,-0.083458,-0.455449,0.776538,0.153203,-0.931153,0.543264,-0.080722,-0.469438,0.778267,0.149343,-0.933712,0.528523,-0.09283,-0.481502,0.777642,0.162605,-0.926748,0.540788,-0.098729,-0.452672
37,0.758037,0.166067,-0.931878,0.526586,-0.070852,-0.459537,0.768704,0.167183,-0.940973,0.528059,-0.080875,-0.460476,0.766036,0.173272,-0.939198,0.522347,-0.056714,-0.446906,0.762515,0.17239,-0.944256,0.53961,-0.058623,-0.447289
38,0.754892,0.193542,-0.950798,0.539978,-0.049716,-0.469264,0.742489,0.187961,-0.946708,0.534062,-0.077133,-0.453667,0.756944,0.192887,-0.951421,0.535533,-0.069323,-0.452784,0.751835,0.19595,-0.957415,0.539286,-0.065712,-0.478123
39,0.739799,0.212969,-0.948287,0.54244,-0.051575,-0.483005,0.73776,0.209457,-0.953289,0.520453,-0.041798,-0.463776,0.750095,0.212711,-0.951705,0.509646,-0.049898,-0.478054,0.739319,0.215167,-0.95135,0.520974,-0.057405,-0.477861
40,0.722124,0.235994,-0.953058,0.531549,-0.025917,-0.486103,0.72465,0.223053,-0.951824,0.510107,-0.028386,-0.475309,0.711777,0.232743,-0.950673,0.522565,-0.039222,-0.494075,0.729885,0.227229,-0.971832,0.521686,-0.047877,-0.463088
41,0.714639,0.253497,-0.965552,0.518907,-0.039926,-0.489884,0.709367,0.248069,-0.961234,0.516012,-0.016634,-0.467452,0.726117,0.247213,-0.968933,0.507248,-0.030877,-0.499564,0.711569,0.247094,-0.959911,0.524784,-0.016716,-0.477111
42,0.699783,0.263096,-0.964237,0.516234,-0.029772,-0.490628,0.706599,0.273577,-0.968522,0.519124,-0.028569,-0.48316,0.70299,0.265198,-0.962943,0.520036,-0.027338,-0.503089,0.706601,0.265943,-0.971503,0.513009,-0.009636,-0.485621
43,0.687235,0.280669,-0.970406,0.495711,-0.006973,-0.486077,0.681667,0.279227,-0.976096,0.505942,-0.0153,-0.498236,0.698736,0.283653,-0.964261,0.488315,-0.009179,-0.477394,0.685574,0.28665,-0.974557,0.519323,-0.01346,-0.504836
44,0.675048,0.298415,-0.986325,0.510823,0.007492,-0.500566,0.664507,0.296695,-0.981201,0.497259,-0.005688,-0.501032,0.673084,0.297906,-0.962993,0.497173,-0.004094,-0.497747,0.673217,0.299329,-0.971745,0.502223,-0.002024,-0.507982
45,0.662704,0.323812,-0.983336,0.484976,0.022201,-0.518672,0.661257,0.322092,-0.980367,0.51134,0.014266,-0.518533,0.655392,0.319349,-0.983639,0.477154,0.009099,-0.500012,0.659265,0.321595,-0.989169,0.514279,0.008066,-0.502149
46,0.648798,0.339831,-0.977961,0.498674,0.007028,-0.510775,0.651839,0.334909,-0.983707,0.476804,0.018684,-0.506203,0.650972,0.34366,-0.983363,0.498,0.026322,-0.503386,0.655862,0.344523,-0.991086,0.504572,0.030565,-0.497322
47,0.630464,0.350685,-0.989299,0.464326,0.0462,-0.514408,0.634533,0.360708,-0.984018,0.485977,0.031402,-0.519244,0.633185,0.348488,-0.988997,0.470197,0.035175,-0.536357,0.632568,0.363401,-0.991498,0.46982,0.045403,-0.522171
48,0.615522,0.375754,-0.983562,0.469832,0.033206,-0.517028,0.615187,0.371611,-0.990263,0.478791,0.06303,-0.530356,0.614715,0.375323,-0.994306,0.468579,0.051447,-0.51325,0.617207,0.376242,-0.990325,0.467083,0.050972,-0.5411
49,0.599069,0.394136,-0.993552,0.474423,0.047775,-0.522057,0.604786,0.389884,-0.995925,0.465019,0.07151,-0.542994,0.605183,0.394948,-0.990082,0.476533,0.058716,-0.521067,0.5986,0.389565,-0.989006,0.460507,0.055824,-0.526694
50,0.592169,0.408043,-0.998316,0.464017,0.078156,-0.531897,0.601711,0.396384,-0.996291,0.457798,0.056028,-0.523309,0.583397,0.407421,-0.987401,0.481463,0.075776,-0.520884,0.587129,0.406591,-0.99232,0.480578,0.073505,-0.532057
51,0.569212,0.418882,-0.992389,0.445364,0.096897,-0.541183,0.559576,0.426681,-1.002586,0.446425,0.081114,-0.528108,0.573071,0.42666,-1.00075,0.441173,0.089511,-0.542544,0.571932,0.422714,-0.999833,0.464724,0.069323,-0.537093
52,0.552143,0.435487,-1.002222,0.454827,0.077165,-0.544494,0.564199,0.438383,-1.003662,0.435001,0.111977,-0.551202,0.554794,0.442003,-1.003282,0.461822,0.106687,-0.526113,0.552068,0.432805,-0.994464,0.456562,0.092417,-0.539231
53,0.539833,0.453369,-0.997523,0.430467,0.084976,-0.539973,0.542098,0.451427,-0.994234,0.449445,0.09028,-0.538123,0.53501,0.459712,-1.008833,0.44011,0.113044,-0.531548,0.538786,0.449999,-1.004126,0.44847,0.102093,-0.528567
54,0.528306,0.488455,-1.00626,0.428202,0.117369,-0.562482,0.527742,0.474964,-0.998304,0.448871,0.101381,-0.545448,0.526488,0.472527,-0.992221,0.436004,0.128918,-0.560171,0.529327,0.480067,-1.005238,0.422016,0.107183,-0.535464
55,0.50911,0.499722,-1.003388,0.422377,0.138544,-0.536858,0.514382,0.498196,-0.995638,0.439383,0.127744,-0.551764,0.516495,0.482778,-0.997812,0.426457,0.105748,-0.555613,0.501814,0.488397,-1.002904,0.44257,0.120729,-0.565126
56,0.498839,0.503947,-1.000211,0.410586,0.12559,-0.564944,0.49238,0.510917,-1.003,0.408548,0.114609,-0.577112,0.495537,0.507183,-0.997303,0.423328,0.144688,-0.559511,0.490756,0.503742,-1.00138,0.422413,0.136535,-0.567901
57,0.477585,0.52649,-0.996139,0.406041,0.148417,-0.554481,0.47004,0.526333,-1.001364,0.424181,0.169712,-0.556453,0.479131,0.526079,-0.997526,0.427699,0.142956,-0.554137,0.471475,0.522923,-1.005765,0.419515,0.138915,-0.557225
58,0.464833,0.53769,-0.995285,0.412664,0.148748,-0.591799,0.45538,0.528809,-1.000318,0.394491,0.121456,-0.563129,0.458624,0.53641,-1.002791,0.390768,0.154398,-0.543899,0.462442,0.54743,-0.998732,0.390907,0.156794,-0.567395
59,0.449149,0.568517,-1.002021,0.405313,0.180922,-0.565175,0.434391,0.551924,-1.001662,0.403659,0.15195,-0.560808,0.432724,0.554628,-0.999196,0.397529,0.167471,-0.562878,0.435026,0.557299,-0.995167,0.387655,0.161714,-0.550881
60,0.430465,0.56813,-0.998757,0.385617,0.189025,-0.582789,0.417124,0.564194,-0.998241,0.388459,0.176882,-0.566717,0.425941,0.574354,-0.993667,0.372966,0.173083,-0.553077,0.424956,0.570285,-0.998692,0.389896,0.180081,-0.563431
61,0.414327,0.586011,-0.992926,0.378285,0.184803,-0.562011,0.405006,0.582868,-0.986629,0.37342,0.18745,-0.568981,0.410888,0.586863,-1.001573,0.387881,0.186618,-0.579534,0.406546,0.583936,-0.99422,0.390121,0.196519,-0.552
62,0.388785,0.592479,-0.989833,0.376832,0.189162,-0.579309,0.386494,0.60192,-0.986618,0.376517,0.201844,-0.551893,0.393675,0.596523,-1.002946,0.366678,0.201261,-0.575248,0.394123,0.605339,-0.995548,0.38203,0.201373,-0.562949
63,0.379347,0.614482,-0.987348,0.37332,0.213114,-0.583619,0.378692,0.616709,-0.988148,0.353516,0.202617,-0.568849,0.368071,0.618954,-0.985098,0.353848,0.214145,-0.586707,0.370218,0.615818,-0.996998,0.392711,0.212464,-0.572504
64,0.35988,0.632122,-0.992634,0.371974,0.22624,-0.567406,0.359198,0.627257,-0.990416,0.359634,0.223219,-0.571279,0.359388,0.640531,-0.990555,0.350678,0.208902,-0.576311,0.354823,0.623479,-0.984672,0.352388,0.213666,-0.587786
65,0.331577,0.64604,-0.989111,0.358991,0.231804,-0.558312,0.335871,0.650421,-0.980366,0.352051,0.222591,-0.592308,0.341766,0.64615,-0.986986,0.336554,0.222735,-0.573268,0.338707,0.64867,-0.980034,0.366692,0.23087,-0.580821
66,0.318209,0.660849,-0.973287,0.339522,0.254485,-0.569769,0.320351,0.661949,-0.976416,0.337937,0.241045,-0.586358,0.318426,0.660354,-0.982902,0.360695,0.227949,-0.566396,0.325253,0.661911,-0.981494,0.317193,0.244455,-0.580979
67,0.306449,0.682399,-0.971731,0.320113,0.246762,-0.580368,0.300788,0.679369,-0.973311,0.324769,0.23704,-0.581946,0.306513,0.680297,-0.979241,0.330252,0.258841,-0.585161,0.301882,0.675356,-0.977204,0.335359,0.249931,-0.572244
68,0.285005,0.690119,-0.965331,0.323793,0.271512,-0.576406,0.276113,0.685542,-0.962085,0.321044,0.26197,-0.59184,0.286338,0.696304,-0.972067,0.317501,0.252605,-0.584513,0.281649,0.691012,-0.975526,0.306421,0.269281,-0.570118
69,0.27497,0.703245,-0.966515,0.328947,0.270996,-0.575928,0.26447,0.697213,-0.971595,0.333622,0.276768,-0.569907,0.267749,0.708192,-0.97192,0.308027,0.265609,-0.578209,0.268469,0.701285,-0.974319,0.300639,0.270359,-0.575834
70,0.238856,0.712004,-0.962838,0.316912,0.287535,-0.571492,0.248842,0.711481,-0.963165,0.315382,0.284512,-0.586039,0.253156,0.70226,-0.958079,0.305571,0.26335,-0.575137,0.258243,0.716194,-0.971885,0.311747,0.280709,-0.577653
71,0.23708,0.730788,-0.948393,0.302415,0.297823,-0.583622,0.231366,0.718689,-0.960508,0.298378,0.282747,-0.592149,0.235733,0.728615,-0.949572,0.295747,0.298624,-0.595263,0.226719,0.730324,-0.970117,0.302906,0.266676,-0.571556
72,0.214497,0.729641,-0.952566,0.28287,0.296317,-0.56274,0.213144,0.746151,-0.947574,0.293754,0.29296,-0.577818,0.207433,0.736844,-0.948278,0.276468,0.299002,-0.587043,0.218411,0.740984,-0.952728,0.288539,0.293598,-0.587241
73,0.189889,0.747836,-0.944683,0.269401,0.288759,-0.566584,0.197302,0.752661,-0.950318,0.279665,0.293681,-0.574719,0.200721,0.750563,-0.941402,0.2874,0.304113,-0.577229,0.187797,0.741405,-0.947367,0.27528,0.313946,-0.573885
74,0.17652,0.770629,-0.936104,0.265444,0.319309,-0.580509,0.177071,0.766924,-0.940929,0.279935,0.30477,-0.589149,0.180489,0.76505,-0.949559,0.269943,0.295207,-0.588378,0.173558,0.764455,-0.941403,0.267872,0.303187,-0.576167
75,0.156402,0.776374,-0.931899,0.265874,0.307229,-0.599721,0.159651,0.778889,-0.933395,0.261761,0.33425,-0.58115,0.159939,0.776156,-0.937244,0.262089,0.320552,-0.575965,0.159203,0.776375,-0.930579,0.248154,0.329647,-0.584034
76,0.136773,0.788115,-0.929927,0.244224,0.337471,-0.564655,0.143423,0.79629,-0.925114,0.231926,0.335534,-0.576233,0.131812,0.790353,-0.92706,0.247842,0.329901,-0.573783,0.137939,0.785434,-0.923942,0.24364,0.326547,-0.587244
77,0.124736,0.802297,-0.915409,0.241647,0.346146,-0.562817,0.115389,0.809269,-0.917511,0.245817,0.343435,-0.570031,0.105035,0.806803,-0.9246,0.225503,0.328154,-0.592022,0.120398,0.79507,-0.921242,0.24541,0.339358,-0.564409
78,0.094234,0.819653,-0.920212,0.203414,0.35171,-0.566154,0.100783,0.810866,-0.915158,0.217423,0.358641,-0.563211,0.101367,0.814817,-0.917764,0.216192,0.358962,-0.575558,0.109549,0.813893,-0.914972,0.22384,0.351731,-0.552992
79,0.0792,0.815221,-0.900625,0.210084,0.370706,-0.589862,0.07714,0.824577,-0.907144,0.228331,0.356994,-0.570995,0.088567,0.821764,-0.895969,0.233352,0.358665,-0.559384,0.087018,0.818362,-0.902428,0.198662,0.36033,-0.588337
80,0.060034,0.837291,-0.901691,0.21153,0.366607,-0.568334,0.067393,0.841205,-0.89487,0.210333,0.348132,-0.548134,0.059956,0.829424,-0.892939,0.220327,0.371382,-0.556501,0.071846,0.836678,-0.895354,0.215726,0.378053,-0.581843
81,0.03788,0.835848,-0.887793,0.1964,0.392151,-0.583973,0.05215,0.85384,-0.884651,0.186725,0.376501,-0.568872,0.038955,0.837334,-0.897524,0.192707,0.382603,-0.568584,0.046524,0.839207,-0.885496,0.208814,0.398022,-0.588478
82,0.029072,0.849512,-0.877941,0.168949,0.390363,-0.585197,0.024072,0.846436,-0.883558,0.165953,0.400064,-0.579305,0.030569,0.859149,-0.874261,0.191838,0.383688,-0.570972,0.018873,0.850873,-0.885568,0.191493,0.368117,-0.579077
83,0.007253,0.858471,-0.871069,0.165201,0.384366,-0.551533,0.001205,0.871622,-0.869672,0.203128,0.399898,-0.574517,0.006128,0.860936,-0.867368,0.178803,0.401291,-0.567266,0.008528,0.861191,-0.876192,0.173442,0.382593,-0.555935
84,-0.014368,0.871088,-0.858819,0.178247,0.392909,-0.542067,-0.003794,0.876112,-0.853027,0.158919,0.41126,-0.554024,-0.009891,0.867647,-0.860236,0.175421,0.407579,-0.560979,-0.02293,0.874671,-0.861941,0.158681,0.376593,-0.556013
85,-0.021896,0.876624,-0.84675,0.149479,0.40903,-0.536197,-0.032496,0.877051,-0.856412,0.143129,0.412781,-0.577974,-0.040189,0.879363,-0.845664,0.174377,0.39558,-0.557622,-0.040201,0.889985,-0.846597,0.159472,0.407986,-0.562937
86,-0.059856,0.892458,-0.832528,0.141167,0.415757,-0.543418,-0.048655,0.88313,-0.836314,0.164687,0.42547,-0.543114,-0.053586,0.882003,-0.838395,0.1467,0.414888,-0.565257,-0.052672,0.892464,-0.848785,0.141678,0.425459,-0.56514
87,-0.065666,0.89314,-0.82158,0.147182,0.426518,-0.553477,-0.062158,0.886961,-0.83602,0.130987,0.423096,-0.531556,-0.06289,0.899857,-0.829428,0.126826,0.42474,-0.565494,-0.071671,0.903505,-0.839798,0.130253,0.4241,-0.566589
88,-0.082703,0.901083,-0.818413,0.130827,0.433469,-0.538961,-0.094721,0.900782,-0.817375,0.124327,0.443013,-0.560297,-0.095815,0.907136,-0.827139,0.12964,0.446495,-0.54199,-0.088297,0.905674,-0.827736,0.118411,0.444632,-0.562756
89,-0.105666,0.910092,-0.806903,0.105963,0.454153,-0.522558,-0.10803,0.907239,-0.815215,0.116546,0.434906,-0.554508,-0.10556,0.918118,-0.809612,0.109612,0.433249,-0.565895,-0.112412,0.910906,-0.81161,0.120503,0.425392,-0.549307
90,-0.124549,0.9149,-0.795157,0.106325,0.449084,-0.541519,-0.124234,0.924655,-0.796176,0.102774,0.452354,-0.549386,-0.122053,0.919111,-0.800458,0.098128,0.453881,-0.542367,-0.131419,0.917344,-0.792118,0.093127,0.43999,-0.552494
91,-0.135761,0.929824,-0.782389,0.086081,0.453753,-0.525317,-0.146928,0.928523,-0.784055,0.084383,0.438715,-0.548073,-0.148806,0.928225,-0.784705,0.083993,0.442499,-0.547497,-0.142524,0.932851,-0.787983,0.091476,0.465862,-0.526265
92,-0.159443,0.936346,-0.7631,0.074203,0.44848,-0.533783,-0.158868,0.941124,-0.778196,0.092879,0.462279,-0.529422,-0.159752,0.935568,-0.775946,0.06628,0.448155,-0.541018,-0.170595,0.935059,-0.775535,0.080387,0.446461,-0.541154
93,-0.187943,0.942308,-0.764422,0.070147,0.46973,-0.54361,-0.178927,0.936832,-0.77021,0.078878,0.488469,-0.534956,-0.177014,0.945876,-0.755672,0.062531,0.465276,-0.544609,-0.183078,0.93951,-0.761532,0.069233,0.445143,-0.531319
94,-0.197291,0.953191,-0.75111,0.053765,0.478325,-0.525693,-0.200092,0.944511,-0.750498,0.066719,0.46032,-0.516333,-0.198242,0.945781,-0.744844,0.052589,0.480066,-0.535875,-0.205438,0.946385,-0.752224,0.044156,0.468832,-0.519116
95,-0.216836,0.949439,-0.738023,0.061212,0.48249,-0.507541,-0.215381,0.955948,-0.729756,0.065871,0.469521,-0.513539,-0.223602,0.953408,-0.72927,0.054562,0.479064,-0.528611,-0.213147,0.960469,-0.732086,0.044751,0.48876,-0.500417
96,-0.23369,0.952739,-0.717742,0.028897,0.491027,-0.512467,-0.249373,0.957848,-0.70814,0.019743,0.500182,-0.511009,-0.238544,0.965581,-0.720747,0.028106,0.480928,-0.518728,-0.230188,0.952525,-0.722617,0.016558,0.468098,-0.519011
97,-0.251984,0.961872,-0.703831,0.029599,0.474129,-0.519414,-0.253744,0.965515,-0.71331,0.025725,0.475802,-0.502703,-0.251684,0.958985,-0.715019,0.024971,0.497006,-0.507659,-0.257328,0.967448,-0.714629,0.027629,0.476384,-0.524505
98,-0.268552,0.969045,-0.693973,0.013886,0.484199,-0.486023,-0.2657,0.966363,-0.689731,0.00423,0.500914,-0.515257,-0.276621,0.9735,-0.68859,0.001677,0.485719,-0.488274,-0.276444,0.967458,-0.690901,0.009513,0.502319,-0.505653
99,-0.288798,0.979389,-0.691706,-0.010168,0.510818,-0.496207,-0.286361,0.975346,-0.686241,-0.016316,0.526843,-0.50334,-0.28878,0.981128,-0.68249,-0.011739,0.522577,-0.49201,-0.29089,0.972566,-0.675948,-0.003248,0.50744,-0.507744
100,-0.311374,0.98517,-0.654139,-0.019381,0.500555,-0.496849,-0.306448,0.983375,-0.666464,-0.018834,0.512221,-0.509199,-0.316397,0.975357,-0.661759,-0.00626,0.503915,-0.484832,-0.313073,0.981817,-0.662384,-0.002777,0.519475,-0.485087
101,-0.328133,0.976913,-0.661639,-0.016583,0.506446,-0.497373,-0.322207,0.97832,-0.658007,-0.025306,0.516365,-0.47397,-0.326919,0.978923,-0.646396,-0.023821,0.512291,-0.501045,-0.329901,0.98862,-0.6422,-0.022238,0.51166,-0.496734
102,-0.356605,0.986907,-0.633001,-0.023432,0.510885,-0.489979,-0.351036,0.987909,-0.639673,-0.028631,0.527509,-0.497857,-0.335965,0.982404,-0.635113,-0.044851,0.516718,-0.49344,-0.337109,0.989562,-0.635142,-0.035459,0.519807,-0.477908
103,-0.363311,0.987217,-0.630591,-0.038315,0.516966,-0.490528,-0.370021,0.991162,-0.631695,-0.031787,0.518433,-0.476618,-0.363559,0.980621,-0.618319,-0.053148,0.517534,-0.490135,-0.357899,0.990731,-0.628941,-0.025948,0.511473,-0.475948
104,-0.375663,0.988633,-0.605644,-0.054929,0.519982,-0.469963,-0.38334,0.994336,-0.605639,-0.045654,0.548592,-0.476217,-0.379127,0.996794,-0.612844,-0.043702,0.545425,-0.47586,-0.379464,1.003964,-0.61026,-0.054755,0.533745,-0.479024
105,-0.410173,0.992941,-0.605409,-0.066429,0.538142,-0.448175,-0.396574,0.994631,-0.602422,-0.067409,0.530837,-0.456886,-0.402698,0.992471,-0.591994,-0.069281,0.510896,-0.470566,-0.407569,0.997831,-0.600011,-0.065481,0.523197,-0.464172
106,-0.413836,0.991379,-0.591319,-0.078434,0.530517,-0.45566,-0.419258,0.988071,-0.578135,-0.092495,0.532944,-0.442035,-0.414104,1.000606,-0.571978,-0.062987,0.526586,-0.461535,-0.420319,0.990211,-0.583895,-0.086301,0.530491,-0.453893
107,-0.431186,0.995641,-0.557941,-0.083883,0.527805,-0.447915,-0.421025,0.990302,-0.557601,-0.083329,0.531409,-0.456903,-0.417572,0.994489,-0.565058,-0.079369,0.553029,-0.438117,-0.43261,0.99825,-0.56387,-0.0972,0.536419,-0.452245
108,-0.456368,0.999086,-0.547305,-0.097275,0.531907,-0.445248,-0.446208,1.001777,-0.55484,-0.08501,0.55043,-0.442719,-0.453688,1.000272,-0.550012,-0.082537,0.538364,-0.44008,-0.447038,0.998898,-0.551148,-0.100921,0.552479,-0.459667
109,-0.46464,1.002707,-0.541134,-0.124146,0.540334,-0.435656,-0.467489,1.001921,-0.534244,-0.100429,0.545768,-0.435348,-0.463199,0.990192,-0.54441,-0.115339,0.548673,-0.443201,-0.453832,0.992304,-0.533728,-0.10333,0.53023,-0.445433
110,-0.48348,1.003106,-0.52257,-0.102293,0.534477,-0.438003,-0.483052,0.993272,-0.50663,-0.109242,0.537522,-0.42804,-0.486155,1.001843,-0.523966,-0.113544,0.544835,-0.420462,-0.481369,1.00363,-0.514479,-0.120282,0.551494,-0.446217
111,-0.494942,0.994512,-0.498482,-0.121343,0.537085,-0.423606,-0.492814,1.000349,-0.499311,-0.130783,0.563713,-0.424957,-0.50111,1.004481,-0.504012,-0.123871,0.551237,-0.432196,-0.499095,0.999068,-0.501526,-0.135326,0.551893,-0.44739
112,-0.507962,1.002032,-0.485081,-0.127702,0.543664,-0.426475,-0.521361,0.993618,-0.489855,-0.161489,0.554163,-0.40755,-0.51334,0.990939,-0.480714,-0.131309,0.567693,-0.419819,-0.519673,1.002927,-0.491029,-0.12255,0.560509,-0.424355
113,-0.52697,1.01083,-0.466656,-0.136659,0.563514,-0.40834,-0.52862,1.006714,-0.462559,-0.153386,0.559377,-0.401254,-0.531476,0.998052,-0.475266,-0.146915,0.576273,-0.417961,-0.534291,0.997401,-0.475178,-0.164593,0.57752,-0.407059
114,-0.544482,1.000634,-0.450854,-0.154717,0.5851,-0.399304,-0.546668,0.995945,-0.448298,-0.142706,0.568875,-0.393637,-0.533193,0.999973,-0.444649,-0.159055,0.558498,-0.42649,-0.541434,0.999306,-0.456865,-0.176997,0.575362,-0.396064
115,-0.564132,0.994197,-0.429889,-0.1525,0.551894,-0.422107,-0.573614,0.997911,-0.43862,-0.175047,0.554613,-0.409974,-0.555028,0.998337,-0.433766,-0.162764,0.555169,-0.395583,-0.566288,1.002066,-0.446263,-0.167457,0.573065,-0.386886
116,-0.581196,0.989915,-0.419088,-0.184691,0.545763,-0.385673,-0.583399,0.985933,-0.419935,-0.184568,0.585968,-0.393599,-0.580549,0.992641,-0.417484,-0.194718,0.575895,-0.378862,-0.582889,0.996844,-0.40898,-0.191081,0.577437,-0.382603
117,-0.594528,0.991549,-0.405748,-0.194172,0.57493,-0.376308,-0.593713,0.994904,-0.407432,-0.198227,0.57131,-0.382058,-0.59728,0.978159,-0.402878,-0.201868,0.563615,-0.403248,-0.602195,0.999194,-0.394044,-0.188261,0.569291,-0.362622
118,-0.609082,0.992346,-0.387337,-0.194636,0.556762,-0.375178,-0.60336,0.992712,-0.381063,-0.191255,0.580776,-0.375615,-0.608241,0.986588,-0.380969,-0.197892,0.571909,-0.373601,-0.613585,0.99798,-0.384721,-0.202245,0.568847,-0.359168
119,-0.625674,0.990137,-0.366271,-0.217416,0.591446,-0.360816,-0.62174,0.991051,-0.362211,-0.218166,0.567673,-0.373956,-0.628541,1.000333,-0.367768,-0.207746,0.564049,-0.36231,-0.61911,0.984317,-0.366012,-0.205597,0.572686,-0.360623
120,-0.634366,0.983714,-0.355714,-0.219145,0.570712,-0.345518,-0.648387,0.986672,-0.349745,-0.236955,0.59791,-0.361829,-0.632573,0.987187,-0.351812,-0.216007,0.590936,-0.36872,-0.636037,0.985005,-0.344987,-0.228612,0.585882,-0.366162
121,-0.654196,0.980717,-0.327097,-0.229797,0.591112,-0.354469,-0.65598,0.984137,-0.33752,-0.217617,0.582185,-0.344501,-0.649578,0.984773,-0.32719,-0.22855,0.579708,-0.35094,-0.650921,0.985186,-0.335257,-0.22758,0.573797,-0.349341
122,-0.661537,0.978199,-0.315217,-0.243143,0.582346,-0.3408,-0.662869,0.981378,-0.308233,-0.23472,0.585541,-0.330688,-0.665897,0.979371,-0.316466,-0.219257,0.58102,-0.347197,-0.671658,0.983251,-0.310982,-0.231504,0.577753,-0.320464
123,-0.684523,0.979081,-0.294065,-0.253955,0.581296,-0.337105,-0.686634,0.972311,-0.293785,-0.266761,0.570067,-0.32416,-0.675197,0.986608,-0.295647,-0.237705,0.592994,-0.338701,-0.687423,0.979947,-0.29252,-0.246413,0.584377,-0.347746
124,-0.699424,0.972116,-0.272797,-0.266281,0.58895,-0.309524,-0.688139,0.968427,-0.279753,-0.264422,0.594762,-0.343556,-0.691931,0.967687,-0.280457,-0.258251,0.573995,-0.30003,-0.695896,0.974587,-0.278493,-0.268222,0.587734,-0.306376
125,-0.707668,0.976192,-0.258126,-0.262087,0.602108,-0.303594,-0.699409,0.970905,-0.262453,-0.256855,0.57742,-0.317075,-0.708315,0.96789,-0.25834,-0.283669,0.581805,-0.286423,-0.712207,0.963998,-0.255434,-0.281751,0.583668,-0.313795
126,-0.720216,0.957227,-0.236641,-0.29943,0.563535,-0.291784,-0.728116,0.962277,-0.248725,-0.264517,0.579533,-0.298301,-0.711914,0.967279,-0.236387,-0.27506,0.56564,-0.30129,-0.730094,0.962196,-0.247122,-0.289669,0.575498,-0.297798
127,-0.733571,0.955003,-0.216214,-0.279149,0.583736,-0.289328,-0.728772,0.953244,-0.21708,-0.288817,0.579047,-0.310524,-0.732609,0.957475,-0.22935,-0.303221,0.572639,-0.297406,-0.728807,0.955282,-0.228356,-0.283093,0.568375,-0.29709
128,-0.742528,0.953455,-0.203603,-0.302191,0.562813,-0.267149,-0.75205,0.959495,-0.201104,-0.299551,0.582455,-0.279301,-0.750292,0.956125,-0.203553,-0.308043,0.575995,-0.277262,-0.748387,0.955022,-0.193773,-0.288882,0.596602,-0.280869
129,-0.760417,0.938523,-0.181462,-0.279295,0.568603,-0.256568,-0.754384,0.935707,-0.18915,-0.302027,0.595171,-0.283656,-0.756965,0.943812,-0.188258,-0.290739,0.579859,-0.275938,-0.756171,0.952482,-0.185999,-0.319723,0.575843,-0.293378
130,-0.771773,0.932751,-0.1603,-0.336596,0.581284,-0.272348,-0.773013,0.945846,-0.170299,-0.31838,0.571317,-0.263978,-0.775558,0.93872,-0.162723,-0.322975,0.563685,-0.251557,-0.775959,0.940005,-0.169328,-0.321398,0.582493,-0.268928
131,-0.784445,0.92774,-0.147331,-0.314057,0.597656,-0.2454,-0.787587,0.934658,-0.14983,-0.316362,0.576837,-0.254232,-0.78011,0.932348,-0.147069,-0.335788,0.584783,-0.262952,-0.774014,0.935758,-0.149132,-0.333456,0.578503,-0.27135
132,-0.808331,0.927741,-0.131113,-0.33166,0.575656,-0.234233,-0.791672,0.924285,-0.126739,-0.329723,0.579854,-0.218017,-0.797893,0.926276,-0.127157,-0.333047,0.587936,-0.242203,-0.797119,0.920149,-0.127072,-0.334827,0.589498,-0.254234
133,-0.797034,0.920146,-0.112868,-0.337035,0.559947,-0.227967,-0.804826,0.917903,-0.106536,-0.347979,0.561052,-0.229026,-0.802783,0.921582,-0.112867,-0.326061,0.572617,-0.216604,-0.803754,0.917263,-0.10985,-0.344138,0.567502,-0.217149
134,-0.817748,0.903731,-0.096438,-0.353635,0.585817,-0.19248,-0.812876,0.904918,-0.083773,-0.340218,0.570885,-0.200369,-0.811827,0.906785,-0.094984,-0.370321,0.593952,-0.220615,-0.827951,0.911394,-0.089338,-0.34308,0.58762,-0.220905
135,-0.827569,0.899312,-0.075552,-0.376001,0.558088,-0.198791,-0.827591,0.907046,-0.077607,-0.371974,0.559411,-0.211522,-0.826248,0.89959,-0.068433,-0.355461,0.56917,-0.212758,-0.827013,0.901745,-0.065644,-0.355664,0.561892,-0.218543
136,-0.834107,0.890846,-0.052673,-0.37441,0.572506,-0.195961,-0.836673,0.899458,-0.064904,-0.372852,0.57697,-0.202441,-0.838099,0.894041,-0.06989,-0.388021,0.572359,-0.197226,-0.837186,0.892003,-0.051129,-0.374624,0.571473,-0.196142
137,-0.843135,0.891843,-0.036155,-0.373501,0.563397,-0.187003,-0.838737,0.886927,-0.036305,-0.383101,0.578758,-0.181494,-0.854687,0.88627,-0.042677,-0.378868,0.561446,-0.160934,-0.84873,0.878684,-0.033882,-0.373347,0.586763,-0.193743
138,-0.854459,0.869094,-0.021561,-0.385838,0.564772,-0.180796,-0.860035,0.873968,-0.02088,-0.372924,0.565198,-0.166169,-0.86481,0.871337,-0.021483,-0.39563,0.582201,-0.16858,-0.856575,0.867745,-0.006214,-0.40482,0.570089,-0.200697
139,-0.869183,0.86681,0.000564,-0.395213,0.555423,-0.164306,-0.868857,0.870355,0.002089,-0.402134,0.549537,-0.17507,-0.86408,0.863905,0.003193,-0.409032,0.557212,-0.176166,-0.875715,0.867498,-0.005144,-0.391494,0.576708,-0.18427
140,-0.872598,0.855074,0.018756,-0.385912,0.562395,-0.143266,-0.87744,0.847119,0.029342,-0.402451,0.5713,-0.154867,-0.866594,0.857854,0.021098,-0.404504,0.574993,-0.175893,-0.879469,0.849249,0.013796,-0.399817,0.559391,-0.167782
141,-0.885941,0.839657,0.033379,-0.416601,0.565649,-0.146818,-0.881947,0.845338,0.042328,-0.398823,0.552356,-0.14489,-0.886618,0.836136,0.037166,-0.414231,0.565065,-0.15688,-0.895001,0.836394,0.040279,-0.410501,0.564657,-0.158853
142,-0.888546,0.834805,0.062312,-0.411332,0.537401,-0.13704,-0.891882,0.834333,0.061751,-0.40488,0.581497,-0.135595,-0.897245,0.838741,0.05532,-0.436978,0.547311,-0.138942,-0.893152,0.829967,0.060197,-0.425793,0.569521,-0.129868
143,-0.895743,0.831161,0.079019,-0.421841,0.554446,-0.131503,-0.902493,0.818919,0.075599,-0.427519,0.555091,-0.126963,-0.90084,0.826861,0.079133,-0.410643,0.546325,-0.131051,-0.91129,0.814437,0.078794,-0.419709,0.562352,-0.126596
144,-0.914807,0.817522,0.095006,-0.431007,0.555241,-0.135355,-0.911309,0.805707,0.088313,-0.431696,0.555955,-0.124155,-0.910427,0.819548,0.089665,-0.438148,0.541619,-0.107797,-0.912227,0.821869,0.099479,-0.436351,0.541598,-0.102664
145,-0.911145,0.807871,0.112627,-0.463536,0.555044,-0.110765,-0.916178,0.806049,0.108079,-0.43647,0.532606,-0.120592,-0.924165,0.809468,0.120683,-0.433742,0.551904,-0.106083,-0.909899,0.803857,0.122088,-0.438421,0.555735,-0.101361
146,-0.926623,0.791005,0.128553,-0.422934,0.542551,-0.114381,-0.929361,0.791571,0.136264,-0.442359,0.546599,-0.085466,-0.924404,0.794191,0.142379,-0.445724,0.541906,-0.106267,-0.925615,0.79516,0.132981,-0.436901,0.532799,-0.096178
147,-0.939593,0.778384,0.152996,-0.443904,0.532387,-0.099298,-0.936168,0.772875,0.150232,-0.436262,0.541227,-0.096249,-0.941836,0.776517,0.154667,-0.463374,0.528717,-0.090372,-0.928125,0.784589,0.146403,-0.471179,0.540821,-0.081701
148,-0.947784,0.772035,0.167923,-0.460712,0.548361,-0.07117,-0.935694,0.77106,0.173629,-0.466603,0.524805,-0.073244,-0.933125,0.758964,0.167305,-0.462852,0.54893,-0.075219,-0.936456,0.770609,0.169878,-0.455933,0.548681,-0.071343
149,-0.944063,0.758478,0.187959,-0.46089,0.549545,-0.068082,-0.939886,0.74991,0.190018,-0.467205,0.54043,-0.065656,-0.937033,0.76096,0.196489,-0.462155,0.519492,-0.059693,-0.946757,0.748223,0.202329,-0.458371,0.51553,-0.07233
150,-0.945425,0.75016,0.210822,-0.471283,0.525661,-0.055255,-0.957812,0.741906,0.20267,-0.489949,0.525178,-0.044544,-0.953003,0.745396,0.208819,-0.470153,0.52816,-0.050367,-0.949744,0.735613,0.210833,-0.480461,0.540329,-0.060024
151,-0.956524,0.734178,0.228913,-0.48649,0.519493,-0.055024,-0.950759,0.733134,0.217223,-0.483605,0.53282,-0.025457,-0.95699,0.729456,0.222016,-0.487901,0.522881,-0.042432,-0.965462,0.731671,0.226631,-0.497424,0.517714,-0.029339
152,-0.969672,0.714309,0.25279,-0.500956,0.52582,-0.036509,-0.958161,0.711785,0.241302,-0.482895,0.522707,-0.024904,-0.954803,0.717755,0.24127,-0.491839,0.514839,-0.039588,-0.953998,0.714127,0.248249,-0.507543,0.497729,-0.026266
153,-0.960121,0.706764,0.272913,-0.493685,0.502866,-0.014704,-0.967132,0.706214,0.259489,-0.474802,0.504,-0.024706,-0.963996,0.70535,0.264757,-0.485994,0.514984,-0.013356,-0.96557,0.708547,0.262028,-0.497504,0.509408,-0.01333
154,-0.971186,0.688601,0.284806,-0.490077,0.517649,-0.001181,-0.9726,0.6933,0.276159,-0.510568,0.495328,-0.007903,-0.968831,0.697673,0.274568,-0.503818,0.513356,-0.018345,-0.966371,0.69472,0.278427,-0.502636,0.50499,-0.015719
155,-0.97688,0.68198,0.299024,-0.50246,0.495365,0.005314,-0.982772,0.674502,0.285983,-0.506312,0.495406,0.025165,-0.969419,0.68011,0.300956,-0.511792,0.476731,0.017815,-0.981946,0.679733,0.298177,-0.501066,0.500877,0.003199
156,-0.991027,0.662406,0.320353,-0.504774,0.504046,-0.00136,-0.975757,0.659843,0.322474,-0.509815,0.509956,0.01666,-0.982661,0.665719,0.321878,-0.499304,0.486666,-0.009149,-0.983079,0.663583,0.323318,-0.50261,0.506855,0.015215
157,-0.988173,0.65326,0.340348,-0.526118,0.482167,0.024097,-0.990098,0.648937,0.334214,-0.514599,0.480369,0.01688,-0.985038,0.650771,0.335618,-0.516295,0.495225,0.035222,-0.992675,0.650965,0.340418,-0.508032,0.466232,0.021592
158,-0.989293,0.633425,0.343418,-0.503945,0.496577,0.032178,-0.983571,0.633285,0.347488,-0.515475,0.484565,0.026724,-0.98159,0.630962,0.352216,-0.514451,0.462517,0.036002,-0.989747,0.639704,0.3644,-0.518946,0.478258,0.035237
159,-0.993276,0.61507,0.362118,-0.52046,0.474907,0.046797,-0.992036,0.621453,0.368288,-0.518262,0.478511,0.057856,-0.988113,0.619604,0.379213,-0.527542,0.482615,0.064735,-0.994159,0.624888,0.374632,-0.542744,0.479298,0.040895
160,-0.989207,0.604574,0.388659,-0.519671,0.468404,0.065993,-0.991443,0.611489,0.386564,-0.51899,0.487685,0.059334,-1.004469,0.605553,0.390785,-0.544542,0.469806,0.058248,-0.988708,0.603369,0.393744,-0.522047,0.477808,0.074205
161,-1.001743,0.600823,0.401346,-0.529815,0.475939,0.066783,-0.989221,0.590394,0.40911,-0.540327,0.455015,0.061939,-0.987037,0.592019,0.399115,-0.520319,0.45685,0.0542,-0.991751,0.592066,0.401454,-0.530656,0.458027,0.061318
162,-0.995362,0.583884,0.418683,-0.520338,0.472391,0.080108,-1.006071,0.577118,0.420137,-0.530327,0.45818,0.08433,-0.991205,0.568019,0.420612,-0.541607,0.446866,0.08134,-0.98895,0.575269,0.424874,-0.544262,0.463636,0.061663
163,-0.99176,0.561461,0.438353,-0.521041,0.455103,0.104522,-0.990079,0.557396,0.443655,-0.535987,0.457536,0.064033,-0.99777,0.565722,0.443484,-0.530549,0.456489,0.093518,-1.000408,0.566346,0.44009,-0.541886,0.43494,0.090315
164,-1.003223,0.541921,0.456483,-0.554074,0.427564,0.103356,-0.994358,0.532244,0.451387,-0.560779,0.437429,0.087516,-1.000319,0.537883,0.460874,-0.549967,0.450037,0.093259,-0.997838,0.541182,0.453204,-0.527583,0.450172,0.09269
165,-0.998439,0.535402,0.473714,-0.552353,0.442901,0.104886,-0.992683,0.528634,0.472564,-0.561603,0.439062,0.106141,-0.99711,0.527075,0.468171,-0.552409,0.43444,0.094535,-1.006785,0.526411,0.471825,-0.546499,0.432757,0.124964
166,-1.008972,0.498832,0.492927,-0.542573,0.421677,0.141022,-0.997261,0.51452,0.481847,-0.557234,0.421979,0.112256,-1.000673,0.508535,0.493593,-0.55227,0.42478,0.124575,-1.008644,0.511919,0.4911,-0.553075,0.438091,0.127398
167,-0.515823,0.244978,0.562545,-1.468225,1.109215,0.119701,-0.31449,0.154045,0.591316,-1.814201,1.389701,0.133693,-0.499799,0.247228,0.563142,-1.493246,1.095645,0.142849,-0.612025,0.31434,0.549338,-1.255529,0.966199,0.128019
168,-0.51445,0.236567,0.574321,-1.479541,1.104459,0.129592,-0.303359,0.147178,0.600678,-1.846495,1.369493,0.141009,-0.512313,0.242361,0.571469,-1.462748,1.080574,0.145599,-0.608808,0.294336,0.564649,-1.277932,0.946715,0.153437
169,-0.507036,0.239813,0.597442,-1.473289,1.087591,0.170261,-0.319134,0.141408,0.616392,-1.856425,1.348235,0.134914,-0.501443,0.239828,0.593337,-1.479957,1.076833,0.135238,-0.612657,0.289473,0.576716,-1.280841,0.935479,0.159023
170,-0.505312,0.229481,0.613911,-1.49605,1.04922,0.156519,-0.30082,0.135621,0.635157,-1.862506,1.315939,0.169096,-0.510412,0.223593,0.619118,-1.511892,1.050216,0.155527,-0.604012,0.266568,0.597139,-1.28705,0.911237,0.176648
171,-0.503469,0.212329,0.632657,-1.488374,1.029928,0.16386,-0.312393,0.137639,0.651096,-1.867975,1.286763,0.159262,-0.507902,0.215428,0.630434,-1.491888,1.050725,0.191937,-0.61924,0.255099,0.616296,-1.281668,0.895454,0.190599
172,-0.503412,0.201516,0.650416,-1.497431,1.011419,0.183529,-0.297487,0.127509,0.672876,-1.862496,1.264615,0.18107,-0.493931,0.213388,0.654203,-1.489255,1.020642,0.175385,-0.618659,0.248449,0.629167,-1.306791,0.866745,0.176171
173,-0.494669,0.211247,0.65414,-1.511587,0.991823,0.185765,-0.310596,0.124067,0.689349,-1.866322,1.245483,0.192823,-0.502263,0.203912,0.664572,-1.500556,1.003963,0.204828,-0.601245,0.245889,0.650254,-1.292214,0.864561,0.194009
174,-0.490886,0.19401,0.678403,-1.511715,0.963494,0.204535,-0.306373,0.121641,0.703121,-1.870444,1.202824,0.212348,-0.50395,0.186173,0.678902,-1.503259,0.971763,0.208201,-0.603026,0.22814,0.663786,-1.300945,0.851889,0.207392
175,-0.502254,0.183997,0.681654,-1.526835,0.948484,0.219399,-0.30033,0.107138,0.729126,-1.895852,1.197524,0.221093,-0.500534,0.1874,0.700758,-1.526258,0.957785,0.216071,-0.608242,0.222599,0.678884,-1.297836,0.817844,0.209793
176,-0.494127,0.170035,0.721542,-1.52712,0.921701,0.22098,-0.292941,0.103945,0.741123,-1.908015,1.157979,0.235025,-0.501306,0.172004,0.725245,-1.515839,0.928708,0.219699,-0.610976,0.216501,0.693439,-1.308929,0.785198,0.221348
177,-0.499005,0.163925,0.726943,-1.513466,0.890409,0.242269,-0.297727,0.097988,0.753741,-1.915345,1.125071,0.223436,-0.493997,0.162679,0.731913,-1.523391,0.906956,0.236823,-0.615172,0.200834,0.712351,-1.313363,0.78054,0.22231
178,-0.493117,0.150132,0.745943,-1.533598,0.871236,0.245514,-0.29855,0.082037,0.776961,-1.896927,1.08698,0.256666,-0.488594,0.149453,0.744487,-1.52439,0.863164,0.264516,-0.601083,0.1791,0.729668,-1.317011,0.759795,0.253583
179,-0.495405,0.145227,0.763802,-1.512854,0.851233,0.246989,-0.299927,0.084322,0.789641,-1.922441,1.058971,0.261671,-0.486373,0.142623,0.761927,-1.533073,0.856788,0.25817,-0.590007,0.18185,0.748209,-1.325712,0.736297,0.271014
180,-0.495985,0.133211,0.772078,-1.554013,0.838617,0.262025,-0.301871,0.080627,0.813846,-1.942731,1.043274,0.274024,-0.490454,0.12725,0.782913,-1.526409,0.830128,0.266096,-0.599927,0.163694,0.766295,-1.348374,0.720904,0.279831
181,-0.484152,0.118563,0.794722,-1.520377,0.802003,0.289737,-0.295958,0.078919,0.828507,-1.911133,1.017122,0.264113,-0.485126,0.121153,0.7999,-1.532058,0.80839,0.280086,-0.590976,0.160782,0.771069,-1.333858,0.682316,0.270536
182,-0.486321,0.110177,0.811195,-1.532421,0.779413,0.287378,-0.293775,0.073398,0.845888,-1.904622,0.961611,0.276403,-0.485191,0.116052,0.803164,-1.535049,0.788107,0.288229,-0.590408,0.141014,0.782555,-1.311034,0.670297,0.296824
183,-0.485884,0.122063,0.826611,-1.550245,0.758401,0.297032,-0.291584,0.06942,0.862527,-1.906625,0.948977,0.28972,-0.47323,0.108372,0.81757,-1.517016,0.752357,0.29808,-0.587309,0.136711,0.807982,-1.32355,0.655362,0.290522
184,-0.481727,0.094573,0.839842,-1.508572,0.734511,0.301135,-0.294555,0.056895,0.868877,-1.90179,0.908559,0.298078,-0.478881,0.100355,0.824103,-1.538008,0.739667,0.300818,-0.5753,0.121709,0.822151,-1.321219,0.639388,0.287508
185,-0.48329,0.085223,0.85033,-1.534871,0.708901,0.301302,-0.294385,0.055318,0.890608,-1.921793,0.904198,0.317519,-0.47635,0.087568,0.841565,-1.520165,0.705937,0.308786,-0.581186,0.109454,0.830017,-1.316102,0.596596,0.325533
186,-0.478706,0.082464,0.863569,-1.521028,0.681584,0.326905,-0.296859,0.052265,0.897892,-1.915246,0.855431,0.314172,-0.468558,0.076296,0.868004,-1.534949,0.686021,0.295729,-0.568078,0.100787,0.843501,-1.335574,0.586649,0.309727
187,-0.471234,0.069047,0.872292,-1.534171,0.672839,0.333559,-0.286843,0.048393,0.910224,-1.901419,0.812163,0.331066,-0.467047,0.068778,0.881251,-1.534934,0.657919,0.322876,-0.573508,0.092036,0.853078,-1.310444,0.579613,0.340241
188,-0.465638,0.065037,0.886721,-1.52489,0.628885,0.349826,-0.276994,0.036141,0.916553,-1.908932,0.78349,0.341656,-0.474529,0.066265,0.883175,-1.537856,0.627385,0.341317,-0.561856,0.078193,0.861216,-1.326594,0.544109,0.329985
189,-0.464172,0.056523,0.90304,-1.524264,0.601139,0.346061,-0.284184,0.023539,0.930639,-1.899078,0.749815,0.340751,-0.467248,0.042392,0.895955,-1.52581,0.585483,0.335378,-0.56181,0.049374,0.876558,-1.306587,0.499953,0.353399
190,-0.467009,0.046712,0.905011,-1.52645,0.581426,0.34715,-0.273264,0.023041,0.9508,-1.91327,0.71508,0.361606,-0.462925,0.041729,0.916178,-1.522052,0.567045,0.358624,-0.549267,0.051184,0.888963,-1.321001,0.497209,0.342587
191,-0.453783,0.03569,0.92199,-1.511846,0.542358,0.376893,-0.281862,0.02295,0.964014,-1.899242,0.682798,0.37233,-0.443946,0.036431,0.921089,-1.529041,0.554359,0.365452,-0.552311,0.043304,0.900449,-1.305213,0.459648,0.375721
192,-0.44967,0.021416,0.935151,-1.512676,0.515108,0.378434,-0.272206,0.029352,0.967447,-1.871277,0.643888,0.386085,-0.457617,0.016586,0.937613,-1.49318,0.506008,0.377876,-0.553061,0.025319,0.91348,-1.29761,0.466903,0.372279
193,-0.439082,0.014236,0.947003,-1.514063,0.505891,0.380292,-0.280155,0.005995,0.982564,-1.864135,0.613691,0.370089,-0.441963,0.019775,0.94119,-1.502005,0.491408,0.381674,-0.53979,0.030578,0.923198,-1.299956,0.433052,0.386241
194,-0.447377,0.011628,0.959372,-1.514326,0.456533,0.377698,-0.264657,0.009464,1.002267,-1.861324,0.591091,0.376961,-0.447469,0.000514,0.960163,-1.495753,0.464038,0.397782,-0.542283,-0.003082,0.9308,-1.278572,0.40826,0.40058
195,-0.438135,-0.004697,0.965034,-1.494033,0.455963,0.394677,-0.273357,-0.008565,0.992453,-1.86748,0.554631,0.398758,-0.451623,0.004009,0.967137,-1.505658,0.428988,0.397378,-0.524777,-0.012783,0.949349,-1.305165,0.376775,0.39577
196,-0.431364,-0.016122,0.984488,-1.471912,0.414903,0.404508,-0.272647,-0.017165,1.02294,-1.855826,0.51058,0.41852,-0.433362,-0.019367,0.977296,-1.478603,0.416033,0.39968,-0.522699,-0.008417,0.956005,-1.283429,0.362828,0.407573
197,-0.426413,-0.023937,0.999854,-1.46901,0.373904,0.420812,-0.259134,-0.012457,1.037929,-1.842122,0.470507,0.416425,-0.422831,-0.024203,0.991579,-1.471072,0.397008,0.42166,-0.514802,-0.026065,0.964572,-1.278368,0.33248,0.416072
198,-0.409221,-0.038064,0.988174,-1.471792,0.359625,0.410312,-0.259662,-0.019331,1.035825,-1.831845,0.434552,0.437369,-0.417634,-0.036289,0.997664,-1.465084,0.360926,0.408504,-0.501923,-0.046165,0.970428,-1.251139,0.296044,0.421871
199,-0.414747,-0.046201,1.011988,-1.467525,0.323629,0.424426,-0.241087,-0.026661,1.040389,-1.831983,0.403742,0.422966,-0.417312,-0.040655,1.003315,-1.47002,0.32538,0.439422,-0.50744,-0.055602,0.981113,-1.247902,0.284442,0.430482
200,-0.411657,-0.049669,1.017764,-1.45515,0.276097,0.440314,-0.251296,-0.042801,1.05018,-1.820744,0.37287,0.437833,-0.407404,-0.052347,1.017993,-1.451502,0.310214,0.448396,-0.502463,-0.062763,0.994195,-1.255524,0.243109,0.447984
201,-0.404115,-0.066587,1.027775,-1.439774,0.280658,0.446649,-0.243634,-0.032328,1.063133,-1.778364,0.332308,0.438699,-0.394838,-0.066278,1.019869,-1.444463,0.264551,0.445963,-0.489953,-0.081042,1.001691,-1.230787,0.227115,0.462088
202,-0.39575,-0.06605,1.03069,-1.424527,0.247952,0.459462,-0.242634,-0.051233,1.068225,-1.776209,0.300625,0.472289,-0.391792,-0.072693,1.032765,-1.443304,0.234732,0.450407,-0.489242,-0.08111,1.007317,-1.229901,0.199181,0.441235
203,-0.385755,-0.094455,1.036847,-1.426217,0.23214,0.466852,-0.236153,-0.050809,1.081272,-1.78307,0.274352,0.45418,-0.391461,-0.082208,1.033698,-1.422349,0.213591,0.466452,-0.47652,-0.107959,1.016612,-1.213842,0.187962,0.442234
204,-0.387747,-0.095065,1.049981,-1.420445,0.174865,0.455023,-0.237813,-0.054021,1.088108,-1.749001,0.235651,0.449518,-0.374353,-0.094097,1.044766,-1.398984,0.181513,0.474949,-0.467858,-0.096694,1.023827,-1.218523,0.148478,0.463208
205,-0.383768,-0.104686,1.061664,-1.408378,0.158544,0.48264,-0.238917,-0.058344,1.096006,-1.751734,0.19738,0.477335,-0.382995,-0.09712,1.05543,-1.401503,0.1645,0.484155,-0.46138,-0.132543,1.033049,-1.197255,0.122041,0.4868
206,-0.367361,-0.111274,1.061601,-1.374228,0.137044,0.488745,-0.220339,-0.068687,1.102923,-1.732604,0.159774,0.470627,-0.375903,-0.108422,1.067874,-1.399416,0.12866,0.477027,-0.464834,-0.136894,1.029474,-1.186875,0.112014,0.471051
207,-0.371736,-0.122514,1.069256,-1.376579,0.092451,0.484706,-0.225284,-0.072547,1.105278,-1.715705,0.119624,0.470299,-0.37233,-0.106617,1.068966,-1.389983,0.101732,0.495259,-0.448921,-0.136923,1.039062,-1.188365,0.084107,0.490122
208,-0.371017,-0.123958,1.061478,-1.36395,0.068025,0.490636,-0.221498,-0.07592,1.117453,-1.700224,0.065207,0.476132,-0.358465,-0.134204,1.06347,-1.367125,0.053834,0.481088,-0.442982,-0.149513,1.043683,-1.161885,0.049876,0.491769
209,-0.34367,-0.13927,1.077771,-1.358281,0.038214,0.48639,-0.212996,-0.080716,1.108284,-1.691402,0.052255,0.488129,-0.348177,-0.136276,1.075186,-1.345831,0.02476,0.479292,-0.432664,-0.159262,1.053223,-1.155009,0.017823,0.483967
210,-0.339436,-0.147734,1.074056,-1.337327,0.032255,0.495623,-0.210254,-0.088885,1.127134,-1.680895,0.004164,0.500397,-0.342281,-0.14804,1.079299,-1.325222,0.012882,0.498713,-0.422344,-0.173079,1.056756,-1.149872,0.017262,0.494566
211,-0.343266,-0.152546,1.085328,-1.320085,-0.011337,0.501272,-0.207431,-0.092104,1.127981,-1.630523,-0.029507,0.513564,-0.335706,-0.152604,1.085448,-1.338931,-0.019983,0.509382,-0.412771,-0.191984,1.05898,-1.143769,-0.007288,0.519294
212,-0.328263,-0.166432,1.089079,-1.296958,-0.039838,0.516925,-0.201481,-0.099538,1.13292,-1.632001,-0.067595,0.503598,-0.331889,-0.172357,1.093004,-1.29821,-0.053441,0.512891,-0.405106,-0.199668,1.081151,-1.13641,-0.02529,0.526121
213,-0.323659,-0.164277,1.095239,-1.287892,-0.072162,0.524724,-0.204576,-0.098981,1.138012,-1.625683,-0.103808,0.525119,-0.320096,-0.189328,1.091456,-1.285061,-0.064165,0.520547,-0.393356,-0.207814,1.064143,-1.101516,-0.061403,0.519903
214,-0.312746,-0.185239,1.094562,-1.291305,-0.108008,0.51587,-0.188609,-0.113684,1.146292,-1.58155,-0.133931,0.518072,-0.31665,-0.18316,1.096153,-1.269539,-0.087592,0.51614,-0.375908,-0.228142,1.070104,-1.104137,-0.102881,0.517707
215,-0.307492,-0.202589,1.101175,-1.25587,-0.148739,0.540859,-0.192011,-0.122542,1.138357,-1.568985,-0.177449,0.512043,-0.319988,-0.193176,1.101284,-1.250021,-0.134808,0.524458,-0.379836,-0.237712,1.077458,-1.065101,-0.122904,0.533033
216,-0.304378,-0.200901,1.099364,-1.232127,-0.157544,0.530456,-0.186106,-0.116035,1.145416,-1.543569,-0.195278,0.50614,-0.302274,-0.206878,1.101064,-1.230354,-0.167304,0.523545,-0.361715,-0.254247,1.076235,-1.074574,-0.161439,0.518116
217,-0.283725,-0.215055,1.103918,-1.192815,-0.18889,0.540915,-0.178636,-0.120426,1.153276,-1.539214,-0.251615,0.509637,-0.295328,-0.204694,1.093587,-1.230202,-0.203355,0.515757,-0.360264,-0.261706,1.089291,-1.047791,-0.15462,0.523387
218,-0.286057,-0.207493,1.110261,-1.20351,-0.219831,0.537362,-0.170966,-0.138222,1.152226,-1.502207,-0.278406,0.529855,-0.288907,-0.223876,1.107181,-1.195121,-0.201297,0.535239,-0.352474,-0.263292,1.080911,-1.02124,-0.183092,0.55126
219,-0.282608,-0.214036,1.108287,-1.17443,-0.259666,0.538772,-0.164341,-0.138417,1.142763,-1.484899,-0.316419,0.534675,-0.283755,-0.229609,1.112103,-1.179956,-0.247527,0.539483,-0.345702,-0.269581,1.079397,-1.015535,-0.20467,0.548701
220,-0.275814,-0.24068,1.111299,-1.18063,-0.27602,0.538108,-0.162107,-0.139227,1.155576,-1.461246,-0.336007,0.551955,-0.264214,-0.236275,1.105038,-1.181283,-0.271804,0.536248,-0.332778,-0.283077,1.085505,-1.013579,-0.233424,0.549159
221,-0.257184,-0.239501,1.110406,-1.163698,-0.319081,0.53173,-0.158016,-0.140525,1.151444,-1.428982,-0.390272,0.545316,-0.269083,-0.244733,1.110227,-1.150282,-0.300218,0.548116,-0.322837,-0.301804,1.089331,-0.989002,-0.272663,0.546879
222,-0.260611,-0.252299,1.104343,-1.128844,-0.327501,0.542358,-0.149642,-0.15699,1.147921,-1.426439,-0.413203,0.556212,-0.258575,-0.256914,1.107155,-1.126393,-0.315992,0.580333,-0.307877,-0.304984,1.088091,-0.972274,-0.294749,0.567728
223,-0.241517,-0.256896,1.1033,-1.11244,-0.377374,0.542373,-0.146739,-0.163478,1.161748,-1.40105,-0.448075,0.559517,-0.245268,-0.25998,1.11045,-1.090435,-0.362319,0.557341,-0.309656,-0.314371,1.079721,-0.960869,-0.32443,0.550831
224,-0.248231,-0.270901,1.108944,-1.093592,-0.401421,0.554291,-0.149612,-0.167668,1.156827,-1.370994,-0.47438,0.554987,-0.241545,-0.265223,1.106251,-1.086545,-0.39881,0.577808,-0.294443,-0.322238,1.081104,-0.926836,-0.328375,0.565979
225,-0.217863,-0.277607,1.112709,-1.065022,-0.417185,0.578388,-0.136236,-0.168851,1.157407,-1.33943,-0.524091,0.548579,-0.22717,-0.281308,1.114746,-1.081189,-0.420024,0.558602,-0.284732,-0.327874,1.078833,-0.920417,-0.348396,0.562142
226,-0.218711,-0.284223,1.107709,-1.05044,-0.457217,0.550791,-0.133032,-0.174536,1.150308,-1.310323,-0.556505,0.56972,-0.223238,-0.283532,1.108801,-1.051397,-0.426243,0.581174,-0.269118,-0.336342,1.076645,-0.894682,-0.401861,0.584244
227,-0.213387,-0.285149,1.107319,-1.033884,-0.480636,0.568425,-0.126496,-0.180337,1.156042,-1.264024,-0.595606,0.583799,-0.216403,-0.288718,1.105171,-1.024191,-0.479203,0.555267,-0.258785,-0.365553,1.089688,-0.891297,-0.417674,0.572494
228,-0.195141,-0.305085,1.101692,-0.994344,-0.495933,0.550802,-0.126729,-0.170282,1.153305,-1.252629,-0.616907,0.559321,-0.2046,-0.294116,1.101155,-1.008237,-0.490775,0.559738,-0.254853,-0.358579,1.076491,-0.852434,-0.424148,0.567173
229,-0.196769,-0.306035,1.097681,-0.966675,-0.549187,0.570399,-0.128431,-0.187765,1.141945,-1.232331,-0.659802,0.580122,-0.196872,-0.320282,1.10088,-0.985833,-0.527526,0.572601,-0.244779,-0.371807,1.078927,-0.855136,-0.449697,0.586866
230,-0.188267,-0.318199,1.102756,-0.972478,-0.569966,0.579533,-0.106268,-0.196382,1.138424,-1.193924,-0.681588,0.56541,-0.187313,-0.310708,1.099931,-0.940195,-0.530457,0.553502,-0.220368,-0.388962,1.070148,-0.825066,-0.469618,0.590586
231,-0.176111,-0.321091,1.089731,-0.929532,-0.585261,0.58291,-0.116614,-0.19985,1.140449,-1.15713,-0.740276,0.57371,-0.181657,-0.323269,1.095274,-0.92668,-0.577635,0.593367,-0.220775,-0.387231,1.065549,-0.805263,-0.506784,0.583079
232,-0.172199,-0.328518,1.099692,-0.926712,-0.607982,0.583548,-0.108692,-0.196095,1.133398,-1.145177,-0.771384,0.562505,-0.170425,-0.321828,1.086704,-0.905281,-0.624908,0.553374,-0.202591,-0.399555,1.063814,-0.790706,-0.530139,0.578878
233,-0.160834,-0.343733,1.086811,-0.878729,-0.638664,0.588344,-0.09015,-0.212822,1.126151,-1.114089,-0.793979,0.600693,-0.159661,-0.330445,1.081435,-0.901013,-0.623537,0.589794,-0.195564,-0.39735,1.058277,-0.762356,-0.53069,0.563971
234,-0.16038,-0.341492,1.084132,-0.85801,-0.669114,0.572231,-0.09413,-0.206914,1.120427,-1.090423,-0.838549,0.580277,-0.156742,-0.343385,1.088048,-0.874094,-0.671201,0.57441,-0.180987,-0.418672,1.058218,-0.759324,-0.581945,0.56745
235,-0.138259,-0.34641,1.078265,-0.843093,-0.694667,0.581673,-0.085259,-0.212752,1.106873,-1.035927,-0.853651,0.574367,-0.147677,-0.351276,1.075676,-0.853848,-0.679076,0.575217,-0.174746,-0.427339,1.053543,-0.716244,-0.60201,0.573852
236,-0.139617,-0.361382,1.066498,-0.805044,-0.70151,0.592976,-0.083059,-0.219841,1.118764,-1.033273,-0.897711,0.567483,-0.124716,-0.35257,1.071899,-0.810947,-0.714505,0.580804,-0.160933,-0.423761,1.044477,-0.70165,-0.613248,0.58692
237,-0.12797,-0.368592,1.065818,-0.781928,-0.740466,0.585822,-0.069455,-0.224706,1.107062,-1.015055,-0.925679,0.581327,-0.128219,-0.358242,1.058349,-0.793057,-0.716393,0.563348,-0.14599,-0.44568,1.044698,-0.710812,-0.623185,0.561919
238,-0.116775,-0.365775,1.063961,-0.775387,-0.751999,0.574854,-0.076963,-0.223839,1.09986,-0.969604,-0.954247,0.58231,-0.117305,-0.366673,1.049973,-0.754162,-0.764771,0.585814,-0.145803,-0.445815,1.033053,-0.663204,-0.661123,0.579187
239,-0.107932,-0.373045,1.050559,-0.749126,-0.790874,0.568547,-0.071999,-0.227625,1.096692,-0.917483,-0.995608,0.602271,-0.097576,-0.383392,1.054816,-0.74397,-0.765762,0.577734,-0.12716,-0.462278,1.029919,-0.643934,-0.673138,0.571543
240,-0.096807,-0.382327,1.036682,-0.718558,-0.815058,0.573331,-0.055896,-0.23067,1.089776,-0.906655,-1.031432,0.568977,-0.095096,-0.382759,1.050232,-0.716641,-0.832667,0.588026,-0.110728,-0.468657,1.03026,-0.635296,-0.69907,0.589788
241,-0.087029,-0.392612,1.045707,-0.673217,-0.838814,0.567158,-0.061164,-0.238623,1.078255,-0.863002,-1.065481,0.585029,-0.092808,-0.396301,1.040391,-0.69621,-0.829229,0.577933,-0.105017,-0.479581,1.024993,-0.601266,-0.727286,0.564069
242,-0.072999,-0.388535,1.035968,-0.67972,-0.864415,0.587105,-0.049795,-0.247966,1.07324,-0.841055,-1.063011,0.591905,-0.071349,-0.393179,1.032408,-0.655026,-0.857274,0.580545,-0.082535,-0.485237,1.018596,-0.580926,-0.727365,0.559771
243,-0.077562,-0.398991,1.019466,-0.639988,-0.890129,0.573742,-0.046799,-0.243073,1.061245,-0.808669,-1.105771,0.572228,-0.064753,-0.405932,1.039212,-0.647386,-0.89063,0.563211,-0.080043,-0.496938,0.997409,-0.571694,-0.756076,0.57703
244,-0.050966,-0.409382,1.0143,-0.615687,-0.897868,0.562101,-0.032696,-0.260647,1.053885,-0.79029,-1.129404,0.568079,-0.052836,-0.39848,1.01612,-0.607366,-0.91799,0.584826,-0.064013,-0.49857,0.99414,-0.533273,-0.789115,0.569957
245,-0.046399,-0.408942,1.00809,-0.595267,-0.939115,0.584056,-0.028387,-0.252318,1.045877,-0.736506,-1.152967,0.585997,-0.044115,-0.405856,1.008941,-0.578892,-0.91365,0.580685,-0.061167,-0.505712,0.993861,-0.507254,-0.806485,0.571768
246,-0.036091,-0.420374,1.001497,-0.557025,-0.957935,0.579871,-0.019966,-0.258915,1.045173,-0.688229,-1.188498,0.561507,-0.039607,-0.417029,0.997321,-0.545932,-0.954029,0.55287,-0.040047,-0.511071,0.973945,-0.492833,-0.8238,0.554292
247,-0.032193,-0.416598,0.980987,-0.539612,-0.982379,0.560627,-0.01525,-0.257491,1.02929,-0.656765,-1.221456,0.572389,-0.025961,-0.422512,0.994652,-0.545695,-0.967677,0.591718,-0.029394,-0.51261,0.966235,-0.444604,-0.820483,0.56526
248,-0.013108,-0.428185,0.974537,-0.515051,-0.986342,0.573159,-0.015442,-0.259088,1.016479,-0.634284,-1.259918,0.566,-0.017407,-0.434115,0.981284,-0.508779,-1.004817,0.556096,-0.014943,-0.519592,0.957797,-0.436597,-0.85747,0.573798
249,-0.005092,-0.431419,0.968122,-0.479883,-1.018193,0.578616,-0.008311,-0.266687,1.010152,-0.591224,-1.276736,0.575405,-0.000967,-0.432672,0.972697,-0.490738,-1.025375,0.558696,-0.021007,-0.532605,0.945025,-0.409346,-0.879269,0.564272
250,-0.000409,-0.435127,0.962882,-0.46054,-1.028058,0.567476,0.003899,-0.27441,0.999393,-0.572494,-1.294468,0.573028,0.00191,-0.436123,0.962532,-0.448757,-1.053075,0.578133,-0.007255,-0.539296,0.939658,-0.392276,-0.8852,0.552411
251,0.005056,-0.444054,0.953031,-0.427682,-1.048382,0.571632,0.013498,-0.275421,0.99052,-0.522985,-1.342627,0.559061,0.007463,-0.439691,0.95288,-0.421638,-1.052494,0.565391,0.010295,-0.535615,0.927558,-0.347459,-0.921967,0.581566
252,0.023262,-0.443335,0.940842,-0.383682,-1.076168,0.573805,0.004748,-0.269579,0.967668,-0.50736,-1.354603,0.560233,0.019955,-0.44697,0.928551,-0.392018,-1.079693,0.567576,0.023616,-0.551231,0.918852,-0.338537,-0.940409,0.564108
253,0.016967,-0.458219,0.924894,-0.373143,-1.103713,0.554072,0.018922,-0.275459,0.969658,-0.472789,-1.376451,0.575691,0.03302,-0.447927,0.931648,-0.374879,-1.111261,0.548112,0.034417,-0.547316,0.914946,-0.310629,-0.94015,0.562528
254,0.034689,-0.45452,0.90914,-0.334936,-1.132003,0.556168,0.02005,-0.27125,0.95318,-0.442231,-1.394814,0.567744,0.035791,-0.45983,0.915062,-0.32983,-1.127206,0.546606,0.052151,-0.55392,0.894589,-0.316521,-0.960075,0.544275
255,0.048296,-0.473798,0.906296,-0.304231,-1.158615,0.555295,0.023189,-0.295184,0.949094,-0.40313,-1.435166,0.540961,0.044611,-0.461409,0.898048,-0.309992,-1.143114,0.55121,0.062791,-0.563809,0.8891,-0.267271,-0.992652,0.556172
256,0.052812,-0.461927,0.898105,-0.267952,-1.164632,0.557075,0.034774,-0.282562,0.92783,-0.341309,-1.455776,0.54671,0.056762,-0.456899,0.892107,-0.291972,-1.171903,0.543056,0.069935,-0.56553,0.870025,-0.246706,-1.005897,0.550264
257,0.063831,-0.468543,0.881407,-0.259574,-1.189074,0.539841,0.044739,-0.27922,0.914972,-0.342464,-1.476138,0.538633,0.073833,-0.456798,0.876157,-0.253015,-1.187401,0.548126,0.075445,-0.575066,0.856656,-0.226392,-1.033487,0.542062
258,0.079055,-0.467999,0.862403,-0.229478,-1.196258,0.531948,0.042642,-0.28716,0.909694,-0.295402,-1.515308,0.54584,0.078589,-0.463817,0.860199,-0.21906,-1.197377,0.526191,0.09937,-0.57489,0.847361,-0.190324,-1.014836,0.542761
259,0.091592,-0.477475,0.849116,-0.184911,-1.212907,0.540648,0.053965,-0.290143,0.890864,-0.248861,-1.509312,0.536274,0.089762,-0.476339,0.855719,-0.200878,-1.208606,0.533384,0.099518,-0.57508,0.836571,-0.172844,-1.064617,0.531692
260,0.089298,-0.486458,0.846767,-0.161299,-1.243333,0.519733,0.055928,-0.293615,0.871942,-0.207307,-1.52906,0.53179,0.099452,-0.480584,0.844535,-0.169658,-1.226019,0.535236,0.112339,-0.576826,0.818045,-0.147256,-1.061299,0.528796
261,0.101814,-0.485678,0.830534,-0.149629,-1.250402,0.529464,0.073889,-0.291698,0.862674,-0.180713,-1.583443,0.533927,0.106882,-0.48907,0.818769,-0.125068,-1.249797,0.537015,0.123528,-0.595282,0.80281,-0.120619,-1.087459,0.538583
262,0.108282,-0.47743,0.812041,-0.117507,-1.275386,0.533877,0.060982,-0.296087,0.8426,-0.132935,-1.596012,0.525752,0.112389,-0.487367,0.811095,-0.137208,-1.261922,0.524446,0.124658,-0.597018,0.789267,-0.104234,-1.110577,0.527721
263,0.110712,-0.486303,0.796052,-0.094669,-1.28051,0.530248,0.080376,-0.293141,0.835283,-0.110731,-1.577528,0.514862,0.120824,-0.495905,0.804694,-0.090336,-1.270149,0.507696,0.154177,-0.595251,0.782987,-0.076086,-1.091877,0.506166
264,0.126943,-0.497359,0.779384,-0.040019,-1.290304,0.501994,0.081102,-0.299511,0.819577,-0.063999,-1.608994,0.508263,0.124413,-0.491588,0.792305,-0.052427,-1.286182,0.508412,0.156425,-0.601223,0.761042,-0.065313,-1.119368,0.503895
265,0.138811,-0.490957,0.766585,-0.019048,-1.332077,0.500792,0.085332,-0.30433,0.79339,-0.041769,-1.64962,0.499828,0.142155,-0.491286,0.76465,-0.015406,-1.31482,0.509254,0.173549,-0.599241,0.755312,-0.015606,-1.137926,0.508192
266,0.145631,-0.49665,0.753673,0.004397,-1.325333,0.492889,0.081825,-0.316445,0.791728,0.013743,-1.657545,0.501344,0.148635,-0.4911,0.760611,0.006714,-1.339584,0.517265,0.18395,-0.598284,0.729526,0.004412,-1.144502,0.495312
267,0.155456,-0.49575,0.747325,0.023725,-1.362143,0.479724,0.094974,-0.300667,0.768919,0.041006,-1.674858,0.490596,0.161149,-0.504721,0.739377,0.015675,-1.325445,0.509065,0.192171,-0.604553,0.718066,0.037362,-1.172215,0.491446
268,0.169137,-0.492877,0.718574,0.077137,-1.355354,0.483567,0.098563,-0.304673,0.755662,0.061139,-1.706047,0.485725,0.165587,-0.490781,0.72286,0.052656,-1.353183,0.489079,0.203255,-0.616925,0.700687,0.04819,-1.160722,0.4768
269,0.174658,-0.501401,0.708887,0.087279,-1.354066,0.489147,0.104856,-0.308244,0.742355,0.112553,-1.715514,0.478455,0.179134,-0.501903,0.707566,0.083877,-1.357747,0.499144,0.216796,-0.599677,0.692947,0.057618,-1.174167,0.495487
270,0.187472,-0.50894,0.687399,0.103386,-1.378752,0.475504,0.123663,-0.308973,0.713322,0.139635,-1.723956,0.485111,0.194436,-0.504343,0.681674,0.110129,-1.382478,0.483879,0.222661,-0.608955,0.673309,0.107287,-1.194793,0.499307
271,0.19704,-0.501784,0.674301,0.152275,-1.394974,0.478695,0.123085,-0.305088,0.70885,0.176098,-1.7424,0.47493,0.189618,-0.505249,0.674547,0.150959,-1.391008,0.461382,0.234944,-0.601115,0.656681,0.115554,-1.190422,0.479652
272,0.208857,-0.495303,0.65307,0.156694,-1.419017,0.471065,0.126877,-0.309185,0.681257,0.222002,-1.755982,0.464241,0.210505,-0.493552,0.661661,0.166488,-1.380466,0.469696,0.250518,-0.611341,0.64804,0.168538,-1.209671,0.463146
273,0.212609,-0.501117,0.638773,0.210258,-1.426863,0.471328,0.123588,-0.313577,0.658029,0.254646,-1.778343,0.45017,0.218621,-0.503679,0.636896,0.194741,-1.420661,0.46211,0.251644,-0.610729,0.614457,0.177143,-1.209659,0.449539
274,0.220087,-0.497016,0.625378,0.243281,-1.430908,0.453729,0.143131,-0.308305,0.64266,0.288941,-1.786684,0.443685,0.220077,-0.500181,0.630845,0.230213,-1.427503,0.470409,0.26615,-0.611213,0.613207,0.223866,-1.226398,0.457279
275,0.231844,-0.489283,0.607001,0.25722,-1.460557,0.449255,0.134829,-0.302317,0.62998,0.337235,-1.803476,0.445942,0.231937,-0.499481,0.60594,0.252518,-1.437976,0.45545,0.283724,-0.613841,0.595881,0.210404,-1.241987,0.446575
276,0.250161,-0.514331,0.575828,0.293397,-1.438245,0.442663,0.154069,-0.316633,0.600045,0.34947,-1.809441,0.450811,0.243606,-0.501093,0.587607,0.29563,-1.452533,0.430937,0.294627,-0.606842,0.570918,0.251881,-1.259049,0.440664
277,0.249463,-0.509772,0.565324,0.321135,-1.453365,0.43536,0.145078,-0.3107,0.595015,0.40959,-1.817567,0.434984,0.254771,-0.514746,0.566568,0.327843,-1.455485,0.435471,0.299725,-0.615694,0.5579,0.277501,-1.256795,0.422813
278,0.257992,-0.51263,0.5495,0.365674,-1.482026,0.438221,0.164993,-0.307837,0.573661,0.451161,-1.836899,0.419651,0.253778,-0.505492,0.554222,0.347304,-1.464297,0.415999,0.311652,-0.613427,0.535381,0.290176,-1.259712,0.412659
279,0.26728,-0.508711,0.53308,0.36648,-1.460324,0.427741,0.163307,-0.29971,0.546485,0.483824,-1.838998,0.432537,0.262979,-0.499589,0.54271,0.395025,-1.463593,0.422365,0.321851,-0.618303,0.515913,0.321441,-1.269536,0.425789
280,0.273614,-0.501059,0.510626,0.403743,-1.476034,0.412587,0.157933,-0.309282,0.523845,0.50269,-1.864685,0.422748,0.270987,-0.510804,0.511838,0.397698,-1.490094,0.400378,0.329445,-0.615997,0.498477,0.344875,-1.280309,0.414198
281,0.2787,-0.50006,0.492177,0.451475,-1.489547,0.400093,0.172893,-0.301934,0.513227,0.524898,-1.863018,0.400931,0.279502,-0.504533,0.490458,0.451508,-1.486059,0.384886,0.345595,-0.622255,0.489084,0.370301,-1.28129,0.398433
282,0.284952,-0.505046,0.48246,0.45848,-1.496457,0.390685,0.182741,-0.310119,0.494591,0.573887,-1.874561,0.389378,0.28346,-0.504131,0.484326,0.448571,-1.480074,0.38255,0.352956,-0.616318,0.462136,0.384941,-1.269666,0.382485
283,0.29653,-0.509707,0.452748,0.498574,-1.50346,0.381503,0.186778,-0.319407,0.475631,0.595099,-1.861841,0.389636,0.294665,-0.496115,0.462352,0.500723,-1.509945,0.375209,0.364031,-0.622941,0.45295,0.407125,-1.3017,0.382717
284,0.295531,-0.505989,0.44042,0.509138,-1.503784,0.376192,0.188233,-0.305633,0.461007,0.644542,-1.869708,0.387072,0.302293,-0.497217,0.43673,0.52574,-1.517288,0.370852,0.37865,-0.611035,0.427929,0.441423,-1.31076,0.35919
285,0.30833,-0.505838,0.42397,0.53845,-1.524309,0.358452,0.187937,-0.313316,0.435016,0.667982,-1.896449,0.375041,0.311372,-0.49742,0.408812,0.55606,-1.505869,0.3806,0.381637,-0.606911,0.404143,0.471643,-1.299171,0.339185
286,0.314678,-0.50265,0.399731,0.56999,-1.516853,0.367509,0.189692,-0.306428,0.411147,0.686424,-1.90947,0.362799,0.323524,-0.501483,0.402227,0.574872,-1.51587,0.35727,0.396937,-0.609094,0.38155,0.492928,-1.299572,0.345528
287,0.326205,-0.492991,0.380954,0.607471,-1.519169,0.35887,0.201768,-0.297351,0.389274,0.740652,-1.898513,0.360625,0.327914,-0.502309,0.385069,0.58982,-1.5442,0.353549,0.394325,-0.607726,0.370092,0.51311,-1.329598,0.356772
288,0.332216,-0.497842,0.360266,0.615252,-1.52753,0.343488,0.199511,-0.306119,0.381656,0.769249,-1.913174,0.34532,0.330092,-0.494199,0.365888,0.637557,-1.524025,0.344685,0.397814,-0.604939,0.35604,0.555039,-1.31886,0.336617
289,0.336126,-0.500037,0.336512,0.64138,-1.532081,0.340599,0.207226,-0.296065,0.365253,0.780273,-1.898728,0.333403,0.346164,-0.484747,0.328957,0.637434,-1.527491,0.341104,0.41124,-0.611397,0.331162,0.562134,-1.310446,0.343181
290,0.344683,-0.49602,0.315858,0.669159,-1.528407,0.322704,0.213235,-0.298537,0.333738,0.834456,-1.908062,0.318697,0.352612,-0.493354,0.329396,0.675825,-1.544685,0.330628,0.427374,-0.600397,0.313717,0.576049,-1.334545,0.316354
291,0.350633,-0.483307,0.303515,0.691827,-1.538656,0.327067,0.214962,-0.298103,0.311255,0.865786,-1.919953,0.321359,0.360197,-0.49769,0.303753,0.691152,-1.520507,0.306116,0.427105,-0.589346,0.28839,0.602363,-1.314987,0.318541
292,0.361485,-0.491796,0.282766,0.725998,-1.546526,0.307381,0.225383,-0.290209,0.291978,0.909063,-1.918421,0.319735,0.365873,-0.478206,0.282332,0.709693,-1.513216,0.309802,0.435997,-0.593538,0.266114,0.607454,-1.326354,0.300494
293,0.365342,-0.494365,0.256977,0.749841,-1.533641,0.297997,0.228223,-0.30352,0.267176,0.92664,-1.920585,0.287683,0.360837,-0.493331,0.269586,0.769959,-1.532936,0.305065,0.441682,-0.589217,0.264133,0.624469,-1.32313,0.277309
294,0.373541,-0.492189,0.250457,0.75784,-1.532566,0.296781,0.23099,-0.28812,0.250007,0.968118,-1.9389,0.307165,0.37296,-0.47802,0.238795,0.784101,-1.545087,0.296418,0.453294,-0.584392,0.240201,0.662608,-1.329037,0.290846
295,0.38383,-0.479121,0.218266,0.81703,-1.53428,0.274608,0.237816,-0.290824,0.230588,1.011445,-1.919492,0.271835,0.380821,-0.47937,0.213423,0.789419,-1.534897,0.275005,0.459306,-0.591602,0.205356,0.687837,-1.303071,0.295969
296,0.390037,-0.481302,0.205492,0.815047,-1.524583,0.265923,0.232714,-0.293132,0.201344,1.037834,-1.913784,0.266857,0.387008,-0.4835,0.198504,0.820167,-1.531192,0.286832,0.470731,-0.575659,0.197755,0.715295,-1.315456,0.261952
297,0.395957,-0.472952,0.176713,0.838304,-1.524951,0.24566,0.232802,-0.29156,0.182034,1.073727,-1.922727,0.267782,0.406057,-0.473281,0.173102,0.859807,-1.507526,0.273349,0.480202,-0.581934,0.171496,0.743392,-1.315269,0.259209
298,0.399151,-0.46964,0.161951,0.877541,-1.51428,0.236976,0.242554,-0.278323,0.164568,1.087813,-1.895572,0.243235,0.396107,-0.462523,0.158109,0.863328,-1.516017,0.24355,0.487706,-0.576598,0.147484,0.758553,-1.304138,0.247393
299,0.402731,-0.463963,0.136729,0.905566,-1.503382,0.234964,0.246768,-0.283486,0.133664,1.127304,-1.900494,0.237946,0.403343,-0.461605,0.140671,0.905933,-1.532696,0.244557,0.489825,-0.559902,0.140972,0.77301,-1.322229,0.23731
300,0.411542,-0.467035,0.110429,0.904268,-1.518447,0.221721,0.252198,-0.286539,0.114309,1.1365,-1.887985,0.231395,0.416769,-0.463023,0.120381,0.89491,-1.53671,0.238197,0.505362,-0.56247,0.108569,0.794762,-1.30298,0.232427
301,0.413888,-0.452663,0.101399,0.935267,-1.514358,0.202752,0.254918,-0.279401,0.103738,1.183125,-1.908227,0.206008,0.410219,-0.466141,0.097245,0.945712,-1.516909,0.222756,0.504263,-0.555506,0.093042,0.802346,-1.319076,0.215956
302,0.421631,-0.455197,0.080232,0.966828,-1.509867,0.208154,0.260632,-0.270824,0.08238,1.187957,-1.881041,0.188583,0.417298,-0.455069,0.080724,0.971544,-1.527649,0.197991,0.507935,-0.554474,0.076156,0.83923,-1.298903,0.205752
303,0.422527,-0.451042,0.061,0.99613,-1.513803,0.215837,0.256746,-0.272191,0.056606,1.243293,-1.880847,0.194032,0.428613,-0.453788,0.056901,0.977928,-1.511261,0.199385,0.512532,-0.559261,0.039321,0.842213,-1.297505,0.199969
304,0.436369,-0.441727,0.032522,0.993633,-1.515707,0.168752,0.258473,-0.279331,0.027304,1.271983,-1.876855,0.201553,0.423717,-0.450704,0.021527,1.008197,-1.513607,0.189091,0.516298,-0.537595,0.031963,0.875131,-1.312605,0.183062
305,0.43559,-0.43717,0.006074,1.027324,-1.48961,0.182549,0.269465,-0.270352,0.006621,1.285961,-1.877819,0.173273,0.43727,-0.444799,0.018334,1.029466,-1.51181,0.163544,0.521004,-0.543399,0.007043,0.892469,-1.300305,0.175864
306,0.440726,-0.435747,-0.006578,1.041109,-1.509066,0.159031,0.271565,-0.262456,-0.011111,1.321997,-1.866384,0.169473,0.438236,-0.435875,-0.017031,1.049482,-1.506794,0.15818,0.529654,-0.525846,-0.012686,0.89402,-1.288514,0.163846
307,0.441264,-0.423361,-0.038698,1.064441,-1.476716,0.165653,0.268523,-0.268499,-0.027059,1.338124,-1.853759,0.145701,0.443402,-0.430107,-0.027715,1.072664,-1.508657,0.172922,0.539405,-0.523255,-0.032504,0.907266,-1.277067,0.133077
308,0.452226,-0.42287,-0.048784,1.094781,-1.481823,0.15393,0.281345,-0.264519,-0.057398,1.350489,-1.857001,0.127437,0.449259,-0.422282,-0.047809,1.10157,-1.463316,0.139504,0.550207,-0.526049,-0.045062,0.948876,-1.281008,0.147729
309,0.457476,-0.427694,-0.072699,1.101104,-1.470712,0.120501,0.272074,-0.256824,-0.077408,1.40154,-1.835194,0.130055,0.449389,-0.422736,-0.070661,1.110539,-1.45527,0.133018,0.548809,-0.512516,-0.07234,0.953549,-1.269767,0.141244
310,0.449634,-0.418199,-0.09384,1.129359,-1.460347,0.124702,0.284884,-0.254032,-0.099644,1.415169,-1.845469,0.109177,0.450655,-0.414797,-0.094902,1.142099,-1.449209,0.127285,0.559196,-0.509226,-0.086207,0.97604,-1.267765,0.134919
311,0.466135,-0.405189,-0.116634,1.151276,-1.443588,0.129837,0.282344,-0.246144,-0.118049,1.433798,-1.830028,0.101083,0.468015,-0.410313,-0.09941,1.164796,-1.462809,0.101615,0.564996,-0.50747,-0.112316,0.9956,-1.251384,0.112246
312,0.467156,-0.398122,-0.136711,1.16911,-1.429628,0.11963,0.28675,-0.247647,-0.141393,1.461479,-1.804915,0.112809,0.468798,-0.406099,-0.132378,1.18882,-1.439819,0.095333,0.564161,-0.489952,-0.132425,1.024089,-1.244493,0.111143
313,0.466844,-0.395578,-0.158718,1.178826,-1.429664,0.085552,0.283333,-0.243767,-0.154154,1.483745,-1.806353,0.087705,0.473508,-0.394608,-0.156894,1.195618,-1.426583,0.090955,0.56086,-0.487878,-0.159232,1.017554,-1.233949,0.111163
314,0.475466,-0.398261,-0.178281,1.189966,-1.42639,0.071765,0.294795,-0.245773,-0.181446,1.511705,-1.767902,0.088367,0.477169,-0.400099,-0.175953,1.212708,-1.429439,0.081113,0.571125,-0.478684,-0.17375,1.038741,-1.217607,0.058975
315,0.478029,-0.391345,-0.20859,1.230748,-1.386464,0.06791,0.294733,-0.228407,-0.219962,1.527998,-1.766233,0.064121,0.477421,-0.383411,-0.19427,1.205339,-1.402418,0.076827,0.592727,-0.476748,-0.193611,1.054934,-1.225609,0.077774
316,0.479144,-0.376642,-0.223596,1.244737,-1.392092,0.052138,0.287413,-0.229936,-0.22749,1.560359,-1.734629,0.075652,0.481399,-0.375333,-0.211134,1.24445,-1.392337,0.07085,0.585377,-0.473266,-0.224831,1.063625,-1.209795,0.050178
317,0.480852,-0.372679,-0.238828,1.251125,-1.3934,0.035683,0.301057,-0.222179,-0.238305,1.566911,-1.733674,0.042294,0.478832,-0.379212,-0.238423,1.265403,-1.389344,0.03477,0.59436,-0.451876,-0.236128,1.092135,-1.189741,0.033777
318,0.485698,-0.365524,-0.264784,1.274489,-1.379364,0.04558,0.290828,-0.224364,-0.267173,1.59952,-1.730886,0.035523,0.478146,-0.36798,-0.263889,1.26595,-1.386765,0.050639,0.589647,-0.457532,-0.254472,1.09763,-1.194802,0.027187
319,0.492201,-0.366273,-0.276564,1.284528,-1.348893,0.029823,0.296975,-0.222157,-0.286366,1.605311,-1.685818,0.01894,0.473324,-0.352279,-0.270024,1.288842,-1.367982,0.033801,0.59854,-0.448235,-0.271133,1.118996,-1.16941,0.028522
320,0.492691,-0.355169,-0.296284,1.281569,-1.330801,0.017575,0.307422,-0.211372,-0.318139,1.636133,-1.68551,0.021282,0.495092,-0.358995,-0.300009,1.313502,-1.344437,0.026288,0.597936,-0.432352,-0.294995,1.117191,-1.155566,0.021159
321,0.49875,-0.343658,-0.321344,1.339118,-1.337195,0.015563,0.300663,-0.209082,-0.327357,1.638971,-1.668489,0.004759,0.490223,-0.352293,-0.321981,1.312126,-1.325996,-0.007536,0.606311,-0.419213,-0.302708,1.142714,-1.149064,0.011252
322,0.495642,-0.336568,-0.332403,1.329724,-1.336928,-0.006468,0.301258,-0.210514,-0.345653,1.691369,-1.655938,-0.016079,0.49175,-0.334331,-0.334153,1.346088,-1.302738,-0.005772,0.588847,-0.40969,-0.329563,1.145183,-1.131683,-0.001827
323,0.494421,-0.331076,-0.354212,1.359699,-1.315287,-0.015322,0.296738,-0.200087,-0.378307,1.695935,-1.623602,-0.021533,0.489193,-0.33545,-0.363099,1.353825,-1.309008,-0.012173,0.607663,-0.409421,-0.34884,1.161616,-1.134107,0.000878
324,0.503767,-0.325144,-0.377997,1.379283,-1.300999,-0.025083,0.29979,-0.197071,-0.395502,1.692853,-1.606683,-0.00871,0.503289,-0.324674,-0.384136,1.36489,-1.276354,-0.02333,0.598549,-0.394651,-0.372872,1.16534,-1.109057,-0.014185
325,0.503931,-0.316704,-0.401415,1.388899,-1.254375,-0.05412,0.30514,-0.194752,-0.405071,1.72664,-1.593328,-0.038706,0.503031,-0.303539,-0.395357,1.375724,-1.275194,-0.032308,0.605399,-0.38943,-0.38268,1.183568,-1.101258,-0.047828
326,0.511618,-0.310914,-0.410546,1.397351,-1.257548,-0.045873,0.306651,-0.193415,-0.429823,1.727006,-1.583993,-0.045082,0.499287,-0.305478,-0.414652,1.38474,-1.267371,-0.063189,0.606335,-0.375872,-0.413476,1.183315,-1.080557,-0.060009
327,0.508871,-0.301983,-0.435878,1.420444,-1.221866,-0.063996,0.307292,-0.184405,-0.458056,1.771305,-1.542953,-0.052116,0.500788,-0.306181,-0.434511,1.40238,-1.256442,-0.051366,0.608759,-0.372809,-0.42761,1.210871,-1.062493,-0.06226
328,0.508155,-0.296408,-0.451818,1.413408,-1.220466,-0.073763,0.307077,-0.179903,-0.479885,1.761463,-1.523851,-0.080892,0.507105,-0.299899,-0.456576,1.407744,-1.226736,-0.087216,0.61555,-0.361941,-0.445257,1.207013,-1.049209,-0.057629
329,0.504673,-0.283529,-0.47901,1.427422,-1.198039,-0.083414,0.308792,-0.167263,-0.489663,1.786706,-1.51099,-0.071411,0.501613,-0.290968,-0.472951,1.434435,-1.206253,-0.10385,0.612717,-0.346789,-0.452179,1.242567,-1.038024,-0.09461
330,0.510616,-0.283567,-0.491966,1.422966,-1.205748,-0.090262,0.30807,-0.169308,-0.50635,1.79051,-1.476983,-0.098879,0.509171,-0.278893,-0.496884,1.446532,-1.175962,-0.083178,0.625715,-0.339148,-0.474407,1.231013,-1.029033,-0.08628
331,0.516869,-0.276723,-0.508353,1.436483,-1.17726,-0.101651,0.313506,-0.165858,-0.53115,1.794832,-1.472853,-0.087476,0.511378,-0.282904,-0.517178,1.455415,-1.170197,-0.114653,0.627067,-0.335298,-0.496296,1.237132,-0.993584,-0.080684
332,0.506588,-0.275349,-0.531724,1.442095,-1.148098,-0.116084,0.308369,-0.163231,-0.546963,1.831591,-1.437476,-0.087521,0.510628,-0.271131,-0.529309,1.443855,-1.162548,-0.123189,0.61584,-0.327278,-0.513957,1.249908,-0.991722,-0.099475
333,0.495639,-0.250017,-0.54997,1.478608,-1.123711,-0.123246,0.315253,-0.152634,-0.575145,1.818706,-1.412196,-0.136274,0.505506,-0.251352,-0.546708,1.461582,-1.137231,-0.119719,0.616046,-0.308716,-0.538189,1.264214,-0.961683,-0.125727
334,0.504882,-0.248872,-0.559513,1.460183,-1.092469,-0.141597,0.311671,-0.148404,-0.588845,1.824206,-1.379478,-0.132986,0.50378,-0.235928,-0.561313,1.471145,-1.125513,-0.145264,0.611954,-0.304436,-0.557508,1.269246,-0.963035,-0.122841
335,0.501485,-0.240189,-0.582675,1.488449,-1.095178,-0.144021,0.306048,-0.144617,-0.613539,1.839613,-1.369893,-0.151136,0.502404,-0.239231,-0.581629,1.473544,-1.094074,-0.159646,0.618669,-0.299084,-0.566127,1.275774,-0.936523,-0.136072
336,0.503079,-0.228838,-0.606675,1.480913,-1.082308,-0.168688,0.304361,-0.144013,-0.63187,1.854209,-1.345984,-0.175582,0.49165,-0.229908,-0.603365,1.487061,-1.076756,-0.16218,0.618039,-0.281931,-0.586555,1.273788,-0.921986,-0.160316
337,0.503681,-0.225803,-0.624595,1.50631,-1.046853,-0.171972,0.305627,-0.128645,-0.641783,1.866002,-1.298239,-0.171839,0.505535,-0.221284,-0.617608,1.49166,-1.042464,-0.171792,0.619924,-0.271845,-0.605643,1.283875,-0.902849,-0.17457
338,0.507449,-0.209102,-0.638196,1.498262,-1.026591,-0.185721,0.308438,-0.13389,-0.654726,1.870454,-1.292083,-0.176917,0.503616,-0.218099,-0.6409,1.486621,-1.043274,-0.181101,0.608037,-0.248288,-0.625074,1.286294,-0.880232,-0.171007
339,0.497799,-0.204851,-0.663824,1.50351,-1.010609,-0.182268,0.300447,-0.116583,-0.679673,1.88403,-1.252679,-0.190307,0.505934,-0.208377,-0.652665,1.506639,-1.00484,-0.200169,0.608567,-0.245919,-0.643974,1.288974,-0.863655,-0.175619
340,0.497352,-0.19118,-0.674887,1.515559,-0.981393,-0.187458,0.302977,-0.114337,-0.691279,1.884806,-1.239898,-0.21923,0.498652,-0.190801,-0.673645,1.487677,-0.987134,-0.202777,0.620515,-0.241442,-0.656756,1.313274,-0.869518,-0.198834
341,0.502813,-0.187457,-0.686969,1.508853,-0.951634,-0.210814,0.300979,-0.117141,-0.711355,1.903566,-1.221131,-0.207736,0.501564,-0.189042,-0.68705,1.521037,-0.961702,-0.218431,0.614841,-0.22281,-0.669279,1.297047,-0.853105,-0.216086
342,0.502698,-0.175965,-0.703195,1.518724,-0.939181,-0.230323,0.310396,-0.100752,-0.731094,1.879199,-1.17162,-0.204675,0.504926,-0.182958,-0.699657,1.517178,-0.943702,-0.229327,0.611902,-0.213251,-0.692772,1.2837,-0.812583,-0.232793
343,0.498926,-0.162049,-0.727754,1.525106,-0.908153,-0.235441,0.302674,-0.100716,-0.745544,1.907685,-1.156095,-0.220629,0.492053,-0.178464,-0.719017,1.538847,-0.899733,-0.227011,0.613472,-0.20142,-0.706497,1.316978,-0.790552,-0.232848
344,0.493934,-0.1591,-0.740696,1.551766,-0.910041,-0.233779,0.293335,-0.099643,-0.771547,1.91651,-1.114955,-0.233251,0.494566,-0.155375,-0.735336,1.517263,-0.894849,-0.232086,0.608949,-0.190534,-0.721037,1.311634,-0.775707,-0.234597
345,0.490054,-0.152549,-0.752739,1.533859,-0.868635,-0.249171,0.300571,-0.096687,-0.787169,1.903027,-1.109867,-0.240495,0.498174,-0.153693,-0.748169,1.539344,-0.8866,-0.255598,0.598228,-0.191111,-0.735654,1.319229,-0.748823,-0.254137
346,0.494971,-0.143389,-0.770473,1.538957,-0.836779,-0.24447,0.30361,-0.088868,-0.795052,1.903883,-1.040309,-0.273283,0.493008,-0.145192,-0.764696,1.534558,-0.856529,-0.243682,0.601532,-0.165596,-0.742164,1.317296,-0.736416,-0.255805
347,0.486676,-0.134593,-0.778598,1.520975,-0.827752,-0.263674,0.29757,-0.084771,-0.811208,1.899601,-1.026552,-0.284861,0.48407,-0.13486,-0.786684,1.521744,-0.830237,-0.257046,0.594204,-0.1587,-0.778016,1.323404,-0.692964,-0.261107
348,0.484419,-0.118987,-0.795835,1.538269,-0.804629,-0.279228,0.299055,-0.076358,-0.820424,1.902634,-0.992134,-0.276732,0.494075,-0.125292,-0.803216,1.546718,-0.794466,-0.280203,0.585205,-0.145059,-0.779693,1.322504,-0.693294,-0.270795
349,0.486383,-0.114041,-0.811822,1.527152,-0.774319,-0.289177,0.288415,-0.078161,-0.840731,1.932731,-0.967763,-0.286451,0.488474,-0.11205,-0.820418,1.526749,-0.786296,-0.301904,0.58524,-0.140395,-0.801486,1.331881,-0.664154,-0.292217
350,0.47823,-0.100216,-0.824888,1.525543,-0.727108,-0.315087,0.285846,-0.065798,-0.85057,1.896517,-0.933839,-0.295885,0.483141,-0.105892,-0.829246,1.52512,-0.745234,-0.304201,0.580145,-0.137406,-0.8049,1.333953,-0.647606,-0.290831
351,0.478452,-0.095487,-0.844003,1.534676,-0.710162,-0.32187,0.291168,-0.060034,-0.871823,1.918025,-0.900144,-0.296843,0.479162,-0.085787,-0.829944,1.525261,-0.717192,-0.307322,0.57898,-0.115799,-0.823048,1.314415,-0.627148,-0.319386
352,0.474507,-0.083546,-0.847872,1.53649,-0.696572,-0.313203,0.285021,-0.046871,-0.87931,1.911243,-0.86516,-0.320136,0.486865,-0.082388,-0.848063,1.522879,-0.71066,-0.312318,0.580025,-0.099083,-0.837078,1.326356,-0.606235,-0.326151
353,0.467495,-0.078593,-0.868795,1.527591,-0.671354,-0.337489,0.288078,-0.047507,-0.898818,1.919423,-0.837642,-0.343123,0.476795,-0.070725,-0.861683,1.523593,-0.660833,-0.318094,0.573599,-0.097698,-0.849346,1.309486,-0.572099,-0.315479
354,0.470035,-0.059808,-0.889862,1.535119,-0.663607,-0.317203,0.283606,-0.04779,-0.900734,1.9092,-0.798561,-0.33413,0.463004,-0.065038,-0.878727,1.53962,-0.651598,-0.321374,0.573908,-0.085935,-0.865416,1.317507,-0.567002,-0.339672
355,0.45359,-0.058955,-0.886365,1.523488,-0.596608,-0.348594,0.274289,-0.034893,-0.923281,1.912765,-0.752388,-0.346796,0.466599,-0.044044,-0.882302,1.52167,-0.628007,-0.342726,0.56797,-0.072271,-0.865134,1.31306,-0.536763,-0.338358
356,0.46394,-0.054465,-0.905743,1.509502,-0.56545,-0.34389,0.281297,-0.035893,-0.941011,1.902136,-0.730847,-0.34786,0.466241,-0.049416,-0.89898,1.524906,-0.579644,-0.3463,0.566759,-0.056151,-0.882357,1.30991,-0.513623,-0.347644
357,0.459416,-0.031797,-0.912804,1.511015,-0.56309,-0.361306,0.274313,-0.01973,-0.958891,1.898197,-0.695465,-0.365292,0.455722,-0.028992,-0.918517,1.521661,-0.571728,-0.360647,0.561777,-0.047301,-0.897036,1.312002,-0.486798,-0.35663
358,0.455178,-0.029787,-0.923395,1.516878,-0.536626,-0.374774,0.275809,-0.010378,-0.958051,1.899117,-0.670708,-0.359398,0.451905,-0.032083,-0.924407,1.524875,-0.525743,-0.382759,0.539819,-0.041537,-0.903265,1.297945,-0.453471,-0.370146
359,0.448238,-0.020003,-0.944069,1.513649,-0.492777,-0.385419,0.272542,-0.020138,-0.973477,1.8873,-0.648603,-0.38342,0.4418,-0.009845,-0.937266,1.509219,-0.49565,-0.392236,0.545247,-0.017846,-0.918449,1.286713,-0.448153,-0.374668
360,0.44896,-0.012879,-0.957336,1.509339,-0.487818,-0.388177,0.272417,-0.005284,-0.982507,1.871588,-0.601926,-0.394117,0.442354,-0.011106,-0.940846,1.490642,-0.4763,-0.391365,0.538834,-0.004885,-0.920602,1.299897,-0.428472,-0.385503
361,0.439032,-0.005677,-0.960226,1.493496,-0.456194,-0.396708,0.270934,0.014735,-0.997355,1.867116,-0.565767,-0.394635,0.429134,0.001403,-0.953018,1.502806,-0.464283,-0.399899,0.534209,-0.00411,-0.939094,1.30456,-0.409006,-0.391638
362,0.441401,0.009328,-0.966937,1.483481,-0.42546,-0.40965,0.269484,0.008522,-1.014047,1.855774,-0.524272,-0.402709,0.427089,0.014198,-0.974765,1.475708,-0.428367,-0.404566,0.51406,0.008268,-0.945681,1.285466,-0.355849,-0.391091
363,0.436637,0.017156,-0.977523,1.482297,-0.394683,-0.394225,0.257581,0.016267,-1.022935,1.860995,-0.496078,-0.41584,0.435357,0.015757,-0.984132,1.496724,-0.403363,-0.419442,0.524043,0.019717,-0.953796,1.257593,-0.356102,-0.410488
364,0.431561,0.02551,-0.989566,1.476784,-0.374244,-0.411915,0.270035,0.019374,-1.027078,1.839644,-0.478839,-0.415826,0.426995,0.023446,-0.986798,1.476426,-0.38013,-0.415255,0.525383,0.036685,-0.974175,1.27467,-0.311613,-0.417282
365,0.405442,0.050997,-0.997774,1.472701,-0.354918,-0.424563,0.265464,0.026773,-1.042179,1.822788,-0.446985,-0.423834,0.410933,0.040387,-1.003199,1.460522,-0.344779,-0.446387,0.513769,0.046197,-0.976856,1.27711,-0.292436,-0.409106
366,0.415417,0.053468,-1.012081,1.479491,-0.322008,-0.432889,0.250775,0.033317,-1.04689,1.827103,-0.399821,-0.432712,0.412614,0.040424,-1.011921,1.445353,-0.326771,-0.424034,0.498297,0.045752,-0.986084,1.261601,-0.272311,-0.444557
367,0.408138,0.047501,-1.010744,1.45206,-0.277915,-0.433263,0.250338,0.038405,-1.063776,1.809947,-0.346964,-0.439415,0.413896,0.05385,-1.017635,1.441932,-0.283666,-0.443932,0.487502,0.069752,-0.988863,1.237,-0.26666,-0.443197
368,0.395036,0.06181,-1.025332,1.444134,-0.288363,-0.435741,0.25296,0.03976,-1.061296,1.803561,-0.308906,-0.450151,0.409212,0.065321,-1.019425,1.445369,-0.2458,-0.447032,0.483602,0.074088,-0.995438,1.23751,-0.234867,-0.444321
369,0.394632,0.073676,-1.040002,1.41703,-0.223105,-0.457865,0.243994,0.046677,-1.069283,1.792451,-0.291934,-0.449608,0.396856,0.072487,-1.027202,1.42575,-0.203631,-0.463142,0.475759,0.093937,-1.010766,1.225815,-0.199287,-0.452784
370,0.38461,0.083542,-1.038987,1.418098,-0.184372,-0.457378,0.232464,0.050982,-1.084272,1.771789,-0.254485,-0.478365,0.39457,0.089426,-1.034967,1.41368,-0.196214,-0.451355,0.470609,0.099635,-1.006646,1.221772,-0.172795,-0.45951
371,0.384565,0.097887,-1.045827,1.407565,-0.172114,-0.453117,0.240163,0.065087,-1.085861,1.74586,-0.231166,-0.460823,0.377976,0.086375,-1.050419,1.401847,-0.176841,-0.449781,0.466746,0.114162,-1.026214,1.2288,-0.151235,-0.45719
372,0.376175,0.096045,-1.046736,1.39839,-0.127104,-0.461954,0.228814,0.067719,-1.100337,1.740998,-0.175786,-0.473757,0.378662,0.105532,-1.054003,1.402853,-0.130526,-0.456998,0.460351,0.132226,-1.025814,1.201241,-0.123274,-0.471351
373,0.372919,0.105251,-1.057705,1.375048,-0.108221,-0.478071,0.219916,0.05419,-1.096367,1.725077,-0.154715,-0.471621,0.379237,0.112987,-1.062182,1.397556,-0.109185,-0.465948,0.454033,0.138277,-1.037233,1.178524,-0.108487,-0.483603
374,0.363661,0.115088,-1.060233,1.372819,-0.091606,-0.475021,0.21791,0.07822,-1.113163,1.709199,-0.101965,-0.47126,0.361334,0.117828,-1.061271,1.392116,-0.087932,-0.474701,0.439308,0.135898,-1.042504,1.179134,-0.093141,-0.483458
375,0.363424,0.124528,-1.072034,1.341464,-0.048573,-0.483118,0.211709,0.078687,-1.116329,1.699126,-0.074171,-0.482779,0.358258,0.129729,-1.070773,1.34937,-0.053109,-0.493247,0.439155,0.156897,-1.036332,1.153181,-0.048753,-0.478332
376,0.354126,0.14335,-1.065422,1.353522,-0.039615,-0.49522,0.211951,0.081589,-1.122883,1.665147,-0.041643,-0.492745,0.362135,0.138209,-1.078352,1.349995,-0.039212,-0.487779,0.430966,0.171649,-1.054802,1.162297,-0.030232,-0.492147
377,0.348574,0.152934,-1.081282,1.318755,0.005763,-0.511059,0.215836,0.098639,-1.127518,1.65995,-0.000608,-0.503116,0.340329,0.151885,-1.076793,1.338268,0.006628,-0.504503,0.4177,0.181693,-1.060954,1.163951,0.009306,-0.506678
378,0.332682,0.154326,-1.082761,1.304989,0.041887,-0.50159,0.19887,0.090914,-1.134845,1.641348,0.028166,-0.497563,0.337117,0.159887,-1.094376,1.305736,0.028055,-0.515567,0.404607,0.193759,-1.064546,1.126534,0.024376,-0.511935
379,0.333115,0.172473,-1.094255,1.308154,0.053475,-0.515819,0.197342,0.103189,-1.128506,1.624748,0.068924,-0.500543,0.326961,0.175643,-1.086932,1.294749,0.049131,-0.497699,0.402679,0.197127,-1.063351,1.116004,0.053221,-0.512284
380,0.319714,0.173809,-1.096068,1.297845,0.08192,-0.511303,0.198139,0.111572,-1.134507,1.595296,0.109075,-0.513783,0.323685,0.179901,-1.084321,1.290492,0.109944,-0.507795,0.400251,0.223241,-1.06997,1.105952,0.07631,-0.533486
381,0.30758,0.178471,-1.11,1.25622,0.105073,-0.512783,0.192133,0.125477,-1.139559,1.581424,0.133935,-0.530912,0.312776,0.195427,-1.102098,1.260497,0.106906,-0.519695,0.378817,0.228795,-1.068187,1.097878,0.108699,-0.514997
382,0.313474,0.195669,-1.107724,1.225549,0.15014,-0.534712,0.192615,0.111812,-1.14938,1.560903,0.171391,-0.524258,0.30941,0.200932,-1.105991,1.262218,0.132486,-0.527779,0.3741,0.231657,-1.080064,1.072765,0.106377,-0.504237
383,0.293674,0.197633,-1.104112,1.23844,0.180164,-0.540025,0.185501,0.1265,-1.143647,1.534222,0.217193,-0.530777,0.300371,0.208267,-1.101764,1.228227,0.16328,-0.520897,0.364973,0.250238,-1.066847,1.054536,0.139241,-0.537536
384,0.28508,0.209573,-1.104746,1.230881,0.212906,-0.548438,0.177668,0.128443,-1.140373,1.513502,0.275826,-0.518739,0.283718,0.226168,-1.108487,1.225056,0.218762,-0.532682,0.361623,0.253077,-1.085448,1.054845,0.194796,-0.552112
385,0.279171,0.215757,-1.098748,1.20952,0.238613,-0.548049,0.171529,0.129038,-1.151396,1.497338,0.292114,-0.557281,0.287831,0.22559,-1.110785,1.219849,0.234452,-0.543922,0.344756,0.265733,-1.078269,1.027309,0.192254,-0.52334
386,0.27641,0.223473,-1.111569,1.165949,0.264009,-0.563871,0.166364,0.139248,-1.151138,1.457735,0.319789,-0.554174,0.274223,0.225294,-1.108126,1.185538,0.245872,-0.527578,0.336037,0.266916,-1.086493,1.017043,0.207337,-0.534757
387,0.265623,0.23409,-1.121097,1.149294,0.279044,-0.54383,0.164028,0.142042,-1.158615,1.462067,0.354716,-0.539468,0.263258,0.235999,-1.106421,1.167088,0.301086,-0.543463,0.327075,0.292374,-1.087572,0.991919,0.248623,-0.531001
388,0.254828,0.24246,-1.106156,1.135131,0.312094,-0.54599,0.160906,0.142671,-1.153695,1.435594,0.382073,-0.556305,0.256973,0.241849,-1.114752,1.153787,0.300314,-0.538239,0.319673,0.299422,-1.080093,1.00291,0.265228,-0.576485
389,0.258806,0.257623,-1.113792,1.126643,0.348087,-0.551834,0.149778,0.15049,-1.147934,1.396802,0.428659,-0.56686,0.254983,0.253981,-1.110437,1.129571,0.341942,-0.54187,0.305752,0.307018,-1.087297,0.962033,0.310307,-0.559501
390,0.236813,0.266123,-1.117655,1.114221,0.36174,-0.544692,0.154319,0.160951,-1.15132,1.373911,0.474161,-0.565998,0.240755,0.265371,-1.106678,1.102861,0.372057,-0.549911,0.290838,0.325122,-1.091517,0.947301,0.326423,-0.569471
391,0.239849,0.271525,-1.09921,1.092022,0.371054,-0.560685,0.142506,0.156543,-1.14609,1.356359,0.500916,-0.556418,0.231104,0.268113,-1.112531,1.073517,0.417173,-0.54523,0.28834,0.325456,-1.080542,0.934883,0.334019,-0.564492
392,0.226059,0.273893,-1.116478,1.047139,0.429795,-0.552407,0.141913,0.166649,-1.144346,1.308191,0.537559,-0.55723,0.231334,0.281809,-1.105487,1.049118,0.419604,-0.569409,0.271713,0.339633,-1.086555,0.926286,0.354167,-0.551274
393,0.212737,0.279294,-1.099013,1.02835,0.443799,-0.570414,0.138167,0.166814,-1.154447,1.290803,0.57254,-0.580632,0.220404,0.281755,-1.105043,1.047575,0.449821,-0.555088,0.274987,0.350243,-1.087387,0.904099,0.384138,-0.567973
394,0.213029,0.290597,-1.100657,1.025993,0.483683,-0.579207,0.12592,0.1792,-1.143614,1.275782,0.616351,-0.552098,0.215635,0.29262,-1.099846,1.035403,0.478617,-0.574634,0.257251,0.353383,-1.079077,0.889482,0.397636,-0.587043
395,0.199307,0.316622,-1.099186,1.010873,0.518468,-0.570317,0.125692,0.177175,-1.136304,1.247891,0.642941,-0.562551,0.201702,0.29817,-1.102007,1.017835,0.495669,-0.570106,0.248907,0.375612,-1.075791,0.855311,0.441196,-0.560519
396,0.193297,0.312281,-1.101884,0.970683,0.542646,-0.571935,0.117639,0.189997,-1.139444,1.226863,0.677929,-0.565328,0.185728,0.307515,-1.09943,0.97644,0.533567,-0.575971,0.229777,0.389259,-1.080663,0.826444,0.447876,-0.5876
397,0.178755,0.32019,-1.100503,0.962558,0.577891,-0.555457,0.108686,0.191159,-1.129868,1.201101,0.703588,-0.574854,0.181114,0.315563,-1.090534,0.951606,0.582876,-0.566986,0.219978,0.383764,-1.07601,0.824673,0.479969,-0.590005
398,0.164849,0.329069,-1.085714,0.931631,0.579225,-0.575855,0.11044,0.202625,-1.147068,1.154774,0.738624,-0.582381,0.173121,0.324649,-1.100598,0.924215,0.582376,-0.585439,0.21314,0.399323,-1.065688,0.802509,0.476419,-0.581007
399,0.162433,0.338114,-1.088354,0.902202,0.59581,-0.571855,0.106968,0.197039,-1.136337,1.119297,0.78492,-0.569474,0.176895,0.328112,-1.089879,0.89122,0.615422,-0.577306,0.21058,0.410257,-1.066204,0.7648,0.547512,-0.565584
400,0.15577,0.334485,-1.082045,0.87231,0.64238,-0.556729,0.099876,0.20551,-1.135961,1.077426,0.784827,-0.589535,0.161598,0.336397,-1.088976,0.876818,0.651918,-0.571413,0.190786,0.406801,-1.060154,0.755343,0.553549,-0.569632
401,0.145302,0.342359,-1.080632,0.861633,0.674696,-0.560064,0.089343,0.206225,-1.122431,1.080195,0.820387,-0.588716,0.146256,0.346116,-1.086447,0.86236,0.669093,-0.582151,0.176128,0.418759,-1.058327,0.734033,0.581321,-0.58345
402,0.14017,0.356376,-1.072326,0.841795,0.699409,-0.595963,0.084891,0.216183,-1.115812,1.059079,0.864204,-0.579608,0.145524,0.354411,-1.085123,0.844616,0.692333,-0.560435,0.162682,0.430536,-1.0497,0.692777,0.611264,-0.571604
403,0.133646,0.3579,-1.072552,0.808531,0.725879,-0.584729,0.076007,0.212956,-1.113303,1.019036,0.916975,-0.572664,0.135083,0.361337,-1.064964,0.820131,0.712403,-0.563401,0.161496,0.436557,-1.055388,0.678098,0.619584,-0.592406
404,0.120153,0.36991,-1.073226,0.77947,0.759057,-0.562704,0.074646,0.234766,-1.106467,0.974577,0.947742,-0.566103,0.119572,0.373679,-1.064292,0.787852,0.757232,-0.576705,0.144059,0.437395,-1.040962,0.670714,0.636812,-0.56857
405,0.115727,0.36677,-1.063781,0.75805,0.761385,-0.586659,0.065653,0.228655,-1.097357,0.95709,0.97284,-0.596568,0.114131,0.374474,-1.062722,0.762712,0.767182,-0.582952,0.139658,0.446952,-1.037083,0.659456,0.649677,-0.58224
406,0.102412,0.38357,-1.048152,0.729869,0.78269,-0.579731,0.061278,0.227124,-1.091941,0.914918,0.993085,-0.589,0.09862,0.38152,-1.050741,0.742698,0.785214,-0.571361,0.114501,0.462932,-1.01945,0.645894,0.700563,-0.583545
407,0.093361,0.38205,-1.041386,0.705819,0.816168,-0.604271,0.051991,0.227882,-1.093488,0.888381,1.026635,-0.585993,0.082361,0.374457,-1.052546,0.716075,0.831059,-0.594859,0.10712,0.46591,-1.027596,0.628343,0.701171,-0.574831
408,0.092689,0.385144,-1.042661,0.691439,0.844301,-0.566336,0.05592,0.244626,-1.075228,0.854141,1.054207,-0.58538,0.086301,0.382149,-1.034024,0.68891,0.824559,-0.580253,0.102904,0.484791,-1.016847,0.585302,0.737427,-0.572426
409,0.06681,0.403443,-1.030417,0.669706,0.863206,-0.568336,0.043621,0.237381,-1.079018,0.822879,1.078952,-0.589997,0.081637,0.399397,-1.031225,0.681206,0.879591,-0.584062,0.092646,0.483554,-1.003161,0.579133,0.761431,-0.571946
410,0.068092,0.403885,-1.027996,0.648506,0.892844,-0.570484,0.044265,0.251625,-1.067336,0.788509,1.11288,-0.57317,0.061026,0.406925,-1.014656,0.631203,0.891967,-0.585337,0.078096,0.49274,-0.997084,0.539827,0.76698,-0.579715
411,0.051889,0.406206,-1.019776,0.619392,0.911155,-0.572351,0.036202,0.248639,-1.060977,0.751363,1.153593,-0.600939,0.055488,0.417357,-1.011475,0.591414,0.912318,-0.572397,0.069201,0.501073,-0.989848,0.520273,0.788988,-0.574279
412,0.046203,0.418463,-1.009363,0.574109,0.944941,-0.587157,0.032095,0.26191,-1.048299,0.722188,1.172577,-0.575471,0.050224,0.405747,-1.011705,0.572502,0.947274,-0.57175,0.062937,0.514503,-0.983508,0.503198,0.80171,-0.587827
413,0.034066,0.414138,-0.994383,0.549858,0.964767,-0.564854,0.019822,0.257024,-1.038495,0.69769,1.213859,-0.587596,0.041791,0.41741,-0.996249,0.5643,0.951071,-0.5488,0.038644,0.508724,-0.977267,0.481067,0.833951,-0.596138
414,0.021669,0.421488,-0.995824,0.528503,0.994933,-0.565081,0.011649,0.261985,-1.039033,0.659756,1.218542,-0.592258,0.024141,0.424349,-0.987936,0.521261,0.976646,-0.550059,0.023238,0.516661,-0.962969,0.437201,0.863885,-0.587395
415,0.015898,0.434451,-0.977712,0.494493,1.001414,-0.567101,0.010644,0.267982,-1.017205,0.619947,1.239699,-0.568363,0.011541,0.430142,-0.976583,0.495812,0.990418,-0.560283,0.018701,0.523212,-0.959534,0.442727,0.87122,-0.552317
416,0.008415,0.438225,-0.974326,0.467669,1.010154,-0.544941,0.003174,0.263819,-1.005298,0.592213,1.280753,-0.546703,0.000703,0.444156,-0.972057,0.478073,1.02522,-0.574284,0.006985,0.529282,-0.95151,0.419107,0.88662,-0.579183
417,-0.003497,0.449069,-0.960031,0.439325,1.060546,-0.547593,0.000382,0.27059,-0.989001,0.567551,1.322187,-0.567351,-0.001912,0.434493,-0.95876,0.445782,1.066665,-0.592723,-0.007031,0.535716,-0.938308,0.375814,0.902501,-0.554762
418,-0.009644,0.453925,-0.942874,0.407242,1.052699,-0.568217,-0.012285,0.272415,-0.988792,0.505994,1.338117,-0.569701,-0.002828,0.437778,-0.949537,0.426173,1.059344,-0.55238,-0.016689,0.538529,-0.932203,0.356837,0.922427,-0.582231
419,-0.022585,0.447215,-0.929813,0.386354,1.09599,-0.572795,-0.011766,0.268948,-0.974848,0.482076,1.353654,-0.555121,-0.025079,0.451044,-0.946264,0.376742,1.088295,-0.57047,-0.025554,0.553605,-0.912325,0.32248,0.936927,-0.557447
420,-0.030223,0.454822,-0.920272,0.362641,1.135212,-0.569613,-0.017032,0.279413,-0.960857,0.46628,1.390245,-0.560864,-0.033834,0.45229,-0.921732,0.35672,1.10736,-0.54495,-0.039876,0.548458,-0.906508,0.306673,0.955629,-0.556329
421,-0.034189,0.458194,-0.917208,0.344435,1.133019,-0.570068,-0.02178,0.278301,-0.945517,0.409556,1.398113,-0.539263,-0.041572,0.457989,-0.90598,0.309075,1.127091,-0.546389,-0.050673,0.555615,-0.888406,0.297077,0.955101,-0.530054
422,-0.049158,0.458023,-0.904347,0.307478,1.157869,-0.558825,-0.02632,0.275276,-0.945737,0.384308,1.427662,-0.563806,-0.041811,0.468413,-0.901141,0.296892,1.156505,-0.54309,-0.066206,0.565661,-0.877184,0.249859,0.979522,-0.554523
423,-0.06519,0.467754,-0.883169,0.269705,1.16545,-0.546497,-0.035128,0.288363,-0.921639,0.334968,1.45313,-0.543782,-0.062175,0.466544,-0.888074,0.267915,1.173509,-0.556082,-0.071741,0.569079,-0.874099,0.253643,0.996952,-0.546843
424,-0.073427,0.468706,-0.869984,0.252094,1.200655,-0.55123,-0.039503,0.2886,-0.909574,0.320979,1.486085,-0.556224,-0.08159,0.462386,-0.880217,0.247608,1.196005,-0.535072,-0.086005,0.571445,-0.858713,0.221596,1.033464,-0.536386
425,-0.07488,0.470382,-0.859481,0.212196,1.212547,-0.532571,-0.033698,0.289904,-0.897086,0.284187,1.496776,-0.549649,-0.07708,0.471004,-0.860178,0.217697,1.219228,-0.535549,-0.096493,0.581212,-0.845102,0.183332,1.034606,-0.539513
426,-0.087394,0.46791,-0.847568,0.173524,1.222567,-0.540664,-0.057341,0.285885,-0.879527,0.239421,1.516809,-0.541811,-0.092647,0.484077,-0.842503,0.186159,1.197902,-0.530221,-0.098599,0.575677,-0.81968,0.165221,1.06418,-0.533109
427,-0.098892,0.476305,-0.838032,0.165324,1.23643,-0.523741,-0.07037,0.2917,-0.868998,0.204431,1.557479,-0.523532,-0.087388,0.475742,-0.832839,0.163963,1.233704,-0.526863,-0.12008,0.584675,-0.813043,0.140136,1.057983,-0.537501
428,-0.104777,0.488639,-0.825362,0.125961,1.269052,-0.546668,-0.061889,0.292809,-0.855535,0.159034,1.56361,-0.521095,-0.109824,0.483472,-0.831621,0.143295,1.261538,-0.524947,-0.131909,0.585256,-0.807032,0.114478,1.083221,-0.523611
429,-0.110259,0.486007,-0.810668,0.096376,1.263716,-0.521345,-0.076498,0.284605,-0.837656,0.106802,1.582369,-0.531435,-0.111966,0.488585,-0.815166,0.101222,1.282658,-0.514868,-0.136638,0.596462,-0.780569,0.091035,1.095312,-0.519503
430,-0.121887,0.487704,-0.791237,0.092135,1.295809,-0.513325,-0.073072,0.295678,-0.8265,0.080698,1.606321,-0.511369,-0.12874,0.484429,-0.794469,0.06964,1.278708,-0.532444,-0.154492,0.600517,-0.78611,0.067302,1.091646,-0.502402
431,-0.133927,0.48512,-0.780542,0.04486,1.31928,-0.501687,-0.081464,0.291014,-0.811082,0.054715,1.626351,-0.510087,-0.131754,0.497585,-0.782521,0.041083,1.294959,-0.516001,-0.167205,0.60112,-0.765776,0.024656,1.117896,-0.502454
432,-0.149167,0.483313,-0.758277,0.023167,1.334787,-0.509301,-0.089666,0.297124,-0.79365,0.014263,1.644221,-0.50998,-0.145591,0.497913,-0.758326,-0.000921,1.303284,-0.502188,-0.165288,0.598493,-0.749278,0.01084,1.15419,-0.507498
433,-0.161627,0.493991,-0.752768,-0.02827,1.355236,-0.509728,-0.088828,0.303199,-0.784906,-0.015212,1.676454,-0.509698,-0.152044,0.491387,-0.747956,-0.015288,1.34213,-0.501146,-0.19555,0.611291,-0.734638,-0.01854,1.153692,-0.489571
434,-0.165961,0.4899,-0.745007,-0.053176,1.354876,-0.485556,-0.103143,0.299131,-0.770221,-0.065655,1.679996,-0.50456,-0.170657,0.492015,-0.73023,-0.054672,1.354917,-0.486056,-0.199853,0.609821,-0.716786,-0.040313,1.161548,-0.50293
435,-0.17059,0.493086,-0.707792,-0.082187,1.35392,-0.493838,-0.103901,0.289205,-0.751015,-0.075193,1.694612,-0.492113,-0.166508,0.493468,-0.719748,-0.063842,1.36901,-0.485137,-0.214433,0.601835,-0.697068,-0.062137,1.184543,-0.469871
436,-0.184661,0.496442,-0.701476,-0.105251,1.383065,-0.485905,-0.103004,0.304194,-0.722224,-0.131339,1.730659,-0.485586,-0.174105,0.493643,-0.702752,-0.102685,1.374317,-0.484952,-0.220941,0.607547,-0.686562,-0.08859,1.18529,-0.470863
437,-0.196519,0.502536,-0.686915,-0.125029,1.388076,-0.491383,-0.107837,0.305278,-0.71201,-0.183895,1.73413,-0.470126,-0.186218,0.502413,-0.688284,-0.136581,1.396672,-0.46982,-0.226748,0.618885,-0.661033,-0.103439,1.197233,-0.463593
438,-0.191091,0.502851,-0.671669,-0.166346,1.404952,-0.455688,-0.119799,0.302546,-0.690148,-0.186226,1.753244,-0.474891,-0.200096,0.501815,-0.671238,-0.164854,1.412029,-0.45349,-0.241009,0.615982,-0.656545,-0.140704,1.21604,-0.47607
439,-0.207669,0.497306,-0.65383,-0.19325,1.385435,-0.475091,-0.129462,0.307741,-0.673475,-0.231259,1.77201,-0.439573,-0.206711,0.503563,-0.65297,-0.184675,1.425598,-0.456507,-0.245591,0.618824,-0.633724,-0.150954,1.21269,-0.463539
440,-0.217408,0.510576,-0.625617,-0.213824,1.408165,-0.460333,-0.122364,0.304502,-0.65882,-0.250148,1.787039,-0.455121,-0.218731,0.502486,-0.645331,-0.222744,1.432276,-0.442641,-0.260016,0.613142,-0.619051,-0.191958,1.226466,-0.454826
441,-0.216783,0.502532,-0.624443,-0.255672,1.415955,-0.460891,-0.14258,0.313476,-0.639906,-0.32096,1.791065,-0.471752,-0.230813,0.503469,-0.618554,-0.249729,1.441647,-0.448454,-0.275701,0.611979,-0.604446,-0.213996,1.218873,-0.441745
442,-0.240304,0.50752,-0.594616,-0.277039,1.450699,-0.427485,-0.140389,0.305456,-0.619306,-0.348983,1.782728,-0.426977,-0.232279,0.505473,-0.599594,-0.25165,1.44503,-0.441853,-0.283579,0.619742,-0.58525,-0.228387,1.223119,-0.462282
443,-0.241818,0.502929,-0.591694,-0.312714,1.453776,-0.423564,-0.155872,0.306151,-0.608699,-0.369186,1.806832,-0.429321,-0.233584,0.508009,-0.58237,-0.300581,1.451861,-0.441704,-0.297089,0.618057,-0.567856,-0.244854,1.246214,-0.43914
444,-0.250323,0.503446,-0.556312,-0.331624,1.474224,-0.451029,-0.143101,0.307915,-0.58542,-0.422886,1.829578,-0.413962,-0.254833,0.500882,-0.555358,-0.31474,1.474233,-0.424872,-0.304621,0.615475,-0.553682,-0.295417,1.250881,-0.426852
445,-0.258159,0.510499,-0.548485,-0.372493,1.479295,-0.427547,-0.154393,0.309102,-0.564509,-0.438934,1.845302,-0.427446,-0.244353,0.502217,-0.544426,-0.368618,1.467786,-0.431317,-0.317138,0.61174,-0.533445,-0.300969,1.258014,-0.422916
446,-0.253792,0.507505,-0.529878,-0.380127,1.474155,-0.410597,-0.164363,0.306832,-0.552729,-0.468156,1.877661,-0.410691,-0.267901,0.511811,-0.533242,-0.373843,1.471995,-0.425538,-0.317417,0.607197,-0.515491,-0.337514,1.289661,-0.413063
447,-0.276806,0.508199,-0.502417,-0.438411,1.480086,-0.422892,-0.168819,0.313124,-0.532313,-0.510608,1.869166,-0.393506,-0.27753,0.510645,-0.506373,-0.425307,1.48156,-0.410697,-0.319316,0.6262,-0.496045,-0.346087,1.277939,-0.389183
448,-0.28672,0.504999,-0.486139,-0.435246,1.494661,-0.411517,-0.167413,0.29983,-0.503709,-0.552535,1.849605,-0.394059,-0.284111,0.505482,-0.489545,-0.441889,1.484594,-0.39248,-0.343838,0.619689,-0.481686,-0.35994,1.293116,-0.380489
449,-0.287308,0.500642,-0.470544,-0.464191,1.483652,-0.386462,-0.188808,0.304124,-0.49037,-0.598815,1.878099,-0.404174,-0.293321,0.496611,-0.477436,-0.46176,1.501263,-0.385498,-0.348506,0.611716,-0.452978,-0.398658,1.288686,-0.395109
450,-0.302826,0.502058,-0.438244,-0.47958,1.511898,-0.363125,-0.18282,0.310783,-0.460526,-0.630641,1.871901,-0.35874,-0.295749,0.503992,-0.450946,-0.4813,1.505954,-0.378656,-0.356684,0.605792,-0.435554,-0.426488,1.290199,-0.395721
451,-0.301818,0.503661,-0.430059,-0.543246,1.507717,-0.374586,-0.189062,0.304825,-0.451767,-0.641775,1.866993,-0.386088,-0.302876,0.508007,-0.43209,-0.519152,1.509112,-0.395719,-0.369167,0.605299,-0.413538,-0.442064,1.294728,-0.359278
452,-0.31288,0.502181,-0.40982,-0.545478,1.516704,-0.370513,-0.190221,0.307697,-0.428717,-0.686579,1.896882,-0.365372,-0.301781,0.494123,-0.4091,-0.555485,1.503207,-0.360913,-0.378824,0.60569,-0.400567,-0.473704,1.296727,-0.375074
453,-0.320983,0.512353,-0.389982,-0.571434,1.519131,-0.349059,-0.192235,0.302047,-0.402418,-0.72062,1.888991,-0.336028,-0.311727,0.498817,-0.389466,-0.582235,1.523951,-0.359599,-0.387373,0.609243,-0.391136,-0.49938,1.313262,-0.358018
454,-0.336328,0.503157,-0.381812,-0.605504,1.510774,-0.342011,-0.19028,0.303882,-0.392088,-0.757241,1.914712,-0.331992,-0.327649,0.489894,-0.378381,-0.602834,1.52928,-0.34871,-0.40512,0.600294,-0.373427,-0.527903,1.32364,-0.350894
455,-0.334619,0.498118,-0.350484,-0.619954,1.521561,-0.343071,-0.205278,0.306295,-0.365319,-0.787581,1.91247,-0.352852,-0.338424,0.499009,-0.347484,-0.638076,1.519383,-0.338943,-0.406791,0.604879,-0.341132,-0.531259,1.318994,-0.330153
456,-0.340915,0.489568,-0.338027,-0.653471,1.523526,-0.343803,-0.206812,0.29328,-0.345479,-0.833644,1.90476,-0.333944,-0.338897,0.499321,-0.331358,-0.65867,1.533681,-0.320716,-0.408796,0.607157,-0.327721,-0.556352,1.320414,-0.331714
457,-0.346224,0.495615,-0.308048,-0.676915,1.536296,-0.308189,-0.214435,0.304325,-0.312821,-0.861185,1.910878,-0.335056,-0.352868,0.489753,-0.309394,-0.682048,1.530525,-0.325703,-0.428051,0.595327,-0.309217,-0.578768,1.321456,-0.302511
458,-0.358408,0.489695,-0.288147,-0.715308,1.527717,-0.316557,-0.216842,0.295794,-0.300579,-0.889281,1.90672,-0.298112,-0.359582,0.494877,-0.286138,-0.697225,1.530954,-0.299749,-0.431652,0.599784,-0.288871,-0.610024,1.310134,-0.310433
459,-0.359425,0.487576,-0.277344,-0.747551,1.532924,-0.3031,-0.223705,0.29692,-0.28711,-0.898153,1.934074,-0.318598,-0.365339,0.485489,-0.28377,-0.73126,1.536883,-0.309326,-0.438359,0.58688,-0.267773,-0.62399,1.324833,-0.309799
460,-0.370784,0.476028,-0.256647,-0.758663,1.536642,-0.29589,-0.22665,0.29589,-0.261539,-0.959289,1.895695,-0.28408,-0.367658,0.484121,-0.253955,-0.771599,1.541685,-0.301928,-0.445049,0.591872,-0.245962,-0.647968,1.323203,-0.283988
461,-0.376661,0.487081,-0.241419,-0.774716,1.524652,-0.284358,-0.234916,0.280264,-0.239133,-0.96434,1.916871,-0.296489,-0.37818,0.48229,-0.230005,-0.786517,1.52798,-0.282973,-0.457052,0.58964,-0.224105,-0.681467,1.296874,-0.286775
462,-0.38236,0.489076,-0.210726,-0.817744,1.52963,-0.261145,-0.233055,0.284916,-0.217319,-1.008478,1.918633,-0.273069,-0.377836,0.476827,-0.208063,-0.798219,1.524374,-0.258695,-0.463696,0.586565,-0.205473,-0.714076,1.335621,-0.271048
463,-0.382808,0.469463,-0.19186,-0.825689,1.521026,-0.258714,-0.235696,0.28937,-0.202242,-1.018567,1.945183,-0.270075,-0.381505,0.482795,-0.20063,-0.817597,1.535574,-0.248483,-0.469203,0.56441,-0.188593,-0.718796,1.312549,-0.251911
464,-0.396806,0.476684,-0.176588,-0.837779,1.504779,-0.26535,-0.242191,0.291648,-0.184148,-1.063723,1.90484,-0.24884,-0.396941,0.46449,-0.177722,-0.846653,1.530286,-0.24798,-0.479091,0.564232,-0.166248,-0.752269,1.324477,-0.240828
465,-0.396748,0.468531,-0.156801,-0.89205,1.527425,-0.237556,-0.242366,0.288268,-0.160872,-1.093203,1.911156,-0.252178,-0.393403,0.47255,-0.149076,-0.87526,1.53026,-0.26383,-0.488431,0.565602,-0.1569,-0.758069,1.304031,-0.258632
466,-0.406039,0.464333,-0.118287,-0.907936,1.537489,-0.239044,-0.244547,0.278283,-0.136743,-1.127415,1.911502,-0.2292,-0.400905,0.469251,-0.129107,-0.913836,1.520459,-0.217918,-0.491118,0.5631,-0.138298,-0.793304,1.322921,-0.240873
467,-0.410393,0.463431,-0.105791,-0.92559,1.51978,-0.231834,-0.250387,0.281467,-0.107584,-1.153845,1.909808,-0.229662,-0.402477,0.453276,-0.119106,-0.918891,1.537299,-0.223924,-0.503741,0.562738,-0.110908,-0.789957,1.316098,-0.234575
468,-0.416668,0.463415,-0.083967,-0.957914,1.504855,-0.236995,-0.256474,0.282347,-0.092927,-1.176528,1.890654,-0.223438,-0.409403,0.466153,-0.1001,-0.955863,1.529131,-0.211874,-0.504502,0.553562,-0.079074,-0.842927,1.315634,-0.21473
469,-0.419393,0.459562,-0.063377,-0.957265,1.495388,-0.2024,-0.257926,0.278899,-0.068894,-1.225149,1.887686,-0.204733,-0.425157,0.454097,-0.060628,-0.971553,1.511433,-0.2128,-0.520642,0.547386,-0.053897,-0.827491,1.306024,-0.208633
470,-0.436771,0.451466,-0.04312,-0.979964,1.528033,-0.198235,-0.258414,0.283347,-0.046231,-1.252652,1.900814,-0.191578,-0.427001,0.437911,-0.043624,-0.994223,1.526161,-0.203859,-0.521113,0.55147,-0.043026,-0.862576,1.305982,-0.176827
471,-0.430372,0.445362,-0.021594,-1.023599,1.500368,-0.190102,-0.259593,0.273346,-0.024299,-1.275154,1.883941,-0.178749,-0.440339,0.445161,-0.035886,-1.016379,1.493497,-0.181201,-0.524274,0.543885,-0.020552,-0.879341,1.30031,-0.175539
472,-0.440927,0.438526,-0.00178,-1.022951,1.503108,-0.163981,-0.267438,0.262745,0.000394,-1.311354,1.879798,-0.179238,-0.436723,0.443909,-0.010315,-1.020758,1.512626,-0.168008,-0.534767,0.532189,0.008305,-0.895535,1.295106,-0.171714
473,-0.443389,0.441025,0.017002,-1.061188,1.481116,-0.176732,-0.260939,0.269006,0.017124,-1.315906,1.870387,-0.156079,-0.436403,0.438525,0.023701,-1.056752,1.483578,-0.160834,-0.539661,0.540483,0.022993,-0.910521,1.274422,-0.1713
474,-0.449199,0.419222,0.036539,-1.086499,1.480261,-0.142009,-0.265823,0.268985,0.03849,-1.352331,1.852974,-0.147176,-0.45027,0.437723,0.032082,-1.075809,1.467434,-0.153846,-0.536134,0.525119,0.033874,-0.933496,1.268396,-0.161558
475,-0.446625,0.424115,0.054034,-1.102031,1.466131,-0.132648,-0.280059,0.267885,0.060706,-1.360117,1.842951,-0.151072,-0.44793,0.420361,0.05346,-1.079998,1.467764,-0.134792,-0.550438,0.511186,0.059142,-0.931906,1.257172,-0.156783
476,-0.455914,0.420225,0.075069,-1.102782,1.470276,-0.121814,-0.272582,0.255203,0.086439,-1.406584,1.828927,-0.114562,-0.451676,0.416116,0.083454,-1.099699,1.457496,-0.133084,-0.562862,0.512185,0.0803,-0.975746,1.26764,-0.108132
477,-0.464644,0.405019,0.096173,-1.129596,1.462783,-0.101928,-0.280003,0.245579,0.095358,-1.415019,1.815283,-0.142785,-0.46086,0.4073,0.088582,-1.148031,1.477629,-0.126866,-0.562635,0.50424,0.087078,-0.982186,1.262525,-0.135672
478,-0.469406,0.409877,0.121679,-1.152561,1.442714,-0.111986,-0.276124,0.24563,0.122382,-1.453781,1.813803,-0.10884,-0.461493,0.405078,0.112998,-1.175683,1.437786,-0.099234,-0.563657,0.497842,0.115808,-1.017462,1.267838,-0.113716
479,-0.46466,0.397115,0.144523,-1.192146,1.445669,-0.086263,-0.291753,0.24778,0.148346,-1.449812,1.813311,-0.119738,-0.471977,0.40293,0.143078,-1.172368,1.432043,-0.098029,-0.55836,0.484408,0.137515,-1.013909,1.246461,-0.095384
480,-0.475855,0.399959,0.163232,-1.219414,1.435115,-0.089399,-0.279942,0.241324,0.170515,-1.495996,1.783325,-0.083752,-0.463017,0.398647,0.163681,-1.195875,1.431986,-0.082905,-0.57278,0.485121,0.160132,-1.023558,1.237802,-0.099338
481,-0.481135,0.397843,0.171633,-1.20464,1.428886,-0.077278,-0.281188,0.235777,0.192462,-1.537607,1.754482,-0.06168,-0.478007,0.39271,0.181139,-1.20375,1.409128,-0.077177,-0.576669,0.47236,0.171974,-1.046636,1.221306,-0.078008
482,-0.478643,0.383137,0.200116,-1.226259,1.40131,-0.071261,-0.29952,0.233153,0.205802,-1.530078,1.747174,-0.06946,-0.482782,0.385411,0.21143,-1.225187,1.416835,-0.082734,-0.578246,0.473889,0.200015,-1.04699,1.222555,-0.062876
483,-0.476644,0.378495,0.231557,-1.234271,1.391887,-0.053856,-0.306023,0.235406,0.222287,-1.553199,1.743571,-0.051782,-0.486808,0.380324,0.222471,-1.25722,1.381311,-0.073264,-0.583631,0.449106,0.226449,-1.085405,1.196347,-0.045537
484,-0.495679,0.378886,0.234693,-1.262373,1.392004,-0.043558,-0.288819,0.228452,0.255277,-1.583974,1.737529,-0.056311,-0.482285,0.376686,0.247158,-1.263021,1.397363,-0.030004,-0.587608,0.459642,0.242569,-1.089859,1.191806,-0.04086
485,-0.488799,0.361038,0.265232,-1.283271,1.361885,-0.021143,-0.30168,0.223695,0.273175,-1.602558,1.711919,-0.039494,-0.480382,0.358386,0.260458,-1.276344,1.371108,-0.021251,-0.584789,0.441807,0.25447,-1.11326,1.177492,-0.028045
486,-0.490574,0.352639,0.290609,-1.287374,1.378701,-0.013274,-0.299387,0.229413,0.306413,-1.617423,1.709018,-0.033708,-0.485974,0.361726,0.281151,-1.306394,1.371047,-0.025409,-0.588992,0.431528,0.275457,-1.133633,1.169385,-0.026579
487,-0.486248,0.353209,0.312175,-1.311243,1.339648,-0.031296,-0.300787,0.209443,0.320832,-1.638935,1.686636,-0.014648,-0.491932,0.351316,0.305844,-1.321254,1.347493,-0.00415,-0.594529,0.425797,0.293437,-1.145577,1.153522,-0.014004
488,-0.488278,0.342275,0.316483,-1.322604,1.329056,-0.031849,-0.306342,0.218846,0.333977,-1.655945,1.669103,0.001748,-0.492887,0.351451,0.322083,-1.329618,1.331927,-0.008115,-0.600198,0.416264,0.327048,-1.153854,1.133522,0.014562
489,-0.505436,0.340126,0.332838,-1.340461,1.308866,0.0224,-0.305295,0.204061,0.355949,-1.653199,1.638827,0.008991,-0.496715,0.339975,0.345905,-1.345209,1.323551,-0.00506,-0.595211,0.411684,0.335016,-1.150674,1.12226,0.021808
490,-0.503011,0.32815,0.363561,-1.368191,1.290596,0.020662,-0.307823,0.200431,0.374896,-1.690209,1.627745,0.025581,-0.49272,0.330216,0.360213,-1.372276,1.299243,-0.000134,-0.610586,0.406017,0.35703,-1.177265,1.115459,0.014007
491,-0.496316,0.328048,0.383489,-1.360298,1.293195,0.039162,-0.30104,0.201078,0.396976,-1.708387,1.616068,0.039523,-0.504345,0.326626,0.389195,-1.369023,1.275548,0.026616,-0.602152,0.384728,0.376455,-1.176659,1.112159,0.020749
492,-0.505913,0.315571,0.403715,-1.382574,1.283518,0.076355,-0.304741,0.191586,0.420269,-1.70911,1.577411,0.060766,-0.499437,0.321882,0.407965,-1.365349,1.265885,0.050332,-0.6033,0.380721,0.395406,-1.189287,1.101827,0.038499
493,-0.50053,0.309576,0.422165,-1.39504,1.227576,0.060482,-0.29606,0.179655,0.444948,-1.723911,1.542611,0.040561,-0.494739,0.310348,0.423585,-1.388157,1.253444,0.05116,-0.603411,0.371676,0.409713,-1.194141,1.079624,0.034287
494,-0.501836,0.301479,0.447788,-1.397456,1.249165,0.078424,-0.313636,0.185214,0.460998,-1.747991,1.557314,0.058768,-0.49923,0.299379,0.445412,-1.413083,1.236298,0.066655,-0.614193,0.364975,0.437083,-1.202216,1.082341,0.077792
495,-0.500963,0.293308,0.461603,-1.40516,1.219542,0.074077,-0.307904,0.187156,0.471667,-1.775648,1.535063,0.073832,-0.500911,0.290441,0.459663,-1.419309,1.222071,0.092204,-0.616324,0.355785,0.446992,-1.225178,1.055807,0.065039
496,-0.512254,0.283777,0.483183,-1.426724,1.193604,0.082197,-0.308841,0.170499,0.50241,-1.770362,1.497652,0.082982,-0.495791,0.292081,0.476848,-1.434451,1.203597,0.083418,-0.609348,0.347923,0.468307,-1.241113,1.036659,0.080096
497,-0.506343,0.28393,0.500669,-1.445246,1.182571,0.088499,-0.308151,0.169184,0.520359,-1.79439,1.48498,0.098597,-0.50309,0.284633,0.507146,-1.463407,1.192475,0.09713,-0.61015,0.33613,0.490218,-1.245992,1.01329,0.078937
498,-0.512807,0.26725,0.51663,-1.456771,1.161764,0.115987,-0.313569,0.16303,0.544273,-1.801891,1.458395,0.119343,-0.495139,0.267339,0.529414,-1.436865,1.152666,0.113406,-0.616361,0.327483,0.514271,-1.235998,1.022485,0.115387
499,-0.508137,0.258267,0.533611,-1.459242,1.16219,0.123858,-0.305218,0.153478,0.559716,-1.816261,1.42513,0.11889,-0.508789,0.260107,0.54028,-1.456617,1.135672,0.114987,-0.614624,0.322277,0.526966,-1.267164,0.993841,0.123075
500,-0.509558,0.251187,0.55841,-1.467005,1.116791,0.122657,-0.317537,0.157245,0.578311,-1.818391,1.401034,0.114441,-0.511213,0.248792,0.548427,-1.438418,1.106525,0.1405,-0.612659,0.304776,0.547728,-1.258861,0.973624,0.141072
501,-0.498139,0.237453,0.575722,-1.465808,1.105894,0.144788,-0.305924,0.145383,0.596539,-1.862637,1.386624,0.15946,-0.504584,0.238204,0.570856,-1.492431,1.108953,0.147229,-0.623489,0.296114,0.557931,-1.273222,0.946597,0.148189
502,-0.507229,0.232536,0.59072,-1.459415,1.072302,0.161363,-0.30496,0.142541,0.61133,-1.845729,1.341174,0.148142,-0.508997,0.229582,0.598737,-1.489696,1.091735,0.159218,-0.612685,0.29001,0.577546,-1.260457,0.936976,0.14338
503,-0.499024,0.232263,0.605326,-1.48629,1.050283,0.160498,-0.310466,0.139435,0.639504,-1.879302,1.304965,0.151115,-0.508402,0.226418,0.60436,-1.470639,1.056133,0.161779,-0.609646,0.275261,0.595335,-1.282055,0.915296,0.165772
504,-0.503654,0.223518,0.628403,-1.502049,1.060859,0.171137,-0.303147,0.127805,0.655418,-1.860752,1.315667,0.159504,-0.50757,0.225852,0.638496,-1.484223,1.048292,0.164734,-0.614272,0.270221,0.605156,-1.29395,0.909162,0.166221
505,-0.504825,0.209805,0.65082,-1.502686,1.029189,0.193752,-0.301772,0.125479,0.662938,-1.860657,1.267655,0.190536,-0.506918,0.21818,0.643691,-1.508516,1.019813,0.175765,-0.609175,0.253085,0.619414,-1.286844,0.868032,0.193108
506,-0.501802,0.210102,0.659014,-1.512528,1.018338,0.204608,-0.310451,0.118964,0.686605,-1.889535,1.24364,0.186651,-0.495073,0.205049,0.664041,-1.509918,1.007222,0.208215,-0.606883,0.248401,0.640776,-1.298185,0.873208,0.19405
507,-0.496871,0.198523,0.686065,-1.520192,0.988453,0.205274,-0.313592,0.113842,0.699355,-1.887937,1.224951,0.199475,-0.501403,0.196662,0.665835,-1.487633,0.972365,0.208768,-0.610136,0.243084,0.664204,-1.303447,0.836756,0.209452
508,-0.506588,0.182281,0.692228,-1.509695,0.956118,0.234133,-0.307872,0.105422,0.723333,-1.902563,1.192483,0.209405,-0.494947,0.181397,0.691543,-1.509277,0.943551,0.213625,-0.611045,0.228472,0.678103,-1.316394,0.827556,0.211736
509,-0.494618,0.179244,0.701479,-1.526129,0.937882,0.221104,-0.300295,0.111725,0.743674,-1.910935,1.150876,0.216097,-0.498922,0.176221,0.70626,-1.520879,0.927266,0.22562,-0.60092,0.215578,0.692625,-1.296391,0.81578,0.242872
510,-0.494352,0.163879,0.722165,-1.527773,0.895407,0.244809,-0.296966,0.098748,0.752336,-1.901679,1.130267,0.202866,-0.498622,0.1612,0.731792,-1.527462,0.91831,0.238923,-0.598974,0.198746,0.711344,-1.312813,0.787915,0.232107
511,-0.496378,0.157329,0.742572,-1.524118,0.880922,0.24894,-0.306573,0.091413,0.768342,-1.89535,1.107603,0.225489,-0.487055,0.161883,0.743646,-1.529488,0.871243,0.260039,-0.608584,0.188064,0.721323,-1.316419,0.74514,0.250922
512,-0.500133,0.148947,0.750498,-1.524163,0.859946,0.253154,-0.299308,0.092079,0.784516,-1.899618,1.080957,0.25826,-0.495743,0.143333,0.750782,-1.548267,0.886446,0.257419,-0.60937,0.191341,0.737147,-1.319078,0.747382,0.250631
513,-0.48816,0.142524,0.767551,-1.532917,0.828441,0.282425,-0.300164,0.078355,0.801152,-1.927164,1.046015,0.26212,-0.491867,0.147752,0.779062,-1.534399,0.825708,0.253175,-0.598213,0.168061,0.744871,-1.297288,0.728466,0.279442
514,-0.489496,0.131288,0.780266,-1.529611,0.829581,0.263692,-0.294741,0.082553,0.818036,-1.902686,1.017744,0.269454,-0.489726,0.138001,0.775532,-1.525173,0.794462,0.263401,-0.60542,0.154453,0.765944,-1.323521,0.689893,0.273485
515,-0.486927,0.127048,0.797115,-1.522453,0.798281,0.292057,-0.30673,0.072779,0.8263,-1.907728,0.967667,0.295992,-0.489329,0.119982,0.797029,-1.53205,0.777678,0.273129,-0.587275,0.14341,0.789464,-1.313945,0.694549,0.27151
516,-0.483862,0.11813,0.818089,-1.526132,0.778079,0.316582,-0.297767,0.061845,0.844498,-1.910029,0.95767,0.28222,-0.486288,0.111898,0.819544,-1.540612,0.77408,0.290501,-0.597106,0.136615,0.797632,-1.33527,0.667574,0.290082
517,-0.487368,0.095598,0.816512,-1.536579,0.742437,0.305424,-0.288844,0.05441,0.859652,-1.921599,0.929669,0.301314,-0.476155,0.09988,0.823671,-1.538567,0.725514,0.290401,-0.59097,0.136953,0.812891,-1.33237,0.654045,0.296338
518,-0.478777,0.092757,0.841983,-1.514095,0.7065,0.293123,-0.29298,0.050075,0.881903,-1.917065,0.884432,0.311189,-0.473328,0.091114,0.848082,-1.524399,0.713142,0.324487,-0.582396,0.112676,0.828011,-1.331412,0.627601,0.318292
519,-0.469442,0.083749,0.856429,-1.542354,0.677031,0.313224,-0.290877,0.052412,0.883644,-1.912896,0.874074,0.311483,-0.481615,0.081962,0.853592,-1.521425,0.69598,0.332181,-0.580607,0.096734,0.83298,-1.31591,0.60174,0.324749
520,-0.468177,0.077143,0.860778,-1.532679,0.669054,0.328708,-0.283928,0.048126,0.904402,-1.907103,0.823665,0.332998,-0.467947,0.074539,0.872004,-1.521092,0.676409,0.327543,-0.575439,0.086503,0.844269,-1.325173,0.575134,0.325281
521,-0.471635,0.079029,0.868484,-1.534565,0.636243,0.355813,-0.291215,0.037923,0.913973,-1.913527,0.791431,0.327393,-0.462419,0.073705,0.889306,-1.528679,0.65489,0.328439,-0.570562,0.082747,0.864679,-1.333216,0.531252,0.345634
522,-0.461471,0.057138,0.893387,-1.533397,0.590496,0.33249,-0.290462,0.032668,0.932272,-1.884462,0.765668,0.342059,-0.459051,0.059132,0.895759,-1.535578,0.615184,0.357973,-0.558994,0.067268,0.880303,-1.311763,0.525687,0.354399
523,-0.457203,0.038423,0.904761,-1.526067,0.580147,0.34433,-0.275593,0.027466,0.932256,-1.910883,0.731689,0.334235,-0.456704,0.044622,0.901511,-1.513831,0.579607,0.347977,-0.553241,0.063946,0.88293,-1.306679,0.500592,0.371609
524,-0.45082,0.0394,0.922913,-1.503934,0.554395,0.351566,-0.279628,0.019879,0.95647,-1.898524,0.692627,0.349429,-0.457234,0.031258,0.907132,-1.522003,0.564714,0.358574,-0.540818,0.052792,0.897602,-1.29716,0.474245,0.354705
525,-0.444429,0.028383,0.930937,-1.518756,0.528213,0.377126,-0.278141,0.015392,0.966508,-1.879818,0.641716,0.343561,-0.455141,0.032352,0.929121,-1.506675,0.528878,0.359562,-0.548182,0.031184,0.913518,-1.313902,0.451109,0.368528
526,-0.452748,0.020192,0.942929,-1.514403,0.497169,0.388016,-0.26963,0.000505,0.986522,-1.86953,0.646984,0.382824,-0.443295,0.016491,0.943656,-1.510566,0.512623,0.373605,-0.547488,0.022547,0.91556,-1.300588,0.43289,0.382814
527,-0.438531,0.002023,0.951175,-1.522696,0.487166,0.381049,-0.273864,-0.000344,0.983735,-1.8653,0.59446,0.393463,-0.448466,0.010621,0.953339,-1.500151,0.468093,0.385669,-0.540924,0.008101,0.93579,-1.307783,0.410079,0.365751
528,-0.437447,-0.010444,0.961737,-1.507861,0.44738,0.402839,-0.258552,-0.002674,0.998332,-1.877947,0.550541,0.398237,-0.438204,-0.0044,0.965686,-1.501198,0.450338,0.406177,-0.534321,-0.006698,0.935485,-1.285322,0.399451,0.413402
529,-0.427653,-0.00718,0.975855,-1.484606,0.425719,0.400687,-0.265921,-0.00999,0.99853,-1.8856,0.527605,0.397789,-0.426429,-0.01168,0.971025,-1.502181,0.421789,0.411461,-0.527569,-0.008841,0.952488,-1.274848,0.349954,0.403933
530,-0.425944,-0.015566,0.983625,-1.497807,0.37112,0.414575,-0.2636,-0.016521,1.022473,-1.852532,0.499434,0.41762,-0.430108,-0.018687,0.98514,-1.481227,0.373677,0.410546,-0.519742,-0.028498,0.957174,-1.269997,0.330702,0.402988
531,-0.422146,-0.029848,0.996058,-1.475916,0.374337,0.427054,-0.251766,-0.016926,1.032946,-1.828321,0.454285,0.415241,-0.42224,-0.027233,0.989279,-1.472842,0.3564,0.42656,-0.511005,-0.042415,0.974982,-1.286425,0.324294,0.405257
532,-0.42443,-0.045519,0.993557,-1.444098,0.33399,0.424817,-0.260324,-0.03063,1.041428,-1.827077,0.426359,0.41691,-0.414627,-0.03856,0.996257,-1.472839,0.332634,0.436851,-0.506966,-0.048671,0.985613,-1.270196,0.294401,0.418643
533,-0.405235,-0.046987,1.010715,-1.458875,0.286159,0.428094,-0.260491,-0.025989,1.045832,-1.801055,0.382607,0.439249,-0.416353,-0.051616,1.006006,-1.462517,0.294649,0.429852,-0.496233,-0.057452,0.984441,-1.248929,0.259909,0.42302
534,-0.416162,-0.05348,1.021659,-1.445425,0.277881,0.438577,-0.250889,-0.034888,1.064063,-1.81872,0.346018,0.442913,-0.407105,-0.062282,1.021552,-1.450241,0.275447,0.430211,-0.486359,-0.064591,0.994949,-1.261519,0.249564,0.451667
535,-0.408861,-0.068206,1.024146,-1.429813,0.2486,0.44852,-0.235612,-0.040246,1.066283,-1.775453,0.323312,0.441578,-0.402421,-0.074256,1.019765,-1.433175,0.248974,0.465018,-0.485109,-0.08383,1.010686,-1.233803,0.226153,0.453715
536,-0.399017,-0.074456,1.041001,-1.416356,0.218238,0.443979,-0.233954,-0.051092,1.077047,-1.755549,0.262339,0.449386,-0.39537,-0.076092,1.031887,-1.430851,0.232008,0.464904,-0.469909,-0.097143,1.015198,-1.209919,0.185854,0.439224
537,-0.380347,-0.091904,1.041371,-1.419348,0.18782,0.474238,-0.233953,-0.054651,1.083349,-1.761686,0.239999,0.458672,-0.383602,-0.08046,1.039613,-1.416135,0.184212,0.47043,-0.469795,-0.117659,1.018039,-1.203619,0.180837,0.460571
538,-0.383412,-0.099009,1.041959,-1.403523,0.168722,0.472247,-0.231979,-0.054251,1.090757,-1.756806,0.214571,0.436584,-0.380898,-0.084874,1.052268,-1.412405,0.16162,0.467995,-0.463999,-0.116822,1.023352,-1.185475,0.169466,0.466342
539,-0.377144,-0.10384,1.05496,-1.384754,0.143539,0.462544,-0.226186,-0.063417,1.091568,-1.744627,0.185992,0.477901,-0.377127,-0.111868,1.062244,-1.403173,0.142966,0.485834,-0.450685,-0.123674,1.028604,-1.20945,0.114484,0.467652
540,-0.369421,-0.118055,1.061031,-1.378933,0.115205,0.473567,-0.221375,-0.066092,1.107858,-1.711595,0.112604,0.490607,-0.372256,-0.117627,1.055972,-1.385601,0.113769,0.483189,-0.456864,-0.136095,1.031854,-1.180813,0.093746,0.487294
541,-0.362029,-0.121136,1.069731,-1.375264,0.074468,0.476403,-0.216741,-0.083704,1.110485,-1.709289,0.113127,0.499537,-0.368715,-0.124531,1.066553,-1.363723,0.083555,0.504082,-0.446034,-0.158028,1.041701,-1.177358,0.086705,0.488936
542,-0.353317,-0.132604,1.071221,-1.337509,0.060543,0.502234,-0.221458,-0.086763,1.116868,-1.683553,0.046988,0.483011,-0.355294,-0.136771,1.075707,-1.353962,0.053002,0.494682,-0.439606,-0.16179,1.052421,-1.15297,0.044465,0.478962
543,-0.343213,-0.142077,1.094488,-1.354888,0.034719,0.482814,-0.203543,-0.089874,1.128943,-1.665287,0.022806,0.486805,-0.348098,-0.141175,1.079803,-1.341623,0.001682,0.506596,-0.423681,-0.174127,1.04788,-1.141373,0.022286,0.481522
544,-0.340176,-0.154945,1.080366,-1.310346,-0.032008,0.49616,-0.208594,-0.096205,1.128693,-1.658414,-0.004536,0.519066,-0.345798,-0.154414,1.093025,-1.328737,-0.001853,0.492809,-0.410989,-0.180839,1.056723,-1.137852,0.001581,0.516791
545,-0.329094,-0.165631,1.081789,-1.303237,-0.045842,0.506582,-0.200883,-0.098946,1.127927,-1.624549,-0.051931,0.516713,-0.340224,-0.179792,1.083795,-1.308257,-0.029779,0.494162,-0.416428,-0.19009,1.064192,-1.115211,-0.011853,0.501161
546,-0.332703,-0.168541,1.09475,-1.287313,-0.067125,0.508335,-0.200349,-0.101409,1.131564,-1.624242,-0.071435,0.518029,-0.32957,-0.172616,1.091624,-1.278352,-0.060292,0.521628,-0.401974,-0.214248,1.070483,-1.127451,-0.058759,0.524801
547,-0.325656,-0.181017,1.092224,-1.280438,-0.083861,0.516022,-0.194662,-0.108341,1.137999,-1.585754,-0.119148,0.53828,-0.323801,-0.187363,1.097681,-1.281866,-0.072238,0.511071,-0.389013,-0.212626,1.069435,-1.107733,-0.084497,0.521006
548,-0.298821,-0.196682,1.099948,-1.273145,-0.134239,0.532282,-0.19779,-0.112377,1.138015,-1.577524,-0.155014,0.531463,-0.315868,-0.194951,1.103244,-1.261679,-0.114362,0.514889,-0.389681,-0.21154,1.061256,-1.102706,-0.104782,0.514062
549,-0.301625,-0.200769,1.105543,-1.246242,-0.15182,0.5448,-0.187118,-0.12373,1.159209,-1.532423,-0.185328,0.521809,-0.311707,-0.193197,1.09981,-1.248251,-0.159775,0.536371,-0.373708,-0.247902,1.080004,-1.078388,-0.148873,0.525874
550,-0.2958,-0.207758,1.107469,-1.21918,-0.187223,0.523556,-0.17826,-0.124289,1.152072,-1.531108,-0.22382,0.529125,-0.299825,-0.210179,1.105486,-1.220344,-0.195013,0.526519,-0.36248,-0.2502,1.071334,-1.0604,-0.155794,0.525429
551,-0.296662,-0.215845,1.115433,-1.222263,-0.201974,0.535828,-0.178217,-0.131312,1.145726,-1.500827,-0.250395,0.547586,-0.279436,-0.212669,1.099859,-1.223617,-0.202104,0.538987,-0.353952,-0.261981,1.076255,-1.035407,-0.170592,0.528182
552,-0.280615,-0.218031,1.099004,-1.177927,-0.220641,0.552094,-0.173338,-0.135424,1.155739,-1.47678,-0.299757,0.544576,-0.28822,-0.229331,1.109793,-1.170591,-0.239597,0.527307,-0.341691,-0.270861,1.083309,-1.019616,-0.199864,0.545549
553,-0.273716,-0.222775,1.110133,-1.197433,-0.253272,0.548062,-0.167615,-0.139729,1.153212,-1.472878,-0.351493,0.532201,-0.268461,-0.230834,1.111549,-1.179223,-0.281359,0.56159,-0.330675,-0.277795,1.084174,-1.029781,-0.227934,0.534979
554,-0.265494,-0.235193,1.113616,-1.165764,-0.289443,0.557461,-0.174149,-0.139932,1.159814,-1.449256,-0.381613,0.545657,-0.260052,-0.236207,1.111798,-1.153155,-0.319685,0.550355,-0.324551,-0.292036,1.072011,-0.991602,-0.250616,0.551428
555,-0.253353,-0.243188,1.112419,-1.137869,-0.318925,0.55092,-0.160761,-0.157671,1.14976,-1.422937,-0.401502,0.550572,-0.254795,-0.252848,1.122529,-1.137852,-0.346849,0.553955,-0.314756,-0.307725,1.077813,-0.978613,-0.27931,0.553509
556,-0.252663,-0.256984,1.10535,-1.088301,-0.360019,0.576367,-0.154651,-0.165009,1.14755,-1.384944,-0.441569,0.556192,-0.249439,-0.25366,1.107496,-1.11213,-0.349816,0.563013,-0.300648,-0.316239,1.085287,-0.959122,-0.312325,0.557413
557,-0.237883,-0.266157,1.106531,-1.093871,-0.380678,0.549796,-0.138502,-0.164994,1.148305,-1.350374,-0.470259,0.558527,-0.244209,-0.268166,1.10678,-1.093407,-0.386085,0.565208,-0.290554,-0.31896,1.094638,-0.951948,-0.331772,0.549659
558,-0.232134,-0.280839,1.107548,-1.096316,-0.414978,0.560073,-0.142685,-0.162201,1.154275,-1.344894,-0.517753,0.556839,-0.234486,-0.280779,1.109498,-1.084002,-0.414521,0.550437,-0.284248,-0.335752,1.086762,-0.931181,-0.353656,0.569179
559,-0.221101,-0.285503,1.109153,-1.057045,-0.435206,0.58563,-0.127862,-0.163762,1.148676,-1.317798,-0.549173,0.555685,-0.228963,-0.282664,1.103737,-1.071756,-0.443685,0.563816,-0.272625,-0.342341,1.079337,-0.902671,-0.397086,0.573797
560,-0.211989,-0.290791,1.107085,-1.040382,-0.469071,0.569938,-0.136388,-0.181394,1.151722,-1.297829,-0.559824,0.572723,-0.21238,-0.294282,1.108035,-1.019051,-0.459017,0.549223,-0.266154,-0.358209,1.075195,-0.899245,-0.402126,0.578404
561,-0.203485,-0.302799,1.105443,-1.011967,-0.483039,0.558579,-0.119618,-0.184457,1.140972,-1.272219,-0.627239,0.563861,-0.202403,-0.286476,1.110949,-0.997683,-0.50352,0.574968,-0.253128,-0.363439,1.083753,-0.87645,-0.408206,0.556619
562,-0.198184,-0.301668,1.098581,-0.985938,-0.527445,0.561121,-0.118539,-0.183351,1.147054,-1.229742,-0.657162,0.582409,-0.186173,-0.313575,1.106775,-1.004091,-0.504606,0.57829,-0.243498,-0.372856,1.075388,-0.856689,-0.435993,0.566123
563,-0.185897,-0.307681,1.102436,-0.971613,-0.543024,0.568106,-0.117259,-0.193971,1.135742,-1.191218,-0.687556,0.586338,-0.192864,-0.30758,1.098205,-0.961791,-0.561681,0.568035,-0.224035,-0.383101,1.080327,-0.835808,-0.47115,0.567938
564,-0.17368,-0.315471,1.09475,-0.952244,-0.567104,0.576461,-0.103895,-0.190574,1.140749,-1.16807,-0.720332,0.586018,-0.177668,-0.311946,1.098463,-0.948905,-0.581364,0.586508,-0.220402,-0.386329,1.076701,-0.799462,-0.480398,0.586932
565,-0.174318,-0.325945,1.088925,-0.928836,-0.593727,0.552605,-0.108534,-0.1976,1.142364,-1.127319,-0.754565,0.59991,-0.178254,-0.324926,1.098531,-0.935248,-0.600732,0.573406,-0.216653,-0.401001,1.068499,-0.802842,-0.51743,0.558048
566,-0.163692,-0.339954,1.0889,-0.895556,-0.626113,0.57884,-0.096189,-0.192595,1.124885,-1.138145,-0.779158,0.575999,-0.16066,-0.338613,1.082481,-0.907568,-0.627004,0.585945,-0.1977,-0.408077,1.056508,-0.777468,-0.545621,0.585649
567,-0.160452,-0.34871,1.079535,-0.880679,-0.619225,0.576877,-0.093532,-0.206847,1.128152,-1.090985,-0.814191,0.571145,-0.150341,-0.340811,1.084363,-0.876336,-0.638369,0.587909,-0.184166,-0.412761,1.061336,-0.745688,-0.536816,0.585363
568,-0.155703,-0.341567,1.078728,-0.861908,-0.658028,0.569976,-0.095567,-0.220342,1.131233,-1.065949,-0.848251,0.584337,-0.143458,-0.355747,1.083366,-0.848305,-0.681647,0.583624,-0.169651,-0.418861,1.057242,-0.750774,-0.583617,0.56864
569,-0.135634,-0.359044,1.072361,-0.82106,-0.691972,0.578967,-0.082304,-0.2123,1.115165,-1.028442,-0.869104,0.55509,-0.132062,-0.367264,1.073134,-0.820687,-0.706539,0.580381,-0.158324,-0.425529,1.049416,-0.703145,-0.592419,0.585994
570,-0.124389,-0.36222,1.073829,-0.811937,-0.724354,0.585461,-0.083254,-0.219098,1.113084,-0.995945,-0.916872,0.570256,-0.124893,-0.365636,1.070099,-0.800491,-0.738161,0.57466,-0.150756,-0.442205,1.043288,-0.681151,-0.632536,0.584721
571,-0.115647,-0.369521,1.065911,-0.784693,-0.735704,0.576382,-0.064694,-0.229417,1.102591,-0.973427,-0.921944,0.57319,-0.111261,-0.368273,1.065798,-0.774131,-0.744964,0.578226,-0.146926,-0.435494,1.039984,-0.665842,-0.642957,0.563449
572,-0.114011,-0.389869,1.059508,-0.783822,-0.766733,0.584589,-0.069709,-0.225547,1.109898,-0.939541,-0.976739,0.576358,-0.106203,-0.368098,1.054926,-0.733324,-0.78909,0.572884,-0.132898,-0.450507,1.036376,-0.65541,-0.677151,0.575053
573,-0.096001,-0.372017,1.046824,-0.72769,-0.802015,0.59509,-0.069637,-0.240307,1.087209,-0.919981,-1.004824,0.587059,-0.103078,-0.378564,1.066326,-0.74006,-0.792618,0.585469,-0.116752,-0.471791,1.032672,-0.627725,-0.687742,0.578402
574,-0.089303,-0.388126,1.047794,-0.694834,-0.832907,0.585441,-0.057605,-0.232213,1.086258,-0.876876,-1.028754,0.591014,-0.089763,-0.396062,1.048839,-0.695113,-0.821708,0.588756,-0.100758,-0.474462,1.023439,-0.60052,-0.727051,0.591005
575,-0.075787,-0.402505,1.036416,-0.65882,-0.847923,0.578481,-0.037798,-0.232232,1.077027,-0.840865,-1.046356,0.585001,-0.08337,-0.395605,1.039459,-0.670127,-0.84201,0.582865,-0.092343,-0.477039,1.010154,-0.586276,-0.736535,0.565635
576,-0.056993,-0.395234,1.02713,-0.651956,-0.869897,0.590876,-0.040896,-0.244461,1.063655,-0.826386,-1.102008,0.569158,-0.067652,-0.394558,1.031852,-0.648181,-0.884149,0.591002,-0.084387,-0.485096,1.003718,-0.544242,-0.748708,0.575643
577,-0.057233,-0.406281,1.016933,-0.634153,-0.921473,0.564411,-0.030553,-0.251313,1.058331,-0.78407,-1.130218,0.559457,-0.051507,-0.401032,1.02027,-0.624817,-0.889539,0.594579,-0.074368,-0.492745,1.004619,-0.549083,-0.779602,0.566284
578,-0.046348,-0.41028,1.017776,-0.608216,-0.922728,0.572631,-0.030653,-0.256621,1.04844,-0.753846,-1.166825,0.593701,-0.058015,-0.409069,1.008161,-0.634336,-0.927358,0.580043,-0.062924,-0.5038,0.996918,-0.523515,-0.796374,0.585334
579,-0.036555,-0.419178,1.001987,-0.56572,-0.936097,0.576234,-0.023661,-0.25804,1.047834,-0.727227,-1.183355,0.579017,-0.053302,-0.417228,1.0095,-0.564124,-0.948544,0.566793,-0.045755,-0.50914,0.979279,-0.497409,-0.804828,0.577658
580,-0.035937,-0.418466,0.996454,-0.525327,-0.969922,0.561121,-0.020323,-0.256889,1.033915,-0.680475,-1.209977,0.559554,-0.024299,-0.415944,0.985493,-0.554653,-0.970755,0.579742,-0.023629,-0.514238,0.97013,-0.472335,-0.831133,0.576746
581,-0.015191,-0.426319,0.981181,-0.522383,-1.015065,0.580698,0.002434,-0.272246,1.018994,-0.653536,-1.231239,0.571619,-0.017406,-0.428553,0.975726,-0.515202,-0.992263,0.581406,-0.02453,-0.527253,0.949174,-0.457032,-0.857152,0.584795
582,-0.014301,-0.437148,0.971311,-0.476554,-1.015371,0.562536,-0.011886,-0.26471,1.018541,-0.613895,-1.276762,0.569357,-0.021764,-0.430673,0.965972,-0.498167,-0.994805,0.568201,-0.01004,-0.524632,0.953674,-0.415046,-0.875843,0.576665
583,-0.006593,-0.436113,0.967407,-0.450773,-1.038675,0.546832,0.002042,-0.262036,0.999554,-0.5792,-1.294378,0.566593,0.001828,-0.436628,0.957576,-0.453986,-1.024563,0.559028,-0.007744,-0.531671,0.948031,-0.401539,-0.891659,0.553324
584,0.006212,-0.435171,0.956007,-0.433689,-1.056207,0.556722,0.008385,-0.271827,0.993101,-0.543231,-1.292609,0.552203,0.0079,-0.44345,0.948683,-0.440076,-1.075869,0.56778,0.013646,-0.545164,0.929498,-0.380492,-0.919961,0.56762
585,0.023935,-0.442314,0.940329,-0.416054,-1.067778,0.546297,0.005672,-0.277219,0.980394,-0.498954,-1.317769,0.560072,0.028746,-0.449229,0.94132,-0.416112,-1.073302,0.569936,0.021383,-0.535166,0.921949,-0.352659,-0.928472,0.555615
586,0.032416,-0.444667,0.93474,-0.375805,-1.10036,0.557029,0.021852,-0.278519,0.970972,-0.473905,-1.350861,0.56518,0.03388,-0.448305,0.93032,-0.36343,-1.114149,0.550321,0.023667,-0.541355,0.898856,-0.328299,-0.938186,0.553937
587,0.031887,-0.458976,0.92357,-0.345294,-1.110436,0.553786,0.023916,-0.275061,0.958749,-0.437871,-1.38918,0.560269,0.025981,-0.453534,0.920414,-0.346453,-1.105899,0.565254,0.043683,-0.55063,0.905295,-0.298971,-0.958963,0.560869
588,0.041715,-0.459181,0.903089,-0.333174,-1.130737,0.553164,0.026675,-0.2776,0.947439,-0.407433,-1.419778,0.540191,0.043375,-0.462816,0.910403,-0.320246,-1.130617,0.536737,0.050135,-0.567572,0.88834,-0.288775,-0.97539,0.562898
589,0.05195,-0.462605,0.895524,-0.291646,-1.153868,0.547832,0.046419,-0.27592,0.930748,-0.355324,-1.431763,0.555764,0.050228,-0.454556,0.900882,-0.297671,-1.166207,0.542712,0.059678,-0.555599,0.881916,-0.261379,-0.996705,0.548495
590,0.071205,-0.465865,0.889192,-0.272025,-1.171172,0.537286,0.042653,-0.289141,0.920837,-0.33439,-1.469135,0.548984,0.066663,-0.467566,0.885097,-0.260195,-1.176163,0.52342,0.074201,-0.568834,0.866143,-0.217249,-1.01164,0.535416
591,0.083111,-0.48017,0.867033,-0.237933,-1.209497,0.544493,0.045601,-0.280708,0.901094,-0.279539,-1.508932,0.536881,0.072255,-0.472171,0.867837,-0.241773,-1.197246,0.535359,0.091342,-0.57303,0.852463,-0.193647,-1.040407,0.537311
592,0.078665,-0.477753,0.85946,-0.203307,-1.194941,0.537695,0.056117,-0.284335,0.89686,-0.256173,-1.507086,0.530613,0.078906,-0.472693,0.856322,-0.192393,-1.22439,0.553451,0.105915,-0.577987,0.843066,-0.17146,-1.044202,0.522552
593,0.09743,-0.478459,0.843732,-0.172125,-1.236551,0.538191,0.058934,-0.285046,0.876623,-0.208448,-1.534918,0.514287,0.08361,-0.472079,0.845062,-0.186879,-1.244536,0.544377,0.10829,-0.574953,0.826772,-0.15755,-1.071908,0.534236
594,0.093493,-0.489466,0.83238,-0.152042,-1.25062,0.538444,0.063022,-0.297955,0.871936,-0.188657,-1.555242,0.538974,0.102503,-0.481683,0.831913,-0.142337,-1.243578,0.531734,0.128899,-0.590406,0.800811,-0.126045,-1.080624,0.532663
595,0.114442,-0.479043,0.82111,-0.131763,-1.250476,0.513563,0.071257,-0.293239,0.843906,-0.158505,-1.57922,0.526169,0.109707,-0.486438,0.816296,-0.1208,-1.270041,0.520856,0.14258,-0.587161,0.804878,-0.119513,-1.081653,0.532421
596,0.111636,-0.485196,0.805844,-0.100635,-1.28749,0.521971,0.08723,-0.298789,0.831317,-0.125106,-1.60475,0.519666,0.114553,-0.492107,0.792671,-0.091871,-1.284123,0.50485,0.1409,-0.585568,0.776765,-0.087644,-1.102,0.514045
597,0.126254,-0.494049,0.787796,-0.047674,-1.298144,0.510587,0.086588,-0.290375,0.817574,-0.109275,-1.623554,0.511757,0.132177,-0.498609,0.785661,-0.063091,-1.294708,0.525079,0.147318,-0.602927,0.771125,-0.04744,-1.121199,0.504454
598,0.137118,-0.485132,0.778706,-0.037109,-1.321338,0.491336,0.08107,-0.298493,0.798587,-0.04725,-1.627265,0.500902,0.132717,-0.499735,0.775953,-0.033343,-1.302545,0.504144,0.17501,-0.598175,0.759348,-0.041677,-1.121718,0.51213
599,0.147249,-0.499183,0.756861,0.000228,-1.311469,0.522222,0.093791,-0.299798,0.786042,0.010213,-1.645466,0.510502,0.148328,-0.496424,0.754399,-0.005068,-1.326309,0.491656,0.177285,-0.591625,0.74216,0.00458,-1.127685,0.498433
600,0.153071,-0.499699,0.748101,0.038083,-1.354349,0.49924,0.086406,-0.305376,0.76685,0.030659,-1.673712,0.508973,0.146869,-0.499618,0.74136,0.024438,-1.364358,0.475105,0.185661,-0.606181,0.722804,0.001092,-1.151763,0.502871
601,0.16976,-0.492775,0.725909,0.048203,-1.363021,0.516745,0.102241,-0.299337,0.759111,0.058363,-1.691805,0.492258,0.161562,-0.501823,0.736084,0.042455,-1.358581,0.493322,0.192634,-0.600412,0.710225,0.037252,-1.157717,0.481606
602,0.168383,-0.501514,0.723582,0.074111,-1.366552,0.490714,0.106797,-0.310013,0.73283,0.095665,-1.702663,0.488217,0.185437,-0.502009,0.707757,0.082968,-1.375144,0.485088,0.217813,-0.607021,0.695114,0.06189,-1.17861,0.464993
603,0.184885,-0.493284,0.684182,0.104942,-1.391215,0.48755,0.10692,-0.303094,0.71512,0.144656,-1.71994,0.478279,0.180105,-0.500082,0.692251,0.110962,-1.374722,0.481658,0.221798,-0.601726,0.680265,0.091694,-1.18962,0.470529
604,0.18469,-0.508621,0.664163,0.139393,-1.383652,0.469256,0.116153,-0.311244,0.708082,0.203534,-1.728881,0.461172,0.198096,-0.502796,0.677754,0.150821,-1.395919,0.480421,0.234391,-0.610428,0.654358,0.11979,-1.205528,0.470733
605,0.192771,-0.503017,0.664727,0.176929,-1.408041,0.449849,0.1224,-0.306226,0.685021,0.213109,-1.754605,0.502717,0.20084,-0.506623,0.656876,0.160439,-1.398941,0.48415,0.246902,-0.610425,0.64205,0.133733,-1.214877,0.45928
606,0.200919,-0.509718,0.642838,0.199807,-1.407543,0.447843,0.126668,-0.301636,0.668339,0.244463,-1.767424,0.452331,0.214258,-0.507425,0.647032,0.190314,-1.425567,0.468992,0.259165,-0.612043,0.625123,0.164297,-1.223448,0.450421
607,0.220845,-0.506132,0.627375,0.211416,-1.429673,0.462164,0.132549,-0.310662,0.658935,0.262563,-1.780984,0.460911,0.225456,-0.513238,0.625418,0.22338,-1.422061,0.459119,0.271221,-0.619648,0.619486,0.211301,-1.241186,0.448276
608,0.232513,-0.500051,0.611197,0.260372,-1.437993,0.451412,0.137632,-0.305865,0.642763,0.321607,-1.802859,0.445767,0.226379,-0.506766,0.604305,0.248054,-1.425793,0.44297,0.273349,-0.604081,0.596364,0.205673,-1.254353,0.455205
609,0.235404,-0.497666,0.591502,0.292296,-1.45461,0.451048,0.141581,-0.297826,0.609026,0.337307,-1.8083,0.43297,0.239789,-0.502373,0.594784,0.285901,-1.454611,0.434687,0.282301,-0.615272,0.579733,0.25593,-1.26002,0.458665
610,0.233861,-0.508011,0.571268,0.311336,-1.440984,0.436144,0.156503,-0.310059,0.599229,0.39265,-1.823879,0.438462,0.239115,-0.5076,0.573252,0.293263,-1.460457,0.437039,0.303221,-0.619347,0.565818,0.265808,-1.248678,0.425858
611,0.254307,-0.501849,0.553125,0.327534,-1.470084,0.416119,0.161669,-0.307143,0.580921,0.423897,-1.82843,0.425355,0.248199,-0.507564,0.559322,0.336625,-1.449858,0.421756,0.302173,-0.616109,0.549839,0.283604,-1.269953,0.447039
612,0.264516,-0.50661,0.541879,0.360136,-1.484702,0.420947,0.155378,-0.316066,0.563013,0.437882,-1.832756,0.419756,0.263031,-0.510208,0.54286,0.361082,-1.481132,0.426382,0.317205,-0.61296,0.524547,0.322042,-1.257619,0.406509
613,0.269525,-0.508822,0.518802,0.38009,-1.478048,0.414584,0.162456,-0.308641,0.544482,0.485687,-1.837845,0.400872,0.26715,-0.511175,0.518605,0.394605,-1.484878,0.407592,0.329632,-0.619904,0.504952,0.33971,-1.260187,0.424405
614,0.274777,-0.508828,0.508897,0.422042,-1.485806,0.398052,0.167497,-0.312405,0.522961,0.536142,-1.841891,0.389586,0.26883,-0.515067,0.501303,0.420839,-1.511281,0.393512,0.338415,-0.605509,0.490351,0.362417,-1.284305,0.40078
615,0.283035,-0.501447,0.4817,0.442655,-1.50069,0.404669,0.176589,-0.307823,0.504747,0.569099,-1.854828,0.402326,0.287557,-0.505199,0.480059,0.451892,-1.500043,0.390676,0.346789,-0.612423,0.467987,0.381566,-1.293177,0.403913
616,0.29033,-0.50521,0.459617,0.496258,-1.489009,0.384869,0.179583,-0.303202,0.481764,0.602329,-1.863534,0.392842,0.298899,-0.495297,0.461716,0.49391,-1.501735,0.401304,0.353287,-0.616715,0.461871,0.429056,-1.277655,0.395043
617,0.299976,-0.508439,0.446476,0.505905,-1.501499,0.385674,0.179991,-0.307818,0.465973,0.623296,-1.884778,0.37351,0.297484,-0.506615,0.444614,0.507464,-1.511998,0.379477,0.361786,-0.609667,0.433929,0.430003,-1.296661,0.371112
618,0.307379,-0.496432,0.433239,0.518122,-1.511921,0.378983,0.185169,-0.30513,0.4529,0.669306,-1.89359,0.384091,0.308129,-0.504415,0.414007,0.514164,-1.50514,0.383617,0.376762,-0.6039,0.418832,0.442258,-1.313413,0.36588
619,0.314568,-0.500394,0.404109,0.567722,-1.516417,0.363423,0.189962,-0.303688,0.422085,0.681617,-1.895478,0.388829,0.309417,-0.498981,0.396909,0.560295,-1.517775,0.374139,0.392337,-0.613627,0.395551,0.479433,-1.323631,0.35341
620,0.316549,-0.503634,0.386143,0.593042,-1.490086,0.356493,0.189937,-0.30955,0.407767,0.722934,-1.898387,0.373789,0.323795,-0.503757,0.394152,0.558703,-1.539309,0.361527,0.392804,-0.609936,0.378269,0.516139,-1.308589,0.345117
621,0.328789,-0.495718,0.363691,0.624334,-1.530664,0.332219,0.205777,-0.303668,0.376449,0.766875,-1.899283,0.343876,0.337198,-0.490005,0.374328,0.608993,-1.52417,0.354514,0.405503,-0.607481,0.362872,0.538708,-1.3341,0.331907
622,0.335566,-0.504854,0.346345,0.648367,-1.520948,0.3434,0.202719,-0.292744,0.357907,0.789195,-1.908831,0.33309,0.345765,-0.498265,0.34605,0.643059,-1.514695,0.337151,0.406018,-0.602606,0.348431,0.536386,-1.315647,0.336446
623,0.345184,-0.500393,0.33051,0.66886,-1.526567,0.321371,0.208763,-0.29941,0.330393,0.845221,-1.902632,0.32325,0.339922,-0.49241,0.322466,0.662238,-1.508535,0.334361,0.41685,-0.60147,0.316738,0.571262,-1.32296,0.319378
624,0.352703,-0.493032,0.305164,0.688041,-1.521685,0.312753,0.226863,-0.298717,0.318778,0.866544,-1.900235,0.302964,0.345585,-0.496883,0.312515,0.685697,-1.546372,0.322654,0.432356,-0.604695,0.297495,0.610571,-1.323911,0.317376
625,0.35291,-0.489117,0.293645,0.720083,-1.534565,0.305644,0.217088,-0.288989,0.30288,0.89329,-1.921777,0.302081,0.359504,-0.485078,0.285884,0.71582,-1.544183,0.325783,0.443014,-0.599966,0.276326,0.622016,-1.314096,0.29854
626,0.365302,-0.484827,0.263397,0.747145,-1.535567,0.29541,0.220885,-0.303918,0.277569,0.938002,-1.912887,0.310066,0.359796,-0.481092,0.263542,0.735597,-1.544385,0.297822,0.445671,-0.587948,0.257298,0.646492,-1.326843,0.298699
627,0.368369,-0.478913,0.252403,0.783492,-1.542336,0.30872,0.237466,-0.295595,0.258787,0.96081,-1.918357,0.282627,0.371214,-0.485062,0.254586,0.756527,-1.53068,0.301014,0.453633,-0.587229,0.236345,0.64385,-1.325382,0.292705
628,0.377129,-0.483688,0.230418,0.794833,-1.546034,0.29362,0.224832,-0.288383,0.241086,0.971914,-1.923582,0.286271,0.382293,-0.47704,0.227878,0.79726,-1.532903,0.281702,0.458108,-0.582546,0.219194,0.673892,-1.333475,0.277735
629,0.386821,-0.485146,0.200975,0.829923,-1.545683,0.256746,0.239485,-0.29716,0.221843,1.025701,-1.916139,0.281428,0.377052,-0.473241,0.208034,0.811901,-1.527461,0.264919,0.472196,-0.58034,0.20588,0.68332,-1.322034,0.258028
630,0.389826,-0.471115,0.189054,0.843344,-1.518094,0.24234,0.239353,-0.284397,0.188886,1.038416,-1.89384,0.251944,0.389757,-0.47684,0.177752,0.836923,-1.532508,0.252053,0.476386,-0.578491,0.179014,0.723879,-1.328493,0.261565
631,0.397761,-0.46763,0.170277,0.869848,-1.533508,0.254808,0.239584,-0.288642,0.174962,1.082072,-1.919281,0.254023,0.393468,-0.466397,0.152314,0.84857,-1.510904,0.250875,0.474349,-0.564513,0.163704,0.744819,-1.321304,0.24269
632,0.392517,-0.463619,0.145914,0.891553,-1.528828,0.234143,0.244484,-0.288647,0.149253,1.110356,-1.909452,0.229823,0.406164,-0.46201,0.138056,0.887469,-1.54186,0.238022,0.491321,-0.570017,0.147369,0.765261,-1.330385,0.253248
633,0.403767,-0.46011,0.127114,0.909225,-1.506155,0.219817,0.256637,-0.278791,0.120904,1.129952,-1.910428,0.226171,0.406382,-0.467685,0.130706,0.883112,-1.539114,0.223776,0.497327,-0.564777,0.113444,0.786679,-1.290465,0.237834
634,0.404509,-0.454087,0.112445,0.935157,-1.511999,0.205468,0.248947,-0.277931,0.106061,1.162236,-1.895068,0.216264,0.420634,-0.457156,0.10524,0.934935,-1.523582,0.21836,0.505872,-0.551578,0.103088,0.820571,-1.311522,0.211529
635,0.4209,-0.451592,0.088083,0.933791,-1.520106,0.215227,0.261995,-0.281144,0.086708,1.205507,-1.904428,0.208136,0.41878,-0.459082,0.082838,0.965811,-1.518781,0.216608,0.50145,-0.552792,0.075797,0.817186,-1.309554,0.211446
636,0.421175,-0.452064,0.059933,0.97639,-1.516891,0.204635,0.257919,-0.269815,0.060053,1.224934,-1.89542,0.197264,0.436414,-0.447123,0.063977,0.985154,-1.526635,0.208712,0.517402,-0.55256,0.057282,0.841345,-1.299367,0.191081
637,0.430354,-0.450517,0.037646,1.022832,-1.508305,0.19923,0.260232,-0.284121,0.047237,1.249878,-1.882386,0.211329,0.438494,-0.451318,0.039652,1.020358,-1.513317,0.219816,0.524385,-0.541739,0.039349,0.85658,-1.305375,0.176105
638,0.439106,-0.446795,0.019766,1.005932,-1.496286,0.16572,0.259268,-0.270486,0.023316,1.276815,-1.876586,0.192998,0.425097,-0.436697,0.025773,1.032885,-1.499916,0.165024,0.527567,-0.544174,0.018455,0.892483,-1.291499,0.182036
639,0.438809,-0.433072,0.000669,1.054317,-1.496978,0.177723,0.274441,-0.260746,-0.009246,1.298409,-1.861954,0.162569,0.433708,-0.438594,-0.006009,1.048014,-1.495623,0.179734,0.534775,-0.529653,-0.005121,0.883606,-1.287712,0.164218
640,0.443517,-0.439968,-0.011504,1.077684,-1.495998,0.156815,0.262102,-0.262065,-0.023229,1.333727,-1.846992,0.158106,0.441318,-0.430761,-0.020472,1.061099,-1.475588,0.13911,0.541735,-0.517052,-0.030478,0.914169,-1.292227,0.172952
641,0.454984,-0.421391,-0.052326,1.099633,-1.476649,0.138781,0.272069,-0.258334,-0.038263,1.352087,-1.837166,0.14915,0.449318,-0.428962,-0.047076,1.104496,-1.481324,0.138584,0.543292,-0.532348,-0.043508,0.937779,-1.300885,0.140825
642,0.457292,-0.416189,-0.067247,1.10106,-1.452687,0.141209,0.2681,-0.250694,-0.069564,1.379681,-1.855863,0.123854,0.460758,-0.422108,-0.06586,1.103881,-1.473477,0.131921,0.542798,-0.511849,-0.065013,0.953797,-1.2486,0.142222
643,0.457104,-0.422651,-0.089046,1.147324,-1.470661,0.127521,0.269424,-0.252251,-0.093125,1.419086,-1.826583,0.134699,0.452995,-0.419586,-0.086572,1.109133,-1.491322,0.132914,0.551851,-0.512898,-0.0802,0.964283,-1.253523,0.130017
644,0.455926,-0.409488,-0.108326,1.154866,-1.443731,0.117969,0.288556,-0.248545,-0.101014,1.436163,-1.817411,0.10831,0.455124,-0.418114,-0.105613,1.14924,-1.455835,0.113058,0.562839,-0.504564,-0.097699,0.986822,-1.251452,0.130834
645,0.467775,-0.410532,-0.128067,1.154903,-1.478038,0.098964,0.287156,-0.237186,-0.125255,1.434291,-1.799502,0.101306,0.473683,-0.403911,-0.130511,1.159493,-1.453744,0.110631,0.570289,-0.499156,-0.119167,1.024653,-1.255646,0.112788
646,0.464814,-0.402854,-0.149768,1.180485,-1.444221,0.091211,0.28809,-0.243474,-0.156646,1.487906,-1.785923,0.100631,0.462665,-0.408398,-0.148745,1.182551,-1.406147,0.084879,0.572926,-0.483665,-0.155103,1.021774,-1.227202,0.105963
647,0.47692,-0.388006,-0.167505,1.201588,-1.437998,0.089621,0.283305,-0.248874,-0.179034,1.497881,-1.780197,0.067138,0.474353,-0.397167,-0.172835,1.191112,-1.408793,0.08393,0.571396,-0.48003,-0.164605,1.050117,-1.220249,0.093653
648,0.477712,-0.38812,-0.175733,1.214729,-1.405913,0.075347,0.28831,-0.239514,-0.203938,1.520802,-1.770571,0.082609,0.472211,-0.387449,-0.192329,1.199004,-1.425082,0.095923,0.588757,-0.46314,-0.193446,1.041997,-1.201551,0.089182
649,0.481865,-0.375709,-0.20352,1.235826,-1.391443,0.059121,0.284216,-0.223013,-0.229846,1.539995,-1.744333,0.074624,0.47706,-0.384963,-0.213149,1.255776,-1.405871,0.067424,0.584146,-0.465846,-0.205408,1.068555,-1.203982,0.073044
650,0.4752,-0.374198,-0.234179,1.254134,-1.394099,0.074335,0.286731,-0.223893,-0.24592,1.558777,-1.723159,0.052288,0.491033,-0.376626,-0.223589,1.250987,-1.391194,0.06446,0.586511,-0.459675,-0.234198,1.079082,-1.19909,0.056231
651,0.496403,-0.36956,-0.25002,1.267881,-1.379387,0.042514,0.298809,-0.222101,-0.261816,1.593443,-1.702237,0.037356,0.490666,-0.36092,-0.241953,1.25968,-1.375077,0.039923,0.593464,-0.450665,-0.251325,1.09295,-1.194191,0.037062
652,0.484942,-0.353003,-0.27149,1.280131,-1.359014,0.013775,0.293914,-0.214976,-0.284277,1.596398,-1.711142,0.037672,0.477858,-0.364468,-0.269977,1.282965,-1.376552,0.027802,0.596155,-0.433232,-0.26712,1.102633,-1.169278,0.020947
653,0.492602,-0.357775,-0.284919,1.298598,-1.359629,0.001444,0.288056,-0.217355,-0.299689,1.612652,-1.679552,0.022404,0.495954,-0.356151,-0.294537,1.298883,-1.347662,0.022885,0.585297,-0.426989,-0.287273,1.125877,-1.163801,0.009485
654,0.490814,-0.349999,-0.304297,1.322369,-1.340236,0.01508,0.296972,-0.211723,-0.32674,1.639662,-1.668209,0.017289,0.488235,-0.351044,-0.315382,1.322887,-1.355582,0.014454,0.595341,-0.431629,-0.311011,1.124376,-1.15407,0.000361
655,0.493733,-0.330964,-0.336526,1.314418,-1.330148,-0.023816,0.305489,-0.213567,-0.348502,1.651134,-1.639529,0.004566,0.493077,-0.336907,-0.33259,1.326098,-1.351377,-0.006263,0.604305,-0.418507,-0.319559,1.151283,-1.142416,-0.007054
656,0.503375,-0.330836,-0.365958,1.348802,-1.299576,-0.012407,0.298531,-0.211646,-0.369585,1.662177,-1.626923,-0.008602,0.495233,-0.336367,-0.355299,1.34162,-1.328842,-0.03257,0.608669,-0.411231,-0.34195,1.168046,-1.123155,-0.022535
657,0.495424,-0.318665,-0.37312,1.351634,-1.305783,-0.015401,0.296778,-0.192403,-0.387315,1.692943,-1.617464,-0.012924,0.501875,-0.333704,-0.37294,1.352185,-1.29192,-0.028541,0.600025,-0.400113,-0.360059,1.170369,-1.12906,-0.015421
658,0.494487,-0.326861,-0.387784,1.364587,-1.275789,-0.039801,0.299736,-0.191907,-0.402573,1.704584,-1.612646,-0.040985,0.495996,-0.313993,-0.40179,1.394647,-1.267047,-0.033204,0.601645,-0.384367,-0.371343,1.191888,-1.097115,-0.017145
659,0.491264,-0.317139,-0.414219,1.379679,-1.266369,-0.040417,0.302436,-0.191902,-0.425222,1.719675,-1.583498,-0.049045,0.500192,-0.31506,-0.414471,1.379846,-1.256388,-0.052876,0.607851,-0.377197,-0.403152,1.185955,-1.077845,-0.051198
660,0.510202,-0.308681,-0.432937,1.416406,-1.244213,-0.0368,0.306732,-0.195569,-0.446557,1.743201,-1.562489,-0.041011,0.503174,-0.302738,-0.429774,1.396343,-1.238394,-0.042706,0.612498,-0.367311,-0.422627,1.211284,-1.08123,-0.025786
661,0.501452,-0.302954,-0.445432,1.409662,-1.228683,-0.080638,0.300982,-0.18589,-0.473113,1.766703,-1.553526,-0.053333,0.504357,-0.29865,-0.445293,1.40912,-1.238157,-0.079234,0.608912,-0.363489,-0.440799,1.200666,-1.066381,-0.059962
662,0.507751,-0.290512,-0.461776,1.415267,-1.206503,-0.076988,0.30527,-0.173167,-0.490061,1.762835,-1.52658,-0.073401,0.50046,-0.293495,-0.465289,1.421409,-1.193812,-0.085301,0.618235,-0.357352,-0.452523,1.22614,-1.055654,-0.079325
663,0.502476,-0.284784,-0.486939,1.414584,-1.200731,-0.062511,0.31842,-0.172339,-0.50294,1.799621,-1.500485,-0.106797,0.511614,-0.284771,-0.49049,1.4276,-1.190656,-0.097663,0.604461,-0.346437,-0.46726,1.224671,-1.034701,-0.078606
664,0.507241,-0.259598,-0.50401,1.432242,-1.193084,-0.093986,0.309917,-0.162275,-0.529567,1.806211,-1.471301,-0.126018,0.500878,-0.282071,-0.507543,1.426972,-1.156899,-0.106906,0.602533,-0.337726,-0.492845,1.23799,-1.02142,-0.088467
665,0.508352,-0.257815,-0.526137,1.455688,-1.149734,-0.119541,0.308023,-0.168694,-0.533803,1.810089,-1.434225,-0.113333,0.51242,-0.270657,-0.525372,1.445306,-1.163365,-0.104429,0.615771,-0.321852,-0.520504,1.237745,-1.009373,-0.106261
666,0.507742,-0.258428,-0.535524,1.461438,-1.134031,-0.114423,0.309232,-0.15485,-0.55995,1.824079,-1.413457,-0.130445,0.51423,-0.259732,-0.539932,1.473809,-1.15253,-0.123728,0.614743,-0.31692,-0.524183,1.245338,-0.970458,-0.118889
