sample_idx,Va_1,Vb_1,Vc_1,Ia_1,Ib_1,Ic_1,Va_5,Vb_5,Vc_5,Ia_5,Ib_5,Ic_5,Va_10,Vb_10,Vc_10,Ia_10,Ib_10,Ic_10,Va_30,Vb_30,Vc_30,Ia_30,Ib_30,Ic_30
0,0.99337,-0.504011,-0.500445,0.628425,-0.472596,-0.142951,0.999949,-0.501392,-0.500228,0.612511,-0.490239,-0.159579,0.997166,-0.494535,-0.496413,0.628818,-0.478882,-0.150563,0.99541,-0.499108,-0.493152,0.605903,-0.483065,-0.13929
1,0.992064,-0.472153,-0.512525,0.613691,-0.467592,-0.14566,0.998148,-0.489227,-0.515385,0.623586,-0.461893,-0.177616,0.998379,-0.482007,-0.524293,0.627459,-0.460852,-0.15307,0.993784,-0.491532,-0.508442,0.615734,-0.47844,-0.161342
2,1.001799,-0.461999,-0.53484,0.618305,-0.463108,-0.174878,1.006088,-0.468592,-0.529614,0.631365,-0.453095,-0.172633,1.002662,-0.466238,-0.530328,0.628669,-0.467683,-0.172228,0.991707,-0.466296,-0.532541,0.608695,-0.456754,-0.146328
3,1.004,-0.449932,-0.548844,0.621948,-0.436459,-0.194539,1.002166,-0.451297,-0.544159,0.603711,-0.441265,-0.173794,0.993702,-0.441933,-0.547927,0.619157,-0.439988,-0.161289,0.996867,-0.448921,-0.561155,0.636068,-0.454167,-0.169338
4,0.999364,-0.437865,-0.561817,0.651017,-0.429094,-0.186522,0.995266,-0.431313,-0.563757,0.639867,-0.427039,-0.185055,0.991303,-0.441485,-0.561159,0.64191,-0.420854,-0.194389,0.9904,-0.436491,-0.564107,0.62468,-0.442418,-0.181583
5,0.996989,-0.410084,-0.571065,0.64324,-0.40037,-0.20052,1.000031,-0.414985,-0.574771,0.641161,-0.439964,-0.213554,0.991982,-0.416112,-0.577011,0.623922,-0.423175,-0.205019,0.992588,-0.417496,-0.58312,0.632025,-0.419661,-0.233222
6,0.995076,-0.399874,-0.600681,0.635037,-0.43748,-0.214513,1.001567,-0.401596,-0.583725,0.648816,-0.413038,-0.223085,0.997365,-0.404425,-0.594346,0.650279,-0.412393,-0.21621,0.986361,-0.391047,-0.588815,0.630522,-0.425762,-0.224448
7,0.99068,-0.394757,-0.607728,0.641892,-0.410072,-0.20617,0.990307,-0.376384,-0.605902,0.644056,-0.424677,-0.228305,0.992622,-0.381613,-0.602579,0.636189,-0.41901,-0.218096,0.993518,-0.383461,-0.611644,0.641558,-0.413647,-0.239042
8,0.993516,-0.355729,-0.621299,0.636247,-0.393767,-0.226125,0.988286,-0.354681,-0.619007,0.627467,-0.397695,-0.239987,0.986771,-0.354001,-0.625979,0.635582,-0.386584,-0.207832,0.988971,-0.359069,-0.623686,0.633792,-0.403788,-0.233174
9,0.981763,-0.353622,-0.634139,0.657239,-0.409228,-0.253616,0.984325,-0.343652,-0.638342,0.658227,-0.403861,-0.225238,0.986779,-0.348149,-0.639956,0.62775,-0.388678,-0.258591,0.98596,-0.346064,-0.645508,0.643076,-0.415606,-0.251907
10,0.987646,-0.333222,-0.647059,0.640808,-0.377095,-0.257462,0.980344,-0.333868,-0.649213,0.635057,-0.395517,-0.257237,0.981911,-0.326316,-0.655971,0.627075,-0.382622,-0.255066,0.969108,-0.32769,-0.655946,0.626046,-0.379588,-0.263386
11,0.977797,-0.306325,-0.660181,0.650854,-0.373265,-0.283305,0.983749,-0.307517,-0.677015,0.634538,-0.379134,-0.261819,0.980126,-0.307067,-0.66937,0.634131,-0.370153,-0.266406,0.976789,-0.318843,-0.672143,0.633481,-0.366485,-0.274893
12,0.974251,-0.29106,-0.687191,0.655233,-0.369771,-0.28787,0.984271,-0.300942,-0.683994,0.652954,-0.361354,-0.287916,0.983469,-0.289976,-0.674945,0.653564,-0.360656,-0.285681,0.974665,-0.295403,-0.683784,0.63677,-0.361279,-0.28311
13,0.964002,-0.278198,-0.692686,0.638369,-0.352294,-0.306347,0.978134,-0.28423,-0.699593,0.622175,-0.362681,-0.298514,0.975433,-0.265596,-0.697841,0.655895,-0.34989,-0.303406,0.981238,-0.273107,-0.695405,0.654207,-0.325971,-0.286243
14,0.965781,-0.257359,-0.703682,0.656257,-0.34937,-0.293232,0.973789,-0.253893,-0.706246,0.661521,-0.347668,-0.311301,0.967721,-0.261009,-0.710761,0.63191,-0.33722,-0.311769,0.976422,-0.258623,-0.70897,0.645993,-0.349382,-0.30333
15,0.972651,-0.242752,-0.721412,0.636982,-0.344244,-0.305431,0.96713,-0.231508,-0.719166,0.630965,-0.322006,-0.313163,0.965128,-0.239335,-0.726271,0.643732,-0.329904,-0.3249,0.958663,-0.242588,-0.726708,0.641804,-0.327549,-0.308373
16,0.954502,-0.216828,-0.729214,0.644354,-0.320045,-0.319072,0.956947,-0.220935,-0.737617,0.652564,-0.339753,-0.315922,0.949044,-0.218526,-0.736216,0.647301,-0.297192,-0.318504,0.951745,-0.224436,-0.732289,0.640009,-0.327748,-0.330532
17,0.947096,-0.192625,-0.75295,0.650151,-0.314241,-0.326802,0.949553,-0.210254,-0.744254,0.656194,-0.313003,-0.353954,0.957483,-0.20584,-0.750613,0.653535,-0.309209,-0.345394,0.95166,-0.202399,-0.750722,0.643078,-0.319858,-0.326659
18,0.944954,-0.188188,-0.762429,0.651521,-0.291579,-0.357145,0.937897,-0.173687,-0.756779,0.66342,-0.295071,-0.338498,0.948819,-0.182367,-0.762287,0.635888,-0.289792,-0.342273,0.933681,-0.181919,-0.763903,0.635163,-0.294922,-0.345087
19,0.941502,-0.171891,-0.778218,0.64509,-0.300396,-0.360998,0.937661,-0.155791,-0.776541,0.652735,-0.301727,-0.35522,0.93427,-0.168839,-0.779903,0.647867,-0.298032,-0.351341,0.930292,-0.171658,-0.782412,0.624819,-0.283637,-0.348751
20,0.934978,-0.148844,-0.779721,0.654541,-0.278774,-0.351509,0.929704,-0.136385,-0.781625,0.640106,-0.282443,-0.354247,0.930299,-0.14356,-0.78596,0.652027,-0.280059,-0.371139,0.929059,-0.139809,-0.78967,0.637552,-0.266974,-0.36878
21,0.919175,-0.121654,-0.79262,0.638194,-0.27111,-0.362538,0.921669,-0.116303,-0.794667,0.645115,-0.259207,-0.363129,0.929722,-0.131058,-0.794674,0.647946,-0.285453,-0.382153,0.918453,-0.133313,-0.78997,0.643819,-0.271379,-0.37477
22,0.909341,-0.103182,-0.811254,0.632561,-0.252775,-0.398033,0.913076,-0.115139,-0.799509,0.643115,-0.272812,-0.387734,0.911367,-0.104577,-0.803383,0.65728,-0.256699,-0.38152,0.910863,-0.10774,-0.811466,0.660269,-0.243275,-0.3908
23,0.902196,-0.085201,-0.821098,0.649801,-0.223442,-0.386756,0.897548,-0.095933,-0.812293,0.631758,-0.264539,-0.397557,0.910799,-0.09815,-0.81587,0.638964,-0.240827,-0.393257,0.905153,-0.099773,-0.816896,0.635797,-0.257811,-0.395761
24,0.899109,-0.071103,-0.831209,0.647154,-0.233276,-0.410409,0.90777,-0.071877,-0.824855,0.631096,-0.234352,-0.427362,0.899943,-0.067997,-0.831715,0.650885,-0.241749,-0.391895,0.901612,-0.079712,-0.831153,0.640019,-0.237097,-0.398321
25,0.880946,-0.054361,-0.830414,0.629302,-0.230892,-0.420916,0.893727,-0.044163,-0.838554,0.640538,-0.240023,-0.390107,0.887547,-0.050139,-0.839989,0.637506,-0.21831,-0.416786,0.891621,-0.045097,-0.842899,0.660637,-0.216875,-0.402719
26,0.890038,-0.039516,-0.853601,0.648061,-0.22036,-0.427334,0.880225,-0.026165,-0.848418,0.657693,-0.215124,-0.433626,0.880294,-0.045415,-0.840848,0.629933,-0.21033,-0.411979,0.886186,-0.039426,-0.847052,0.647863,-0.23391,-0.431144
27,0.869917,-0.019351,-0.856733,0.644038,-0.187752,-0.429135,0.876533,-0.017347,-0.851576,0.636757,-0.192843,-0.433022,0.874258,-0.013678,-0.862405,0.632435,-0.195678,-0.418918,0.872201,-0.012477,-0.864529,0.64407,-0.19292,-0.437768
28,0.862789,0.010752,-0.869082,0.636945,-0.176251,-0.439157,0.8492,0.004854,-0.877063,0.634523,-0.181876,-0.445918,0.863475,-0.003137,-0.880205,0.624674,-0.200527,-0.430641,0.866614,0.007028,-0.867249,0.639634,-0.182641,-0.452058
29,0.862386,0.022143,-0.875297,0.636432,-0.190892,-0.452647,0.856366,0.02115,-0.878346,0.6295,-0.173165,-0.444847,0.84781,0.029023,-0.881901,0.619728,-0.174538,-0.459877,0.852507,0.025506,-0.881737,0.637876,-0.165509,-0.451985
30,0.839223,0.040645,-0.89013,0.62545,-0.167177,-0.458257,0.836761,0.038988,-0.884132,0.62113,-0.160032,-0.45367,0.849412,0.043553,-0.895675,0.626849,-0.159952,-0.453859,0.838402,0.040132,-0.876452,0.621327,-0.158643,-0.447631
31,0.834088,0.059849,-0.906689,0.611949,-0.148376,-0.450592,0.828077,0.053198,-0.897808,0.640113,-0.15911,-0.476076,0.826667,0.066561,-0.890604,0.623175,-0.159147,-0.461028,0.8178,0.065392,-0.894957,0.608464,-0.154932,-0.459474
32,0.820129,0.071621,-0.906136,0.617672,-0.146015,-0.483415,0.827963,0.079688,-0.903241,0.612004,-0.12457,-0.476281,0.826011,0.071375,-0.899134,0.607994,-0.141338,-0.47939,0.819147,0.082826,-0.90063,0.6257,-0.143192,-0.47616
33,0.815614,0.094491,-0.913259,0.606932,-0.118621,-0.455528,0.817967,0.095782,-0.914951,0.604457,-0.128349,-0.479863,0.80852,0.094661,-0.909547,0.594534,-0.132205,-0.472833,0.80374,0.10212,-0.911851,0.605581,-0.13039,-0.482107
34,0.798186,0.116098,-0.921446,0.613488,-0.121645,-0.488678,0.809275,0.119731,-0.922427,0.614662,-0.124452,-0.496311,0.804977,0.12539,-0.925748,0.623127,-0.110252,-0.509097,0.796666,0.120841,-0.917831,0.611616,-0.117742,-0.496978
35,0.791473,0.140432,-0.931188,0.613939,-0.105932,-0.495616,0.782759,0.134938,-0.931706,0.6243,-0.104718,-0.504255,0.782673,0.141758,-0.923842,0.613078,-0.111192,-0.496028,0.792493,0.129599,-0.919628,0.603055,-0.099222,-0.48287
36,0.774373,0.156044,-0.929732,0.59308,-0.104436,-0.494115,0.775285,0.155355,-0.92968,0.614149,-0.069339,-0.511748,0.785033,0.163209,-0.933454,0.608582,-0.088026,-0.491272,0.781902,0.156053,-0.929189,0.595783,-0.088716,-0.507141
37,0.771424,0.175592,-0.947197,0.598161,-0.092644,-0.503137,0.776183,0.175561,-0.943623,0.596884,-0.090198,-0.510082,0.769592,0.173408,-0.936884,0.597395,-0.084128,-0.516685,0.772873,0.177049,-0.945112,0.608023,-0.085345,-0.505223
38,0.751603,0.193138,-0.943712,0.586098,-0.075981,-0.501106,0.752105,0.196702,-0.948564,0.590859,-0.069249,-0.523094,0.751297,0.193816,-0.933875,0.589337,-0.05945,-0.517471,0.754984,0.192324,-0.943132,0.59063,-0.074823,-0.530072
39,0.735327,0.204006,-0.945667,0.584922,-0.051973,-0.523268,0.744275,0.214355,-0.944691,0.586743,-0.060293,-0.521914,0.740678,0.208635,-0.952259,0.584776,-0.035095,-0.51172,0.735167,0.215998,-0.956846,0.598768,-0.0622,-0.525047
40,0.730275,0.226283,-0.954352,0.576672,-0.032791,-0.531083,0.728278,0.232273,-0.958993,0.59706,-0.051965,-0.555831,0.72191,0.223024,-0.965633,0.568429,-0.041939,-0.54757,0.728879,0.229053,-0.955288,0.580419,-0.042275,-0.527938
41,0.705396,0.242475,-0.962109,0.583555,-0.024787,-0.541022,0.713015,0.241602,-0.962006,0.579667,-0.039515,-0.533747,0.710371,0.248377,-0.964663,0.580429,-0.039953,-0.538125,0.715211,0.248868,-0.962906,0.577677,-0.029147,-0.554807
42,0.710602,0.267845,-0.969686,0.571193,-0.012993,-0.555837,0.696101,0.263613,-0.971939,0.561852,-0.010455,-0.562848,0.70135,0.258557,-0.972088,0.567309,-0.001293,-0.548098,0.695663,0.273612,-0.969068,0.579141,-0.01378,-0.542023
43,0.691395,0.281759,-0.971729,0.566702,0.000993,-0.549282,0.687386,0.282871,-0.9592,0.581571,-0.016839,-0.554064,0.692191,0.285711,-0.968425,0.570737,-0.000874,-0.569608,0.692094,0.288672,-0.9817,0.565367,-0.012027,-0.559104
44,0.676992,0.299723,-0.980218,0.545284,0.003274,-0.578643,0.671404,0.301998,-0.978291,0.568031,0.012905,-0.548506,0.6715,0.30621,-0.971907,0.557827,0.001747,-0.580772,0.673064,0.300687,-0.971539,0.530378,0.011838,-0.566282
45,0.661896,0.310449,-0.97213,0.559569,0.010639,-0.57161,0.666189,0.319547,-0.988546,0.565063,0.009873,-0.58082,0.661464,0.316169,-0.977962,0.543732,0.007803,-0.582172,0.665199,0.311745,-0.984074,0.554467,0.028924,-0.581091
46,0.653193,0.341886,-0.983736,0.561263,0.027788,-0.57491,0.651329,0.322216,-0.98351,0.536242,0.03617,-0.578033,0.651837,0.336501,-0.984624,0.548575,0.017164,-0.578448,0.649586,0.343359,-0.973084,0.543891,0.043137,-0.568617
47,0.632819,0.356992,-0.997639,0.535497,0.047035,-0.557761,0.630251,0.355933,-0.981279,0.541965,0.065589,-0.573349,0.628774,0.360621,-0.985305,0.540174,0.055435,-0.567662,0.634759,0.351111,-0.989043,0.525736,0.032084,-0.590901
48,0.616882,0.371849,-0.99153,0.533553,0.042548,-0.594214,0.616833,0.367764,-0.982333,0.50554,0.062495,-0.601538,0.620227,0.375295,-0.997292,0.529281,0.052231,-0.590579,0.617257,0.379842,-0.986348,0.543121,0.061222,-0.573868
49,0.600072,0.389587,-0.99147,0.531108,0.033654,-0.578991,0.606959,0.399364,-0.992028,0.516103,0.067805,-0.587766,0.607905,0.385276,-0.994081,0.536308,0.04733,-0.568724,0.608399,0.394169,-0.993305,0.523334,0.067517,-0.573238
50,0.588832,0.408792,-0.985135,0.528403,0.102561,-0.58265,0.581781,0.400271,-0.997837,0.518763,0.063562,-0.589727,0.591414,0.397082,-0.991194,0.508713,0.08085,-0.595884,0.581896,0.403011,-0.994033,0.501053,0.078796,-0.576889
51,0.580472,0.418444,-1.004757,0.508034,0.081078,-0.599324,0.57779,0.426497,-0.996627,0.538298,0.075151,-0.603856,0.565614,0.430732,-0.999492,0.511411,0.088618,-0.578506,0.570615,0.429567,-0.983447,0.525638,0.073649,-0.595664
52,0.551518,0.439218,-0.989868,0.499819,0.099936,-0.591402,0.558737,0.432815,-1.00107,0.496451,0.105193,-0.605736,0.565454,0.440481,-1.003176,0.513057,0.113672,-0.638246,0.557483,0.446001,-0.986527,0.50512,0.087368,-0.590683
53,0.545401,0.459245,-0.996928,0.493023,0.116764,-0.588112,0.545234,0.460138,-1.002918,0.489149,0.125837,-0.602625,0.550107,0.455819,-0.998237,0.494716,0.101019,-0.613154,0.542079,0.458051,-1.000265,0.503636,0.11701,-0.606453
54,0.526034,0.469957,-1.006376,0.491797,0.13994,-0.625021,0.514904,0.479383,-0.989834,0.495115,0.120218,-0.611464,0.526358,0.472579,-1.002508,0.499006,0.106058,-0.609552,0.531349,0.4721,-0.999501,0.479072,0.122908,-0.612971
55,0.511175,0.489107,-0.997781,0.487433,0.135215,-0.60539,0.511203,0.497305,-0.99107,0.482975,0.133914,-0.607357,0.5072,0.488668,-0.997139,0.474116,0.12828,-0.606414,0.500036,0.495963,-1.001715,0.480233,0.123114,-0.623917
56,0.500171,0.503597,-0.992172,0.454251,0.131647,-0.633376,0.494721,0.506761,-0.995367,0.499647,0.156943,-0.608636,0.490104,0.50633,-0.989121,0.478575,0.150689,-0.621286,0.490058,0.504913,-0.996546,0.462657,0.136821,-0.604865
57,0.479553,0.521348,-0.998075,0.462516,0.14575,-0.60637,0.473157,0.521704,-0.993104,0.461727,0.163172,-0.628934,0.47422,0.5234,-0.999545,0.473676,0.161105,-0.617123,0.476094,0.529131,-0.996414,0.467644,0.170546,-0.620871
58,0.45427,0.532131,-0.993773,0.429613,0.185324,-0.628916,0.460159,0.539217,-1.001676,0.462324,0.176478,-0.63855,0.465259,0.538917,-0.999527,0.43884,0.178881,-0.641181,0.463478,0.540255,-0.999987,0.474368,0.179519,-0.629092
59,0.442082,0.551566,-0.998004,0.452206,0.171578,-0.628981,0.440417,0.55503,-1.000527,0.431803,0.183621,-0.613143,0.436651,0.539773,-0.988421,0.457869,0.186999,-0.634796,0.437416,0.556365,-0.995891,0.440543,0.21183,-0.6412
60,0.418151,0.565843,-0.997245,0.459252,0.177014,-0.627038,0.428409,0.570551,-0.992528,0.436381,0.165423,-0.637126,0.420808,0.571222,-1.001591,0.444649,0.202341,-0.629228,0.424412,0.576816,-0.994567,0.427531,0.187215,-0.62246
61,0.409168,0.580314,-1.001445,0.41357,0.214713,-0.629091,0.415832,0.582295,-0.99601,0.420982,0.207753,-0.635843,0.404053,0.58523,-0.992894,0.444116,0.22266,-0.619478,0.412603,0.583786,-1.001095,0.428714,0.215079,-0.632955
62,0.386044,0.590575,-0.993028,0.415261,0.196765,-0.645743,0.393395,0.598665,-1.000301,0.425469,0.217102,-0.642899,0.394826,0.605338,-1.002925,0.409249,0.221413,-0.637826,0.391159,0.600729,-0.995472,0.416142,0.224677,-0.642004
63,0.381098,0.619742,-0.988041,0.407312,0.242469,-0.632132,0.368445,0.619202,-0.986844,0.396243,0.234435,-0.62685,0.360864,0.618313,-0.975398,0.406006,0.224613,-0.638883,0.36333,0.618208,-0.987923,0.430729,0.200543,-0.621432
64,0.358282,0.624273,-0.9816,0.389559,0.237875,-0.645174,0.344568,0.635771,-0.98479,0.412235,0.239369,-0.634936,0.361708,0.625866,-0.982934,0.398242,0.244001,-0.636087,0.356779,0.627005,-0.980638,0.392854,0.222145,-0.641725
65,0.325656,0.65321,-0.978412,0.40259,0.245662,-0.655135,0.338315,0.658089,-0.998311,0.39324,0.265437,-0.668369,0.339389,0.638709,-0.988018,0.379257,0.255452,-0.638706,0.339554,0.63848,-0.98331,0.401913,0.234071,-0.623286
66,0.327406,0.659731,-0.983501,0.385052,0.263641,-0.641409,0.318292,0.656436,-0.981391,0.3874,0.255321,-0.638487,0.315856,0.653224,-0.980986,0.372117,0.262953,-0.637866,0.322702,0.658026,-0.976091,0.383305,0.24614,-0.6472
67,0.299872,0.677131,-0.974032,0.370267,0.288629,-0.635749,0.294817,0.672171,-0.981764,0.352976,0.265627,-0.624164,0.306617,0.67294,-0.974552,0.372742,0.262092,-0.647061,0.29958,0.674494,-0.976393,0.358776,0.268483,-0.637537
68,0.281206,0.692883,-0.981894,0.368434,0.28863,-0.645716,0.287915,0.690982,-0.978167,0.371905,0.290043,-0.653655,0.285945,0.691366,-0.977948,0.357341,0.279807,-0.639294,0.282852,0.685963,-0.982867,0.367992,0.301405,-0.64232
69,0.272475,0.705762,-0.969207,0.35277,0.297671,-0.641719,0.260843,0.703539,-0.967183,0.357596,0.309637,-0.663703,0.263946,0.700811,-0.97624,0.350738,0.295526,-0.656525,0.255809,0.701412,-0.969687,0.36619,0.286144,-0.663057
70,0.258712,0.711489,-0.971907,0.325428,0.29149,-0.643468,0.252564,0.714287,-0.962126,0.33649,0.306666,-0.663072,0.257019,0.720346,-0.963727,0.334104,0.308486,-0.65997,0.237889,0.717678,-0.970661,0.323838,0.310887,-0.636096
71,0.240777,0.7242,-0.957971,0.332909,0.3142,-0.628381,0.228973,0.723633,-0.964407,0.318463,0.323966,-0.643413,0.232131,0.732026,-0.954709,0.328984,0.326559,-0.662324,0.229498,0.728849,-0.962557,0.333207,0.302156,-0.653719
72,0.208749,0.743366,-0.956044,0.317267,0.318618,-0.625796,0.208428,0.743295,-0.949949,0.3356,0.309862,-0.662193,0.227937,0.754781,-0.959247,0.298419,0.315003,-0.64462,0.206553,0.736786,-0.957476,0.309384,0.330065,-0.635288
73,0.187728,0.750944,-0.946952,0.301614,0.330553,-0.646944,0.200999,0.750976,-0.95015,0.299971,0.346395,-0.649288,0.191598,0.753079,-0.948829,0.300733,0.324344,-0.631464,0.197717,0.757768,-0.944136,0.297081,0.335627,-0.627149
74,0.181408,0.763705,-0.932471,0.284154,0.359724,-0.663697,0.18388,0.76749,-0.935104,0.297711,0.343627,-0.623739,0.17171,0.763609,-0.936078,0.294077,0.358585,-0.642547,0.169975,0.763911,-0.943022,0.282161,0.35817,-0.639564
75,0.157674,0.778454,-0.940405,0.299081,0.365226,-0.650278,0.153133,0.772366,-0.930683,0.277933,0.348793,-0.621618,0.15721,0.768853,-0.941678,0.302013,0.346411,-0.640375,0.159116,0.779555,-0.927319,0.295707,0.347645,-0.637084
76,0.131589,0.791216,-0.936245,0.291679,0.382051,-0.650542,0.128965,0.793909,-0.926904,0.281226,0.370696,-0.646039,0.141043,0.800167,-0.923675,0.249532,0.36985,-0.640854,0.138002,0.790008,-0.925627,0.275323,0.378268,-0.640594
77,0.126858,0.793703,-0.920603,0.261266,0.371225,-0.637273,0.110916,0.798916,-0.920042,0.278204,0.373664,-0.643095,0.113741,0.791087,-0.91823,0.261534,0.373269,-0.657163,0.126293,0.80194,-0.912586,0.250064,0.387948,-0.651815
78,0.099241,0.812503,-0.904574,0.255348,0.380853,-0.645634,0.096221,0.813574,-0.915307,0.261238,0.393293,-0.657718,0.092721,0.806936,-0.908716,0.219673,0.389818,-0.644723,0.103546,0.806449,-0.906939,0.241582,0.371558,-0.646735
79,0.081734,0.816106,-0.900926,0.237205,0.384679,-0.647348,0.074798,0.823887,-0.907729,0.246671,0.398924,-0.626803,0.08165,0.820057,-0.908808,0.235242,0.391577,-0.633695,0.083136,0.81291,-0.911092,0.244043,0.392766,-0.634502
80,0.05592,0.834477,-0.896232,0.227608,0.397642,-0.639149,0.062416,0.83516,-0.903443,0.24843,0.426842,-0.634348,0.053162,0.83441,-0.901196,0.229798,0.406749,-0.635482,0.064948,0.825588,-0.885647,0.229458,0.406713,-0.646152
81,0.042932,0.838417,-0.8852,0.230521,0.394831,-0.63317,0.041416,0.847431,-0.88712,0.205572,0.426117,-0.634298,0.037225,0.849442,-0.8867,0.207734,0.418481,-0.647755,0.042873,0.834647,-0.888369,0.230927,0.400571,-0.630829
82,0.02313,0.855821,-0.8737,0.197588,0.409834,-0.612398,0.023572,0.853081,-0.869978,0.20509,0.432564,-0.624588,0.033362,0.85689,-0.871386,0.206078,0.423588,-0.639598,0.026253,0.851691,-0.871593,0.21177,0.423661,-0.624259
83,0.004531,0.869516,-0.870582,0.17276,0.434038,-0.621325,0.016221,0.860012,-0.872835,0.192668,0.421065,-0.6109,0.009197,0.866399,-0.85939,0.192264,0.436481,-0.64533,0.003611,0.861756,-0.869024,0.192275,0.436761,-0.65118
84,-0.01816,0.872986,-0.867139,0.184762,0.45829,-0.628353,-0.021292,0.864631,-0.869239,0.18657,0.445081,-0.63224,-0.011739,0.876313,-0.863895,0.197322,0.433822,-0.630108,-0.009368,0.875515,-0.858278,0.173783,0.449786,-0.616568
85,-0.035766,0.888916,-0.845778,0.167044,0.452201,-0.625329,-0.02749,0.867446,-0.848254,0.176355,0.448125,-0.630739,-0.029241,0.886216,-0.86419,0.18101,0.456222,-0.62406,-0.03134,0.873773,-0.843866,0.163671,0.45161,-0.617488
86,-0.04985,0.892399,-0.837566,0.155253,0.463733,-0.634955,-0.056592,0.887046,-0.848972,0.146504,0.475008,-0.629269,-0.04438,0.894206,-0.839894,0.139928,0.475972,-0.624515,-0.057275,0.890722,-0.846957,0.157019,0.463378,-0.63396
87,-0.071626,0.888864,-0.828638,0.14076,0.482842,-0.631056,-0.065203,0.8922,-0.833275,0.154005,0.457984,-0.615646,-0.066022,0.897776,-0.829638,0.148407,0.491919,-0.616071,-0.075821,0.89816,-0.824273,0.139797,0.46157,-0.619913
88,-0.088108,0.907993,-0.805864,0.141565,0.472589,-0.61318,-0.093502,0.917741,-0.815368,0.14841,0.486364,-0.616495,-0.098029,0.912012,-0.817479,0.123928,0.464223,-0.61506,-0.089779,0.911633,-0.819066,0.130425,0.492157,-0.60961
89,-0.106194,0.907643,-0.800558,0.147281,0.487596,-0.595287,-0.111113,0.912445,-0.808486,0.125781,0.485115,-0.612875,-0.109842,0.914138,-0.807928,0.129143,0.485879,-0.608575,-0.10734,0.914214,-0.813449,0.121154,0.470769,-0.638649
90,-0.124614,0.92156,-0.799494,0.110616,0.480907,-0.621338,-0.134919,0.918652,-0.791023,0.101179,0.500616,-0.612527,-0.123664,0.922181,-0.800064,0.102605,0.49766,-0.599666,-0.134106,0.919287,-0.788049,0.111128,0.496707,-0.604851
91,-0.140861,0.930341,-0.781091,0.101388,0.490859,-0.619972,-0.138989,0.928872,-0.784961,0.117559,0.495496,-0.591456,-0.146352,0.931782,-0.789469,0.092164,0.510824,-0.611074,-0.142587,0.933313,-0.790049,0.103407,0.509673,-0.59643
92,-0.161794,0.935384,-0.773815,0.086462,0.497817,-0.598742,-0.169238,0.942041,-0.773179,0.091676,0.523688,-0.601548,-0.159495,0.932822,-0.765765,0.083568,0.495556,-0.597989,-0.164509,0.944068,-0.773862,0.07203,0.527038,-0.585152
93,-0.173867,0.944217,-0.762026,0.072129,0.51746,-0.589616,-0.179754,0.93744,-0.757402,0.087238,0.514383,-0.599815,-0.182549,0.941254,-0.761227,0.071812,0.50599,-0.59701,-0.179508,0.943597,-0.751748,0.085702,0.507495,-0.573507
94,-0.196581,0.946473,-0.75375,0.076783,0.532921,-0.596238,-0.20294,0.951493,-0.746537,0.05332,0.542731,-0.58623,-0.200946,0.957449,-0.753636,0.07613,0.513831,-0.607203,-0.192902,0.945815,-0.746806,0.052281,0.513991,-0.612631
95,-0.222852,0.959705,-0.74439,0.048519,0.531242,-0.590917,-0.216318,0.948674,-0.73361,0.052296,0.524463,-0.583362,-0.223141,0.966702,-0.73651,0.037414,0.523081,-0.605984,-0.221639,0.952811,-0.729714,0.054108,0.543685,-0.579032
96,-0.238193,0.961398,-0.728631,0.047285,0.52237,-0.571864,-0.246279,0.955154,-0.715525,0.045833,0.521774,-0.566383,-0.231263,0.962525,-0.717719,0.029708,0.530538,-0.571362,-0.23279,0.964061,-0.729894,0.030798,0.548251,-0.580619
97,-0.253984,0.962552,-0.707549,0.028433,0.542788,-0.5757,-0.264433,0.967507,-0.704858,0.02051,0.542932,-0.572216,-0.254501,0.964181,-0.699658,0.030787,0.538104,-0.553447,-0.257439,0.963566,-0.708259,0.033228,0.556426,-0.579129
98,-0.275275,0.978304,-0.688223,0.032526,0.56166,-0.574749,-0.281305,0.962841,-0.694357,0.00595,0.540137,-0.562174,-0.276839,0.963105,-0.690408,9.8e-05,0.560135,-0.587105,-0.267421,0.969647,-0.704466,0.017427,0.549237,-0.559561
99,-0.285686,0.977517,-0.683524,-0.004054,0.559059,-0.561068,-0.295961,0.972092,-0.685044,0.005907,0.557034,-0.548882,-0.296684,0.974333,-0.682465,0.007112,0.575375,-0.57266,-0.294365,0.972761,-0.670151,-0.004711,0.560047,-0.556853
100,-0.319141,0.981138,-0.672405,-0.000544,0.551597,-0.568075,-0.305071,0.976464,-0.66878,-0.005296,0.571458,-0.547843,-0.305432,0.97302,-0.669672,0.00358,0.561497,-0.54482,-0.309149,0.979731,-0.662445,-0.007227,0.568791,-0.549875
101,-0.325329,0.984504,-0.649551,-0.018624,0.577907,-0.551958,-0.314602,0.983303,-0.66164,-0.013055,0.573181,-0.551922,-0.327277,0.987779,-0.658715,-0.03232,0.568864,-0.552333,-0.335231,0.978728,-0.665427,-0.030143,0.564024,-0.566548
102,-0.342465,0.98548,-0.633467,-0.029837,0.554556,-0.526105,-0.346816,0.986925,-0.639511,-0.020845,0.578076,-0.525771,-0.343188,0.985597,-0.642745,-0.053064,0.582109,-0.52657,-0.34264,0.985975,-0.644778,-0.02948,0.589395,-0.529453
103,-0.369009,0.992174,-0.625724,-0.041069,0.58714,-0.542701,-0.357857,0.987787,-0.629677,-0.036083,0.587429,-0.541556,-0.359367,0.990082,-0.627519,-0.048972,0.572146,-0.540743,-0.369461,0.985928,-0.624152,-0.044341,0.569982,-0.535151
104,-0.387135,0.997977,-0.609824,-0.055372,0.569258,-0.520314,-0.37743,0.987771,-0.606433,-0.069226,0.580765,-0.521958,-0.383815,0.989298,-0.613469,-0.061632,0.588743,-0.522418,-0.3874,0.991424,-0.600213,-0.065168,0.59003,-0.530198
105,-0.386168,0.990665,-0.599452,-0.056464,0.584436,-0.524053,-0.394636,0.999629,-0.587962,-0.07974,0.579284,-0.520258,-0.40101,0.989624,-0.599944,-0.062083,0.600366,-0.509316,-0.393744,0.985884,-0.600793,-0.083105,0.593878,-0.512712
106,-0.412814,0.993098,-0.578035,-0.08613,0.601445,-0.523474,-0.408769,0.988452,-0.582169,-0.082284,0.604082,-0.514883,-0.423191,0.995559,-0.583508,-0.084117,0.600797,-0.541246,-0.408725,1.009252,-0.568545,-0.085549,0.590952,-0.510377
107,-0.430411,0.993976,-0.563551,-0.095091,0.630199,-0.488097,-0.43044,0.995339,-0.55706,-0.098688,0.594412,-0.514192,-0.442221,0.997354,-0.565436,-0.103964,0.591946,-0.505703,-0.43372,0.998813,-0.5548,-0.090189,0.602878,-0.509503
108,-0.453605,0.999703,-0.555584,-0.114167,0.603415,-0.495536,-0.449217,0.995234,-0.54764,-0.127346,0.587535,-0.503929,-0.456014,1.004363,-0.554095,-0.105636,0.61623,-0.512203,-0.451464,0.997762,-0.550734,-0.105927,0.606908,-0.491007
109,-0.461398,1.002978,-0.526501,-0.112212,0.599878,-0.512537,-0.464662,0.998016,-0.540632,-0.113314,0.587669,-0.478315,-0.465912,1.004029,-0.528885,-0.123071,0.610092,-0.500836,-0.467951,0.999214,-0.530677,-0.117718,0.593912,-0.504352
110,-0.484696,0.999684,-0.507178,-0.149591,0.615969,-0.482388,-0.489085,0.99286,-0.52255,-0.136396,0.608848,-0.481633,-0.485005,0.999074,-0.515683,-0.111149,0.595611,-0.480961,-0.481212,1.000437,-0.512072,-0.128993,0.600085,-0.488584
111,-0.500932,1.003237,-0.499592,-0.138638,0.626971,-0.467074,-0.496807,0.999001,-0.495175,-0.133267,0.626912,-0.483737,-0.492449,1.000396,-0.502652,-0.133802,0.618132,-0.481098,-0.504035,0.991892,-0.493526,-0.150649,0.609656,-0.478623
112,-0.51192,1.001174,-0.485821,-0.16152,0.619826,-0.470157,-0.516991,1.00296,-0.492671,-0.154277,0.617918,-0.469703,-0.513022,0.997214,-0.486856,-0.157017,0.615093,-0.471699,-0.519394,1.006665,-0.48608,-0.152583,0.648028,-0.457956
113,-0.524822,0.990201,-0.469795,-0.165324,0.635198,-0.479885,-0.527466,0.998804,-0.477129,-0.170342,0.632245,-0.468705,-0.532094,1.004407,-0.470792,-0.178724,0.62474,-0.460753,-0.52913,1.006691,-0.467735,-0.160627,0.607754,-0.444688
114,-0.546616,0.998846,-0.452112,-0.160094,0.612466,-0.45186,-0.543115,0.992137,-0.449604,-0.182795,0.624681,-0.435055,-0.536939,0.999329,-0.467583,-0.18524,0.615085,-0.46268,-0.541029,0.997191,-0.445302,-0.178016,0.639476,-0.454147
115,-0.569646,0.998144,-0.430708,-0.179158,0.634611,-0.436433,-0.558755,1.006332,-0.433304,-0.192391,0.6401,-0.438514,-0.565222,0.994678,-0.429297,-0.187981,0.628219,-0.449076,-0.553128,0.993776,-0.431878,-0.190452,0.618095,-0.437093
116,-0.578312,0.992651,-0.414073,-0.212125,0.615457,-0.423369,-0.575045,0.996731,-0.4167,-0.19693,0.613279,-0.434322,-0.57786,0.995767,-0.417092,-0.203891,0.637544,-0.44584,-0.57857,0.999627,-0.410111,-0.197512,0.63096,-0.442823
117,-0.60043,0.999216,-0.404665,-0.21031,0.636791,-0.419006,-0.591023,0.992644,-0.406208,-0.209777,0.64102,-0.414891,-0.596621,0.991701,-0.409029,-0.204585,0.631908,-0.404742,-0.588237,0.991738,-0.402226,-0.220219,0.617179,-0.417258
118,-0.602624,0.986961,-0.395351,-0.237829,0.64873,-0.422921,-0.609151,0.987535,-0.374405,-0.214549,0.654158,-0.419477,-0.604459,0.993065,-0.386912,-0.212122,0.629945,-0.423371,-0.604958,0.992554,-0.381179,-0.220241,0.647333,-0.40057
119,-0.625134,0.98749,-0.366432,-0.237378,0.642826,-0.401771,-0.61781,0.993516,-0.368429,-0.253773,0.637433,-0.399403,-0.627886,0.987088,-0.359099,-0.244489,0.648516,-0.423285,-0.622872,0.990446,-0.371617,-0.236621,0.643251,-0.412106
120,-0.64256,0.984255,-0.34916,-0.249948,0.644282,-0.385467,-0.635598,0.984611,-0.342914,-0.25428,0.644375,-0.396439,-0.64291,0.989542,-0.350229,-0.244224,0.646171,-0.383451,-0.643514,0.992908,-0.34088,-0.239156,0.650924,-0.404124
121,-0.656638,0.985188,-0.328666,-0.273991,0.640079,-0.374664,-0.651974,0.991196,-0.324644,-0.265817,0.63684,-0.386552,-0.652133,0.98874,-0.324442,-0.266114,0.648431,-0.389408,-0.653282,0.987447,-0.332995,-0.269481,0.653599,-0.40486
122,-0.667494,0.97729,-0.311587,-0.275233,0.647637,-0.392123,-0.662486,0.976107,-0.310843,-0.263814,0.647666,-0.372072,-0.659828,0.977258,-0.313892,-0.283204,0.662297,-0.372017,-0.668496,0.985072,-0.31334,-0.270338,0.645939,-0.373718
123,-0.677364,0.981325,-0.28784,-0.288172,0.66673,-0.370975,-0.681541,0.96877,-0.294355,-0.278448,0.645313,-0.347495,-0.681492,0.982161,-0.291523,-0.280327,0.647467,-0.363653,-0.684197,0.972404,-0.298829,-0.295397,0.65589,-0.358303
124,-0.687477,0.972682,-0.277741,-0.286765,0.637822,-0.373958,-0.690629,0.974575,-0.284889,-0.290182,0.656702,-0.365943,-0.683372,0.973503,-0.283685,-0.291751,0.636127,-0.352496,-0.691414,0.976214,-0.285328,-0.291609,0.638094,-0.360888
125,-0.704372,0.970512,-0.253955,-0.316928,0.637,-0.350662,-0.70244,0.965811,-0.264617,-0.31457,0.642322,-0.333573,-0.706594,0.971103,-0.259389,-0.290671,0.659263,-0.326563,-0.705953,0.963577,-0.255942,-0.311394,0.646713,-0.360233
126,-0.728097,0.961384,-0.243858,-0.304438,0.635397,-0.349439,-0.72108,0.956109,-0.238563,-0.302246,0.651464,-0.334213,-0.722373,0.963696,-0.23796,-0.316277,0.647445,-0.322093,-0.722235,0.961354,-0.239999,-0.320656,0.641163,-0.329102
127,-0.73801,0.959781,-0.220522,-0.324187,0.64886,-0.316112,-0.739576,0.957105,-0.21969,-0.330571,0.625772,-0.331334,-0.732084,0.952172,-0.218839,-0.329704,0.630784,-0.335889,-0.737981,0.955914,-0.224095,-0.32411,0.653423,-0.327321
128,-0.743748,0.95077,-0.189215,-0.348131,0.655764,-0.311757,-0.742977,0.944928,-0.1983,-0.336723,0.65582,-0.308405,-0.740731,0.947531,-0.184808,-0.340201,0.651908,-0.311107,-0.738867,0.951856,-0.201632,-0.333681,0.658512,-0.316103
129,-0.761212,0.93916,-0.186899,-0.344194,0.645381,-0.309825,-0.771846,0.950006,-0.181441,-0.357435,0.66061,-0.31004,-0.752089,0.949757,-0.195783,-0.339127,0.649902,-0.316099,-0.759459,0.933591,-0.178502,-0.350433,0.655586,-0.302464
130,-0.769421,0.939194,-0.172309,-0.350829,0.656557,-0.294111,-0.769345,0.934872,-0.16927,-0.346397,0.632664,-0.302649,-0.764393,0.950518,-0.168608,-0.341631,0.647588,-0.295428,-0.778126,0.937153,-0.168771,-0.360082,0.637543,-0.277083
131,-0.788925,0.927518,-0.153142,-0.342207,0.648359,-0.268036,-0.777255,0.932532,-0.14851,-0.357308,0.638531,-0.286269,-0.7736,0.931226,-0.152243,-0.374176,0.63723,-0.286956,-0.790289,0.925544,-0.143565,-0.368052,0.639251,-0.302976
132,-0.80404,0.918939,-0.134129,-0.383469,0.643116,-0.283443,-0.801707,0.931318,-0.125011,-0.368459,0.652589,-0.250911,-0.792183,0.934323,-0.128513,-0.392537,0.652831,-0.26704,-0.791611,0.925449,-0.130863,-0.374348,0.641417,-0.258925
133,-0.805854,0.916407,-0.116019,-0.386872,0.653283,-0.254433,-0.809147,0.920225,-0.109659,-0.38594,0.642378,-0.253867,-0.791679,0.913842,-0.108752,-0.398715,0.663575,-0.277546,-0.795799,0.91433,-0.108663,-0.390916,0.642888,-0.273228
134,-0.815374,0.905233,-0.095837,-0.375021,0.638429,-0.247831,-0.811212,0.905348,-0.09388,-0.404555,0.64767,-0.254681,-0.822402,0.907184,-0.083643,-0.383789,0.636896,-0.247369,-0.823393,0.905627,-0.094246,-0.393598,0.643955,-0.257964
135,-0.820996,0.89661,-0.072774,-0.392984,0.649746,-0.232944,-0.824753,0.895165,-0.075757,-0.405296,0.632076,-0.238069,-0.826275,0.903339,-0.075829,-0.383844,0.635017,-0.229827,-0.828214,0.900243,-0.065229,-0.40576,0.608208,-0.253292
136,-0.838351,0.894019,-0.048006,-0.443292,0.648714,-0.208327,-0.840299,0.893123,-0.044344,-0.421471,0.625286,-0.222113,-0.839575,0.887852,-0.05436,-0.423713,0.639225,-0.226795,-0.841925,0.890844,-0.0526,-0.411723,0.618237,-0.220429
137,-0.846041,0.874881,-0.039565,-0.438139,0.63279,-0.222201,-0.851707,0.882929,-0.036013,-0.422945,0.647765,-0.203278,-0.852352,0.879232,-0.028477,-0.421676,0.642738,-0.204645,-0.838053,0.887009,-0.029539,-0.426085,0.64733,-0.224818
138,-0.848771,0.860797,-0.021585,-0.416416,0.634633,-0.204739,-0.862024,0.877346,-0.008181,-0.432892,0.630098,-0.208911,-0.856831,0.880184,-0.014978,-0.428802,0.633036,-0.200907,-0.866565,0.871988,-0.020631,-0.413007,0.624711,-0.190496
139,-0.862368,0.866398,0.003734,-0.423062,0.628418,-0.178456,-0.866758,0.85933,8.3e-05,-0.437558,0.621457,-0.191987,-0.86664,0.86473,0.001178,-0.425774,0.630772,-0.2048,-0.858953,0.874091,-0.001947,-0.448614,0.634803,-0.190341
140,-0.876721,0.868522,0.01455,-0.436518,0.613151,-0.177721,-0.878504,0.863133,0.01939,-0.463874,0.62817,-0.184407,-0.883617,0.857775,0.027787,-0.438205,0.603193,-0.169892,-0.878732,0.856759,0.024952,-0.453948,0.619462,-0.179014
141,-0.889568,0.842024,0.03565,-0.451494,0.617412,-0.165636,-0.88179,0.845759,0.045809,-0.454275,0.627708,-0.154968,-0.885263,0.838953,0.033821,-0.457489,0.619884,-0.166188,-0.881298,0.849412,0.035019,-0.460385,0.616835,-0.156465
142,-0.889887,0.837288,0.052051,-0.456841,0.616799,-0.170101,-0.88939,0.836661,0.062895,-0.455824,0.625567,-0.156591,-0.881314,0.824864,0.050048,-0.472406,0.620484,-0.145311,-0.894209,0.830127,0.057827,-0.484892,0.614468,-0.16533
143,-0.904914,0.817503,0.070554,-0.458064,0.602412,-0.153693,-0.900098,0.822051,0.077961,-0.466643,0.610169,-0.135697,-0.897818,0.829001,0.06757,-0.465803,0.609242,-0.142372,-0.901501,0.823532,0.075034,-0.46405,0.616923,-0.155697
144,-0.902466,0.814076,0.096576,-0.481457,0.617687,-0.130682,-0.912985,0.824546,0.098219,-0.45895,0.619536,-0.137943,-0.923503,0.80534,0.103119,-0.460324,0.618968,-0.138912,-0.90319,0.819241,0.104438,-0.507754,0.611143,-0.13777
145,-0.915165,0.808313,0.113615,-0.487521,0.614512,-0.121686,-0.92823,0.795407,0.115394,-0.49851,0.60808,-0.119671,-0.924635,0.798539,0.115778,-0.500971,0.616659,-0.114155,-0.918807,0.805539,0.121913,-0.488885,0.604785,-0.121796
146,-0.921978,0.78848,0.135092,-0.509144,0.596683,-0.096347,-0.916531,0.792489,0.12949,-0.504176,0.601777,-0.106872,-0.932519,0.794119,0.139218,-0.513798,0.60129,-0.102049,-0.922864,0.790978,0.132322,-0.499522,0.599049,-0.098633
147,-0.923781,0.779352,0.146876,-0.52456,0.575488,-0.090321,-0.934981,0.775583,0.147318,-0.496191,0.610424,-0.09526,-0.931061,0.77277,0.160695,-0.498689,0.602311,-0.07304,-0.938038,0.777695,0.161886,-0.491968,0.588246,-0.086666
148,-0.937426,0.763258,0.173433,-0.511589,0.612139,-0.073069,-0.940969,0.771512,0.17747,-0.493255,0.612521,-0.068131,-0.937631,0.765802,0.163725,-0.510609,0.589382,-0.07834,-0.946605,0.775923,0.16339,-0.520763,0.613,-0.092316
149,-0.941691,0.754723,0.187298,-0.509197,0.590819,-0.063394,-0.935853,0.769103,0.188048,-0.512365,0.585305,-0.064998,-0.945804,0.757512,0.188725,-0.519893,0.573273,-0.090276,-0.940601,0.760834,0.191073,-0.532274,0.595712,-0.073017
150,-0.954168,0.746916,0.211097,-0.52135,0.595239,-0.057071,-0.951248,0.740564,0.202495,-0.531163,0.577399,-0.054206,-0.950192,0.73939,0.216944,-0.527356,0.577972,-0.060883,-0.947364,0.740417,0.208777,-0.544639,0.569991,-0.045226
151,-0.956529,0.72933,0.238651,-0.529485,0.592497,-0.043961,-0.956304,0.725469,0.226348,-0.52298,0.582091,-0.052242,-0.956974,0.728557,0.226294,-0.547622,0.572149,-0.055769,-0.956218,0.726059,0.22305,-0.527248,0.587679,-0.043284
152,-0.96112,0.709825,0.244432,-0.536932,0.582801,-0.038366,-0.967503,0.711505,0.239404,-0.545109,0.571947,-0.029795,-0.963811,0.705657,0.244624,-0.533351,0.576029,-0.018513,-0.960319,0.712249,0.242094,-0.54499,0.574931,-0.026737
153,-0.967595,0.704266,0.262144,-0.548369,0.570436,-0.037956,-0.964818,0.70668,0.260861,-0.56266,0.572463,-0.020753,-0.965601,0.714286,0.266066,-0.532498,0.559967,-0.02656,-0.968298,0.702978,0.259495,-0.54373,0.596058,-0.013208
154,-0.965204,0.691455,0.278891,-0.542472,0.579543,-0.00973,-0.978822,0.691567,0.287509,-0.580442,0.574378,-0.009976,-0.973718,0.693541,0.281676,-0.551016,0.586591,-0.003648,-0.979213,0.694959,0.276965,-0.545181,0.566308,-0.01839
155,-0.97866,0.681489,0.292468,-0.563062,0.560323,-0.022914,-0.975969,0.663323,0.298365,-0.563226,0.553727,-0.004106,-0.976103,0.681701,0.304464,-0.568398,0.562692,0.003024,-0.962947,0.670786,0.296245,-0.570671,0.552669,0.014378
156,-0.977942,0.662739,0.322671,-0.569042,0.567586,0.016899,-0.983738,0.661509,0.314745,-0.578621,0.554009,0.003298,-0.977645,0.665305,0.313977,-0.572693,0.539611,0.03448,-0.977142,0.658827,0.316743,-0.580429,0.560539,0.02304
157,-0.988741,0.642235,0.33363,-0.570555,0.543406,0.019916,-0.989873,0.648441,0.33811,-0.584252,0.544163,0.011559,-0.994813,0.648773,0.342442,-0.552084,0.534502,0.021092,-0.978805,0.644275,0.336907,-0.561568,0.53573,0.02377
158,-0.98926,0.631424,0.355139,-0.584745,0.547679,0.036526,-0.983213,0.637958,0.355041,-0.580298,0.536921,0.038624,-0.99058,0.629198,0.355928,-0.569499,0.541804,0.027629,-0.980916,0.626177,0.360388,-0.594861,0.543593,0.045257
159,-1.003773,0.60831,0.371252,-0.581583,0.520809,0.044532,-0.994236,0.614149,0.365306,-0.581196,0.532113,0.069501,-0.982921,0.617031,0.368489,-0.56597,0.537936,0.054322,-0.993794,0.630015,0.369363,-0.591803,0.536539,0.053436
160,-0.990645,0.604896,0.387806,-0.580174,0.530007,0.06117,-1.000919,0.601683,0.37992,-0.598503,0.51672,0.066279,-0.987276,0.597696,0.390434,-0.589701,0.540307,0.060707,-0.999718,0.60794,0.38719,-0.593518,0.514802,0.07676
161,-0.995803,0.588262,0.401556,-0.591777,0.532667,0.080967,-0.998251,0.583889,0.402345,-0.587941,0.53251,0.083807,-0.985013,0.598485,0.396129,-0.600988,0.519637,0.095667,-0.990244,0.59399,0.40312,-0.595508,0.515421,0.061741
162,-0.997721,0.577213,0.423887,-0.601215,0.526334,0.078521,-0.99362,0.582638,0.423972,-0.588883,0.520672,0.107892,-0.997482,0.573347,0.415249,-0.607989,0.515323,0.065412,-1.001819,0.580052,0.41716,-0.572069,0.527463,0.091814
163,-1.003587,0.563635,0.440633,-0.603779,0.485444,0.105984,-0.993263,0.554176,0.434929,-0.60294,0.502108,0.09165,-1.002971,0.554546,0.43425,-0.609869,0.507624,0.098953,-0.995583,0.569424,0.439626,-0.599937,0.510525,0.105642
164,-1.004339,0.534783,0.452022,-0.603945,0.491188,0.100905,-0.993613,0.53766,0.457532,-0.611846,0.492142,0.122965,-1.006828,0.536933,0.454472,-0.591075,0.484392,0.112553,-1.000387,0.540887,0.463217,-0.60737,0.509921,0.096916
165,-1.004518,0.529611,0.466816,-0.619957,0.482584,0.10941,-1.000881,0.522851,0.479133,-0.62948,0.479893,0.107422,-1.005224,0.517647,0.474908,-0.594707,0.477272,0.129677,-1.00204,0.535861,0.47979,-0.613249,0.484855,0.119775
166,-1.004205,0.510182,0.49644,-0.622855,0.4916,0.125494,-0.999728,0.504988,0.500688,-0.60197,0.472509,0.105767,-0.992081,0.514596,0.487645,-0.597218,0.463973,0.121439,-1.00229,0.512056,0.486933,-0.638309,0.476474,0.124954
167,-0.996574,0.496752,0.506266,-0.623728,0.461025,0.152404,-0.999338,0.491495,0.501697,-0.609901,0.473675,0.145469,-1.004046,0.485468,0.511393,-0.614736,0.48696,0.157559,-1.003787,0.4985,0.498149,-0.623798,0.470425,0.157095
168,-1.010055,0.47321,0.516641,-0.609732,0.470049,0.148478,-0.999656,0.473369,0.518004,-0.625808,0.462099,0.151458,-0.995583,0.472414,0.520742,-0.613244,0.469115,0.158349,-1.006059,0.481631,0.527733,-0.616306,0.471762,0.17123
169,-0.984472,0.452334,0.549254,-0.60772,0.451394,0.156384,-0.994566,0.457164,0.543988,-0.621325,0.449815,0.169236,-1.003029,0.461977,0.541081,-0.615303,0.445372,0.158942,-1.003909,0.461829,0.539603,-0.625401,0.443101,0.180269
170,-0.994687,0.448889,0.562348,-0.6331,0.459598,0.172563,-0.991733,0.447498,0.555944,-0.631971,0.459377,0.185926,-1.00108,0.445853,0.558662,-0.62844,0.449385,0.169809,-0.996312,0.449382,0.560295,-0.618157,0.452196,0.200307
171,-0.998622,0.431792,0.571898,-0.627464,0.44004,0.193642,-0.994998,0.42634,0.572586,-0.637483,0.425298,0.198279,-0.993649,0.424056,0.563999,-0.621035,0.443838,0.203992,-0.997322,0.424285,0.562465,-0.635538,0.419337,0.202763
172,-0.984855,0.408368,0.581463,-0.638593,0.427943,0.19329,-0.988282,0.407924,0.583762,-0.623207,0.426708,0.192277,-1.002114,0.414025,0.585799,-0.629189,0.436228,0.200061,-0.985402,0.412203,0.591913,-0.636914,0.419472,0.232113
173,-0.997739,0.396757,0.602117,-0.631861,0.429922,0.192474,-0.997625,0.397744,0.599959,-0.632574,0.422204,0.209765,-0.990441,0.396954,0.595467,-0.642967,0.395201,0.231483,-0.994873,0.388579,0.596057,-0.638544,0.419479,0.205063
174,-0.990454,0.370774,0.610939,-0.625131,0.427914,0.21387,-0.995583,0.384701,0.616921,-0.641245,0.397967,0.224742,-0.98602,0.365856,0.606005,-0.635833,0.399459,0.227798,-0.987829,0.37884,0.614208,-0.625886,0.418708,0.22708
175,-0.997912,0.36261,0.633022,-0.637298,0.382132,0.220162,-0.98444,0.360902,0.62333,-0.647477,0.420036,0.22392,-0.992859,0.353771,0.628686,-0.631935,0.38725,0.242455,-0.980746,0.361469,0.625317,-0.635055,0.39672,0.233683
176,-0.977939,0.339504,0.641445,-0.645341,0.398959,0.248627,-0.984898,0.34049,0.646088,-0.641065,0.400635,0.254294,-0.985207,0.344621,0.638965,-0.656121,0.40239,0.267272,-0.984912,0.341118,0.63848,-0.649527,0.396837,0.262065
177,-0.98336,0.322273,0.653483,-0.642855,0.37919,0.260317,-0.991529,0.320789,0.651414,-0.639558,0.380823,0.277683,-0.984069,0.318369,0.66074,-0.65422,0.387595,0.26583,-0.984377,0.32247,0.655134,-0.631288,0.37934,0.254167
178,-0.976822,0.305452,0.670448,-0.643806,0.375192,0.264128,-0.97311,0.304216,0.67365,-0.643915,0.364599,0.289893,-0.968956,0.313172,0.673809,-0.655522,0.35722,0.284702,-0.97763,0.303781,0.680578,-0.665887,0.359549,0.290869
179,-0.969473,0.283104,0.686381,-0.647104,0.364955,0.282754,-0.963255,0.289715,0.687374,-0.64735,0.357387,0.281987,-0.970071,0.283174,0.68583,-0.627316,0.356224,0.271229,-0.974325,0.289959,0.682235,-0.639302,0.356913,0.285473
180,-0.97545,0.264948,0.713302,-0.641111,0.355135,0.279026,-0.966565,0.260031,0.698784,-0.656746,0.354445,0.291071,-0.966265,0.271424,0.704476,-0.657345,0.382395,0.297348,-0.972239,0.269365,0.702272,-0.658852,0.367951,0.307407
181,-0.962615,0.257734,0.710379,-0.647894,0.354665,0.293607,-0.953485,0.25602,0.721331,-0.636391,0.344722,0.299384,-0.961901,0.243853,0.708361,-0.643278,0.341178,0.313027,-0.970462,0.25224,0.713609,-0.659625,0.355278,0.313255
182,-0.958444,0.230531,0.728087,-0.645375,0.344375,0.322647,-0.961174,0.239675,0.726941,-0.650222,0.343739,0.342536,-0.956407,0.236,0.720038,-0.65275,0.326152,0.312365,-0.956235,0.227112,0.722033,-0.638539,0.346945,0.321593
183,-0.945992,0.221281,0.742487,-0.663839,0.31481,0.323635,-0.956904,0.225301,0.744235,-0.64135,0.318774,0.321746,-0.942846,0.210419,0.737983,-0.655857,0.327293,0.313116,-0.949584,0.221766,0.742756,-0.639472,0.324644,0.332782
184,-0.942553,0.189283,0.747115,-0.638291,0.306612,0.333921,-0.947978,0.2,0.750519,-0.650038,0.317142,0.321187,-0.953365,0.195708,0.752654,-0.65891,0.323832,0.321922,-0.940706,0.187221,0.751963,-0.637315,0.295312,0.337824
185,-0.952624,0.178397,0.764889,-0.641453,0.298182,0.353483,-0.941353,0.180131,0.75343,-0.653056,0.307289,0.363582,-0.94463,0.182939,0.766324,-0.652576,0.302221,0.33699,-0.937894,0.176539,0.757874,-0.62816,0.278289,0.331284
186,-0.932894,0.158858,0.774512,-0.659653,0.288764,0.369844,-0.924936,0.147328,0.780253,-0.654243,0.29392,0.339373,-0.932141,0.165801,0.774948,-0.643837,0.279605,0.367018,-0.944456,0.161758,0.786358,-0.644242,0.28913,0.36245
187,-0.936478,0.142878,0.788914,-0.636454,0.274936,0.378997,-0.932264,0.136803,0.780146,-0.659101,0.26163,0.357362,-0.923711,0.13951,0.783926,-0.635169,0.28147,0.384236,-0.92968,0.142321,0.790115,-0.644862,0.272184,0.360648
188,-0.925527,0.119275,0.800804,-0.645779,0.267759,0.381522,-0.918857,0.11513,0.793863,-0.653515,0.263344,0.371985,-0.928005,0.122741,0.793738,-0.640682,0.246938,0.363361,-0.918132,0.116475,0.798177,-0.638568,0.252003,0.389159
189,-0.915218,0.103845,0.816943,-0.640376,0.242705,0.389444,-0.915319,0.101793,0.818677,-0.631107,0.256255,0.389623,-0.907564,0.104691,0.801759,-0.640306,0.247979,0.363973,-0.912721,0.106752,0.803311,-0.654919,0.26142,0.40118
190,-0.895385,0.076126,0.818945,-0.625058,0.248693,0.403804,-0.91553,0.085781,0.818048,-0.647926,0.236765,0.402271,-0.906358,0.084976,0.809358,-0.646005,0.242275,0.382027,-0.898468,0.079676,0.819044,-0.639184,0.251914,0.392228
191,-0.908468,0.062308,0.838077,-0.645968,0.214296,0.400922,-0.899462,0.061467,0.832745,-0.646202,0.235554,0.398094,-0.891767,0.060951,0.822269,-0.629408,0.21899,0.396379,-0.897548,0.066558,0.827726,-0.642225,0.24396,0.424103
192,-0.891239,0.041099,0.835971,-0.636661,0.228354,0.424342,-0.89349,0.044893,0.841937,-0.629714,0.205286,0.415658,-0.884655,0.048729,0.844959,-0.643721,0.213731,0.422965,-0.881792,0.043377,0.843784,-0.647941,0.234066,0.41394
193,-0.885528,0.025905,0.856091,-0.63091,0.211806,0.413283,-0.87764,0.023551,0.848672,-0.629156,0.208056,0.432916,-0.875918,0.033683,0.847513,-0.629121,0.21848,0.414872,-0.876337,0.022881,0.848773,-0.637273,0.197385,0.434484
194,-0.870905,0.014821,0.854857,-0.640018,0.211459,0.4443,-0.872096,0.004566,0.859319,-0.630302,0.216529,0.424521,-0.875623,0.004803,0.859724,-0.627301,0.178783,0.413933,-0.864387,0.006613,0.861954,-0.634885,0.185224,0.438349
195,-0.86035,-0.00488,0.867239,-0.635327,0.191298,0.469361,-0.85834,-0.010515,0.87183,-0.629583,0.190457,0.433642,-0.865821,-0.012568,0.879054,-0.634264,0.188611,0.438145,-0.85959,-0.011247,0.86383,-0.621789,0.173311,0.448174
196,-0.855447,-0.025527,0.884617,-0.630637,0.185716,0.456348,-0.853878,-0.032143,0.880679,-0.632653,0.190846,0.452869,-0.851815,-0.024418,0.873812,-0.619619,0.198557,0.459729,-0.854282,-0.03341,0.871625,-0.619406,0.170626,0.462436
197,-0.849645,-0.054572,0.885847,-0.626284,0.170741,0.469192,-0.851951,-0.048596,0.889079,-0.638886,0.173275,0.452297,-0.844377,-0.054289,0.885593,-0.624155,0.170273,0.451591,-0.84657,-0.049028,0.886419,-0.617866,0.163577,0.469755
198,-0.82969,-0.066229,0.899522,-0.612654,0.152472,0.470799,-0.833859,-0.070843,0.894265,-0.608015,0.154084,0.485862,-0.82852,-0.062234,0.895286,-0.614672,0.152231,0.464092,-0.822869,-0.068375,0.898314,-0.607775,0.141171,0.481983
199,-0.823699,-0.089951,0.906234,-0.613037,0.142524,0.488935,-0.81799,-0.093525,0.899313,-0.604937,0.14181,0.464767,-0.815233,-0.089034,0.901772,-0.604017,0.159199,0.478513,-0.823716,-0.081708,0.904515,-0.617956,0.125339,0.484873
200,-0.805153,-0.10411,0.923241,-0.621475,0.114061,0.472473,-0.804476,-0.105817,0.914343,-0.617681,0.122896,0.473924,-0.809483,-0.106336,0.914009,-0.613534,0.11177,0.501566,-0.803494,-0.109628,0.907219,-0.603228,0.13228,0.495619
201,-0.793345,-0.124663,0.913035,-0.619394,0.118404,0.493964,-0.802278,-0.126295,0.927406,-0.594838,0.122655,0.486161,-0.79427,-0.123082,0.925409,-0.608491,0.105508,0.47683,-0.792482,-0.129537,0.922413,-0.600136,0.104458,0.501786
202,-0.78117,-0.148953,0.926944,-0.612293,0.104165,0.504446,-0.781778,-0.14536,0.9298,-0.610422,0.094449,0.516567,-0.785498,-0.142548,0.926271,-0.611053,0.103549,0.48571,-0.788712,-0.142344,0.93379,-0.603964,0.102036,0.523574
203,-0.777353,-0.161768,0.935818,-0.611349,0.085395,0.520803,-0.774547,-0.162517,0.939927,-0.611803,0.092097,0.517207,-0.774712,-0.165939,0.937708,-0.60147,0.087277,0.505711,-0.778576,-0.163838,0.935516,-0.607705,0.088373,0.513812
204,-0.768554,-0.17945,0.950111,-0.591789,0.095374,0.536686,-0.761172,-0.179571,0.933693,-0.605486,0.088846,0.52495,-0.762396,-0.176824,0.935045,-0.595441,0.090693,0.525574,-0.754967,-0.17249,0.938541,-0.580685,0.074187,0.51577
205,-0.754495,-0.191823,0.949515,-0.59003,0.071266,0.511163,-0.751359,-0.202316,0.953674,-0.582053,0.062565,0.525457,-0.750748,-0.198775,0.949124,-0.58728,0.0645,0.51818,-0.750118,-0.197326,0.954797,-0.589387,0.08558,0.524269
206,-0.738576,-0.22329,0.952858,-0.577794,0.047002,0.536609,-0.731481,-0.221741,0.964177,-0.586531,0.058571,0.551842,-0.736775,-0.216147,0.951833,-0.59937,0.045166,0.532544,-0.733245,-0.220435,0.95082,-0.585887,0.045216,0.536028
207,-0.724098,-0.230897,0.951744,-0.582264,0.041009,0.541102,-0.729441,-0.228879,0.958034,-0.584788,0.049289,0.545661,-0.731292,-0.231337,0.957136,-0.57804,0.034599,0.542021,-0.72904,-0.228197,0.96304,-0.581261,0.038883,0.535906
208,-0.710551,-0.258332,0.96253,-0.56674,0.019324,0.53676,-0.709013,-0.254642,0.96373,-0.56981,0.019766,0.555416,-0.71237,-0.249988,0.96697,-0.584701,0.040768,0.530204,-0.718119,-0.255546,0.971601,-0.570771,0.030963,0.542628
209,-0.697347,-0.265057,0.965806,-0.579383,0.011682,0.55541,-0.694841,-0.264805,0.969275,-0.551498,0.022702,0.542763,-0.692683,-0.275008,0.970594,-0.583475,0.029188,0.571634,-0.695747,-0.274448,0.977451,-0.55543,0.016704,0.553195
210,-0.680748,-0.279825,0.963664,-0.562189,0.023557,0.546129,-0.679746,-0.28809,0.970249,-0.564978,-0.016099,0.557045,-0.687777,-0.287489,0.976482,-0.565462,-0.004586,0.545459,-0.683713,-0.278307,0.980086,-0.545693,0.006396,0.576939
211,-0.671173,-0.311858,0.977297,-0.560652,-0.00857,0.572821,-0.670951,-0.304926,0.983495,-0.563941,-0.020254,0.573729,-0.674818,-0.302612,0.980202,-0.541934,-0.017996,0.562378,-0.678052,-0.31379,0.982499,-0.573961,0.003383,0.547661
212,-0.651262,-0.330664,0.97742,-0.56504,-0.031233,0.559675,-0.651833,-0.31845,0.981302,-0.533917,-0.015798,0.573009,-0.660351,-0.327766,0.988165,-0.535175,-0.00169,0.568492,-0.650879,-0.329497,0.992174,-0.529778,-0.008975,0.558286
213,-0.6364,-0.345449,0.975812,-0.551194,-0.039837,0.571475,-0.638769,-0.338025,0.983982,-0.527333,-0.00801,0.570331,-0.644114,-0.344733,0.980209,-0.534868,-0.037928,0.564034,-0.635916,-0.352467,0.97877,-0.55187,-0.015988,0.586555
214,-0.621933,-0.355559,0.993722,-0.532693,-0.043004,0.566474,-0.630864,-0.357062,0.983692,-0.547209,-0.047174,0.583767,-0.620764,-0.356793,0.984129,-0.545235,-0.049192,0.589255,-0.625474,-0.357853,0.993966,-0.539446,-0.047507,0.579552
215,-0.619282,-0.379313,0.996726,-0.521189,-0.061009,0.579141,-0.604463,-0.38255,0.983347,-0.520904,-0.066288,0.576769,-0.612907,-0.384417,0.990583,-0.514415,-0.053143,0.560885,-0.607562,-0.380283,0.997283,-0.534203,-0.046866,0.569567
216,-0.59646,-0.395796,0.983555,-0.51743,-0.076168,0.575607,-0.59549,-0.395168,0.997285,-0.529789,-0.065919,0.574762,-0.596038,-0.397921,0.992653,-0.538326,-0.04681,0.59327,-0.593478,-0.396635,0.990496,-0.513712,-0.054677,0.57793
217,-0.589899,-0.417416,1.006029,-0.516551,-0.07967,0.60244,-0.585907,-0.411754,0.991242,-0.504947,-0.073542,0.603699,-0.587737,-0.406214,0.994705,-0.515624,-0.10296,0.592038,-0.577331,-0.41312,0.989872,-0.512932,-0.080564,0.59449
218,-0.570963,-0.416184,1.001433,-0.517269,-0.089908,0.599294,-0.563675,-0.426072,0.997631,-0.500327,-0.075227,0.601284,-0.565308,-0.438404,0.992723,-0.499295,-0.092116,0.61811,-0.571318,-0.429463,0.98801,-0.515506,-0.097659,0.60483
219,-0.547561,-0.451495,1.001742,-0.520321,-0.110011,0.605001,-0.555619,-0.45032,0.99588,-0.508088,-0.100423,0.587336,-0.544595,-0.447913,0.998933,-0.489783,-0.101206,0.61237,-0.55048,-0.448689,0.999908,-0.492345,-0.097518,0.606056
220,-0.533165,-0.464419,1.001847,-0.497672,-0.110546,0.619846,-0.534524,-0.465595,0.994173,-0.472587,-0.111634,0.605289,-0.53093,-0.461176,0.998419,-0.489842,-0.100843,0.607327,-0.534568,-0.4673,0.991806,-0.481674,-0.113741,0.602696
221,-0.524388,-0.479679,1.002103,-0.474578,-0.103536,0.623564,-0.515493,-0.475878,0.999751,-0.492287,-0.140851,0.606714,-0.517363,-0.471376,1.003214,-0.489678,-0.128047,0.605493,-0.5162,-0.478926,0.997486,-0.482767,-0.112917,0.630514
222,-0.495864,-0.496694,1.00285,-0.470862,-0.142194,0.62612,-0.504506,-0.498494,0.994779,-0.47522,-0.155567,0.619997,-0.509668,-0.498166,0.997495,-0.46825,-0.147215,0.625729,-0.505815,-0.505414,1.007764,-0.474562,-0.114047,0.614711
223,-0.478403,-0.50852,0.99599,-0.453331,-0.166503,0.65311,-0.491787,-0.510265,1.000181,-0.471751,-0.147965,0.617489,-0.480863,-0.511342,0.993726,-0.470285,-0.144601,0.617467,-0.476876,-0.509411,1.005085,-0.460501,-0.175444,0.624199
224,-0.471953,-0.526098,0.995038,-0.463605,-0.178038,0.611069,-0.461364,-0.524756,1.000939,-0.470197,-0.157144,0.611436,-0.475793,-0.534661,1.002347,-0.465604,-0.163154,0.625922,-0.472853,-0.526657,0.996526,-0.469991,-0.172342,0.615528
225,-0.455681,-0.536642,1.003729,-0.457036,-0.179545,0.620323,-0.449727,-0.539509,1.006044,-0.436412,-0.174163,0.637273,-0.459288,-0.54974,0.999549,-0.426563,-0.173171,0.62543,-0.458845,-0.537111,0.998763,-0.453047,-0.159142,0.61179
226,-0.443575,-0.558275,0.998239,-0.42877,-0.183159,0.609483,-0.432041,-0.555469,1.00144,-0.429617,-0.174163,0.628401,-0.442955,-0.549539,1.008537,-0.425654,-0.201428,0.637996,-0.433001,-0.551291,0.989545,-0.442633,-0.20352,0.645421
227,-0.419053,-0.57449,1.005929,-0.432707,-0.182611,0.634524,-0.425664,-0.570878,0.996814,-0.44998,-0.225882,0.627598,-0.420945,-0.570855,0.992481,-0.429008,-0.209215,0.642328,-0.407445,-0.576495,0.993015,-0.441184,-0.202461,0.637242
228,-0.39499,-0.586262,0.990645,-0.420729,-0.217008,0.635153,-0.396975,-0.593039,0.990469,-0.407168,-0.193707,0.643901,-0.400683,-0.583492,1.001741,-0.415988,-0.209824,0.641103,-0.408554,-0.594373,0.996743,-0.416182,-0.20814,0.645861
229,-0.380114,-0.609845,0.995084,-0.411771,-0.211405,0.641815,-0.385003,-0.604502,0.996035,-0.405226,-0.242237,0.643944,-0.384352,-0.606693,0.994393,-0.419661,-0.226762,0.622812,-0.381518,-0.604022,0.98946,-0.398687,-0.198486,0.650133
230,-0.363072,-0.621925,0.984508,-0.393405,-0.225539,0.640837,-0.375248,-0.621601,0.981807,-0.414868,-0.219526,0.663836,-0.372997,-0.622362,1.001924,-0.413223,-0.2268,0.643533,-0.369326,-0.622606,0.991446,-0.393235,-0.229959,0.63471
231,-0.348343,-0.635369,0.981731,-0.379955,-0.244193,0.633485,-0.352309,-0.634702,0.980267,-0.392628,-0.24562,0.653095,-0.344905,-0.640215,0.984532,-0.393703,-0.239955,0.65603,-0.358469,-0.641645,0.982507,-0.397686,-0.251218,0.632135
232,-0.331971,-0.648957,0.975708,-0.393008,-0.259137,0.633166,-0.329714,-0.650205,0.990069,-0.396675,-0.264287,0.639823,-0.33612,-0.651888,0.993074,-0.390806,-0.261456,0.645875,-0.338878,-0.652841,0.979947,-0.389943,-0.244353,0.635583
233,-0.319151,-0.663567,0.986513,-0.384615,-0.290513,0.63267,-0.325939,-0.667275,0.990286,-0.363631,-0.266251,0.639872,-0.320644,-0.666067,0.976764,-0.388037,-0.274169,0.632321,-0.317049,-0.664945,0.979791,-0.372207,-0.260786,0.641873
234,-0.298658,-0.68541,0.971117,-0.364635,-0.267673,0.630204,-0.29598,-0.684181,0.97288,-0.376197,-0.289532,0.644809,-0.293042,-0.670938,0.970364,-0.355829,-0.295946,0.652121,-0.299034,-0.680591,0.977642,-0.37641,-0.282948,0.633373
235,-0.277841,-0.688641,0.968629,-0.336626,-0.276649,0.662114,-0.285684,-0.687223,0.97989,-0.357182,-0.279177,0.637948,-0.282428,-0.681338,0.965667,-0.354595,-0.300686,0.636566,-0.282714,-0.693476,0.974419,-0.355477,-0.303638,0.649102
236,-0.264923,-0.711635,0.961247,-0.335262,-0.314731,0.628163,-0.254349,-0.706006,0.965696,-0.353971,-0.3076,0.645303,-0.27062,-0.698954,0.963885,-0.343848,-0.300851,0.633351,-0.257082,-0.700725,0.969444,-0.353607,-0.293094,0.650971
237,-0.246292,-0.726853,0.965991,-0.333424,-0.319439,0.657673,-0.238118,-0.723833,0.966163,-0.34678,-0.297721,0.624616,-0.242488,-0.720742,0.96974,-0.340608,-0.314059,0.636827,-0.238562,-0.72394,0.963555,-0.340386,-0.311496,0.644436
238,-0.227709,-0.730696,0.952028,-0.319764,-0.318229,0.653328,-0.22895,-0.725687,0.959989,-0.348498,-0.313427,0.647089,-0.231103,-0.729802,0.96422,-0.331924,-0.311093,0.644443,-0.2191,-0.746871,0.950997,-0.333549,-0.330149,0.658761
239,-0.204629,-0.742487,0.946501,-0.302077,-0.336989,0.64586,-0.208286,-0.750323,0.949098,-0.32813,-0.315369,0.657281,-0.214988,-0.749687,0.95232,-0.314693,-0.330797,0.645806,-0.20858,-0.738251,0.951948,-0.315691,-0.32935,0.642465
240,-0.190253,-0.745116,0.94107,-0.31028,-0.338206,0.645774,-0.189705,-0.760532,0.938159,-0.30207,-0.337373,0.655006,-0.185105,-0.761212,0.941903,-0.281734,-0.334145,0.646561,-0.189127,-0.759957,0.93809,-0.317295,-0.334103,0.670172
241,-0.166134,-0.776082,0.93893,-0.299058,-0.355612,0.650275,-0.168386,-0.762202,0.932597,-0.282279,-0.358292,0.639386,-0.16458,-0.769743,0.937909,-0.292206,-0.355826,0.642163,-0.173263,-0.770037,0.936386,-0.310143,-0.358868,0.633343
242,-0.152719,-0.782044,0.940555,-0.286297,-0.380858,0.644433,-0.146425,-0.777129,0.934653,-0.27129,-0.359992,0.655979,-0.148582,-0.776637,0.933478,-0.290741,-0.355825,0.637089,-0.156493,-0.788338,0.925104,-0.290862,-0.366726,0.653446
243,-0.134896,-0.796232,0.915238,-0.269877,-0.38329,0.651573,-0.139758,-0.787823,0.928985,-0.263907,-0.371433,0.63471,-0.126135,-0.793772,0.930436,-0.252458,-0.359912,0.651955,-0.124193,-0.798553,0.920077,-0.261017,-0.367866,0.637793
244,-0.112824,-0.808548,0.921304,-0.265872,-0.388931,0.650124,-0.111493,-0.805794,0.91597,-0.253205,-0.399419,0.629244,-0.115753,-0.79826,0.916624,-0.261473,-0.389043,0.635427,-0.112372,-0.808418,0.925415,-0.274343,-0.383533,0.657486
245,-0.092825,-0.823544,0.913493,-0.248682,-0.399223,0.65361,-0.098679,-0.81295,0.903767,-0.244631,-0.389702,0.637711,-0.098342,-0.822765,0.907153,-0.246181,-0.39717,0.636484,-0.095594,-0.806931,0.912695,-0.271255,-0.381204,0.66896
246,-0.072673,-0.832195,0.907832,-0.233403,-0.410383,0.632051,-0.078297,-0.833038,0.899559,-0.227844,-0.397738,0.652708,-0.078855,-0.822548,0.900005,-0.228238,-0.386935,0.640712,-0.078123,-0.8226,0.90477,-0.226865,-0.404305,0.633973
247,-0.063121,-0.841353,0.89221,-0.230635,-0.409655,0.64984,-0.051808,-0.835141,0.888942,-0.22892,-0.418662,0.644144,-0.049686,-0.837539,0.895268,-0.241005,-0.392081,0.624117,-0.052877,-0.833468,0.890232,-0.212437,-0.411672,0.633078
248,-0.03683,-0.839319,0.880447,-0.213937,-0.402266,0.630667,-0.032884,-0.855447,0.878464,-0.218146,-0.436069,0.620851,-0.026494,-0.854429,0.886847,-0.21027,-0.430285,0.639681,-0.037898,-0.845963,0.877598,-0.213588,-0.419538,0.642282
249,-0.017956,-0.865586,0.874699,-0.199429,-0.439163,0.627805,-0.018423,-0.855946,0.87965,-0.203803,-0.426561,0.618561,-0.012444,-0.863775,0.875015,-0.194299,-0.421381,0.631643,-0.013432,-0.853813,0.880493,-0.204808,-0.445684,0.622302
250,-0.002491,-0.862433,0.870537,-0.198341,-0.430937,0.622449,0.011609,-0.862109,0.867442,-0.192899,-0.429454,0.626155,0.00691,-0.866168,0.869078,-0.178844,-0.434878,0.623687,0.004174,-0.859635,0.8653,-0.189436,-0.447127,0.64148
251,0.022603,-0.875857,0.859661,-0.195902,-0.452752,0.630566,0.016881,-0.874792,0.855627,-0.177165,-0.443661,0.627394,0.014792,-0.875331,0.850255,-0.160858,-0.444439,0.632947,0.029056,-0.864908,0.853219,-0.158743,-0.451485,0.633733
252,0.043457,-0.889565,0.842258,-0.178731,-0.476107,0.605247,0.044097,-0.880496,0.849638,-0.158417,-0.470666,0.626345,0.041239,-0.887876,0.85356,-0.157941,-0.45882,0.641154,0.040023,-0.890604,0.843705,-0.179161,-0.460688,0.609336
253,0.052579,-0.890182,0.832359,-0.151252,-0.457892,0.610874,0.051262,-0.893278,0.838617,-0.139648,-0.470505,0.608366,0.062715,-0.88123,0.834074,-0.164949,-0.451992,0.620159,0.056924,-0.888399,0.841807,-0.157119,-0.467479,0.62106
254,0.079202,-0.903489,0.827721,-0.14889,-0.46597,0.61977,0.080787,-0.897298,0.830196,-0.13815,-0.485037,0.616734,0.070666,-0.900361,0.829912,-0.126908,-0.47064,0.598629,0.072045,-0.902798,0.82279,-0.156811,-0.467809,0.621734
255,0.101191,-0.907169,0.823226,-0.134607,-0.469816,0.605726,0.088073,-0.906403,0.809226,-0.12239,-0.496834,0.629524,0.091544,-0.905713,0.825526,-0.114754,-0.483514,0.598612,0.101318,-0.906694,0.812189,-0.133998,-0.485355,0.598731
256,0.110179,-0.921766,0.804521,-0.119362,-0.500035,0.625565,0.117444,-0.92137,0.810553,-0.116461,-0.472138,0.614768,0.110054,-0.916854,0.799156,-0.123869,-0.493684,0.605815,0.115523,-0.920484,0.805719,-0.119637,-0.47748,0.612201
257,0.125031,-0.92402,0.797862,-0.123483,-0.484303,0.600097,0.131934,-0.926395,0.789994,-0.108634,-0.502492,0.608679,0.139431,-0.923425,0.795488,-0.107266,-0.500651,0.620769,0.123487,-0.922305,0.801149,-0.121172,-0.507814,0.598399
258,0.154883,-0.932469,0.779261,-0.119788,-0.51349,0.611376,0.155748,-0.933875,0.778556,-0.073508,-0.485799,0.607542,0.147573,-0.919783,0.789696,-0.094386,-0.499871,0.604278,0.152781,-0.92842,0.78573,-0.093154,-0.501848,0.613273
259,0.170365,-0.93619,0.772532,-0.082753,-0.505831,0.585693,0.162431,-0.935079,0.766385,-0.102712,-0.50638,0.587643,0.172104,-0.932522,0.765794,-0.084777,-0.507775,0.591288,0.173114,-0.94083,0.771894,-0.078221,-0.504909,0.608008
260,0.18767,-0.953284,0.755427,-0.085029,-0.500329,0.586601,0.186361,-0.936258,0.759421,-0.072833,-0.523284,0.590446,0.189676,-0.937725,0.763382,-0.082658,-0.517934,0.594653,0.193909,-0.948929,0.762934,-0.080798,-0.52995,0.575262
261,0.221517,-0.950388,0.746748,-0.066749,-0.525809,0.590034,0.204017,-0.936348,0.742047,-0.045363,-0.525698,0.584124,0.205261,-0.954053,0.74074,-0.056586,-0.528235,0.57123,0.203561,-0.952561,0.74558,-0.066192,-0.530604,0.606987
262,0.230693,-0.959303,0.729029,-0.070092,-0.542246,0.583622,0.220557,-0.955848,0.734801,-0.049849,-0.529851,0.588285,0.223829,-0.962576,0.729268,-0.042128,-0.52735,0.586405,0.232538,-0.960071,0.727314,-0.05071,-0.531834,0.574238
263,0.241731,-0.965982,0.723504,-0.026113,-0.532957,0.569151,0.237951,-0.959521,0.7205,-0.059312,-0.537202,0.573089,0.245017,-0.961356,0.714188,-0.039948,-0.536835,0.588421,0.246422,-0.959491,0.730227,-0.047096,-0.529862,0.56206
264,0.264734,-0.962107,0.711454,-0.02966,-0.562066,0.569551,0.255781,-0.975104,0.710439,-0.030224,-0.53916,0.580523,0.260292,-0.967587,0.705418,-0.025246,-0.539501,0.569741,0.261757,-0.965378,0.699564,-0.014689,-0.570407,0.561643
265,0.28338,-0.97174,0.693974,-0.02807,-0.559928,0.561058,0.275789,-0.970233,0.684598,-0.005873,-0.549519,0.57728,0.278278,-0.974889,0.689236,-0.03479,-0.558979,0.56252,0.280291,-0.969442,0.694449,-0.028102,-0.527852,0.575036
266,0.302275,-0.973485,0.675223,-0.030981,-0.540475,0.551755,0.297835,-0.977478,0.678349,0.002956,-0.576112,0.540011,0.29871,-0.962546,0.67177,0.001388,-0.554084,0.554277,0.294435,-0.971421,0.685511,-0.010658,-0.557652,0.589113
267,0.318384,-0.973751,0.668563,-0.001203,-0.559208,0.567369,0.322406,-0.97187,0.669797,0.010159,-0.555545,0.550586,0.319286,-0.97348,0.657603,0.009214,-0.563741,0.550549,0.309172,-0.983303,0.668216,0.003747,-0.570499,0.542735
268,0.324376,-0.984791,0.654202,0.023059,-0.575175,0.533863,0.339588,-0.977912,0.646804,0.016097,-0.574115,0.558804,0.333274,-0.982274,0.64951,0.024595,-0.575635,0.545891,0.329088,-0.987822,0.642253,0.038646,-0.568136,0.56657
269,0.351854,-0.989739,0.640493,0.023618,-0.587756,0.542778,0.344191,-0.984807,0.630431,0.043971,-0.560276,0.52638,0.351249,-0.990098,0.63469,0.036697,-0.576411,0.540088,0.34843,-0.979346,0.630132,0.050912,-0.562043,0.509288
270,0.36931,-0.991982,0.623443,0.064371,-0.564072,0.532241,0.370839,-0.981006,0.619766,0.049563,-0.577541,0.520544,0.36613,-0.990403,0.617499,0.05479,-0.584564,0.52482,0.361014,-0.985961,0.624714,0.046031,-0.574622,0.5188
271,0.390707,-0.999675,0.613107,0.064766,-0.600194,0.536307,0.378758,-0.986225,0.60759,0.057407,-0.577799,0.516601,0.391494,-0.988089,0.608171,0.074802,-0.583654,0.512276,0.389593,-0.995857,0.597804,0.044291,-0.587755,0.534768
272,0.404341,-0.990614,0.585573,0.072577,-0.60559,0.525056,0.402168,-0.99741,0.595502,0.072714,-0.5945,0.513441,0.412984,-0.988234,0.597352,0.077644,-0.591387,0.507359,0.40137,-0.984721,0.592324,0.059386,-0.597743,0.502682
273,0.41959,-0.996847,0.579003,0.093595,-0.61235,0.515602,0.413219,-0.997624,0.566855,0.0833,-0.606659,0.498667,0.417838,-1.006328,0.57112,0.109266,-0.588906,0.522383,0.419857,-0.995392,0.576676,0.074511,-0.611103,0.511138
274,0.454148,-0.995178,0.560122,0.092744,-0.608965,0.49876,0.428674,-0.995053,0.563892,0.103325,-0.607241,0.504318,0.452337,-0.995195,0.556853,0.087123,-0.599497,0.501722,0.440605,-1.006461,0.561475,0.108674,-0.598537,0.511274
275,0.457595,-1.000461,0.550182,0.105828,-0.618323,0.511049,0.440372,-0.988687,0.546505,0.114971,-0.615565,0.485688,0.456867,-0.99676,0.553225,0.113024,-0.60879,0.482393,0.45744,-1.001597,0.541263,0.11562,-0.607361,0.506034
276,0.478027,-0.998645,0.528271,0.130693,-0.615154,0.500207,0.464784,-0.998771,0.530772,0.130988,-0.603393,0.488426,0.469534,-0.997579,0.52481,0.113932,-0.62137,0.497875,0.472612,-1.001526,0.525806,0.126013,-0.59462,0.495643
277,0.487186,-0.992536,0.513196,0.137533,-0.60299,0.513448,0.48799,-1.003943,0.513139,0.127856,-0.614863,0.476467,0.490199,-0.991298,0.513075,0.127501,-0.62111,0.485013,0.493207,-0.994545,0.513602,0.116164,-0.619109,0.486385
278,0.505432,-0.995667,0.494038,0.149319,-0.63781,0.47292,0.49693,-0.99971,0.500219,0.134108,-0.628596,0.470943,0.503733,-0.995905,0.495124,0.148872,-0.616463,0.473922,0.501948,-1.007456,0.500195,0.157007,-0.619684,0.475378
279,0.510363,-0.99958,0.480096,0.156954,-0.598832,0.463393,0.52133,-1.004653,0.495277,0.150616,-0.623062,0.459452,0.51719,-0.994331,0.47663,0.168907,-0.619859,0.468584,0.505359,-1.004756,0.484502,0.156386,-0.626135,0.454561
280,0.536963,-0.999024,0.467385,0.167665,-0.628234,0.446866,0.534213,-1.009507,0.462962,0.174447,-0.639135,0.430291,0.542096,-1.00534,0.470611,0.179689,-0.642384,0.45355,0.540801,-1.004335,0.463923,0.154694,-0.625395,0.467855
281,0.553168,-0.998847,0.449048,0.191207,-0.627484,0.437926,0.555721,-0.994841,0.443466,0.176964,-0.633313,0.45543,0.55242,-0.99421,0.444403,0.209515,-0.628269,0.451979,0.548129,-0.999472,0.440874,0.187242,-0.642449,0.436946
282,0.564626,-0.987221,0.425777,0.189241,-0.626862,0.438327,0.572745,-0.997915,0.433737,0.177499,-0.629806,0.434752,0.567654,-1.003431,0.429103,0.167198,-0.62832,0.428899,0.568441,-0.995007,0.423913,0.197223,-0.63698,0.448676
283,0.585382,-0.991951,0.411393,0.208005,-0.661241,0.422362,0.591858,-0.998812,0.4167,0.197133,-0.62619,0.442814,0.588452,-0.997666,0.416293,0.216501,-0.613934,0.407328,0.579915,-0.993201,0.413228,0.193779,-0.640942,0.435456
284,0.607226,-0.983016,0.397844,0.215512,-0.636389,0.406493,0.597612,-1.000847,0.400462,0.22534,-0.624645,0.427809,0.601729,-0.993904,0.389222,0.192419,-0.644451,0.402538,0.599064,-0.998529,0.391921,0.191916,-0.644035,0.41462
285,0.610843,-1.001771,0.371276,0.233734,-0.633322,0.407264,0.608801,-0.993117,0.376882,0.231613,-0.634402,0.411118,0.615572,-0.977134,0.371249,0.230024,-0.611681,0.401779,0.608979,-0.984168,0.374065,0.221465,-0.647554,0.40625
286,0.627775,-0.991767,0.363979,0.258856,-0.642999,0.402852,0.634596,-0.982062,0.361511,0.253183,-0.642219,0.396313,0.62851,-0.981354,0.365317,0.258761,-0.636892,0.413066,0.626339,-0.989141,0.356497,0.248931,-0.645092,0.392784
287,0.644162,-0.988641,0.349241,0.244923,-0.641817,0.397522,0.644389,-0.98571,0.341094,0.258035,-0.635295,0.405044,0.639211,-0.982214,0.333665,0.248748,-0.640355,0.398595,0.639822,-0.983705,0.345129,0.242529,-0.650924,0.385221
288,0.654415,-0.984393,0.318551,0.2607,-0.643496,0.405006,0.65991,-0.983133,0.323021,0.248936,-0.647516,0.369832,0.662277,-0.984604,0.323292,0.256815,-0.637393,0.370691,0.651756,-0.982006,0.326496,0.258899,-0.643691,0.355321
289,0.675332,-0.973047,0.303289,0.268486,-0.650343,0.360367,0.669936,-0.976526,0.310461,0.269294,-0.658268,0.373543,0.671047,-0.973694,0.305272,0.259156,-0.660909,0.363616,0.672081,-0.970759,0.305441,0.248699,-0.633419,0.374265
290,0.684984,-0.972909,0.290754,0.270981,-0.636893,0.347632,0.692105,-0.97377,0.291994,0.272739,-0.642974,0.362584,0.68628,-0.975959,0.279828,0.278298,-0.638793,0.377645,0.684,-0.966954,0.290102,0.281514,-0.643845,0.381749
291,0.691116,-0.966193,0.265124,0.30895,-0.623811,0.344017,0.698856,-0.973338,0.271534,0.295073,-0.649808,0.348699,0.699303,-0.96721,0.26948,0.299257,-0.651992,0.368289,0.70532,-0.980339,0.278534,0.284493,-0.643988,0.345371
292,0.714635,-0.963033,0.251871,0.319197,-0.66462,0.347982,0.707838,-0.962113,0.249215,0.295281,-0.649394,0.341334,0.708824,-0.965331,0.256752,0.309266,-0.635377,0.325452,0.711146,-0.964541,0.252259,0.292894,-0.645444,0.327269
293,0.721326,-0.962734,0.23631,0.316947,-0.658702,0.325383,0.729263,-0.957096,0.235488,0.316642,-0.658743,0.350833,0.724566,-0.961008,0.230162,0.316076,-0.654884,0.336568,0.713973,-0.961438,0.240044,0.307555,-0.638485,0.334332
294,0.741663,-0.96065,0.224436,0.340174,-0.65541,0.327536,0.733763,-0.95201,0.211313,0.311764,-0.648527,0.31607,0.741545,-0.954372,0.210921,0.323025,-0.650933,0.315961,0.733701,-0.952851,0.215841,0.318786,-0.652309,0.321641
295,0.746257,-0.941356,0.200661,0.339149,-0.629951,0.304144,0.755157,-0.959213,0.194518,0.331975,-0.635605,0.294502,0.746543,-0.957929,0.196926,0.348134,-0.66776,0.316188,0.765689,-0.944724,0.201591,0.352999,-0.642301,0.321325
296,0.765472,-0.932155,0.186964,0.352816,-0.661362,0.292756,0.766187,-0.945925,0.182374,0.363194,-0.618008,0.321008,0.757558,-0.934954,0.178479,0.343087,-0.639916,0.292921,0.754462,-0.95052,0.183465,0.356105,-0.643842,0.288559
297,0.770229,-0.930752,0.161802,0.355051,-0.629167,0.28586,0.783653,-0.939619,0.167055,0.340715,-0.650246,0.297774,0.776596,-0.938821,0.169982,0.362081,-0.647432,0.295819,0.779981,-0.930449,0.163727,0.357381,-0.651434,0.29581
298,0.790532,-0.926395,0.146557,0.361509,-0.647098,0.274888,0.789645,-0.929075,0.142413,0.346263,-0.655508,0.292043,0.773579,-0.935255,0.14344,0.379181,-0.655879,0.284255,0.779532,-0.927659,0.150223,0.365545,-0.642184,0.264992
299,0.79918,-0.919183,0.12721,0.379596,-0.628814,0.263468,0.794466,-0.920395,0.124782,0.373632,-0.627165,0.260034,0.799325,-0.924146,0.128468,0.349874,-0.637984,0.256067,0.798682,-0.926687,0.119433,0.363841,-0.648997,0.27344
300,0.811915,-0.915014,0.10488,0.383132,-0.635185,0.255842,0.80649,-0.912666,0.099484,0.389196,-0.662596,0.281175,0.811667,-0.918133,0.101195,0.382665,-0.660898,0.249085,0.815705,-0.914253,0.11089,0.392603,-0.647303,0.242098
301,0.823384,-0.89544,0.087832,0.394547,-0.620432,0.256676,0.828048,-0.907326,0.08781,0.397411,-0.630495,0.252771,0.820787,-0.906528,0.088927,0.406417,-0.662043,0.253266,0.818948,-0.906707,0.082876,0.404279,-0.644908,0.244434
302,0.829847,-0.909374,0.068285,0.429104,-0.658687,0.224857,0.830767,-0.890682,0.064789,0.410163,-0.632713,0.231696,0.833014,-0.901914,0.063959,0.398269,-0.629364,0.22533,0.833694,-0.895302,0.069802,0.416678,-0.639753,0.238898
303,0.838155,-0.887301,0.053481,0.417746,-0.644679,0.234947,0.839937,-0.889568,0.054552,0.422077,-0.647448,0.220369,0.841116,-0.877104,0.052145,0.413569,-0.63866,0.224787,0.839343,-0.883833,0.045091,0.412937,-0.630345,0.211747
304,0.84797,-0.879398,0.026721,0.416891,-0.638172,0.19717,0.853594,-0.879909,0.033014,0.428559,-0.633787,0.196381,0.854435,-0.882764,0.027408,0.429888,-0.628641,0.201407,0.846491,-0.884424,0.031477,0.436579,-0.645347,0.203752
305,0.860227,-0.875795,0.010819,0.42542,-0.629012,0.208061,0.853558,-0.873304,0.013333,0.442968,-0.633507,0.183583,0.851707,-0.882782,0.009944,0.447674,-0.641979,0.19551,0.856897,-0.858019,0.012528,0.434215,-0.624837,0.188701
306,0.872057,-0.85952,-0.012113,0.441955,-0.609389,0.179578,0.873022,-0.862029,-0.009563,0.452513,-0.621385,0.196223,0.86121,-0.865966,-0.010355,0.435814,-0.635459,0.180161,0.866668,-0.859894,-0.013132,0.442579,-0.625979,0.205508
307,0.879699,-0.858058,-0.020307,0.461018,-0.617824,0.182642,0.882379,-0.855861,-0.030513,0.472082,-0.62479,0.172142,0.882661,-0.853005,-0.030121,0.444247,-0.640403,0.161283,0.888366,-0.854631,-0.023582,0.448014,-0.618588,0.179042
308,0.887991,-0.844265,-0.043658,0.445568,-0.612923,0.151962,0.895025,-0.848511,-0.031639,0.466422,-0.599549,0.16394,0.88675,-0.830119,-0.046364,0.468192,-0.62024,0.16948,0.883426,-0.843743,-0.044953,0.45486,-0.61407,0.16639
309,0.903108,-0.83033,-0.074135,0.469882,-0.615184,0.147745,0.894654,-0.833416,-0.062863,0.472658,-0.617132,0.145859,0.900254,-0.831962,-0.061623,0.450885,-0.609011,0.170695,0.898602,-0.829697,-0.067256,0.47641,-0.623778,0.143021
310,0.910269,-0.815755,-0.072765,0.477628,-0.616398,0.125433,0.907704,-0.815815,-0.081091,0.481221,-0.619095,0.131415,0.907084,-0.817053,-0.078232,0.489732,-0.608958,0.143758,0.906186,-0.81759,-0.091146,0.455398,-0.597341,0.126423
311,0.913065,-0.810484,-0.101035,0.482948,-0.602178,0.135939,0.916716,-0.814896,-0.103118,0.503168,-0.625073,0.139112,0.912153,-0.804392,-0.097714,0.491832,-0.604472,0.136939,0.913546,-0.812528,-0.10841,0.492513,-0.61494,0.133916
312,0.921063,-0.803307,-0.118621,0.485589,-0.593156,0.115843,0.926949,-0.798752,-0.122356,0.486768,-0.620192,0.110611,0.919615,-0.789594,-0.12373,0.499194,-0.60501,0.124929,0.934763,-0.798869,-0.127423,0.50487,-0.62242,0.118767
313,0.921332,-0.790571,-0.140734,0.531297,-0.604835,0.113706,0.921992,-0.779267,-0.133381,0.502356,-0.58884,0.113679,0.929517,-0.783775,-0.139848,0.501467,-0.589207,0.116676,0.921678,-0.787275,-0.138112,0.496873,-0.608661,0.122193
314,0.939539,-0.779218,-0.162795,0.510944,-0.597923,0.087978,0.934814,-0.773577,-0.1608,0.511648,-0.58788,0.092397,0.931162,-0.779526,-0.156213,0.51374,-0.601428,0.088719,0.935799,-0.77165,-0.159904,0.504962,-0.610704,0.100683
315,0.949698,-0.76373,-0.179724,0.509077,-0.597135,0.073727,0.934015,-0.774169,-0.168185,0.523522,-0.592335,0.092963,0.937371,-0.760299,-0.178265,0.523588,-0.599269,0.074521,0.948923,-0.772932,-0.178665,0.519146,-0.602141,0.07841
316,0.941916,-0.75748,-0.192268,0.524614,-0.581836,0.074155,0.943223,-0.752453,-0.203175,0.552084,-0.589545,0.074357,0.94419,-0.764473,-0.200958,0.53333,-0.598061,0.068437,0.943917,-0.750405,-0.183135,0.514989,-0.585885,0.07231
317,0.961333,-0.743732,-0.21883,0.550592,-0.57948,0.059401,0.958377,-0.73652,-0.218685,0.529436,-0.573199,0.049142,0.950338,-0.737674,-0.217636,0.51642,-0.582308,0.040245,0.953153,-0.738275,-0.216315,0.519142,-0.572652,0.050457
318,0.958838,-0.730947,-0.225638,0.520196,-0.580271,0.054914,0.958119,-0.72385,-0.23459,0.538758,-0.570164,0.046402,0.950292,-0.723572,-0.227641,0.544895,-0.585044,0.030616,0.96038,-0.733523,-0.225732,0.534447,-0.57556,0.041788
319,0.961074,-0.720558,-0.26073,0.543176,-0.56674,0.019552,0.953231,-0.704904,-0.255384,0.544978,-0.599624,0.020949,0.95583,-0.714411,-0.253265,0.549169,-0.574336,0.033916,0.962275,-0.719219,-0.249414,0.54671,-0.5704,0.034896
320,0.970169,-0.705742,-0.264479,0.552818,-0.56582,0.026157,0.962623,-0.700273,-0.262052,0.551928,-0.577214,0.037909,0.967041,-0.691845,-0.262849,0.556716,-0.546538,0.021479,0.968143,-0.699774,-0.265166,0.555255,-0.570353,0.021208
321,0.971959,-0.694651,-0.290036,0.56093,-0.559863,-0.000823,0.971233,-0.686207,-0.29642,0.570425,-0.564619,0.01207,0.973347,-0.68722,-0.293506,0.543938,-0.560762,0.015975,0.965829,-0.684705,-0.281412,0.555582,-0.57588,0.003914
322,0.97862,-0.671114,-0.313184,0.569117,-0.53322,-0.008347,0.977754,-0.672316,-0.295688,0.580177,-0.554994,-0.010438,0.971328,-0.666191,-0.302596,0.562776,-0.563688,0.014777,0.976339,-0.676788,-0.308829,0.563853,-0.559792,-0.01067
323,0.982182,-0.661976,-0.323396,0.571966,-0.553423,-0.025321,0.981852,-0.651612,-0.323202,0.563779,-0.535039,-0.022102,0.978119,-0.65886,-0.317905,0.569819,-0.543638,-0.02717,0.98709,-0.658458,-0.331207,0.587579,-0.535514,-0.019256
324,0.982804,-0.645281,-0.340541,0.584913,-0.550484,-0.023607,0.98867,-0.643984,-0.33436,0.584753,-0.549238,-0.036645,0.978808,-0.646119,-0.343099,0.573129,-0.549958,-0.028158,0.975669,-0.642287,-0.339984,0.563321,-0.539803,-0.020582
325,0.989418,-0.636473,-0.357826,0.574119,-0.535001,-0.034172,0.989327,-0.627411,-0.358581,0.584048,-0.522038,-0.030809,0.982057,-0.627942,-0.353722,0.576618,-0.526173,-0.042053,0.983271,-0.623714,-0.354106,0.575569,-0.534682,-0.030533
326,0.988664,-0.60835,-0.378744,0.590737,-0.539007,-0.04967,0.97984,-0.626453,-0.38206,0.579761,-0.534298,-0.052254,0.990561,-0.627814,-0.37501,0.573537,-0.535148,-0.052436,0.981848,-0.612974,-0.380801,0.583066,-0.546641,-0.058064
327,0.986423,-0.594588,-0.384055,0.580252,-0.512581,-0.063518,0.988052,-0.601151,-0.388433,0.58183,-0.518117,-0.067114,0.98919,-0.602998,-0.398544,0.580607,-0.518304,-0.057479,0.990207,-0.596906,-0.38923,0.595965,-0.516262,-0.072518
328,0.992561,-0.593356,-0.416302,0.597457,-0.51006,-0.081585,0.990246,-0.582752,-0.414495,0.611581,-0.518614,-0.088129,0.994165,-0.575414,-0.415569,0.59755,-0.518185,-0.080458,1.002756,-0.583787,-0.409787,0.611223,-0.527581,-0.073671
329,0.993845,-0.570377,-0.435173,0.576167,-0.520972,-0.091608,1.003063,-0.568455,-0.42405,0.590978,-0.500676,-0.098365,0.99033,-0.566435,-0.425257,0.610764,-0.51249,-0.103213,0.992872,-0.574909,-0.429836,0.596302,-0.515496,-0.089041
330,1.002168,-0.558101,-0.440571,0.60433,-0.49722,-0.108801,0.996135,-0.55095,-0.444093,0.616655,-0.503492,-0.095266,0.995685,-0.556008,-0.443515,0.594289,-0.487065,-0.091396,1.004143,-0.54956,-0.457094,0.610235,-0.499232,-0.10606
331,0.998312,-0.534563,-0.461793,0.596887,-0.508407,-0.122404,1.004993,-0.531944,-0.456653,0.606285,-0.490757,-0.113165,0.997611,-0.536405,-0.465486,0.608967,-0.484428,-0.114848,1.000727,-0.540769,-0.459241,0.599309,-0.492169,-0.132735
332,1.002262,-0.518202,-0.485871,0.60042,-0.485188,-0.138475,1.006103,-0.533484,-0.469179,0.605798,-0.490434,-0.130566,1.000585,-0.52979,-0.472724,0.606995,-0.484551,-0.138682,0.997244,-0.524704,-0.478884,0.606919,-0.468534,-0.127142
333,0.998225,-0.510747,-0.502724,0.633167,-0.476624,-0.154207,0.994737,-0.503706,-0.493502,0.634035,-0.481507,-0.125443,0.999576,-0.505811,-0.502611,0.604861,-0.493953,-0.12745,1.003183,-0.499279,-0.49499,0.615586,-0.476165,-0.151486
334,1.006559,-0.483212,-0.505704,0.612356,-0.452886,-0.154327,1.014302,-0.498181,-0.512638,0.611788,-0.487924,-0.15101,1.003433,-0.486439,-0.514203,0.601578,-0.484974,-0.164241,1.004526,-0.488031,-0.507487,0.628092,-0.457344,-0.139544
335,1.005254,-0.477694,-0.527652,0.630165,-0.455451,-0.158844,0.991755,-0.468629,-0.528727,0.611464,-0.457169,-0.16635,1.005884,-0.471816,-0.51883,0.631253,-0.441021,-0.167108,1.001561,-0.469759,-0.526554,0.61761,-0.457113,-0.157387
336,0.995938,-0.460676,-0.539942,0.621179,-0.446213,-0.160097,0.989797,-0.445999,-0.537895,0.609172,-0.444638,-0.170856,0.992008,-0.453032,-0.539402,0.629285,-0.455859,-0.179413,0.993353,-0.446822,-0.547801,0.619509,-0.459042,-0.171127
337,0.999307,-0.439685,-0.566086,0.629222,-0.438738,-0.214231,0.994468,-0.448587,-0.548122,0.636196,-0.465822,-0.198527,1.001736,-0.432995,-0.558896,0.63109,-0.421942,-0.19302,1.000135,-0.44124,-0.563319,0.642308,-0.46303,-0.174249
338,1.0012,-0.420756,-0.571146,0.644017,-0.43694,-0.186863,0.994413,-0.42587,-0.570765,0.616894,-0.41433,-0.198302,1.001999,-0.421972,-0.571864,0.634167,-0.420392,-0.21437,0.998668,-0.429624,-0.582388,0.630227,-0.423169,-0.191469
339,0.997444,-0.407847,-0.589795,0.626958,-0.426161,-0.208696,0.987694,-0.405965,-0.588512,0.634212,-0.420187,-0.21545,0.996897,-0.408573,-0.593325,0.635667,-0.420221,-0.207709,0.997727,-0.410414,-0.584573,0.624317,-0.43819,-0.194974
340,0.999429,-0.377337,-0.603942,0.636274,-0.404441,-0.230278,1.001738,-0.370099,-0.600504,0.633911,-0.420161,-0.210624,0.98822,-0.391483,-0.606759,0.6549,-0.411857,-0.218079,0.990217,-0.381083,-0.612919,0.630894,-0.432155,-0.224864
341,0.994214,-0.368328,-0.617532,0.63629,-0.400823,-0.22806,1.001997,-0.373811,-0.618178,0.61955,-0.382088,-0.238115,1.000221,-0.375244,-0.618894,0.656066,-0.416904,-0.227669,0.998582,-0.366002,-0.613475,0.652867,-0.419588,-0.22827
342,0.985862,-0.353889,-0.636848,0.661897,-0.429388,-0.254138,0.973226,-0.357712,-0.635044,0.624574,-0.379513,-0.254057,0.991062,-0.358937,-0.635087,0.627396,-0.403079,-0.258264,0.988135,-0.352405,-0.635455,0.643239,-0.397939,-0.232361
343,0.987974,-0.335833,-0.647134,0.638729,-0.370252,-0.262871,0.993875,-0.342312,-0.648258,0.64553,-0.390608,-0.260179,0.980882,-0.336059,-0.646879,0.639813,-0.388864,-0.264566,0.984002,-0.337613,-0.644244,0.657628,-0.388271,-0.25103
344,0.978565,-0.320385,-0.659839,0.649997,-0.374729,-0.274008,0.976255,-0.315997,-0.656792,0.655509,-0.364371,-0.274013,0.975156,-0.318847,-0.662842,0.655149,-0.381811,-0.257164,0.985792,-0.307448,-0.659127,0.641717,-0.375597,-0.261538
345,0.973767,-0.299652,-0.685962,0.647329,-0.354075,-0.278683,0.967202,-0.291812,-0.686192,0.65,-0.379835,-0.26928,0.976868,-0.294305,-0.67458,0.637143,-0.373498,-0.266243,0.970304,-0.293462,-0.688354,0.645897,-0.345287,-0.283468
346,0.970865,-0.277854,-0.688471,0.644999,-0.35964,-0.297233,0.967732,-0.274246,-0.693802,0.649774,-0.360117,-0.283887,0.97698,-0.276999,-0.685787,0.634781,-0.348356,-0.261334,0.964069,-0.28529,-0.695761,0.646123,-0.351123,-0.291075
347,0.973025,-0.256557,-0.704033,0.649479,-0.361015,-0.293581,0.968345,-0.258122,-0.702865,0.653016,-0.352766,-0.295556,0.968686,-0.260006,-0.706284,0.647141,-0.338628,-0.306658,0.966719,-0.26606,-0.706692,0.644331,-0.355287,-0.307472
348,0.956,-0.251893,-0.707185,0.646314,-0.333238,-0.301092,0.960311,-0.248407,-0.715789,0.63611,-0.338939,-0.329723,0.95539,-0.248102,-0.716781,0.651377,-0.331719,-0.313349,0.964949,-0.240992,-0.71619,0.63342,-0.318753,-0.319902
349,0.954559,-0.234968,-0.727618,0.63439,-0.339039,-0.320956,0.95903,-0.213494,-0.729789,0.662121,-0.340176,-0.30994,0.955104,-0.234165,-0.730214,0.635537,-0.325563,-0.307853,0.962185,-0.232394,-0.731608,0.649291,-0.334868,-0.33086
350,0.957809,-0.207329,-0.744767,0.651939,-0.342983,-0.315874,0.945668,-0.202917,-0.740382,0.657197,-0.315292,-0.339821,0.951193,-0.216912,-0.744333,0.643621,-0.32917,-0.327069,0.961282,-0.209951,-0.747282,0.65006,-0.314828,-0.332478
351,0.95247,-0.190694,-0.752929,0.645651,-0.312566,-0.354151,0.948495,-0.193282,-0.754646,0.631623,-0.300285,-0.348419,0.950964,-0.18676,-0.75548,0.639636,-0.316498,-0.335948,0.942187,-0.185508,-0.763108,0.646366,-0.324141,-0.336164
352,0.932856,-0.178022,-0.765328,0.645369,-0.294765,-0.357992,0.937332,-0.167848,-0.772139,0.655495,-0.28585,-0.341886,0.933944,-0.176787,-0.765202,0.639023,-0.294273,-0.353031,0.945032,-0.169754,-0.768729,0.640007,-0.280413,-0.346746
353,0.924751,-0.154111,-0.786698,0.658068,-0.280721,-0.343584,0.937023,-0.155945,-0.777137,0.648122,-0.27568,-0.35505,0.93169,-0.157606,-0.780328,0.643026,-0.281023,-0.364007,0.932534,-0.153559,-0.783501,0.643639,-0.282004,-0.364715
354,0.926348,-0.132815,-0.78793,0.639998,-0.265671,-0.359205,0.924259,-0.133001,-0.80335,0.640378,-0.253559,-0.367222,0.922852,-0.124615,-0.791299,0.635248,-0.269768,-0.380287,0.922636,-0.134927,-0.797194,0.640075,-0.273974,-0.376637
355,0.918875,-0.103381,-0.802075,0.651329,-0.272209,-0.372702,0.91774,-0.108212,-0.810286,0.65548,-0.258902,-0.380197,0.904837,-0.119977,-0.80159,0.634259,-0.275284,-0.37147,0.916562,-0.111249,-0.798381,0.6339,-0.275903,-0.388388
356,0.912175,-0.099181,-0.80845,0.641731,-0.255538,-0.407682,0.920216,-0.094041,-0.821524,0.648807,-0.262656,-0.406583,0.89733,-0.094912,-0.812412,0.641565,-0.26101,-0.401188,0.908238,-0.097299,-0.810523,0.638887,-0.240467,-0.391031
357,0.90763,-0.077194,-0.824205,0.644886,-0.254495,-0.411678,0.899053,-0.07331,-0.820537,0.639062,-0.23527,-0.406692,0.902286,-0.073297,-0.818394,0.635378,-0.231616,-0.408802,0.910537,-0.081588,-0.831631,0.638934,-0.238514,-0.400272
358,0.892595,-0.05659,-0.837548,0.618028,-0.238664,-0.401587,0.891862,-0.060156,-0.833317,0.631404,-0.237853,-0.421532,0.894902,-0.064175,-0.841134,0.651995,-0.228331,-0.421101,0.893539,-0.062836,-0.839205,0.648426,-0.227996,-0.397243
359,0.88035,-0.043909,-0.847544,0.638827,-0.208327,-0.420155,0.883946,-0.039756,-0.84373,0.635648,-0.215015,-0.426137,0.890602,-0.036651,-0.84511,0.618566,-0.212129,-0.41683,0.883456,-0.042677,-0.843294,0.631153,-0.216236,-0.408478
360,0.876799,-0.027049,-0.856536,0.636617,-0.193569,-0.441733,0.876049,-0.017324,-0.857633,0.633733,-0.196205,-0.438207,0.876727,-0.019251,-0.856771,0.635195,-0.201292,-0.427197,0.871207,-0.01954,-0.855074,0.639224,-0.195206,-0.443959
361,0.867021,-0.001352,-0.862991,0.633712,-0.191917,-0.445182,0.868258,-0.003061,-0.867647,0.631807,-0.19468,-0.431769,0.86517,0.000214,-0.866389,0.615816,-0.18535,-0.436206,0.864936,-0.004832,-0.859303,0.648022,-0.189003,-0.424813
362,0.861252,0.023026,-0.873037,0.64479,-0.184841,-0.452547,0.859143,0.015606,-0.871396,0.623452,-0.18006,-0.449031,0.858926,0.014485,-0.886285,0.638522,-0.180164,-0.458589,0.852066,0.01945,-0.873897,0.616368,-0.163742,-0.46782
363,0.844888,0.040996,-0.883005,0.632013,-0.182612,-0.460514,0.847951,0.038599,-0.881252,0.621776,-0.163391,-0.447069,0.84194,0.032305,-0.882807,0.629331,-0.178204,-0.444703,0.849059,0.036854,-0.887249,0.632395,-0.185529,-0.459017
364,0.830513,0.050011,-0.892777,0.629215,-0.164336,-0.465299,0.837228,0.056292,-0.891354,0.626886,-0.166773,-0.449228,0.840849,0.053039,-0.899996,0.621309,-0.15909,-0.447518,0.846378,0.059505,-0.890399,0.61952,-0.147867,-0.450982
365,0.821688,0.075244,-0.892682,0.615213,-0.141282,-0.462613,0.822982,0.066349,-0.903685,0.639002,-0.149379,-0.48986,0.828705,0.066386,-0.899676,0.620687,-0.126368,-0.470701,0.828413,0.077874,-0.899881,0.615786,-0.161011,-0.46973
366,0.810365,0.08778,-0.904189,0.604697,-0.130389,-0.466904,0.815459,0.087543,-0.913163,0.620405,-0.147996,-0.483204,0.811332,0.083111,-0.911225,0.616479,-0.128271,-0.465135,0.81743,0.094926,-0.907986,0.598684,-0.150324,-0.476868
367,0.796925,0.114763,-0.923284,0.617055,-0.114716,-0.492686,0.809099,0.113217,-0.919359,0.593214,-0.108698,-0.494888,0.803458,0.116426,-0.918507,0.606779,-0.114968,-0.499021,0.80405,0.105031,-0.928095,0.622721,-0.118917,-0.490429
368,0.8028,0.136143,-0.92459,0.604774,-0.114119,-0.505387,0.791303,0.120979,-0.925243,0.599812,-0.112125,-0.489142,0.788552,0.124999,-0.92381,0.604786,-0.116086,-0.49564,0.796468,0.128118,-0.927387,0.610775,-0.100261,-0.486786
369,0.783569,0.146248,-0.92811,0.591502,-0.091703,-0.498549,0.78086,0.155076,-0.925764,0.615432,-0.100256,-0.490251,0.778907,0.147852,-0.930019,0.603667,-0.095367,-0.496783,0.779611,0.143028,-0.935357,0.601733,-0.112188,-0.504081
370,0.76595,0.161052,-0.94101,0.595873,-0.067983,-0.509667,0.77032,0.160288,-0.943283,0.605308,-0.082103,-0.514805,0.771718,0.166019,-0.94115,0.585487,-0.091722,-0.501869,0.761262,0.168783,-0.937096,0.600903,-0.081624,-0.511089
371,0.751787,0.182054,-0.94778,0.571606,-0.064975,-0.522005,0.757741,0.18692,-0.94698,0.603304,-0.0733,-0.53093,0.756641,0.184128,-0.94641,0.596351,-0.067174,-0.510468,0.756232,0.178307,-0.94304,0.607756,-0.094381,-0.524888
372,0.742474,0.201734,-0.959702,0.595318,-0.065702,-0.513981,0.746794,0.208951,-0.953421,0.588598,-0.077117,-0.534248,0.744923,0.201538,-0.95926,0.593475,-0.042108,-0.517551,0.740362,0.203836,-0.949276,0.579083,-0.034814,-0.538573
373,0.746247,0.229481,-0.953169,0.588682,-0.05538,-0.549387,0.729692,0.227168,-0.950906,0.597944,-0.039264,-0.541769,0.737691,0.219849,-0.954168,0.575209,-0.04618,-0.532635,0.739433,0.216646,-0.95056,0.591873,-0.046243,-0.527979
374,0.714036,0.235297,-0.954103,0.592619,-0.046633,-0.53599,0.728606,0.237739,-0.967014,0.571019,-0.034941,-0.534326,0.712312,0.243231,-0.961251,0.578241,-0.022583,-0.541401,0.716597,0.231665,-0.961906,0.593554,-0.040674,-0.5429
375,0.713399,0.263253,-0.962015,0.567173,-0.034409,-0.551016,0.705756,0.26003,-0.960241,0.570944,-0.024493,-0.531104,0.697319,0.26175,-0.973751,0.57214,-0.032738,-0.520465,0.717179,0.256623,-0.959867,0.583585,-0.01208,-0.542361
376,0.686467,0.280252,-0.957346,0.589673,-0.008309,-0.547928,0.689639,0.274074,-0.972393,0.550236,-0.017422,-0.5612,0.694399,0.271856,-0.964767,0.545439,-0.030551,-0.544162,0.695132,0.286775,-0.970505,0.567151,-0.003906,-0.575086
377,0.675307,0.294378,-0.966553,0.554082,-0.01423,-0.551035,0.67745,0.300307,-0.979986,0.560312,-0.001061,-0.5582,0.670559,0.295701,-0.976608,0.564394,-0.003961,-0.557679,0.677349,0.295925,-0.965866,0.570388,0.000345,-0.562818
378,0.673789,0.32423,-0.984526,0.552409,0.020114,-0.553147,0.667746,0.316526,-0.987179,0.552117,0.004408,-0.549267,0.666523,0.313103,-0.979487,0.557051,0.005821,-0.574934,0.670909,0.302951,-0.973524,0.560404,0.003098,-0.572594
379,0.64879,0.337868,-0.978809,0.569453,0.035754,-0.564901,0.657378,0.329006,-0.984905,0.541499,0.020577,-0.570741,0.653711,0.326936,-0.986841,0.544138,0.005456,-0.585102,0.657735,0.328911,-0.978286,0.546271,0.02303,-0.574255
380,0.647712,0.347929,-0.994438,0.543155,0.050044,-0.57571,0.642655,0.346066,-0.978364,0.544204,0.055167,-0.590094,0.630844,0.356264,-0.988342,0.545698,0.044883,-0.582148,0.631963,0.353718,-0.98672,0.542589,0.041533,-0.593343
381,0.617737,0.353158,-0.987321,0.53172,0.060021,-0.579292,0.624245,0.364526,-0.98443,0.52448,0.041607,-0.570048,0.625981,0.365611,-0.979723,0.545093,0.021357,-0.607428,0.618912,0.364851,-0.991993,0.523876,0.024716,-0.582413
382,0.606968,0.382591,-0.977957,0.52719,0.050172,-0.588014,0.608322,0.374084,-0.9957,0.519145,0.036111,-0.583888,0.611709,0.378323,-0.984517,0.514437,0.05852,-0.576276,0.607927,0.382328,-0.997392,0.531117,0.068056,-0.571711
383,0.590377,0.407347,-0.986477,0.514981,0.065553,-0.596437,0.592758,0.408259,-0.988608,0.526887,0.06819,-0.60234,0.587938,0.398261,-1.005066,0.511342,0.058485,-0.604613,0.587921,0.404353,-0.990535,0.504089,0.07586,-0.578954
384,0.581783,0.415432,-0.994346,0.527643,0.075133,-0.58492,0.575032,0.418155,-0.986317,0.514348,0.096359,-0.598212,0.569737,0.416845,-1.0007,0.514739,0.079029,-0.606647,0.581249,0.419092,-0.988878,0.511969,0.094879,-0.603231
385,0.568696,0.434745,-0.994438,0.515193,0.093875,-0.601722,0.556874,0.439239,-0.998814,0.510983,0.090087,-0.603328,0.56788,0.439092,-1.004804,0.509606,0.096082,-0.6093,0.56061,0.431114,-0.996544,0.502649,0.099596,-0.591088
386,0.549719,0.451621,-0.997133,0.494845,0.106226,-0.604481,0.545716,0.454235,-0.990854,0.500628,0.107426,-0.605322,0.558578,0.453254,-1.003115,0.499494,0.106302,-0.602568,0.560491,0.446804,-1.00551,0.48428,0.109039,-0.610815
387,0.531757,0.46515,-0.998202,0.492635,0.11185,-0.608019,0.523765,0.470741,-0.994494,0.491014,0.116555,-0.616389,0.524566,0.467505,-0.9959,0.496177,0.117215,-0.614356,0.537766,0.473697,-0.996813,0.4983,0.119042,-0.596228
388,0.514867,0.490413,-1.00179,0.486043,0.139009,-0.628228,0.512042,0.484374,-0.999767,0.48219,0.123294,-0.619036,0.52143,0.488927,-1.002813,0.470108,0.122167,-0.619138,0.519235,0.487792,-1.006072,0.488159,0.126678,-0.591481
389,0.515065,0.501609,-0.993046,0.460479,0.132438,-0.62707,0.502172,0.49829,-0.999318,0.461665,0.142924,-0.623266,0.501304,0.502839,-1.012116,0.458844,0.139423,-0.616086,0.503025,0.504208,-1.000371,0.479804,0.148627,-0.641423
390,0.485207,0.524492,-0.990321,0.463247,0.166432,-0.633142,0.473933,0.513573,-0.997601,0.467971,0.15857,-0.632874,0.481254,0.509143,-0.994945,0.472157,0.144677,-0.631999,0.482086,0.520765,-0.997365,0.47256,0.155241,-0.617371
391,0.462489,0.523145,-1.000633,0.436449,0.151539,-0.628854,0.469016,0.533605,-1.000371,0.448893,0.170382,-0.639897,0.463453,0.528735,-0.997228,0.443222,0.161974,-0.632042,0.466913,0.537112,-0.986942,0.452952,0.149141,-0.637724
392,0.44985,0.54735,-0.989796,0.461737,0.170637,-0.61665,0.446662,0.54334,-0.995732,0.445977,0.18149,-0.64261,0.448848,0.549641,-1.003579,0.448377,0.16598,-0.610263,0.441649,0.544334,-0.998207,0.447993,0.191801,-0.638033
393,0.423705,0.578337,-0.984593,0.444694,0.171266,-0.620098,0.438749,0.564448,-0.992637,0.433968,0.181486,-0.616857,0.432321,0.563279,-0.986823,0.438417,0.195361,-0.622708,0.436554,0.556699,-0.991032,0.426666,0.195894,-0.627969
394,0.421093,0.579467,-0.997437,0.424457,0.190302,-0.64086,0.415512,0.580165,-0.997094,0.438901,0.213767,-0.643831,0.416015,0.581454,-0.992786,0.427997,0.212672,-0.640942,0.420382,0.586472,-0.989896,0.423503,0.18778,-0.628169
395,0.391031,0.595973,-0.989995,0.411339,0.218983,-0.644632,0.388254,0.584092,-0.981709,0.430576,0.210576,-0.646665,0.386221,0.594883,-0.997452,0.442903,0.204792,-0.635819,0.402219,0.597172,-0.986536,0.426832,0.224071,-0.626632
396,0.378082,0.60585,-0.990623,0.41875,0.243011,-0.637058,0.383818,0.61103,-0.989661,0.399141,0.241561,-0.630477,0.375268,0.608982,-0.990128,0.404777,0.226709,-0.631205,0.388408,0.608708,-0.993739,0.409022,0.240548,-0.640032
397,0.360751,0.623376,-0.989061,0.408804,0.252201,-0.636302,0.356035,0.625215,-0.991315,0.417437,0.243964,-0.646593,0.35893,0.620182,-0.974989,0.412578,0.244477,-0.652939,0.366182,0.627801,-0.987361,0.398913,0.225291,-0.636528
398,0.344578,0.645251,-0.984818,0.400187,0.247941,-0.646632,0.340802,0.640337,-0.995253,0.394205,0.25005,-0.62993,0.34605,0.633156,-0.991315,0.37233,0.246182,-0.638645,0.345858,0.642886,-0.985433,0.372611,0.238094,-0.645915
399,0.329303,0.65886,-0.979961,0.361794,0.266979,-0.643841,0.330007,0.651431,-0.982241,0.38558,0.281204,-0.643169,0.325411,0.650196,-0.974991,0.386727,0.247308,-0.651363,0.326007,0.653918,-0.977488,0.368684,0.249114,-0.639105
400,0.315516,0.662822,-0.971821,0.369319,0.260418,-0.654434,0.319595,0.665346,-0.981161,0.370062,0.279118,-0.633132,0.313669,0.67119,-0.980068,0.380655,0.278372,-0.642519,0.309719,0.664119,-0.980414,0.387671,0.267174,-0.637835
401,0.293661,0.673106,-0.975208,0.379502,0.281378,-0.648999,0.28688,0.675662,-0.974742,0.371969,0.296328,-0.635807,0.2872,0.683953,-0.973609,0.370418,0.283705,-0.640486,0.289468,0.683704,-0.972835,0.364778,0.284985,-0.65567
402,0.267551,0.695981,-0.970374,0.361822,0.293782,-0.665033,0.272816,0.696562,-0.96031,0.360377,0.296312,-0.660319,0.27104,0.702274,-0.967714,0.362675,0.288582,-0.663074,0.271747,0.694671,-0.964639,0.337953,0.269957,-0.65873
403,0.250541,0.713199,-0.9752,0.344946,0.30175,-0.634764,0.250493,0.718017,-0.961651,0.341564,0.292743,-0.653303,0.263229,0.718833,-0.962398,0.345921,0.302646,-0.660248,0.25469,0.699054,-0.97077,0.342196,0.308624,-0.647881
404,0.23553,0.720656,-0.958834,0.330646,0.304763,-0.653012,0.250846,0.720004,-0.957438,0.359238,0.321581,-0.622123,0.237353,0.722715,-0.958352,0.318585,0.307686,-0.651787,0.234943,0.729212,-0.957127,0.352764,0.314991,-0.654611
405,0.221536,0.732601,-0.952857,0.319909,0.332502,-0.648212,0.216797,0.739162,-0.954143,0.319394,0.322416,-0.642163,0.216626,0.737316,-0.950557,0.32158,0.342328,-0.658669,0.215613,0.739575,-0.956008,0.333686,0.306619,-0.656255
406,0.200347,0.752878,-0.958403,0.310937,0.363523,-0.644397,0.199618,0.743651,-0.953215,0.314742,0.325094,-0.644292,0.203123,0.751879,-0.950775,0.31325,0.333812,-0.630588,0.193812,0.747188,-0.949708,0.303468,0.337213,-0.63977
407,0.180409,0.771177,-0.950494,0.299418,0.3618,-0.634881,0.187277,0.753322,-0.94536,0.320306,0.338369,-0.632279,0.182914,0.764285,-0.936923,0.303404,0.339425,-0.650308,0.17417,0.754147,-0.942285,0.304864,0.339989,-0.648444
408,0.161987,0.776031,-0.934246,0.287261,0.352391,-0.645212,0.15948,0.780349,-0.929541,0.287799,0.360146,-0.645161,0.163474,0.783745,-0.939255,0.289104,0.361353,-0.648961,0.166414,0.773777,-0.933535,0.285004,0.352301,-0.640668
409,0.14203,0.783414,-0.927521,0.274782,0.366345,-0.655667,0.143848,0.787494,-0.932326,0.272549,0.362017,-0.634997,0.13583,0.786243,-0.932761,0.2878,0.374751,-0.642438,0.140151,0.787572,-0.92947,0.300776,0.367734,-0.641792
410,0.127623,0.804951,-0.91708,0.256137,0.393918,-0.609926,0.124402,0.797652,-0.916296,0.277926,0.363069,-0.638489,0.132679,0.799019,-0.928123,0.261701,0.365723,-0.648851,0.137974,0.787525,-0.921468,0.256669,0.379104,-0.624891
411,0.105546,0.815269,-0.926912,0.246097,0.381513,-0.644436,0.102425,0.804133,-0.909948,0.269226,0.398535,-0.626929,0.101375,0.810952,-0.910054,0.254341,0.399931,-0.644093,0.116533,0.806897,-0.912955,0.270912,0.407516,-0.646737
412,0.088508,0.822165,-0.905087,0.246425,0.4117,-0.648375,0.082346,0.817541,-0.895251,0.221013,0.381421,-0.645538,0.087494,0.819015,-0.894243,0.237958,0.383436,-0.661619,0.083721,0.812691,-0.907723,0.23421,0.385552,-0.639536
413,0.066664,0.83224,-0.901457,0.222476,0.409552,-0.638864,0.061561,0.828671,-0.901724,0.242402,0.404313,-0.631423,0.071625,0.822456,-0.889385,0.236926,0.409617,-0.633521,0.066493,0.825335,-0.900771,0.250351,0.402366,-0.645127
414,0.057085,0.839663,-0.894814,0.235135,0.418623,-0.627734,0.047031,0.836433,-0.879998,0.215076,0.3978,-0.641975,0.044234,0.842925,-0.895981,0.204402,0.422448,-0.638691,0.06076,0.855426,-0.893337,0.246497,0.441284,-0.64577
415,0.026372,0.84869,-0.887295,0.226226,0.433094,-0.649469,0.033926,0.842482,-0.883517,0.233772,0.426276,-0.637304,0.031986,0.850817,-0.878377,0.203424,0.421994,-0.643014,0.033471,0.847333,-0.882722,0.207202,0.422807,-0.628123
416,0.012124,0.850245,-0.869974,0.19674,0.422302,-0.627047,0.016642,0.869982,-0.868418,0.200472,0.427787,-0.633979,0.020213,0.854919,-0.863425,0.199907,0.416925,-0.641113,0.013378,0.865834,-0.87705,0.204766,0.421802,-0.643813
417,-0.00902,0.869879,-0.864114,0.172635,0.453062,-0.621857,-0.006825,0.868276,-0.8629,0.197784,0.439864,-0.623446,-0.011475,0.875857,-0.854569,0.194185,0.430316,-0.637289,-0.007315,0.875126,-0.862287,0.179197,0.421251,-0.624687
418,-0.033016,0.875087,-0.851328,0.168872,0.444479,-0.621279,-0.015574,0.87463,-0.851296,0.167035,0.460906,-0.610346,-0.025368,0.882613,-0.851296,0.180439,0.452894,-0.601927,-0.027102,0.877339,-0.847213,0.184433,0.440983,-0.620966
419,-0.03763,0.882847,-0.840426,0.153479,0.448993,-0.605346,-0.046791,0.887674,-0.84873,0.168604,0.438421,-0.626318,-0.040527,0.886206,-0.843152,0.168128,0.459889,-0.630293,-0.043857,0.881067,-0.848499,0.181636,0.475472,-0.632125
420,-0.052889,0.895749,-0.831784,0.155025,0.473437,-0.597185,-0.066633,0.896495,-0.838708,0.14103,0.467128,-0.603358,-0.069594,0.891952,-0.82274,0.150112,0.477152,-0.587963,-0.060077,0.895234,-0.832683,0.159914,0.482347,-0.62288
421,-0.083912,0.907744,-0.820744,0.148038,0.483746,-0.625833,-0.07719,0.899036,-0.815802,0.148034,0.48319,-0.600745,-0.078716,0.90779,-0.813476,0.138373,0.440715,-0.640432,-0.079233,0.908739,-0.831405,0.153025,0.491254,-0.618167
422,-0.096584,0.913864,-0.811962,0.105252,0.479463,-0.613468,-0.099747,0.919783,-0.813169,0.149361,0.485563,-0.58531,-0.090982,0.912041,-0.815779,0.123672,0.487165,-0.620485,-0.103274,0.909495,-0.822383,0.125723,0.507722,-0.615872
423,-0.124033,0.924665,-0.803174,0.115036,0.502375,-0.630651,-0.128654,0.905427,-0.790037,0.112322,0.483093,-0.61202,-0.122331,0.916685,-0.797565,0.107364,0.490656,-0.598081,-0.112451,0.913493,-0.801798,0.116132,0.478225,-0.6049
424,-0.142068,0.9286,-0.794255,0.104414,0.504141,-0.626093,-0.139296,0.926093,-0.793381,0.096296,0.504562,-0.60195,-0.139389,0.91982,-0.792703,0.109402,0.493763,-0.599486,-0.142239,0.922427,-0.783732,0.099472,0.490284,-0.596548
425,-0.158094,0.927896,-0.782194,0.095691,0.508701,-0.601404,-0.153798,0.933351,-0.76752,0.084079,0.520009,-0.612038,-0.151331,0.944071,-0.773319,0.106919,0.49743,-0.590075,-0.154872,0.933138,-0.778443,0.090792,0.504429,-0.587594
426,-0.165641,0.953743,-0.768166,0.073726,0.502434,-0.60257,-0.173727,0.932315,-0.760518,0.077028,0.512745,-0.58797,-0.17864,0.937167,-0.765795,0.084481,0.495279,-0.596577,-0.177812,0.945564,-0.762598,0.078539,0.512999,-0.599523
427,-0.197318,0.944638,-0.751184,0.069013,0.529226,-0.572691,-0.195937,0.962316,-0.748978,0.060393,0.535085,-0.578766,-0.190366,0.947116,-0.741099,0.081343,0.512592,-0.5686,-0.19062,0.94741,-0.758238,0.070944,0.535102,-0.574879
428,-0.208656,0.950325,-0.743042,0.064417,0.514437,-0.579999,-0.217575,0.950187,-0.739111,0.063736,0.532517,-0.578186,-0.211466,0.947889,-0.741742,0.061619,0.538798,-0.583887,-0.211343,0.945964,-0.734617,0.065102,0.506103,-0.570353
429,-0.229557,0.958153,-0.728167,0.050405,0.530444,-0.577625,-0.232986,0.95615,-0.723944,0.049412,0.550856,-0.57915,-0.228322,0.963691,-0.722572,0.053123,0.538676,-0.574065,-0.23585,0.971168,-0.734393,0.043966,0.545853,-0.574705
430,-0.24585,0.9662,-0.708566,0.032362,0.563236,-0.59183,-0.250075,0.96823,-0.715533,0.049709,0.542425,-0.564349,-0.244196,0.967394,-0.708792,0.019512,0.548199,-0.57611,-0.256031,0.96086,-0.71877,0.027666,0.534692,-0.573335
431,-0.269218,0.962728,-0.699402,0.019716,0.55916,-0.558317,-0.261648,0.966717,-0.700208,-0.003121,0.541594,-0.568154,-0.263242,0.967165,-0.698741,0.016969,0.548431,-0.564331,-0.264967,0.977564,-0.70641,0.023575,0.547222,-0.562054
432,-0.288147,0.980038,-0.686804,0.015197,0.559438,-0.559622,-0.280097,0.971303,-0.687858,0.00867,0.539745,-0.575856,-0.284224,0.976719,-0.682559,0.008892,0.572345,-0.560579,-0.280204,0.979096,-0.691778,-0.014075,0.550607,-0.562689
433,-0.302155,0.98007,-0.670771,0.011752,0.568943,-0.556958,-0.304726,0.970666,-0.661466,-0.016909,0.560549,-0.573091,-0.299347,0.978535,-0.676435,-0.006678,0.580403,-0.558026,-0.30722,0.977877,-0.672061,-0.009928,0.578973,-0.56067
434,-0.312788,0.976379,-0.65069,-0.020723,0.584778,-0.551048,-0.311168,0.980931,-0.664222,-0.018887,0.562439,-0.56336,-0.322942,0.983914,-0.659651,-0.012972,0.563417,-0.541829,-0.32118,0.983342,-0.64823,-0.015175,0.575241,-0.560565
435,-0.347176,0.982008,-0.647963,-0.02727,0.588949,-0.546882,-0.335896,0.986553,-0.642338,-0.013971,0.566741,-0.547011,-0.338288,0.987825,-0.652056,-0.041555,0.574594,-0.523387,-0.338012,0.994664,-0.645893,-0.027844,0.590661,-0.553677
436,-0.346261,0.981672,-0.631994,-0.040905,0.602802,-0.545478,-0.351837,0.994076,-0.633052,-0.035356,0.587603,-0.532993,-0.352847,0.987789,-0.636776,-0.042715,0.587154,-0.538534,-0.356021,0.992693,-0.637348,-0.023384,0.583733,-0.529593
437,-0.376651,0.986862,-0.607542,-0.047063,0.595514,-0.518567,-0.372883,0.994463,-0.615915,-0.038896,0.583154,-0.527043,-0.370382,0.994291,-0.623212,-0.032663,0.577973,-0.542756,-0.373566,0.982487,-0.60117,-0.047998,0.586116,-0.532062
438,-0.388677,0.994613,-0.593969,-0.055676,0.592749,-0.538326,-0.39392,0.993635,-0.598079,-0.072018,0.587478,-0.519573,-0.38697,0.994927,-0.596403,-0.047819,0.602805,-0.510929,-0.395403,0.993456,-0.600759,-0.075936,0.582822,-0.520311
439,-0.407206,0.990835,-0.581265,-0.082055,0.586383,-0.502829,-0.40288,0.99234,-0.587195,-0.076804,0.596673,-0.508981,-0.408909,0.999997,-0.585237,-0.079638,0.611595,-0.524485,-0.411618,0.984372,-0.585012,-0.075128,0.602509,-0.528726
440,-0.412959,0.993548,-0.567854,-0.084153,0.597166,-0.504984,-0.424985,0.997023,-0.573788,-0.081977,0.58468,-0.514818,-0.424249,0.990251,-0.576819,-0.086835,0.592988,-0.522947,-0.425493,0.996526,-0.563948,-0.087797,0.590673,-0.498139
441,-0.451899,1.00579,-0.55133,-0.094382,0.615819,-0.516292,-0.438235,0.999885,-0.558367,-0.110348,0.605923,-0.501122,-0.444619,1.000173,-0.543252,-0.114915,0.593499,-0.492782,-0.440576,0.996175,-0.556619,-0.095121,0.62199,-0.501734
442,-0.471493,0.998988,-0.543687,-0.127838,0.613076,-0.497715,-0.460966,1.006462,-0.53531,-0.112322,0.613246,-0.485926,-0.45508,1.00558,-0.545212,-0.121929,0.617233,-0.498738,-0.457879,1.006453,-0.532908,-0.109037,0.598706,-0.494735
443,-0.479547,1.000305,-0.526266,-0.121182,0.638662,-0.480585,-0.479246,1.001029,-0.522162,-0.111176,0.597129,-0.481928,-0.475938,0.997864,-0.529684,-0.138281,0.628053,-0.489696,-0.466257,1.006006,-0.526289,-0.122753,0.602437,-0.487501
444,-0.501352,1.000306,-0.504942,-0.138223,0.617147,-0.493835,-0.494935,1.000916,-0.51358,-0.149866,0.614484,-0.463977,-0.492319,1.002661,-0.505389,-0.134066,0.59523,-0.48839,-0.502312,1.002384,-0.510929,-0.170637,0.631337,-0.452388
445,-0.513938,0.999866,-0.491003,-0.165987,0.611266,-0.451737,-0.511115,0.996248,-0.492025,-0.146795,0.625112,-0.467705,-0.502301,1.002454,-0.487374,-0.121059,0.594621,-0.460209,-0.513675,0.991789,-0.488536,-0.155619,0.613534,-0.491745
446,-0.516322,0.98949,-0.473323,-0.161407,0.611809,-0.460883,-0.52877,1.005657,-0.478286,-0.159013,0.625784,-0.466509,-0.532676,0.997229,-0.481894,-0.161523,0.632246,-0.469423,-0.528478,0.997618,-0.475598,-0.159547,0.632355,-0.49292
447,-0.541052,0.99379,-0.450859,-0.174929,0.623951,-0.438671,-0.543829,1.003019,-0.452902,-0.175473,0.621462,-0.466992,-0.53729,0.988654,-0.461299,-0.181833,0.644751,-0.451707,-0.537724,1.007999,-0.462009,-0.174945,0.627651,-0.446005
448,-0.561273,0.998924,-0.442415,-0.178939,0.623117,-0.414498,-0.562597,1.006931,-0.437339,-0.202051,0.630351,-0.430164,-0.556145,0.996681,-0.445059,-0.167764,0.63013,-0.437214,-0.558198,1.005754,-0.431389,-0.181799,0.637231,-0.42253
449,-0.576739,0.994539,-0.418729,-0.19834,0.633833,-0.424598,-0.570646,1.001728,-0.421803,-0.201736,0.645568,-0.443219,-0.574834,0.995194,-0.423289,-0.195418,0.629277,-0.427044,-0.573774,0.995563,-0.42536,-0.180797,0.637779,-0.441284
450,-0.593435,0.997161,-0.415919,-0.22008,0.636341,-0.434923,-0.584261,0.996772,-0.406617,-0.198837,0.63508,-0.42568,-0.588331,0.992808,-0.407828,-0.200945,0.63362,-0.424736,-0.591812,0.990486,-0.404117,-0.197952,0.631978,-0.421036
451,-0.604105,0.979646,-0.39458,-0.231151,0.643638,-0.430379,-0.594007,0.979835,-0.391981,-0.213977,0.641517,-0.412972,-0.600396,0.988969,-0.389058,-0.234023,0.65071,-0.412519,-0.608084,0.994715,-0.393283,-0.214869,0.612254,-0.413696
452,-0.617348,0.981608,-0.37311,-0.250214,0.639563,-0.4065,-0.622624,0.99438,-0.378023,-0.230675,0.638025,-0.402606,-0.611733,0.986324,-0.376804,-0.236443,0.647782,-0.42434,-0.608163,0.988205,-0.36736,-0.219537,0.632615,-0.415815
453,-0.638189,0.989195,-0.360448,-0.255264,0.644518,-0.385166,-0.636633,0.972861,-0.350885,-0.251224,0.632081,-0.407695,-0.631013,0.993144,-0.345849,-0.253182,0.647765,-0.397957,-0.63076,0.981641,-0.35726,-0.225157,0.640221,-0.380705
454,-0.648775,0.973075,-0.329382,-0.264376,0.665291,-0.391083,-0.648966,0.983388,-0.338259,-0.256631,0.645135,-0.380896,-0.645726,0.987215,-0.329181,-0.269699,0.649853,-0.37065,-0.637207,0.985006,-0.330948,-0.258356,0.649481,-0.397316
455,-0.661236,0.981589,-0.315684,-0.266019,0.620935,-0.387869,-0.660674,0.984584,-0.320525,-0.283224,0.636518,-0.384778,-0.661035,0.988264,-0.330909,-0.273635,0.635857,-0.382814,-0.67336,0.980113,-0.321501,-0.271424,0.635527,-0.390713
456,-0.673891,0.974909,-0.294255,-0.285106,0.631241,-0.376509,-0.677779,0.97892,-0.300578,-0.258878,0.644412,-0.339404,-0.675869,0.969705,-0.298955,-0.285823,0.642255,-0.369912,-0.674703,0.970138,-0.294605,-0.250656,0.672088,-0.345049
457,-0.688522,0.972941,-0.276892,-0.314909,0.634231,-0.368584,-0.698394,0.975344,-0.279898,-0.284732,0.63965,-0.351002,-0.686857,0.975206,-0.281217,-0.279127,0.622997,-0.356844,-0.687317,0.974463,-0.27419,-0.273335,0.641568,-0.354006
458,-0.711342,0.973312,-0.26013,-0.299745,0.653961,-0.360191,-0.703268,0.965175,-0.265088,-0.301386,0.660094,-0.343599,-0.70587,0.956421,-0.265821,-0.30432,0.645598,-0.345993,-0.699561,0.97073,-0.267811,-0.309956,0.636907,-0.38166
459,-0.719799,0.964024,-0.240083,-0.323368,0.636851,-0.344729,-0.713729,0.958278,-0.246232,-0.310338,0.637076,-0.3478,-0.716328,0.956735,-0.25816,-0.313002,0.647797,-0.316191,-0.721016,0.967811,-0.248123,-0.311586,0.645813,-0.317127
460,-0.732799,0.958533,-0.228817,-0.309798,0.642147,-0.321259,-0.727381,0.948754,-0.218974,-0.324572,0.636637,-0.337398,-0.744993,0.956625,-0.228026,-0.315673,0.649867,-0.311674,-0.730508,0.963376,-0.220576,-0.311343,0.655026,-0.339337
461,-0.738062,0.951129,-0.199909,-0.332144,0.65577,-0.322116,-0.736703,0.95327,-0.210367,-0.32538,0.637485,-0.321975,-0.734152,0.955682,-0.208028,-0.324931,0.647813,-0.322938,-0.748203,0.954706,-0.209855,-0.331951,0.648394,-0.335891
462,-0.753129,0.947887,-0.196745,-0.329786,0.649231,-0.302532,-0.75177,0.9408,-0.185803,-0.343628,0.628464,-0.311095,-0.741306,0.949151,-0.199596,-0.34033,0.627062,-0.299316,-0.763505,0.948341,-0.193203,-0.345581,0.656517,-0.289998
463,-0.774133,0.94301,-0.168656,-0.377534,0.638769,-0.299235,-0.762268,0.934103,-0.17221,-0.334321,0.659877,-0.298311,-0.765847,0.949139,-0.174291,-0.361149,0.654708,-0.305887,-0.762616,0.933856,-0.172618,-0.361164,0.638074,-0.309756
464,-0.778103,0.928911,-0.152584,-0.361246,0.64337,-0.287247,-0.781057,0.929347,-0.159129,-0.36266,0.643283,-0.28463,-0.7773,0.936228,-0.151082,-0.348925,0.659057,-0.279296,-0.776723,0.927422,-0.152055,-0.373701,0.655935,-0.295441
465,-0.783403,0.931346,-0.135488,-0.358247,0.644235,-0.271589,-0.790748,0.933406,-0.131373,-0.371251,0.635799,-0.266141,-0.789675,0.937034,-0.152586,-0.362395,0.646496,-0.265838,-0.785598,0.925179,-0.134797,-0.370595,0.646849,-0.270021
466,-0.798453,0.91465,-0.112528,-0.392691,0.65409,-0.263289,-0.808163,0.920999,-0.115702,-0.379214,0.642387,-0.247987,-0.793188,0.912305,-0.112874,-0.377256,0.651615,-0.253194,-0.799638,0.92951,-0.122794,-0.404845,0.647966,-0.255325
467,-0.809107,0.910455,-0.094657,-0.405823,0.63195,-0.245832,-0.818991,0.913766,-0.098348,-0.412969,0.654861,-0.23003,-0.80141,0.909464,-0.097717,-0.403144,0.630072,-0.254386,-0.805981,0.920359,-0.099971,-0.373873,0.644267,-0.242899
468,-0.811782,0.905542,-0.083248,-0.401244,0.636366,-0.249713,-0.827572,0.904353,-0.078361,-0.412117,0.635381,-0.244176,-0.826616,0.898851,-0.078892,-0.4077,0.635142,-0.236463,-0.828288,0.908306,-0.090069,-0.388195,0.636329,-0.233931
469,-0.82891,0.892986,-0.054876,-0.393529,0.649763,-0.226691,-0.840277,0.893901,-0.058178,-0.413229,0.642158,-0.216262,-0.831185,0.894532,-0.056622,-0.426576,0.638064,-0.226355,-0.832902,0.890187,-0.071211,-0.394618,0.625376,-0.232336
470,-0.842934,0.890863,-0.042274,-0.416107,0.647557,-0.220974,-0.8425,0.884212,-0.049807,-0.42211,0.626597,-0.220929,-0.850321,0.887725,-0.038557,-0.415898,0.633378,-0.204523,-0.846525,0.890573,-0.044678,-0.423533,0.663027,-0.218369
471,-0.857162,0.874924,-0.016616,-0.435297,0.644911,-0.201477,-0.848134,0.880506,-0.013014,-0.429179,0.650731,-0.210084,-0.859515,0.875274,-0.027266,-0.432556,0.647897,-0.210571,-0.845969,0.873178,-0.020455,-0.441167,0.625258,-0.205712
472,-0.863713,0.872047,-0.002194,-0.429284,0.635181,-0.197018,-0.872991,0.864588,5.4e-05,-0.446993,0.622046,-0.182788,-0.869278,0.869594,-0.002356,-0.422683,0.618528,-0.211681,-0.875411,0.862627,0.004904,-0.427478,0.63672,-0.179018
473,-0.88079,0.862847,0.016577,-0.44464,0.639697,-0.181341,-0.869631,0.854253,0.022899,-0.456068,0.617422,-0.176923,-0.872901,0.860022,0.014219,-0.434391,0.626483,-0.163948,-0.87174,0.850939,0.009374,-0.436497,0.619629,-0.191993
474,-0.876013,0.847857,0.037675,-0.456668,0.622971,-0.18182,-0.880442,0.843545,0.029355,-0.482144,0.625259,-0.154588,-0.88725,0.853778,0.02828,-0.480684,0.631346,-0.175046,-0.881958,0.860092,0.031061,-0.459316,0.630375,-0.158287
475,-0.887966,0.834869,0.049469,-0.457588,0.638661,-0.154021,-0.893067,0.829488,0.054179,-0.458667,0.611342,-0.16126,-0.896456,0.841328,0.051225,-0.4624,0.640773,-0.161068,-0.877529,0.839383,0.048691,-0.457542,0.621888,-0.164403
476,-0.89978,0.836257,0.068366,-0.467921,0.607143,-0.143802,-0.900885,0.829142,0.06917,-0.47214,0.625864,-0.143858,-0.904615,0.832809,0.071491,-0.4818,0.613124,-0.13215,-0.892951,0.830455,0.076151,-0.460362,0.626979,-0.154349
477,-0.909669,0.82042,0.090532,-0.468458,0.608093,-0.140111,-0.897403,0.81801,0.090427,-0.495823,0.611247,-0.138077,-0.907774,0.817793,0.097536,-0.48016,0.621823,-0.146816,-0.911977,0.809025,0.098616,-0.470849,0.613587,-0.137512
478,-0.914556,0.808326,0.100348,-0.499789,0.609907,-0.12927,-0.923646,0.811422,0.106189,-0.492162,0.605596,-0.116178,-0.915869,0.803591,0.110579,-0.48633,0.618836,-0.110099,-0.916655,0.812489,0.114624,-0.48334,0.608305,-0.122421
479,-0.926702,0.790032,0.132989,-0.493576,0.600374,-0.123266,-0.9208,0.786527,0.123785,-0.50484,0.59357,-0.113786,-0.918238,0.798232,0.125817,-0.46413,0.598537,-0.121549,-0.922551,0.80257,0.12916,-0.493886,0.61142,-0.116219
480,-0.936856,0.76947,0.146347,-0.499494,0.617226,-0.101432,-0.93372,0.783793,0.141966,-0.497039,0.599532,-0.106358,-0.941435,0.788021,0.1412,-0.514598,0.59266,-0.099765,-0.930562,0.784593,0.146399,-0.485143,0.604467,-0.081653
481,-0.942437,0.7733,0.160864,-0.505359,0.620142,-0.098558,-0.935704,0.776808,0.163452,-0.518989,0.570444,-0.099265,-0.941543,0.766194,0.157618,-0.514604,0.596928,-0.086106,-0.933246,0.766442,0.167015,-0.508771,0.585889,-0.089833
482,-0.94238,0.764279,0.183842,-0.512477,0.595239,-0.073375,-0.942229,0.765211,0.185964,-0.519007,0.608024,-0.062353,-0.946217,0.763411,0.181258,-0.505637,0.591474,-0.067424,-0.947269,0.758286,0.181077,-0.499101,0.601289,-0.09587
483,-0.94829,0.748134,0.19895,-0.540141,0.594827,-0.054187,-0.949969,0.749956,0.197772,-0.538371,0.590472,-0.065842,-0.951415,0.739071,0.207534,-0.525919,0.586403,-0.059287,-0.941879,0.740675,0.195628,-0.513444,0.592868,-0.069809
484,-0.951851,0.736116,0.221123,-0.541906,0.593292,-0.052706,-0.95528,0.737576,0.222836,-0.544274,0.572084,-0.048089,-0.954417,0.737916,0.214202,-0.541888,0.596282,-0.046503,-0.954087,0.729286,0.220087,-0.531922,0.591773,-0.052838
485,-0.963739,0.712862,0.236612,-0.544213,0.568931,-0.062224,-0.961318,0.715696,0.238441,-0.538253,0.587086,-0.035148,-0.96353,0.715994,0.235519,-0.546496,0.58031,-0.029327,-0.955422,0.716159,0.239033,-0.545213,0.578472,-0.02923
486,-0.971395,0.704055,0.26216,-0.547706,0.58594,-0.008697,-0.96486,0.708414,0.258621,-0.545296,0.561141,-0.018443,-0.967075,0.717522,0.25479,-0.546471,0.563787,-0.02443,-0.966421,0.717307,0.249176,-0.556671,0.565561,-0.018455
487,-0.969238,0.698228,0.271987,-0.551824,0.564238,-0.000148,-0.96566,0.69344,0.27568,-0.552192,0.56583,-0.020439,-0.964102,0.699432,0.282509,-0.554192,0.558302,-0.009831,-0.980369,0.692874,0.286045,-0.554828,0.55411,-0.02271
488,-0.988205,0.678647,0.297099,-0.56474,0.565,0.007629,-0.98038,0.682741,0.288245,-0.570864,0.568178,0.004494,-0.975388,0.682042,0.299657,-0.564296,0.564904,-0.020617,-0.957109,0.682556,0.283036,-0.54887,0.565655,0.004393
489,-0.976938,0.668518,0.308564,-0.557305,0.547282,0.010326,-0.975781,0.66948,0.313893,-0.552744,0.569061,-0.012413,-0.979128,0.668596,0.311936,-0.559958,0.553289,0.009725,-0.986442,0.661473,0.316478,-0.581087,0.542065,0.015879
490,-0.984506,0.650606,0.336412,-0.5672,0.554836,0.022918,-0.987715,0.653646,0.316084,-0.557453,0.555114,0.009637,-0.976316,0.647217,0.32955,-0.580788,0.55332,0.020487,-0.969782,0.648406,0.328678,-0.565703,0.535128,0.025968
491,-0.98016,0.651975,0.351,-0.577523,0.553953,0.047826,-0.984826,0.643613,0.34989,-0.567488,0.538902,0.047481,-0.985414,0.645662,0.343515,-0.59932,0.544444,0.013863,-0.993316,0.636234,0.347301,-0.593549,0.549697,0.036594
492,-0.999729,0.626729,0.370336,-0.572684,0.548947,0.041874,-0.990351,0.630389,0.366861,-0.58264,0.552099,0.037022,-0.992824,0.628044,0.369427,-0.569997,0.528005,0.044394,-0.995381,0.618306,0.373969,-0.588921,0.537435,0.048976
493,-0.997937,0.609909,0.388897,-0.60971,0.528299,0.060745,-1.001673,0.622004,0.38409,-0.58192,0.545909,0.055727,-0.99734,0.608898,0.384653,-0.607111,0.520686,0.066715,-0.99114,0.611968,0.380254,-0.590893,0.521231,0.064054
494,-0.991663,0.584377,0.396759,-0.593432,0.517855,0.069146,-0.989264,0.594524,0.400206,-0.595979,0.526774,0.084727,-0.997968,0.594011,0.392695,-0.582839,0.506455,0.102669,-0.995193,0.594788,0.389821,-0.614213,0.530455,0.071792
495,-0.997338,0.586424,0.418238,-0.608988,0.516508,0.089351,-0.995144,0.580243,0.426069,-0.611295,0.511446,0.089413,-0.99572,0.573665,0.417048,-0.609292,0.512653,0.080563,-0.997481,0.579264,0.420916,-0.602882,0.516837,0.087212
496,-0.996247,0.563794,0.428973,-0.594132,0.505008,0.0913,-0.99624,0.562429,0.442949,-0.614993,0.490495,0.097686,-0.991238,0.563988,0.434917,-0.583988,0.501446,0.082307,-1.005438,0.552914,0.430151,-0.606992,0.504036,0.099825
497,-1.003965,0.544136,0.451731,-0.608425,0.508874,0.11906,-0.995774,0.554661,0.447502,-0.616633,0.490221,0.091568,-0.990697,0.549085,0.449231,-0.62271,0.50372,0.12191,-0.994284,0.544306,0.451619,-0.599733,0.481391,0.103785
498,-1.001833,0.535902,0.46174,-0.609652,0.492579,0.105141,-0.999797,0.529675,0.467482,-0.603459,0.487252,0.123341,-0.999862,0.538286,0.462885,-0.627982,0.488952,0.114943,-1.001552,0.538128,0.463723,-0.613251,0.479955,0.110949
499,-0.999709,0.515583,0.474376,-0.620476,0.49351,0.131175,-1.009264,0.520782,0.485748,-0.607803,0.485937,0.112323,-0.991348,0.519674,0.491599,-0.622178,0.499485,0.118916,-1.008679,0.520295,0.485491,-0.611274,0.468989,0.143005
500,-1.005626,0.506104,0.496792,-0.599955,0.459227,0.140047,-0.996071,0.50471,0.487744,-0.626851,0.474991,0.158045,-0.999614,0.495818,0.501523,-0.623819,0.450238,0.138398,-1.003047,0.498986,0.497255,-0.615796,0.463198,0.146399
501,-0.995947,0.482021,0.517207,-0.62045,0.474014,0.158194,-1.005189,0.485399,0.516687,-0.617211,0.464964,0.163927,-0.99585,0.482345,0.513103,-0.601941,0.462448,0.149048,-0.994114,0.484651,0.512152,-0.62863,0.495851,0.168939
502,-1.001112,0.47045,0.537369,-0.634456,0.465465,0.158184,-1.006192,0.461374,0.537905,-0.630916,0.467803,0.168642,-0.999703,0.466756,0.53357,-0.607152,0.472295,0.189109,-1.00051,0.471248,0.526437,-0.62216,0.435242,0.170721
503,-0.988582,0.45642,0.560782,-0.632745,0.450872,0.198373,-0.996371,0.455544,0.551351,-0.62988,0.428672,0.1888,-0.992411,0.454127,0.556468,-0.630406,0.444442,0.181274,-0.988558,0.452678,0.547145,-0.625905,0.440717,0.192929
504,-0.99768,0.438382,0.561453,-0.643001,0.42558,0.203383,-0.997283,0.421069,0.561763,-0.628054,0.446622,0.1966,-0.997826,0.428103,0.564491,-0.6331,0.425835,0.200341,-1.000825,0.437091,0.563839,-0.627335,0.4559,0.174185
505,-0.992945,0.411231,0.580106,-0.632246,0.434512,0.200409,-0.999859,0.413934,0.571986,-0.632142,0.456183,0.203527,-0.996523,0.413921,0.577369,-0.638399,0.435522,0.20721,-0.999672,0.408973,0.581566,-0.636105,0.430613,0.200437
506,-0.991456,0.393194,0.592905,-0.639198,0.41832,0.220852,-0.984805,0.405684,0.588707,-0.635564,0.429242,0.217665,-0.991193,0.395624,0.598404,-0.636245,0.415702,0.215946,-0.993771,0.398562,0.584452,-0.636194,0.398612,0.227488
507,-0.992158,0.382333,0.609098,-0.638887,0.399911,0.21164,-1.000604,0.384188,0.608433,-0.644741,0.41988,0.228479,-0.990347,0.381754,0.613671,-0.633427,0.406012,0.223769,-0.989269,0.375203,0.600275,-0.6566,0.404933,0.211482
508,-0.985027,0.373721,0.628392,-0.634595,0.397661,0.247018,-0.992048,0.358293,0.615983,-0.640391,0.380014,0.23053,-0.990899,0.366574,0.628176,-0.666394,0.392873,0.238478,-0.989823,0.367419,0.62819,-0.638764,0.394198,0.238296
509,-0.977851,0.342939,0.641045,-0.646908,0.388324,0.239663,-0.984085,0.340677,0.642233,-0.644145,0.410647,0.251361,-0.987793,0.339769,0.64563,-0.633587,0.386137,0.234924,-0.981865,0.340384,0.636534,-0.64336,0.400401,0.257003
510,-0.979887,0.332274,0.648656,-0.638192,0.399228,0.250409,-0.981822,0.330735,0.656994,-0.658343,0.395426,0.257299,-0.982543,0.322817,0.656095,-0.637709,0.377623,0.263869,-0.981255,0.331369,0.661555,-0.655511,0.377375,0.24673
511,-0.97604,0.304473,0.662404,-0.635757,0.360611,0.269305,-0.98249,0.307258,0.665639,-0.658515,0.382845,0.277132,-0.984814,0.314796,0.669079,-0.643419,0.388487,0.258694,-0.974261,0.30063,0.668311,-0.64277,0.3771,0.270891
512,-0.973608,0.292863,0.679382,-0.657705,0.361288,0.292474,-0.968481,0.28796,0.673381,-0.638687,0.369123,0.263701,-0.974628,0.284577,0.669971,-0.653936,0.342765,0.28878,-0.977523,0.29588,0.684809,-0.649911,0.357346,0.288036
513,-0.964613,0.276925,0.689843,-0.653119,0.369181,0.302104,-0.975792,0.273614,0.696861,-0.640648,0.37514,0.286103,-0.972137,0.282543,0.693887,-0.643001,0.345219,0.296567,-0.967324,0.2719,0.691831,-0.661851,0.347362,0.305891
514,-0.966765,0.261356,0.708836,-0.639319,0.332872,0.306725,-0.964017,0.255732,0.713868,-0.6543,0.337486,0.309792,-0.965938,0.252744,0.708852,-0.645954,0.340607,0.301025,-0.967298,0.258148,0.71576,-0.641818,0.353313,0.323543
515,-0.960609,0.239644,0.722905,-0.658605,0.327235,0.301811,-0.958244,0.242879,0.713867,-0.633256,0.327208,0.331121,-0.959166,0.234952,0.724561,-0.663127,0.339138,0.297345,-0.957216,0.231457,0.709544,-0.6475,0.336834,0.318946
516,-0.960545,0.216475,0.732381,-0.638616,0.323199,0.333581,-0.960452,0.218289,0.730503,-0.660316,0.329441,0.3336,-0.962867,0.211125,0.735164,-0.636221,0.332176,0.337555,-0.958442,0.22307,0.732663,-0.642526,0.318041,0.328321
517,-0.946367,0.20785,0.740034,-0.647915,0.294653,0.341031,-0.948081,0.202316,0.74518,-0.649645,0.321135,0.326813,-0.946303,0.194783,0.743084,-0.645809,0.308146,0.318757,-0.958014,0.197349,0.755891,-0.661099,0.290976,0.342662
518,-0.945906,0.176532,0.761832,-0.653867,0.290332,0.353649,-0.935574,0.180198,0.753442,-0.638634,0.293205,0.362908,-0.936477,0.181971,0.753341,-0.653702,0.297804,0.33144,-0.941187,0.179379,0.749402,-0.628799,0.288994,0.327587
519,-0.933313,0.170048,0.767318,-0.657833,0.284309,0.342339,-0.943447,0.162915,0.770203,-0.655602,0.283175,0.338717,-0.934151,0.156678,0.770233,-0.647083,0.292265,0.35676,-0.937759,0.157183,0.767666,-0.645443,0.296594,0.357593
520,-0.930385,0.132313,0.786456,-0.63549,0.266445,0.358461,-0.933034,0.14676,0.783237,-0.651732,0.300727,0.368492,-0.931088,0.150539,0.780381,-0.634882,0.292307,0.358768,-0.932607,0.146858,0.775318,-0.642322,0.277312,0.353874
521,-0.916861,0.122977,0.79234,-0.638734,0.278334,0.384728,-0.918704,0.127232,0.794021,-0.618021,0.261973,0.378858,-0.92835,0.136465,0.798836,-0.638364,0.252864,0.361116,-0.933902,0.136005,0.794103,-0.658085,0.255136,0.38134
522,-0.917741,0.109665,0.803947,-0.6264,0.237548,0.39353,-0.917703,0.112307,0.812466,-0.661557,0.249173,0.368685,-0.915332,0.107086,0.806538,-0.634997,0.251915,0.374439,-0.915015,0.105497,0.810684,-0.6396,0.27008,0.390063
523,-0.901075,0.082587,0.820944,-0.642628,0.260274,0.406844,-0.908173,0.091853,0.817684,-0.624801,0.24395,0.400851,-0.907484,0.082129,0.814034,-0.644519,0.238524,0.387178,-0.914027,0.082521,0.812585,-0.643693,0.239563,0.395508
524,-0.9021,0.057315,0.827039,-0.653434,0.233932,0.40925,-0.903219,0.05877,0.827714,-0.616064,0.235703,0.39945,-0.890652,0.072524,0.828,-0.644466,0.212407,0.402771,-0.904425,0.073198,0.825092,-0.625724,0.224585,0.401196
525,-0.886127,0.046976,0.836407,-0.633141,0.239582,0.427477,-0.899103,0.058899,0.841788,-0.644068,0.218044,0.395669,-0.887684,0.050924,0.839641,-0.633566,0.21771,0.405603,-0.896048,0.057453,0.836489,-0.629066,0.224089,0.405639
526,-0.883555,0.030123,0.85991,-0.64108,0.224365,0.412973,-0.881489,0.027916,0.846097,-0.650996,0.197278,0.427124,-0.882745,0.034592,0.850737,-0.633154,0.223543,0.41547,-0.893428,0.030565,0.850603,-0.647612,0.225065,0.436223
527,-0.874017,0.008681,0.85543,-0.624694,0.197662,0.420744,-0.867681,0.014443,0.855732,-0.641466,0.212494,0.422129,-0.863535,0.019446,0.860792,-0.631973,0.202901,0.437134,-0.873807,0.017104,0.848768,-0.624306,0.192471,0.418568
528,-0.861992,-0.002379,0.867626,-0.635099,0.18549,0.441059,-0.860159,-0.001438,0.869102,-0.623563,0.193084,0.440755,-0.857048,-0.008619,0.86984,-0.636837,0.198277,0.447883,-0.864383,-0.011799,0.8585,-0.628605,0.177478,0.438177
529,-0.851315,-0.027923,0.874652,-0.631438,0.169348,0.441523,-0.849757,-0.020121,0.872946,-0.625223,0.174052,0.422795,-0.8451,-0.027268,0.886552,-0.628746,0.175502,0.45063,-0.858964,-0.032316,0.879811,-0.615269,0.183953,0.449121
530,-0.838506,-0.03911,0.882286,-0.616857,0.166467,0.438902,-0.846529,-0.043192,0.890388,-0.62614,0.171059,0.468692,-0.844327,-0.036225,0.883827,-0.624586,0.171256,0.469017,-0.844904,-0.039195,0.892419,-0.618545,0.174474,0.469369
531,-0.83735,-0.062205,0.89584,-0.632825,0.131697,0.47109,-0.818681,-0.061827,0.880907,-0.607335,0.147312,0.476574,-0.841102,-0.063867,0.890106,-0.623018,0.158208,0.458955,-0.836826,-0.069814,0.892968,-0.644527,0.167953,0.461886
532,-0.82072,-0.079438,0.905975,-0.600406,0.135274,0.500034,-0.826604,-0.074831,0.905569,-0.60747,0.135125,0.475927,-0.826214,-0.078659,0.906636,-0.616656,0.152074,0.475671,-0.827239,-0.077443,0.895531,-0.626174,0.136852,0.472804
533,-0.810797,-0.102042,0.910339,-0.62851,0.127516,0.482592,-0.82006,-0.097713,0.915013,-0.614999,0.130464,0.474646,-0.800174,-0.095503,0.909509,-0.603934,0.127861,0.479342,-0.812321,-0.096784,0.905824,-0.611164,0.146559,0.470543
534,-0.804477,-0.123725,0.922383,-0.609064,0.11596,0.505349,-0.803638,-0.126573,0.923635,-0.618005,0.09705,0.497708,-0.806301,-0.113335,0.928545,-0.604859,0.121039,0.518788,-0.796872,-0.114703,0.913455,-0.609419,0.132001,0.508377
535,-0.798614,-0.133532,0.923034,-0.614931,0.116175,0.500935,-0.786907,-0.139088,0.928096,-0.605459,0.115467,0.509079,-0.790424,-0.140538,0.930196,-0.60463,0.121174,0.5045,-0.791863,-0.138817,0.921072,-0.61034,0.097706,0.500636
536,-0.775952,-0.156,0.925636,-0.613798,0.081585,0.503244,-0.779433,-0.15501,0.923881,-0.60179,0.095923,0.491449,-0.779415,-0.155287,0.945302,-0.589039,0.09025,0.493352,-0.778088,-0.15632,0.930802,-0.586562,0.08158,0.510874
537,-0.768377,-0.168195,0.942725,-0.600921,0.08685,0.512355,-0.769537,-0.167266,0.944273,-0.581942,0.071543,0.538179,-0.772538,-0.177126,0.942909,-0.593029,0.078817,0.525846,-0.762202,-0.175023,0.934617,-0.598227,0.078667,0.522747
538,-0.756369,-0.187227,0.950411,-0.569946,0.088665,0.516331,-0.761565,-0.192142,0.953426,-0.60888,0.046669,0.530761,-0.749405,-0.202075,0.948719,-0.573873,0.08096,0.507489,-0.753396,-0.193219,0.941025,-0.59395,0.078416,0.519298
539,-0.747058,-0.209769,0.946146,-0.587329,0.054056,0.529414,-0.74408,-0.207654,0.955136,-0.580485,0.055002,0.54129,-0.746027,-0.208697,0.952548,-0.583745,0.06209,0.532244,-0.748758,-0.209244,0.952363,-0.582961,0.060646,0.544473
540,-0.723864,-0.226484,0.958327,-0.569577,0.0444,0.527858,-0.72862,-0.238194,0.965924,-0.580968,0.0487,0.548674,-0.72653,-0.229698,0.945463,-0.571749,0.049455,0.545736,-0.733397,-0.231433,0.95464,-0.588399,0.038092,0.531068
541,-0.712045,-0.246339,0.95593,-0.585396,0.018244,0.541876,-0.727669,-0.248519,0.958094,-0.573589,0.038802,0.536865,-0.719085,-0.250715,0.957281,-0.568024,0.056147,0.543069,-0.71198,-0.24402,0.970019,-0.586501,0.020851,0.551006
542,-0.695922,-0.26487,0.97163,-0.582966,0.007625,0.544928,-0.709605,-0.256992,0.968103,-0.58747,0.031379,0.546911,-0.69807,-0.266335,0.974383,-0.558997,0.014371,0.537276,-0.705924,-0.260653,0.963049,-0.583012,0.025111,0.550982
543,-0.682041,-0.289687,0.9782,-0.553268,0.004561,0.557717,-0.692786,-0.283467,0.973295,-0.579548,-0.005592,0.562083,-0.692839,-0.280219,0.971936,-0.555739,-0.001501,0.561097,-0.6899,-0.286934,0.97764,-0.569311,0.002481,0.570764
544,-0.671374,-0.298506,0.978285,-0.561499,0.002045,0.560412,-0.675085,-0.307745,0.975478,-0.546341,-0.008197,0.582246,-0.669146,-0.297817,0.965831,-0.540902,-0.008175,0.566953,-0.684384,-0.315874,0.981736,-0.538325,0.010478,0.591137
545,-0.666057,-0.310495,0.976593,-0.547926,-0.019021,0.570256,-0.662834,-0.322245,0.981146,-0.560743,-0.024229,0.56396,-0.657832,-0.325966,0.987763,-0.55006,-0.010349,0.563545,-0.663161,-0.312151,0.986992,-0.556025,-0.012858,0.560828
546,-0.639059,-0.339049,0.980199,-0.544391,-0.020372,0.577813,-0.644981,-0.340488,0.978787,-0.557373,-0.031767,0.564012,-0.644309,-0.328111,0.977764,-0.550719,-0.018864,0.567118,-0.644942,-0.330088,0.978743,-0.54714,-0.019292,0.567413
547,-0.630936,-0.360829,0.977008,-0.520168,-0.033761,0.585887,-0.632638,-0.358778,0.998138,-0.540284,-0.044988,0.610125,-0.631198,-0.353975,0.988843,-0.549249,-0.042442,0.580728,-0.634553,-0.361211,0.988644,-0.544541,-0.023265,0.56386
548,-0.619818,-0.366967,1.001219,-0.519938,-0.050567,0.591149,-0.618615,-0.370718,0.98124,-0.525245,-0.054927,0.591799,-0.616829,-0.365173,0.989351,-0.532491,-0.040476,0.589156,-0.62134,-0.370597,0.986941,-0.540742,-0.062693,0.594118
549,-0.601198,-0.388121,0.986326,-0.512312,-0.055734,0.594264,-0.595441,-0.394178,0.98385,-0.529186,-0.061083,0.608833,-0.602211,-0.395961,0.991006,-0.511686,-0.073604,0.577689,-0.604367,-0.387928,0.988409,-0.5286,-0.06575,0.594745
550,-0.592674,-0.403362,0.994637,-0.516355,-0.076323,0.61122,-0.585175,-0.41267,1.000071,-0.513008,-0.079141,0.596917,-0.582149,-0.400954,1.000291,-0.525661,-0.063529,0.587418,-0.584082,-0.399174,0.999787,-0.520532,-0.076523,0.596224
551,-0.570944,-0.418214,0.999576,-0.516982,-0.094126,0.61047,-0.57633,-0.426578,1.00552,-0.500415,-0.08,0.588438,-0.562772,-0.422082,0.996334,-0.508555,-0.075667,0.621373,-0.576265,-0.432925,1.005379,-0.508342,-0.09355,0.604933
552,-0.558798,-0.437572,0.992147,-0.513721,-0.094277,0.608288,-0.550073,-0.441534,0.994243,-0.513425,-0.116493,0.602571,-0.562665,-0.440469,1.003165,-0.496476,-0.108847,0.608156,-0.554409,-0.439604,0.998906,-0.499509,-0.105637,0.614687
553,-0.541367,-0.461598,0.993399,-0.486053,-0.102091,0.61534,-0.539914,-0.456933,0.995551,-0.523213,-0.116414,0.609465,-0.540185,-0.453438,1.007992,-0.486799,-0.107754,0.615389,-0.543739,-0.453499,1.002776,-0.501034,-0.115707,0.604979
554,-0.527011,-0.481626,1.007736,-0.491767,-0.119941,0.596533,-0.520372,-0.474579,1.001116,-0.468517,-0.120238,0.619322,-0.513489,-0.484135,1.000016,-0.479894,-0.131058,0.604907,-0.529728,-0.470597,1.002102,-0.490936,-0.128004,0.605291
555,-0.511122,-0.491244,0.996211,-0.481517,-0.133324,0.62927,-0.513914,-0.494107,0.996731,-0.478387,-0.151143,0.644197,-0.506237,-0.494309,1.008146,-0.472559,-0.137735,0.622842,-0.50676,-0.49535,0.999681,-0.47599,-0.116009,0.616624
556,-0.493301,-0.51424,1.004239,-0.480735,-0.144682,0.622908,-0.498659,-0.508245,0.999969,-0.481105,-0.152477,0.638637,-0.49623,-0.511538,0.997636,-0.467552,-0.154234,0.618005,-0.501499,-0.507647,0.997264,-0.479386,-0.159723,0.61847
557,-0.482898,-0.516002,0.98858,-0.466716,-0.142475,0.620351,-0.470137,-0.525303,0.997283,-0.459478,-0.137702,0.639073,-0.479877,-0.514637,1.004764,-0.469442,-0.157134,0.618773,-0.477441,-0.527556,0.999979,-0.440838,-0.168691,0.622847
558,-0.45828,-0.538614,0.998226,-0.447684,-0.178571,0.616882,-0.459552,-0.539231,0.99886,-0.451615,-0.173027,0.61795,-0.44519,-0.534205,0.993517,-0.456226,-0.168685,0.615381,-0.456642,-0.537351,0.999318,-0.45152,-0.177502,0.638869
559,-0.444055,-0.556212,0.987093,-0.421123,-0.183389,0.634953,-0.452019,-0.55453,0.99714,-0.453214,-0.190235,0.62195,-0.444944,-0.550455,1.001114,-0.431128,-0.173256,0.640133,-0.43883,-0.556679,1.002106,-0.433315,-0.193553,0.622345
560,-0.427035,-0.573697,1.00485,-0.438679,-0.197073,0.641807,-0.422491,-0.565497,0.996944,-0.454577,-0.197189,0.619983,-0.426552,-0.573113,0.995223,-0.425691,-0.204311,0.624413,-0.424732,-0.568231,0.99356,-0.431422,-0.185437,0.614999
561,-0.405745,-0.58161,0.993554,-0.423981,-0.197152,0.628791,-0.407461,-0.593606,0.993406,-0.41269,-0.208899,0.626207,-0.404951,-0.584369,0.999835,-0.424026,-0.200441,0.622455,-0.415537,-0.583474,1.001289,-0.457617,-0.221619,0.630036
562,-0.392496,-0.596322,0.99098,-0.401296,-0.218758,0.639549,-0.38436,-0.605476,0.990064,-0.428454,-0.216035,0.63965,-0.387851,-0.595983,0.99034,-0.416626,-0.238133,0.643293,-0.401986,-0.600532,0.985444,-0.430054,-0.215092,0.616993
563,-0.372838,-0.613973,0.9806,-0.402678,-0.23813,0.634554,-0.375727,-0.615773,0.985794,-0.410362,-0.239433,0.629073,-0.378891,-0.614014,0.990911,-0.393751,-0.235683,0.654943,-0.378447,-0.618524,0.999808,-0.410258,-0.230845,0.641424
564,-0.348706,-0.626506,0.990907,-0.398512,-0.254685,0.641285,-0.354869,-0.618564,0.988708,-0.404038,-0.235017,0.635076,-0.364229,-0.633312,0.981347,-0.412816,-0.233299,0.63004,-0.361628,-0.630795,0.988993,-0.402084,-0.235797,0.657417
565,-0.339481,-0.657407,0.989696,-0.387286,-0.252225,0.636015,-0.330021,-0.650127,0.986283,-0.381449,-0.249419,0.638855,-0.344811,-0.637301,0.986294,-0.391722,-0.265675,0.646459,-0.336764,-0.649032,0.984704,-0.395231,-0.229658,0.644675
566,-0.314256,-0.655071,0.984619,-0.389373,-0.263696,0.655452,-0.318502,-0.66774,0.976807,-0.370504,-0.261131,0.646448,-0.315721,-0.652682,0.981051,-0.379632,-0.264523,0.63427,-0.312188,-0.661366,0.97847,-0.369315,-0.241832,0.647291
567,-0.302709,-0.673996,0.981428,-0.368114,-0.276262,0.643569,-0.299713,-0.675081,0.970668,-0.378949,-0.287444,0.661663,-0.306588,-0.675345,0.983924,-0.381892,-0.283279,0.659375,-0.304182,-0.674327,0.979998,-0.370797,-0.279532,0.649022
568,-0.294227,-0.690792,0.971427,-0.336234,-0.286895,0.654326,-0.290498,-0.681046,0.978613,-0.346157,-0.293547,0.641637,-0.281128,-0.690444,0.972976,-0.37066,-0.287541,0.643532,-0.288303,-0.682241,0.987461,-0.369573,-0.287919,0.658842
569,-0.260549,-0.707179,0.962254,-0.340309,-0.313426,0.635595,-0.271091,-0.698865,0.975934,-0.349293,-0.282496,0.644313,-0.276872,-0.699061,0.964168,-0.344359,-0.283195,0.636333,-0.280132,-0.704587,0.966359,-0.34003,-0.287374,0.640774
570,-0.249579,-0.725317,0.972113,-0.337547,-0.308395,0.662164,-0.249022,-0.713628,0.954545,-0.334436,-0.309134,0.659107,-0.242014,-0.712991,0.97523,-0.346333,-0.315214,0.645153,-0.246655,-0.716287,0.966721,-0.331006,-0.315924,0.648023
571,-0.231356,-0.732118,0.955874,-0.319267,-0.335174,0.635786,-0.23208,-0.724996,0.961165,-0.315914,-0.321872,0.636626,-0.232229,-0.732566,0.95332,-0.319353,-0.328312,0.66316,-0.232101,-0.732911,0.95178,-0.346615,-0.31827,0.637405
572,-0.206164,-0.742408,0.952964,-0.320211,-0.319888,0.641507,-0.214586,-0.741031,0.95087,-0.314813,-0.322683,0.636935,-0.213667,-0.74365,0.956326,-0.320623,-0.328234,0.642885,-0.215303,-0.737551,0.957461,-0.315822,-0.32185,0.643266
573,-0.19058,-0.754753,0.946222,-0.306871,-0.340759,0.652511,-0.190266,-0.752368,0.943661,-0.303278,-0.324604,0.641346,-0.203405,-0.753247,0.940108,-0.293033,-0.342801,0.651828,-0.187822,-0.757201,0.936013,-0.31106,-0.324696,0.633966
574,-0.177962,-0.762122,0.935665,-0.285845,-0.3327,0.640328,-0.175813,-0.767911,0.945711,-0.274294,-0.355676,0.641303,-0.180019,-0.762739,0.935048,-0.307992,-0.335538,0.648106,-0.174651,-0.760068,0.948637,-0.306886,-0.354597,0.653256
575,-0.157605,-0.765701,0.941131,-0.290201,-0.34315,0.658943,-0.156628,-0.781969,0.933383,-0.303319,-0.368623,0.636537,-0.156273,-0.771089,0.933395,-0.278131,-0.369373,0.643241,-0.153245,-0.770791,0.927164,-0.288887,-0.360141,0.636922
576,-0.138829,-0.795498,0.923503,-0.276596,-0.37033,0.648871,-0.14022,-0.786255,0.928769,-0.278681,-0.370556,0.640494,-0.137196,-0.784185,0.928572,-0.269799,-0.367042,0.643977,-0.134526,-0.785489,0.926605,-0.276209,-0.350816,0.646755
577,-0.122126,-0.794479,0.92533,-0.243728,-0.396636,0.646494,-0.115677,-0.802208,0.921302,-0.277661,-0.377287,0.625369,-0.11802,-0.801921,0.9098,-0.2685,-0.37281,0.655753,-0.117368,-0.801254,0.915893,-0.260515,-0.369924,0.645384
578,-0.106054,-0.81647,0.913774,-0.24432,-0.382338,0.635895,-0.094717,-0.813705,0.918409,-0.265207,-0.380796,0.645014,-0.102086,-0.812232,0.909511,-0.253949,-0.379316,0.626751,-0.104375,-0.809012,0.909831,-0.245978,-0.390132,0.646059
579,-0.081751,-0.81871,0.896513,-0.263977,-0.390707,0.632335,-0.076609,-0.823059,0.901371,-0.235096,-0.400081,0.640909,-0.079383,-0.816887,0.898229,-0.241589,-0.381442,0.640002,-0.090153,-0.821947,0.895974,-0.237457,-0.409927,0.628223
580,-0.069264,-0.829206,0.896277,-0.250356,-0.397018,0.624592,-0.063518,-0.831798,0.894275,-0.224684,-0.417059,0.625777,-0.064519,-0.824708,0.903157,-0.259986,-0.403727,0.637672,-0.06095,-0.831913,0.896297,-0.224483,-0.405513,0.643692
581,-0.042838,-0.851929,0.877645,-0.221346,-0.419709,0.633945,-0.037167,-0.840361,0.881418,-0.23836,-0.410583,0.626693,-0.043195,-0.837196,0.883009,-0.208585,-0.41518,0.642128,-0.045875,-0.845903,0.886995,-0.228371,-0.427774,0.638146
582,-0.03111,-0.845281,0.875604,-0.207663,-0.434117,0.619586,-0.02097,-0.852892,0.87302,-0.206804,-0.434265,0.644359,-0.018294,-0.852712,0.872805,-0.209143,-0.428049,0.624968,-0.030788,-0.851933,0.878162,-0.200625,-0.420712,0.6298
583,-0.009938,-0.861852,0.867374,-0.217648,-0.43269,0.630887,0.00103,-0.859295,0.868813,-0.209264,-0.434391,0.623214,-0.014989,-0.85855,0.867245,-0.201578,-0.435567,0.633311,-0.004249,-0.861527,0.875979,-0.198107,-0.434911,0.610702
584,0.008239,-0.870973,0.859423,-0.181754,-0.449695,0.616754,0.002584,-0.872064,0.856869,-0.171849,-0.448729,0.645405,0.016375,-0.870236,0.860281,-0.177022,-0.435161,0.643443,-0.003216,-0.871559,0.860909,-0.179271,-0.424269,0.637629
585,0.033342,-0.883075,0.849376,-0.182036,-0.459112,0.645373,0.027693,-0.882447,0.838572,-0.182023,-0.463958,0.622178,0.026987,-0.881467,0.856823,-0.161554,-0.460578,0.627134,0.033099,-0.881668,0.848606,-0.163008,-0.445365,0.608057
586,0.05286,-0.900665,0.839634,-0.157289,-0.462652,0.602795,0.053131,-0.887776,0.843827,-0.155191,-0.458914,0.617285,0.057711,-0.891945,0.84641,-0.159174,-0.45303,0.6135,0.053973,-0.893262,0.836822,-0.1544,-0.474815,0.612904
587,0.067279,-0.900037,0.829742,-0.145198,-0.463872,0.607739,0.071989,-0.897079,0.841228,-0.156368,-0.478756,0.610997,0.067528,-0.90245,0.837259,-0.150283,-0.462004,0.613007,0.062941,-0.898023,0.826342,-0.143777,-0.476595,0.613672
588,0.086044,-0.910797,0.813847,-0.133939,-0.484965,0.610947,0.085301,-0.902307,0.815992,-0.140103,-0.488494,0.626593,0.084688,-0.898688,0.813354,-0.132103,-0.477581,0.609947,0.079867,-0.910278,0.812646,-0.158124,-0.47886,0.619747
589,0.117922,-0.909608,0.797739,-0.131876,-0.492352,0.611432,0.101911,-0.916821,0.803725,-0.105363,-0.491568,0.608337,0.104961,-0.917461,0.806902,-0.113492,-0.478641,0.585803,0.107897,-0.915605,0.816104,-0.120515,-0.479231,0.619747
590,0.126265,-0.930665,0.799614,-0.098889,-0.50266,0.617138,0.127546,-0.915926,0.796053,-0.118361,-0.487743,0.610579,0.128299,-0.914181,0.794354,-0.120134,-0.486961,0.62438,0.124992,-0.923066,0.793656,-0.114358,-0.509828,0.602016
591,0.151356,-0.923922,0.781585,-0.092956,-0.496094,0.612708,0.147035,-0.934508,0.791332,-0.098589,-0.499402,0.62025,0.139959,-0.928928,0.780839,-0.100998,-0.511205,0.604128,0.141385,-0.928729,0.789163,-0.0882,-0.496988,0.609467
592,0.160902,-0.935224,0.771334,-0.105397,-0.49384,0.603946,0.162076,-0.935525,0.774365,-0.090891,-0.502432,0.592884,0.161809,-0.945974,0.775645,-0.080701,-0.509697,0.6082,0.156669,-0.929886,0.773338,-0.089683,-0.512497,0.602215
593,0.180732,-0.937312,0.767284,-0.067316,-0.517991,0.591413,0.184629,-0.943235,0.755364,-0.052401,-0.511955,0.587431,0.174891,-0.949127,0.748526,-0.095044,-0.524269,0.577745,0.184179,-0.945296,0.762764,-0.073119,-0.497854,0.584939
594,0.195881,-0.952433,0.747052,-0.052768,-0.534684,0.586062,0.1928,-0.95721,0.751747,-0.047158,-0.533067,0.572248,0.205591,-0.945192,0.747868,-0.059849,-0.520958,0.600119,0.201224,-0.947333,0.745406,-0.065179,-0.540398,0.59844
595,0.219977,-0.958946,0.728372,-0.039672,-0.533999,0.583993,0.217413,-0.959001,0.743376,-0.060878,-0.530716,0.592012,0.218272,-0.961984,0.739641,-0.043473,-0.535572,0.590097,0.214339,-0.950943,0.737485,-0.042023,-0.535576,0.575053
596,0.231204,-0.958378,0.728771,-0.056322,-0.544636,0.592132,0.234509,-0.959318,0.725144,-0.032976,-0.556612,0.571014,0.239721,-0.960115,0.720834,-0.023724,-0.539607,0.58122,0.245993,-0.95176,0.724736,-0.034972,-0.543772,0.582415
597,0.259013,-0.969462,0.699499,-0.044119,-0.555612,0.586364,0.244981,-0.966936,0.715584,-0.013373,-0.542271,0.562455,0.249765,-0.961651,0.720772,-0.026352,-0.544579,0.575919,0.247226,-0.959447,0.7092,-0.038528,-0.532983,0.57207
598,0.272788,-0.970727,0.680759,-0.019994,-0.557933,0.563273,0.264992,-0.971748,0.694226,-0.013137,-0.548696,0.576773,0.280697,-0.972289,0.697862,-0.01245,-0.569347,0.572523,0.276533,-0.979364,0.68409,-0.020661,-0.541743,0.56214
599,0.290508,-0.980096,0.690957,0.009515,-0.55191,0.545348,0.284941,-0.972384,0.677723,-0.01092,-0.56945,0.552796,0.297586,-0.974185,0.687854,-0.003115,-0.556545,0.564193,0.288109,-0.964474,0.680783,-0.004914,-0.567898,0.567084
600,0.310152,-0.9739,0.662322,-0.001503,-0.56204,0.557906,0.313095,-0.975709,0.660487,0.007469,-0.556373,0.565024,0.307304,-0.979195,0.671765,-0.005247,-0.566181,0.557533,0.314989,-0.970379,0.667627,0.009839,-0.567871,0.556416
601,0.320458,-0.976222,0.645745,0.026331,-0.572526,0.537005,0.331425,-0.979605,0.655494,0.026413,-0.566421,0.553361,0.329366,-0.984885,0.668155,0.017424,-0.585822,0.552167,0.330015,-0.979351,0.658087,0.010797,-0.569157,0.546325
602,0.343424,-0.979891,0.640417,0.040565,-0.579374,0.553132,0.343779,-0.982139,0.644687,0.028551,-0.559635,0.542861,0.340201,-0.985498,0.642,0.039886,-0.572996,0.540003,0.331728,-0.98708,0.639466,0.042666,-0.575852,0.546389
603,0.362057,-0.983458,0.632338,0.045948,-0.588553,0.529419,0.365033,-0.986752,0.630637,0.040146,-0.564042,0.525061,0.364178,-0.991878,0.629668,0.03717,-0.582639,0.552659,0.365174,-0.993196,0.629723,0.054006,-0.577473,0.542788
604,0.379897,-0.988814,0.60457,0.062824,-0.602181,0.5219,0.377301,-0.990007,0.60129,0.061847,-0.584055,0.518115,0.37937,-0.995919,0.605065,0.061641,-0.571653,0.535636,0.374382,-0.993652,0.601376,0.05811,-0.58966,0.532816
605,0.39495,-0.991018,0.585661,0.073102,-0.577764,0.521424,0.400376,-0.98458,0.600734,0.054946,-0.598843,0.528104,0.393841,-0.990388,0.599188,0.068108,-0.58614,0.515347,0.403372,-0.988455,0.59993,0.072547,-0.589597,0.542612
606,0.421152,-0.999187,0.586125,0.077657,-0.605701,0.51175,0.410164,-1.002961,0.579382,0.075414,-0.585967,0.512135,0.413708,-1.00387,0.573774,0.076022,-0.606499,0.508365,0.416754,-1.004634,0.582653,0.100472,-0.574886,0.507336
607,0.428657,-0.989493,0.571784,0.097513,-0.597263,0.500799,0.43251,-0.995061,0.5646,0.087856,-0.596392,0.50657,0.427704,-1.000705,0.563637,0.091653,-0.609614,0.51921,0.441106,-0.998318,0.563408,0.094041,-0.620434,0.497031
608,0.452745,-0.998381,0.545743,0.123984,-0.605023,0.489246,0.448514,-0.992302,0.546582,0.107155,-0.607969,0.498482,0.446774,-1.003369,0.553927,0.111477,-0.611775,0.500996,0.450246,-0.992914,0.543686,0.099576,-0.600632,0.487395
609,0.463982,-0.991899,0.536556,0.130422,-0.621356,0.492887,0.474547,-1.005127,0.535874,0.120796,-0.608151,0.490624,0.473313,-0.991455,0.538362,0.124157,-0.610717,0.491164,0.475852,-1.000465,0.539282,0.113488,-0.595545,0.49471
610,0.475668,-1.00563,0.518328,0.128712,-0.613263,0.497292,0.472167,-0.995137,0.519499,0.107766,-0.618168,0.479305,0.476279,-0.999554,0.516533,0.146115,-0.628578,0.480922,0.482957,-0.999435,0.515203,0.117815,-0.618525,0.478353
611,0.500089,-0.998261,0.503799,0.125312,-0.624596,0.467151,0.507145,-0.992191,0.502108,0.143594,-0.61727,0.485482,0.505202,-0.997517,0.502831,0.135125,-0.631825,0.473702,0.501494,-1.001471,0.509742,0.156564,-0.620398,0.477865
612,0.51273,-1.008543,0.48931,0.164472,-0.626263,0.475831,0.513137,-1.003908,0.488798,0.141163,-0.625083,0.448849,0.523393,-1.006747,0.482182,0.148664,-0.634734,0.467493,0.519585,-0.996938,0.4837,0.165944,-0.612806,0.459894
613,0.531945,-1.006284,0.470677,0.161588,-0.615249,0.455167,0.53078,-1.007719,0.475661,0.153581,-0.625266,0.473151,0.522819,-0.992185,0.468255,0.168756,-0.623012,0.45727,0.536026,-0.995056,0.474352,0.164804,-0.609353,0.459395
614,0.549489,-0.99805,0.454022,0.183219,-0.627975,0.442118,0.54646,-1.005042,0.457341,0.177292,-0.63725,0.446691,0.55045,-0.997853,0.447598,0.186502,-0.61734,0.454062,0.547828,-1.000273,0.454471,0.181799,-0.639302,0.447958
615,0.561439,-1.000046,0.43192,0.197146,-0.638093,0.446228,0.56169,-0.998027,0.427304,0.169173,-0.638191,0.436462,0.559474,-0.994726,0.440151,0.167801,-0.648769,0.448566,0.560794,-0.99663,0.434394,0.173819,-0.625427,0.450715
616,0.574552,-0.997304,0.413634,0.188237,-0.633479,0.440427,0.576589,-0.994536,0.418756,0.208184,-0.637062,0.41105,0.589522,-0.995756,0.421723,0.188628,-0.649587,0.416256,0.580991,-1.000421,0.41516,0.192163,-0.627163,0.434109
617,0.600273,-0.995092,0.400762,0.219095,-0.631576,0.415163,0.597607,-0.998326,0.405171,0.223099,-0.641613,0.415452,0.590436,-0.996002,0.402493,0.199951,-0.634342,0.417674,0.591863,-0.99636,0.399701,0.234386,-0.628979,0.422805
618,0.602659,-0.984362,0.388672,0.230056,-0.65741,0.398101,0.609129,-0.992071,0.394445,0.22068,-0.631551,0.424745,0.603626,-0.989692,0.3859,0.21543,-0.636734,0.409467,0.618093,-0.981594,0.377092,0.22005,-0.641494,0.420862
619,0.617664,-0.989492,0.368941,0.255984,-0.64608,0.401785,0.629386,-0.982944,0.370563,0.23887,-0.625053,0.408239,0.630679,-0.996584,0.35958,0.237355,-0.653017,0.397311,0.623505,-0.981549,0.359478,0.240156,-0.627748,0.398704
620,0.635898,-0.994337,0.343382,0.226769,-0.630384,0.408327,0.632525,-0.982428,0.358852,0.247207,-0.630895,0.3936,0.633647,-0.989189,0.358956,0.261575,-0.619491,0.380627,0.639173,-0.991951,0.346906,0.230897,-0.643028,0.392432
621,0.643928,-0.980663,0.330306,0.253947,-0.648146,0.396005,0.642941,-0.979899,0.34164,0.251667,-0.646471,0.384863,0.653254,-0.982082,0.333892,0.271109,-0.657405,0.389856,0.654084,-0.98655,0.327991,0.263717,-0.661443,0.39276
622,0.667088,-0.978206,0.308841,0.261733,-0.659083,0.378404,0.658597,-0.975227,0.308623,0.279884,-0.635872,0.376397,0.670123,-0.978374,0.307574,0.280286,-0.642565,0.381334,0.666711,-0.974341,0.319363,0.291723,-0.655066,0.376767
623,0.669669,-0.978866,0.28978,0.288604,-0.640095,0.369553,0.679703,-0.97542,0.291495,0.303684,-0.648097,0.371395,0.68212,-0.969699,0.299837,0.285326,-0.640609,0.36636,0.674039,-0.975025,0.290837,0.265101,-0.63962,0.361397
624,0.701793,-0.967379,0.281518,0.292587,-0.648723,0.336702,0.703671,-0.965552,0.276094,0.289717,-0.654456,0.340165,0.682211,-0.971544,0.281029,0.296531,-0.638339,0.349615,0.690109,-0.966165,0.275757,0.293768,-0.645743,0.337827
625,0.71275,-0.969044,0.263995,0.302321,-0.659429,0.341027,0.70723,-0.961862,0.260501,0.295456,-0.657593,0.355603,0.702915,-0.961105,0.252545,0.312686,-0.644888,0.34031,0.705613,-0.964198,0.264275,0.295701,-0.640802,0.351659
626,0.722706,-0.954746,0.249303,0.3055,-0.647918,0.347198,0.716655,-0.95793,0.236182,0.298134,-0.640374,0.335541,0.722112,-0.960021,0.240874,0.322544,-0.658055,0.351306,0.723391,-0.957942,0.251869,0.305167,-0.653698,0.322396
627,0.732355,-0.947513,0.227112,0.309015,-0.655436,0.317521,0.729112,-0.955625,0.221958,0.326908,-0.63974,0.316251,0.731052,-0.95378,0.221609,0.325045,-0.647924,0.312658,0.727878,-0.954843,0.220653,0.333085,-0.645444,0.312479
628,0.742303,-0.947542,0.198175,0.33324,-0.651842,0.315774,0.741426,-0.957502,0.206085,0.338023,-0.64418,0.325264,0.739577,-0.946673,0.202467,0.342993,-0.639394,0.308162,0.742363,-0.942507,0.204441,0.339307,-0.642131,0.316747
629,0.75669,-0.940904,0.18596,0.332542,-0.634871,0.292805,0.757994,-0.940336,0.177066,0.349616,-0.647709,0.306084,0.752497,-0.942494,0.180085,0.336257,-0.64875,0.311776,0.767462,-0.9494,0.178998,0.34227,-0.657109,0.300976
630,0.76425,-0.936664,0.165804,0.333585,-0.627196,0.284187,0.774953,-0.939348,0.171099,0.367392,-0.637453,0.28694,0.776516,-0.935645,0.169696,0.371014,-0.653736,0.285241,0.779331,-0.937019,0.169322,0.34373,-0.647377,0.296786
631,0.777548,-0.933535,0.150254,0.369812,-0.643133,0.282191,0.788532,-0.927384,0.147947,0.359861,-0.643154,0.274314,0.784836,-0.922765,0.15709,0.357174,-0.655118,0.280546,0.782274,-0.929151,0.145635,0.362056,-0.623676,0.29112
632,0.792125,-0.922077,0.124469,0.359164,-0.620747,0.27241,0.794687,-0.930297,0.138252,0.378731,-0.649048,0.275613,0.788695,-0.916628,0.133563,0.365699,-0.648541,0.278553,0.794779,-0.919098,0.129287,0.37902,-0.641326,0.260339
633,0.803419,-0.919461,0.110271,0.371185,-0.645686,0.252254,0.797937,-0.923464,0.109293,0.418972,-0.641074,0.264882,0.799851,-0.912028,0.110878,0.386293,-0.63398,0.248433,0.801252,-0.924237,0.113476,0.392703,-0.653441,0.262304
634,0.81915,-0.913339,0.094044,0.382361,-0.65432,0.270896,0.823079,-0.908063,0.100225,0.386738,-0.638027,0.254273,0.819845,-0.913383,0.095355,0.394552,-0.648762,0.255281,0.814834,-0.91137,0.092888,0.420868,-0.634481,0.255079
635,0.826147,-0.900199,0.07658,0.407432,-0.642173,0.229825,0.829728,-0.902208,0.073502,0.402562,-0.642483,0.234043,0.83343,-0.901917,0.073838,0.397838,-0.650717,0.232645,0.825183,-0.907184,0.065674,0.40662,-0.647861,0.225514
636,0.848026,-0.89521,0.05119,0.422305,-0.648621,0.212802,0.841163,-0.891959,0.049835,0.403153,-0.625039,0.241309,0.839607,-0.88512,0.052335,0.405737,-0.638112,0.220627,0.839294,-0.888,0.052452,0.417436,-0.63588,0.193665
637,0.849702,-0.883737,0.035849,0.409708,-0.634044,0.192451,0.842517,-0.889352,0.028248,0.427437,-0.652084,0.202699,0.84843,-0.882375,0.037592,0.418395,-0.627274,0.213132,0.85191,-0.886416,0.034684,0.430096,-0.627181,0.217789
638,0.851537,-0.866653,0.018943,0.427201,-0.64523,0.18955,0.855706,-0.878576,0.016195,0.438792,-0.623705,0.199448,0.86648,-0.876675,0.018664,0.431505,-0.630015,0.212676,0.862653,-0.87754,0.020944,0.437458,-0.645033,0.195444
639,0.8673,-0.869281,-0.001834,0.443475,-0.618972,0.202374,0.864433,-0.865963,-0.004738,0.432017,-0.636344,0.186273,0.870995,-0.864534,-0.005636,0.427325,-0.630995,0.190023,0.863944,-0.859302,-0.00576,0.442616,-0.625964,0.18218
640,0.864014,-0.852117,-0.026806,0.435575,-0.616844,0.184234,0.879535,-0.854662,-0.023501,0.454433,-0.626848,0.181271,0.874204,-0.854126,-0.027963,0.457868,-0.629438,0.179013,0.878169,-0.859751,-0.02321,0.463283,-0.626475,0.177815
641,0.877251,-0.844989,-0.044838,0.462419,-0.614031,0.155709,0.881803,-0.84909,-0.043812,0.460791,-0.623909,0.170344,0.885431,-0.848971,-0.034749,0.468947,-0.616027,0.155488,0.89329,-0.838443,-0.033623,0.468401,-0.626534,0.170621
642,0.897513,-0.825676,-0.061421,0.466794,-0.617103,0.166656,0.899594,-0.832077,-0.063215,0.474062,-0.624164,0.147693,0.895351,-0.840062,-0.060959,0.453366,-0.633026,0.162288,0.889749,-0.836738,-0.052048,0.477952,-0.619198,0.148118
643,0.902173,-0.827181,-0.072871,0.486779,-0.621067,0.144227,0.899491,-0.828279,-0.074019,0.467873,-0.61589,0.129973,0.903696,-0.820025,-0.085504,0.486814,-0.590614,0.152917,0.903882,-0.827042,-0.077825,0.465589,-0.602275,0.14902
644,0.912097,-0.810109,-0.095626,0.482739,-0.603262,0.128078,0.900885,-0.816347,-0.092952,0.472497,-0.61645,0.118656,0.905844,-0.805356,-0.108917,0.48622,-0.612625,0.136406,0.910768,-0.814348,-0.098399,0.499998,-0.607693,0.11448
645,0.915469,-0.799804,-0.119675,0.471343,-0.599762,0.134543,0.920609,-0.795431,-0.11079,0.497326,-0.606766,0.126751,0.914792,-0.793546,-0.115994,0.494635,-0.630407,0.121252,0.912556,-0.799396,-0.113256,0.503377,-0.607405,0.10682
646,0.923526,-0.792548,-0.140893,0.491268,-0.600754,0.129391,0.918734,-0.783315,-0.136632,0.50043,-0.61121,0.128472,0.913131,-0.784856,-0.123779,0.488748,-0.595468,0.113851,0.915421,-0.784751,-0.129038,0.508429,-0.609416,0.109853
647,0.93937,-0.778718,-0.158289,0.507026,-0.591046,0.085375,0.933321,-0.786045,-0.153789,0.508882,-0.588984,0.093751,0.934169,-0.780129,-0.161167,0.509907,-0.606826,0.093057,0.93793,-0.785647,-0.15772,0.511184,-0.602825,0.102713
648,0.945703,-0.774255,-0.165372,0.507105,-0.608721,0.071774,0.939546,-0.769812,-0.177993,0.5091,-0.604979,0.089744,0.932583,-0.769191,-0.178283,0.497723,-0.59605,0.066217,0.934043,-0.767626,-0.175179,0.48649,-0.606653,0.10328
649,0.941542,-0.757291,-0.187895,0.516041,-0.57722,0.055389,0.941744,-0.753534,-0.185749,0.514975,-0.588613,0.081017,0.958705,-0.750841,-0.189234,0.529484,-0.60485,0.08351,0.948518,-0.751567,-0.193147,0.520332,-0.596179,0.075305
650,0.947216,-0.740052,-0.216166,0.523698,-0.569583,0.049305,0.958181,-0.740095,-0.219165,0.516616,-0.59815,0.064523,0.949088,-0.746073,-0.203075,0.52051,-0.607518,0.06844,0.949894,-0.747005,-0.203122,0.528637,-0.575341,0.075115
651,0.964834,-0.729903,-0.223589,0.526605,-0.579721,0.054192,0.955228,-0.725954,-0.233018,0.536435,-0.578287,0.052272,0.953143,-0.729413,-0.22513,0.525961,-0.568731,0.055593,0.9579,-0.720234,-0.220327,0.547097,-0.575073,0.037009
652,0.962185,-0.712925,-0.246109,0.546999,-0.600248,0.025896,0.969259,-0.725072,-0.23792,0.551649,-0.58237,0.028617,0.961098,-0.715219,-0.239531,0.552246,-0.585737,0.03795,0.965023,-0.722742,-0.239103,0.543895,-0.572185,0.027835
653,0.971725,-0.705447,-0.263647,0.539747,-0.562057,0.016453,0.973116,-0.712552,-0.260733,0.549483,-0.575249,0.003803,0.963127,-0.705901,-0.259976,0.553227,-0.570426,0.008716,0.960126,-0.702084,-0.27342,0.54092,-0.587544,0.015677
654,0.977742,-0.68652,-0.282227,0.553894,-0.543044,-0.003005,0.976968,-0.6913,-0.279228,0.556493,-0.562113,0.015668,0.9785,-0.688895,-0.282837,0.552033,-0.567415,0.021028,0.974434,-0.686672,-0.27534,0.547004,-0.579536,0.018103
655,0.981698,-0.68656,-0.304357,0.56678,-0.564405,0.01156,0.975136,-0.675644,-0.292996,0.536839,-0.570603,-0.005675,0.970641,-0.681114,-0.300775,0.559634,-0.560363,-0.011368,0.97372,-0.675296,-0.293243,0.57921,-0.548114,0.001346
656,0.980458,-0.661866,-0.30889,0.55956,-0.560803,-0.000973,0.981327,-0.661957,-0.320423,0.561969,-0.553568,-0.004453,0.979659,-0.663712,-0.313012,0.551752,-0.557515,-0.034739,0.979701,-0.660251,-0.318585,0.555983,-0.554911,-0.020008
657,0.984379,-0.639709,-0.33594,0.586852,-0.514446,-0.027301,0.970984,-0.639492,-0.328056,0.57265,-0.571438,-0.015926,0.985233,-0.6468,-0.342264,0.562669,-0.554277,-0.02371,0.976188,-0.64461,-0.348081,0.57828,-0.556436,-0.020691
658,0.989555,-0.63811,-0.343048,0.580501,-0.542929,-0.030198,0.979411,-0.623454,-0.346295,0.561568,-0.531337,-0.044838,0.990733,-0.623539,-0.343691,0.58606,-0.555492,-0.036856,0.982694,-0.637559,-0.348177,0.582218,-0.533862,-0.050949
659,1.004981,-0.616638,-0.362589,0.576097,-0.537335,-0.052701,0.986025,-0.618874,-0.361971,0.571477,-0.514622,-0.038617,0.991882,-0.621536,-0.364059,0.579004,-0.519035,-0.044472,0.991208,-0.610234,-0.366414,0.563442,-0.554531,-0.044983
660,0.990378,-0.60355,-0.384002,0.575622,-0.526468,-0.054169,0.995552,-0.602558,-0.3959,0.585045,-0.540891,-0.067469,0.989646,-0.594235,-0.384768,0.580409,-0.511517,-0.05894,0.995175,-0.606786,-0.38745,0.578394,-0.526895,-0.062009
661,0.990064,-0.586287,-0.412113,0.594871,-0.504488,-0.06271,1.002065,-0.591579,-0.401197,0.592939,-0.516471,-0.062334,0.991268,-0.588222,-0.39935,0.594113,-0.523883,-0.07865,0.99264,-0.584315,-0.409079,0.583427,-0.534008,-0.060852
662,0.993643,-0.579805,-0.427654,0.591384,-0.514993,-0.095738,0.999245,-0.575599,-0.420741,0.615617,-0.516746,-0.093208,0.993988,-0.570323,-0.421985,0.581775,-0.511286,-0.066526,0.999377,-0.571459,-0.413562,0.59408,-0.535484,-0.100477
663,0.991205,-0.562451,-0.445711,0.60156,-0.512064,-0.113572,1.000364,-0.564984,-0.440593,0.594423,-0.486773,-0.090164,0.996016,-0.553787,-0.434465,0.630919,-0.513378,-0.098268,0.993081,-0.556803,-0.43752,0.607042,-0.521179,-0.112968
664,0.991616,-0.545848,-0.458788,0.599877,-0.497634,-0.113401,1.003318,-0.545416,-0.457473,0.60968,-0.501442,-0.113794,1.003992,-0.538316,-0.454699,0.621109,-0.509042,-0.111128,0.995468,-0.535954,-0.452297,0.613204,-0.488632,-0.12946
665,0.994596,-0.526431,-0.461724,0.605493,-0.496498,-0.133616,0.990736,-0.530932,-0.469181,0.605528,-0.481489,-0.133722,1.001612,-0.531993,-0.468904,0.594906,-0.488765,-0.119873,1.003873,-0.532311,-0.473923,0.629389,-0.484034,-0.120152
666,1.003513,-0.515709,-0.493363,0.612168,-0.485404,-0.134393,0.993598,-0.515711,-0.478479,0.628093,-0.478021,-0.13506,1.003774,-0.515989,-0.492713,0.604315,-0.495004,-0.122925,1.002985,-0.513792,-0.492297,0.640051,-0.468871,-0.140614
